,pred_res_0,pred_res_1,pred_res_2,pred_res_3,pred_res_4,pred_res_5,pred_res_6,pred_res_7,pred_res_8,pred_res_9,pred_res_mean,std_dev
2022-11-13 06:00:00+00:00,-0.21072245,-0.2067962,-0.20400438,-0.20414498,-0.20937258,-0.20234597,-0.19866958,-0.20537439,-0.20209134,-0.2056627,-0.20491846,0.0035419036
2022-11-13 07:00:00+00:00,-0.21027511,-0.20754617,-0.20428252,-0.20415574,-0.2107813,-0.20134565,-0.19923976,-0.20568106,-0.20166764,-0.20605353,-0.20510285,0.0037722394
2022-11-13 08:00:00+00:00,-0.20969516,-0.20826611,-0.20490104,-0.20444015,-0.21266475,-0.2005392,-0.2008045,-0.20685059,-0.20181766,-0.20673284,-0.20567119,0.003962802
2022-11-13 09:00:00+00:00,-0.20831403,-0.20933864,-0.20598516,-0.20496199,-0.21503043,-0.20038259,-0.20348307,-0.2094065,-0.20291856,-0.2078107,-0.20676318,0.004157613
2022-11-13 10:00:00+00:00,-0.20424524,-0.20945561,-0.20483473,-0.20334879,-0.21561056,-0.1988188,-0.20411193,-0.21072301,-0.20251021,-0.2068438,-0.20605028,0.0047851247
2022-11-13 11:00:00+00:00,-0.19928351,-0.20883769,-0.20234436,-0.2009213,-0.215195,-0.1955109,-0.2030532,-0.21082857,-0.20103914,-0.20473957,-0.20417531,0.0058858884
2022-11-13 12:00:00+00:00,-0.19353014,-0.20821273,-0.19998556,-0.19933784,-0.21489346,-0.19205627,-0.2024306,-0.20934337,-0.199992,-0.20309198,-0.20228739,0.0070325416
2022-11-13 13:00:00+00:00,-0.18464214,-0.20754683,-0.19763997,-0.19780406,-0.21456107,-0.18885955,-0.20225444,-0.20682064,-0.19827414,-0.20145196,-0.19998547,0.0087941475
2022-11-13 14:00:00+00:00,-0.18109766,-0.20744425,-0.19640672,-0.19763234,-0.21529704,-0.18711835,-0.20372668,-0.20555055,-0.19773069,-0.20095277,-0.1992957,0.009871189
2022-11-13 15:00:00+00:00,-0.18046105,-0.20751289,-0.19574773,-0.19779131,-0.21645132,-0.186863,-0.20647866,-0.20550999,-0.19851282,-0.20098606,-0.19963148,0.010427311
2022-11-13 16:00:00+00:00,-0.18084532,-0.20787603,-0.19589537,-0.19834864,-0.21798217,-0.18750733,-0.2098682,-0.20630613,-0.19987553,-0.20146504,-0.20059697,0.010871371
2022-11-13 17:00:00+00:00,-0.18123016,-0.2078794,-0.19556993,-0.19824073,-0.21888483,-0.18807855,-0.21244419,-0.207367,-0.20089734,-0.20189601,-0.20124881,0.011224007
2022-11-13 18:00:00+00:00,-0.1821895,-0.20770988,-0.19557887,-0.19847345,-0.21968755,-0.18847886,-0.21481359,-0.20913056,-0.20193765,-0.20307437,-0.20210743,0.011501077
2022-11-13 19:00:00+00:00,-0.18282807,-0.20711222,-0.19506368,-0.19795641,-0.21946171,-0.18811697,-0.21547672,-0.21061644,-0.20180142,-0.20389053,-0.20223244,0.011617751
2022-11-13 20:00:00+00:00,-0.18308309,-0.20593342,-0.19394267,-0.19660202,-0.21785834,-0.18690869,-0.21437079,-0.21115637,-0.20066243,-0.20428103,-0.20147988,0.011488048
2022-11-13 21:00:00+00:00,-0.18245438,-0.20374626,-0.19175571,-0.19388461,-0.21437594,-0.18425298,-0.21088824,-0.20960939,-0.19767585,-0.20355889,-0.19922023,0.011079346
2022-11-13 22:00:00+00:00,-0.18275064,-0.20210478,-0.19144508,-0.19321722,-0.21221742,-0.18252352,-0.20901957,-0.2092734,-0.19538003,-0.20389828,-0.19818297,0.0107844025
2022-11-13 23:00:00+00:00,-0.1828962,-0.20105523,-0.19208762,-0.19305918,-0.21053779,-0.18225303,-0.20789519,-0.20960373,-0.19394836,-0.20441878,-0.19777551,0.0104969
2022-11-14 00:00:00+00:00,-0.18324062,-0.20008215,-0.19286168,-0.19263723,-0.20877945,-0.1821439,-0.2069194,-0.20969376,-0.19292188,-0.20469785,-0.1973978,0.0101558445
2022-11-14 01:00:00+00:00,-0.1836555,-0.19877249,-0.19322073,-0.1914382,-0.20620126,-0.18323669,-0.20558068,-0.20886436,-0.19123712,-0.20429009,-0.19664972,0.009428362
2022-11-14 02:00:00+00:00,-0.18341514,-0.19709605,-0.19269025,-0.18938506,-0.20264226,-0.18803343,-0.20272407,-0.20652828,-0.18896085,-0.20274356,-0.19542189,0.007955561
2022-11-14 03:00:00+00:00,-0.18318018,-0.19506359,-0.19145423,-0.1867648,-0.19820172,-0.19595715,-0.19887814,-0.20303872,-0.18620563,-0.20032284,-0.1939067,0.0067053186
2022-11-14 04:00:00+00:00,-0.18270159,-0.19254315,-0.18942744,-0.18342566,-0.193028,-0.20157158,-0.19437507,-0.19845876,-0.18297014,-0.19719988,-0.19157013,0.0067794677
2022-11-14 05:00:00+00:00,-0.18222728,-0.19013402,-0.18734342,-0.18029928,-0.18761757,-0.20468512,-0.19039285,-0.19389525,-0.17981932,-0.19407752,-0.18904915,0.007523903
2022-11-14 06:00:00+00:00,-0.18187645,-0.18776771,-0.185193,-0.17705178,-0.18316734,-0.2069895,-0.18688995,-0.18941751,-0.17702788,-0.19084558,-0.18662265,0.008576493
2022-11-14 07:00:00+00:00,-0.18116057,-0.18597889,-0.18379551,-0.17486283,-0.18109375,-0.21023226,-0.18491232,-0.18631265,-0.1751808,-0.18846649,-0.18519962,0.00989727
2022-11-14 08:00:00+00:00,-0.17887473,-0.18448022,-0.18254551,-0.17265248,-0.17926303,-0.21278867,-0.1830306,-0.18350014,-0.17313334,-0.18630633,-0.18365751,0.011215203
2022-11-14 09:00:00+00:00,-0.17735961,-0.1836977,-0.1819646,-0.1716449,-0.17807874,-0.2155275,-0.18172142,-0.18200713,-0.17212829,-0.18506548,-0.18291956,0.012335966
2022-11-14 10:00:00+00:00,-0.17535773,-0.18337956,-0.18168688,-0.17085564,-0.17715135,-0.21480376,-0.18140906,-0.18102229,-0.1718061,-0.1842229,-0.18216954,0.012381833
2022-11-14 11:00:00+00:00,-0.17285174,-0.18333888,-0.1812945,-0.17003927,-0.17638439,-0.21473756,-0.18091843,-0.17992213,-0.17168197,-0.1833821,-0.1814551,0.012663215
2022-11-14 12:00:00+00:00,-0.17113408,-0.18346405,-0.18087223,-0.16942292,-0.17586207,-0.21544608,-0.18016946,-0.17900497,-0.17164296,-0.1828168,-0.18098357,0.013106004
2022-11-14 13:00:00+00:00,-0.16887632,-0.18350619,-0.18050864,-0.16900966,-0.17556661,-0.2164157,-0.17945805,-0.17834145,-0.17172137,-0.18289256,-0.18062964,0.013657789
2022-11-14 14:00:00+00:00,-0.16826412,-0.18330735,-0.18009147,-0.16871771,-0.17535809,-0.21728238,-0.17856604,-0.17817321,-0.17173466,-0.1833153,-0.18048103,0.014023305
2022-11-14 15:00:00+00:00,-0.16846597,-0.18287188,-0.17957342,-0.16849172,-0.1752252,-0.21722293,-0.1775378,-0.17811391,-0.17166784,-0.18383288,-0.18030035,0.0140439095
2022-11-14 16:00:00+00:00,-0.16905826,-0.18193054,-0.17889443,-0.16811958,-0.17507109,-0.21469784,-0.17660207,-0.17827159,-0.17148632,-0.18454999,-0.17986818,0.013339973
2022-11-14 17:00:00+00:00,-0.1712668,-0.1807963,-0.17832753,-0.16797158,-0.17494321,-0.21201709,-0.17599195,-0.17860165,-0.17142761,-0.18546939,-0.1796813,0.012451919
2022-11-14 18:00:00+00:00,-0.17457572,-0.17906854,-0.17721385,-0.16691074,-0.17439485,-0.20820412,-0.17455998,-0.17838445,-0.17093772,-0.1860438,-0.17902938,0.011439246
2022-11-14 19:00:00+00:00,-0.17645246,-0.17683098,-0.17519829,-0.16481107,-0.1735372,-0.20317432,-0.1727468,-0.17693874,-0.1694754,-0.18599382,-0.17751591,0.01055236
2022-11-14 20:00:00+00:00,-0.17575702,-0.17462343,-0.1733019,-0.16305667,-0.1726664,-0.19790354,-0.17214504,-0.17520532,-0.16823325,-0.18624341,-0.1759136,0.009708583
2022-11-14 21:00:00+00:00,-0.17026266,-0.17280546,-0.17190948,-0.1614303,-0.17201248,-0.19363922,-0.17128286,-0.17295557,-0.16680783,-0.18629158,-0.17393976,0.009301486
2022-11-14 22:00:00+00:00,-0.16679552,-0.17118582,-0.17094383,-0.16007927,-0.17144772,-0.18905255,-0.17045641,-0.17134985,-0.16556132,-0.18591738,-0.17227897,0.008814385
2022-11-14 23:00:00+00:00,-0.16700941,-0.16975865,-0.17023987,-0.15922254,-0.17101651,-0.18428412,-0.16969386,-0.17070007,-0.16465592,-0.18548068,-0.17120616,0.008059009
2022-11-15 00:00:00+00:00,-0.16792229,-0.16860563,-0.16962528,-0.15842834,-0.17064312,-0.17932212,-0.16928896,-0.17063752,-0.16364855,-0.18456337,-0.1702685,0.0073048244
2022-11-15 01:00:00+00:00,-0.17075688,-0.1677016,-0.16902345,-0.15800682,-0.17049232,-0.175021,-0.16883829,-0.1711461,-0.16275498,-0.18385747,-0.1697599,0.006853261
2022-11-15 02:00:00+00:00,-0.17183086,-0.16705924,-0.16826311,-0.15768135,-0.17047566,-0.1715433,-0.16827908,-0.17132664,-0.16190574,-0.1830141,-0.16913791,0.00667955
2022-11-15 03:00:00+00:00,-0.17408061,-0.16710553,-0.16825366,-0.15852848,-0.17100066,-0.16958109,-0.16901869,-0.17279002,-0.16233733,-0.18243802,-0.1695134,0.0065034344
2022-11-15 04:00:00+00:00,-0.17564663,-0.16795963,-0.16918302,-0.16017574,-0.17201874,-0.16936684,-0.17026424,-0.17465192,-0.1635305,-0.18192542,-0.17047226,0.0061577153
2022-11-15 05:00:00+00:00,-0.1759913,-0.16927293,-0.1705721,-0.16243488,-0.17325345,-0.17007896,-0.17160663,-0.17731923,-0.16545892,-0.18188289,-0.17178714,0.0056824526
2022-11-15 06:00:00+00:00,-0.1766583,-0.17111358,-0.17266944,-0.16528606,-0.17488873,-0.17175272,-0.1739676,-0.18031293,-0.16782981,-0.18237633,-0.17368555,0.0052285604
2022-11-15 07:00:00+00:00,-0.17787549,-0.17337814,-0.1753372,-0.16870382,-0.17671302,-0.17375377,-0.17672873,-0.18328536,-0.17143023,-0.18348056,-0.17606862,0.0047142925
2022-11-15 08:00:00+00:00,-0.1794998,-0.17596099,-0.17830187,-0.17243794,-0.17870125,-0.17602581,-0.17947194,-0.18524715,-0.17504779,-0.1848132,-0.17855076,0.0040635704
2022-11-15 09:00:00+00:00,-0.18106934,-0.17840931,-0.18095735,-0.175895,-0.18049529,-0.17791274,-0.18170941,-0.18674538,-0.17884657,-0.1862706,-0.1808311,0.0034674508
2022-11-15 10:00:00+00:00,-0.18265057,-0.18029752,-0.1830571,-0.17876157,-0.18198779,-0.17920479,-0.18282473,-0.18803507,-0.18214518,-0.1876657,-0.182663,0.0031192533
2022-11-15 11:00:00+00:00,-0.18448576,-0.18190762,-0.18482909,-0.18138024,-0.18319571,-0.18024671,-0.18316582,-0.18926421,-0.18453506,-0.18900731,-0.18420175,0.0029862416
2022-11-15 12:00:00+00:00,-0.18684837,-0.1835495,-0.18684095,-0.18424356,-0.18436176,-0.18159509,-0.18369207,-0.19099924,-0.18678138,-0.19078496,-0.1859697,0.0030987498
2022-11-15 13:00:00+00:00,-0.18973914,-0.1853028,-0.18896455,-0.18712229,-0.1854856,-0.18358514,-0.18462825,-0.19311598,-0.1890043,-0.19284713,-0.1879795,0.0033309083
2022-11-15 14:00:00+00:00,-0.19316015,-0.18746239,-0.19100207,-0.19041589,-0.18744612,-0.1864793,-0.18640128,-0.19567648,-0.19164807,-0.19525674,-0.19049485,0.0034895819
2022-11-15 15:00:00+00:00,-0.19631574,-0.18939859,-0.19232535,-0.19262385,-0.18979505,-0.18977821,-0.18725923,-0.19758457,-0.19381535,-0.19717753,-0.19260733,0.0035864266
2022-11-15 16:00:00+00:00,-0.19915348,-0.19102868,-0.19335055,-0.19407606,-0.19122207,-0.1930427,-0.18708295,-0.1993038,-0.19510919,-0.19872358,-0.1942093,0.003993445
2022-11-15 17:00:00+00:00,-0.20149368,-0.19219744,-0.19395325,-0.19473565,-0.1916078,-0.19596237,-0.18566018,-0.20081565,-0.19559878,-0.19972154,-0.19517465,0.00479608
2022-11-15 18:00:00+00:00,-0.20369491,-0.19283447,-0.19427416,-0.1947335,-0.19123149,-0.19894665,-0.18387353,-0.20201334,-0.19499862,-0.20051664,-0.19571173,0.005859651
2022-11-15 19:00:00+00:00,-0.20607391,-0.19342223,-0.1945357,-0.19453159,-0.1908552,-0.2027309,-0.18268064,-0.20335147,-0.19414124,-0.20147589,-0.19637987,0.007052577
2022-11-15 20:00:00+00:00,-0.2083484,-0.19404054,-0.19445461,-0.19414347,-0.19039106,-0.20719862,-0.18236035,-0.20465058,-0.19307137,-0.20243531,-0.19710943,0.008283726
2022-11-15 21:00:00+00:00,-0.21028247,-0.19451323,-0.19413143,-0.1933069,-0.18980265,-0.21173826,-0.18223104,-0.20574757,-0.19194457,-0.20340264,-0.19771008,0.009601188
2022-11-15 22:00:00+00:00,-0.21249187,-0.19549295,-0.1945304,-0.1932354,-0.19006172,-0.21658441,-0.18361804,-0.20737737,-0.19180226,-0.20512629,-0.19903207,0.010712175
2022-11-15 23:00:00+00:00,-0.2144205,-0.1964114,-0.19462293,-0.19263473,-0.19014952,-0.22119692,-0.1844374,-0.20851937,-0.19184807,-0.20689562,-0.20011362,0.011920938
2022-11-16 00:00:00+00:00,-0.21595985,-0.19721255,-0.19442606,-0.1916433,-0.19015181,-0.225025,-0.18500513,-0.2089453,-0.19155869,-0.20852214,-0.20084497,0.01303088
2022-11-16 01:00:00+00:00,-0.21729085,-0.19760153,-0.19388682,-0.19037151,-0.18969268,-0.22815415,-0.18560478,-0.20886356,-0.19090754,-0.21012801,-0.20125015,0.014099282
2022-11-16 02:00:00+00:00,-0.21853307,-0.19781053,-0.19312254,-0.18880996,-0.19045734,-0.23055008,-0.1862483,-0.20837763,-0.1901342,-0.21177143,-0.20158151,0.014964171
2022-11-16 03:00:00+00:00,-0.21968183,-0.19784516,-0.19236878,-0.18752989,-0.19154534,-0.23184106,-0.18732944,-0.20671678,-0.1894559,-0.21331489,-0.20176291,0.015470887
2022-11-16 04:00:00+00:00,-0.21997923,-0.19872811,-0.19308591,-0.18821627,-0.19346952,-0.23293486,-0.19020918,-0.20603344,-0.19029802,-0.21551946,-0.2028474,0.015278773
2022-11-16 05:00:00+00:00,-0.21252382,-0.20005211,-0.19482073,-0.19005865,-0.19593358,-0.23395604,-0.1933733,-0.20689759,-0.19221044,-0.21800488,-0.20378312,0.014084175
2022-11-16 06:00:00+00:00,-0.2064662,-0.20168278,-0.19722077,-0.1927819,-0.1988585,-0.23489186,-0.19765681,-0.20876247,-0.1950258,-0.22066587,-0.20540127,0.013189078
2022-11-16 07:00:00+00:00,-0.20467788,-0.20316559,-0.19948018,-0.19533351,-0.20175698,-0.23539406,-0.20103121,-0.21092647,-0.19850445,-0.22343156,-0.20737019,0.0126416655
2022-11-16 08:00:00+00:00,-0.20414937,-0.20472032,-0.20186505,-0.19824463,-0.20597458,-0.23628363,-0.20409971,-0.21370855,-0.2025328,-0.22681728,-0.20983958,0.012294506
2022-11-16 09:00:00+00:00,-0.20342332,-0.20625448,-0.20408714,-0.2011176,-0.21006507,-0.23703757,-0.20712999,-0.21630773,-0.20643821,-0.23023537,-0.21220966,0.012126785
2022-11-16 10:00:00+00:00,-0.20331195,-0.20757037,-0.20558798,-0.2032021,-0.21311909,-0.23758805,-0.20928407,-0.21856838,-0.20964935,-0.23338681,-0.21412683,0.012192116
2022-11-16 11:00:00+00:00,-0.204281,-0.20897868,-0.2073034,-0.20550272,-0.21607113,-0.23833618,-0.21139547,-0.22083163,-0.21250945,-0.23655581,-0.21617655,0.012248933
2022-11-16 12:00:00+00:00,-0.20590603,-0.21051499,-0.20918486,-0.20796052,-0.21864247,-0.23750767,-0.21339554,-0.22332075,-0.21520174,-0.23971477,-0.21813492,0.011974234
2022-11-16 13:00:00+00:00,-0.2089124,-0.21216714,-0.2112185,-0.2102575,-0.220945,-0.23591173,-0.21492851,-0.22595799,-0.2174741,-0.2426553,-0.22004282,0.011504771
2022-11-16 14:00:00+00:00,-0.21340686,-0.21386752,-0.21326423,-0.21257713,-0.22300017,-0.23413989,-0.21556371,-0.22958991,-0.2192502,-0.2453942,-0.2220054,0.011092254
2022-11-16 15:00:00+00:00,-0.21897829,-0.21575394,-0.21510455,-0.21465564,-0.22463968,-0.23283413,-0.2158634,-0.23434803,-0.22034776,-0.24803326,-0.22405586,0.011066983
2022-11-16 16:00:00+00:00,-0.22372177,-0.21703088,-0.21542704,-0.2149547,-0.22465003,-0.23128825,-0.21437651,-0.2378344,-0.21994394,-0.24962917,-0.22488567,0.011580463
2022-11-16 17:00:00+00:00,-0.22781152,-0.2176911,-0.21471572,-0.21434924,-0.22333547,-0.22964147,-0.21180794,-0.23992711,-0.21834087,-0.25049663,-0.22481172,0.012453292
2022-11-16 18:00:00+00:00,-0.22969738,-0.2179429,-0.21323875,-0.21285778,-0.22083199,-0.22754568,-0.2091459,-0.24018869,-0.21605879,-0.25090396,-0.22384119,0.013337757
2022-11-16 19:00:00+00:00,-0.23039195,-0.21773127,-0.21147928,-0.21095532,-0.21765944,-0.22502369,-0.20762569,-0.23972642,-0.21338943,-0.25090006,-0.22248825,0.014051964
2022-11-16 20:00:00+00:00,-0.2308746,-0.21704778,-0.20927978,-0.20842677,-0.2155391,-0.22251481,-0.20659733,-0.23845899,-0.2104002,-0.25033727,-0.22094767,0.014628552
2022-11-16 21:00:00+00:00,-0.22944921,-0.21635872,-0.20729351,-0.20612144,-0.21457028,-0.22066435,-0.2066553,-0.2367605,-0.20785585,-0.24992871,-0.21956578,0.01485806
2022-11-16 22:00:00+00:00,-0.22929594,-0.21558994,-0.20540869,-0.2039578,-0.21385992,-0.21942127,-0.20687371,-0.235196,-0.20595711,-0.249004,-0.21845642,0.015025845
2022-11-16 23:00:00+00:00,-0.22983116,-0.21507534,-0.20390615,-0.20226869,-0.21350738,-0.21927428,-0.207692,-0.23409668,-0.20519418,-0.24852043,-0.21793664,0.015192293
2022-11-17 00:00:00+00:00,-0.23006666,-0.21442094,-0.20229676,-0.20056069,-0.21319461,-0.21983328,-0.20843431,-0.23249188,-0.20477635,-0.24823704,-0.21743126,0.015358725
2022-11-17 01:00:00+00:00,-0.22894773,-0.21325582,-0.20049158,-0.19811845,-0.21274671,-0.22055665,-0.20860144,-0.22909823,-0.20364016,-0.24746692,-0.21629238,0.015402607
2022-11-17 02:00:00+00:00,-0.22826615,-0.21231225,-0.19967064,-0.19680086,-0.21277738,-0.22195461,-0.21032059,-0.22582227,-0.20343745,-0.2473251,-0.21586871,0.015321718
2022-11-17 03:00:00+00:00,-0.22820184,-0.21169838,-0.19975975,-0.19643745,-0.2130934,-0.22416738,-0.21232,-0.22280249,-0.20336255,-0.24679801,-0.21586414,0.015117452
2022-11-17 04:00:00+00:00,-0.22309074,-0.21113876,-0.2004633,-0.19670233,-0.21357065,-0.22593436,-0.21500373,-0.2203652,-0.20381138,-0.24587423,-0.21559545,0.014343932
2022-11-17 05:00:00+00:00,-0.21838689,-0.21077043,-0.20146361,-0.19767562,-0.21423677,-0.22711483,-0.21783388,-0.21924898,-0.20506176,-0.24520937,-0.21570022,0.013713886
2022-11-17 06:00:00+00:00,-0.21553138,-0.21052206,-0.20280972,-0.19956908,-0.2151581,-0.22780707,-0.2206026,-0.21935225,-0.2072778,-0.24475113,-0.21633811,0.013116081
2022-11-17 07:00:00+00:00,-0.21390519,-0.21050179,-0.2046305,-0.20192993,-0.21618098,-0.2282826,-0.22342044,-0.21991575,-0.20962599,-0.24437708,-0.21727702,0.012528727
2022-11-17 08:00:00+00:00,-0.21278238,-0.21069887,-0.20644718,-0.20440379,-0.21709713,-0.22824323,-0.22542942,-0.22042668,-0.21215484,-0.24422517,-0.21819088,0.011959375
2022-11-17 09:00:00+00:00,-0.21169794,-0.21089882,-0.20817071,-0.20675722,-0.21786648,-0.22741199,-0.22715059,-0.2205115,-0.21445003,-0.24383235,-0.21887474,0.011372787
2022-11-17 10:00:00+00:00,-0.20960507,-0.21092144,-0.20924926,-0.20821881,-0.21813306,-0.22596923,-0.22743881,-0.22034687,-0.21606112,-0.24343798,-0.21893816,0.011020191
2022-11-17 11:00:00+00:00,-0.20739847,-0.21045291,-0.20959869,-0.20872417,-0.21771935,-0.22326848,-0.22597739,-0.21993864,-0.21625862,-0.24244106,-0.2181778,0.010652534
2022-11-17 12:00:00+00:00,-0.20589736,-0.21003833,-0.20991045,-0.20922345,-0.2172158,-0.21982321,-0.22405651,-0.21940205,-0.21550989,-0.24090084,-0.2171978,0.010105723
2022-11-17 13:00:00+00:00,-0.2064474,-0.21001935,-0.2105101,-0.20997086,-0.21660373,-0.21613714,-0.2225523,-0.21982816,-0.21494451,-0.23979184,-0.21668053,0.009510317
2022-11-17 14:00:00+00:00,-0.20727026,-0.20947388,-0.20995516,-0.20936307,-0.21543524,-0.21173814,-0.2194913,-0.22038716,-0.2129634,-0.23779118,-0.21538687,0.009003849
2022-11-17 15:00:00+00:00,-0.2091468,-0.20841247,-0.2085869,-0.20812407,-0.21376944,-0.20647708,-0.21522552,-0.2212989,-0.21101296,-0.23587394,-0.2137928,0.008925543
2022-11-17 16:00:00+00:00,-0.21138692,-0.20713842,-0.20645007,-0.20626071,-0.2119675,-0.20192096,-0.21094209,-0.22223496,-0.20850742,-0.2335284,-0.21203375,0.009254865
2022-11-17 17:00:00+00:00,-0.21275717,-0.20568132,-0.20393732,-0.2040413,-0.21045911,-0.198087,-0.20742169,-0.22276708,-0.20540431,-0.23088172,-0.2101438,0.0098163765
2022-11-17 18:00:00+00:00,-0.21376005,-0.20389783,-0.20095193,-0.20110947,-0.20888877,-0.19479653,-0.20405427,-0.22307947,-0.2021608,-0.22832489,-0.20810242,0.010605732
2022-11-17 19:00:00+00:00,-0.2143259,-0.20199788,-0.19814232,-0.1980071,-0.20752507,-0.19197837,-0.20178783,-0.222631,-0.19858491,-0.22568151,-0.20606618,0.011286834
2022-11-17 20:00:00+00:00,-0.21413735,-0.20000538,-0.1956777,-0.19490683,-0.20642993,-0.19001272,-0.20017272,-0.22134173,-0.195001,-0.22316316,-0.20408484,0.011717687
2022-11-17 21:00:00+00:00,-0.2142049,-0.19783014,-0.19332325,-0.19185778,-0.20543984,-0.18877709,-0.19876358,-0.21967989,-0.19157624,-0.2208476,-0.20223002,0.012099525
2022-11-17 22:00:00+00:00,-0.21406445,-0.19570756,-0.19104117,-0.18926555,-0.20477912,-0.18838349,-0.19794154,-0.21818277,-0.18869996,-0.21877292,-0.20068386,0.012381856
2022-11-17 23:00:00+00:00,-0.21364608,-0.19362134,-0.18911073,-0.18714973,-0.20435396,-0.18838617,-0.19737151,-0.21675512,-0.18682036,-0.21682563,-0.19940406,0.0124959685
2022-11-18 00:00:00+00:00,-0.21331182,-0.19186252,-0.1879037,-0.18559697,-0.20426598,-0.18908197,-0.19739628,-0.21392703,-0.18548727,-0.21514848,-0.19839819,0.012246417
2022-11-18 01:00:00+00:00,-0.21340972,-0.19049287,-0.18727446,-0.18475643,-0.20463964,-0.19093466,-0.19785017,-0.2108418,-0.18467718,-0.2138331,-0.19787101,0.011884641
2022-11-18 02:00:00+00:00,-0.21348643,-0.18952057,-0.187118,-0.18440029,-0.20521632,-0.19274217,-0.1985856,-0.20841366,-0.18449268,-0.2127102,-0.1976686,0.011553486
2022-11-18 03:00:00+00:00,-0.21231377,-0.18871859,-0.18743885,-0.18462297,-0.20576745,-0.19442394,-0.20002168,-0.20637473,-0.18459949,-0.21107578,-0.19753572,0.0109405
2022-11-18 04:00:00+00:00,-0.20871264,-0.18826014,-0.18812972,-0.18551582,-0.20631471,-0.19573402,-0.2016505,-0.20528015,-0.18539935,-0.20955452,-0.19745515,0.009959994
2022-11-18 05:00:00+00:00,-0.20370245,-0.18796164,-0.18896812,-0.18672764,-0.2067675,-0.19645315,-0.20333162,-0.20480159,-0.18661076,-0.2080994,-0.19734237,0.008964529
2022-11-18 06:00:00+00:00,-0.19971025,-0.18807104,-0.1903108,-0.18855613,-0.20736358,-0.19669884,-0.20501482,-0.20421296,-0.18795013,-0.20656031,-0.19744489,0.008152675
2022-11-18 07:00:00+00:00,-0.19715273,-0.18834797,-0.191594,-0.1901424,-0.20770162,-0.19623849,-0.206294,-0.20354205,-0.18949512,-0.20536235,-0.19758706,0.007588147
2022-11-18 08:00:00+00:00,-0.19596165,-0.18881354,-0.19281274,-0.19178176,-0.20792884,-0.19538334,-0.20716566,-0.2025539,-0.19079453,-0.2041496,-0.19773456,0.0070971665
2022-11-18 09:00:00+00:00,-0.19524702,-0.18936345,-0.19374633,-0.1931285,-0.20787048,-0.19384062,-0.20716184,-0.20167297,-0.19197941,-0.20315373,-0.19771644,0.006651278
2022-11-18 10:00:00+00:00,-0.1938115,-0.19016996,-0.19433475,-0.19413146,-0.2076065,-0.19246513,-0.20644113,-0.20054492,-0.19282839,-0.20196167,-0.19742955,0.006210097
2022-11-18 11:00:00+00:00,-0.19265747,-0.19075999,-0.19428664,-0.19433817,-0.20689845,-0.19108605,-0.20457318,-0.19932956,-0.19291362,-0.20051742,-0.19673607,0.005738283
2022-11-18 12:00:00+00:00,-0.19160363,-0.19091865,-0.19384775,-0.19421431,-0.20595309,-0.18975618,-0.2022002,-0.19913486,-0.19241509,-0.19917208,-0.19592158,0.005396916
2022-11-18 13:00:00+00:00,-0.19108894,-0.19087604,-0.19319874,-0.19397298,-0.20482734,-0.18836382,-0.19953758,-0.20111763,-0.19185242,-0.19777793,-0.19526133,0.005293333
2022-11-18 14:00:00+00:00,-0.19096452,-0.19071776,-0.19232643,-0.19355842,-0.20362589,-0.18763092,-0.1973381,-0.2033355,-0.19104052,-0.19622308,-0.19467612,0.0054122256
2022-11-18 15:00:00+00:00,-0.19042888,-0.19029275,-0.19092116,-0.19242144,-0.2020357,-0.18748999,-0.19489908,-0.2051368,-0.18973523,-0.19437748,-0.19377384,0.005657605
2022-11-18 16:00:00+00:00,-0.18960437,-0.18944597,-0.18897748,-0.19069308,-0.20011458,-0.18772444,-0.19205609,-0.20658726,-0.18759736,-0.19207013,-0.19248708,0.006119544
2022-11-18 17:00:00+00:00,-0.18886474,-0.18806303,-0.1863335,-0.1880722,-0.19780183,-0.18818706,-0.18845764,-0.2069307,-0.18475693,-0.18929851,-0.19067663,0.006656548
2022-11-18 18:00:00+00:00,-0.18818793,-0.18672529,-0.18437871,-0.186198,-0.19578674,-0.18937522,-0.18612298,-0.20667893,-0.18226033,-0.18694714,-0.18926613,0.007078863
2022-11-18 19:00:00+00:00,-0.18671456,-0.18445829,-0.18118435,-0.18268767,-0.19300312,-0.19030812,-0.18312317,-0.20431632,-0.17846799,-0.18344992,-0.18677136,0.0074959323
2022-11-18 20:00:00+00:00,-0.18537414,-0.18172342,-0.17786273,-0.17906752,-0.19022846,-0.19111866,-0.1800217,-0.20138374,-0.17459518,-0.18029508,-0.18416706,0.008017029
2022-11-18 21:00:00+00:00,-0.18421045,-0.17865026,-0.17449749,-0.17532215,-0.18738508,-0.19165993,-0.17761031,-0.19761744,-0.17053214,-0.17721152,-0.18146966,0.008525155
2022-11-18 22:00:00+00:00,-0.18329743,-0.17565751,-0.17150116,-0.17171782,-0.18468285,-0.19194752,-0.17638451,-0.19247913,-0.16675115,-0.17452738,-0.17889464,0.008802092
2022-11-18 23:00:00+00:00,-0.18243521,-0.17263085,-0.16868246,-0.16799203,-0.18199506,-0.1917822,-0.1749638,-0.18660498,-0.16308549,-0.1717205,-0.17618926,0.009151417
2022-11-19 00:00:00+00:00,-0.18153957,-0.16951773,-0.16591117,-0.16413024,-0.17919353,-0.1908325,-0.17337823,-0.18065694,-0.15969506,-0.16891566,-0.17337705,0.009553275
2022-11-19 01:00:00+00:00,-0.18029362,-0.16618964,-0.1629515,-0.15991539,-0.17627805,-0.18881974,-0.17140731,-0.17434725,-0.15611005,-0.16590664,-0.17022192,0.009975122
2022-11-19 02:00:00+00:00,-0.17690086,-0.162599,-0.15979362,-0.15531346,-0.17319357,-0.18586746,-0.17016682,-0.167674,-0.15220353,-0.16293725,-0.16666497,0.010247203
2022-11-19 03:00:00+00:00,-0.17209649,-0.15917268,-0.157027,-0.15134883,-0.17044875,-0.18258321,-0.16892368,-0.1617603,-0.1486004,-0.16054481,-0.16325061,0.010312787
2022-11-19 04:00:00+00:00,-0.16637668,-0.15610006,-0.15463316,-0.14779487,-0.16789761,-0.179528,-0.16762844,-0.15659982,-0.14554521,-0.15896848,-0.16010723,0.010311799
2022-11-19 05:00:00+00:00,-0.16028377,-0.15346596,-0.15290093,-0.14480332,-0.16576287,-0.17676622,-0.16632083,-0.15232417,-0.14276677,-0.15735728,-0.15727523,0.010365657
2022-11-19 06:00:00+00:00,-0.15399742,-0.15017772,-0.15041092,-0.14059678,-0.16318461,-0.17414272,-0.16497809,-0.1473577,-0.13954371,-0.15497094,-0.15393606,0.010912524
2022-11-19 07:00:00+00:00,-0.14879346,-0.14778513,-0.14894047,-0.13788211,-0.16139671,-0.17147756,-0.16354185,-0.14394066,-0.13677362,-0.15374741,-0.1514279,0.011225894
2022-11-19 08:00:00+00:00,-0.14340779,-0.14585948,-0.14778602,-0.13528293,-0.15977544,-0.16860321,-0.1621756,-0.14110339,-0.13434094,-0.15161711,-0.14899519,0.011493249
2022-11-19 09:00:00+00:00,-0.13937223,-0.14436495,-0.14726326,-0.1333271,-0.15865946,-0.16594422,-0.16072664,-0.13914633,-0.13248155,-0.14844686,-0.14697325,0.011594744
2022-11-19 10:00:00+00:00,-0.13618314,-0.14300236,-0.14619735,-0.13148764,-0.1577403,-0.16286725,-0.15892431,-0.13766775,-0.13104305,-0.14549494,-0.14506081,0.011498559
2022-11-19 11:00:00+00:00,-0.13390568,-0.14224026,-0.14601451,-0.1306453,-0.15622869,-0.15965584,-0.15732095,-0.13751307,-0.13075647,-0.14400962,-0.14382903,0.010937556
2022-11-19 12:00:00+00:00,-0.13338518,-0.14185473,-0.14632475,-0.13026008,-0.15542024,-0.15729272,-0.15470654,-0.1379649,-0.13110033,-0.1435169,-0.14318264,0.010163067
2022-11-19 13:00:00+00:00,-0.13346076,-0.14182502,-0.14687562,-0.13018242,-0.15511274,-0.15538812,-0.15226519,-0.13882565,-0.13191986,-0.14400339,-0.14298588,0.0094217
2022-11-19 14:00:00+00:00,-0.13426617,-0.14198849,-0.14756155,-0.13040757,-0.15506822,-0.15368858,-0.15049693,-0.14001366,-0.13319844,-0.14533097,-0.14320207,0.008710055
2022-11-19 15:00:00+00:00,-0.13637662,-0.14215145,-0.1480884,-0.13062826,-0.15515569,-0.15180728,-0.14901388,-0.14092582,-0.1343579,-0.14706647,-0.14355718,0.008010108
2022-11-19 16:00:00+00:00,-0.14085466,-0.14262062,-0.14861968,-0.13128832,-0.15566176,-0.15003449,-0.14826164,-0.14191994,-0.13568726,-0.14898014,-0.14439285,0.007318046
2022-11-19 17:00:00+00:00,-0.14378649,-0.14293021,-0.14864483,-0.13165322,-0.15554395,-0.14860967,-0.14720476,-0.14233878,-0.1366486,-0.1506876,-0.1448048,0.0069525335
2022-11-19 18:00:00+00:00,-0.14878717,-0.14319086,-0.14842942,-0.13208497,-0.15554029,-0.14802018,-0.14612919,-0.14303607,-0.1377852,-0.15225819,-0.14552614,0.0068596425
2022-11-19 19:00:00+00:00,-0.15036246,-0.14314124,-0.14778674,-0.13244471,-0.15533608,-0.14759886,-0.14510116,-0.14253932,-0.13853249,-0.15329093,-0.14561339,0.006864333
2022-11-19 20:00:00+00:00,-0.1515351,-0.14312485,-0.14683715,-0.13299742,-0.15549591,-0.14704907,-0.14447531,-0.14201519,-0.13906759,-0.15410146,-0.1456699,0.006918174
2022-11-19 21:00:00+00:00,-0.15194052,-0.1433391,-0.14611411,-0.13370791,-0.15588939,-0.14678353,-0.14367208,-0.14168087,-0.13970926,-0.15513375,-0.14579704,0.0069805584
2022-11-19 22:00:00+00:00,-0.15091458,-0.14362764,-0.14562172,-0.1344988,-0.15663055,-0.14652327,-0.14332321,-0.14119986,-0.14023131,-0.15599209,-0.14585629,0.0069809565
2022-11-19 23:00:00+00:00,-0.1494691,-0.14375749,-0.14504644,-0.13496703,-0.15717736,-0.14610252,-0.14289793,-0.14011821,-0.14042005,-0.15648508,-0.14564413,0.0070605925
2022-11-20 00:00:00+00:00,-0.14833036,-0.14402595,-0.14473909,-0.13576168,-0.15803665,-0.14581123,-0.14300585,-0.13929865,-0.14053088,-0.1571275,-0.14566678,0.007204569
2022-11-20 01:00:00+00:00,-0.14706928,-0.1440382,-0.14414904,-0.13596097,-0.15848345,-0.14510542,-0.14291519,-0.13842002,-0.14015582,-0.15718693,-0.14534843,0.007362559
2022-11-20 02:00:00+00:00,-0.1459131,-0.14371482,-0.14379567,-0.13629895,-0.15884674,-0.14452943,-0.14252925,-0.13788855,-0.13992447,-0.15741992,-0.1450861,0.0075145504
2022-11-20 03:00:00+00:00,-0.14474013,-0.14316374,-0.14362973,-0.13656402,-0.15949619,-0.1441538,-0.14232093,-0.1374475,-0.13978487,-0.15747604,-0.1448777,0.007704655
2022-11-20 04:00:00+00:00,-0.1433672,-0.14236069,-0.14321929,-0.13633293,-0.15975231,-0.14361116,-0.1418826,-0.13679117,-0.13995981,-0.15707812,-0.14443554,0.007836395
2022-11-20 05:00:00+00:00,-0.14236093,-0.14187646,-0.14315388,-0.13634562,-0.16059193,-0.14366436,-0.14211783,-0.1365344,-0.14037487,-0.15692121,-0.14439416,0.008025859
2022-11-20 06:00:00+00:00,-0.14194939,-0.14183623,-0.14349622,-0.13683501,-0.16183898,-0.14431071,-0.1427362,-0.13674551,-0.14126354,-0.15745509,-0.1448467,0.0082622785
2022-11-20 07:00:00+00:00,-0.1418297,-0.1422224,-0.14425379,-0.13784105,-0.16362134,-0.14543787,-0.1434671,-0.13766095,-0.14311671,-0.15877101,-0.1458222,0.008558025
2022-11-20 08:00:00+00:00,-0.14171624,-0.1427781,-0.14486876,-0.1386495,-0.16549563,-0.14661303,-0.14429262,-0.13864565,-0.14496115,-0.16015744,-0.1468178,0.0089214
2022-11-20 09:00:00+00:00,-0.14169723,-0.14318478,-0.1455307,-0.13920948,-0.16676533,-0.1473903,-0.14526626,-0.13908684,-0.14592767,-0.16101122,-0.14750698,0.009170392
2022-11-20 10:00:00+00:00,-0.1419222,-0.14362895,-0.14603132,-0.13972658,-0.1675854,-0.14797413,-0.14637908,-0.13943678,-0.1463452,-0.16184446,-0.14808741,0.009322891
2022-11-20 11:00:00+00:00,-0.14232334,-0.14411637,-0.14650124,-0.14039275,-0.16815141,-0.14752898,-0.14754769,-0.14002177,-0.14664069,-0.16273385,-0.14859581,0.009386548
2022-11-20 12:00:00+00:00,-0.14260545,-0.1442866,-0.14651617,-0.14080322,-0.1686644,-0.14601791,-0.14810541,-0.14069182,-0.14675122,-0.1634202,-0.14878623,0.009512639
2022-11-20 13:00:00+00:00,-0.14324537,-0.14470565,-0.1469067,-0.1416623,-0.16924724,-0.14519885,-0.14877665,-0.14204088,-0.14743799,-0.16462308,-0.14938445,0.0095899375
2022-11-20 14:00:00+00:00,-0.1441288,-0.14527401,-0.14731541,-0.14267626,-0.16994631,-0.14470583,-0.14956862,-0.14401844,-0.14817876,-0.16605052,-0.15018629,0.009661424
2022-11-20 15:00:00+00:00,-0.14505824,-0.1458084,-0.14745879,-0.14342624,-0.17070603,-0.14364389,-0.15030766,-0.14618257,-0.14883623,-0.1673088,-0.15087369,0.009825058
2022-11-20 16:00:00+00:00,-0.14593151,-0.14614129,-0.14743173,-0.14404535,-0.17148852,-0.14216316,-0.15098947,-0.14844769,-0.14938956,-0.16849312,-0.15145215,0.010117853
2022-11-20 17:00:00+00:00,-0.14691928,-0.14654058,-0.14769849,-0.14498267,-0.17239115,-0.14124241,-0.15174696,-0.1509153,-0.15035728,-0.16992253,-0.15227166,0.010431297
2022-11-20 18:00:00+00:00,-0.14771879,-0.1469109,-0.14801839,-0.14591748,-0.17320174,-0.14051011,-0.15247145,-0.15311617,-0.15116599,-0.17124134,-0.15302722,0.010752003
2022-11-20 19:00:00+00:00,-0.14850977,-0.14723855,-0.1483289,-0.14681861,-0.17386305,-0.1399341,-0.15323168,-0.15504512,-0.15160128,-0.1724675,-0.15370387,0.011053367
2022-11-20 20:00:00+00:00,-0.14920953,-0.14756909,-0.14874175,-0.1477679,-0.17429215,-0.13962293,-0.1541374,-0.15667433,-0.15221083,-0.17377624,-0.15440023,0.011299631
2022-11-20 21:00:00+00:00,-0.14962342,-0.14768752,-0.14905533,-0.14869723,-0.17471,-0.13914889,-0.15497285,-0.15799612,-0.15297243,-0.17510906,-0.15499729,0.011617269
2022-11-20 22:00:00+00:00,-0.14978158,-0.14787182,-0.14954972,-0.14981416,-0.17525902,-0.13905028,-0.15593502,-0.15906599,-0.15394497,-0.17655766,-0.15568301,0.0119166095
2022-11-20 23:00:00+00:00,-0.14931619,-0.14766228,-0.14962724,-0.1501581,-0.17566645,-0.13800332,-0.15658695,-0.15940598,-0.15416196,-0.17712301,-0.15577117,0.012295265
2022-11-21 00:00:00+00:00,-0.14858872,-0.14720935,-0.1493926,-0.15028661,-0.17589912,-0.13647476,-0.15686986,-0.15913668,-0.15391746,-0.17716306,-0.15549381,0.012675254
2022-11-21 01:00:00+00:00,-0.14760435,-0.14667007,-0.14916092,-0.15019748,-0.17591068,-0.1348907,-0.15666956,-0.15840966,-0.15353763,-0.17674208,-0.15497932,0.012962117
2022-11-21 02:00:00+00:00,-0.14637691,-0.14612132,-0.14891681,-0.15018001,-0.17580011,-0.1334098,-0.15635505,-0.15744287,-0.15313193,-0.17609352,-0.15438285,0.0131851295
2022-11-21 03:00:00+00:00,-0.14488953,-0.1456379,-0.14871854,-0.15023574,-0.17563236,-0.13229367,-0.1559579,-0.15635118,-0.15285146,-0.17549923,-0.15380676,0.013360957
2022-11-21 04:00:00+00:00,-0.14352462,-0.1454835,-0.14896855,-0.15052304,-0.1754629,-0.13233119,-0.15602845,-0.15522802,-0.15276325,-0.17511272,-0.15354261,0.013336126
2022-11-21 05:00:00+00:00,-0.14209026,-0.14536813,-0.14919597,-0.15051052,-0.17528474,-0.13239944,-0.1561841,-0.15391174,-0.1524466,-0.17462102,-0.15320125,0.013321946
2022-11-21 06:00:00+00:00,-0.14079928,-0.14544415,-0.1495733,-0.15066054,-0.17514375,-0.13296178,-0.15649271,-0.15263638,-0.15235463,-0.17430845,-0.15303749,0.01325738
2022-11-21 07:00:00+00:00,-0.13955551,-0.14556402,-0.1499294,-0.15073371,-0.17512959,-0.13358566,-0.15696791,-0.15129063,-0.15265164,-0.17401138,-0.15294194,0.013239168
2022-11-21 08:00:00+00:00,-0.13849771,-0.14573392,-0.15028319,-0.15082285,-0.17506668,-0.13425937,-0.15755895,-0.1500749,-0.15296417,-0.17366305,-0.15289246,0.013205935
2022-11-21 09:00:00+00:00,-0.13769594,-0.14594889,-0.15060687,-0.15079623,-0.17504784,-0.13482434,-0.15816146,-0.14883885,-0.15332812,-0.17284894,-0.15280977,0.013117674
2022-11-21 10:00:00+00:00,-0.13701701,-0.14595121,-0.15056992,-0.15028971,-0.17480686,-0.1346592,-0.15852308,-0.14725524,-0.15290448,-0.17131445,-0.15232912,0.013016018
2022-11-21 11:00:00+00:00,-0.13695389,-0.14622179,-0.15095949,-0.15023449,-0.17458266,-0.13532996,-0.15912837,-0.1461479,-0.15292934,-0.17027491,-0.15227628,0.012784421
2022-11-21 12:00:00+00:00,-0.1372627,-0.14672494,-0.15154496,-0.15036166,-0.17436945,-0.13644782,-0.159893,-0.1453425,-0.15318969,-0.16946238,-0.1524599,0.012476757
2022-11-21 13:00:00+00:00,-0.13777739,-0.14724839,-0.15208894,-0.15033925,-0.17416215,-0.13761383,-0.16065925,-0.14522848,-0.15342417,-0.16879949,-0.15273413,0.0121355625
2022-11-21 14:00:00+00:00,-0.13835958,-0.14749464,-0.15226921,-0.15006676,-0.17399853,-0.1382258,-0.1609619,-0.14539552,-0.15350354,-0.16812685,-0.15284023,0.0118464455
2022-11-21 15:00:00+00:00,-0.13928515,-0.14773685,-0.15262091,-0.14980417,-0.17374551,-0.13914096,-0.16146481,-0.14608696,-0.15348318,-0.16751942,-0.1530888,0.011445599
2022-11-21 16:00:00+00:00,-0.14029065,-0.14782667,-0.15263724,-0.14935565,-0.17339864,-0.13983652,-0.16144231,-0.14701861,-0.15331164,-0.16689387,-0.15320118,0.011009427
2022-11-21 17:00:00+00:00,-0.14120686,-0.14770612,-0.1523307,-0.1488604,-0.17294979,-0.13999945,-0.1612924,-0.14792842,-0.15295121,-0.16638651,-0.15316118,0.01067251
2022-11-21 18:00:00+00:00,-0.14196575,-0.14741322,-0.15190333,-0.14828515,-0.17254737,-0.14006403,-0.16090107,-0.14860916,-0.15228197,-0.16586143,-0.15298323,0.010400181
2022-11-21 19:00:00+00:00,-0.14275384,-0.1470398,-0.15161279,-0.14784202,-0.17216969,-0.14042753,-0.16041738,-0.1492553,-0.15152639,-0.16550374,-0.15285484,0.0101210745
2022-11-21 20:00:00+00:00,-0.14338621,-0.14669308,-0.15144601,-0.14754534,-0.17207035,-0.14098063,-0.1596179,-0.1498,-0.15135044,-0.1653828,-0.1528273,0.009901218
2022-11-21 21:00:00+00:00,-0.14414069,-0.14666826,-0.1519619,-0.14765343,-0.17204723,-0.14210644,-0.15949401,-0.15045348,-0.1517345,-0.16538596,-0.1531646,0.009621203
2022-11-21 22:00:00+00:00,-0.14491457,-0.14676625,-0.15245992,-0.14783302,-0.17199022,-0.14317665,-0.15969121,-0.15083355,-0.15217295,-0.16570702,-0.15355453,0.009409765
2022-11-21 23:00:00+00:00,-0.14579582,-0.14698601,-0.15303716,-0.14808795,-0.17194036,-0.14409539,-0.16001931,-0.15129009,-0.1527741,-0.16642079,-0.1540447,0.009259687
2022-11-22 00:00:00+00:00,-0.14675766,-0.1474052,-0.15369818,-0.14854679,-0.17201757,-0.14488456,-0.16038203,-0.15187383,-0.15335202,-0.16756663,-0.15464845,0.00918341
2022-11-22 01:00:00+00:00,-0.14775622,-0.14805135,-0.15456283,-0.14921954,-0.17217994,-0.14556983,-0.16102836,-0.152571,-0.15382615,-0.16901904,-0.15537842,0.00917218
2022-11-22 02:00:00+00:00,-0.14884704,-0.1487926,-0.15552106,-0.15016577,-0.17240223,-0.14600348,-0.16189593,-0.1532811,-0.15425569,-0.17076963,-0.15619346,0.009245465
2022-11-22 03:00:00+00:00,-0.14965528,-0.14965874,-0.15637577,-0.1511651,-0.1727381,-0.14609283,-0.1626536,-0.1540063,-0.15485889,-0.17215365,-0.15693584,0.0093335165
2022-11-22 04:00:00+00:00,-0.1503512,-0.15064225,-0.15728673,-0.15238804,-0.17325956,-0.14611018,-0.16280574,-0.1547103,-0.15567586,-0.17355648,-0.15767863,0.009423113
2022-11-22 05:00:00+00:00,-0.15110525,-0.15181503,-0.1583978,-0.1538252,-0.17397279,-0.14620295,-0.16296765,-0.15538317,-0.15643519,-0.17485714,-0.15849623,0.009506453
2022-11-22 06:00:00+00:00,-0.1518425,-0.15310892,-0.15959263,-0.15531364,-0.17486992,-0.14620078,-0.16315219,-0.1559101,-0.1575048,-0.17629603,-0.15937915,0.009674069
2022-11-22 07:00:00+00:00,-0.15276709,-0.15458351,-0.16092414,-0.15697145,-0.17600018,-0.14627299,-0.16402698,-0.15648732,-0.15867451,-0.1776923,-0.16044004,0.009874261
2022-11-22 08:00:00+00:00,-0.1538918,-0.15622437,-0.16225669,-0.158777,-0.17715663,-0.14632064,-0.1647484,-0.15708798,-0.15998667,-0.17911547,-0.16155657,0.010065499
2022-11-22 09:00:00+00:00,-0.15491313,-0.15775487,-0.16322824,-0.16026026,-0.17844734,-0.14615712,-0.16522416,-0.15846464,-0.16128662,-0.17968175,-0.16254182,0.0101511
2022-11-22 10:00:00+00:00,-0.15612838,-0.15930378,-0.16433701,-0.1619102,-0.18000588,-0.14629999,-0.16612908,-0.16048229,-0.16268426,-0.18013,-0.16374108,0.010198701
2022-11-22 11:00:00+00:00,-0.15745401,-0.16099116,-0.16505775,-0.16378531,-0.1808652,-0.14691049,-0.16712251,-0.1626305,-0.16426107,-0.18034759,-0.16494256,0.00999782
2022-11-22 12:00:00+00:00,-0.1588254,-0.16273287,-0.16555017,-0.16560754,-0.18060654,-0.14783087,-0.1679754,-0.16494721,-0.16600782,-0.18043587,-0.16605195,0.009541439
2022-11-22 13:00:00+00:00,-0.16034126,-0.16461739,-0.16629049,-0.16755027,-0.18022355,-0.1491254,-0.16885146,-0.16739216,-0.1678957,-0.1804932,-0.16727808,0.009011492
2022-11-22 14:00:00+00:00,-0.16219622,-0.1667709,-0.16729647,-0.16961938,-0.17985362,-0.15104946,-0.16990367,-0.169949,-0.17015678,-0.1807633,-0.16875586,0.008402403
2022-11-22 15:00:00+00:00,-0.16424853,-0.16903651,-0.1684426,-0.17155889,-0.17942283,-0.15308177,-0.17117432,-0.17274952,-0.17252174,-0.18118566,-0.17034224,0.007839538
2022-11-22 16:00:00+00:00,-0.16660708,-0.1714985,-0.16996565,-0.1736939,-0.17895213,-0.15533012,-0.17246231,-0.17586496,-0.1748307,-0.1817011,-0.17209065,0.0073010917
2022-11-22 17:00:00+00:00,-0.16941142,-0.17414743,-0.17198142,-0.1758692,-0.1785895,-0.15782985,-0.1738835,-0.179254,-0.17710608,-0.18225637,-0.1740329,0.006803636
2022-11-22 18:00:00+00:00,-0.17235026,-0.17683005,-0.17403015,-0.1777552,-0.17818028,-0.16023782,-0.17500001,-0.18247607,-0.17915392,-0.18285456,-0.17588684,0.006445621
2022-11-22 19:00:00+00:00,-0.17495927,-0.17889732,-0.17573133,-0.17876947,-0.17748705,-0.16287166,-0.17512444,-0.18457401,-0.18032083,-0.18311998,-0.17718554,0.00597563
2022-11-22 20:00:00+00:00,-0.17710921,-0.18027538,-0.17680839,-0.17896184,-0.17656764,-0.16549349,-0.17443216,-0.18596298,-0.18069956,-0.18310577,-0.17794164,0.0055401693
2022-11-22 21:00:00+00:00,-0.17930633,-0.18129754,-0.17770308,-0.17896017,-0.17580667,-0.16844133,-0.17371547,-0.18705395,-0.18045276,-0.1829642,-0.17857014,0.0051371106
2022-11-22 22:00:00+00:00,-0.18175027,-0.18222511,-0.17877215,-0.17909986,-0.1753946,-0.17203811,-0.17388427,-0.18851644,-0.18026981,-0.18318689,-0.17951374,0.00486176
2022-11-22 23:00:00+00:00,-0.18430683,-0.18329662,-0.17996597,-0.1794048,-0.17531914,-0.17608315,-0.1746988,-0.19048193,-0.18048844,-0.18394008,-0.18079858,0.004880612
2022-11-23 00:00:00+00:00,-0.18622735,-0.18399051,-0.18107957,-0.17923996,-0.17533106,-0.17995483,-0.17484114,-0.19199473,-0.1799435,-0.1843453,-0.18169479,0.0051520998
2022-11-23 01:00:00+00:00,-0.18759349,-0.18437311,-0.18175566,-0.17861187,-0.17537177,-0.18338421,-0.17483154,-0.19317725,-0.17905307,-0.18466797,-0.18228199,0.0056335554
2022-11-23 02:00:00+00:00,-0.18856716,-0.18412763,-0.1814039,-0.17786768,-0.17574155,-0.186306,-0.1748352,-0.19402051,-0.17760569,-0.18475312,-0.18252285,0.006171426
2022-11-23 03:00:00+00:00,-0.1889405,-0.18337956,-0.18035808,-0.17710358,-0.17636216,-0.18858662,-0.17489392,-0.19479498,-0.17602026,-0.1846728,-0.18251126,0.0067198607
2022-11-23 04:00:00+00:00,-0.18885124,-0.18220204,-0.17894179,-0.17616206,-0.17710778,-0.19014952,-0.17471519,-0.19546968,-0.17445448,-0.18483162,-0.18228853,0.007298279
2022-11-23 05:00:00+00:00,-0.188772,-0.18079567,-0.17748243,-0.17536637,-0.17813534,-0.19100556,-0.1748752,-0.19607884,-0.17329088,-0.18525025,-0.18210524,0.007767726
2022-11-23 06:00:00+00:00,-0.18842724,-0.17930889,-0.17599916,-0.17465627,-0.1793117,-0.19122204,-0.17497104,-0.1965735,-0.17222548,-0.18592936,-0.18186244,0.008187727
2022-11-23 07:00:00+00:00,-0.18898287,-0.17859462,-0.17564398,-0.17532581,-0.18122345,-0.1917294,-0.17662597,-0.19808796,-0.17242098,-0.18760177,-0.18262368,0.008482109
2022-11-23 08:00:00+00:00,-0.18969849,-0.1781781,-0.17572087,-0.17619699,-0.18336824,-0.19225112,-0.1778864,-0.19990763,-0.17317578,-0.18935707,-0.18357407,0.008811324
2022-11-23 09:00:00+00:00,-0.19040102,-0.17777911,-0.17585453,-0.17685997,-0.18545696,-0.19261369,-0.17875421,-0.20139882,-0.17397141,-0.19103852,-0.18441282,0.009140665
2022-11-23 10:00:00+00:00,-0.1911366,-0.1772019,-0.17573693,-0.17706999,-0.18720064,-0.19219866,-0.17905417,-0.20237505,-0.17463738,-0.19271249,-0.18493238,0.009474453
2022-11-23 11:00:00+00:00,-0.19144046,-0.1764276,-0.17551023,-0.17702022,-0.18860796,-0.19098645,-0.179129,-0.20258155,-0.17486626,-0.19396177,-0.18505314,0.009684527
2022-11-23 12:00:00+00:00,-0.19248,-0.17608985,-0.17605007,-0.17774153,-0.1901542,-0.18979827,-0.18023172,-0.2029565,-0.17564014,-0.19557437,-0.18567166,0.009762755
2022-11-23 13:00:00+00:00,-0.19396225,-0.17619976,-0.17725426,-0.17875803,-0.19165021,-0.18874699,-0.18152332,-0.20343411,-0.17688191,-0.1972613,-0.18656722,0.0097671505
2022-11-23 14:00:00+00:00,-0.19595003,-0.1765534,-0.17880902,-0.17983231,-0.19288188,-0.18776062,-0.18313846,-0.20428947,-0.17837638,-0.19900686,-0.18765983,0.0098369615
2022-11-23 15:00:00+00:00,-0.19768223,-0.17714816,-0.18063909,-0.18081892,-0.19372189,-0.18692371,-0.1844086,-0.20526966,-0.18002385,-0.20072985,-0.1887366,0.00990252
2022-11-23 16:00:00+00:00,-0.1985389,-0.17790869,-0.18270007,-0.18192965,-0.19424441,-0.18624109,-0.18531188,-0.20639184,-0.18169764,-0.20220757,-0.18971716,0.009874217
2022-11-23 17:00:00+00:00,-0.19835854,-0.17859066,-0.18441734,-0.18264556,-0.19415236,-0.18556833,-0.18558022,-0.20737797,-0.18298948,-0.20323482,-0.19029152,0.009815861
2022-11-23 18:00:00+00:00,-0.19852796,-0.1790888,-0.18554068,-0.18289119,-0.19348541,-0.18484384,-0.18490657,-0.20782956,-0.18338779,-0.20342371,-0.19039257,0.009815792
2022-11-23 19:00:00+00:00,-0.19891202,-0.1790072,-0.18561321,-0.18205753,-0.19206241,-0.18391937,-0.18314275,-0.20683044,-0.18262857,-0.20255062,-0.18967243,0.009802996
2022-11-23 20:00:00+00:00,-0.19894665,-0.17905197,-0.18579367,-0.1813704,-0.19076148,-0.1834757,-0.1817697,-0.20556048,-0.18146738,-0.2014175,-0.1889615,0.009646287
2022-11-23 21:00:00+00:00,-0.19830853,-0.1794923,-0.18606457,-0.18109265,-0.18948492,-0.18346006,-0.18135062,-0.20455,-0.18055114,-0.20053017,-0.1884885,0.009316303
2022-11-23 22:00:00+00:00,-0.1976864,-0.1803261,-0.18664572,-0.18125859,-0.18845505,-0.18384627,-0.18165839,-0.20425254,-0.17986912,-0.1996226,-0.18836209,0.008954842
2022-11-23 23:00:00+00:00,-0.19783106,-0.18164498,-0.1873292,-0.18170679,-0.18758237,-0.18468243,-0.18220726,-0.20494682,-0.17993084,-0.19900525,-0.1886867,0.008759333
2022-11-24 00:00:00+00:00,-0.19787458,-0.18281737,-0.1875659,-0.18161437,-0.18652901,-0.1857678,-0.18217996,-0.20546302,-0.17989117,-0.19821915,-0.18879224,0.00866164
2022-11-24 01:00:00+00:00,-0.19748715,-0.18390188,-0.1874584,-0.1812909,-0.18549517,-0.18697533,-0.18177956,-0.20567366,-0.17974585,-0.19729242,-0.18871003,0.008562976
2022-11-24 02:00:00+00:00,-0.19684285,-0.18460825,-0.18672404,-0.18053341,-0.18420419,-0.18809423,-0.18101689,-0.20549285,-0.17932996,-0.19616064,-0.18830074,0.008544785
2022-11-24 03:00:00+00:00,-0.19595447,-0.18455759,-0.1852439,-0.17901462,-0.18274564,-0.18880123,-0.17964724,-0.20443526,-0.17815873,-0.19441286,-0.18729715,0.008593466
2022-11-24 04:00:00+00:00,-0.1953108,-0.18439686,-0.1839635,-0.17789084,-0.18170226,-0.18975401,-0.1789855,-0.20313716,-0.17707604,-0.19279826,-0.18650152,0.008550202
2022-11-24 05:00:00+00:00,-0.19473812,-0.1841712,-0.18281513,-0.17673746,-0.18084031,-0.19079396,-0.17871556,-0.20103532,-0.17581713,-0.19141847,-0.18570825,0.008410082
2022-11-24 06:00:00+00:00,-0.19458419,-0.1838195,-0.18179,-0.17569777,-0.18017954,-0.1921472,-0.17859498,-0.19887233,-0.17505834,-0.19036373,-0.18511076,0.008335697
2022-11-24 07:00:00+00:00,-0.19373769,-0.18338451,-0.18090618,-0.17484698,-0.17974487,-0.1930972,-0.17854866,-0.19716448,-0.17438039,-0.18943277,-0.18452437,0.008244451
2022-11-24 08:00:00+00:00,-0.19340605,-0.18226486,-0.17995921,-0.17390737,-0.17935541,-0.19367224,-0.17834261,-0.19546407,-0.17403126,-0.18883693,-0.18392399,0.008239088
2022-11-24 09:00:00+00:00,-0.19371456,-0.18053484,-0.17893755,-0.17264372,-0.17886552,-0.19383085,-0.17777488,-0.19357744,-0.17369148,-0.18823007,-0.1831801,0.008379193
2022-11-24 10:00:00+00:00,-0.19349247,-0.17861971,-0.17766038,-0.17089519,-0.17812714,-0.19347042,-0.17681316,-0.19075826,-0.17287746,-0.18727383,-0.1819988,0.0084778555
2022-11-24 11:00:00+00:00,-0.19014779,-0.17606151,-0.17568728,-0.16791701,-0.17699519,-0.19235367,-0.1748825,-0.18655065,-0.17074293,-0.18562794,-0.17969663,0.0083684325
2022-11-24 12:00:00+00:00,-0.18581727,-0.17311913,-0.17357644,-0.16490856,-0.17586172,-0.19007051,-0.17408815,-0.18214947,-0.1681653,-0.1838221,-0.17715785,0.0080429595
2022-11-24 13:00:00+00:00,-0.18234587,-0.1702945,-0.17155114,-0.16210252,-0.17482394,-0.1871964,-0.17342445,-0.17845735,-0.16574311,-0.18214011,-0.17480794,0.007844774
2022-11-24 14:00:00+00:00,-0.1791324,-0.16786605,-0.17000854,-0.15982524,-0.17411098,-0.18412572,-0.17268041,-0.1758649,-0.16361669,-0.1806162,-0.17278472,0.0076405522
2022-11-24 15:00:00+00:00,-0.17679924,-0.16587433,-0.16879281,-0.15785179,-0.173567,-0.18076667,-0.17190176,-0.17421806,-0.1618663,-0.17946208,-0.17111,0.0074959793
2022-11-24 16:00:00+00:00,-0.17576468,-0.16385463,-0.16716966,-0.15531868,-0.17289126,-0.17652604,-0.17101824,-0.17268738,-0.159931,-0.17808473,-0.16932462,0.0075714593
2022-11-24 17:00:00+00:00,-0.1749287,-0.16179478,-0.16521361,-0.15243113,-0.17206544,-0.17144442,-0.16985276,-0.17092013,-0.15803397,-0.1753496,-0.16720346,0.007630424
2022-11-24 18:00:00+00:00,-0.17480484,-0.15997028,-0.16343069,-0.14983532,-0.17141283,-0.166316,-0.16861099,-0.16882133,-0.15602806,-0.17203557,-0.16512659,0.007847123
2022-11-24 19:00:00+00:00,-0.17311394,-0.15842256,-0.1619648,-0.14760739,-0.1709714,-0.16279316,-0.16760945,-0.16576016,-0.15402249,-0.16911891,-0.16313842,0.007969007
2022-11-24 20:00:00+00:00,-0.1704619,-0.15692317,-0.16054893,-0.1453717,-0.17053682,-0.16082883,-0.1663757,-0.16324815,-0.15206945,-0.16646403,-0.16128287,0.008057692
2022-11-24 21:00:00+00:00,-0.1668196,-0.15580726,-0.1595994,-0.14381573,-0.17052191,-0.16078278,-0.16547906,-0.16128898,-0.15071517,-0.1646097,-0.15994397,0.008004223
2022-11-24 22:00:00+00:00,-0.1633654,-0.15500358,-0.15898728,-0.14277655,-0.17077261,-0.16100633,-0.16372848,-0.16022685,-0.14997062,-0.16378,-0.15896176,0.007951767
2022-11-24 23:00:00+00:00,-0.16132405,-0.1545386,-0.15881982,-0.14253667,-0.17138255,-0.16152194,-0.16150656,-0.15980265,-0.15021741,-0.16413546,-0.15857857,0.00792131
2022-11-25 00:00:00+00:00,-0.15924549,-0.15395796,-0.15858057,-0.14227176,-0.1719876,-0.1619522,-0.15903711,-0.15960059,-0.15078598,-0.16498762,-0.15824068,0.0080332905
2022-11-25 01:00:00+00:00,-0.15765801,-0.15278828,-0.1579301,-0.14160073,-0.17235473,-0.16156974,-0.1564875,-0.1584138,-0.15071756,-0.16512191,-0.15746424,0.008288985
2022-11-25 02:00:00+00:00,-0.15686294,-0.15140149,-0.15716755,-0.1407015,-0.17260718,-0.16075167,-0.15365487,-0.15648258,-0.15031126,-0.16463307,-0.15645741,0.008603661
2022-11-25 03:00:00+00:00,-0.15471831,-0.15019324,-0.15675732,-0.14021444,-0.17276505,-0.16007528,-0.15114057,-0.15411264,-0.14990595,-0.16418564,-0.15540685,0.008885652
2022-11-25 04:00:00+00:00,-0.15232924,-0.14901394,-0.15648955,-0.13979197,-0.17252347,-0.15975001,-0.14859247,-0.15190858,-0.14962724,-0.16388899,-0.15439153,0.009194777
2022-11-25 05:00:00+00:00,-0.14988649,-0.1482898,-0.15674573,-0.13995895,-0.17341852,-0.15995169,-0.14708522,-0.14984533,-0.14952654,-0.16396388,-0.15386721,0.009723448
2022-11-25 06:00:00+00:00,-0.14796239,-0.14822254,-0.15672356,-0.14096412,-0.17501193,-0.16104558,-0.14678314,-0.14872041,-0.15035877,-0.16535938,-0.15411517,0.010330343
2022-11-25 07:00:00+00:00,-0.14661098,-0.14886612,-0.15687889,-0.14272937,-0.17629206,-0.16117,-0.14733389,-0.14888865,-0.15231636,-0.16805553,-0.15491419,0.010683387
2022-11-25 08:00:00+00:00,-0.14544958,-0.14978606,-0.15622774,-0.1440663,-0.17758328,-0.16081804,-0.14872062,-0.14933291,-0.15402025,-0.17077914,-0.15567838,0.011056362
2022-11-25 09:00:00+00:00,-0.14422,-0.15064752,-0.15511385,-0.14501813,-0.17831391,-0.15925446,-0.15019679,-0.14944649,-0.155482,-0.1731726,-0.15608658,0.011396995
2022-11-25 10:00:00+00:00,-0.14324474,-0.15144628,-0.15408757,-0.14590481,-0.17881766,-0.15698439,-0.15159217,-0.1495009,-0.15677187,-0.17510054,-0.1563451,0.011721397
2022-11-25 11:00:00+00:00,-0.14266783,-0.15237081,-0.15352127,-0.14685845,-0.17937818,-0.15499273,-0.15327245,-0.14968479,-0.15781516,-0.17675406,-0.15673156,0.012037805
2022-11-25 12:00:00+00:00,-0.14231229,-0.15318301,-0.15301853,-0.14764139,-0.17980367,-0.1530343,-0.15447316,-0.15000919,-0.15875795,-0.17826444,-0.1570498,0.012382634
2022-11-25 13:00:00+00:00,-0.14237773,-0.1539891,-0.15301755,-0.14873073,-0.18033695,-0.15191218,-0.15588352,-0.1505005,-0.15958387,-0.17966533,-0.15759976,0.012639895
2022-11-25 14:00:00+00:00,-0.14315838,-0.1550358,-0.15340787,-0.15034041,-0.18113843,-0.15217754,-0.15768015,-0.15157482,-0.16102651,-0.18182033,-0.15873602,0.012869607
2022-11-25 15:00:00+00:00,-0.1444737,-0.15617943,-0.15380758,-0.1522735,-0.18210289,-0.15354338,-0.15994778,-0.15317407,-0.162978,-0.18452981,-0.160301,0.013081808
2022-11-25 16:00:00+00:00,-0.14601454,-0.15732309,-0.1546542,-0.15419605,-0.18300995,-0.15538609,-0.16234797,-0.15497461,-0.16488203,-0.1873869,-0.16201755,0.013248512
2022-11-25 17:00:00+00:00,-0.14742517,-0.15832204,-0.15531448,-0.15562278,-0.18385217,-0.15638465,-0.16417837,-0.1569427,-0.16673997,-0.18990692,-0.16346893,0.0134593025
2022-11-25 18:00:00+00:00,-0.14871746,-0.15919647,-0.15611714,-0.15696818,-0.18448627,-0.15684617,-0.16592395,-0.15847516,-0.16785145,-0.19175851,-0.16463408,0.013559147
2022-11-25 19:00:00+00:00,-0.14954183,-0.15952253,-0.15630016,-0.1575144,-0.18453911,-0.15565404,-0.16654858,-0.15932235,-0.16828153,-0.19248632,-0.16497108,0.01362471
2022-11-25 20:00:00+00:00,-0.15036154,-0.15980887,-0.15651628,-0.1580855,-0.18456864,-0.15470684,-0.1670329,-0.1599822,-0.16855508,-0.19304314,-0.1652661,0.013652662
2022-11-25 21:00:00+00:00,-0.15113422,-0.16014457,-0.15700832,-0.15874481,-0.18459234,-0.15452766,-0.16759503,-0.16076007,-0.16910952,-0.19368586,-0.16573025,0.013628012
2022-11-25 22:00:00+00:00,-0.15217578,-0.16095427,-0.15799066,-0.15994576,-0.18487853,-0.1561107,-0.16823012,-0.16215241,-0.17019704,-0.19527665,-0.16679117,0.013580311
2022-11-25 23:00:00+00:00,-0.15285304,-0.16152313,-0.15882897,-0.16068643,-0.18484071,-0.15728801,-0.1688093,-0.16303775,-0.17155755,-0.19643751,-0.16758624,0.013549281
2022-11-26 00:00:00+00:00,-0.15344393,-0.16204622,-0.15993005,-0.16131487,-0.18482396,-0.15855753,-0.16977793,-0.16355154,-0.17247325,-0.19730896,-0.16832283,0.013458909
2022-11-26 01:00:00+00:00,-0.1542426,-0.16325781,-0.16140866,-0.16296777,-0.18521535,-0.1616888,-0.17056283,-0.16456467,-0.17422488,-0.1995751,-0.16977085,0.013496787
2022-11-26 02:00:00+00:00,-0.1545561,-0.16417974,-0.16241354,-0.16395023,-0.18527707,-0.16416684,-0.17126858,-0.16501161,-0.17544553,-0.20053503,-0.17068043,0.013407559
2022-11-26 03:00:00+00:00,-0.15451035,-0.1647774,-0.16312844,-0.1645163,-0.18511724,-0.16589844,-0.17166135,-0.16472375,-0.17618155,-0.20091721,-0.1711432,0.01333943
2022-11-26 04:00:00+00:00,-0.15488198,-0.16595787,-0.16444856,-0.16619703,-0.18538931,-0.169519,-0.17375255,-0.1650306,-0.17703345,-0.20192307,-0.17241332,0.013234311
2022-11-26 05:00:00+00:00,-0.15578756,-0.16759565,-0.16628754,-0.1684235,-0.1856879,-0.17340156,-0.17627382,-0.16560271,-0.17805389,-0.20338738,-0.17405015,0.013148572
2022-11-26 06:00:00+00:00,-0.15695882,-0.16922763,-0.16820207,-0.17048302,-0.1858986,-0.1742402,-0.17840394,-0.16584569,-0.17908236,-0.20456925,-0.17529117,0.013039781
2022-11-26 07:00:00+00:00,-0.15859464,-0.17104915,-0.1701738,-0.17311108,-0.1862554,-0.1751475,-0.18096435,-0.16602698,-0.18072024,-0.2052477,-0.17672908,0.012789522
2022-11-26 08:00:00+00:00,-0.16084519,-0.17338863,-0.17271039,-0.17622498,-0.18679318,-0.17611176,-0.18351391,-0.16649652,-0.1830948,-0.2053558,-0.1784535,0.012304206
2022-11-26 09:00:00+00:00,-0.1634731,-0.17590594,-0.17558023,-0.17943302,-0.18734148,-0.176996,-0.18609068,-0.16762504,-0.18596444,-0.20515972,-0.18035698,0.011691521
2022-11-26 10:00:00+00:00,-0.16615552,-0.17813188,-0.17819825,-0.18214962,-0.18772277,-0.17735901,-0.18781677,-0.16928953,-0.1886138,-0.20480198,-0.18202391,0.011024379
2022-11-26 11:00:00+00:00,-0.16957349,-0.18057844,-0.18161371,-0.18553981,-0.18842062,-0.17798963,-0.19001237,-0.17162111,-0.19154844,-0.20474988,-0.18416473,0.010329105
2022-11-26 12:00:00+00:00,-0.17321223,-0.18309417,-0.18484122,-0.18883061,-0.18907955,-0.17875594,-0.19229683,-0.17535958,-0.19446516,-0.20495352,-0.18648888,0.009572296
2022-11-26 13:00:00+00:00,-0.17627552,-0.18487835,-0.18710718,-0.19071782,-0.18919992,-0.17856419,-0.1930609,-0.17899504,-0.1960094,-0.204472,-0.18792804,0.008743212
2022-11-26 14:00:00+00:00,-0.17934534,-0.1862222,-0.18893084,-0.19247594,-0.18931732,-0.17791462,-0.19323432,-0.18265957,-0.19708434,-0.20376408,-0.18909486,0.008009558
2022-11-26 15:00:00+00:00,-0.18249738,-0.18739873,-0.19055355,-0.19398725,-0.18938318,-0.17718571,-0.19297409,-0.1865063,-0.19795135,-0.20319018,-0.19016276,0.007467245
2022-11-26 16:00:00+00:00,-0.18514258,-0.18783301,-0.19127864,-0.1939891,-0.18911535,-0.17574659,-0.19164088,-0.19002774,-0.19770244,-0.20195743,-0.19044337,0.0070931558
2022-11-26 17:00:00+00:00,-0.18771073,-0.18778184,-0.19126284,-0.19341466,-0.18878132,-0.17404857,-0.18952808,-0.19371212,-0.19686478,-0.20057452,-0.19036795,0.0070784744
2022-11-26 18:00:00+00:00,-0.18975079,-0.18698102,-0.18987924,-0.19202513,-0.18819731,-0.17331573,-0.18755409,-0.19639844,-0.19544876,-0.19935885,-0.18989094,0.007141327
2022-11-26 19:00:00+00:00,-0.1914041,-0.18557614,-0.18816862,-0.18996996,-0.18746334,-0.17337283,-0.18550923,-0.1979546,-0.19277963,-0.19765082,-0.18898492,0.00704899
2022-11-26 20:00:00+00:00,-0.19270015,-0.18356064,-0.18610945,-0.1871821,-0.18661988,-0.17381689,-0.1839194,-0.1982595,-0.18905628,-0.19558197,-0.18768063,0.006900874
2022-11-26 21:00:00+00:00,-0.19349068,-0.18116027,-0.18355134,-0.18384257,-0.18556875,-0.17437592,-0.18243793,-0.19790763,-0.18500799,-0.19357109,-0.18609142,0.006977669
2022-11-26 22:00:00+00:00,-0.1935271,-0.1782484,-0.1806846,-0.18009406,-0.1844796,-0.17448854,-0.18120545,-0.1966992,-0.18069217,-0.19110829,-0.18412273,0.007235642
2022-11-26 23:00:00+00:00,-0.1934698,-0.17525545,-0.17751637,-0.17611343,-0.18339038,-0.1745508,-0.18042007,-0.19527811,-0.17627776,-0.18886957,-0.18211417,0.0078019407
2022-11-27 00:00:00+00:00,-0.19341457,-0.17267129,-0.17515233,-0.17293605,-0.18267232,-0.17536157,-0.17963079,-0.19443083,-0.17261633,-0.18716335,-0.18060495,0.008473973
2022-11-27 01:00:00+00:00,-0.19328734,-0.17077476,-0.17358264,-0.17075974,-0.18246076,-0.17659861,-0.17880845,-0.19402996,-0.17010438,-0.18573791,-0.17961445,0.009027539
2022-11-27 02:00:00+00:00,-0.19292724,-0.16914964,-0.17208993,-0.16854459,-0.18231949,-0.1783295,-0.17865947,-0.19358617,-0.16796276,-0.18461266,-0.17881814,0.009576564
2022-11-27 03:00:00+00:00,-0.19215104,-0.16750345,-0.17052284,-0.16612118,-0.18197924,-0.1798602,-0.17799425,-0.19195938,-0.16572928,-0.18315175,-0.17769727,0.009987755
2022-11-27 04:00:00+00:00,-0.19144404,-0.1664969,-0.1697343,-0.16477859,-0.18190038,-0.18116164,-0.17835024,-0.18851098,-0.16435412,-0.1819706,-0.17687018,0.009895084
2022-11-27 05:00:00+00:00,-0.1904594,-0.16603872,-0.1694484,-0.16402358,-0.18195048,-0.1821891,-0.17878586,-0.18359971,-0.16366556,-0.18064171,-0.17608026,0.009472232
2022-11-27 06:00:00+00:00,-0.18902555,-0.1662947,-0.1700603,-0.16432124,-0.18215549,-0.18354428,-0.17959508,-0.18013808,-0.1636234,-0.17936665,-0.17581248,0.008972482
2022-11-27 07:00:00+00:00,-0.18363786,-0.16691837,-0.17103663,-0.16485673,-0.1822406,-0.18464604,-0.18060085,-0.17775601,-0.16412073,-0.17861068,-0.17544244,0.007974926
2022-11-27 08:00:00+00:00,-0.1773139,-0.16802835,-0.17250147,-0.16608316,-0.18240854,-0.18537763,-0.1819703,-0.17652988,-0.16517535,-0.17834476,-0.17537333,0.0071455915
2022-11-27 09:00:00+00:00,-0.17125294,-0.16946208,-0.1742818,-0.16780022,-0.18255511,-0.1857492,-0.18326625,-0.17638606,-0.16671377,-0.17813215,-0.17555997,0.006792767
2022-11-27 10:00:00+00:00,-0.16846249,-0.17113242,-0.17633152,-0.16957244,-0.18252972,-0.18596953,-0.18431482,-0.17644954,-0.16880667,-0.17840466,-0.17619738,0.0065864734
2022-11-27 11:00:00+00:00,-0.1675809,-0.1727894,-0.17859167,-0.17165464,-0.18231016,-0.18580264,-0.185318,-0.17705852,-0.17121065,-0.17887628,-0.17711928,0.0062300917
2022-11-27 12:00:00+00:00,-0.16743058,-0.17441875,-0.1806137,-0.17363596,-0.18172821,-0.1851941,-0.18576154,-0.17862341,-0.17339945,-0.17927584,-0.17800817,0.005768606
2022-11-27 13:00:00+00:00,-0.16869631,-0.17599702,-0.18201163,-0.17538083,-0.18092534,-0.1847932,-0.18557215,-0.1801894,-0.17526057,-0.17959166,-0.1788418,0.0050915102
2022-11-27 14:00:00+00:00,-0.17069545,-0.17743132,-0.18283287,-0.1770978,-0.18000221,-0.18442675,-0.18487287,-0.18182284,-0.17656556,-0.17953935,-0.17952868,0.004295614
2022-11-27 15:00:00+00:00,-0.17367846,-0.1787565,-0.18331257,-0.178671,-0.17893794,-0.18408915,-0.18389148,-0.18444604,-0.17797074,-0.17955518,-0.1803309,0.0034996548
2022-11-27 16:00:00+00:00,-0.17719212,-0.17953864,-0.18300721,-0.17934278,-0.17748997,-0.18365818,-0.18190625,-0.18635169,-0.17850387,-0.1789774,-0.1805968,0.0029991642
2022-11-27 17:00:00+00:00,-0.17953086,-0.1797607,-0.18174765,-0.17921063,-0.17587775,-0.18286031,-0.17907846,-0.18734425,-0.17813301,-0.17797655,-0.18015203,0.0031844287
2022-11-27 18:00:00+00:00,-0.18139228,-0.17950436,-0.17983326,-0.17835882,-0.17393368,-0.18178195,-0.17562479,-0.18725556,-0.17673078,-0.17646518,-0.17908807,0.0038229285
2022-11-27 19:00:00+00:00,-0.18187451,-0.17883787,-0.1778315,-0.17685342,-0.17197451,-0.18084967,-0.17228508,-0.1860272,-0.17447144,-0.17452988,-0.1775535,0.004485523
2022-11-27 20:00:00+00:00,-0.18154314,-0.17769504,-0.17578483,-0.17458487,-0.16990799,-0.17999524,-0.16974193,-0.18460646,-0.17202449,-0.17273948,-0.17586234,0.005035473
2022-11-27 21:00:00+00:00,-0.18136793,-0.17647484,-0.17368937,-0.1720787,-0.16794083,-0.17943215,-0.16847265,-0.18279284,-0.16959074,-0.1712971,-0.17431371,0.0054165367
2022-11-27 22:00:00+00:00,-0.18173087,-0.17558122,-0.17215052,-0.17012274,-0.16657934,-0.18022797,-0.16814485,-0.1817644,-0.16752276,-0.17034048,-0.17341653,0.0059729465
2022-11-27 23:00:00+00:00,-0.18196827,-0.17482525,-0.17107856,-0.1681206,-0.16553554,-0.18209922,-0.16783449,-0.18143037,-0.16538382,-0.16970137,-0.17279775,0.0067987563
2022-11-28 00:00:00+00:00,-0.18168333,-0.17395946,-0.17005834,-0.16585979,-0.16466779,-0.18437174,-0.16753736,-0.18090433,-0.163181,-0.16912135,-0.17213446,0.0076810205
2022-11-28 01:00:00+00:00,-0.1806699,-0.17247447,-0.1680522,-0.16313174,-0.16384426,-0.18616152,-0.16716632,-0.17968032,-0.1609908,-0.16835696,-0.17105286,0.008462618
2022-11-28 02:00:00+00:00,-0.1794937,-0.17084438,-0.16579258,-0.1604901,-0.1631583,-0.1875737,-0.16674909,-0.17850381,-0.1589618,-0.16809201,-0.16996595,0.0092073735
2022-11-28 03:00:00+00:00,-0.17810848,-0.16922209,-0.16386479,-0.15840408,-0.16277128,-0.18916172,-0.16628471,-0.17742932,-0.1570411,-0.16800755,-0.1690295,0.009940753
2022-11-28 04:00:00+00:00,-0.17655054,-0.1677024,-0.16225004,-0.15682894,-0.162732,-0.19063726,-0.16577244,-0.17627704,-0.15540332,-0.16752332,-0.16816774,0.010558545
2022-11-28 05:00:00+00:00,-0.17475495,-0.16653273,-0.16110888,-0.15601632,-0.16302341,-0.1921809,-0.16620377,-0.17462334,-0.15419069,-0.16687429,-0.16755094,0.0109818205
2022-11-28 06:00:00+00:00,-0.17296755,-0.16584581,-0.16052061,-0.15646136,-0.16379973,-0.19375113,-0.1674341,-0.17240736,-0.15373307,-0.16602772,-0.16729486,0.011162283
2022-11-28 07:00:00+00:00,-0.16949081,-0.16576323,-0.16063768,-0.15768746,-0.164844,-0.1957441,-0.16918176,-0.171965,-0.15421447,-0.16534027,-0.16748689,0.011348388
2022-11-28 08:00:00+00:00,-0.16501811,-0.16648093,-0.16172329,-0.16011071,-0.166349,-0.19798794,-0.17269233,-0.17319778,-0.15540716,-0.16460475,-0.16835721,0.011703305
2022-11-28 09:00:00+00:00,-0.161318,-0.16799745,-0.163566,-0.1633735,-0.16818947,-0.20057938,-0.17713779,-0.17461032,-0.15805909,-0.16604626,-0.17008772,0.01217198
2022-11-28 10:00:00+00:00,-0.15823299,-0.16931275,-0.16477895,-0.16566178,-0.16943535,-0.19898939,-0.18091992,-0.17531249,-0.16102752,-0.16751844,-0.17111894,0.0117725115
2022-11-28 11:00:00+00:00,-0.15541789,-0.16999716,-0.16519344,-0.16714132,-0.17009985,-0.19505271,-0.18283877,-0.17515817,-0.16315937,-0.16843745,-0.17124961,0.01103843
2022-11-28 12:00:00+00:00,-0.15339881,-0.1705772,-0.16552708,-0.16867954,-0.17063281,-0.19086695,-0.183936,-0.17460671,-0.1650722,-0.16988355,-0.17131808,0.010305718
2022-11-28 13:00:00+00:00,-0.15388837,-0.17147171,-0.16659594,-0.17076454,-0.17123577,-0.18689555,-0.18518543,-0.17463142,-0.16750544,-0.17250717,-0.17206813,0.009325554
2022-11-28 14:00:00+00:00,-0.15831533,-0.17298496,-0.16883567,-0.17347693,-0.17211783,-0.18406472,-0.18765834,-0.17532602,-0.1705066,-0.17657062,-0.17398569,0.008068751
2022-11-28 15:00:00+00:00,-0.16706696,-0.17493868,-0.17203826,-0.17632478,-0.17343935,-0.1839838,-0.18961558,-0.17614466,-0.17379582,-0.18160483,-0.17689528,0.006503732
2022-11-28 16:00:00+00:00,-0.1779544,-0.17740962,-0.17624092,-0.17951351,-0.17881292,-0.18601659,-0.19274011,-0.18062505,-0.17754465,-0.18730026,-0.1814158,0.005424728
2022-11-28 17:00:00+00:00,-0.18677017,-0.18021134,-0.18061754,-0.1823113,-0.18391886,-0.18902579,-0.19619474,-0.18642056,-0.1813527,-0.1924963,-0.18593194,0.005354419
2022-11-28 18:00:00+00:00,-0.19582897,-0.1831863,-0.18523878,-0.18490174,-0.18873692,-0.1931121,-0.19950509,-0.1915487,-0.18572015,-0.19813156,-0.19059102,0.0059070303
2022-11-28 19:00:00+00:00,-0.20330796,-0.18596524,-0.18885314,-0.18679023,-0.19271189,-0.19713649,-0.20238683,-0.1954169,-0.18969572,-0.20374584,-0.19460103,0.0068589407
2022-11-28 20:00:00+00:00,-0.20952749,-0.18855914,-0.19196388,-0.18826509,-0.19586724,-0.20070964,-0.20423427,-0.19818684,-0.19292188,-0.20929974,-0.1979535,0.007870182
2022-11-28 21:00:00+00:00,-0.21353903,-0.19048283,-0.1937229,-0.1886909,-0.19749632,-0.20293167,-0.20440477,-0.19928715,-0.19449356,-0.21336526,-0.19984145,0.008721955
2022-11-28 22:00:00+00:00,-0.2162587,-0.19212359,-0.19500038,-0.1891551,-0.1987373,-0.20424044,-0.20402455,-0.19950333,-0.19509405,-0.21741137,-0.20115487,0.009538795
2022-11-28 23:00:00+00:00,-0.21914518,-0.19394541,-0.19671652,-0.19017765,-0.20042565,-0.2059449,-0.20443547,-0.20067072,-0.19616643,-0.22226742,-0.20298953,0.010473581
2022-11-29 00:00:00+00:00,-0.22202387,-0.19584864,-0.19862238,-0.1912095,-0.20247445,-0.20813257,-0.2058813,-0.20248091,-0.19758144,-0.2277059,-0.2051961,0.01153706
2022-11-29 01:00:00+00:00,-0.22433507,-0.19774026,-0.20054689,-0.19205606,-0.2047793,-0.21044102,-0.20797482,-0.20413178,-0.19869986,-0.23328507,-0.20739901,0.012628741
2022-11-29 02:00:00+00:00,-0.22544667,-0.19936761,-0.20204651,-0.19229329,-0.20670131,-0.21235102,-0.21012226,-0.20536155,-0.19937709,-0.23809868,-0.20911658,0.013584918
2022-11-29 03:00:00+00:00,-0.22532281,-0.20069078,-0.20319363,-0.19236341,-0.20854011,-0.21391821,-0.21238479,-0.20631763,-0.19981763,-0.2420176,-0.21045665,0.014307258
2022-11-29 04:00:00+00:00,-0.22339395,-0.20177972,-0.2038846,-0.19195673,-0.21026558,-0.21499836,-0.21443605,-0.20663902,-0.19986826,-0.24492082,-0.2112143,0.014807384
2022-11-29 05:00:00+00:00,-0.21917745,-0.20258647,-0.20395553,-0.1914734,-0.21203211,-0.21577454,-0.21642166,-0.20650071,-0.19982085,-0.24661186,-0.21143547,0.015030904
2022-11-29 06:00:00+00:00,-0.21289259,-0.20282283,-0.2031214,-0.19049343,-0.21331176,-0.21549642,-0.21797636,-0.20476821,-0.19905633,-0.2462534,-0.21061929,0.015092716
2022-11-29 07:00:00+00:00,-0.20949888,-0.20306918,-0.20257491,-0.18999317,-0.2146818,-0.215197,-0.21987402,-0.2034648,-0.19839665,-0.24576762,-0.21025178,0.01529761
2022-11-29 08:00:00+00:00,-0.2077598,-0.20324057,-0.20227554,-0.18964371,-0.21617466,-0.21511784,-0.2222169,-0.2027492,-0.19860116,-0.24499348,-0.21027729,0.015436637
2022-11-29 09:00:00+00:00,-0.20753497,-0.2035298,-0.20273477,-0.1898691,-0.21814167,-0.21573967,-0.22540191,-0.20292878,-0.19928572,-0.24508166,-0.2110248,0.015731938
2022-11-29 10:00:00+00:00,-0.20847136,-0.20406792,-0.20378634,-0.1902838,-0.22039035,-0.2171298,-0.2295545,-0.20408788,-0.20094123,-0.24534088,-0.2124054,0.01603527
2022-11-29 11:00:00+00:00,-0.20984435,-0.2046943,-0.2050798,-0.19057775,-0.22270858,-0.21884179,-0.23392591,-0.2054801,-0.2028502,-0.24539247,-0.21393952,0.016366359
2022-11-29 12:00:00+00:00,-0.20855087,-0.20459405,-0.20461139,-0.18951899,-0.22367728,-0.21897998,-0.23588264,-0.2047252,-0.20339447,-0.24290198,-0.21368368,0.016451119
2022-11-29 13:00:00+00:00,-0.20559514,-0.20404583,-0.20309424,-0.18811569,-0.22348905,-0.217617,-0.23576283,-0.2030907,-0.20299071,-0.23928422,-0.21230856,0.016283274
2022-11-29 14:00:00+00:00,-0.2035903,-0.20363417,-0.20201916,-0.18759921,-0.22339931,-0.21649691,-0.2353487,-0.20231766,-0.20296606,-0.23691383,-0.21142852,0.016068766
2022-11-29 15:00:00+00:00,-0.20189485,-0.20331633,-0.20097306,-0.18713865,-0.22308844,-0.2155557,-0.23380843,-0.20186707,-0.2027854,-0.23497558,-0.21054034,0.01571468
2022-11-29 16:00:00+00:00,-0.1990079,-0.20260683,-0.19896543,-0.18593267,-0.22169846,-0.2136271,-0.23007965,-0.20069808,-0.20211223,-0.23220941,-0.20869379,0.015109322
2022-11-29 17:00:00+00:00,-0.19412044,-0.2014159,-0.19551238,-0.18383747,-0.21889603,-0.21000552,-0.22407743,-0.19824225,-0.20008987,-0.2281479,-0.20543453,0.014356163
2022-11-29 18:00:00+00:00,-0.1873197,-0.19956878,-0.19068524,-0.18110242,-0.2147977,-0.20467123,-0.21639943,-0.19440591,-0.19664082,-0.22281653,-0.20084079,0.013624715
2022-11-29 19:00:00+00:00,-0.17923382,-0.19665831,-0.18497512,-0.17764452,-0.20933813,-0.19778916,-0.20771348,-0.18903697,-0.19165805,-0.21613723,-0.19501849,0.013002277
2022-11-29 20:00:00+00:00,-0.17227426,-0.19296148,-0.1789645,-0.17338827,-0.20252204,-0.18935758,-0.19878197,-0.18188405,-0.18513933,-0.20861077,-0.18838844,0.012314963
2022-11-29 21:00:00+00:00,-0.16686693,-0.18879884,-0.1734888,-0.16886476,-0.19491765,-0.17973226,-0.19060507,-0.17362633,-0.17745629,-0.20247537,-0.18168323,0.011903621
2022-11-29 22:00:00+00:00,-0.1601699,-0.18477684,-0.1690732,-0.16463032,-0.18748838,-0.16915882,-0.18392336,-0.16525036,-0.17055112,-0.19822481,-0.17532471,0.012387568
2022-11-29 23:00:00+00:00,-0.15264016,-0.18088493,-0.16559246,-0.16061231,-0.18000889,-0.15790915,-0.17836484,-0.15689024,-0.16483444,-0.19532856,-0.1693066,0.0136585925
2022-11-30 00:00:00+00:00,-0.1460897,-0.17821127,-0.16403005,-0.15800592,-0.17399228,-0.14982587,-0.17581245,-0.151378,-0.16141215,-0.19474626,-0.16535039,0.015246358
2022-11-30 01:00:00+00:00,-0.13977897,-0.17602345,-0.16313568,-0.15566579,-0.16870043,-0.14493412,-0.17517751,-0.14870352,-0.15788618,-0.19458881,-0.16245945,0.016650893
2022-11-30 02:00:00+00:00,-0.13339648,-0.17370963,-0.16188881,-0.15263724,-0.16357222,-0.14228094,-0.17310503,-0.14507252,-0.15455648,-0.19350189,-0.15937214,0.017710144
2022-11-30 03:00:00+00:00,-0.12741956,-0.17056793,-0.16070041,-0.14997372,-0.16125444,-0.13761076,-0.17094386,-0.14165026,-0.15198362,-0.19239935,-0.15645039,0.018919416
2022-11-30 04:00:00+00:00,-0.12231511,-0.16754198,-0.16005743,-0.14824581,-0.15931252,-0.134002,-0.16978651,-0.13923016,-0.15031335,-0.19159839,-0.15424034,0.019942356
2022-11-30 05:00:00+00:00,-0.118575305,-0.16625324,-0.16041106,-0.14794672,-0.15807125,-0.1332356,-0.1699965,-0.13871461,-0.15001321,-0.19161606,-0.15348335,0.0206781
2022-11-30 06:00:00+00:00,-0.11601254,-0.16639772,-0.16136536,-0.14865926,-0.15736967,-0.1349855,-0.17105982,-0.13980812,-0.15058315,-0.19260561,-0.15388468,0.021204848
2022-11-30 07:00:00+00:00,-0.11436278,-0.16698116,-0.16159984,-0.14936507,-0.15683284,-0.13831758,-0.17140818,-0.14128229,-0.15128252,-0.19329068,-0.1544723,0.02130863
2022-11-30 08:00:00+00:00,-0.11474708,-0.16824341,-0.16217226,-0.15081483,-0.15668404,-0.14331952,-0.17184186,-0.14395863,-0.15247479,-0.19422495,-0.15584812,0.020942388
2022-11-30 09:00:00+00:00,-0.11637768,-0.1698308,-0.16274351,-0.15262645,-0.15645137,-0.14933607,-0.1722889,-0.14756355,-0.15393883,-0.19537717,-0.15765342,0.020348793
2022-11-30 10:00:00+00:00,-0.11845636,-0.17057323,-0.16267288,-0.1537255,-0.15584406,-0.15620008,-0.17152476,-0.15072075,-0.15483099,-0.19577321,-0.1590322,0.019527448
2022-11-30 11:00:00+00:00,-0.12087977,-0.17024195,-0.16208816,-0.15452003,-0.15516907,-0.16302854,-0.16974854,-0.15378779,-0.15538386,-0.19593409,-0.16007817,0.018703304
2022-11-30 12:00:00+00:00,-0.12319487,-0.16909295,-0.1610311,-0.15525159,-0.15446034,-0.16967416,-0.16799557,-0.156715,-0.15561143,-0.19593966,-0.16089667,0.018143827
2022-11-30 13:00:00+00:00,-0.12573543,-0.1674633,-0.15931916,-0.15593821,-0.1536831,-0.1759296,-0.16664463,-0.15953547,-0.15558332,-0.19588572,-0.16157179,0.017849158
2022-11-30 14:00:00+00:00,-0.12862238,-0.16477653,-0.15717062,-0.1559242,-0.15255418,-0.18203974,-0.16482514,-0.16221187,-0.15488032,-0.19543868,-0.16184434,0.017793404
2022-11-30 15:00:00+00:00,-0.13226944,-0.1610736,-0.15473095,-0.15525565,-0.15107682,-0.18740487,-0.16203463,-0.16398191,-0.15309292,-0.19465473,-0.16155756,0.017936468
2022-11-30 16:00:00+00:00,-0.13704672,-0.15615475,-0.15189618,-0.15362972,-0.14918667,-0.19051,-0.15848848,-0.1642929,-0.15031224,-0.1932751,-0.16047928,0.017997472
2022-11-30 17:00:00+00:00,-0.14237675,-0.14990452,-0.14879754,-0.15091655,-0.14692876,-0.18574855,-0.15477106,-0.1629574,-0.14624369,-0.19125575,-0.15799007,0.017049583
2022-11-30 18:00:00+00:00,-0.14722818,-0.14326218,-0.14554605,-0.14739445,-0.14464685,-0.17830056,-0.15175593,-0.16103703,-0.14129537,-0.1895338,-0.15500006,0.016407562
2022-11-30 19:00:00+00:00,-0.14989272,-0.13745248,-0.14231744,-0.14314857,-0.14252245,-0.17178044,-0.14839312,-0.15906256,-0.13572559,-0.18785077,-0.15181462,0.016606359
2022-11-30 20:00:00+00:00,-0.14817473,-0.13164511,-0.13901684,-0.13696581,-0.14003679,-0.16598082,-0.14449802,-0.15541473,-0.12754229,-0.18458483,-0.14738598,0.017246982
2022-11-30 21:00:00+00:00,-0.14339212,-0.12531373,-0.13530788,-0.1282225,-0.13699856,-0.16069245,-0.13998896,-0.1495786,-0.11867398,-0.1797112,-0.14178799,0.018002046
2022-11-30 22:00:00+00:00,-0.13532773,-0.119029224,-0.13126159,-0.11796379,-0.13357791,-0.1546843,-0.13492712,-0.1419945,-0.10976103,-0.17466596,-0.13531932,0.018877316
2022-11-30 23:00:00+00:00,-0.12631479,-0.11272323,-0.12697726,-0.10599029,-0.12977487,-0.14707685,-0.12907743,-0.13189858,-0.10003883,-0.16896245,-0.12788346,0.019901821
2022-12-01 00:00:00+00:00,-0.11614841,-0.10622451,-0.12184867,-0.097429395,-0.12457523,-0.13780653,-0.12207025,-0.12162596,-0.08991256,-0.16054124,-0.119818285,0.020030253
2022-12-01 01:00:00+00:00,-0.104874074,-0.09964669,-0.11558968,-0.089366466,-0.11521366,-0.12771708,-0.11147702,-0.11046776,-0.07964447,-0.15026829,-0.11042652,0.019650007
2022-12-01 02:00:00+00:00,-0.09311062,-0.092965454,-0.10879433,-0.0809612,-0.105365306,-0.117515504,-0.10027218,-0.09859675,-0.06928092,-0.13902247,-0.10058848,0.01925657
2022-12-01 03:00:00+00:00,-0.0809598,-0.08380097,-0.10139716,-0.072307885,-0.09512463,-0.10713908,-0.088912815,-0.086488605,-0.058803648,-0.1271829,-0.09021176,0.019008517
2022-12-01 04:00:00+00:00,-0.068494946,-0.0729765,-0.09372115,-0.0639438,-0.084566176,-0.09660509,-0.07749075,-0.07461852,-0.0483647,-0.114957064,-0.07957387,0.018798865
2022-12-01 05:00:00+00:00,-0.05453679,-0.06065631,-0.0852319,-0.05530557,-0.07319218,-0.085220754,-0.065740734,-0.062757105,-0.03797704,-0.10168967,-0.06823081,0.018514916
2022-12-01 06:00:00+00:00,-0.03763035,-0.043236673,-0.074172825,-0.044863403,-0.05955577,-0.071841836,-0.052335054,-0.0502443,-0.026857078,-0.085288316,-0.054602563,0.018111924
2022-12-01 07:00:00+00:00,-0.017970026,-0.022814512,-0.060892403,-0.032622486,-0.043705136,-0.06111145,-0.03695774,-0.036450922,-0.014636129,-0.0660201,-0.039318092,0.018464908
2022-12-01 08:00:00+00:00,0.0021397471,-0.0008557439,-0.04592067,-0.019360691,-0.026439756,-0.048763365,-0.020179719,-0.023176461,0.0017674565,-0.045057625,-0.022584682,0.019558419
2022-12-01 09:00:00+00:00,0.02042824,0.022455752,-0.02964753,-0.0053868294,-0.007918924,-0.03422135,-0.0021266341,-0.010264158,0.021573395,-0.022919357,-0.0048027397,0.02090534
2022-12-01 10:00:00+00:00,0.040368855,0.04778886,-0.010642111,0.011058152,0.013660133,-0.016801476,0.018458962,0.0035761595,0.04851809,0.0031333566,0.015911898,0.023101961
2022-12-01 11:00:00+00:00,0.061146438,0.0749861,0.012589276,0.02887708,0.037230074,0.0057407618,0.04021305,0.018053591,0.07636842,0.031032145,0.038623694,0.024929827
2022-12-01 12:00:00+00:00,0.08125931,0.099753916,0.03741187,0.045538306,0.06061572,0.031734288,0.061371624,0.03166902,0.10213265,0.058294833,0.060978156,0.026085438
2022-12-01 13:00:00+00:00,0.09227848,0.1122272,0.052064598,0.053220093,0.0761469,0.05244714,0.07307905,0.04107684,0.11430547,0.07650745,0.07433532,0.025586452
2022-12-01 14:00:00+00:00,0.09898007,0.11852342,0.06088364,0.05408418,0.086901605,0.067724705,0.07824671,0.04818797,0.11709115,0.08797258,0.0818596,0.024719516
2022-12-01 15:00:00+00:00,0.101285875,0.12008953,0.06486195,0.04944694,0.0920648,0.078291,0.07710278,0.051770687,0.114180654,0.0927822,0.08418764,0.0243425
2022-12-01 16:00:00+00:00,0.10032934,0.118077576,0.063759804,0.04095596,0.09217346,0.08467138,0.07140875,0.050741613,0.10844061,0.09248102,0.082303956,0.025083868
2022-12-01 17:00:00+00:00,0.094911456,0.11243898,0.056869686,0.029658675,0.08655912,0.0866496,0.061329544,0.042808235,0.10094467,0.08590186,0.07580718,0.026792755
2022-12-01 18:00:00+00:00,0.08417177,0.101637125,0.043812215,0.016640604,0.07332593,0.08364874,0.044976413,0.029872537,0.08865771,0.07098788,0.06377309,0.02814616
2022-12-01 19:00:00+00:00,0.06944239,0.08403003,0.023789287,0.013889134,0.053628325,0.07629609,0.023471713,0.015879095,0.07099977,0.050283313,0.048170917,0.026889272
2022-12-01 20:00:00+00:00,0.05307716,0.06468576,0.0024664402,0.021996558,0.032018423,0.066179276,-0.00021195412,0.0017989278,0.054980367,0.030765533,0.032775648,0.026090544
2022-12-01 21:00:00+00:00,0.034654975,0.042871535,-0.013599902,0.039389968,0.010410607,0.051190972,-0.025934875,-0.0114277005,0.046043247,0.008875966,0.01824748,0.028238326
2022-12-01 22:00:00+00:00,0.0137453675,0.01759249,-0.029605806,0.05938357,-0.014733672,0.028767467,-0.0539715,-0.023203999,0.03399405,-0.0165748,0.0015393167,0.034647375
2022-12-01 23:00:00+00:00,-0.008628368,-0.009373605,-0.04553333,0.07899475,-0.04157096,0.0066642165,-0.08244839,-0.03330359,0.020030975,-0.039248914,-0.015441721,0.044362698
2022-12-02 00:00:00+00:00,-0.030659258,-0.03641513,-0.061023414,0.09470379,-0.06768459,-0.015763938,-0.105012685,-0.047409624,0.004628688,-0.0579876,-0.032262377,0.053788822
2022-12-02 01:00:00+00:00,-0.047240555,-0.057988465,-0.07282844,0.107690215,-0.08700678,-0.035536766,-0.12025273,-0.06543979,-0.01048401,-0.06987795,-0.045896526,0.06146323
2022-12-02 02:00:00+00:00,-0.06264037,-0.07732868,-0.08396974,0.11217725,-0.10428071,-0.054182768,-0.13260615,-0.08062926,-0.02119255,-0.0798828,-0.05845358,0.06674669
2022-12-02 03:00:00+00:00,-0.07609013,-0.0940595,-0.09430519,0.10692471,-0.11879,-0.07153779,-0.14004543,-0.09270781,-0.03146538,-0.08802828,-0.07001048,0.068413615
2022-12-02 04:00:00+00:00,-0.08860004,-0.10938367,-0.10446361,0.09430081,-0.12584838,-0.08584246,-0.14542544,-0.10365027,-0.042555034,-0.09583181,-0.08072999,0.067115225
2022-12-02 05:00:00+00:00,-0.099841535,-0.122216165,-0.11436352,0.076699376,-0.13259429,-0.096775234,-0.15084398,-0.11231673,-0.05403751,-0.10313323,-0.090942286,0.0641475
2022-12-02 06:00:00+00:00,-0.109723,-0.13306272,-0.1235452,0.05404681,-0.1373266,-0.108769774,-0.15362096,-0.1178177,-0.06574556,-0.11006665,-0.10056313,0.05907328
2022-12-02 07:00:00+00:00,-0.117863715,-0.1427753,-0.13219744,0.025233328,-0.13938177,-0.12161058,-0.15534404,-0.12116021,-0.07740876,-0.11727318,-0.10997816,0.051865906
2022-12-02 08:00:00+00:00,-0.12399104,-0.15197772,-0.14002082,-0.009835094,-0.14144722,-0.13526437,-0.15757251,-0.123883754,-0.089921534,-0.12590426,-0.11998184,0.042992216
2022-12-02 09:00:00+00:00,-0.13038468,-0.16097006,-0.14714673,-0.054629028,-0.14397183,-0.14844853,-0.15982032,-0.1279279,-0.10269371,-0.13771483,-0.13137077,0.03188443
2022-12-02 10:00:00+00:00,-0.13704488,-0.16526696,-0.15385556,-0.10311851,-0.14702651,-0.16044891,-0.16259325,-0.13388833,-0.11526057,-0.15230942,-0.14308129,0.020772118
2022-12-02 11:00:00+00:00,-0.14362025,-0.16935346,-0.15987632,-0.1199916,-0.15107358,-0.17040941,-0.16349614,-0.14055777,-0.12766239,-0.16578802,-0.1511829,0.017753057
2022-12-02 12:00:00+00:00,-0.1498884,-0.17265067,-0.16328493,-0.13791412,-0.15520284,-0.1773479,-0.16415867,-0.14645195,-0.13857475,-0.17646047,-0.15819347,0.014843706
2022-12-02 13:00:00+00:00,-0.15611616,-0.17557928,-0.16595027,-0.1554012,-0.15927747,-0.18357769,-0.16497213,-0.15183282,-0.14780545,-0.18612397,-0.16466364,0.013232452
2022-12-02 14:00:00+00:00,-0.16180491,-0.17776191,-0.16781032,-0.16694897,-0.1630593,-0.18901688,-0.16591293,-0.15594822,-0.15455288,-0.19414517,-0.16969614,0.013275548
2022-12-02 15:00:00+00:00,-0.16724542,-0.17942053,-0.16927624,-0.17137843,-0.1666249,-0.19384831,-0.16629851,-0.16529903,-0.15978557,-0.2009432,-0.17401202,0.013397949
2022-12-02 16:00:00+00:00,-0.1724217,-0.18059075,-0.17049018,-0.17376223,-0.16991729,-0.19790193,-0.16756669,-0.17520887,-0.1635882,-0.20635682,-0.17778046,0.01375005
2022-12-02 17:00:00+00:00,-0.17752829,-0.18183023,-0.17184156,-0.17577752,-0.1729216,-0.20137146,-0.16861942,-0.18256399,-0.16661695,-0.2113455,-0.18104164,0.014482092
2022-12-02 18:00:00+00:00,-0.18203011,-0.18271858,-0.17299134,-0.17702347,-0.17529094,-0.20492435,-0.16944972,-0.18812615,-0.16910005,-0.21457285,-0.18362276,0.015177034
2022-12-02 19:00:00+00:00,-0.18592677,-0.18306446,-0.17363909,-0.17745155,-0.17707172,-0.20830977,-0.1701845,-0.1924496,-0.17070496,-0.21429539,-0.18530978,0.01539647
2022-12-02 20:00:00+00:00,-0.18934423,-0.18279538,-0.17379087,-0.17696223,-0.1782791,-0.20985356,-0.17080691,-0.19595185,-0.17147794,-0.21286884,-0.18621309,0.015431
2022-12-02 21:00:00+00:00,-0.19199798,-0.18153363,-0.17307311,-0.17500395,-0.17856154,-0.20887968,-0.17145497,-0.19710815,-0.17040324,-0.21006954,-0.18580858,0.015202105
2022-12-02 22:00:00+00:00,-0.19414487,-0.17951754,-0.17188895,-0.17218748,-0.17810297,-0.20823532,-0.17180684,-0.19589621,-0.1686739,-0.20653462,-0.18469885,0.015126714
2022-12-02 23:00:00+00:00,-0.19499204,-0.17677289,-0.16988882,-0.1682756,-0.17713052,-0.20656744,-0.1718072,-0.19217256,-0.16587028,-0.20171112,-0.18251884,0.0149510475
2022-12-03 00:00:00+00:00,-0.1949955,-0.17370015,-0.16752073,-0.16444454,-0.17610353,-0.20430037,-0.17152539,-0.18659145,-0.16232911,-0.19628009,-0.17977908,0.0147574
2022-12-03 01:00:00+00:00,-0.18533391,-0.17032555,-0.16501513,-0.1607303,-0.174947,-0.20166704,-0.17100105,-0.18080407,-0.15895471,-0.19063187,-0.17594108,0.0136858625
2022-12-03 02:00:00+00:00,-0.17623425,-0.16684207,-0.16232193,-0.1569848,-0.17356792,-0.19883749,-0.17024967,-0.17511314,-0.15556368,-0.18624425,-0.17219593,0.013215253
2022-12-03 03:00:00+00:00,-0.16865921,-0.16331995,-0.1596874,-0.1535955,-0.17208558,-0.19465184,-0.16925266,-0.16979331,-0.1522465,-0.18200064,-0.16852924,0.012789376
2022-12-03 04:00:00+00:00,-0.16233915,-0.15996242,-0.15719604,-0.15053877,-0.17059043,-0.18939498,-0.16801962,-0.16534856,-0.14914471,-0.17749527,-0.16500299,0.012227545
2022-12-03 05:00:00+00:00,-0.15811598,-0.15652633,-0.1546196,-0.14750305,-0.16768342,-0.18181998,-0.16663417,-0.16124356,-0.14610025,-0.17221415,-0.16124605,0.011097074
2022-12-03 06:00:00+00:00,-0.15375653,-0.15344456,-0.15232447,-0.14491472,-0.16383508,-0.17381448,-0.1651743,-0.15761265,-0.1433197,-0.167409,-0.15756056,0.009888666
2022-12-03 07:00:00+00:00,-0.14950955,-0.15069991,-0.15058675,-0.14284661,-0.16068345,-0.16674769,-0.16370055,-0.15409762,-0.14109099,-0.16322058,-0.15431836,0.008938266
2022-12-03 08:00:00+00:00,-0.1454421,-0.14828175,-0.14922354,-0.14114973,-0.15796277,-0.16045862,-0.1621575,-0.15089193,-0.13927299,-0.1592296,-0.15140706,0.008195545
2022-12-03 09:00:00+00:00,-0.14223179,-0.14602461,-0.14808488,-0.13978896,-0.15572345,-0.15474379,-0.16029051,-0.1482003,-0.13787964,-0.15547994,-0.14884478,0.0075429473
2022-12-03 10:00:00+00:00,-0.13968384,-0.1434122,-0.14675769,-0.13809323,-0.15376228,-0.1491118,-0.15828112,-0.1454187,-0.13622165,-0.1517249,-0.14624676,0.007138033
2022-12-03 11:00:00+00:00,-0.13813716,-0.1409311,-0.14567545,-0.1368325,-0.15211326,-0.14392793,-0.15643445,-0.14289013,-0.13478589,-0.1485197,-0.14402476,0.0068715997
2022-12-03 12:00:00+00:00,-0.13589954,-0.13841912,-0.14441001,-0.1352199,-0.15065995,-0.1391356,-0.15324694,-0.13985023,-0.13304335,-0.14527413,-0.14151588,0.006705956
2022-12-03 13:00:00+00:00,-0.1353707,-0.13617715,-0.14320466,-0.13367644,-0.14890233,-0.13441476,-0.15021884,-0.13676855,-0.13154536,-0.142203,-0.13924819,0.0065174713
2022-12-03 14:00:00+00:00,-0.13317412,-0.13238376,-0.14198041,-0.1319007,-0.14590192,-0.12969205,-0.14685124,-0.1330387,-0.12993732,-0.13897526,-0.13638355,0.0065160184
2022-12-03 15:00:00+00:00,-0.12968898,-0.12724483,-0.14085805,-0.12983623,-0.14264435,-0.12472057,-0.14283484,-0.12879527,-0.12812224,-0.13456976,-0.1329315,0.006815173
2022-12-03 16:00:00+00:00,-0.12482354,-0.12093055,-0.13844815,-0.1275979,-0.1391213,-0.119535,-0.13855088,-0.123948574,-0.12536809,-0.1297141,-0.12880382,0.00742272
2022-12-03 17:00:00+00:00,-0.11947623,-0.11424518,-0.13408762,-0.12493065,-0.13514328,-0.11367625,-0.13336605,-0.11868796,-0.121117264,-0.12425354,-0.1238984,0.007980614
2022-12-03 18:00:00+00:00,-0.11376566,-0.10724139,-0.12883255,-0.120571285,-0.1306653,-0.10749769,-0.12783104,-0.11273506,-0.11556843,-0.11802423,-0.11827326,0.008549701
2022-12-03 19:00:00+00:00,-0.10639718,-0.099718094,-0.1228157,-0.1144363,-0.12523949,-0.10099852,-0.121447444,-0.10577536,-0.10881305,-0.11106825,-0.11167093,0.009064036
2022-12-03 20:00:00+00:00,-0.09907904,-0.092874765,-0.11675379,-0.10735455,-0.11973256,-0.094704,-0.114780605,-0.0988462,-0.10211635,-0.10415536,-0.10503973,0.009377117
2022-12-03 21:00:00+00:00,-0.09223643,-0.086960554,-0.11142653,-0.09986827,-0.11414981,-0.08926484,-0.108559966,-0.091631025,-0.09588441,-0.09790358,-0.098788545,0.00958189
2022-12-03 22:00:00+00:00,-0.08562443,-0.08182734,-0.10626,-0.0918628,-0.10804641,-0.08224094,-0.102592885,-0.08476481,-0.08984348,-0.092241794,-0.09253049,0.009813121
2022-12-03 23:00:00+00:00,-0.079239994,-0.0773308,-0.10139251,-0.08334234,-0.10210344,-0.07578942,-0.096776426,-0.07831785,-0.08364028,-0.087034225,-0.086496726,0.010042903
2022-12-04 00:00:00+00:00,-0.07313663,-0.073262036,-0.096583486,-0.076747835,-0.09629735,-0.06987798,-0.09095159,-0.073195845,-0.07736325,-0.08266774,-0.081008375,0.010090086
2022-12-04 01:00:00+00:00,-0.066749305,-0.06885862,-0.091098756,-0.07125124,-0.08988345,-0.06385708,-0.08458516,-0.06802538,-0.07060355,-0.079324454,-0.075423695,0.010008055
2022-12-04 02:00:00+00:00,-0.06061068,-0.06511322,-0.085805595,-0.065859705,-0.0838753,-0.058235288,-0.07847905,-0.062904954,-0.06389248,-0.07624346,-0.07010197,0.010046247
2022-12-04 03:00:00+00:00,-0.05535409,-0.062492937,-0.08134839,-0.0613997,-0.078837216,-0.05357322,-0.07335937,-0.058244973,-0.058148414,-0.073969185,-0.06567275,0.01021967
2022-12-04 04:00:00+00:00,-0.050499827,-0.060691237,-0.07715753,-0.057538807,-0.0741196,-0.047811538,-0.068787724,-0.053731173,-0.05324301,-0.07187411,-0.061545454,0.010637358
2022-12-04 05:00:00+00:00,-0.046283543,-0.059601903,-0.07322243,-0.05428785,-0.0699079,-0.042484283,-0.06478372,-0.04959035,-0.04889655,-0.07023534,-0.057929385,0.01114125
2022-12-04 06:00:00+00:00,-0.042476,-0.059379756,-0.06945905,-0.051638335,-0.06632063,-0.037433863,-0.061057866,-0.046094924,-0.04500386,-0.0690321,-0.05478964,0.01176389
2022-12-04 07:00:00+00:00,-0.039159745,-0.057579637,-0.06607273,-0.04959333,-0.06338379,-0.032736093,-0.057935953,-0.043271095,-0.041549623,-0.06819713,-0.051947914,0.012398417
2022-12-04 08:00:00+00:00,-0.03610578,-0.054296315,-0.06282452,-0.04791677,-0.06071484,-0.02819094,-0.05508125,-0.04088211,-0.03871709,-0.06737858,-0.04921082,0.012922008
2022-12-04 09:00:00+00:00,-0.033219516,-0.04934472,-0.05905366,-0.046430975,-0.05806917,-0.023602784,-0.052360862,-0.038670808,-0.036009073,-0.066070974,-0.046283253,0.01328512
2022-12-04 10:00:00+00:00,-0.030988187,-0.04450652,-0.055613875,-0.045815825,-0.05574867,-0.019406676,-0.050330162,-0.036898375,-0.03400445,-0.065050155,-0.04383629,0.013678296
2022-12-04 11:00:00+00:00,-0.028898388,-0.039487988,-0.05210024,-0.045522243,-0.05324444,-0.017041922,-0.04840684,-0.035158545,-0.032254487,-0.06375626,-0.041587137,0.013728255
2022-12-04 12:00:00+00:00,-0.027147442,-0.03470987,-0.048669517,-0.04566261,-0.050739467,-0.014907122,-0.046673894,-0.033549726,-0.030898422,-0.06243208,-0.039539017,0.0138059845
2022-12-04 13:00:00+00:00,-0.025965035,-0.030144364,-0.045529753,-0.046371102,-0.048239768,-0.01269269,-0.04520628,-0.03218347,-0.030082375,-0.061148494,-0.03775633,0.013993439
2022-12-04 14:00:00+00:00,-0.025400817,-0.026302934,-0.04286012,-0.047662854,-0.04582584,-0.010735869,-0.044191897,-0.03109616,-0.029725134,-0.060185045,-0.036398668,0.014291172
2022-12-04 15:00:00+00:00,-0.025336176,-0.023447305,-0.040618718,-0.049543053,-0.04376641,-0.00905931,-0.043596387,-0.030308276,-0.029811144,-0.059360683,-0.035484746,0.014657654
2022-12-04 16:00:00+00:00,-0.026545554,-0.022860855,-0.039549142,-0.05233842,-0.042824537,-0.008626699,-0.04415953,-0.03047657,-0.030860275,-0.059565187,-0.035780676,0.014965798
2022-12-04 17:00:00+00:00,-0.028715044,-0.023934573,-0.03942719,-0.056155622,-0.042841017,-0.009417653,-0.045648247,-0.03184223,-0.03278351,-0.0610677,-0.037183277,0.015294044
2022-12-04 18:00:00+00:00,-0.03239909,-0.026939422,-0.041091442,-0.060871243,-0.044570923,-0.012488604,-0.049079,-0.034801602,-0.035918772,-0.06491804,-0.040307812,0.015595555
2022-12-04 19:00:00+00:00,-0.0357112,-0.030169517,-0.042773336,-0.06527305,-0.045695037,-0.015648305,-0.052699864,-0.03719318,-0.0390943,-0.06806561,-0.04323234,0.015776468
2022-12-04 20:00:00+00:00,-0.039949834,-0.03446752,-0.045666426,-0.070112765,-0.04742351,-0.01947245,-0.0572564,-0.040128678,-0.042933762,-0.07193667,-0.046934802,0.015956292
2022-12-04 21:00:00+00:00,-0.043637186,-0.038143396,-0.048163384,-0.074406594,-0.04876396,-0.023605913,-0.061252564,-0.043034226,-0.046567053,-0.07544136,-0.050301563,0.016026283
2022-12-04 22:00:00+00:00,-0.046768695,-0.04124075,-0.050421298,-0.07780832,-0.04985729,-0.027594358,-0.06465164,-0.045734137,-0.04975742,-0.07799995,-0.053183388,0.015910387
2022-12-04 23:00:00+00:00,-0.04982519,-0.044416577,-0.053016126,-0.08096731,-0.051368237,-0.031472266,-0.06814924,-0.048961163,-0.05298862,-0.08076504,-0.056192975,0.015800102
2022-12-05 00:00:00+00:00,-0.052541822,-0.04744321,-0.05565217,-0.08396271,-0.052967608,-0.03497073,-0.07134771,-0.052233458,-0.05588907,-0.08496377,-0.059197225,0.016003702
2022-12-05 01:00:00+00:00,-0.054615885,-0.05004534,-0.05793512,-0.08632398,-0.05440727,-0.038246274,-0.07401574,-0.05548644,-0.058293045,-0.088940114,-0.061830927,0.016171088
2022-12-05 02:00:00+00:00,-0.055894166,-0.052002072,-0.059980273,-0.08818337,-0.055523366,-0.04133174,-0.07618913,-0.058383375,-0.060097575,-0.09240097,-0.0639986,0.016324205
2022-12-05 03:00:00+00:00,-0.056476444,-0.053411752,-0.061855674,-0.08963436,-0.05646366,-0.043734908,-0.07779926,-0.06090793,-0.06140852,-0.095431894,-0.06571244,0.016543677
2022-12-05 04:00:00+00:00,-0.05611208,-0.0540103,-0.06311694,-0.09054023,-0.056906402,-0.04566294,-0.07886639,-0.06288609,-0.062007397,-0.09733537,-0.06674441,0.016719561
2022-12-05 05:00:00+00:00,-0.055015475,-0.053949565,-0.06391969,-0.09082508,-0.056843966,-0.04663664,-0.079372555,-0.06395492,-0.0618982,-0.09783399,-0.067025006,0.01682586
2022-12-05 06:00:00+00:00,-0.052524418,-0.05288139,-0.06340635,-0.09005687,-0.055409282,-0.045244277,-0.07866901,-0.06343871,-0.06079322,-0.09693393,-0.065935746,0.017104756
2022-12-05 07:00:00+00:00,-0.050243944,-0.05188608,-0.06344378,-0.0892424,-0.05474174,-0.044237882,-0.077984214,-0.063479125,-0.059871346,-0.096419156,-0.06515496,0.017321337
2022-12-05 08:00:00+00:00,-0.046943158,-0.04994273,-0.0626412,-0.08747974,-0.05369526,-0.04287821,-0.076434284,-0.06314355,-0.05813721,-0.09513706,-0.06364324,0.017486393
2022-12-05 09:00:00+00:00,-0.043210834,-0.047526807,-0.061517894,-0.085378885,-0.05201909,-0.040779233,-0.07470545,-0.061534256,-0.05586949,-0.09283066,-0.06153726,0.017659958
2022-12-05 10:00:00+00:00,-0.0407117,-0.04515317,-0.060611993,-0.08357248,-0.050254077,-0.03853792,-0.07319987,-0.059327096,-0.053751856,-0.0905036,-0.059562374,0.017783858
2022-12-05 11:00:00+00:00,-0.037922382,-0.042471796,-0.05931464,-0.0814988,-0.048329383,-0.035994858,-0.07137957,-0.056953907,-0.051621407,-0.088113636,-0.057360042,0.017948799
2022-12-05 12:00:00+00:00,-0.035173118,-0.039830208,-0.05815795,-0.07945177,-0.046580195,-0.033579886,-0.06977153,-0.054344147,-0.049488455,-0.08581668,-0.055219393,0.018132217
2022-12-05 13:00:00+00:00,-0.032993138,-0.037836492,-0.057578832,-0.07799262,-0.045401275,-0.031685263,-0.06887463,-0.05198583,-0.047965676,-0.08383793,-0.053615164,0.018298244
2022-12-05 14:00:00+00:00,-0.031392068,-0.036542833,-0.057350904,-0.077281,-0.044848353,-0.030364156,-0.06897804,-0.050064802,-0.047046214,-0.08255386,-0.052642226,0.018548975
2022-12-05 15:00:00+00:00,-0.03058517,-0.036110908,-0.057826817,-0.07731241,-0.04491952,-0.02962926,-0.07005668,-0.04894191,-0.046737492,-0.082057804,-0.052417796,0.018859502
2022-12-05 16:00:00+00:00,-0.030241668,-0.036223084,-0.058508337,-0.07811925,-0.045151442,-0.029069424,-0.07155901,-0.048562706,-0.046831906,-0.08197263,-0.052623946,0.019250304
2022-12-05 17:00:00+00:00,-0.03020218,-0.03656876,-0.059157193,-0.07914111,-0.045433104,-0.028477997,-0.07333872,-0.049023807,-0.04763341,-0.082051516,-0.05310278,0.019640492
2022-12-05 18:00:00+00:00,-0.030770749,-0.03756112,-0.060438275,-0.080815196,-0.046188116,-0.028108656,-0.07558438,-0.050216228,-0.049072206,-0.082588196,-0.05413431,0.020064669
2022-12-05 19:00:00+00:00,-0.032403618,-0.03994161,-0.062428743,-0.0833382,-0.047846854,-0.028047502,-0.07858521,-0.05247429,-0.051099747,-0.08396348,-0.05601293,0.020493014
2022-12-05 20:00:00+00:00,-0.035791546,-0.0432474,-0.0649066,-0.08628094,-0.050126225,-0.028021455,-0.08206126,-0.055535287,-0.05360505,-0.08584747,-0.058542322,0.020805852
2022-12-05 21:00:00+00:00,-0.041062027,-0.048147887,-0.06779951,-0.090658486,-0.0542655,-0.029403955,-0.08645868,-0.060329437,-0.05712968,-0.08961111,-0.06248663,0.021061527
2022-12-05 22:00:00+00:00,-0.046135843,-0.05281377,-0.07048571,-0.095017046,-0.058706343,-0.031067044,-0.09041938,-0.065525025,-0.060524732,-0.09353188,-0.06642268,0.021309385
2022-12-05 23:00:00+00:00,-0.051646113,-0.057905078,-0.073547125,-0.098350674,-0.06346053,-0.033976585,-0.094875425,-0.07035136,-0.06402162,-0.097363085,-0.070549764,0.02118782
2022-12-06 00:00:00+00:00,-0.05691147,-0.0626207,-0.07643953,-0.10076466,-0.06763792,-0.03731358,-0.099044204,-0.074429184,-0.06731701,-0.10076156,-0.074323975,0.02086295
2022-12-06 01:00:00+00:00,-0.062422067,-0.06743389,-0.07935017,-0.10242227,-0.07172635,-0.04095477,-0.10317567,-0.07837242,-0.070709944,-0.10523519,-0.078180276,0.020528628
2022-12-06 02:00:00+00:00,-0.06685373,-0.07080349,-0.0815025,-0.10363984,-0.074899465,-0.043929845,-0.10596767,-0.08163571,-0.07351801,-0.10901785,-0.08117682,0.020256054
2022-12-06 03:00:00+00:00,-0.06956288,-0.072307825,-0.082484365,-0.10467228,-0.0769825,-0.04550144,-0.10690117,-0.08408812,-0.07500604,-0.11140394,-0.08289105,0.020138972
2022-12-06 04:00:00+00:00,-0.07122415,-0.072497636,-0.08316508,-0.105549335,-0.07875115,-0.046029568,-0.10664496,-0.0860194,-0.07547003,-0.11298403,-0.08383353,0.020164136
2022-12-06 05:00:00+00:00,-0.07281557,-0.07264972,-0.08437374,-0.10635507,-0.08099389,-0.04678008,-0.10620919,-0.087854296,-0.07565442,-0.11483258,-0.08485185,0.020191615
2022-12-06 06:00:00+00:00,-0.07483685,-0.07338363,-0.085431695,-0.10745278,-0.08410272,-0.048454702,-0.10581079,-0.09048042,-0.07559368,-0.1177707,-0.0863318,0.02023938
2022-12-06 07:00:00+00:00,-0.075738996,-0.073521584,-0.08637318,-0.1080991,-0.08656946,-0.04972875,-0.10486892,-0.092120826,-0.0750463,-0.119769186,-0.08718363,0.020290306
2022-12-06 08:00:00+00:00,-0.07597774,-0.0731332,-0.08718938,-0.10766089,-0.08832556,-0.05075267,-0.10351291,-0.092674226,-0.07417452,-0.121077955,-0.08744791,0.020234676
2022-12-06 09:00:00+00:00,-0.07529649,-0.07175127,-0.08798009,-0.10620165,-0.08889797,-0.051555008,-0.10183784,-0.09197554,-0.07267323,-0.12128878,-0.08694579,0.020069253
2022-12-06 10:00:00+00:00,-0.074448645,-0.06998348,-0.08856097,-0.10414621,-0.08877137,-0.05210653,-0.100372076,-0.090798676,-0.070913106,-0.12109369,-0.08611948,0.019918937
2022-12-06 11:00:00+00:00,-0.07280162,-0.067417055,-0.08860618,-0.10153791,-0.08780816,-0.05197537,-0.098389804,-0.08917904,-0.06873909,-0.120474756,-0.0846929,0.019893223
2022-12-06 12:00:00+00:00,-0.072539955,-0.06649026,-0.08957371,-0.10015097,-0.08810401,-0.05300188,-0.09768939,-0.088404626,-0.06745362,-0.12109938,-0.08445078,0.019895518
2022-12-06 13:00:00+00:00,-0.07359487,-0.0674229,-0.09128514,-0.099882424,-0.08909097,-0.055488706,-0.09849554,-0.088419616,-0.06731278,-0.12272695,-0.085371986,0.019766059
2022-12-06 14:00:00+00:00,-0.07623461,-0.07044068,-0.09376714,-0.100844204,-0.09097177,-0.059644073,-0.10106367,-0.08946383,-0.06867704,-0.12549746,-0.08766045,0.019462109
2022-12-06 15:00:00+00:00,-0.080952615,-0.07546309,-0.09717184,-0.10318223,-0.09401646,-0.065784276,-0.10580045,-0.09163907,-0.07201809,-0.12960908,-0.09156372,0.018976692
2022-12-06 16:00:00+00:00,-0.08697528,-0.08163452,-0.10096222,-0.10504937,-0.09763864,-0.07361069,-0.111573696,-0.094792426,-0.076571524,-0.13453633,-0.09633447,0.018268635
2022-12-06 17:00:00+00:00,-0.09306985,-0.08803487,-0.10465512,-0.10663569,-0.10139394,-0.081730485,-0.11736405,-0.098496854,-0.08102444,-0.13966897,-0.10120742,0.017687103
2022-12-06 18:00:00+00:00,-0.09798223,-0.09295061,-0.10809854,-0.10714352,-0.103960454,-0.08896443,-0.12240735,-0.10133731,-0.084098965,-0.14394233,-0.10508857,0.017437391
2022-12-06 19:00:00+00:00,-0.10349786,-0.0982199,-0.111992806,-0.10744411,-0.107290745,-0.09613255,-0.12756658,-0.104753524,-0.08722904,-0.14885014,-0.10929773,0.017480869
2022-12-06 20:00:00+00:00,-0.10931906,-0.10406613,-0.1159707,-0.10775271,-0.1114693,-0.103467286,-0.13084847,-0.11049926,-0.09034145,-0.15319875,-0.11369331,0.017231438
2022-12-06 21:00:00+00:00,-0.11521077,-0.1101028,-0.11978099,-0.1082243,-0.1159966,-0.11013439,-0.13344133,-0.11659461,-0.09336874,-0.15738311,-0.11802375,0.017103918
2022-12-06 22:00:00+00:00,-0.12135914,-0.11690438,-0.12374082,-0.10868618,-0.12122235,-0.116772175,-0.13476089,-0.122992545,-0.09665924,-0.16148734,-0.1224585,0.016989298
2022-12-06 23:00:00+00:00,-0.12735102,-0.12406105,-0.12719059,-0.1090886,-0.12686056,-0.12295872,-0.13572219,-0.12940782,-0.10026428,-0.1655342,-0.1268439,0.017085668
2022-12-07 00:00:00+00:00,-0.1329509,-0.13015124,-0.1300275,-0.1108979,-0.13186437,-0.12778956,-0.13770115,-0.13537294,-0.10394573,-0.16921061,-0.13099119,0.017245393
2022-12-07 01:00:00+00:00,-0.1380117,-0.13500428,-0.13229498,-0.11551392,-0.13629234,-0.13156238,-0.14041784,-0.1404587,-0.10762215,-0.17238116,-0.13495594,0.017047683
2022-12-07 02:00:00+00:00,-0.14289653,-0.13886449,-0.13453078,-0.120078236,-0.140014,-0.13479525,-0.14338356,-0.14475971,-0.11110625,-0.17476004,-0.13851888,0.016729329
2022-12-07 03:00:00+00:00,-0.14752501,-0.14200953,-0.13679254,-0.12458423,-0.14305484,-0.13761336,-0.14600977,-0.14841068,-0.11429557,-0.17632052,-0.14166161,0.016271213
2022-12-07 04:00:00+00:00,-0.1517896,-0.14481616,-0.13886389,-0.12846425,-0.1459223,-0.1383048,-0.14862838,-0.15170342,-0.11738789,-0.17736998,-0.14432506,0.015869893
2022-12-07 05:00:00+00:00,-0.15525582,-0.14534742,-0.14082465,-0.13099301,-0.1487427,-0.13887998,-0.1511451,-0.15446392,-0.12016037,-0.17736456,-0.14631775,0.015437434
2022-12-07 06:00:00+00:00,-0.15874895,-0.14587632,-0.14287326,-0.13308248,-0.1514352,-0.1391389,-0.15288755,-0.15665844,-0.1230697,-0.17661369,-0.14803845,0.014900747
2022-12-07 07:00:00+00:00,-0.16219872,-0.1465441,-0.14479965,-0.13507837,-0.15395242,-0.13910991,-0.15419573,-0.15821958,-0.12604833,-0.17571965,-0.14958665,0.014388678
2022-12-07 08:00:00+00:00,-0.16588709,-0.14757755,-0.14682457,-0.13753235,-0.15651017,-0.13926616,-0.15491432,-0.15979713,-0.12929717,-0.17520756,-0.1512814,0.013940881
2022-12-07 09:00:00+00:00,-0.16923353,-0.14904115,-0.14890003,-0.14051443,-0.15915233,-0.1403273,-0.15565029,-0.16163921,-0.13301441,-0.17516795,-0.15326406,0.013425316
2022-12-07 10:00:00+00:00,-0.17160335,-0.15091243,-0.15109637,-0.14380887,-0.1617122,-0.14207965,-0.15641075,-0.16361469,-0.13695812,-0.1755141,-0.15537106,0.012762846
2022-12-07 11:00:00+00:00,-0.1728678,-0.15333667,-0.1533244,-0.1476363,-0.16414207,-0.14479366,-0.15713024,-0.16595507,-0.14123094,-0.17638889,-0.1576806,0.011862969
2022-12-07 12:00:00+00:00,-0.17365026,-0.15617886,-0.15565315,-0.15142229,-0.16628057,-0.14798203,-0.15858063,-0.16827121,-0.14569259,-0.17751649,-0.16012281,0.010847869
2022-12-07 13:00:00+00:00,-0.17418185,-0.1591427,-0.15796953,-0.15499845,-0.16810143,-0.15130058,-0.15981492,-0.17030573,-0.15027949,-0.17993611,-0.1626031,0.010015155
2022-12-07 14:00:00+00:00,-0.17464781,-0.16217673,-0.16021267,-0.15828654,-0.16948792,-0.15450549,-0.16086149,-0.1720539,-0.15476868,-0.18294355,-0.1649945,0.009385875
2022-12-07 15:00:00+00:00,-0.17515123,-0.16508663,-0.16248903,-0.16118199,-0.17047003,-0.15717599,-0.16167545,-0.17386311,-0.15919599,-0.1857681,-0.16720578,0.0089506535
2022-12-07 16:00:00+00:00,-0.17580196,-0.16786304,-0.16464493,-0.1638416,-0.17135412,-0.1594378,-0.16247183,-0.1755813,-0.16351855,-0.1873352,-0.16918504,0.008445421
2022-12-07 17:00:00+00:00,-0.1767036,-0.17074132,-0.16693729,-0.16658884,-0.1722238,-0.16183326,-0.16374978,-0.17766815,-0.16829413,-0.18865472,-0.17133948,0.00795108
2022-12-07 18:00:00+00:00,-0.17815208,-0.1738559,-0.16927719,-0.16952273,-0.17307043,-0.16490942,-0.16530603,-0.18054035,-0.17271468,-0.19046101,-0.17378101,0.007700019
2022-12-07 19:00:00+00:00,-0.17958882,-0.17658067,-0.1713193,-0.17187443,-0.17363343,-0.16783622,-0.16638967,-0.1828602,-0.1756011,-0.19223669,-0.17579207,0.0076534054
2022-12-07 20:00:00+00:00,-0.18078247,-0.17879122,-0.17286158,-0.17335713,-0.17384496,-0.16995788,-0.16682255,-0.18433869,-0.1768814,-0.19353914,-0.1771177,0.0077338647
2022-12-07 21:00:00+00:00,-0.18199116,-0.18052357,-0.1740328,-0.17435604,-0.17392856,-0.17153516,-0.16735706,-0.18513346,-0.17767131,-0.19471523,-0.17812444,0.007840041
2022-12-07 22:00:00+00:00,-0.18303406,-0.18173379,-0.17473918,-0.17474005,-0.17392313,-0.17219871,-0.16852042,-0.18565103,-0.178215,-0.19604787,-0.17888035,0.00800862
2022-12-07 23:00:00+00:00,-0.18403494,-0.18261427,-0.17526972,-0.17474201,-0.1739921,-0.17230493,-0.16962972,-0.18589455,-0.17863005,-0.19729367,-0.1794406,0.008222955
2022-12-08 00:00:00+00:00,-0.1848498,-0.18305999,-0.17549351,-0.17429456,-0.17399642,-0.1725041,-0.17066106,-0.18588227,-0.17893365,-0.19861266,-0.17982881,0.008479178
2022-12-08 01:00:00+00:00,-0.18551904,-0.18333408,-0.17557833,-0.17372671,-0.17409632,-0.17303517,-0.1715981,-0.1858451,-0.17901614,-0.20008892,-0.1801838,0.00877367
2022-12-08 02:00:00+00:00,-0.18616018,-0.18329561,-0.17572999,-0.1731377,-0.17431697,-0.17473388,-0.17248929,-0.18588176,-0.1790309,-0.20179707,-0.18065734,0.009048624
2022-12-08 03:00:00+00:00,-0.18656221,-0.18297058,-0.17590165,-0.17267466,-0.17467397,-0.1768823,-0.17335266,-0.18601847,-0.17914319,-0.20377764,-0.18119575,0.0093846945
2022-12-08 04:00:00+00:00,-0.18688044,-0.18265116,-0.17618296,-0.17240995,-0.17516515,-0.17945278,-0.17394066,-0.18609685,-0.17924842,-0.20516989,-0.18171984,0.009595255
2022-12-08 05:00:00+00:00,-0.18688715,-0.18229252,-0.17642826,-0.17185563,-0.17566216,-0.18205822,-0.17436269,-0.18570176,-0.17927554,-0.20591924,-0.1820443,0.009716299
2022-12-08 06:00:00+00:00,-0.18650022,-0.18168274,-0.17622373,-0.17102039,-0.17606005,-0.18421468,-0.17454419,-0.1847415,-0.17927667,-0.20556128,-0.18198255,0.009661551
2022-12-08 07:00:00+00:00,-0.18578628,-0.18102258,-0.17607546,-0.17015356,-0.17644364,-0.18614843,-0.17469189,-0.18340823,-0.17929146,-0.20490974,-0.18179314,0.009579889
2022-12-08 08:00:00+00:00,-0.18472779,-0.18015075,-0.1757451,-0.16926146,-0.17668292,-0.187783,-0.17460993,-0.18255413,-0.17952472,-0.20419973,-0.18152396,0.009577626
2022-12-08 09:00:00+00:00,-0.1829648,-0.17894289,-0.17485362,-0.16808039,-0.17660955,-0.188943,-0.17374805,-0.18110949,-0.17960736,-0.2031934,-0.18080525,0.0096716285
2022-12-08 10:00:00+00:00,-0.18072462,-0.17748591,-0.17371824,-0.16703182,-0.17629018,-0.18967035,-0.17276558,-0.1790708,-0.17940664,-0.20204192,-0.17982061,0.009779997
2022-12-08 11:00:00+00:00,-0.17784351,-0.1758717,-0.172337,-0.16598544,-0.17565677,-0.18985048,-0.17179322,-0.17662355,-0.1791383,-0.20095435,-0.17860544,0.009954615
2022-12-08 12:00:00+00:00,-0.1743842,-0.17410454,-0.17064938,-0.1648103,-0.17470726,-0.18956879,-0.17051691,-0.1742464,-0.17855737,-0.19987279,-0.17714182,0.010232725
2022-12-08 13:00:00+00:00,-0.17012057,-0.17209029,-0.16876465,-0.16359636,-0.17328483,-0.18856701,-0.16870528,-0.17145115,-0.1770556,-0.19860172,-0.17522374,0.010547182
2022-12-08 14:00:00+00:00,-0.16505599,-0.16906962,-0.16645065,-0.16203338,-0.1709199,-0.18671018,-0.16642553,-0.16824013,-0.1736472,-0.19706208,-0.17256145,0.010941111
2022-12-08 15:00:00+00:00,-0.15989217,-0.16575757,-0.16401201,-0.16040862,-0.16604838,-0.18300709,-0.16384307,-0.16457957,-0.16920951,-0.19533741,-0.16920954,0.011237175
2022-12-08 16:00:00+00:00,-0.15326458,-0.16202009,-0.16105488,-0.15737832,-0.15910381,-0.17212161,-0.1607759,-0.16015434,-0.16339627,-0.19273713,-0.1642007,0.01111851
2022-12-08 17:00:00+00:00,-0.14920378,-0.15752888,-0.15699676,-0.15224499,-0.15079504,-0.15845796,-0.15610275,-0.15515247,-0.15626791,-0.1889208,-0.15816712,0.011226792
2022-12-08 18:00:00+00:00,-0.14593136,-0.15246168,-0.15179849,-0.14547265,-0.14120612,-0.14237294,-0.14851236,-0.14984041,-0.14838424,-0.18324324,-0.15092236,0.011941082
2022-12-08 19:00:00+00:00,-0.14188603,-0.14669564,-0.14540899,-0.13668749,-0.13008761,-0.1239014,-0.13950783,-0.14365843,-0.13936502,-0.17565507,-0.14228535,0.0136590395
2022-12-08 20:00:00+00:00,-0.13575473,-0.13680267,-0.13755125,-0.12631333,-0.11795694,-0.10420331,-0.1292229,-0.13666433,-0.12917861,-0.16681257,-0.13204606,0.016053744
2022-12-08 21:00:00+00:00,-0.12740421,-0.12573594,-0.12816688,-0.11408189,-0.10469577,-0.08326477,-0.11753881,-0.12894672,-0.117815405,-0.15659055,-0.12042409,0.018859379
2022-12-08 22:00:00+00:00,-0.11825064,-0.117676914,-0.11782873,-0.10007948,-0.09049103,-0.061731458,-0.10459238,-0.120361,-0.10557282,-0.14553714,-0.10821216,0.022071306
2022-12-08 23:00:00+00:00,-0.10811275,-0.10895267,-0.10654065,-0.088136286,-0.07534298,-0.041225284,-0.08994743,-0.11101052,-0.093034476,-0.13363528,-0.09559385,0.024944214
2022-12-09 00:00:00+00:00,-0.097016245,-0.09964669,-0.09440136,-0.07755223,-0.059482247,-0.026437849,-0.07372132,-0.10125747,-0.079539716,-0.12110147,-0.08301566,0.02639175
2022-12-09 01:00:00+00:00,-0.088008285,-0.09368661,-0.08583954,-0.0695343,-0.04659599,-0.019578248,-0.060676545,-0.09213981,-0.06745505,-0.11057529,-0.073408976,0.026541961
2022-12-09 02:00:00+00:00,-0.0812822,-0.08917433,-0.079974174,-0.06338149,-0.037222624,-0.018320054,-0.05124408,-0.08494836,-0.058589816,-0.10405856,-0.06681956,0.026135692
2022-12-09 03:00:00+00:00,-0.076547384,-0.08716753,-0.0766494,-0.059069097,-0.031958252,-0.020781785,-0.045489162,-0.07998872,-0.053153038,-0.10150772,-0.063231215,0.025581777
2022-12-09 04:00:00+00:00,-0.073809266,-0.08769876,-0.07587227,-0.056795925,-0.030996889,-0.026566625,-0.04387009,-0.07717633,-0.05098006,-0.10245943,-0.06262256,0.02483203
2022-12-09 05:00:00+00:00,-0.07339078,-0.09081045,-0.077439606,-0.05684057,-0.034285337,-0.03530264,-0.04642579,-0.07681182,-0.051757157,-0.10622069,-0.06492849,0.023903081
2022-12-09 06:00:00+00:00,-0.074867785,-0.09587854,-0.08029726,-0.05887863,-0.040673614,-0.045826048,-0.05266455,-0.07851231,-0.055127144,-0.10997045,-0.069269635,0.022494473
2022-12-09 07:00:00+00:00,-0.07820952,-0.102709115,-0.084854126,-0.06268433,-0.049822062,-0.057588965,-0.061827987,-0.082154155,-0.060556293,-0.11550745,-0.0755914,0.021172859
2022-12-09 08:00:00+00:00,-0.08294493,-0.110435426,-0.08982682,-0.06789911,-0.060737222,-0.069540024,-0.07309905,-0.08747408,-0.06670892,-0.122360945,-0.08310266,0.020101892
2022-12-09 09:00:00+00:00,-0.08965382,-0.11874083,-0.0958668,-0.07505104,-0.07423553,-0.08465624,-0.08670968,-0.093917996,-0.07428089,-0.13132,-0.09244327,0.019096345
2022-12-09 10:00:00+00:00,-0.09779793,-0.12607384,-0.10261607,-0.081190765,-0.0896526,-0.102973044,-0.1019761,-0.10089758,-0.08303997,-0.14184204,-0.102805994,0.018635707
2022-12-09 11:00:00+00:00,-0.106607676,-0.129785,-0.10963297,-0.086643666,-0.105828196,-0.12229666,-0.11829764,-0.10777217,-0.09217292,-0.15165532,-0.11306922,0.018707698
2022-12-09 12:00:00+00:00,-0.11311296,-0.13365999,-0.11649305,-0.092609406,-0.12111193,-0.14039141,-0.1343748,-0.11408004,-0.100387305,-0.15818828,-0.12244091,0.019546863
2022-12-09 13:00:00+00:00,-0.11781499,-0.1364915,-0.12195486,-0.10089874,-0.13247603,-0.14837414,-0.14877567,-0.119514406,-0.10767895,-0.16351414,-0.12974934,0.01980245
2022-12-09 14:00:00+00:00,-0.12202534,-0.13898182,-0.12663057,-0.11197671,-0.1414088,-0.14951721,-0.16194117,-0.12361035,-0.11494321,-0.16760874,-0.1358644,0.019292548
2022-12-09 15:00:00+00:00,-0.12562016,-0.14091578,-0.13025653,-0.12117723,-0.1474661,-0.14940974,-0.16877368,-0.12647417,-0.121563524,-0.17039809,-0.1402055,0.018485831
2022-12-09 16:00:00+00:00,-0.12864989,-0.14419499,-0.13280466,-0.12833157,-0.15130833,-0.14814463,-0.16972989,-0.12968114,-0.12768576,-0.17250216,-0.14330329,0.017054878
2022-12-09 17:00:00+00:00,-0.131062,-0.14714229,-0.13413486,-0.1340847,-0.15273255,-0.14574048,-0.16987506,-0.13202336,-0.13304266,-0.17392313,-0.14537612,0.015852323
2022-12-09 18:00:00+00:00,-0.13273084,-0.14926204,-0.13418329,-0.13858515,-0.15307194,-0.14227098,-0.16938066,-0.13220283,-0.13755506,-0.17464924,-0.1463892,0.015176159
2022-12-09 19:00:00+00:00,-0.13499519,-0.15113866,-0.1336092,-0.14302543,-0.15306446,-0.13860324,-0.16939178,-0.13161248,-0.14180085,-0.17464766,-0.14718889,0.014880534
2022-12-09 20:00:00+00:00,-0.13828745,-0.15283147,-0.13243273,-0.14720252,-0.1528042,-0.13490826,-0.16969982,-0.13154328,-0.14556131,-0.17383966,-0.14791107,0.014796353
2022-12-09 21:00:00+00:00,-0.14187258,-0.15408882,-0.13032913,-0.15017825,-0.15253794,-0.13079923,-0.1693103,-0.13129899,-0.14840394,-0.17222509,-0.14810444,0.0150112705
2022-12-09 22:00:00+00:00,-0.14462355,-0.1546587,-0.12744492,-0.1520856,-0.15272838,-0.12629321,-0.16812065,-0.13177696,-0.15015602,-0.16991347,-0.14778014,0.015423205
2022-12-09 23:00:00+00:00,-0.14666954,-0.15499616,-0.12801,-0.15326464,-0.15295234,-0.12192714,-0.16685367,-0.13255608,-0.15117168,-0.16747501,-0.14758763,0.015506138
2022-12-10 00:00:00+00:00,-0.14779332,-0.15521291,-0.13216373,-0.15337104,-0.15219721,-0.11807871,-0.16526043,-0.13357627,-0.15106982,-0.165003,-0.14737265,0.015074486
2022-12-10 01:00:00+00:00,-0.14786074,-0.15488514,-0.13518319,-0.15193102,-0.15014318,-0.114225805,-0.16290411,-0.13512102,-0.1487652,-0.16091925,-0.14619386,0.014511719
2022-12-10 02:00:00+00:00,-0.14517006,-0.14910322,-0.13622093,-0.14707518,-0.14635193,-0.110835165,-0.15951371,-0.13457239,-0.14286873,-0.15491977,-0.1426631,0.013478477
2022-12-10 03:00:00+00:00,-0.13886005,-0.14173621,-0.13534516,-0.13930896,-0.14054912,-0.106777996,-0.15436721,-0.13202435,-0.13493544,-0.14704636,-0.13709506,0.012433848
2022-12-10 04:00:00+00:00,-0.13014352,-0.13300881,-0.13166407,-0.12850204,-0.13279852,-0.1015251,-0.14797804,-0.12761495,-0.12487933,-0.13750514,-0.12956196,0.0117486
2022-12-10 05:00:00+00:00,-0.119520485,-0.12355313,-0.12649846,-0.115311265,-0.123779714,-0.0972915,-0.13686559,-0.12110302,-0.11359143,-0.12682557,-0.12043402,0.010426836
2022-12-10 06:00:00+00:00,-0.10622281,-0.11296761,-0.11902329,-0.09827912,-0.11244407,-0.092502266,-0.12213665,-0.11160177,-0.10023096,-0.11445004,-0.108985856,0.009479997
2022-12-10 07:00:00+00:00,-0.090384275,-0.09841454,-0.1093927,-0.0811654,-0.09891555,-0.0819169,-0.10486171,-0.09987417,-0.08484626,-0.09873724,-0.094850875,0.009751711
2022-12-10 08:00:00+00:00,-0.07165003,-0.081042886,-0.09752038,-0.06603795,-0.08294049,-0.06572136,-0.08510199,-0.085077554,-0.06748408,-0.07976955,-0.07823463,0.010341856
2022-12-10 09:00:00+00:00,-0.049164414,-0.05957836,-0.082511514,-0.049824864,-0.06312078,-0.043554753,-0.06204784,-0.06754908,-0.04464203,-0.05756098,-0.057955462,0.011875614
2022-12-10 10:00:00+00:00,-0.024281353,-0.03434345,-0.06501591,-0.03177446,-0.04031846,-0.016570032,-0.036373764,-0.047751337,-0.017916411,-0.0331828,-0.034752797,0.014351358
2022-12-10 11:00:00+00:00,0.0033162236,-0.007180512,-0.044872373,-0.011039585,-0.014568359,0.018696606,-0.007834792,-0.027461976,0.010683507,-0.0064056516,-0.008666691,0.018194498
2022-12-10 12:00:00+00:00,0.030246735,0.023043633,-0.021677345,0.012938857,0.014561534,0.055593908,0.023440838,-0.0057083964,0.047406763,0.02332145,0.020316798,0.022685148
2022-12-10 13:00:00+00:00,0.056509316,0.04945284,0.0034707785,0.039129615,0.045511246,0.0921064,0.055245876,0.017439961,0.08849844,0.05429095,0.050165545,0.027298445
2022-12-10 14:00:00+00:00,0.082100034,0.07545,0.03501737,0.067008436,0.077712655,0.13103223,0.08690202,0.04222536,0.126259,0.085529506,0.08092366,0.030665489
2022-12-10 15:00:00+00:00,0.10685867,0.1020866,0.072921336,0.09580898,0.10959685,0.16309929,0.117091656,0.06803173,0.15959308,0.1163165,0.11114047,0.03120967
2022-12-10 16:00:00+00:00,0.12888384,0.12655973,0.108811855,0.12356222,0.13715929,0.17904037,0.14339828,0.0939585,0.18627158,0.14406586,0.13717115,0.028457113
2022-12-10 17:00:00+00:00,0.14801556,0.14816344,0.13820797,0.14781195,0.15914434,0.19278473,0.16417372,0.11896962,0.20677522,0.16725266,0.15912992,0.025639826
2022-12-10 18:00:00+00:00,0.1647622,0.16584116,0.16032684,0.16570133,0.1743787,0.2047522,0.1777662,0.14228547,0.22223982,0.18403053,0.17620845,0.022979422
2022-12-10 19:00:00+00:00,0.17963076,0.18092781,0.17738634,0.17763007,0.1853137,0.21531075,0.18584615,0.15968615,0.23423734,0.19496286,0.18909319,0.02127616
2022-12-10 20:00:00+00:00,0.19691181,0.19869196,0.20064521,0.18794805,0.20089006,0.2272383,0.1972658,0.17971629,0.2481282,0.20305383,0.20404896,0.019664535
2022-12-10 21:00:00+00:00,0.21031415,0.21209157,0.21463633,0.19214052,0.20699215,0.23628145,0.2030065,0.19580185,0.25797096,0.20537978,0.21346152,0.019714423
2022-12-10 22:00:00+00:00,0.220837,0.22142422,0.22076565,0.18947214,0.20654172,0.24231845,0.20272344,0.20875621,0.26576772,0.20388538,0.2182492,0.02201797
2022-12-10 23:00:00+00:00,0.22718626,0.2262668,0.21642154,0.17933589,0.19992131,0.24497539,0.19546217,0.22050494,0.26901802,0.1963675,0.21754599,0.026431492
2022-12-11 00:00:00+00:00,0.22996747,0.2272448,0.20620805,0.17653805,0.18844104,0.24448913,0.18285954,0.22104293,0.26841912,0.1858319,0.21310422,0.030264637
2022-12-11 01:00:00+00:00,0.234739,0.23148286,0.20448178,0.194143,0.18760496,0.24592245,0.17851853,0.22701365,0.27003053,0.1762659,0.21502027,0.031477608
2022-12-11 02:00:00+00:00,0.24403322,0.24061775,0.21062386,0.2282579,0.19807512,0.24881923,0.18844241,0.22940665,0.26941124,0.16794795,0.22256353,0.030983109
2022-12-11 03:00:00+00:00,0.2502873,0.24488938,0.20841491,0.24911135,0.19493431,0.24799585,0.18912172,0.22803587,0.26708058,0.15676808,0.22366393,0.035006665
2022-12-11 04:00:00+00:00,0.25522077,0.24370807,0.20274192,0.24385208,0.18879497,0.24530828,0.18262762,0.22543132,0.2650825,0.14560443,0.21983719,0.038408134
2022-12-11 05:00:00+00:00,0.25806177,0.24126416,0.19572228,0.23620951,0.1820435,0.24240124,0.17331111,0.21852994,0.2633861,0.13520944,0.21461391,0.041712288
2022-12-11 06:00:00+00:00,0.2565961,0.23772866,0.18749845,0.22686428,0.17488343,0.23837346,0.16169137,0.20865917,0.26148102,0.12607098,0.20798472,0.044420097
2022-12-11 07:00:00+00:00,0.2548067,0.2334612,0.17913002,0.2165671,0.16808426,0.23405772,0.14852619,0.20019597,0.2596058,0.11877191,0.2013207,0.04689823
2022-12-11 08:00:00+00:00,0.25181347,0.22790861,0.16927117,0.20611072,0.15957344,0.2291432,0.13377875,0.19267166,0.25561753,0.11039978,0.19362883,0.04953485
2022-12-11 09:00:00+00:00,0.24714828,0.22070038,0.15866,0.19486439,0.14946383,0.22257578,0.117431164,0.1837101,0.25015858,0.102739215,0.18474516,0.051835023
2022-12-11 10:00:00+00:00,0.24091065,0.21188396,0.1476323,0.18369496,0.13841784,0.21497107,0.10039693,0.16778606,0.24267754,0.09684479,0.17452161,0.053509116
2022-12-11 11:00:00+00:00,0.23387194,0.20223683,0.13776076,0.1740244,0.12767643,0.20638621,0.08400339,0.15056902,0.23374334,0.092345715,0.1642618,0.05459625
2022-12-11 12:00:00+00:00,0.22507977,0.1911143,0.12830794,0.16613704,0.11581296,0.19628114,0.0677796,0.12237728,0.22278062,0.08706188,0.15227325,0.055875618
2022-12-11 13:00:00+00:00,0.21742332,0.18096697,0.121685624,0.1590839,0.1062811,0.1870659,0.05443746,0.097533464,0.2133353,0.08375347,0.14215665,0.057100322
2022-12-11 14:00:00+00:00,0.20954466,0.17128354,0.11547154,0.15253073,0.09704822,0.17810398,0.04859817,0.07026535,0.20425388,0.080435395,0.13275355,0.057964705
2022-12-11 15:00:00+00:00,0.20143652,0.16205913,0.11029887,0.14683104,0.08857477,0.16915673,0.04409498,0.051376224,0.19592592,0.07776272,0.12475169,0.058130667
2022-12-11 16:00:00+00:00,0.19214517,0.15297514,0.105846345,0.14132953,0.08065182,0.1616841,0.039731085,0.035809577,0.18760982,0.075002134,0.11727848,0.05800992
2022-12-11 17:00:00+00:00,0.18151134,0.14538836,0.10334593,0.13660896,0.07468325,0.15388751,0.03608775,0.027624488,0.18045232,0.07270932,0.11122992,0.056646712
2022-12-11 18:00:00+00:00,0.17265147,0.13991302,0.10112357,0.13225138,0.070626676,0.14823902,0.033628643,0.02254194,0.17576006,0.07211113,0.106884696,0.0553281
2022-12-11 19:00:00+00:00,0.16543317,0.1361075,0.10003489,0.12881762,0.06817198,0.1440633,0.032141745,0.019160211,0.1736078,0.07314813,0.10406864,0.054246057
2022-12-11 20:00:00+00:00,0.16005427,0.13399446,0.100761056,0.12725139,0.0675962,0.14121222,0.031635404,0.017034173,0.17369452,0.07579863,0.10290323,0.053482246
2022-12-11 21:00:00+00:00,0.15769935,0.1341551,0.10440558,0.12688011,0.06978321,0.14072925,0.032603502,0.017910182,0.177098,0.081205785,0.104247,0.05292305
2022-12-11 22:00:00+00:00,0.15762877,0.13617831,0.10982329,0.12772655,0.07368708,0.1418944,0.034587562,0.020699441,0.1827158,0.08704132,0.10719826,0.05270649
2022-12-11 23:00:00+00:00,0.16056353,0.14042306,0.1177966,0.13023019,0.08020401,0.14514875,0.037946165,0.026186526,0.19061211,0.09404397,0.11231549,0.052695416
2022-12-12 00:00:00+00:00,0.16711187,0.14874554,0.12882519,0.1363746,0.090055525,0.15075576,0.042999566,0.03470707,0.2025176,0.10354972,0.120564245,0.053244684
2022-12-12 01:00:00+00:00,0.17491359,0.15845865,0.14026213,0.14818656,0.101011634,0.15722436,0.0485698,0.044564247,0.21626803,0.113435864,0.13028948,0.054253038
2022-12-12 02:00:00+00:00,0.18359166,0.16877568,0.15156388,0.16848248,0.11290598,0.16419882,0.054526806,0.055997133,0.22942677,0.12350935,0.14129785,0.055384826
2022-12-12 03:00:00+00:00,0.19207549,0.17852789,0.16124457,0.19060212,0.123692214,0.17101824,0.059911013,0.06807113,0.23997155,0.13362855,0.15187427,0.05642022
2022-12-12 04:00:00+00:00,0.19888216,0.18629324,0.1675703,0.21250612,0.1316753,0.17655271,0.063653946,0.07998335,0.24790385,0.14292938,0.16079505,0.057533603
2022-12-12 05:00:00+00:00,0.202541,0.19053489,0.16940284,0.23001516,0.13511705,0.17998147,0.065069854,0.09075868,0.2510346,0.14872319,0.16631787,0.058283284
2022-12-12 06:00:00+00:00,0.20111585,0.18953407,0.16494,0.23280132,0.13203192,0.17959714,0.06333476,0.096399724,0.24722269,0.14809841,0.1655076,0.05762787
2022-12-12 07:00:00+00:00,0.19505537,0.183357,0.1553523,0.22698808,0.12306303,0.17580909,0.05890566,0.09986061,0.23731384,0.14078164,0.15964867,0.055857014
2022-12-12 08:00:00+00:00,0.18513286,0.17300594,0.14139175,0.21616894,0.1097973,0.16927618,0.052690804,0.10481268,0.22322336,0.12808752,0.15035874,0.053286806
2022-12-12 09:00:00+00:00,0.17215312,0.15940148,0.124552846,0.20480311,0.09385401,0.16000885,0.045423508,0.11161929,0.20495233,0.11093706,0.13877055,0.050746236
2022-12-12 10:00:00+00:00,0.15781808,0.14439362,0.10851437,0.19244677,0.07820147,0.14867783,0.038449645,0.10881734,0.18349251,0.09166026,0.1252472,0.048659667
2022-12-12 11:00:00+00:00,0.14248341,0.13063633,0.0939644,0.17995018,0.06392425,0.13544577,0.032111526,0.10142821,0.16017482,0.0710665,0.11111854,0.046622083
2022-12-12 12:00:00+00:00,0.12544984,0.115653336,0.078835845,0.16700059,0.04989457,0.1199047,0.025670588,0.084157646,0.13840064,0.048942566,0.095391035,0.045192625
2022-12-12 13:00:00+00:00,0.10745585,0.099939644,0.06764299,0.15446252,0.037173927,0.10291648,0.019277036,0.06517655,0.119487435,0.029294074,0.08028264,0.04377287
2022-12-12 14:00:00+00:00,0.08845329,0.08353013,0.057662785,0.14202565,0.02507335,0.08422172,0.012938201,0.045245707,0.1021252,0.013501883,0.06547779,0.0421275
2022-12-12 15:00:00+00:00,0.06873584,0.06683642,0.046895444,0.12994748,0.013402343,0.066919625,0.00465858,0.024653852,0.08845994,6.169081e-05,0.05105712,0.04126001
2022-12-12 16:00:00+00:00,0.05014044,0.05103475,0.03708589,0.11864114,0.0036062002,0.05229664,-0.0050691366,0.0061961412,0.0716832,-0.010946453,0.03746688,0.04028007
2022-12-12 17:00:00+00:00,0.034399986,0.037582994,0.028787911,0.10893053,-0.0037843585,0.039096832,-0.013595939,-0.008386791,0.055718213,-0.019524097,0.025922528,0.039234977
2022-12-12 18:00:00+00:00,0.022238612,0.027263582,0.022370338,0.10055673,-0.008716464,0.02832508,-0.02078858,-0.01911822,0.042726725,-0.025670767,0.016918704,0.03822164
2022-12-12 19:00:00+00:00,0.012718797,0.019165814,0.016867936,0.093711734,-0.012511075,0.019669294,-0.02687776,-0.026908666,0.032343835,-0.030120194,0.009805972,0.03738269
2022-12-12 20:00:00+00:00,0.006023407,0.013535082,0.012013316,0.08851832,-0.01505205,0.013503373,-0.03148046,-0.031620443,0.024410456,-0.032646954,0.0047204047,0.03657252
2022-12-12 21:00:00+00:00,0.0005185008,0.008841872,0.007387817,0.08330929,-0.01739502,0.009791255,-0.035627842,-0.034745276,0.017656505,-0.034696102,0.00050410035,0.035686176
2022-12-12 22:00:00+00:00,-0.0036949813,0.0051489472,0.0031380653,0.07629895,-0.019256681,0.005831659,-0.039049268,-0.036244154,0.011955589,-0.035995483,-0.0031867356,0.034078196
2022-12-12 23:00:00+00:00,-0.007397473,0.001611054,-0.0011838675,0.0735718,-0.021336466,0.002141714,-0.04212758,-0.037003845,0.006954968,-0.03724137,-0.006201106,0.033542898
2022-12-13 00:00:00+00:00,-0.010374576,-0.0013028979,-0.0051029027,0.061821043,-0.02303037,-0.00096428394,-0.044834048,-0.037170976,0.0027980208,-0.03821677,-0.009637776,0.03058648
2022-12-13 01:00:00+00:00,-0.013002783,-0.00417608,-0.008939058,0.04503846,-0.02483064,-0.0038265586,-0.047222286,-0.036886275,-0.000759989,-0.039259255,-0.013386446,0.026387127
2022-12-13 02:00:00+00:00,-0.015285999,-0.00693202,-0.012322038,0.020263612,-0.026523888,-0.0065098405,-0.049294412,-0.03625083,-0.00388968,-0.04033369,-0.017707879,0.020656891
2022-12-13 03:00:00+00:00,-0.016849548,-0.008936584,-0.014724821,-0.004031718,-0.027842402,-0.00864917,-0.050783843,-0.035002798,-0.006483406,-0.041202962,-0.021450724,0.01629393
2022-12-13 04:00:00+00:00,-0.017824829,-0.010246396,-0.0161528,-0.013382554,-0.028592497,-0.010408521,-0.051687717,-0.03316745,-0.008500516,-0.04207751,-0.023204079,0.0149769075
2022-12-13 05:00:00+00:00,-0.018733859,-0.011543214,-0.017356992,-0.012421191,-0.02944851,-0.012342036,-0.052157313,-0.03137493,-0.0100488365,-0.043253154,-0.023868004,0.014678272
2022-12-13 06:00:00+00:00,-0.019763976,-0.012920976,-0.018552661,-0.010725379,-0.030456603,-0.014585972,-0.05250624,-0.03034532,-0.0114919245,-0.04475841,-0.024610747,0.014580777
2022-12-13 07:00:00+00:00,-0.020929128,-0.01466763,-0.021149695,-0.010053545,-0.03177935,-0.017134935,-0.052900404,-0.029914826,-0.0129700005,-0.04705754,-0.025855705,0.014513946
2022-12-13 08:00:00+00:00,-0.02275303,-0.017338395,-0.02460584,-0.012928337,-0.034210205,-0.020362645,-0.053823918,-0.030755669,-0.014583439,-0.049838662,-0.028120015,0.014173635
2022-12-13 09:00:00+00:00,-0.024657488,-0.019990802,-0.028275311,-0.01880911,-0.037155986,-0.02357924,-0.055146664,-0.032399744,-0.015637666,-0.0523251,-0.03079771,0.013686198
2022-12-13 10:00:00+00:00,-0.026334733,-0.022147983,-0.03149551,-0.027801335,-0.03981355,-0.026461452,-0.056608498,-0.034234315,-0.015984952,-0.054122746,-0.033500507,0.0132191805
2022-12-13 11:00:00+00:00,-0.02799967,-0.024279803,-0.034561694,-0.03483659,-0.042277247,-0.029284507,-0.05808088,-0.03597775,-0.015833437,-0.055354834,-0.03584864,0.0131568685
2022-12-13 12:00:00+00:00,-0.029992163,-0.026914567,-0.03790164,-0.03616014,-0.0449695,-0.032059908,-0.059743553,-0.03796923,-0.015636176,-0.056595743,-0.037794262,0.01330233
2022-12-13 13:00:00+00:00,-0.031898916,-0.029717833,-0.041190743,-0.036695123,-0.04754275,-0.035027772,-0.061573684,-0.039994597,-0.015394211,-0.05777064,-0.039680626,0.013543966
2022-12-13 14:00:00+00:00,-0.033438206,-0.033147544,-0.044769287,-0.03732997,-0.05039811,-0.03882563,-0.06360617,-0.042115092,-0.015451312,-0.05914581,-0.041822713,0.013852759
2022-12-13 15:00:00+00:00,-0.035851,-0.037002683,-0.048504293,-0.038118035,-0.053335994,-0.043266863,-0.06591627,-0.044300765,-0.015871048,-0.06078872,-0.044295568,0.014183683
2022-12-13 16:00:00+00:00,-0.03878936,-0.041125357,-0.052195072,-0.038950652,-0.056260884,-0.047873974,-0.06841752,-0.046442777,-0.016543299,-0.0626035,-0.04692024,0.014568885
2022-12-13 17:00:00+00:00,-0.042098224,-0.045250505,-0.05561009,-0.0398829,-0.058991104,-0.05245781,-0.07106513,-0.048596144,-0.017357945,-0.06440094,-0.04957108,0.014990615
2022-12-13 18:00:00+00:00,-0.045298338,-0.049161494,-0.05883771,-0.04085529,-0.061475456,-0.056789488,-0.07377347,-0.050729394,-0.018202364,-0.06603274,-0.05211557,0.015461115
2022-12-13 19:00:00+00:00,-0.048490882,-0.053074747,-0.061897784,-0.04170546,-0.06366798,-0.06110221,-0.07628864,-0.05255118,-0.019226342,-0.0686031,-0.054660834,0.01600563
2022-12-13 20:00:00+00:00,-0.05149424,-0.057021618,-0.06470376,-0.042575896,-0.06554508,-0.0653466,-0.07850742,-0.054357976,-0.020607203,-0.072301894,-0.05724617,0.016559415
2022-12-13 21:00:00+00:00,-0.054563254,-0.06117782,-0.06743616,-0.043871105,-0.06748816,-0.06976962,-0.0806039,-0.055897653,-0.02250588,-0.07583076,-0.05991443,0.016982343
2022-12-13 22:00:00+00:00,-0.058090776,-0.06605831,-0.070711166,-0.04562089,-0.07006496,-0.07278198,-0.08286902,-0.057945937,-0.025079608,-0.07994813,-0.062917076,0.017275538
2022-12-13 23:00:00+00:00,-0.061904162,-0.07110271,-0.073884696,-0.04776573,-0.073123455,-0.07571468,-0.08548993,-0.060562253,-0.027995855,-0.08440554,-0.06619491,0.01755852
2022-12-14 00:00:00+00:00,-0.06590673,-0.07649478,-0.07719359,-0.050561875,-0.07673225,-0.07910168,-0.08846721,-0.06381768,-0.03114447,-0.0890663,-0.06984866,0.017854333
2022-12-14 01:00:00+00:00,-0.06980798,-0.08193213,-0.080436766,-0.053439587,-0.080409765,-0.082565665,-0.09166026,-0.06740612,-0.034400553,-0.09361684,-0.07356757,0.018152261
2022-12-14 02:00:00+00:00,-0.07330799,-0.08646345,-0.083388865,-0.05619967,-0.083685964,-0.08525503,-0.09494802,-0.07095343,-0.03736174,-0.09780824,-0.07693724,0.01841598
2022-12-14 03:00:00+00:00,-0.076307625,-0.08925858,-0.08590692,-0.05861622,-0.08625057,-0.08720222,-0.09807506,-0.073895216,-0.03985697,-0.101374686,-0.07967441,0.01860021
2022-12-14 04:00:00+00:00,-0.07947528,-0.09210086,-0.08861953,-0.060927987,-0.088902116,-0.08948046,-0.10128343,-0.07656038,-0.042306453,-0.10483748,-0.08244939,0.018845554
2022-12-14 05:00:00+00:00,-0.08287346,-0.09417653,-0.09150323,-0.06300393,-0.09169349,-0.09204075,-0.1047084,-0.07937831,-0.044882208,-0.10855365,-0.085281394,0.019127263
2022-12-14 06:00:00+00:00,-0.086814284,-0.096570015,-0.094878346,-0.06512883,-0.09523234,-0.09564915,-0.10852328,-0.08259642,-0.048201293,-0.11280793,-0.0886402,0.019441493
2022-12-14 07:00:00+00:00,-0.091147274,-0.09904626,-0.09838849,-0.06742066,-0.09925279,-0.09958476,-0.112859845,-0.08630985,-0.05235654,-0.11770934,-0.09240758,0.019731218
2022-12-14 08:00:00+00:00,-0.09573826,-0.101635516,-0.10204214,-0.06993362,-0.10378042,-0.10255295,-0.1178388,-0.09066394,-0.05725965,-0.12316981,-0.09646151,0.019982096
2022-12-14 09:00:00+00:00,-0.09924421,-0.10411325,-0.105383664,-0.07230392,-0.10806194,-0.1058639,-0.12310955,-0.09510851,-0.062176645,-0.12799382,-0.10033593,0.020232089
2022-12-14 10:00:00+00:00,-0.10238531,-0.10670599,-0.108850956,-0.07469985,-0.112431556,-0.109277815,-0.12684214,-0.09950611,-0.06711513,-0.13193464,-0.10397496,0.020203676
2022-12-14 11:00:00+00:00,-0.105317414,-0.10919356,-0.11192438,-0.07706761,-0.11634028,-0.11252612,-0.13043848,-0.10364026,-0.07190278,-0.13539344,-0.10737443,0.020118728
2022-12-14 12:00:00+00:00,-0.108157635,-0.11165756,-0.11490187,-0.08005938,-0.12010032,-0.115630746,-0.13354841,-0.10758519,-0.07655206,-0.1385516,-0.11067448,0.019860907
2022-12-14 13:00:00+00:00,-0.11091116,-0.11402634,-0.11756551,-0.084415406,-0.12352842,-0.11851984,-0.13525105,-0.11134273,-0.081059575,-0.1416178,-0.11382379,0.019191707
2022-12-14 14:00:00+00:00,-0.113630414,-0.11640668,-0.12012303,-0.08867702,-0.12667531,-0.12129617,-0.13695446,-0.11481163,-0.08540693,-0.14443773,-0.116841935,0.018527428
2022-12-14 15:00:00+00:00,-0.11635521,-0.118828535,-0.122642785,-0.09280145,-0.12955812,-0.12401798,-0.1387102,-0.11786839,-0.089731425,-0.14717811,-0.119769216,0.01788178
2022-12-14 16:00:00+00:00,-0.118875414,-0.121043086,-0.12485102,-0.096588194,-0.13168332,-0.12621033,-0.14047536,-0.12043756,-0.093815595,-0.14977798,-0.1223758,0.017270416
2022-12-14 17:00:00+00:00,-0.120930105,-0.12281379,-0.12648624,-0.099648476,-0.13278398,-0.12742773,-0.14214754,-0.12204465,-0.09716511,-0.15191025,-0.12433579,0.016766498
2022-12-14 18:00:00+00:00,-0.12255877,-0.12419805,-0.12749341,-0.10205579,-0.13298461,-0.12771988,-0.14369091,-0.12273154,-0.099556595,-0.15360072,-0.12565902,0.016417908
2022-12-14 19:00:00+00:00,-0.123848796,-0.12527621,-0.12797934,-0.10399449,-0.13252962,-0.12734464,-0.14506683,-0.12267554,-0.10112056,-0.15505624,-0.12648924,0.016238533
2022-12-14 20:00:00+00:00,-0.12491307,-0.12626785,-0.12831384,-0.10551801,-0.13167542,-0.12673217,-0.14627334,-0.12185007,-0.101952136,-0.15598896,-0.12694848,0.016178645
2022-12-14 21:00:00+00:00,-0.1258406,-0.12712309,-0.12855306,-0.106529295,-0.1304532,-0.1261321,-0.14737484,-0.12032196,-0.10237679,-0.15666363,-0.12713687,0.016266104
2022-12-14 22:00:00+00:00,-0.12691742,-0.12811229,-0.12902427,-0.10760349,-0.12967974,-0.1261226,-0.14837104,-0.11883351,-0.10314283,-0.15757579,-0.1275383,0.016377747
2022-12-14 23:00:00+00:00,-0.12784013,-0.12892538,-0.12944636,-0.10833755,-0.12877202,-0.1262779,-0.14927638,-0.11718699,-0.10376787,-0.15851942,-0.127835,0.016603585
2022-12-15 00:00:00+00:00,-0.12871152,-0.1296876,-0.12994456,-0.10895714,-0.12810397,-0.12677819,-0.1500473,-0.115627944,-0.1043714,-0.15953046,-0.12817602,0.016874017
2022-12-15 01:00:00+00:00,-0.12931147,-0.13021219,-0.13003579,-0.10906693,-0.12717277,-0.1270645,-0.15066394,-0.1137431,-0.10452342,-0.1603955,-0.12821896,0.017281432
2022-12-15 02:00:00+00:00,-0.12986359,-0.1307311,-0.13030633,-0.10930869,-0.12674993,-0.12730712,-0.15114793,-0.112163186,-0.10477173,-0.16139475,-0.12837443,0.017662419
2022-12-15 03:00:00+00:00,-0.13037041,-0.13129348,-0.13101089,-0.10987502,-0.12708625,-0.12767625,-0.15153798,-0.11111295,-0.105513364,-0.16213891,-0.12876156,0.017824793
2022-12-15 04:00:00+00:00,-0.13115856,-0.13224071,-0.13252401,-0.11116904,-0.12954816,-0.12883666,-0.15191409,-0.11093524,-0.10706946,-0.16296414,-0.12983601,0.017716167
2022-12-15 05:00:00+00:00,-0.13230252,-0.13364041,-0.13476804,-0.113368064,-0.13354927,-0.13095936,-0.15234885,-0.111890525,-0.10976562,-0.16406804,-0.1316661,0.017324213
2022-12-15 06:00:00+00:00,-0.13369173,-0.13532782,-0.13748136,-0.1161131,-0.13834456,-0.13359752,-0.15288368,-0.11372158,-0.11352867,-0.16529396,-0.1339984,0.016730383
2022-12-15 07:00:00+00:00,-0.13513106,-0.13708505,-0.14030564,-0.11913082,-0.14342082,-0.13624597,-0.15359727,-0.116173685,-0.117687106,-0.16661903,-0.13653964,0.016100002
2022-12-15 08:00:00+00:00,-0.13665938,-0.13896021,-0.14320815,-0.12256804,-0.14651003,-0.1388309,-0.15440693,-0.11949614,-0.12190488,-0.1681616,-0.13907062,0.015311555
2022-12-15 09:00:00+00:00,-0.13816944,-0.1408984,-0.14602831,-0.12635785,-0.148916,-0.1412276,-0.15525883,-0.12343076,-0.12524042,-0.16991878,-0.14154464,0.014545332
2022-12-15 10:00:00+00:00,-0.13929868,-0.14254573,-0.14837578,-0.12986681,-0.15106598,-0.14303032,-0.15617764,-0.12708512,-0.12847054,-0.17152917,-0.14374456,0.013851415
2022-12-15 11:00:00+00:00,-0.14024669,-0.14425531,-0.15046188,-0.13350534,-0.15312797,-0.14455405,-0.15704504,-0.13050026,-0.13174957,-0.17309588,-0.1458542,0.013183963
2022-12-15 12:00:00+00:00,-0.14093938,-0.14571667,-0.15215418,-0.1371274,-0.15494132,-0.1456343,-0.15792778,-0.13373497,-0.13493249,-0.17455709,-0.14776656,0.01256919
2022-12-15 13:00:00+00:00,-0.14164871,-0.14741844,-0.15441236,-0.14154592,-0.15659997,-0.14667639,-0.1587668,-0.13820577,-0.13830015,-0.1760999,-0.14996745,0.011813345
2022-12-15 14:00:00+00:00,-0.1426481,-0.15015379,-0.15706563,-0.14547378,-0.15782937,-0.14755225,-0.1595771,-0.14230594,-0.1416099,-0.17752725,-0.15217432,0.011173185
2022-12-15 15:00:00+00:00,-0.14429322,-0.15285861,-0.15947735,-0.14920202,-0.15892029,-0.14898092,-0.16038096,-0.14603624,-0.14474401,-0.1788452,-0.15437388,0.010560115
2022-12-15 16:00:00+00:00,-0.14604157,-0.15535462,-0.16135988,-0.15228069,-0.1595878,-0.15032718,-0.16111225,-0.14903966,-0.14759639,-0.17993802,-0.15626378,0.01002628
2022-12-15 17:00:00+00:00,-0.14822593,-0.15732971,-0.16240165,-0.15419143,-0.15970731,-0.15003517,-0.16178152,-0.15056172,-0.14937514,-0.18022087,-0.15738304,0.009604349
2022-12-15 18:00:00+00:00,-0.15008411,-0.15849906,-0.16246009,-0.15476683,-0.15919542,-0.147692,-0.16228893,-0.15019032,-0.14993417,-0.17952377,-0.15746348,0.009462074
2022-12-15 19:00:00+00:00,-0.15153149,-0.15906322,-0.16202804,-0.15406707,-0.15823999,-0.14339215,-0.1625883,-0.14788502,-0.14909115,-0.17751786,-0.15654042,0.009721044
2022-12-15 20:00:00+00:00,-0.15200067,-0.15872884,-0.16088808,-0.1525982,-0.15688995,-0.13825384,-0.16272092,-0.14442602,-0.14755318,-0.17519575,-0.15492554,0.010445807
2022-12-15 21:00:00+00:00,-0.15187982,-0.15761364,-0.15925717,-0.15012622,-0.15536293,-0.13298479,-0.16267487,-0.13975117,-0.14486668,-0.1721701,-0.15266874,0.011439817
2022-12-15 22:00:00+00:00,-0.15158817,-0.15605941,-0.15733483,-0.14728028,-0.15377837,-0.12820572,-0.16249222,-0.13502598,-0.14212474,-0.16892093,-0.15028107,0.012424039
2022-12-15 23:00:00+00:00,-0.15136379,-0.15434241,-0.15548477,-0.1440219,-0.15238088,-0.12412858,-0.1621941,-0.1303379,-0.13915879,-0.16570419,-0.14791174,0.013405534
2022-12-16 00:00:00+00:00,-0.15100062,-0.15236294,-0.1537587,-0.14036632,-0.15105197,-0.12071478,-0.16183361,-0.12589636,-0.13604528,-0.16283432,-0.14558648,0.01436792
2022-12-16 01:00:00+00:00,-0.15064755,-0.15050098,-0.15212315,-0.13649759,-0.14993313,-0.11803603,-0.16147608,-0.122317165,-0.13189557,-0.16063657,-0.14340636,0.015323845
2022-12-16 02:00:00+00:00,-0.15031573,-0.14886284,-0.15052333,-0.13295507,-0.14906529,-0.116386056,-0.16097885,-0.11863941,-0.12757209,-0.15892586,-0.14142245,0.016240992
2022-12-16 03:00:00+00:00,-0.14984474,-0.14734635,-0.14909175,-0.12948826,-0.14835867,-0.1152913,-0.1604513,-0.1159721,-0.12431577,-0.15762207,-0.13977823,0.016918324
2022-12-16 04:00:00+00:00,-0.14936066,-0.1459313,-0.1477651,-0.12648267,-0.14785308,-0.11486131,-0.15984935,-0.11793214,-0.121827394,-0.1566337,-0.13884968,0.016780015
2022-12-16 05:00:00+00:00,-0.14824772,-0.14516506,-0.1472759,-0.12499195,-0.14785343,-0.115957916,-0.15924075,-0.12013346,-0.121105015,-0.15625015,-0.13862213,0.016260277
2022-12-16 06:00:00+00:00,-0.14521489,-0.14507344,-0.14758053,-0.12487385,-0.1483652,-0.11864972,-0.15871546,-0.12250364,-0.12203631,-0.15647197,-0.1389485,0.015291121
2022-12-16 07:00:00+00:00,-0.1409184,-0.14575121,-0.1487175,-0.12604591,-0.14940763,-0.12304124,-0.15842226,-0.12509933,-0.124788314,-0.15735579,-0.13995475,0.014042561
2022-12-16 08:00:00+00:00,-0.13529417,-0.14679405,-0.15012005,-0.12782556,-0.15058044,-0.12850404,-0.1582832,-0.12727228,-0.12813053,-0.15831101,-0.14111152,0.013009109
2022-12-16 09:00:00+00:00,-0.13072523,-0.14847699,-0.15217939,-0.13079962,-0.15206826,-0.13448775,-0.15832764,-0.12935391,-0.1309618,-0.15992683,-0.14273074,0.012562433
2022-12-16 10:00:00+00:00,-0.12869734,-0.15032557,-0.15384242,-0.13384151,-0.1534527,-0.13911048,-0.1584979,-0.13077408,-0.13354445,-0.16171357,-0.14438,0.012446653
2022-12-16 11:00:00+00:00,-0.128618,-0.15203965,-0.15525737,-0.13676307,-0.1546472,-0.1426048,-0.15879068,-0.13188535,-0.13596886,-0.16349065,-0.14600657,0.012316671
2022-12-16 12:00:00+00:00,-0.12843356,-0.15334514,-0.15624878,-0.13928786,-0.15554848,-0.14479393,-0.1591241,-0.13271612,-0.1378816,-0.16499814,-0.14723778,0.012317423
2022-12-16 13:00:00+00:00,-0.12835017,-0.1539222,-0.15699607,-0.14112243,-0.15615082,-0.1454503,-0.15940544,-0.13273612,-0.13889122,-0.16577575,-0.14788005,0.012401742
2022-12-16 14:00:00+00:00,-0.12850797,-0.15415004,-0.1574645,-0.1427868,-0.15673888,-0.14547935,-0.15967119,-0.1329068,-0.13960806,-0.16659206,-0.14839056,0.012453574
2022-12-16 15:00:00+00:00,-0.13035503,-0.15391281,-0.15726802,-0.14411873,-0.15725762,-0.14476088,-0.15983474,-0.13372537,-0.13997015,-0.16738394,-0.14885874,0.012111196
2022-12-16 16:00:00+00:00,-0.13273597,-0.1533288,-0.15660745,-0.14484122,-0.15760097,-0.14312518,-0.15985906,-0.13595748,-0.13987368,-0.16790709,-0.14918369,0.011524723
2022-12-16 17:00:00+00:00,-0.13728428,-0.15207398,-0.15522003,-0.14466256,-0.1576258,-0.13994446,-0.15980136,-0.13966769,-0.13923651,-0.16812238,-0.1493639,0.010666902
2022-12-16 18:00:00+00:00,-0.1409311,-0.15015167,-0.15307838,-0.14363185,-0.15743703,-0.13605788,-0.15961704,-0.14355129,-0.13796377,-0.16810569,-0.14905259,0.010433779
2022-12-16 19:00:00+00:00,-0.14488164,-0.14756331,-0.15022671,-0.14168811,-0.15699098,-0.13164741,-0.15937835,-0.14620227,-0.13595626,-0.16781592,-0.14823511,0.01091801
2022-12-16 20:00:00+00:00,-0.14722475,-0.14483675,-0.14721501,-0.1397835,-0.156593,-0.12738031,-0.15891436,-0.14770818,-0.1333569,-0.1669389,-0.14699517,0.011831967
2022-12-16 21:00:00+00:00,-0.14798361,-0.14149147,-0.14335287,-0.1368368,-0.15591818,-0.1229091,-0.15836614,-0.14804024,-0.12939599,-0.16551837,-0.14498128,0.013124021
2022-12-16 22:00:00+00:00,-0.14885381,-0.13819134,-0.13996232,-0.13428777,-0.15545905,-0.11933926,-0.1576908,-0.14820853,-0.12511712,-0.16327518,-0.14303851,0.014264925
2022-12-16 23:00:00+00:00,-0.14770794,-0.1352832,-0.13694462,-0.131811,-0.15514946,-0.116743,-0.15689594,-0.1481114,-0.121557295,-0.16090629,-0.14111102,0.015072344
2022-12-17 00:00:00+00:00,-0.14662793,-0.13406783,-0.13475937,-0.12980834,-0.15512541,-0.11549431,-0.15608543,-0.1483286,-0.11862588,-0.15868962,-0.13976127,0.015540102
2022-12-17 01:00:00+00:00,-0.14555648,-0.1329175,-0.133317,-0.12829119,-0.15484092,-0.11541909,-0.15529224,-0.14842546,-0.11683029,-0.15727794,-0.1388168,0.015682522
2022-12-17 02:00:00+00:00,-0.14414766,-0.13168591,-0.13205975,-0.12643221,-0.15206105,-0.11552355,-0.15447018,-0.14803535,-0.11507529,-0.15584373,-0.13753347,0.015504141
2022-12-17 03:00:00+00:00,-0.14237514,-0.13036716,-0.13104388,-0.12465796,-0.14937422,-0.115519315,-0.15363407,-0.14723718,-0.11321461,-0.15427545,-0.1361699,0.015326145
2022-12-17 04:00:00+00:00,-0.14057833,-0.12920895,-0.13040343,-0.12330502,-0.14726552,-0.11586538,-0.1528419,-0.14634058,-0.111651,-0.1529386,-0.13503988,0.015103446
2022-12-17 05:00:00+00:00,-0.13875291,-0.1283068,-0.13040364,-0.12255558,-0.14610356,-0.116763145,-0.15204927,-0.14509049,-0.11070773,-0.15201375,-0.13427469,0.014748115
2022-12-17 06:00:00+00:00,-0.13732168,-0.12800768,-0.13146147,-0.12310529,-0.1465801,-0.118570596,-0.1510531,-0.14324051,-0.111213714,-0.15212008,-0.13426742,0.014108462
2022-12-17 07:00:00+00:00,-0.1359851,-0.1280334,-0.13314205,-0.124388486,-0.14837396,-0.12083575,-0.1506682,-0.14220685,-0.11300933,-0.15309978,-0.13497429,0.013555093
2022-12-17 08:00:00+00:00,-0.1324504,-0.12789404,-0.13490143,-0.12565383,-0.14911371,-0.12261024,-0.15045616,-0.14133602,-0.11519945,-0.15441284,-0.13540283,0.013095353
2022-12-17 09:00:00+00:00,-0.129161,-0.128331,-0.13728702,-0.12765723,-0.15005556,-0.12417269,-0.15009594,-0.14048886,-0.117851436,-0.15603709,-0.1361138,0.01275347
2022-12-17 10:00:00+00:00,-0.12724042,-0.1287387,-0.13950196,-0.12968028,-0.15121195,-0.124966234,-0.14987302,-0.13954076,-0.12030706,-0.15773264,-0.13687931,0.012695793
2022-12-17 11:00:00+00:00,-0.12690789,-0.12911698,-0.14140055,-0.131486,-0.15263426,-0.124881804,-0.1497151,-0.1383011,-0.1216889,-0.15849438,-0.1374627,0.012748449
2022-12-17 12:00:00+00:00,-0.12695667,-0.1305764,-0.14323431,-0.1334137,-0.1541247,-0.12431231,-0.14962056,-0.13677049,-0.12307194,-0.15831447,-0.13803956,0.012670675
2022-12-17 13:00:00+00:00,-0.12691692,-0.1321409,-0.14426559,-0.13508886,-0.15587449,-0.12324789,-0.14965776,-0.13500684,-0.12440011,-0.15769842,-0.13842979,0.012728002
2022-12-17 14:00:00+00:00,-0.12732196,-0.13371226,-0.14470261,-0.13676319,-0.15755942,-0.1221464,-0.14968911,-0.13314131,-0.12575603,-0.15678948,-0.13875815,0.012781154
2022-12-17 15:00:00+00:00,-0.12848061,-0.13522151,-0.14482987,-0.13826802,-0.15912211,-0.12113473,-0.1497857,-0.13128746,-0.12712112,-0.15574604,-0.13909972,0.012826959
2022-12-17 16:00:00+00:00,-0.13028377,-0.13641912,-0.14448833,-0.13922128,-0.15855801,-0.11980665,-0.14992854,-0.12905335,-0.12828383,-0.15446213,-0.13905051,0.012631363
2022-12-17 17:00:00+00:00,-0.13048115,-0.1370641,-0.14307415,-0.13939822,-0.15749449,-0.1179837,-0.15005866,-0.12703305,-0.12901798,-0.15296513,-0.13845706,0.012622845
2022-12-17 18:00:00+00:00,-0.13036522,-0.1369575,-0.14117387,-0.13843587,-0.15576866,-0.11546758,-0.15011662,-0.12542686,-0.12893933,-0.15118116,-0.13738327,0.012692986
2022-12-17 19:00:00+00:00,-0.13022119,-0.13627768,-0.1391688,-0.13683718,-0.15367687,-0.1126689,-0.1500172,-0.12424424,-0.1277555,-0.14913824,-0.13600059,0.01280751
2022-12-17 20:00:00+00:00,-0.12995428,-0.13495415,-0.13708723,-0.13443276,-0.15129864,-0.10979563,-0.14980668,-0.12338793,-0.12570596,-0.14720488,-0.13436282,0.012980334
2022-12-17 21:00:00+00:00,-0.12947369,-0.13330883,-0.13501209,-0.13137046,-0.14864564,-0.1071319,-0.14949092,-0.12213451,-0.123372614,-0.1452452,-0.13251856,0.013180382
2022-12-17 22:00:00+00:00,-0.1288808,-0.1315696,-0.13314858,-0.12847751,-0.14443249,-0.1051566,-0.14901161,-0.12117374,-0.119663894,-0.14276502,-0.13042799,0.013117978
2022-12-17 23:00:00+00:00,-0.12721914,-0.12957,-0.13126099,-0.12514436,-0.13867107,-0.103388965,-0.14837897,-0.119490474,-0.11581358,-0.13959578,-0.12785333,0.012961089
2022-12-18 00:00:00+00:00,-0.12509504,-0.12766814,-0.12966779,-0.121965826,-0.1335822,-0.10225409,-0.14754874,-0.11820719,-0.11238736,-0.13656715,-0.12549436,0.012798327
2022-12-18 01:00:00+00:00,-0.12290615,-0.1257948,-0.128144,-0.11888483,-0.12945387,-0.10157311,-0.1458166,-0.11769268,-0.10918841,-0.13362682,-0.12330814,0.012487698
2022-12-18 02:00:00+00:00,-0.12048477,-0.123099744,-0.12594166,-0.11580598,-0.1259448,-0.100981295,-0.14254066,-0.11758241,-0.106327266,-0.1308007,-0.12095094,0.011870929
2022-12-18 03:00:00+00:00,-0.117779136,-0.11930096,-0.12359512,-0.11293846,-0.12282273,-0.100336164,-0.1387271,-0.11792016,-0.10363537,-0.12808624,-0.11851414,0.011200128
2022-12-18 04:00:00+00:00,-0.114883155,-0.11479092,-0.12176734,-0.11059633,-0.120329976,-0.099832386,-0.13520992,-0.117712975,-0.1010963,-0.12577069,-0.116198994,0.010720993
2022-12-18 05:00:00+00:00,-0.11237666,-0.11138344,-0.121316016,-0.10915232,-0.119194865,-0.09985319,-0.13206232,-0.11735821,-0.09895009,-0.12426028,-0.11459073,0.010431965
2022-12-18 06:00:00+00:00,-0.11067569,-0.10974282,-0.12130576,-0.10868865,-0.119859785,-0.10092491,-0.12999383,-0.11703056,-0.09787169,-0.12387851,-0.11399722,0.010213
2022-12-18 07:00:00+00:00,-0.10920456,-0.1089775,-0.121236324,-0.1087057,-0.12100315,-0.10263041,-0.12845573,-0.11648396,-0.097489834,-0.12429711,-0.113848425,0.010002512
2022-12-18 08:00:00+00:00,-0.10822824,-0.109357715,-0.12144083,-0.10933882,-0.12277663,-0.104340136,-0.12781358,-0.115820825,-0.09757441,-0.12542504,-0.114211634,0.009979494
2022-12-18 09:00:00+00:00,-0.10732889,-0.109926224,-0.121584326,-0.11010784,-0.124382704,-0.1056712,-0.12751731,-0.11454257,-0.098263025,-0.12677258,-0.11460967,0.0100056995
2022-12-18 10:00:00+00:00,-0.10602164,-0.11016014,-0.12133691,-0.110673636,-0.12512866,-0.10610333,-0.12700465,-0.113025516,-0.0986698,-0.12762678,-0.1145751,0.010093812
2022-12-18 11:00:00+00:00,-0.10395524,-0.11046299,-0.12107593,-0.11156291,-0.12576103,-0.10572624,-0.12610275,-0.11191633,-0.09920576,-0.12849408,-0.11442633,0.010296392
2022-12-18 12:00:00+00:00,-0.10256225,-0.110554695,-0.12060112,-0.112214535,-0.12590778,-0.104498535,-0.12519774,-0.110708505,-0.09938586,-0.12898129,-0.11406124,0.010518376
2022-12-18 13:00:00+00:00,-0.102,-0.111870885,-0.12037453,-0.11383349,-0.12692225,-0.10354367,-0.12506875,-0.11034334,-0.10004905,-0.13019732,-0.11442032,0.010835225
2022-12-18 14:00:00+00:00,-0.102053255,-0.11359984,-0.119726926,-0.11557695,-0.12808996,-0.10233402,-0.12528247,-0.1102902,-0.10082644,-0.1308155,-0.11485956,0.011069294
2022-12-18 15:00:00+00:00,-0.103683025,-0.11579645,-0.11933845,-0.117476374,-0.12940094,-0.10094479,-0.12568581,-0.11042109,-0.10168126,-0.1310955,-0.115552366,0.011191042
2022-12-18 16:00:00+00:00,-0.10638374,-0.11760068,-0.11901897,-0.11897105,-0.13006565,-0.09972778,-0.12607765,-0.11061898,-0.10192609,-0.13125262,-0.11616431,0.011237661
2022-12-18 17:00:00+00:00,-0.10769147,-0.1188432,-0.11877629,-0.11997521,-0.13001746,-0.09860298,-0.12623939,-0.11096683,-0.10238549,-0.13135204,-0.116485044,0.011297178
2022-12-18 18:00:00+00:00,-0.1085276,-0.119038194,-0.1182895,-0.12014064,-0.12884277,-0.09701306,-0.12635359,-0.11084753,-0.10279217,-0.13162056,-0.11634656,0.01137193
2022-12-18 19:00:00+00:00,-0.109650284,-0.11894566,-0.118006766,-0.120057374,-0.12760434,-0.095559865,-0.12639943,-0.11096987,-0.10320526,-0.1322132,-0.11626121,0.011456615
2022-12-18 20:00:00+00:00,-0.110703945,-0.118240654,-0.11783731,-0.119324416,-0.12601003,-0.09445503,-0.12622473,-0.1109305,-0.102809966,-0.13248277,-0.11590193,0.011487625
2022-12-18 21:00:00+00:00,-0.11234689,-0.117773175,-0.11822793,-0.11871612,-0.12491381,-0.094043046,-0.12626669,-0.11141941,-0.10235539,-0.13286978,-0.11589322,0.011486378
2022-12-18 22:00:00+00:00,-0.11474514,-0.118279606,-0.11914569,-0.11841014,-0.12475675,-0.09485155,-0.1266146,-0.11273125,-0.10236424,-0.1338352,-0.116573416,0.0114042265
2022-12-18 23:00:00+00:00,-0.11787519,-0.11970481,-0.1206671,-0.11851138,-0.12540904,-0.09664059,-0.12730479,-0.11491087,-0.1029664,-0.13562146,-0.11796115,0.011323756
2022-12-19 00:00:00+00:00,-0.120892495,-0.12118283,-0.12216076,-0.1184051,-0.12603492,-0.099039346,-0.12810102,-0.11756551,-0.10371879,-0.138001,-0.11951016,0.011271622
2022-12-19 01:00:00+00:00,-0.12364599,-0.12198374,-0.12353158,-0.117663264,-0.12617192,-0.10133603,-0.12865177,-0.11930391,-0.10378373,-0.13960844,-0.12056804,0.011260386
2022-12-19 02:00:00+00:00,-0.1264295,-0.12292129,-0.1246098,-0.117129356,-0.12647092,-0.103235304,-0.1291891,-0.12082186,-0.103942096,-0.13990614,-0.12146554,0.01115566
2022-12-19 03:00:00+00:00,-0.1288048,-0.123536676,-0.12515381,-0.1167261,-0.12669289,-0.1046665,-0.12950093,-0.122071266,-0.103865415,-0.13989699,-0.12209155,0.0111268
2022-12-19 04:00:00+00:00,-0.1310119,-0.124313265,-0.124763995,-0.11658341,-0.12752819,-0.10561153,-0.12981105,-0.12330297,-0.10386142,-0.14017168,-0.12269594,0.011253505
2022-12-19 05:00:00+00:00,-0.1328485,-0.12476763,-0.12400171,-0.1166181,-0.12873575,-0.10577193,-0.129895,-0.12467846,-0.10422662,-0.14051276,-0.12320564,0.011453417
2022-12-19 06:00:00+00:00,-0.13463172,-0.12441492,-0.12426314,-0.11690402,-0.1304889,-0.108334035,-0.12987545,-0.12620297,-0.1050978,-0.14095822,-0.12411711,0.011231244
2022-12-19 07:00:00+00:00,-0.13628602,-0.12447953,-0.12515739,-0.11746091,-0.13184178,-0.11288613,-0.13008246,-0.12762359,-0.10629201,-0.14215219,-0.1254262,0.010817415
2022-12-19 08:00:00+00:00,-0.13843122,-0.12526783,-0.126888,-0.11868343,-0.13441288,-0.117661506,-0.13093954,-0.12931481,-0.10821617,-0.14443833,-0.12742539,0.010651061
2022-12-19 09:00:00+00:00,-0.14011407,-0.12654349,-0.12863815,-0.12027404,-0.13736156,-0.122215,-0.13229871,-0.131403,-0.11086282,-0.14716327,-0.12968741,0.010501716
2022-12-19 10:00:00+00:00,-0.14104897,-0.1273053,-0.12999758,-0.12159735,-0.14020342,-0.12599519,-0.1338071,-0.13344109,-0.11342454,-0.14994451,-0.13167651,0.0104926
2022-12-19 11:00:00+00:00,-0.14191705,-0.12799942,-0.13112232,-0.12308508,-0.14338726,-0.12940288,-0.1355403,-0.13530925,-0.116172045,-0.15280142,-0.1336737,0.010591972
2022-12-19 12:00:00+00:00,-0.14275372,-0.12900117,-0.1324862,-0.12487012,-0.14699411,-0.13254446,-0.13757983,-0.13698119,-0.1188336,-0.15595794,-0.13580021,0.010850974
2022-12-19 13:00:00+00:00,-0.14331892,-0.13020858,-0.13386452,-0.12668931,-0.15057597,-0.13518962,-0.1397875,-0.13833225,-0.121596456,-0.15911898,-0.13786821,0.011147015
2022-12-19 14:00:00+00:00,-0.14360034,-0.13132864,-0.1349647,-0.12807813,-0.1537179,-0.13707387,-0.14180213,-0.13911176,-0.123804,-0.16165736,-0.13951388,0.011476587
2022-12-19 15:00:00+00:00,-0.14402673,-0.13256037,-0.13612375,-0.12959138,-0.15677258,-0.13866276,-0.14328352,-0.13978449,-0.12605861,-0.16415617,-0.14110205,0.011806783
2022-12-19 16:00:00+00:00,-0.14487231,-0.13414991,-0.137505,-0.1315395,-0.15889993,-0.14024463,-0.14500117,-0.14046764,-0.12863827,-0.16689643,-0.14282148,0.011977598
2022-12-19 17:00:00+00:00,-0.1458112,-0.1358031,-0.13869864,-0.13346738,-0.16080028,-0.14131674,-0.14681137,-0.14119926,-0.13149643,-0.16956702,-0.14449713,0.012120907
2022-12-19 18:00:00+00:00,-0.14678141,-0.13731429,-0.1396493,-0.13516733,-0.16247442,-0.14176282,-0.14859205,-0.14218101,-0.13390657,-0.17196283,-0.14597921,0.01231399
2022-12-19 19:00:00+00:00,-0.14750478,-0.13857403,-0.14017567,-0.1365971,-0.16376707,-0.14151049,-0.15009615,-0.14331558,-0.1351411,-0.17375138,-0.14704333,0.012546469
2022-12-19 20:00:00+00:00,-0.14825076,-0.13982901,-0.1406748,-0.1380392,-0.1649648,-0.141435,-0.15155938,-0.14513361,-0.13604316,-0.1754537,-0.14813834,0.012771378
2022-12-19 21:00:00+00:00,-0.14870626,-0.14070791,-0.14092427,-0.13900858,-0.165975,-0.14122438,-0.15272558,-0.14725462,-0.13624662,-0.17660096,-0.14893742,0.013012176
2022-12-19 22:00:00+00:00,-0.14916363,-0.14147806,-0.14119366,-0.13986951,-0.16689676,-0.1412091,-0.15370086,-0.14971235,-0.13654819,-0.17756414,-0.14973362,0.013208098
2022-12-19 23:00:00+00:00,-0.14939243,-0.14201012,-0.14138657,-0.14040658,-0.16773045,-0.14110395,-0.15446773,-0.15281898,-0.13677871,-0.17823985,-0.15043353,0.013425764
2022-12-20 00:00:00+00:00,-0.14947978,-0.14223322,-0.14176315,-0.14049959,-0.16861567,-0.14100379,-0.15503725,-0.15625256,-0.13695404,-0.17879692,-0.15106359,0.013738783
2022-12-20 01:00:00+00:00,-0.14978608,-0.14272544,-0.1428194,-0.14100474,-0.16980016,-0.13922372,-0.1556952,-0.15980345,-0.1375992,-0.1797854,-0.15182427,0.01425883
2022-12-20 02:00:00+00:00,-0.15017933,-0.14371383,-0.1445022,-0.14187506,-0.17114845,-0.13888514,-0.15653339,-0.16235986,-0.13874725,-0.18125832,-0.15292028,0.014607699
2022-12-20 03:00:00+00:00,-0.15086064,-0.14495605,-0.14694265,-0.14352807,-0.17276627,-0.14000604,-0.15783492,-0.16473868,-0.14064336,-0.18356532,-0.1545842,0.014825807
2022-12-20 04:00:00+00:00,-0.15128782,-0.1459279,-0.14917517,-0.145159,-0.17473343,-0.14130771,-0.15938774,-0.1669009,-0.14282548,-0.1861231,-0.15628281,0.015147561
2022-12-20 05:00:00+00:00,-0.15190905,-0.14701506,-0.15163568,-0.14701444,-0.1769771,-0.1430786,-0.16102806,-0.16895407,-0.14513904,-0.18900132,-0.15817523,0.015481438
2022-12-20 06:00:00+00:00,-0.15312889,-0.1483416,-0.15433395,-0.14912075,-0.17953756,-0.14568523,-0.16212767,-0.17087004,-0.14783439,-0.1924439,-0.16034241,0.015784463
2022-12-20 07:00:00+00:00,-0.15443075,-0.14972854,-0.15711641,-0.15122482,-0.18231946,-0.14851898,-0.16338539,-0.17255577,-0.15056959,-0.19600171,-0.16258514,0.01612157
2022-12-20 08:00:00+00:00,-0.15593061,-0.15118,-0.1594455,-0.15284947,-0.1852229,-0.15029043,-0.16466764,-0.17402896,-0.15297604,-0.19917417,-0.16457658,0.016564218
2022-12-20 09:00:00+00:00,-0.15774712,-0.15293303,-0.1620459,-0.15508035,-0.18798384,-0.15249565,-0.16596285,-0.17512175,-0.15543693,-0.20245951,-0.16672671,0.016859509
2022-12-20 10:00:00+00:00,-0.1594024,-0.15478987,-0.1642636,-0.15699428,-0.19050863,-0.15428513,-0.1671972,-0.17595387,-0.1573784,-0.20558828,-0.16863616,0.01720403
2022-12-20 11:00:00+00:00,-0.1613316,-0.1567007,-0.16648448,-0.15891483,-0.19283849,-0.15616432,-0.16850245,-0.17666852,-0.15945938,-0.20873928,-0.1705804,0.017497476
2022-12-20 12:00:00+00:00,-0.16333881,-0.15872335,-0.16876984,-0.16096228,-0.19489723,-0.15810335,-0.16978738,-0.17720887,-0.1616438,-0.21188882,-0.17253236,0.017727925
2022-12-20 13:00:00+00:00,-0.16518134,-0.1606246,-0.17074102,-0.16261092,-0.19682214,-0.15932333,-0.17106417,-0.17752188,-0.1634919,-0.21468252,-0.1742064,0.018010309
2022-12-20 14:00:00+00:00,-0.16699097,-0.16254681,-0.17269737,-0.1642535,-0.19812682,-0.160501,-0.17233506,-0.17777237,-0.16532597,-0.21729374,-0.17578436,0.018184455
2022-12-20 15:00:00+00:00,-0.1686891,-0.16431713,-0.17437804,-0.16560072,-0.19888264,-0.1611825,-0.17358005,-0.17787698,-0.16692412,-0.21916085,-0.17705922,0.018218668
2022-12-20 16:00:00+00:00,-0.17049459,-0.16584006,-0.17595065,-0.16661459,-0.19946238,-0.16134259,-0.17474708,-0.17786822,-0.1681565,-0.22047743,-0.17809543,0.018220441
2022-12-20 17:00:00+00:00,-0.17208114,-0.16708586,-0.1773737,-0.16747606,-0.19978234,-0.16107672,-0.17586374,-0.17943841,-0.16930622,-0.22176066,-0.17912449,0.01829004
2022-12-20 18:00:00+00:00,-0.17328581,-0.16788253,-0.17844608,-0.16789481,-0.19981146,-0.16013122,-0.17683363,-0.18182081,-0.17012581,-0.22257751,-0.17988098,0.018413974
2022-12-20 19:00:00+00:00,-0.17420772,-0.16845292,-0.17941034,-0.16836375,-0.1998981,-0.15955779,-0.17771095,-0.18465817,-0.17093658,-0.22325858,-0.1806455,0.018537277
2022-12-20 20:00:00+00:00,-0.17490333,-0.16888988,-0.1804525,-0.16900203,-0.20012963,-0.15965164,-0.17854986,-0.18742919,-0.17190185,-0.22408494,-0.1814995,0.018659826
2022-12-20 21:00:00+00:00,-0.17536378,-0.16914937,-0.18125242,-0.1693506,-0.20023414,-0.16005185,-0.17936254,-0.18855432,-0.17269689,-0.22471103,-0.1820727,0.018692221
2022-12-20 22:00:00+00:00,-0.17586851,-0.1694175,-0.18202344,-0.16970974,-0.2004542,-0.16122124,-0.18010366,-0.18933114,-0.17321336,-0.22516721,-0.182651,0.018598082
2022-12-20 23:00:00+00:00,-0.17623842,-0.16965947,-0.1826315,-0.16995603,-0.20068789,-0.16263264,-0.1809504,-0.19017822,-0.1737656,-0.2257587,-0.18324588,0.018530348
2022-12-21 00:00:00+00:00,-0.17651904,-0.16992164,-0.18295315,-0.17003193,-0.20094529,-0.16417786,-0.18173444,-0.19094944,-0.1740076,-0.22616625,-0.18374066,0.018442173
2022-12-21 01:00:00+00:00,-0.17671373,-0.17008531,-0.1830261,-0.1701496,-0.2011463,-0.16573536,-0.18244806,-0.1915954,-0.17409909,-0.22636288,-0.18413618,0.01831708
2022-12-21 02:00:00+00:00,-0.17665729,-0.1701062,-0.18288666,-0.16997582,-0.20129827,-0.16682637,-0.1830701,-0.19209501,-0.17407307,-0.22642237,-0.18434112,0.01826492
2022-12-21 03:00:00+00:00,-0.17636877,-0.16986072,-0.18257356,-0.16959786,-0.20125988,-0.16716406,-0.18344301,-0.19206679,-0.17340252,-0.225669,-0.18414064,0.01814375
2022-12-21 04:00:00+00:00,-0.17566895,-0.16947842,-0.18218148,-0.1694178,-0.20115858,-0.16721529,-0.18375477,-0.19190598,-0.17318693,-0.22508702,-0.18390551,0.01807366
2022-12-21 05:00:00+00:00,-0.17481616,-0.16903141,-0.18157154,-0.16910917,-0.20095068,-0.16732019,-0.18385613,-0.19106564,-0.17276844,-0.22409233,-0.18345818,0.017895155
2022-12-21 06:00:00+00:00,-0.1739991,-0.16857982,-0.18107879,-0.16891453,-0.20080301,-0.16758955,-0.18386158,-0.19025508,-0.17234263,-0.22303468,-0.1830459,0.017686125
2022-12-21 07:00:00+00:00,-0.17348358,-0.16860273,-0.18130085,-0.16965073,-0.20086089,-0.16957098,-0.18389076,-0.19010061,-0.17268541,-0.22288841,-0.18330352,0.017403863
2022-12-21 08:00:00+00:00,-0.17301157,-0.16885272,-0.18137133,-0.1703862,-0.20091915,-0.17188433,-0.18389532,-0.18943852,-0.17306969,-0.22272941,-0.18355584,0.017070226
2022-12-21 09:00:00+00:00,-0.17247024,-0.16892669,-0.18117595,-0.17066717,-0.20082664,-0.17348391,-0.18389851,-0.18874332,-0.17325789,-0.22227436,-0.18357246,0.016801473
2022-12-21 10:00:00+00:00,-0.17166916,-0.16877496,-0.18047851,-0.17061317,-0.20054084,-0.17303294,-0.1838642,-0.18789834,-0.17338932,-0.22158667,-0.18318483,0.016677497
2022-12-21 11:00:00+00:00,-0.17105031,-0.16848707,-0.17959163,-0.17046311,-0.20009193,-0.17234117,-0.1837079,-0.18683872,-0.17323449,-0.22048932,-0.18262959,0.016474338
2022-12-21 12:00:00+00:00,-0.17029268,-0.16797033,-0.17852777,-0.17007107,-0.1994052,-0.17130837,-0.18344286,-0.185803,-0.17284065,-0.21898136,-0.18186432,0.016239101
2022-12-21 13:00:00+00:00,-0.16939694,-0.16716713,-0.17725107,-0.16946322,-0.19856966,-0.17016405,-0.1831182,-0.18477136,-0.1724604,-0.21735457,-0.18097165,0.016029567
2022-12-21 14:00:00+00:00,-0.1685633,-0.16639304,-0.17610618,-0.16898715,-0.19770935,-0.16915068,-0.18269867,-0.18378532,-0.1720162,-0.21552864,-0.18009385,0.015745437
2022-12-21 15:00:00+00:00,-0.16779366,-0.16578108,-0.17508489,-0.16854918,-0.19682845,-0.16856894,-0.18227547,-0.18307558,-0.17193499,-0.21416354,-0.17940557,0.015504887
2022-12-21 16:00:00+00:00,-0.16707474,-0.16541776,-0.17426956,-0.16810393,-0.19597828,-0.16827512,-0.18191737,-0.182493,-0.17154986,-0.21269518,-0.17877746,0.015210239
2022-12-21 17:00:00+00:00,-0.16631478,-0.16499758,-0.1734018,-0.16741168,-0.1950705,-0.16788119,-0.18154117,-0.18199608,-0.17103043,-0.21127269,-0.1780918,0.014969326
2022-12-21 18:00:00+00:00,-0.16551441,-0.1644705,-0.17248154,-0.16661128,-0.19422555,-0.16744652,-0.18120903,-0.18129334,-0.17046338,-0.20989841,-0.17736141,0.014776533
2022-12-21 19:00:00+00:00,-0.1640921,-0.16301048,-0.17035922,-0.16421196,-0.1927087,-0.16581205,-0.18074176,-0.17988181,-0.16864225,-0.20708227,-0.17565426,0.014609277
2022-12-21 20:00:00+00:00,-0.16256261,-0.16116008,-0.16808304,-0.16168559,-0.19110897,-0.16258451,-0.18004769,-0.17810002,-0.16575667,-0.2039403,-0.17350295,0.014608411
2022-12-21 21:00:00+00:00,-0.16112992,-0.15946865,-0.16637895,-0.1594693,-0.18968597,-0.15893853,-0.17923686,-0.17629081,-0.16301379,-0.20083448,-0.17144474,0.014632851
2022-12-21 22:00:00+00:00,-0.15962994,-0.15792617,-0.1648897,-0.15744323,-0.18836084,-0.15568477,-0.178366,-0.17453328,-0.16072735,-0.19799262,-0.16955538,0.014671523
2022-12-21 23:00:00+00:00,-0.15807438,-0.15654427,-0.16352788,-0.1555655,-0.18701255,-0.15298378,-0.17738509,-0.17258406,-0.15867129,-0.1952213,-0.167757,0.014635799
2022-12-22 00:00:00+00:00,-0.15632012,-0.15515405,-0.1620974,-0.15359816,-0.18572426,-0.15058023,-0.17622438,-0.17057395,-0.15694946,-0.19258007,-0.1659802,0.014609943
2022-12-22 01:00:00+00:00,-0.1545456,-0.15394965,-0.16081509,-0.15191594,-0.18447533,-0.14884412,-0.17489335,-0.1685926,-0.15542427,-0.19005075,-0.16435066,0.014476861
2022-12-22 02:00:00+00:00,-0.15242556,-0.15252763,-0.15926746,-0.1498676,-0.1830805,-0.14661276,-0.17328566,-0.16638806,-0.15363738,-0.1872704,-0.16243629,0.014416258
2022-12-22 03:00:00+00:00,-0.1500794,-0.15089887,-0.15766376,-0.14781764,-0.18160251,-0.14425308,-0.17169204,-0.16373166,-0.15163955,-0.18427026,-0.1603649,0.014368141
2022-12-22 04:00:00+00:00,-0.14745596,-0.14886928,-0.15593332,-0.14520913,-0.17990094,-0.1407659,-0.16980958,-0.16052759,-0.14916372,-0.1807358,-0.15783712,0.014451741
2022-12-22 05:00:00+00:00,-0.14492315,-0.14689666,-0.15461564,-0.14297232,-0.17842525,-0.13769549,-0.1678746,-0.15689087,-0.14680439,-0.17736697,-0.15544653,0.014510512
2022-12-22 06:00:00+00:00,-0.14230451,-0.14479995,-0.15313923,-0.14054999,-0.17644453,-0.13438123,-0.1655652,-0.15297917,-0.14391991,-0.17345259,-0.15275364,0.014495189
2022-12-22 07:00:00+00:00,-0.13984227,-0.14304367,-0.15195811,-0.13889846,-0.17424098,-0.13193208,-0.16216272,-0.1499452,-0.14208177,-0.17015517,-0.15042605,0.014172633
2022-12-22 08:00:00+00:00,-0.13748747,-0.14156634,-0.15100676,-0.13761106,-0.1724048,-0.13034123,-0.15923625,-0.14748311,-0.14080745,-0.16730073,-0.14852452,0.013841653
2022-12-22 09:00:00+00:00,-0.13494372,-0.13989386,-0.14973298,-0.13596067,-0.16947308,-0.12810603,-0.15612257,-0.145044,-0.13943234,-0.16445151,-0.14631607,0.013463543
2022-12-22 10:00:00+00:00,-0.13259351,-0.1383878,-0.14870304,-0.1346536,-0.16675943,-0.12631217,-0.15336007,-0.14252609,-0.138084,-0.16148809,-0.14428678,0.013045744
2022-12-22 11:00:00+00:00,-0.13040116,-0.13705096,-0.1477803,-0.13347203,-0.1641596,-0.12489244,-0.1513128,-0.14022076,-0.13688704,-0.15877277,-0.14249499,0.012665755
2022-12-22 12:00:00+00:00,-0.12849668,-0.13600892,-0.14722675,-0.1327562,-0.16208231,-0.12429127,-0.14983907,-0.13835871,-0.1360257,-0.15647638,-0.1411562,0.0122960955
2022-12-22 13:00:00+00:00,-0.12675062,-0.13501766,-0.14659986,-0.1320245,-0.15996403,-0.12356952,-0.14877406,-0.13643223,-0.13504726,-0.15432793,-0.13985077,0.0119970795
2022-12-22 14:00:00+00:00,-0.12512437,-0.13406667,-0.1457046,-0.1313543,-0.15792567,-0.12273663,-0.14781004,-0.13466635,-0.1340841,-0.15242982,-0.13859025,0.011748294
2022-12-22 15:00:00+00:00,-0.12356621,-0.1330362,-0.14413208,-0.13057607,-0.15565115,-0.1212683,-0.14654228,-0.13286138,-0.13299432,-0.15051594,-0.13711439,0.011500929
2022-12-22 16:00:00+00:00,-0.122255415,-0.13214192,-0.14283013,-0.1301879,-0.15378585,-0.120247185,-0.14543965,-0.13132194,-0.13199398,-0.1488631,-0.13590671,0.011260203
2022-12-22 17:00:00+00:00,-0.12121278,-0.13172513,-0.14181396,-0.13020504,-0.15238619,-0.12004644,-0.1452373,-0.13005933,-0.1316117,-0.14736944,-0.13516673,0.011002731
2022-12-22 18:00:00+00:00,-0.12016466,-0.13111562,-0.14079985,-0.12999442,-0.15092918,-0.119574875,-0.14442393,-0.12937471,-0.13157672,-0.14636782,-0.1344322,0.010768882
2022-12-22 19:00:00+00:00,-0.1190626,-0.13026744,-0.13974398,-0.12949711,-0.14935175,-0.11871642,-0.1433514,-0.12825459,-0.13103047,-0.14521638,-0.1334492,0.010602102
2022-12-22 20:00:00+00:00,-0.11796826,-0.12943691,-0.13854864,-0.12886187,-0.14783177,-0.11785421,-0.14222613,-0.12705398,-0.12998998,-0.14390397,-0.13236758,0.010436956
2022-12-22 21:00:00+00:00,-0.11696234,-0.12868083,-0.137229,-0.1285657,-0.14641482,-0.11752775,-0.14131585,-0.12606335,-0.12910908,-0.14281985,-0.13146886,0.010209756
2022-12-22 22:00:00+00:00,-0.116007775,-0.12786826,-0.13599992,-0.12806815,-0.14516571,-0.11716536,-0.1403442,-0.12508374,-0.12804246,-0.14177397,-0.13055195,0.010029781
2022-12-22 23:00:00+00:00,-0.11523652,-0.12702698,-0.1349929,-0.1273875,-0.14391932,-0.11675924,-0.13925207,-0.12434539,-0.12707141,-0.14079258,-0.1296784,0.009827489
2022-12-23 00:00:00+00:00,-0.11491504,-0.12631166,-0.13419098,-0.1268743,-0.14295277,-0.11671108,-0.13828853,-0.123785794,-0.12619355,-0.13996014,-0.1290184,0.009569845
2022-12-23 01:00:00+00:00,-0.1143733,-0.12532994,-0.13300675,-0.12570131,-0.14150912,-0.1158942,-0.1365979,-0.12278363,-0.12533519,-0.13905612,-0.12795874,0.009325418
2022-12-23 02:00:00+00:00,-0.1140624,-0.12470284,-0.13205421,-0.12520808,-0.14090753,-0.11627066,-0.13542521,-0.122173995,-0.12481633,-0.13852778,-0.1274149,0.009068649
2022-12-23 03:00:00+00:00,-0.113452286,-0.12422413,-0.13152385,-0.12478447,-0.14069965,-0.117504805,-0.1344957,-0.1217947,-0.12467793,-0.13828287,-0.12714404,0.008883364
2022-12-23 04:00:00+00:00,-0.11315668,-0.12403107,-0.1314696,-0.12476632,-0.14132136,-0.119793415,-0.13393155,-0.121913165,-0.12494117,-0.13861081,-0.12739351,0.008780525
2022-12-23 05:00:00+00:00,-0.112413496,-0.12394473,-0.13089761,-0.124213755,-0.14155686,-0.121227294,-0.13281116,-0.12167144,-0.12487838,-0.13865888,-0.12722737,0.008770903
2022-12-23 06:00:00+00:00,-0.11204326,-0.12440935,-0.13073549,-0.12393752,-0.14218807,-0.12317875,-0.13196662,-0.12137729,-0.124934524,-0.13856372,-0.12733345,0.008769794
2022-12-23 07:00:00+00:00,-0.11223477,-0.12531042,-0.13106227,-0.12404084,-0.14337775,-0.12586397,-0.13206428,-0.12147197,-0.12549528,-0.13912627,-0.12800479,0.008888615
2022-12-23 08:00:00+00:00,-0.1130552,-0.12668222,-0.1314942,-0.12461108,-0.14519703,-0.1291911,-0.1327362,-0.12213355,-0.12667713,-0.14066434,-0.12924421,0.009125278
2022-12-23 09:00:00+00:00,-0.11420524,-0.12833065,-0.13187653,-0.12534705,-0.1472795,-0.1325078,-0.13376889,-0.123063296,-0.12795717,-0.1426538,-0.13069901,0.009451813
2022-12-23 10:00:00+00:00,-0.11607504,-0.13034853,-0.13267124,-0.12646797,-0.1498416,-0.13618073,-0.13539746,-0.124450505,-0.12978923,-0.1454396,-0.1326662,0.009847712
2022-12-23 11:00:00+00:00,-0.11808413,-0.13233301,-0.13356775,-0.12758619,-0.15226799,-0.13920745,-0.13693428,-0.1258378,-0.13155091,-0.14784259,-0.1345212,0.0101564685
2022-12-23 12:00:00+00:00,-0.11954394,-0.13427147,-0.13431647,-0.12863591,-0.15434986,-0.1414668,-0.13830459,-0.12714067,-0.13326478,-0.15027791,-0.13615724,0.010500523
2022-12-23 13:00:00+00:00,-0.12145689,-0.1363725,-0.13544774,-0.13013306,-0.15693262,-0.14397323,-0.14027208,-0.12876901,-0.13490036,-0.15299213,-0.13812496,0.010870136
2022-12-23 14:00:00+00:00,-0.123328835,-0.13832557,-0.13652167,-0.13144994,-0.15914428,-0.14508748,-0.14203304,-0.13015124,-0.13620687,-0.15563011,-0.1397879,0.011143955
2022-12-23 15:00:00+00:00,-0.12560683,-0.14029843,-0.1378366,-0.13294777,-0.16140041,-0.14597592,-0.14361238,-0.13158882,-0.13730547,-0.15835086,-0.14149235,0.011357309
2022-12-23 16:00:00+00:00,-0.12788838,-0.14215562,-0.13901263,-0.13436973,-0.16301763,-0.14651182,-0.14517647,-0.13303015,-0.13834018,-0.16114846,-0.14306511,0.011487511
2022-12-23 17:00:00+00:00,-0.13023585,-0.14365089,-0.14029884,-0.13592654,-0.16466406,-0.14699665,-0.14679447,-0.13450909,-0.13975352,-0.16394606,-0.14467758,0.011612298
2022-12-23 18:00:00+00:00,-0.13265175,-0.1449179,-0.14169559,-0.13758498,-0.16650221,-0.14777273,-0.14851007,-0.1362117,-0.14134637,-0.16683528,-0.14640285,0.011777681
2022-12-23 19:00:00+00:00,-0.13500899,-0.14596319,-0.14307845,-0.13907963,-0.16754314,-0.1483286,-0.15019467,-0.1381664,-0.14272183,-0.16941443,-0.14794995,0.011769453
2022-12-23 20:00:00+00:00,-0.13699394,-0.14676178,-0.14427477,-0.14026156,-0.16851148,-0.14857954,-0.15174809,-0.1403608,-0.14398146,-0.17150903,-0.14929825,0.011746669
2022-12-23 21:00:00+00:00,-0.13896713,-0.1474266,-0.14550856,-0.14140904,-0.16956973,-0.14892039,-0.15320364,-0.1425688,-0.14521298,-0.1732556,-0.15060425,0.01170013
2022-12-23 22:00:00+00:00,-0.14086637,-0.14812735,-0.14669979,-0.14251545,-0.17073575,-0.14958844,-0.15466526,-0.14500305,-0.1467283,-0.17507607,-0.15200058,0.011691423
2022-12-23 23:00:00+00:00,-0.14284933,-0.14899787,-0.14808476,-0.1439004,-0.17212361,-0.150911,-0.15627918,-0.14767522,-0.14873883,-0.17731911,-0.15368792,0.011738079
2022-12-24 00:00:00+00:00,-0.14464748,-0.14985675,-0.14943111,-0.14501154,-0.17344037,-0.15171108,-0.1578345,-0.15020207,-0.15055725,-0.1794301,-0.15521224,0.011843636
2022-12-24 01:00:00+00:00,-0.14644933,-0.15086165,-0.15117958,-0.14609545,-0.17464915,-0.1527471,-0.15939164,-0.15260276,-0.15231335,-0.18135726,-0.15676473,0.011884187
2022-12-24 02:00:00+00:00,-0.14817849,-0.15203366,-0.15297636,-0.14749229,-0.17595685,-0.15407223,-0.16110319,-0.15482122,-0.1542187,-0.18366507,-0.1584518,0.0120012555
2022-12-24 03:00:00+00:00,-0.14969313,-0.15323779,-0.1547983,-0.1490199,-0.17726722,-0.15578192,-0.16219538,-0.15688136,-0.15626541,-0.18602502,-0.16011654,0.012116048
2022-12-24 04:00:00+00:00,-0.1511775,-0.1545504,-0.15670282,-0.15072387,-0.17861086,-0.15784174,-0.16319498,-0.15886039,-0.158227,-0.18859863,-0.16184881,0.012264789
2022-12-24 05:00:00+00:00,-0.15272048,-0.15601113,-0.1582528,-0.15241444,-0.18009672,-0.16030547,-0.16425028,-0.16077992,-0.16007668,-0.19133857,-0.16362464,0.012484974
2022-12-24 06:00:00+00:00,-0.15420455,-0.15744916,-0.15949225,-0.1539866,-0.18160382,-0.1625315,-0.16538268,-0.16260079,-0.16187939,-0.19410688,-0.16532376,0.012774847
2022-12-24 07:00:00+00:00,-0.1559745,-0.15901276,-0.16092387,-0.15592512,-0.18333635,-0.16495767,-0.16649833,-0.16452953,-0.1635159,-0.19705617,-0.16717303,0.013070514
2022-12-24 08:00:00+00:00,-0.15814573,-0.16085696,-0.16258335,-0.15813243,-0.18523052,-0.16705352,-0.16769469,-0.1669383,-0.16513264,-0.20044407,-0.16922124,0.013415462
2022-12-24 09:00:00+00:00,-0.16079399,-0.16334239,-0.16492066,-0.16120729,-0.18758872,-0.16965693,-0.16909617,-0.16962951,-0.16759554,-0.20457974,-0.1718411,0.013785115
2022-12-24 10:00:00+00:00,-0.16314042,-0.16544288,-0.16695973,-0.16383606,-0.18964183,-0.17176333,-0.17052469,-0.17207602,-0.17006129,-0.20829421,-0.17417404,0.014145194
2022-12-24 11:00:00+00:00,-0.16518694,-0.16709667,-0.16850197,-0.16602868,-0.19143224,-0.17322108,-0.17192486,-0.17417929,-0.17202812,-0.2111777,-0.17607775,0.0144176725
2022-12-24 12:00:00+00:00,-0.16708857,-0.16846958,-0.16983116,-0.16790134,-0.19309628,-0.17419764,-0.17328697,-0.17633402,-0.17363197,-0.21348274,-0.17773202,0.014618601
2022-12-24 13:00:00+00:00,-0.16984755,-0.17039645,-0.17239046,-0.17134815,-0.19543114,-0.1762658,-0.174743,-0.17888287,-0.17638725,-0.21708322,-0.18027759,0.014893902
2022-12-24 14:00:00+00:00,-0.1728619,-0.17263117,-0.17513525,-0.17448619,-0.19771677,-0.17880768,-0.17636052,-0.1814658,-0.17910942,-0.22046658,-0.18290414,0.015070272
2022-12-24 15:00:00+00:00,-0.17599237,-0.17481905,-0.17772406,-0.17740709,-0.20001423,-0.18125191,-0.17816496,-0.18420374,-0.18200216,-0.22384474,-0.18554243,0.015264942
2022-12-24 16:00:00+00:00,-0.1798845,-0.17709243,-0.18018752,-0.18018165,-0.20229417,-0.18349105,-0.18002582,-0.18675375,-0.18471318,-0.22715342,-0.18817773,0.015421018
2022-12-24 17:00:00+00:00,-0.18331036,-0.17921954,-0.18228075,-0.1824891,-0.20415264,-0.18507391,-0.1818474,-0.1897479,-0.18716946,-0.23034126,-0.19056323,0.015635852
2022-12-24 18:00:00+00:00,-0.18629068,-0.18107322,-0.1839545,-0.18441138,-0.20560253,-0.18604484,-0.18361145,-0.19234955,-0.18903098,-0.2330839,-0.19254532,0.015843047
2022-12-24 19:00:00+00:00,-0.18874902,-0.18277183,-0.1852791,-0.1859639,-0.20678422,-0.18662044,-0.18532333,-0.1952126,-0.19065431,-0.23577732,-0.19431362,0.016139947
2022-12-24 20:00:00+00:00,-0.19043607,-0.18417266,-0.18597862,-0.18676987,-0.20754182,-0.18664926,-0.18683282,-0.19818017,-0.19148794,-0.23756072,-0.195561,0.016369456
2022-12-24 21:00:00+00:00,-0.19154516,-0.1849621,-0.18587545,-0.18655184,-0.20790368,-0.18614978,-0.18819422,-0.20060283,-0.19111091,-0.23826963,-0.19611654,0.016548866
2022-12-24 22:00:00+00:00,-0.19298777,-0.18570745,-0.1859596,-0.18654999,-0.20847598,-0.18586564,-0.18935901,-0.20260769,-0.19050977,-0.23867005,-0.1966693,0.016658792
2022-12-24 23:00:00+00:00,-0.19449192,-0.18656147,-0.18636766,-0.18673289,-0.20923463,-0.18599084,-0.19049475,-0.20455572,-0.19034001,-0.23936275,-0.19741327,0.016803632
2022-12-25 00:00:00+00:00,-0.1959382,-0.18771684,-0.18727365,-0.1873421,-0.2102435,-0.1866278,-0.1915808,-0.20672852,-0.19061723,-0.24064302,-0.19847116,0.017016253
2022-12-25 01:00:00+00:00,-0.1960321,-0.18790272,-0.1867533,-0.18607476,-0.21041793,-0.18615472,-0.19244197,-0.20782927,-0.18971214,-0.24056703,-0.1983886,0.017242324
2022-12-25 02:00:00+00:00,-0.19565046,-0.18764251,-0.18611658,-0.18472564,-0.2104851,-0.18513912,-0.19300956,-0.20840117,-0.18828684,-0.23972622,-0.19791831,0.01738437
2022-12-25 03:00:00+00:00,-0.19499347,-0.18714556,-0.1855582,-0.18348837,-0.21039358,-0.18409154,-0.19331166,-0.20864496,-0.18674773,-0.23811272,-0.19724879,0.01733521
2022-12-25 04:00:00+00:00,-0.19397381,-0.18634447,-0.18489191,-0.18219516,-0.21022794,-0.18312263,-0.19347402,-0.20867553,-0.18535483,-0.23654133,-0.19648018,0.017324427
2022-12-25 05:00:00+00:00,-0.19290686,-0.18542966,-0.18439624,-0.18115032,-0.210298,-0.18280807,-0.19362462,-0.2087793,-0.18441465,-0.23536748,-0.19591752,0.017345583
2022-12-25 06:00:00+00:00,-0.19216374,-0.18449393,-0.18399113,-0.18009129,-0.21031374,-0.18277693,-0.19369519,-0.20840862,-0.18353331,-0.2342804,-0.19537482,0.01732155
2022-12-25 07:00:00+00:00,-0.19143555,-0.18341854,-0.18391263,-0.17937285,-0.21048334,-0.18305272,-0.19369873,-0.20745006,-0.18256727,-0.23334882,-0.19487406,0.017250402
2022-12-25 08:00:00+00:00,-0.19092086,-0.18240598,-0.18411613,-0.17889598,-0.21070203,-0.18354174,-0.19393903,-0.20655298,-0.18198752,-0.2328839,-0.19459462,0.017218726
2022-12-25 09:00:00+00:00,-0.19004127,-0.18109998,-0.18419665,-0.17820328,-0.21071166,-0.1832957,-0.19394079,-0.20542249,-0.18130195,-0.2319952,-0.1940209,0.017181817
2022-12-25 10:00:00+00:00,-0.18850523,-0.17948627,-0.18353748,-0.17711726,-0.21023542,-0.18215406,-0.19340315,-0.20325112,-0.18060106,-0.23079786,-0.1929089,0.017149327
2022-12-25 11:00:00+00:00,-0.18674728,-0.17777446,-0.18249458,-0.1759887,-0.2096946,-0.18063828,-0.19293484,-0.20052528,-0.17930877,-0.22923726,-0.19153443,0.017120248
2022-12-25 12:00:00+00:00,-0.18454546,-0.17544591,-0.180419,-0.17398763,-0.20862627,-0.1783014,-0.19180128,-0.19718719,-0.17715377,-0.22659066,-0.18940587,0.017090715
2022-12-25 13:00:00+00:00,-0.18166184,-0.1726743,-0.17838684,-0.17215261,-0.20687899,-0.17559734,-0.19078922,-0.19404674,-0.17471519,-0.22350043,-0.18704036,0.016999165
2022-12-25 14:00:00+00:00,-0.17813373,-0.16960585,-0.1760489,-0.17000508,-0.20496416,-0.17097217,-0.18963873,-0.19121921,-0.17198735,-0.21978366,-0.18423587,0.017055573
2022-12-25 15:00:00+00:00,-0.17517987,-0.1668477,-0.17424905,-0.16838667,-0.20314917,-0.16599172,-0.18840331,-0.18867147,-0.16957179,-0.21631,-0.18167607,0.017130727
2022-12-25 16:00:00+00:00,-0.17277738,-0.16433728,-0.17282921,-0.16682222,-0.20148945,-0.16140822,-0.18711472,-0.18676808,-0.16791382,-0.21354777,-0.17950079,0.017305987
2022-12-25 17:00:00+00:00,-0.17091489,-0.16224697,-0.17202893,-0.16576242,-0.19967976,-0.15801746,-0.18582326,-0.18496346,-0.16637754,-0.21093678,-0.17767516,0.017261498
2022-12-25 18:00:00+00:00,-0.16891244,-0.16057175,-0.17128229,-0.16477144,-0.19797811,-0.15509066,-0.18448687,-0.18336084,-0.1652632,-0.20872608,-0.17604437,0.01722177
2022-12-25 19:00:00+00:00,-0.16654441,-0.15883276,-0.17003518,-0.1632036,-0.19615698,-0.1514265,-0.18300119,-0.18166709,-0.16391322,-0.20603451,-0.17408153,0.017275868
2022-12-25 20:00:00+00:00,-0.16418087,-0.15666258,-0.16796032,-0.16090152,-0.19422817,-0.14651167,-0.18100825,-0.17906004,-0.1618408,-0.20252967,-0.17148839,0.01745872
2022-12-25 21:00:00+00:00,-0.16181418,-0.15444568,-0.16563079,-0.15877083,-0.19222096,-0.14190689,-0.17893219,-0.17583624,-0.15952206,-0.19886509,-0.16879448,0.01757339
2022-12-25 22:00:00+00:00,-0.1592803,-0.15233698,-0.16341856,-0.15673134,-0.18993697,-0.1379101,-0.1771228,-0.17273262,-0.15681046,-0.19493568,-0.16612159,0.017565887
2022-12-25 23:00:00+00:00,-0.15652472,-0.15063119,-0.16107285,-0.15450335,-0.18737766,-0.13396263,-0.1752932,-0.16945133,-0.15442172,-0.1907866,-0.16340253,0.017464463
2022-12-26 00:00:00+00:00,-0.15412039,-0.1493488,-0.15934852,-0.15306693,-0.18501875,-0.13162088,-0.1738706,-0.16736677,-0.15285328,-0.18750429,-0.16141191,0.01719855
2022-12-26 01:00:00+00:00,-0.15259048,-0.14901727,-0.15892789,-0.1530267,-0.18340757,-0.13299626,-0.17295513,-0.16622064,-0.15292582,-0.18632951,-0.16083972,0.016482925
2022-12-26 02:00:00+00:00,-0.1514262,-0.14906463,-0.15901735,-0.15345246,-0.18228903,-0.13621357,-0.17248458,-0.16552103,-0.15378383,-0.18591535,-0.1609168,0.015590991
2022-12-26 03:00:00+00:00,-0.14989525,-0.14874732,-0.15861306,-0.15326014,-0.18136653,-0.13810119,-0.1716049,-0.16448167,-0.15428564,-0.18484229,-0.1605198,0.014959259
2022-12-26 04:00:00+00:00,-0.14815143,-0.14848936,-0.15816137,-0.15272364,-0.18021718,-0.13887388,-0.17105392,-0.16281837,-0.15387374,-0.18303344,-0.15973964,0.014459835
2022-12-26 05:00:00+00:00,-0.14595398,-0.14751929,-0.1572631,-0.15159735,-0.17885628,-0.13745064,-0.16985011,-0.16053087,-0.15273085,-0.18063259,-0.1582385,0.014298444
2022-12-26 06:00:00+00:00,-0.14394349,-0.14638668,-0.15638193,-0.150707,-0.1775457,-0.13603085,-0.16879004,-0.15803447,-0.15140614,-0.17818713,-0.15674135,0.014159887
2022-12-26 07:00:00+00:00,-0.14217722,-0.14539346,-0.15563715,-0.15013897,-0.1766288,-0.13504097,-0.16770345,-0.15579566,-0.15048936,-0.17611697,-0.1555122,0.014033976
2022-12-26 08:00:00+00:00,-0.14055786,-0.14453852,-0.15472049,-0.14955935,-0.17571804,-0.13433874,-0.16685835,-0.15384069,-0.14970365,-0.17413425,-0.15439698,0.013889727
2022-12-26 09:00:00+00:00,-0.13928735,-0.14399347,-0.15399447,-0.14939928,-0.17502156,-0.13437197,-0.16620848,-0.15250385,-0.14934537,-0.17261043,-0.15367362,0.01367544
2022-12-26 10:00:00+00:00,-0.13806126,-0.1433095,-0.15315884,-0.14876577,-0.17459136,-0.13378811,-0.16513184,-0.15130153,-0.14925495,-0.17121181,-0.1528575,0.013605015
2022-12-26 11:00:00+00:00,-0.13686779,-0.14252082,-0.15248987,-0.14801958,-0.17423883,-0.13283163,-0.16404298,-0.15029243,-0.14887738,-0.16967294,-0.15198544,0.013609412
2022-12-26 12:00:00+00:00,-0.13564894,-0.14165628,-0.1519933,-0.1470451,-0.17369854,-0.13151062,-0.16262287,-0.14868715,-0.14814752,-0.1676881,-0.15086985,0.013587365
2022-12-26 13:00:00+00:00,-0.1335957,-0.13999215,-0.15058267,-0.14467195,-0.17267537,-0.12761068,-0.15996367,-0.14611942,-0.14579639,-0.16424882,-0.14852569,0.01385134
2022-12-26 14:00:00+00:00,-0.13120973,-0.1378273,-0.14846694,-0.14180544,-0.17097488,-0.12273222,-0.15624058,-0.14258525,-0.14271155,-0.16017696,-0.1454731,0.014141794
2022-12-26 15:00:00+00:00,-0.12871829,-0.13590896,-0.14660943,-0.13921598,-0.16670853,-0.119292974,-0.15233594,-0.13887587,-0.13957864,-0.15592027,-0.14231649,0.013678245
2022-12-26 16:00:00+00:00,-0.12639147,-0.13436359,-0.14498132,-0.13688424,-0.16251507,-0.1173673,-0.14845985,-0.13538373,-0.1370706,-0.1520876,-0.13955048,0.012979472
2022-12-26 17:00:00+00:00,-0.123794824,-0.13312867,-0.14298528,-0.13485333,-0.15830928,-0.11663693,-0.14504588,-0.13181075,-0.13497445,-0.14820746,-0.13697469,0.012110159
2022-12-26 18:00:00+00:00,-0.12057611,-0.13160786,-0.14037687,-0.13185877,-0.15324447,-0.11509818,-0.14155707,-0.12775615,-0.1323381,-0.14390999,-0.13383234,0.011331296
2022-12-26 19:00:00+00:00,-0.11567211,-0.12986788,-0.13713467,-0.1284447,-0.14738849,-0.11273956,-0.1372441,-0.123145014,-0.12898979,-0.13892111,-0.12995474,0.010744325
2022-12-26 20:00:00+00:00,-0.11130273,-0.12871188,-0.13466626,-0.12582195,-0.14266065,-0.112045705,-0.13296619,-0.11907017,-0.12599364,-0.13496488,-0.1268204,0.010225176
2022-12-26 21:00:00+00:00,-0.106645286,-0.12771267,-0.13205343,-0.12297803,-0.13811043,-0.11083639,-0.12833256,-0.11496344,-0.12235165,-0.13087189,-0.12348558,0.010005449
2022-12-26 22:00:00+00:00,-0.10234475,-0.12549382,-0.12970537,-0.120489806,-0.13443589,-0.1102663,-0.12413043,-0.11130974,-0.118525594,-0.12725389,-0.12039556,0.009917847
2022-12-26 23:00:00+00:00,-0.09789139,-0.12184611,-0.12693638,-0.11748764,-0.13100475,-0.10911238,-0.11979753,-0.10788402,-0.114420384,-0.12382418,-0.11702049,0.009944778
2022-12-27 00:00:00+00:00,-0.09291726,-0.11701706,-0.123544514,-0.113401264,-0.12723076,-0.10624513,-0.11451751,-0.10452345,-0.10931462,-0.12007776,-0.11287893,0.010091959
2022-12-27 01:00:00+00:00,-0.086901784,-0.11087367,-0.11893967,-0.10806525,-0.12262821,-0.100713104,-0.10825452,-0.1002247,-0.10332993,-0.115229905,-0.10751607,0.0103945285
2022-12-27 02:00:00+00:00,-0.0796535,-0.10324347,-0.11277062,-0.10093334,-0.11666188,-0.09254485,-0.10101369,-0.09450245,-0.09616515,-0.10890803,-0.1006397,0.010764523
2022-12-27 03:00:00+00:00,-0.07026249,-0.09298828,-0.10379976,-0.089681506,-0.10803884,-0.07965961,-0.091343045,-0.08661732,-0.08676812,-0.09980759,-0.090896666,0.011221001
2022-12-27 04:00:00+00:00,-0.058769166,-0.07992923,-0.09219071,-0.07570511,-0.09650257,-0.062864274,-0.07887706,-0.07634643,-0.07473412,-0.08791351,-0.07838322,0.01184438
2022-12-27 05:00:00+00:00,-0.045247763,-0.06338027,-0.07763022,-0.06407043,-0.081015855,-0.044035524,-0.06345776,-0.063334435,-0.05980003,-0.072972834,-0.06349451,0.012121017
2022-12-27 06:00:00+00:00,-0.0253295,-0.035849035,-0.05342847,-0.047269255,-0.055098176,-0.023751289,-0.038464636,-0.045261234,-0.03853163,-0.053064942,-0.041604817,0.011228574
2022-12-27 07:00:00+00:00,0.0006776452,-0.0059139132,-0.018092066,-0.023924917,-0.019731939,-0.0005701184,-0.004089713,-0.0228661,-0.0045388937,-0.028513074,-0.012756309,0.010907589
2022-12-27 08:00:00+00:00,0.048095465,0.043983817,0.044987857,0.021630883,0.052327573,0.039954007,0.06352323,0.012466371,0.0440481,0.013136625,0.038415395,0.01706212
2022-12-27 09:00:00+00:00,0.100853264,0.093509436,0.1181733,0.09004599,0.1299324,0.090507805,0.15044945,0.051231265,0.11485168,0.06380689,0.10033615,0.029648267
2022-12-27 10:00:00+00:00,0.14744824,0.12862664,0.17210639,0.15312922,0.17959243,0.13477635,0.19727254,0.0843575,0.17771325,0.09920639,0.14742288,0.036353998
2022-12-27 11:00:00+00:00,0.18431753,0.15290326,0.18537635,0.20305705,0.20379484,0.1672467,0.23003072,0.10580045,0.2248123,0.12248492,0.1779824,0.041266497
2022-12-27 12:00:00+00:00,0.21100801,0.17394441,0.19933963,0.25739253,0.2257312,0.19687557,0.25763947,0.1317591,0.2580336,0.14570844,0.2057432,0.04562044
2022-12-27 13:00:00+00:00,0.22930741,0.19187766,0.2153948,0.31948763,0.24919802,0.2194981,0.2793368,0.1680221,0.27674517,0.16887784,0.23177454,0.049798388
2022-12-27 14:00:00+00:00,0.24568182,0.20622098,0.22846043,0.38007587,0.27177286,0.23560673,0.29538476,0.20642757,0.28886953,0.19109482,0.25495955,0.05646354
2022-12-27 15:00:00+00:00,0.2550671,0.21346569,0.2277888,0.42544556,0.28203654,0.24364042,0.3022607,0.22985303,0.29122123,0.20418996,0.26749688,0.06461433
2022-12-27 16:00:00+00:00,0.25721955,0.21486986,0.21873361,0.44998395,0.27602792,0.24433893,0.30046046,0.24652946,0.28713033,0.20864159,0.27039355,0.07028152
2022-12-27 17:00:00+00:00,0.2516206,0.20946187,0.20258528,0.4535203,0.25864625,0.23751211,0.28945744,0.25460613,0.27527043,0.20351785,0.26361984,0.073081106
2022-12-27 18:00:00+00:00,0.24028444,0.19870043,0.18321478,0.4304995,0.2333771,0.22519308,0.27123272,0.25420964,0.25769153,0.19090039,0.24853036,0.07044064
2022-12-27 19:00:00+00:00,0.22494054,0.18339688,0.16115892,0.35948783,0.20293993,0.20851481,0.24675554,0.2463814,0.23557672,0.17160332,0.2240756,0.056309547
2022-12-27 20:00:00+00:00,0.20712805,0.1644836,0.13741827,0.28269094,0.1712333,0.18886256,0.21784902,0.23383266,0.20994774,0.14706415,0.19605103,0.043749932
2022-12-27 21:00:00+00:00,0.18889725,0.14443702,0.114468515,0.24578023,0.14375764,0.1684289,0.18766391,0.2169733,0.18353185,0.12044239,0.1714381,0.041719943
2022-12-27 22:00:00+00:00,0.17179787,0.125399,0.09430593,0.21482146,0.12240255,0.15009356,0.15905625,0.19729388,0.15865305,0.09479302,0.14886165,0.040241063
2022-12-27 23:00:00+00:00,0.15691745,0.10841864,0.07789999,0.19634676,0.106458604,0.13504153,0.13332033,0.17866886,0.13467637,0.07127744,0.1299026,0.040463995
2022-12-28 00:00:00+00:00,0.14336032,0.0924142,0.06428981,0.18097973,0.08999318,0.120496035,0.10989672,0.16164345,0.111736804,0.049983382,0.11247937,0.041191626
2022-12-28 01:00:00+00:00,0.13006705,0.07729101,0.057447553,0.16648328,0.07346791,0.10595775,0.08792871,0.14429086,0.09789166,0.031445563,0.09722714,0.040994003
2022-12-28 02:00:00+00:00,0.11775339,0.06360227,0.052018523,0.15202218,0.06003934,0.09214145,0.068452895,0.12722975,0.0889422,0.017192602,0.083939455,0.040060688
2022-12-28 03:00:00+00:00,0.10713345,0.05329144,0.04877287,0.13875169,0.05056548,0.08006269,0.053205192,0.1096164,0.081763536,0.006309092,0.07294719,0.038404267
2022-12-28 04:00:00+00:00,0.09724462,0.04444295,0.046361804,0.12559503,0.043758094,0.06905776,0.040499866,0.09428102,0.074355096,-0.0024597645,0.06331365,0.036540184
2022-12-28 05:00:00+00:00,0.088676214,0.03787911,0.044517517,0.11305529,0.038483083,0.05911553,0.033106446,0.081609964,0.067122966,-0.009517908,0.05540482,0.034468286
2022-12-28 06:00:00+00:00,0.08104324,0.032514453,0.040816426,0.10095525,0.030053318,0.05405128,0.028089106,0.07126814,0.060946137,-0.01530695,0.04844304,0.032757495
2022-12-28 07:00:00+00:00,0.07501811,0.02905631,0.03630805,0.09024495,0.022525072,0.050553262,0.025692105,0.06307423,0.056144625,-0.019782603,0.04288341,0.031250894
2022-12-28 08:00:00+00:00,0.07055259,0.02869618,0.03404206,0.08563578,0.016726553,0.04722631,0.023981154,0.056589067,0.052669853,-0.023359358,0.03927602,0.030686086
2022-12-28 09:00:00+00:00,0.06602341,0.028902352,0.03300196,0.082372904,0.012731552,0.042451143,0.022070765,0.0505051,0.049741358,-0.026419282,0.036138125,0.03015419
2022-12-28 10:00:00+00:00,0.06091273,0.029341638,0.03256774,0.07882565,0.009775877,0.03847319,0.017063797,0.042286277,0.04704395,-0.028966606,0.032732423,0.029511902
2022-12-28 11:00:00+00:00,0.056769848,0.030207217,0.03252524,0.07373917,0.00861007,0.035044312,0.012366831,0.034692228,0.044746965,-0.030975819,0.029772606,0.028649386
2022-12-28 12:00:00+00:00,0.0534333,0.031276822,0.033907652,0.069150925,0.0084094405,0.032299697,0.00824368,0.028678298,0.04299262,-0.03216237,0.027623007,0.027932076
2022-12-28 13:00:00+00:00,0.05087936,0.032306075,0.03570217,0.062449038,0.008772492,0.029882908,0.0046340823,0.024353564,0.04193434,-0.03182912,0.02590849,0.026771704
2022-12-28 14:00:00+00:00,0.0487898,0.033138692,0.037279546,0.05442226,0.009439826,0.02823788,0.0012909174,0.021238148,0.041467816,-0.030527294,0.02447776,0.025449878
2022-12-28 15:00:00+00:00,0.047207832,0.033860564,0.03832525,0.046089828,0.01002115,0.026708126,-0.0014434457,0.019091487,0.0414342,-0.028675556,0.023261944,0.024213014
2022-12-28 16:00:00+00:00,0.046440005,0.034832418,0.03920722,0.051978588,0.0111038685,0.02503562,-0.0035154223,0.01785332,0.04195401,-0.026197314,0.023869231,0.024583565
2022-12-28 17:00:00+00:00,0.046187043,0.035734832,0.039499283,0.065424144,0.0123928785,0.023063362,-0.0049643517,0.017246485,0.04284379,-0.023413539,0.025401393,0.02622509
2022-12-28 18:00:00+00:00,0.04652983,0.036910355,0.039606333,0.076637685,0.014129519,0.02188152,-0.0055297613,0.01716733,0.044001073,-0.020221174,0.027111271,0.027824681
2022-12-28 19:00:00+00:00,0.046845198,0.037815332,0.039318323,0.08286154,0.015972793,0.021080375,-0.0056310296,0.017327547,0.04493943,-0.017164528,0.028336499,0.028582249
2022-12-28 20:00:00+00:00,0.04663807,0.037799418,0.037802458,0.08406788,0.017127693,0.020120025,-0.005852461,0.017549455,0.04526928,-0.015107334,0.02854145,0.028425625
2022-12-28 21:00:00+00:00,0.046266615,0.037483513,0.034905314,0.08214384,0.017346978,0.019063413,-0.006214261,0.01776421,0.045308262,-0.013819873,0.028024802,0.027728952
2022-12-28 22:00:00+00:00,0.045459986,0.036597967,0.03135097,0.076017976,0.016766906,0.017905056,-0.0068422556,0.017768145,0.044872552,-0.014159441,0.026573787,0.026424432
2022-12-28 23:00:00+00:00,0.04480177,0.035762608,0.027848482,0.065407574,0.01581335,0.017254174,-0.0076033473,0.017906845,0.04420373,-0.014813781,0.02465814,0.024402333
2022-12-29 00:00:00+00:00,0.044746637,0.03548765,0.025069237,0.055490434,0.015052795,0.017570615,-0.008137345,0.018174648,0.043693334,-0.014945567,0.023220245,0.022710294
2022-12-29 01:00:00+00:00,0.045454085,0.03608322,0.023645163,0.050765812,0.0151308775,0.018861651,-0.008061409,0.018719673,0.043521017,-0.013976574,0.023014352,0.021851193
2022-12-29 02:00:00+00:00,0.046866715,0.037498355,0.02356875,0.05128789,0.016189396,0.02109927,-0.007291198,0.020213366,0.043830305,-0.011914074,0.024134878,0.021591367
2022-12-29 03:00:00+00:00,0.049167216,0.039825678,0.024749994,0.0519886,0.018190265,0.024368465,-0.0055588484,0.022542298,0.044858605,-0.008763492,0.026136879,0.021187967
2022-12-29 04:00:00+00:00,0.052377343,0.04312408,0.02726221,0.05535972,0.021378636,0.028721213,-0.0028318167,0.025780678,0.04677835,-0.0043168664,0.029363355,0.020950735
2022-12-29 05:00:00+00:00,0.056214392,0.047067404,0.031044245,0.058813095,0.025630713,0.033557475,0.00081944466,0.029837668,0.04940501,0.0008443594,0.03332338,0.020572932
2022-12-29 06:00:00+00:00,0.060370147,0.051236093,0.035049617,0.062431276,0.03010112,0.03872174,0.005028844,0.03447461,0.052669138,0.006019652,0.037610225,0.020221153
2022-12-29 07:00:00+00:00,0.06421596,0.05497527,0.03846073,0.06511927,0.0338881,0.043699026,0.009267151,0.039216816,0.056121796,0.010653019,0.041561715,0.019824076
2022-12-29 08:00:00+00:00,0.06792557,0.05861187,0.04165584,0.06768787,0.03747368,0.04862356,0.013423145,0.044009924,0.05965188,0.015169919,0.045423325,0.019457534
2022-12-29 09:00:00+00:00,0.072410166,0.06297064,0.04588604,0.071679294,0.042070985,0.054346263,0.018152297,0.049459517,0.06359634,0.02065301,0.05012245,0.019147538
2022-12-29 10:00:00+00:00,0.078504086,0.068630695,0.05213815,0.076856196,0.04839903,0.061292112,0.024122357,0.050981045,0.0685921,0.027730823,0.055724658,0.018856084
2022-12-29 11:00:00+00:00,0.08530676,0.07463837,0.058948696,0.08239168,0.055271566,0.06851107,0.028764129,0.05249828,0.07685414,0.035653353,0.061883807,0.019221785
2022-12-29 12:00:00+00:00,0.09256852,0.08071256,0.06473565,0.08750105,0.062352896,0.07584202,0.03295338,0.05468619,0.08661112,0.043960333,0.06819238,0.019941546
2022-12-29 13:00:00+00:00,0.10032964,0.086848676,0.071724,0.09231669,0.06969941,0.082689464,0.037332058,0.05739969,0.09679285,0.05260408,0.074773654,0.020775102
2022-12-29 14:00:00+00:00,0.10797602,0.09273237,0.07965928,0.09566867,0.07682645,0.08844018,0.041646898,0.06155902,0.10874453,0.06108159,0.081433505,0.02172131
2022-12-29 15:00:00+00:00,0.11497551,0.09799576,0.08696985,0.09903896,0.08334482,0.09266633,0.045598686,0.0659132,0.11895558,0.069062114,0.08745208,0.0225919
2022-12-29 16:00:00+00:00,0.12067306,0.10198754,0.09307361,0.10384017,0.08880615,0.09584236,0.048863888,0.070246994,0.12627128,0.075689554,0.09252946,0.023237582
2022-12-29 17:00:00+00:00,0.12580436,0.10539091,0.09873116,0.11219072,0.094100595,0.09881383,0.05171913,0.074907124,0.13201126,0.081249535,0.09749187,0.023933819
2022-12-29 18:00:00+00:00,0.13040394,0.10826802,0.104148805,0.12176472,0.098938465,0.10154325,0.05434674,0.07984227,0.13672712,0.08611274,0.102209605,0.024654618
2022-12-29 19:00:00+00:00,0.13503814,0.1111514,0.11060125,0.13026583,0.103824735,0.10447967,0.056925774,0.08560085,0.14152393,0.090839505,0.10702511,0.025369452
2022-12-29 20:00:00+00:00,0.14020407,0.11536682,0.116616845,0.13825041,0.108771265,0.10796708,0.06067568,0.092110515,0.14752367,0.096095085,0.11235814,0.02600702
2022-12-29 21:00:00+00:00,0.1451602,0.119357705,0.12162191,0.1450032,0.113244295,0.111374736,0.0644263,0.09937954,0.15352854,0.10077673,0.11738732,0.026500208
2022-12-29 22:00:00+00:00,0.14876401,0.12191075,0.124649644,0.1494298,0.11581975,0.11332476,0.06702697,0.10658002,0.15771428,0.10372156,0.12089415,0.02676312
2022-12-29 23:00:00+00:00,0.15205002,0.12406337,0.1267249,0.1522398,0.11785853,0.114776194,0.06917697,0.11427003,0.16128883,0.106047034,0.12384957,0.026930552
2022-12-30 00:00:00+00:00,0.1546781,0.12550622,0.12783909,0.15523219,0.11924422,0.11535233,0.07062286,0.122060776,0.16387007,0.107631385,0.12620373,0.027269991
2022-12-30 01:00:00+00:00,0.15720391,0.12687695,0.12899113,0.15930313,0.121065676,0.115808606,0.07198751,0.12962425,0.16628125,0.10913175,0.12862742,0.027867302
2022-12-30 02:00:00+00:00,0.15971822,0.12833709,0.1306439,0.16401792,0.1237939,0.116461575,0.0734058,0.13693464,0.16869977,0.11069459,0.13127074,0.028617382
2022-12-30 03:00:00+00:00,0.1635049,0.13114929,0.13450277,0.17082632,0.1288678,0.11858171,0.07602471,0.14326656,0.17292216,0.1137557,0.13534018,0.029538989
2022-12-30 04:00:00+00:00,0.1679259,0.13474035,0.13973302,0.17835927,0.13547128,0.12132728,0.07966477,0.14947689,0.17843643,0.11778188,0.1402917,0.030456724
2022-12-30 05:00:00+00:00,0.17237091,0.13836884,0.1447854,0.18549323,0.14221865,0.123868406,0.08498585,0.155774,0.18419525,0.121889055,0.14539497,0.031044355
2022-12-30 06:00:00+00:00,0.17654121,0.14172322,0.14965951,0.19131804,0.14872813,0.12595016,0.09115523,0.16029173,0.18962446,0.12568897,0.15006804,0.031251583
2022-12-30 07:00:00+00:00,0.17917496,0.14445108,0.15372711,0.19503176,0.15524393,0.12719387,0.09752804,0.16434747,0.19394067,0.1287536,0.15393925,0.031015247
2022-12-30 08:00:00+00:00,0.18042505,0.14592618,0.15612316,0.19705999,0.16115618,0.12705606,0.103707016,0.16717452,0.19555071,0.13038391,0.15645628,0.030415872
2022-12-30 09:00:00+00:00,0.18101013,0.14683199,0.15721339,0.19745994,0.16440338,0.12616038,0.110153854,0.16864866,0.19553807,0.13111281,0.15785328,0.029441316
2022-12-30 10:00:00+00:00,0.18121648,0.14752805,0.15739012,0.19782346,0.16627997,0.12494737,0.11691713,0.16837019,0.19480959,0.13133019,0.15866125,0.028388524
2022-12-30 11:00:00+00:00,0.1806047,0.14753443,0.15626353,0.1992535,0.16696113,0.12329584,0.12332624,0.16679847,0.19298568,0.13065088,0.15876743,0.027599946
2022-12-30 12:00:00+00:00,0.17948478,0.14723265,0.15472323,0.20165843,0.16729426,0.12140107,0.129507,0.16446954,0.19055387,0.12945646,0.15857813,0.02717238
2022-12-30 13:00:00+00:00,0.17749947,0.14634901,0.15201867,0.20043147,0.16696006,0.11893946,0.13479799,0.16143793,0.18697724,0.12736088,0.15727723,0.026418751
2022-12-30 14:00:00+00:00,0.17530471,0.14518452,0.14861673,0.19468778,0.16641527,0.11653179,0.13958949,0.15798825,0.18296322,0.124728024,0.15520099,0.025119595
2022-12-30 15:00:00+00:00,0.17230731,0.14290798,0.14364249,0.18692464,0.16458857,0.11331916,0.14200264,0.15367085,0.17760566,0.12045306,0.15174225,0.024019074
2022-12-30 16:00:00+00:00,0.16925508,0.14029521,0.1374088,0.17709488,0.16171044,0.10998511,0.1424712,0.14891994,0.17192373,0.115145445,0.14742097,0.023052508
2022-12-30 17:00:00+00:00,0.16698366,0.13815773,0.1308645,0.16666836,0.15868485,0.10759199,0.14209163,0.14446896,0.16734514,0.10984331,0.14327002,0.022361109
2022-12-30 18:00:00+00:00,0.16511822,0.13609475,0.12393433,0.15628749,0.15527081,0.10605067,0.14102513,0.14031816,0.1636441,0.104386985,0.13921306,0.0220545
2022-12-30 19:00:00+00:00,0.16404724,0.13457072,0.118029475,0.14526528,0.15197676,0.105703235,0.13993442,0.13687539,0.16140822,0.09934789,0.13571587,0.02204798
2022-12-30 20:00:00+00:00,0.16444308,0.13435447,0.11433035,0.13529003,0.15001196,0.107148826,0.13969243,0.1347683,0.16180179,0.095483065,0.13373244,0.022562519
2022-12-30 21:00:00+00:00,0.1655842,0.13496321,0.11319846,0.12830478,0.14973646,0.10965371,0.1403448,0.1344195,0.16365054,0.09282839,0.1332684,0.023365082
2022-12-30 22:00:00+00:00,0.16732234,0.13595879,0.11378366,0.12392795,0.15061492,0.11223477,0.14154619,0.13504541,0.16597936,0.09080291,0.13372163,0.024312943
2022-12-30 23:00:00+00:00,0.17033076,0.13813692,0.1181674,0.12386078,0.15454388,0.11533022,0.14447826,0.13714588,0.1690583,0.090301335,0.13613537,0.025108377
2022-12-31 00:00:00+00:00,0.17496622,0.14087695,0.12427455,0.12908107,0.16045952,0.11940181,0.14901936,0.14091921,0.17251989,0.09087616,0.14023948,0.02578783
2022-12-31 01:00:00+00:00,0.18062973,0.14369315,0.12957478,0.13855654,0.16744763,0.12380409,0.15496129,0.14589453,0.17587104,0.09239566,0.14528283,0.026506327
2022-12-31 02:00:00+00:00,0.187258,0.14704317,0.1352359,0.1525302,0.1760332,0.1289838,0.16280729,0.1580571,0.17923078,0.095813215,0.15229926,0.027299602
2022-12-31 03:00:00+00:00,0.19407195,0.15031374,0.1388945,0.16906506,0.18296355,0.13328904,0.17143422,0.18469226,0.18221638,0.10033429,0.1607275,0.029461576
2022-12-31 04:00:00+00:00,0.19976503,0.15260333,0.13919407,0.18341738,0.1878829,0.13552505,0.1794979,0.20789748,0.18399617,0.10495943,0.16747388,0.032854456
2022-12-31 05:00:00+00:00,0.20268577,0.15269768,0.13556844,0.19113737,0.18897241,0.13565624,0.18518752,0.21856612,0.18311343,0.10817075,0.17017558,0.035155743
2022-12-31 06:00:00+00:00,0.20239943,0.15033841,0.12898427,0.18760842,0.18528861,0.1342758,0.18735415,0.223499,0.18071637,0.10906124,0.16895257,0.03639188
2022-12-31 07:00:00+00:00,0.20064312,0.14811599,0.12483162,0.17284906,0.1816867,0.13390028,0.18801373,0.22448856,0.17973545,0.110312104,0.16645767,0.03610389
2022-12-31 08:00:00+00:00,0.196545,0.1435641,0.120961964,0.14837825,0.17657751,0.13256752,0.1852923,0.22245002,0.17693779,0.10929537,0.16125698,0.036015145
2022-12-31 09:00:00+00:00,0.19170654,0.13844049,0.11829454,0.13127643,0.17058218,0.13111866,0.18016487,0.21846336,0.17339507,0.10682529,0.15602675,0.035985056
2022-12-31 10:00:00+00:00,0.18574512,0.1322785,0.11593485,0.12158561,0.16463351,0.13057631,0.17283958,0.21238518,0.16962853,0.10336608,0.15089731,0.035144944
2022-12-31 11:00:00+00:00,0.17966068,0.12643594,0.11534411,0.12113649,0.16038823,0.1308195,0.1643629,0.20460647,0.16645798,0.09990281,0.1469115,0.033029158
2022-12-31 12:00:00+00:00,0.17391008,0.12179601,0.117281675,0.12863201,0.15893346,0.13182843,0.15594685,0.195737,0.16494694,0.097539425,0.1446552,0.030039495
2022-12-31 13:00:00+00:00,0.1692276,0.11859691,0.12182629,0.14800316,0.16014403,0.13328654,0.147551,0.18688458,0.16475603,0.09616417,0.14464405,0.02734854
2022-12-31 14:00:00+00:00,0.16453862,0.114973366,0.12714541,0.14334345,0.16130376,0.13388562,0.13876116,0.17833441,0.16394475,0.09429759,0.14205281,0.025792148
2022-12-31 15:00:00+00:00,0.15982485,0.11063576,0.13011044,0.13830721,0.16057879,0.13343227,0.12968504,0.17047459,0.16133943,0.09104419,0.13854326,0.025140705
2022-12-31 16:00:00+00:00,0.15466154,0.1054911,0.13009208,0.12843633,0.15760154,0.13167268,0.119997025,0.16272306,0.15985641,0.086524606,0.13370565,0.02536627
2022-12-31 17:00:00+00:00,0.14976215,0.10061014,0.13197798,0.12333763,0.15508908,0.12926811,0.110551536,0.1555562,0.15833643,0.08163506,0.12961242,0.026043948
2022-12-31 18:00:00+00:00,0.14557832,0.096239686,0.13336432,0.12635827,0.15209645,0.12661582,0.10142505,0.1493944,0.15501639,0.07627177,0.12623605,0.026812661
2022-12-31 19:00:00+00:00,0.14097261,0.0909974,0.13196844,0.12973708,0.14698946,0.12311548,0.09198505,0.14371228,0.15088901,0.06956446,0.121993124,0.028012797
2022-12-31 20:00:00+00:00,0.13571995,0.08499974,0.1280852,0.13305849,0.14021468,0.11852348,0.082279384,0.13822246,0.1458861,0.061715066,0.11687045,0.029520292
2022-12-31 21:00:00+00:00,0.12952828,0.07833129,0.12143606,0.13466728,0.13141483,0.11266488,0.072298825,0.13250983,0.14012113,0.053010166,0.11059825,0.03103552
2022-12-31 22:00:00+00:00,0.1223014,0.07257539,0.113996685,0.13637418,0.12271631,0.10683316,0.063189745,0.12764919,0.13429877,0.044350505,0.10442853,0.032536812
2022-12-31 23:00:00+00:00,0.11504352,0.0659281,0.1038661,0.13240302,0.11235255,0.100088954,0.05365473,0.122430146,0.12821987,0.03511256,0.096909955,0.033610433
2023-01-01 00:00:00+00:00,0.10684055,0.057659805,0.09204441,0.12597454,0.10019863,0.09133637,0.041095614,0.11644441,0.122885674,0.024632156,0.08791122,0.03517476
2023-01-01 01:00:00+00:00,0.097281575,0.04861796,0.07974249,0.11746335,0.08735871,0.08335787,0.026842892,0.1091004,0.11873242,0.014014423,0.07825121,0.03689129
2023-01-01 02:00:00+00:00,0.08756876,0.03994423,0.06842834,0.112086475,0.07569075,0.07716119,0.013889372,0.10087353,0.11462882,0.0065134168,0.06967849,0.038285825
2023-01-01 03:00:00+00:00,0.07762241,0.031442106,0.05817014,0.10851979,0.06524593,0.07040942,0.004302144,0.09166348,0.110866696,0.0014191866,0.061966132,0.0390225
2023-01-01 04:00:00+00:00,0.06788665,0.023479283,0.04956472,0.1062845,0.055590987,0.06327659,-0.003519237,0.082304835,0.10705301,-0.0022135973,0.05497078,0.039498344
2023-01-01 05:00:00+00:00,0.058279634,0.015579104,0.041880548,0.104548275,0.045832813,0.05446875,-0.010648429,0.073072314,0.10349962,-0.004822135,0.04816905,0.039967824
2023-01-01 06:00:00+00:00,0.049331486,0.00934267,0.034365952,0.1022439,0.036907315,0.04670596,-0.017075062,0.06399697,0.09988645,-0.006822586,0.041888304,0.040227175
2023-01-01 07:00:00+00:00,0.040555596,0.004335165,0.026610732,0.09888083,0.028574646,0.040144503,-0.022649497,0.05496186,0.09385124,-0.008529067,0.0356736,0.03981309
2023-01-01 08:00:00+00:00,0.032000482,0.00021123886,0.01691705,0.09523827,0.021924913,0.034558296,-0.0271056,0.0419392,0.08777502,-0.009841442,0.029361743,0.039057463
2023-01-01 09:00:00+00:00,0.023624599,-0.0035856366,0.0071648955,0.08991128,0.016670108,0.029491425,-0.030658007,0.02944398,0.082518965,-0.011453867,0.023312774,0.038248554
2023-01-01 10:00:00+00:00,0.014932811,-0.0073854327,-0.0025792122,0.08431566,0.011938632,0.023995042,-0.03355962,0.018415868,0.07798013,-0.014077485,0.017397638,0.037755497
2023-01-01 11:00:00+00:00,0.0065720677,-0.010862172,-0.011214197,0.07895756,0.0077938437,0.018844903,-0.03596109,0.008898139,0.073106736,-0.017044783,0.0119091,0.03730704
2023-01-01 12:00:00+00:00,-0.00077420473,-0.013837516,-0.019363672,0.07386607,0.0038022995,0.014086783,-0.037934333,0.0006046891,0.06745401,-0.020253181,0.0067650946,0.03678476
2023-01-01 13:00:00+00:00,-0.007449478,-0.01703173,-0.027782708,0.068811715,-0.0006596446,0.009232402,-0.03946367,-0.0067573786,0.06202385,-0.02355522,0.0017368138,0.03638202
2023-01-01 14:00:00+00:00,-0.013248175,-0.019980788,-0.032901973,0.063877106,-0.0051524043,0.0042449236,-0.040683568,-0.013293028,0.056951135,-0.026724935,-0.0026911707,0.035744812
2023-01-01 15:00:00+00:00,-0.017662197,-0.022002548,-0.03682974,0.059267104,-0.009477735,-0.0008150935,-0.041688025,-0.019179076,0.05091545,-0.029777765,-0.0067249625,0.0347821
2023-01-01 16:00:00+00:00,-0.020695865,-0.023095012,-0.039449126,0.055729806,-0.012752831,-0.0055217743,-0.04257688,-0.024323016,0.04405752,-0.034264922,-0.01028921,0.033793062
2023-01-01 17:00:00+00:00,-0.022761017,-0.023700684,-0.041729093,0.05424422,-0.015155137,-0.010021508,-0.043297023,-0.028798938,0.033791333,-0.041480154,-0.0138908,0.032881223
2023-01-01 18:00:00+00:00,-0.024200886,-0.024217337,-0.043574423,0.054374635,-0.017228037,-0.0143197775,-0.043729186,-0.032800585,0.021958828,-0.048838377,-0.017257515,0.03232927
2023-01-01 19:00:00+00:00,-0.025379151,-0.024362624,-0.044331133,0.055545688,-0.018727332,-0.018268377,-0.044019938,-0.036443233,0.01055336,-0.05550459,-0.020093733,0.03230596
2023-01-01 20:00:00+00:00,-0.026308179,-0.024081975,-0.044503123,0.056903005,-0.019325912,-0.021175623,-0.044210523,-0.03951624,0.00020867586,-0.06123817,-0.022324806,0.0326509
2023-01-01 21:00:00+00:00,-0.026540697,-0.023473144,-0.044062465,0.055777907,-0.018704087,-0.022741467,-0.04438752,-0.041953087,-0.009062171,-0.06525147,-0.02403982,0.032431383
2023-01-01 22:00:00+00:00,-0.026304662,-0.022597373,-0.043113798,0.051406026,-0.017119944,-0.023025692,-0.044626355,-0.043681383,-0.017225653,-0.06799242,-0.025428126,0.031412315
2023-01-01 23:00:00+00:00,-0.025924742,-0.020808935,-0.04226625,0.04334873,-0.014493287,-0.02185291,-0.04500583,-0.044758886,-0.023893088,-0.068801165,-0.026445637,0.029435247
2023-01-02 00:00:00+00:00,-0.025536478,-0.018039793,-0.04088527,0.03088528,-0.0105826855,-0.019105226,-0.04568848,-0.045122832,-0.028745204,-0.06751418,-0.027033487,0.026415313
2023-01-02 01:00:00+00:00,-0.025234401,-0.014405966,-0.03889951,0.02187419,-0.005639136,-0.015046269,-0.04681143,-0.044721454,-0.0318909,-0.064554155,-0.026532903,0.02456236
2023-01-02 02:00:00+00:00,-0.024432182,-0.010158956,-0.0369654,0.022529542,-4.5597553e-05,-0.010074317,-0.04766482,-0.043716967,-0.03306514,-0.060623705,-0.024421755,0.02508447
2023-01-02 03:00:00+00:00,-0.022371143,-0.0045669675,-0.03534925,0.029066265,0.0067278147,-0.0039901733,-0.04754278,-0.04201278,-0.03127998,-0.05552429,-0.020684328,0.026843758
2023-01-02 04:00:00+00:00,-0.019430071,0.0014167428,-0.03316766,0.034735978,0.013502717,0.0026162863,-0.046592027,-0.039660215,-0.027296424,-0.0501042,-0.016397888,0.028256275
2023-01-02 05:00:00+00:00,-0.015898913,0.0076584816,-0.028208941,0.04071474,0.020481408,0.010344863,-0.0447205,-0.03681788,-0.020909071,-0.044211954,-0.011156777,0.02942787
2023-01-02 06:00:00+00:00,-0.011767894,0.013748229,-0.021922767,0.04590106,0.026685417,0.017923951,-0.04242298,-0.033650488,-0.0142146945,-0.039697617,-0.0059417784,0.030377928
2023-01-02 07:00:00+00:00,-0.0066736937,0.022936523,-0.013920397,0.051382005,0.033809304,0.025380671,-0.039203852,-0.030078053,-0.002044648,-0.037406445,0.00041814148,0.031684317
2023-01-02 08:00:00+00:00,-0.0007893443,0.029130995,-0.005198896,0.05652404,0.040868044,0.030662715,-0.03523314,-0.025954008,0.010379881,-0.03664905,0.0063741235,0.0327299
2023-01-02 09:00:00+00:00,0.0053592324,0.0341174,0.0036392212,0.060797572,0.047097027,0.035054266,-0.030917794,-0.021482259,0.021755308,-0.03580159,0.011961838,0.03348437
2023-01-02 10:00:00+00:00,0.012091339,0.039139986,0.013122082,0.064902365,0.05302334,0.03886324,-0.026107877,-0.016801476,0.032888383,-0.033645034,0.017747635,0.034013446
2023-01-02 11:00:00+00:00,0.02028358,0.04476714,0.024332821,0.070064604,0.05913639,0.042674065,-0.01979819,-0.011616707,0.041733712,-0.028338075,0.024323935,0.03397707
2023-01-02 12:00:00+00:00,0.029793143,0.05055493,0.035957098,0.07412982,0.0648396,0.04632038,-0.012118578,-0.00579232,0.050266713,-0.0212574,0.031269338,0.03327101
2023-01-02 13:00:00+00:00,0.041190743,0.05741805,0.047539473,0.079128444,0.07118666,0.05066639,-0.0027120113,0.00097590685,0.0632408,-0.012009621,0.039662484,0.032609228
2023-01-02 14:00:00+00:00,0.050638676,0.064059556,0.055954635,0.08479786,0.07700229,0.054987967,0.008251369,0.008485615,0.07607821,-0.0023534298,0.047790274,0.031687625
2023-01-02 15:00:00+00:00,0.05970806,0.07082158,0.06394595,0.09098667,0.082509875,0.05926311,0.020976603,0.016349435,0.08834407,0.007623732,0.056052905,0.030585464
2023-01-02 16:00:00+00:00,0.06932604,0.07793331,0.07256091,0.097851336,0.08867812,0.06575644,0.034375668,0.02474922,0.09994021,0.01809138,0.06492626,0.029557375
2023-01-02 17:00:00+00:00,0.079672515,0.08519173,0.08084595,0.10522729,0.095154405,0.073295236,0.048127472,0.033668697,0.11097208,0.028624058,0.07407794,0.02857602
2023-01-02 18:00:00+00:00,0.09105247,0.09437394,0.08695632,0.11348909,0.10360199,0.08243364,0.06097901,0.043064594,0.12566462,0.040647864,0.084226355,0.028368417
2023-01-02 19:00:00+00:00,0.10056859,0.10225248,0.09222901,0.1219008,0.1111505,0.089903295,0.06973261,0.051876545,0.13906816,0.050578833,0.092926085,0.02881369
2023-01-02 20:00:00+00:00,0.10812032,0.10821885,0.09692067,0.12961602,0.1175437,0.0966745,0.07664806,0.059214115,0.14917186,0.058261395,0.100038946,0.029264484
2023-01-02 21:00:00+00:00,0.11460996,0.11339277,0.10357338,0.13689578,0.1236673,0.103241265,0.082577646,0.06529617,0.15681311,0.06487739,0.10649447,0.029599119
2023-01-02 22:00:00+00:00,0.1201998,0.11759198,0.10969162,0.14368773,0.12877727,0.10943174,0.08865374,0.07439715,0.16056624,0.07024193,0.11232392,0.028783502
2023-01-02 23:00:00+00:00,0.123518944,0.119867325,0.11449301,0.14962423,0.13234675,0.11441064,0.092535675,0.08543736,0.16110161,0.073525965,0.11668615,0.027471669
2023-01-03 00:00:00+00:00,0.12477249,0.12009442,0.11720222,0.15380263,0.13408661,0.11727762,0.09382266,0.09425068,0.15893784,0.07450169,0.118874885,0.026459504
2023-01-03 01:00:00+00:00,0.12336552,0.11779016,0.1170128,0.14999682,0.13272977,0.117138386,0.09189421,0.09837592,0.1558716,0.0725863,0.117676154,0.025459211
2023-01-03 02:00:00+00:00,0.12081307,0.11464852,0.11614883,0.14368165,0.1306544,0.11605281,0.08845186,0.099705935,0.15320405,0.06980115,0.11531623,0.024819879
2023-01-03 03:00:00+00:00,0.116482735,0.109770894,0.11223161,0.13515115,0.12608755,0.11325294,0.08264917,0.09812033,0.1492143,0.064903975,0.11078646,0.024502723
2023-01-03 04:00:00+00:00,0.11039823,0.10345304,0.10782027,0.12639242,0.120103896,0.10897797,0.07555175,0.09343523,0.14430037,0.05843216,0.10488653,0.024619265
2023-01-03 05:00:00+00:00,0.103291094,0.09633237,0.10241306,0.11750549,0.11348212,0.10325736,0.068912864,0.08614844,0.13901761,0.051016152,0.09813766,0.0248871
2023-01-03 06:00:00+00:00,0.09578526,0.09039128,0.09616256,0.10839033,0.10711354,0.09693682,0.062164247,0.07737255,0.13342836,0.04329896,0.09110439,0.025254024
2023-01-03 07:00:00+00:00,0.088917255,0.08518666,0.08960855,0.10175824,0.10140705,0.09100503,0.05616349,0.06815511,0.12821713,0.036305726,0.08467242,0.02576773
2023-01-03 08:00:00+00:00,0.083183765,0.08107489,0.08384973,0.09739369,0.09679961,0.086018264,0.051409245,0.05963397,0.12389657,0.030638456,0.079389825,0.026329227
2023-01-03 09:00:00+00:00,0.07852048,0.07802439,0.079509795,0.09609276,0.09379816,0.081528604,0.04797262,0.052390754,0.12041405,0.026581466,0.07548331,0.026933847
2023-01-03 10:00:00+00:00,0.07416868,0.07526904,0.07583451,0.09465194,0.09089053,0.07715511,0.045354426,0.04613322,0.11728278,0.023186088,0.071992636,0.027363876
2023-01-03 11:00:00+00:00,0.07043952,0.07290876,0.07260543,0.09245074,0.08873314,0.07253808,0.043587983,0.041593373,0.1142067,0.020480633,0.06895443,0.027440542
2023-01-03 12:00:00+00:00,0.067052245,0.07071817,0.06995022,0.08927888,0.08650154,0.06765211,0.042529583,0.03770864,0.1114054,0.018307567,0.06611043,0.027266748
2023-01-03 13:00:00+00:00,0.06455296,0.06913352,0.068295,0.08595544,0.08532816,0.06321949,0.0418005,0.03494668,0.10824683,0.017082453,0.0638561,0.026829487
2023-01-03 14:00:00+00:00,0.0627957,0.0680275,0.06726396,0.082416475,0.08459073,0.059609294,0.042149127,0.03308487,0.105208665,0.016540706,0.0621687,0.026163919
2023-01-03 15:00:00+00:00,0.061452627,0.0671646,0.06685674,0.079867184,0.08410984,0.056816638,0.043278337,0.0318954,0.102366835,0.016469419,0.061027758,0.025463177
2023-01-03 16:00:00+00:00,0.06146276,0.06737268,0.06753075,0.07815313,0.08483833,0.055557787,0.046161175,0.03177619,0.10041174,0.017763138,0.06110277,0.024658598
2023-01-03 17:00:00+00:00,0.0624153,0.06815928,0.06899679,0.076969564,0.08592093,0.055079937,0.050369382,0.032630086,0.09909603,0.019950092,0.061958738,0.023742616
2023-01-03 18:00:00+00:00,0.06413925,0.069526374,0.0714488,0.078134,0.08772266,0.055261314,0.054602027,0.03419912,0.09861079,0.023114324,0.063675866,0.023021376
2023-01-03 19:00:00+00:00,0.066296935,0.07106614,0.07446885,0.08471775,0.089998305,0.055555105,0.05876112,0.03642696,0.098648995,0.026625931,0.06625661,0.022792362
2023-01-03 20:00:00+00:00,0.06889784,0.072815716,0.07798076,0.09299809,0.092773974,0.05583805,0.063203275,0.039399564,0.09913215,0.030488074,0.06935275,0.022874609
2023-01-03 21:00:00+00:00,0.0716964,0.07486415,0.081691265,0.10185212,0.09585178,0.05864483,0.067762315,0.04337305,0.100512296,0.03462416,0.07308723,0.02303663
2023-01-03 22:00:00+00:00,0.07517195,0.07732487,0.085902154,0.11183947,0.09929985,0.06508654,0.07259148,0.048427403,0.10288963,0.039349973,0.07778834,0.02322142
2023-01-03 23:00:00+00:00,0.079252064,0.08001083,0.08998561,0.12105286,0.10301727,0.07254571,0.07748002,0.05432588,0.10616687,0.044290125,0.08281272,0.023374408
2023-01-04 00:00:00+00:00,0.08411938,0.0830639,0.09399426,0.1276871,0.10747182,0.080183566,0.08247429,0.061066628,0.1103591,0.049590766,0.08800108,0.023146415
2023-01-04 01:00:00+00:00,0.08777356,0.08515328,0.09767985,0.13169849,0.110343814,0.085063696,0.0861153,0.06742376,0.1138393,0.05332005,0.09184112,0.022776794
2023-01-04 02:00:00+00:00,0.09109908,0.087243795,0.10104364,0.13565338,0.11299318,0.08843434,0.08909482,0.07363778,0.11652365,0.056308687,0.095203236,0.022564841
2023-01-04 03:00:00+00:00,0.0936234,0.088370204,0.10338229,0.13873976,0.11438882,0.08981061,0.09086734,0.07924163,0.11698988,0.05810231,0.097351626,0.022328937
2023-01-04 04:00:00+00:00,0.094952345,0.08803737,0.104091585,0.14061606,0.11465001,0.08830196,0.09142494,0.08373165,0.11643651,0.058070064,0.098031245,0.022395846
2023-01-04 05:00:00+00:00,0.09559387,0.087070644,0.10377312,0.1409803,0.114043236,0.085023224,0.09075886,0.08703226,0.11538622,0.056916535,0.09765783,0.022591405
2023-01-04 06:00:00+00:00,0.09637439,0.08657801,0.10406208,0.13736433,0.11412525,0.082425594,0.08966613,0.089723945,0.115390986,0.055936813,0.09716475,0.02217285
2023-01-04 07:00:00+00:00,0.0976156,0.086859524,0.10532689,0.13452202,0.1150502,0.08079052,0.088410735,0.092259586,0.1171982,0.055554986,0.09735882,0.022084737
2023-01-04 08:00:00+00:00,0.09869993,0.087270975,0.1071133,0.13185012,0.116547465,0.080043375,0.086815834,0.094389975,0.12015006,0.055355966,0.097823694,0.022255784
2023-01-04 09:00:00+00:00,0.099024355,0.087073326,0.10828322,0.12688845,0.11729741,0.079399824,0.08500838,0.09566897,0.1233345,0.054524302,0.097650275,0.022321021
2023-01-04 10:00:00+00:00,0.099194646,0.087121606,0.109457016,0.12165296,0.11899239,0.07937455,0.08343786,0.09596431,0.12516245,0.05374211,0.09740999,0.022378955
2023-01-04 11:00:00+00:00,0.100019634,0.088608146,0.11198431,0.11742759,0.12352139,0.08085662,0.0832454,0.09572464,0.12781015,0.054222643,0.09834205,0.022699296
2023-01-04 12:00:00+00:00,0.10185945,0.09203094,0.11668867,0.11513686,0.13101912,0.08430189,0.08507174,0.096488714,0.13244596,0.05676633,0.101180956,0.023395967
2023-01-04 13:00:00+00:00,0.105914295,0.09813881,0.123676,0.1152882,0.13953125,0.09117633,0.0895291,0.09918803,0.13959214,0.062171042,0.10642052,0.023967428
2023-01-04 14:00:00+00:00,0.11206913,0.10649586,0.13312477,0.11786014,0.1498838,0.099957824,0.095861375,0.10419738,0.14883527,0.0705201,0.11388056,0.024618158
2023-01-04 15:00:00+00:00,0.12086123,0.117292464,0.14520139,0.122654855,0.16246027,0.110461414,0.105745494,0.11206943,0.158829,0.08219451,0.12377701,0.024954323
2023-01-04 16:00:00+00:00,0.13165796,0.12960488,0.15831167,0.12955886,0.17533433,0.121958315,0.11782867,0.12258577,0.17020437,0.09635502,0.13533998,0.024924006
2023-01-04 17:00:00+00:00,0.1458252,0.14482367,0.17586756,0.13907605,0.19167084,0.13745433,0.13397825,0.13721067,0.18490675,0.11511147,0.15059248,0.02489753
2023-01-04 18:00:00+00:00,0.16204005,0.16143185,0.19506979,0.15126836,0.20996797,0.15565902,0.1526705,0.15555239,0.2063038,0.13550085,0.16854647,0.02563704
2023-01-04 19:00:00+00:00,0.17991096,0.17901129,0.21499926,0.16461378,0.22990632,0.17573297,0.17348737,0.1773141,0.22966817,0.15653831,0.18811825,0.02662385
2023-01-04 20:00:00+00:00,0.20032471,0.19849253,0.23727876,0.18075567,0.25258982,0.19784391,0.19671458,0.20273405,0.25567642,0.17978048,0.2102191,0.027919386
2023-01-04 21:00:00+00:00,0.22454333,0.22107613,0.26582986,0.20353734,0.28173256,0.22344786,0.22405362,0.2328741,0.2856227,0.20779884,0.23705164,0.029713053
2023-01-04 22:00:00+00:00,0.25078398,0.24500972,0.29802734,0.23466772,0.31518412,0.2517081,0.25418723,0.2666009,0.31699517,0.23942608,0.26725906,0.031151332
2023-01-04 23:00:00+00:00,0.27974004,0.2709849,0.3336602,0.27666992,0.34999835,0.28304207,0.28818554,0.3023135,0.35008523,0.27636075,0.30110407,0.031476866
2023-01-05 00:00:00+00:00,0.3075106,0.29636782,0.362971,0.32029247,0.3798502,0.31187534,0.32088804,0.3332985,0.3809242,0.31331962,0.3327298,0.03077276
2023-01-05 01:00:00+00:00,0.3324141,0.32115942,0.3860103,0.35980433,0.40512627,0.3373543,0.3505947,0.36129588,0.4090763,0.34822923,0.36110646,0.030037541
2023-01-05 02:00:00+00:00,0.3529411,0.34403592,0.40578175,0.38748056,0.42688978,0.36003947,0.3761472,0.38533926,0.43327108,0.3794763,0.38514027,0.029740624
2023-01-05 03:00:00+00:00,0.3700536,0.36482173,0.42420948,0.40005153,0.44496983,0.38060325,0.39780515,0.40442485,0.45364806,0.40636665,0.40469545,0.029517405
2023-01-05 04:00:00+00:00,0.38340747,0.38258553,0.43913507,0.39830023,0.45759106,0.40419203,0.41451848,0.4177521,0.46948078,0.42688382,0.41938463,0.02937481
2023-01-05 05:00:00+00:00,0.392215,0.39611095,0.44843197,0.38074964,0.46266752,0.4218002,0.42548203,0.42568713,0.4805064,0.4405018,0.42741528,0.031814218
2023-01-05 06:00:00+00:00,0.39733213,0.40584534,0.4528523,0.37011862,0.46400046,0.4336257,0.43134856,0.42934436,0.48777595,0.4490496,0.43212932,0.034295574
2023-01-05 07:00:00+00:00,0.39986587,0.41253132,0.4539826,0.35779834,0.46325332,0.4406312,0.4328463,0.4293214,0.49129674,0.4542325,0.43357596,0.03718641
2023-01-05 08:00:00+00:00,0.40041155,0.41660202,0.44992858,0.34382325,0.46159565,0.44375914,0.43051726,0.42467296,0.49246553,0.457296,0.43210715,0.04041097
2023-01-05 09:00:00+00:00,0.39893317,0.418159,0.44267964,0.32732087,0.45959765,0.443752,0.42451954,0.41393036,0.49176887,0.45909858,0.42797595,0.044451836
2023-01-05 10:00:00+00:00,0.39591205,0.41775644,0.43411624,0.30804455,0.45696074,0.44059438,0.41583794,0.39639664,0.48936692,0.46021545,0.42152014,0.04954141
2023-01-05 11:00:00+00:00,0.39066935,0.414841,0.42370266,0.28588736,0.4526388,0.4338411,0.40400362,0.37073553,0.485042,0.4609003,0.4122262,0.05590222
2023-01-05 12:00:00+00:00,0.38353527,0.40973467,0.4124499,0.27164692,0.44711292,0.42407894,0.3898034,0.342395,0.4788746,0.46133965,0.40209714,0.06069676
2023-01-05 13:00:00+00:00,0.37416023,0.40125257,0.4004507,0.2601335,0.43947375,0.41162324,0.37291026,0.30803525,0.46986154,0.46161318,0.3899514,0.06564537
2023-01-05 14:00:00+00:00,0.36348653,0.3899712,0.38869905,0.22993284,0.4296044,0.39821637,0.35439956,0.29043233,0.45797905,0.4617619,0.37644833,0.07232467
2023-01-05 15:00:00+00:00,0.34987497,0.3753597,0.37813342,0.20480818,0.41720402,0.3873201,0.3351221,0.27534038,0.44221845,0.46175927,0.36271408,0.07717064
2023-01-05 16:00:00+00:00,0.3349104,0.3596937,0.36739212,0.18652028,0.40461046,0.38128555,0.31687462,0.26369256,0.42502704,0.46150684,0.35015136,0.08022173
2023-01-05 17:00:00+00:00,0.31880742,0.34201258,0.3510537,0.16765672,0.3921253,0.37970567,0.29983115,0.25635302,0.4051197,0.46082914,0.3373494,0.082966864
2023-01-05 18:00:00+00:00,0.30294764,0.32390577,0.33661687,0.154069,0.37888676,0.3776374,0.28503,0.25308138,0.38395813,0.45903194,0.32551646,0.084144175
2023-01-05 19:00:00+00:00,0.287589,0.30517465,0.32004303,0.14557779,0.36294043,0.3725475,0.2717771,0.2522232,0.36198643,0.4542625,0.31341216,0.08338193
2023-01-05 20:00:00+00:00,0.27167022,0.28353548,0.29462588,0.13977003,0.3401599,0.36055064,0.25734913,0.25162584,0.33809987,0.44130707,0.2978694,0.07999196
2023-01-05 21:00:00+00:00,0.25430095,0.25774902,0.26108283,0.13226998,0.3075384,0.34048653,0.24084282,0.25044936,0.310967,0.41276503,0.2768452,0.07352026
2023-01-05 22:00:00+00:00,0.23516673,0.23085678,0.2244137,0.12836891,0.27037555,0.31509852,0.22269106,0.24458599,0.28463998,0.3674389,0.25236362,0.06359533
2023-01-05 23:00:00+00:00,0.21536773,0.20324284,0.18983912,0.12796432,0.2339428,0.28767765,0.20318317,0.23650658,0.25859413,0.31081235,0.22671309,0.051959578
2023-01-06 00:00:00+00:00,0.19475651,0.17403889,0.15586132,0.124130726,0.19745702,0.26246536,0.18276423,0.22620487,0.23283932,0.25375372,0.2004272,0.043797586
2023-01-06 01:00:00+00:00,0.1739124,0.14611489,0.12660599,0.122249424,0.1644283,0.24041986,0.16337228,0.21436495,0.2084283,0.2045514,0.17644477,0.039449435
2023-01-06 02:00:00+00:00,0.15411913,0.12177986,0.10176873,0.11859518,0.13875443,0.22015256,0.14625907,0.2015003,0.1862556,0.16678613,0.15559709,0.038185146
2023-01-06 03:00:00+00:00,0.1361134,0.101872206,0.081481755,0.11177772,0.12007862,0.1999417,0.12745672,0.18696731,0.16913626,0.13958699,0.13744128,0.037751332
2023-01-06 04:00:00+00:00,0.120527506,0.08522576,0.06889266,0.10514712,0.10891849,0.18077749,0.11146784,0.17258757,0.1534644,0.11950302,0.12265118,0.036127664
2023-01-06 05:00:00+00:00,0.106907666,0.06718916,0.05858195,0.09836769,0.09611702,0.16216075,0.09919053,0.15796983,0.14026752,0.10512519,0.10918774,0.03477895
2023-01-06 06:00:00+00:00,0.09468192,0.05251485,0.050962925,0.09131181,0.086052656,0.14390522,0.089496434,0.14340085,0.13134292,0.09435707,0.09780267,0.033074554
2023-01-06 07:00:00+00:00,0.08398157,0.0422045,0.044228613,0.08418733,0.07759684,0.12567556,0.081245124,0.12898958,0.12262377,0.08603728,0.08767702,0.030729841
2023-01-06 08:00:00+00:00,0.07544261,0.036712587,0.042265117,0.078674495,0.07392895,0.10987955,0.076016724,0.11588919,0.11469379,0.08157921,0.08050822,0.027401062
2023-01-06 09:00:00+00:00,0.068157375,0.034078777,0.041473806,0.073281825,0.07320595,0.09620017,0.07250297,0.103695154,0.10878971,0.08029753,0.07516833,0.024267409
2023-01-06 10:00:00+00:00,0.06259608,0.032408655,0.042534947,0.0684095,0.07403302,0.08390075,0.06966102,0.09385747,0.10268286,0.07969308,0.07097773,0.02148938
2023-01-06 11:00:00+00:00,0.058332145,0.031115234,0.04343176,0.06475806,0.0740881,0.07179552,0.06696063,0.08636719,0.09469476,0.07901043,0.06705539,0.019098818
2023-01-06 12:00:00+00:00,0.05633986,0.032706857,0.045750916,0.06347728,0.07532877,0.06182766,0.064493656,0.08113366,0.089592844,0.079612374,0.06502639,0.017276548
2023-01-06 13:00:00+00:00,0.05639136,0.035412848,0.047783673,0.06356627,0.076901495,0.05357057,0.06277734,0.07271302,0.08697525,0.080669165,0.0636761,0.01597074
2023-01-06 14:00:00+00:00,0.05729431,0.038154244,0.049866974,0.06257361,0.079306364,0.049191356,0.06168163,0.06544465,0.08670786,0.08160049,0.063182145,0.01561525
2023-01-06 15:00:00+00:00,0.05883324,0.040959656,0.04943365,0.06598669,0.08074474,0.0466277,0.06117034,0.061088324,0.08825353,0.08145094,0.06345488,0.015854001
2023-01-06 16:00:00+00:00,0.060267925,0.044074595,0.047934413,0.07050443,0.082130134,0.045207143,0.06115651,0.057880223,0.090841144,0.080292284,0.064028874,0.016413573
2023-01-06 17:00:00+00:00,0.061992824,0.04769957,0.04591489,0.079812646,0.08437312,0.04583943,0.062314987,0.05671543,0.09446517,0.078905284,0.065803334,0.017528998
2023-01-06 18:00:00+00:00,0.06372291,0.05092466,0.04433161,0.09876609,0.08641732,0.04780507,0.065401495,0.057284415,0.09754303,0.07694948,0.06891461,0.020082422
2023-01-06 19:00:00+00:00,0.0654605,0.052635968,0.04342121,0.12574601,0.0880515,0.050440073,0.07000452,0.059437096,0.099452645,0.074251115,0.07289006,0.025294255
2023-01-06 20:00:00+00:00,0.06692052,0.052873492,0.04212898,0.13746715,0.0884729,0.053655386,0.07400292,0.062998414,0.099838465,0.07062703,0.074898526,0.027800124
2023-01-06 21:00:00+00:00,0.06870115,0.0539819,0.04221219,0.16793752,0.089592695,0.05767256,0.078059256,0.068286,0.10029331,0.06752771,0.07942642,0.035372835
2023-01-06 22:00:00+00:00,0.07011187,0.054598987,0.042613566,0.20065719,0.09061432,0.061860204,0.08133072,0.0743826,0.09991929,0.06426948,0.08403582,0.044291057
2023-01-06 23:00:00+00:00,0.07093042,0.054629445,0.043418705,0.17292541,0.09161997,0.06543434,0.083470166,0.08045727,0.09842244,0.0606727,0.08219809,0.036091387
2023-01-07 00:00:00+00:00,0.07181358,0.054860353,0.04602343,0.07752091,0.09328514,0.06874907,0.084949076,0.084578276,0.09670177,0.05702257,0.07355042,0.01699361
2023-01-07 01:00:00+00:00,0.07296735,0.055830598,0.050816715,0.05554712,0.09629136,0.07251775,0.08656186,0.08171171,0.09567872,0.054344177,0.07222674,0.017481461
2023-01-07 02:00:00+00:00,0.07453364,0.056609094,0.055631936,0.053154886,0.098647594,0.0758636,0.08789837,0.07462156,0.095292896,0.051797867,0.072405145,0.017638491
2023-01-07 03:00:00+00:00,0.07694143,0.058135927,0.061336458,0.05176294,0.10157919,0.079131186,0.08962935,0.06848723,0.095912665,0.05009657,0.0733013,0.0183286
2023-01-07 04:00:00+00:00,0.08016199,0.059945047,0.06385481,0.05149734,0.10412347,0.0819124,0.0913977,0.063058734,0.09730813,0.048600018,0.07418596,0.019508716
2023-01-07 05:00:00+00:00,0.083142996,0.061685324,0.06676859,0.051454365,0.10717708,0.08376193,0.093082726,0.058910668,0.098688036,0.047485113,0.07521568,0.020767111
2023-01-07 06:00:00+00:00,0.08650094,0.0640949,0.0703882,0.05202806,0.11040521,0.0853191,0.09515095,0.056585312,0.10048869,0.047161877,0.07681232,0.021850847
2023-01-07 07:00:00+00:00,0.09047282,0.06752479,0.07525933,0.053807557,0.114650905,0.08714229,0.09802431,0.05764264,0.10347578,0.048152685,0.07961531,0.022642482
2023-01-07 08:00:00+00:00,0.09564757,0.07183719,0.080421925,0.05683595,0.11919868,0.08924812,0.10198563,0.06074822,0.10790941,0.050103307,0.083393596,0.023290137
2023-01-07 09:00:00+00:00,0.102208555,0.07736975,0.08726227,0.06186229,0.12530994,0.09222269,0.10758144,0.06998378,0.11416039,0.053648353,0.08916094,0.023493292
2023-01-07 10:00:00+00:00,0.11007422,0.083025575,0.093568325,0.06807023,0.13084185,0.09501648,0.113995194,0.08084911,0.121545225,0.057741582,0.09547278,0.02365067
2023-01-07 11:00:00+00:00,0.11665028,0.08965659,0.10070199,0.07521051,0.13714427,0.09811258,0.12157172,0.09140283,0.13022116,0.062974274,0.102364615,0.023921277
2023-01-07 12:00:00+00:00,0.12230986,0.096693814,0.10837489,0.08328271,0.14392406,0.10230249,0.1283055,0.10088378,0.13922861,0.06908119,0.109438695,0.024034332
2023-01-07 13:00:00+00:00,0.12843609,0.10471034,0.11697203,0.09271473,0.15185416,0.10706216,0.13453728,0.11066842,0.1491436,0.07629013,0.117238894,0.024089526
2023-01-07 14:00:00+00:00,0.13540071,0.113692164,0.12366736,0.10444474,0.16164315,0.11300844,0.14202219,0.120473325,0.16024229,0.084997535,0.12595919,0.024244394
2023-01-07 15:00:00+00:00,0.14250684,0.122538924,0.13146889,0.11714566,0.1715076,0.118632436,0.14985085,0.13048422,0.17141387,0.09406799,0.13496172,0.024462905
2023-01-07 16:00:00+00:00,0.14978868,0.1310814,0.13935894,0.12989789,0.18020642,0.123589694,0.15795726,0.14040703,0.18205294,0.10268068,0.14370209,0.024744093
2023-01-07 17:00:00+00:00,0.1577751,0.14018965,0.14645523,0.14289838,0.18898648,0.12923306,0.16662657,0.15042382,0.19376263,0.11162233,0.15279733,0.02529227
2023-01-07 18:00:00+00:00,0.16619843,0.1494233,0.15339857,0.15587634,0.19789845,0.13581616,0.1748277,0.16038829,0.20601055,0.12065345,0.16204913,0.025981115
2023-01-07 19:00:00+00:00,0.17519027,0.1587565,0.16061324,0.16861427,0.20703954,0.14347607,0.18305975,0.17005122,0.21863553,0.12953663,0.17149732,0.026811427
2023-01-07 20:00:00+00:00,0.18384063,0.16731387,0.16754496,0.18011516,0.21549869,0.15134805,0.19033074,0.17915344,0.23021618,0.1375314,0.18028931,0.027575696
2023-01-07 21:00:00+00:00,0.19228518,0.17584783,0.17509878,0.18839365,0.2237413,0.16041112,0.19695055,0.1879546,0.24062905,0.14553684,0.1886849,0.027927648
2023-01-07 22:00:00+00:00,0.20240855,0.18720299,0.18674207,0.19667393,0.23540372,0.17262793,0.2054426,0.19977057,0.25311175,0.15690124,0.19962853,0.028019259
2023-01-07 23:00:00+00:00,0.21319377,0.1992088,0.20187092,0.20771527,0.2500835,0.18621606,0.21485645,0.21455175,0.2669293,0.17041296,0.21250387,0.028205601
2023-01-08 00:00:00+00:00,0.22343737,0.21011364,0.21684855,0.21789014,0.26464862,0.19943655,0.22383124,0.23005891,0.27989545,0.1839621,0.22501227,0.028462688
2023-01-08 01:00:00+00:00,0.23290795,0.21961051,0.2295677,0.22623068,0.27691358,0.2116434,0.23183775,0.24558258,0.29104546,0.19629729,0.2361637,0.028669275
2023-01-08 02:00:00+00:00,0.24314904,0.23031074,0.24374074,0.23088735,0.28996897,0.22474068,0.24054319,0.26342207,0.30412135,0.21028149,0.24811654,0.029468277
2023-01-08 03:00:00+00:00,0.2545641,0.2421524,0.2615142,0.23478496,0.30646384,0.23952568,0.25053036,0.27954686,0.3187482,0.22660929,0.26144397,0.030878719
2023-01-08 04:00:00+00:00,0.26789474,0.25593477,0.28619623,0.24368161,0.328736,0.25697166,0.26352262,0.2935726,0.33542183,0.24753463,0.27794665,0.032536697
2023-01-08 05:00:00+00:00,0.28148872,0.2694512,0.3128534,0.25860846,0.35198826,0.2748328,0.27798104,0.30781746,0.35123053,0.27145952,0.29577115,0.033824343
2023-01-08 06:00:00+00:00,0.2947957,0.28191382,0.33630043,0.28063518,0.37305558,0.2914806,0.29333615,0.320796,0.36461648,0.2966473,0.3133577,0.03388827
2023-01-08 07:00:00+00:00,0.30454457,0.29143733,0.34744787,0.3005073,0.3848456,0.302837,0.305892,0.33054227,0.3742341,0.31846488,0.32607532,0.03261279
2023-01-08 08:00:00+00:00,0.30951172,0.29814237,0.3482998,0.31269252,0.38954753,0.3121299,0.3149584,0.33578598,0.38083348,0.335957,0.3337859,0.031038122
2023-01-08 09:00:00+00:00,0.31020874,0.3019033,0.34332806,0.31559962,0.389279,0.32038724,0.3207327,0.33793736,0.38396648,0.34914023,0.33724827,0.029953243
2023-01-08 10:00:00+00:00,0.30660707,0.30038887,0.3341266,0.30934066,0.38299632,0.3227638,0.32158476,0.33755887,0.38135168,0.35712993,0.33538485,0.029701987
2023-01-08 11:00:00+00:00,0.30117208,0.29573786,0.32518506,0.29969138,0.37145793,0.32184803,0.3189397,0.33487177,0.37499014,0.3618071,0.33057013,0.029647134
2023-01-08 12:00:00+00:00,0.29524064,0.28923398,0.31699622,0.28724414,0.35916144,0.31831008,0.3134151,0.33026952,0.36619285,0.36390406,0.32399678,0.030236918
2023-01-08 13:00:00+00:00,0.2866701,0.2801684,0.3068115,0.2716077,0.34464955,0.31098604,0.3045857,0.32307017,0.35474548,0.36262506,0.31459197,0.031412564
2023-01-08 14:00:00+00:00,0.27009994,0.26575446,0.2901681,0.24968046,0.32269245,0.29756838,0.29056418,0.31327832,0.3379961,0.35557353,0.29933757,0.033349056
2023-01-08 15:00:00+00:00,0.25020206,0.24668866,0.26797688,0.22952491,0.293162,0.2784835,0.27195674,0.30099463,0.3171281,0.34291995,0.27990374,0.034493446
2023-01-08 16:00:00+00:00,0.22884518,0.22417736,0.24359566,0.2147966,0.2598055,0.25561666,0.2498464,0.28631353,0.29340604,0.32463443,0.25810376,0.034381356
2023-01-08 17:00:00+00:00,0.20860928,0.2024793,0.2201401,0.20409942,0.2305764,0.23311353,0.22797734,0.27042007,0.2707136,0.30328232,0.23714113,0.033580493
2023-01-08 18:00:00+00:00,0.19047582,0.18282318,0.19874394,0.19607341,0.20898962,0.21167064,0.20791566,0.25367862,0.25150833,0.28068197,0.21825612,0.032306943
2023-01-08 19:00:00+00:00,0.17395991,0.16425192,0.18088722,0.1756401,0.19150573,0.19027752,0.18909562,0.23634034,0.23474893,0.25673455,0.19934419,0.03152233
2023-01-08 20:00:00+00:00,0.15943497,0.14825183,0.16820478,0.15669835,0.17761213,0.17120516,0.17287397,0.21951926,0.21980426,0.23370618,0.18273108,0.0301896
2023-01-08 22:00:00+00:00,0.14722818,0.13477474,0.16101444,0.14688873,0.16862273,0.15575844,0.15946817,0.2040419,0.20720276,0.21247774,0.1697478,0.027961286
2023-01-08 23:00:00+00:00,0.13807786,0.12504953,0.15004212,0.13845968,0.16348541,0.14270002,0.14944285,0.1907599,0.197521,0.19390118,0.15894395,0.02620493
2023-01-09 00:00:00+00:00,0.13502526,0.11974871,0.14167297,0.13449544,0.1613391,0.13762546,0.14253145,0.18025047,0.19187751,0.17825854,0.15228249,0.02404131
2023-01-09 01:00:00+00:00,0.13502502,0.11867422,0.14010972,0.12656093,0.16514182,0.13576436,0.13951004,0.1729294,0.19019207,0.16757506,0.14914827,0.023184089
2023-01-09 02:00:00+00:00,0.13975215,0.12258583,0.14467639,0.12221795,0.17327362,0.13708013,0.14073741,0.16886997,0.1930261,0.16227174,0.15044913,0.023110885
2023-01-09 03:00:00+00:00,0.14853317,0.129902,0.15321708,0.1172027,0.18491113,0.13996482,0.14524168,0.16812027,0.20016727,0.16131759,0.15485778,0.024880681
2023-01-09 04:00:00+00:00,0.16003305,0.13990402,0.16647565,0.11195618,0.20086217,0.14657503,0.15282851,0.17053151,0.21096435,0.16435146,0.1624482,0.028524153
2023-01-09 05:00:00+00:00,0.17368925,0.15420687,0.18814963,0.11227274,0.22349513,0.15784824,0.16571534,0.17749757,0.2251328,0.17310947,0.1751117,0.032993004
2023-01-09 06:00:00+00:00,0.18915242,0.17112565,0.21935129,0.111272216,0.2519651,0.17361808,0.18379885,0.18992227,0.24178627,0.18705684,0.1919049,0.039745327
2023-01-09 07:00:00+00:00,0.20687675,0.19411379,0.2629301,0.12612408,0.28983104,0.1960131,0.21059185,0.2084912,0.26489064,0.21045423,0.21703167,0.046174657
2023-01-09 08:00:00+00:00,0.22547317,0.22088486,0.30767995,0.18907243,0.33663356,0.23028392,0.24660999,0.2344566,0.29382184,0.24341524,0.25283313,0.045361556
2023-01-09 09:00:00+00:00,0.24449414,0.2487753,0.35504752,0.26500374,0.38163823,0.2780537,0.28800827,0.26556402,0.32626572,0.28167737,0.2934528,0.045986548
2023-01-09 10:00:00+00:00,0.26430368,0.27393675,0.37211496,0.33909267,0.41259223,0.32462716,0.32681948,0.2972793,0.35685763,0.31501102,0.32826346,0.04492264
2023-01-09 11:00:00+00:00,0.28256392,0.29395014,0.3702005,0.4148155,0.42430204,0.3617841,0.35734344,0.32428622,0.38069037,0.33692932,0.35468656,0.04662642
2023-01-09 12:00:00+00:00,0.29661965,0.30928826,0.36835235,0.46804756,0.42384094,0.38898778,0.37967378,0.34611553,0.3960794,0.34994596,0.37269512,0.051229034
2023-01-09 13:00:00+00:00,0.30859643,0.320082,0.3770941,0.49068767,0.42005342,0.40748549,0.39362955,0.36151373,0.40443352,0.35446423,0.38380402,0.05264181
2023-01-09 14:00:00+00:00,0.32072508,0.32394516,0.3748374,0.4963076,0.4101336,0.41474503,0.39701498,0.36891413,0.40693668,0.34494042,0.38585,0.052014913
2023-01-09 15:00:00+00:00,0.32616705,0.32375252,0.36598736,0.48994422,0.40564173,0.41588497,0.3932454,0.369716,0.40430036,0.33314395,0.38277835,0.050860472
2023-01-09 16:00:00+00:00,0.3269084,0.31949615,0.36085212,0.4001435,0.40494317,0.41390646,0.38415837,0.36227548,0.39862546,0.3206619,0.36919707,0.03659992
2023-01-09 17:00:00+00:00,0.32779336,0.31078255,0.34284884,0.37368995,0.39511704,0.40690035,0.36948204,0.3484456,0.39006165,0.30099505,0.35661167,0.03631336
2023-01-09 18:00:00+00:00,0.3222369,0.2993365,0.31859487,0.34597492,0.38344765,0.39808655,0.35282308,0.3318463,0.38024232,0.2872622,0.34198514,0.036993843
2023-01-09 19:00:00+00:00,0.3176474,0.2792685,0.274747,0.34290683,0.35081172,0.37732363,0.33008844,0.3136791,0.36410293,0.25542468,0.3206,0.040449798
2023-01-09 20:00:00+00:00,0.30591345,0.25057387,0.2571748,0.33565938,0.29862183,0.34311694,0.30007893,0.29330146,0.3416768,0.21402884,0.29401463,0.042503722
2023-01-09 21:00:00+00:00,0.28159046,0.21767372,0.23533708,0.32311273,0.25606555,0.29555088,0.26796263,0.2717353,0.31497028,0.18075389,0.26447526,0.044008844
2023-01-09 22:00:00+00:00,0.25109065,0.18658006,0.21542609,0.30069464,0.23450267,0.25211197,0.23833102,0.24974215,0.28836754,0.15733612,0.23741832,0.04300531
2023-01-09 23:00:00+00:00,0.22411972,0.16182572,0.18710178,0.26329315,0.22346467,0.22023785,0.21246868,0.22761035,0.2635717,0.14007556,0.21237692,0.039706986
2023-01-10 00:00:00+00:00,0.20334935,0.14559227,0.16282147,0.21855253,0.21798027,0.20096558,0.19099772,0.20542383,0.24447587,0.12969661,0.19198555,0.035607263
2023-01-10 01:00:00+00:00,0.18821424,0.13711321,0.14922732,0.19214952,0.21888489,0.18820137,0.17540699,0.18415272,0.23358122,0.12549311,0.17924245,0.0340835
2023-01-10 02:00:00+00:00,0.18007046,0.13569337,0.14021003,0.17179418,0.22338897,0.18471903,0.16556412,0.16422343,0.2300351,0.1254574,0.1721156,0.034693252
2023-01-10 03:00:00+00:00,0.17669839,0.1369307,0.14156914,0.1545772,0.22888893,0.18608749,0.15945077,0.14627886,0.23014179,0.12667811,0.16873014,0.03661058
2023-01-10 04:00:00+00:00,0.17713034,0.1431477,0.14633709,0.14699823,0.23696876,0.18893021,0.15762657,0.1300258,0.23504105,0.13106054,0.16932663,0.039717324
2023-01-10 05:00:00+00:00,0.18100601,0.15225339,0.15481967,0.1325643,0.24931812,0.1939953,0.15971321,0.11695421,0.24136505,0.13762367,0.1719613,0.04466852
2023-01-10 06:00:00+00:00,0.189542,0.16399723,0.16678429,0.12875432,0.26302826,0.2023074,0.16521806,0.10773575,0.24841091,0.14563197,0.17814103,0.049223423
2023-01-10 07:00:00+00:00,0.2031945,0.18237054,0.18494171,0.1209892,0.28138512,0.21427321,0.17656696,0.10256916,0.26167384,0.15954787,0.18875122,0.055612035
2023-01-10 08:00:00+00:00,0.22106862,0.20415133,0.20989716,0.12018502,0.3047666,0.23202091,0.19327694,0.102820575,0.27922824,0.17808032,0.20454958,0.06233469
2023-01-10 09:00:00+00:00,0.24131012,0.22667474,0.237059,0.11283362,0.3291738,0.2519908,0.21374059,0.10819119,0.2995992,0.19940072,0.22199738,0.07029897
2023-01-10 10:00:00+00:00,0.26299942,0.2497108,0.26376098,0.110916555,0.35213077,0.27645326,0.23682648,0.11857432,0.32186309,0.22272635,0.24159622,0.07708673
2023-01-10 11:00:00+00:00,0.2841494,0.2716413,0.28870445,0.11203581,0.3718891,0.3006041,0.26062423,0.13399237,0.344421,0.24664551,0.26147074,0.08216911
2023-01-10 12:00:00+00:00,0.30328113,0.29129356,0.3110203,0.10813731,0.38685083,0.32222486,0.28327346,0.15326762,0.3656502,0.2698496,0.2794849,0.086843915
2023-01-10 13:00:00+00:00,0.31933957,0.30782688,0.32865632,0.10348427,0.39735138,0.34149647,0.30326337,0.17498058,0.38407692,0.29108238,0.29515582,0.09044853
2023-01-10 14:00:00+00:00,0.33237058,0.32176203,0.34250653,0.09692103,0.40469742,0.35662544,0.32042927,0.19698614,0.39971653,0.31052274,0.3082538,0.09377241
2023-01-10 15:00:00+00:00,0.34042466,0.33227026,0.35295063,0.08902675,0.40865248,0.369128,0.3340236,0.21807384,0.4117761,0.32720333,0.31835294,0.096786216
2023-01-10 16:00:00+00:00,0.3464272,0.34137833,0.36165226,0.08199185,0.41069788,0.38005978,0.34455532,0.2371546,0.42082343,0.34234625,0.32670867,0.0994722
2023-01-10 17:00:00+00:00,0.35061193,0.3478487,0.3709932,0.07761353,0.41040784,0.38769358,0.3506828,0.25232983,0.42640385,0.35475063,0.33293357,0.10121344
2023-01-10 18:00:00+00:00,0.3546936,0.35258782,0.39078295,0.07745063,0.41498762,0.39646715,0.3554408,0.26659536,0.42963055,0.3679856,0.34066224,0.10281386
2023-01-10 19:00:00+00:00,0.35468304,0.3515184,0.3919595,0.08021712,0.40850097,0.39638358,0.35250825,0.2757342,0.42707214,0.37369347,0.34122705,0.100772016
2023-01-10 20:00:00+00:00,0.35038483,0.3457467,0.37803662,0.08530873,0.39561737,0.3898248,0.34354985,0.2795434,0.41946372,0.37440407,0.336188,0.0960622
2023-01-10 21:00:00+00:00,0.34381276,0.33708787,0.36093694,0.08880669,0.3804654,0.37927634,0.33125973,0.2798074,0.40808323,0.3719988,0.32815352,0.091101244
2023-01-10 22:00:00+00:00,0.33466864,0.3254996,0.34179455,0.09343296,0.36317497,0.3648237,0.31617337,0.27794874,0.39319524,0.36612427,0.3176836,0.085075505
2023-01-10 23:00:00+00:00,0.32290864,0.31141543,0.32207566,0.09931296,0.34506005,0.34737974,0.2995702,0.2738608,0.3755032,0.35694653,0.30540335,0.078193575
2023-01-11 00:00:00+00:00,0.3096984,0.29572582,0.3033706,0.10461444,0.32700002,0.32824844,0.2829296,0.2664343,0.3564529,0.3450573,0.2919532,0.07134721
2023-01-11 01:00:00+00:00,0.29607016,0.27987158,0.28733617,0.110679746,0.31065905,0.3093474,0.26776564,0.25845748,0.3376148,0.3316518,0.2789454,0.064440064
2023-01-11 02:00:00+00:00,0.28244352,0.26420856,0.2731493,0.11857951,0.296066,0.2910654,0.2545058,0.25039685,0.32015076,0.3167385,0.26673046,0.057219546
2023-01-11 03:00:00+00:00,0.2691744,0.24966437,0.26196456,0.12558591,0.28399217,0.2746207,0.24371606,0.2427057,0.30485186,0.30189192,0.25581676,0.050779782
2023-01-11 04:00:00+00:00,0.25532204,0.23462653,0.25141758,0.13259399,0.272727,0.25877708,0.23405588,0.23434591,0.2902322,0.2859751,0.24500732,0.04448126
2023-01-11 05:00:00+00:00,0.24142593,0.2202295,0.242271,0.1323533,0.26103848,0.24394917,0.2258761,0.2253508,0.27665564,0.27017766,0.23393276,0.040475488
2023-01-11 06:00:00+00:00,0.22809255,0.20855433,0.237095,0.12841791,0.25152546,0.23183072,0.22050875,0.21795654,0.2656227,0.25651693,0.22461209,0.03832097
2023-01-11 07:00:00+00:00,0.21572316,0.19901216,0.23580438,0.12553912,0.24563265,0.22265327,0.21789163,0.21274322,0.25665095,0.2453289,0.21769795,0.036945075
2023-01-11 08:00:00+00:00,0.20390588,0.19069993,0.23311466,0.12340093,0.24208897,0.2157647,0.21708184,0.20937616,0.24912569,0.2360614,0.212062,0.036092922
2023-01-11 09:00:00+00:00,0.19332576,0.18325037,0.22846508,0.12284404,0.23709291,0.21004796,0.21648777,0.20720679,0.24264273,0.22739553,0.20687589,0.034936715
2023-01-11 10:00:00+00:00,0.184093,0.17578864,0.21899414,0.12288213,0.22943938,0.20417053,0.21479207,0.20558864,0.23649457,0.21838146,0.20106244,0.03323271
2023-01-11 11:00:00+00:00,0.17604238,0.17114788,0.20981246,0.1244998,0.22498298,0.20032525,0.21398479,0.2044155,0.23367599,0.21193618,0.19708233,0.032030746
2023-01-11 12:00:00+00:00,0.16960567,0.16837001,0.20258307,0.12597531,0.22383904,0.19795829,0.2130934,0.20347762,0.23287848,0.20765215,0.19454332,0.03163752
2023-01-11 13:00:00+00:00,0.1622423,0.1631332,0.19454741,0.1249885,0.22200179,0.19374448,0.21063274,0.20216995,0.23051742,0.20243818,0.1906416,0.031874225
2023-01-11 14:00:00+00:00,0.15365958,0.157327,0.18768322,0.122899115,0.21986514,0.18920565,0.20685613,0.20085353,0.22719148,0.19744116,0.18629818,0.032475762
2023-01-11 15:00:00+00:00,0.14599383,0.15381175,0.18369532,0.12624437,0.21906072,0.18662077,0.20359206,0.19943583,0.2253358,0.19452465,0.18383151,0.03226449
2023-01-11 16:00:00+00:00,0.13811558,0.14936316,0.18015176,0.13192487,0.21873021,0.18319595,0.20017833,0.19818717,0.2229481,0.19177014,0.18145652,0.031996883
2023-01-11 17:00:00+00:00,0.1301145,0.14556253,0.17850459,0.14079082,0.21929741,0.18017459,0.19739252,0.1974492,0.22101298,0.1899305,0.18002295,0.031878352
2023-01-11 18:00:00+00:00,0.123236656,0.14312106,0.17818391,0.15000695,0.22104257,0.1784234,0.19610721,0.19712287,0.22019878,0.18929237,0.17967358,0.03236228
2023-01-11 19:00:00+00:00,0.11789709,0.14351928,0.18221283,0.16570234,0.22666949,0.17992681,0.1981774,0.19851232,0.2219753,0.19123077,0.18258235,0.033448923
2023-01-11 20:00:00+00:00,0.11379516,0.14493012,0.18731177,0.18999255,0.23353046,0.18351239,0.20307481,0.20113951,0.22561094,0.19439715,0.18772951,0.035455216
2023-01-11 21:00:00+00:00,0.109558046,0.14554602,0.19141531,0.2128666,0.23955905,0.18801272,0.2099697,0.20469344,0.22917452,0.1974433,0.19282386,0.038811494
2023-01-11 22:00:00+00:00,0.106259465,0.14697897,0.19283861,0.22381997,0.24254036,0.1935988,0.21794683,0.208619,0.23355052,0.20042604,0.19665785,0.041470665
2023-01-11 23:00:00+00:00,0.10159844,0.14646167,0.19332695,0.23596072,0.24423647,0.19945043,0.2256288,0.21291262,0.23612139,0.20233065,0.1998028,0.04469335
2023-01-12 00:00:00+00:00,0.098042846,0.14487362,0.19131929,0.25129557,0.23924243,0.20426315,0.23244643,0.21735346,0.23693243,0.20232826,0.20180973,0.047597267
2023-01-12 01:00:00+00:00,0.09729481,0.14662075,0.18909264,0.265979,0.23492533,0.2103203,0.24029285,0.22183746,0.24001357,0.20409715,0.20504737,0.050177116
2023-01-12 02:00:00+00:00,0.099702775,0.15068048,0.18647677,0.2796241,0.23438764,0.2192893,0.24872392,0.22599411,0.2454752,0.20728385,0.20976381,0.05247947
2023-01-12 03:00:00+00:00,0.103871524,0.15479279,0.1837973,0.29391778,0.23667091,0.22863221,0.25652337,0.22962344,0.25127777,0.21042877,0.21495359,0.05488019
2023-01-12 04:00:00+00:00,0.10858536,0.16052866,0.18386179,0.30663794,0.24262172,0.23862302,0.26455545,0.23263198,0.25790522,0.21507567,0.22110268,0.056974046
2023-01-12 05:00:00+00:00,0.11353505,0.1647445,0.18323243,0.32008386,0.24670875,0.24623835,0.27097976,0.23463559,0.26277587,0.21837223,0.22613063,0.05909325
2023-01-12 06:00:00+00:00,0.11744875,0.16805488,0.18173462,0.3332268,0.24943471,0.2520694,0.27586734,0.23536938,0.26602927,0.2213071,0.23005423,0.061338186
2023-01-12 07:00:00+00:00,0.119742274,0.16986018,0.17784381,0.34545755,0.24968767,0.25510395,0.2784394,0.23428732,0.2674031,0.2231167,0.2320942,0.06377858
2023-01-12 08:00:00+00:00,0.12144518,0.16932738,0.17136157,0.3531223,0.24614722,0.2547915,0.27802485,0.23148966,0.2656347,0.22232366,0.2313668,0.065453045
2023-01-12 09:00:00+00:00,0.12155694,0.16641045,0.16274297,0.356964,0.24071765,0.25111383,0.274539,0.22693247,0.26085678,0.21948546,0.22813198,0.06669041
2023-01-12 10:00:00+00:00,0.12009609,0.16154003,0.15312946,0.35738325,0.23492825,0.24488604,0.26828253,0.21992648,0.25378755,0.21529305,0.22292528,0.06749135
2023-01-12 11:00:00+00:00,0.11819029,0.15662348,0.14488691,0.3530556,0.23112106,0.2380073,0.26035976,0.21105123,0.24615648,0.21085763,0.21703097,0.0671351
2023-01-12 12:00:00+00:00,0.115347505,0.1509366,0.13610464,0.34421533,0.228051,0.2305193,0.25080377,0.20045733,0.23881957,0.20625257,0.21015076,0.066054806
2023-01-12 13:00:00+00:00,0.11123186,0.14422274,0.1286726,0.32865727,0.22613037,0.22212344,0.2403704,0.18743062,0.2309235,0.2011106,0.20208736,0.06368769
2023-01-12 14:00:00+00:00,0.10723126,0.13576555,0.11973184,0.3072586,0.22002453,0.21184099,0.22872615,0.17305988,0.22156844,0.19396144,0.19191687,0.0602033
2023-01-12 15:00:00+00:00,0.10236746,0.12527204,0.1090737,0.28089345,0.20995057,0.1993857,0.21598959,0.15903437,0.21095374,0.18502796,0.17979486,0.055998642
2023-01-12 16:00:00+00:00,0.09734154,0.11538416,0.09997612,0.2535199,0.20036393,0.18690902,0.20117146,0.14618427,0.20066503,0.17646575,0.16779812,0.05144734
2023-01-12 17:00:00+00:00,0.09385884,0.107397795,0.09315288,0.23218364,0.19208902,0.17614198,0.18682301,0.13432646,0.19238529,0.1690777,0.15774366,0.047807295
2023-01-12 18:00:00+00:00,0.091625154,0.10026991,0.08780271,0.2178098,0.18576187,0.16657943,0.17396492,0.12465125,0.18511388,0.1622464,0.14958254,0.045337323
2023-01-12 19:00:00+00:00,0.09075093,0.09315586,0.08418846,0.20744222,0.18067336,0.15795183,0.1627,0.116665125,0.17849496,0.15564185,0.14276645,0.043422498
2023-01-12 20:00:00+00:00,0.09123844,0.08955169,0.08304435,0.1924864,0.17736405,0.15160775,0.15416116,0.10948968,0.17387852,0.15073502,0.13735572,0.040519945
2023-01-12 21:00:00+00:00,0.09315562,0.08834213,0.08355069,0.17840767,0.1750716,0.14692068,0.14805883,0.10393971,0.17079076,0.14694548,0.13351832,0.03762977
2023-01-12 22:00:00+00:00,0.09533578,0.08771014,0.08400524,0.16800725,0.17282635,0.14284003,0.14345801,0.09970659,0.16858765,0.14367092,0.13061479,0.035465166
2023-01-12 23:00:00+00:00,0.09798449,0.08723849,0.085077345,0.15414768,0.17066342,0.14067304,0.14022255,0.09754515,0.1667352,0.14062738,0.12809148,0.033008303
2023-01-13 00:00:00+00:00,0.1019932,0.087675154,0.08748639,0.14126068,0.16846693,0.13954455,0.13856757,0.09806222,0.16481617,0.13767946,0.12655523,0.030416895
2023-01-13 01:00:00+00:00,0.107397854,0.0905934,0.091686666,0.13308048,0.16778815,0.14021045,0.13936883,0.100417376,0.16478673,0.13648677,0.12718168,0.028301958
2023-01-13 02:00:00+00:00,0.11425477,0.09457034,0.09694892,0.1281336,0.16868865,0.141002,0.14181757,0.10405123,0.16599217,0.13624823,0.12917075,0.026577936
2023-01-13 03:00:00+00:00,0.1218012,0.09956646,0.10264915,0.12403566,0.17033052,0.14159316,0.14547205,0.108444154,0.16813895,0.13696742,0.13189988,0.02518616
2023-01-13 04:00:00+00:00,0.1299932,0.10594326,0.11068481,0.12202495,0.17401963,0.14338326,0.1508146,0.11402726,0.17144051,0.1390273,0.13613586,0.024136046
2023-01-13 05:00:00+00:00,0.1385405,0.11309606,0.11903423,0.122383,0.17826968,0.14584821,0.15723503,0.12033582,0.17583504,0.14214319,0.14127207,0.023406867
2023-01-13 06:00:00+00:00,0.14670128,0.12058014,0.1278345,0.12322295,0.18340337,0.14878404,0.16432405,0.12717319,0.18108568,0.14628154,0.14693908,0.02312932
2023-01-13 07:00:00+00:00,0.15342629,0.12597388,0.13475132,0.12337631,0.18642616,0.15028352,0.16875392,0.13424683,0.18495688,0.14932549,0.15115206,0.022770157
2023-01-13 08:00:00+00:00,0.15912193,0.13064212,0.14114922,0.12613529,0.1889832,0.15113604,0.1716922,0.14145339,0.1882774,0.15196168,0.15505525,0.022070156
2023-01-13 09:00:00+00:00,0.16503394,0.13566601,0.14743072,0.13281679,0.19180351,0.1520198,0.17454505,0.14854789,0.19226655,0.15498668,0.15951172,0.021071658
2023-01-13 10:00:00+00:00,0.17188382,0.14146495,0.154962,0.14095342,0.19598442,0.15355444,0.1778127,0.15600729,0.19714454,0.15864772,0.16484153,0.020247705
2023-01-13 11:00:00+00:00,0.178563,0.14839113,0.16440547,0.15550357,0.202654,0.15591353,0.18199897,0.16328073,0.20407417,0.16417176,0.17189562,0.019421162
2023-01-13 12:00:00+00:00,0.18501091,0.15605658,0.175448,0.16772056,0.21142817,0.15889359,0.18689114,0.17007565,0.21277621,0.17131275,0.17956135,0.019711578
2023-01-13 13:00:00+00:00,0.19011557,0.16284156,0.18895006,0.17596841,0.22143406,0.16307956,0.1920852,0.17710835,0.2208645,0.17874044,0.18711877,0.020589413
2023-01-13 14:00:00+00:00,0.1934169,0.16994542,0.20467192,0.18427676,0.2331199,0.16862053,0.19840747,0.18404746,0.22965309,0.18777633,0.19539359,0.022037376
2023-01-13 15:00:00+00:00,0.19586867,0.177401,0.22008812,0.19671434,0.24713653,0.17665231,0.20637941,0.19189405,0.23830655,0.19836062,0.20488016,0.023681689
2023-01-13 16:00:00+00:00,0.19725364,0.18537897,0.2341963,0.21471542,0.2628469,0.18691897,0.21606874,0.20064747,0.24771133,0.21095943,0.21566972,0.025664061
2023-01-13 17:00:00+00:00,0.19757593,0.19155163,0.24804008,0.2370891,0.27649796,0.19718093,0.2257734,0.21035665,0.25490662,0.22239876,0.22613712,0.028041782
2023-01-13 18:00:00+00:00,0.19660264,0.19740492,0.2576006,0.2657035,0.2898357,0.20771146,0.23665595,0.22176105,0.2610549,0.23391372,0.23682444,0.031477716
2023-01-13 19:00:00+00:00,0.19634783,0.20264876,0.26000983,0.29396337,0.2985983,0.21807814,0.24721414,0.23382843,0.2666287,0.24377573,0.24610929,0.03490882
2023-01-13 20:00:00+00:00,0.19630235,0.20780349,0.25961566,0.32178706,0.30442113,0.22850221,0.25709343,0.24542677,0.27281794,0.25225854,0.25460285,0.03904238
2023-01-13 21:00:00+00:00,0.19511777,0.21155363,0.2597723,0.34518147,0.30845642,0.23788953,0.26544482,0.25599974,0.2778158,0.25850773,0.26157394,0.043448675
2023-01-13 22:00:00+00:00,0.19284445,0.21250927,0.25905716,0.36129993,0.30564356,0.24420011,0.27082676,0.26457173,0.2799454,0.2608279,0.26517263,0.046702173
2023-01-13 23:00:00+00:00,0.18908614,0.21031463,0.25794697,0.36890006,0.2972821,0.24670357,0.2728969,0.27106863,0.27842483,0.25898445,0.2651608,0.048637673
2023-01-14 00:00:00+00:00,0.18458557,0.20606929,0.2565397,0.3685361,0.28714192,0.24624425,0.2718084,0.27484405,0.2749497,0.25421596,0.26249352,0.049293205
2023-01-14 01:00:00+00:00,0.18044907,0.20073944,0.24694794,0.36008376,0.27732217,0.24413604,0.2680964,0.2759623,0.27063146,0.24740356,0.25717723,0.048409555
2023-01-14 02:00:00+00:00,0.17672741,0.1946429,0.23796779,0.3452382,0.2694978,0.24173194,0.26221037,0.2744922,0.26585189,0.23928815,0.25076488,0.046195276
2023-01-14 03:00:00+00:00,0.17416036,0.18887347,0.22922766,0.32425845,0.26287413,0.23973495,0.25458807,0.26985872,0.2618505,0.23070401,0.24361303,0.0424595
2023-01-14 04:00:00+00:00,0.17212075,0.182572,0.22174877,0.29786414,0.25743192,0.23648012,0.24571002,0.26303548,0.25722072,0.22156888,0.23557527,0.037869528
2023-01-14 05:00:00+00:00,0.1711874,0.17896694,0.21725917,0.26846075,0.25579447,0.23383081,0.2376138,0.25477284,0.2550468,0.21474957,0.22876826,0.033168413
2023-01-14 06:00:00+00:00,0.17215258,0.17674321,0.20769596,0.2368887,0.2570176,0.23147094,0.2305739,0.2461316,0.2540389,0.20942736,0.22221406,0.030027956
2023-01-14 07:00:00+00:00,0.17527026,0.17864996,0.2047261,0.21673548,0.26217788,0.23175699,0.22647876,0.23771095,0.2566639,0.2081396,0.21983099,0.029272668
2023-01-14 08:00:00+00:00,0.1803081,0.18260908,0.20919788,0.19181949,0.27090913,0.23420829,0.22498429,0.2303052,0.26115993,0.20954221,0.21950436,0.030930132
2023-01-14 09:00:00+00:00,0.1869111,0.19187456,0.2241813,0.17472035,0.28938264,0.24209392,0.22938526,0.22577184,0.27022097,0.21750927,0.22520514,0.035954524
2023-01-14 10:00:00+00:00,0.19621605,0.20820951,0.25539315,0.18726736,0.32012296,0.25898558,0.2423675,0.22645175,0.2851731,0.23463261,0.24148197,0.040773228
2023-01-14 11:00:00+00:00,0.21092379,0.22977114,0.29305273,0.21778256,0.35469085,0.28365338,0.26280147,0.23243052,0.30576816,0.25814855,0.2649023,0.04515239
2023-01-14 12:00:00+00:00,0.22793353,0.2537095,0.33408588,0.2671985,0.387816,0.31549907,0.28894085,0.24332839,0.32998118,0.28511167,0.29336044,0.04892139
2023-01-14 13:00:00+00:00,0.24389213,0.27491248,0.36668694,0.30504245,0.41038126,0.34709138,0.31636506,0.2578178,0.35252568,0.3095941,0.31843093,0.05180393
2023-01-14 14:00:00+00:00,0.2597505,0.2916385,0.38594407,0.3479665,0.41941273,0.37303084,0.34066653,0.27395862,0.37011263,0.326648,0.3389129,0.051408704
2023-01-14 15:00:00+00:00,0.27681816,0.30506802,0.38628042,0.39303535,0.41824114,0.39140415,0.3593052,0.2889613,0.382974,0.33516306,0.35372508,0.049323086
2023-01-14 16:00:00+00:00,0.2912767,0.31477046,0.3774106,0.43051606,0.41579545,0.40369773,0.37154788,0.30134404,0.39031324,0.33788145,0.36345538,0.049362015
2023-01-14 17:00:00+00:00,0.30553907,0.32154208,0.36866587,0.45452744,0.41367728,0.4104458,0.37750858,0.31055588,0.39182118,0.3340503,0.36883336,0.050042793
2023-01-14 18:00:00+00:00,0.31509566,0.3265069,0.36805272,0.46866125,0.41777307,0.41548377,0.3793525,0.31272918,0.3893524,0.33062017,0.37236276,0.05188865
2023-01-14 19:00:00+00:00,0.32526475,0.32604867,0.36295074,0.47526485,0.414905,0.41515112,0.37466425,0.31170422,0.38284382,0.31758273,0.37063798,0.05317376
2023-01-14 20:00:00+00:00,0.33199394,0.3237949,0.35098815,0.47530806,0.40810257,0.41154033,0.36489284,0.308129,0.3748406,0.30341893,0.36530092,0.054055292
2023-01-14 21:00:00+00:00,0.33522946,0.31791347,0.33416623,0.46665162,0.39799607,0.40371883,0.3502518,0.30264914,0.36383244,0.28610444,0.35585135,0.05423111
2023-01-14 22:00:00+00:00,0.33440137,0.30746812,0.31518006,0.44510067,0.38317126,0.39119482,0.33165854,0.29551637,0.34921655,0.26519126,0.34180993,0.052634403
2023-01-14 23:00:00+00:00,0.3278544,0.29410636,0.2992267,0.40711105,0.36861658,0.37713873,0.3122545,0.28721035,0.33299997,0.24704969,0.3253568,0.04798077
2023-01-15 00:00:00+00:00,0.31694335,0.27551943,0.2772649,0.36205482,0.35228723,0.3602329,0.2911101,0.27718443,0.31554535,0.22688502,0.30550274,0.044096176
2023-01-15 01:00:00+00:00,0.30467135,0.25738877,0.25554454,0.32511252,0.33555347,0.34409583,0.27123684,0.26628715,0.29797843,0.20894557,0.2866814,0.042345125
2023-01-15 02:00:00+00:00,0.29273558,0.24335259,0.23902279,0.25502062,0.32416618,0.33265036,0.25515443,0.25512493,0.28255394,0.19779277,0.26775742,0.040869515
2023-01-15 03:00:00+00:00,0.28297567,0.23317188,0.23042703,0.20814776,0.31847215,0.3254791,0.24218327,0.24404651,0.26974532,0.19095302,0.25456017,0.044291753
2023-01-15 04:00:00+00:00,0.2749502,0.22513014,0.22594011,0.18211251,0.3144107,0.321234,0.23181844,0.23335332,0.26033792,0.18607908,0.24553664,0.047437508
2023-01-15 05:00:00+00:00,0.26688236,0.21744573,0.21970856,0.16778564,0.30849773,0.3179446,0.22276324,0.22249883,0.25302705,0.18128777,0.23778415,0.049212053
2023-01-15 06:00:00+00:00,0.25882447,0.211061,0.21223658,0.15721035,0.30124587,0.31632507,0.21552926,0.21168566,0.2473481,0.17725909,0.23087254,0.050498802
2023-01-15 07:00:00+00:00,0.25176066,0.2092821,0.2064209,0.15285647,0.29778272,0.3177157,0.21168023,0.20026153,0.24727485,0.17737049,0.22724056,0.05154343
2023-01-15 08:00:00+00:00,0.24575984,0.20626718,0.20002055,0.14943057,0.2940519,0.31835747,0.20840853,0.18912685,0.24676779,0.17591804,0.22341089,0.052725874
2023-01-15 09:00:00+00:00,0.23892695,0.20307648,0.19408453,0.13790065,0.2897699,0.31861508,0.205827,0.17837739,0.2465041,0.17427242,0.21873546,0.05513632
2023-01-15 10:00:00+00:00,0.23157871,0.20096391,0.19049555,0.13829511,0.2878942,0.31970292,0.20448548,0.16787529,0.24794224,0.17433429,0.21635675,0.05605951
2023-01-15 11:00:00+00:00,0.22471857,0.19743896,0.18706715,0.13313228,0.2855087,0.3228441,0.20291764,0.15853101,0.24791995,0.1729297,0.21330078,0.05835402
2023-01-15 12:00:00+00:00,0.21742022,0.19248343,0.18344629,0.1260314,0.28042805,0.3248412,0.20058101,0.15078795,0.24588987,0.17008513,0.20919946,0.060310293
2023-01-15 13:00:00+00:00,0.21121591,0.18902034,0.1800018,0.11906159,0.27508754,0.32558143,0.19874978,0.14439374,0.24485245,0.16824222,0.20562068,0.06182784
2023-01-15 14:00:00+00:00,0.2058667,0.18541867,0.17671728,0.11827463,0.27019125,0.32469416,0.19686985,0.1402623,0.2437571,0.16627663,0.20283286,0.061908256
2023-01-15 15:00:00+00:00,0.20063454,0.17881954,0.17140877,0.116776526,0.26153636,0.31985033,0.19288552,0.13838428,0.23955688,0.16103321,0.1980886,0.06077022
2023-01-15 16:00:00+00:00,0.19604677,0.17352182,0.16793871,0.113877475,0.25270325,0.3133809,0.18934906,0.13905668,0.23538932,0.15643638,0.19377005,0.05905195
2023-01-15 17:00:00+00:00,0.19383109,0.17019093,0.16598791,0.11111903,0.24670023,0.30759048,0.186571,0.14131987,0.2331551,0.15329939,0.1909765,0.057570804
2023-01-15 18:00:00+00:00,0.19379961,0.1686728,0.16700745,0.10936916,0.24485177,0.30299014,0.18486363,0.14505064,0.23270896,0.15161496,0.19009292,0.056390475
2023-01-15 19:00:00+00:00,0.1952306,0.1685822,0.17036414,0.10963601,0.24660224,0.2995025,0.18423831,0.1492846,0.23392776,0.1512236,0.1908592,0.055419054
2023-01-15 20:00:00+00:00,0.1975401,0.1695146,0.1766004,0.10998535,0.25057727,0.29731417,0.1853646,0.15375936,0.23594901,0.15169686,0.19283018,0.054850858
2023-01-15 21:00:00+00:00,0.20217913,0.17432702,0.18745005,0.112201154,0.25817746,0.2979706,0.18930703,0.15877962,0.24062881,0.15542543,0.19764464,0.054679286
2023-01-15 22:00:00+00:00,0.20737958,0.17787683,0.19570011,0.11368132,0.2638517,0.29836512,0.19288266,0.16355675,0.24482152,0.15816307,0.20162788,0.05464796
2023-01-15 23:00:00+00:00,0.21180952,0.18098325,0.20092076,0.11448008,0.26775324,0.29836476,0.19575554,0.16735917,0.2488145,0.16047347,0.20467141,0.054662757
2023-01-16 00:00:00+00:00,0.21821654,0.187567,0.20971394,0.11493653,0.27515054,0.30038565,0.200724,0.1721577,0.2550104,0.16549885,0.2099361,0.05532368
2023-01-16 01:00:00+00:00,0.22445178,0.19284987,0.21597612,0.11494058,0.2823426,0.30195314,0.2048319,0.17619604,0.2613565,0.16993892,0.21448374,0.05624804
2023-01-16 02:00:00+00:00,0.22933841,0.19734937,0.22272706,0.114016294,0.29000652,0.303263,0.20831102,0.17969823,0.26625094,0.17400771,0.21849684,0.05741331
2023-01-16 03:00:00+00:00,0.23246932,0.20080382,0.2290979,0.11293155,0.29697067,0.30322778,0.21083724,0.1824575,0.26981124,0.17744756,0.22160545,0.05838687
2023-01-16 04:00:00+00:00,0.23381305,0.20133168,0.23196995,0.111064434,0.3002249,0.300582,0.21078044,0.18397796,0.27037838,0.17788637,0.22220092,0.058807332
2023-01-16 05:00:00+00:00,0.23303837,0.19934034,0.23266429,0.10811663,0.29937464,0.295811,0.20838153,0.18459034,0.26774862,0.17535824,0.22044241,0.058672752
2023-01-16 06:00:00+00:00,0.22914642,0.19305277,0.22879815,0.103512645,0.29238623,0.28793645,0.20225936,0.18364143,0.26076332,0.16820186,0.21496984,0.0577735
2023-01-16 07:00:00+00:00,0.22240919,0.18304473,0.2210176,0.09818643,0.27920693,0.2756729,0.19251394,0.1810618,0.24953076,0.15666866,0.2059313,0.055768687
2023-01-16 08:00:00+00:00,0.2128461,0.16979092,0.20995104,0.09192437,0.26153094,0.25986105,0.1796115,0.17694551,0.23453012,0.14155,0.19385414,0.053129397
2023-01-16 09:00:00+00:00,0.19996732,0.15181261,0.19348103,0.08524001,0.23879164,0.23880035,0.16238785,0.17096025,0.21499756,0.1216318,0.17780705,0.049714573
2023-01-16 10:00:00+00:00,0.18596387,0.13353115,0.17664534,0.07993823,0.2166183,0.21472776,0.14389044,0.16391599,0.19820789,0.10113567,0.16145745,0.046476875
2023-01-16 11:00:00+00:00,0.17270917,0.116828084,0.16200471,0.076420546,0.19820058,0.19000638,0.12608325,0.1567511,0.18503943,0.08223587,0.14662793,0.04399691
2023-01-16 12:00:00+00:00,0.16060406,0.10094881,0.14861631,0.07358861,0.18204021,0.16543895,0.10899502,0.14980257,0.17287543,0.06443936,0.13273492,0.042385206
2023-01-16 13:00:00+00:00,0.1499458,0.08795923,0.13780099,0.071841,0.16928345,0.14295506,0.09409505,0.14333087,0.16213813,0.04973668,0.12090862,0.04141258
2023-01-16 14:00:00+00:00,0.13984144,0.07640624,0.12714106,0.07079917,0.15796334,0.122633874,0.08073205,0.13703632,0.15275106,0.037339926,0.11026444,0.040829845
2023-01-16 15:00:00+00:00,0.13053524,0.06696153,0.118320465,0.06954402,0.14823091,0.106252074,0.069373846,0.13141274,0.14665535,0.027278244,0.10145645,0.040853593
2023-01-16 16:00:00+00:00,0.1220333,0.058784485,0.109856844,0.06790584,0.13611394,0.0938825,0.058571815,0.12655813,0.14133158,0.018743873,0.09337823,0.040752675
2023-01-16 17:00:00+00:00,0.11396545,0.051565886,0.10057938,0.06628394,0.12404466,0.08748001,0.04708916,0.1219486,0.13668522,0.011628151,0.08612704,0.04072264
2023-01-16 18:00:00+00:00,0.10674125,0.045340538,0.09211445,0.0643577,0.11284536,0.084922254,0.037384868,0.11737919,0.13240072,0.0055805445,0.07990669,0.0406996
2023-01-16 19:00:00+00:00,0.099737406,0.040038764,0.08399755,0.063088,0.103165805,0.08420098,0.028959274,0.111588955,0.12882504,0.0010340214,0.07446358,0.040495228
2023-01-16 20:00:00+00:00,0.09351188,0.03486848,0.07687986,0.06244886,0.09519595,0.08490932,0.021557093,0.10587335,0.12563577,-0.0023771524,0.06985034,0.040436078
2023-01-16 21:00:00+00:00,0.08757365,0.031116784,0.071244,0.063052595,0.089515924,0.08710945,0.0152439475,0.100033045,0.122967154,-0.004201472,0.06636551,0.040309425
2023-01-16 22:00:00+00:00,0.0816915,0.027834177,0.06700313,0.06421465,0.084988534,0.09005177,0.009790897,0.094379485,0.12049249,-0.0052881837,0.06351585,0.040277764
2023-01-16 23:00:00+00:00,0.07548624,0.024219155,0.062051356,0.06563735,0.07982969,0.09223235,0.0044701695,0.088698626,0.11806616,-0.0064055324,0.060428552,0.040380042
2023-01-17 00:00:00+00:00,0.06804526,0.01986593,0.05573392,0.06750351,0.073733866,0.09363127,-0.00113976,0.08265573,0.11569837,-0.0076990724,0.0568029,0.04069434
2023-01-17 01:00:00+00:00,0.059750855,0.013964415,0.049429,0.06837124,0.06632775,0.09395796,-0.007375777,0.07692325,0.11310229,-0.009141028,0.052530997,0.041315466
2023-01-17 02:00:00+00:00,0.051354527,0.007858276,0.042440057,0.06995338,0.058144987,0.09172171,-0.013697565,0.071302116,0.11058566,-0.01014334,0.04795198,0.041895572
2023-01-17 03:00:00+00:00,0.042473078,0.001093626,0.03473282,0.07749605,0.05025679,0.08611423,-0.020204961,0.0655365,0.10823807,-0.010894537,0.043484166,0.042930547
2023-01-17 04:00:00+00:00,0.0334754,-0.005960524,0.027669013,0.08396983,0.042877853,0.07881647,-0.024897248,0.056931734,0.10579494,-0.011639476,0.0387038,0.04375752
2023-01-17 05:00:00+00:00,0.024011195,-0.012907803,0.021058977,0.09597057,0.036193013,0.07043415,-0.029480845,0.045877457,0.10250011,-0.012290955,0.034136586,0.045516808
2023-01-17 06:00:00+00:00,0.014106393,-0.01874116,0.015583158,0.11691779,0.03161335,0.062125385,-0.034355372,0.036052585,0.09817138,-0.012681127,0.030879239,0.049514342
2023-01-17 07:00:00+00:00,0.004722595,-0.02372402,0.010479212,0.13163882,0.028458416,0.053840935,-0.03906578,0.02767855,0.0939351,-0.013104439,0.02748594,0.053192995
2023-01-17 08:00:00+00:00,-0.00459069,-0.028726429,0.0052250624,0.1360926,0.025593877,0.044906795,-0.04350573,0.020054042,0.08958754,-0.013604641,0.023103243,0.05500987
2023-01-17 09:00:00+00:00,-0.013628721,-0.034446687,-0.0017783642,0.1416269,0.021540105,0.034895718,-0.047958106,0.012870014,0.08491817,-0.014349103,0.018368993,0.05737184
2023-01-17 10:00:00+00:00,-0.022282004,-0.040111363,-0.008647442,0.1464737,0.0172351,0.024351716,-0.052332282,0.006414771,0.07996592,-0.015074968,0.013599316,0.059700172
2023-01-17 11:00:00+00:00,-0.030240655,-0.046499163,-0.016928494,0.14821869,0.011795819,0.0141554475,-0.056435704,-3.4928322e-05,0.07466349,-0.016027808,0.00826667,0.061467856
2023-01-17 12:00:00+00:00,-0.037513137,-0.05295545,-0.024401248,0.1467619,0.0059339404,0.0049582124,-0.059750557,-0.006690562,0.0689874,-0.017034113,0.002829638,0.062352076
2023-01-17 13:00:00+00:00,-0.04420176,-0.057504088,-0.030258656,0.14128578,0.002322197,-0.0032040477,-0.06283653,-0.013105154,0.063587755,-0.01763004,-0.0021544546,0.061986927
2023-01-17 14:00:00+00:00,-0.0494965,-0.06137827,-0.035155833,0.12236351,-9.351969e-05,-0.01088506,-0.065588295,-0.019378781,0.05819884,-0.018327892,-0.00797418,0.058031555
2023-01-17 15:00:00+00:00,-0.053593665,-0.06523743,-0.03983429,0.08822888,-0.0030709505,-0.018728495,-0.06796098,-0.02577123,0.052462727,-0.019769609,-0.015327504,0.050482336
2023-01-17 16:00:00+00:00,-0.057026237,-0.068074584,-0.044576794,0.04325354,-0.005166352,-0.025987685,-0.070264846,-0.0321438,0.046868056,-0.021506965,-0.023462567,0.04159429
2023-01-17 17:00:00+00:00,-0.059634537,-0.07096067,-0.04955691,-0.006310731,-0.0068380535,-0.032834858,-0.07231355,-0.038591444,0.04131809,-0.023427486,-0.031915016,0.03496219
2023-01-17 18:00:00+00:00,-0.061505556,-0.07431799,-0.054489404,-0.041967154,-0.009278983,-0.039122492,-0.07392299,-0.0454759,0.03570357,-0.025720417,-0.03900973,0.033173725
2023-01-17 19:00:00+00:00,-0.062527835,-0.07809278,-0.058763653,-0.056129605,-0.012180954,-0.045491636,-0.075119734,-0.05272758,0.029913396,-0.028013945,-0.04391343,0.032742508
2023-01-17 20:00:00+00:00,-0.06315029,-0.08120331,-0.06279495,-0.07634795,-0.014758199,-0.051368058,-0.07613233,-0.06088823,0.024167985,-0.030215323,-0.049269065,0.03322782
2023-01-17 21:00:00+00:00,-0.063528866,-0.08339271,-0.06680906,-0.083470404,-0.016014695,-0.056166857,-0.077195704,-0.069631875,0.01689136,-0.032358706,-0.053167753,0.03283678
2023-01-17 22:00:00+00:00,-0.06417802,-0.084846765,-0.07082194,-0.08759254,-0.015995622,-0.05974576,-0.07839182,-0.07861948,0.010624021,-0.03461331,-0.05641813,0.03272548
2023-01-17 23:00:00+00:00,-0.0651595,-0.08492446,-0.07519838,-0.090964675,-0.014819175,-0.06200221,-0.07985276,-0.08737409,0.005592078,-0.0368838,-0.059158694,0.033092532
2023-01-18 00:00:00+00:00,-0.06633124,-0.08407959,-0.07891083,-0.093455344,-0.013061881,-0.06295863,-0.081427366,-0.09560934,0.0016154945,-0.039329767,-0.061354853,0.033733036
2023-01-18 01:00:00+00:00,-0.067374825,-0.084278494,-0.08190942,-0.09512594,-0.012390286,-0.06396401,-0.08269873,-0.10312137,-0.0023402274,-0.042030483,-0.063523374,0.03421855
2023-01-18 02:00:00+00:00,-0.06844562,-0.08456206,-0.08543944,-0.096175194,-0.01254189,-0.065038264,-0.08386618,-0.11035463,-0.006042093,-0.0446904,-0.065715574,0.034692995
2023-01-18 03:00:00+00:00,-0.06953812,-0.08392283,-0.088501364,-0.09699246,-0.012183338,-0.06575301,-0.085128725,-0.11433169,-0.009109318,-0.04706028,-0.06725212,0.03492584
2023-01-18 04:00:00+00:00,-0.07052189,-0.08314139,-0.09099102,-0.097633064,-0.01164645,-0.06613177,-0.08631742,-0.11672157,-0.01158008,-0.04930967,-0.06839944,0.035058364
2023-01-18 05:00:00+00:00,-0.07140979,-0.08220258,-0.09334403,-0.09797329,-0.011454195,-0.066379875,-0.08747405,-0.118736416,-0.013815135,-0.051621437,-0.06944108,0.035104644
2023-01-18 06:00:00+00:00,-0.0720641,-0.080669105,-0.095291674,-0.09834111,-0.011050612,-0.06666577,-0.08872861,-0.12053126,-0.015904218,-0.05365467,-0.07029011,0.035188343
2023-01-18 07:00:00+00:00,-0.07274544,-0.0790135,-0.09780055,-0.09675065,-0.010763586,-0.06713271,-0.089961946,-0.12207541,-0.017671466,-0.055591106,-0.07095064,0.0351846
2023-01-18 08:00:00+00:00,-0.07329345,-0.07685995,-0.09998134,-0.094680965,-0.010250926,-0.067602396,-0.09106845,-0.12348223,-0.019397646,-0.057344675,-0.071396194,0.035193317
2023-01-18 09:00:00+00:00,-0.073563784,-0.07509586,-0.10069886,-0.09245524,-0.010196924,-0.06836945,-0.09205127,-0.12474367,-0.021504581,-0.059035808,-0.07177155,0.03494147
2023-01-18 10:00:00+00:00,-0.073426366,-0.0738613,-0.10142717,-0.0896616,-0.010876775,-0.06959057,-0.09279761,-0.12585309,-0.024316937,-0.060471117,-0.072228245,0.034422226
2023-01-18 11:00:00+00:00,-0.0726625,-0.0734179,-0.10246074,-0.08810666,-0.012984067,-0.07139936,-0.09374377,-0.12674847,-0.0269427,-0.061825693,-0.07302919,0.033774156
2023-01-18 12:00:00+00:00,-0.071608186,-0.072984815,-0.10355133,-0.08689618,-0.015343517,-0.07404506,-0.09467569,-0.12761974,-0.028698742,-0.06250468,-0.07379279,0.03328898
2023-01-18 13:00:00+00:00,-0.070367575,-0.07248041,-0.1048218,-0.086072594,-0.017784208,-0.07679078,-0.09561145,-0.12840503,-0.02903229,-0.06300941,-0.07443756,0.033077642
2023-01-18 14:00:00+00:00,-0.06866577,-0.070988625,-0.10422945,-0.08478591,-0.019363731,-0.07951847,-0.09667167,-0.12921858,-0.02769664,-0.06292233,-0.074406125,0.033185367
2023-01-18 15:00:00+00:00,-0.066330016,-0.06893137,-0.10313302,-0.082365185,-0.020671457,-0.08189714,-0.097783655,-0.13004458,-0.025030345,-0.06263712,-0.073882386,0.03357113
2023-01-18 16:00:00+00:00,-0.063335985,-0.066302,-0.10129377,-0.07590526,-0.021239668,-0.083780706,-0.09861314,-0.13091841,-0.021239579,-0.062071323,-0.07246998,0.034236
2023-01-18 17:00:00+00:00,-0.059432983,-0.06341925,-0.097873956,-0.07146636,-0.020768046,-0.084774256,-0.099279284,-0.13171893,-0.016520381,-0.061241895,-0.07064953,0.035237603
2023-01-18 18:00:00+00:00,-0.054472685,-0.05972457,-0.09256667,-0.066467345,-0.019177377,-0.085137665,-0.09978664,-0.13250875,-0.0108754635,-0.059856445,-0.06805736,0.036569502
2023-01-18 19:00:00+00:00,-0.047915787,-0.054974943,-0.08532679,-0.060792178,-0.016736895,-0.084525555,-0.09980321,-0.13323012,-0.004244745,-0.057909757,-0.064546004,0.038209736
2023-01-18 20:00:00+00:00,-0.04025808,-0.049251318,-0.07616979,-0.053534746,-0.01301232,-0.08306819,-0.09916389,-0.13384765,0.0031644404,-0.055157512,-0.060029913,0.040206406
2023-01-18 21:00:00+00:00,-0.031698555,-0.0428389,-0.0646632,-0.04526639,-0.00824219,-0.080429584,-0.09781769,-0.13120249,0.011032164,-0.052020878,-0.05431477,0.041788522
2023-01-18 22:00:00+00:00,-0.022188634,-0.033587307,-0.05150065,-0.03380862,-0.0013846159,-0.07645574,-0.09400001,-0.12730551,0.019632012,-0.04820764,-0.04688067,0.043508995
2023-01-18 23:00:00+00:00,-0.011551648,-0.022426248,-0.03665316,-0.019391656,0.00798732,-0.06589329,-0.086570084,-0.12227684,0.029058725,-0.043067396,-0.03707843,0.044918083
2023-01-19 00:00:00+00:00,0.00053578615,-0.009833932,-0.020226032,-0.0024918318,0.01930213,-0.05169961,-0.075993925,-0.11607188,0.039225012,-0.034946203,-0.025220048,0.0461938
2023-01-19 01:00:00+00:00,0.009033024,-0.0010188222,-0.00737226,0.01311028,0.029782712,-0.038559824,-0.06533566,-0.10885203,0.04769054,-0.027243733,-0.014876577,0.046671107
2023-01-19 02:00:00+00:00,0.014012277,0.0040079355,0.0031076074,0.02436918,0.03819722,-0.028880477,-0.055846572,-0.10183635,0.052876323,-0.02151227,-0.007150513,0.046363175
2023-01-19 03:00:00+00:00,0.016453266,0.005875945,0.009333909,0.03137064,0.043082774,-0.022872388,-0.0483419,-0.09559211,0.05534801,-0.018393219,-0.0023735077,0.045431163
2023-01-19 04:00:00+00:00,0.016579688,0.0057050586,0.011123538,0.034330428,0.04544592,-0.020025432,-0.042592674,-0.090432376,0.055526763,-0.01689589,-0.00012349784,0.04401614
2023-01-19 05:00:00+00:00,0.014543116,0.0031338334,0.009878337,0.033154786,0.045066893,-0.020341218,-0.039027184,-0.08636215,0.053544253,-0.0173257,-0.00037350357,0.042177204
2023-01-19 06:00:00+00:00,0.010082841,-0.0020412207,0.005323708,0.026667297,0.041555345,-0.02349785,-0.038369894,-0.083572805,0.0495176,-0.02011007,-0.0034445047,0.039886974
2023-01-19 07:00:00+00:00,0.0028303266,-0.009331048,0.00068861246,0.0146301985,0.036302984,-0.028935581,-0.040446907,-0.0820092,0.04358712,-0.024530709,-0.008721421,0.03736783
2023-01-19 08:00:00+00:00,-0.006940812,-0.019516408,-0.0045351386,0.0012283921,0.028382957,-0.036775798,-0.045798004,-0.081829965,0.035704643,-0.029717147,-0.015979728,0.034971744
2023-01-19 09:00:00+00:00,-0.01824987,-0.031529903,-0.011697829,-0.00914067,0.018820822,-0.046121716,-0.051096857,-0.08292696,0.026493102,-0.03565651,-0.02411064,0.032790292
2023-01-19 10:00:00+00:00,-0.031110466,-0.04625556,-0.021102518,-0.020899653,0.0071789026,-0.057296365,-0.056201518,-0.085240126,0.015968591,-0.042553157,-0.033751186,0.03059192
2023-01-19 11:00:00+00:00,-0.047655374,-0.06273991,-0.03368351,-0.03415653,-0.006164789,-0.06634331,-0.061768413,-0.08902764,0.005844325,-0.050265193,-0.044596035,0.028600618
2023-01-19 12:00:00+00:00,-0.06244874,-0.08166927,-0.049251914,-0.03836301,-0.019991606,-0.07471019,-0.06788427,-0.093732715,-0.0033395588,-0.0587613,-0.055015255,0.027967872
2023-01-19 13:00:00+00:00,-0.07255903,-0.093589544,-0.06264877,-0.039893568,-0.030955315,-0.08234966,-0.073893666,-0.0988462,-0.009867042,-0.06721428,-0.06318171,0.028297154
2023-01-19 14:00:00+00:00,-0.079903424,-0.10299513,-0.07812858,-0.03440222,-0.040239006,-0.08996594,-0.07909387,-0.10339907,-0.016363293,-0.075178385,-0.06996689,0.029639097
2023-01-19 15:00:00+00:00,-0.08534959,-0.111027,-0.09344587,-0.03753072,-0.04835868,-0.097999156,-0.08347553,-0.10425612,-0.022800565,-0.082606286,-0.07668495,0.029944355
2023-01-19 16:00:00+00:00,-0.0885905,-0.11724746,-0.1078237,-0.045707166,-0.05523947,-0.105579585,-0.08725831,-0.10273284,-0.029208034,-0.08953786,-0.08289249,0.029505782
2023-01-19 17:00:00+00:00,-0.09047404,-0.12184903,-0.120503336,-0.04779136,-0.061017185,-0.11211553,-0.09059596,-0.100709856,-0.03527847,-0.09604582,-0.087638065,0.030085018
2023-01-19 18:00:00+00:00,-0.09170687,-0.12537831,-0.13123155,-0.050700277,-0.065665126,-0.11698294,-0.09343907,-0.09905845,-0.04122913,-0.10188776,-0.09172795,0.030556422
2023-01-19 19:00:00+00:00,-0.09253362,-0.1284472,-0.13833094,-0.054138005,-0.06995684,-0.12141755,-0.09528926,-0.09905043,-0.0468646,-0.107118785,-0.095314726,0.030689301
2023-01-19 20:00:00+00:00,-0.093049705,-0.1309663,-0.14373073,-0.05804026,-0.07588589,-0.1255242,-0.096838534,-0.101664454,-0.05220756,-0.11177075,-0.098967835,0.030437496
2023-01-19 21:00:00+00:00,-0.09334624,-0.1332613,-0.1486089,-0.061721057,-0.0827463,-0.12942892,-0.09816533,-0.107109606,-0.057282567,-0.115995616,-0.10276659,0.030185446
2023-01-19 22:00:00+00:00,-0.09338832,-0.13476685,-0.15325323,-0.06605655,-0.08905828,-0.13309118,-0.099357754,-0.11403209,-0.06220463,-0.11971569,-0.10649246,0.029904013
2023-01-19 23:00:00+00:00,-0.093283564,-0.1363715,-0.15761173,-0.070421815,-0.09359071,-0.1366705,-0.10035515,-0.116050124,-0.06709683,-0.12304047,-0.10944923,0.029676244
2023-01-20 00:00:00+00:00,-0.09305608,-0.13745275,-0.16184327,-0.077528924,-0.09704614,-0.13952005,-0.1012086,-0.118406355,-0.0716694,-0.12604976,-0.112378135,0.02913629
2023-01-20 01:00:00+00:00,-0.09271613,-0.13735163,-0.16563305,-0.08482742,-0.100079715,-0.14174592,-0.10191575,-0.12144068,-0.07630521,-0.12855983,-0.11505754,0.02848395
2023-01-20 02:00:00+00:00,-0.09248474,-0.13577878,-0.1691325,-0.09117183,-0.10248229,-0.14235717,-0.10266113,-0.12458736,-0.07993209,-0.13042024,-0.11710081,0.027907556
2023-01-20 03:00:00+00:00,-0.09234744,-0.13278869,-0.1716156,-0.09714368,-0.104346395,-0.14112401,-0.10333902,-0.127761,-0.08255535,-0.13191518,-0.11849364,0.02721368
2023-01-20 04:00:00+00:00,-0.092412144,-0.13027182,-0.17358583,-0.10308927,-0.10542044,-0.13894749,-0.10369137,-0.1305694,-0.08417085,-0.13305545,-0.1195214,0.026719011
2023-01-20 05:00:00+00:00,-0.09266153,-0.12810159,-0.17534938,-0.109339625,-0.10521084,-0.13677353,-0.1040068,-0.133071,-0.08525908,-0.13381475,-0.120358825,0.02648568
2023-01-20 06:00:00+00:00,-0.09320977,-0.12606898,-0.17703041,-0.1146293,-0.10329491,-0.13430938,-0.10431138,-0.13563448,-0.08528969,-0.13454604,-0.12083243,0.026707705
2023-01-20 07:00:00+00:00,-0.093924046,-0.12527925,-0.17868242,-0.119982064,-0.10216889,-0.13264033,-0.104552716,-0.13839006,-0.08536765,-0.1355251,-0.12165127,0.027119394
2023-01-20 08:00:00+00:00,-0.09472674,-0.12349123,-0.18037453,-0.12372619,-0.1008859,-0.13103163,-0.104842305,-0.14117125,-0.08417162,-0.1363385,-0.12207599,0.027853666
2023-01-20 09:00:00+00:00,-0.09561965,-0.12210935,-0.18237904,-0.12652665,-0.09932268,-0.12957928,-0.10511699,-0.1436738,-0.08238387,-0.13705555,-0.12237668,0.028835237
2023-01-20 10:00:00+00:00,-0.09661445,-0.12122488,-0.18449667,-0.12879977,-0.09819889,-0.12876225,-0.10535258,-0.14623266,-0.08080351,-0.13793606,-0.12284217,0.029847192
2023-01-20 11:00:00+00:00,-0.09767869,-0.12055901,-0.18607607,-0.13125375,-0.097690135,-0.12884504,-0.10555726,-0.1488336,-0.07950914,-0.13862142,-0.123462416,0.03068399
2023-01-20 12:00:00+00:00,-0.0988183,-0.11917162,-0.1871056,-0.13211945,-0.097682655,-0.1291756,-0.105771065,-0.15154701,-0.077969074,-0.13922232,-0.12385829,0.031387467
2023-01-20 13:00:00+00:00,-0.100022405,-0.11948937,-0.18808839,-0.13206851,-0.0994637,-0.12980601,-0.10587239,-0.15438703,-0.07690033,-0.1397692,-0.12458674,0.031831183
2023-01-20 14:00:00+00:00,-0.101079255,-0.12002236,-0.1887818,-0.1320687,-0.10158762,-0.12933755,-0.105935335,-0.15682545,-0.07612735,-0.13971528,-0.12514807,0.03208183
2023-01-20 15:00:00+00:00,-0.10180399,-0.12037006,-0.18937024,-0.13128519,-0.105190486,-0.1300427,-0.10598266,-0.15950882,-0.07571286,-0.139835,-0.1259102,0.032238524
2023-01-20 16:00:00+00:00,-0.102041274,-0.12099847,-0.18931174,-0.1301328,-0.1091108,-0.13277155,-0.105992466,-0.16202495,-0.075651795,-0.13947478,-0.12675107,0.032256886
2023-01-20 17:00:00+00:00,-0.10198045,-0.120664954,-0.18891582,-0.12861839,-0.11272687,-0.13571373,-0.10605055,-0.1639657,-0.07491714,-0.13860524,-0.12721588,0.032376487
2023-01-20 18:00:00+00:00,-0.101682514,-0.12066057,-0.18774122,-0.12687972,-0.115246534,-0.13880986,-0.10608941,-0.1652182,-0.0742138,-0.13752913,-0.1274071,0.032389577
2023-01-20 19:00:00+00:00,-0.10100937,-0.11832735,-0.18562937,-0.12443298,-0.11729184,-0.13918638,-0.106251925,-0.16575646,-0.072270274,-0.13571331,-0.12658693,0.032385834
2023-01-20 20:00:00+00:00,-0.100366354,-0.11694738,-0.18301842,-0.12007198,-0.11952752,-0.13815013,-0.10637346,-0.16601655,-0.070156306,-0.13411629,-0.12547444,0.032288544
2023-01-20 21:00:00+00:00,-0.098671705,-0.11448991,-0.17990223,-0.11326346,-0.120883524,-0.13518757,-0.10656312,-0.16557834,-0.067222446,-0.13205144,-0.123381376,0.032360233
2023-01-20 22:00:00+00:00,-0.09602472,-0.11208257,-0.17677993,-0.105903655,-0.12183252,-0.13016891,-0.10677737,-0.16490662,-0.06370002,-0.13020426,-0.120838046,0.032702643
2023-01-20 23:00:00+00:00,-0.09336808,-0.10916871,-0.17175612,-0.0978353,-0.1217826,-0.12252,-0.107019424,-0.16363087,-0.05807537,-0.12859336,-0.11737498,0.033196088
2023-01-21 00:00:00+00:00,-0.091136396,-0.107068,-0.16619426,-0.08916867,-0.11712238,-0.11453444,-0.10722631,-0.1617468,-0.052926242,-0.12699193,-0.113411546,0.033570223
2023-01-21 01:00:00+00:00,-0.089488894,-0.10380757,-0.1608324,-0.080026776,-0.111133605,-0.10470575,-0.10746616,-0.15966395,-0.047499865,-0.12579036,-0.109041534,0.034302633
2023-01-21 02:00:00+00:00,-0.0880675,-0.10013643,-0.15571281,-0.071303815,-0.10515812,-0.095505506,-0.107751936,-0.15806514,-0.042509973,-0.1254527,-0.1049664,0.03536248
2023-01-21 03:00:00+00:00,-0.08740574,-0.09698522,-0.15007907,-0.06729409,-0.09747791,-0.0873138,-0.10804826,-0.156369,-0.038082093,-0.12516996,-0.101422526,0.035904117
2023-01-21 04:00:00+00:00,-0.08793184,-0.094112754,-0.1453386,-0.0640271,-0.089958906,-0.080551505,-0.10838243,-0.15514001,-0.034524113,-0.1256766,-0.09856439,0.036583938
2023-01-21 05:00:00+00:00,-0.08957681,-0.093241245,-0.1420877,-0.061656594,-0.0835821,-0.07496014,-0.108676255,-0.1547113,-0.03289467,-0.12697211,-0.0968359,0.037255224
2023-01-21 06:00:00+00:00,-0.091782,-0.092648506,-0.14007857,-0.060409874,-0.07851878,-0.07004234,-0.10900921,-0.15538636,-0.032233447,-0.12880382,-0.0958913,0.038087793
2023-01-21 07:00:00+00:00,-0.094726145,-0.09416357,-0.13968295,-0.060370296,-0.07560137,-0.06695327,-0.10928795,-0.1567432,-0.033094525,-0.131132,-0.09617553,0.038729604
2023-01-21 08:00:00+00:00,-0.097758114,-0.09641865,-0.14027372,-0.061570972,-0.07433227,-0.06523478,-0.10956544,-0.15880215,-0.03482023,-0.13360676,-0.09723832,0.03920715
2023-01-21 09:00:00+00:00,-0.101049215,-0.10044831,-0.14225179,-0.06411177,-0.075353265,-0.06523678,-0.10979286,-0.16143644,-0.037543297,-0.13621357,-0.09934373,0.03939644
2023-01-21 10:00:00+00:00,-0.10421702,-0.10497403,-0.14487967,-0.06762126,-0.078305304,-0.066239834,-0.10999739,-0.16427809,-0.040831476,-0.13875157,-0.10200956,0.039312616
2023-01-21 11:00:00+00:00,-0.10716009,-0.10979015,-0.14781067,-0.072057486,-0.08303526,-0.06777826,-0.11018646,-0.16723928,-0.044478804,-0.14132732,-0.10508637,0.039010715
2023-01-21 12:00:00+00:00,-0.10971552,-0.114519,-0.15066329,-0.078968495,-0.08866036,-0.069872946,-0.11032587,-0.1701993,-0.048558652,-0.14368832,-0.10851717,0.038318165
2023-01-21 13:00:00+00:00,-0.11155483,-0.11858451,-0.1534225,-0.089996964,-0.09558594,-0.071915686,-0.11043525,-0.17325684,-0.052013725,-0.14593247,-0.11226986,0.037451558
2023-01-21 14:00:00+00:00,-0.11318779,-0.1225597,-0.15548682,-0.098938465,-0.10390654,-0.07440615,-0.11051035,-0.17595994,-0.055063874,-0.14802456,-0.11580442,0.036729153
2023-01-21 15:00:00+00:00,-0.114628494,-0.12598142,-0.15593642,-0.1018953,-0.11153707,-0.076698035,-0.1105867,-0.17746642,-0.0580177,-0.14959851,-0.11823461,0.03606819
2023-01-21 16:00:00+00:00,-0.11602399,-0.12918583,-0.15657261,-0.10037199,-0.11914411,-0.07896978,-0.110643506,-0.17862934,-0.060931146,-0.15131858,-0.12017908,0.035748847
2023-01-21 17:00:00+00:00,-0.11687899,-0.13109279,-0.15569675,-0.09916359,-0.123414665,-0.08005452,-0.11072251,-0.17858332,-0.06332028,-0.15261337,-0.12115409,0.03532309
2023-01-21 18:00:00+00:00,-0.11760241,-0.13317695,-0.15518153,-0.099035144,-0.12797135,-0.08080897,-0.11067206,-0.17812732,-0.06541532,-0.15405321,-0.12220442,0.034980047
2023-01-21 19:00:00+00:00,-0.11853683,-0.13487041,-0.15463588,-0.09898427,-0.131587,-0.08133316,-0.11060369,-0.17656893,-0.06690052,-0.15498644,-0.1229007,0.03454748
2023-01-21 20:00:00+00:00,-0.11995053,-0.13660285,-0.15516758,-0.09987402,-0.13506144,-0.08201057,-0.11059639,-0.17492092,-0.06818798,-0.15636358,-0.12387359,0.034236107
2023-01-21 21:00:00+00:00,-0.12141347,-0.13777328,-0.15655217,-0.10182348,-0.13822195,-0.08226168,-0.11066082,-0.17331949,-0.06934786,-0.15787283,-0.1249247,0.034039527
2023-01-21 22:00:00+00:00,-0.12321189,-0.13886622,-0.15806022,-0.10474467,-0.14009073,-0.08245388,-0.110759616,-0.17173341,-0.070430696,-0.15937454,-0.12597258,0.033785906
2023-01-21 23:00:00+00:00,-0.12520269,-0.1403558,-0.16158393,-0.10798177,-0.14231446,-0.083628476,-0.11083546,-0.17078093,-0.071412265,-0.16156855,-0.12756643,0.033853944
2023-01-22 00:00:00+00:00,-0.12735546,-0.14186904,-0.16526338,-0.11158869,-0.14363608,-0.085160464,-0.11091831,-0.16977045,-0.072194904,-0.16371122,-0.1291468,0.033900626
2023-01-22 01:00:00+00:00,-0.12884325,-0.1433942,-0.16941008,-0.1152316,-0.14431736,-0.0871892,-0.11098215,-0.16902274,-0.07278517,-0.16595641,-0.13071321,0.034051463
2023-01-22 02:00:00+00:00,-0.12959623,-0.14591262,-0.17408937,-0.11826202,-0.14455944,-0.09064862,-0.11096537,-0.16900933,-0.07373634,-0.16837546,-0.13251548,0.03424516
2023-01-22 03:00:00+00:00,-0.12980503,-0.1489214,-0.1792854,-0.11972427,-0.14557335,-0.09530234,-0.11088437,-0.16994038,-0.07498175,-0.17106947,-0.1345488,0.03465159
2023-01-22 04:00:00+00:00,-0.1294997,-0.15092033,-0.18395993,-0.12019563,-0.14594123,-0.10066801,-0.11074051,-0.17095497,-0.0764243,-0.17247865,-0.13617833,0.03480343
2023-01-22 05:00:00+00:00,-0.12876463,-0.15330553,-0.18951845,-0.11934829,-0.14692113,-0.10773656,-0.11049518,-0.17261013,-0.078495085,-0.17488196,-0.1382077,0.035232734
2023-01-22 06:00:00+00:00,-0.12761539,-0.15500745,-0.1948219,-0.11789003,-0.14837873,-0.11530933,-0.110241026,-0.17444527,-0.080705136,-0.17721516,-0.14016294,0.035785444
2023-01-22 07:00:00+00:00,-0.12611327,-0.1565308,-0.19967511,-0.11660999,-0.14981699,-0.1234988,-0.10995808,-0.17607978,-0.08312911,-0.17920351,-0.14206155,0.036325634
2023-01-22 08:00:00+00:00,-0.124278545,-0.15740356,-0.20356542,-0.11523101,-0.15094522,-0.13036615,-0.109657586,-0.17722449,-0.085360765,-0.18058619,-0.1434619,0.036871977
2023-01-22 09:00:00+00:00,-0.122266084,-0.1588786,-0.20785132,-0.11391243,-0.1525332,-0.13708252,-0.109283835,-0.17793804,-0.08754927,-0.181952,-0.14492473,0.03767131
2023-01-22 10:00:00+00:00,-0.11999926,-0.16082391,-0.2111552,-0.112659335,-0.15497112,-0.14397603,-0.10882461,-0.17845276,-0.09007391,-0.18377331,-0.14647093,0.03847754
2023-01-22 11:00:00+00:00,-0.11743307,-0.16211209,-0.21382987,-0.11188027,-0.15697378,-0.15053743,-0.108355105,-0.1784679,-0.09252846,-0.18513629,-0.14772543,0.03917782
2023-01-22 12:00:00+00:00,-0.114700645,-0.16293281,-0.21651271,-0.11167157,-0.15890068,-0.15586391,-0.107871205,-0.17806652,-0.09473291,-0.18596849,-0.14872214,0.03988085
2023-01-22 13:00:00+00:00,-0.11193627,-0.16325933,-0.21959102,-0.112139225,-0.16086745,-0.15927988,-0.10740948,-0.17734116,-0.096616566,-0.18653944,-0.14949799,0.040618982
2023-01-22 14:00:00+00:00,-0.10921374,-0.1628024,-0.22267312,-0.11295357,-0.16288573,-0.16024849,-0.107034,-0.1764541,-0.09829658,-0.18691382,-0.14994755,0.041276917
2023-01-22 15:00:00+00:00,-0.106505305,-0.1630339,-0.22548285,-0.115048856,-0.16392931,-0.16210109,-0.106624156,-0.17495531,-0.099908024,-0.18767756,-0.15052664,0.041835178
2023-01-22 16:00:00+00:00,-0.103785634,-0.1633718,-0.22778541,-0.117421746,-0.16483638,-0.16337863,-0.106194586,-0.17294937,-0.10085639,-0.18826362,-0.15088436,0.04235112
2023-01-22 17:00:00+00:00,-0.10095173,-0.16344386,-0.22968683,-0.120085776,-0.16484237,-0.16464147,-0.10576013,-0.17025226,-0.10142842,-0.18824759,-0.15093403,0.042748183
2023-01-22 18:00:00+00:00,-0.098043054,-0.16367999,-0.23166856,-0.122642785,-0.16463214,-0.16562432,-0.1052874,-0.16745839,-0.10192591,-0.18844295,-0.15094057,0.04326559
2023-01-22 19:00:00+00:00,-0.09502384,-0.16415349,-0.23369908,-0.12518626,-0.16442838,-0.16674757,-0.10473588,-0.16457197,-0.10270929,-0.18925515,-0.15105109,0.04391928
2023-01-22 20:00:00+00:00,-0.09188521,-0.16464245,-0.23559669,-0.12793681,-0.16381046,-0.16841051,-0.104138166,-0.1615799,-0.10381946,-0.19028461,-0.15121043,0.044613432
2023-01-22 21:00:00+00:00,-0.08868858,-0.16412735,-0.23737061,-0.1307154,-0.16269478,-0.1704455,-0.103586376,-0.15865502,-0.10511455,-0.1910381,-0.15124364,0.04528412
2023-01-22 22:00:00+00:00,-0.08556533,-0.16311213,-0.23923275,-0.13357088,-0.16162995,-0.17236322,-0.10307738,-0.1556896,-0.106449336,-0.19162592,-0.15123165,0.04599497
2023-01-22 23:00:00+00:00,-0.08258042,-0.16175547,-0.24101064,-0.1371586,-0.16027457,-0.17453581,-0.10238293,-0.15410623,-0.108377725,-0.19247341,-0.15146558,0.04671209
2023-01-23 00:00:00+00:00,-0.07966024,-0.16035435,-0.24225852,-0.13989651,-0.15865448,-0.17698699,-0.10143837,-0.15307954,-0.11087257,-0.19390386,-0.15171054,0.04745614
2023-01-23 01:00:00+00:00,-0.07692346,-0.15871906,-0.24291596,-0.14137596,-0.15708512,-0.17990592,-0.10025844,-0.15307829,-0.114111155,-0.19623187,-0.15206054,0.04822995
2023-01-23 02:00:00+00:00,-0.074370116,-0.15674666,-0.24254885,-0.14254501,-0.1551534,-0.18215314,-0.099092335,-0.15238458,-0.11729765,-0.19816759,-0.15204594,0.04875292
2023-01-23 03:00:00+00:00,-0.072063744,-0.15389103,-0.24174789,-0.14341184,-0.15355492,-0.18264979,-0.09780088,-0.15080291,-0.119944215,-0.19914523,-0.15150125,0.049046896
2023-01-23 04:00:00+00:00,-0.07010937,-0.15005833,-0.24038112,-0.14467812,-0.15169445,-0.18087715,-0.09641698,-0.14798832,-0.12248385,-0.19888479,-0.15035725,0.048940584
2023-01-23 05:00:00+00:00,-0.06850615,-0.14639562,-0.23839629,-0.14657688,-0.14911607,-0.1784744,-0.095072776,-0.14443237,-0.12525004,-0.19749346,-0.14897141,0.048530675
2023-01-23 06:00:00+00:00,-0.06728992,-0.14248246,-0.23598742,-0.14567184,-0.14669538,-0.17567328,-0.09395456,-0.1411247,-0.12752506,-0.19557592,-0.14719805,0.04796262
2023-01-23 07:00:00+00:00,-0.06643817,-0.13831547,-0.23294896,-0.14306697,-0.14413619,-0.17225099,-0.09294224,-0.13723588,-0.12920058,-0.19287607,-0.14494115,0.047153134
2023-01-23 08:00:00+00:00,-0.06592879,-0.13441911,-0.22960618,-0.13909692,-0.14150229,-0.16843262,-0.09204227,-0.13305238,-0.13016728,-0.1895799,-0.14238277,0.04619371
2023-01-23 09:00:00+00:00,-0.06565887,-0.13118449,-0.22629946,-0.13536885,-0.1390692,-0.16445318,-0.09126344,-0.12929597,-0.13049358,-0.18654665,-0.13996337,0.045238826
2023-01-23 10:00:00+00:00,-0.065576255,-0.12802365,-0.22250843,-0.13170218,-0.13583201,-0.16046992,-0.09063858,-0.12510881,-0.13036102,-0.18342194,-0.13736428,0.044174418
2023-01-23 11:00:00+00:00,-0.06564152,-0.124809414,-0.21853074,-0.1286835,-0.13264248,-0.1571376,-0.08984789,-0.12187648,-0.12984213,-0.18130773,-0.13503197,0.043216895
2023-01-23 12:00:00+00:00,-0.06585491,-0.12136546,-0.21449348,-0.12583008,-0.12929535,-0.15428877,-0.08917862,-0.12000182,-0.12884179,-0.17952892,-0.13286792,0.042261988
2023-01-23 13:00:00+00:00,-0.0661571,-0.11820099,-0.21017563,-0.122953385,-0.12536016,-0.15207818,-0.08854255,-0.11839041,-0.12736672,-0.17787063,-0.13070959,0.041296884
2023-01-23 14:00:00+00:00,-0.06651327,-0.115154624,-0.20589179,-0.11870867,-0.121652246,-0.15021428,-0.08799982,-0.11695653,-0.12528867,-0.1757457,-0.12841257,0.040332124
2023-01-23 15:00:00+00:00,-0.066966146,-0.11224046,-0.20177227,-0.11459339,-0.11832294,-0.1480965,-0.087655276,-0.11511627,-0.12224883,-0.17265296,-0.1259665,0.039260376
2023-01-23 16:00:00+00:00,-0.067530125,-0.10989621,-0.19740584,-0.11048257,-0.115324646,-0.14552972,-0.08742991,-0.11306405,-0.11865276,-0.1692889,-0.12346046,0.038051754
2023-01-23 17:00:00+00:00,-0.06818381,-0.107200205,-0.19250885,-0.106110334,-0.112531155,-0.14167854,-0.08763772,-0.10987577,-0.11396137,-0.16411865,-0.12038064,0.036448196
2023-01-23 18:00:00+00:00,-0.068781525,-0.10482547,-0.18766913,-0.10133043,-0.10985848,-0.13713115,-0.087882906,-0.10667467,-0.109273255,-0.15925172,-0.11726787,0.03490905
2023-01-23 19:00:00+00:00,-0.06944993,-0.102877855,-0.18268448,-0.096488,-0.10733646,-0.13174635,-0.088264376,-0.1023677,-0.10352564,-0.15308025,-0.11378211,0.033209953
2023-01-23 20:00:00+00:00,-0.0697715,-0.09996489,-0.17724866,-0.09063649,-0.10164338,-0.1252034,-0.088897824,-0.10046011,-0.09764534,-0.14634067,-0.10978122,0.031493306
2023-01-23 21:00:00+00:00,-0.06998676,-0.09748262,-0.17131397,-0.08455345,-0.09477338,-0.1186865,-0.08944157,-0.09868565,-0.09189287,-0.13997793,-0.10567947,0.029930506
2023-01-23 22:00:00+00:00,-0.070103586,-0.094085425,-0.16473481,-0.07790351,-0.08697641,-0.11185819,-0.090185076,-0.097105145,-0.085791826,-0.13294786,-0.101169184,0.028472863
2023-01-23 23:00:00+00:00,-0.07047725,-0.09010786,-0.15758395,-0.0711551,-0.0786469,-0.104417086,-0.09114358,-0.0954355,-0.07938507,-0.12533092,-0.09636833,0.027135184
2023-01-24 00:00:00+00:00,-0.07066414,-0.08549279,-0.15029147,-0.06411272,-0.07000676,-0.096527666,-0.09174448,-0.09390995,-0.07333785,-0.11797893,-0.09140667,0.026248248
2023-01-24 01:00:00+00:00,-0.07004687,-0.07921651,-0.14222425,-0.05530107,-0.060111076,-0.08798319,-0.09069803,-0.09196937,-0.06749168,-0.11032781,-0.085536994,0.025966302
2023-01-24 02:00:00+00:00,-0.06817004,-0.071530044,-0.13381207,-0.048811942,-0.049375236,-0.08018857,-0.08804467,-0.08632216,-0.06237942,-0.10344541,-0.079207964,0.025769532
2023-01-24 03:00:00+00:00,-0.06524214,-0.0633958,-0.12589544,-0.04243529,-0.039051086,-0.074062705,-0.08436397,-0.080762535,-0.055448353,-0.09796175,-0.07286191,0.026158847
2023-01-24 04:00:00+00:00,-0.061677963,-0.055248678,-0.11815092,-0.036841452,-0.028603822,-0.06958124,-0.08003789,-0.075792015,-0.04713714,-0.095802784,-0.06688739,0.02717146
2023-01-24 05:00:00+00:00,-0.058461964,-0.048835278,-0.111065686,-0.033044726,-0.020685613,-0.067460835,-0.07552749,-0.07132512,-0.039503008,-0.09244004,-0.06183498,0.027630027
2023-01-24 06:00:00+00:00,-0.05631283,-0.0442158,-0.103382915,-0.030274749,-0.0145870745,-0.0676893,-0.07095674,-0.06733027,-0.03294465,-0.08838993,-0.057608426,0.027496323
2023-01-24 07:00:00+00:00,-0.054166555,-0.04026112,-0.09517643,-0.028095275,-0.010220408,-0.06625438,-0.066774905,-0.064118415,-0.027528346,-0.0848259,-0.05374217,0.026952758
2023-01-24 08:00:00+00:00,-0.052725226,-0.038004816,-0.08778405,-0.026969194,-0.007903129,-0.061174035,-0.06305641,-0.06155455,-0.023065865,-0.082072854,-0.050431013,0.025954243
2023-01-24 09:00:00+00:00,-0.050953507,-0.035355747,-0.080066115,-0.025917023,-0.00588423,-0.054853946,-0.059437662,-0.059148997,-0.018936664,-0.07936996,-0.046992384,0.024897406
2023-01-24 10:00:00+00:00,-0.04989794,-0.03409186,-0.07294983,-0.024837524,-0.0050421357,-0.04828769,-0.05607617,-0.056863725,-0.015691161,-0.0774039,-0.044114195,0.023811154
2023-01-24 11:00:00+00:00,-0.04846689,-0.032586038,-0.06566772,-0.022455245,-0.0048253536,-0.040622324,-0.05300796,-0.054724902,-0.0129828155,-0.0759238,-0.041126303,0.022912249
2023-01-24 12:00:00+00:00,-0.047525764,-0.03205371,-0.05873713,-0.020243704,-0.005351782,-0.032483846,-0.05016023,-0.05278948,-0.010891825,-0.07510111,-0.03853386,0.022218216
2023-01-24 13:00:00+00:00,-0.047427177,-0.032965183,-0.05222389,-0.018779546,-0.006608784,-0.025315225,-0.04762602,-0.05079943,-0.00975284,-0.075199515,-0.03666976,0.021737767
2023-01-24 14:00:00+00:00,-0.04901138,-0.036163777,-0.04673326,-0.018724322,-0.009228706,-0.020142883,-0.04561773,-0.049403876,-0.010061413,-0.07688987,-0.036197722,0.021519218
2023-01-24 15:00:00+00:00,-0.052318186,-0.041559637,-0.042646646,-0.020249397,-0.013415843,-0.01726684,-0.04414293,-0.049033284,-0.011906475,-0.08033031,-0.037286956,0.021642841
2023-01-24 16:00:00+00:00,-0.05693528,-0.04864064,-0.039494485,-0.022965074,-0.018687874,-0.016447723,-0.043286502,-0.04976386,-0.0151742995,-0.08533263,-0.039672837,0.022204233
2023-01-24 17:00:00+00:00,-0.061454296,-0.055037886,-0.038566083,-0.026259154,-0.02368772,-0.015813679,-0.042468935,-0.05102715,-0.018954933,-0.090601295,-0.042387113,0.02309992
2023-01-24 18:00:00+00:00,-0.06556687,-0.060647547,-0.03831637,-0.029963464,-0.028268546,-0.014899582,-0.041703403,-0.052291244,-0.022695422,-0.09559658,-0.044994902,0.024143381
2023-01-24 19:00:00+00:00,-0.06962755,-0.06627852,-0.040222496,-0.03432271,-0.03304416,-0.014413357,-0.0406532,-0.053640485,-0.026388645,-0.10045388,-0.0479045,0.02517784
2023-01-24 20:00:00+00:00,-0.07365468,-0.072116524,-0.04580155,-0.03932354,-0.038238972,-0.014665127,-0.040029287,-0.055294007,-0.030153215,-0.105525345,-0.051480222,0.02613993
2023-01-24 21:00:00+00:00,-0.07781249,-0.07823104,-0.051972836,-0.044777483,-0.043719053,-0.015882313,-0.039973676,-0.057493865,-0.03397265,-0.11074379,-0.05545792,0.027101949
2023-01-24 22:00:00+00:00,-0.08139044,-0.0836595,-0.05786428,-0.050040543,-0.04879242,-0.017375857,-0.04067546,-0.0602777,-0.037634462,-0.115902334,-0.0593613,0.028004417
2023-01-24 23:00:00+00:00,-0.084655076,-0.08882764,-0.063887894,-0.05496922,-0.05392474,-0.01943633,-0.042042464,-0.063430935,-0.0409607,-0.12078908,-0.06329241,0.028762056
2023-01-25 00:00:00+00:00,-0.087192625,-0.09298831,-0.06935859,-0.05948004,-0.058322817,-0.021295637,-0.04389915,-0.066492885,-0.043884546,-0.12513405,-0.06680487,0.029357655
2023-01-25 01:00:00+00:00,-0.08897531,-0.09649101,-0.0745402,-0.06346184,-0.06230381,-0.023103952,-0.046487182,-0.06940973,-0.046407312,-0.12881851,-0.06999989,0.02972672
2023-01-25 02:00:00+00:00,-0.08972189,-0.09839356,-0.07892054,-0.06687674,-0.06545219,-0.023936957,-0.0495618,-0.07200742,-0.04808536,-0.13135809,-0.07243145,0.029878758
2023-01-25 03:00:00+00:00,-0.08945453,-0.09903154,-0.0820649,-0.06912398,-0.06733051,-0.023860663,-0.05290088,-0.0738906,-0.04893449,-0.13314536,-0.07397374,0.029970923
2023-01-25 04:00:00+00:00,-0.08840743,-0.098618865,-0.08432561,-0.07091722,-0.06864628,-0.022960633,-0.056403726,-0.075592935,-0.04888329,-0.13428718,-0.074904315,0.030060763
2023-01-25 05:00:00+00:00,-0.08747384,-0.098882884,-0.086350024,-0.0724819,-0.06965873,-0.02272746,-0.060150325,-0.07767707,-0.04861191,-0.13524649,-0.075926065,0.030124139
2023-01-25 06:00:00+00:00,-0.08622101,-0.098350525,-0.0875105,-0.07346317,-0.070188105,-0.022207737,-0.06409651,-0.080964506,-0.04802516,-0.13599691,-0.076702416,0.030210288
2023-01-25 07:00:00+00:00,-0.08506948,-0.09816688,-0.088460594,-0.0739159,-0.071023375,-0.022034347,-0.067459285,-0.084062904,-0.047428906,-0.1367841,-0.07744058,0.030365387
2023-01-25 08:00:00+00:00,-0.08400074,-0.097545356,-0.088511884,-0.0734463,-0.07093781,-0.02167824,-0.07059577,-0.086505115,-0.04669383,-0.13717443,-0.07770895,0.030512806
2023-01-25 09:00:00+00:00,-0.08250055,-0.096099794,-0.0880723,-0.072331905,-0.070488036,-0.020465136,-0.07353297,-0.08833626,-0.0456883,-0.13727841,-0.07747936,0.030786332
2023-01-25 10:00:00+00:00,-0.080917686,-0.09390104,-0.08673355,-0.07063496,-0.06914753,-0.01834619,-0.07599294,-0.08929959,-0.044330746,-0.13656297,-0.07658671,0.031098044
2023-01-25 11:00:00+00:00,-0.07936406,-0.09177011,-0.08494377,-0.068427205,-0.06730676,-0.015704423,-0.078080714,-0.08949053,-0.042964965,-0.13527232,-0.07533248,0.031437542
2023-01-25 12:00:00+00:00,-0.078566074,-0.09066051,-0.08305696,-0.06627378,-0.0653719,-0.013609499,-0.07986486,-0.089012295,-0.041916132,-0.13397557,-0.07423076,0.031705726
2023-01-25 13:00:00+00:00,-0.0785166,-0.09082392,-0.08203888,-0.06506544,-0.064588994,-0.012502462,-0.08152464,-0.0890924,-0.041541725,-0.13348925,-0.073918425,0.031963963
2023-01-25 14:00:00+00:00,-0.07928327,-0.09220415,-0.08185348,-0.06432012,-0.06464434,-0.012553424,-0.083177686,-0.09011781,-0.041932315,-0.13383496,-0.074392155,0.032195456
2023-01-25 15:00:00+00:00,-0.081027,-0.09467274,-0.08196676,-0.063899815,-0.0651367,-0.013819516,-0.084619224,-0.090620935,-0.042906314,-0.13442585,-0.07530949,0.032201532
2023-01-25 16:00:00+00:00,-0.083446145,-0.09779516,-0.082432926,-0.06401268,-0.06611723,-0.015909761,-0.085793346,-0.091532856,-0.04458031,-0.13549867,-0.07671191,0.0321169
2023-01-25 17:00:00+00:00,-0.08608347,-0.10089007,-0.08263844,-0.064322084,-0.06671092,-0.018145949,-0.08679715,-0.09250721,-0.046735317,-0.13652763,-0.078135826,0.031969566
2023-01-25 18:00:00+00:00,-0.08899397,-0.10474774,-0.08357337,-0.0651114,-0.068201244,-0.021136701,-0.08764827,-0.094192,-0.049305588,-0.13765275,-0.080056295,0.03172406
2023-01-25 19:00:00+00:00,-0.09167352,-0.10848227,-0.08491549,-0.06646007,-0.070032775,-0.024360925,-0.08850226,-0.0965347,-0.052006185,-0.13887924,-0.08218475,0.031443823
2023-01-25 20:00:00+00:00,-0.09405911,-0.1115756,-0.086482584,-0.068246245,-0.07220295,-0.0273875,-0.08917984,-0.0991832,-0.054452747,-0.14005074,-0.084282055,0.031147284
2023-01-25 21:00:00+00:00,-0.09695557,-0.11602688,-0.088829726,-0.07041514,-0.07500428,-0.031794727,-0.089849025,-0.10175127,-0.057115674,-0.14130408,-0.08690463,0.030694243
2023-01-25 22:00:00+00:00,-0.10011193,-0.12140602,-0.09209967,-0.072472095,-0.07876763,-0.037595987,-0.090779155,-0.10503149,-0.060320377,-0.14325333,-0.09018377,0.030213285
2023-01-25 23:00:00+00:00,-0.10358584,-0.12596089,-0.096640795,-0.074676156,-0.08398405,-0.045297086,-0.09229025,-0.10966787,-0.06432092,-0.1461851,-0.0942609,0.029473003
2023-01-26 00:00:00+00:00,-0.10698444,-0.1305784,-0.1026046,-0.07733402,-0.090629816,-0.054861516,-0.094696134,-0.1161333,-0.069404125,-0.15197435,-0.09952007,0.02896969
2023-01-26 01:00:00+00:00,-0.11013615,-0.13469839,-0.10944903,-0.08052197,-0.099325836,-0.065550685,-0.0972392,-0.12408641,-0.074722886,-0.1584551,-0.10541858,0.02850479
2023-01-26 02:00:00+00:00,-0.11260447,-0.13775462,-0.11529502,-0.08339316,-0.10715538,-0.07580203,-0.099324316,-0.13099396,-0.079170644,-0.16321844,-0.110471204,0.027940024
2023-01-26 03:00:00+00:00,-0.11445817,-0.14075196,-0.121127605,-0.08620283,-0.11534047,-0.08635172,-0.100910544,-0.13812599,-0.08294389,-0.16703314,-0.11532464,0.027524602
2023-01-26 04:00:00+00:00,-0.11549938,-0.14274108,-0.12632033,-0.09167951,-0.12259823,-0.09593767,-0.10217023,-0.14430562,-0.08699867,-0.16989219,-0.1198143,0.02677435
2023-01-26 05:00:00+00:00,-0.11584747,-0.14411631,-0.1318624,-0.09744033,-0.13008517,-0.10468963,-0.103119165,-0.15026194,-0.09120184,-0.17252705,-0.12411513,0.026256094
2023-01-26 06:00:00+00:00,-0.115309626,-0.14458549,-0.13693917,-0.10272089,-0.13394788,-0.11188787,-0.10385123,-0.15552723,-0.09552452,-0.17493892,-0.12752329,0.025919966
2023-01-26 07:00:00+00:00,-0.11475983,-0.1446057,-0.14070818,-0.10731733,-0.13658914,-0.11886242,-0.10445586,-0.158043,-0.09912661,-0.17635337,-0.13008213,0.025348386
2023-01-26 08:00:00+00:00,-0.11396849,-0.14463663,-0.14482373,-0.11165899,-0.13937166,-0.12668958,-0.1049481,-0.16035292,-0.102998406,-0.17832363,-0.1327772,0.025082508
2023-01-26 09:00:00+00:00,-0.11273101,-0.14401385,-0.14826107,-0.11542979,-0.14180574,-0.13432345,-0.10526341,-0.16210985,-0.10640374,-0.18003616,-0.13503781,0.025051013
2023-01-26 10:00:00+00:00,-0.11130226,-0.1427469,-0.1511657,-0.11859682,-0.14403248,-0.14044088,-0.105376095,-0.16302916,-0.1087822,-0.1810264,-0.13664989,0.025177086
2023-01-26 11:00:00+00:00,-0.10937703,-0.14059696,-0.15246099,-0.120332,-0.14528206,-0.1434859,-0.105578184,-0.1620374,-0.1098167,-0.18087399,-0.13698411,0.02512535
2023-01-26 12:00:00+00:00,-0.10719615,-0.1378071,-0.15283197,-0.120973915,-0.14591357,-0.14254245,-0.10588452,-0.15964657,-0.10923207,-0.17959186,-0.13616203,0.02486792
2023-01-26 13:00:00+00:00,-0.10488242,-0.13485205,-0.15249676,-0.119204044,-0.1458998,-0.13738966,-0.106269985,-0.156064,-0.107541114,-0.17737004,-0.13419698,0.02449291
2023-01-26 14:00:00+00:00,-0.10268515,-0.1322332,-0.15147105,-0.115552306,-0.14518502,-0.13052097,-0.106714636,-0.1513201,-0.105014235,-0.17376035,-0.13144569,0.023960145
2023-01-26 15:00:00+00:00,-0.10002753,-0.12892428,-0.14878249,-0.109143585,-0.14320546,-0.12114501,-0.107280225,-0.1455434,-0.10175666,-0.16955203,-0.12753606,0.023568336
2023-01-26 16:00:00+00:00,-0.097281694,-0.12447038,-0.14347813,-0.100556344,-0.13553253,-0.110132724,-0.10792196,-0.13845232,-0.09559685,-0.16488248,-0.12183054,0.02325419
2023-01-26 17:00:00+00:00,-0.09530738,-0.120441586,-0.13773644,-0.090542495,-0.12685964,-0.09936449,-0.10860768,-0.13138539,-0.0886952,-0.16079915,-0.11597395,0.023586735
2023-01-26 18:00:00+00:00,-0.09441984,-0.11789185,-0.1322568,-0.08069748,-0.11836681,-0.08953723,-0.1093964,-0.12529325,-0.082461536,-0.15780807,-0.110812925,0.024538795
2023-01-26 19:00:00+00:00,-0.09413642,-0.11655551,-0.12745461,-0.07438654,-0.1096704,-0.0807814,-0.110102236,-0.120970964,-0.077673525,-0.15626332,-0.1067995,0.025657317
2023-01-26 20:00:00+00:00,-0.09441817,-0.11576909,-0.12258914,-0.07104468,-0.10064849,-0.07273993,-0.110721886,-0.11787403,-0.07361695,-0.15411916,-0.10335414,0.026497208
2023-01-26 21:00:00+00:00,-0.09548947,-0.116464406,-0.118421316,-0.06826532,-0.09251645,-0.06621811,-0.111205846,-0.11627972,-0.07080665,-0.15256038,-0.10082276,0.027555505
2023-01-26 22:00:00+00:00,-0.09698191,-0.11831361,-0.115511596,-0.06634748,-0.086220294,-0.061182022,-0.11165476,-0.116831064,-0.069407046,-0.15234494,-0.099479474,0.0288803
2023-01-26 23:00:00+00:00,-0.09861705,-0.120290965,-0.1129891,-0.06526971,-0.08133143,-0.057098687,-0.11208144,-0.11909956,-0.0688405,-0.15239054,-0.0988009,0.030165548
2023-01-27 00:00:00+00:00,-0.10002437,-0.12238258,-0.111227065,-0.06498608,-0.07818574,-0.053768188,-0.11241874,-0.12288025,-0.06890306,-0.15285,-0.09876261,0.031426825
2023-01-27 01:00:00+00:00,-0.10079709,-0.123943776,-0.11079803,-0.06535053,-0.07702747,-0.05101335,-0.11265266,-0.12848353,-0.06932923,-0.15431061,-0.09937062,0.032789446
2023-01-27 02:00:00+00:00,-0.1013962,-0.12546006,-0.110752374,-0.06648752,-0.0771862,-0.049372107,-0.11274445,-0.1346086,-0.06985831,-0.15587163,-0.100373745,0.033930413
2023-01-27 03:00:00+00:00,-0.10171339,-0.12666392,-0.11008695,-0.06805056,-0.0778752,-0.04809907,-0.112718076,-0.14043856,-0.07029745,-0.1569652,-0.101290844,0.03484452
2023-01-27 04:00:00+00:00,-0.102597475,-0.12884438,-0.11035293,-0.07077137,-0.08040795,-0.048876524,-0.11252701,-0.14642057,-0.07141179,-0.1586993,-0.10309093,0.035397504
2023-01-27 05:00:00+00:00,-0.10304937,-0.12995252,-0.109793186,-0.07362521,-0.08300871,-0.04945451,-0.11226553,-0.15177971,-0.07243618,-0.16008645,-0.10454514,0.035802983
2023-01-27 06:00:00+00:00,-0.102730185,-0.13097084,-0.10976416,-0.07658672,-0.08643305,-0.05038598,-0.11192429,-0.15774617,-0.07383546,-0.16256753,-0.10629444,0.036416825
2023-01-27 07:00:00+00:00,-0.10172543,-0.13160846,-0.10921693,-0.07901746,-0.09022072,-0.051460832,-0.11152947,-0.16276479,-0.07488242,-0.16516608,-0.10775926,0.03700867
2023-01-27 08:00:00+00:00,-0.10084593,-0.13276881,-0.108374536,-0.08098665,-0.09457326,-0.05391243,-0.111103415,-0.16578189,-0.07589862,-0.16755375,-0.10917993,0.03713621
2023-01-27 09:00:00+00:00,-0.09948689,-0.13348785,-0.10881147,-0.08251351,-0.09904209,-0.05689898,-0.110680014,-0.16714948,-0.076967776,-0.16967139,-0.110470936,0.03693091
2023-01-27 10:00:00+00:00,-0.09715879,-0.13279718,-0.109855264,-0.08339459,-0.102538824,-0.05859539,-0.11026934,-0.16621146,-0.07714477,-0.17017248,-0.11081381,0.036429465
2023-01-27 11:00:00+00:00,-0.09472218,-0.13267943,-0.1107052,-0.08407742,-0.10566732,-0.061179847,-0.109699816,-0.16344264,-0.0773201,-0.16971597,-0.110921,0.035440285
2023-01-27 12:00:00+00:00,-0.09194434,-0.13186419,-0.11102182,-0.085127234,-0.10816684,-0.0635148,-0.109132975,-0.15980932,-0.07710418,-0.16855824,-0.11062441,0.034281526
2023-01-27 13:00:00+00:00,-0.089883715,-0.13134396,-0.11134109,-0.085968316,-0.110623,-0.06668794,-0.10856438,-0.15549183,-0.076532066,-0.16723192,-0.11036682,0.032967474
2023-01-27 14:00:00+00:00,-0.08786979,-0.13081944,-0.11061275,-0.08582443,-0.11172545,-0.0701758,-0.10801417,-0.15069774,-0.07662496,-0.16618887,-0.10985534,0.031672098
2023-01-27 15:00:00+00:00,-0.08607912,-0.1301826,-0.11023179,-0.085407615,-0.11323205,-0.07402587,-0.1075362,-0.14741576,-0.07666883,-0.16530868,-0.10960885,0.030665698
2023-01-27 16:00:00+00:00,-0.083512664,-0.12866944,-0.10872206,-0.08404559,-0.11331701,-0.07656956,-0.10714668,-0.14425588,-0.07643643,-0.16428086,-0.108695626,0.029984266
2023-01-27 17:00:00+00:00,-0.08008137,-0.1267978,-0.10659188,-0.08232537,-0.11263493,-0.07810068,-0.10676178,-0.14131007,-0.07559529,-0.16243094,-0.10726301,0.029491775
2023-01-27 18:00:00+00:00,-0.07667765,-0.12428698,-0.10399616,-0.08018184,-0.11130518,-0.079221666,-0.10638526,-0.13719875,-0.073379606,-0.15902826,-0.10516614,0.028776292
2023-01-27 19:00:00+00:00,-0.07317379,-0.12095085,-0.100474566,-0.07699534,-0.10856745,-0.07956633,-0.10599893,-0.1310887,-0.07034215,-0.15472612,-0.10218843,0.027904794
2023-01-27 20:00:00+00:00,-0.069779634,-0.11836442,-0.09722233,-0.07389137,-0.10633147,-0.080453336,-0.10554761,-0.12522402,-0.06752613,-0.15092364,-0.09952639,0.027232764
2023-01-27 21:00:00+00:00,-0.06680322,-0.11635405,-0.09355891,-0.07074064,-0.10385454,-0.08215293,-0.10503635,-0.11929491,-0.06502801,-0.1471661,-0.09699897,0.02657428
2023-01-27 22:00:00+00:00,-0.064775944,-0.115092725,-0.08974892,-0.06820351,-0.10115534,-0.08488312,-0.10447645,-0.11242172,-0.06261912,-0.14284775,-0.094622456,0.025675103
2023-01-27 23:00:00+00:00,-0.062923044,-0.11395848,-0.08615404,-0.06596601,-0.09867939,-0.08712056,-0.1038861,-0.10673615,-0.061183453,-0.13937482,-0.092598215,0.025070788
2023-01-28 00:00:00+00:00,-0.061655313,-0.11334649,-0.08270612,-0.06394613,-0.09621337,-0.08970353,-0.10326481,-0.10140845,-0.059744537,-0.13581616,-0.0907805,0.02457123
2023-01-28 01:00:00+00:00,-0.060668588,-0.11278021,-0.07947254,-0.06215325,-0.09360507,-0.092570096,-0.10231614,-0.096467644,-0.057933718,-0.13238505,-0.08903523,0.024253497
2023-01-28 02:00:00+00:00,-0.060200542,-0.111614436,-0.07629022,-0.06042096,-0.09025979,-0.09520632,-0.1011405,-0.090560496,-0.055583864,-0.12804765,-0.08693247,0.023822643
2023-01-28 03:00:00+00:00,-0.060117245,-0.11044294,-0.07350212,-0.059102595,-0.087038636,-0.095246434,-0.0997569,-0.08487281,-0.053588122,-0.12443814,-0.0848106,0.023423664
2023-01-28 04:00:00+00:00,-0.060462177,-0.10899609,-0.07112947,-0.05474761,-0.083619,-0.09262714,-0.09833938,-0.07919291,-0.05175346,-0.120910645,-0.08217779,0.023267802
2023-01-28 05:00:00+00:00,-0.06160304,-0.10820374,-0.069714606,-0.047866523,-0.0809786,-0.08977938,-0.09599978,-0.0747416,-0.05035633,-0.11822897,-0.07974726,0.023551479
2023-01-28 06:00:00+00:00,-0.06287518,-0.107442975,-0.06934258,-0.04023856,-0.07916796,-0.08590087,-0.09375456,-0.072119504,-0.04961291,-0.11648673,-0.077694185,0.02410445
2023-01-28 07:00:00+00:00,-0.06437102,-0.106855184,-0.06943977,-0.03252247,-0.07752308,-0.082071304,-0.090883404,-0.0706684,-0.04935038,-0.11504537,-0.07587304,0.024820046
2023-01-28 08:00:00+00:00,-0.06529188,-0.10518688,-0.06901938,-0.024590105,-0.0747183,-0.078204274,-0.08847478,-0.068924665,-0.04922074,-0.112989634,-0.073662065,0.025606267
2023-01-28 09:00:00+00:00,-0.06545025,-0.10237697,-0.06781107,-0.016144216,-0.0709959,-0.0741539,-0.08618131,-0.06656811,-0.049042493,-0.11040765,-0.07091319,0.026519848
2023-01-28 10:00:00+00:00,-0.06534511,-0.10013339,-0.06695503,-0.009549201,-0.06782168,-0.07042539,-0.08384004,-0.06567538,-0.04928583,-0.10835779,-0.068738885,0.027270107
2023-01-28 11:00:00+00:00,-0.0648725,-0.0970391,-0.065217435,-0.00583598,-0.06388986,-0.06691304,-0.08124074,-0.06499967,-0.04842609,-0.105475724,-0.06639101,0.027262574
2023-01-28 12:00:00+00:00,-0.06455055,-0.09455511,-0.06408116,-0.0036515594,-0.060634196,-0.06384891,-0.07858518,-0.064133346,-0.046990335,-0.10308242,-0.064411275,0.02711094
2023-01-28 13:00:00+00:00,-0.06376585,-0.09218046,-0.0636138,-0.0022023022,-0.057937294,-0.061449766,-0.07626593,-0.06310648,-0.046814352,-0.101325005,-0.06286613,0.02683997
2023-01-28 14:00:00+00:00,-0.062325925,-0.089446306,-0.06307164,-0.0013314486,-0.055220038,-0.059672654,-0.074201226,-0.061593622,-0.04730776,-0.0993135,-0.061348416,0.026330296
2023-01-28 15:00:00+00:00,-0.060769588,-0.08669639,-0.06248471,-0.0005771518,-0.052830637,-0.05837947,-0.0722194,-0.059924304,-0.047341973,-0.097037494,-0.059826113,0.02578885
2023-01-28 16:00:00+00:00,-0.059110135,-0.08315146,-0.061198175,0.00019335747,-0.049902886,-0.057414502,-0.07032102,-0.057991385,-0.047081262,-0.09447703,-0.058045447,0.025161719
2023-01-28 17:00:00+00:00,-0.057053477,-0.07852122,-0.05946341,0.00090765953,-0.047203034,-0.056592077,-0.06851384,-0.05592528,-0.04646331,-0.09198028,-0.05608083,0.024446301
2023-01-28 18:00:00+00:00,-0.05483696,-0.07381481,-0.05697024,0.0014958382,-0.044100016,-0.055654198,-0.06645766,-0.05361843,-0.045416653,-0.089236796,-0.053860992,0.023695134
2023-01-28 19:00:00+00:00,-0.05214569,-0.068770975,-0.05398214,0.00018042326,-0.041183233,-0.054101437,-0.06404513,-0.05122757,-0.044047803,-0.08652684,-0.05158504,0.02243195
2023-01-28 20:00:00+00:00,-0.049488097,-0.06403595,-0.050540686,-0.00044327974,-0.038177162,-0.052370846,-0.061430454,-0.048779786,-0.042144567,-0.08373064,-0.049114145,0.02140247
2023-01-28 21:00:00+00:00,-0.04706809,-0.06012416,-0.047273874,-0.00077205896,-0.035904467,-0.050743222,-0.05881229,-0.04664436,-0.039786786,-0.081355155,-0.046848446,0.0205972
2023-01-28 22:00:00+00:00,-0.044854373,-0.056042314,-0.04382673,-0.00074368715,-0.033927083,-0.04921612,-0.056194186,-0.044893235,-0.0365071,-0.07922113,-0.044542596,0.019968813
2023-01-28 23:00:00+00:00,-0.042921305,-0.05233276,-0.040549457,-0.0005989671,-0.032657146,-0.047804475,-0.05377248,-0.04352063,-0.032933116,-0.077445865,-0.04245362,0.019499881
2023-01-29 00:00:00+00:00,-0.041000485,-0.048536003,-0.03691262,0.00031375885,-0.030954927,-0.046253502,-0.0515081,-0.04219809,-0.028900743,-0.07560134,-0.040155206,0.019313758
2023-01-29 01:00:00+00:00,-0.03937301,-0.045010716,-0.032974213,0.003441453,-0.029671133,-0.04435411,-0.049148887,-0.040979117,-0.022488028,-0.073871225,-0.0374429,0.019891003
2023-01-29 02:00:00+00:00,-0.03801754,-0.042345703,-0.029073358,0.008029461,-0.02837041,-0.04240784,-0.04695967,-0.040243447,-0.014470905,-0.07243046,-0.034628987,0.021187486
2023-01-29 03:00:00+00:00,-0.03660816,-0.040071756,-0.02559176,0.012688398,-0.027713776,-0.040380567,-0.045050412,-0.039481968,-0.006163776,-0.07130888,-0.031968266,0.02273542
2023-01-29 04:00:00+00:00,-0.03528014,-0.038292766,-0.022936583,0.015889287,-0.027569383,-0.03831169,-0.04347679,-0.038712174,0.0002284944,-0.07027155,-0.02987333,0.023852056
2023-01-29 05:00:00+00:00,-0.03386396,-0.036148548,-0.020181328,0.017775834,-0.027323127,-0.03581351,-0.042037964,-0.038006872,0.006240964,-0.06906885,-0.027842736,0.024664192
2023-01-29 06:00:00+00:00,-0.03267753,-0.03429374,-0.01773864,0.019739568,-0.027236015,-0.03311497,-0.040690154,-0.037451506,0.012210786,-0.06789908,-0.025915127,0.025578523
2023-01-29 07:00:00+00:00,-0.031811953,-0.03345087,-0.016260624,0.021027863,-0.027827859,-0.0307481,-0.039734066,-0.037026703,0.01674378,-0.06710234,-0.024619088,0.026308494
2023-01-29 08:00:00+00:00,-0.030761272,-0.03226787,-0.014846146,0.021981537,-0.028034538,-0.028295875,-0.039107114,-0.036517918,0.01991111,-0.066150844,-0.023408893,0.02673576
2023-01-29 09:00:00+00:00,-0.02953434,-0.03094858,-0.014149308,0.02263689,-0.028668344,-0.025679916,-0.038702726,-0.035906464,0.022373766,-0.06524113,-0.022382015,0.026995216
2023-01-29 10:00:00+00:00,-0.028020024,-0.0288122,-0.0133937895,0.023537517,-0.027811676,-0.022975087,-0.03830281,-0.03518343,0.024757653,-0.06369671,-0.020990055,0.027119866
2023-01-29 11:00:00+00:00,-0.026040554,-0.026208997,-0.012946159,0.024377167,-0.027296185,-0.020551682,-0.037937433,-0.03423643,0.026682645,-0.06220877,-0.01963664,0.02714493
2023-01-29 12:00:00+00:00,-0.023569167,-0.022912443,-0.012111068,0.025377572,-0.026504874,-0.018828899,-0.037489593,-0.033711523,0.028499514,-0.06046295,-0.018171344,0.027154231
2023-01-29 13:00:00+00:00,-0.020641685,-0.018601418,-0.01017648,0.026877463,-0.02458489,-0.017212182,-0.036802173,-0.03285268,0.031097978,-0.058117807,-0.016101386,0.02725322
2023-01-29 14:00:00+00:00,-0.01765588,-0.014328361,-0.008151263,0.028388977,-0.02264893,-0.015859783,-0.03611523,-0.031870037,0.03317067,-0.05578667,-0.01408565,0.027289223
2023-01-29 15:00:00+00:00,-0.014801025,-0.0106031895,-0.0068148673,0.029507995,-0.02185297,-0.015310794,-0.035674453,-0.03104049,0.03387031,-0.053871363,-0.012659085,0.02716945
2023-01-29 16:00:00+00:00,-0.011677563,-0.006391704,-0.005454421,0.03045702,-0.02121073,-0.014852822,-0.035369664,-0.030137122,0.03408727,-0.051874816,-0.011242455,0.0269843
2023-01-29 17:00:00+00:00,-0.009516507,-0.0013381243,-0.0029357374,0.031704783,-0.019300759,-0.013926059,-0.03499034,-0.02886641,0.0339562,-0.049340695,-0.009455365,0.026716003
2023-01-29 18:00:00+00:00,-0.0069436133,0.004467249,0.00024545193,0.033135533,-0.01718092,-0.012243748,-0.03450507,-0.027159631,0.033254355,-0.04661134,-0.007354173,0.026409516
2023-01-29 19:00:00+00:00,-0.0039655566,0.010914087,0.0040061474,0.03483349,-0.014806479,-0.009708643,-0.033848137,-0.025549412,0.03219691,-0.043673784,-0.0049601374,0.026192097
2023-01-29 20:00:00+00:00,-0.0014682412,0.016117454,0.0069289804,0.035981297,-0.013706893,-0.007605374,-0.03344235,-0.024576545,0.029275626,-0.041302472,-0.0033798516,0.025865965
2023-01-29 21:00:00+00:00,0.00076538324,0.020619333,0.009750783,0.03687626,-0.012931287,-0.00567019,-0.033278257,-0.023976535,0.026211947,-0.039066017,-0.0020698577,0.025674764
2023-01-29 22:00:00+00:00,0.0035953522,0.024628937,0.013670504,0.037686586,-0.01064688,-0.0029998422,-0.033169746,-0.022899806,0.022794515,-0.036344826,-0.00036852062,0.025413992
2023-01-29 23:00:00+00:00,0.006293595,0.02793175,0.017201602,0.038502395,-0.00865379,-9.4115734e-05,-0.033096015,-0.021777093,0.020157456,-0.033694863,0.0012770921,0.025315704
2023-01-30 00:00:00+00:00,0.008783162,0.030641675,0.020100594,0.039136708,-0.0070851445,0.0028882027,-0.033177316,-0.020885408,0.018299788,-0.03135866,0.00273436,0.025365612
2023-01-30 01:00:00+00:00,0.010794818,0.032467425,0.021878362,0.0341779,-0.006590426,0.0054112077,-0.03358814,-0.020915657,0.017467916,-0.02966702,0.0031436384,0.024815388
2023-01-30 02:00:00+00:00,0.012337208,0.033670068,0.023416996,0.028962076,-0.005862534,0.007506907,-0.03420484,-0.02078557,0.017388463,-0.028126836,0.0034301938,0.024362056
2023-01-30 03:00:00+00:00,0.013474286,0.03417051,0.024105668,0.023976505,-0.0056370497,0.00935024,-0.034966946,-0.020642787,0.017440468,-0.026987076,0.0034283816,0.024009455
2023-01-30 04:00:00+00:00,0.013826728,0.033631742,0.02436471,0.018365026,-0.005707681,0.010430396,-0.03597945,-0.020675868,0.017108351,-0.026470423,0.002889353,0.023632519
2023-01-30 05:00:00+00:00,0.0132267475,0.032161653,0.023784757,0.011661887,-0.0067082644,0.010323226,-0.037325263,-0.021440715,0.016101003,-0.026823163,0.0014961868,0.023266144
2023-01-30 06:00:00+00:00,0.01235491,0.030374408,0.02238977,0.004376352,-0.008221924,0.009916306,-0.038713396,-0.022533417,0.014798254,-0.027473986,-0.0002732724,0.022952074
2023-01-30 07:00:00+00:00,0.011857688,0.028912008,0.02138549,-0.0029673874,-0.00870806,0.010055661,-0.039829552,-0.022817045,0.013693482,-0.027626455,-0.001604417,0.022734217
2023-01-30 08:00:00+00:00,0.011940658,0.02750367,0.020325363,-0.005827576,-0.0084347725,0.011326134,-0.04041207,-0.021743596,0.012845904,-0.027192414,-0.00196687,0.022403413
2023-01-30 09:00:00+00:00,0.012331963,0.026259065,0.019929469,-0.006166041,-0.0076272786,0.013520062,-0.04076585,-0.019957364,0.012186319,-0.026726007,-0.0017015666,0.022140387
2023-01-30 10:00:00+00:00,0.01228106,0.024542332,0.020161927,-0.0047024786,-0.0060243607,0.014289737,-0.0409393,-0.017389506,0.011135995,-0.026407242,-0.0013051837,0.021615312
2023-01-30 11:00:00+00:00,0.011973262,0.02257365,0.020184934,-0.0026769936,-0.0044791102,0.013746977,-0.041075766,-0.01540485,0.009806991,-0.026591957,-0.0011942864,0.021055857
2023-01-30 12:00:00+00:00,0.01176101,0.020844817,0.020457864,0.00066918135,-0.0024623275,0.0123877525,-0.04102561,-0.0135317445,0.008475184,-0.026820302,-0.0009244174,0.020548426
2023-01-30 13:00:00+00:00,0.011244297,0.018929064,0.020391822,0.0039509535,-0.00052303076,0.010014772,-0.040837765,-0.011922717,0.0070114136,-0.027496874,-0.00092380645,0.020064693
2023-01-30 14:00:00+00:00,0.011167645,0.017675757,0.02026105,0.006233752,0.0015916228,0.007313311,-0.040486753,-0.0102623105,0.00598073,-0.028287768,-0.0008812964,0.019763121
2023-01-30 15:00:00+00:00,0.011642218,0.017140687,0.020587385,0.00825876,0.004368305,0.00441885,-0.039688647,-0.00919801,0.0054872036,-0.028816521,-0.00057997706,0.019655166
2023-01-30 16:00:00+00:00,0.012678325,0.017380834,0.021501958,0.009696305,0.007918537,0.001447618,-0.038436413,-0.008054197,0.005586803,-0.027384222,0.00023355483,0.019455861
2023-01-30 17:00:00+00:00,0.01397109,0.017922044,0.022281468,0.009503424,0.011487424,-0.0018547773,-0.03683126,-0.0065981746,0.006269008,-0.02483958,0.0011310667,0.019096714
2023-01-30 18:00:00+00:00,0.014979541,0.01798004,0.021970212,0.005642414,0.013988316,-0.0056965947,-0.03524661,-0.005040467,0.0073295534,-0.023516059,0.0012390346,0.018706579
2023-01-30 19:00:00+00:00,0.01545018,0.017221212,0.020403504,0.0001488924,0.015128851,-0.010176957,-0.03383574,-0.0037598014,0.008449674,-0.02298516,0.0006044656,0.018376041
2023-01-30 20:00:00+00:00,0.016139627,0.016671002,0.018777192,-0.0016081929,0.015951812,-0.014382571,-0.03251505,-0.0024704337,0.009808034,-0.022614181,0.00037572384,0.018331565
2023-01-30 21:00:00+00:00,0.015955329,0.014765918,0.01603049,-0.0007824302,0.015438557,-0.017393589,-0.031467617,-0.001611352,0.010614395,-0.023266077,-0.00017163754,0.018004838
2023-01-30 22:00:00+00:00,0.014573574,0.01128006,0.011915147,-0.0002374649,0.013161957,-0.019940883,-0.031013042,-0.0014596581,0.010363609,-0.02548486,-0.001684156,0.017464217
2023-01-30 23:00:00+00:00,0.012357771,0.006946802,0.0072962046,-0.0003594756,0.009940505,-0.023618013,-0.031106114,-0.001952827,0.009134144,-0.028685689,-0.0040046694,0.017088957
2023-01-31 00:00:00+00:00,0.009651363,0.0020256639,0.0023243427,-0.0012143254,0.00585407,-0.027865589,-0.031640977,-0.0028615594,0.0070871413,-0.03271246,-0.006935233,0.016877297
2023-01-31 01:00:00+00:00,0.0067599416,-0.003026247,-0.002631843,-0.0025874972,0.001147747,-0.03210956,-0.032557726,-0.004706919,0.0044496953,-0.036976606,-0.010223901,0.016749017
2023-01-31 02:00:00+00:00,0.003594637,-0.0090909,-0.0067650974,-0.003769666,-0.003221035,-0.036138743,-0.03355673,-0.0068493485,0.0012831092,-0.040623993,-0.0135137765,0.01656847
2023-01-31 03:00:00+00:00,0.00043118,-0.015479326,-0.010329992,-0.005348891,-0.0073559284,-0.039779514,-0.034638137,-0.009096205,-0.0023655295,-0.04437974,-0.016834209,0.016450016
2023-01-31 04:00:00+00:00,-0.0026668906,-0.021799475,-0.013811082,-0.007323116,-0.011685878,-0.043397695,-0.03578335,-0.01150924,-0.006207943,-0.048182547,-0.020236721,0.016412668
2023-01-31 05:00:00+00:00,-0.005638659,-0.027735919,-0.01663655,-0.009074569,-0.015568614,-0.046839863,-0.03696999,-0.013955474,-0.010154724,-0.05172634,-0.02343007,0.016489523
2023-01-31 06:00:00+00:00,-0.00933513,-0.03535378,-0.020748824,-0.011419058,-0.020988673,-0.051855236,-0.038457334,-0.01711762,-0.014275938,-0.05648583,-0.027603742,0.016912185
2023-01-31 07:00:00+00:00,-0.013367593,-0.04320678,-0.02478993,-0.014157742,-0.026409179,-0.05751857,-0.04020989,-0.020611018,-0.01831311,-0.061517984,-0.03201018,0.017579334
2023-01-31 08:00:00+00:00,-0.019240558,-0.052143484,-0.029333413,-0.018040627,-0.03236583,-0.0639725,-0.04224634,-0.024773568,-0.022776753,-0.06742823,-0.03723213,0.018307853
2023-01-31 09:00:00+00:00,-0.024943411,-0.060133696,-0.03333965,-0.023100376,-0.037650704,-0.06947136,-0.04469183,-0.029889733,-0.027392328,-0.07319152,-0.04238046,0.018750703
2023-01-31 10:00:00+00:00,-0.0292162,-0.06525624,-0.0361152,-0.027507454,-0.041489422,-0.0724349,-0.047118872,-0.034177393,-0.031186968,-0.07718837,-0.046169102,0.01869109
2023-01-31 11:00:00+00:00,-0.032077372,-0.06830588,-0.038125396,-0.031064123,-0.044294685,-0.07380605,-0.049482673,-0.03792572,-0.03468591,-0.08038831,-0.04901561,0.01840747
2023-01-31 12:00:00+00:00,-0.034062177,-0.07040006,-0.040302485,-0.033970386,-0.047009766,-0.07463184,-0.052008063,-0.0417248,-0.038176894,-0.08371103,-0.051599752,0.018135216
2023-01-31 13:00:00+00:00,-0.035626024,-0.07251412,-0.04276827,-0.036643803,-0.0498136,-0.075558364,-0.05486107,-0.045758575,-0.04122597,-0.08722326,-0.0541993,0.01802862
2023-01-31 14:00:00+00:00,-0.036870748,-0.07436597,-0.04522991,-0.03908813,-0.05252105,-0.07642409,-0.058091044,-0.049969733,-0.043733746,-0.090889335,-0.05671837,0.018067136
2023-01-31 15:00:00+00:00,-0.03787884,-0.07557428,-0.04725212,-0.041238338,-0.054994047,-0.076796144,-0.06167537,-0.05399865,-0.04545182,-0.09409538,-0.0588955,0.01811798
2023-01-31 16:00:00+00:00,-0.038524777,-0.0761323,-0.0486525,-0.042871952,-0.056748718,-0.076560825,-0.0653978,-0.057292372,-0.046290487,-0.096270055,-0.06047418,0.018153941
2023-01-31 17:00:00+00:00,-0.038705617,-0.07606253,-0.049591064,-0.04398048,-0.057884097,-0.07561511,-0.06905657,-0.059701353,-0.046259344,-0.097657174,-0.06145134,0.01823504
2023-01-31 18:00:00+00:00,-0.03786102,-0.074260324,-0.049714565,-0.0442141,-0.057699025,-0.0729309,-0.072211295,-0.060412556,-0.044834256,-0.09790817,-0.061204623,0.018326614
2023-01-31 19:00:00+00:00,-0.035972536,-0.071556985,-0.04872927,-0.043694288,-0.056486875,-0.06893039,-0.07483852,-0.05998507,-0.04258156,-0.097275555,-0.060005106,0.018585935
2023-01-31 20:00:00+00:00,-0.0327895,-0.06738135,-0.04643175,-0.042221814,-0.053875566,-0.06337342,-0.07682738,-0.058200985,-0.039224595,-0.09517747,-0.057550382,0.018971935
2023-01-31 21:00:00+00:00,-0.028894424,-0.0627107,-0.04380825,-0.040204287,-0.05078453,-0.057043225,-0.078142405,-0.055514187,-0.03515008,-0.092288464,-0.05445405,0.019506048
2023-01-31 22:00:00+00:00,-0.025584191,-0.059504718,-0.0418742,-0.038066775,-0.04810241,-0.051832855,-0.07898888,-0.052861303,-0.03139448,-0.089835316,-0.051804513,0.02014078
2023-01-31 23:00:00+00:00,-0.02312687,-0.05679217,-0.03981054,-0.035167307,-0.04483238,-0.047307074,-0.07950196,-0.049808145,-0.027921945,-0.08728069,-0.049154907,0.020727437
2023-02-01 00:00:00+00:00,-0.021174729,-0.054794163,-0.03830138,-0.031543612,-0.04202968,-0.04350522,-0.07961357,-0.046955943,-0.024991482,-0.08503431,-0.046794407,0.021274358
2023-02-01 01:00:00+00:00,-0.019067138,-0.05237159,-0.036093235,-0.027398884,-0.038196355,-0.03947875,-0.079262584,-0.043444127,-0.022277087,-0.082222015,-0.043981176,0.021757582
2023-02-01 02:00:00+00:00,-0.016896755,-0.049853057,-0.033717215,-0.023146719,-0.034182638,-0.035363734,-0.07836783,-0.039604872,-0.019732237,-0.07914519,-0.041001026,0.022148589
2023-02-01 03:00:00+00:00,-0.014898628,-0.04763624,-0.03179267,-0.01923722,-0.030686378,-0.031633258,-0.07706997,-0.036122143,-0.017530888,-0.07651281,-0.03831202,0.02246569
2023-02-01 04:00:00+00:00,-0.013165623,-0.04576254,-0.030167967,-0.015782833,-0.027507931,-0.028454274,-0.07546687,-0.032811105,-0.015642047,-0.07412121,-0.03588824,0.022666339
2023-02-01 05:00:00+00:00,-0.011712164,-0.044000864,-0.029438317,-0.013238966,-0.025203735,-0.025894463,-0.07377407,-0.030382723,-0.0141040385,-0.072556764,-0.03403061,0.022777166
2023-02-01 06:00:00+00:00,-0.01060909,-0.042680144,-0.029143333,-0.011680394,-0.023428887,-0.024213314,-0.07198864,-0.028588653,-0.0129490495,-0.071520865,-0.032680236,0.022749161
2023-02-01 07:00:00+00:00,-0.01011914,-0.042470813,-0.029297829,-0.011222124,-0.022285521,-0.023738295,-0.07033789,-0.027386874,-0.012336463,-0.071027815,-0.032022275,0.022585526
2023-02-01 08:00:00+00:00,-0.010261148,-0.043417245,-0.030499548,-0.011452168,-0.022424996,-0.024398237,-0.068878084,-0.027264267,-0.01236856,-0.071612924,-0.032257717,0.022393443
2023-02-01 09:00:00+00:00,-0.010715216,-0.044626385,-0.031998664,-0.01230675,-0.02316475,-0.025547177,-0.06754613,-0.027504772,-0.012767196,-0.07240224,-0.03285793,0.022107335
2023-02-01 10:00:00+00:00,-0.010884464,-0.04517737,-0.033050567,-0.013352066,-0.023598164,-0.026169538,-0.066367626,-0.027828038,-0.013283908,-0.07311955,-0.03328313,0.021848284
2023-02-01 11:00:00+00:00,-0.010958314,-0.04535678,-0.033528924,-0.014293104,-0.023700953,-0.026448518,-0.06511122,-0.027722567,-0.013738215,-0.07324234,-0.033410095,0.021514619
2023-02-01 12:00:00+00:00,-0.010819763,-0.045015246,-0.033594042,-0.015162975,-0.023566306,-0.026199609,-0.063838124,-0.027478844,-0.014122188,-0.07321113,-0.033300824,0.02119737
2023-02-01 13:00:00+00:00,-0.010226399,-0.043809295,-0.032996416,-0.015704393,-0.0228087,-0.025110602,-0.062420517,-0.026885718,-0.014149904,-0.07277018,-0.03268821,0.020922324
2023-02-01 14:00:00+00:00,-0.009470344,-0.04219666,-0.032578945,-0.016155362,-0.022241712,-0.023583561,-0.060921162,-0.026312828,-0.013792932,-0.072161704,-0.031941522,0.020661851
2023-02-01 15:00:00+00:00,-0.008172691,-0.039113343,-0.031204581,-0.016059816,-0.020621568,-0.020772338,-0.059161335,-0.024899513,-0.012784481,-0.07052326,-0.030331293,0.020391118
2023-02-01 16:00:00+00:00,-0.006859988,-0.03618124,-0.030039161,-0.0155164,-0.0189071,-0.017178178,-0.05721444,-0.023298472,-0.011564076,-0.068799466,-0.028555851,0.020223359
2023-02-01 17:00:00+00:00,-0.0059731007,-0.03442517,-0.029441357,-0.013835043,-0.017429948,-0.014079094,-0.055197835,-0.021943241,-0.010467023,-0.067362666,-0.027015448,0.020161146
2023-02-01 18:00:00+00:00,-0.0050507486,-0.032487452,-0.02846247,-0.011266232,-0.015310496,-0.010871768,-0.05311647,-0.020280093,-0.009300917,-0.06551689,-0.025166353,0.02013496
2023-02-01 19:00:00+00:00,-0.0043039024,-0.030999213,-0.027602732,-0.008446157,-0.013254374,-0.007995963,-0.05101067,-0.018626839,-0.008308202,-0.06384879,-0.023439685,0.020146383
2023-02-01 20:00:00+00:00,-0.0036348403,-0.029616892,-0.02700156,-0.0054875016,-0.011388332,-0.00521034,-0.048892915,-0.017198056,-0.0073795617,-0.062450647,-0.021826064,0.020230537
2023-02-01 21:00:00+00:00,-0.0029229522,-0.02818796,-0.026768118,-0.0025152862,-0.0098564625,-0.0024383068,-0.046806782,-0.016112685,-0.0064386427,-0.061350346,-0.020339753,0.020406473
2023-02-01 22:00:00+00:00,-0.0019074082,-0.026181519,-0.026168168,0.0007632971,-0.007954031,0.0008613467,-0.044664323,-0.014918804,-0.005320549,-0.060065776,-0.018555593,0.020680243
2023-02-01 23:00:00+00:00,-0.0007843971,-0.024502754,-0.026084274,0.004022658,-0.006542623,0.004010439,-0.042703956,-0.014303088,-0.0041205287,-0.059538692,-0.017054722,0.021181403
2023-02-02 00:00:00+00:00,0.0006147623,-0.022393852,-0.0260652,0.007143259,-0.0053251386,0.0073440075,-0.040835768,-0.013703585,-0.0024269521,-0.058752984,-0.0154401455,0.021714678
2023-02-02 01:00:00+00:00,0.002218604,-0.019948602,-0.02580601,0.010595441,-0.003767848,0.010919869,-0.038975418,-0.012691498,-0.0004773438,-0.05751899,-0.01354518,0.022282587
2023-02-02 02:00:00+00:00,0.003466487,-0.01846695,-0.02596286,0.013588905,-0.0025610924,0.013643086,-0.037218273,-0.011843443,0.0012350082,-0.056660593,-0.012077972,0.022811076
2023-02-02 03:00:00+00:00,0.0039045215,-0.018702924,-0.027237862,0.015163124,-0.0026367903,0.014552891,-0.03579983,-0.0117842555,0.002320975,-0.0568918,-0.011711195,0.023205949
2023-02-02 04:00:00+00:00,0.00433594,-0.018829614,-0.028272241,0.01598996,-0.0026661754,0.015154779,-0.03462717,-0.011874616,0.0031290054,-0.057249814,-0.011490995,0.023504324
2023-02-02 05:00:00+00:00,0.0052108765,-0.017938018,-0.028467596,0.016753614,-0.0022255182,0.01671499,-0.033448607,-0.011632025,0.0040645897,-0.05712557,-0.010809327,0.023781195
2023-02-02 06:00:00+00:00,0.0062910914,-0.016894937,-0.027872562,0.01792413,-0.001115799,0.018842876,-0.03229177,-0.010931492,0.004961878,-0.0567542,-0.009784078,0.024106486
2023-02-02 07:00:00+00:00,0.007200539,-0.016135454,-0.028173536,0.018692434,-0.0011475682,0.020749032,-0.031276524,-0.01086396,0.0058397353,-0.05685976,-0.009197506,0.024505408
2023-02-02 08:00:00+00:00,0.00772959,-0.01592791,-0.028714806,0.018871367,-0.0013114214,0.022061467,-0.030355692,-0.0109395385,0.006464064,-0.057227284,-0.008935017,0.02481506
2023-02-02 09:00:00+00:00,0.00794965,-0.016232789,-0.029561609,0.018385172,-0.0018131733,0.022729754,-0.029751658,-0.011300385,0.0067594647,-0.058050126,-0.00908857,0.025079606
2023-02-02 10:00:00+00:00,0.0077413917,-0.01711297,-0.030815095,0.017224133,-0.0027899742,0.022514462,-0.029409558,-0.011949837,0.006719947,-0.059220284,-0.009709778,0.025234085
2023-02-02 11:00:00+00:00,0.0073705316,-0.017962515,-0.03167844,0.015748084,-0.0032219887,0.022139013,-0.029114634,-0.012188792,0.006489396,-0.05987975,-0.01022991,0.025180316
2023-02-02 12:00:00+00:00,0.006407082,-0.020142406,-0.032842845,0.01369673,-0.0040311813,0.02077496,-0.02905038,-0.0127084255,0.00555557,-0.06120017,-0.0113541065,0.025063178
2023-02-02 13:00:00+00:00,0.005275309,-0.022372812,-0.033790648,0.0112684965,-0.004810512,0.019260705,-0.02917388,-0.013359189,0.0043112338,-0.06253216,-0.0125923455,0.024864173
2023-02-02 14:00:00+00:00,0.004012823,-0.024601161,-0.034798324,0.008562982,-0.00575155,0.017759502,-0.029363036,-0.014054477,0.0028514862,-0.063845366,-0.013922712,0.024629943
2023-02-02 15:00:00+00:00,0.0025258064,-0.027270854,-0.035275042,0.0063018203,-0.0059872866,0.015841782,-0.029597372,-0.014362037,0.001087904,-0.06495762,-0.01516929,0.024319185
2023-02-02 16:00:00+00:00,0.000864923,-0.030128658,-0.03639716,0.0037726164,-0.0070690215,0.013609707,-0.030042142,-0.015308976,-0.0008607507,-0.06661284,-0.01681723,0.024104815
2023-02-02 17:00:00+00:00,-0.0011205077,-0.03342268,-0.038080543,0.0009800792,-0.008860141,0.010750711,-0.030498505,-0.016630858,-0.0029360354,-0.06839877,-0.018821726,0.023839004
2023-02-02 18:00:00+00:00,-0.0028054416,-0.03620997,-0.03924358,-0.0013484955,-0.009991646,0.008037627,-0.030891448,-0.017700851,-0.004955113,-0.06988174,-0.020499066,0.023567494
2023-02-02 19:00:00+00:00,-0.0037365556,-0.037540197,-0.039844096,-0.003572017,-0.010812372,0.0064109564,-0.031198353,-0.01867187,-0.006505221,-0.07094756,-0.021641728,0.02332322
2023-02-02 20:00:00+00:00,-0.003472507,-0.036524147,-0.038941026,-0.005296886,-0.010353178,0.006914854,-0.031302184,-0.018904775,-0.007115543,-0.07101759,-0.021601299,0.023119789
2023-02-02 21:00:00+00:00,-0.0024424195,-0.03410843,-0.038299084,-0.00658378,-0.010258436,0.0087249875,-0.031098247,-0.019003004,-0.006569296,-0.07037431,-0.021001201,0.023032071
2023-02-02 22:00:00+00:00,-0.0004992485,-0.030170202,-0.036459655,-0.0067756176,-0.008703738,0.011891961,-0.030561537,-0.018079758,-0.0050703287,-0.0685339,-0.019296203,0.02300467
2023-02-02 23:00:00+00:00,0.0023601055,-0.024438888,-0.033717155,-0.004903525,-0.0059534907,0.016603053,-0.029427111,-0.016099036,-0.0024134815,-0.06539157,-0.01633811,0.02312407
2023-02-03 00:00:00+00:00,0.0063319206,-0.018201888,-0.030334026,9.840727e-05,-0.002058208,0.022788227,-0.02763158,-0.013119757,0.0014548004,-0.061044514,-0.0121716615,0.02356502
2023-02-03 01:00:00+00:00,0.011236191,-0.012059927,-0.02636677,0.0068633556,0.0030012727,0.029990196,-0.025233686,-0.009211838,0.006415844,-0.05588305,-0.007124841,0.024268102
2023-02-03 02:00:00+00:00,0.017051816,-0.0052277446,-0.021746397,0.015327454,0.009089351,0.037887037,-0.02152276,-0.00443995,0.012418121,-0.049924135,-0.0011087209,0.025080431
2023-02-03 03:00:00+00:00,0.023805618,0.0024728775,-0.017001033,0.025071442,0.0152747035,0.046507537,-0.016191661,0.0008176565,0.019568056,-0.04334572,0.005697948,0.02600563
2023-02-03 04:00:00+00:00,0.031248808,0.01051414,-0.012196481,0.03614825,0.021816254,0.05526817,-0.009383798,0.0066865087,0.02753827,-0.036257744,0.013138237,0.026982745
2023-02-03 05:00:00+00:00,0.039409757,0.018992841,-0.0067418218,0.04883039,0.029151738,0.06419814,-0.0015497804,0.013029575,0.03616348,-0.028578222,0.02129061,0.02804505
2023-02-03 06:00:00+00:00,0.04813665,0.026895821,-0.0008491874,0.06286234,0.036953032,0.07337737,0.0071374774,0.021027267,0.045318514,-0.019937873,0.03009214,0.029119845
2023-02-03 07:00:00+00:00,0.056932986,0.033947945,0.005192995,0.0775798,0.04502535,0.08223134,0.016251922,0.029732764,0.05433455,-0.011054039,0.03901756,0.03023536
2023-02-03 08:00:00+00:00,0.063984334,0.039084136,0.009790182,0.09104484,0.05172789,0.0879671,0.024286985,0.037898242,0.06218478,-0.0033210516,0.046464745,0.031153645
2023-02-03 09:00:00+00:00,0.06962627,0.04292059,0.013629198,0.10243511,0.057026565,0.09104526,0.030958116,0.04262358,0.068163544,0.002726674,0.05211549,0.031935014
2023-02-03 10:00:00+00:00,0.0735082,0.04534924,0.016365767,0.11062986,0.060691893,0.091490746,0.03592807,0.04718876,0.07124624,0.007065773,0.055946458,0.032256566
2023-02-03 11:00:00+00:00,0.07535374,0.045836568,0.017732143,0.11462426,0.06252128,0.09082097,0.038616896,0.051475585,0.07230511,0.008867621,0.05781542,0.032336988
2023-02-03 12:00:00+00:00,0.07556683,0.045115292,0.02033621,0.115063965,0.0651167,0.08814496,0.039982975,0.05686158,0.07167521,0.009925604,0.05877893,0.031493973
2023-02-03 13:00:00+00:00,0.0738858,0.042773306,0.021529377,0.1104216,0.06565124,0.08276719,0.03925979,0.06214714,0.06933871,0.008752823,0.0576527,0.030102298
2023-02-03 14:00:00+00:00,0.071281075,0.039854884,0.022467136,0.1025123,0.065214634,0.07639694,0.037237108,0.06319481,0.06604019,0.006305456,0.055050455,0.028378623
2023-02-03 15:00:00+00:00,0.06661767,0.0350098,0.021581829,0.09102082,0.062759995,0.06736213,0.03308159,0.059788406,0.061402947,0.0013564825,0.049998168,0.026528137
2023-02-03 16:00:00+00:00,0.060213566,0.028867126,0.018784046,0.077557206,0.0583086,0.056253076,0.027002275,0.054433286,0.05558017,-0.005414009,0.043158535,0.02488915
2023-02-03 17:00:00+00:00,0.052852213,0.02203387,0.014944911,0.06343895,0.052723646,0.044525087,0.019617021,0.04757434,0.048536032,-0.01309824,0.035314783,0.023553913
2023-02-03 18:00:00+00:00,0.044589102,0.014258027,0.00971818,0.049018085,0.045586705,0.032115996,0.011036634,0.039482474,0.04048696,-0.021789491,0.026450267,0.022599809
2023-02-03 19:00:00+00:00,0.036016226,0.005844295,0.0042738914,0.037233055,0.03808999,0.01973939,0.0019654036,0.03216815,0.031977266,-0.03046751,0.017684016,0.02220762
2023-02-03 20:00:00+00:00,0.028234541,-0.002593875,-0.0009351373,0.025478542,0.030742168,0.009688497,-0.00657773,0.02555114,0.023830682,-0.03821066,0.009520817,0.02188485
2023-02-03 21:00:00+00:00,0.021019876,-0.010447085,-0.0068030357,0.015360773,0.022791743,0.0015015006,-0.012831628,0.018805861,0.016211718,-0.045571506,0.0020038218,0.021532068
2023-02-03 22:00:00+00:00,0.014628053,-0.019454539,-0.012418568,0.004260123,0.015350163,-0.005344689,-0.018131286,0.012411475,0.009396166,-0.05205953,-0.0051362636,0.021203984
2023-02-03 23:00:00+00:00,0.00915122,-0.027483135,-0.01793465,-0.006447375,0.008269548,-0.011001408,-0.022770405,0.006329179,0.0035096705,-0.05816263,-0.011653999,0.021048374
2023-02-04 00:00:00+00:00,0.0046306252,-0.03382787,-0.022603273,-0.016332865,0.0022486448,-0.014403284,-0.02693531,0.0013477802,-0.001327008,-0.06332514,-0.01705277,0.021047937
2023-02-04 01:00:00+00:00,0.00062686205,-0.039980203,-0.027182192,-0.025539517,-0.0035364628,-0.016913742,-0.030745834,-0.003800571,-0.005438179,-0.068295926,-0.022080576,0.021256812
2023-02-04 02:00:00+00:00,-0.0033090413,-0.045182437,-0.031773597,-0.03409955,-0.009244353,-0.019878626,-0.034310967,-0.009709597,-0.009115666,-0.073155016,-0.026977886,0.021430943
2023-02-04 03:00:00+00:00,-0.005848795,-0.047957003,-0.034796715,-0.03958845,-0.013735026,-0.021178514,-0.037557185,-0.014718533,-0.011713952,-0.077061355,-0.030415554,0.021605317
2023-02-04 04:00:00+00:00,-0.0071316957,-0.04894966,-0.03643492,-0.043111444,-0.01663208,-0.021027148,-0.04024452,-0.018222272,-0.013065964,-0.07926336,-0.032408305,0.021740608
2023-02-04 05:00:00+00:00,-0.0077525973,-0.049048543,-0.03687045,-0.04482901,-0.018302381,-0.02007991,-0.042280227,-0.020283043,-0.013488561,-0.08023462,-0.033316933,0.021836478
2023-02-04 06:00:00+00:00,-0.008170724,-0.049186945,-0.03744498,-0.045649707,-0.019960403,-0.019207299,-0.044005454,-0.021841884,-0.013563246,-0.080899954,-0.033993058,0.021925397
2023-02-04 07:00:00+00:00,-0.008689225,-0.049506634,-0.03797403,-0.04553771,-0.0215981,-0.01885721,-0.04557684,-0.023211092,-0.013459325,-0.08148512,-0.03458953,0.02195151
2023-02-04 08:00:00+00:00,-0.008572042,-0.04876235,-0.037371844,-0.044298947,-0.022141844,-0.018014193,-0.047018528,-0.023784608,-0.0130598545,-0.0812408,-0.034426503,0.021909684
2023-02-04 09:00:00+00:00,-0.008296698,-0.047890723,-0.036411494,-0.042459667,-0.022425264,-0.017132998,-0.048128188,-0.023837835,-0.012499154,-0.08070102,-0.033978306,0.021846958
2023-02-04 10:00:00+00:00,-0.007986277,-0.047112644,-0.035849124,-0.04016176,-0.022851557,-0.016408384,-0.049152106,-0.023952127,-0.011799216,-0.08020407,-0.033547726,0.021807201
2023-02-04 11:00:00+00:00,-0.0072176754,-0.04556626,-0.034635186,-0.037100285,-0.022677094,-0.015544385,-0.049861908,-0.023672432,-0.010911018,-0.07921967,-0.03264059,0.021724546
2023-02-04 12:00:00+00:00,-0.006088406,-0.04361564,-0.033274263,-0.033399105,-0.022117555,-0.0143458545,-0.05014348,-0.022917926,-0.009651542,-0.077711076,-0.031326484,0.021641875
