,pred_res_0,pred_res_1,pred_res_2,pred_res_3,pred_res_4,pred_res_5,pred_res_6,pred_res_7,pred_res_8,pred_res_9
2022-11-13 04:00:00+00:00,-0.19226075203600138,-0.18904671035285364,-0.19545601955713401,-0.18645094933267672,-0.18575656044154998,-0.19017477674261618,-0.18525010463133082,-0.18936742669954293,-0.1850433192147945,-0.19011715775244703
2022-11-13 05:00:00+00:00,-0.19229182123895946,-0.189275883672326,-0.1936426924692041,-0.1872182184421302,-0.186419530624191,-0.19036751861673162,-0.18614151228408266,-0.18888327349041836,-0.18550049541476288,-0.18985867897005065
2022-11-13 06:00:00+00:00,-0.19203806007144927,-0.18960755539658003,-0.1908381529029776,-0.18831714456826987,-0.18835669050334325,-0.190714842088053,-0.18859654535996292,-0.18767154381240758,-0.18685077463941407,-0.19011157482947943
2022-11-13 07:00:00+00:00,-0.19261696638871525,-0.19128195722750718,-0.19046317492215922,-0.18954115284918321,-0.1919812900092857,-0.1919827814169856,-0.19200730935040075,-0.1878051734524316,-0.19073228018222937,-0.1904040426615864
2022-11-13 08:00:00+00:00,-0.1885152301496307,-0.18370981834345837,-0.1835288598801695,-0.1868030107239557,-0.18462574296612783,-0.18759944294537367,-0.1842385284117532,-0.18055961420475272,-0.17939839537710028,-0.18951658486554032
2022-11-13 09:00:00+00:00,-0.18512241340811345,-0.17663195932347,-0.18046738731137366,-0.1827428403801359,-0.18182963747666803,-0.18719710226640696,-0.17478351385225988,-0.1709520871769486,-0.1714927500575324,-0.1886245133962625
2022-11-13 10:00:00+00:00,-0.184351365964221,-0.17433525951285134,-0.17919828859504547,-0.18169242543468847,-0.18150188198325248,-0.1864306060563335,-0.17447668565954988,-0.16910812335411876,-0.1720592673202616,-0.1885182457503816
2022-11-13 11:00:00+00:00,-0.1835382814970494,-0.173068175115113,-0.17994290209234284,-0.18147462589803273,-0.18337556570941377,-0.18509753434289739,-0.1747431412542164,-0.17089769504216767,-0.1726767206313477,-0.18836360828674636
2022-11-13 12:00:00+00:00,-0.18310202434380066,-0.17524767478009104,-0.18260357373623623,-0.1834034547434792,-0.1828808216556927,-0.18521743990656914,-0.17610507239225512,-0.17020077198543795,-0.17477142658521966,-0.1888108814610091
2022-11-13 13:00:00+00:00,-0.18414497644789804,-0.17764460005471028,-0.18345479424512598,-0.18524705816746073,-0.183303039333503,-0.18630332592012933,-0.17876226912547474,-0.16986597694706732,-0.17566130457887685,-0.18960800838674682
2022-11-13 14:00:00+00:00,-0.1855238248045911,-0.18016414574404116,-0.18345423484130072,-0.18732608541096277,-0.18447188438490275,-0.18770954217156668,-0.18219656401669776,-0.1724084219391812,-0.17677780529056142,-0.19059149759620844
2022-11-13 15:00:00+00:00,-0.1863003938704971,-0.18046741607344316,-0.18111514055814318,-0.18736862625878078,-0.18641840523027173,-0.1870225496632114,-0.1815014378871203,-0.17274920293860363,-0.1763984686669814,-0.19103497511746417
2022-11-13 16:00:00+00:00,-0.1873558783293671,-0.18152347311695582,-0.1805879421650197,-0.18798451408432965,-0.18883214380373464,-0.1870589269169341,-0.1819936219108195,-0.17478365578288926,-0.17603526199108221,-0.1913941617416804
2022-11-13 17:00:00+00:00,-0.1866039561477191,-0.1802961901018057,-0.1810107585669183,-0.18613325205909947,-0.1875507532445222,-0.18683036012885937,-0.1779928239805571,-0.17462808258284532,-0.17366081931253424,-0.19046187986035643
2022-11-13 18:00:00+00:00,-0.18608078803971714,-0.17812658511607868,-0.18131386325910318,-0.1834893463431757,-0.1873118773278207,-0.1856058146694316,-0.175532982749128,-0.17569571323734098,-0.17018997990111878,-0.1885545373517905
2022-11-13 19:00:00+00:00,-0.18429190394729486,-0.17400608287771813,-0.1809229175280088,-0.17993195739569826,-0.18662793471638484,-0.18194950073603222,-0.17444509564741836,-0.1723269145105162,-0.16723250210269697,-0.18582558625960494
2022-11-13 20:00:00+00:00,-0.184730487918867,-0.17533799476158432,-0.18140661948230521,-0.18027571311455845,-0.18777908603062324,-0.18278753666121053,-0.17489931287255575,-0.1756789366656929,-0.16732728015339854,-0.18617363985202154
2022-11-13 21:00:00+00:00,-0.18585117875713733,-0.17789103704891718,-0.18267854363261413,-0.18103609738313098,-0.188043578923346,-0.18371253522481062,-0.17692222472092098,-0.1801460865392411,-0.17131544654941072,-0.18806593008725278
2022-11-13 22:00:00+00:00,-0.1860833008639017,-0.17908654335223728,-0.18383948242790046,-0.18112314900234044,-0.18785610927992535,-0.18503298417870961,-0.1780974322081713,-0.1830217160514956,-0.17406067935022645,-0.18921017092377398
2022-11-13 23:00:00+00:00,-0.1849883529567727,-0.17778783632675976,-0.18381109833537765,-0.17940729945816125,-0.1874485569036663,-0.18402793759002734,-0.17751692731376417,-0.18275495051937404,-0.17398756647949143,-0.18902262611884296
2022-11-14 00:00:00+00:00,-0.1826685394338917,-0.1742596513934797,-0.1826577866492413,-0.1760119091509196,-0.18528744911004874,-0.18081103290611558,-0.1751267237211038,-0.17915224034600488,-0.17115817122592308,-0.18754344222876737
2022-11-14 01:00:00+00:00,-0.18017025695824854,-0.17042422864147516,-0.1813712172428362,-0.1729413717905803,-0.18023325213794772,-0.17749304789940604,-0.17192073888802786,-0.17418601295566308,-0.16721808748886802,-0.18561959076241288
2022-11-14 02:00:00+00:00,-0.1775235934615321,-0.1662959238239905,-0.17976180427123836,-0.1698551612184087,-0.17375645670430076,-0.17391931683733902,-0.16896041909791895,-0.16751516026443355,-0.1619848619923291,-0.18207269257257638
2022-11-14 03:00:00+00:00,-0.17568315230476997,-0.16374253366218283,-0.1786823855791664,-0.1675237189501899,-0.17076386292713863,-0.17128475379601682,-0.1666948128855371,-0.164094915933492,-0.15874167161832015,-0.17950380581373357
2022-11-14 04:00:00+00:00,-0.17459369923143978,-0.16382675299797916,-0.1778027923345937,-0.1665282644492524,-0.1713327352359703,-0.17077162308084717,-0.16515439599266366,-0.16201229695080632,-0.15718364561184023,-0.17767288747377719
2022-11-14 05:00:00+00:00,-0.1746757416742983,-0.16381486993820726,-0.17807973135058155,-0.16683024384414571,-0.17164034517346405,-0.17068175051240095,-0.16528573200565574,-0.16203624269058592,-0.15746241244168763,-0.1778604411533087
2022-11-14 06:00:00+00:00,-0.17520591206627303,-0.16461099585335703,-0.1779308717744679,-0.16730609415340833,-0.17315988974064628,-0.17110339384016354,-0.16540818898940576,-0.1613722798303711,-0.15788756353508065,-0.17763467578604705
2022-11-14 07:00:00+00:00,-0.17648310266624287,-0.1653177552688294,-0.1782394514166031,-0.16878976677949514,-0.17447317303822574,-0.1728114517053359,-0.16686036259107903,-0.16231944900708922,-0.15908563716137503,-0.17899097179086873
2022-11-14 08:00:00+00:00,-0.17683138795143175,-0.16515146155357094,-0.17865788060773588,-0.16937902235089444,-0.1745015644307667,-0.17290935228266832,-0.167414008004341,-0.16282264765604812,-0.1595725428087571,-0.17977573706945377
2022-11-14 09:00:00+00:00,-0.17688174570725304,-0.16530386973405198,-0.1788553397283957,-0.16948570167276591,-0.17470066435739756,-0.17268997310929832,-0.1673391500893691,-0.1627013897011085,-0.15969788465722617,-0.17974831472509947
2022-11-14 10:00:00+00:00,-0.17675732801451052,-0.1654461484817374,-0.17925053345029793,-0.16948063089250026,-0.1747170872000699,-0.17191536734018587,-0.16701691870597807,-0.1624789895152734,-0.15976702064259196,-0.17959832276298954
2022-11-14 11:00:00+00:00,-0.17675697426240103,-0.16583373470528215,-0.1799976056666918,-0.16962972017618594,-0.1753361645847099,-0.17084143455428102,-0.166582064694237,-0.16216115449229723,-0.1599947750999805,-0.17950094521617807
2022-11-14 12:00:00+00:00,-0.17658939986923436,-0.1661150532094198,-0.18078304027523287,-0.16958150401576658,-0.17618603721897408,-0.17067134465330433,-0.16585081681657063,-0.1615923509142642,-0.1600382201569378,-0.1791726835008201
2022-11-14 13:00:00+00:00,-0.1765877713743413,-0.16650721974841123,-0.18119400910161823,-0.16957750789949516,-0.17734182144530264,-0.1706137756738118,-0.16516973149775666,-0.16118071207207152,-0.1600788083332202,-0.1787531554848732
2022-11-14 14:00:00+00:00,-0.17595983871946738,-0.1665284219467128,-0.18150250994822545,-0.16899034934274543,-0.17794376853884541,-0.16983795991188286,-0.16373429327277292,-0.16074599782879556,-0.15957686699805707,-0.17788772333651676
2022-11-14 15:00:00+00:00,-0.17559017087366366,-0.16658828594111177,-0.1814487104027904,-0.16871930559105003,-0.17825523532183485,-0.16955943740324037,-0.16285389289061739,-0.16057371793534014,-0.15932030443948308,-0.1774833141738065
2022-11-14 16:00:00+00:00,-0.17380850913300142,-0.1656153781857016,-0.17925517504091734,-0.16679290021701101,-0.17795964501104497,-0.16773836385322693,-0.15969296352908283,-0.15866543293301116,-0.15725410601260137,-0.17511165494461092
2022-11-14 17:00:00+00:00,-0.17218488475452928,-0.16550555377830029,-0.17427247474629995,-0.16448897623281503,-0.1763783345034155,-0.1657676066604421,-0.1567668449741716,-0.15561071403445564,-0.1549100133279297,-0.17025736169792927
2022-11-14 18:00:00+00:00,-0.17043428913174566,-0.16313138834069346,-0.1707440459174198,-0.16168438729349116,-0.17335724800126578,-0.16379493924428545,-0.15434887866938546,-0.15371379551306064,-0.15324094948136074,-0.16691378154543643
2022-11-14 19:00:00+00:00,-0.170057798542722,-0.16257198457898905,-0.16944961881020873,-0.16087847972760494,-0.17242047407968192,-0.1633216386419045,-0.15430176164021478,-0.15338786744871358,-0.15280459027555354,-0.16588841855974812
2022-11-14 20:00:00+00:00,-0.17021956155878173,-0.1626158760950942,-0.16928276600792322,-0.16103519230057015,-0.17251900382082444,-0.16345902315947441,-0.1554395397717644,-0.15423844488757837,-0.15268184736474893,-0.1662884574316108
2022-11-14 21:00:00+00:00,-0.1707291889292004,-0.1636710863503948,-0.17027339904407843,-0.16199208269102292,-0.1731754979995628,-0.1639546655583161,-0.15691896200199815,-0.155331685395963,-0.15279711027315374,-0.16781711185180945
2022-11-14 22:00:00+00:00,-0.1717396266994595,-0.1663977924479974,-0.1709854135565715,-0.16343770457329562,-0.17458723671904597,-0.16483350356278464,-0.15975814038241426,-0.1577841595799974,-0.1535317743863186,-0.1694086681375421
2022-11-14 23:00:00+00:00,-0.17292636816881277,-0.16859629956140382,-0.17319781287571093,-0.16483488464314072,-0.17628940213722222,-0.166300824471856,-0.16285400263960514,-0.16137123712094043,-0.1543106771345491,-0.17219888942023934
2022-11-15 00:00:00+00:00,-0.1746309208873804,-0.17013030510881372,-0.1750600769077911,-0.16551138840586105,-0.17748086406564267,-0.16737499422756466,-0.16556202979645543,-0.16437155887508634,-0.1548466773075477,-0.17423804378044652
2022-11-15 01:00:00+00:00,-0.17666399434221283,-0.1701994201914933,-0.17665919083584872,-0.167120615940814,-0.17739375998949428,-0.17153248070013305,-0.16740716794879656,-0.16658855597791997,-0.1568574530416289,-0.17709962550026262
2022-11-15 02:00:00+00:00,-0.17875441157606956,-0.17007918289788598,-0.17631558653359544,-0.1691050031252207,-0.17744781023844852,-0.1768912238545004,-0.16880284456669203,-0.16811515589143633,-0.1602342896989104,-0.18061560266577692
2022-11-15 03:00:00+00:00,-0.180247774737083,-0.169919389492737,-0.17588340240716396,-0.170935273165172,-0.17869213630459438,-0.18008825231681885,-0.16915365998764545,-0.16918759082440488,-0.16270228377809792,-0.18224183003509342
2022-11-15 04:00:00+00:00,-0.18172257592941013,-0.1700922571456035,-0.17602640180264448,-0.17356894734642508,-0.1830901579648529,-0.18191374740818628,-0.17079654783346362,-0.16998558019949095,-0.16483347814534954,-0.1837603023815111
2022-11-15 05:00:00+00:00,-0.18310998401223513,-0.1705573767583151,-0.1773362467646131,-0.17719584198648367,-0.18507762518995152,-0.18321622894328835,-0.1725306122990836,-0.17096341797870676,-0.16638893551731404,-0.1852728769391829
2022-11-15 06:00:00+00:00,-0.18449887546514263,-0.17436101102379375,-0.1788110269073603,-0.18034853457984762,-0.18331261801534088,-0.18531395407116963,-0.1737190173755583,-0.17228834349923905,-0.16770995669524497,-0.18708226196960373
2022-11-15 07:00:00+00:00,-0.1855766266534075,-0.1779290860733368,-0.18019125873050132,-0.1826890517280293,-0.18521528997394593,-0.186187805557955,-0.17545415675269696,-0.17613940022356475,-0.16960387478629618,-0.18802061965080819
2022-11-15 08:00:00+00:00,-0.1871918904257088,-0.18018558712807703,-0.182609349796254,-0.18398947022005355,-0.18764850303431596,-0.18588465028570877,-0.1774861018924355,-0.17983076813872764,-0.17225932005764444,-0.18865375619101388
2022-11-15 09:00:00+00:00,-0.18817243973065587,-0.18156742722695385,-0.18422099754966828,-0.18480781629749712,-0.18958202826213383,-0.18648908381170534,-0.17873964530136102,-0.1820670948177991,-0.17378248775964678,-0.18987352823054246
2022-11-15 10:00:00+00:00,-0.19012093696044216,-0.1845559084630547,-0.1868511334898091,-0.18638356110621787,-0.19158171519386638,-0.18946165792986047,-0.1810939389543059,-0.18645514375940242,-0.1779443545315278,-0.19200906862190356
2022-11-15 11:00:00+00:00,-0.1924611545057466,-0.18798303925412066,-0.19044501703417635,-0.18809717578506735,-0.193942607564701,-0.19249010900760677,-0.18363141511287542,-0.19105493398821655,-0.18248281351588025,-0.194258866228596
2022-11-15 12:00:00+00:00,-0.19580065888876405,-0.19288239960844666,-0.19487917069410274,-0.19083470758014004,-0.19625617677915133,-0.19751108498424888,-0.1885321008406693,-0.19538864645764065,-0.18791296925647183,-0.19712404074407747
2022-11-15 13:00:00+00:00,-0.19577288468273615,-0.19313721080714408,-0.19625081731905233,-0.19073543532076953,-0.19844021492759606,-0.19801487174082733,-0.1878699177896232,-0.1973129339934579,-0.18888876461552284,-0.1974450054400116
2022-11-15 14:00:00+00:00,-0.19446020127843058,-0.19152725181290364,-0.19621997880981293,-0.1896537113494231,-0.2011471925900694,-0.19652803532162,-0.18670502087058355,-0.19651150335684708,-0.18800923520175938,-0.19699630888595082
2022-11-15 15:00:00+00:00,-0.19212723580210397,-0.18831598458802196,-0.19468851150040137,-0.18769838144277873,-0.19934027311916935,-0.19329127190825185,-0.18463526787399095,-0.19290282972679393,-0.18515990123336978,-0.19585604373823262
2022-11-15 16:00:00+00:00,-0.18957345515397325,-0.18507493808390357,-0.19440937589789706,-0.18617595317699925,-0.19524115688718785,-0.18957366047355612,-0.18164181416234987,-0.18842653413805846,-0.18194352216990634,-0.19457693014734206
2022-11-15 17:00:00+00:00,-0.18874584398867203,-0.1836654053543791,-0.1943721116125233,-0.18598381663113253,-0.1948057686932313,-0.18721922449102138,-0.17951581453520363,-0.18647509466280138,-0.179434379563017,-0.19387744621884387
2022-11-15 18:00:00+00:00,-0.1888252635208291,-0.18315553648982327,-0.19459637015372858,-0.1863829826667398,-0.19548039272291262,-0.1853181104460236,-0.17766420829039062,-0.18503888077486744,-0.176902354448017,-0.19346512085669218
2022-11-15 19:00:00+00:00,-0.18905498357272285,-0.1831299566679046,-0.19472456606722818,-0.18680637781624743,-0.19603782819298568,-0.18437186025158214,-0.17599915085126275,-0.18384819571583474,-0.17549426592484552,-0.1932691368499819
2022-11-15 20:00:00+00:00,-0.19111661426319818,-0.18512326108357968,-0.19513868953259803,-0.18905945652070882,-0.19769974424929382,-0.18606234595274473,-0.17744538013323338,-0.1854868464037956,-0.17739116988294756,-0.19462230004487147
2022-11-15 21:00:00+00:00,-0.1920389255835482,-0.18630893338861892,-0.19565712840095392,-0.19004584617322992,-0.19884328888276134,-0.18701681505104273,-0.17744007227899447,-0.18569142592743398,-0.1784506828201583,-0.19507754720827347
2022-11-15 22:00:00+00:00,-0.19297580792393074,-0.1883600152770577,-0.19612496829460677,-0.19077246109579915,-0.20003770255523762,-0.1878661537199248,-0.17720668054039626,-0.1853363113076959,-0.18007278436200086,-0.1951925257535312
2022-11-15 23:00:00+00:00,-0.1933779142062874,-0.189622136846305,-0.19637691904688706,-0.1907166697659612,-0.20291161143917247,-0.18821489204255773,-0.17663127566130282,-0.18454404583884598,-0.1811024689506051,-0.19477780514365128
2022-11-16 00:00:00+00:00,-0.19346457673982562,-0.19016923705286548,-0.19677797501641522,-0.19078743004176046,-0.2041620944514162,-0.18852603116574404,-0.1756790357694899,-0.1839247014463553,-0.18192122115495735,-0.1943270129146644
2022-11-16 01:00:00+00:00,-0.19379046073411813,-0.19109025200013824,-0.1973638816872104,-0.1912029849955434,-0.20514319290171387,-0.1890814087984531,-0.17603691281965234,-0.1844936075005732,-0.18282498469237202,-0.19441614522313963
2022-11-16 02:00:00+00:00,-0.19618043052597486,-0.19346162342919582,-0.19887353192038607,-0.19390296253206754,-0.2066797526670106,-0.19113760755401515,-0.17864344666644916,-0.18824833357573936,-0.18508490365728042,-0.19720366193541305
2022-11-16 03:00:00+00:00,-0.200115565080515,-0.19730124408663047,-0.2023594778431743,-0.1971169288181594,-0.20856387404256224,-0.19385928481758574,-0.18250892645318378,-0.1932503858948335,-0.18837806134717267,-0.2005758359619509
2022-11-16 04:00:00+00:00,-0.20468943309536505,-0.20192609290434177,-0.20633618788124172,-0.2004206001273912,-0.21122359031813784,-0.19692779443445113,-0.1861548749663878,-0.19746482723353992,-0.19250024814771238,-0.20455032967439885
2022-11-16 05:00:00+00:00,-0.2080002903348104,-0.2055385641021676,-0.2099181152038824,-0.20278575497164333,-0.21504127133049936,-0.1991294091798675,-0.18815451874063155,-0.201531240600298,-0.1957901337755688,-0.209228801745603
2022-11-16 06:00:00+00:00,-0.21223480083517313,-0.20911570973080348,-0.21341977321363734,-0.20541938045027583,-0.21922647948656707,-0.20116482745071354,-0.19228500396254455,-0.20584915057206532,-0.19872622564641662,-0.21341837930432436
2022-11-16 07:00:00+00:00,-0.21555074891679796,-0.2115641289551734,-0.21604994912439526,-0.20727695507176366,-0.2224825797012014,-0.2026610932594155,-0.1966623059463108,-0.2083588036930979,-0.20062329108158944,-0.2161054171658334
2022-11-16 08:00:00+00:00,-0.21757826199913774,-0.2125085555750001,-0.21796938721676803,-0.20798124472612123,-0.22492025837821855,-0.20424383316464462,-0.1964076808187198,-0.21032381163797328,-0.2011512485907327,-0.21668192573440884
2022-11-16 09:00:00+00:00,-0.2200017592050987,-0.2141357955133978,-0.22003843037060852,-0.2091780828267035,-0.22760192367428322,-0.20678044570658252,-0.19867459967572326,-0.21313181716091825,-0.20226662362018621,-0.21825388429568704
2022-11-16 10:00:00+00:00,-0.2225421941754974,-0.2165521752717997,-0.222154354216858,-0.21046835088682636,-0.23043246544927362,-0.2096976534998548,-0.2015807804025858,-0.21607663606479155,-0.20342339853352243,-0.2201199476835961
2022-11-16 11:00:00+00:00,-0.2253288025855226,-0.21954114342354591,-0.22454040680892998,-0.21182905515602224,-0.2332510655704319,-0.2123420833533701,-0.20448098647499263,-0.2189052824495209,-0.2049637600312691,-0.22263407783187567
2022-11-16 12:00:00+00:00,-0.2282566666997364,-0.2228154136130604,-0.2269923946606768,-0.21347244674094676,-0.23606244962909836,-0.21477235709762046,-0.20776727500381975,-0.2214984620409152,-0.20720691114108686,-0.22571952610205268
2022-11-16 13:00:00+00:00,-0.23041269009050894,-0.22508415056508407,-0.2289212871920325,-0.21537204691925949,-0.23843215091121642,-0.21641898090916512,-0.20935427308862048,-0.22380678282001412,-0.2091962838863512,-0.22765426531664826
2022-11-16 14:00:00+00:00,-0.2299778600760025,-0.22338500348801438,-0.2287874756601239,-0.2131533042673619,-0.23996333854462182,-0.21335363390402923,-0.2014087046908237,-0.223967183826493,-0.20742257902905475,-0.22550091889540422
2022-11-16 15:00:00+00:00,-0.22854959938812794,-0.22102407056269874,-0.22751609671931575,-0.21167983586252692,-0.2390008443878141,-0.21037730642984737,-0.19420018721584104,-0.22226226676453195,-0.20644477561253122,-0.22289087264778695
2022-11-16 16:00:00+00:00,-0.22612650157630473,-0.21789831604083648,-0.22535834491098775,-0.2096428973455639,-0.23725537160621207,-0.20814799864173944,-0.18813775865336937,-0.2186478624697919,-0.20468537999091585,-0.21921368100730348
2022-11-16 17:00:00+00:00,-0.22408128696000237,-0.21567562610832358,-0.22367077688886353,-0.208006456677496,-0.23472554831162665,-0.20618945834307867,-0.1831571896381141,-0.21521025684440565,-0.2033105682626105,-0.2164879549776581
2022-11-16 18:00:00+00:00,-0.22181245474673497,-0.21384710509919042,-0.22252331168324493,-0.20615052073912954,-0.23177505752047242,-0.20408930144326598,-0.1792539075440964,-0.21119911987560555,-0.20199845808191091,-0.2128376517398411
2022-11-16 19:00:00+00:00,-0.22103078990465255,-0.2136881659502497,-0.22258745077964628,-0.20538457798999266,-0.23057249884541112,-0.20323120235272962,-0.17774662585998358,-0.209427449894865,-0.20158827567380844,-0.21107024890320042
2022-11-16 20:00:00+00:00,-0.22142160121076895,-0.2149064915199584,-0.22247964782281385,-0.2052916265087916,-0.23007505291190683,-0.20435065578193062,-0.17942354386155498,-0.21077267986119919,-0.20287058025299437,-0.21319507250515654
2022-11-16 21:00:00+00:00,-0.22195827653743042,-0.2158387445131411,-0.2222933975403936,-0.2056096298576001,-0.23004525916802337,-0.20539204240385706,-0.18125269609629407,-0.21244828032489776,-0.20375346964820157,-0.2154051492752781
2022-11-16 22:00:00+00:00,-0.2210890727236258,-0.21493292020025995,-0.22157428657969433,-0.20519006375118617,-0.2293376448595112,-0.20484404593443678,-0.18063871204101697,-0.21151052010455929,-0.2031052368409172,-0.2144219231609008
2022-11-16 23:00:00+00:00,-0.21938392993495984,-0.21444348760829268,-0.22046356259515007,-0.20384858446043574,-0.2267485309660694,-0.20381970057691035,-0.17966112926616576,-0.20923706405703915,-0.20242477657190816,-0.2119026598762202
2022-11-17 00:00:00+00:00,-0.21893054027120165,-0.21326546131389273,-0.2196629094402551,-0.2041130669300746,-0.22727392835608073,-0.20367180646486815,-0.17953567511196492,-0.20943407459578622,-0.20167785338988264,-0.21231363526968106
2022-11-17 01:00:00+00:00,-0.21946013233549674,-0.21311794124124217,-0.21930295160822158,-0.20494894240721417,-0.2274108890902847,-0.20482164035028405,-0.18181976839465325,-0.21180218387692298,-0.2021948240563226,-0.21504366127004562
2022-11-17 02:00:00+00:00,-0.2199033522651285,-0.21336381626123258,-0.21955181782226832,-0.20579217931339272,-0.22719278736803772,-0.20577262753389963,-0.18462494150355932,-0.21370377925532555,-0.20268344691615048,-0.21632700880618594
2022-11-17 03:00:00+00:00,-0.22093580781149844,-0.214016079374801,-0.22011757908918353,-0.20712304098802778,-0.2284402794364428,-0.20655807489041478,-0.18742564258877517,-0.21524113192607572,-0.20313101889103502,-0.2177381786813385
2022-11-17 04:00:00+00:00,-0.22225107352305803,-0.21527047497998264,-0.22148218333083317,-0.2086284324571034,-0.23028635163240946,-0.20730760781809854,-0.1907635975627768,-0.21666477222674824,-0.20368615515404975,-0.21903710271143456
2022-11-17 05:00:00+00:00,-0.2235058296083415,-0.2168962758400544,-0.22275384899419112,-0.21003594902478728,-0.23195315684969844,-0.20793259466048608,-0.19483967611503067,-0.21749206652097702,-0.20435257714405336,-0.22053974414266928
2022-11-17 06:00:00+00:00,-0.22446132004085897,-0.2182800944718749,-0.22365796054338447,-0.21108473942349257,-0.2327446816414283,-0.20978312384001035,-0.2006846425910252,-0.21764824799375254,-0.20479735785489955,-0.22172899646578575
2022-11-17 07:00:00+00:00,-0.22469937724637798,-0.21912083917345376,-0.22384710541024286,-0.21164979782985083,-0.23225716175130073,-0.2111284353317172,-0.2045280263526975,-0.2173479317956986,-0.2051658619280578,-0.22282445982171362
2022-11-17 08:00:00+00:00,-0.22339443775408732,-0.21756150475589275,-0.22289161550835715,-0.210968876702693,-0.2311910713806675,-0.2108690590402144,-0.20317352612265907,-0.21695324801744958,-0.20386245512441187,-0.2209829132877279
2022-11-17 09:00:00+00:00,-0.22123891143251348,-0.2147728746901596,-0.22120903374725123,-0.20960864375748448,-0.22966396484525298,-0.20872314745418497,-0.19863967057011195,-0.2157483339547728,-0.2021424981232996,-0.21819115892336324
2022-11-17 10:00:00+00:00,-0.2197869544264168,-0.21347533340439306,-0.21987630236528646,-0.2088459029520439,-0.22794195077199958,-0.20661673624240087,-0.19666146187577555,-0.21371390630330894,-0.20168279701239633,-0.21730281244939026
2022-11-17 11:00:00+00:00,-0.2184613847382322,-0.21259722114896967,-0.21882028866698475,-0.2084241913165127,-0.2262714925831194,-0.20630081417977425,-0.19725715273053027,-0.21240893212053624,-0.20087464136962319,-0.21641379958298318
2022-11-17 12:00:00+00:00,-0.21532385998217915,-0.21015349079293666,-0.21611553981160428,-0.20642949707418617,-0.22338146982903642,-0.20299872965378338,-0.19178860524995353,-0.20927393205689626,-0.19909117962710893,-0.21353690267264547
2022-11-17 13:00:00+00:00,-0.21255623499599022,-0.20774389496444146,-0.21361826426637628,-0.20455722647529556,-0.22133691405789485,-0.2015767388073079,-0.1886284110438971,-0.20673432756566468,-0.19704126719482196,-0.21024815697004023
2022-11-17 14:00:00+00:00,-0.209615477851719,-0.2052919021693539,-0.210872266305577,-0.20243897875870326,-0.21818210984321237,-0.19996780549445475,-0.18576917479078056,-0.2036146577473549,-0.1952219953526842,-0.2071180412579387
2022-11-17 15:00:00+00:00,-0.2066732003742214,-0.20305360368518993,-0.2087891123777655,-0.20022514761198676,-0.21471515198203653,-0.1984323607046432,-0.18400427793131288,-0.20076031684644904,-0.19397700393744455,-0.20482698927696608
2022-11-17 16:00:00+00:00,-0.2029000048776076,-0.20036841515342635,-0.20597625603265504,-0.19770950708043933,-0.21314470845544903,-0.19637721222559362,-0.18111827259607977,-0.19663008308941293,-0.19170435421776022,-0.20156171327504172
2022-11-17 17:00:00+00:00,-0.19977680965032665,-0.1981084406713599,-0.2031280769167527,-0.19577072834423057,-0.2113239820830366,-0.19439352646664548,-0.18028433533789098,-0.19267201215164753,-0.18979747516009832,-0.19834189701226923
2022-11-17 18:00:00+00:00,-0.19720459264878723,-0.19617694365407148,-0.20051478077025484,-0.19367949645360588,-0.20943521611999336,-0.19263385719194343,-0.18062937174573568,-0.1913418131307205,-0.18815976967085402,-0.19488376598072857
2022-11-17 19:00:00+00:00,-0.1955904195153844,-0.19440543557027068,-0.1986532610544429,-0.1917261421541222,-0.20753878836929995,-0.1910262454681837,-0.18103675520781853,-0.1901336332183146,-0.186628520078839,-0.19302122402361918
2022-11-17 20:00:00+00:00,-0.1943751768412896,-0.19273661000345546,-0.19717608130554373,-0.18999887956981054,-0.20561338573668442,-0.1895123646789481,-0.18210846131394196,-0.1891387190409267,-0.18523164008090337,-0.19177635688355996
2022-11-17 21:00:00+00:00,-0.19330619968457,-0.19080118456163564,-0.19583558739724224,-0.18878376820348924,-0.20376040554512997,-0.18873414167351082,-0.18284542525599137,-0.187811545225718,-0.1837799381503571,-0.19102169556161483
2022-11-17 22:00:00+00:00,-0.192738761395178,-0.1889909751398502,-0.19496004677576964,-0.188291020462601,-0.2025468182968074,-0.18831489934676138,-0.1833245598637072,-0.1865820651320991,-0.18275511728317245,-0.19107620277563978
2022-11-17 23:00:00+00:00,-0.19241081153240316,-0.1876106920868824,-0.19418762060070896,-0.18830379733395383,-0.201632174367685,-0.18795353917929475,-0.18340833543504237,-0.18602289920765058,-0.18247015558347535,-0.1918179456675857
2022-11-18 00:00:00+00:00,-0.19223777933900585,-0.18660643355721662,-0.19334891900667753,-0.18882290306436933,-0.20087846849687224,-0.18752345643524,-0.18269591386871017,-0.18477179500491744,-0.18182444420174754,-0.1936985571059626
2022-11-18 01:00:00+00:00,-0.19110441456585672,-0.1850195707650356,-0.1917933101820589,-0.188610249017362,-0.19940285499988714,-0.18629424539259565,-0.1825368303068473,-0.18496372508387535,-0.18139845331300852,-0.19419791364477687
2022-11-18 02:00:00+00:00,-0.19018616603279284,-0.18424561861777733,-0.1899922533477524,-0.18910022917286046,-0.1995622746449869,-0.18495836429439538,-0.1812276075315972,-0.18471166797983238,-0.18058346767419758,-0.1943040551498762
2022-11-18 03:00:00+00:00,-0.18923272904669255,-0.18391897793058676,-0.18795086595728808,-0.1893065815297296,-0.20147265306114936,-0.1842673330404435,-0.17951891263836525,-0.18296334540922868,-0.17919320137532996,-0.1943590934168369
2022-11-18 04:00:00+00:00,-0.18758301778146566,-0.18380697558821996,-0.18649069139485516,-0.18968630083642518,-0.20202793760168805,-0.18513082222743038,-0.17990529268812963,-0.18127820512130038,-0.1790085832745058,-0.19447507632168695
2022-11-18 05:00:00+00:00,-0.18738270919239644,-0.18357766953197444,-0.18518609746268452,-0.19002476462459694,-0.19693948969981234,-0.18475708231742222,-0.18027989581790996,-0.17818968690120784,-0.1794386435085486,-0.194170579062932
2022-11-18 06:00:00+00:00,-0.18699850548758953,-0.18341318442902874,-0.1870786586910931,-0.19018913587682834,-0.19307374406312397,-0.18543701603589618,-0.18231232254904317,-0.17602324836108377,-0.17976074093750039,-0.19420261311873707
2022-11-18 07:00:00+00:00,-0.1864407489712074,-0.1828303803759449,-0.18740201786852365,-0.1896642559101802,-0.18984672298062,-0.1859777135615992,-0.18386032430256802,-0.1752638575114559,-0.17953034570924942,-0.1932668173815277
2022-11-18 08:00:00+00:00,-0.18662946874016853,-0.18164310253413035,-0.1866603949133899,-0.18851111783427138,-0.18717309342106395,-0.18593874704832386,-0.18432417907040247,-0.17418542030942777,-0.17784324374480764,-0.19259859704178398
2022-11-18 09:00:00+00:00,-0.18526756265496555,-0.1793532333722807,-0.18610193323864152,-0.18654485323156356,-0.1853882221207692,-0.18509163557352853,-0.18198356943484992,-0.1728260474642343,-0.17504326254593672,-0.1910559429915843
2022-11-18 10:00:00+00:00,-0.18307970849510571,-0.1770260253912612,-0.18514639239349753,-0.18492091183857293,-0.18370966448954906,-0.1849370005620215,-0.1789975426970203,-0.171101758655335,-0.17552943303452778,-0.18893633531174245
2022-11-18 11:00:00+00:00,-0.18250624069951613,-0.17530998680187015,-0.18383003377782567,-0.18347145542526222,-0.18192172389082845,-0.18508164145982542,-0.17692937811304124,-0.1701759844857043,-0.1757080445941454,-0.1884151709692444
2022-11-18 12:00:00+00:00,-0.18193639545884857,-0.1746286496801016,-0.1828203606218822,-0.18198648354624977,-0.18038780322772813,-0.18512458786814623,-0.175743222663184,-0.16988866184600532,-0.17528889777009277,-0.18782946606608517
2022-11-18 13:00:00+00:00,-0.18236405070472253,-0.17345117841425484,-0.1818429429935823,-0.18000340940883136,-0.1795807442187175,-0.18511444607952413,-0.17384288266515127,-0.16999089264284648,-0.1736614819342464,-0.187374194461669
2022-11-18 14:00:00+00:00,-0.18253056356720423,-0.17282975469461598,-0.18077066186089788,-0.17757255641280084,-0.17947585973751407,-0.18501977156208965,-0.17250658364806182,-0.17091482554688586,-0.1717796264112455,-0.18647135394360012
2022-11-18 15:00:00+00:00,-0.18259933250953145,-0.1722117045175816,-0.17983227084838235,-0.17617185842395985,-0.1809288090999862,-0.18442324149306938,-0.1707134473934448,-0.17158236798739532,-0.16932141630622105,-0.1851607607499582
2022-11-18 16:00:00+00:00,-0.1828474757007146,-0.17215303086335965,-0.17979326725731268,-0.17545828826155038,-0.17839417579286096,-0.18425230490516084,-0.16957707670799724,-0.17054071450825503,-0.168579863978903,-0.1842582965754358
2022-11-18 17:00:00+00:00,-0.1820885966198049,-0.17171539893191795,-0.18003601335523747,-0.1744238482190579,-0.18115513352702134,-0.18505111863600987,-0.16770414102665407,-0.17214504677542633,-0.16720786951629296,-0.1825957071332206
2022-11-18 18:00:00+00:00,-0.18165646017570383,-0.1714215918218477,-0.17995622589821633,-0.172949028085523,-0.18400109061278488,-0.1846760717507302,-0.16679911036203932,-0.17275552624717197,-0.1658889679754027,-0.18142164670419478
2022-11-18 19:00:00+00:00,-0.18103773993961111,-0.17133227002634016,-0.17987278247385743,-0.1714276515870108,-0.18382603363601402,-0.1832317176608652,-0.16646173213461685,-0.1729869296572762,-0.16447807960250993,-0.18058660532347126
2022-11-18 20:00:00+00:00,-0.18049618185424662,-0.17095366091975606,-0.17971230660647244,-0.16989066160940736,-0.1822387730434361,-0.1812981930005021,-0.16541187299299942,-0.17283796298908966,-0.1633530849243005,-0.17986404476669882
2022-11-18 21:00:00+00:00,-0.17975880648934364,-0.1707831552088035,-0.17936591471710636,-0.16864912981922486,-0.1807956320831894,-0.1793615767675318,-0.16458610747482652,-0.17245373220932958,-0.1621492859339737,-0.1783613948537773
2022-11-18 22:00:00+00:00,-0.1787859207288012,-0.17066933036067367,-0.1788442124439338,-0.1675371753667003,-0.17913432318389524,-0.17710554100340173,-0.16366801735094608,-0.1716371339377586,-0.1607105732799307,-0.17629730294210227
2022-11-18 23:00:00+00:00,-0.1772856044242336,-0.17101528405479371,-0.1780902314853757,-0.16627483856704922,-0.1761049576039713,-0.17377969993232895,-0.16234994836381758,-0.1707848115044248,-0.1585998777256062,-0.17369526732030646
2022-11-19 00:00:00+00:00,-0.1741147489393409,-0.17214562379012,-0.17518545375827124,-0.16512942243407455,-0.17026016391528548,-0.16947504388132462,-0.16131474353415662,-0.17032997469826006,-0.15619414882824306,-0.1711006677697814
2022-11-19 01:00:00+00:00,-0.17142791767645219,-0.1706560704472762,-0.1718889208836981,-0.16460059397459964,-0.1658729011205578,-0.1666353791025423,-0.16104108110563442,-0.16848646045051022,-0.1548510609806572,-0.16874313594896262
2022-11-19 02:00:00+00:00,-0.16879186401209392,-0.16871105060920605,-0.16852542414682395,-0.16303632693591175,-0.16231047556378242,-0.16378585026078923,-0.15971541404678632,-0.16588712356907886,-0.15323818830117442,-0.16637780443936379
2022-11-19 03:00:00+00:00,-0.1674940337433359,-0.16717133442754833,-0.1664305217369836,-0.16131941747858358,-0.16051401899251225,-0.16236601239239978,-0.15940903629468742,-0.16456858005647013,-0.152106402374807,-0.16524961028676896
2022-11-19 04:00:00+00:00,-0.1522718988342537,-0.15590773880277192,-0.14866517922444786,-0.1511211798233263,-0.1470014212830156,-0.15137826345598498,-0.14766448026421625,-0.15657290738148508,-0.14297816391726648,-0.1582563282954654
2022-11-19 05:00:00+00:00,-0.14970030449779506,-0.15438199486755455,-0.14708700992974574,-0.14960223876806225,-0.1456648893348742,-0.14971914684222612,-0.1455109177367885,-0.15475423078517025,-0.14208109046789957,-0.15648033000305925
2022-11-19 06:00:00+00:00,-0.14513464753618724,-0.15051500722351988,-0.14251685455531718,-0.14647977800617423,-0.14411815887864043,-0.1456820640738323,-0.1404375966885719,-0.15055651508577253,-0.139572252457206,-0.15256791573408124
2022-11-19 07:00:00+00:00,-0.1444443893840314,-0.1495903885527506,-0.1406631801209767,-0.14558187566436787,-0.1445854289393279,-0.14641820607120987,-0.13917874354993315,-0.14933212345089908,-0.13863639960750312,-0.15147221688401677
2022-11-19 08:00:00+00:00,-0.1417980263682941,-0.1468959204047153,-0.13777379451962382,-0.14309948206925346,-0.1443494981852564,-0.1467617844793741,-0.13574208543916141,-0.1458892554180941,-0.1366363923762104,-0.1484602870725513
2022-11-19 09:00:00+00:00,-0.14485626782842934,-0.14996743861184364,-0.14235388691777215,-0.1446909304161073,-0.14612487159662751,-0.14969560326192438,-0.13876054014161224,-0.1468442835283289,-0.13802059898835828,-0.14945706717627147
2022-11-19 10:00:00+00:00,-0.14691786395901726,-0.15224882400622017,-0.1455847856763062,-0.14596645442519204,-0.14779393913761835,-0.151587252310197,-0.1412732819135234,-0.14810041843553204,-0.13903879248743045,-0.15064889175353033
2022-11-19 11:00:00+00:00,-0.1486103044794113,-0.15373948871765522,-0.148067925089208,-0.14708287733211511,-0.14967218124591358,-0.1532900157101611,-0.14339652977413,-0.1491123641887232,-0.13981338239455354,-0.15161967131683357
2022-11-19 12:00:00+00:00,-0.15021089835399656,-0.15469400571474773,-0.14891919161126496,-0.1480697305621912,-0.15136960497391866,-0.15495335162741666,-0.1450363622333497,-0.14991663079931639,-0.14007045827361497,-0.152363366147857
2022-11-19 13:00:00+00:00,-0.14997571800841372,-0.15447389659344518,-0.14748023782063366,-0.14775905808632878,-0.15213769322665946,-0.15568908106371307,-0.14486461793600133,-0.15015301129500858,-0.14034799366863993,-0.1519377147871297
2022-11-19 14:00:00+00:00,-0.15241727145753667,-0.1557770594647116,-0.14799292925597754,-0.14846684395328116,-0.1528189748526118,-0.15672020220801683,-0.1474769089726646,-0.1526260976070979,-0.14200636591750515,-0.15359426113329852
2022-11-19 15:00:00+00:00,-0.15020664698041672,-0.15379501504865814,-0.14546415259962228,-0.14653491723104578,-0.15230087686235128,-0.15644509331195885,-0.14528021326823515,-0.15276580932748313,-0.14189628009222938,-0.1520376245849929
2022-11-19 16:00:00+00:00,-0.15074206941129306,-0.1542311442815914,-0.14602259857908098,-0.14672338409951607,-0.15335098754928772,-0.15731724385444856,-0.1458130124154844,-0.1532911281931957,-0.1429089766044926,-0.15210591412697105
2022-11-19 17:00:00+00:00,-0.14836665420386339,-0.15270632752340502,-0.14422598192478445,-0.1448252851985773,-0.15389233192052518,-0.15712385496668327,-0.1436091926347874,-0.15312077654331407,-0.14280590026779366,-0.1503475594076778
2022-11-19 18:00:00+00:00,-0.14883146060731947,-0.1530149142157216,-0.14420279209911266,-0.14465686343797032,-0.1547757921507367,-0.15744483191162656,-0.1440937246976039,-0.1540806225462596,-0.14303147361639373,-0.15068128031771016
2022-11-19 19:00:00+00:00,-0.15147594763708352,-0.15494754832904978,-0.14687468018823538,-0.14671276288680205,-0.1576180981562883,-0.15921349189282183,-0.14653978712709972,-0.15459005287966315,-0.14517854409137138,-0.1519334620473527
2022-11-19 20:00:00+00:00,-0.15400248631914296,-0.15694217981776096,-0.14902848813631628,-0.1482897101388271,-0.15966604846484872,-0.16048394723977777,-0.1491127089646088,-0.1556613837543865,-0.14663621018199113,-0.1534114238929344
2022-11-19 21:00:00+00:00,-0.1534683266010655,-0.15778319799788987,-0.14849813776443968,-0.14768344331087768,-0.16080689048690672,-0.16085137867305216,-0.14842389658336694,-0.15573488623645304,-0.14709214000227744,-0.15280926310233278
2022-11-19 22:00:00+00:00,-0.15591959929000784,-0.1597400551963382,-0.1499210300037939,-0.1487863467827289,-0.1624948597877043,-0.1618178923223948,-0.1508261550030246,-0.15731452151121875,-0.1483981174550983,-0.15439402325893092
2022-11-19 23:00:00+00:00,-0.1538830948307537,-0.1595197159279585,-0.14878141778039058,-0.14693478556003528,-0.16225158081008953,-0.16126612373495938,-0.14867292124859482,-0.1571846017435776,-0.14791069025275005,-0.15304499424027776
2022-11-20 00:00:00+00:00,-0.15480115749497916,-0.16046970773516733,-0.14971746843731745,-0.14754246360346368,-0.16383923149359608,-0.1621494796206957,-0.14897240919180896,-0.15676150257850008,-0.1487365689823913,-0.15305202816343472
2022-11-20 01:00:00+00:00,-0.15570469533617057,-0.1610234880057838,-0.15041958139779318,-0.14803912450772727,-0.16507479089713334,-0.16282440586103417,-0.1494944443865295,-0.15674557268569503,-0.14940158017686095,-0.15337589492909393
2022-11-20 02:00:00+00:00,-0.1538312660577734,-0.16090737008160833,-0.1492990926452085,-0.14661470539471402,-0.16527106343175402,-0.16258027593044697,-0.1471168751842354,-0.15588614399826567,-0.14907062540018806,-0.15174419854044863
2022-11-20 03:00:00+00:00,-0.1565927745787972,-0.16295430310850284,-0.15133045258101427,-0.14790766891685836,-0.16730749635367886,-0.1637726274563768,-0.14975825201491882,-0.15735956767974085,-0.15057930574020528,-0.15346506150338426
2022-11-20 04:00:00+00:00,-0.15915030607262634,-0.16495365296110895,-0.15286880214057738,-0.14932453323576897,-0.16923145354050767,-0.16487643501031962,-0.15219351110864238,-0.15891255831375584,-0.1519992498931536,-0.1551187032490746
2022-11-20 05:00:00+00:00,-0.16491109574494248,-0.16797431842984084,-0.15741916633286415,-0.15544907364015217,-0.17522923272454693,-0.16753568586126433,-0.15734604794403875,-0.16074517323793108,-0.15491466864451975,-0.15848063619568892
2022-11-20 06:00:00+00:00,-0.16746203798665746,-0.16956939695550527,-0.15962085208557272,-0.15826501452748562,-0.17720010073252554,-0.16907884950067026,-0.15918713757238437,-0.1612836668607393,-0.156630050439502,-0.1596970599375796
2022-11-20 07:00:00+00:00,-0.16601964122101584,-0.17083053577818313,-0.15795730046138393,-0.15602611811418615,-0.1777429046049566,-0.16882045287501807,-0.15742010732032138,-0.16196943309434714,-0.1566341058382964,-0.15883683739268248
2022-11-20 08:00:00+00:00,-0.1650547790144846,-0.17272357522746384,-0.15737103695964702,-0.1539130907315447,-0.177661486146736,-0.1686894572688482,-0.15616166970308318,-0.1637430214979675,-0.1568951684735736,-0.1590367517403336
2022-11-20 09:00:00+00:00,-0.16492486194641356,-0.1744007342153991,-0.15753401418274784,-0.15220848432489817,-0.17781052756439714,-0.16861630171197586,-0.15598923830204922,-0.166448464667222,-0.15647220789898614,-0.1602071665045998
2022-11-20 10:00:00+00:00,-0.16225441797527193,-0.1745156505387649,-0.15641104182357682,-0.1487695398828621,-0.17785608905054692,-0.1680773010666327,-0.15296755953256622,-0.16818502941299934,-0.15607944328707535,-0.15906165431030764
2022-11-20 11:00:00+00:00,-0.16534257806753674,-0.1773984020100593,-0.15850889965139878,-0.15127620182569415,-0.18055597400985632,-0.16951460022578657,-0.15558747589524305,-0.1701396778373312,-0.1577561585544624,-0.1610788219417315
2022-11-20 12:00:00+00:00,-0.1673596598240438,-0.1799413920091233,-0.15999500602788577,-0.1521989276566162,-0.18249034474506518,-0.17039863707796254,-0.15833815568442364,-0.17272418702864223,-0.15873938998016124,-0.16264940589489393
2022-11-20 13:00:00+00:00,-0.16644610337952473,-0.18109986767317413,-0.15956613840268466,-0.150408610211983,-0.1832091996576324,-0.17044794144780748,-0.15890408870232914,-0.17510912001704718,-0.15893138690157654,-0.16231910406556496
2022-11-20 14:00:00+00:00,-0.16571056385531732,-0.18224038389956265,-0.15956720041116515,-0.14937270398933514,-0.18444863964904462,-0.17091368110229588,-0.15834162008395594,-0.17609431482547888,-0.15980402199635507,-0.16146688964515146
2022-11-20 15:00:00+00:00,-0.16874447383031518,-0.18438778757025198,-0.16175763791051076,-0.15266756721379615,-0.18695056739686428,-0.17240353536933367,-0.16038771860823473,-0.17686860015430433,-0.1616646693615139,-0.16281640757230137
2022-11-20 16:00:00+00:00,-0.17037285142669925,-0.18571213245350499,-0.16280889176527866,-0.1540833972454938,-0.1881506635397197,-0.17307547236873677,-0.1622082156242609,-0.17777322397392425,-0.16241271252445016,-0.16388759318299478
2022-11-20 17:00:00+00:00,-0.17102974086587727,-0.1859127358433668,-0.16308119582751648,-0.1544196938439305,-0.18827561215269095,-0.17311834526232678,-0.16364926251400516,-0.17847506214784797,-0.1623171052618772,-0.16472267366989615
2022-11-20 18:00:00+00:00,-0.17301279322368426,-0.18574013594721034,-0.1639994415946114,-0.15603897458667215,-0.18853782076012854,-0.17334129628813147,-0.16595817411225838,-0.179600982490237,-0.16234592899710154,-0.16630618314468054
2022-11-20 19:00:00+00:00,-0.17514423874293597,-0.18536766726303017,-0.16528860859030195,-0.15850761914223874,-0.18965153975978133,-0.17396923321107727,-0.16725562469278507,-0.1798156022576145,-0.162999727784374,-0.16745191659178085
2022-11-20 20:00:00+00:00,-0.17938503623072985,-0.18463528596205453,-0.16776090259200668,-0.16383545045827028,-0.19100423961207497,-0.1754772466729161,-0.16930683050809361,-0.1787263661534066,-0.16467233683972515,-0.16951048220488965
2022-11-20 21:00:00+00:00,-0.1776168969506833,-0.1836446667628417,-0.1664214797954736,-0.16273056910066777,-0.18979197623423905,-0.17494899647413287,-0.16656596111417848,-0.17660028079028764,-0.16414165833031275,-0.16806332311680758
2022-11-20 22:00:00+00:00,-0.1762147338379871,-0.1825721020829656,-0.16541800005583032,-0.16222486230822986,-0.18881424525554397,-0.17466055922121781,-0.16474018580320104,-0.17447537523894602,-0.16394990301416473,-0.16677808627127236
2022-11-20 23:00:00+00:00,-0.1748186726181203,-0.18099017766006215,-0.16435040931125425,-0.16151039791808747,-0.18741651170041346,-0.1739881463772675,-0.16362084289253567,-0.172626319935428,-0.16325651669021007,-0.1657847175061272
2022-11-21 00:00:00+00:00,-0.1746806453925104,-0.17888542447848915,-0.16395902139226973,-0.16218967758971528,-0.18638725286489116,-0.17368590579793117,-0.1638071271184656,-0.1707254861864476,-0.1631276158055654,-0.16529291462260337
2022-11-21 01:00:00+00:00,-0.17673890304249015,-0.17613137321364347,-0.16521101817304282,-0.1647518511801001,-0.18612924270362496,-0.17428620168322911,-0.16407670129924343,-0.16848541017515856,-0.16333562927174644,-0.16545516359510754
2022-11-21 02:00:00+00:00,-0.17906105984180323,-0.1750907467055482,-0.16833299127466436,-0.16737611538982236,-0.18628527057358624,-0.17472941118636806,-0.165171356996975,-0.1677470502618148,-0.164036461764836,-0.1671988937725227
2022-11-21 03:00:00+00:00,-0.17861414444092796,-0.17427431643408722,-0.1692273694804027,-0.16770396329137027,-0.18570544532795663,-0.17398618319891765,-0.16517770091548292,-0.1667564629689751,-0.16388992235321925,-0.16747645052756985
2022-11-21 04:00:00+00:00,-0.17847129541772364,-0.17399462834216967,-0.1714145932478731,-0.1683806834860479,-0.18579193643747155,-0.1735140959110993,-0.1656533814161987,-0.16595104667180866,-0.16446747913090587,-0.1689608659849122
2022-11-21 05:00:00+00:00,-0.17839416589179133,-0.1739452490120273,-0.17314868692944216,-0.1689093248417638,-0.18589522418279897,-0.17322773259679702,-0.1659636612956913,-0.16539349823867794,-0.16496508833334578,-0.17005260725645874
2022-11-21 06:00:00+00:00,-0.17839100382737325,-0.17390541894581796,-0.17361255703326148,-0.16913017408979483,-0.18580126408995912,-0.1731619416372046,-0.166100293523629,-0.1654027318517538,-0.16500956236101444,-0.17061495276994249
2022-11-21 07:00:00+00:00,-0.17817841148014438,-0.1735374724160546,-0.17310042569314846,-0.16879705944371282,-0.18533305009944023,-0.172934009250836,-0.16610359768828886,-0.1651933603226084,-0.16460167711413903,-0.17038775211451088
2022-11-21 08:00:00+00:00,-0.17761643666846258,-0.1725737966420744,-0.16988506860647115,-0.16727123176521919,-0.18401657526040954,-0.17253743983257186,-0.16533928199916784,-0.16488618879719286,-0.16307907522951842,-0.16838605093307463
2022-11-21 09:00:00+00:00,-0.1777977605296537,-0.17275561347958396,-0.17064599429220603,-0.16775873758610624,-0.18418909532985533,-0.1726793777719777,-0.16603303787131565,-0.1652594220806782,-0.16330916658829864,-0.16927722190611635
2022-11-21 10:00:00+00:00,-0.17799897897004716,-0.17291204629081447,-0.1708791438123953,-0.16809728523221684,-0.1841842747590373,-0.17290831452386188,-0.16681716605085353,-0.1659241201622632,-0.16325438574376594,-0.16996885721768465
2022-11-21 11:00:00+00:00,-0.17810428003422588,-0.17299133857236731,-0.17062564912097614,-0.1681464817620105,-0.18412239754123486,-0.1730794289300763,-0.16715399225526184,-0.16637436291512736,-0.16309673932219731,-0.1700866091585792
2022-11-21 12:00:00+00:00,-0.17771038854991136,-0.17246231576134846,-0.1686488114401188,-0.1670519887777659,-0.18339964424814334,-0.17283903050961952,-0.1661798312614476,-0.16597856417019632,-0.16225716234024196,-0.16844746018191026
2022-11-21 13:00:00+00:00,-0.17781321013290038,-0.17244368941502425,-0.1668896583797332,-0.16597812528633096,-0.18286839650237835,-0.17277855414630416,-0.16623744567707419,-0.16671349016694567,-0.16148527402952506,-0.16770735286503297
2022-11-21 14:00:00+00:00,-0.17571445288079482,-0.17246739114173656,-0.16379442847815714,-0.1635010522426656,-0.18152398575302983,-0.17124303674334326,-0.16580004801822884,-0.16714228214429452,-0.16000188824627987,-0.1665258183999419
2022-11-21 15:00:00+00:00,-0.17280519436043199,-0.17217259315287858,-0.16166966303877287,-0.16105895325353767,-0.18020378486165298,-0.17023716698420194,-0.16456646702349828,-0.1662738739839049,-0.1587843221941561,-0.16464024614947476
2022-11-21 16:00:00+00:00,-0.17014118569012063,-0.17207702912948591,-0.15967350788710197,-0.15845487287554746,-0.17905667035668088,-0.16931496025317766,-0.1622595841227304,-0.16556181170974735,-0.1577066517162346,-0.16297480795718014
2022-11-21 17:00:00+00:00,-0.16908182789883672,-0.17184714622441233,-0.15900855051204862,-0.1575823266171214,-0.17852100423128187,-0.16897847439367997,-0.16122540266748553,-0.1648859193825778,-0.15725208338170005,-0.16217180686240926
2022-11-21 18:00:00+00:00,-0.169548305209451,-0.17115101705538532,-0.16006802280838747,-0.15891343912584002,-0.17867513104532032,-0.16952003269443122,-0.1614074524288561,-0.1636536051161125,-0.1575669382031647,-0.16164026265089387
2022-11-21 19:00:00+00:00,-0.17337230993843247,-0.17086573588160459,-0.1630083677754898,-0.1625760366446479,-0.1799375617933715,-0.17073926528947392,-0.16363279151698315,-0.16426088385519175,-0.15891687413344663,-0.1639859299717869
2022-11-21 20:00:00+00:00,-0.17558622206852423,-0.17104173190616073,-0.16424898198928242,-0.16380536554452912,-0.18052189404106134,-0.17106540280085897,-0.16515658938227615,-0.1653330794208284,-0.15947952905219936,-0.16583908943237402
2022-11-21 21:00:00+00:00,-0.17687648241970663,-0.17110796030565154,-0.16526470307907318,-0.16454215435942815,-0.18083860318813325,-0.17123567761417335,-0.16617876826489583,-0.1659679097393329,-0.15981746321168705,-0.16714682678416393
2022-11-21 22:00:00+00:00,-0.17750734995484826,-0.17131942549921625,-0.16763385719433446,-0.16607848405679204,-0.1813368267690403,-0.17178160567591333,-0.16747661985558562,-0.16627732195108788,-0.1605160149691423,-0.16912429196364898
2022-11-21 23:00:00+00:00,-0.17785695650293457,-0.17180447099605517,-0.17055278090665835,-0.16794180200224243,-0.18197689958697155,-0.17228328239219853,-0.16877773098899992,-0.16644654571587125,-0.161442788299913,-0.17150045167142178
2022-11-22 00:00:00+00:00,-0.17813417614150215,-0.17228507618324912,-0.17367124938659337,-0.16945290954529382,-0.18225855449074746,-0.17201749521995013,-0.17040486112486578,-0.1666390613041053,-0.16214176435737526,-0.17430580737057588
2022-11-22 01:00:00+00:00,-0.17809043413274675,-0.17282545720964926,-0.17672331004082678,-0.17063810562103524,-0.18331574225373365,-0.17199661987106105,-0.17053036209321262,-0.16644819545623246,-0.16285823087710077,-0.17601191464123364
2022-11-22 02:00:00+00:00,-0.17818288602524937,-0.17243220597044034,-0.17889305673893088,-0.17114960128215362,-0.18498254498017433,-0.17216298256636015,-0.1697567699199208,-0.1661974156185862,-0.16205469742208395,-0.17770842358640085
2022-11-22 03:00:00+00:00,-0.17863505131459664,-0.1714698740350613,-0.18053046434938444,-0.17181853246326093,-0.18480873055360245,-0.17275818594387146,-0.16998548040947029,-0.16653200931829287,-0.16188335603516069,-0.17944204613078524
2022-11-22 04:00:00+00:00,-0.1788082270802989,-0.17071025346114813,-0.18042068377644108,-0.1720271383952182,-0.18400333583861628,-0.17297006648963867,-0.16930521948306662,-0.16601910476568194,-0.16147248535723074,-0.18023490958231522
2022-11-22 05:00:00+00:00,-0.1793091076209495,-0.17018109554381494,-0.1804785789713468,-0.1725015848775126,-0.183211773966852,-0.17347723548251814,-0.16916996168419118,-0.16576382194532413,-0.16185512551706172,-0.1808063018637981
2022-11-22 06:00:00+00:00,-0.1799211657024319,-0.16991110337219667,-0.1805733216219698,-0.17315121421176588,-0.182662832704651,-0.17409094998311683,-0.16944156129019092,-0.1658032578631163,-0.16257409744006063,-0.1817586812539319
2022-11-22 07:00:00+00:00,-0.17978689665962813,-0.16923079096224564,-0.18043508325559907,-0.17283315540281488,-0.181674049272404,-0.1739019971215896,-0.16864004896298804,-0.1652593252304395,-0.16248561692840024,-0.18123153093223576
2022-11-22 08:00:00+00:00,-0.1794362663297462,-0.1684605431855065,-0.18057999760027535,-0.1723604079718724,-0.1798438969083716,-0.17354332410282808,-0.16853012572441192,-0.16396116597062202,-0.16236075761121915,-0.18072270019786238
2022-11-22 09:00:00+00:00,-0.17937993817434963,-0.16851521277534082,-0.18102786816463748,-0.1728112876054519,-0.17798887745814584,-0.17341470206731038,-0.16925296692193148,-0.16480327315321958,-0.16262525950676449,-0.18216976527356657
2022-11-22 10:00:00+00:00,-0.17909098658509884,-0.16889976598791273,-0.1820423403013022,-0.1729400066471548,-0.17635527055006273,-0.17310109269910903,-0.16972763329859272,-0.16719104076649696,-0.16273646239682205,-0.1832720559493447
2022-11-22 11:00:00+00:00,-0.17894474899936022,-0.16974808372598865,-0.1834385438994767,-0.1731346499099235,-0.17802099602175575,-0.1742597816142019,-0.170336993009975,-0.17022548413863847,-0.165306104945792,-0.1844071226461362
2022-11-22 12:00:00+00:00,-0.17909685692327795,-0.17126070582294378,-0.1853132149408124,-0.1736889084810687,-0.18007586626751018,-0.17632522413613128,-0.17122895179377162,-0.17336581251561917,-0.1687813766994098,-0.18571190004772317
2022-11-22 13:00:00+00:00,-0.17981392065729876,-0.17246866048974396,-0.18660549137778007,-0.17373308523857905,-0.18150531737782533,-0.17808002063376005,-0.17254440607224347,-0.17569283595942983,-0.17172836584045043,-0.18648877041372633
2022-11-22 14:00:00+00:00,-0.18104578432574706,-0.17419599152385767,-0.18765750778958964,-0.17452986014320107,-0.1837855490091364,-0.18000873983961457,-0.17407440449497344,-0.17817429285861924,-0.1742910665727685,-0.18765805279953343
2022-11-22 15:00:00+00:00,-0.18238879377222242,-0.17620875685312876,-0.1883286242669364,-0.17623818238256989,-0.18644824763499268,-0.18212632928236763,-0.17582637738088766,-0.18081271742620647,-0.17610820938493194,-0.18928875833157038
2022-11-22 16:00:00+00:00,-0.18278451604913673,-0.17697641236609088,-0.18862012594040953,-0.17711154133462392,-0.1873259168707785,-0.1828272310287153,-0.17640590071114323,-0.18155758005015607,-0.17647114206597048,-0.18984798760498148
2022-11-22 17:00:00+00:00,-0.18119224198507497,-0.17504737440769202,-0.18805586954670414,-0.17629429244815203,-0.18452508082775204,-0.18047323978061441,-0.1744657909633984,-0.1783351992634769,-0.17378920751881766,-0.18853645077460618
2022-11-22 18:00:00+00:00,-0.17919087511661488,-0.172157562157082,-0.18708273586501137,-0.1745009373293142,-0.18141520771359076,-0.176769275757534,-0.17121825315405897,-0.17339169183325864,-0.1699032582560907,-0.18608453137870856
2022-11-22 19:00:00+00:00,-0.17964654792012233,-0.17124665995655353,-0.18599231761120175,-0.17458682590427332,-0.17992432386700125,-0.17443381441225922,-0.17023132581881154,-0.17013538421505991,-0.16643044325298795,-0.18501436334551116
2022-11-22 20:00:00+00:00,-0.18062873853594305,-0.1714591345241429,-0.18494561140547774,-0.17529311259279154,-0.1795033626965502,-0.17478289838307026,-0.17051727671120728,-0.16939811504397317,-0.16501024669523756,-0.18493484447705083
2022-11-22 21:00:00+00:00,-0.1812255682695508,-0.17182928747647225,-0.18461323231236923,-0.17584153954011222,-0.17968963103390462,-0.1753447153925174,-0.1709261090371626,-0.16948555659668507,-0.1654216919307394,-0.18518471593537378
2022-11-22 22:00:00+00:00,-0.18192635683146083,-0.17188095159569977,-0.18356339693659954,-0.1761430855669738,-0.18165364546261648,-0.1760181561670699,-0.17089027156658776,-0.16752852972676235,-0.165640115422391,-0.184431150709346
2022-11-22 23:00:00+00:00,-0.1817675548724811,-0.17141597600958675,-0.18257737518581726,-0.17537777320953982,-0.18280936477293447,-0.17586604128389233,-0.17030198114864545,-0.16638119235652843,-0.16504686675555885,-0.18265484494666936
2022-11-23 00:00:00+00:00,-0.1815181214886045,-0.1712446105345694,-0.18139157700341427,-0.1752646562336794,-0.18352887833235149,-0.17571005293384012,-0.171078595311723,-0.16731141693025567,-0.16441851476840452,-0.1838219804892126
2022-11-23 01:00:00+00:00,-0.1816482206649844,-0.17183485480103639,-0.1811897535386283,-0.17564802223765572,-0.18399474699392782,-0.17719706741299335,-0.1742247303901718,-0.1689682282353434,-0.16401297428995348,-0.18524415012493733
2022-11-23 02:00:00+00:00,-0.1820298229028046,-0.17260565973168446,-0.18213389949602174,-0.1748595068010725,-0.18387871894242158,-0.17701847739399806,-0.17620675676161054,-0.17016399943378618,-0.16409573191860805,-0.18464653387496302
2022-11-23 03:00:00+00:00,-0.1823213965440101,-0.17310852126694298,-0.1830749900916306,-0.17447378209291295,-0.18405821348549928,-0.1769820803137719,-0.17781763525468972,-0.17117302254288766,-0.1645596816391478,-0.18366695002739722
2022-11-23 04:00:00+00:00,-0.18247443081472872,-0.17349897004995427,-0.18295945207406908,-0.1740626753662194,-0.18405389045402448,-0.1768706735743476,-0.17927283280781986,-0.17336703581444837,-0.1641063503457143,-0.18271430205247297
2022-11-23 05:00:00+00:00,-0.1830333916278921,-0.17296576130801242,-0.18406678873733115,-0.1761910436586545,-0.18588254357980383,-0.17974598587463006,-0.17872901277102363,-0.1751095528527248,-0.16636849883574883,-0.18564889583868804
2022-11-23 06:00:00+00:00,-0.18352881296109771,-0.17271355534182786,-0.18461117028315535,-0.17811664585838374,-0.18731975029871378,-0.18141766087723843,-0.17880458513277714,-0.17685698119612575,-0.16850132995801792,-0.18699053331420804
2022-11-23 07:00:00+00:00,-0.18373385777201126,-0.1726027941894287,-0.184580614607148,-0.1789628929446325,-0.18840229723833657,-0.18203207111308023,-0.17855632982492878,-0.1770453286575167,-0.16903275573415905,-0.18743999987151838
2022-11-23 08:00:00+00:00,-0.18381875223998526,-0.17252062124446982,-0.18412751919950668,-0.17915368826882785,-0.18843584826095247,-0.18132930404432485,-0.17807188247656944,-0.17517429244612154,-0.16883367287215362,-0.18763569026699867
2022-11-23 09:00:00+00:00,-0.18369892010025748,-0.172479911764425,-0.18395441041555358,-0.1789083136748873,-0.18797659754053175,-0.18050278423899563,-0.1778733940595915,-0.17390488298485193,-0.16850300295900866,-0.1874644290105009
2022-11-23 10:00:00+00:00,-0.1838949529989953,-0.1732008118387867,-0.18302396733753853,-0.18013219656558155,-0.1885248203691078,-0.18124858637822008,-0.17648763356720637,-0.1726149353130938,-0.1684968765347501,-0.18848027634856426
2022-11-23 11:00:00+00:00,-0.1852078182594902,-0.17528591069434046,-0.1834358523658943,-0.18186465685951533,-0.1893270668056749,-0.18169285420290746,-0.175417428408183,-0.17255726222004997,-0.16974406959876137,-0.18918744325680756
2022-11-23 12:00:00+00:00,-0.18695257288405795,-0.1771100859600665,-0.18504631942138847,-0.18317720932684367,-0.1891762693933778,-0.18090219929064993,-0.17572237175185637,-0.1724437403235346,-0.17111128955176347,-0.18938954585866477
2022-11-23 13:00:00+00:00,-0.18793405540721622,-0.17868983677081324,-0.1863835237222253,-0.1843600947384839,-0.18787431337856447,-0.18152554443771707,-0.1765483276445363,-0.17444012217135269,-0.1720849068192603,-0.18884713394799404
2022-11-23 14:00:00+00:00,-0.18819888335659488,-0.1799339599812993,-0.1874038000881492,-0.18481437119833063,-0.18846899642043413,-0.18284014542657528,-0.17710289364417472,-0.17857825741523117,-0.1724729409842956,-0.19027395876786196
2022-11-23 15:00:00+00:00,-0.1870923887792196,-0.17997001789727174,-0.18882161930832467,-0.1836329613793261,-0.18906992609106552,-0.183621116034855,-0.1773667020998592,-0.1808118502124756,-0.17328159001342064,-0.19074054850588215
2022-11-23 16:00:00+00:00,-0.186066322071283,-0.1791325615087918,-0.18923277382884915,-0.18248994327446513,-0.18858839297474023,-0.18270101692876783,-0.17661103471098774,-0.18006045748774355,-0.173287372801056,-0.19057729306427276
2022-11-23 17:00:00+00:00,-0.18424754836121002,-0.1764023988838018,-0.18832447328633503,-0.18014501425984172,-0.18584071464695645,-0.17898455697471238,-0.17375748717719416,-0.17580239901135594,-0.16968372493054346,-0.18887733014344837
2022-11-23 18:00:00+00:00,-0.18402761906224072,-0.17562960055162125,-0.18741968518738042,-0.17962992595512803,-0.184613470680024,-0.17815462857890965,-0.17321409264667942,-0.1742970783253469,-0.1687552165008313,-0.18805714903102783
2022-11-23 19:00:00+00:00,-0.18392756651811584,-0.1753627690321281,-0.1869859461444707,-0.1794242033222323,-0.18419669136737948,-0.17802464615579794,-0.1731843734167451,-0.1738299086377406,-0.16853058504966573,-0.18783474256952568
2022-11-23 20:00:00+00:00,-0.18500138633422045,-0.1762085834531762,-0.18642210643409232,-0.1805846474866097,-0.18463763504606073,-0.17892457720479765,-0.17426500921811325,-0.1742854249465424,-0.16931126211942532,-0.18801024482430786
2022-11-23 21:00:00+00:00,-0.18583959784624118,-0.17716820081353296,-0.18635446509867468,-0.18165907512546484,-0.18557758617473574,-0.1802665977345776,-0.17520968971772158,-0.17597615538345274,-0.17002778041463706,-0.18848063476608704
2022-11-23 22:00:00+00:00,-0.18571122093151923,-0.17671210674336096,-0.18587782589555915,-0.18139726983837268,-0.18484660801063213,-0.1796132093412821,-0.17499442852252958,-0.17495222632502172,-0.16978211482073285,-0.18795155302692942
2022-11-23 23:00:00+00:00,-0.18521557416256182,-0.17574857891561424,-0.18502393221045746,-0.18063549027608847,-0.18364601005758344,-0.17894425987179852,-0.17452919400196318,-0.17338659263081696,-0.1690812591117159,-0.18707048657239322
2022-11-24 00:00:00+00:00,-0.18374499962100635,-0.17367851856712624,-0.18374869594011442,-0.17855404218689128,-0.18249749611219,-0.1775747329872542,-0.17318085963457114,-0.17046461976297003,-0.16736439442483908,-0.18563056074135997
2022-11-24 01:00:00+00:00,-0.18198525802947926,-0.17126559720350365,-0.18222764784647824,-0.17588413097973088,-0.1816719446762199,-0.17597401847904615,-0.17119111459961556,-0.16689347973472368,-0.16524506189957971,-0.1833100885488284
2022-11-24 02:00:00+00:00,-0.18124721540812763,-0.1701651830148792,-0.18113100402602875,-0.17468131544032117,-0.1813815297939047,-0.17611616967919702,-0.1705008712260952,-0.16646711032685654,-0.1642162388561692,-0.18267241138759954
2022-11-24 03:00:00+00:00,-0.1806025508403614,-0.1693674097513102,-0.18042467625036915,-0.17381720669968342,-0.18097333716138625,-0.1760790502469781,-0.16988265572954425,-0.16620926818340964,-0.16339381707487793,-0.18231970619631427
2022-11-24 04:00:00+00:00,-0.1798385518468251,-0.16856206920042383,-0.180062346268092,-0.17278436954748175,-0.1800391700282694,-0.17519109374463532,-0.16912069684499131,-0.1652992375018868,-0.16256504871639893,-0.1815984485026581
2022-11-24 05:00:00+00:00,-0.17972070689819716,-0.16848987983708263,-0.18015500356117561,-0.17261245947585319,-0.17981624312096683,-0.17481342764795077,-0.16898413107932433,-0.16497375752906876,-0.16248717191926548,-0.18126878253325748
2022-11-24 06:00:00+00:00,-0.17871930079736267,-0.16771730126989814,-0.18031621775909987,-0.17154895167486947,-0.1787846749002149,-0.1727833521115819,-0.1679070567438009,-0.16314302228945976,-0.1616599539286649,-0.18025582186587422
2022-11-24 07:00:00+00:00,-0.1769153580097991,-0.16647953500210788,-0.18066507010805924,-0.16980673934035542,-0.17713187430924934,-0.17097559585443914,-0.1658383581344788,-0.16125101249757917,-0.16024467218750738,-0.1790594480379588
2022-11-24 08:00:00+00:00,-0.174892055149556,-0.16508169509243958,-0.17998494466742584,-0.1675559993105297,-0.1764159046581556,-0.16874574887559163,-0.16287168279967681,-0.159813882734692,-0.15828168425339545,-0.17681608685550876
2022-11-24 09:00:00+00:00,-0.172226701160082,-0.16422335442443797,-0.17614246800326336,-0.1648060121663109,-0.17604999517955489,-0.16584948689211196,-0.15752940557256154,-0.15650998763961146,-0.15505933265255883,-0.172603395169423
2022-11-24 10:00:00+00:00,-0.1712625219974159,-0.1640963594870079,-0.17144932624715323,-0.1626844560672404,-0.17450208931553374,-0.16464524280593962,-0.15641703685360434,-0.15525118727658915,-0.1538805654397527,-0.16801937104771156
2022-11-24 11:00:00+00:00,-0.17044253257776917,-0.16331703598807185,-0.16815016034325694,-0.16049198133416667,-0.1719682682430783,-0.1637073585170699,-0.15522065073202407,-0.15439928309653794,-0.15372338565654903,-0.16432886978943462
2022-11-24 12:00:00+00:00,-0.17101265517967104,-0.1637636365976335,-0.1672758685340103,-0.16054373149469817,-0.17207538425808572,-0.16439555016611912,-0.15620713263725486,-0.15542874928305994,-0.15489786341718403,-0.16342096820561092
2022-11-24 13:00:00+00:00,-0.17180061888629508,-0.1645937873220197,-0.16688409663819856,-0.16104599755408094,-0.1732076804415404,-0.1653829585678541,-0.15757280620496578,-0.1567259871756448,-0.15627398781645452,-0.16290406786865747
2022-11-24 14:00:00+00:00,-0.16944484545536695,-0.1649938161602501,-0.16327744989952667,-0.15950639860867744,-0.17317024003232226,-0.1657292250507871,-0.15826248814293442,-0.15751570918229713,-0.1560859666958067,-0.16002227021640172
2022-11-24 15:00:00+00:00,-0.16187658604449037,-0.16463258659966745,-0.15706095279371904,-0.15428020942544812,-0.17202032777919826,-0.16539233562974068,-0.1536903994593815,-0.15695975184443411,-0.15333430141269128,-0.15574937909427328
2022-11-24 16:00:00+00:00,-0.15707786640940677,-0.16318535402458195,-0.15310446871147268,-0.14959972735361926,-0.16997385710173346,-0.16498638596429788,-0.14889631558021038,-0.15587620813440065,-0.1515963016450791,-0.1528932597122007
2022-11-24 17:00:00+00:00,-0.15428002933580384,-0.16346911374715722,-0.15034661902247023,-0.14588433620984878,-0.16848477979081478,-0.16380497439668135,-0.14646447271805582,-0.1571311866720527,-0.1505597349900475,-0.15115067136449792
2022-11-24 18:00:00+00:00,-0.15012742811743204,-0.16170951498060088,-0.14661894767499298,-0.1429312321854389,-0.1666773752909659,-0.16232984265143574,-0.14274324834026458,-0.15744730399399093,-0.14903460491962361,-0.14872409290979866
2022-11-24 19:00:00+00:00,-0.15087288841113636,-0.16269303362494952,-0.1472179488919695,-0.14286967824855135,-0.16717431775377645,-0.16256322953229171,-0.14362729423785603,-0.15888888284236868,-0.14958021365822594,-0.14996258398831458
2022-11-24 20:00:00+00:00,-0.15351378237094718,-0.16448179741590147,-0.1497026166302549,-0.1443741217260803,-0.16901208411004126,-0.16370700775792651,-0.1458190633501684,-0.15934780576997712,-0.1508888247517845,-0.15152824382437663
2022-11-24 21:00:00+00:00,-0.15956000430825332,-0.16793493939680826,-0.15380777008901644,-0.1495240828587269,-0.17248426317267243,-0.16608511228002434,-0.1515018947949522,-0.15996535896889008,-0.15355907846356687,-0.1551347294773693
2022-11-24 22:00:00+00:00,-0.1629218307881086,-0.16872675241736618,-0.15662425963561796,-0.154187631347432,-0.17598942107261534,-0.16801102209988333,-0.1538893851321784,-0.1594008672099639,-0.15539765769729175,-0.15604291980646726
2022-11-24 23:00:00+00:00,-0.16023790767943294,-0.16847658642977487,-0.1551972066246541,-0.15213157598166022,-0.1757146935765391,-0.1675829228452905,-0.15016546665694422,-0.15874474460166668,-0.15486738716789505,-0.15355187738055243
2022-11-25 00:00:00+00:00,-0.1569389845787932,-0.16821564101914005,-0.15362918718215698,-0.14936480390707604,-0.1752895037676923,-0.16679548849839135,-0.14608675659600845,-0.15846406385132358,-0.15399689568587027,-0.15073511008573767
2022-11-25 01:00:00+00:00,-0.15711145423391962,-0.16827418754733114,-0.15400434389440779,-0.14999233563834077,-0.17614426048881135,-0.1668442406024272,-0.14561426689991983,-0.15816229878834018,-0.1543510658622969,-0.15043331886179467
2022-11-25 02:00:00+00:00,-0.15859563230697418,-0.16800085137117077,-0.15554126860319087,-0.15221257104875605,-0.17558021877258043,-0.16581620268348563,-0.1451405626464333,-0.15698324257717824,-0.15521000454599182,-0.14980098988906823
2022-11-25 03:00:00+00:00,-0.16297540655889928,-0.17101147329472255,-0.15880398301968932,-0.15592225535414575,-0.17784264893972476,-0.16776321639304947,-0.1492171945432257,-0.15797626041501714,-0.157658446980602,-0.15267770744702192
2022-11-25 04:00:00+00:00,-0.17138417802331737,-0.17242828706096225,-0.16631944530102008,-0.16293782184967573,-0.18154073796725415,-0.16986724744475012,-0.15496693072354928,-0.15743412296076242,-0.16210217830211676,-0.15813566036165025
2022-11-25 05:00:00+00:00,-0.17809614737872972,-0.1752565024699333,-0.17494064402388101,-0.1680111727368012,-0.1863011830580379,-0.1722840109867299,-0.15824440791051303,-0.15997888797797577,-0.1671833207689397,-0.16558981825214272
2022-11-25 06:00:00+00:00,-0.1804795856150643,-0.17839009886583732,-0.17886395199252483,-0.1712782786471588,-0.19049190759851892,-0.17483636056346907,-0.16033008667586215,-0.16343511523243273,-0.1696317777238005,-0.16940657740719808
2022-11-25 07:00:00+00:00,-0.18163959251490316,-0.17960162419533798,-0.17975176200885376,-0.1722503434902572,-0.19199706716135959,-0.17573118407732222,-0.1609556821960489,-0.16453493126974797,-0.17073496053558368,-0.17018111304298933
2022-11-25 08:00:00+00:00,-0.18313585989524497,-0.18098417063904876,-0.17996961225145888,-0.1729235368143122,-0.19360050402066528,-0.17674567495524832,-0.16187014762426943,-0.16586919487813906,-0.17223003063783043,-0.17004710822261349
2022-11-25 09:00:00+00:00,-0.18432421666897844,-0.18234466304151914,-0.18038977353300575,-0.17346433305524903,-0.19520125098082577,-0.1778871528328671,-0.16277745642611902,-0.16768583309400587,-0.172875969384491,-0.16995769653694087
2022-11-25 10:00:00+00:00,-0.18540841104594122,-0.18290830824099968,-0.17994871964016182,-0.17347852761757426,-0.19553769366721735,-0.17788670378411836,-0.16155600260482572,-0.16705430454094192,-0.1733502561006755,-0.16943620580193142
2022-11-25 11:00:00+00:00,-0.18694164943032812,-0.1846481884173688,-0.18127950805943535,-0.17474976634387898,-0.19769078001993864,-0.1792459534219623,-0.16247838726214373,-0.1688844024749328,-0.17466396256722505,-0.17066414628556267
2022-11-25 12:00:00+00:00,-0.18899872891286304,-0.18720766105097575,-0.1850953991673752,-0.17794934043208785,-0.20133070642815737,-0.18129888983063217,-0.1648427568812643,-0.17133975977498717,-0.17774783093382018,-0.1747411624791122
2022-11-25 13:00:00+00:00,-0.1915011353375277,-0.1902886637107165,-0.18906850146980472,-0.1814049935634274,-0.20538602960041885,-0.18358218928251246,-0.1660600310150812,-0.1743183492216929,-0.17999746589763177,-0.17904526174382931
2022-11-25 14:00:00+00:00,-0.19314242267850892,-0.19204741246095575,-0.19167444092197536,-0.18377515468521943,-0.20727526311575728,-0.18520957645437472,-0.1672424397969666,-0.1768697916701321,-0.18158431486790422,-0.18190610065900462
2022-11-25 15:00:00+00:00,-0.19382162560771735,-0.19222092246966438,-0.19168775613909314,-0.18380114937259825,-0.2075418450952083,-0.1848867211538074,-0.1655990046594333,-0.17686870058638923,-0.18169632977164774,-0.18153607401095312
2022-11-25 16:00:00+00:00,-0.19423924112297972,-0.19257073272140898,-0.19167023915772843,-0.18379464679233698,-0.20802174189106654,-0.1849748150551883,-0.16547259899767378,-0.17693999651965667,-0.18201414342919492,-0.18133902922704215
2022-11-25 17:00:00+00:00,-0.19376542972736469,-0.19128591082083185,-0.18887013535861155,-0.1812521082585394,-0.20634843593190721,-0.1835047236912652,-0.1639903634303876,-0.17443363917023927,-0.1813089015680605,-0.17772794311589904
2022-11-25 18:00:00+00:00,-0.19348067800106386,-0.19049536804155953,-0.18815704213904696,-0.18052024805733427,-0.2053027351611918,-0.18243247367006196,-0.16212220886997025,-0.17333800280039816,-0.18055953895985083,-0.17662259206770423
2022-11-25 19:00:00+00:00,-0.19365905419571375,-0.19067823543472986,-0.18892715082202835,-0.18110521795894927,-0.20550937295374822,-0.1824228088351784,-0.16148631138730934,-0.17375195045022718,-0.18051702031647104,-0.17743454274045686
2022-11-25 20:00:00+00:00,-0.1938068525354593,-0.1913120994581221,-0.1918272240909308,-0.18350457513418184,-0.20625535554986266,-0.18321676426570055,-0.16117196008494067,-0.17600939696833612,-0.180553681367062,-0.18069744064481935
2022-11-25 21:00:00+00:00,-0.193779353131003,-0.19120750589300028,-0.1921419513993106,-0.18379263412179478,-0.20587807472735353,-0.18308406648851558,-0.16051854841477203,-0.17620203462916434,-0.18038615538757707,-0.18100827057082078
2022-11-25 22:00:00+00:00,-0.19447711329071607,-0.19226615936884128,-0.19323429900846426,-0.18494004961088478,-0.20694773585290102,-0.18463473887650383,-0.16317408109351828,-0.17780106650134217,-0.18157614220464902,-0.18275420756482028
2022-11-25 23:00:00+00:00,-0.19428210944490046,-0.1926340875500518,-0.196416671655908,-0.18752594689113772,-0.20537286135006075,-0.18570217294425823,-0.16400095491787844,-0.18058128446129426,-0.18151165198757702,-0.18666811538460915
2022-11-26 00:00:00+00:00,-0.19334425783728307,-0.19184831034031075,-0.19613108198962523,-0.18698185397989256,-0.20451421847946938,-0.18512996511456226,-0.16393873599159564,-0.1799263407481768,-0.18066314233769826,-0.18636289007266613
2022-11-26 01:00:00+00:00,-0.1916012908041724,-0.1901231082218367,-0.19462061705325048,-0.18533278332799577,-0.2027817271401078,-0.18360119192426524,-0.1628282076462846,-0.17798006560352975,-0.1789361156487499,-0.18476213417427131
2022-11-26 02:00:00+00:00,-0.19099440145644095,-0.18918172111167764,-0.1978811692808701,-0.1866137985496524,-0.20177882092727362,-0.18445342955293204,-0.165964707474304,-0.18051006417885399,-0.17858993902184295,-0.18835372802859834
2022-11-26 03:00:00+00:00,-0.19062256483561038,-0.18762675709912688,-0.19918556968431747,-0.18779191511347249,-0.20208069820808772,-0.18555082792278826,-0.16950219076014975,-0.18309866801029717,-0.178499462426084,-0.19232803559488243
2022-11-26 04:00:00+00:00,-0.19095599196097304,-0.18770150046770928,-0.19903380980780702,-0.18907627027444016,-0.20269853566190318,-0.18685410454476903,-0.17254466317112152,-0.1851509060818326,-0.17909861372893687,-0.19440590346621617
2022-11-26 05:00:00+00:00,-0.19254061286345295,-0.18852639851604747,-0.19916197323846366,-0.19110645351184125,-0.20342035807089295,-0.18844886770632402,-0.176071631818039,-0.1879407031774599,-0.18021471957089086,-0.1963717054108607
2022-11-26 06:00:00+00:00,-0.19503924034184802,-0.18972709794775822,-0.199017986151496,-0.19309920060380192,-0.203911615043131,-0.18971564948230213,-0.17935255053238386,-0.191021026877954,-0.18131549535611674,-0.1980241497842936
2022-11-26 07:00:00+00:00,-0.19685859608174897,-0.19094297527300497,-0.1990050409399101,-0.19439561697640906,-0.20344653106628696,-0.19093438236347204,-0.18251889071267494,-0.1928555901292376,-0.1821956445362234,-0.19916855736739036
2022-11-26 08:00:00+00:00,-0.19733472644357455,-0.19118018432252545,-0.19874773055170433,-0.19463809555961364,-0.20261957011080117,-0.1919468918652153,-0.18374460357709713,-0.19298671755219338,-0.1822458023391007,-0.19938514246889186
2022-11-26 09:00:00+00:00,-0.1991509547922267,-0.193173680248367,-0.1994897750414328,-0.19600261795416665,-0.20375448137463403,-0.19486183529993722,-0.18655853331950575,-0.19499344321858716,-0.184410732741639,-0.2006145205409414
2022-11-26 10:00:00+00:00,-0.20032284222049543,-0.19489293737652835,-0.19998654863640283,-0.19656519301934167,-0.20673812139071412,-0.19726430745260165,-0.18839210823790062,-0.1966187605121113,-0.18702311241407132,-0.20147873955014814
2022-11-26 11:00:00+00:00,-0.19885761139249972,-0.19310423108863278,-0.19852884079921349,-0.19539854192664502,-0.2044354012188411,-0.19532125589239252,-0.1869760622922644,-0.1946860680228242,-0.1848990447892288,-0.20027859087381372
2022-11-26 12:00:00+00:00,-0.19802857086436862,-0.1919632772058807,-0.1969854449543035,-0.1948184492528086,-0.20340873321252534,-0.1939573177763974,-0.18601198296672192,-0.1927457953827402,-0.18321150722723523,-0.19936850919909582
2022-11-26 13:00:00+00:00,-0.1975431446981438,-0.1912803121773048,-0.19601394346300285,-0.19452293509463459,-0.20291128910423606,-0.1932684153318724,-0.1854047611496852,-0.19141577794168207,-0.18215626882435232,-0.19878133567398085
2022-11-26 14:00:00+00:00,-0.19515517921048867,-0.18818377408389664,-0.1938982424088543,-0.19256438442843518,-0.19784585138842414,-0.18951441050064566,-0.18224497626496725,-0.1874911258275026,-0.1798429374538953,-0.19660202616199546
2022-11-26 15:00:00+00:00,-0.19281762594463828,-0.18577361935244546,-0.19220237594801373,-0.19059686259812353,-0.19437101260672057,-0.18659340138622182,-0.1799365253750708,-0.1832300899804928,-0.17812548650786647,-0.19447415936186555
2022-11-26 16:00:00+00:00,-0.19025462179937172,-0.18257101340047371,-0.19103940348301798,-0.18723130605705787,-0.19153980675694487,-0.18440183786589442,-0.17728267520272106,-0.18008996097502045,-0.1753805529656453,-0.1921237158269998
2022-11-26 17:00:00+00:00,-0.187851641980718,-0.17984269472654776,-0.18932381511798382,-0.18368093434532318,-0.19119853080664576,-0.1821132907733673,-0.1745002851782924,-0.17536632983067968,-0.17256007894796355,-0.18926410857227577
2022-11-26 18:00:00+00:00,-0.18554367547766767,-0.17794458346932962,-0.1874224548537217,-0.1803839260465806,-0.19086375779780984,-0.17978759150410115,-0.17157515642426674,-0.17213268597147524,-0.16983156698586538,-0.1861584617225855
2022-11-26 19:00:00+00:00,-0.1828723951812196,-0.17616822809751692,-0.1854699630809026,-0.1770113892939917,-0.18969866051775125,-0.17695168181308618,-0.16982036656583188,-0.16934729107226526,-0.16707026416211018,-0.1831054050516363
2022-11-26 20:00:00+00:00,-0.18066425436300457,-0.17486174103013374,-0.1831616231368383,-0.17444635468507189,-0.18825260942686178,-0.17473029242039803,-0.17014234918656643,-0.16767996154932097,-0.16511363616743474,-0.18080720090231941
2022-11-26 21:00:00+00:00,-0.17862740808073344,-0.17410827165444945,-0.17833860517140984,-0.1716236017106368,-0.1853392564127781,-0.17259967135767457,-0.1702467221639739,-0.16642298392433952,-0.1632744947725081,-0.17745222680544653
2022-11-26 22:00:00+00:00,-0.17770760261475313,-0.1721858719354849,-0.17714810098699899,-0.17004013048592082,-0.18238199565604668,-0.17169075541900625,-0.17106870146255848,-0.1669023775406987,-0.16182850667311394,-0.17619076402683226
2022-11-26 23:00:00+00:00,-0.17833917768233967,-0.17263087610407665,-0.17874065187867996,-0.1699627050295136,-0.18237795341432392,-0.17182809133378404,-0.17246045078894254,-0.16796791729859914,-0.16086028728865975,-0.1776869432771799
2022-11-27 00:00:00+00:00,-0.17806684517039054,-0.1724467265559404,-0.17838881929358344,-0.16898496787602624,-0.1814180114920209,-0.1708981174660657,-0.1717116901758683,-0.16805211692364552,-0.15928012064542796,-0.17758279025449897
2022-11-27 01:00:00+00:00,-0.17749233041364806,-0.17260348496058203,-0.17659208498758314,-0.1672161901931709,-0.17866311036956178,-0.16946061128811307,-0.17098836065368148,-0.16810428150927478,-0.1573920175959822,-0.17628598593489167
2022-11-27 02:00:00+00:00,-0.17741757458598442,-0.17194705236558325,-0.1772954145148953,-0.16735578103615936,-0.1779932229616755,-0.17037985230445896,-0.16981064884039418,-0.1681899578684553,-0.1564763859715721,-0.17745064861634138
2022-11-27 03:00:00+00:00,-0.1777232600345431,-0.1715326697049856,-0.17637144456766965,-0.1678005535501083,-0.17636740174308124,-0.17364245748842377,-0.1690416034161122,-0.16836027496045447,-0.1581062833584116,-0.17866862433709677
2022-11-27 04:00:00+00:00,-0.17865483449555283,-0.1705052414338048,-0.17610832350125424,-0.16865575830848512,-0.1764498367420218,-0.17744354732541145,-0.16873732429962074,-0.16871614492559467,-0.16044058941578926,-0.18048663157645745
2022-11-27 05:00:00+00:00,-0.17898690484976623,-0.16938640575423236,-0.17598878871001397,-0.16878197984334598,-0.17612155914760286,-0.17905700651641476,-0.16758303010854544,-0.1686909766249409,-0.1617555166985385,-0.18115204393952955
2022-11-27 06:00:00+00:00,-0.18022308376383903,-0.16892963120143534,-0.17644144288214056,-0.16945285164679583,-0.17746055192787036,-0.18004460653252471,-0.16870901140986064,-0.1690525532845121,-0.16316121140948292,-0.1819988501967782
2022-11-27 07:00:00+00:00,-0.18148768822903497,-0.16922601192626505,-0.1774734202922578,-0.17106925167962309,-0.17955175765899362,-0.1811157939916455,-0.1699321345012964,-0.1691509181978824,-0.16431711684421924,-0.18285684279337705
2022-11-27 08:00:00+00:00,-0.18233543132073124,-0.16950177527070698,-0.178759930773808,-0.17212495877481165,-0.1782695947698683,-0.18272586566557508,-0.1708916306874639,-0.17028089251320963,-0.1660329835537327,-0.1836791768017208
2022-11-27 09:00:00+00:00,-0.183382461408478,-0.17109694184223762,-0.1809610288723865,-0.1738024996904624,-0.1784335756948549,-0.18303940009852307,-0.17284193988297528,-0.17571950602344247,-0.1706043281863735,-0.18614526909173768
2022-11-27 10:00:00+00:00,-0.18434100603291895,-0.17366420761381235,-0.18299340861639476,-0.17488438286706992,-0.17886343510227531,-0.18238008652713864,-0.1746603276495147,-0.1797611867396406,-0.1737374024564473,-0.187818782811651
2022-11-27 11:00:00+00:00,-0.18557280962398812,-0.17514506868304797,-0.18444856024947412,-0.175159022229103,-0.1798307263229918,-0.18213369587494432,-0.1756438792151994,-0.18215485182309527,-0.1755373451153585,-0.1887280201470495
2022-11-27 12:00:00+00:00,-0.18593115063324536,-0.17594104293008134,-0.18508661325452994,-0.1757148432805573,-0.17997008998212316,-0.18283973179125718,-0.1760750064114047,-0.1829659362558877,-0.17606048009473252,-0.18907975117636552
2022-11-27 13:00:00+00:00,-0.1862309047140189,-0.17636064803013968,-0.18566428571479668,-0.17571678937610014,-0.1803490905621239,-0.18333362468746828,-0.17636157001299582,-0.18365916108525313,-0.17650748632921925,-0.18931198347292347
2022-11-27 14:00:00+00:00,-0.18444608736633752,-0.17308970582936817,-0.183663884565498,-0.17313492568696717,-0.18007573548334582,-0.18030904125655256,-0.17458595003987337,-0.18038164620110508,-0.17414220977061728,-0.1878632925811584
2022-11-27 15:00:00+00:00,-0.1818220168369403,-0.16887961462402978,-0.18218260679281598,-0.1698027175338345,-0.17954019735207455,-0.17788455763430844,-0.17158135911705463,-0.17540889483174446,-0.17062955199018004,-0.1858730213192374
2022-11-27 16:00:00+00:00,-0.1788656780402648,-0.1647858334121038,-0.18061310328924554,-0.1659631633717917,-0.17381543615221723,-0.17545375538885596,-0.16756092221232374,-0.16889948680907424,-0.16623208300596892,-0.18212679960267772
2022-11-27 17:00:00+00:00,-0.17601160385659567,-0.16381038474233162,-0.17884454448864542,-0.16424155014862865,-0.16731895421431328,-0.17271763527342898,-0.1650066793376155,-0.16479016578777583,-0.16104050175994472,-0.17855717106970478
2022-11-27 18:00:00+00:00,-0.17354744679170467,-0.1630013299834715,-0.17632463640281612,-0.16257364139567088,-0.16702326170677625,-0.1700410105781494,-0.16156664099262605,-0.16147105517233865,-0.15625065658140708,-0.17465010601725242
2022-11-27 19:00:00+00:00,-0.17192149046496588,-0.1627237472600329,-0.17367948082135767,-0.1613484293193926,-0.1670124405386138,-0.16805462618241773,-0.15861144375624356,-0.15982224938501638,-0.15437654544216617,-0.17165383035086645
2022-11-27 20:00:00+00:00,-0.17259877042124896,-0.16398734502191437,-0.17406750385495037,-0.16206684117174702,-0.16857411131914263,-0.16915143896247498,-0.1585341661611023,-0.16112615433837862,-0.15482341470109634,-0.17109087422442287
2022-11-27 21:00:00+00:00,-0.17349116044449567,-0.1655791157978434,-0.17492937587792826,-0.1630604604108512,-0.17051462303815346,-0.1705071101854905,-0.15869093885397517,-0.16351467086519716,-0.1554454227990577,-0.17080134011559545
2022-11-27 22:00:00+00:00,-0.17410873011813968,-0.16757765697542837,-0.17512160728740475,-0.16399401371352484,-0.17179936229781237,-0.17117259286178518,-0.16020910677838682,-0.16575632651643918,-0.15566516017642545,-0.1715972208771328
2022-11-27 23:00:00+00:00,-0.17423271000828375,-0.16986569412575558,-0.17489641843942996,-0.16454910492018504,-0.17192223838867784,-0.17061342725345807,-0.1614333178298416,-0.16739388572779895,-0.1552546997811583,-0.17158956851027513
2022-11-28 00:00:00+00:00,-0.17409944956474147,-0.17087253241512804,-0.17411336236869826,-0.16445420224279275,-0.17142525554215043,-0.1699972181061992,-0.16119959123625927,-0.16797772522461868,-0.1547969161948668,-0.1708452326767994
2022-11-28 01:00:00+00:00,-0.17461924590332298,-0.17207368113518817,-0.17490008845749697,-0.16520583264230154,-0.171756841734312,-0.1702301997313587,-0.16232596863455678,-0.16960260147771467,-0.1558069477620585,-0.1716057466940808
2022-11-28 02:00:00+00:00,-0.17600717461420337,-0.17339490903030852,-0.17766991583779854,-0.16654847248192226,-0.1717670976424291,-0.1716104621783926,-0.1644072990464147,-0.1713132450648991,-0.15761323021110124,-0.1730345444560447
2022-11-28 03:00:00+00:00,-0.17832620044044115,-0.1738417336551007,-0.17934062587829322,-0.1683404955689768,-0.17447398241975878,-0.17431299645475132,-0.16574644581125716,-0.17277041328436768,-0.1600005183171443,-0.17507345683818692
2022-11-28 04:00:00+00:00,-0.17988001510296323,-0.1733605830070654,-0.18162769386018787,-0.17101108954012206,-0.1828317014521802,-0.17785711083987665,-0.1654260183634346,-0.17423091763462917,-0.16351854209740946,-0.17677889950559653
2022-11-28 05:00:00+00:00,-0.18069850546278546,-0.17285113465101365,-0.1842367465203967,-0.17283709779376769,-0.1844234418931086,-0.1799261586739777,-0.16242933319981848,-0.1741420864109138,-0.16547982621536794,-0.17693483366117987
2022-11-28 06:00:00+00:00,-0.18030458698144172,-0.1732682225974278,-0.18192016796405622,-0.17265260621249967,-0.17335218246179362,-0.17962290605051107,-0.15854593066140263,-0.1721286733234345,-0.16432723367095392,-0.1760408576668823
2022-11-28 07:00:00+00:00,-0.17900472178380092,-0.1707665150044005,-0.16891344927711346,-0.1700842840928675,-0.16255698886733014,-0.17522608625362315,-0.15516017731547507,-0.1721216779080778,-0.16031595491194406,-0.17424133449479065
2022-11-28 08:00:00+00:00,-0.18067435455957068,-0.16758528392407415,-0.16774878078371439,-0.1684970197915787,-0.160391233251936,-0.17574622505059995,-0.15377223461185865,-0.17196699760775946,-0.16036183511723962,-0.1740866451495345
2022-11-28 09:00:00+00:00,-0.1787503206718524,-0.16567976258726103,-0.1658641254471989,-0.16706898756783117,-0.15848693121581287,-0.1754911314452399,-0.15206345340767277,-0.1709643524565044,-0.1590287096438413,-0.1729928509798279
2022-11-28 10:00:00+00:00,-0.17874797141557516,-0.1668979814546423,-0.16640555924278186,-0.16575727498218884,-0.1571232412407595,-0.17513049983431933,-0.15242944883475357,-0.16952419215525916,-0.15943967288041205,-0.17232762305237764
2022-11-28 11:00:00+00:00,-0.18367431691383454,-0.17048334303769502,-0.17204513189356782,-0.16856636617501494,-0.15731053369730807,-0.1752711749491654,-0.15660822511324712,-0.16617265485174537,-0.16538808780435654,-0.17418923442276046
2022-11-28 12:00:00+00:00,-0.18788428258386994,-0.17421677405944075,-0.17845325997249747,-0.17307653456255864,-0.1641205091563322,-0.1746830926974069,-0.16274107130722343,-0.165364541583155,-0.17605923040816296,-0.18228427161656172
2022-11-28 13:00:00+00:00,-0.1923376232133069,-0.17762920828039083,-0.1827155492499344,-0.17999885545029048,-0.1756220278971049,-0.1758343860865481,-0.16938531511855778,-0.17441508884305418,-0.18436413052675055,-0.18813899539425905
2022-11-28 14:00:00+00:00,-0.19761621483045502,-0.1871146893082577,-0.18956531357091536,-0.1937314805563392,-0.19133045950282507,-0.18507488788500598,-0.180593209162553,-0.1805173600327762,-0.17918960758153735,-0.1970092042372079
2022-11-28 15:00:00+00:00,-0.20648982469887486,-0.19733611124290346,-0.19933149331231328,-0.2060796247208326,-0.2017015769363007,-0.19420121693251013,-0.18741346785324503,-0.18784915363640486,-0.1793247648912369,-0.20658300160177473
2022-11-28 16:00:00+00:00,-0.2147663330959211,-0.20138525131302937,-0.2111116377054155,-0.21662531920894382,-0.2092434765281995,-0.2010349366396706,-0.19515013415805837,-0.2027389260934575,-0.1969425449485036,-0.2187382027344345
2022-11-28 17:00:00+00:00,-0.2151650485884065,-0.2010608862916905,-0.21341102016516686,-0.2178501110104044,-0.2093243713766741,-0.20090012745577407,-0.19514587884384832,-0.20422746099883807,-0.1988271885736222,-0.22022509820317213
2022-11-28 18:00:00+00:00,-0.21195649084363424,-0.19864456457769308,-0.21152444679416096,-0.21617195641952935,-0.20566855068168893,-0.1962046830546903,-0.19239158143652102,-0.2009765646020587,-0.19297094527293251,-0.21800101241114006
2022-11-28 19:00:00+00:00,-0.19888791453629115,-0.1889535071795645,-0.20056145931790073,-0.20420718051280273,-0.19254664415782538,-0.1835015439769338,-0.18130411550073144,-0.18250931363018932,-0.17183543788719863,-0.20443125623673486
2022-11-28 20:00:00+00:00,-0.19578390559802497,-0.18602912760744528,-0.1948750495563399,-0.19850680656556874,-0.19087235135708835,-0.18066128753917624,-0.17879885804072151,-0.17914879580590048,-0.17426188122710218,-0.19925059403787282
2022-11-28 21:00:00+00:00,-0.19783726103385843,-0.18822044049484488,-0.19928763094723909,-0.20287356390436925,-0.19190379418709788,-0.18277066572108772,-0.18019809779883267,-0.18112925514813982,-0.17203282355747906,-0.20315261505936777
2022-11-28 22:00:00+00:00,-0.2020491155500427,-0.19062381948136975,-0.20501793618014572,-0.20841962681853576,-0.19514217067506645,-0.18555012171593227,-0.1827994613197767,-0.18859491146744004,-0.17411359278522914,-0.20860699331679589
2022-11-28 23:00:00+00:00,-0.20600348227615942,-0.19467945277742998,-0.20638718465105524,-0.2110711677754392,-0.2000667897721527,-0.18943826024088134,-0.1862929586547455,-0.19356505074369965,-0.18270161636631832,-0.21224179108706565
2022-11-29 00:00:00+00:00,-0.20584419038069698,-0.19541675390057783,-0.20364249030447387,-0.20905002778436804,-0.20112912651341047,-0.19047904034115504,-0.18566554660873058,-0.19200700858011832,-0.18355340360859018,-0.21019353447581166
2022-11-29 01:00:00+00:00,-0.2053608697215967,-0.19558697942587167,-0.2014716083660749,-0.20726188392252337,-0.20137117484689307,-0.1912233331112428,-0.1847973549668661,-0.19028575475961504,-0.18264151272337698,-0.20837592572566124
2022-11-29 02:00:00+00:00,-0.20354282453299957,-0.19532132649009204,-0.19778406840799004,-0.2034788338033813,-0.20053086532813913,-0.1912842792992286,-0.18287827396407064,-0.1858436293803054,-0.1795545097930102,-0.20458933132103535
2022-11-29 03:00:00+00:00,-0.20219866186109556,-0.19472522005687898,-0.195870638796574,-0.20068727995865154,-0.19930866076057213,-0.19105994032832685,-0.18148612861948313,-0.1832522839496571,-0.1775481533932467,-0.20200386562431324
2022-11-29 04:00:00+00:00,-0.19642478894732265,-0.18816660137945201,-0.18899342848020315,-0.19133442973339201,-0.1895739784353263,-0.18563832287310933,-0.17616694746299638,-0.17970768913199792,-0.17497672119836793,-0.19725898518614393
2022-11-29 05:00:00+00:00,-0.1962041326157757,-0.18826205111744929,-0.18912054105218176,-0.18968148963961196,-0.18785295050444473,-0.18565914466743766,-0.17596946000573843,-0.18066255894019898,-0.17611574900386034,-0.1985259456548107
2022-11-29 06:00:00+00:00,-0.19701847298789213,-0.18887950464723768,-0.1897520512400581,-0.18911597997427493,-0.18701979284057765,-0.18626336607353988,-0.1765851735200462,-0.18202606582263575,-0.17947836476221313,-0.199878293857891
2022-11-29 07:00:00+00:00,-0.20136843826650816,-0.19693175610310837,-0.19478000998553271,-0.19934194558072568,-0.19257503255912112,-0.19054104343531617,-0.1875727577367816,-0.1852320367035804,-0.18718908081229868,-0.20425341900395322
2022-11-29 08:00:00+00:00,-0.20868051930259293,-0.20330442783753644,-0.2000594234669982,-0.20822655625669848,-0.20235478598895473,-0.19801083534489763,-0.19661907974798015,-0.1882338919662597,-0.1958670495560963,-0.2113594205397478
2022-11-29 09:00:00+00:00,-0.2118419148281311,-0.20652250961427798,-0.20275951026772268,-0.21267658240549753,-0.2074194152049154,-0.202573019832214,-0.20100621786722175,-0.19152915532034404,-0.20142237462123197,-0.21484983637137492
2022-11-29 10:00:00+00:00,-0.19148668986451786,-0.19138983374151208,-0.19003952623622192,-0.19430151454509942,-0.18699184691383872,-0.19068940748442031,-0.18318222025318878,-0.18798798339450268,-0.18462221286077501,-0.19837618182611866
2022-11-29 11:00:00+00:00,-0.1827287514581146,-0.1776540188386445,-0.184558316427298,-0.18177885790266554,-0.1720899158651802,-0.18164158254304363,-0.17258614790306234,-0.18340545861420876,-0.18035624854831778,-0.18944579937514305
2022-11-29 12:00:00+00:00,-0.19000263264133052,-0.17950784510734447,-0.18470013352095374,-0.17949234271928388,-0.17175506652125727,-0.18344158324473325,-0.1707727767576143,-0.182800156584539,-0.1806867386097975,-0.19052424431813597
2022-11-29 13:00:00+00:00,-0.1932677520455092,-0.17686638556244333,-0.18456207741425104,-0.17929873317472245,-0.17167739185617675,-0.18047106321737127,-0.1701992982333297,-0.18139197585808736,-0.1803724927415971,-0.1910376000231994
2022-11-29 14:00:00+00:00,-0.19074733534729973,-0.1747125072206725,-0.18209170884996131,-0.17683132808351623,-0.16812494046167026,-0.17910052065641574,-0.16850394256788434,-0.1748072897785427,-0.17703930546394087,-0.18719942287420469
2022-11-29 15:00:00+00:00,-0.18624576061606193,-0.170385612370276,-0.179419859628186,-0.1730335957388057,-0.16535993430907175,-0.17879145131783244,-0.16101267610762068,-0.16895935867197845,-0.1769357153060515,-0.1807182023811336
2022-11-29 16:00:00+00:00,-0.18221473293883536,-0.1705747506661606,-0.17416393602797595,-0.17251715828047667,-0.16714707773630233,-0.1779022870665563,-0.1589354599386588,-0.17315021809514766,-0.17399804255261248,-0.17991502717550692
2022-11-29 17:00:00+00:00,-0.18219656575328333,-0.17358323151913116,-0.18037307745092243,-0.17346973350300404,-0.16606531593792695,-0.17833508731707992,-0.15927011824486395,-0.17395235932195574,-0.1674025755871285,-0.1814213714426134
2022-11-29 18:00:00+00:00,-0.18201397964897129,-0.17193870648875909,-0.18187997422966143,-0.17152275485651042,-0.17427100820769104,-0.1773286660474514,-0.16076315603679167,-0.1717300213959737,-0.16715598020007005,-0.18018237440931334
2022-11-29 19:00:00+00:00,-0.18097504457050198,-0.16913985337503556,-0.1800903742765367,-0.16709034921867907,-0.1809180026153476,-0.17540285319331578,-0.1589700786952565,-0.17147426316891196,-0.16319695399295053,-0.17670541704738818
2022-11-29 20:00:00+00:00,-0.17892079852242718,-0.16698392180094285,-0.17871026286015926,-0.16439987544827575,-0.1808188384965236,-0.1731430546616503,-0.1565714489300066,-0.16926767351823874,-0.16062710385686496,-0.17241589217364234
2022-11-29 21:00:00+00:00,-0.1763665535708888,-0.16566321771449033,-0.17608703127837053,-0.1627300064300034,-0.17593070815696676,-0.1717961645450935,-0.1543983430475822,-0.16735073174789283,-0.15870505442230343,-0.16946543219444601
2022-11-29 22:00:00+00:00,-0.17698586369039263,-0.16527557340622387,-0.17632505964925285,-0.1625007587919659,-0.17585908431738267,-0.17167818514858924,-0.15462915160054072,-0.16649615736173157,-0.1604614723844141,-0.16934755274732055
2022-11-29 23:00:00+00:00,-0.17708994191704622,-0.1650821180792016,-0.17626933853932178,-0.16232959126997357,-0.17569414525070595,-0.17166880010095217,-0.15447528012119527,-0.16614233326742728,-0.1612536916564158,-0.16941529398008276
2022-11-30 00:00:00+00:00,-0.1752631286514569,-0.16471697179769518,-0.17480202595086483,-0.16174999969361722,-0.17386892050345235,-0.17054999271405857,-0.15285830268459444,-0.16618114888552593,-0.15797334319741196,-0.16748831961003538
2022-11-30 01:00:00+00:00,-0.17395139256696243,-0.16449354108939626,-0.17363241774392776,-0.161251775957418,-0.1723310983918544,-0.16910961013712028,-0.15147667383949637,-0.1658616454717846,-0.15711443494200306,-0.16631645419325494
2022-11-30 02:00:00+00:00,-0.17436230665010624,-0.16472419896154583,-0.17410496711408094,-0.16159450547266888,-0.17351890541709344,-0.16911766798807143,-0.15163969364362434,-0.16666051700472181,-0.15740739067726928,-0.1668352011108578
2022-11-30 03:00:00+00:00,-0.17651902940869305,-0.16565866782177263,-0.17675595101442707,-0.16295744170658266,-0.178150637218349,-0.1708051626294989,-0.1537467831727507,-0.16842035752933396,-0.1594830722649045,-0.169483940033538
2022-11-30 04:00:00+00:00,-0.17823189306373613,-0.16717983802933672,-0.1795614245501951,-0.1649938842187283,-0.18197319006078888,-0.17264378587919077,-0.1557939184251713,-0.16998351144428397,-0.16297925830845195,-0.1726082965712332
2022-11-30 05:00:00+00:00,-0.17891124796200084,-0.1681243243499297,-0.1801702864649278,-0.16618720782378626,-0.18062418128302576,-0.17329435341861887,-0.15655020789529694,-0.17099559755109348,-0.1638097855787371,-0.17430883820117807
2022-11-30 06:00:00+00:00,-0.17995729928088025,-0.1693340750790831,-0.1807402104793027,-0.16792032311713745,-0.17729426120798814,-0.17409338603176489,-0.1576023960422907,-0.17122564605588836,-0.16617263269335397,-0.17625416147133344
2022-11-30 07:00:00+00:00,-0.1806466659693308,-0.17026073333486652,-0.18111994405650975,-0.1691928451150616,-0.17429186293863136,-0.1742690339950701,-0.1581711026609878,-0.17092897412613306,-0.1674291901594271,-0.1774668316085743
2022-11-30 08:00:00+00:00,-0.18010017464270842,-0.16964058966933782,-0.18078379033055278,-0.16847576547260462,-0.17538606539635448,-0.17390886807608333,-0.15765329294007605,-0.17082563419763597,-0.16688686583826712,-0.17646985390082964
2022-11-30 09:00:00+00:00,-0.17912185066717815,-0.16839259267116238,-0.18015985114776042,-0.16712341171687647,-0.1769169142603048,-0.17302670787053306,-0.1566110790779875,-0.16982753380915772,-0.1662881419017505,-0.17417609679771398
2022-11-30 10:00:00+00:00,-0.17806652781781115,-0.16697603201808475,-0.1783012711458978,-0.16569012538273345,-0.17707862633252971,-0.17181147126548824,-0.15529865522777656,-0.16853542509357083,-0.1658366115554339,-0.1720996066735447
2022-11-30 11:00:00+00:00,-0.17721983042768105,-0.16572214754242665,-0.1763081349470432,-0.16452823700684158,-0.17559970461517874,-0.1698425035715326,-0.15402225060087624,-0.16787722356662707,-0.16549125308738794,-0.17060470232643934
2022-11-30 12:00:00+00:00,-0.1753236434310396,-0.1631495762742945,-0.17166139150398588,-0.16350151706115493,-0.1730770187091889,-0.1669409301798942,-0.15131120834786924,-0.16580406927827715,-0.16400768303684077,-0.1669898262255106
2022-11-30 13:00:00+00:00,-0.17086534599842876,-0.16006230753675324,-0.16670626335787345,-0.1610239519463445,-0.16599127964239166,-0.16364244957425722,-0.14751939069963493,-0.1626702545148674,-0.1609258380879165,-0.1621297384447893
2022-11-30 14:00:00+00:00,-0.16378946107674938,-0.15622821261251668,-0.16071693759317415,-0.15544450596956158,-0.15701071513248835,-0.1582929650519079,-0.1418977431412265,-0.1578433942183078,-0.1556219692205823,-0.15597472122712674
2022-11-30 15:00:00+00:00,-0.15615665188444625,-0.15025741093559267,-0.1545130872860397,-0.14725604196790368,-0.1459012577609558,-0.14881838773056158,-0.13482047718087745,-0.151783750090699,-0.1475676364024857,-0.14947602014414232
2022-11-30 16:00:00+00:00,-0.14993291312780474,-0.14401022821300163,-0.14536763862894905,-0.14158436261850585,-0.13500887596605082,-0.1416252490694206,-0.12923024859826143,-0.14694627159849555,-0.14105124897909416,-0.1415409820987207
2022-11-30 17:00:00+00:00,-0.1463568786930282,-0.13962360092072662,-0.13798764931303528,-0.13917656413552312,-0.12596975648434058,-0.13817819178271984,-0.12612877881126813,-0.14385564960772595,-0.13760585924009072,-0.13597595365222698
2022-11-30 18:00:00+00:00,-0.137539121246281,-0.1317082958917095,-0.13054397733709314,-0.13341742052847655,-0.12030223324308384,-0.13334382461129204,-0.11862216909404832,-0.1380884502079564,-0.12937408990233035,-0.12694641276094626
2022-11-30 19:00:00+00:00,-0.12679905212566314,-0.11910891762281636,-0.11981779266357481,-0.12295646689443479,-0.10874300741052018,-0.12404745792514132,-0.10696920341144878,-0.12879843428745855,-0.11867875536363622,-0.11443666857590037
2022-11-30 20:00:00+00:00,-0.11659571623375911,-0.10571600468352577,-0.11127386833682826,-0.11176347847918505,-0.09925533233731268,-0.11632701387535219,-0.09803056159408743,-0.11917837559586347,-0.1103532663479931,-0.1039537758355793
2022-11-30 21:00:00+00:00,-0.10564371155107957,-0.0908835539008094,-0.10222434143752726,-0.09915500734259988,-0.09154771586562349,-0.10766963648359476,-0.08876679354005954,-0.10868788618227179,-0.10410689683025771,-0.09475732099514386
2022-11-30 22:00:00+00:00,-0.09398571966230065,-0.08098160454174168,-0.09170799788297582,-0.0874378915090811,-0.08353427645299841,-0.0977217081790179,-0.08023129595343609,-0.09734195823892429,-0.09605306079102606,-0.0852819219150982
2022-11-30 23:00:00+00:00,-0.08186255810395862,-0.06997764698226888,-0.08005714313307319,-0.07688183114007568,-0.0757198926280851,-0.08671706171365487,-0.0714407673638888,-0.08555232280018221,-0.08643360762137277,-0.07671664197308967
2022-12-01 00:00:00+00:00,-0.07158133539389341,-0.05988505318290341,-0.0701184315652485,-0.0679923441721107,-0.06914469850977922,-0.07999961439286238,-0.0634357259938925,-0.07638491865991559,-0.07947463188777999,-0.06946178683600543
2022-12-01 01:00:00+00:00,-0.06343873982370302,-0.052136526029014,-0.06218194246247549,-0.06065142087894404,-0.0640812095122498,-0.07411031653571165,-0.056488268118823376,-0.06937090376385721,-0.07388498781270254,-0.06207319418248345
2022-12-01 02:00:00+00:00,-0.0567898131404683,-0.04614242262859623,-0.057446173006781176,-0.054458745992246205,-0.06046912728120904,-0.06877922734297018,-0.05035198325757087,-0.0638749729568728,-0.06872012023627345,-0.05603226508775319
2022-12-01 03:00:00+00:00,-0.048354001547524283,-0.03924884801774321,-0.05105409846949552,-0.046909264035961906,-0.05545015171229484,-0.06220299985099676,-0.042725800502384864,-0.05656670680195361,-0.061893401088549696,-0.048612616632667804
2022-12-01 04:00:00+00:00,-0.03390261843495698,-0.03090953612335952,-0.04008852124092388,-0.03320634909731912,-0.03993909925278785,-0.05016368531281383,-0.0284663140037745,-0.04244562724452133,-0.04629014694296764,-0.0320176711620227
2022-12-01 05:00:00+00:00,-0.014456920756971608,-0.016863727847881857,-0.02166539869901521,-0.01566645339321404,-0.01903778124234695,-0.03189100493745618,-0.010310399704522605,-0.02127052080263192,-0.025042965024417566,-0.011450342714323825
2022-12-01 06:00:00+00:00,0.00214823733078931,0.0007896132805933626,0.0009753735952720277,-3.783334503937308e-05,-0.0004978982767173956,-0.016536771095497546,0.007075385921465643,-0.006254529118508323,-0.004206838706904095,0.0057022133092038685
2022-12-01 07:00:00+00:00,0.01549091128896804,0.016851905728418534,0.021466248356327045,0.012220292488108853,0.021231169139025313,-0.003917138014205776,0.021096798844833592,0.004863258453246144,0.011076967307362448,0.020327347152326092
2022-12-01 08:00:00+00:00,0.03393974062870214,0.03665948542050963,0.05104628017437082,0.03257329087705041,0.04218363684197726,0.022061749764615515,0.044883847983966024,0.023941270339593423,0.034590255214343765,0.04835562419877534
2022-12-01 09:00:00+00:00,0.04561635640164183,0.06251707616076176,0.07409449903208609,0.05178392908979129,0.05975718995329457,0.04060236778037103,0.06579470499132603,0.042828163172974804,0.05406601591627834,0.06787040057289462
2022-12-01 10:00:00+00:00,0.054485322180379686,0.07704523174374735,0.08978880400210004,0.06179430224850918,0.0697068867812238,0.05103047318154601,0.07816180959622757,0.053075806941266596,0.06592519441375543,0.07863290710517268
2022-12-01 11:00:00+00:00,0.036506914281339925,0.03952688912367229,0.059054161682357914,0.04040942407349968,0.03822973954582928,0.031366239662960496,0.05102458910617333,0.031496079399182225,0.04428891778972298,0.05738140766138883
2022-12-01 12:00:00+00:00,0.019817322860059022,0.022873987208804694,0.03548664227039744,0.023491956088295074,0.017925273243397682,0.01740089986037495,0.032448616743166486,0.01949821843182256,0.027947152138432227,0.037836809676268096
2022-12-01 13:00:00+00:00,0.0023402588847205585,0.00860930377963219,0.015699067953585527,0.011936601063627261,0.0025839129292239693,0.004319732761259229,0.014861987242685476,0.005438539357605493,0.008369570835004822,0.01716189874299387
2022-12-01 14:00:00+00:00,-0.012421715651507237,-0.0024598079430889624,0.0006304306555671713,0.0007950004016448187,-0.010488413902051047,-0.005677905086561533,0.0009762337983298119,-0.011004408634340629,-0.009691564378445996,-0.0004056849398915152
2022-12-01 15:00:00+00:00,-0.029549220362247164,-0.01911418262908922,-0.020586535077452783,-0.01513566215797263,-0.024956980360075626,-0.017904606551088845,-0.015150058786722181,-0.028749924441485886,-0.027032665093756084,-0.021142352136388487
2022-12-01 16:00:00+00:00,-0.05536172834676506,-0.04345959746008157,-0.05476805700010856,-0.041266000458089924,-0.04583909364136346,-0.041452875283718646,-0.03862453609058267,-0.045063441839320734,-0.04746414163087544,-0.051714314608361345
2022-12-01 17:00:00+00:00,-0.07962498143447286,-0.06157117498094976,-0.07045474892536349,-0.06696449942601612,-0.06440944259764253,-0.07046976555939793,-0.06296668487521559,-0.06915761359992484,-0.06508305055382181,-0.0742386273466007
2022-12-01 18:00:00+00:00,-0.0966577643742926,-0.07381231420064634,-0.0842285131095338,-0.08565646117284664,-0.07704734917691361,-0.08781627065117434,-0.08020476776472404,-0.08966921957702659,-0.0796709954560736,-0.08826525774237162
2022-12-01 19:00:00+00:00,-0.11394609214710197,-0.0942602577680187,-0.10243370134113913,-0.10467274453051056,-0.09200632487718668,-0.10092338520810268,-0.09572752954519928,-0.10804664909018072,-0.09726967793819886,-0.1024792748984068
2022-12-01 20:00:00+00:00,-0.13441857250431086,-0.11947583270932813,-0.12635895308638215,-0.12855082874823473,-0.11859919913492445,-0.11781757687076241,-0.11665608292402285,-0.12974810222536132,-0.11717211608243645,-0.12395700995444672
2022-12-01 21:00:00+00:00,-0.14614531845675457,-0.13229409875400444,-0.1415499065975844,-0.14233120325076334,-0.13093893395884545,-0.13275096663099215,-0.12581529532043784,-0.1390792128412559,-0.129161129035734,-0.13890670466797816
2022-12-01 22:00:00+00:00,-0.15328580930444388,-0.14005197980965767,-0.15160110101377208,-0.1486575458137628,-0.13734289984583398,-0.14467636948867188,-0.1314942233199937,-0.14346020933275294,-0.1380848289681959,-0.15336920453450734
2022-12-01 23:00:00+00:00,-0.15792036581000798,-0.1447592736558443,-0.15582274373085706,-0.15144585436121996,-0.1405787104338476,-0.14859727980010065,-0.1335025985801709,-0.1467389500774108,-0.14160415996723075,-0.156734864032686
2022-12-02 00:00:00+00:00,-0.16458188868394577,-0.14930640861316313,-0.1563936303521999,-0.15427944456636883,-0.14561958125497407,-0.15351599226597257,-0.137282441352701,-0.15030317124396408,-0.14646290073025892,-0.16096984177804946
2022-12-02 01:00:00+00:00,-0.17032269775559752,-0.15406229909346797,-0.15851937132809182,-0.1572208148868967,-0.15010252812988184,-0.15805486745579578,-0.1405028402721489,-0.15373739506834838,-0.1508984859323097,-0.16512914973972923
2022-12-02 02:00:00+00:00,-0.17570155979524613,-0.1588700745220915,-0.16180986927826188,-0.15986889062316814,-0.1539650935356286,-0.1627959957742366,-0.1443976042279493,-0.15611692215469655,-0.15611343564726982,-0.16882293225237285
2022-12-02 03:00:00+00:00,-0.17745493200582815,-0.1642999622477393,-0.16631755312379934,-0.1611795913598261,-0.1571631006155789,-0.16725225307846514,-0.1473772650206747,-0.16104537809681188,-0.16161113116852144,-0.17220128775938928
2022-12-02 04:00:00+00:00,-0.17780641953606482,-0.16779060609634924,-0.16984435661368816,-0.1654990154181884,-0.16117282206453948,-0.1719046394941,-0.15020538351765958,-0.16751126599503682,-0.16411429984872639,-0.17536470304430662
2022-12-02 05:00:00+00:00,-0.17891259916028576,-0.17084180806995353,-0.17383959402062102,-0.16971041337837653,-0.16473980076293857,-0.17615692341044936,-0.15358482418718664,-0.17239453175519967,-0.16411006048346588,-0.17819584510823724
2022-12-02 06:00:00+00:00,-0.18032187391214358,-0.17391659565582301,-0.17556061602242276,-0.17156882678427846,-0.16864062734231627,-0.1791432049330862,-0.1570581725733672,-0.17147763027637383,-0.16481421606086294,-0.1789947954441715
2022-12-02 07:00:00+00:00,-0.18162665390603552,-0.17377228294836725,-0.1773790019336917,-0.17368698430371465,-0.17103158161645188,-0.18131561457985296,-0.16097229382551662,-0.1703764624198767,-0.16747762616222905,-0.17937955007942383
2022-12-02 08:00:00+00:00,-0.1813136519030403,-0.1735381308833724,-0.17943761989386361,-0.17573870216203866,-0.17184807634180038,-0.18321207293068242,-0.16469121253737565,-0.17051939978111263,-0.16997063659547385,-0.1807630648274818
2022-12-02 09:00:00+00:00,-0.1815503303949886,-0.17316997837270282,-0.18318740744644477,-0.17724629810295045,-0.17224713590594415,-0.18382532992152076,-0.1681915264047084,-0.17097280328598569,-0.1710385424287022,-0.1825145107065662
2022-12-02 10:00:00+00:00,-0.18232100306092877,-0.17254318852723444,-0.18112627538258672,-0.17651900628150502,-0.1771064196669738,-0.1845213798338573,-0.16975420195586646,-0.1717348955413743,-0.16975743150786188,-0.18418354872470324
2022-12-02 11:00:00+00:00,-0.18276387743391723,-0.17178335148741772,-0.17866300454730275,-0.17557112433640132,-0.18239244348261158,-0.18429621195647278,-0.17079155252342357,-0.17094441684532719,-0.16835305813507456,-0.18539327404905817
2022-12-02 12:00:00+00:00,-0.18272215486069668,-0.1712518856856353,-0.17685730480068582,-0.17541101038503815,-0.1879326397334683,-0.1840384745705424,-0.1709146443657988,-0.17107987031781707,-0.16679457438250184,-0.18568937601368316
2022-12-02 13:00:00+00:00,-0.1826643732713363,-0.1709917690650712,-0.17778205579616044,-0.17598726665446546,-0.18596660395986292,-0.1827594360764337,-0.17163164463252276,-0.1704246348422553,-0.16522905353930561,-0.18564714537628782
2022-12-02 14:00:00+00:00,-0.18228757862140596,-0.1707890827327701,-0.17956134852279518,-0.17637170054423087,-0.18403018387778364,-0.1808067939873806,-0.17237069202255867,-0.16919280350495855,-0.1647009185631883,-0.18533722035207642
2022-12-02 15:00:00+00:00,-0.18210983394165228,-0.17083614258669938,-0.18061333134579985,-0.17646277777792008,-0.1839027573019483,-0.17953760199624424,-0.1720652200591463,-0.16872583097971944,-0.1650875574553166,-0.1851617054391344
2022-12-02 16:00:00+00:00,-0.18186136444222903,-0.17080692934636454,-0.1806868295221091,-0.17603981023328819,-0.18368333198896275,-0.178696079803971,-0.1720871941306588,-0.16808419177801606,-0.16477109705520981,-0.1848840438915573
2022-12-02 17:00:00+00:00,-0.18124513110698656,-0.1704588859078805,-0.18048910581025993,-0.1751515855729522,-0.18297998684873476,-0.17734068838758904,-0.17176763755039254,-0.16755872616590045,-0.16398417384744263,-0.1841694966521047
2022-12-02 18:00:00+00:00,-0.18015712566806644,-0.1699813530881598,-0.1801384142997706,-0.1735640199962236,-0.18231184602097764,-0.17492093532418446,-0.17048856696186376,-0.16680251414386837,-0.1626998509374485,-0.1826482886655662
2022-12-02 19:00:00+00:00,-0.17794798853491176,-0.17031452731696065,-0.17896781740670206,-0.17076510397833164,-0.18179561866850047,-0.17199965270415782,-0.16896527877550685,-0.16600614483537007,-0.15998364798199388,-0.17959757511215396
2022-12-02 20:00:00+00:00,-0.17614679328116348,-0.17050148948507293,-0.1779585392571453,-0.16824888944648814,-0.18069981089983783,-0.16978332124698103,-0.167725026786032,-0.1653972354601137,-0.15762583762290838,-0.17678568802074815
2022-12-02 21:00:00+00:00,-0.17512873862954995,-0.17105823367356301,-0.17180682924815174,-0.16522628761692335,-0.17533442510518812,-0.16720688533839567,-0.1677813074865144,-0.16557302054946643,-0.15563939945022937,-0.17232669417146593
2022-12-02 22:00:00+00:00,-0.17441750497994993,-0.16947475561843903,-0.16406259547160082,-0.16371897343183753,-0.16819480496119038,-0.16477865935828018,-0.16775264177576144,-0.16657586102723823,-0.15065504533952273,-0.16931655241579918
2022-12-02 23:00:00+00:00,-0.17119035451769019,-0.16838992199283925,-0.15808582019822184,-0.16043848185247994,-0.15979791636922847,-0.16031455957621635,-0.1662336841656454,-0.16654190036160188,-0.1457709903553997,-0.16706150332445635
2022-12-03 00:00:00+00:00,-0.16733310156158718,-0.16440154496429116,-0.15374758703981753,-0.15647211860067506,-0.15375153104050582,-0.15656252016092148,-0.16124171074726854,-0.16436873472647828,-0.14247122991171035,-0.16487400908309532
2022-12-03 01:00:00+00:00,-0.1649953786850679,-0.1613343328715759,-0.1516044027085832,-0.15437747006560942,-0.14914020883759532,-0.15354584803437304,-0.15767128865636268,-0.1632130347231278,-0.14037726597444122,-0.16334881645759
2022-12-03 02:00:00+00:00,-0.1641460598839881,-0.16099194736581754,-0.15216191963984074,-0.15466703108869187,-0.1485213347544881,-0.15307332578258137,-0.1567094242723728,-0.16328598248243884,-0.14088580968445186,-0.1629752025813733
2022-12-03 03:00:00+00:00,-0.16112774020502377,-0.15879717256172815,-0.1496770172136059,-0.15314544024915633,-0.1464883484383008,-0.1515067936478895,-0.15360490504160793,-0.16177488138689217,-0.1401039936132954,-0.16154508509465643
2022-12-03 04:00:00+00:00,-0.1594790807055874,-0.1593326934420637,-0.15122563474339526,-0.15389125039377116,-0.14816220992018758,-0.1529382996663471,-0.1535588563264775,-0.1613486483601389,-0.14189559102726174,-0.16126753416219194
2022-12-03 05:00:00+00:00,-0.1604666490458125,-0.16146401889283013,-0.15510930761076094,-0.15672742619914692,-0.15179333536723574,-0.1559650831302315,-0.15556608630378507,-0.16213939218987153,-0.1445695585149528,-0.16252740173792915
2022-12-03 06:00:00+00:00,-0.1628105859314409,-0.16331607646948715,-0.1581699789112446,-0.15816504525161085,-0.15457597643658294,-0.15832661144648863,-0.1572975021433838,-0.1630523042359156,-0.14718278149842734,-0.16352331883862756
2022-12-03 07:00:00+00:00,-0.16489178271719704,-0.16501467050281998,-0.1612793599564871,-0.15934586730345576,-0.1568063343724036,-0.1604403678340895,-0.15880017910108585,-0.16357953904270842,-0.14997226101984562,-0.1640924312514087
2022-12-03 08:00:00+00:00,-0.16136875715177665,-0.16263069248270123,-0.15936949412133458,-0.1574116384324076,-0.15539917779339008,-0.1583850776071755,-0.15538877380177835,-0.1617066860816566,-0.1495569691154066,-0.16270746594931745
2022-12-03 09:00:00+00:00,-0.16078619952733073,-0.16254863533089514,-0.16058000048460017,-0.15710176877356125,-0.15562288376299344,-0.1571818358507034,-0.15411157221430516,-0.16143246470326106,-0.15064266684381916,-0.16250483040657887
2022-12-03 10:00:00+00:00,-0.15732363376907474,-0.15958702841352693,-0.1581852357247391,-0.15430126946656003,-0.15334658029003675,-0.15370301167914324,-0.15024309708014216,-0.15918560933885545,-0.14978278316205146,-0.16073460879863635
2022-12-03 11:00:00+00:00,-0.1557134612343525,-0.15758665613368342,-0.15662294425470483,-0.15232346179746725,-0.15182195499956486,-0.15138618678694832,-0.14767386888847592,-0.15748801072362573,-0.1491045316596683,-0.159593557295436
2022-12-03 12:00:00+00:00,-0.15267219495456572,-0.1539399159584286,-0.15263733845730573,-0.14865091827827992,-0.14940787063294417,-0.14777813478589522,-0.14308194923881531,-0.15366589809034276,-0.14637879601345494,-0.15665494563270527
2022-12-03 13:00:00+00:00,-0.1479761089962676,-0.14854030688341446,-0.1471650416799379,-0.14352364841815368,-0.14621080405072115,-0.1431872230045437,-0.13685906564817546,-0.14825598921080255,-0.14237697184549114,-0.1515190773543936
2022-12-03 14:00:00+00:00,-0.14273941977225105,-0.14323710620590038,-0.1421077702543266,-0.13842691825326894,-0.1427566493008503,-0.1387241404633546,-0.13058421797449252,-0.14255961106818305,-0.1375546423014613,-0.14593406224134095
2022-12-03 15:00:00+00:00,-0.13662350837126405,-0.13668528001788158,-0.13633620231380042,-0.13242766506006448,-0.1383386246267908,-0.1334577866603185,-0.12272139861735204,-0.1354357861514627,-0.13048080560198438,-0.1383921090076581
2022-12-03 16:00:00+00:00,-0.12978566866554334,-0.1299118878444009,-0.12971308591899058,-0.12585738000914587,-0.1295240811632754,-0.1264499455493869,-0.11490684931917317,-0.1292977004361483,-0.12327996256216046,-0.13061347330566286
2022-12-03 17:00:00+00:00,-0.12087735063117247,-0.11974027653783881,-0.12134132535172734,-0.11779149828534563,-0.11943213401126429,-0.11792206661348426,-0.10484922237553121,-0.12211263912341322,-0.11432280093917997,-0.12057760606246773
2022-12-03 18:00:00+00:00,-0.11503941565380763,-0.11216203703694289,-0.11582274147270741,-0.11234445897734213,-0.11203188221270846,-0.1120282561214809,-0.0977473449622161,-0.1173071405226533,-0.10841335172778523,-0.11347847813890152
2022-12-03 19:00:00+00:00,-0.11243832983826998,-0.1078053391601751,-0.11268384280128,-0.10916060192623775,-0.10736823084614916,-0.10871613083926945,-0.09374950084472763,-0.11450356151899596,-0.10476873893983042,-0.10957346499467646
2022-12-03 20:00:00+00:00,-0.10924012332900798,-0.10287013952053982,-0.10924755114148274,-0.10609128052634792,-0.10204087035608564,-0.10487664694082763,-0.088904001577887,-0.11159717701535767,-0.10027298053880258,-0.1046388300672676
2022-12-03 21:00:00+00:00,-0.10567812230171378,-0.09874790522089293,-0.10509196737159324,-0.10279452588746421,-0.09605290295032695,-0.10068461551396535,-0.08354462918446101,-0.10838937528253649,-0.0959117746193437,-0.10004857617910431
2022-12-03 22:00:00+00:00,-0.10247141792363887,-0.0961081097068865,-0.10060452149291163,-0.09956273060785328,-0.09198739191117433,-0.09682112050046093,-0.07934413623383899,-0.10494650026768634,-0.09228037157985304,-0.096878648936322
2022-12-03 23:00:00+00:00,-0.09632022376438296,-0.09142125862411832,-0.0921604381219667,-0.09389671435338695,-0.08756795391073166,-0.08966197435654835,-0.07457832956980151,-0.09787663000288244,-0.08614329308567904,-0.09087703122022017
2022-12-04 00:00:00+00:00,-0.0932210004833123,-0.08855114474970455,-0.08748820090353557,-0.09053770025943395,-0.08476163137444045,-0.08559977464011453,-0.07200337992704933,-0.09393588620767457,-0.08339340716981704,-0.08687057419240535
2022-12-04 01:00:00+00:00,-0.09341575930902368,-0.08800781773762631,-0.08727671583157395,-0.08992123591451662,-0.0841281668152174,-0.08550530905528222,-0.07219527758008995,-0.09381622624578886,-0.08253569647156069,-0.08620357807102982
2022-12-04 02:00:00+00:00,-0.0921863378053572,-0.08666430346308986,-0.08537566708369684,-0.08837159212064935,-0.08282239988886242,-0.08388816191962278,-0.07117776195403724,-0.0923865591988744,-0.08154797796057241,-0.08444276347888913
2022-12-04 03:00:00+00:00,-0.09099388607269629,-0.08560961623196081,-0.08343429359816709,-0.0871133626844661,-0.08171420596075027,-0.0825280011372724,-0.07015981265053312,-0.09125094639075881,-0.0807637948471044,-0.08280520037047556
2022-12-04 04:00:00+00:00,-0.08999403306903186,-0.08523647160585081,-0.08074313821263737,-0.08638508675534848,-0.08072592798272543,-0.08247970193015106,-0.0691973079167987,-0.0912629821481277,-0.07979286915143709,-0.08079217789577309
2022-12-04 05:00:00+00:00,-0.08924942868075086,-0.08524636989973373,-0.07932029453031794,-0.08608919469661125,-0.08008896934287699,-0.08261974138738923,-0.06843686571279425,-0.09161676959131002,-0.0786043221283594,-0.07938535190536128
2022-12-04 06:00:00+00:00,-0.0874207102855665,-0.08456428967372247,-0.07703126407962771,-0.08458105039343636,-0.078820053154701,-0.08164127296638488,-0.0666853202816495,-0.09094251457639957,-0.0769361333869208,-0.07728935811107723
2022-12-04 07:00:00+00:00,-0.08504940977993289,-0.08262728184183045,-0.07459152786691756,-0.08205776423186992,-0.07724003275548258,-0.07990750157378385,-0.06442328482639006,-0.08948243121737079,-0.07507114544502803,-0.07492404936195454
2022-12-04 08:00:00+00:00,-0.0839308908025719,-0.08096227583131448,-0.07390572892335281,-0.08051067990653638,-0.07663048623269897,-0.07934194389647817,-0.06325942070289617,-0.08893047869306206,-0.07404969799259149,-0.07388583807200949
2022-12-04 09:00:00+00:00,-0.08075150246640042,-0.07795477234665359,-0.07102710708863802,-0.07727956678378167,-0.07433221411710303,-0.07590727257341676,-0.06071233047744093,-0.08593581965795075,-0.07195774197835604,-0.07143572204547113
2022-12-04 10:00:00+00:00,-0.07787561607743765,-0.07498454202345138,-0.06826940570460843,-0.0742956092293785,-0.07221652155180161,-0.0724903600462119,-0.058690167845371205,-0.08169384752121084,-0.0699675905924629,-0.06941218006071945
2022-12-04 11:00:00+00:00,-0.0754669258530746,-0.07229063999653616,-0.06621384690352627,-0.07180226882247126,-0.07081606857572328,-0.06935323778228139,-0.05695807550522028,-0.07783882819267399,-0.06832175902802363,-0.06839826206117305
2022-12-04 12:00:00+00:00,-0.07370456358413194,-0.0703171626002017,-0.06457846743388837,-0.07006210733131052,-0.06928893410212009,-0.06660678948275228,-0.05561429214320471,-0.07464037965617851,-0.0672514339802573,-0.06855860617868992
2022-12-04 13:00:00+00:00,-0.07208977991297966,-0.06846103546972493,-0.06459070732875549,-0.06849267008034282,-0.06791126245009008,-0.06414424472148439,-0.05434552963630976,-0.07240798619937164,-0.0663120291927123,-0.06887701719990674
2022-12-04 14:00:00+00:00,-0.07386926260175533,-0.06979088958219189,-0.06644618815212874,-0.07044546145729197,-0.06961784706814148,-0.0648856061993636,-0.05579694564553819,-0.07404458708574979,-0.06808739624677247,-0.0711888027501339
2022-12-04 15:00:00+00:00,-0.07710188368423301,-0.07182580513911203,-0.06855236367824055,-0.0735246000264308,-0.07207336902240191,-0.06830114160291037,-0.058468181490533816,-0.07705734332705025,-0.07058763163465943,-0.0742337455755265
2022-12-04 16:00:00+00:00,-0.08425858816455001,-0.07697247455538196,-0.07277813312116868,-0.08042070859446593,-0.07749103723315773,-0.07641745958415708,-0.06447885180699994,-0.08381300410250253,-0.07596033636514678,-0.07974967736144978
2022-12-04 17:00:00+00:00,-0.08521132539991993,-0.07904610988101603,-0.0744200934188366,-0.08231730724791353,-0.07963977227027852,-0.07581106910717164,-0.06420665474924828,-0.08524008712335548,-0.07891001818426475,-0.08171987829444985
2022-12-04 18:00:00+00:00,-0.08961523450504974,-0.08341339675700461,-0.08089652085516483,-0.0873212660441563,-0.08415294240782789,-0.08019870791840575,-0.06740310449369882,-0.08972960504000818,-0.08374661941900886,-0.08574703309121601
2022-12-04 19:00:00+00:00,-0.08984874529712114,-0.08286678394824293,-0.08130158815268726,-0.08733969316832496,-0.08395824911107355,-0.08037828325439178,-0.06829773061223496,-0.09049554676114552,-0.08407298752325044,-0.08677994727354227
2022-12-04 20:00:00+00:00,-0.08962184387619254,-0.08287641913499245,-0.08192980461441443,-0.0872764795759074,-0.08385335282876002,-0.07997651451324267,-0.06833212837570526,-0.09083242175068085,-0.084655156108795,-0.08756219361570072
2022-12-04 21:00:00+00:00,-0.09192613993959681,-0.08467939058082107,-0.08437280926425869,-0.0893592674644749,-0.08549582762054597,-0.08298657202057846,-0.07083872409798378,-0.09323725946206657,-0.08635846341774601,-0.08964088976848275
2022-12-04 22:00:00+00:00,-0.09428098773276541,-0.08644458342026473,-0.08660831705027047,-0.09144258026485264,-0.08744135508945558,-0.08576018222003604,-0.0740639323398288,-0.09559063137557416,-0.08790081836772402,-0.09154547934426244
2022-12-04 23:00:00+00:00,-0.09618474173493285,-0.08699327171596562,-0.08679409245962419,-0.09203539655265988,-0.08779256887908174,-0.08694183405678235,-0.07586959914442334,-0.09667725453529648,-0.08801990513652387,-0.0922911833808654
2022-12-05 00:00:00+00:00,-0.09810521713080281,-0.0874320568935666,-0.0865988305736993,-0.09254847541103844,-0.08793939865749531,-0.08817126077678805,-0.07745486746057725,-0.09764093710082694,-0.0879232225708388,-0.09286251448808738
2022-12-05 01:00:00+00:00,-0.10005475694924151,-0.08813491868922044,-0.08719469886159417,-0.09344250209835817,-0.08834890421559774,-0.08971073816465319,-0.079244921906137,-0.09883444625493348,-0.08804152174248127,-0.0934943547603791
2022-12-05 02:00:00+00:00,-0.10054724344818991,-0.08787895176014236,-0.08684320649131963,-0.09319982469121538,-0.08762310135059787,-0.09068846935714209,-0.07940589739655174,-0.09883751121984675,-0.08755522256910882,-0.09314576038486497
2022-12-05 03:00:00+00:00,-0.09968470693269996,-0.08709496508110001,-0.08624282770497024,-0.09233949158848162,-0.08658147294106111,-0.0905034195828795,-0.07869117402422818,-0.09798202056432444,-0.08657598127128642,-0.09225955057408464
2022-12-05 04:00:00+00:00,-0.09542295200161435,-0.0835698144101133,-0.08215028336781824,-0.0881731951820332,-0.08268002996690929,-0.08628939051836648,-0.07490539802372559,-0.0939616468554314,-0.08294229964594436,-0.08921068643561733
2022-12-05 05:00:00+00:00,-0.09767274118756233,-0.08361679156720624,-0.08425756472241516,-0.08831521159993949,-0.08180306854737573,-0.089775263782712,-0.07739755840995086,-0.09487362012586562,-0.08481278890249501,-0.08930495410661737
2022-12-05 06:00:00+00:00,-0.09689330811711208,-0.07975557417425637,-0.08254388822660771,-0.08411576651534922,-0.07844894759110957,-0.08884982521392873,-0.0764785623327619,-0.09242745329430743,-0.08585611740957601,-0.08725323071558025
2022-12-05 07:00:00+00:00,-0.09393381082770569,-0.07892161628841476,-0.08035785025141731,-0.08240629319941381,-0.07721298812480246,-0.08674945422348307,-0.07411552256188195,-0.09018318872233591,-0.08366319259992595,-0.0853206005648067
2022-12-05 08:00:00+00:00,-0.0923096844227386,-0.0783530806150261,-0.07964477459867383,-0.08200355513090718,-0.07690632533613498,-0.08619854707220537,-0.07311141816428587,-0.0892606338270101,-0.08279584992434814,-0.08424230079738315
2022-12-05 09:00:00+00:00,-0.09064710630888126,-0.07640575037436084,-0.07822333896624087,-0.07972740233519698,-0.07510958466448256,-0.08526727659910427,-0.07183583350644326,-0.08735268724515871,-0.08253629971461253,-0.08248085472640712
2022-12-05 10:00:00+00:00,-0.0895151512119734,-0.07553756071990683,-0.07765008820992778,-0.07889071544665754,-0.0743715209966177,-0.08505202568531225,-0.07117550566364028,-0.08640162283783107,-0.08247150444361485,-0.08124020081745173
2022-12-05 11:00:00+00:00,-0.0898193546964367,-0.07690966684133224,-0.0789906688599333,-0.08068945892592799,-0.07567646314813642,-0.08657384690874628,-0.07207119258512698,-0.08749701320659481,-0.08307696680585526,-0.08188971406737588
2022-12-05 12:00:00+00:00,-0.09097039971313595,-0.07897389082217232,-0.08090342102576117,-0.08341802435593001,-0.07771537673912102,-0.08849639654828778,-0.0734035199768282,-0.08929302220795873,-0.08377831016277988,-0.08293092417482825
2022-12-05 13:00:00+00:00,-0.09263046023205615,-0.0817500713577205,-0.08336705152263771,-0.08708923143621744,-0.08066307532877923,-0.09075352184091903,-0.07499676121787202,-0.09200670163480851,-0.08426188157705429,-0.08458629288326183
2022-12-05 14:00:00+00:00,-0.09441077210144341,-0.08362733937059781,-0.08452324341955084,-0.08946407977132395,-0.08308509789393098,-0.09147647791959104,-0.07540127438309438,-0.09372029713513419,-0.08331193363660118,-0.08564816043700132
2022-12-05 15:00:00+00:00,-0.09564635306709643,-0.08509627514725698,-0.08503419964612605,-0.09095833472924494,-0.08475320602584244,-0.09162363752365987,-0.07537396600116605,-0.09471092438173104,-0.08297351960247325,-0.08646345687474402
2022-12-05 16:00:00+00:00,-0.098757630599388,-0.08838163930671572,-0.08783925850912208,-0.09437256764065702,-0.08792615180451327,-0.09373863636566424,-0.07729647343342125,-0.09768293929531897,-0.08547341586024411,-0.08859681244877016
2022-12-05 17:00:00+00:00,-0.10344465613819995,-0.0927219623690136,-0.0946816821325707,-0.09925595735822937,-0.09262764071809973,-0.09772562817188701,-0.08135905087189182,-0.10309005415626415,-0.0897366603278308,-0.09213009897645635
2022-12-05 18:00:00+00:00,-0.10756156217796362,-0.09644311625211645,-0.10081996468231394,-0.10353022097188397,-0.09742178773656937,-0.10213143546173076,-0.08567406217313964,-0.1079439084782268,-0.09467249948434127,-0.09640030201347694
2022-12-05 19:00:00+00:00,-0.11603009648007409,-0.10566577247474536,-0.11020813805067173,-0.11088191436460554,-0.10378881815913976,-0.11140750445638958,-0.09609652309196606,-0.11633205951971201,-0.10550626470667308,-0.10539657963416127
2022-12-05 20:00:00+00:00,-0.1199375337324953,-0.11061312374417896,-0.11423191718627376,-0.11423364037798367,-0.10627069524773558,-0.11539567045266977,-0.10083225497083156,-0.12009672022297024,-0.11041401654245382,-0.10944972856470023
2022-12-05 21:00:00+00:00,-0.12468766742228551,-0.11674946243819315,-0.12126799207957548,-0.1187907737901159,-0.11381057164252983,-0.12038416469345156,-0.10636770903825807,-0.12501360906241255,-0.11620894937891947,-0.11511724884601351
2022-12-05 22:00:00+00:00,-0.12721452029502286,-0.12003331224738148,-0.1257841688630896,-0.12138498279758944,-0.11991622002629665,-0.12328751262664982,-0.10905964394122858,-0.1277631834367151,-0.11909454089749234,-0.11854875552506919
2022-12-05 23:00:00+00:00,-0.13033281401510174,-0.12409199229679962,-0.13041535023625547,-0.12441970585835127,-0.12576492196560035,-0.1268297520368465,-0.11247498944198112,-0.13098203444281864,-0.12260948590260391,-0.12262123384148643
2022-12-06 00:00:00+00:00,-0.12974867122381403,-0.12318801406995661,-0.12948233055090638,-0.12374747967694519,-0.12476912584544378,-0.12621532997028911,-0.11122267705619387,-0.13078668735864274,-0.12146552551944463,-0.12164372423810824
2022-12-06 01:00:00+00:00,-0.12570708709383796,-0.11762903379239915,-0.12328150176326572,-0.11959575858361718,-0.11709321619228033,-0.12167513309480464,-0.10572060830654317,-0.12728295407385545,-0.11601492386626162,-0.11591268916635764
2022-12-06 02:00:00+00:00,-0.12322338813956293,-0.11404412533817823,-0.11889990729790814,-0.11675973686536703,-0.11039832588551321,-0.11878647525423436,-0.1020517246804892,-0.12514401667576236,-0.11230700046031551,-0.11191988094660826
2022-12-06 03:00:00+00:00,-0.12382254465434325,-0.11469805314532511,-0.11840859800193457,-0.11701939229087621,-0.108852227327187,-0.11919830137803301,-0.10235694328509218,-0.12581630677280753,-0.11266647177258078,-0.11199606846917312
2022-12-06 04:00:00+00:00,-0.12580996935215336,-0.11805647742053557,-0.11764408249856942,-0.11952734967384984,-0.10743591115268969,-0.1217548672294442,-0.10483531381411848,-0.12757264628723258,-0.11539362193490373,-0.1135849959248953
2022-12-06 05:00:00+00:00,-0.12450598750388406,-0.11602478696050643,-0.1168522157029677,-0.1188400115429182,-0.10518907017310031,-0.12144978843797827,-0.10348152518756035,-0.1262310876178846,-0.11430871516925047,-0.11188194665490037
2022-12-06 06:00:00+00:00,-0.12219315300366915,-0.11299200590096359,-0.11492535937010925,-0.11690889149970202,-0.10296826415778215,-0.11998414672311447,-0.10142254664401015,-0.1239348344443038,-0.11266108805250664,-0.10916760780563131
2022-12-06 07:00:00+00:00,-0.11867385077504214,-0.10865900273395576,-0.11088512115440477,-0.11294313875379772,-0.09946088171092765,-0.11685797017716146,-0.09740724174101187,-0.12073101518285062,-0.10789400049928007,-0.1048329463814971
2022-12-06 08:00:00+00:00,-0.11530605808525565,-0.1040240593685883,-0.1075543846168934,-0.10938657430733073,-0.09661580342840384,-0.11384826389952186,-0.09382875974272525,-0.11755688545891929,-0.1040084658587886,-0.1008457452625992
2022-12-06 09:00:00+00:00,-0.10941437024470932,-0.09619830804020607,-0.10263227581640774,-0.10370425960650387,-0.09100211428051977,-0.10920543746308828,-0.08915676427777197,-0.11159165360699115,-0.10067670528286883,-0.09425724315003184
2022-12-06 10:00:00+00:00,-0.1125315567872727,-0.1005345042265949,-0.10540313836914703,-0.10682888921066452,-0.09373606443518459,-0.11180605121454401,-0.09179125201068986,-0.11462978704339426,-0.10271344111260235,-0.09783761089648788
2022-12-06 11:00:00+00:00,-0.11816442991112205,-0.1077333535968022,-0.10979200014808752,-0.11207780822298596,-0.09982633108890793,-0.11584893787646773,-0.09622689739298504,-0.12030346457710751,-0.10573156179196704,-0.10429727776707673
2022-12-06 12:00:00+00:00,-0.12513316904364283,-0.11655820997463406,-0.11799940799763545,-0.11845543722414972,-0.10786353039063637,-0.12059958717975466,-0.10356180027544179,-0.12716392441845037,-0.11402171311826266,-0.11283790551071582
2022-12-06 13:00:00+00:00,-0.13400716102278523,-0.12788934587056247,-0.1323288020610949,-0.12678159288321142,-0.12444793377115018,-0.1299663632519117,-0.11460368480185767,-0.13510840726619844,-0.12466817605009657,-0.1246855977346932
2022-12-06 14:00:00+00:00,-0.1414877419083281,-0.13615324415060312,-0.14185557581469185,-0.13323948964214694,-0.1385024723509976,-0.1374761748933893,-0.12294741030100384,-0.14045917339280645,-0.13205366804660057,-0.13428350053346297
2022-12-06 15:00:00+00:00,-0.1452544102206487,-0.14035236450363378,-0.1449895380466186,-0.13695779828842894,-0.14666981759725584,-0.14130952946706013,-0.12654023388098962,-0.1440146976626751,-0.134384379380812,-0.13967710930099939
2022-12-06 16:00:00+00:00,-0.14156762776391466,-0.13953849381644126,-0.14234963112906804,-0.1368996460218261,-0.1452677118355859,-0.1391919395727879,-0.12689922519061803,-0.14165916269928847,-0.1338032058027036,-0.13993553968656558
2022-12-06 17:00:00+00:00,-0.14449586928901345,-0.14389489162907326,-0.14444732587448936,-0.1400375020892773,-0.1455460298264044,-0.14179726916077992,-0.13149412795497584,-0.14464579905017422,-0.13824739320865376,-0.14493459644796675
2022-12-06 18:00:00+00:00,-0.14926515231006918,-0.14933960225226062,-0.1492037536735463,-0.1448297607328502,-0.1481358986218644,-0.14579064972158595,-0.138048231537828,-0.14978261004054017,-0.1426805748144509,-0.15124700520269574
2022-12-06 19:00:00+00:00,-0.15355612889463652,-0.15438057593626997,-0.15424977435255607,-0.14930963267481534,-0.1511120868274709,-0.1503156222177504,-0.1441154292584245,-0.15399980715678496,-0.14596783232815497,-0.1560946612445595
2022-12-06 20:00:00+00:00,-0.1592173932763444,-0.16099328880015218,-0.16074228069805,-0.15516392223680384,-0.15551380036940843,-0.1567017438410648,-0.15242540782256475,-0.15946387893245767,-0.14920824595379745,-0.16127127223528723
2022-12-06 21:00:00+00:00,-0.16633764199452575,-0.16591922844633822,-0.16437266608271187,-0.16001225190731944,-0.15904963130558203,-0.16127779645648677,-0.15930684507891704,-0.16358043270150077,-0.15082687866728678,-0.1644272445657065
2022-12-06 22:00:00+00:00,-0.16754149759820733,-0.16750487895614663,-0.16501969588476215,-0.16127842215231178,-0.16001629401128675,-0.16237324684650878,-0.16119681343862774,-0.16478526926856518,-0.15088998428544748,-0.16536917231203083
2022-12-06 23:00:00+00:00,-0.16746350672827146,-0.16749487291193732,-0.16493864611410705,-0.16117303327933624,-0.1606253084857054,-0.16223359656672615,-0.16111145356173337,-0.1644923229851467,-0.1505765340300037,-0.16531188601000174
2022-12-07 00:00:00+00:00,-0.16806171824937918,-0.16826266901018752,-0.16541735170415509,-0.1619542691063931,-0.16170046116736855,-0.16280366561400741,-0.16180297586747167,-0.16507329688395614,-0.15078336431460876,-0.16585524412264008
2022-12-07 01:00:00+00:00,-0.16915364661516288,-0.16970777171444446,-0.16674766083457196,-0.16329265050919065,-0.1635410963549579,-0.16399272479139643,-0.16252463125681024,-0.16618159153936077,-0.15168745653854376,-0.16681420651421375
2022-12-07 02:00:00+00:00,-0.17035091633356256,-0.17148236488508423,-0.1687944963925436,-0.16395190948463428,-0.16627221947533194,-0.16537882864881262,-0.16261824946737793,-0.16730644730738725,-0.15267381781399414,-0.1678427502533435
2022-12-07 03:00:00+00:00,-0.17144405828758688,-0.17225263682665695,-0.16991710102799076,-0.1644039572135596,-0.168812522790861,-0.1658621518598864,-0.16301510260274274,-0.167381428827999,-0.15297337597994987,-0.16880027309811194
2022-12-07 04:00:00+00:00,-0.17317038993917636,-0.1720841054617236,-0.17170277057289188,-0.1647266393579586,-0.1708276657003861,-0.16709586492101808,-0.16348136557515816,-0.16737750329922121,-0.15366814523683942,-0.17031095307956443
2022-12-07 05:00:00+00:00,-0.17325389185411302,-0.1715294333666626,-0.17275183761012478,-0.16472690923039404,-0.17152935219782467,-0.16743414420832634,-0.16341024740810947,-0.16686447465571355,-0.15387041018203884,-0.17123948618986698
2022-12-07 06:00:00+00:00,-0.17369091479448742,-0.17058997775467363,-0.1745576861102802,-0.16490292806881524,-0.17241988778813588,-0.16855801368285617,-0.16362129337302725,-0.16650529104250117,-0.15453620402049206,-0.17260246489223072
2022-12-07 07:00:00+00:00,-0.17421732125958536,-0.16929447651246,-0.17554112515253142,-0.16510886375251144,-0.1733740730140907,-0.1701748178473556,-0.16380113610622923,-0.1661726091739526,-0.15551950905494577,-0.17364074984925879
2022-12-07 08:00:00+00:00,-0.17439908025724069,-0.16782941234218623,-0.17565217403814096,-0.16497581333740652,-0.1721793798065377,-0.17107451111660893,-0.16346975032104882,-0.1651520197042876,-0.1561613455710223,-0.17418187853629516
2022-12-07 09:00:00+00:00,-0.17468556337922012,-0.16631079755107447,-0.17589479986325138,-0.1648120062118817,-0.17219504261948673,-0.17207294848494092,-0.16364715376791142,-0.16387410902741018,-0.1570598393801354,-0.1749148352629835
2022-12-07 10:00:00+00:00,-0.1748411711035213,-0.16499610821109278,-0.17678994689167735,-0.16646875085789525,-0.1724029264131542,-0.17212464901285407,-0.16535697490082757,-0.16209235371381064,-0.15759982186235277,-0.17713137795958958
2022-12-07 11:00:00+00:00,-0.17559265540854077,-0.1643391972098353,-0.17921481979473194,-0.1682471578711269,-0.1722131661543566,-0.17103847987853643,-0.16662823569642893,-0.16317232975466145,-0.15868476825429995,-0.17944642151453832
2022-12-07 12:00:00+00:00,-0.17618263731527498,-0.16621621797938335,-0.181791206154205,-0.16971267311053004,-0.17364157252417967,-0.170245443479057,-0.16748795263473673,-0.1650307403143956,-0.16157853583710818,-0.18115557644584296
2022-12-07 13:00:00+00:00,-0.17659916335380013,-0.16790478767574163,-0.18445832050985342,-0.17096935577136782,-0.17624305620564426,-0.17152287685635906,-0.16786308019645055,-0.166789717017636,-0.16444381534709812,-0.1823522266776468
2022-12-07 14:00:00+00:00,-0.17704333628413219,-0.1693583853845071,-0.1865187398727903,-0.1721368553226893,-0.17850116899932675,-0.17264108888755353,-0.1680176772513344,-0.16841338510553217,-0.16648193658042598,-0.18323111079305096
2022-12-07 15:00:00+00:00,-0.17751565371260994,-0.17099948330074152,-0.18798367327847834,-0.17333240386728768,-0.18095440104677413,-0.17431804246753096,-0.1685924578579972,-0.1710033843307015,-0.1691783828124772,-0.18441690637143443
2022-12-07 16:00:00+00:00,-0.1787484631051738,-0.1731496433599158,-0.18950223405619485,-0.17502745904014613,-0.18378802940131983,-0.17649287768110414,-0.1700534450739594,-0.17414485542012897,-0.17158335394486535,-0.18601886551166955
2022-12-07 17:00:00+00:00,-0.17878988427204387,-0.17392031134136962,-0.190037029393509,-0.17579207707031716,-0.18597482488570655,-0.17643781479293766,-0.169575593880457,-0.17468293481188418,-0.17186253605147278,-0.18628558304151288
2022-12-07 18:00:00+00:00,-0.17871234580583548,-0.17389884586782392,-0.19003409591845713,-0.17615276583650377,-0.18765042909032964,-0.1751281393946311,-0.1676656813518749,-0.1734043658020973,-0.17032028512028652,-0.18561977805442
2022-12-07 19:00:00+00:00,-0.17904334281895437,-0.17438789888219747,-0.1902199055172902,-0.17667117191820791,-0.18934534081962917,-0.17534977746328873,-0.16581035311081296,-0.17219425568407992,-0.1685934300117955,-0.18492096218537163
2022-12-07 20:00:00+00:00,-0.17867412325966567,-0.17474594424907108,-0.188956484147466,-0.17646317313005672,-0.1905025373722461,-0.1747019363896567,-0.16313128246863154,-0.17009229941040302,-0.1665271594354799,-0.1828686230385456
2022-12-07 21:00:00+00:00,-0.17873215012168406,-0.17580207356949235,-0.18675957382393046,-0.17653164543701388,-0.1915315899922585,-0.17433788264549133,-0.160784285261385,-0.16861978493013732,-0.16650454124493813,-0.18050078223454638
2022-12-07 22:00:00+00:00,-0.17875100745231368,-0.17683493903834252,-0.18378934892487783,-0.1758964074534364,-0.19181943064292695,-0.173313506565008,-0.15778796853715188,-0.1666245252838675,-0.16686935294977634,-0.17686414760593577
2022-12-07 23:00:00+00:00,-0.17990616761612818,-0.17845005131667147,-0.18203630061347767,-0.1751998192918016,-0.19126827928190293,-0.17282069601804786,-0.1555332583027644,-0.16551539352255215,-0.16747608717287832,-0.17409438507912398
2022-12-08 00:00:00+00:00,-0.18108159695494766,-0.17924703193932756,-0.18148009452760852,-0.1752673469490117,-0.19106618278190507,-0.17285321235534043,-0.15440522063268838,-0.16528545206113132,-0.16826272227779426,-0.17305999856939522
2022-12-08 01:00:00+00:00,-0.18165724173716916,-0.17963834731948192,-0.18093251286764897,-0.17536779686727988,-0.1914562008901126,-0.17266712250596314,-0.1536881241982693,-0.16509790539225896,-0.16861076661504648,-0.17239494904615407
2022-12-08 02:00:00+00:00,-0.18256852293715872,-0.180566096174718,-0.18161784321569227,-0.17622968417368362,-0.1930984596904237,-0.1732465848850844,-0.15401437074288385,-0.16605594178406174,-0.16942614335314876,-0.17307560317848183
2022-12-08 03:00:00+00:00,-0.18393841137408748,-0.18165198233052926,-0.1823841883407842,-0.1767869166547401,-0.19354824363631234,-0.17379341342589377,-0.15361655154609646,-0.16651610483676937,-0.17048018550572552,-0.17298018475966626
2022-12-08 04:00:00+00:00,-0.1847243798891333,-0.18201710788550213,-0.18198835698468682,-0.17620480694598234,-0.19280973254688805,-0.17313939116689273,-0.15172272952810625,-0.16527679501384956,-0.17074864964120207,-0.17118113858641576
2022-12-08 05:00:00+00:00,-0.18559019910374788,-0.18247861845942787,-0.18196027989128807,-0.17597224581111107,-0.19268772567015294,-0.17279037705746236,-0.1503502879832384,-0.1645834642190232,-0.17116287121067036,-0.1702146853234669
2022-12-08 06:00:00+00:00,-0.1857277835501269,-0.18176890885091435,-0.1808364677416431,-0.1751030264585421,-0.19182439642783183,-0.17142374370638414,-0.14823806621436708,-0.16277048299901908,-0.17075963233300478,-0.16868366655910316
2022-12-08 07:00:00+00:00,-0.18476961781698784,-0.1795923554094659,-0.1781365564961321,-0.17300456537980968,-0.18909315899798074,-0.1685302231100905,-0.1449415217151728,-0.15902249790431303,-0.16840704054483907,-0.16576491832885779
2022-12-08 08:00:00+00:00,-0.1846806333792768,-0.17880989882607334,-0.17704947709617283,-0.1720590234278647,-0.18793150171544543,-0.167147185494081,-0.1432098048706399,-0.15783029897226433,-0.16749744036108954,-0.1643196423153048
2022-12-08 09:00:00+00:00,-0.1845531764900347,-0.17785739900894854,-0.17577679445933955,-0.17106853127144003,-0.1866520374861836,-0.16549954007233064,-0.14132677655989453,-0.15653451171592458,-0.16618874538467815,-0.1630407167128607
2022-12-08 10:00:00+00:00,-0.18395715782949582,-0.17628875567677404,-0.1738855876246573,-0.16966835049887602,-0.18490555188908211,-0.16317854364589843,-0.13896473698718403,-0.15458200594410065,-0.16406282771696312,-0.1615192405836023
2022-12-08 11:00:00+00:00,-0.18307747372737873,-0.1745449445326972,-0.1718946942317691,-0.16824852141891014,-0.18316603260189765,-0.1607845577980592,-0.1367532998391753,-0.15249311901247314,-0.16167538200084508,-0.16022554639305034
2022-12-08 12:00:00+00:00,-0.18115949210453988,-0.17091834998438735,-0.16757882910589886,-0.16494279611229823,-0.17855907131277038,-0.15583577364991957,-0.132071582502174,-0.147944542811716,-0.15745973174568695,-0.15678534940700026
2022-12-08 13:00:00+00:00,-0.1793092214524956,-0.16755547888007066,-0.16323282229802108,-0.161892142236528,-0.17443620696235007,-0.15112815253617815,-0.1278184077604783,-0.14360964198919246,-0.15425035604387977,-0.15407038554747385
2022-12-08 14:00:00+00:00,-0.17610361263823462,-0.16276411827524231,-0.15673036868351473,-0.1570908943859463,-0.16719074542224172,-0.1442464330302371,-0.12131908899285834,-0.1371749407460271,-0.14940765627404362,-0.14938909216937807
2022-12-08 15:00:00+00:00,-0.16900342311040742,-0.1558699921796492,-0.14789574117465723,-0.14811808208726795,-0.15646072127395289,-0.13397973581119624,-0.11208400689171297,-0.12850834975656458,-0.14253577633571762,-0.14247569626796777
2022-12-08 16:00:00+00:00,-0.15892639859579447,-0.14945619616215997,-0.13564227026535627,-0.13801877169581672,-0.14558703070162982,-0.12386153121917323,-0.10425457302622185,-0.1206879321097187,-0.13666095362112668,-0.13568314254507224
2022-12-08 17:00:00+00:00,-0.14598973569778453,-0.14159102228128723,-0.12283676105156291,-0.12535205595482407,-0.131695876459816,-0.11113789261656784,-0.09425347817606278,-0.11196275526406661,-0.13099491784968287,-0.12903503894937648
2022-12-08 18:00:00+00:00,-0.13083635750920722,-0.13498665626643716,-0.11289123423756389,-0.11258459669602189,-0.11743328090602323,-0.10059046238803102,-0.08409873386779032,-0.10355112379876631,-0.12425155551100693,-0.12210128741540477
2022-12-08 19:00:00+00:00,-0.11979757960484486,-0.12741192271857618,-0.10477166602601493,-0.0993442174110788,-0.09860180408388988,-0.09262215398520571,-0.07156834742018131,-0.09540911920664188,-0.11540065185241573,-0.11395200573046427
2022-12-08 20:00:00+00:00,-0.10835631706644991,-0.11936402425481579,-0.09093689290579951,-0.08610914049384913,-0.08173514019377695,-0.08420284250486448,-0.05848995413174854,-0.08712256681267083,-0.10600773665422693,-0.10481369429082543
2022-12-08 21:00:00+00:00,-0.09481714904724362,-0.11190356511224134,-0.07467044873782233,-0.07074322479118306,-0.06589289552781138,-0.07399923522314447,-0.043367747854449995,-0.0755084037750266,-0.09347585040001034,-0.09523504687005291
2022-12-08 22:00:00+00:00,-0.08498345282637373,-0.10423646175167586,-0.061104584485268426,-0.05531418401813437,-0.05222499043367593,-0.06327991509903877,-0.03300192314288311,-0.06321477925389535,-0.07693056762988916,-0.08458954292907148
2022-12-08 23:00:00+00:00,-0.08328354552298689,-0.10680077106552326,-0.0647308450754226,-0.061074183562490614,-0.05710125974179006,-0.06871728773352004,-0.03577482102884802,-0.06877265033170082,-0.08375832900555853,-0.08427545813648255
2022-12-09 00:00:00+00:00,-0.0874356834959836,-0.10844233623744656,-0.07467388057361904,-0.07058490103306242,-0.06535621513888698,-0.07580581404603023,-0.043303521070687384,-0.07820211356411366,-0.09363984962945655,-0.0869823761857669
2022-12-09 01:00:00+00:00,-0.09442019048112063,-0.11119218727277941,-0.09037035608428776,-0.08097429588006971,-0.07634999850747401,-0.08270765964892932,-0.05532534500703193,-0.08963778391856564,-0.10328747869839063,-0.09431493019554477
2022-12-09 02:00:00+00:00,-0.10463849187035415,-0.11525031418077805,-0.10446793275170016,-0.09406502772792619,-0.09250576517813347,-0.0920307772191574,-0.06985580573067077,-0.10001760347289808,-0.1133423796798942,-0.10318422337678018
2022-12-09 03:00:00+00:00,-0.11647488844922707,-0.12093599618424522,-0.1147364752763512,-0.10906462679336665,-0.11521064610734777,-0.10961608359292122,-0.086020052510355,-0.11190177231277555,-0.12270391291482359,-0.11264340300854425
2022-12-09 04:00:00+00:00,-0.1300493444127054,-0.13146763733712685,-0.1249957550624545,-0.12299514988600888,-0.13154926676537407,-0.12525942240942087,-0.1030021156114431,-0.1232055506023524,-0.13206971251976563,-0.12145051879201546
2022-12-09 05:00:00+00:00,-0.14464818492208706,-0.14529353250616023,-0.13949599174078056,-0.13668514752644492,-0.14630157863456605,-0.1394039292307217,-0.119598839823852,-0.13341586427220858,-0.14074319393284335,-0.13231586055021177
2022-12-09 06:00:00+00:00,-0.15822691353016652,-0.15403356828455242,-0.1518812676671282,-0.14921794222197804,-0.1585512477667866,-0.15078140229827391,-0.132065437891463,-0.14305153101464574,-0.1484545408804458,-0.14345112089494788
2022-12-09 07:00:00+00:00,-0.169848941225367,-0.1641112489005298,-0.16719630284775097,-0.1615217565212217,-0.1724483347807976,-0.16207460919132505,-0.14567690719388865,-0.153844844609825,-0.1559141926709519,-0.16081020959779282
2022-12-09 08:00:00+00:00,-0.17673863909986434,-0.17229320674222193,-0.18447793365456502,-0.17227537474394136,-0.18542041843939586,-0.17160493848703218,-0.15934314910440975,-0.16284543149798847,-0.16251181260284103,-0.17697954552285575
2022-12-09 09:00:00+00:00,-0.18337558237241416,-0.17688811237923624,-0.19086201105722636,-0.17940053965136452,-0.18851431005655037,-0.178552289315745,-0.16900796947325394,-0.17319210430638665,-0.16899638019670088,-0.18591856419814332
2022-12-09 10:00:00+00:00,-0.1886145698562843,-0.18119328128057055,-0.19105962742326385,-0.18526772433070918,-0.1914274976866206,-0.1829083937824909,-0.17543496812341594,-0.17927921438451458,-0.1739274346337824,-0.1911449841536793
2022-12-09 11:00:00+00:00,-0.1887679600621612,-0.18240247859457506,-0.19301720442892298,-0.18620068263709758,-0.19360123670298912,-0.18392938878975046,-0.1768688335136627,-0.18315015492686634,-0.17466329805174868,-0.1927577225766758
2022-12-09 12:00:00+00:00,-0.1894099651791569,-0.18382549000515008,-0.1943234611526463,-0.1867533187125138,-0.19489376807633485,-0.186802300141308,-0.17923622988684743,-0.1859758087987318,-0.17829430166076737,-0.193833508869784
2022-12-09 13:00:00+00:00,-0.18906894694442153,-0.18380334621720285,-0.19474203487867045,-0.1864417132074795,-0.19549365195050636,-0.1868837897239718,-0.17910678850534537,-0.18633385680549708,-0.17898030701767348,-0.19392783847712233
2022-12-09 14:00:00+00:00,-0.18736741953917982,-0.18246443281758956,-0.1947407611241779,-0.18484638727749797,-0.19451650793594144,-0.18546561743026102,-0.17763393086103507,-0.18502571341774698,-0.17856474076921053,-0.19337245745217121
2022-12-09 15:00:00+00:00,-0.1841299096215642,-0.1796168437283603,-0.19410159876892483,-0.18181243653171045,-0.19217043628445174,-0.18222143466524202,-0.17453893413949986,-0.18162670629209485,-0.17655850644527743,-0.19102766966024975
2022-12-09 16:00:00+00:00,-0.1794027608620478,-0.175100054547414,-0.19098411377819277,-0.1770561908584492,-0.18832652430640368,-0.1768765224267427,-0.16956660447891062,-0.1756201195188316,-0.17241608048571444,-0.18695553655312808
2022-12-09 17:00:00+00:00,-0.1768140214942062,-0.17146148180448625,-0.18771847791189053,-0.17312143596242874,-0.18463748463925006,-0.17296599165670484,-0.16611067467315727,-0.17107543592268365,-0.16942774314802694,-0.18390565444433243
2022-12-09 18:00:00+00:00,-0.1743798603259766,-0.1674608689454828,-0.1834372286724478,-0.16886771914277865,-0.18022503212713542,-0.16883933008087876,-0.16277660397357788,-0.1660955671399227,-0.16615852252726965,-0.18066951416783386
2022-12-09 19:00:00+00:00,-0.17081633469019045,-0.16252659196909297,-0.17694637415276024,-0.16408507912240286,-0.175014990073626,-0.16377358230218406,-0.1577347883232725,-0.1610617577274235,-0.16076453588275236,-0.1761173399377523
2022-12-09 20:00:00+00:00,-0.1663981573684025,-0.15740987723828392,-0.1679134682898575,-0.15893131602514626,-0.16538822239520676,-0.1585796694894312,-0.1512411345820107,-0.15535610440729355,-0.15370262796116158,-0.1681471248738163
2022-12-09 21:00:00+00:00,-0.16240595563829605,-0.1528869048228993,-0.15966379456577026,-0.15300133265893467,-0.15581922409567917,-0.15330982572263227,-0.14509544462737128,-0.15011021370815783,-0.14728907209272146,-0.16074038057865667
2022-12-09 22:00:00+00:00,-0.1583489689231807,-0.1459748541081383,-0.15582915237984965,-0.14674685716943545,-0.14890412534732983,-0.1477687109257195,-0.13860863894300496,-0.14460308256323054,-0.14078460877376026,-0.15316358606431013
2022-12-09 23:00:00+00:00,-0.14824798456023539,-0.13745351605196282,-0.1505624977675534,-0.13833787155857827,-0.1394665977786853,-0.14023008569544498,-0.13028915421886977,-0.1376123277881489,-0.13301087279759027,-0.14377872338095116
2022-12-10 00:00:00+00:00,-0.13163287066272314,-0.12635134204439746,-0.13566368713023083,-0.12731937186139233,-0.13077460005078237,-0.1302160261045717,-0.11887826086117684,-0.12834214395510346,-0.1240383534262597,-0.12964342559501307
2022-12-10 01:00:00+00:00,-0.11479251483950284,-0.11075854280773872,-0.11872990458110952,-0.11526404997937181,-0.12040714196962368,-0.11786709968636233,-0.10304406579362321,-0.11662476764647532,-0.11673394548242051,-0.11349769795623679
2022-12-10 02:00:00+00:00,-0.10192140812332426,-0.09706410620614428,-0.10141867542881375,-0.10249399301396156,-0.10317553800977847,-0.1017102656018366,-0.0853007451507248,-0.10426823197518348,-0.10246555540685028,-0.0987172842797602
2022-12-10 03:00:00+00:00,-0.0920472413316121,-0.08996358981802992,-0.08910413279395588,-0.09260969752110809,-0.08965602601373382,-0.08713432589963638,-0.07057611849540119,-0.09484871577594675,-0.09154415123228433,-0.08970657732474793
2022-12-10 04:00:00+00:00,-0.07842031191909685,-0.07998594390541418,-0.07729490112851248,-0.07881300647260336,-0.07822710203095859,-0.06863653581080476,-0.05646326079381078,-0.08391450875422735,-0.08036607418526433,-0.07822652900933505
2022-12-10 05:00:00+00:00,-0.06359991863654488,-0.0673863701085007,-0.06526282221645649,-0.06309862872045624,-0.06312359195671433,-0.051475522719391834,-0.04424048502227776,-0.07108955595140415,-0.06693455050132387,-0.06551211542277358
2022-12-10 06:00:00+00:00,-0.04682682673179897,-0.04709015258515256,-0.04942453161581947,-0.044674835205316454,-0.04789611539298569,-0.04123373510853458,-0.02967514769321647,-0.05399449843005008,-0.05151993083192609,-0.04640829889052056
2022-12-10 07:00:00+00:00,-0.023208492273122744,-0.02388463043411594,-0.028043423043844273,-0.023063913571662653,-0.02939132856917745,-0.02685198375760224,-0.011541165325539587,-0.03233087708940924,-0.03274123563360505,-0.021251957637972996
2022-12-10 08:00:00+00:00,-0.004281010533659757,-0.002968112843668061,-0.00910668829067332,-0.001998849817520798,-0.010894163073333102,-0.00927461285642299,0.004521740159703497,-0.0115242954292184,-0.009625553491351704,0.00140909890453228
2022-12-10 09:00:00+00:00,0.013779138571696437,0.020563782876299494,0.018433183629853633,0.01902411322006803,0.01183618062239225,0.00949417744205834,0.02616190710454716,0.0054784949368644476,0.015232856454679297,0.024201037551993737
2022-12-10 10:00:00+00:00,0.03177966636385399,0.04451377917505857,0.05191443023535061,0.04165234470678675,0.04210559013237916,0.031875447216366856,0.054356948033324,0.023352843003423635,0.040961477423175116,0.04970379414506179
2022-12-10 11:00:00+00:00,0.04924434501860772,0.07308018898663236,0.08101771461273735,0.0617459260337625,0.0635222130833222,0.05198479267189686,0.07802850154299026,0.04033806995712705,0.06671135006990768,0.07161682988343648
2022-12-10 12:00:00+00:00,0.0701014475554855,0.09841728177987548,0.1099327274001792,0.07984454517106349,0.08601885587210586,0.07054945477274331,0.1082704177401522,0.061742024353552166,0.0918535305550756,0.09232324909355871
2022-12-10 13:00:00+00:00,0.09962716941718303,0.12570727943319082,0.13214727131361012,0.1011624558981401,0.10721377876436824,0.0893504681605745,0.13908970899413714,0.08497069567416346,0.10987311898923145,0.11097173487717182
2022-12-10 14:00:00+00:00,0.11297071481970153,0.13553814473264364,0.1406183701830874,0.1074519828111119,0.11331697509943991,0.09434106067313124,0.14858917490413498,0.09655147467921535,0.1156108520225315,0.11756575337517555
2022-12-10 15:00:00+00:00,0.11758939124572551,0.1332298706701916,0.1409477687190411,0.10125538359971359,0.11099857086510459,0.08758486270324443,0.14538557620624354,0.09910852351933322,0.11035563677100556,0.12069163135950248
2022-12-10 16:00:00+00:00,0.10444923752894245,0.1091671464279484,0.12686263433974446,0.08356830382986657,0.09735073159853166,0.07173348444962636,0.12087926224219667,0.09001285599117478,0.09591893474937617,0.10494928922175698
2022-12-10 17:00:00+00:00,0.09200120300101541,0.09402462618299336,0.11500327514901937,0.07299494993670058,0.08977298048537755,0.05932321351076682,0.09937311584248168,0.08053178627875221,0.08714378714540881,0.09481521289385539
2022-12-10 18:00:00+00:00,0.10720039668685641,0.13113916048487462,0.13107429049709288,0.08826203650945658,0.11080732404184049,0.06674325887978692,0.11813785042408795,0.10444935795139895,0.09005030442648719,0.11156550845642657
2022-12-10 19:00:00+00:00,0.09771376071648111,0.10522670598128188,0.10796915950324076,0.06620935550014906,0.09675943592649619,0.050037962491105856,0.10129814570490073,0.07778230616146106,0.07876858007437414,0.09045692209703537
2022-12-10 20:00:00+00:00,0.08327629441435697,0.08030245197139498,0.08764753143063614,0.05061752359001315,0.07924557253431838,0.03614488151323696,0.0814564795455329,0.04225025354425646,0.058518696125987577,0.07642872631719635
2022-12-10 21:00:00+00:00,0.0594494134746642,0.053528713612808185,0.059761712062777805,0.0314452083509586,0.05655272774930972,0.015504867582699297,0.053858713246520334,0.010986375963539657,0.03107506542716819,0.0557624515293525
2022-12-10 22:00:00+00:00,0.0393738083934346,0.03315452275249721,0.036168985030459455,0.017849999481103773,0.034740087584501006,-0.0029373210572265357,0.031972698093915314,-0.004818354702335548,0.009797216062517808,0.037207176574918926
2022-12-10 23:00:00+00:00,0.05547553999064761,0.059997258150163116,0.04351205900611996,0.0318153702559425,0.056618866712340316,0.00387772454350048,0.04886904707044823,0.005067372345327892,0.0115620646677244,0.050072441102548965
2022-12-11 00:00:00+00:00,0.07148625563567981,0.09508593257853866,0.07869471025914498,0.05724093004537395,0.0975508062458503,0.026498423216157682,0.08637945845000497,0.029342273009473785,0.030447649699017185,0.07287911293974664
2022-12-11 01:00:00+00:00,0.04336174343115007,0.08287183502352875,0.06731193928584633,0.04728352353370846,0.08222600032681784,0.018847003214841604,0.07064177741492458,0.01619764127191775,0.018082784303822583,0.06319382595434064
2022-12-11 02:00:00+00:00,0.02573853238389992,0.07425972175063618,0.05832677412835738,0.040904795098059554,0.07140889949537901,0.013380398767004378,0.05770365738353003,0.004127702505674957,0.01068679063460197,0.046763082007862805
2022-12-11 03:00:00+00:00,0.012028506098090502,0.06467680063645394,0.049270730857073064,0.03591764286520749,0.06243837065100147,0.008614146973314876,0.047339127281918775,-0.004390939931547655,0.0048683230757439605,0.03195138522566082
2022-12-11 04:00:00+00:00,-0.0018483973144383103,0.052083233819639405,0.03794230653986169,0.03081489294486811,0.052464597253811,0.004812124686594685,0.03992461496565189,-0.00490514789302543,-0.000604762602213274,0.016202402708125646
2022-12-11 05:00:00+00:00,-0.010989169685554467,0.04311252889511964,0.030549479797468304,0.02650386726899895,0.043967717844425186,0.0021595457275944002,0.03364131002226747,-0.00586167024146908,-0.007848516922316598,0.0041525750832476505
2022-12-11 06:00:00+00:00,-0.02487554384557175,0.02923029923160335,0.017264898126114953,0.017659485637231354,0.030435668126666898,-0.00379070836384883,0.023016816404265644,-0.017095598162926634,-0.022173014051418596,-0.010219068646655505
2022-12-11 07:00:00+00:00,-0.036095756741195445,0.01817650964972857,0.0057820269949325764,0.009559420562688159,0.017200232576063706,-0.009614923038004194,0.016311061619200234,-0.024695512972808947,-0.03337212184753581,-0.021462357238265173
2022-12-11 08:00:00+00:00,-0.041664508553507645,0.009590564465390236,-0.004018633899437601,0.0009121928933912837,0.005420331318066712,-0.015013945500713763,0.01237460014168909,-0.030194645511592177,-0.04108264390415052,-0.02359277555125694
2022-12-11 09:00:00+00:00,-0.03924993080657094,0.004448610470584077,-0.0097815870717681,-0.005111978765932335,-0.0031749354660160767,-0.019658134954948545,0.010384171678929494,-0.030198280475495942,-0.04317603157856571,-0.0199373019912846
2022-12-11 10:00:00+00:00,-0.03643261859161137,-0.000969863408713259,-0.01787984950579638,-0.01396899968059101,-0.013931356535782008,-0.026256669847554412,0.007348482194327072,-0.0324414978885299,-0.04822390347879997,-0.014920095382175647
2022-12-11 11:00:00+00:00,-0.02718029394797275,-0.0024756924726752755,-0.020617068686874407,-0.017716162081943543,-0.017485354968834993,-0.028450748969731557,0.005530102659692421,-0.025584522187092645,-0.0466268748300855,-0.0072921127623002124
2022-12-11 12:00:00+00:00,-0.025675480628838565,-0.0065375808983389044,-0.030089121963588566,-0.024519146889536547,-0.023336096836382852,-0.0336309733885176,-0.00039826605650275515,-0.026019365570571995,-0.049356797443796355,-0.018261205923660595
2022-12-11 13:00:00+00:00,-0.03202937339560824,-0.009652078359393232,-0.036011828150439545,-0.029301100626566767,-0.02705327004329483,-0.03656475242627798,-0.006707935124329795,-0.024986306469354957,-0.04688635212990751,-0.02587984760972495
2022-12-11 14:00:00+00:00,-0.03985368776900508,-0.012927754806037514,-0.04189258285130537,-0.03425911445138191,-0.028937558094684984,-0.04076049201221367,-0.013610483661576273,-0.03060133049272093,-0.043915136512308175,-0.03335061309896689
2022-12-11 15:00:00+00:00,-0.04377109462616363,-0.013703495831841647,-0.041792921322839655,-0.03553044314732873,-0.026005638963649574,-0.04153054637972263,-0.017210865522353097,-0.033096212537264,-0.039366777299419745,-0.03613962696514916
2022-12-11 16:00:00+00:00,-0.04528093563065008,-0.01711965032553593,-0.043639089468546555,-0.0374722582415003,-0.025757328510081334,-0.04495158546179827,-0.01896236707178614,-0.03645636452544926,-0.044005754599208705,-0.043650449950511955
2022-12-11 17:00:00+00:00,-0.04479994106831392,-0.01764219340199054,-0.04164833122048697,-0.03623435551807891,-0.023692614519216976,-0.04369529602698839,-0.01974912404144749,-0.03608457542790086,-0.04514560034135302,-0.046932183868740096
2022-12-11 18:00:00+00:00,-0.04152461617879921,-0.014921047743224128,-0.036712098981411534,-0.031278280873291264,-0.020083985785076364,-0.03905694872499961,-0.017173056759553246,-0.031219330316022254,-0.04147425841266707,-0.045045601632310917
2022-12-11 19:00:00+00:00,-0.03344401671795463,-0.008275211921239214,-0.02782504160499588,-0.022203574900748535,-0.013165471055058442,-0.03103907884874628,-0.008955633088020748,-0.022167840917272585,-0.0355432723338502,-0.039095945237081764
2022-12-11 20:00:00+00:00,-0.024231620840062223,0.00010073066067665948,-0.019429092039613738,-0.01213589844683377,-0.004644662258361548,-0.025975942688542933,-0.000546811354813409,-0.012569401787602491,-0.028855280805755293,-0.029001744769641263
2022-12-11 21:00:00+00:00,-0.007893998227932353,0.014536617479637234,-0.0049395996209746496,0.0022247322621292698,0.010684793830000844,-0.019048286363870445,0.012221192898520833,0.0024276827572824455,-0.017329054274640723,-0.009544331237660797
2022-12-11 22:00:00+00:00,0.01800244237706719,0.04341920327079914,0.013254556139880358,0.021098407973006883,0.03355577025622311,-0.0028787096268670515,0.03310354686625369,0.026856850127625703,0.005870578546856117,0.02160587069769107
2022-12-11 23:00:00+00:00,0.03498290954761993,0.060020238193085815,0.03261757640263788,0.03458942395320097,0.04558395891278702,0.01079141432700563,0.048997523084664735,0.04194135344585706,0.025321464003549662,0.04025590807187332
2022-12-12 00:00:00+00:00,0.04801520318431654,0.07143536508126451,0.05052274867981818,0.045455450764595395,0.056342944701149394,0.02262378082011819,0.06328833179769303,0.055049609990102694,0.04019603225434608,0.05510886177247154
2022-12-12 01:00:00+00:00,0.05271942385711362,0.0721091837969914,0.054973041982249976,0.04706103319252042,0.059890464928991555,0.02468576240638258,0.06655852418678995,0.0565231707396808,0.04262873011435862,0.05765441297107346
2022-12-12 02:00:00+00:00,0.047153724694260934,0.06355193298232593,0.049440931845952246,0.04353429037551959,0.05561406104889119,0.020186786155630063,0.0610594204877318,0.05290296540926928,0.037370103502096894,0.050647915434872015
2022-12-12 03:00:00+00:00,0.032774394957340636,0.048221643642730336,0.032344742011002764,0.03302728469155841,0.043047109096786246,0.007253900855073256,0.046566517584594264,0.038820688134004216,0.021708062737642128,0.03408109277016305
2022-12-12 04:00:00+00:00,0.00659012511985449,0.022637504795659,0.004936653793139983,0.015359731056939052,0.018997063835382272,-0.00998924150568399,0.024073369399920413,0.020350224226528907,0.0013523264853059075,0.0052491059388132255
2022-12-12 05:00:00+00:00,-0.014938306900193932,-1.752143022869246e-05,-0.015289148003351571,-0.00589172960008949,-0.005930407733801407,-0.02224462945654178,0.0033279984855460742,-0.0023025123405915615,-0.018300500810239775,-0.017651841377752525
2022-12-12 06:00:00+00:00,-0.03485727873625716,-0.01513426362900995,-0.033091309732917296,-0.026199042652530702,-0.022335929928803178,-0.03745802081944728,-0.014700653605622033,-0.02334737727267147,-0.034516293904721565,-0.03342346481147995
2022-12-12 07:00:00+00:00,-0.05159270331662463,-0.021868323459415903,-0.048901667937129856,-0.04394531240814126,-0.03170686865660077,-0.049031706047015386,-0.027006253134400776,-0.04131393479680073,-0.04303237640369924,-0.04471831523203068
2022-12-12 08:00:00+00:00,-0.06140183045421643,-0.030653612647387155,-0.0554532857100668,-0.05102478776420449,-0.037460403399260545,-0.049558590714361125,-0.02906596329146524,-0.051232776778840916,-0.055517704552451655,-0.05540628282764279
2022-12-12 09:00:00+00:00,-0.06428277292143761,-0.03129618590681736,-0.05532426889439174,-0.051792174014162695,-0.03333979286317698,-0.0477672620068879,-0.023961390552669465,-0.06088887747639146,-0.06757137481341748,-0.06738624214564673
2022-12-12 10:00:00+00:00,-0.0620750660697523,-0.02208439786980275,-0.054427893993973714,-0.051477501722155705,-0.028266265650823935,-0.05021648195617266,-0.01981212172496785,-0.07178291287100222,-0.07431708353043905,-0.06653396798080227
2022-12-12 11:00:00+00:00,-0.05465785496860684,-0.011991515447802484,-0.05391010884218897,-0.04528888210569909,-0.029093926941093362,-0.05197106631487604,-0.013705883762900078,-0.07463525591924747,-0.08085888621913152,-0.07617695323232823
2022-12-12 12:00:00+00:00,-0.05701947844773028,-0.010715968761511305,-0.054743459661401594,-0.039214619780711,-0.03329114198095395,-0.05427605675926846,-0.024490593195116234,-0.08409688429561188,-0.08948145736023412,-0.07869559493931452
2022-12-12 13:00:00+00:00,-0.06225948671310935,-0.010130334744981248,-0.06205500925783919,-0.03639646539411712,-0.03245952764363766,-0.059835379449604535,-0.04400988853709112,-0.0925637772983205,-0.09568735299932242,-0.07145442816760972
2022-12-12 14:00:00+00:00,-0.06969944900483904,-0.011269428898946818,-0.06849798754845599,-0.03574280831515053,-0.03866450473775654,-0.06320087684801698,-0.054881922298840397,-0.09808062333366818,-0.10019697135150264,-0.06615347729091986
2022-12-12 15:00:00+00:00,-0.07661152927293802,-0.012107481316050758,-0.07401222609703195,-0.03747527320677446,-0.044733923868558706,-0.059320851801095816,-0.06103476463752458,-0.10130493157150776,-0.1044941492302174,-0.06275959828379568
2022-12-12 16:00:00+00:00,-0.08193790805000425,-0.012618047734313756,-0.0789298837534432,-0.04348471123878461,-0.049199793975090944,-0.053917437652606856,-0.06276577972622091,-0.10368659171340061,-0.10790133952561039,-0.06286264257804813
2022-12-12 17:00:00+00:00,-0.087452548745034,-0.017212912925148996,-0.08299475128794773,-0.05118402736512401,-0.0555362268243037,-0.05448675563852619,-0.06419734473388863,-0.10607735345905335,-0.10725208719326136,-0.06662799252945648
2022-12-12 18:00:00+00:00,-0.09348469015289171,-0.03395607424916618,-0.09420087022313658,-0.06580220370890277,-0.06637078244969091,-0.0634199488870037,-0.06649637314534346,-0.10773947933870004,-0.10792027490085994,-0.07921924632326163
2022-12-12 19:00:00+00:00,-0.09923821651562784,-0.04512107802043418,-0.10049724130116897,-0.07568032900424487,-0.0748627365432977,-0.07008065891993095,-0.06639356518979542,-0.11059826590920416,-0.11027329806281684,-0.08398993743369995
2022-12-12 20:00:00+00:00,-0.10149683646629029,-0.05764936308904865,-0.0995936420465324,-0.0819708508224502,-0.08286310452251494,-0.08090806469346626,-0.06805966461964363,-0.11244372122757523,-0.11320168067455634,-0.0905255201324825
2022-12-12 21:00:00+00:00,-0.10894530648999609,-0.06806907672012674,-0.10241073810167947,-0.08965480451122376,-0.09083369699523397,-0.09049099149826348,-0.07036597775583084,-0.11440084072362672,-0.11888043801633642,-0.09603728765832367
2022-12-12 22:00:00+00:00,-0.11303944100773758,-0.07838915057027691,-0.10697615872819874,-0.09912195840311858,-0.09714380694421815,-0.09830503925897502,-0.07174091571599958,-0.11731544086039387,-0.12250195630301332,-0.09901933252488904
2022-12-12 23:00:00+00:00,-0.11915387362404253,-0.08667313680002657,-0.11297934539193652,-0.10597170267709782,-0.10854536527536121,-0.10650825485587018,-0.0773497400804439,-0.12084022162764659,-0.1244517365553698,-0.10439274141396959
2022-12-13 00:00:00+00:00,-0.12384177131824645,-0.09286923842414506,-0.11673143648859632,-0.11091250829865015,-0.11684034692097223,-0.11466611646195804,-0.08238829440953813,-0.1255981529033582,-0.12559602314319057,-0.11136865101370164
2022-12-13 01:00:00+00:00,-0.12873238709385607,-0.10014621459906449,-0.12170073625147496,-0.11754827077156316,-0.1265902249764738,-0.12256748864477152,-0.09001966484731166,-0.1292078481196063,-0.12614465467733993,-0.11891559429449869
2022-12-13 02:00:00+00:00,-0.13041184579879542,-0.10306640449027339,-0.12611495760711375,-0.1213850674444627,-0.13270487616764304,-0.12604699067849065,-0.09611417553807944,-0.1314677097916475,-0.1257863275332889,-0.12305207920964786
2022-12-13 03:00:00+00:00,-0.13111107494817412,-0.105431048163169,-0.12748111366513423,-0.12411581217036127,-0.13281302877359738,-0.12798490422975164,-0.10134768949880865,-0.134694327269697,-0.12489490147883316,-0.1259420914134972
2022-12-13 04:00:00+00:00,-0.13181604860408067,-0.10766004314428343,-0.1257423943716849,-0.12580674647620713,-0.13142198113450607,-0.12875299898924586,-0.10531098315653561,-0.13626175209791244,-0.12584523596702502,-0.12632704971088804
2022-12-13 05:00:00+00:00,-0.1336478286229467,-0.11035413302049348,-0.1252247294772593,-0.12724615794072947,-0.13019902414748655,-0.12969965146905876,-0.10924498111767805,-0.13718147584207913,-0.127351126833401,-0.12669619182693542
2022-12-13 06:00:00+00:00,-0.13696109740187826,-0.11461003446175894,-0.1319171981474692,-0.12977388813685042,-0.13377899192039389,-0.13318746785823224,-0.11183149776158183,-0.14014043985519462,-0.13080049018381534,-0.12821328074607838
2022-12-13 07:00:00+00:00,-0.14018429400384572,-0.11856110159905732,-0.13646390498585562,-0.13199206517245124,-0.13542676648669888,-0.136010744580387,-0.11497084127012758,-0.14210798048950446,-0.13276945327772588,-0.12893467975470552
2022-12-13 08:00:00+00:00,-0.14152633150618246,-0.12110158349497059,-0.13889343354256808,-0.13282739627841192,-0.13441647298669973,-0.1373996909876284,-0.11665733812607618,-0.14236281619768604,-0.13334185192199016,-0.1280897763819448
2022-12-13 09:00:00+00:00,-0.14231041169010664,-0.12315664399482078,-0.14050021661839754,-0.1335112353716644,-0.133935935756274,-0.13844702443488388,-0.11761568049193233,-0.14222086419655272,-0.1337502160996133,-0.1279509561188966
2022-12-13 10:00:00+00:00,-0.14414038826399342,-0.12558725474669274,-0.14365504162919848,-0.134496558338582,-0.13646404953881203,-0.14007779021013597,-0.11884329899306065,-0.14228839100138818,-0.13484798689001498,-0.12966382044482286
2022-12-13 11:00:00+00:00,-0.1453691533138238,-0.12619268678223242,-0.14500969585268444,-0.1349841105076316,-0.13841917170312068,-0.14048732994905572,-0.11947726592948868,-0.14145176903274675,-0.13499286470337957,-0.13062792738701745
2022-12-13 12:00:00+00:00,-0.1472658621142838,-0.1269646959653527,-0.14605369169122492,-0.1357504685521828,-0.14016859840109136,-0.1412869332606309,-0.12087770457048755,-0.14108920896310068,-0.13541639186978044,-0.13209496248005562
2022-12-13 13:00:00+00:00,-0.1481957096456393,-0.12764722290030733,-0.14688865604686183,-0.13644113076627848,-0.1404574001854603,-0.14167577901687098,-0.12224225153341009,-0.1404816776962908,-0.13572414122548415,-0.13345358012876168
2022-12-13 14:00:00+00:00,-0.14906880579252904,-0.12823823627067407,-0.14759590581123613,-0.1370017894096034,-0.14059671060672402,-0.14163581072717638,-0.12335087747517595,-0.1397914792904392,-0.13592429361431757,-0.13452885554413382
2022-12-13 15:00:00+00:00,-0.14943770692069566,-0.1289194566474972,-0.14801852167933202,-0.1374566465377059,-0.14050472516934065,-0.14120954958428739,-0.12439208530931031,-0.13891641361021295,-0.13580727107518897,-0.1352600120999007
2022-12-13 16:00:00+00:00,-0.1494295447004971,-0.13001177805555333,-0.14798593217013975,-0.137933864418175,-0.14028475750194414,-0.1403190236515413,-0.1254417190212034,-0.1377643376781026,-0.13533053244931553,-0.13571929845011604
2022-12-13 17:00:00+00:00,-0.14926284867893738,-0.1312321105712233,-0.14654736698541063,-0.13830599316826764,-0.14016236001937307,-0.13903360747161617,-0.12673418927741442,-0.13724464636729602,-0.13456249507066825,-0.13594485726818897
2022-12-13 18:00:00+00:00,-0.14914092193025594,-0.13218660440066304,-0.14476721674387125,-0.13846211974752257,-0.14017875679703895,-0.1375472597731448,-0.12850262571691184,-0.13809464330324722,-0.13376297230263423,-0.13627339762282983
2022-12-13 19:00:00+00:00,-0.14946549908024556,-0.133173767483995,-0.14329448264378417,-0.1384941797556413,-0.14041763677823188,-0.13630722521949323,-0.13074658227357047,-0.13931886272023042,-0.1340096735827857,-0.13697935104702524
2022-12-13 20:00:00+00:00,-0.15135364194991,-0.1354587952553118,-0.14472464135179045,-0.14036496000268606,-0.14223794348788604,-0.13789453499620963,-0.13351680393936133,-0.14115264527454996,-0.13556351235156439,-0.13950827966103968
2022-12-13 21:00:00+00:00,-0.15298825950576708,-0.13734824992871753,-0.14647209610922288,-0.14210405878370178,-0.1441772142630406,-0.1394665790115328,-0.13564386183607974,-0.14229126250708338,-0.1368513413713371,-0.14180509930282612
2022-12-13 22:00:00+00:00,-0.15491636860063016,-0.13950128745650348,-0.1483574232473456,-0.14369221098665727,-0.14654442026232634,-0.14183819374100085,-0.13803903389488442,-0.1437162697621127,-0.13847450505827236,-0.14464244267736337
2022-12-13 23:00:00+00:00,-0.15639306722434557,-0.14033669746600602,-0.14930867733446665,-0.14480342631223642,-0.14827193692339496,-0.14348540909478635,-0.13991718225067304,-0.14477578578320832,-0.13975075605599913,-0.14711422911002045
2022-12-14 00:00:00+00:00,-0.15720068768791087,-0.14107530843685784,-0.15017735247745126,-0.1458560283312218,-0.1493081257397115,-0.1440926644834848,-0.14083823724690298,-0.14503673789180277,-0.14023760593920376,-0.14828759358963217
2022-12-14 01:00:00+00:00,-0.15742258116218824,-0.14128951658795572,-0.1503364585733469,-0.14670772535582177,-0.14956981383763845,-0.1438577463483241,-0.14104356512184177,-0.14511583820150153,-0.1402264313828065,-0.14853296500245142
2022-12-14 02:00:00+00:00,-0.15864005448641275,-0.14246350887062426,-0.1511077904664346,-0.14869164399066062,-0.15076618494145888,-0.14454442913201876,-0.1428175869004887,-0.14624753757465875,-0.14204826723404002,-0.150482313537825
2022-12-14 03:00:00+00:00,-0.16012911967538615,-0.14354976486568666,-0.15402989283424415,-0.15114718045897635,-0.1520865414143782,-0.14596410410726232,-0.14475842134304776,-0.14753073462831398,-0.1444781024065857,-0.15288627249829928
2022-12-14 04:00:00+00:00,-0.1625025092836451,-0.14496750280842963,-0.15716134875279805,-0.1544425876144464,-0.15491637279141818,-0.14918684617221342,-0.14781342234381734,-0.14956595744302306,-0.1475758964908599,-0.1569263308073114
2022-12-14 05:00:00+00:00,-0.1645592386955371,-0.14567883858714611,-0.15973818262662406,-0.15781695247806551,-0.15740354308977167,-0.1522584416249471,-0.1499740927230284,-0.15119071565610795,-0.15069345331528894,-0.16034562523907184
2022-12-14 06:00:00+00:00,-0.16693188746026047,-0.14747464896487913,-0.16309583497560518,-0.1613953270262742,-0.16046695074481798,-0.1549315797419941,-0.15158771301999005,-0.15304979637186128,-0.15402005012332037,-0.16298765326626952
2022-12-14 07:00:00+00:00,-0.1689584832169798,-0.14971984966176105,-0.1656469906864069,-0.16380941944930721,-0.1622616912941546,-0.15658379177367343,-0.15182989168884004,-0.15486363137507275,-0.15625535420835562,-0.16459690036521393
2022-12-14 08:00:00+00:00,-0.17100292238125817,-0.15244657762613784,-0.16791071610094946,-0.16635883026602954,-0.16434675459808556,-0.1589366723598218,-0.15413282682747828,-0.15725170010428102,-0.15844095848288392,-0.16656076630221975
2022-12-14 09:00:00+00:00,-0.1723285885819135,-0.15438048555745862,-0.16978844036558918,-0.16846762939386406,-0.16541982363601454,-0.1604974212636061,-0.15563885149751258,-0.16015663837051597,-0.15997640749196562,-0.1676283145995383
2022-12-14 10:00:00+00:00,-0.17386423838578283,-0.15683873516598623,-0.17193207051286316,-0.17069085972115233,-0.16684813511174937,-0.16237542983558123,-0.1574416260511721,-0.1637628603951637,-0.1616927141587028,-0.17014809699845326
2022-12-14 11:00:00+00:00,-0.1749343038543866,-0.15901623787933475,-0.1739767221150381,-0.17257296177911174,-0.17016033623620347,-0.16371386402012922,-0.15899485734644594,-0.16767485499588583,-0.16310810212941285,-0.17238665848863743
2022-12-14 12:00:00+00:00,-0.17620663163702452,-0.16145713400056821,-0.17607995632256826,-0.1745334547897806,-0.1734192460367368,-0.1651827171688596,-0.16146108493524494,-0.17121260306443947,-0.16522244046110574,-0.17443200771411363
2022-12-14 13:00:00+00:00,-0.17833820233754563,-0.16407088932461739,-0.17827621536555646,-0.17669022136922075,-0.1763711262990199,-0.167104879513208,-0.16362174866251314,-0.17435938308314397,-0.16799728890716753,-0.1764016330545939
2022-12-14 14:00:00+00:00,-0.17951784725379247,-0.1657389970566665,-0.1797645676638985,-0.1778860729924264,-0.1784080160656102,-0.16863027063194494,-0.16489523053201058,-0.17641567603345407,-0.16978529361060374,-0.17775429813250612
2022-12-14 15:00:00+00:00,-0.17953402756940964,-0.166103215982235,-0.1805442380157428,-0.17797711347370776,-0.17900324849289806,-0.1690169639672569,-0.16457099795446875,-0.176454423680441,-0.1697671108298609,-0.1782108372696757
2022-12-14 16:00:00+00:00,-0.17873569833204953,-0.1656592518578892,-0.18102420248148957,-0.1773009355401787,-0.17955317453577263,-0.16899995948364196,-0.16331188344818623,-0.1753425796893482,-0.16891445985779036,-0.17809692465826554
2022-12-14 17:00:00+00:00,-0.17770699646459445,-0.1649614027729371,-0.18139835321843997,-0.17628227935826127,-0.1792800470894656,-0.1685413991529061,-0.16199431826127123,-0.17407817659700042,-0.16828146057848353,-0.17771404314513833
2022-12-14 18:00:00+00:00,-0.17730477130815017,-0.16481790796855,-0.18153577616279518,-0.17595530159549855,-0.17916811410976782,-0.16857144661402215,-0.16047016126055277,-0.1726482734838094,-0.16669834313480036,-0.17745055957966763
2022-12-14 19:00:00+00:00,-0.17785663542505772,-0.16546759506052117,-0.18159240981643163,-0.17582797131942224,-0.17902346129130745,-0.16879027735720506,-0.15951174407828964,-0.1714365506106234,-0.1671331047812888,-0.17702155043434137
2022-12-14 20:00:00+00:00,-0.17900483179503354,-0.16715922407481099,-0.18146342300203525,-0.17654222427537689,-0.17945623972577038,-0.16969376214625556,-0.1598498333339384,-0.1714368001069962,-0.16830453790102418,-0.17729641743693647
2022-12-14 21:00:00+00:00,-0.17924655610656706,-0.1681929198585407,-0.18104112655644825,-0.1762350073387317,-0.18114617663676685,-0.16984328055906334,-0.15941967565772067,-0.17023732290604202,-0.16871620733235848,-0.17670709471340093
2022-12-14 22:00:00+00:00,-0.17929309531989154,-0.16910082207187432,-0.18071797539391646,-0.1760988998577605,-0.18278774734931688,-0.16998826128475272,-0.15930862664202514,-0.169255337716172,-0.1690345769509593,-0.1762398348769917
2022-12-14 23:00:00+00:00,-0.17863474799207182,-0.16818106224313198,-0.17932771877845857,-0.17504484071623175,-0.18348797128906866,-0.16907963555327657,-0.15923078990371645,-0.16731957923152782,-0.16861185021005604,-0.17429971529102187
2022-12-15 00:00:00+00:00,-0.17842678333748072,-0.16783497927171162,-0.17862515882889632,-0.17449875421753047,-0.18352190754393394,-0.1687761447416613,-0.16029771461913775,-0.1674856797113121,-0.16836359788501337,-0.17403124248779175
2022-12-15 01:00:00+00:00,-0.17846886768567546,-0.1675938207051263,-0.17841764731900192,-0.17438238461327227,-0.1833111050174886,-0.16871454600932007,-0.1610267040956293,-0.16752333872060718,-0.16808408745071174,-0.17449405448882624
2022-12-15 02:00:00+00:00,-0.17965323122442542,-0.16833221790567915,-0.17897808283231262,-0.1757480406060142,-0.1834581039745537,-0.16990099132893677,-0.1628158711291485,-0.1687972636606948,-0.1688947839368215,-0.1763575201337072
2022-12-15 03:00:00+00:00,-0.18153915084553388,-0.1700011378647015,-0.1800528972597417,-0.17815667519122838,-0.1836363543274181,-0.1719882451220446,-0.16478838245427477,-0.17046540435627233,-0.17050151848702427,-0.1788994072067829
2022-12-15 04:00:00+00:00,-0.1829829304498348,-0.171514730632415,-0.18052790885894063,-0.1803161314560829,-0.18321313773197534,-0.17334003321584068,-0.16609426791604007,-0.17135063815903118,-0.17201634750624206,-0.18088222322980607
2022-12-15 05:00:00+00:00,-0.18412510687372904,-0.17323629223095005,-0.18106562976106552,-0.18196820402691105,-0.18369833186139256,-0.17441473253981393,-0.16768945678770572,-0.17370759112658685,-0.17343857987470152,-0.1824982274861875
2022-12-15 06:00:00+00:00,-0.18507578230598057,-0.17456573202061892,-0.1814681743741607,-0.1834130278026,-0.18491028046311386,-0.17516550648770704,-0.16911108044460435,-0.17588110907548757,-0.17480869326170118,-0.18461084880520215
2022-12-15 07:00:00+00:00,-0.18584798357620883,-0.17533419044404097,-0.18157356319083165,-0.18475485500619154,-0.18580931576367898,-0.17503800116758036,-0.16974491489340315,-0.17750917263851013,-0.1757798162965209,-0.18586791271462524
2022-12-15 08:00:00+00:00,-0.18655684362093436,-0.1759942327192583,-0.1817818501864383,-0.1856931773573961,-0.1878527032960791,-0.17501038101715233,-0.17016163073053892,-0.1780247782991858,-0.17615749688686183,-0.18589550255949983
2022-12-15 09:00:00+00:00,-0.1872764669088494,-0.176648047948536,-0.18167805231197579,-0.1862942262111334,-0.19181470218293295,-0.17562701956118204,-0.1721609692743539,-0.17804086609130054,-0.1766417528515964,-0.18611632327588368
2022-12-15 10:00:00+00:00,-0.18779735031491177,-0.17731417537049954,-0.18143650038275097,-0.18643650711836562,-0.19184544747158966,-0.17761138875691324,-0.17554922573500142,-0.1788430940592138,-0.1766249768572145,-0.18537349336885575
2022-12-15 11:00:00+00:00,-0.1886184030295507,-0.17863234491321278,-0.18161172913814763,-0.18676958823454573,-0.1908747682163003,-0.18020402222667203,-0.1804657866857214,-0.1799367891074044,-0.17889897436686986,-0.1860720937780327
2022-12-15 12:00:00+00:00,-0.18932790855197099,-0.17952074678109953,-0.18240329684441878,-0.18687405501090085,-0.19069960454476695,-0.18235213183775376,-0.18328405218490265,-0.18222264316707287,-0.18213425624576646,-0.18636140994994757
2022-12-15 13:00:00+00:00,-0.19029183034281263,-0.18171001161682654,-0.1843345175716207,-0.18769707276498912,-0.19104662941810346,-0.18440484953265635,-0.18587560816698812,-0.1852304912213417,-0.18499359180460118,-0.18738349265093512
2022-12-15 14:00:00+00:00,-0.1901373182139592,-0.1826743622279077,-0.1848807652835355,-0.18722170744280292,-0.18995142297336234,-0.18551625466254318,-0.1860101057060566,-0.187261062318829,-0.18650967698747717,-0.18675780936061898
2022-12-15 15:00:00+00:00,-0.18887245162026942,-0.1814934310960312,-0.18447486526742732,-0.18549918212063127,-0.1887123991216182,-0.18523354954714544,-0.18304787756508586,-0.18717006655092863,-0.18476833431808198,-0.1859403067121278
2022-12-15 16:00:00+00:00,-0.18590637052407352,-0.1779114978302856,-0.18291111934900747,-0.18240193796080836,-0.1874214207657714,-0.18256336548450638,-0.1771457032302481,-0.18580718245162056,-0.18054802141254328,-0.18388611875691885
2022-12-15 17:00:00+00:00,-0.18242470249361573,-0.17323578836808004,-0.17994377186949825,-0.1791632878073763,-0.18614081571405985,-0.17819906517748085,-0.17276901022976332,-0.18194674041355474,-0.17520054093670906,-0.1817652662297872
2022-12-15 18:00:00+00:00,-0.17897331291685617,-0.168914950616219,-0.1785521696007005,-0.17590156021771763,-0.18132951551190968,-0.17448020837158407,-0.17010458981745966,-0.17784997637464503,-0.171280342309596,-0.17953182795857398
2022-12-15 19:00:00+00:00,-0.1767047653484334,-0.1646311869118971,-0.17677313259818941,-0.17283266355185423,-0.17485555269556896,-0.17005770270009007,-0.1664340534217226,-0.1714988834560087,-0.16589706112916364,-0.17786301335203628
2022-12-15 20:00:00+00:00,-0.17486222727978248,-0.161542662818533,-0.17589028305284302,-0.17024978395810741,-0.1712458769016823,-0.16618520593945832,-0.16330718084644688,-0.16626044703503406,-0.1618409434764395,-0.1762523886371803
2022-12-15 21:00:00+00:00,-0.17374716711072705,-0.15969495397443711,-0.17518179253977725,-0.1684230596890119,-0.1684895131481361,-0.16517525182320875,-0.16145975186487518,-0.16102988776084243,-0.1590954403730585,-0.174280719387011
2022-12-15 22:00:00+00:00,-0.17240205744286682,-0.15818358128700927,-0.17435858142527036,-0.16636453921061634,-0.16878889602631747,-0.1637988283356257,-0.15903468412798574,-0.15728045999652315,-0.15742838997949038,-0.17156870901193366
2022-12-15 23:00:00+00:00,-0.17117015148336126,-0.15767669727307898,-0.17400895538522784,-0.16455786834646485,-0.16970519006011853,-0.16244681044594278,-0.15665134509271897,-0.15572120575672316,-0.15587564518086305,-0.16932566605510077
2022-12-16 00:00:00+00:00,-0.1706153423694828,-0.157707220016403,-0.17298956331241708,-0.16378841290075608,-0.1705234981341336,-0.16166520302067994,-0.15546250408739795,-0.15544578478807491,-0.15480075806639393,-0.16739368868547874
2022-12-16 01:00:00+00:00,-0.16977134759511045,-0.1576367263487567,-0.1720654077582003,-0.16282751515567148,-0.1706111312787439,-0.16069686820131995,-0.15533409412938032,-0.15522924014482092,-0.1537543113731767,-0.16571169586785262
2022-12-16 02:00:00+00:00,-0.16930622510321783,-0.1577827257197798,-0.17070913835385818,-0.16229169281611605,-0.17072628407152945,-0.16012604020891466,-0.15551379983812683,-0.15529919952214438,-0.15339543146863927,-0.16516403657321244
2022-12-16 03:00:00+00:00,-0.17033448137988297,-0.1583938897324633,-0.17168844162701155,-0.1633045995667362,-0.17132737500088857,-0.16144432586312032,-0.1570873690288712,-0.1564075888430489,-0.1541431137590495,-0.1669475895441175
2022-12-16 04:00:00+00:00,-0.17189292276491255,-0.15871174749381892,-0.17224053634083028,-0.16494928628229827,-0.17168304802496545,-0.16324996754739118,-0.15891166189396608,-0.1576164852485738,-0.15551732243763888,-0.1696656615561938
2022-12-16 05:00:00+00:00,-0.17409892643335403,-0.1597942061283136,-0.1736339200992014,-0.16742582112965024,-0.1722957456300308,-0.16592816690232162,-0.160657605715842,-0.1586232732078868,-0.158056922465651,-0.17285559471084141
2022-12-16 06:00:00+00:00,-0.1755621004755539,-0.1609968659588979,-0.17455504482582582,-0.16933874704178425,-0.17263949005412524,-0.16792682197206252,-0.16265106398006093,-0.15956964904482196,-0.15983339666680108,-0.17447803375529042
2022-12-16 07:00:00+00:00,-0.1772547118974386,-0.16309326536545177,-0.17568140416734904,-0.172072497948002,-0.17326745492414763,-0.16969168954004252,-0.16509682885453134,-0.1635244475997385,-0.16185299874637737,-0.17618690125405773
2022-12-16 08:00:00+00:00,-0.17829175015846596,-0.16446546141875362,-0.1759194823452053,-0.17369841677487802,-0.17386787610261528,-0.17072119618962386,-0.16632254060400617,-0.16624385766872274,-0.1629856428716241,-0.1772382326660246
2022-12-16 09:00:00+00:00,-0.1788632951294377,-0.1652509967981689,-0.17591696874562926,-0.17464176381253754,-0.17493737275310234,-0.17134462478284077,-0.16693612919136314,-0.16750729762332456,-0.16359874246395012,-0.17772553662991844
2022-12-16 10:00:00+00:00,-0.17877528050342315,-0.16510076409086583,-0.17580377406796446,-0.17451683270225543,-0.1748886027999966,-0.1714003077423487,-0.16686330196903984,-0.16728726367938912,-0.16348808981967639,-0.17759862984569516
2022-12-16 11:00:00+00:00,-0.17864205707684286,-0.1642760931746491,-0.17529528232693956,-0.17420649896337054,-0.1756883501942817,-0.17263222390383182,-0.16648997498473547,-0.16498364083861966,-0.16328734723284133,-0.17826264444771484
2022-12-16 12:00:00+00:00,-0.17885521926001938,-0.1644168505529586,-0.17546710575081761,-0.1743324335506754,-0.17711673961785984,-0.17353951936474987,-0.16658646814992742,-0.16456470228292644,-0.16351433043510688,-0.1792044287664595
2022-12-16 13:00:00+00:00,-0.17881676562890644,-0.16447610286050712,-0.17557247996649508,-0.17454756405427602,-0.17834376147109537,-0.17395532065968644,-0.1664192504022546,-0.16463356955578945,-0.16382116463462154,-0.1799026233528396
2022-12-16 14:00:00+00:00,-0.1783740959604638,-0.16405869862755723,-0.1749190597070103,-0.17405933540537313,-0.178769944456588,-0.17386702530421203,-0.16782054078087694,-0.16531163192853615,-0.16346919256834258,-0.18011217063545062
2022-12-16 15:00:00+00:00,-0.17776964360759737,-0.16333278387389644,-0.17511586928719394,-0.17251956655123035,-0.1778909447347547,-0.1722325901509179,-0.16906809176952337,-0.16615732562181437,-0.1628767152684895,-0.17936496164263419
2022-12-16 16:00:00+00:00,-0.17698901330376623,-0.16369375311432716,-0.17538184650524377,-0.17007935480197806,-0.176405374976618,-0.16909759142423317,-0.17003172982122625,-0.1657482955536007,-0.16188869633209202,-0.1772054540202257
2022-12-16 17:00:00+00:00,-0.17577653610866253,-0.16462595936210694,-0.1724798906946662,-0.166665964373786,-0.17496904445074463,-0.16572483193363136,-0.17030445550748943,-0.16460004577605947,-0.15784040739888922,-0.17223419296051898
2022-12-16 18:00:00+00:00,-0.17653008966767894,-0.1632848924690986,-0.16446672569966583,-0.1624736973811849,-0.16905375503925082,-0.16074644990068693,-0.16832413419512746,-0.16459277030194136,-0.15036193519353952,-0.16798566421649683
2022-12-16 19:00:00+00:00,-0.17737154580334272,-0.16181305455495365,-0.15593625417625553,-0.15567564176756868,-0.15846903525933315,-0.15359356343889127,-0.16493075216809172,-0.16349529091318032,-0.14051104758343702,-0.16227465672008867
2022-12-16 20:00:00+00:00,-0.1732764746535054,-0.15944766452870718,-0.15056342121501284,-0.14977000930936546,-0.14852533099505918,-0.14940618773313785,-0.15848458371218477,-0.16052785216627896,-0.13505910244219876,-0.15976918205442492
2022-12-16 21:00:00+00:00,-0.16905883833842053,-0.15641677017069044,-0.14646857619682638,-0.14682251409527458,-0.1437320840286774,-0.14735743331176648,-0.1539518827597649,-0.1575826710364034,-0.1323574497249081,-0.15817387663537022
2022-12-16 22:00:00+00:00,-0.16854200975238467,-0.15564413809545305,-0.14589112314641198,-0.1460420794301752,-0.14120357585971371,-0.14645850352119277,-0.15319506599383573,-0.15637698331978978,-0.13113896558601518,-0.15788115688269222
2022-12-16 23:00:00+00:00,-0.16961871405202752,-0.15746532469212798,-0.1468834795093347,-0.14866503185314617,-0.14458785616013453,-0.14813669026537807,-0.1550929060072693,-0.15973262643269964,-0.13251547942495495,-0.1586775346034249
2022-12-17 00:00:00+00:00,-0.16770853421117207,-0.1563928268337037,-0.1450321286224938,-0.1480168575058048,-0.1437694650456883,-0.14749139262190955,-0.15372534749028233,-0.15923451345947193,-0.1324277751513142,-0.15803278287625425
2022-12-17 01:00:00+00:00,-0.16528677162984515,-0.1548354582499083,-0.14326824395467783,-0.1469828791919087,-0.1424251463380723,-0.14633413597423006,-0.15170395432429126,-0.15832574390768553,-0.132078124269277,-0.1570803365776503
2022-12-17 02:00:00+00:00,-0.16522657365708335,-0.15565341184177384,-0.1444170339702678,-0.14836917184910203,-0.14454575740497658,-0.14723311871467093,-0.1528161496324265,-0.15904077980760792,-0.13380956428218732,-0.15748505369725885
2022-12-17 03:00:00+00:00,-0.16854790714845894,-0.158924443416402,-0.148107493007664,-0.15221152389122541,-0.14908883928508043,-0.149372020295125,-0.15718962020940763,-0.16172449332583225,-0.13723965470925537,-0.15930380362333774
2022-12-17 04:00:00+00:00,-0.17268579858532937,-0.1642336841922758,-0.15780619109536828,-0.16051633772167181,-0.1592211399360945,-0.1565024379064499,-0.16366209278016897,-0.16479580346423756,-0.14476349440007558,-0.16474138880058348
2022-12-17 05:00:00+00:00,-0.17348165971010868,-0.16585090088257687,-0.16748744659899759,-0.16311128198354216,-0.16672255520639623,-0.16605681277032966,-0.16643380442206343,-0.16537039848827856,-0.15309719853933335,-0.1703193946023093
2022-12-17 06:00:00+00:00,-0.1734157855945291,-0.1652743011639991,-0.17134027768423857,-0.1634863594776336,-0.16926237993291327,-0.168804691179477,-0.16412737115346396,-0.16500763380441053,-0.15477636921737759,-0.1729249074788086
2022-12-17 07:00:00+00:00,-0.17430447779589078,-0.16474960457956617,-0.17155206277395382,-0.16489224444753392,-0.17023897995699644,-0.17290595140202078,-0.1635296913431408,-0.16553472721562204,-0.157297495919629,-0.1742583510012956
2022-12-17 08:00:00+00:00,-0.17501006704426839,-0.1641681938439472,-0.171830406401311,-0.1653930756279906,-0.17080080149945892,-0.17486092347874094,-0.1628339536992406,-0.16604551114861887,-0.158694734266418,-0.17476956136991634
2022-12-17 09:00:00+00:00,-0.1755013114866937,-0.16366831414399854,-0.17186977709499593,-0.16544659265593442,-0.17178011699740953,-0.17568328873119438,-0.16204580752233172,-0.1663264750726306,-0.15942275592255184,-0.1751039821251885
2022-12-17 10:00:00+00:00,-0.17617866998786683,-0.1636461861457268,-0.1721963276483708,-0.16575498534045105,-0.17338786011334562,-0.17656383772927045,-0.16157197793382755,-0.1667714346008725,-0.16026630346673632,-0.17563879416364833
2022-12-17 11:00:00+00:00,-0.1762510361631279,-0.1631657410988689,-0.17215092512579352,-0.16523275920259095,-0.17352204781634395,-0.17630638627064968,-0.1605000835421838,-0.16654702258368198,-0.16027316278820536,-0.1755412956645394
2022-12-17 12:00:00+00:00,-0.17646103131496596,-0.1629326409673913,-0.1721849282622259,-0.16511313283810797,-0.17404267842144433,-0.17624670549309562,-0.16055236189408395,-0.16647155833801053,-0.1604840678776056,-0.1755692055981174
2022-12-17 13:00:00+00:00,-0.17653788461484907,-0.16276693636692285,-0.17217102223693329,-0.16501721772680214,-0.1741470685421126,-0.17605376847800686,-0.16059989091082652,-0.16632495407350606,-0.1605237056954369,-0.17554920952706451
2022-12-17 14:00:00+00:00,-0.17621241622490377,-0.16263735128222007,-0.172261200032344,-0.16458267438455815,-0.1735640613070261,-0.17575577525223507,-0.1600914721454823,-0.166218347851153,-0.16007445925438657,-0.1751735300860119
2022-12-17 15:00:00+00:00,-0.17534991873753555,-0.162401250718054,-0.17243637685438087,-0.16373441840195344,-0.17208201156250164,-0.17485725361909288,-0.15886345734008622,-0.16578073149950706,-0.15893541816322704,-0.1740340749608855
2022-12-17 16:00:00+00:00,-0.17377902812054744,-0.162331989328042,-0.1727287629043964,-0.1624902160115651,-0.17053333781410046,-0.17275530097309014,-0.15803459811518486,-0.164660272337679,-0.1568735486527077,-0.17118961725877785
2022-12-17 17:00:00+00:00,-0.17250517677742824,-0.16324708441605845,-0.17266177509994593,-0.16178396859428706,-0.17078456907713713,-0.17046106682842488,-0.15791986341470685,-0.16432272038429052,-0.15499092789312185,-0.16899882592085186
2022-12-17 18:00:00+00:00,-0.1708792758707652,-0.1644165631023978,-0.17097247047414835,-0.16073392599147757,-0.16793018808141447,-0.16683546400755733,-0.15701694879851874,-0.16392989203997108,-0.15260205085836526,-0.16632618547159977
2022-12-17 19:00:00+00:00,-0.16671970045805515,-0.16502801825212704,-0.16509986595832107,-0.15914189261386516,-0.16243522027648155,-0.16174172733125647,-0.15469952109415983,-0.1623852435298911,-0.14957348030388,-0.1626948826325191
2022-12-17 20:00:00+00:00,-0.1628561381843616,-0.16008732572116458,-0.16131760674351717,-0.15582922942979843,-0.15709187452646062,-0.15770520757410705,-0.1520501938046712,-0.15871813574826255,-0.14719433785014807,-0.15921757885189058
2022-12-17 21:00:00+00:00,-0.1548726684230968,-0.15363624149162322,-0.1533359289803106,-0.14979899522362478,-0.1499753314028297,-0.15237106889890253,-0.14745193847781576,-0.1535123464986702,-0.14324612674251747,-0.15438241769752936
2022-12-17 22:00:00+00:00,-0.14850068767632088,-0.14970965518600884,-0.14686639205238425,-0.14602657959034177,-0.14506990692061578,-0.14819163703836016,-0.14228907397729612,-0.15020013222823064,-0.14046765125965477,-0.1511370340088834
2022-12-17 23:00:00+00:00,-0.1444879630574035,-0.14657323449662807,-0.1414689380393281,-0.14331137203103186,-0.14096514339702432,-0.14425714151043345,-0.1376612553067793,-0.14814978367775017,-0.1385086890983649,-0.1490819953377842
2022-12-18 00:00:00+00:00,-0.14049554622275132,-0.14248332487680535,-0.1363936895876582,-0.1401328355348355,-0.13766670085268698,-0.13980584300976626,-0.1331780819877451,-0.14550158243485903,-0.13664780364816204,-0.14654271935373223
2022-12-18 01:00:00+00:00,-0.1380494184107907,-0.13980167190016568,-0.13342834370022713,-0.1377524705047444,-0.1361917691814077,-0.13677848726148947,-0.13040043984131397,-0.14260656917791123,-0.13563701978947929,-0.14497226915559702
2022-12-18 02:00:00+00:00,-0.1389106018358239,-0.14034272487328692,-0.13561800400526272,-0.13662468852691925,-0.1366103809002422,-0.1370160076704219,-0.1308875484606449,-0.1420081241728068,-0.13624048419067153,-0.14506425636348153
2022-12-18 03:00:00+00:00,-0.14396304509859906,-0.14400641514846668,-0.1425762156363267,-0.1402728510783034,-0.14079174950974926,-0.14012268102580258,-0.1337516779738587,-0.1452062341921908,-0.14036342813955965,-0.14819027613812238
2022-12-18 04:00:00+00:00,-0.15153949100528466,-0.14919499662335073,-0.15017869511973822,-0.14668660573791442,-0.1468900190245164,-0.14578276102454277,-0.1396776405206974,-0.15111884137429013,-0.14402732632973414,-0.15295055381182468
2022-12-18 05:00:00+00:00,-0.15692908141974374,-0.15297461931154344,-0.15551686965641418,-0.15097257708470532,-0.15189925790703138,-0.14993551044239173,-0.14311470498576753,-0.15516372494999864,-0.14595516468490188,-0.15428827088957833
2022-12-18 06:00:00+00:00,-0.1588988451401522,-0.15569329806953705,-0.1607445455315484,-0.1548950186951692,-0.1562558199640155,-0.153769184297103,-0.14390855771309263,-0.15847512619251522,-0.1480752811206611,-0.15611986048321297
2022-12-18 07:00:00+00:00,-0.1599580908310206,-0.15636982938126953,-0.16316279718760549,-0.15639101700394864,-0.1588310036751201,-0.15593687726064476,-0.1436851866477144,-0.1598930329858531,-0.14907988509068426,-0.15674336307713946
2022-12-18 08:00:00+00:00,-0.15977278851261087,-0.15595782491604718,-0.16272833751916496,-0.15615420586977347,-0.15864267126726828,-0.1555737355583824,-0.14315510914024412,-0.15961219002294696,-0.14877081112174595,-0.15630469419123813
2022-12-18 09:00:00+00:00,-0.16003948726769365,-0.1559407167391222,-0.1628813123165452,-0.15595003899152474,-0.15937231169028077,-0.15608208269123,-0.14263028768595792,-0.1598049956971561,-0.14886859824828813,-0.15614796047571577
2022-12-18 10:00:00+00:00,-0.16005014922198604,-0.15575338258732446,-0.16259416899085635,-0.15569593099497359,-0.1592391241585046,-0.15596734131887002,-0.14221963744054417,-0.15948281320701724,-0.14859907151610086,-0.15574060447096086
2022-12-18 11:00:00+00:00,-0.1627058365954097,-0.1571197786164466,-0.1644999703061901,-0.15601840784773438,-0.1617929265062629,-0.1583037387052591,-0.14252807705661694,-0.16061849458818578,-0.14990133093266111,-0.1568769982487558
2022-12-18 12:00:00+00:00,-0.16511327436315862,-0.15792745578858466,-0.16601278680582396,-0.15605616682435483,-0.16384540358421207,-0.16019803745162156,-0.1428294650935873,-0.1604334363378717,-0.1507503742752473,-0.1575446616201199
2022-12-18 13:00:00+00:00,-0.16710585941442166,-0.1582916532423346,-0.16771852919427102,-0.15651678718021753,-0.16511240527065713,-0.16209145533065034,-0.14414018542891452,-0.16094218699478613,-0.15185966979307047,-0.15878133575292216
2022-12-18 14:00:00+00:00,-0.16714488174007006,-0.15848188276423286,-0.16806389541845965,-0.15648903221740257,-0.16426797980932545,-0.16285300576533318,-0.1443999366759938,-0.16036733914507473,-0.15204705576057392,-0.1588933779932134
2022-12-18 15:00:00+00:00,-0.1654458764624477,-0.15910642514757184,-0.16742117991481584,-0.15663719594928605,-0.16387986784784087,-0.16274077426609052,-0.14469575361043588,-0.16025653317003918,-0.15186842631278008,-0.15889967368074678
2022-12-18 16:00:00+00:00,-0.16131069577346194,-0.15849070824156394,-0.16517614232526526,-0.1559420879932008,-0.1615384758880965,-0.1599067447717068,-0.14395592572578028,-0.15919055531317025,-0.14980550149358673,-0.157020378398725
2022-12-18 17:00:00+00:00,-0.15979631547440418,-0.15767724189134621,-0.16315705896957086,-0.1554832514570403,-0.1590922437095205,-0.15790742444902117,-0.14419258888714426,-0.15865053679632302,-0.14857910104423366,-0.15647174664458155
2022-12-18 18:00:00+00:00,-0.1581968781405401,-0.15520866424749377,-0.1586188949202789,-0.152280694375811,-0.15490008499418106,-0.1543255040773049,-0.14448497005753216,-0.15614657218183597,-0.1468746004829783,-0.15548300947485547
2022-12-18 19:00:00+00:00,-0.1568404156070278,-0.1542478543745227,-0.15655367806746365,-0.1509457124687357,-0.15226191603358652,-0.15262155406561145,-0.14606050538288662,-0.15513431687142853,-0.14623283049911506,-0.15595776544739395
2022-12-18 20:00:00+00:00,-0.15603851696350066,-0.15540116492431508,-0.15620395945468965,-0.15165001087212263,-0.1514572807713463,-0.15327492337708126,-0.14779528994845348,-0.15584045468671104,-0.1467159579628302,-0.15688736354800342
2022-12-18 21:00:00+00:00,-0.1580819940947085,-0.15696007782578997,-0.15546053043006489,-0.15326821717760303,-0.15169366406647417,-0.1551219212366465,-0.15047174175692793,-0.15727870204848077,-0.1463645146577759,-0.15780874377090848
2022-12-18 22:00:00+00:00,-0.1567282812792873,-0.15624876550098926,-0.15181914549991324,-0.15213075744849927,-0.14947468305210432,-0.15342795049789582,-0.14970245484882008,-0.15672208030659918,-0.14415486547654077,-0.15722275469132943
2022-12-18 23:00:00+00:00,-0.14962705642649873,-0.14874715458459176,-0.13909169244876854,-0.14609780422658203,-0.1392242310331135,-0.1446677773724816,-0.1411705529436053,-0.15295605017411076,-0.1366358038553881,-0.15290609966917065
2022-12-19 00:00:00+00:00,-0.14651822001703843,-0.14471182537638821,-0.1340450190925432,-0.14230928085763866,-0.13645756160715045,-0.13946544895107518,-0.1367522561424861,-0.15031101465374502,-0.13278968040304984,-0.14990834201019135
2022-12-19 01:00:00+00:00,-0.14316319107658024,-0.14116428506391143,-0.12893154950443,-0.13848658023603783,-0.13482457404209028,-0.13462214855586513,-0.13237678698333308,-0.14621604416056938,-0.1293310638347479,-0.14705584597206667
2022-12-19 02:00:00+00:00,-0.14317438600178026,-0.14037399646683474,-0.1274918054870813,-0.137188397907836,-0.13424527022643565,-0.13419396449218274,-0.13162008643300252,-0.14541792465430423,-0.1277197523323753,-0.14657527760958586
2022-12-19 03:00:00+00:00,-0.1441844720362044,-0.14206105552843318,-0.12928525263146676,-0.13827608686069776,-0.13535685877375117,-0.13632909952349526,-0.1333884192102315,-0.1463919916880825,-0.12884413400416372,-0.14718711461665548
2022-12-19 04:00:00+00:00,-0.14685418676792814,-0.14532657643175723,-0.13331354993980335,-0.14074279139089743,-0.13754539885745065,-0.1403220504650393,-0.13729359006454986,-0.14898388009273356,-0.13105775127881686,-0.14915967647921616
2022-12-19 05:00:00+00:00,-0.14972220628978297,-0.14812470650701087,-0.1371395461663615,-0.14298070691633893,-0.14026074592118773,-0.1439187061443918,-0.14114246071360492,-0.15068377685644374,-0.13297982243191075,-0.15092442982829365
2022-12-19 06:00:00+00:00,-0.1565552434011472,-0.1526663808837918,-0.14279506704031555,-0.1465901932413072,-0.1429401030636691,-0.14718593856555184,-0.147877298008014,-0.15505148680448727,-0.13484754311134683,-0.1550910269453476
2022-12-19 07:00:00+00:00,-0.16227863311208926,-0.1570978290954237,-0.14674299904353263,-0.15032021305823046,-0.14817795159200858,-0.15064614910482715,-0.15385488247990992,-0.15879295877146438,-0.13738526502489862,-0.1586720253575727
2022-12-19 08:00:00+00:00,-0.16362374654924608,-0.15964964737591344,-0.14851739259119287,-0.1521431791958618,-0.15266316933033602,-0.15350851457993514,-0.1567118928202894,-0.15969815081142474,-0.13955181862256122,-0.15957707981059036
2022-12-19 09:00:00+00:00,-0.1662643164008131,-0.16114898506814895,-0.15111729616763894,-0.15388740115054658,-0.1582827490426199,-0.15642470091121732,-0.15977678200633064,-0.16085402601493576,-0.1437005401406405,-0.16071581968281629
2022-12-19 10:00:00+00:00,-0.17121365839638117,-0.1624289982157659,-0.15658342842325243,-0.15728112666557204,-0.1660333718630465,-0.15975012618162276,-0.16312185648746608,-0.1622177193551692,-0.14822110734103622,-0.16324572885452748
2022-12-19 11:00:00+00:00,-0.17285606964760034,-0.162482494047135,-0.16153216574457072,-0.16063162822000593,-0.17097574667676246,-0.16310198754837016,-0.16428899955819545,-0.16223839667206089,-0.1531732520333416,-0.1653663604257334
2022-12-19 12:00:00+00:00,-0.17358910086623866,-0.16464714317270418,-0.16215774417038095,-0.16173519019653174,-0.17389498283452276,-0.16429140040066423,-0.16509905388031101,-0.16359672713434173,-0.15469511513341844,-0.16598711782189793
2022-12-19 13:00:00+00:00,-0.1755096124982137,-0.1680467746168745,-0.16336875968151252,-0.16335118860938616,-0.17773295166015285,-0.16655326758219127,-0.16598449786232042,-0.16625286091670055,-0.15714930465496685,-0.16724024957711428
2022-12-19 14:00:00+00:00,-0.17777601242260968,-0.17173040885931423,-0.1664489836975612,-0.165861515971005,-0.18122991567862698,-0.16809797539745575,-0.16858913516563437,-0.17022191426256533,-0.15871165342672028,-0.17014605889339218
2022-12-19 15:00:00+00:00,-0.17927220292866117,-0.1747583915506294,-0.16792070011700747,-0.1667396901241091,-0.18356864754433533,-0.16901643274674327,-0.16987748288522214,-0.1733152563714693,-0.15953278989954645,-0.17133910679796108
2022-12-19 16:00:00+00:00,-0.18013431708752195,-0.17700718737379445,-0.1679941030582041,-0.16617248845219817,-0.18464367561039624,-0.16916493035844082,-0.171882883513483,-0.17577170148426124,-0.1594923481795376,-0.17148590851835374
2022-12-19 17:00:00+00:00,-0.18083117352338848,-0.17848804600984358,-0.16600467316638448,-0.16348899148438345,-0.18422803311302915,-0.1683482744567834,-0.1733640132014391,-0.17759980048869556,-0.15871009847058903,-0.1700845947730486
2022-12-19 18:00:00+00:00,-0.18121389208183894,-0.17986534853830086,-0.16629682075496197,-0.16344443956195479,-0.18585028618105698,-0.16901124521181501,-0.17440379493538197,-0.17910218025125782,-0.15964414111174086,-0.1701158993290869
2022-12-19 19:00:00+00:00,-0.17961210031933936,-0.18110698249220977,-0.1645770074310249,-0.16059577174503817,-0.18679338715082863,-0.16905370248080676,-0.17399623445663523,-0.17954002490575516,-0.15975191802163086,-0.16876878894872605
2022-12-19 20:00:00+00:00,-0.17953690414227544,-0.18249189805778732,-0.16430908155901627,-0.1591291495350479,-0.18804552059863092,-0.16924762295776113,-0.17425319783614776,-0.17948985079861415,-0.16016722658134247,-0.16949780933538539
2022-12-19 21:00:00+00:00,-0.1781173900671059,-0.18360780352950173,-0.16321036905357486,-0.1565768414322344,-0.18894408262036666,-0.16918531002856127,-0.17311153634229356,-0.17821992472840326,-0.16029768358536922,-0.16903651254178462
2022-12-19 22:00:00+00:00,-0.17652597552938978,-0.1851740931963296,-0.1628124273305351,-0.15539281079757103,-0.19095523392040695,-0.16992662223360833,-0.171696268740663,-0.17789587785179597,-0.1615602966052152,-0.16806968279630669
2022-12-19 23:00:00+00:00,-0.17938028160833505,-0.18690621624830606,-0.16572548412339774,-0.159996160360379,-0.19407762147275973,-0.17253580315612924,-0.17399129717140363,-0.18124467439892022,-0.16474088332492198,-0.16963594723785697
2022-12-20 00:00:00+00:00,-0.18347480031782,-0.18883006007147707,-0.17054362508739848,-0.1651494016572153,-0.19729919971697912,-0.1754373789808535,-0.17644629063490042,-0.18451512614269525,-0.16823844010302103,-0.17265411293285868
2022-12-20 01:00:00+00:00,-0.18810830961484606,-0.19091036756337643,-0.17723299355047653,-0.17205683412748182,-0.20087413526031672,-0.17953507861531923,-0.1778527509337887,-0.18764386431384839,-0.17282080094103602,-0.17744864010980022
2022-12-20 02:00:00+00:00,-0.19068324281648222,-0.19182117701921816,-0.18212366748264494,-0.17720438652759427,-0.20439410596463864,-0.18297575806699118,-0.1775751159486492,-0.187946530745187,-0.17700020931951527,-0.17968172197816204
2022-12-20 03:00:00+00:00,-0.19352331796539826,-0.19383160384704556,-0.1855839679801812,-0.18088451880123074,-0.20670222132091787,-0.1862956019718497,-0.17858313290368025,-0.18947582034594435,-0.18135320215335532,-0.18294313184057065
2022-12-20 04:00:00+00:00,-0.1970728083007511,-0.19712963408288486,-0.19112667067925157,-0.18555915958199412,-0.20879948285869282,-0.1902276222086149,-0.18025270650741157,-0.19165001928865705,-0.18665523296273406,-0.18753879232374235
2022-12-20 05:00:00+00:00,-0.2005625476161302,-0.19985887368771504,-0.19638857653526612,-0.18889455411555522,-0.21126399002868756,-0.19244619479962577,-0.18178187579859498,-0.19384604382990378,-0.1905834949859675,-0.19107540469759063
2022-12-20 06:00:00+00:00,-0.2030432717339037,-0.20136789434712143,-0.19938912584271065,-0.19059039096075753,-0.21368142718269612,-0.1936391921245335,-0.18113132566177906,-0.19408681441302966,-0.19271819891210196,-0.19197359829633778
2022-12-20 07:00:00+00:00,-0.20558712628799666,-0.2039384275914496,-0.20334844319375386,-0.19317075066528477,-0.21517884095085976,-0.19528889121581433,-0.18122333998590923,-0.19593295841527653,-0.19492113836683583,-0.1961659665404383
2022-12-20 08:00:00+00:00,-0.20727344785357613,-0.20516450845009016,-0.20575222956240322,-0.19444393317531983,-0.21617768509491958,-0.19621393804295723,-0.18117090375375877,-0.19797748477531946,-0.19605824288320084,-0.1985890519855933
2022-12-20 09:00:00+00:00,-0.20942535164161938,-0.20705466853560417,-0.2087094983881667,-0.1960155263693696,-0.21759002889388318,-0.19767293288686816,-0.18189628067896832,-0.20070480942342805,-0.1977007811068594,-0.20172855640540566
2022-12-20 10:00:00+00:00,-0.21155923845530658,-0.2090561525652783,-0.2115209553925235,-0.1976574925008179,-0.2187783823346314,-0.19915466883681743,-0.18302826639587186,-0.20352484728637787,-0.19929930941680307,-0.20515072565038195
2022-12-20 11:00:00+00:00,-0.21320639845683823,-0.21075979059273275,-0.21313400774726535,-0.19823343775774416,-0.2199039345233422,-0.20008073107013796,-0.1837911315431395,-0.20512333904676805,-0.2004642220119638,-0.20665474135720485
2022-12-20 12:00:00+00:00,-0.21489514659274675,-0.21256067823989575,-0.21488547998726812,-0.1989919893112412,-0.22117309194550563,-0.20119273442779165,-0.1847595090367646,-0.20687672861349776,-0.2017008345155994,-0.20836380938145457
2022-12-20 13:00:00+00:00,-0.21648405743248952,-0.2142811056397932,-0.21602024953222285,-0.19919969918654115,-0.22247889420530606,-0.20192697832042766,-0.18501813102475478,-0.20799381635248715,-0.20276021526180726,-0.20911160368851367
2022-12-20 14:00:00+00:00,-0.2174867449846856,-0.216791862512353,-0.21639061112610145,-0.19842350030459116,-0.2239220251617319,-0.20279603389260487,-0.18746591290533685,-0.20865412019833462,-0.20418487929785784,-0.20913797788589478
2022-12-20 15:00:00+00:00,-0.217732279371147,-0.21736632341969747,-0.21605899515034596,-0.19801986536677119,-0.22450509094353988,-0.20281699023889016,-0.1874125068279127,-0.20835077351672915,-0.20440390937699737,-0.20855043203177936
2022-12-20 16:00:00+00:00,-0.21676840090489516,-0.21633460389881434,-0.2143486193186144,-0.19670429042883433,-0.22463262350972574,-0.20209633116695724,-0.18684426031219908,-0.2066710096119968,-0.20384601247819023,-0.20630956284516566
2022-12-20 17:00:00+00:00,-0.2165104321655655,-0.21571078509034647,-0.21409278905738702,-0.19684219874412154,-0.22429125268816677,-0.20175604826615337,-0.1859626466645875,-0.2062916947001886,-0.20344282967781224,-0.2059046113396072
2022-12-20 18:00:00+00:00,-0.21659513691007934,-0.2152284370185656,-0.21460252522548487,-0.19762734220550982,-0.22375548876036896,-0.20149936225350434,-0.18438338366169701,-0.20652541550570272,-0.2029391112763535,-0.2064769629109643
2022-12-20 19:00:00+00:00,-0.21641259537425153,-0.21455637725574583,-0.21454589825539358,-0.1978438982062231,-0.2234570094436858,-0.20110999439790933,-0.183079166331537,-0.20623072181100408,-0.20243614257694809,-0.20627203133205269
2022-12-20 20:00:00+00:00,-0.21679446875884426,-0.21509713356843713,-0.21513868259942273,-0.19819496506794576,-0.22346680929177948,-0.20162549933888702,-0.184138436867877,-0.20705188192217655,-0.2029044902891164,-0.20729260997087737
2022-12-20 21:00:00+00:00,-0.21674681570927154,-0.2147759523821552,-0.2152470404299526,-0.19846393385681615,-0.22345077079351788,-0.20158519279661427,-0.1835515535627441,-0.20700368732221144,-0.20269685202501136,-0.2072859725619175
2022-12-20 22:00:00+00:00,-0.21643853250124814,-0.2145069412687058,-0.2150052934532127,-0.19837427075926803,-0.22322462222747122,-0.20147366211499612,-0.18360841114169213,-0.20679956895732143,-0.20252945654907645,-0.20710173104779878
2022-12-20 23:00:00+00:00,-0.216015862200343,-0.21441528228409412,-0.2146339520271058,-0.19812299187770455,-0.2229834480041774,-0.20144493490157628,-0.18424799452160465,-0.20663310911367225,-0.202470618030811,-0.20686927073222033
2022-12-21 00:00:00+00:00,-0.21506304631069298,-0.2130962225517552,-0.21375844413642517,-0.19786895078285063,-0.2223099996477806,-0.2006938530293167,-0.18293976171959028,-0.20546457311299615,-0.20155494976155142,-0.2057735873180929
2022-12-21 01:00:00+00:00,-0.21334305360461656,-0.2124543107421918,-0.21208910872590783,-0.1966351109635126,-0.22158761847449018,-0.20027818716448495,-0.18444069557186948,-0.20413777421733348,-0.20102878071301772,-0.20391987344151435
2022-12-21 02:00:00+00:00,-0.2115827750277647,-0.20939867094165404,-0.21077536190638038,-0.19685575276879985,-0.21997806829725614,-0.1988302583686492,-0.18118490013660954,-0.20216324455677404,-0.1990375669851872,-0.20262094457307295
2022-12-21 03:00:00+00:00,-0.21051840729506913,-0.20813154191690705,-0.20992007812932875,-0.19658609264851995,-0.2190570162448549,-0.19824220620428257,-0.18081602062250293,-0.20119201030052297,-0.19821390782423248,-0.2018090297412936
2022-12-21 04:00:00+00:00,-0.20994704878020767,-0.20745721277729218,-0.20967266359187928,-0.19670947731149996,-0.21839928689732327,-0.19812624068160145,-0.1811636684762619,-0.20105382830713794,-0.19789219892516047,-0.20200624699939418
2022-12-21 05:00:00+00:00,-0.21068908968998482,-0.20667894854381474,-0.2109053096956097,-0.1987264359453634,-0.21830279593551447,-0.19880175197061378,-0.18025898291647832,-0.20291148482548688,-0.19784395115220343,-0.205701465080877
2022-12-21 06:00:00+00:00,-0.21085517159486103,-0.20620985526475963,-0.2110371712235435,-0.19907338744521663,-0.21816120221650348,-0.19901212858308354,-0.1802368495601955,-0.2036717626087889,-0.1977706373840099,-0.20682424253648413
2022-12-21 07:00:00+00:00,-0.2102606210304743,-0.20584680387733603,-0.21066183894754784,-0.1989133607900537,-0.2178589215670677,-0.19882078586090757,-0.18016267954953388,-0.20319364178700558,-0.19739888378141224,-0.20630109185590445
2022-12-21 08:00:00+00:00,-0.20895319086646016,-0.2047264559923958,-0.20967463403703965,-0.198300092658637,-0.21693714530518465,-0.19771618589161508,-0.17771906315929512,-0.20133991922716943,-0.1960352007748698,-0.20478974854508405
2022-12-21 09:00:00+00:00,-0.20766568335932964,-0.20381009121343996,-0.2086898239227745,-0.1976530370904786,-0.2161058626810381,-0.19673460550679,-0.17617134473667775,-0.199607451893698,-0.1949361570584643,-0.20283340867953442
2022-12-21 10:00:00+00:00,-0.20611307586708574,-0.20282467989834257,-0.20744082297569602,-0.1968690376601027,-0.21517578331590964,-0.1957098668753119,-0.17517244465354187,-0.1977297348492817,-0.19383449995037227,-0.20061489169413838
2022-12-21 11:00:00+00:00,-0.20447325014378856,-0.20150896464389578,-0.20584000655093562,-0.1959672195528494,-0.2140615597722101,-0.1942433048767858,-0.17334883969119294,-0.1952031936801753,-0.1922402676390098,-0.19782654075957132
2022-12-21 12:00:00+00:00,-0.2034725944316039,-0.20068071905331436,-0.20475921754621992,-0.19540185183928666,-0.2132862991225128,-0.1935535187887404,-0.17305588287743018,-0.1939637379435905,-0.19144001291564716,-0.19647177096663665
2022-12-21 13:00:00+00:00,-0.2026828816489489,-0.19972691889421273,-0.20424939006245743,-0.19513135950761967,-0.21268369446280738,-0.19269675010818144,-0.17125980041874656,-0.19277915746338303,-0.1903541075136324,-0.1962943687573755
2022-12-21 14:00:00+00:00,-0.20242213044500248,-0.1995793801487192,-0.20379824837990715,-0.1949091492440635,-0.21245154669416283,-0.1925967421203747,-0.17170730109716334,-0.19247802083541818,-0.19026810015364337,-0.19597177261202892
2022-12-21 15:00:00+00:00,-0.20142711885747241,-0.19877140941396465,-0.202250032081953,-0.1942123811719631,-0.2116397788043619,-0.19173464959152647,-0.17125167197330912,-0.1908708960361238,-0.18937871873301032,-0.19447051530005355
2022-12-21 16:00:00+00:00,-0.20018474091614377,-0.19762488278984325,-0.20059008783136753,-0.1933328559079638,-0.21059421871262485,-0.1905662728042346,-0.17011034526542743,-0.18886486595250004,-0.18810272501094716,-0.19313048657262957
2022-12-21 17:00:00+00:00,-0.19771415834160336,-0.1947433338731106,-0.19528039379588277,-0.18804208160149963,-0.21000182092972475,-0.1876823078562892,-0.16878437339649865,-0.18291790965167326,-0.18605870862441165,-0.1849604743604746
2022-12-21 18:00:00+00:00,-0.19536526884228358,-0.19253127547655502,-0.1911362393655804,-0.18312145873444657,-0.20893917776816862,-0.1849834827206444,-0.16681062920457412,-0.17781211903619226,-0.18388368935523053,-0.1789614747453397
2022-12-21 19:00:00+00:00,-0.19378813514830398,-0.1907702813700623,-0.1883496122030833,-0.18073474967072667,-0.2068470655680221,-0.18379038745138937,-0.1654982462147532,-0.1764041397389166,-0.18153447117018107,-0.17596489623751355
2022-12-21 20:00:00+00:00,-0.19191093633826187,-0.1887008203833203,-0.18572487326301104,-0.17866235438260958,-0.204210887421523,-0.18213972015924396,-0.16404843473855166,-0.17418702773982472,-0.17939153097157257,-0.17372940596725253
2022-12-21 21:00:00+00:00,-0.1901107745882368,-0.18695123853620316,-0.18395745266816296,-0.17725925787217484,-0.20196427605354872,-0.18103487391895673,-0.16370064216588195,-0.17315986802677424,-0.1776778872473071,-0.17231137362837456
2022-12-21 22:00:00+00:00,-0.1881776578536052,-0.18488981073865038,-0.1818904840379074,-0.17546860281548315,-0.19946656799989246,-0.17941524781629192,-0.16254315213282186,-0.17113089348013258,-0.17577776628895064,-0.17045041993253238
2022-12-21 23:00:00+00:00,-0.18631388965068937,-0.18319872852112884,-0.18028845529492835,-0.17441318607509987,-0.19764583262256152,-0.17847113157808547,-0.16272193287469422,-0.17041817083391933,-0.174296015786508,-0.16959375993313522
2022-12-22 00:00:00+00:00,-0.18379122670337336,-0.1805651891294423,-0.17662565968621294,-0.1717498350459201,-0.19419327591374153,-0.17647606144807398,-0.16110597171091373,-0.1679681629845216,-0.17144343393537215,-0.1666349504054395
2022-12-22 01:00:00+00:00,-0.1811649076971167,-0.17783660879210367,-0.17291376942565398,-0.16912648264591773,-0.190713914186643,-0.17450765384470276,-0.15972052996650393,-0.1658015223904944,-0.16856005669217333,-0.16371265531324655
2022-12-22 02:00:00+00:00,-0.17620363965524657,-0.1746657482327914,-0.16722784250820386,-0.164707928056746,-0.18578044387618647,-0.17166342950836277,-0.15647702280312187,-0.16209234081615842,-0.16444316480580878,-0.15886829879080605
2022-12-22 03:00:00+00:00,-0.17337727831344443,-0.1719597080942862,-0.1654362106870553,-0.16272391605075337,-0.18243147295016152,-0.16945781816186803,-0.15452578853624885,-0.158867963871452,-0.16245541318169948,-0.15695422599310901
2022-12-22 04:00:00+00:00,-0.16740562983022242,-0.17110627770758885,-0.15962340800322514,-0.15877219204098836,-0.17956311394845811,-0.1682254435459733,-0.15275283596911485,-0.1584762770129374,-0.15923184130218127,-0.15409942705791102
2022-12-22 05:00:00+00:00,-0.16755868257463144,-0.1695356818732504,-0.1600603765929501,-0.1592267969343143,-0.1786349693201717,-0.16772880914954838,-0.15414819019123702,-0.15757142919587744,-0.15877269835315377,-0.15520771650099657
2022-12-22 06:00:00+00:00,-0.168486954260642,-0.1685091230660866,-0.16044399895779662,-0.15973861290883606,-0.17819319199545003,-0.1675167935614234,-0.15519541371911177,-0.15795357295792656,-0.15851639146081464,-0.15639101554364046
2022-12-22 07:00:00+00:00,-0.16517199242724992,-0.16715705373269168,-0.15845569561911846,-0.15707073336404825,-0.17547285886427627,-0.16592484912205643,-0.153334367048693,-0.15638286994989553,-0.15659077306369323,-0.15439415887933242
2022-12-22 08:00:00+00:00,-0.16332508311353813,-0.16600990456304127,-0.1564652709880814,-0.1552833737037815,-0.17388970696760558,-0.1652036628247834,-0.1527481279260343,-0.1565900033322343,-0.1548636536290241,-0.15411945535974803
2022-12-22 09:00:00+00:00,-0.16227797961482018,-0.16471469970561825,-0.1552366206608702,-0.15415710565946092,-0.17277222090609715,-0.16487877311044702,-0.15276510763826687,-0.1570042228728072,-0.15370114701010068,-0.15415663664529966
2022-12-22 10:00:00+00:00,-0.1630392429052315,-0.16431439484597138,-0.15516876843686386,-0.15427650028562476,-0.17222980932605156,-0.1648743547750403,-0.1546784617097137,-0.15820793035668046,-0.15325708676281397,-0.15552865094758225
2022-12-22 11:00:00+00:00,-0.1617425213954269,-0.16302551257370312,-0.1533607097054214,-0.1521280197837628,-0.1702413587816265,-0.16352579454628277,-0.1543018546336092,-0.1585065698477109,-0.15193364276202387,-0.1553975261840451
2022-12-22 12:00:00+00:00,-0.16046921972205516,-0.16168654616913594,-0.15181131958974606,-0.1502925488159464,-0.16743502507996227,-0.16230170329519347,-0.1537702788851723,-0.15845687064392072,-0.1506918161851027,-0.15512680881992827
2022-12-22 13:00:00+00:00,-0.15708100773098518,-0.15951716563650076,-0.14922440218522834,-0.14801588322316184,-0.16319369320376587,-0.16051947346084186,-0.15099269338507745,-0.1572599406192886,-0.1487181593123008,-0.15324621843539124
2022-12-22 14:00:00+00:00,-0.15642647376978278,-0.15880426260200742,-0.14868985184335795,-0.14791737195392018,-0.16139783888613624,-0.15979101808095342,-0.15095904680874717,-0.15732516106697156,-0.14773079835062525,-0.15345288697748122
2022-12-22 15:00:00+00:00,-0.1578640079158045,-0.15785084025288582,-0.1481854349839398,-0.14827618833268502,-0.15811244863232493,-0.15808589658597544,-0.1524256218063432,-0.15835653092267535,-0.1447031301132652,-0.15601250315522597
2022-12-22 16:00:00+00:00,-0.15825103299889562,-0.1577765726935686,-0.14803585211108658,-0.1489237247608647,-0.15733924179792003,-0.1577024467473246,-0.15286408315850206,-0.15781369365863318,-0.1443644053499214,-0.15603695795920952
2022-12-22 17:00:00+00:00,-0.1551548912584962,-0.15568713912930432,-0.14639446148807586,-0.14730313754253685,-0.15444238204998223,-0.15638878110936952,-0.1497641117077865,-0.15602535403956241,-0.14287256582874863,-0.15388944572163382
2022-12-22 18:00:00+00:00,-0.15233767744723323,-0.15371040168623146,-0.14458004169039088,-0.14579171587835882,-0.15130444441511418,-0.1546797075138365,-0.14688547739288807,-0.1543528222382247,-0.14075111391791456,-0.15232185983309782
2022-12-22 19:00:00+00:00,-0.15228985977601892,-0.15351353087440478,-0.14448250210749078,-0.1460927237614693,-0.15011825425445027,-0.1537670276179307,-0.14676382601687268,-0.15353484749466811,-0.13980668557352205,-0.15247665772137384
2022-12-22 20:00:00+00:00,-0.15062598701134314,-0.15236794652899593,-0.14316360638556694,-0.1451462523789436,-0.14936900534323222,-0.15294240264790399,-0.1450638573721541,-0.15266175794907927,-0.13879235851860816,-0.1514762657532867
2022-12-22 21:00:00+00:00,-0.14905906622854456,-0.15133214565859499,-0.1422490321358694,-0.14440369531179353,-0.14892826092269282,-0.152347524822693,-0.14343305490908875,-0.15164446396649417,-0.1382069694269294,-0.15043430153391696
2022-12-22 22:00:00+00:00,-0.14859212655631052,-0.15103005556272944,-0.14210680406102424,-0.14428659205166736,-0.14882201603184453,-0.1521432403070354,-0.14293371858300366,-0.15117433405149916,-0.13806464862009543,-0.15012259831888952
2022-12-22 23:00:00+00:00,-0.14426995482000501,-0.14832420507980607,-0.13954622959952875,-0.1419715868993317,-0.14847861943957696,-0.15149005480768596,-0.13876709386091926,-0.14887903451006587,-0.13776757362269593,-0.14681330394311182
2022-12-23 00:00:00+00:00,-0.14587435191954964,-0.14955685692324466,-0.14155931265132152,-0.14350682981137594,-0.1497905995224309,-0.1525362992235311,-0.140161717282859,-0.14870678482580418,-0.13865170987165854,-0.1476061466192593
2022-12-23 01:00:00+00:00,-0.147687998421671,-0.15082870903202278,-0.14429819176303024,-0.14513082379662642,-0.15105904344887616,-0.15363525180540594,-0.14175529005150353,-0.1486348475983434,-0.13963129697503174,-0.14834685211851437
2022-12-23 02:00:00+00:00,-0.15112281572951505,-0.1526998363878051,-0.14948524684114858,-0.14689883963656197,-0.1528567385938827,-0.1550508158121206,-0.1451748716964508,-0.14920060388451273,-0.14136755833958392,-0.15007914766211752
2022-12-23 03:00:00+00:00,-0.14877953693943943,-0.15073252074421872,-0.14924419926102764,-0.14511332547257572,-0.15211026430118374,-0.15395033118357457,-0.1426546007730334,-0.1472545913484333,-0.14127508164274183,-0.1478448022677845
2022-12-23 04:00:00+00:00,-0.1490274381360446,-0.1504766753305425,-0.15035489721698606,-0.14497779590819243,-0.1528601261670769,-0.15396417470728138,-0.1428596207187871,-0.14709212249360543,-0.14201477146486202,-0.14757002245001402
2022-12-23 05:00:00+00:00,-0.1522168566415998,-0.15245867214117115,-0.15379803888298835,-0.1466993244798513,-0.15579354191030495,-0.155239128598442,-0.14618650130773833,-0.14860114745604003,-0.14407483686658773,-0.14943665081290533
2022-12-23 06:00:00+00:00,-0.15660458690169518,-0.15494781980104297,-0.15683433076136996,-0.14920107609834737,-0.1597669878161237,-0.15677851352865835,-0.1507459152132572,-0.1504323996040722,-0.14686453805845678,-0.1520561362999133
2022-12-23 07:00:00+00:00,-0.15997626091668402,-0.15649115622369708,-0.15812070097931338,-0.15107164678452484,-0.16220185636970522,-0.15815882201104078,-0.1523131992320234,-0.15143949541054352,-0.14895771491417908,-0.1536771786850883
2022-12-23 08:00:00+00:00,-0.16555286858568832,-0.15824124103598913,-0.15987786528768436,-0.15508410410364837,-0.16577244337510327,-0.16022600992995067,-0.1540835505861871,-0.15326367509356315,-0.15198523592808932,-0.15674661778212157
2022-12-23 09:00:00+00:00,-0.1678947129062732,-0.15982238529259807,-0.16115578841364028,-0.15675257254698052,-0.16811476072442005,-0.16166700978785975,-0.15536471420821563,-0.15459544565764316,-0.1536405152244713,-0.15798149919600252
2022-12-23 10:00:00+00:00,-0.16913588465725768,-0.16080324589775952,-0.16232487046606228,-0.1578152957491864,-0.1696639012165933,-0.16251518172958032,-0.15548917618440394,-0.15501985784373257,-0.15477568025608796,-0.15853718331941072
2022-12-23 11:00:00+00:00,-0.17127635857171228,-0.16358548410350954,-0.16498412065190174,-0.16052467572436743,-0.17304926644591018,-0.16452593237157298,-0.1575057769456871,-0.1569813283637592,-0.15685681644713528,-0.16146990817784454
2022-12-23 12:00:00+00:00,-0.17245465934785673,-0.16542442494809872,-0.1660158124147901,-0.16188449999157198,-0.17549338331037778,-0.16592646142115508,-0.1583357376298472,-0.15808838314926796,-0.15872529226687532,-0.16219113556982873
2022-12-23 13:00:00+00:00,-0.17429066299344773,-0.16806375148399194,-0.168025697840851,-0.16401071532020556,-0.17910187152151008,-0.1681396794953764,-0.16033815723555642,-0.1601496244190639,-0.16103659014483346,-0.16400715772093533
2022-12-23 14:00:00+00:00,-0.1755466015593171,-0.17001461120617917,-0.1693966992652148,-0.1653453073150189,-0.18171838180288807,-0.1696572087612788,-0.16139291763611072,-0.16133331327157796,-0.16258662950293523,-0.16473626594256555
2022-12-23 15:00:00+00:00,-0.17659924286174508,-0.1716822894993491,-0.17118701545937207,-0.16681909387203137,-0.18384210247340133,-0.17084612984163805,-0.1620245256064928,-0.16264758431361082,-0.16421399817202753,-0.16592215835095242
2022-12-23 16:00:00+00:00,-0.17813507272891646,-0.1740636623681952,-0.1738199321226113,-0.16907498299406346,-0.18688717136181326,-0.17256409040991982,-0.16309156177830106,-0.16472722456022343,-0.166579792367051,-0.1679929321446672
2022-12-23 17:00:00+00:00,-0.17925548968187768,-0.17570960233964905,-0.17496687455678492,-0.17025555713122406,-0.18905938223355767,-0.17395024963441225,-0.1643778659780482,-0.1665098645459205,-0.1677543501273447,-0.16885438795453236
2022-12-23 18:00:00+00:00,-0.17957685584294017,-0.1763442579656816,-0.17454895309165216,-0.17022105561637033,-0.18975063512790358,-0.17442157765508853,-0.16381928608350463,-0.16686826670096014,-0.16802691616786697,-0.16796275639218716
2022-12-23 19:00:00+00:00,-0.18058444469004195,-0.17791922532973042,-0.17516282988513424,-0.17122508939913242,-0.1914951376597429,-0.17568344217908624,-0.16433725797838464,-0.16847953062455534,-0.16915254786038675,-0.16836370171708842
2022-12-23 20:00:00+00:00,-0.18148289339289128,-0.17947530333664485,-0.17672484993452817,-0.17225526542899902,-0.19335154448341857,-0.17662045595855302,-0.164207788014378,-0.16915246214511923,-0.1706464566369461,-0.16870520316583063
2022-12-23 21:00:00+00:00,-0.18388884645024564,-0.18186320960791802,-0.18067716598685954,-0.17460796363664136,-0.19646431685328755,-0.17795904110049718,-0.16477544131440522,-0.17001211370532582,-0.17357405859495062,-0.171191239145444
2022-12-23 22:00:00+00:00,-0.1858849691516226,-0.18360070507313575,-0.18256535318461894,-0.17581813082698863,-0.19826061456920277,-0.17884295740541764,-0.1643402500352286,-0.17035596024266003,-0.1753926109798209,-0.17233766325566233
2022-12-23 23:00:00+00:00,-0.18772821606020793,-0.18560747751283593,-0.18379896219008166,-0.17723726229356374,-0.20067190556233147,-0.18061774640982126,-0.16564089368681437,-0.17282547709807,-0.17672964606796726,-0.17354212432599822
2022-12-24 00:00:00+00:00,-0.18888350858369177,-0.18701216251686698,-0.18598710503381585,-0.17894623570204696,-0.2026185765903272,-0.1815614151844004,-0.1665288429942602,-0.1738098910228503,-0.1783906371415332,-0.17577277984278084
2022-12-24 01:00:00+00:00,-0.18995515996491122,-0.18837937421078588,-0.1881736965042535,-0.1808976852747041,-0.204185937613134,-0.18277620651880294,-0.16754414330915984,-0.17549065023759114,-0.1794489461505066,-0.178326383157342
2022-12-24 02:00:00+00:00,-0.19128681066736922,-0.18997920734164692,-0.1899113575751942,-0.18325320581297536,-0.20492146695287247,-0.18444990501774267,-0.16951685825389118,-0.17812246975418874,-0.1809963486677474,-0.1810074289051447
2022-12-24 03:00:00+00:00,-0.1932117015468647,-0.19220044664105107,-0.19163285070745642,-0.1855553182624908,-0.20636182593331642,-0.18639811130428807,-0.1717407424036423,-0.18140110422924843,-0.18316119928188201,-0.18292837471641318
2022-12-24 04:00:00+00:00,-0.1948759254460167,-0.19376636512486378,-0.19315527715130384,-0.18719050876315121,-0.2077105678301974,-0.18764700274576168,-0.1723906841084076,-0.18303465435192431,-0.1846559121215805,-0.1844148435741389
2022-12-24 05:00:00+00:00,-0.1971491384975154,-0.19647329628210286,-0.1954337559005728,-0.19014787229051525,-0.2091780487651137,-0.18995326445589855,-0.17528115488663817,-0.18731580993681646,-0.18732568262443716,-0.18684763117521755
2022-12-24 06:00:00+00:00,-0.1998605217680138,-0.19972437571847168,-0.19861309631434607,-0.1919509848050977,-0.210960136335,-0.19267715128026341,-0.17940438268601863,-0.19215703659979694,-0.1904622211713189,-0.1909426515873642
2022-12-24 07:00:00+00:00,-0.20307806719606583,-0.20141465361418232,-0.20461522846685012,-0.19508493770118673,-0.21333450168328266,-0.1952747848090149,-0.18058128321871533,-0.1955715016521837,-0.1929699273324178,-0.19787454679827363
2022-12-24 08:00:00+00:00,-0.20511652005882228,-0.202789015967973,-0.20673678723891561,-0.19664911066198365,-0.21491871281904207,-0.19659950134907567,-0.180339228362426,-0.19800469935107817,-0.19432305512902392,-0.20079118271878071
2022-12-24 09:00:00+00:00,-0.2065048337136329,-0.2040417223530977,-0.20797657245158443,-0.1973643537349564,-0.21602152239351227,-0.1973995325959333,-0.18046880389131467,-0.19944536711333366,-0.19531643271032706,-0.20219371644926065
2022-12-24 10:00:00+00:00,-0.20814506993129098,-0.20579956878922767,-0.20930260753389643,-0.19790039813025068,-0.2173189549570663,-0.19854967804451745,-0.18254886668689554,-0.20119538150284794,-0.1969235370969043,-0.20370934878798175
2022-12-24 11:00:00+00:00,-0.21326107006867454,-0.20857989418437328,-0.2135551105974954,-0.20097176834081365,-0.2201459667091513,-0.20136554812818075,-0.1827742912281904,-0.20717561389099676,-0.19963521866961165,-0.2101722453254768
2022-12-24 12:00:00+00:00,-0.21820517675532905,-0.21337477156009205,-0.21747761942253632,-0.20334478297184705,-0.2232367106590892,-0.20429594220897457,-0.18601341377656863,-0.21269864420679582,-0.20312467098869513,-0.2156953068492235
2022-12-24 13:00:00+00:00,-0.22267855917797433,-0.21758121555170845,-0.22101167246892825,-0.20533266998540353,-0.22616790013186064,-0.20679217498647587,-0.18807015242870626,-0.21726691229938222,-0.20605237979183805,-0.22012082373734743
2022-12-24 14:00:00+00:00,-0.22643648057888435,-0.2212945325606256,-0.22382701427819543,-0.2070226252405934,-0.22919390848610638,-0.20889399791637842,-0.18979603180960583,-0.22092635024180776,-0.20860226505563484,-0.22368569905929206
2022-12-24 15:00:00+00:00,-0.22816778392331047,-0.22279157733186783,-0.22506038505207096,-0.20784010024743388,-0.2312721058661292,-0.20969113666957714,-0.18977574068649658,-0.22211716398786008,-0.20955241727634405,-0.22508920177482972
2022-12-24 16:00:00+00:00,-0.22917409412731135,-0.22419660169937922,-0.22643541491092498,-0.2080773878078065,-0.23213114690083386,-0.21029503958489398,-0.1900404750304248,-0.22275088391802295,-0.21040934070896428,-0.2256994931281342
2022-12-24 17:00:00+00:00,-0.22940984702111064,-0.22404173739811944,-0.22707243873380187,-0.20821823389948463,-0.23319247700074916,-0.21000213601682402,-0.18868389094362625,-0.2220562399820254,-0.21014373973636202,-0.22559560002394816
2022-12-24 18:00:00+00:00,-0.22858724893799273,-0.22354517340762797,-0.2270920709621658,-0.20742420022683594,-0.2327438787340409,-0.20912489787512845,-0.1870461208166466,-0.2200618312445401,-0.20953287256149872,-0.22334000600794107
2022-12-24 19:00:00+00:00,-0.22719464273665188,-0.22381708576331588,-0.2263619373818986,-0.20488540495520077,-0.230947667114897,-0.20810131286925682,-0.18615031554663214,-0.2172118099649833,-0.20920300676109788,-0.21905083378342802
2022-12-24 20:00:00+00:00,-0.22723343207001082,-0.22581405443751845,-0.2258351015135223,-0.20375669317752101,-0.23208366521789559,-0.20882073758957898,-0.18969383403461385,-0.21726115144548344,-0.210369869175405,-0.2184612165764528
2022-12-24 21:00:00+00:00,-0.2276298515877094,-0.22708803599668897,-0.22633785760045214,-0.20379031758613092,-0.23294108639155037,-0.20963714267295458,-0.19192176935167948,-0.21812057967991863,-0.21110205327189285,-0.21932433995189668
2022-12-24 22:00:00+00:00,-0.2280410700078976,-0.22646443122501358,-0.22717873996744478,-0.2050559856043988,-0.23189376411448276,-0.20988828823921213,-0.19143719954413269,-0.21940927570774094,-0.21115690945322774,-0.22120317272485074
2022-12-24 23:00:00+00:00,-0.22457385833404106,-0.2250711921082369,-0.22244020237432724,-0.201226006448886,-0.2316015033691213,-0.20765310610218823,-0.19054579065619795,-0.21401427258079833,-0.209293539851385,-0.2142248814085721
2022-12-25 00:00:00+00:00,-0.2215222374537966,-0.22237975666708093,-0.21873627492860467,-0.19810240454080558,-0.23045891817248002,-0.2061431400465255,-0.1907241279335688,-0.21047048904145982,-0.20726613853173076,-0.20987914462291346
2022-12-25 01:00:00+00:00,-0.21908879831878528,-0.22050760191560387,-0.2161584604049274,-0.19622587598380384,-0.22911758320612458,-0.20519114575461608,-0.19102954857657367,-0.20851045499180573,-0.20495134811171534,-0.20748695988540766
2022-12-25 02:00:00+00:00,-0.21742678445553035,-0.218781037071131,-0.21414755444957242,-0.19489153254125707,-0.2278500770296581,-0.20429133343419878,-0.19054615014209578,-0.2068480442919351,-0.203236462692319,-0.20550584266889022
2022-12-25 03:00:00+00:00,-0.21678470624759386,-0.21762915815110398,-0.21438097694253974,-0.19590947191047622,-0.2264932151661372,-0.2037129211312027,-0.18971118136987855,-0.206654478388186,-0.20375822765046453,-0.20550234279980506
2022-12-25 04:00:00+00:00,-0.2163124995512498,-0.21688194289819535,-0.21431549014445836,-0.1963881866548246,-0.22564483873884622,-0.2033318662678132,-0.18890527071437094,-0.20639075718623456,-0.20370410861566052,-0.20537079848840203
2022-12-25 05:00:00+00:00,-0.21618923389965608,-0.2169720640802419,-0.2146959714727051,-0.1968235963159051,-0.22519457554313482,-0.20339446034333034,-0.18901687138796794,-0.20670400795890354,-0.20393450342791514,-0.2059420607665466
2022-12-25 06:00:00+00:00,-0.21611223103269603,-0.2168495728105309,-0.21541809596136582,-0.19817480542458277,-0.2245619289950136,-0.20336787228062309,-0.18824213234798362,-0.2073433291214353,-0.20380077383250667,-0.20706911398672195
2022-12-25 07:00:00+00:00,-0.21484761582287878,-0.21590306648206364,-0.2138296911984083,-0.19724054523344553,-0.22358499665261372,-0.20287478187314514,-0.18899920115007549,-0.20642829094963328,-0.203151309303504,-0.20612718950465714
2022-12-25 08:00:00+00:00,-0.2125464050147398,-0.21250178992501542,-0.21099685847930202,-0.19605393749141298,-0.22201715018197465,-0.20106193841731962,-0.18675116875112038,-0.20342918636076615,-0.201047741039251,-0.2026315820370882
2022-12-25 09:00:00+00:00,-0.2103233697630568,-0.2095466310779992,-0.20835919281978724,-0.1949863431768719,-0.22037382097500477,-0.19951898041777993,-0.1853074821278704,-0.20078464798947665,-0.1991809084116694,-0.1998657686733774
2022-12-25 10:00:00+00:00,-0.2074686273040526,-0.2066643815323494,-0.20248511019644974,-0.19076983177729617,-0.21916709798658557,-0.19735131205367742,-0.18305042144473596,-0.19729860857097703,-0.19488648515168483,-0.1935415737773474
2022-12-25 11:00:00+00:00,-0.20538788524049026,-0.20504288425247835,-0.19847748184043337,-0.18793180123322067,-0.21816279132787564,-0.19609968858045346,-0.18195660408477946,-0.19583002690802256,-0.19206562756240703,-0.18979830796076047
2022-12-25 12:00:00+00:00,-0.20352581986402488,-0.20346993413482267,-0.1955926139624299,-0.1854417681043741,-0.21772321747233286,-0.19435266159457798,-0.17933912807499647,-0.1930142463284183,-0.18923100239283464,-0.18517244655682794
2022-12-25 13:00:00+00:00,-0.20285267330382187,-0.2033494796911084,-0.19426688755796254,-0.1836115272640811,-0.21754126154856307,-0.1932119678168338,-0.17947994191437866,-0.19292005549449837,-0.18819794448278176,-0.18434696906067286
2022-12-25 14:00:00+00:00,-0.2019081289265716,-0.20174815836402193,-0.1932209013900866,-0.18438954846091143,-0.21678142217845345,-0.19284094896167403,-0.1769784716445023,-0.19057121028952084,-0.1873934833703032,-0.18214567296946835
2022-12-25 15:00:00+00:00,-0.2010853785643227,-0.20120417661706647,-0.19239575422901886,-0.1842402671160655,-0.21569241510812565,-0.19250067232566392,-0.1778621389667582,-0.1913193975797481,-0.18699804165656353,-0.18273436488937841
2022-12-25 16:00:00+00:00,-0.19939318089264094,-0.19951805516830534,-0.19064685380060023,-0.1839902612429928,-0.21377942058309524,-0.19152977104053065,-0.17749199106153013,-0.19068605980545955,-0.18582861757727448,-0.1820600198790305
2022-12-25 17:00:00+00:00,-0.19704021167041916,-0.19733396957570792,-0.1870262649575706,-0.18135839937498066,-0.2110562717725343,-0.18913828100382002,-0.175594899243535,-0.18845096409793838,-0.18301047127795483,-0.17866971917053703
2022-12-25 18:00:00+00:00,-0.19386158997079603,-0.19419772437742724,-0.18149851398628022,-0.17565979976149737,-0.20603470145456515,-0.18557933989626443,-0.17119215292110143,-0.18380992864600848,-0.1786061814978817,-0.17265628851513518
2022-12-25 19:00:00+00:00,-0.19054501068611177,-0.1905613122506285,-0.17810336561901144,-0.17305810496540106,-0.20204103288708147,-0.18334607355203303,-0.16687565897687634,-0.17882039643572667,-0.17560124148720846,-0.1696562126989081
2022-12-25 20:00:00+00:00,-0.18668986346655583,-0.18825765037559872,-0.17447275829589468,-0.17002106919758822,-0.19863252077322668,-0.18101034018673745,-0.16500897050289226,-0.1764689686129069,-0.17283124971756697,-0.1674817476046157
2022-12-25 21:00:00+00:00,-0.18175890891135252,-0.18571918608801147,-0.16966322200702802,-0.1660302196793465,-0.1944183523055316,-0.1779782260052941,-0.16363494512215085,-0.17449270824327945,-0.16936410288643527,-0.16514994615940404
2022-12-25 22:00:00+00:00,-0.18166316083197206,-0.18504799572406888,-0.16979738886052628,-0.1666279132147934,-0.19393477856557262,-0.17780546325526803,-0.16491032197256025,-0.17540185924007143,-0.16924762850084618,-0.16655372006141078
2022-12-25 23:00:00+00:00,-0.1849836956982823,-0.184745139987745,-0.17549315740984214,-0.1737362324470236,-0.19734686695145742,-0.18071527009102487,-0.1691363774548723,-0.17779217345591442,-0.17247572198466443,-0.17313694705642935
2022-12-26 00:00:00+00:00,-0.18613902739854413,-0.18556621797129946,-0.18144236973504915,-0.1780323260727798,-0.19903268590129466,-0.1822169259797899,-0.17302344026695152,-0.17956770975723602,-0.17453397205340854,-0.1782391858668055
2022-12-26 01:00:00+00:00,-0.18515313388949275,-0.18392359647794,-0.18097567708057913,-0.17746359989466162,-0.19710267559773004,-0.18097893417804375,-0.17289716348012182,-0.17770719109627492,-0.17324510999672965,-0.17808524726833674
2022-12-26 02:00:00+00:00,-0.18349537050890377,-0.18129603173856168,-0.17681296991868975,-0.17452921067565536,-0.19314838742240567,-0.1779946173510693,-0.17266440088444593,-0.17639298578667822,-0.16958770933308243,-0.1767906953788003
2022-12-26 03:00:00+00:00,-0.1811994559885254,-0.17771035059826595,-0.17108985455163986,-0.17027205155328412,-0.18881997074429074,-0.17511243689328576,-0.16991044056036175,-0.17338411359651495,-0.16596020499393216,-0.17288501673134196
2022-12-26 04:00:00+00:00,-0.18007598904226488,-0.17591758606173358,-0.1696261184966197,-0.16885920004253538,-0.18686849394797023,-0.17402635637365196,-0.16875862659895394,-0.17158091704581152,-0.1647602161889859,-0.17147902395338746
2022-12-26 05:00:00+00:00,-0.17946327722555014,-0.1750466169387742,-0.17034163809160505,-0.16919140061539983,-0.18643169494273837,-0.17430123061221886,-0.16811154332394737,-0.17003373602276328,-0.16469923271691722,-0.17106858654242216
2022-12-26 06:00:00+00:00,-0.17915606692763095,-0.17452026789029318,-0.1704927242941829,-0.16913253916520418,-0.18587343199824097,-0.17406443429405244,-0.16808516670400225,-0.16946789683106134,-0.16436653610720747,-0.17101360630350707
2022-12-26 07:00:00+00:00,-0.17940805140527397,-0.17487646226803166,-0.17172647845852226,-0.1700628209244384,-0.18642660185019994,-0.17440077193898867,-0.16853182657403618,-0.16953319712768153,-0.16498248900932205,-0.17180367000080748
2022-12-26 08:00:00+00:00,-0.17848022721944953,-0.17362853230251835,-0.17152492323136034,-0.16910165709057762,-0.1855159669761149,-0.17323174262355226,-0.1668363534625314,-0.16730325860719186,-0.16452198533466705,-0.170096685608335
2022-12-26 09:00:00+00:00,-0.17739507195704426,-0.17227994043880335,-0.17079957778600316,-0.16765399610608103,-0.18435394550492254,-0.17194605339013294,-0.1647941556618621,-0.16487217424551026,-0.16382613985797306,-0.16828561211731982
2022-12-26 10:00:00+00:00,-0.17553086966649786,-0.16965767098647355,-0.16862759384238543,-0.16520075179351032,-0.181161854264007,-0.16976827080755288,-0.16259294646489267,-0.16195027558193978,-0.16171750217140163,-0.16576108757868194
2022-12-26 11:00:00+00:00,-0.16665253462415272,-0.1655794276444036,-0.15972956119360568,-0.1580137837851085,-0.1740699362225278,-0.16568926129038736,-0.15629882153462918,-0.15741919368628424,-0.15568069989373268,-0.15721364810881544
2022-12-26 12:00:00+00:00,-0.15510617643158184,-0.1586272082714045,-0.15311284469330746,-0.14864211217621534,-0.16604377398672662,-0.16049726418036422,-0.1452933865712074,-0.1512725404699439,-0.15006238015019502,-0.14883199065871816
2022-12-26 13:00:00+00:00,-0.1498679499852054,-0.1538352246259111,-0.1500210849665428,-0.14427695386253037,-0.1614240345885602,-0.15750104800461134,-0.1408578147589745,-0.1484776305897748,-0.14688636847229863,-0.14541064723457867
2022-12-26 14:00:00+00:00,-0.14711530230248746,-0.15052042068304833,-0.14941766766737938,-0.14177007709199005,-0.15790507733276682,-0.15510730722010896,-0.1385189367911657,-0.14599892850879487,-0.14501074633457073,-0.14378845264844048
2022-12-26 15:00:00+00:00,-0.14560075655551333,-0.14714863263609101,-0.1491817624477135,-0.1421014232126421,-0.15289058501272357,-0.15376981660906294,-0.13910715213280078,-0.1449844563162272,-0.14266499086588447,-0.14459413146267655
2022-12-26 16:00:00+00:00,-0.13967188179623988,-0.143440202809364,-0.14160472397896987,-0.1391491477318601,-0.14813968536830888,-0.15110795791224596,-0.1328784724468262,-0.14246823446305953,-0.138101014302285,-0.14064591302730153
2022-12-26 17:00:00+00:00,-0.1331409131866588,-0.13874717438543124,-0.1341605440761268,-0.13495759767934243,-0.14360390678712728,-0.14750852691956817,-0.1249518675067417,-0.13983544516280935,-0.1328071752212544,-0.13613199561327793
2022-12-26 18:00:00+00:00,-0.13360020859383617,-0.13851440791409864,-0.13484789297572827,-0.13468145049787913,-0.14249248741106474,-0.1455093342495854,-0.12504105689527914,-0.13753568544946573,-0.13134046328210175,-0.13662482274130694
2022-12-26 19:00:00+00:00,-0.12995282410046602,-0.13578606757316208,-0.13310478039989385,-0.13210287065056714,-0.1398873167813246,-0.14156103688107544,-0.12162079501295447,-0.13439099051265865,-0.12941145391174824,-0.1345229615724266
2022-12-26 20:00:00+00:00,-0.1290986153909083,-0.13530764068469167,-0.13306589104236896,-0.13143593242653145,-0.13888090869768388,-0.13942680489274656,-0.12136228116074041,-0.1327460369468963,-0.12957659225356816,-0.1343384725543176
2022-12-26 21:00:00+00:00,-0.1267268378234939,-0.13271536256916783,-0.1326465083947295,-0.12902827046929768,-0.13680010511075805,-0.13524540554125275,-0.11955367878482911,-0.1292001885431383,-0.1292010894146023,-0.13118797657699616
2022-12-26 22:00:00+00:00,-0.12350242269869063,-0.12649452518755028,-0.1302465588508007,-0.12449387388752209,-0.1332214838028717,-0.12843643532519433,-0.11360736339295116,-0.1255908333488433,-0.12825725785621628,-0.12583674045529203
2022-12-26 23:00:00+00:00,-0.1190632866245667,-0.11880409695373476,-0.12341336012441464,-0.11944061821916196,-0.1280939088058192,-0.11948402276777151,-0.1060795309365298,-0.12171827490749394,-0.12354558526914163,-0.11987292679486475
2022-12-27 00:00:00+00:00,-0.11126438927010815,-0.10908493247835957,-0.11315365865008117,-0.11211500351572853,-0.11724572390281865,-0.1089842170768189,-0.09581633562156103,-0.11620529630110894,-0.11384062598987128,-0.10941494744833333
2022-12-27 01:00:00+00:00,-0.09679631306655431,-0.09479793769624348,-0.09543531107124756,-0.09780850955689804,-0.09686545495926835,-0.09151653104624127,-0.07629716104004444,-0.10358179410013384,-0.098518268574191,-0.09333733463774477
2022-12-27 02:00:00+00:00,-0.0809848948247934,-0.0812561848906624,-0.07840739109580783,-0.08166803208614923,-0.08049695527500708,-0.06953133182306856,-0.05677631291324728,-0.08694259649014174,-0.0839834364402713,-0.07729726637088422
2022-12-27 03:00:00+00:00,-0.06092835315482745,-0.060307179007509454,-0.060754660579341674,-0.05989638000060393,-0.06072807753958448,-0.04724196062381099,-0.03967511221739786,-0.06966013419921191,-0.06649470473392695,-0.058393133459777646
2022-12-27 04:00:00+00:00,-0.023046522185581453,-0.005868778827187934,-0.03175793402679744,-0.019744547894619435,-0.02399381347540347,-0.023462328077604358,-0.0039510945747504855,-0.03209909645645315,-0.03285512246032464,-0.01071582140170621
2022-12-27 05:00:00+00:00,0.019711235073847477,0.05292787984982715,0.0028455009949534538,0.020132357085722086,0.01721559722978619,0.0026575433815549526,0.0403466839991595,0.011870141624820668,-0.00309112600299101,0.027722526036204592
2022-12-27 06:00:00+00:00,0.09191558699234925,0.12950617302300999,0.10752663132960552,0.10829049884440223,0.10487331145954606,0.07742336687569089,0.11092780012927136,0.09524189973898242,0.06716034790672419,0.08825780024677504
2022-12-27 07:00:00+00:00,0.13551237601355007,0.15678706571350598,0.1568050393166002,0.163856900729105,0.15214625183508695,0.14198724673621577,0.14275908289609546,0.12560222131582136,0.14981084962907032,0.12063033382380206
2022-12-27 08:00:00+00:00,0.1488456316732982,0.1759130633792983,0.1743998679981846,0.19892316992931927,0.167870597985944,0.16883620320376208,0.17867324907733878,0.16008316663930383,0.1796615687414298,0.15543861327507907
2022-12-27 09:00:00+00:00,0.152989588211958,0.18539686000633065,0.18360728580659666,0.2057618271459505,0.17390994126278642,0.17545530579176166,0.1914202524249054,0.16868273380324622,0.18626595625677445,0.1670551222302875
2022-12-27 10:00:00+00:00,0.16883781174511833,0.1992835237991703,0.1951027962401606,0.23998668152757988,0.18155393767930023,0.19592182176473155,0.21746153557706932,0.20024105767339567,0.21079826015428316,0.2035091359986032
2022-12-27 11:00:00+00:00,0.19233562727726652,0.2224232787484431,0.2255429610663188,0.2842392879660135,0.18903684602713483,0.21594675923148682,0.24746397400670556,0.23688976722255223,0.24590795636175267,0.23504999382941294
2022-12-27 12:00:00+00:00,0.2045523506399403,0.23988808386073035,0.26326637080412196,0.3253908082227621,0.20011458348213657,0.23098070335531445,0.2804628395863444,0.26748213248880565,0.2801934286959378,0.24272701055479573
2022-12-27 13:00:00+00:00,0.20502288217577766,0.2551835080283778,0.2346786432051687,0.30465406760295843,0.18498691168858156,0.21991196243466005,0.2647966462261408,0.2368088520986827,0.24740134869033614,0.23084067305436196
2022-12-27 14:00:00+00:00,0.1986258274603511,0.2477811735934336,0.20884776439562133,0.27148004487159483,0.17175562974138742,0.20031123595435946,0.24108130977135594,0.20191015060550116,0.20912340332891088,0.20114031120485631
2022-12-27 15:00:00+00:00,0.16971934469504416,0.22796496973133767,0.18150455676100138,0.23948826081714927,0.14870306684881146,0.16714324125262237,0.2264402169207635,0.158558837848573,0.1651497875230752,0.1566423941799665
2022-12-27 16:00:00+00:00,0.1426674985710141,0.18980476769296079,0.15555107754374012,0.21166890996855628,0.12618771126661216,0.13407426296096886,0.20446627601116668,0.1155209861217075,0.1266816667839552,0.12398167873676846
2022-12-27 17:00:00+00:00,0.12155369757488185,0.15425242718038884,0.13513404253475517,0.1773575847351964,0.10269952113086508,0.10490288887909298,0.16478205612875435,0.07371632965062805,0.0934989874472174,0.08591473637748892
2022-12-27 18:00:00+00:00,0.09304444746269303,0.13076614111614587,0.11410188342825331,0.13980077816668693,0.08258179501860438,0.07623818054568758,0.12632261493434013,0.03481952697063892,0.06360591719668406,0.06571709318294572
2022-12-27 19:00:00+00:00,0.07289601094688086,0.11696153120448956,0.09359659135315096,0.115039887004184,0.07016111579564546,0.05532444891294962,0.09776087131242236,0.013054500605676506,0.04560128946712387,0.05519605107567027
2022-12-27 20:00:00+00:00,0.05501793373686484,0.10293167733552851,0.07469435532209309,0.09596596391300038,0.06055667759702418,0.046964588599000504,0.07754392069361907,0.0012296866461464773,0.03235241001310417,0.04559602375485816
2022-12-27 21:00:00+00:00,0.045651802902867716,0.09676584787879235,0.060793984483386715,0.08448429485693854,0.05428920763689141,0.040803867032991395,0.06485167294372282,-0.010005470231371882,0.02097262040357449,0.04370101728970108
2022-12-27 22:00:00+00:00,0.03437248329600609,0.08914446243968828,0.0426533745615372,0.07440715481012539,0.04773964223946495,0.03512789522779476,0.05247064687986605,-0.020415046078057858,0.009954911431009225,0.036837470818469414
2022-12-27 23:00:00+00:00,0.01401888827060288,0.07230911376346012,0.02195936687854938,0.055716010662251236,0.03943997266337565,0.0296324399087997,0.03703364617217034,-0.0284089397447381,-0.0019946510003922696,0.022146088346073595
2022-12-28 00:00:00+00:00,0.001123305527410079,0.06107871913579989,0.005560900688371284,0.04430824351768947,0.03396943403265554,0.024386829273712926,0.026642888033491158,-0.03710076831379766,-0.011986384713931278,0.012812862631904842
2022-12-28 01:00:00+00:00,-0.01681609772178516,0.04656135338514421,-0.00630452865918632,0.029719693713384898,0.026292916908426694,0.017305829857766727,0.017175309534363442,-0.038992158820428446,-0.019595294627380258,-0.002018941505720767
2022-12-28 02:00:00+00:00,-0.02592059545424255,0.03381049644477281,-0.01380628009603696,0.01851752303380433,0.013299504099961862,0.010052660127192956,0.0026704604983371627,-0.04616302245593176,-0.02924201998430749,-0.012886250277257566
2022-12-28 03:00:00+00:00,-0.033108747109480585,0.02225274123989214,-0.01715013974360391,0.004780720655406134,0.0016106048080512803,0.00525734995891565,-0.008885196873595097,-0.05197435895129418,-0.039204415277465,-0.023731833829835458
2022-12-28 04:00:00+00:00,-0.038724201250701,0.013167795824141307,-0.021009071011517805,-0.005624713175945872,-0.007394452985488437,0.0006531212935704661,-0.016608957513328387,-0.057641387468112204,-0.04689166124590034,-0.03214302624154136
2022-12-28 05:00:00+00:00,-0.045345714675314924,0.005868650088128105,-0.021135880322460637,-0.015546874218397622,-0.015179552750961861,-0.0031418646864138228,-0.023107198160036507,-0.06035196613099522,-0.05310825599593012,-0.03931543831840517
2022-12-28 06:00:00+00:00,-0.051333815892383894,-0.0014582805408955707,-0.020028738751089126,-0.026979782306171818,-0.021751807084447378,-0.0038086026998337547,-0.02336420280383414,-0.059202365247427696,-0.05931078555484588,-0.04449509311524166
2022-12-28 07:00:00+00:00,-0.057060845655586584,-0.00707666479222728,-0.025750481484404397,-0.035620437366035096,-0.026278349515858584,-0.00973919651337292,-0.023578228421129027,-0.059018555345261986,-0.06348692848875372,-0.046848210514423394
2022-12-28 08:00:00+00:00,-0.06185081846713014,-0.01287756446121495,-0.03195174388049574,-0.043478257989855384,-0.030442420147076765,-0.01830912487963947,-0.027186798015913755,-0.06021543673926727,-0.06733867652480853,-0.04772329179854859
2022-12-28 09:00:00+00:00,-0.06385500200872671,-0.016991136906316,-0.03523005501238716,-0.04731300126715482,-0.03443545694745573,-0.02587324075399315,-0.028429446552902055,-0.05944391740402738,-0.06957036004371915,-0.04881087992313454
2022-12-28 10:00:00+00:00,-0.06781458417132208,-0.019661621534251036,-0.03809117553889141,-0.050413838141126044,-0.038570691617680675,-0.031555109514307025,-0.029556551564991956,-0.06167287238406857,-0.070291918831222,-0.051814884462088456
2022-12-28 11:00:00+00:00,-0.07242236717765246,-0.02229936738865511,-0.04101667230713443,-0.05382354804925171,-0.04065480456035597,-0.035622930704006586,-0.0308434274104932,-0.06550394326284803,-0.07254664795041095,-0.05469644240593624
2022-12-28 12:00:00+00:00,-0.07630257170644592,-0.02497369310962118,-0.04375756847328274,-0.057015944297054255,-0.04296320243782242,-0.03946753173629962,-0.031687300422485104,-0.06973232940038213,-0.07494750786364453,-0.0573780765796314
2022-12-28 13:00:00+00:00,-0.08004853788571106,-0.027760374654200518,-0.046703652722668354,-0.060579555324312584,-0.04490137740971045,-0.04339637880109322,-0.03246004202141364,-0.07451992485928602,-0.07748654777144932,-0.061235255980775005
2022-12-28 14:00:00+00:00,-0.08235842445418942,-0.029056216487568995,-0.04921699234138663,-0.06263382185608407,-0.04536858692600976,-0.045455707007359694,-0.03167801951386148,-0.07774654653886454,-0.07836309269339355,-0.06421188957698548
2022-12-28 15:00:00+00:00,-0.08401227245256196,-0.02992979767412561,-0.051310832351563335,-0.06442604061141594,-0.04550267028070548,-0.047801236342943296,-0.03105286884356731,-0.07982949540260476,-0.07963005276571435,-0.06644694516298508
2022-12-28 16:00:00+00:00,-0.08344755642106502,-0.029527734768385897,-0.05121553687288233,-0.06443354054225636,-0.04609868962727012,-0.05013274098890309,-0.02907981599495682,-0.07938613647069043,-0.07872168822792631,-0.0662395453868819
2022-12-28 17:00:00+00:00,-0.08166149562125538,-0.030016385087254557,-0.049775921087147734,-0.06364538690088012,-0.048755253383290426,-0.05166490250773283,-0.02917618270985564,-0.07727186128051883,-0.07635740427432759,-0.06552102251962919
2022-12-28 18:00:00+00:00,-0.08481589649439922,-0.03401380506320466,-0.05342389767134048,-0.06697802575341233,-0.052519634205925564,-0.05588443784295784,-0.03333860935215158,-0.08070520800105041,-0.08003160689587603,-0.06963500651053042
2022-12-28 19:00:00+00:00,-0.08836663335834458,-0.038062090530629214,-0.05821713371216766,-0.07060925351962705,-0.05576390302279635,-0.06044112300360633,-0.03786097231054644,-0.08486963846095699,-0.08409817272074578,-0.0735463635711841
2022-12-28 20:00:00+00:00,-0.09114858296829756,-0.04320401860107767,-0.06236054138852146,-0.07386762732399094,-0.06068939489126876,-0.06488986382625417,-0.04224544379691533,-0.08803361256078546,-0.087549282858514,-0.07787098574458692
2022-12-28 21:00:00+00:00,-0.09355650784814101,-0.04719980508532484,-0.06577084391099569,-0.07650289997863657,-0.06307626302464547,-0.06907280002477428,-0.04603166217319157,-0.09064313854984593,-0.09016240639506258,-0.08122809365131642
2022-12-28 22:00:00+00:00,-0.09381330776051294,-0.04953042156974803,-0.06738429824359862,-0.07722138675702833,-0.06371722078556588,-0.07157797160390642,-0.04837612351473505,-0.09094323374779315,-0.09052600468683482,-0.0831946111318958
2022-12-28 23:00:00+00:00,-0.09157465829057795,-0.04915442813665839,-0.06654696151889389,-0.07557766888922929,-0.06234381995198596,-0.07169245271241409,-0.04815840288032511,-0.08894422433808524,-0.0884203325113654,-0.08243662313597841
2022-12-29 00:00:00+00:00,-0.08749004464713156,-0.04745003563593929,-0.06391696753786111,-0.07246117621178783,-0.05940292874101735,-0.0702389472534024,-0.04662427689326501,-0.08565263152329192,-0.0845404304840184,-0.08032348448817894
2022-12-29 01:00:00+00:00,-0.08289387271046081,-0.04458798531134828,-0.060283583779378036,-0.06865126366183827,-0.05517269213829798,-0.06679771842247265,-0.04437651497921938,-0.08153267555222374,-0.07977145793809749,-0.07698153519034712
2022-12-29 02:00:00+00:00,-0.07619251723241088,-0.03973966959276205,-0.05399450132904621,-0.0626480376562234,-0.0483659849977027,-0.06056735731382162,-0.04014536264278182,-0.07437261676067175,-0.07225069244771877,-0.06978848471137541
2022-12-29 03:00:00+00:00,-0.06916185602671707,-0.03334001519925035,-0.04717857800027678,-0.05594807926154299,-0.04213106443570755,-0.05408749900999661,-0.03455355756810677,-0.06661926516679872,-0.06424355267241301,-0.061380578272685365
2022-12-29 04:00:00+00:00,-0.06507638226782078,-0.02979678346434174,-0.04358827049592964,-0.05195374702860883,-0.039919826705902745,-0.051172057249536926,-0.03191012371269433,-0.062139972005919114,-0.05938316021200464,-0.057897454364322615
2022-12-29 05:00:00+00:00,-0.06497323032005267,-0.029828870313491837,-0.04367636480031309,-0.05160396653899496,-0.039793891763759,-0.05118544596229281,-0.03266571570145746,-0.06208513426247678,-0.05835539536811353,-0.05859561592264728
2022-12-29 06:00:00+00:00,-0.06312936919705944,-0.028493927364459173,-0.0416236111005196,-0.04933321859254958,-0.03845424178782125,-0.04960269935727267,-0.031703679304303095,-0.05937234773245875,-0.05632878317993502,-0.0574929255363863
2022-12-29 07:00:00+00:00,-0.05543395419294864,-0.021738866542406296,-0.03485609036706286,-0.04192354040832397,-0.0334839265118759,-0.04342588138223406,-0.025588608109738814,-0.048923436663662556,-0.051086483939374885,-0.05041212821637922
2022-12-29 08:00:00+00:00,-0.04306548795373846,-0.01369613315557415,-0.027370549374110292,-0.031258602134063285,-0.02467027763630364,-0.03507713062999755,-0.015120125077954488,-0.03588023215283326,-0.043197842827296065,-0.038509624369163414
2022-12-29 09:00:00+00:00,-0.0331276879994927,-0.005240514981605368,-0.024133120706710837,-0.02272337543217734,-0.01727132313937277,-0.028897039314666875,-0.006178422266733846,-0.026866612577151172,-0.037668380267757,-0.029000360289215488
2022-12-29 10:00:00+00:00,-0.025539795507445784,0.002061146426112867,-0.019608021867337483,-0.01662697835966276,-0.010739662971545633,-0.02514397291478103,1.3761909899961955e-05,-0.02009994019095901,-0.034895439749281235,-0.022388168228104632
2022-12-29 11:00:00+00:00,-0.018100708019995998,0.009449432971311858,-0.01505039297647029,-0.010990717123181892,-0.0033056720921124383,-0.02157435491285649,0.005970780796392655,-0.013654080038194683,-0.0335515614381099,-0.017140038531411494
2022-12-29 12:00:00+00:00,-0.012308147965582383,0.015655184152107274,-0.01132754836115163,-0.007215872482192243,0.0029959015173890158,-0.01890255909529044,0.01082102575706409,-0.008807365265530526,-0.03265067658937444,-0.013310735541635116
2022-12-29 13:00:00+00:00,-0.0071278382014894615,0.021852016676072186,-0.007926281041827049,-0.002427194088052198,0.007840236354077629,-0.015959984291473397,0.016107631189494626,-0.0037039505071543855,-0.02919540106248554,-0.00855301117606952
2022-12-29 14:00:00+00:00,-0.005960775518148498,0.0242331672220404,-0.0062799289197809915,-0.00022951100994256235,0.009683192507963762,-0.014724043090233438,0.01862399085700403,-0.0017302345600747893,-0.02702876346159379,-0.0066289642970331075
2022-12-29 15:00:00+00:00,-0.0010050818981705012,0.02903922521255646,-0.0022116899918969146,0.005399335030085439,0.013404666962302886,-0.011631452188494443,0.024247658034147274,0.003512144705034387,-0.021376072648964475,-0.0013104746592697003
2022-12-29 16:00:00+00:00,0.003952258191056379,0.03390609058667522,0.0015747028456905843,0.009608707866636534,0.016850222449923763,-0.008944591285890216,0.029327907845153905,0.008132915792449846,-0.017587171386782688,0.003525531263299797
2022-12-29 17:00:00+00:00,0.009532919357817526,0.040752692099063306,0.006283240125804779,0.013027608616819952,0.02220345710758706,-0.00614531375079401,0.034676748242306016,0.013476824442584745,-0.015396246306020281,0.008268110895459618
2022-12-29 18:00:00+00:00,0.01896571658335658,0.050198451431012495,0.011750667877314352,0.018429482156720356,0.028948326914973094,-0.0025506232298898174,0.042068184785809176,0.020936347601079486,-0.010411031142102137,0.016017142492164044
2022-12-29 19:00:00+00:00,0.02312003840563856,0.05346930195186041,0.014009606321228107,0.02077439029514111,0.033120691232701144,-0.0017060305254768954,0.04507853744303833,0.023725528127026274,-0.009078695286714247,0.01945662741523735
2022-12-29 20:00:00+00:00,0.020838318511817555,0.052172179534811555,0.012055175908046029,0.018814528415147247,0.031034954075375293,-0.0030175422520219014,0.0432770463062809,0.02098371141721833,-0.01176823601292,0.017203829024769635
2022-12-29 21:00:00+00:00,0.02244741309765086,0.05516527561336994,0.011887449882130613,0.018807487500535347,0.03229826440663361,-0.0033838083359989807,0.043742491538919875,0.020695486844184374,-0.012727704711074608,0.017937180210042564
2022-12-29 22:00:00+00:00,0.023808574809421307,0.056773507495676015,0.01200229861553992,0.01944135659569679,0.032755151232772145,-0.0028763502116826295,0.0451076424732447,0.021101256504563543,-0.011953714133926666,0.01921600062750553
2022-12-29 23:00:00+00:00,0.029467847035750255,0.06173661547780031,0.015520277054030168,0.023368119967374756,0.03694652678350699,0.0004455780906498369,0.05036882169047793,0.02560799955815843,-0.007856855457047743,0.024780240553263416
2022-12-30 00:00:00+00:00,0.03627018394703055,0.0669881352780085,0.021371857064499872,0.029318618024841592,0.04278417295505291,0.005023300796784244,0.057779932385266214,0.03276068792977341,-0.00192215954455989,0.032175072105243424
2022-12-30 01:00:00+00:00,0.051338834552068335,0.08091116370056946,0.037285213051576255,0.0436882449031431,0.05681297009964223,0.015725349575157324,0.07465932924354565,0.05046694795100412,0.013026576360039274,0.04793274672351172
2022-12-30 02:00:00+00:00,0.06072347435832645,0.09197853235351024,0.051001567404153125,0.055755770275309646,0.06737965663916609,0.024864162123111475,0.08926436850616978,0.06558580280871454,0.024068819451571064,0.05745300740465592
2022-12-30 03:00:00+00:00,0.06553450602110111,0.09902702946451127,0.05891209063942188,0.062763279460608,0.07335656867269522,0.030283898854207222,0.0952372786404124,0.07334651991026878,0.029865700193595676,0.06148917784779531
2022-12-30 04:00:00+00:00,0.06918561629022307,0.10452459605464133,0.06725505539009535,0.06999654006971828,0.07782716604430626,0.03566739960682529,0.09880020835364964,0.08062853980855686,0.03469335403455119,0.06419985133397743
2022-12-30 05:00:00+00:00,0.06979200930093088,0.10867843581912391,0.07266261309395686,0.07457815403559831,0.08193720945425051,0.04045650671463451,0.10045497462074401,0.08576589884314187,0.036740199194631715,0.06539188095936335
2022-12-30 06:00:00+00:00,0.06558835070554919,0.10894451203637169,0.07244419295502039,0.07292151592341872,0.08402468582906472,0.04302263377104858,0.09898528339125465,0.08399112570723957,0.033415313878980876,0.06285654235098831
2022-12-30 07:00:00+00:00,0.06364380590004654,0.1095041193009902,0.0748090918754046,0.07294370133811634,0.08746425834896501,0.04704751713562831,0.09868807465560223,0.08434882708423638,0.03362135762733513,0.06224247014642817
2022-12-30 08:00:00+00:00,0.06377804956023628,0.11076159266379583,0.07803647374225867,0.07487537650067816,0.09219734259204784,0.05351215474530506,0.09948224720074125,0.08386594305544467,0.03747545191726813,0.06366827218674043
2022-12-30 09:00:00+00:00,0.061724698973040004,0.1083751907020269,0.07616056564768414,0.07475904422931479,0.08836086059252143,0.058823807020169885,0.09778325232495075,0.0821096194764104,0.038710162979278026,0.06341074979892794
2022-12-30 10:00:00+00:00,0.062064424378722116,0.10775237935483813,0.075109602268323,0.07813483659613535,0.08602329743987383,0.06710623256794236,0.09530742562714464,0.08265246081405156,0.042622395505804864,0.06442249145103923
2022-12-30 11:00:00+00:00,0.0598733899499139,0.10451842267289237,0.07205247492970643,0.07849466507198277,0.08156866183280428,0.07278729341140737,0.09164910939220147,0.08086435743080292,0.04346581847148094,0.06226702813054524
2022-12-30 12:00:00+00:00,0.05836662380196431,0.10437105087342975,0.06848741489390339,0.07849659154524125,0.0772087042978262,0.07948815836675059,0.08940587907367445,0.0773027882610757,0.04636795016999738,0.06018609248152412
2022-12-30 13:00:00+00:00,0.05305523032387807,0.10103662447234292,0.061428846537104176,0.07438676845862913,0.06840877564311301,0.07662803901818376,0.08518487994918936,0.0698408865402432,0.0454733915923272,0.05447488484308019
2022-12-30 14:00:00+00:00,0.05075165770299908,0.09985499284212047,0.057318574621763735,0.07337535649051774,0.06252176258366401,0.0731275458007123,0.08235474771518744,0.06406047722895694,0.04667121289549668,0.05090086341528233
2022-12-30 15:00:00+00:00,0.05359125292524,0.10296285279726526,0.05969509294210151,0.07732835891394502,0.061542057486955376,0.07292203210450822,0.08371742184071554,0.061951106076059664,0.05170266084482776,0.05176080706914593
2022-12-30 16:00:00+00:00,0.05613541514261708,0.10571053084483946,0.06151639716155333,0.0794805566070303,0.060733205457355416,0.07164382090479564,0.08519801532157648,0.05886794783258423,0.055515000142663626,0.05215571107837569
2022-12-30 17:00:00+00:00,0.0613558211531918,0.11084642838897359,0.06424584387056209,0.08391125320248538,0.062288111834216536,0.07182693227047192,0.08993793540315767,0.057517953828348484,0.06162863664342176,0.05501407971702452
2022-12-30 18:00:00+00:00,0.07076580478382669,0.11986569922937891,0.06918339685421182,0.0917048797679389,0.06793998115689534,0.07477873300684516,0.09948234514020735,0.06192729895721291,0.06940916572909915,0.06217473542854901
2022-12-30 19:00:00+00:00,0.08018441980225191,0.12792483193199716,0.07545798969376868,0.10220649193883069,0.0722300277852124,0.07892378733178905,0.10803335812582657,0.06847874318199096,0.07886461025524326,0.06865251718207
2022-12-30 20:00:00+00:00,0.08770761477742828,0.13790943158312902,0.08141653561447171,0.11328030819225926,0.07491189990406324,0.08250622111071697,0.11863253717219938,0.07316477299051014,0.08937874170913106,0.07446887161938714
2022-12-30 21:00:00+00:00,0.09784361715514026,0.14941669330421253,0.09276957092721774,0.13879344191293533,0.0785563372161395,0.0913246145376602,0.13701474572385006,0.07924712412651932,0.10946266211342125,0.08389864028982508
2022-12-30 22:00:00+00:00,0.1078614485833963,0.1670764181754324,0.10984615472792228,0.16941866660434493,0.08708078207141542,0.09549390695211939,0.15974948282102502,0.08301691364639005,0.12474912906758194,0.09516568257407576
2022-12-30 23:00:00+00:00,0.12080105732019167,0.18076248745025386,0.13290658036021744,0.20434061137370665,0.09453447496730169,0.09323789428923417,0.17693936439390173,0.08317222023381302,0.1298388363665094,0.10569354199680586
2022-12-31 00:00:00+00:00,0.13084274649332198,0.18905553450338747,0.15151200560043035,0.22490829976514207,0.1014218478038467,0.0974722766030252,0.19385546537029236,0.09094213602653692,0.13717156868834968,0.11845045214560801
2022-12-31 01:00:00+00:00,0.13738355067268562,0.1954172414325988,0.16340554101877428,0.23753621372481495,0.10631092124116112,0.10416452820843856,0.20462828837133157,0.09957506131773755,0.14633621454822954,0.12913313697474998
2022-12-31 02:00:00+00:00,0.13971132973176634,0.19978609918558288,0.16904876355462614,0.24024436965195475,0.10991393572629501,0.11063646463249675,0.20623025022063374,0.10652958381436037,0.15129673191932502,0.13135234654032185
2022-12-31 03:00:00+00:00,0.1354922096506855,0.19014631681032035,0.16497500441186977,0.23168355763348839,0.10956052072332081,0.11142442403064988,0.198820157107996,0.10612341043471676,0.1471345643081604,0.12753403515453876
2022-12-31 04:00:00+00:00,0.12391733136492675,0.17247566517820162,0.15434204096030849,0.21561107814455374,0.10844715570430188,0.10942243806967532,0.1878474682619849,0.10076532828743215,0.1362596773645044,0.1200645642043282
2022-12-31 05:00:00+00:00,0.11199775311968824,0.16212261177836557,0.14509555280501055,0.19730996101545942,0.11202279391113343,0.12049987438232683,0.18308463219261478,0.10647591624706806,0.13404629374058263,0.12256230826304593
2022-12-31 06:00:00+00:00,0.10420582075518986,0.14613763587866468,0.13432693738229498,0.1821674584050236,0.10764642138869498,0.11910870641758663,0.1713320416296828,0.09630607065222022,0.12111274372397084,0.11028554400531468
2022-12-31 07:00:00+00:00,0.10110783129015669,0.13915129970285517,0.1310829550038611,0.17164685239658586,0.10343142999626168,0.11543710627648528,0.1635708537474057,0.08501510665645404,0.10727836412101598,0.0995894172719517
2022-12-31 08:00:00+00:00,0.09323172090111456,0.12802478282074992,0.12491535758333386,0.15424286613704244,0.09896340093760106,0.11193999031520023,0.14839141851767906,0.07377789359963119,0.09284154847659264,0.08943876594727598
2022-12-31 09:00:00+00:00,0.08334685779809131,0.11951710311465992,0.1211885524159331,0.1387371897281984,0.09582873096092029,0.10873536527334897,0.13454716938386688,0.07344855321925867,0.0821458437324669,0.08278008745032295
2022-12-31 10:00:00+00:00,0.07552831703928337,0.11497826753780789,0.1171339085297037,0.12556453818246985,0.09563716700174171,0.10783553781308967,0.12179544004636847,0.08153534377777807,0.08126009567399516,0.0809798651057077
2022-12-31 11:00:00+00:00,0.07282336290916008,0.11410827531535374,0.11523998669210975,0.11950007436065249,0.097153066526356,0.1045511775852858,0.1144607213646128,0.08676360555161663,0.08423882710563745,0.08374860894840747
2022-12-31 12:00:00+00:00,0.06874300132927028,0.10914216374896764,0.11390872748312478,0.11200101266801937,0.09464793280361603,0.09918056891419617,0.10782310483940985,0.08496596780568724,0.08241980346948251,0.08526710411666139
2022-12-31 13:00:00+00:00,0.06483021952628334,0.10188390940999272,0.11274073318277286,0.10422885924623432,0.09046448540348193,0.09481618792814205,0.10464571329756248,0.07833181875503573,0.07764360218050857,0.08574400043759964
2022-12-31 14:00:00+00:00,0.06638091433828117,0.09541032212202256,0.10283429200620792,0.09581803989034077,0.08650066173923013,0.09189814722520155,0.10022750329781246,0.07481241323723273,0.06802982025418124,0.08279054031312907
2022-12-31 15:00:00+00:00,0.07429083145388285,0.09129288824278832,0.09317598346020098,0.09054984751326028,0.08262930254734288,0.1001911134379908,0.10578238042819407,0.07921465732638996,0.06187295152034665,0.08194467611372333
2022-12-31 16:00:00+00:00,0.08484822050214316,0.08867504569944075,0.09532123104866294,0.08876146959309245,0.07926803364137544,0.11535714741563101,0.10980778402545868,0.08645495123248684,0.05953339558620939,0.08235929648243073
2022-12-31 17:00:00+00:00,0.10620123866600115,0.08545029847728598,0.09734393588821591,0.08270302754352515,0.07631363072928685,0.12651682518220014,0.10039295505205995,0.09138402170134344,0.07117952544684446,0.08125913823724074
2022-12-31 18:00:00+00:00,0.1381313214348893,0.08061265530097252,0.10019236449557964,0.07854368691464986,0.07102102721176604,0.1201172635068014,0.09498254155455946,0.09937847172970557,0.10438661002545023,0.09391659800813751
2022-12-31 19:00:00+00:00,0.17939417639856306,0.0695315548637241,0.11317142728947735,0.07621633554981488,0.05798350025218771,0.11343520480141737,0.0951009874972353,0.10864509990645968,0.14719609564064573,0.10827314316384057
2022-12-31 20:00:00+00:00,0.18159684777666615,0.05829809911994242,0.12824139495608247,0.07058854536477,0.04461956697701078,0.10256294937769415,0.09334432825205471,0.11867974266086087,0.1733410179193522,0.12286344574280056
2022-12-31 21:00:00+00:00,0.1765481353719883,0.046420336577533874,0.1528507081567759,0.0656241789643236,0.03823060468295594,0.09661051655619511,0.09272326653536486,0.12974299794137586,0.21542033402104221,0.13798258457720436
2022-12-31 22:00:00+00:00,0.17663376982669152,0.03148037084528908,0.17476108264402027,0.057343203934984044,0.0348450078828246,0.10812227129667067,0.10009932128117385,0.164195740628102,0.2828940778212289,0.13846719154529047
2022-12-31 23:00:00+00:00,0.16847722736445167,0.03028852025099625,0.2061883078739444,0.07801296163235893,0.036981373512384924,0.12690732757567547,0.11012148446741873,0.20200855804462975,0.34390993615221077,0.1392098092209479
2023-01-01 00:00:00+00:00,0.17020946812388907,0.03168596826134655,0.2385862357858223,0.08852386716639488,0.029823067289078825,0.15050299610135465,0.10933548888611525,0.2267928372791796,0.37893691677666863,0.1446578387422568
2023-01-01 01:00:00+00:00,0.15754070198644318,0.036695475081192155,0.2594530042046149,0.0995850655899358,0.02063490800275844,0.16626528885572628,0.10603557161981128,0.23183442232517765,0.39067129568275466,0.148990533733936
2023-01-01 02:00:00+00:00,0.1500361316271259,0.033576078490148334,0.277941130000916,0.10915370700088523,0.009662602548697802,0.1794975749581919,0.09388928328261134,0.2521554324118514,0.401330688084035,0.16865681611196304
2023-01-01 03:00:00+00:00,0.14959043815766207,0.027769489368532532,0.2909753719137962,0.11643697537414283,-0.001799064176898485,0.1894096935109275,0.08232550268262775,0.2742870465125253,0.41469166418948705,0.18441979404804676
2023-01-01 04:00:00+00:00,0.14830294885571874,0.025173747611469746,0.28476468572438096,0.1153554885994581,-0.011499762227895144,0.18774965588166126,0.07241605326089598,0.28438015753757157,0.414667587265975,0.1914600797347955
2023-01-01 05:00:00+00:00,0.1471436189653472,0.02337292920074195,0.27473079012786217,0.11481466458593687,-0.022923792248506963,0.18172722487096754,0.06355426655212967,0.2974931045930758,0.4210196026615975,0.20239371845396004
2023-01-01 06:00:00+00:00,0.1253227740912725,0.026100024815429626,0.2554838975699628,0.10299604800535028,-0.0308659690600534,0.16838012248020257,0.05830264548176897,0.28634809011467216,0.4019031647681596,0.19043185906011773
2023-01-01 07:00:00+00:00,0.09562381961794089,0.03167422967737883,0.23928286200800944,0.09619318872286675,-0.04055256094376575,0.16405265030276667,0.05488872690191135,0.2794010911879082,0.38944637595257564,0.1815916902922199
2023-01-01 08:00:00+00:00,0.06665634643508808,0.03228895433487462,0.22348003748809206,0.09633554792594684,-0.05344703279322169,0.16189624237653133,0.05247775944720559,0.27388996423751905,0.3800683649356875,0.17105051498253804
2023-01-01 09:00:00+00:00,0.061169458100834656,0.031558483469371804,0.2148204070893849,0.09547839484354492,-0.06389937123322201,0.15531739923306526,0.045241736677328975,0.28242369904493275,0.38403687873523745,0.1753086752361066
2023-01-01 10:00:00+00:00,0.06344270843872388,0.03157865855003121,0.20295793684670196,0.0883470816816907,-0.07163813679790934,0.13995116258160045,0.037790397789401825,0.2870322270967464,0.37778354791277724,0.17879281242857836
2023-01-01 11:00:00+00:00,0.07715128095421225,0.031185988474379964,0.19735881423373694,0.10083168917807694,-0.08208380601059304,0.13005942796087683,0.02946692229972539,0.31117765894437116,0.3850827287377125,0.20106401320498724
2023-01-01 12:00:00+00:00,0.09411782524794668,0.03370898700411608,0.189608350390753,0.11916916805745073,-0.08943314792729842,0.11875734622483379,0.02389328632907503,0.33219460160576714,0.39035205676188117,0.21899479930039312
2023-01-01 13:00:00+00:00,0.10843797962222773,0.03159159479256708,0.18023479113285848,0.13463406044372309,-0.0916619958257977,0.12304534569095775,0.02119206471295529,0.35339697771422,0.3940271575188074,0.23067407216804559
2023-01-01 14:00:00+00:00,0.11220744813999475,0.0271930241694998,0.16705955101560196,0.13265217193491421,-0.0943390274441874,0.1193085561898307,0.017203717615203645,0.3510958692092632,0.38377635399022875,0.22407019020241548
2023-01-01 15:00:00+00:00,0.11175834526915779,0.025361258148078422,0.15208907938911068,0.1246139358154579,-0.09684301389793026,0.11072034754453829,0.012319336541482123,0.3394272059838516,0.36355779206900796,0.2110400698180489
2023-01-01 16:00:00+00:00,0.10944257320120968,0.0241120364045085,0.14150643243879216,0.1256911808622008,-0.10150042554455113,0.1065604672235763,0.010766222302511869,0.3392296711172162,0.355553968293015,0.20914818658265405
2023-01-01 17:00:00+00:00,0.10855035954072006,0.021366814081651017,0.13112167356686624,0.12101144940173694,-0.1039004227874549,0.10148562853866587,0.008444013537710987,0.33299870717398866,0.342547540916216,0.20114271367278796
2023-01-01 18:00:00+00:00,0.10626063914935219,0.022459447861547147,0.1157071271310127,0.10190310077660047,-0.10312269059787321,0.08938394531807768,0.007474540299425819,0.30612294355126207,0.30724037547628436,0.17712045145954158
2023-01-01 19:00:00+00:00,0.10331375939479034,0.02540579063912564,0.10305179740764253,0.07133526157339132,-0.09509183282345049,0.07519340000867468,0.011070569569094552,0.2601582348033917,0.2627311984095365,0.14268839703778535
2023-01-01 20:00:00+00:00,0.09613912749189807,0.02842374209359451,0.08996005328748802,0.03481200065290252,-0.08548324170305724,0.06242902655378159,0.01770404041428089,0.21099306974100124,0.21231006089753113,0.10698374393924134
2023-01-01 21:00:00+00:00,0.07026736154662713,0.01619006121624693,0.08219820117211105,0.009377303405717075,-0.07345527392169629,0.04697109368905132,0.027287363701000683,0.14657578916583375,0.15141734392716633,0.06219279347377349
2023-01-01 22:00:00+00:00,0.027037859630993172,0.014407116951114893,0.05480157861519766,-0.003667304832846885,-0.051375768028025404,0.02631100980795066,0.029685222228413882,0.08149562681910175,0.10246325912615616,0.0044065308045893314
2023-01-01 23:00:00+00:00,-0.012384503224421778,0.017708356432377684,0.004414720181666498,0.014153726994210691,-0.03306100037586962,0.010075570161845834,0.023442531460006216,0.014686638093588472,0.05253107886295215,-0.031519051857244657
2023-01-02 00:00:00+00:00,-0.03183549974855773,0.012025777451426259,-0.024803760205311776,0.02445979739714882,-0.018027177985438875,-0.006895709979816297,0.019678540221486712,-0.009399982290708542,0.008175287060655276,-0.04237992412223224
2023-01-02 01:00:00+00:00,-0.015384129067667007,0.006467784325387374,-0.02914281045527145,0.026706116436334526,-0.0009250710455838973,-0.008453242232157668,0.005734948572283544,-0.020747060949139362,-0.020241658720321368,-0.03397837310967025
2023-01-02 02:00:00+00:00,-0.0040399878962470714,0.004598465741917204,-0.025688227622492982,0.02016054103887782,-0.0010904224964323472,0.005112726003327864,-0.0021610674241679118,-0.02318062224690809,-0.034325031449065194,-0.027585785417864772
2023-01-02 03:00:00+00:00,0.007724105071143794,0.0053214477170398095,-0.017478140160587713,0.014853176812343882,-0.007255410525068923,0.017155894889200093,-0.0021779501432176718,-0.023342776235116852,-0.04153074888829196,-0.01838492085012633
2023-01-02 04:00:00+00:00,-0.0005285763515660291,0.006195338289883237,-0.012079503645314293,0.0017435286024300445,-0.010241833470962525,0.018198677462313725,-0.003606902931768269,-0.02932598581039153,-0.042723443570041944,-0.016535822621337154
2023-01-02 05:00:00+00:00,-0.0036793405258990497,0.008514271380911612,0.0051734793182360295,-0.007598602908452601,-0.00786996121251271,0.014747461688094501,0.0018753937713054947,-0.024021540051230084,-0.03184940184631381,-0.015624097634045764
2023-01-02 06:00:00+00:00,-0.011619643192009588,0.013330523734176716,0.00900021378974758,-0.0084057180904063,-0.006081973788116007,0.0009684282008228934,0.004570540898877956,-0.019214432009668603,-0.025604359836027338,-0.015534861413806222
2023-01-02 07:00:00+00:00,-0.013896037138644984,0.014436606744575711,0.006938958661019429,-0.00789456903897251,-0.005601169913130449,-0.003925878633166249,0.005760886983977004,-0.018933348235134734,-0.026020816083674306,-0.015850569335258385
2023-01-02 08:00:00+00:00,-0.013408735544048894,0.017892774196468272,0.010173408081005447,-0.005538040621266338,-0.0016432917223742904,0.00019876905160480518,0.010061109880919655,-0.012295424457836157,-0.02191867023058204,-0.012456710648534375
2023-01-02 09:00:00+00:00,-0.01432532146248286,0.021507019326363522,0.013437729029845136,-0.002869793242687102,0.0011093057137945006,0.004615431490451641,0.014490917935586184,-0.0034135303933655603,-0.01984740054027663,-0.008412965011165424
2023-01-02 10:00:00+00:00,-0.016309019171318634,0.024579455247561735,0.010912166941184631,-0.0005192292619792815,0.005902478414782059,0.01080752364014291,0.02001565153933746,0.001021993683068101,-0.022390379673640617,-0.005611976293618426
2023-01-02 11:00:00+00:00,-0.013317324359330612,0.031908675286450264,0.011590647685893157,0.0059192908554019374,0.014928631808342002,0.016634269210156857,0.028167444117515678,0.011955352695413729,-0.021073509509144175,-0.0025724750591143153
2023-01-02 12:00:00+00:00,-0.013017667198736815,0.03629585734626613,0.012712570367446163,0.008854605558545114,0.021141746397775635,0.015465743134172968,0.03267406401608511,0.01269747232009566,-0.02364016268769166,-0.005270561238502558
2023-01-02 13:00:00+00:00,-0.010860884581352676,0.041122492962804666,0.015148359228096736,0.012901143249862301,0.026154271446009153,0.015001969846946447,0.038546829775520625,0.01317142033411639,-0.02192482844991607,-0.005249668676957836
2023-01-02 14:00:00+00:00,-0.0046732886740507296,0.04880950672149166,0.01962989827916309,0.019479890842786562,0.034050733532086847,0.016523112310891278,0.046179046568538135,0.01936921577503145,-0.017460377676457153,-0.002709052503682141
2023-01-02 15:00:00+00:00,-0.00041066744761164564,0.05567612743223012,0.02252391381542268,0.024293599489704776,0.040427798333538406,0.017350196705044216,0.05348386508564881,0.020783370642107113,-0.015858248145043455,0.0027012282695111356
2023-01-02 16:00:00+00:00,0.017773211381755,0.06355898567956374,0.03779138609631702,0.03997960491305652,0.05606182134452439,0.027944901184299806,0.0669049557762382,0.04378985629935048,-0.0017420700997441002,0.017070345579128204
2023-01-02 17:00:00+00:00,0.01892037434038854,0.06564572146577737,0.04036219635560659,0.04197013464074134,0.059367293385623715,0.0285414716989794,0.0702634628678773,0.0451087695979607,0.0007971346532675144,0.018313137951294994
2023-01-02 18:00:00+00:00,0.017632520314951133,0.06825318188615871,0.042460215704147125,0.04234445865293934,0.06086759289359364,0.02998411702199967,0.07212203205233639,0.04563405278409874,0.004447973399787072,0.01819470377246421
2023-01-02 19:00:00+00:00,0.019567237785050623,0.07250459427965743,0.04822928230147508,0.04573989929204242,0.06428072091420353,0.034562725010353665,0.07488844557517502,0.05158917547761696,0.011741592094789075,0.021615434072293743
2023-01-02 20:00:00+00:00,0.019441363335512912,0.07453640558695353,0.05023321773065151,0.04710359367243738,0.0647374814769183,0.03587160393334736,0.07671703391130744,0.052229607180286824,0.014236468548651668,0.023762444611936218
2023-01-02 21:00:00+00:00,0.01705516619690442,0.07868616639018737,0.05280479821879411,0.04615036711444781,0.06324598308496984,0.03866899479129114,0.07606077262897507,0.05510401857842842,0.019981313332993397,0.029306925453213978
2023-01-02 22:00:00+00:00,0.013324410773577045,0.07757096527616429,0.05280360745590734,0.04276591531182916,0.059621942489896135,0.0398874654805068,0.07392623696743647,0.0541781657585729,0.020643960818381588,0.032956335491709815
2023-01-02 23:00:00+00:00,0.009070517017376656,0.07183501482541045,0.05057429880520195,0.0362901772925151,0.05359026454134311,0.039373380654148624,0.06917182836754829,0.04877853098077797,0.019571787042700337,0.034081970579245224
2023-01-03 00:00:00+00:00,0.011133791423681566,0.07072455690884234,0.05658039782128668,0.03441566945484603,0.053527298134634166,0.043898748624560016,0.06337274695462355,0.049129279061623815,0.026686855958538744,0.039191605513122924
2023-01-03 01:00:00+00:00,0.00867446473131539,0.06504586570999167,0.05390242617707286,0.028370015384354186,0.04751854287108201,0.04283923298914104,0.05874639117851452,0.03889697517273452,0.023737695054421235,0.03795618449831556
2023-01-03 02:00:00+00:00,0.009917243413939264,0.05967980902945329,0.055041393968778024,0.024619304827374178,0.04254934462566526,0.0419378630057365,0.05367359682299919,0.03489106129908523,0.024412700682715435,0.034702239195510964
2023-01-03 03:00:00+00:00,0.012610823449350272,0.05506697087700381,0.05784327076972315,0.023245836440273615,0.037589335088309056,0.04197603609841831,0.05366782354684688,0.037055707398388066,0.025458291237782968,0.03306242898335229
2023-01-03 04:00:00+00:00,0.01708865696042991,0.049828323819830836,0.05329874864730824,0.020954393483650524,0.032303614524894136,0.04632074328909126,0.05131650893823422,0.032469873813845446,0.01965270569556614,0.02622648586421955
2023-01-03 05:00:00+00:00,0.015218396130571604,0.044849505454889485,0.048841205265204996,0.016894392518801093,0.027397049089395525,0.043250362912702386,0.04674637987594374,0.02463066955405524,0.012296034975990841,0.018361654998282545
2023-01-03 06:00:00+00:00,0.00628974034220578,0.041551245776386705,0.044107194978891845,0.012598554198940348,0.024332839059444028,0.035909458324046725,0.043159704429377416,0.02033140019471169,0.00796792686123414,0.012747159227262106
2023-01-03 07:00:00+00:00,0.001191598154738932,0.04036643668493127,0.04177948791748598,0.010241109015974692,0.02411143772225785,0.026771811108219204,0.04031090079818464,0.020823269331771727,0.008779721968964468,0.009984253153198702
2023-01-03 08:00:00+00:00,1.6532188356122024e-05,0.03774220565280524,0.03917837342443806,0.006959294439834507,0.021745994087144088,0.018932165185757896,0.03883904381219391,0.021691846029133793,0.00926057075183366,0.006796106307737582
2023-01-03 09:00:00+00:00,-0.0034394388528098674,0.03405398285159088,0.032741127330757125,0.0028494993629915033,0.017662814388672038,0.015078384054055857,0.03475986656927302,0.016859189859740914,0.0030845938444897664,6.954972125411407e-06
2023-01-03 10:00:00+00:00,-0.003914107727653576,0.03156295049771769,0.030779391160596498,-7.340941207523155e-06,0.01397810108124145,0.012795935308807752,0.03310704831754588,0.015854927466067897,0.002487718521432744,-0.0016794417118507765
2023-01-03 11:00:00+00:00,-0.0049245872701076665,0.030255841169229594,0.029322438009747126,-0.00045157287965486015,0.010944158490027472,0.01186117256019946,0.0307121252382844,0.012936677702205024,0.00035803621504391925,-0.0009628784397135992
2023-01-03 12:00:00+00:00,-0.005630494087852406,0.02955509279866282,0.02802100828857776,-0.00037863479090333163,0.00978258888705455,0.011591963211450243,0.028116332200926214,0.012887919595924585,-0.0016681368207644015,0.0007641043436145967
2023-01-03 13:00:00+00:00,-0.005837927327228959,0.028841390097678846,0.026585777820048312,6.4856702097770835e-06,0.008981834456595533,0.01106260125958293,0.025027062036778264,0.01422318921315846,-0.0027868021700658413,0.0020152542500076476
2023-01-03 14:00:00+00:00,-0.0029220608375155332,0.03174493264005661,0.029077209884013022,0.004162156377510884,0.011478225316542495,0.014001945045558559,0.023288472264052867,0.022121339294327025,0.0005031167713596546,0.005546710472312366
2023-01-03 15:00:00+00:00,-0.0017870648463167715,0.03358883718751764,0.02857609617590315,0.00758770108607093,0.012511183907913143,0.01740716174851252,0.021385862795159832,0.02535912808002444,-0.0009360455751735858,0.005418261090650495
2023-01-03 16:00:00+00:00,0.0035152055263772686,0.038151064445224106,0.032616311460612,0.013507176848616076,0.01643129496739784,0.021748560516708412,0.02143013687731629,0.030675521962867297,0.003152033517975314,0.006724359385060913
2023-01-03 17:00:00+00:00,0.005846957529089175,0.04145699101257162,0.03367684467312604,0.018119734131753606,0.019597071667535798,0.02344476767334351,0.02150819774164367,0.034446163725734974,0.00415852577736385,0.00661709057556098
2023-01-03 18:00:00+00:00,0.007211195421045313,0.0457724143582386,0.03436121863841021,0.02307326700290724,0.023072457555937648,0.024977247712247394,0.022465488357747726,0.03850275551850671,0.006381869769537127,0.006778280075748239
2023-01-03 19:00:00+00:00,0.010237327856443795,0.05177628620845699,0.03707676013147329,0.028717147356149053,0.02816850836425963,0.026878989763733305,0.027850403125405626,0.043479028043445694,0.010490740926717132,0.009509394499960772
2023-01-03 20:00:00+00:00,0.015896337835826863,0.06102738349072516,0.043223155922402945,0.03750037810338258,0.036251777739358365,0.031668119468905784,0.0343701059676432,0.05095005144774209,0.01808622644255102,0.015043172135943833
2023-01-03 21:00:00+00:00,0.01995446370076398,0.06839615588718485,0.046667800040048,0.04439987642837634,0.043152759086169806,0.033764037091159535,0.04173470596247217,0.05637895254769279,0.021427099077125908,0.019878519673650202
2023-01-03 22:00:00+00:00,0.023395271516221533,0.07059316049077456,0.052142702250193185,0.05006447531678454,0.047606473899211105,0.03638180587044547,0.04899780013743607,0.061299290674916324,0.022309683255040944,0.024126696591975194
2023-01-03 23:00:00+00:00,0.021519943655188084,0.06794149021966851,0.049249867646970896,0.0471972516235179,0.0460346605802536,0.03395059063175156,0.048025862397768376,0.058434127849391254,0.01850473769405879,0.02330172897009186
2023-01-04 00:00:00+00:00,0.02178414842519777,0.06765132965206912,0.04922759360194198,0.04747072006472597,0.04626185720656692,0.0338476177832739,0.04874286311184875,0.05854994919680942,0.01772205742314935,0.02397391652932901
2023-01-04 01:00:00+00:00,0.021213770536792798,0.06643639354157739,0.04698613783927247,0.045833896671221674,0.04564824462015363,0.03164310247355996,0.047629740487969224,0.05652057503079047,0.01666409874456047,0.02341327244996036
2023-01-04 02:00:00+00:00,0.016220300033810753,0.06072455158255459,0.03522994314033531,0.0380273969287418,0.03854984439980455,0.0258701960752198,0.04262724623915473,0.05012472821198202,0.008570515859447111,0.019534319118889393
2023-01-04 03:00:00+00:00,0.012513272657971225,0.05660292544190777,0.027083996648866376,0.031767927008080066,0.03326641174664932,0.02106370735401604,0.0398722942784924,0.045039429909593004,0.0023100568443822217,0.01610629062155161
2023-01-04 04:00:00+00:00,0.014033311219858569,0.057785499236685925,0.029407535677641927,0.031865807188741546,0.035016267391058925,0.020346262920125133,0.040774338083404,0.04640548992407953,0.0036720180610586434,0.015389656515720246
2023-01-04 05:00:00+00:00,0.018081692062882487,0.06082589252289304,0.03626482816837129,0.034045617887002666,0.03981639889667424,0.019908967989049606,0.04211792119570493,0.05005342870783311,0.00725050169492146,0.015477481563347634
2023-01-04 06:00:00+00:00,0.020443705831238806,0.06317123473246268,0.04227909082551776,0.035365019469146775,0.042805688853063656,0.021186168784148404,0.04131673652058496,0.05215040521835665,0.009201861382917051,0.015819422645171832
2023-01-04 07:00:00+00:00,0.01759461518753458,0.06071536140637422,0.042761112649052024,0.03212727616084787,0.04125342323184275,0.021547368187524826,0.041494192971157334,0.04978300795217608,0.007394346435787999,0.016091478559353528
2023-01-04 08:00:00+00:00,0.015287309853309422,0.060487550716771046,0.04443220685259555,0.030163215871501337,0.040049182339620765,0.022796824850497208,0.044888096909742964,0.049438664039603536,0.008427638563675885,0.019204180204812016
2023-01-04 09:00:00+00:00,0.018915237785216865,0.06640546145191444,0.055612303481829634,0.03420333841800044,0.04686919308693352,0.032392857696685026,0.050782379509138637,0.057314911270332974,0.02156732689019196,0.025371529712202162
2023-01-04 10:00:00+00:00,0.03124502545663438,0.08038121864688498,0.07862633099387895,0.04430786220041799,0.061283225080855624,0.05327790178669674,0.0594014013380684,0.07300248557622793,0.04710796590185827,0.04095909330419986
2023-01-04 11:00:00+00:00,0.044940307655184114,0.09690754283870402,0.09265427262733048,0.05823338873399797,0.07852686076811019,0.07270498682828024,0.06637687980405912,0.08748285046915436,0.06575549106998056,0.058683125679529574
2023-01-04 12:00:00+00:00,0.06217297021502413,0.11510735401719198,0.09917629084182913,0.0748512598165848,0.09643439072916901,0.08832416966887872,0.07273868892461519,0.10196837861559968,0.0798361755841459,0.07883487242563961
2023-01-04 13:00:00+00:00,0.08089001201133048,0.13250122384650004,0.10792158062064813,0.09911422117896984,0.11746874567190177,0.10585341724589652,0.0794310067738728,0.1160443559329509,0.09397089505983679,0.09859404581831302
2023-01-04 14:00:00+00:00,0.09730625100634333,0.14435906420191585,0.1148272589754091,0.12231576690097848,0.13732043334521787,0.12335563911469265,0.08950636657152164,0.12938155908206253,0.10727036137231115,0.1157208692122764
2023-01-04 15:00:00+00:00,0.13060359938862368,0.17326274146303416,0.1372873225698155,0.14943500215993313,0.16839837600554125,0.1583487439103668,0.10439155190768531,0.157273622294738,0.1349845967783866,0.13593401480784373
2023-01-04 16:00:00+00:00,0.16183828357725213,0.19588559546138912,0.16616912415104138,0.1760593204579565,0.1934880719980137,0.1891314932329336,0.12009802930005439,0.17469592040635068,0.14851455082505405,0.14189892495894618
2023-01-04 17:00:00+00:00,0.1866067925253959,0.21333658347092643,0.2012836465255595,0.20163784859643033,0.2162179709119892,0.2142823134569512,0.13736551151927587,0.191105657090681,0.15753218182122408,0.1559950642243238
2023-01-04 18:00:00+00:00,0.22252280363552465,0.2345776490412212,0.25466234054569403,0.23266451973202698,0.24757363721749842,0.24191148150691594,0.1561774518000268,0.216484916135453,0.1836647621704992,0.17010325646463975
2023-01-04 19:00:00+00:00,0.2685479024049314,0.27136790595141597,0.3058422931941531,0.28935040767465225,0.288014951408264,0.30408771939312235,0.17679202000102495,0.25875803297794914,0.2560790282365474,0.19262039304749218
2023-01-04 20:00:00+00:00,0.2759154945191349,0.2779505638058903,0.34364851636546323,0.34204236598879856,0.3066343128414402,0.38560014667257386,0.1999480857482911,0.31589589701156534,0.3433929986640607,0.23269687509718023
2023-01-04 21:00:00+00:00,0.2833889431641473,0.20997340596615816,0.3944601376187473,0.44425377272016975,0.3663173265195477,0.5115482632085651,0.22793991508374584,0.4011254682032572,0.4847091187261318,0.28692259551834426
2023-01-04 22:00:00+00:00,0.324319339642569,0.18404511287199865,0.43167239878995356,0.5616959477060495,0.4324167967870545,0.6399077343840839,0.2659295026352993,0.455993905447944,0.632288491224,0.378448554220512
2023-01-04 23:00:00+00:00,0.3669095439328314,0.16718809181963995,0.5322635982840082,0.647114318210532,0.5017661213244784,0.8176252165046659,0.32752343036934767,0.5270446156252804,0.8381965714392096,0.4907886541528654
2023-01-05 00:00:00+00:00,0.4049844483028784,0.10361137397036675,0.6879007469642598,0.7224022836669741,0.5361403366181043,1.0684225658899464,0.34885177159086983,0.6647365242533381,1.0845034316639424,0.6268685909292921
2023-01-05 01:00:00+00:00,0.4562135702605683,-0.018875678595180953,0.9106690887353881,0.8073183675569608,0.5325624979463246,1.441331276072603,0.32985179770092826,0.9095399115172005,1.4713406644145814,0.85201552388833
2023-01-05 02:00:00+00:00,0.5420755683054845,-0.14891756248616,1.0626961888125999,0.8766371861326406,0.5034714747598414,1.8035269991934735,0.2986369476139981,1.1697209808222682,1.8448265397468298,1.0750705198825596
2023-01-05 03:00:00+00:00,0.6143474973576935,-0.21535354282592528,1.1362500165333271,0.9007563152560331,0.46958373563168904,2.0111577584161506,0.3110735690232704,1.3036597344601928,2.0273833509782406,1.1696130855484244
2023-01-05 04:00:00+00:00,0.6615074381524089,-0.27167027592287946,1.1680919670226095,0.9161447677718059,0.42983998759546377,2.160191682783209,0.3096402652076487,1.4006194284548847,2.1424438889249715,1.2381490844886023
2023-01-05 05:00:00+00:00,0.6948760565421686,-0.34962122400255474,1.1751844374809974,0.9366308370359403,0.3781789524556725,2.314958161113821,0.25799494489670644,1.5365241339509552,2.273653914796024,1.344098821642563
2023-01-05 06:00:00+00:00,0.7022812873050508,-0.38076463609332906,1.1580718779628156,0.9418371502942228,0.3505122232195757,2.3588576489123354,0.22718248751775755,1.5810074751973553,2.303787193343652,1.3769211169546989
2023-01-05 07:00:00+00:00,0.6836268550856038,-0.3850359467712126,1.091560091025811,0.9274512647386842,0.3249488922637142,2.2988080186643005,0.1853633073383319,1.5623807814521742,2.244780637953054,1.3625187461213355
2023-01-05 08:00:00+00:00,0.6407168820919644,-0.3185795024517118,1.0403730286610366,0.8874308646024994,0.3459511062707699,2.1238010090559243,0.21823977504859599,1.41378350569037,2.076485606859622,1.2370429791584288
2023-01-05 09:00:00+00:00,0.5662816321333219,-0.22555123291812712,0.9254577150212127,0.8324456685633308,0.36058101179906826,1.8425551505772186,0.234640476643672,1.1947440728548513,1.805343117927074,1.0673174012801596
2023-01-05 10:00:00+00:00,0.49120228968764157,-0.13870425212853738,0.8016158322018002,0.7715659936888295,0.3659157399764798,1.5617844713499418,0.2462911347243248,0.9796744524191019,1.5321340574429407,0.9009643683718924
2023-01-05 11:00:00+00:00,0.4096831071994783,-0.032480979728122736,0.626639603903149,0.6858391958696255,0.3614836700711415,1.2122305728139855,0.27260918001742046,0.7467817999009245,1.1779229233426478,0.6900818078386766
2023-01-05 12:00:00+00:00,0.3439189430901046,0.047086453231575745,0.49004479609208074,0.6067686433824819,0.34698203334936056,0.9298251854517284,0.269951325190736,0.5645410992478115,0.8940104346819914,0.5429637273678678
2023-01-05 13:00:00+00:00,0.27954327714966876,0.16518471403384366,0.42610029564012675,0.527426627598623,0.3255257920657307,0.6779656633606582,0.29984694059089684,0.4597035536634209,0.6507331329562392,0.3851569948011399
2023-01-05 14:00:00+00:00,0.23731436606601927,0.1845868990934031,0.39337712499894484,0.44476613366423734,0.28270484581527117,0.5673631466088278,0.2514854321437822,0.41346930166657886,0.5596358787853964,0.33954218611720594
2023-01-05 15:00:00+00:00,0.2129696794630068,0.22232513674140608,0.35946932639755946,0.40286551824604155,0.24875848529358974,0.4348715263383514,0.22240929536171833,0.3571245312783063,0.45946392116809637,0.3092304075983235
2023-01-05 16:00:00+00:00,0.18322774137730344,0.2501185227933815,0.3265929801599312,0.37702222511717,0.23983388248678622,0.3514910433860677,0.2077645800625441,0.33028194633675784,0.3913570584365566,0.2904585362632556
2023-01-05 17:00:00+00:00,0.1617961660409503,0.27109610522969246,0.28730580412828877,0.3547392040415933,0.2301403549571585,0.3045204898309763,0.19660842752604696,0.30294521485133213,0.33978088769793713,0.2528468102438134
2023-01-05 18:00:00+00:00,0.13347847599874083,0.2591331504934023,0.24200142194060517,0.31982069348691633,0.2032579378028942,0.2562904348307643,0.17864949136578384,0.27099746205498537,0.29241372325352166,0.2080785338741737
2023-01-05 19:00:00+00:00,0.12153848702207257,0.23137967090538636,0.2178974022130318,0.2831097788021968,0.20723329284942965,0.20201421485631743,0.1852265010897211,0.21429494192923476,0.22609340206397777,0.16988813664473468
2023-01-05 20:00:00+00:00,0.10008147416746563,0.20374311802536732,0.1886199603279983,0.24712921698675952,0.18381466810950292,0.17804416887050623,0.16928972269316517,0.1842273952420322,0.19767218775377282,0.15388920095265146
2023-01-05 21:00:00+00:00,0.07915009993237107,0.17561180346332061,0.16351667590286437,0.21795362327997728,0.1500120710053658,0.15466083871850284,0.15693953923260767,0.15577916900577843,0.1674345542222453,0.13977103226258436
2023-01-05 22:00:00+00:00,0.05674600945629135,0.14209761633407586,0.13810333462359828,0.195412238566017,0.11365193220829242,0.12784005263221865,0.1395078724469319,0.12261037469587552,0.14374605889206915,0.12162626867768084
2023-01-05 23:00:00+00:00,0.03919777905409455,0.12057322411905165,0.11690976318930943,0.17897690675193725,0.08731641669892129,0.10260026823255879,0.12563091852151767,0.09771679780653028,0.12755384553229787,0.10100034246587947
2023-01-06 00:00:00+00:00,0.030760659157263615,0.10598180926462537,0.10841360535356903,0.1571783154844867,0.07331565854471792,0.08857050378901042,0.11979944482551283,0.0845411456813572,0.11710420405983889,0.08300131913004466
2023-01-06 01:00:00+00:00,0.0303403162061828,0.09552009828825171,0.0963875944200018,0.1366378988752163,0.0735661789652636,0.08377586669323865,0.11559913917159256,0.08406088458658553,0.1107769502623873,0.0847880829480443
2023-01-06 02:00:00+00:00,0.029235462820355024,0.08867802124918246,0.08615404498847798,0.12841108550435146,0.06345790993673098,0.07589825893344053,0.1160569665784876,0.0756841567172716,0.10694758866204089,0.08214318273758892
2023-01-06 03:00:00+00:00,0.028294253605920416,0.08242706223039127,0.0743212098995795,0.11941447839838851,0.05603277880786381,0.07071390995150666,0.10712244141598828,0.07124731039882407,0.10458715132190242,0.08274065825251847
2023-01-06 04:00:00+00:00,0.025691647466662998,0.07542504512000876,0.06468367182050505,0.11129531512494373,0.04513329838310651,0.06384381979856925,0.09350959185880289,0.0651818904178407,0.10137021798928823,0.07921398981146321
2023-01-06 05:00:00+00:00,0.023442277646428117,0.06544735121333485,0.0546262018316577,0.10173049285986219,0.034856305047575836,0.05720358843697047,0.07736813482410212,0.05967883445471758,0.09747204252955953,0.07412356788352581
2023-01-06 06:00:00+00:00,0.02670747737257992,0.063384585913993,0.050889540494956864,0.10083444690742327,0.03262888937237382,0.05714373476364175,0.0696889588468638,0.06352528501867846,0.10187245440198088,0.07430672934654461
2023-01-06 07:00:00+00:00,0.02714184487549995,0.06127311229830541,0.03422513020939277,0.10024696367323,0.03656936176883621,0.054036247408180346,0.047130516790418214,0.0764905905984328,0.10589165014208889,0.07058241682820271
2023-01-06 08:00:00+00:00,0.02882510516554404,0.059396378189087454,0.03268134835902517,0.09952107797511944,0.03311434144728495,0.052630427152786693,0.04044174326681951,0.07944298450970008,0.10770975465276277,0.06875430897248219
2023-01-06 09:00:00+00:00,0.029835278197662518,0.05679871085014056,0.03458953054041333,0.09642318950857343,0.026089543585226443,0.051500735705547515,0.039347946267576234,0.07575589346271569,0.10839475727127999,0.06684005510185825
2023-01-06 10:00:00+00:00,0.037224736641188194,0.06079127764327648,0.039774706398461035,0.1018217656757957,0.02822177786874755,0.05611274133479739,0.044306200310351734,0.08288549293218614,0.11658224408004501,0.06807403081781827
2023-01-06 11:00:00+00:00,0.04298753681467374,0.06342353635874108,0.043205172667486774,0.10584427657216572,0.031031354193030408,0.05931764862945514,0.045954858034731066,0.09259100557676567,0.12404328743011515,0.0678624255143988
2023-01-06 12:00:00+00:00,0.04749495259252212,0.06393723521525303,0.04766234666955663,0.10793714063766019,0.032456312537194804,0.062097525089977165,0.05050736780603912,0.09867376865375674,0.13042699570149818,0.06812473309102621
2023-01-06 13:00:00+00:00,0.05146843823196448,0.06276556105357368,0.05144484017116405,0.10768320937965487,0.03191971931645873,0.06287091027024004,0.052986870778847145,0.10276935995429251,0.13550840914638995,0.06740623151711764
2023-01-06 14:00:00+00:00,0.05255439850832824,0.06169386083443633,0.052405446130355665,0.10669249098098282,0.03112760135527745,0.06206832979599326,0.05359079928169083,0.10555630447560513,0.13802930227605703,0.06592799867953908
2023-01-06 15:00:00+00:00,0.053986531095083945,0.062431250541097175,0.0545617922753987,0.10785225206979415,0.03277626326995994,0.06370680375639438,0.05743871871283021,0.1094484712901663,0.14189993881262586,0.06574443848859526
2023-01-06 16:00:00+00:00,0.054588806755927005,0.062495127932507846,0.05553301625240706,0.10757890440963813,0.033343059498024324,0.06379898955913187,0.05912081645382175,0.11144339728047672,0.14306700440626197,0.06486651016217368
2023-01-06 17:00:00+00:00,0.0551469004529164,0.0597710791250614,0.058231785465924835,0.1049023319924039,0.030734913494020993,0.06304637552091276,0.06344833654699947,0.11113628573246617,0.14317142351285606,0.0646296829827957
2023-01-06 18:00:00+00:00,0.05395273302895767,0.055951169210034776,0.0549807295448235,0.10189787324366845,0.025747350487541593,0.06071288299101886,0.06629768732502175,0.10855334143878267,0.14091140598535046,0.06446170310916777
2023-01-06 19:00:00+00:00,0.055509962935963414,0.0565676023747876,0.05592894263040582,0.10282237513862386,0.026637183815075377,0.062031007104303246,0.06934782416940508,0.11055584147446076,0.1426818708270694,0.06514858133324589
2023-01-06 20:00:00+00:00,0.055023101526303464,0.05534706825940715,0.0544204091046481,0.1012668406998809,0.025112678959104934,0.06050502956967539,0.06903337080767322,0.10933390052986822,0.1406294214082937,0.06429331777554076
2023-01-06 21:00:00+00:00,0.054034166121947724,0.05395890619376449,0.05138323148964111,0.09738388098788725,0.022716274970068367,0.05743847016171717,0.06529206326696532,0.10482613859310927,0.13472386895929966,0.062298611497312584
2023-01-06 22:00:00+00:00,0.05508319224589478,0.05449223782014699,0.049683040902091996,0.09385893861919453,0.022426592191780642,0.05596786842980721,0.06249211231902582,0.10110482289138764,0.12951674069033692,0.060833067039305605
2023-01-06 23:00:00+00:00,0.05806269218043178,0.05733360833901961,0.05018197509199074,0.09352477033722406,0.025190546695192134,0.05715461317925423,0.06110497049516192,0.09904743063426194,0.12674461082648458,0.06066116335424579
2023-01-07 00:00:00+00:00,0.05889792155089671,0.05738941258435275,0.048459667722123484,0.09096629425221514,0.02448370157936272,0.05707246919622409,0.061204516841905615,0.0947868757578886,0.12246331873450354,0.06124877753851174
2023-01-07 01:00:00+00:00,0.060310376921150405,0.05933918946889925,0.04888291268535713,0.09152682188490913,0.02615135292471618,0.059314130547949026,0.06384746151339729,0.09290064618922259,0.1211649037923994,0.06086992136136887
2023-01-07 02:00:00+00:00,0.06168000048587777,0.061868114538140936,0.04885115456228831,0.09056902260854577,0.02834407071984571,0.05933431439587315,0.06491835631776047,0.0896289296258003,0.11769333852033058,0.059392261494861986
2023-01-07 03:00:00+00:00,0.06013919240356244,0.0632761587767187,0.047783237051339134,0.08863581657041592,0.028679874652742493,0.057966873381229786,0.06372678033408882,0.08691611727013879,0.11212108847466139,0.05808682416972136
2023-01-07 04:00:00+00:00,0.060646406538532566,0.06627899177568729,0.04853128502289242,0.08897778424846292,0.03130703651640929,0.059204932224591125,0.06445637503159016,0.08605364926069711,0.10930420960103703,0.05785187617856444
2023-01-07 05:00:00+00:00,0.06212672471718447,0.07158858165059111,0.051304109171313395,0.09181788250013795,0.03669597494767732,0.06289903017661237,0.06575096928998722,0.0870203391731432,0.10873538920929658,0.059796192774100254
2023-01-07 06:00:00+00:00,0.065971954936316,0.07794056133032891,0.055380648394699555,0.09615098482051676,0.043982671643493315,0.06859488252928748,0.06993031818942871,0.08918477748086587,0.11030449717186762,0.06154130362386112
2023-01-07 07:00:00+00:00,0.07379008020074487,0.08355732017729968,0.06126833847082405,0.1037412175445071,0.05273005002207817,0.07838773701335876,0.0768888258136419,0.09159649848847642,0.11672434195717916,0.06371774064188354
2023-01-07 08:00:00+00:00,0.07939301306098465,0.0868055194847276,0.06724504457380623,0.10912345717350086,0.05871518621584407,0.0863272188200425,0.08396313242826,0.09155130403245812,0.12041364320957824,0.06359017361211214
2023-01-07 09:00:00+00:00,0.08653786886310896,0.09305837805409507,0.07705478415578615,0.11631462295747508,0.06760965899008445,0.09313990880628402,0.09009515772555929,0.0942007283111834,0.1248331260264721,0.06936573916176625
2023-01-07 10:00:00+00:00,0.09360495359435195,0.09950643215216344,0.08676227690465535,0.12330537957465873,0.07635569054417438,0.098369111065491,0.09553486740893022,0.09825312705903275,0.12934408498303185,0.07507754286489673
2023-01-07 11:00:00+00:00,0.10162298007416293,0.11050110366881168,0.10116805338622359,0.13211412818270432,0.09009155134430294,0.10756278935903361,0.1008084262805837,0.10537838635732624,0.13426896991233184,0.08258593385919677
2023-01-07 12:00:00+00:00,0.10992360323457065,0.1201525409072139,0.11741878425617655,0.1439545365358678,0.10516922745411164,0.11775488547603423,0.11074716988836283,0.11647361848739893,0.140740295786836,0.09262679288413334
2023-01-07 13:00:00+00:00,0.11627916521723256,0.12607647165009844,0.12651200323776643,0.1511375483924904,0.11497318120031932,0.1249875150546476,0.11953487469115434,0.12200665649578032,0.14447307497183326,0.10018557391132765
2023-01-07 14:00:00+00:00,0.1215473518375689,0.1324827372579221,0.1348579827999091,0.15622820410991403,0.12127624866213013,0.12984577854621154,0.13106179468311183,0.1263761762918196,0.1497379589320913,0.10683205080247768
2023-01-07 15:00:00+00:00,0.1258395093775291,0.14292385226852583,0.1444657216412056,0.1652007373475697,0.13077500404091896,0.1392119963107013,0.14469823367612428,0.13323951905726877,0.1561697823694994,0.11659784207352591
2023-01-07 16:00:00+00:00,0.13035262860799748,0.15365821954724546,0.15387450810425587,0.1753676135771244,0.14013318382890855,0.1478185302332215,0.15832502068243043,0.14168059224769586,0.16357498917860203,0.1279758310102329
2023-01-07 17:00:00+00:00,0.13532899734957868,0.16636984211689493,0.16389140531127747,0.18457171710415735,0.14881191976871205,0.15455368532045938,0.17350342851444706,0.1534741379368773,0.1725382989690939,0.14311430419767307
2023-01-07 18:00:00+00:00,0.13799123857788628,0.17667931114316698,0.16715835573913176,0.18972863060176628,0.1529791121511483,0.15825206539186376,0.18593934707028498,0.15950282877322403,0.17605405981866828,0.15121841027173238
2023-01-07 19:00:00+00:00,0.14456478806064957,0.1841791147602661,0.17278931122328592,0.19675018122173285,0.1597733556285756,0.16490972104306445,0.1940877590432764,0.16499647518877408,0.18118385148794036,0.15951781274777632
2023-01-07 20:00:00+00:00,0.16079308041728038,0.19407538806135394,0.19738110906875314,0.22185888567228954,0.18462205554423888,0.18507695736519858,0.20645999709389767,0.18510445725626573,0.19980398904401198,0.18995517712808313
2023-01-07 21:00:00+00:00,0.17676383851248964,0.20580955509535548,0.22054760512113006,0.2469528930703924,0.20686981497907614,0.20173497850615857,0.2233540228656939,0.20501530182624067,0.21698058540360654,0.21264798870889612
2023-01-07 22:00:00+00:00,0.18930258537679404,0.21568203281435577,0.23705057541734723,0.2607429162760255,0.21795687554095416,0.21203757689171526,0.23407795089810607,0.21813261402481837,0.2280269130334427,0.22772180604576625
2023-01-07 23:00:00+00:00,0.19746771930928622,0.22569273917242944,0.24478080471377547,0.26592760694335205,0.22085565827884063,0.2183184499244783,0.24633155547792013,0.22637066498028652,0.23443632532085923,0.24306047409763026
2023-01-08 00:00:00+00:00,0.21277418623360408,0.2363850883435542,0.26976073236869824,0.28894951219787834,0.23914121120379833,0.2334051491949104,0.2570822190578747,0.24371101760432407,0.2499771260509862,0.25790775374537245
2023-01-08 01:00:00+00:00,0.2344595593732208,0.24842081056462656,0.3155923797334209,0.3241359101998631,0.2586575648096919,0.24983470054123735,0.2832952506508965,0.2683606360546447,0.280833616276312,0.27873675294142375
2023-01-08 02:00:00+00:00,0.27104759931464284,0.2716365557595847,0.39367282458534014,0.3834191393142792,0.2873926560208357,0.28288739583238026,0.3277126496168999,0.3203361228990617,0.35550896569462587,0.2764758023195572
2023-01-08 03:00:00+00:00,0.2859109381633246,0.30260911755195785,0.46395493191722204,0.4345532703430578,0.3454832496595169,0.37016391142513855,0.35799033730187774,0.3562291856773861,0.43900806178167934,0.2655741583566119
2023-01-08 04:00:00+00:00,0.3037033087129132,0.2694917205663555,0.47714611110641136,0.46515262681414726,0.3725062333911899,0.4659288215600413,0.3630686820724071,0.4003257804362202,0.5211421136934541,0.27478807148640977
2023-01-08 05:00:00+00:00,0.29448974039759124,0.23778257211652754,0.4601976380448545,0.4732999493054191,0.37069025328470456,0.5281055825455402,0.35831136247786016,0.41467154459853334,0.5610740748609498,0.2950743274572665
2023-01-08 06:00:00+00:00,0.2772917471565196,0.20537205859993918,0.4450761197661679,0.4743185004575645,0.36009150362028003,0.5774213981957894,0.3358340059358222,0.4075696613447724,0.5931021672581137,0.3007805342131643
2023-01-08 07:00:00+00:00,0.27323866208440917,0.20211266663873806,0.43840319587149934,0.4715235268194595,0.3528790537421827,0.5794784340540473,0.33329213934259955,0.41048443451302047,0.5933119217423916,0.30115619742275235
2023-01-08 08:00:00+00:00,0.263046099597651,0.2353063866493697,0.42297551980837755,0.44730987217227625,0.32260836310101665,0.47448442779088645,0.3239775005214361,0.4030872328658723,0.5161493469171629,0.29192642055063245
2023-01-08 09:00:00+00:00,0.2370061812923153,0.24981924142164602,0.4021781081390642,0.42332900811372864,0.2945447135379888,0.4152299447102608,0.30250571542795207,0.3792049322716507,0.4641239484793502,0.2852061946546233
2023-01-08 10:00:00+00:00,0.21279580290515346,0.24790004855451114,0.3782379826701323,0.40544732302605624,0.27396131549460917,0.3853497431541673,0.2815451253880589,0.3638520953051902,0.4371139971275692,0.28157979042508374
2023-01-08 11:00:00+00:00,0.18610350165701986,0.23785685497634246,0.34333932068610007,0.38156086076851825,0.2490438556155991,0.35480518320747617,0.25213004489397356,0.3435789170641815,0.4093728820273858,0.27420307962824403
2023-01-08 12:00:00+00:00,0.1465350103780421,0.24671995753903558,0.2908145054977652,0.3421486738272057,0.20385692243326264,0.2797725338237227,0.22650233192136754,0.30191046018964157,0.3405969433472943,0.2361245521490889
2023-01-08 13:00:00+00:00,0.11162843671059386,0.222718355309926,0.23199999228437143,0.29922528667000303,0.17975571107542215,0.23953830564040973,0.1775561606128973,0.2599250696642748,0.2913744386110202,0.19635068710334114
2023-01-08 14:00:00+00:00,0.08538436545998995,0.20008209400642102,0.1806801138489831,0.25770498436785694,0.16196204431106492,0.19589894708714217,0.14773916939122805,0.20942613853016118,0.23425651566698957,0.17153287483999546
2023-01-08 15:00:00+00:00,0.08156762140750648,0.18100187429288356,0.15562312099239392,0.22797809469880306,0.14876701788628627,0.1715372842591158,0.13794901183170966,0.18239804329142445,0.20392362919607,0.16031104377359273
2023-01-08 16:00:00+00:00,0.07337284056712487,0.16588951157365434,0.13814363573160673,0.21147450604958687,0.13571960370615893,0.16328513657390303,0.11611292493598827,0.16892461599195957,0.19133834274910255,0.15311480587316006
2023-01-08 17:00:00+00:00,0.06868892155529432,0.1487516783138783,0.12116813654077599,0.19233389469691056,0.12070645332807009,0.14731091254152762,0.08933411550357115,0.15337819063034636,0.17569163781844188,0.14483790313294997
2023-01-08 18:00:00+00:00,0.07031779288127307,0.13714652330390492,0.11008268828512471,0.1782679948548688,0.1106492114291204,0.13627349657775822,0.07712345218152392,0.1455807963475481,0.16138319207457164,0.13828060376886075
2023-01-08 19:00:00+00:00,0.0699134057899696,0.12889877416468937,0.10199434332431048,0.1672020825114419,0.10348771901164919,0.12788054171635815,0.0663636318299384,0.14126005905935296,0.14988314689199,0.13119697918450318
2023-01-08 20:00:00+00:00,0.0710950268487631,0.12722998770670418,0.09948934601950385,0.1624847334123715,0.1006722240098171,0.1255487519757078,0.05791693388279415,0.14140389728727404,0.1460566115857066,0.12719321284478535
2023-01-08 22:00:00+00:00,0.07809471748716768,0.1327926206359769,0.10120471852513818,0.1621198310561807,0.10772565038227003,0.12821284581602438,0.06696982961284101,0.1420730573607198,0.1461529031071419,0.12415270720534088
2023-01-08 23:00:00+00:00,0.08343506877728663,0.14086794835781907,0.10671599976206372,0.16742835330370967,0.11467177953513294,0.13546216781707443,0.07513357273180662,0.14629467531431756,0.15182237246700425,0.1270120904315512
2023-01-09 00:00:00+00:00,0.09163975868152521,0.1555928826617013,0.11831374354558707,0.18035884073530153,0.12748886002794552,0.151436555692943,0.08856392586213527,0.1558823850557352,0.1647401165819341,0.13534633325474937
2023-01-09 01:00:00+00:00,0.1005471013333405,0.17237087353549946,0.13335749255339344,0.1964620167677841,0.14221086818740208,0.17082238829600266,0.09809713375994092,0.16955015414209956,0.17641222331578943,0.14654766191601226
2023-01-09 02:00:00+00:00,0.1111031855290169,0.18689107061350285,0.14996630809152942,0.21446439659203578,0.15781386045368057,0.1888610964006867,0.11144099285956768,0.1863930447120274,0.19052203745422214,0.1564181424632229
2023-01-09 03:00:00+00:00,0.1324468314022226,0.20051507060533652,0.18490898533113467,0.2443350002500804,0.18172243649301384,0.20978603599087914,0.14082162817663607,0.21058338513643754,0.22035542512240314,0.1699687552253989
2023-01-09 04:00:00+00:00,0.15150775986370638,0.22649689767669196,0.22622959298476017,0.2848220225205208,0.20684210924511454,0.23356733294373738,0.18317174004126874,0.24076094904563256,0.25886572264354646,0.1922298169730262
2023-01-09 05:00:00+00:00,0.1820874525287833,0.26243828252838264,0.3241415114337419,0.35092606640465185,0.2284676645409574,0.2893367173186903,0.2489136191433638,0.3071136738322133,0.3409619436940834,0.23926842436882534
2023-01-09 06:00:00+00:00,0.2185877937106316,0.26676742287589056,0.39263280839672055,0.4262669150032128,0.28852161963246786,0.3997324661846405,0.29739473810361666,0.3814252156603432,0.44638711924133795,0.29350420454961906
2023-01-09 07:00:00+00:00,0.2334935434020234,0.20793617998925024,0.43263884364297,0.5055206930787095,0.33874602491605316,0.5765748962752344,0.35847330856092613,0.4873408321599613,0.59808218147308,0.35473719497083656
2023-01-09 08:00:00+00:00,0.3036243123520488,0.1690821097303254,0.4669243337454001,0.582949047043406,0.37879794321286103,0.7334454027477042,0.3997913339993792,0.5903738540994312,0.6942382995170303,0.4198933862349457
2023-01-09 09:00:00+00:00,0.3352459315729077,0.15249416008541933,0.5062469073099072,0.6304909426233855,0.40298337636977316,0.80701014882981,0.42211924185224264,0.6472086245326869,0.7149952024317766,0.45715563757294536
2023-01-09 10:00:00+00:00,0.34765589099144123,0.17828193333461734,0.5316169256194192,0.6217943739974588,0.4379044111603772,0.7902653035030616,0.45915522784315727,0.6412615496204337,0.6544964281037847,0.46686572492739203
2023-01-09 11:00:00+00:00,0.35951743940605374,0.1964946588971878,0.53398982137818,0.6001412667234471,0.4442987157914015,0.7392087376833226,0.46931908808717754,0.6128463278754057,0.5703683462941479,0.4601035339208733
2023-01-09 12:00:00+00:00,0.32314479567072574,0.23321346480347888,0.46526569453418265,0.5473739969373052,0.40522936191413567,0.5755061887262644,0.4218001961485545,0.5092973447876923,0.4407121444168182,0.42091678127335325
2023-01-09 13:00:00+00:00,0.28871160354502956,0.23305691734532402,0.4132331731812978,0.5147636109708955,0.3768648487220349,0.4888759541036522,0.37516211622385337,0.45325603732820613,0.38530440413881556,0.4018803026842834
2023-01-09 14:00:00+00:00,0.2750034621432563,0.25951558310225337,0.38166541264070086,0.4768209534470065,0.341757620154925,0.3684037490153799,0.35707644885455253,0.3739623581080958,0.3225270486739451,0.3738749248098391
2023-01-09 15:00:00+00:00,0.2522567885255578,0.25465678320427837,0.3575834785718359,0.4361322548741603,0.31230415160486985,0.3022619662719787,0.2929296428194214,0.3405453488190859,0.28909282055054,0.330311980414214
2023-01-09 16:00:00+00:00,0.22763012047836848,0.2357709533627404,0.31969586353359825,0.40093997258611846,0.2881643665299774,0.27697498334246445,0.22659494484065762,0.3197255579904255,0.27464659099666755,0.30329352849619073
2023-01-09 17:00:00+00:00,0.19166580788403595,0.23638538980845625,0.28383821028416156,0.3381066787302749,0.25225137360181354,0.2518875243918339,0.1967107776211155,0.26810291652029633,0.21886815790020686,0.22005532634178077
2023-01-09 18:00:00+00:00,0.15201349621543878,0.20309969255257815,0.21171444649727936,0.27625420634348985,0.20194797534654835,0.21494911627177038,0.1657456342421993,0.20927006322567993,0.18358759413393577,0.16226747480928988
2023-01-09 19:00:00+00:00,0.11747020807419364,0.18168277798922056,0.17656259096280894,0.2309708164027409,0.1837996835423295,0.19068843119933127,0.1389703044630612,0.1806734211775986,0.18533137199725913,0.13511165635573186
2023-01-09 20:00:00+00:00,0.10155934092947402,0.16687975941002126,0.16044137234770714,0.19871952319559252,0.16958420529385004,0.1721586092274257,0.12857047608776687,0.16257416557807375,0.178258750063089,0.13326279047938777
2023-01-09 21:00:00+00:00,0.09450586184448281,0.15692840872678576,0.1513700765978737,0.1806778815827588,0.1592473212401318,0.16268762948048293,0.12497533598292096,0.14798141072952037,0.17173012139892097,0.13401573318013582
2023-01-09 22:00:00+00:00,0.09322529929035853,0.15556618361197166,0.15194883662142836,0.17571521823053773,0.15726769149795367,0.16039599030146412,0.12521925353460397,0.14370751342393223,0.16939186950100238,0.1394515260299996
2023-01-09 23:00:00+00:00,0.09647090316502563,0.15970300212924576,0.15556135640814003,0.17502380591662695,0.15750154250589893,0.16149868176663518,0.12400279326248673,0.1452326169275327,0.17361106600130105,0.1469191987298884
2023-01-10 00:00:00+00:00,0.0977669288834023,0.16896623604062738,0.15961748029487946,0.17993462114930894,0.1557464318304011,0.16914397922255126,0.12052914284362218,0.15082416335172005,0.1864054807012503,0.15719262207017515
2023-01-10 01:00:00+00:00,0.10061768964210979,0.1720933783832589,0.16422082811199543,0.18216019499341854,0.155102329651512,0.1746093204939307,0.12100145010046356,0.15279679732089163,0.1909873344394598,0.16140287323242775
2023-01-10 02:00:00+00:00,0.1040838225156108,0.18368560270924134,0.16824821565175854,0.18963114266691009,0.15449977122492137,0.1873507993646189,0.10636564221729408,0.16669103673829316,0.21050483355613292,0.17326924795274717
2023-01-10 03:00:00+00:00,0.11215175300689254,0.1938510371412957,0.17703340142796567,0.20007535092305664,0.1589645976843142,0.2012945351836074,0.1054182700539191,0.1763873221342797,0.22172578295058087,0.18114901497010505
2023-01-10 04:00:00+00:00,0.12466033394514539,0.2054853780972593,0.1929628058473414,0.21141460392135594,0.16625245440662256,0.2130944781466831,0.11317770159662352,0.18899811008968365,0.23089870891359288,0.18832265259063563
2023-01-10 05:00:00+00:00,0.15230824506266952,0.2331851565924657,0.23843620266392565,0.24500126704158545,0.16689241630278745,0.2555886793011956,0.12167462723929864,0.23338285317563007,0.2659493120984814,0.21370411049501437
2023-01-10 06:00:00+00:00,0.17868378595467563,0.242592429348085,0.2774332319421875,0.2856855218833614,0.17261368676577354,0.300260694237944,0.151122001095719,0.2682432324322442,0.30769893651039837,0.24024746657815954
2023-01-10 07:00:00+00:00,0.20649662990120707,0.23981036688513474,0.31526495822333267,0.3225260567532985,0.1881040807791487,0.3463199393923739,0.1732205687054918,0.2896755280435845,0.35044489369641885,0.2723109946096404
2023-01-10 08:00:00+00:00,0.2394347607996656,0.2413020365289767,0.36592401863217516,0.36630381075804685,0.2328570504499758,0.40769558549165036,0.20979501398253458,0.32056160351360147,0.4012221745322068,0.2967749466318893
2023-01-10 09:00:00+00:00,0.2755914538488662,0.2470618393490871,0.41850081403949124,0.40921679243878795,0.27619054970382834,0.4629449925424293,0.25299497623636674,0.3517385603257482,0.4581075577033666,0.31865683323475863
2023-01-10 10:00:00+00:00,0.30976454656843766,0.2503974120082727,0.45385844747376136,0.4458514178035752,0.31418406464125487,0.5139385768731755,0.29514936409890175,0.3863502976103563,0.5119330793886859,0.3372515250215234
2023-01-10 11:00:00+00:00,0.33100029680229337,0.2657302893494065,0.48132637659455935,0.4725453910425256,0.3397364053948995,0.5369207684920412,0.33899887505197174,0.4112611082685214,0.5433769097473246,0.34936588352979797
2023-01-10 12:00:00+00:00,0.346176056544353,0.2785843552604908,0.5064936784920845,0.49851424587150905,0.3632770112040365,0.5647479376942617,0.3825435412401414,0.4359040730993065,0.5763666303260558,0.3581236500256492
2023-01-10 13:00:00+00:00,0.36440506996969435,0.31901641606636966,0.5278844771896901,0.5177802991878951,0.3822570238096514,0.5376037685653408,0.43040141615903954,0.4476723956034983,0.5766609300258342,0.3541576602675004
2023-01-10 14:00:00+00:00,0.38335374721069115,0.3509143322292774,0.5528185926484588,0.5521023158583527,0.41799255841795907,0.5439199606589805,0.49350921984026114,0.4704055791314799,0.5990341299351886,0.35744493014631945
2023-01-10 15:00:00+00:00,0.3929500788669178,0.36985283981755385,0.5659381916019725,0.5696949779775191,0.4323329984439402,0.5461855425987341,0.5279443438111946,0.4805209689911583,0.6059864968418757,0.36563124255557683
2023-01-10 16:00:00+00:00,0.38532134753306324,0.37399506124225584,0.578211877957325,0.5928633901627415,0.4314869684880586,0.574641972062983,0.5661152424488574,0.4971151889998167,0.6348932690773695,0.3720424790947219
2023-01-10 17:00:00+00:00,0.3699353976945562,0.4122319779009041,0.5526076965339302,0.5671942509804454,0.40629486735546144,0.4813035722325612,0.5372956504495612,0.45218232974425426,0.5475669674278886,0.36431166857672154
2023-01-10 18:00:00+00:00,0.3450537556536394,0.39936433662668397,0.5178760047689269,0.5325654074705645,0.37471065552598387,0.39405650056512725,0.4888534354268372,0.4013129335062145,0.4672343235096969,0.3527511221589861
2023-01-10 19:00:00+00:00,0.318843183203786,0.39095241504785877,0.49449903125469374,0.5044718296507283,0.3270754792672074,0.3568550991448279,0.45142201807125243,0.3673186825068699,0.41543436825407104,0.33724049420720936
2023-01-10 20:00:00+00:00,0.2852345934598032,0.3735648114514723,0.45839932915934456,0.46599912706305147,0.28381508519099924,0.3209394962850077,0.4047720112592276,0.3357614461094393,0.3694514716762338,0.30061946494536546
2023-01-10 21:00:00+00:00,0.25615295712347586,0.3530556924248663,0.40739991964865174,0.42747212342682184,0.258989670409322,0.28902142803819086,0.36675913734740856,0.3071290034259853,0.33135824107324885,0.26617083755433085
2023-01-10 22:00:00+00:00,0.22829403584160665,0.33179971504438416,0.3542618859055161,0.39263568760232614,0.23878365130191131,0.26551886582810463,0.33003232027656176,0.2856845242319879,0.301783186531428,0.23725617962680845
2023-01-10 23:00:00+00:00,0.20820379435304656,0.31662106864951856,0.3185809388496005,0.36771873037358305,0.22338550484366954,0.2489384843660855,0.3024010720464028,0.27135975752035607,0.28074274666008237,0.2232132237657214
2023-01-11 00:00:00+00:00,0.18850186146585188,0.29987879793009564,0.2871054925790223,0.3438405945126457,0.21169712079801933,0.23510443513037949,0.27585119252344764,0.2595495481752213,0.26718124051388614,0.21208070965084852
2023-01-11 01:00:00+00:00,0.17395861865998927,0.28256241079221384,0.2649468800377114,0.3280287712203753,0.20325648037650362,0.22514442883956115,0.2562792770413524,0.2525129938525738,0.25998978996024047,0.20430099837570226
2023-01-11 02:00:00+00:00,0.15614833284029114,0.2591061373807653,0.23578931686452567,0.30417764747139053,0.19146159069901697,0.20993520726210485,0.22791360765434737,0.23634941707807927,0.24315954652764116,0.18953488824908094
2023-01-11 03:00:00+00:00,0.141350535488154,0.23932629070472028,0.216610967462498,0.2859858151196314,0.18138199268376504,0.19775178511722719,0.20991580581083208,0.22405627740995365,0.23107440864520057,0.17954745461156718
2023-01-11 04:00:00+00:00,0.12890931777525136,0.22633807370998577,0.2111089665557834,0.2821760201270461,0.17868647907594065,0.19288212814517863,0.20210207531075514,0.2236864462217591,0.23334587547769914,0.17648992495657817
2023-01-11 05:00:00+00:00,0.11694175251572278,0.22330256939530163,0.21144009350592943,0.2848642355503799,0.17811241374397285,0.1912918070099373,0.19915340623561378,0.22804796737346594,0.23862801203306327,0.17585203170978647
2023-01-11 06:00:00+00:00,0.10070256664765728,0.21952183279335702,0.20910584643827,0.2860663519352806,0.17324738467211526,0.19445349425364417,0.19009245530027802,0.23116641144368638,0.24398918798028701,0.17519882588977603
2023-01-11 07:00:00+00:00,0.08740430359946191,0.2142116908173557,0.2052768990632791,0.28544339190247525,0.1649606913894885,0.1988868982653163,0.17735788077967257,0.2342914995127971,0.2511022136427835,0.17563291823458044
2023-01-11 08:00:00+00:00,0.0808080210571579,0.20816294204615987,0.199121973688673,0.28007088413883574,0.15958791162851754,0.19574117159344778,0.1712698470054415,0.22991336866011386,0.24737880272503,0.17236854596714668
2023-01-11 09:00:00+00:00,0.07815260737029417,0.20153952261246122,0.20569353930795967,0.2853186920018488,0.15583954769129543,0.21124824737604592,0.16018254952740024,0.24330888389163635,0.2694384205837612,0.17583802270240106
2023-01-11 10:00:00+00:00,0.07696036185230484,0.19514645368903377,0.21196899984770015,0.2892695315824063,0.15210975432546586,0.22492350566750757,0.1514412248654417,0.25493106624474954,0.293854381312854,0.18464462637548795
2023-01-11 11:00:00+00:00,0.06428055038957506,0.18423341245458857,0.19502103462093964,0.27435054354604005,0.14096377746093564,0.21973578514152076,0.12814362209375982,0.24443599849477687,0.28738039485914757,0.1794583477140833
2023-01-11 12:00:00+00:00,0.049872617926931734,0.17311910281877374,0.17646567479109784,0.25894240824662573,0.12568982429826497,0.20733519621867802,0.10369511737402018,0.23359646437799358,0.28174454776989777,0.17512181816171335
2023-01-11 13:00:00+00:00,0.04152788445850772,0.16270414677259865,0.17278651603994968,0.25264451491970197,0.10789682736575953,0.2120384104249186,0.08398229164251483,0.23440335692309683,0.30051425312714164,0.1803261820318257
2023-01-11 14:00:00+00:00,0.028726008788484858,0.14196329299612287,0.15909236825503822,0.24113218770909475,0.089417185548585,0.20887934778933998,0.06018717861127329,0.22858683040020217,0.3053732918690262,0.17534639231084026
2023-01-11 15:00:00+00:00,0.016603108910898695,0.11665916401149325,0.14782630253803528,0.23171979680916913,0.0710383124242139,0.21594722464391042,0.03566983380128172,0.23100312199033074,0.31636362350896463,0.17684504032344378
2023-01-11 16:00:00+00:00,0.01269199785550601,0.09583300711398025,0.13832748060964276,0.2270792969120128,0.06573817774426696,0.2297713752425336,0.018543160550987897,0.2393317841771428,0.3317052337310734,0.18270027186478266
2023-01-11 17:00:00+00:00,0.017786264626712817,0.07817217795391775,0.13202181492684242,0.2338290248501488,0.07037752743263945,0.25346629628744627,0.012210629712156779,0.25195702939315606,0.3513971699779216,0.2021156827105633
2023-01-11 18:00:00+00:00,0.0282576281553229,0.05678778017114762,0.11740240163230406,0.24017807307466235,0.07213851614507963,0.2750882048971152,-0.004720716134442554,0.26137359709893754,0.37417873651952116,0.22133661420003448
2023-01-11 19:00:00+00:00,0.025274836182552135,0.04691081150975902,0.10431640428017847,0.24486218476342494,0.07117124912985587,0.27857138327620595,-0.016041790055957433,0.2634563570168585,0.3815796989637632,0.2292936961807187
2023-01-11 20:00:00+00:00,0.030076344849276432,0.03559093487967947,0.09637716550449396,0.2527948553375552,0.07135855530854576,0.29528024620949045,-0.024969149030392906,0.27441175796555023,0.3981269011749939,0.23976165646875885
2023-01-11 21:00:00+00:00,0.011775095809467007,0.0437033129526045,0.0960996793534849,0.2549411798262198,0.0727144997410353,0.2801303068336249,-0.018556353428830857,0.2644370165278174,0.38723750614007807,0.238041891580816
2023-01-11 22:00:00+00:00,-0.012167011917909698,0.07044857761120533,0.11194393860201282,0.2591512253280168,0.07708752623025442,0.24761004437706974,0.008100247315771275,0.2568763336092394,0.36442102948541877,0.2244239541307726
2023-01-11 23:00:00+00:00,-0.001310869828922201,0.07140829075905676,0.1296396820868129,0.28170522386345476,0.09776211231879159,0.2787527533021205,0.027620771520359383,0.2838317089145728,0.387289546390336,0.2396367738218988
2023-01-12 00:00:00+00:00,0.021193447366562007,0.06716188685631931,0.15432751869828024,0.30938162421847615,0.11860989438692685,0.3312837935862413,0.049619066744735624,0.31860198895340736,0.4275064092672131,0.2599836868828023
2023-01-12 01:00:00+00:00,0.03642668552630643,0.07841655439678637,0.18596678225764998,0.33346450810971706,0.1414529812798559,0.3660054543018885,0.08293521022693953,0.34411074997845575,0.4502671080669473,0.26818605416571956
2023-01-12 02:00:00+00:00,0.06144252441253703,0.08161029194167592,0.22648463669805055,0.36452027359079786,0.16925702988615404,0.42203948592837154,0.12144273641926881,0.3771688465327239,0.48787320287081076,0.28179126988497244
2023-01-12 03:00:00+00:00,0.07513259363177655,0.11405247895469396,0.2673114156688351,0.38684313624647426,0.19322220884434133,0.42268843108334136,0.17060867391032913,0.3942485284386748,0.48907798750450965,0.2759476848258001
2023-01-12 04:00:00+00:00,0.08963981562170648,0.1398700457266993,0.300676461670883,0.4052742784442992,0.2025828600752591,0.42244315566508456,0.21560429287975164,0.4110594154477984,0.4942726278565545,0.272168495016123
2023-01-12 05:00:00+00:00,0.0986920849051289,0.14425811446892128,0.3165274262727278,0.4162629989871125,0.2063235803349242,0.43282849889408387,0.23362832493485147,0.4229561436820996,0.5056501975567632,0.2704233940608053
2023-01-12 06:00:00+00:00,0.09872882325238841,0.18314342337329637,0.33782923914334473,0.4192456350467403,0.20424793801969227,0.39456713049244013,0.2663909666267074,0.42031658985156467,0.4853969464677825,0.26072690260722986
2023-01-12 07:00:00+00:00,0.0915551788094228,0.21791514507932985,0.34399311175021396,0.4145095869703881,0.19486160530638635,0.3532649233074833,0.2843116562384728,0.4012352964258152,0.45535203535759855,0.2469150610342984
2023-01-12 08:00:00+00:00,0.08188875926707936,0.22096475955141298,0.3288065777437228,0.40139762529055556,0.1854842186367071,0.32704516061835925,0.26887345886182207,0.3827153701426676,0.4326371295257782,0.23982922289084518
2023-01-12 09:00:00+00:00,0.077280327769528,0.2191034447101296,0.3188406147286952,0.3925157243641647,0.17880515344308096,0.3145979550513805,0.2558484927065862,0.375089646008168,0.42232091868240146,0.235102025547334
2023-01-12 10:00:00+00:00,0.0569391515229388,0.1915318752991288,0.2898513082159997,0.37466346021147345,0.16818609059203987,0.3194947486845155,0.2182004723693593,0.3621510728827045,0.42553006458875337,0.23626154818162348
2023-01-12 11:00:00+00:00,0.04062077016701124,0.17752288205565903,0.2609701370463904,0.35432406335731004,0.15368856561501826,0.305531445898306,0.18916371674784088,0.34644914709398217,0.4100151610406692,0.23002009651544814
2023-01-12 12:00:00+00:00,0.03373540861591265,0.18424836180818438,0.23778930480517232,0.33143733320948576,0.13378783445110137,0.2612679657349545,0.17235598321448548,0.3177241482648953,0.36948702219416363,0.2053963401289423
2023-01-12 13:00:00+00:00,0.026363014483476055,0.18061869659305296,0.20268246950138993,0.3049780812542091,0.11129805340424512,0.21515591859916888,0.14815970404134443,0.2799318962641763,0.3231714134496275,0.17763173617662403
2023-01-12 14:00:00+00:00,0.021154041902339854,0.174122117881985,0.18472865360952576,0.28512011407341586,0.10694120518314879,0.19472808943563918,0.1309476721336665,0.25267782440170355,0.2834898679805463,0.16125721079183036
2023-01-12 15:00:00+00:00,0.015112475633138417,0.16607338367418462,0.17171463928047284,0.2695752293771043,0.10231131482430364,0.18274852690116278,0.11302381639228906,0.23668074041953252,0.2654028595325094,0.15169596965702337
2023-01-12 16:00:00+00:00,0.008624346210724249,0.15874414781889012,0.15902374192568894,0.25323123778194,0.09776771436680462,0.1703367107591937,0.09972442280683344,0.21870628465069047,0.24540322344074994,0.14468592448038547
2023-01-12 17:00:00+00:00,0.007885280426189217,0.15314755747498815,0.1510997582152064,0.23942783832620831,0.09688210507795389,0.15818570330052162,0.09782427515821304,0.19806525754384235,0.22240757296102087,0.13940685305311568
2023-01-12 18:00:00+00:00,0.010316157821171651,0.15055658156784407,0.1475615682510368,0.23233565640037582,0.09820110126004325,0.15314825535684323,0.09715524911666415,0.19042556534382854,0.21264299941142095,0.13965595477887016
2023-01-12 19:00:00+00:00,0.015910576881102173,0.14936423389060827,0.14212578350713476,0.2267908512032009,0.10024466033590926,0.14965439522420304,0.09818993708080101,0.18429170459266625,0.20419094494002288,0.13991238793463218
2023-01-12 20:00:00+00:00,0.01979640349831932,0.14502280574947668,0.134846877939401,0.21918380269384388,0.09921538897474155,0.1443480053014674,0.09193406384135008,0.17682685604429432,0.19679329491544872,0.1392700705403272
2023-01-12 21:00:00+00:00,0.03013336451799037,0.143158899472353,0.12752022658064918,0.21012495647097654,0.10186746911478015,0.13874037193893424,0.09448405741957036,0.1679630213374586,0.18937436278729447,0.13904116292311564
2023-01-12 22:00:00+00:00,0.050977144546906245,0.145700105631217,0.12055828295010515,0.1996819931179589,0.11172704441189671,0.1328693631978622,0.11333130436879271,0.15639928180159085,0.1847974818751904,0.13694707015663804
2023-01-12 23:00:00+00:00,0.0631187086234978,0.1500255257170467,0.12409674232014031,0.20049940204596553,0.11778640395075143,0.13737533728451007,0.12420189367621978,0.15697098424767125,0.18694190479032413,0.13782319454933684
2023-01-13 00:00:00+00:00,0.07649154545352116,0.15466834573332533,0.1278324598529629,0.20151279148608195,0.11820022318142451,0.13958692943896572,0.13685740743789873,0.15813908162883344,0.18820245454058293,0.13752919633818472
2023-01-13 01:00:00+00:00,0.0874844997091637,0.15998330564159563,0.1313699505821518,0.20491838235718876,0.12005494341899783,0.1425224892423056,0.14495384912763926,0.1608474140151785,0.1909850805540726,0.138998121665107
2023-01-13 02:00:00+00:00,0.09903139683049564,0.16921710835179354,0.14016708353152177,0.21316927134161037,0.12362354881682042,0.14683591622836462,0.1589995597727118,0.16712702137336782,0.19853850276247698,0.14206470117860603
2023-01-13 03:00:00+00:00,0.10641326303974935,0.17705822222579531,0.1485322536871149,0.2218515964604856,0.12824430849295337,0.15315994132955207,0.1663822220759426,0.17506150490060995,0.2052461460620676,0.145924605788263
2023-01-13 04:00:00+00:00,0.11148284203497219,0.18439339697625623,0.15644628985197814,0.23157574169741726,0.13352579143099003,0.15985961922912534,0.1719905730565841,0.1847766162842885,0.21217423246925515,0.15145515249545943
2023-01-13 05:00:00+00:00,0.1153345437568882,0.18352027915214236,0.1548504208847403,0.22818181079340796,0.13106203407983646,0.15920289226306855,0.1755728599916136,0.18104741519155304,0.21053756447233163,0.14942284966294073
2023-01-13 06:00:00+00:00,0.11994514719755137,0.18370793956626202,0.15396869515114467,0.22623666845296078,0.12934733687106553,0.1590034316314135,0.1829975517375944,0.17780309318930748,0.20958997851669203,0.1487942714163577
2023-01-13 07:00:00+00:00,0.12369663759964242,0.18508663254496815,0.15673419581703665,0.2294277604004146,0.13241173315458604,0.16239199017909978,0.18561604626969835,0.1810158488121289,0.2108575209643817,0.15151311534167106
2023-01-13 08:00:00+00:00,0.12999189747573067,0.19179689236374253,0.16445601699332982,0.23712045803892637,0.13684682935832154,0.16779255082702133,0.1956825701462595,0.18694393131471604,0.21666246783202736,0.15859828420165117
2023-01-13 09:00:00+00:00,0.13557325753563745,0.1930478923980386,0.17479965154245494,0.2510493235536727,0.14573892128784877,0.1769474275340901,0.19801127739227337,0.2033927056270643,0.22408047540913434,0.1719412882442099
2023-01-13 10:00:00+00:00,0.13826153217111445,0.19930037631089959,0.18853790089054803,0.2690075292486014,0.15938531509371873,0.1853416832175765,0.20216742639418656,0.22495694117197423,0.23391006366463918,0.1853108883272918
2023-01-13 11:00:00+00:00,0.13959126360949695,0.20423626260969396,0.19925234674041678,0.28085803125492237,0.16707032598086408,0.1908658177718245,0.2075687497749386,0.235236105876447,0.24430591059868356,0.19040401151979436
2023-01-13 12:00:00+00:00,0.13995794891531124,0.21137242513290688,0.22347661285370132,0.30034794585162494,0.18317181636804242,0.20629220789334818,0.21110288665284688,0.2507291895145644,0.26508961434709033,0.19772023501483516
2023-01-13 13:00:00+00:00,0.14285666969424501,0.22208769674218926,0.25180816018644625,0.32268708916078837,0.20104560496348328,0.22403443389855987,0.21803320822094824,0.2692094721543829,0.2930396660094381,0.2045279049700941
2023-01-13 14:00:00+00:00,0.13745347485591972,0.22183946039380803,0.2915500291729929,0.3328141421042068,0.2001340628654959,0.2601309293548892,0.21278430870042325,0.2902764148467693,0.33703352535511333,0.2110876122178899
2023-01-13 15:00:00+00:00,0.1332812583495708,0.22281516543751922,0.2891919363286093,0.3370696447966274,0.19221758905457403,0.28048862477005937,0.21009073945883233,0.30103040044706714,0.35614797184938096,0.22444751149907838
2023-01-13 16:00:00+00:00,0.13283325595085768,0.22215896006150043,0.29189877148636656,0.34806240057483406,0.20046470077176887,0.2968485239152024,0.21812440158885732,0.3178591498185284,0.3734748093868526,0.23948114208498222
2023-01-13 17:00:00+00:00,0.1253075345380593,0.21335000536162474,0.2940624457897115,0.3569999630508006,0.20882774614686822,0.31765140840068334,0.2154719023517228,0.3304476734541571,0.39175451712966564,0.254600419569275
2023-01-13 18:00:00+00:00,0.1163253492818537,0.1806884361039387,0.2914189731542649,0.36710753716275346,0.2124398790321192,0.3689366934715143,0.19870658189504503,0.34619743823020604,0.43182060183769727,0.26626325050208516
2023-01-13 19:00:00+00:00,0.10808130805917882,0.15781151770399493,0.28642925477632586,0.37452102886335514,0.21457981079084426,0.40147114617892715,0.18775311833346492,0.35970365873409654,0.4579583067498016,0.2723232483625151
2023-01-13 20:00:00+00:00,0.10137874262079538,0.1537713035293966,0.279164541295184,0.3711422864835796,0.2094995766959427,0.3981069124056517,0.18071975560988057,0.35846503140820035,0.45501270338524774,0.2718086715720462
2023-01-13 21:00:00+00:00,0.09799750029179843,0.18209410313110813,0.27633879487165447,0.3605571350736867,0.2032034248169829,0.35071624815303465,0.1910774053991649,0.3408625072628259,0.417672185578376,0.2663699273785357
2023-01-13 22:00:00+00:00,0.09502908530919166,0.20266637389219316,0.2696182384831525,0.3491937961816546,0.19719381109214967,0.3093339461301318,0.19651426118485832,0.32719079285082325,0.385031848858484,0.25476270744877394
2023-01-13 23:00:00+00:00,0.0941445341775406,0.21634458883207797,0.2614762029364366,0.3388622990641106,0.18641512325300919,0.2797068903848416,0.19685097684957115,0.3137762085369284,0.35922747168479785,0.2379981623439284
2023-01-14 00:00:00+00:00,0.09499441395965622,0.2232293792256298,0.2504267396092743,0.32814557693458135,0.1747712668309827,0.2572058040191554,0.1953432856887048,0.29629505921068994,0.3329301546939437,0.22078800859456638
2023-01-14 01:00:00+00:00,0.09210453941603927,0.21688481196350123,0.23967431829360228,0.31671388129307376,0.16354986959221846,0.25194188002893314,0.18354271918821102,0.2826036033789114,0.3238320323947895,0.21432674316608813
2023-01-14 02:00:00+00:00,0.09186193975948184,0.21666848395921745,0.2276216729235724,0.30563687431552833,0.169618393387377,0.23622495253044862,0.179339424477224,0.26563939562775546,0.29900913833710474,0.19649955224977889
2023-01-14 03:00:00+00:00,0.09659849867820977,0.21400491875622224,0.2285232509926929,0.3017236820777607,0.1691140323588905,0.23850897118187037,0.17388382534008845,0.264006416416993,0.29893947762070217,0.19754008707778825
2023-01-14 04:00:00+00:00,0.10461343274463389,0.2159494603809916,0.23015702060206186,0.29923930911242225,0.17520607396373494,0.2365111617641531,0.17500392916165647,0.2601184720449899,0.2933564765548843,0.19367896016618602
2023-01-14 05:00:00+00:00,0.1157651847322457,0.2182968822210044,0.24675461704160676,0.30718080530365377,0.1772272207050914,0.25021554750369696,0.17940231262106304,0.2696007376655443,0.3098633327104451,0.20695715407260123
2023-01-14 06:00:00+00:00,0.12714431438442717,0.22512174568829396,0.26065866049461617,0.31535399323673685,0.18455311421691994,0.2591522574166535,0.19040545139228787,0.2767665812204751,0.31883262455456973,0.21506771820164194
2023-01-14 07:00:00+00:00,0.14475898670118245,0.2233796627383191,0.2863035908772953,0.3384083816723241,0.20038396276581977,0.3007127688784415,0.2083737043656722,0.3057121055791639,0.36206294222889845,0.24720723956921753
2023-01-14 08:00:00+00:00,0.16370660756020547,0.18912204835672286,0.32153383035897487,0.38599404832285245,0.23310849150099594,0.41093808323079967,0.21733949927039103,0.3549276257079525,0.45297127444421664,0.28460313830889017
2023-01-14 09:00:00+00:00,0.20582550298945027,0.12006291103538143,0.34851987941461515,0.4747097593946503,0.26147569458848535,0.621316500962246,0.2357273844944045,0.45208589437467256,0.6097816673757,0.3522208510468278
2023-01-14 10:00:00+00:00,0.3045126737249949,0.040661911031513356,0.4330873288402042,0.5696363496615359,0.28968835440608304,0.854677228432748,0.25272923749308746,0.5416090865508114,0.7872765255046098,0.45979810395110604
2023-01-14 11:00:00+00:00,0.3605511058294897,0.008440813818830842,0.49909098358067605,0.6382958996036704,0.31582247721629647,0.9833966237774013,0.28847336610049606,0.6333722970315299,0.8687730503869323,0.5090065898604619
2023-01-14 12:00:00+00:00,0.36269487511374043,0.06498025239687506,0.512574488634849,0.6733794398739121,0.3582076450115052,0.9404786301964151,0.35675649533482173,0.6717139506998306,0.808381146467385,0.48021990296877853
2023-01-14 13:00:00+00:00,0.35176647604525735,0.12223437175441616,0.5254432997312087,0.6666668509226257,0.39993777974095573,0.8737468449589438,0.41377266826544806,0.6761920861464874,0.7499555792673666,0.46718959098390983
2023-01-14 14:00:00+00:00,0.3450755046643218,0.14596645971633276,0.5194346747663626,0.6387119523493588,0.41310971308271766,0.8226038596066565,0.41948992009491143,0.6553899188495782,0.6924028287517786,0.469834324010387
2023-01-14 15:00:00+00:00,0.3316460685899816,0.22013203602196424,0.5076635907562715,0.581991692923578,0.430973189606302,0.7006143008605831,0.4575316983676851,0.5818316029222668,0.6103298292977705,0.4574795697741975
2023-01-14 16:00:00+00:00,0.33202415806369767,0.2411184540958649,0.500037055608818,0.5724634474213175,0.42592958668273845,0.6447869774978839,0.45608271271825446,0.5527915645442221,0.5514283128169181,0.4466340072109973
2023-01-14 17:00:00+00:00,0.32498778247468263,0.34252202855108477,0.49158747223984267,0.5285732796138544,0.36989987283249254,0.3930120623500381,0.47642911993347764,0.41846084220782703,0.3688101371658039,0.396458913443482
2023-01-14 18:00:00+00:00,0.3205745445223963,0.3684833733698188,0.48378401546943584,0.5029012867828051,0.34887228517297825,0.3313080519411225,0.43594970427300234,0.37557622012398645,0.3277774658836091,0.3524119361482192
2023-01-14 19:00:00+00:00,0.30586435891435837,0.37765880748049435,0.45879974554548497,0.46740374841442567,0.33159497380306663,0.28711531073550667,0.3950576915958572,0.3150139607586319,0.2792332833010457,0.28996924407566804
2023-01-14 20:00:00+00:00,0.2823202496149403,0.33717227602521677,0.4114639453417769,0.42647115254392065,0.30541099855760306,0.26562220429220296,0.34220547644913485,0.2607960148174035,0.23528173573778577,0.23931411715536716
2023-01-14 21:00:00+00:00,0.25409999822929585,0.2878089909797689,0.35638641217116573,0.38800036371202584,0.2518019046415548,0.24712690989914515,0.30323956472204244,0.22121800817115084,0.208737141278601,0.19446844556361587
2023-01-14 22:00:00+00:00,0.1947391021494758,0.22207735139040058,0.2703304026817529,0.3339829508274801,0.18174923828938233,0.22470550750687573,0.23074933709003803,0.1904248652037846,0.20047442809152027,0.1575559687032569
2023-01-14 23:00:00+00:00,0.16091928659471558,0.18622441621614727,0.22002947423830496,0.309379898341144,0.14116761687679474,0.21307022320425323,0.19268653397782148,0.18445042499284509,0.19791847550828268,0.13420784174443962
2023-01-15 00:00:00+00:00,0.1516421445101108,0.1774674731639752,0.2072726300696037,0.2913741191582524,0.13801529666061269,0.20779895362397927,0.1787799035769599,0.1842326168341723,0.19695812792325662,0.13333549434008785
2023-01-15 01:00:00+00:00,0.15291386565811146,0.17802889619249057,0.20814168114820966,0.27182176268185,0.1546387512709993,0.20685845245387996,0.1717633919056259,0.18979134173990336,0.1969736133439679,0.14084275777590377
2023-01-15 02:00:00+00:00,0.15215101128282002,0.17614430550205823,0.2044396648360218,0.25857641935669884,0.1608201754541742,0.20536254609156596,0.16441683389094258,0.18982735522795552,0.19460705865068617,0.14401688494762832
2023-01-15 03:00:00+00:00,0.14835337414942038,0.17277474536831167,0.19299698559792003,0.24216337941743551,0.16056568150593026,0.20229236615910806,0.15219289082190007,0.18612152317258018,0.18511148956818402,0.14324819877346068
2023-01-15 04:00:00+00:00,0.14689497285934047,0.172348329328396,0.18806050553216633,0.23162810228907263,0.16303169378003107,0.19843559601578392,0.14612686314830708,0.18339735429836473,0.18004974070154167,0.1440430693381624
2023-01-15 05:00:00+00:00,0.1516583433025934,0.18196438455044656,0.19586062320922873,0.2267797831724501,0.19023187414380177,0.2039497756822461,0.14516779066622482,0.1825128435999646,0.1937459796325668,0.15018947097727348
2023-01-15 06:00:00+00:00,0.14725487295844716,0.1836767167040662,0.1918348866619957,0.22149851089765263,0.1898070149698748,0.20205165341815118,0.14231975162292315,0.1802773916694113,0.1963384691911001,0.15198582124667875
2023-01-15 07:00:00+00:00,0.14253761773971615,0.18390323335464132,0.18664856992838366,0.21550659363068006,0.18736912268937939,0.19962590393254742,0.13856081776239543,0.17821706280819977,0.19647658808096558,0.1526563965012639
2023-01-15 08:00:00+00:00,0.13872051773809815,0.1896585016323764,0.17618077180242311,0.21178175504854327,0.1821150836947854,0.19705140514179315,0.1255476578025119,0.17777940463986824,0.20596931541884345,0.15767569722375918
2023-01-15 09:00:00+00:00,0.13470384458978166,0.18676795589832235,0.1671141342703241,0.20120562745314377,0.17526424000216517,0.1897473002722992,0.11880164793155237,0.17098875314958512,0.2016246719330298,0.15570404224082884
2023-01-15 10:00:00+00:00,0.1316984792608731,0.17874544162838663,0.15984447809261196,0.1884271549426512,0.16964191536393375,0.18084024445314545,0.11808142984560818,0.16157943319554918,0.18663537576983524,0.14921977885501164
2023-01-15 11:00:00+00:00,0.12849929692648096,0.17969819839857165,0.1567354604805586,0.18611519719986572,0.16553702182264057,0.17803811416097853,0.11024932063844958,0.1577133196639861,0.19305666670908161,0.1514627316460222
2023-01-15 12:00:00+00:00,0.12528668598459028,0.17751800986989608,0.15297337112357653,0.18198174815232152,0.16142067007712918,0.17386954138506,0.10506914711412976,0.15325930907473312,0.193323811030638,0.15129993688976584
2023-01-15 13:00:00+00:00,0.12408700194844882,0.16415017693079403,0.1486946222520135,0.16800132714330598,0.158566727054185,0.16487607746050498,0.1130082049619445,0.14584321708573583,0.1687831783512973,0.14101983794449124
2023-01-15 14:00:00+00:00,0.11999378310161837,0.15930573789345676,0.1482182910947162,0.1674167854280906,0.15767348991600144,0.16198768187646656,0.11838529356644548,0.1452753560655094,0.15996165565800935,0.1376253444369941
2023-01-15 15:00:00+00:00,0.11924386796977046,0.15983285433291944,0.15111529984760866,0.16906958971813704,0.1595387958716164,0.1636150534059833,0.12005765107152935,0.14552524479876577,0.16236135911911764,0.1396318643671111
2023-01-15 16:00:00+00:00,0.12008361732364273,0.16260128134771773,0.15579303931432645,0.17199662012628494,0.16274478744997062,0.1673503843141198,0.1220322474123737,0.14712246845742,0.16750205513831407,0.14355565608015874
2023-01-15 17:00:00+00:00,0.1239358720639345,0.16653747422669102,0.1601726649735515,0.1746434545353052,0.16549481463206966,0.17150394070177294,0.12291525902824554,0.14921148408739754,0.17299972755523707,0.14802095904696383
2023-01-15 18:00:00+00:00,0.127464158594033,0.16892883674016873,0.16426202466835552,0.17756027529027477,0.16758498500811264,0.17535094525437905,0.12603545694202586,0.1515155741217204,0.175197708780781,0.1509107311052338
2023-01-15 19:00:00+00:00,0.13063332903199673,0.17972787857396572,0.17713013698009142,0.19069628184909063,0.17552808512342438,0.1878932088616238,0.13184362581364148,0.16166979947554122,0.19211677583087494,0.1594861221594412
2023-01-15 20:00:00+00:00,0.13381786296642087,0.17928721901630112,0.18121151704216734,0.1940518842621556,0.1785474878772852,0.18877753729043983,0.13787921899324102,0.16311745531668725,0.1909617808281422,0.16084542487834774
2023-01-15 21:00:00+00:00,0.13764294731206259,0.18059043404844805,0.18138979991502582,0.19314376788855184,0.17721356853958165,0.18969600321989027,0.13602797845583278,0.1628330797713799,0.19103472100488494,0.1626030824319002
2023-01-15 22:00:00+00:00,0.14459424873346807,0.19001638517736752,0.19388335655321,0.2071336664889122,0.18509220687447764,0.1975561165738186,0.1457503751479537,0.1738555407055668,0.20700328986839778,0.1688982939545552
2023-01-15 23:00:00+00:00,0.14853748192012858,0.1956203107517101,0.1941028401054893,0.2076147095968847,0.1809808308497856,0.2004673438208564,0.13711109229064403,0.17482710474198887,0.21313034653226248,0.17363106064835176
2023-01-16 00:00:00+00:00,0.15263994164030423,0.19621865291473178,0.1909678136332945,0.20522156801683814,0.17686571676545232,0.20115389752207774,0.129244284405753,0.17324158413686247,0.21224705175796876,0.1756806386908074
2023-01-16 01:00:00+00:00,0.15723682729542696,0.19621625487892003,0.18551373884475494,0.19992391224369746,0.17076158209634623,0.2013287163994344,0.11872854594370039,0.16953370685134578,0.21010222191527628,0.1774247158697697
2023-01-16 02:00:00+00:00,0.16578843627666526,0.1862413164421614,0.17535672223232754,0.18544907562217497,0.164027129016385,0.19171104972240083,0.11271376482039017,0.16195567683909157,0.19355786295195743,0.1714534844544811
2023-01-16 03:00:00+00:00,0.17718475107326218,0.17429832043861432,0.16386570483087579,0.1731464704627436,0.15888588612157878,0.18663896346834957,0.11503248332298846,0.15405436914985043,0.17209657314829108,0.1588651278097079
2023-01-16 04:00:00+00:00,0.19876749545104092,0.15553320126114112,0.1487934488328275,0.15895040155733867,0.14824398366449837,0.20248863232650705,0.11515421350775365,0.14658685679410227,0.159213422682551,0.14814180085372752
2023-01-16 05:00:00+00:00,0.24487578105071064,0.13347540798117624,0.14478588823072655,0.14660848591470702,0.12628587514865136,0.20686577473378243,0.10652291200282774,0.14683253207906194,0.16088094716824552,0.13701603430970194
2023-01-16 06:00:00+00:00,0.2864443312667593,0.10312238455329355,0.146263691892461,0.12272314318159108,0.08351567172346205,0.19323236903805646,0.10841843250102487,0.16525042716406207,0.18818599829420823,0.14212298201657697
2023-01-16 07:00:00+00:00,0.2902902963215199,0.06662868929737518,0.1567808341636713,0.08818403009162129,0.038253921864161405,0.18832612150541828,0.10561313731864772,0.20494812013620217,0.29457085974525443,0.1601354869260681
2023-01-16 08:00:00+00:00,0.2657100441168163,0.05186434986902748,0.19041958382696902,0.06870002518136825,0.025144784839278428,0.20964144064025014,0.0985905835904852,0.24045313319891876,0.4356468121618519,0.1778990604850848
2023-01-16 09:00:00+00:00,0.2391597813545225,0.03733558574936473,0.2312581694258484,0.09089633769347039,0.009892703786515383,0.2517417431264245,0.10250105374310639,0.28734431386802867,0.5508899503871131,0.18373577888837128
2023-01-16 10:00:00+00:00,0.22768914657915593,0.012948564923791525,0.28478271002780475,0.11639200476054123,-0.014964350112129987,0.31206429554748577,0.10196558509949591,0.3444508902532187,0.6754178102309932,0.18617004277626703
2023-01-16 11:00:00+00:00,0.2314942490673154,-0.000987340318738747,0.313770292113306,0.1226115147896655,-0.02785132655947875,0.34657292204515083,0.09897223730147178,0.3824095205597739,0.7363236552966782,0.20157475324046015
2023-01-16 12:00:00+00:00,0.23768494103444746,-0.006793538614483771,0.339458558011841,0.12618055648713558,-0.033088678980821656,0.37104634897485594,0.09795288505578767,0.4102918038431615,0.7785049845012536,0.20988573509187292
2023-01-16 13:00:00+00:00,0.23185412270402048,-0.020865957341403216,0.34803289921786584,0.12580535564727693,-0.04204847149254329,0.3760535892495061,0.09234500350795802,0.43243560820658916,0.7999462424408595,0.22212690054643808
2023-01-16 14:00:00+00:00,0.2203635958945008,-0.04519054006465166,0.3549611378563702,0.12427928829594773,-0.05639935359074036,0.37913911555780483,0.08194914971793113,0.45963308142616005,0.8156292710734471,0.23854978437741886
2023-01-16 15:00:00+00:00,0.21499431357525675,-0.05816029105604441,0.3551177323063084,0.12085149992051916,-0.06291129009718557,0.37247815634037845,0.07549965043981025,0.4705314301311479,0.8123335407087847,0.24375249957173728
2023-01-16 16:00:00+00:00,0.20441187686971787,-0.08030353196405947,0.34562834812317256,0.12009622531517097,-0.0736499110064665,0.36438066325874335,0.0674706483876262,0.4881886545216992,0.804932852536233,0.25468554635601204
2023-01-16 17:00:00+00:00,0.19463157933279476,-0.07583128474645638,0.33340036416899554,0.11197589988235268,-0.06953322078336857,0.345573314952172,0.06680195602471792,0.4680973181914842,0.7725352181552999,0.241168695888621
2023-01-16 18:00:00+00:00,0.18132639459094854,-0.06585284719559674,0.3152448767400652,0.10202659232566597,-0.06153196058355326,0.31681227772251797,0.06728483766275486,0.4355880093212999,0.7227147913569495,0.22256069158287872
2023-01-16 19:00:00+00:00,0.1645465570361536,-0.0376418689991027,0.28267305306592727,0.08464265506303142,-0.04400390760900644,0.27015465387088994,0.07370197510780432,0.37218113783741363,0.6467201170769198,0.19004536769375796
2023-01-16 20:00:00+00:00,0.1513871392045769,-0.02659508095898451,0.2570837559150543,0.07060948246285031,-0.03284104853107775,0.23267680777910704,0.07724997543391823,0.3279988484298258,0.584628192668469,0.16475273929164208
2023-01-16 21:00:00+00:00,0.13983265745719717,-0.019361254266964154,0.23801803468310553,0.058768045047026596,-0.02424149341838036,0.20462035345920276,0.07656019619851681,0.297707206742796,0.5338348435367967,0.14270996853081247
2023-01-16 22:00:00+00:00,0.13282327261675234,-0.012644521629322544,0.22443164211668357,0.048130766207565734,-0.015458432607178108,0.18183591004511918,0.07699735105047409,0.26887158381366344,0.4924264452617115,0.11911932388754043
2023-01-16 23:00:00+00:00,0.1251571558390052,-0.024913382109700302,0.23000441813137887,0.0438113050951322,-0.02819299168719122,0.18367443027082636,0.06790706216467682,0.2839655074807293,0.5081654247472439,0.12154253054526648
2023-01-17 00:00:00+00:00,0.12160339973285753,-0.03136175899448167,0.22853258757572883,0.03828193862844592,-0.03453456049511602,0.17796220245221706,0.06258259483455184,0.2830470583031925,0.5021599047824586,0.11635980244565217
2023-01-17 01:00:00+00:00,0.1230254344395452,-0.02988493993298154,0.23232851717653094,0.03360548420431153,-0.03544969020610397,0.17647961090910097,0.06656634349270998,0.2760133746834848,0.49726109569109295,0.10350463661467196
2023-01-17 02:00:00+00:00,0.12441021161602608,-0.033072786272483154,0.23746875144603388,0.031153670336166117,-0.039746728012294924,0.1781569162945852,0.06758524892965892,0.2765498402524634,0.4991808727773836,0.09678186067547079
2023-01-17 03:00:00+00:00,0.1250554821975037,-0.03297289408151603,0.23548955500681032,0.025383957183416794,-0.03943507187336401,0.1699074687441569,0.06971799301681977,0.2628719132492409,0.48375086421296437,0.07905646613257888
2023-01-17 04:00:00+00:00,0.1195422429572118,-0.021327531867288155,0.21404441314729808,0.011953064884432485,-0.03434303925730611,0.14280538345050026,0.07138327145388565,0.2155660009776748,0.42013615478002037,0.05731856055458234
2023-01-17 05:00:00+00:00,0.11804025100097396,-0.011975179946738426,0.21190405509847846,0.01153570588765157,-0.04256264073294119,0.12764125469935256,0.0680488701947197,0.17539113191312733,0.353592391282609,0.0400710155681982
2023-01-17 06:00:00+00:00,0.13112731435655114,-0.011670628388517942,0.20809355094551726,0.02794178054890739,-0.04934603746075347,0.1174105991153586,0.06373045464545088,0.15218635402161956,0.3187960428917208,0.02729981197222095
2023-01-17 07:00:00+00:00,0.12381640502261257,-0.0143639286313917,0.20507461593803336,0.027991911275669912,-0.05447039048677729,0.11252805266970693,0.05948285074532031,0.14573153939387623,0.3095388355199722,0.020834253866837155
2023-01-17 08:00:00+00:00,0.11146654593125413,-0.0195030723911402,0.2017092681481191,0.020947631058121197,-0.059739347021232014,0.10840900442606698,0.054353939697119186,0.14364840386946315,0.30672813401097676,0.014752558401099153
2023-01-17 09:00:00+00:00,0.08612352698235778,-0.02779935225580936,0.20532711098988407,0.00456547938717361,-0.06539461404823613,0.10923402935524533,0.04849610811679808,0.1531166596157187,0.31900278756385714,0.011016489110452915
2023-01-17 10:00:00+00:00,0.061442856615986835,-0.03539465837335724,0.20412554208698366,-0.011354528035396327,-0.06961971112384116,0.10754349588251576,0.04166755308711198,0.16106845884544047,0.327883381397157,0.008974626421961118
2023-01-17 11:00:00+00:00,0.07854044967733054,-0.032533919193442215,0.183937999196187,0.005463400203611413,-0.07176873060641303,0.0942301237125761,0.03649876699106944,0.1347099909536758,0.2874788804440708,-0.00046588363049646087
2023-01-17 12:00:00+00:00,0.07885362030759543,-0.03256649414522049,0.16181982323065244,0.009235701244890981,-0.07552129857084425,0.08340985060118049,0.029705945277580442,0.122788230522443,0.2607633569982014,-0.003197652740440149
2023-01-17 13:00:00+00:00,0.0627929597323704,-0.03756540620032388,0.1514571282723355,-0.0025264662921335446,-0.07649350094538565,0.07360947596642282,0.02219306153122272,0.1170324575349295,0.25136023387842166,-0.008678523104901026
2023-01-17 14:00:00+00:00,0.06182386361339273,-0.0342809986576479,0.1263141476202523,-0.0027404704094874943,-0.07966256347173886,0.059246030600182145,0.01836427472338195,0.10409970045015779,0.21432688796231525,-0.01440320912315654
2023-01-17 15:00:00+00:00,0.05427914733467043,-0.03649626775348748,0.11604264891367896,-0.009768420329150096,-0.08100159329835036,0.050709910039473796,0.014582967759505933,0.09836607965760216,0.20019871287653912,-0.02505838081562478
2023-01-17 16:00:00+00:00,0.04051509632995062,-0.04183489741094128,0.11427414800780156,-0.020386920602148362,-0.08068642333597617,0.046117241840786485,0.010717721814554076,0.09601453979000482,0.20108451218336676,-0.031029426551490547
2023-01-17 17:00:00+00:00,0.033450487873586676,-0.05523229316645152,0.1313953791326218,-0.045161611887400865,-0.0788767356071576,0.04389925820105216,0.0037411249252540524,0.09889978014542297,0.22345706006537702,-0.02839934767719321
2023-01-17 18:00:00+00:00,0.03267028237727382,-0.06080785170834592,0.13296358409200373,-0.05599045546065928,-0.0788895082443061,0.041860630229403076,-0.0009639076603486785,0.10011869299776258,0.2259193322558768,-0.03090833912252519
2023-01-17 19:00:00+00:00,0.020797712253853073,-0.057372011422900285,0.11497397820856411,-0.05542265734751034,-0.08025994019372651,0.033197697550401764,-0.0020461138130841994,0.08483517438000845,0.20474134055176985,-0.03779915042738197
2023-01-17 20:00:00+00:00,0.010521026530686955,-0.04774407698067078,0.08143042863305525,-0.041549436330398315,-0.08322347441717906,0.022083952317697927,0.00017831524756797834,0.07044716398637771,0.15757184133928115,-0.06060699088648153
2023-01-17 21:00:00+00:00,0.015348225344059607,-0.03911646915030166,0.04046797753351106,-0.02135456375269118,-0.08735109749644124,0.015934720520739284,-0.0001641780891223632,0.052482451569028116,0.0952957148479363,-0.0722871149454139
2023-01-17 22:00:00+00:00,0.015355671110108965,-0.03587063310753148,0.017836401011263908,-0.008439639615482719,-0.09140513187248397,0.00873140558288886,-0.0010186678633388457,0.03307906817957049,0.05523159678420218,-0.07795358364540775
2023-01-17 23:00:00+00:00,0.005395688529135023,-0.03845911990485472,0.012009120539599571,-0.009884527102145602,-0.09253070814752648,0.0017485038130278102,-0.0027347989788079896,0.02682175773983214,0.04308235590248076,-0.08210700723771222
2023-01-18 00:00:00+00:00,0.00029674777808302855,-0.04064765851386286,0.006770178169702434,-0.00883526916524835,-0.09398205406341023,-0.004702897778370976,-0.0029085838301291245,0.0207133647361937,0.03005510421671008,-0.08424393387917076
2023-01-18 01:00:00+00:00,0.006058475937143648,-0.04380914501329071,0.0018737475215438726,-0.005921111649726862,-0.09620125705838123,-0.00960659878275473,-0.0019476246910330175,0.010771083670392617,0.011178462935928321,-0.08165439517154396
2023-01-18 02:00:00+00:00,0.00948185818081837,-0.04564146025593731,-0.0007312342913827485,-0.00553147112472574,-0.09589436039535978,-0.007606165919978827,-0.0016192325579920397,0.004037935367382062,0.0022349108752980212,-0.0792756099508356
2023-01-18 03:00:00+00:00,0.001804352947228055,-0.04714580437348777,-0.00572236639683138,-0.00535364437068675,-0.09439432026102354,-0.008997907347325987,-0.002872257840124931,-0.0018867244217702084,-0.006228725970492191,-0.07993320899754697
2023-01-18 04:00:00+00:00,-0.00684715884064338,-0.04792302317176125,-0.01017421709387617,-0.006969280070705797,-0.09219130685241744,-0.012659945302190875,-0.005179175899329674,-0.00841705820903238,-0.013298040583421614,-0.08087678643716578
2023-01-18 05:00:00+00:00,-0.008436453830853535,-0.04925859976840924,-0.01395438554179082,-0.007224927990063301,-0.09107909127392208,-0.01630596725720941,-0.006065959862921716,-0.013187369174162217,-0.016504986632917898,-0.0806881919597155
2023-01-18 06:00:00+00:00,-0.015423381553170384,-0.05029453007529393,-0.021011372488221908,-0.010581078815298295,-0.0903621108357659,-0.022619444127101387,-0.010177183830773123,-0.018098215762913428,-0.01966374411926909,-0.0810959360622783
2023-01-18 07:00:00+00:00,-0.026790935376322128,-0.05152065772014555,-0.02876581673504841,-0.013864104985600867,-0.09031548562571293,-0.031019348307315855,-0.01620395862052801,-0.02260511118535205,-0.021554113119533216,-0.08471266232136943
2023-01-18 08:00:00+00:00,-0.04168526562448033,-0.05254954505799532,-0.03727443010972836,-0.017299109050470107,-0.09058983179178778,-0.04075411110387754,-0.023555099947300845,-0.028138735002558674,-0.023721296183054866,-0.09119171474992024
2023-01-18 09:00:00+00:00,-0.06107019757756563,-0.05252699183462756,-0.04754422174503292,-0.02208450709567561,-0.08846604931608576,-0.055305892355801675,-0.03452580763808341,-0.03354319492076108,-0.025765400431494737,-0.10171660901826968
2023-01-18 10:00:00+00:00,-0.06871857586799193,-0.052444007686540034,-0.053971538062280666,-0.025416811391738903,-0.08635882488493624,-0.06617951491635093,-0.044776678907541195,-0.039054667493400946,-0.02647159815153817,-0.11030014962121143
2023-01-18 11:00:00+00:00,-0.07358489849707858,-0.05303360929432453,-0.06013602496462714,-0.027658986986804857,-0.08569975113205283,-0.07415400743444492,-0.053070983803080424,-0.04571587893535431,-0.028297481995390908,-0.11621808226936295
2023-01-18 12:00:00+00:00,-0.07871149959576554,-0.052073915863834724,-0.06349220489249763,-0.02845430909745522,-0.08472001293727865,-0.07096196876023164,-0.0631385586648657,-0.04888943062615461,-0.026741711333205312,-0.12018700120552123
2023-01-18 13:00:00+00:00,-0.08113426108164393,-0.05084356685340857,-0.0613218769784718,-0.028166655762295267,-0.08472192211884963,-0.06821774927439431,-0.07039718069293063,-0.05049647210369179,-0.024214732955379806,-0.11991798669975726
2023-01-18 14:00:00+00:00,-0.08062984818518987,-0.04918062401449641,-0.06123889200314819,-0.02700140968826481,-0.08506107383652811,-0.06542286561671817,-0.07082994996413577,-0.05133252524988435,-0.020244506699257328,-0.11537761638708521
2023-01-18 15:00:00+00:00,-0.07961769744534,-0.04635177766309777,-0.06109988913108741,-0.023404273209341908,-0.08474676413377538,-0.06157967615510689,-0.06903945731440558,-0.051490133879988326,-0.01587383431401347,-0.10746678667404894
2023-01-18 16:00:00+00:00,-0.07689565848087437,-0.04234445113732466,-0.05798017417438869,-0.01854659985494539,-0.08444511526316559,-0.057640372843767954,-0.06296267214382076,-0.049835457493778074,-0.010059807744578667,-0.09657289548262207
2023-01-18 17:00:00+00:00,-0.07183299306856897,-0.03625806972802835,-0.04809596856829937,-0.012903823708194928,-0.08347447204339975,-0.05278646317516207,-0.05044601768585047,-0.0461125786785235,-0.003267364309404233,-0.0774569034263016
2023-01-18 18:00:00+00:00,-0.06356589839394342,-0.02958877568287653,-0.03700466884922307,-0.001907518790210283,-0.0797004332297939,-0.047500470239845036,-0.03702850872033739,-0.03950241050794914,0.004432027238181743,-0.057677114819313646
2023-01-18 19:00:00+00:00,-0.052719187208061125,-0.02316062852383176,-0.02606269460592356,0.008283870988400055,-0.07306521284201378,-0.0427769081939572,-0.024558268365019315,-0.03124923821727718,0.008470028640057622,-0.03720698938283429
2023-01-18 20:00:00+00:00,-0.03787639309995311,-0.016632050697896125,-0.012375550330654711,0.020427494915603472,-0.060653314588501955,-0.03414830045128682,-0.008925199495239927,-0.016677882477561412,0.012966961070151536,-0.01086958095155896
2023-01-18 21:00:00+00:00,-0.01935454346364021,-0.0043394475297324625,-0.00010825808963263461,0.0339464186261092,-0.0471046674997849,-0.02155804596778478,0.00826458093917995,0.001236496510836127,0.023326559789450682,0.0023589073722364295
2023-01-18 22:00:00+00:00,-0.0005743209022343598,0.00941703113795768,0.011954318079317627,0.04768738782403015,-0.0337478560468423,-0.0043317231914915405,0.02548992946613668,0.01988882570296055,0.03879682936427385,0.013069980075325643
2023-01-18 23:00:00+00:00,0.00037119428948331756,0.010725257155194304,0.00993201310149014,0.04240159105550967,-0.03400143918545637,-0.003384022058300587,0.02064611977868927,0.026978487961098724,0.03861059156503342,0.015161487013102798
2023-01-19 00:00:00+00:00,-0.004934321054766849,0.007710117061558233,0.006357592855492145,0.03671812341493996,-0.03723057705476071,-0.007210382267663976,0.013846668681814861,0.020312867948699437,0.0349386945252652,0.013071405281899706
2023-01-19 01:00:00+00:00,-0.011845908788242071,0.0026765840522679635,0.0012820839431989806,0.0290874388699488,-0.0424250545159679,-0.012683830364772677,0.005180749682796609,0.010404648798362642,0.0292572538509263,0.00843936613017518
2023-01-19 02:00:00+00:00,-0.018102337822405667,-0.0021532248637295276,-0.003600538407689119,0.02229789058138787,-0.04644423781354928,-0.017475957934975264,-0.0029878069718041467,0.0025618829484736483,0.025691629161362015,0.0037241432420184184
2023-01-19 03:00:00+00:00,-0.02693541185775475,-0.009542566523453352,-0.01095912691639686,0.014228646151682567,-0.05211904416428184,-0.023496565284897533,-0.013051528064405155,-0.006523372983178538,0.02134324348683235,-0.0036014298556529545
2023-01-19 04:00:00+00:00,-0.03586528562238667,-0.019750964635927445,-0.021830988081800035,0.0030654642762652506,-0.061361569103309976,-0.0308041110784701,-0.02565723211448509,-0.015535182114235463,0.014739228354759035,-0.020029085667452012
2023-01-19 05:00:00+00:00,-0.043090075290267676,-0.030944471755910738,-0.03429091163026596,-0.008305129008330359,-0.06862138311465557,-0.038622314007835404,-0.039624136132034055,-0.022848431245471645,0.0075691822134616865,-0.03682599626252461
2023-01-19 06:00:00+00:00,-0.04680568484363026,-0.04339450062706207,-0.04938051913975741,-0.02064746532918932,-0.07193651036349255,-0.04794181002521715,-0.051134892830631856,-0.031960635419042094,0.0006319113013117245,-0.057868995129225415
2023-01-19 07:00:00+00:00,-0.05308988257721389,-0.05107345808890866,-0.06032783731018285,-0.030622939948370287,-0.0761810900355426,-0.057591759302043674,-0.06079526443464464,-0.041400140583564726,-0.00928027579694514,-0.07797551754459836
2023-01-19 08:00:00+00:00,-0.060845900827656035,-0.05951160922592309,-0.06546679656952356,-0.03731302142646431,-0.08261838809552233,-0.07459517339985874,-0.05657323830066688,-0.049684238019762156,-0.022414554970965242,-0.09831711331218662
2023-01-19 09:00:00+00:00,-0.06423633962627351,-0.06837464103505976,-0.0688442410340416,-0.0407989239031617,-0.08501040231814275,-0.08038995719387321,-0.04850048668503601,-0.051288418405445235,-0.03335925438382077,-0.11177291745891543
2023-01-19 10:00:00+00:00,-0.05316253122418779,-0.07803532554832916,-0.06547621256905639,-0.037775288454156675,-0.08639458729072472,-0.0718925355609589,-0.039465221463014705,-0.037955618569059824,-0.0339186699291545,-0.11962037798098896
2023-01-19 11:00:00+00:00,-0.06105055839130957,-0.08199701833031878,-0.07132508681149055,-0.03845332052999706,-0.08937495245234559,-0.07913713253274068,-0.04317652903929284,-0.04005271657604534,-0.036829512188077354,-0.12739511563393946
2023-01-19 12:00:00+00:00,-0.06293168876064459,-0.0859612306024868,-0.07698410668086039,-0.03934796622322967,-0.09016710929860591,-0.08219074806281226,-0.04508376028124442,-0.04078888304900294,-0.037289249364968205,-0.1321561366278535
2023-01-19 13:00:00+00:00,-0.0615925098346673,-0.08915723421659351,-0.08186403339364892,-0.03871837969245312,-0.0910192430665048,-0.08410559336193468,-0.045516871230311035,-0.03826552369306088,-0.037195159669567227,-0.13634241482790205
2023-01-19 14:00:00+00:00,-0.06501261314924081,-0.09142364420301918,-0.0858203630106413,-0.03918998985002603,-0.09235601122604842,-0.08741731245862638,-0.04759210649975734,-0.037572905937395484,-0.0376767915059162,-0.1408899306132289
2023-01-19 15:00:00+00:00,-0.06167263087295197,-0.09301831295303985,-0.08966780471843686,-0.040443359278222735,-0.08810928782498659,-0.08768107179621012,-0.048490221161662045,-0.038245271986846324,-0.03621224778112754,-0.14134392932376166
2023-01-19 16:00:00+00:00,-0.06531295202362222,-0.09420968959427203,-0.09229882133243303,-0.041869703424877114,-0.08782823358594319,-0.0904037131955413,-0.05120112030630189,-0.04026997444956845,-0.036423362078694246,-0.1441955754287205
2023-01-19 17:00:00+00:00,-0.06876969112637393,-0.09496532311521298,-0.09509025991071376,-0.042287117605070645,-0.08809224445439792,-0.09231439043962386,-0.053035686738121784,-0.040768655830779904,-0.03759395235697173,-0.14691524660716973
2023-01-19 18:00:00+00:00,-0.07327699560183518,-0.09566763940561532,-0.09773626134700716,-0.042740836587707165,-0.0885952223155346,-0.09416352131885417,-0.05501338113823592,-0.041221258465365646,-0.03912539240147901,-0.14997677765421447
2023-01-19 19:00:00+00:00,-0.07726852444915397,-0.09680671764492126,-0.10052460891458928,-0.044058308951092584,-0.08893482705523759,-0.09584587570366074,-0.05687171166788493,-0.040325302837367544,-0.0405387252395238,-0.1530896376595203
2023-01-19 20:00:00+00:00,-0.08250579169418235,-0.09836287607144999,-0.10265029023411501,-0.0461845514527805,-0.08970030240445762,-0.09839013516243542,-0.060120691581326074,-0.041257092898885184,-0.04151336452550693,-0.15623596949208696
2023-01-19 21:00:00+00:00,-0.09033470195525345,-0.10084493192704842,-0.10446880720275767,-0.04912655072690031,-0.09224156262390501,-0.10182928442268563,-0.06281269336688675,-0.04019262015303943,-0.04367213001865851,-0.16116365611047376
2023-01-19 22:00:00+00:00,-0.08996689434465596,-0.101407680989916,-0.10696553660220612,-0.048556541183578106,-0.09005835978803672,-0.10188487502514229,-0.0646596096288092,-0.040139219037311186,-0.04401475228965869,-0.1615440121407784
2023-01-19 23:00:00+00:00,-0.09290448659299236,-0.10063850058831178,-0.10807442397010905,-0.05061855160023304,-0.08888051346886405,-0.10390550682636507,-0.06942484640731686,-0.046710716705509914,-0.043664227618230536,-0.1632588805760024
2023-01-20 00:00:00+00:00,-0.08009843346913179,-0.09851410908158743,-0.10838103278208153,-0.04859537516135232,-0.07774695091604156,-0.10077792301481134,-0.07114528813211937,-0.051729851393312515,-0.0377303143289129,-0.15611775628946106
2023-01-20 01:00:00+00:00,-0.07662339768073981,-0.09757867188802248,-0.10759933216006604,-0.053313309469292025,-0.07538168312002447,-0.09967820667441074,-0.07482603292821596,-0.05560416872130933,-0.030771780108555982,-0.15054394909328278
2023-01-20 02:00:00+00:00,-0.0763646862333717,-0.09737317474718389,-0.10517813786863703,-0.05612839064560571,-0.07923818556838921,-0.10034595566532031,-0.07763402441371978,-0.05473187161390547,-0.02478192214005899,-0.14536821474190553
2023-01-20 03:00:00+00:00,-0.07948109888074806,-0.09811331572165592,-0.10352520302032306,-0.05835336318697881,-0.08295877862621981,-0.10237668745012216,-0.08061559854672079,-0.055510894784277925,-0.023093423956988227,-0.143150254448348
2023-01-20 04:00:00+00:00,-0.0793415366924538,-0.10002167117536262,-0.10007426116856874,-0.06059885016358946,-0.0866518688732967,-0.10499537775270568,-0.08368324903181051,-0.05139291068509885,-0.015135685404607038,-0.1396010513935937
2023-01-20 05:00:00+00:00,-0.0811389837566355,-0.10074780675806466,-0.10310188705883858,-0.06141849719170844,-0.08806995034840231,-0.10669742913689514,-0.08648764285457328,-0.0527338808243378,-0.016915773518429003,-0.1415894391358446
2023-01-20 06:00:00+00:00,-0.08042556933011924,-0.10242206636516293,-0.09864325979930091,-0.06218305890767284,-0.09195950597531571,-0.10956702759138953,-0.09077187106337925,-0.048123742111216866,-0.00834123935390342,-0.1390035947306268
2023-01-20 07:00:00+00:00,-0.07987880535330738,-0.10306028061196656,-0.09620864064045756,-0.06254857234798328,-0.0945390928010788,-0.10933649461524503,-0.09423746715100803,-0.045601959932016656,-0.0037993985813907366,-0.1379405464766685
2023-01-20 08:00:00+00:00,-0.08106759201904895,-0.10327482531341145,-0.09850420032640392,-0.06371855300823709,-0.09658751035983174,-0.10827980834230644,-0.0967558144862454,-0.046618720083489024,-0.005516445769225178,-0.1385436300507659
2023-01-20 09:00:00+00:00,-0.08312985155471511,-0.10311689269145342,-0.10180289900481557,-0.06558245703157456,-0.09837796515082059,-0.10618504119694516,-0.09824906262605415,-0.0500579932837755,-0.013186638583272917,-0.1398346247618017
2023-01-20 10:00:00+00:00,-0.08423304752667674,-0.10259641517440377,-0.10215632516961579,-0.06964436889724074,-0.10088809329972195,-0.10304444941629451,-0.10116733882852857,-0.0512762521402165,-0.016632473823684837,-0.1391255048099105
2023-01-20 11:00:00+00:00,-0.0880653037353433,-0.10250934395210325,-0.11130770141280197,-0.07400206029948098,-0.10115810246117826,-0.10151843161162882,-0.1018946254226702,-0.0583360960526082,-0.030392703636546906,-0.14356631205722797
2023-01-20 12:00:00+00:00,-0.09428822923798899,-0.10269034148561866,-0.1187209300520152,-0.07656501175597491,-0.10108719628983467,-0.10154883174287413,-0.1021664203170832,-0.06474897012404188,-0.038706194934869945,-0.1496013311309581
2023-01-20 13:00:00+00:00,-0.1017524048060591,-0.10122825418045,-0.12243136485321673,-0.08074248849568477,-0.1016028807180138,-0.10164972514348411,-0.10292351027402308,-0.07191628781736256,-0.04437937852685421,-0.15698560472047218
2023-01-20 14:00:00+00:00,-0.1091366659347052,-0.09982627055986232,-0.12213100822866466,-0.08448479892830701,-0.09820833858076503,-0.10468094364785277,-0.10615393246380886,-0.08004342874669604,-0.04685214090075708,-0.16862652514125015
2023-01-20 15:00:00+00:00,-0.11184279754585999,-0.10025977845355794,-0.12137761350864038,-0.08688128159492295,-0.09962520976448722,-0.10481935237775827,-0.10641389189275904,-0.08183806878092365,-0.04763809734058479,-0.17009206986170342
2023-01-20 16:00:00+00:00,-0.11668953620308822,-0.0997110773993968,-0.12006516278479643,-0.0880310605109402,-0.10104192018020444,-0.10700636042164202,-0.10816775329123202,-0.0831443497780564,-0.04782987832157505,-0.1736262274194187
2023-01-20 17:00:00+00:00,-0.11676651840325061,-0.09614061597816415,-0.11691142818834158,-0.08889924372813693,-0.10327062311471841,-0.10051917792956164,-0.10196151795031769,-0.07984855483650363,-0.0447578072908031,-0.15909932347853906
2023-01-20 18:00:00+00:00,-0.11873003881547659,-0.09367060483833729,-0.11397219238808118,-0.08793008466088573,-0.1045669660548246,-0.09861801698318448,-0.09855717900653993,-0.07897107537712314,-0.04424069265131804,-0.152956153566905
2023-01-20 19:00:00+00:00,-0.11859192704066199,-0.09022793741915719,-0.10793739076928063,-0.08492803693607084,-0.10370929600846493,-0.09349640345938676,-0.09206725830467341,-0.07346511524800106,-0.041507026175168396,-0.14049948397543255
2023-01-20 20:00:00+00:00,-0.11786617493166587,-0.08718631627465864,-0.1024075288623966,-0.08307638679460347,-0.10170301706805354,-0.08817402831429352,-0.08593463089480768,-0.06731119320807169,-0.040120264812178966,-0.12786219204633392
2023-01-20 21:00:00+00:00,-0.11603794263073106,-0.08506109656390634,-0.09766254928002785,-0.08292058552022058,-0.09973720197390024,-0.08436969006040393,-0.08062623890806142,-0.05837836500001184,-0.03968940104697001,-0.11419686752405914
2023-01-20 22:00:00+00:00,-0.1163003997425214,-0.08456661445392198,-0.09555632152091456,-0.08231054524587858,-0.09891564086697227,-0.08356705413044407,-0.07857846501002744,-0.053996253096893904,-0.03806999682089625,-0.10781513897380124
2023-01-20 23:00:00+00:00,-0.11270773346806304,-0.08634627175776277,-0.09309091087330831,-0.08444010422714762,-0.09569037608314451,-0.0813270891079147,-0.07615350736910084,-0.04831517127866522,-0.034067736327814804,-0.09734874500753937
2023-01-21 00:00:00+00:00,-0.10857639775022662,-0.08680942978184109,-0.08932142605538759,-0.08492239866875606,-0.09113626861625071,-0.07900813743766791,-0.07425895984415057,-0.04277269513913817,-0.0284938906067725,-0.08791906524019066
2023-01-21 01:00:00+00:00,-0.10465009751264923,-0.08865430600555084,-0.08746956102727257,-0.08497365493272874,-0.08666489434553823,-0.07790180367892724,-0.07553351096058158,-0.03623235308106054,-0.019838932307374338,-0.08544877970872894
2023-01-21 02:00:00+00:00,-0.09853595473602358,-0.09175936365120618,-0.08662339541848321,-0.08601266717225248,-0.0875462789145581,-0.07879114316067806,-0.07917160874997947,-0.029718653778788795,-0.007733165883787876,-0.08815859647905411
2023-01-21 03:00:00+00:00,-0.09856260922661467,-0.09430774189326148,-0.08890883463921403,-0.0890558430401295,-0.09006944471127146,-0.08089732018007506,-0.08158867580251963,-0.030545118908489988,-0.0061064377761124305,-0.09352402385470815
2023-01-21 04:00:00+00:00,-0.09817309188376236,-0.09668403124336414,-0.09024713756059508,-0.09124685024028734,-0.09185046072344102,-0.08290249480548387,-0.08376862134153429,-0.02974151325126284,-0.0031972875935023654,-0.09752199054528923
2023-01-21 05:00:00+00:00,-0.10313764858650074,-0.09910176181658392,-0.0945480453253956,-0.09688692060350279,-0.09566689764909661,-0.08465340391190856,-0.08521535812354519,-0.03536110301975279,-0.009120939347925974,-0.10300566753543355
2023-01-21 06:00:00+00:00,-0.10868360851102674,-0.10091103899331091,-0.09806293125534296,-0.10079533856139256,-0.0983050735972153,-0.08570107758897985,-0.08590774105513888,-0.0400826761623537,-0.015509213617188836,-0.10640969796633248
2023-01-21 07:00:00+00:00,-0.11634345811225053,-0.10285396816288139,-0.10453592000529008,-0.10434604677580359,-0.10202343660095828,-0.08697837693306304,-0.08624078412737557,-0.04816024091782012,-0.025350359578690154,-0.11204747264600715
2023-01-21 08:00:00+00:00,-0.12228369131986164,-0.10451844009519452,-0.10946310328777334,-0.10703763378744194,-0.10547338894072453,-0.08833567752350927,-0.08754171398575156,-0.05427676553197505,-0.03183492893842711,-0.11716371196454262
2023-01-21 09:00:00+00:00,-0.12810599532509007,-0.1059223538043126,-0.1137596733435772,-0.10942433148626418,-0.11035051249890382,-0.08998377570499774,-0.08882673521136908,-0.05949963851678583,-0.03706416265436986,-0.1215223666815296
2023-01-21 10:00:00+00:00,-0.13610445737463814,-0.10655899538149682,-0.11735999772271014,-0.1110578480159444,-0.11471967857119234,-0.09191214474382231,-0.09014580378814294,-0.06540762585155721,-0.042978830201361964,-0.12699002093393658
2023-01-21 11:00:00+00:00,-0.1434066575558611,-0.10586239750573469,-0.11934725118661896,-0.11121728213998794,-0.1181885752101188,-0.0935653274390448,-0.09128333890208515,-0.07034760779354066,-0.04792774144870328,-0.1299447770828527
2023-01-21 12:00:00+00:00,-0.15033533611799607,-0.10664970748919675,-0.12271380184235184,-0.11180752302588201,-0.1217635376596192,-0.09592018011573658,-0.09382297226705905,-0.07489700623705373,-0.05122468705722229,-0.13489101230844142
2023-01-21 13:00:00+00:00,-0.15566337488578721,-0.10857753255091576,-0.12499033486131308,-0.11144654222797057,-0.12426409248173592,-0.09945200031047885,-0.09589103333917437,-0.07577317689938701,-0.05096214520538801,-0.13989754907185098
2023-01-21 14:00:00+00:00,-0.16086826289265885,-0.11019746461822641,-0.12797357719470212,-0.11250327369708446,-0.12643249218543343,-0.10215955299052182,-0.09784857894432847,-0.07772269241453336,-0.052014286376822774,-0.14401738343040163
2023-01-21 15:00:00+00:00,-0.16135701478370426,-0.11019440087202358,-0.1275341123876825,-0.11271962668392546,-0.12597976256671112,-0.10160797055567583,-0.09736421449269828,-0.07687874132577077,-0.050927113661298,-0.1423135063460762
2023-01-21 16:00:00+00:00,-0.16236022265381136,-0.11056449779468897,-0.12910470311118336,-0.11406043587836345,-0.12632241583929302,-0.10161610491192735,-0.09780136690476568,-0.07819669740977045,-0.05296059635202417,-0.1421506299627284
2023-01-21 17:00:00+00:00,-0.1599778959444201,-0.11134522053900367,-0.12989946450224235,-0.11579159678811685,-0.12553966102632463,-0.10014111321876368,-0.09789095173487222,-0.07807981609641726,-0.054535004593137607,-0.1413450598029434
2023-01-21 18:00:00+00:00,-0.15767834566400438,-0.11282243500975929,-0.1326344191719446,-0.11875350753215355,-0.125199007508311,-0.09906011909406887,-0.0986785190975406,-0.07952009105885602,-0.05741317919545637,-0.14262363595037314
2023-01-21 19:00:00+00:00,-0.15358762307923254,-0.11402039156573678,-0.13375162154141426,-0.12043442813182459,-0.12411908900923066,-0.09812025756328069,-0.09889417571872769,-0.079708394001163,-0.05905713679861048,-0.14247937195481694
2023-01-21 20:00:00+00:00,-0.14968137337126333,-0.11611712587195329,-0.13480150332879412,-0.12143729538129816,-0.12281518110653311,-0.09806216166274168,-0.09896502031743512,-0.07821615510506841,-0.05862807210229139,-0.1441240815458359
2023-01-21 21:00:00+00:00,-0.1446835225807219,-0.11872990619225397,-0.13813539399454147,-0.12294640923819902,-0.1211471384096324,-0.09865040069822814,-0.1014366030185492,-0.07974338209966372,-0.06060373965507444,-0.14748692913761138
2023-01-21 22:00:00+00:00,-0.1374708309023813,-0.12192248728446937,-0.14051970462934874,-0.1211590447041494,-0.12056687403520597,-0.09971284538446265,-0.10343431255251526,-0.07900054210960766,-0.056663225219169014,-0.1516729846125154
2023-01-21 23:00:00+00:00,-0.1282585255921542,-0.1247484412160168,-0.14229221461190525,-0.1175654638346772,-0.12304941583628484,-0.10166359728517352,-0.10581487925223607,-0.07807197003108424,-0.050175895705948395,-0.1554413262180752
2023-01-22 00:00:00+00:00,-0.12269751804469539,-0.12724581443000033,-0.14541408550821552,-0.11371223662005239,-0.12500127858107835,-0.10576004298934605,-0.10839595573280242,-0.0802556930274737,-0.04709985948052921,-0.16068598899725098
2023-01-22 01:00:00+00:00,-0.12039552230337527,-0.12893628995027312,-0.1491986195155672,-0.11026250913036503,-0.1262228612468259,-0.10936873042619463,-0.11008294416149783,-0.08382748842559246,-0.04872224998736903,-0.16455321886830784
2023-01-22 02:00:00+00:00,-0.11826878099113888,-0.12980854239720074,-0.15282636373757782,-0.10539471047636328,-0.12460713949146818,-0.11323744793486334,-0.11172309804852715,-0.0846746483619393,-0.049526135480403924,-0.1682998773919267
2023-01-22 03:00:00+00:00,-0.11939924450018366,-0.12703012794973856,-0.15954781062635956,-0.10269032106249448,-0.12050393183414529,-0.11730959323706847,-0.11188442648932798,-0.08774858460654944,-0.056393715614533726,-0.17266133972429223
2023-01-22 04:00:00+00:00,-0.11948824193924848,-0.12514207342281441,-0.1614006661578403,-0.09834295657786254,-0.11698408844290989,-0.12004047279680594,-0.11207176917988537,-0.0888510165048653,-0.059107224999604205,-0.17487982700423543
2023-01-22 05:00:00+00:00,-0.12033432421954374,-0.12339988636989113,-0.16063493124548764,-0.09327466571594556,-0.11309019648411958,-0.12287170834647565,-0.11268067158447445,-0.09169519474520704,-0.05651953525621069,-0.17703180372677632
2023-01-22 06:00:00+00:00,-0.11818150591760704,-0.1215818768195391,-0.15798927624075956,-0.08760891643191573,-0.10887253194353425,-0.12507423549786958,-0.11249186269491077,-0.09151987630268962,-0.051693732401959805,-0.1760952151133527
2023-01-22 07:00:00+00:00,-0.1164267412283457,-0.11989847722688503,-0.15578758351257702,-0.07953326443451247,-0.10270619164474654,-0.1328599316309118,-0.11149243055686636,-0.09417345000458713,-0.043418340040585215,-0.17563165491690447
2023-01-22 08:00:00+00:00,-0.10863710488320363,-0.11725770871575535,-0.1578201035629415,-0.07054786541473967,-0.09571598053544833,-0.13609817058001228,-0.10946507048913423,-0.09704284608579974,-0.03815020328199904,-0.17546211963022626
2023-01-22 09:00:00+00:00,-0.09773484252105905,-0.11759601093278049,-0.1602226595015432,-0.06427276509991786,-0.09283732224606955,-0.13511804037039327,-0.10304410862774668,-0.08795857723305411,-0.03492944256850418,-0.17275430441856854
2023-01-22 10:00:00+00:00,-0.08639064912235767,-0.11850562722562874,-0.16191777222074819,-0.059372564638776104,-0.09235278183087844,-0.13341288312716326,-0.09624147186473586,-0.08044962432507677,-0.032877101308863635,-0.16876578420969168
2023-01-22 11:00:00+00:00,-0.07771501116057553,-0.11909601098456453,-0.16239366768029126,-0.054089790699827,-0.09162931682180422,-0.1326468703107904,-0.09125178117818894,-0.07526442819520829,-0.031258764009560416,-0.16535668601599493
2023-01-22 12:00:00+00:00,-0.07422777650887438,-0.11839384771816454,-0.1619104742437564,-0.05250380488738832,-0.0919850940216019,-0.1314584789962477,-0.08934351044984207,-0.07416774584046323,-0.03137118362719189,-0.1631285788291659
2023-01-22 13:00:00+00:00,-0.0735548426504733,-0.11689860404458365,-0.16334774076649947,-0.04951031185865529,-0.08948518850438608,-0.1289255469951254,-0.0899399962222712,-0.07179730936891932,-0.03780574213699513,-0.16346723079834782
2023-01-22 14:00:00+00:00,-0.0738017616939074,-0.11950050355847824,-0.16351888523983452,-0.04168973523802677,-0.08665886570437298,-0.12710248392066023,-0.08459871413801448,-0.0647657860830769,-0.04045398346133057,-0.16073105042070174
2023-01-22 15:00:00+00:00,-0.07479275930138587,-0.12377836610173416,-0.16126738885552164,-0.027719071292990338,-0.08110548543418666,-0.12250486049598919,-0.0755247893561905,-0.05534920891991127,-0.040522490498666755,-0.15540725169627373
2023-01-22 16:00:00+00:00,-0.07892755613882016,-0.12887011066956403,-0.15945575354871275,-0.012382488096702504,-0.08002171987672296,-0.11699391600359602,-0.06685768269702003,-0.05528569752894774,-0.044734319614800414,-0.1494641744986556
2023-01-22 17:00:00+00:00,-0.09038924426020822,-0.1324997056790629,-0.15877955491982862,-0.0007234170569392351,-0.0798160773182707,-0.1152422625044372,-0.060471169534115604,-0.05482118704840139,-0.05683715363092191,-0.1469627883117503
2023-01-22 18:00:00+00:00,-0.10657550028634874,-0.13655815836763566,-0.1569291773081806,0.0047702322723112145,-0.0812212346104339,-0.11588732253372894,-0.05573430299630397,-0.05879783773779723,-0.06571762946001027,-0.1432135411768228
2023-01-22 19:00:00+00:00,-0.11694250624917571,-0.13692519955357568,-0.15364157190077102,0.003547552728777714,-0.08108384808028926,-0.11655414752513926,-0.05349623949708529,-0.055698231617099386,-0.07069661739903034,-0.13920750077673347
2023-01-22 20:00:00+00:00,-0.12307543006524116,-0.13731435601089959,-0.15195718505842,0.003505472856151659,-0.08164388193409425,-0.11763078262476759,-0.05119684270566191,-0.054668693193716145,-0.07075459233556854,-0.13513186311239692
2023-01-22 21:00:00+00:00,-0.13317549707644563,-0.13292686709938936,-0.14764002276141072,-0.004680978582179307,-0.08168796731937034,-0.12038048346755872,-0.053016180369742455,-0.04882579538060358,-0.07351877381716983,-0.13471970198353903
2023-01-22 22:00:00+00:00,-0.15042533187279886,-0.12672752342458599,-0.1414504160249674,-0.01480828214165425,-0.08462036364772427,-0.12684100905923085,-0.05286093607018391,-0.0392456536510003,-0.078184034983886,-0.1353277223984637
2023-01-22 23:00:00+00:00,-0.1739225501010682,-0.11878790550527071,-0.13563051789382866,-0.03448959871621454,-0.1005031512507388,-0.1233367631392038,-0.048124771708067976,-0.02393707561878275,-0.07740817662080542,-0.1414069896378651
2023-01-23 00:00:00+00:00,-0.17741870424945275,-0.1144517151569203,-0.13945326586098547,-0.049770794858775946,-0.11301503622558418,-0.11170372929932876,-0.03862566191739639,-0.012611720116196823,-0.06813703059814165,-0.13789542915467334
2023-01-23 01:00:00+00:00,-0.17523093427155204,-0.1118359338046609,-0.13721151645779392,-0.04732107986857165,-0.11067891757628703,-0.10932221181243759,-0.03802743268086664,-0.01405907548268448,-0.06928987241971209,-0.13485718289062548
2023-01-23 02:00:00+00:00,-0.1637739328999849,-0.10213390163146577,-0.1312190265726997,-0.047361067104476406,-0.10559489035109157,-0.10655264463204753,-0.04197991098547202,-0.0188718953865607,-0.07146101372429926,-0.1358019697912083
2023-01-23 03:00:00+00:00,-0.145697949109957,-0.09328284489690475,-0.12893489074986794,-0.05579526373148691,-0.10981025630251573,-0.09766620540171636,-0.04703659942242858,-0.01626784496096631,-0.06849036816764582,-0.13647413541636316
2023-01-23 04:00:00+00:00,-0.13137728666169404,-0.08926249723880629,-0.12440727237027474,-0.058453989978616394,-0.1058289051456954,-0.09924934216786918,-0.0561345662951431,-0.022017249433153113,-0.07343670050944696,-0.1381291945575896
2023-01-23 05:00:00+00:00,-0.120802124840072,-0.08618949927239881,-0.12035600547594102,-0.05958514610635962,-0.09996749512046185,-0.10262311610434469,-0.06574827905699157,-0.02998466130935787,-0.08115561163709041,-0.13667258729482065
2023-01-23 06:00:00+00:00,-0.12214040447397398,-0.08490853215719141,-0.11865942838536084,-0.057974740779267675,-0.09216362791665794,-0.10755354483866847,-0.0756485703692347,-0.040836117182670245,-0.08612344543608731,-0.13535991409339312
2023-01-23 07:00:00+00:00,-0.119269249813891,-0.08358416514909409,-0.11731998078642517,-0.055802241921491524,-0.08610798449943549,-0.11109844623105286,-0.08362800269584988,-0.05105983757613411,-0.08717269434309334,-0.13617995766686347
2023-01-23 08:00:00+00:00,-0.11697596791998552,-0.08134443874132899,-0.11607270657879823,-0.056519729535151886,-0.0851544871032478,-0.10797619776241724,-0.08908964733457739,-0.05837559000033041,-0.08592026833922557,-0.13823675610294245
2023-01-23 09:00:00+00:00,-0.11761931151800945,-0.07965580049143658,-0.11396014098950161,-0.061812296368459196,-0.08845546750171684,-0.10008030300051127,-0.09115038905863923,-0.06333151940146772,-0.0850806973260604,-0.1366637525631565
2023-01-23 10:00:00+00:00,-0.11486078546691117,-0.07834402236874204,-0.11183798760835997,-0.06606277071852801,-0.08707429566047667,-0.09438525818855945,-0.09741575408352524,-0.07308173007801677,-0.08488410995263397,-0.13616338782690787
2023-01-23 11:00:00+00:00,-0.1083289670867231,-0.07804308670378214,-0.11036761911811607,-0.07063815571230975,-0.08754178584422151,-0.08759503927952644,-0.10146403745767077,-0.0784128928148137,-0.08187581447769683,-0.13573240552795332
2023-01-23 12:00:00+00:00,-0.10741998001435962,-0.0775715782324468,-0.10960826584164271,-0.0710555162487202,-0.0863398545539659,-0.08669512132908591,-0.10528276877748785,-0.08370293144434054,-0.0815061814373192,-0.13679452443764778
2023-01-23 13:00:00+00:00,-0.11037313096192627,-0.07656410599811447,-0.11109074518532489,-0.06578415636182267,-0.08199604000394636,-0.09525030832422757,-0.10729752031972048,-0.08949252369061561,-0.08399801777457112,-0.14001121629164323
2023-01-23 14:00:00+00:00,-0.11066176397470498,-0.07535150492772834,-0.11391818662231692,-0.06092362094495496,-0.07821113820525244,-0.1022324551649694,-0.10850871199115991,-0.09350852808164742,-0.08496861490884745,-0.1424290429310174
2023-01-23 15:00:00+00:00,-0.10177229813417529,-0.07146105337796764,-0.11974107907849199,-0.05462956331536417,-0.06805576702162411,-0.1052731522314794,-0.10855661862763821,-0.10162123345327667,-0.08663198557685327,-0.14314231533876975
2023-01-23 16:00:00+00:00,-0.09633753213181415,-0.068083642674781,-0.11942088599984832,-0.05295836539034454,-0.06970252470694585,-0.10152503172499805,-0.10588316810179219,-0.10722948316113465,-0.08645812486841488,-0.14210013538036673
2023-01-23 17:00:00+00:00,-0.08700788422789762,-0.06547966134182621,-0.12185120191373042,-0.05228305863438909,-0.07253164965102249,-0.09537439615301554,-0.0998347039119615,-0.1059670934877014,-0.08575477177816544,-0.1400282953238111
2023-01-23 18:00:00+00:00,-0.08241841070274222,-0.06482853665063744,-0.12206145891319922,-0.05666190518214492,-0.07434956957490907,-0.08779717026071063,-0.09264994491709475,-0.10325876398594677,-0.08891991396344086,-0.1334650403655188
2023-01-23 19:00:00+00:00,-0.08216420665845914,-0.06407474276850221,-0.12162848848234167,-0.05892085383216111,-0.07602395921699395,-0.0834739083130222,-0.08888628986123731,-0.10283620870567896,-0.08931779922080658,-0.129644071755818
2023-01-23 20:00:00+00:00,-0.08242952292256134,-0.06369119327728286,-0.12076907930150607,-0.0622052818277537,-0.08071360797749547,-0.07933175685277966,-0.08480909834409919,-0.09810118299221801,-0.08467164684160107,-0.12309249607287512
2023-01-23 21:00:00+00:00,-0.08190287952004208,-0.06396510253427998,-0.1179752747598675,-0.06567463902327952,-0.08389866552492373,-0.0752881619047179,-0.08075390435338967,-0.0943677200303144,-0.08146404949255277,-0.11357339234973488
2023-01-23 22:00:00+00:00,-0.07868923696910313,-0.06568104696877079,-0.10658349103532064,-0.06907611923181245,-0.08585154643743476,-0.07122557939507962,-0.07708080265080905,-0.09463359627519907,-0.08070339392566596,-0.10548599039720913
2023-01-23 23:00:00+00:00,-0.0706511285081077,-0.07088949986981867,-0.0929487133287484,-0.07175080594383498,-0.09019003733431055,-0.06802980969031369,-0.07341010198582507,-0.09018499231755861,-0.06540721055979311,-0.0966989561121788
2023-01-24 00:00:00+00:00,-0.06183296150039683,-0.06935351841011266,-0.0749794179838274,-0.06591601404037695,-0.089471510203882,-0.06477442754181484,-0.06345443888823213,-0.08227359390302039,-0.04377249610089641,-0.08849205175567829
2023-01-24 01:00:00+00:00,-0.057708537056034265,-0.05721352407544525,-0.06123887425499919,-0.05953284819529531,-0.08397723905665755,-0.05884560866534445,-0.052402405590856155,-0.07307640523056655,-0.028861712174039836,-0.08245341299478454
2023-01-24 02:00:00+00:00,-0.053385868063669656,-0.0476151417415383,-0.05118916264073431,-0.05306374823593729,-0.07772836297300811,-0.054504459812113756,-0.04474889386871181,-0.06060085203677176,-0.01756576020215074,-0.07693807599349892
2023-01-24 03:00:00+00:00,-0.05103555945530405,-0.04351701959293662,-0.04786902002376489,-0.05021172425211751,-0.07540615947414867,-0.05384060265599967,-0.04162893064221987,-0.054115886035568495,-0.015119070751313204,-0.0732877317232381
2023-01-24 04:00:00+00:00,-0.048843376025235,-0.040458449741740274,-0.04497492407780146,-0.04773464849215603,-0.07393564133367167,-0.05370834363257236,-0.03918123133799081,-0.04932235734912249,-0.007713587366264499,-0.07329650029496007
2023-01-24 05:00:00+00:00,-0.0551256645702963,-0.04205003573212163,-0.0475267953670635,-0.0480404286252184,-0.07477753274586163,-0.05505194183790742,-0.04260983557703288,-0.046327215705510544,-0.015364887393603713,-0.06904966792733394
2023-01-24 06:00:00+00:00,-0.06126019487222595,-0.04623947870238887,-0.05118625797476706,-0.05065750619541709,-0.07786777663891425,-0.05727474720396587,-0.04753566671289647,-0.04564343952027686,-0.02018591781011049,-0.06809929637470266
2023-01-24 07:00:00+00:00,-0.06262626127161475,-0.04449119962583617,-0.0497247926359389,-0.04768603622470613,-0.07622404437182137,-0.057375868879704875,-0.04693207005738917,-0.03969868054174297,-0.01813192981326424,-0.06282317899028919
2023-01-24 08:00:00+00:00,-0.06418123445110102,-0.04552438280619929,-0.050877443944515405,-0.046929278858284296,-0.07682975922177446,-0.05835023940171975,-0.047846180152687295,-0.036910295661496506,-0.016356866032094866,-0.061380433567253645
2023-01-24 09:00:00+00:00,-0.06495412237206447,-0.0444934471877724,-0.05023602067749694,-0.043619588719879754,-0.07579368724375793,-0.05821650921492687,-0.04709940234717172,-0.03075385330893171,-0.014932407407545104,-0.05579730319231416
2023-01-24 10:00:00+00:00,-0.06550869685828478,-0.044547568061106504,-0.04946029925641468,-0.04312401614764538,-0.07524053941031691,-0.058566366126028876,-0.047200134210321126,-0.026804983483947525,-0.012417367110226632,-0.05364699631621486
2023-01-24 11:00:00+00:00,-0.06591990043960957,-0.045422647147876125,-0.04976316113834525,-0.0443992098825603,-0.07540206711773234,-0.0594070123471977,-0.04830265353263699,-0.024399511605502078,-0.008419249467385051,-0.05591622169698998
2023-01-24 12:00:00+00:00,-0.0690637806713047,-0.051152806490282934,-0.05468499504701052,-0.05122570790841141,-0.07767679702920291,-0.06231711463073022,-0.053065654727239536,-0.025606354922435404,-0.007573072560274854,-0.06148996812565696
2023-01-24 13:00:00+00:00,-0.07319100524440478,-0.05822052165270562,-0.06136445047427591,-0.05968113046139356,-0.08174976309187112,-0.06587015891654574,-0.05899507916531052,-0.028490761048488744,-0.007108494645177446,-0.07005539524567583
2023-01-24 14:00:00+00:00,-0.07979665196578739,-0.06736106010531975,-0.0697398478793195,-0.07044236111912427,-0.0862248241625577,-0.07015330210927959,-0.06586286571860459,-0.033178250882317795,-0.009883517873615424,-0.07743102700607313
2023-01-24 15:00:00+00:00,-0.0828861098881048,-0.07178988969184949,-0.07328065075979553,-0.07562341498507519,-0.08775327510341802,-0.07233164169415107,-0.06931649038732027,-0.0342757135452019,-0.010278366856450186,-0.07980756158455696
2023-01-24 16:00:00+00:00,-0.08537147807027545,-0.07361308083942956,-0.07452453978550388,-0.07779976669725919,-0.08785139924394453,-0.07338210221082594,-0.07104588445739277,-0.03371492478798327,-0.01035903101397291,-0.08142281330637707
2023-01-24 17:00:00+00:00,-0.08727451867683095,-0.0770267563447488,-0.07657564764937727,-0.08008156446794795,-0.08942828809243861,-0.07483260432498903,-0.07284340641551354,-0.034688640089818534,-0.010636103066972616,-0.0844384601919334
2023-01-24 18:00:00+00:00,-0.08991015485964632,-0.08273397313639497,-0.08083671784883636,-0.08435319074977699,-0.09209628450684784,-0.07716636245098688,-0.0757989083203977,-0.03769389216829905,-0.01506495092072381,-0.08631494422196279
2023-01-24 19:00:00+00:00,-0.09250149890414963,-0.08886035979744975,-0.08594431916535736,-0.0891369074801372,-0.09576790317239536,-0.07960901309688576,-0.07932222834639321,-0.04160771112911932,-0.019710304859719932,-0.08944974198486194
2023-01-24 20:00:00+00:00,-0.09604067948781062,-0.09280680514487753,-0.09080399962746669,-0.0943216398014671,-0.09779569427153736,-0.08150167831615593,-0.08343022855285878,-0.04476676717255754,-0.027346694451164735,-0.08966753136810149
2023-01-24 21:00:00+00:00,-0.09815738545690325,-0.09500571490074533,-0.09512669764949536,-0.09840117583865926,-0.10039988818117637,-0.08320759354398244,-0.08614652232107511,-0.048121491667093425,-0.03270689353054347,-0.09204112314148949
2023-01-24 22:00:00+00:00,-0.10032473775027298,-0.09535137239518048,-0.09803715945358174,-0.1014322749724075,-0.10148078535383925,-0.0841142797050646,-0.08677475185111361,-0.05005381355896746,-0.03803819095813672,-0.09180175269945809
2023-01-24 23:00:00+00:00,-0.10357742092065678,-0.09515906596239344,-0.10175628745117712,-0.105510203106985,-0.10245031359963469,-0.08514734741800908,-0.08727837215515258,-0.05322823269054966,-0.04598583352288972,-0.09043150620137119
2023-01-25 00:00:00+00:00,-0.10500591280423335,-0.09374435383339691,-0.10224102456961429,-0.10625855865364575,-0.10133658338265261,-0.08383664616924624,-0.08645928497618821,-0.05418256957614412,-0.05063559539711844,-0.08649731237086289
2023-01-25 01:00:00+00:00,-0.10657554108708808,-0.09102436719216511,-0.10201120368545316,-0.1067887210735477,-0.09890048633204465,-0.08169404394876648,-0.08506112514677291,-0.053781567532011354,-0.05528380777168969,-0.08067158234331728
2023-01-25 02:00:00+00:00,-0.10703890795141521,-0.08889565197745965,-0.1008265368787187,-0.10601404015505123,-0.09645161484497503,-0.08005434231610625,-0.08354812708389608,-0.05346202632551664,-0.05759477233667988,-0.07502220177632432
2023-01-25 03:00:00+00:00,-0.10875212024538153,-0.0880928434225132,-0.1019113084224346,-0.10819092079620643,-0.09690611964328483,-0.07935753960776307,-0.0837652244283561,-0.056503328270916836,-0.06254165132194901,-0.07426638883390907
2023-01-25 04:00:00+00:00,-0.11031419039045146,-0.08732426401898631,-0.10180147545889848,-0.108211481223566,-0.09566039522548964,-0.07849535548644526,-0.08329444555951823,-0.05799745728054398,-0.06489495096225718,-0.07081025401241961
2023-01-25 05:00:00+00:00,-0.11264160658446729,-0.08798102777497191,-0.10310092376079308,-0.10943858430377476,-0.09549963616871665,-0.07834553263379737,-0.08377753414812669,-0.06115427428452752,-0.06874775880360907,-0.069771595172781
2023-01-25 06:00:00+00:00,-0.11325646428259908,-0.08783980877162287,-0.10285053190147361,-0.10924724188282733,-0.09470431146172395,-0.07801770960754181,-0.08346557512007308,-0.060781543791536136,-0.06860795170062352,-0.06859350444457593
2023-01-25 07:00:00+00:00,-0.1130175966304591,-0.08736725996437111,-0.10168464133492147,-0.1075848906385308,-0.09223215259112102,-0.07733210908769508,-0.08206135357322397,-0.058995720475257835,-0.06787067612818327,-0.06444913839042413
2023-01-25 08:00:00+00:00,-0.11109098143923643,-0.08687944440622,-0.0993281425399363,-0.10469858909992952,-0.08941896270120059,-0.07689126663835136,-0.0799737731478874,-0.053778096919415735,-0.06345212067445173,-0.059712713105451426
2023-01-25 09:00:00+00:00,-0.1097536266812035,-0.08653636024730728,-0.09671428961407777,-0.10230008772849136,-0.08695396031597136,-0.07644025971130572,-0.07852138180416365,-0.05082422557693478,-0.060179654640463945,-0.05776536246008643
2023-01-25 10:00:00+00:00,-0.10879528249761647,-0.08797426705024423,-0.09556822738444551,-0.1014186582110379,-0.0873824913587439,-0.07761824199743853,-0.07897379767604182,-0.04972347257811768,-0.05737586394847495,-0.06066669027557475
2023-01-25 11:00:00+00:00,-0.1095673310450054,-0.0908293761284522,-0.09733684009116492,-0.10271216125801175,-0.08914793110960675,-0.07945057389767185,-0.08047556972413539,-0.05123702144306699,-0.05854440618574143,-0.06309271949535372
2023-01-25 12:00:00+00:00,-0.11190282281563804,-0.09417246581148295,-0.10083967258775214,-0.10620025353313983,-0.09162430048635173,-0.08142120101108155,-0.08256107587524344,-0.0542938045924129,-0.062062394152711545,-0.06545494234641511
2023-01-25 13:00:00+00:00,-0.11186324113792154,-0.09803132204231015,-0.1029925547947427,-0.1079676389393659,-0.0957607960910464,-0.08440810589822215,-0.08527842742363403,-0.05618300682648775,-0.060851489271698714,-0.07330698923158765
2023-01-25 14:00:00+00:00,-0.11118734752278506,-0.1018885953830436,-0.10487239252726951,-0.10899471829993326,-0.09976954715294611,-0.08742767300515386,-0.08774082270278588,-0.05810024240044978,-0.05821716519753313,-0.08121671484787285
2023-01-25 15:00:00+00:00,-0.11052768003340177,-0.10442129258724635,-0.10573773445435034,-0.10945351243054272,-0.1018967621286945,-0.08942201803307162,-0.08932975162453596,-0.05860027665763884,-0.05507506288929477,-0.08669694350875173
2023-01-25 16:00:00+00:00,-0.10981429060664907,-0.10669308048820549,-0.10833574610533012,-0.11050315353422266,-0.10520102407223442,-0.090831404507376,-0.09181031404393059,-0.06117318345581174,-0.05478156366425764,-0.09252615750070925
2023-01-25 17:00:00+00:00,-0.10913176677547806,-0.10758977192986394,-0.11039579171762567,-0.11098042561682975,-0.10782661097224475,-0.09124853897842186,-0.09348832818734518,-0.06359776086901156,-0.05583272208062558,-0.09652685159670901
2023-01-25 18:00:00+00:00,-0.1073110561653571,-0.10849122919536357,-0.11107771283729254,-0.10985746991797168,-0.10946096277113507,-0.0912334187104549,-0.09461941961322104,-0.06461025772710297,-0.054426056072651566,-0.0995798057591418
2023-01-25 19:00:00+00:00,-0.10639690612411126,-0.11052080076754525,-0.11465962853824849,-0.1108791651186197,-0.11402991066531593,-0.09204818981648563,-0.09756462634552948,-0.06837973036705439,-0.05616335256568457,-0.10741396587607968
2023-01-25 20:00:00+00:00,-0.1086252630718191,-0.11222876868702236,-0.12016396153446998,-0.1146020493283802,-0.11899048482623997,-0.09324983654936558,-0.10075438882137433,-0.07540725407570753,-0.06407622435661832,-0.11438720654829751
2023-01-25 21:00:00+00:00,-0.11421613238393738,-0.11430393080108828,-0.12808398468960416,-0.1212816358867212,-0.12483019433941167,-0.09569876328540264,-0.10470947501078434,-0.08852470966058451,-0.07782431037685396,-0.12139808464585197
2023-01-25 22:00:00+00:00,-0.12207612641473006,-0.11585742735097748,-0.13880156774405847,-0.12634715666144025,-0.12307146247414238,-0.09899324654838162,-0.10946373640092008,-0.10431979201183138,-0.09509402421282993,-0.1286233025710604
2023-01-25 23:00:00+00:00,-0.12728330328788737,-0.11818990998346851,-0.14774090516642238,-0.12837391117834937,-0.12154703619265025,-0.1050002620983796,-0.11429742635222234,-0.11613036280342681,-0.10669904285259325,-0.13456882261228953
2023-01-26 00:00:00+00:00,-0.12913938987955945,-0.1153104143028717,-0.15160651815859513,-0.1268216907028905,-0.1210264931916224,-0.1064169953119245,-0.11641581273544349,-0.12007144578770026,-0.11063690411320971,-0.13816436111726488
2023-01-26 01:00:00+00:00,-0.13620868613024759,-0.11212151969436751,-0.15624814219028024,-0.12410269517722325,-0.1187363571263747,-0.10584602814783473,-0.11936213427927586,-0.12259411304692115,-0.11410410056735122,-0.1437653606478103
2023-01-26 02:00:00+00:00,-0.1433491606769978,-0.11030632932028042,-0.15856801641834553,-0.12217560847711528,-0.1192149516214551,-0.10523430340381679,-0.12146502957051183,-0.12334774095650759,-0.11496949646673245,-0.148110055342769
2023-01-26 03:00:00+00:00,-0.15065030564680662,-0.11017112569051996,-0.16034468309820513,-0.1222130247518062,-0.11991783836908906,-0.1066621021063161,-0.12441480025867324,-0.12568857314281,-0.11694615386116354,-0.15080290496324514
2023-01-26 04:00:00+00:00,-0.15780394527583322,-0.11038552278835383,-0.1608041006119714,-0.12512296475205045,-0.12128351216149202,-0.10793742573605647,-0.12686202985664394,-0.12865538081125183,-0.11834148995086892,-0.1520740315891382
2023-01-26 05:00:00+00:00,-0.15987761706665446,-0.11042722643277803,-0.1614185027264721,-0.12576155685745596,-0.12192241416630598,-0.10777396835485914,-0.12776176990273122,-0.12901059603054496,-0.11738704783797078,-0.1537684339987313
2023-01-26 06:00:00+00:00,-0.16596816502751924,-0.11169654127701814,-0.16280971486673176,-0.12789914737313463,-0.12404427275365276,-0.10740562130020712,-0.13147565419392584,-0.13100722561458358,-0.1183217139553537,-0.1555184542032093
2023-01-26 07:00:00+00:00,-0.17040196894802626,-0.11371171362429178,-0.16248854719471825,-0.12919781565145966,-0.12587083419968956,-0.10720197994426911,-0.13265439735853204,-0.13093474444227848,-0.11836402560791227,-0.15474482608419182
2023-01-26 08:00:00+00:00,-0.17111477928832244,-0.11477823722468863,-0.1609541335511324,-0.12977827294572886,-0.12646088947932604,-0.10729090816006193,-0.13192724172342477,-0.13019397580042155,-0.12009604723264967,-0.15095095362398087
2023-01-26 09:00:00+00:00,-0.1680822926217617,-0.11493090295159217,-0.15643952641145428,-0.12848789986506287,-0.12591732631658845,-0.1059619257924751,-0.12689605388160277,-0.12606465919783674,-0.11999158187649013,-0.14355490752862635
2023-01-26 10:00:00+00:00,-0.16254826683541365,-0.11808882271814108,-0.1516016525799869,-0.1270725828402563,-0.12429043670473569,-0.10109152262215149,-0.12297075815569725,-0.12492430080832123,-0.12117883256647623,-0.1330391270150926
2023-01-26 11:00:00+00:00,-0.15644021628314927,-0.12089687795579061,-0.14744137528267423,-0.12840580025967752,-0.12228550322116966,-0.10336292610554004,-0.1199552003425152,-0.12399796878472201,-0.12135894816284938,-0.12248430786587755
2023-01-26 12:00:00+00:00,-0.1523649485834778,-0.12303355203703756,-0.14469071534319602,-0.13128430567222282,-0.1215900257436475,-0.10521320122787459,-0.11650670838839142,-0.11936941630235674,-0.11995860815827188,-0.11864930962777631
2023-01-26 13:00:00+00:00,-0.14783494747183326,-0.12039784662444893,-0.13771682769890184,-0.1318452948067328,-0.1186924997752491,-0.10418116503247118,-0.10987003012335372,-0.1094481393598224,-0.11460083176615894,-0.10957785568816253
2023-01-26 14:00:00+00:00,-0.14092278925267174,-0.11544448167083865,-0.1311050094987878,-0.1304345878579538,-0.11271830152100693,-0.09920364872176882,-0.1020982151173529,-0.09663354878461175,-0.10606583133203869,-0.09572220458919886
2023-01-26 15:00:00+00:00,-0.1368458408673827,-0.11568654334202795,-0.12686561343896993,-0.12899338823113127,-0.10832743969857297,-0.0945557448748047,-0.09771469412854347,-0.08663358959284231,-0.09862066922290531,-0.08584448602632236
2023-01-26 16:00:00+00:00,-0.13322653692661338,-0.11839187740335529,-0.12386423825916906,-0.1273401588855398,-0.10651160531845452,-0.0938046755331533,-0.09673489056726078,-0.07915433883798509,-0.09180796373929041,-0.08363363340595911
2023-01-26 17:00:00+00:00,-0.13256060097965086,-0.12040622394071604,-0.1222386877586453,-0.1264645109654469,-0.10468614363260748,-0.09480612062646881,-0.09636784107049487,-0.07528012675231949,-0.0882210026252029,-0.08153064234061483
2023-01-26 18:00:00+00:00,-0.13032345952254212,-0.1222365329318052,-0.11930800377100068,-0.12361992121109183,-0.10267665717579905,-0.09629377823485011,-0.09607136200587729,-0.070551463489999,-0.08152867223824502,-0.08040095844437767
2023-01-26 19:00:00+00:00,-0.12881801688286468,-0.12473108388689211,-0.11837232987956917,-0.12100149597922419,-0.1034832661784153,-0.0984113622762264,-0.09721393614207854,-0.0682639760389934,-0.07568487330927894,-0.08463839674314874
2023-01-26 20:00:00+00:00,-0.12941611789031185,-0.12671963881956802,-0.11996214261401753,-0.12154160922424481,-0.10547761063963657,-0.09980620444129251,-0.09879395447194111,-0.06995417962345205,-0.07639827578186677,-0.08763599377979481
2023-01-26 21:00:00+00:00,-0.1299270713388795,-0.1282489296487463,-0.1208165663000054,-0.12175546798464734,-0.10652646883380978,-0.10081142337600077,-0.09978282741377287,-0.0704925881691636,-0.07619931336707787,-0.08959984708207597
2023-01-26 22:00:00+00:00,-0.1307012799138881,-0.12809172297178198,-0.12206591680127507,-0.12317161319005573,-0.10765952127908768,-0.10061506752978464,-0.10019805231500772,-0.07256148587997469,-0.07911025367695225,-0.08963670586973385
2023-01-26 23:00:00+00:00,-0.13310775840673997,-0.12712743030619306,-0.12476785417476735,-0.12679585669419755,-0.11086925325137953,-0.09945287611114073,-0.1004178233310811,-0.07646954276419618,-0.08764940160890879,-0.08840536376991281
2023-01-27 00:00:00+00:00,-0.13407636088550992,-0.12562931876161537,-0.12722057137879902,-0.12892003262680998,-0.11394863673721903,-0.09847682951951195,-0.10126223215457844,-0.08156420334253009,-0.09289515037617425,-0.09122733554517695
2023-01-27 01:00:00+00:00,-0.13282772021060993,-0.12341755783866586,-0.12755822772753364,-0.12891846957188238,-0.11448008123216094,-0.09788651314046432,-0.10146260613436323,-0.08435562793879806,-0.09410008159120255,-0.09362253767711923
2023-01-27 02:00:00+00:00,-0.13328421727322085,-0.12336446501976586,-0.13174576645801087,-0.1307587856751845,-0.1204806741285741,-0.10061917518033903,-0.10435543013298684,-0.09260684986755138,-0.0997951703163238,-0.1017785504707554
2023-01-27 03:00:00+00:00,-0.13194227789444715,-0.12123977205179215,-0.13187620110480133,-0.13048469970830368,-0.11966297586516442,-0.10098427489543241,-0.1043486473662974,-0.0944232423701209,-0.10077534891629127,-0.10347936960705062
2023-01-27 04:00:00+00:00,-0.136274745536103,-0.11905116347689094,-0.13426921105092812,-0.1318971514825534,-0.11805811710417025,-0.10346761831965473,-0.10513092584605646,-0.09976251247184545,-0.10717337294526498,-0.10347506289328215
2023-01-27 05:00:00+00:00,-0.14049938579552781,-0.1187685599648385,-0.13540785303674638,-0.13224261717600846,-0.11801536001761398,-0.10470850720012628,-0.10611811123122267,-0.10440364368968957,-0.11200000359150848,-0.1048145226608613
2023-01-27 06:00:00+00:00,-0.1439349544957896,-0.12033249254331521,-0.13776413235433596,-0.132457807502633,-0.11870357208453947,-0.10617211163205795,-0.10945204814243795,-0.11061154793739793,-0.11594963087790212,-0.11196431232382179
2023-01-27 07:00:00+00:00,-0.1468488606372906,-0.12244249164018858,-0.13948240666828335,-0.13165600656513157,-0.11964872690647024,-0.10638459261309066,-0.11198957337023191,-0.11503906067610804,-0.11899092863044737,-0.11655060626409128
2023-01-27 08:00:00+00:00,-0.14565529053890783,-0.12014768789272356,-0.13767027602093304,-0.12897245374333463,-0.11780615610551459,-0.10459178106255698,-0.11104964734380596,-0.1149844330501537,-0.1190682087048492,-0.11563390496291445
2023-01-27 09:00:00+00:00,-0.14543115154602257,-0.11713029924728553,-0.1378590533169873,-0.1257952563096907,-0.1166770132795232,-0.10270192892269653,-0.11196005263215839,-0.11592957656890746,-0.1193727768005275,-0.11635648161390516
2023-01-27 10:00:00+00:00,-0.1436806186748553,-0.11377175201367078,-0.13661775970572285,-0.12268289816180633,-0.11567389908389664,-0.10048564101338511,-0.11147871822488384,-0.11632135296151835,-0.11876991005425282,-0.1148490806683515
2023-01-27 11:00:00+00:00,-0.14143648796626065,-0.11199971262489486,-0.1371268056411913,-0.1219344817203471,-0.11530831202989206,-0.10053707010282456,-0.11225973225670749,-0.11792609595965942,-0.1194260259581978,-0.11478099743706682
2023-01-27 12:00:00+00:00,-0.1425496713709821,-0.10785300830919714,-0.13545757994882388,-0.11894920210280757,-0.1164995152623764,-0.09837587618482482,-0.11181146142331347,-0.1189718818881135,-0.11750569778756383,-0.11185781176791348
2023-01-27 13:00:00+00:00,-0.14338732145403557,-0.10639225315415449,-0.13503675514647415,-0.11744918900234083,-0.11678327800059046,-0.09825354929769345,-0.11261426788605158,-0.11979264296690077,-0.11817453085691738,-0.11226665944983749
2023-01-27 14:00:00+00:00,-0.14298265563300064,-0.10178300098855154,-0.13205903362843666,-0.11387185729489818,-0.11663243968433143,-0.09493450802826456,-0.11025691899073906,-0.11805360297564055,-0.11481105573914586,-0.11186506131148968
2023-01-27 15:00:00+00:00,-0.1419597941369148,-0.09567947879791038,-0.12816350745778834,-0.10999416706576956,-0.11642384558152674,-0.0927466589694998,-0.10721640066215996,-0.11565505730768416,-0.11053166378969122,-0.11127854644736712
2023-01-27 16:00:00+00:00,-0.13569286011509327,-0.09069701903621898,-0.12475602256024174,-0.10731436676231795,-0.11373973633154574,-0.09071770511918881,-0.10572127900548992,-0.11498000068174048,-0.10978059974380523,-0.10884838400496069
2023-01-27 17:00:00+00:00,-0.12800576342522105,-0.08332374373364872,-0.1198527645041639,-0.10361433595151265,-0.10990421907707631,-0.08831917161358732,-0.1031897762488641,-0.11402392044868107,-0.107450969784972,-0.1050937086684614
2023-01-27 18:00:00+00:00,-0.1250693266305957,-0.07917728522106467,-0.11671496845635079,-0.09913332716861728,-0.10745227640089167,-0.08624586050648722,-0.10208273099221718,-0.11523644844926811,-0.10746251255811042,-0.10409361832305702
2023-01-27 19:00:00+00:00,-0.122167213163866,-0.07487539101359425,-0.11526063049098315,-0.09359660901668787,-0.1052975837079036,-0.08463676227527725,-0.10104005086515885,-0.11669029741907173,-0.10929094122279549,-0.10462207906730872
2023-01-27 20:00:00+00:00,-0.11740693783019182,-0.07369396548392869,-0.11538632671090185,-0.09055960383638167,-0.10118662888034083,-0.08386840667660805,-0.10026518463846118,-0.11794932763512395,-0.1105965371150215,-0.1055277203239742
2023-01-27 21:00:00+00:00,-0.11363551348776449,-0.07022517039259704,-0.11634781526200502,-0.08554092909050681,-0.09901620804235564,-0.08311832022739962,-0.0996864619001227,-0.1191164801448076,-0.11248808108450727,-0.10605349715069423
2023-01-27 22:00:00+00:00,-0.10817983895024955,-0.06738037065065863,-0.11781344484841652,-0.08038424971325653,-0.09797014924260819,-0.08231910112478313,-0.09902507537022306,-0.1196748952701012,-0.11359466128816366,-0.10658811773985247
2023-01-27 23:00:00+00:00,-0.1018090859138163,-0.06379710394656306,-0.11771402507805542,-0.07638851492136373,-0.09939949974226484,-0.08195440906230977,-0.09806231194784551,-0.11947645374589877,-0.11472928535814349,-0.10829896055490695
2023-01-28 00:00:00+00:00,-0.09923477032492808,-0.06382572788181405,-0.11677292855881846,-0.07505511444367458,-0.10117119774981853,-0.08177624283601931,-0.09607663386629325,-0.11891076234555831,-0.11199551500343703,-0.11067680970725197
2023-01-28 01:00:00+00:00,-0.09966430919178107,-0.06264403151673087,-0.11817386496195623,-0.07127365883742565,-0.10130224423715858,-0.08350512375409172,-0.08866578155934787,-0.11820802617604276,-0.10712603383332948,-0.11261762626600164
2023-01-28 02:00:00+00:00,-0.09103648644455745,-0.061524858633756216,-0.11777063649454492,-0.06940825300970077,-0.0984666451356262,-0.07408591421785096,-0.08014807681680663,-0.10858081390106061,-0.09806943084543136,-0.11030412390200175
2023-01-28 03:00:00+00:00,-0.0732233083297675,-0.05783765183555367,-0.11159195939251562,-0.05886598697009049,-0.09278718982926631,-0.06668997548032901,-0.06820949210874447,-0.09091966535191826,-0.08980995851040337,-0.10824818437716685
2023-01-28 04:00:00+00:00,-0.061838674528938514,-0.05563299963055547,-0.10235209239253393,-0.03970463685068987,-0.08676146277559973,-0.05713778175956778,-0.05898078638835133,-0.07706574498373556,-0.08600930649886164,-0.10323724145498023
2023-01-28 05:00:00+00:00,-0.05522991547915104,-0.05639993854635614,-0.09454390931424714,-0.021708181408189864,-0.08086222952005992,-0.04736645015274103,-0.055255368808169586,-0.061032880674392526,-0.07502984929640767,-0.09731126327681991
2023-01-28 06:00:00+00:00,-0.05782085647371227,-0.05628568774839535,-0.08677250099237996,-0.013117820850608253,-0.07485357340452822,-0.03967049877578589,-0.04899518471707662,-0.0520828616810419,-0.0668592113396287,-0.09261450894588646
2023-01-28 07:00:00+00:00,-0.056146288532917504,-0.05334475538813398,-0.07941562867993843,-0.013804058537644381,-0.07317968683110376,-0.03597028369791454,-0.042775245557338776,-0.04834277933012679,-0.0585633781280739,-0.09100143424528162
2023-01-28 08:00:00+00:00,-0.05617144034315433,-0.05215461150972049,-0.07894241597714938,-0.011515019124025971,-0.07124971967838356,-0.03368996031083894,-0.043250200865208394,-0.04848996667665548,-0.06022890330788934,-0.08960127657276587
2023-01-28 09:00:00+00:00,-0.052571483072430286,-0.04862771090316022,-0.0670779431544137,-0.010566035580533206,-0.068936259578039,-0.031118577541763656,-0.03407537757344911,-0.04383471800645808,-0.04929927169886546,-0.08787346452201869
2023-01-28 10:00:00+00:00,-0.05279933811148599,-0.04678427561290678,-0.0600902966873611,-0.00705598378027128,-0.06568668672188543,-0.028442754170288784,-0.029815615257731604,-0.04320414657827287,-0.043569255681258426,-0.08656224217287084
2023-01-28 11:00:00+00:00,-0.05121979283439193,-0.047580192264550694,-0.0676457698583528,-0.012284271371921451,-0.0696235102767647,-0.030092350721168823,-0.03667009238470567,-0.047125036750688576,-0.052945021977067255,-0.08791673519895651
2023-01-28 12:00:00+00:00,-0.04622870707486518,-0.045562471080303105,-0.07530141020550088,-0.02032182926391851,-0.07463547122914169,-0.033020450527744896,-0.042956002930467335,-0.05932348356157266,-0.062499438442935165,-0.08935347091844856
2023-01-28 13:00:00+00:00,-0.05000499900519631,-0.044180707078044834,-0.07655153164619469,-0.02575490717862372,-0.07721475983941725,-0.03375915296696548,-0.044077168370469405,-0.06465443360173934,-0.06545989966982242,-0.09039885078826057
2023-01-28 14:00:00+00:00,-0.05173072814250676,-0.042601312017313986,-0.07739288792772245,-0.029882998921663573,-0.07802767702523222,-0.033080924828460825,-0.04297233440470857,-0.06786202358473425,-0.06766230559078874,-0.09010108271848988
2023-01-28 15:00:00+00:00,-0.05573709770589483,-0.04024128181757615,-0.0777421829518137,-0.036457832774955345,-0.07942941691334446,-0.032477777298822105,-0.042069533825099176,-0.07291354658696125,-0.07138663683251141,-0.09066288455766297
2023-01-28 16:00:00+00:00,-0.055499048821663954,-0.038482604115024424,-0.07405151442123875,-0.03726754349846395,-0.07789173817661088,-0.029169007747058176,-0.037999074963564056,-0.0737230584797671,-0.07198470300033295,-0.08911363583219484
2023-01-28 17:00:00+00:00,-0.05842514051025624,-0.03713006778460541,-0.07036978348128009,-0.04043987697262802,-0.07619412074816939,-0.024674786449168637,-0.034620177233501054,-0.07626046520517646,-0.07093315971615828,-0.08811239339965599
2023-01-28 18:00:00+00:00,-0.054911196832127,-0.03441316188828265,-0.0634678808189083,-0.037708584278773105,-0.07243473977875972,-0.01934093963362131,-0.029450265329868358,-0.07524147521571536,-0.06620736661464728,-0.08550888798595338
2023-01-28 19:00:00+00:00,-0.05121362487280853,-0.03131155767674802,-0.05752051706182182,-0.03376166847904605,-0.06878009679486832,-0.016140600280313458,-0.027614257605548614,-0.0733282507856054,-0.06326129829327455,-0.0837332343535723
2023-01-28 20:00:00+00:00,-0.047895588236301495,-0.02913072192965248,-0.05286637092916685,-0.03014299482058702,-0.06530152599377428,-0.013701704262626638,-0.026533397792864205,-0.07160126338649792,-0.06003773986541901,-0.08188281433061059
2023-01-28 21:00:00+00:00,-0.044241447232859527,-0.027991165488882155,-0.04819693068767475,-0.025889061565942784,-0.06161482964293091,-0.011869597863795225,-0.02708372342963597,-0.06936547726225645,-0.056529580584276054,-0.08036752946488485
2023-01-28 22:00:00+00:00,-0.04087258264352309,-0.025759685080682673,-0.04367576306732332,-0.022581365211808757,-0.05815332583767452,-0.008816089719793876,-0.02495376133081159,-0.06782527654408402,-0.05333493022334547,-0.07808171919179988
2023-01-28 23:00:00+00:00,-0.03153753757554731,-0.02370121642941135,-0.034111310382898635,-0.014873260112013509,-0.05259989172508653,-0.0026127469579517865,-0.018350285318674747,-0.062137063313390445,-0.040438648606007835,-0.07554044459735446
2023-01-29 00:00:00+00:00,-0.022805702446851178,-0.022290862050286367,-0.026963203735102886,-0.005940724421696464,-0.0456075908774867,0.0014601682642876451,-0.0157702069984689,-0.05598411726423619,-0.03388271301130964,-0.07214468617550562
2023-01-29 01:00:00+00:00,-0.019445009578815814,-0.02088296508965652,-0.028303660802416752,0.00172875099153863,-0.04080292279948575,0.0028380617926080237,-0.016506842021960094,-0.05315700827769773,-0.03402857506535524,-0.06906850890832292
2023-01-29 02:00:00+00:00,-0.021130986220482983,-0.019976567996665348,-0.029000321840127685,0.011563271588963642,-0.0393500245108456,0.0039806014306659615,-0.017510747375817176,-0.05004166375898514,-0.03503045310378368,-0.06396015021155926
2023-01-29 03:00:00+00:00,-0.021561101970907465,-0.01846743276778469,-0.024741234487461822,0.019370703926302746,-0.0364760659896155,0.007650668461787094,-0.014962840792882376,-0.04546391756532425,-0.03003350547493834,-0.05860813081931773
2023-01-29 04:00:00+00:00,-0.023892954462363752,-0.017085080516369575,-0.019892457426511023,0.02868095968012696,-0.033816208402431464,0.010180506521229357,-0.012019371619442415,-0.0418215063949233,-0.024171384194028714,-0.05284561685531958
2023-01-29 05:00:00+00:00,-0.030920681429280644,-0.02105338158095975,-0.021001925727761855,0.03715487546641005,-0.03295450360861504,0.008592787507070168,-0.013500057427761586,-0.04137712356733092,-0.02176104769862154,-0.0480440209228121
2023-01-29 06:00:00+00:00,-0.03277233326041734,-0.023189541124981963,-0.023301364451591172,0.04062265601881354,-0.030536514245885216,0.006505774890354907,-0.013555267121272335,-0.04066752399053031,-0.0205187092601415,-0.04497037626279163
2023-01-29 07:00:00+00:00,-0.03537615630363769,-0.025103980136986156,-0.028273043825290278,0.04260491978152481,-0.027886610383212912,0.003419861197456034,-0.014567168501246036,-0.04189220731665752,-0.019067046367045717,-0.04249045449639399
2023-01-29 08:00:00+00:00,-0.031775212565676864,-0.02432611347809012,-0.027931688996974208,0.04735438625163346,-0.023284455703496715,0.007067475868806725,-0.010819659785599317,-0.03958025051095504,-0.015248192061737123,-0.03729615484513574
2023-01-29 09:00:00+00:00,-0.030025861025932687,-0.02197339454595866,-0.030551524608640968,0.04688816665062312,-0.019768528187244977,0.006571015292705304,-0.010788188351351508,-0.03904357037591116,-0.015862441655592488,-0.03538505332046146
2023-01-29 10:00:00+00:00,-0.026344953467905857,-0.01840920670885264,-0.031296598113185525,0.04725655778836835,-0.015053183006954879,0.008418450329685453,-0.009907760395299586,-0.03716027231655944,-0.015435244506455573,-0.032473715104699985
2023-01-29 11:00:00+00:00,-0.018841809680156446,-0.01323940482153109,-0.02712424837818958,0.050734796809054794,-0.010488314046143171,0.013668485312209697,-0.00638078676266754,-0.03526572689679508,-0.012441321592564406,-0.027958579797445288
2023-01-29 12:00:00+00:00,-0.014898380488550217,-0.010363836589944372,-0.028505456686871156,0.0512807539389471,-0.00494639757777024,0.013574718854727316,-0.005000581330368764,-0.03862310295597765,-0.011611116253791645,-0.024498613380783796
2023-01-29 13:00:00+00:00,-0.016533706502311424,-0.011827142942051103,-0.03389022672517178,0.047468870516540196,0.0009478585384330163,0.006578604464246171,-0.006889967681506098,-0.04651837118723229,-0.016452897533647773,-0.02247627469237129
2023-01-29 14:00:00+00:00,-0.013608311549282992,-0.009355490502050631,-0.03452264822176335,0.04319375216348231,0.004133290899792169,0.002915157470798166,-0.009652678667056686,-0.049341596742924126,-0.0221351410564017,-0.021889211714710838
2023-01-29 15:00:00+00:00,-0.004558972603359662,-0.0033620777004361863,-0.03021373480442624,0.04068081045945521,0.00872068656055111,0.0062206719548454775,-0.008814216394820634,-0.044203172216780884,-0.025799635049050598,-0.01956789793026184
2023-01-29 16:00:00+00:00,-0.00560656511743296,-0.0003015133843933121,-0.02689830554822864,0.03325778748897562,0.011348475878650816,0.005156882601105653,-0.010486536707406763,-0.0467366996353448,-0.03317248500197935,-0.021607548144875283
2023-01-29 17:00:00+00:00,-0.012933400660901512,0.003746857023200781,-0.024164481744329253,0.026591178950776506,0.012150148140098044,-0.0017431441887422877,-0.009289107393226442,-0.05277341271965297,-0.04035518105680293,-0.025989771800003808
2023-01-29 18:00:00+00:00,-0.022172918548022363,0.0021434118474915193,-0.03067589569777121,0.014619985517106138,0.010213676461269444,-0.01894159865631949,-0.01203841064921743,-0.05889163009404186,-0.05218923336208227,-0.02958333184219064
2023-01-29 19:00:00+00:00,-0.029449338910919887,0.0005254455371792449,-0.03577825822135591,0.004834873015271524,0.006323441438333938,-0.03055492301458225,-0.011220810066282089,-0.06272646938147083,-0.06156257004352568,-0.033274313176601567
2023-01-29 20:00:00+00:00,-0.04842011734429966,0.0014193835435019758,-0.037142612493001465,-0.006952041501113504,-0.00015738027908948626,-0.040620638846139576,-0.012384304394480933,-0.06720391040241633,-0.07920918101876619,-0.038539461046218554
2023-01-29 21:00:00+00:00,-0.04949534045116652,0.00228985305672387,-0.039369761011503746,-0.01094765628530564,-0.0053127902419876916,-0.046676924031573516,-0.020007332757801394,-0.07104362003585635,-0.09057472290150238,-0.041058716603980194
2023-01-29 22:00:00+00:00,-0.051103235044359846,0.005525526995471833,-0.042690639686835535,-0.014212214817415247,-0.00975814563029917,-0.04503438619293511,-0.024110298455175122,-0.0757587214331304,-0.09211008506515252,-0.04374841459588297
2023-01-29 23:00:00+00:00,-0.05058880974011204,0.00936384720961432,-0.04634450904496579,-0.01633335406605857,-0.014951310998184697,-0.03657010859648825,-0.025040125307026734,-0.07955065134261169,-0.09081511017766643,-0.04407957256186007
2023-01-30 00:00:00+00:00,-0.04914876115730077,0.012924127362264462,-0.0483161154350463,-0.015012369658743863,-0.012905023640091606,-0.027498482330263377,-0.024844857868042053,-0.07953196244194924,-0.08998597280478822,-0.039964181735857474
2023-01-30 01:00:00+00:00,-0.05232873062506188,0.011573977226024393,-0.051586044154927846,-0.018189543825986254,-0.015346744837989895,-0.02804277883468044,-0.028359359037300497,-0.08150852834370453,-0.0891945631945067,-0.041973527551640105
2023-01-30 02:00:00+00:00,-0.05291025446980768,0.01246007984915122,-0.054573717735037386,-0.018552965571177527,-0.01571509520622036,-0.023660076740212768,-0.030365942660745632,-0.0831525900112364,-0.08920301479306965,-0.038700020173880856
2023-01-30 03:00:00+00:00,-0.05333403517159094,0.012810505884907966,-0.05790756700041069,-0.01960245581211917,-0.018451350880472867,-0.02428938895594808,-0.03270836036269789,-0.08521565098631248,-0.09027058149453733,-0.0370037898951151
2023-01-30 04:00:00+00:00,-0.058519724975893556,0.009016233808252463,-0.05993020328688797,-0.025051536222089388,-0.02349024718929546,-0.02635017854074058,-0.03753967497400093,-0.08887806179669117,-0.09058116864988543,-0.041712251644575676
2023-01-30 05:00:00+00:00,-0.06623279658986603,0.005156010351719489,-0.06353769537844253,-0.030426079554291496,-0.0262814137995728,-0.029807303451356362,-0.043188665116268316,-0.09211471899451537,-0.08862851391859979,-0.04887709196544601
2023-01-30 06:00:00+00:00,-0.07472002107907327,-0.013244262991719088,-0.06951603492958894,-0.0470492873821145,-0.039614451364378606,-0.04481799370454641,-0.052120021302015956,-0.09545125308026692,-0.09324798202555436,-0.06613583324041539
2023-01-30 07:00:00+00:00,-0.07880398942188041,-0.029272295842461174,-0.07377306726797572,-0.060669270894577465,-0.04797345850303372,-0.05628303955200854,-0.052870721247108815,-0.09824721165739125,-0.09401465387264075,-0.07799707705822806
2023-01-30 08:00:00+00:00,-0.07815359306369121,-0.03753816091545194,-0.0695465187527615,-0.06521343321469958,-0.054782731562743076,-0.06049662757772865,-0.05180684353595824,-0.09809228011049201,-0.0953521103448663,-0.08274942810632133
2023-01-30 09:00:00+00:00,-0.07972691331036044,-0.04436044607737405,-0.0688918448553836,-0.07087066973769335,-0.06523053010440605,-0.06820796288539374,-0.050734172899557145,-0.09724721069716061,-0.0987142477123273,-0.08497358133750924
2023-01-30 10:00:00+00:00,-0.08209893106825533,-0.050101850041211524,-0.07160553469487119,-0.07564537593041715,-0.08336047473396119,-0.07397713165258613,-0.05230968418679924,-0.09768636427676651,-0.101757514521931,-0.08637988536085342
2023-01-30 11:00:00+00:00,-0.0859731686999882,-0.05357876261083035,-0.07323113544170462,-0.07994488569758035,-0.09460903192248452,-0.07750356631985383,-0.054441229928422735,-0.10101357488278516,-0.10272015053952534,-0.08876963926725348
2023-01-30 12:00:00+00:00,-0.08946964791743142,-0.05759408453029875,-0.07626607197479393,-0.0837421441329779,-0.09458238475667347,-0.08183105471737201,-0.05620615116000141,-0.09911851626748938,-0.10348143874385425,-0.09165378070560126
2023-01-30 13:00:00+00:00,-0.08768409042655448,-0.05881195629977795,-0.07343276319838546,-0.0855458297909149,-0.08831148669060762,-0.08084277941669415,-0.05636879912373419,-0.09560615966350124,-0.10088368958357725,-0.09054298163500568
2023-01-30 14:00:00+00:00,-0.08564860610068514,-0.05179255051259167,-0.06517274888289853,-0.0789388216034374,-0.08302519693794722,-0.07417486977823357,-0.04883642561978055,-0.0896114955300509,-0.0950776359386994,-0.08386348827520165
2023-01-30 15:00:00+00:00,-0.08222544751468971,-0.045475040715059215,-0.05869129140603724,-0.0722431373351865,-0.07748549342647804,-0.06828715744559244,-0.042105406133810114,-0.082175309136161,-0.08974867191826037,-0.07509196615053526
2023-01-30 16:00:00+00:00,-0.08296556008844769,-0.04452978997347444,-0.06017768241345431,-0.07214887361809885,-0.0764661354703095,-0.06718305721436887,-0.042482800869905274,-0.08166394182967224,-0.08850260633543801,-0.0723565616995509
2023-01-30 17:00:00+00:00,-0.08407641872728971,-0.045081904656094685,-0.06261500368440637,-0.0728699801989689,-0.07704185985605275,-0.06753499805610844,-0.044779842852395585,-0.08227251647087444,-0.0887554443111926,-0.07117040636518052
2023-01-30 18:00:00+00:00,-0.08276375953556994,-0.04303551297674367,-0.06301225975122329,-0.07140642731724473,-0.07535435521262979,-0.0654064737095921,-0.04435616766715686,-0.08077377679135558,-0.08746057698442046,-0.06746055882405938
2023-01-30 19:00:00+00:00,-0.085337604504676,-0.04609390330535569,-0.06706165746474038,-0.07418363978603398,-0.077821538826089,-0.06750960832298336,-0.04917080079512495,-0.0836691597627407,-0.0893390186292909,-0.06890455061721465
2023-01-30 20:00:00+00:00,-0.08973777474098849,-0.05330884688601817,-0.07391835216821849,-0.08009973880627413,-0.08378920444109891,-0.07272474003898513,-0.05723733921266874,-0.08864331070702375,-0.09360093623068101,-0.07393829813695513
2023-01-30 21:00:00+00:00,-0.09281920929729492,-0.05890231920335408,-0.07920012935070195,-0.08343346727916004,-0.0873658918478076,-0.07680307108740894,-0.06331803256584137,-0.09165459525401468,-0.09657550104610492,-0.07695065420046185
2023-01-30 22:00:00+00:00,-0.09838295498601732,-0.06104151942491903,-0.08409088504230963,-0.08589179236720174,-0.09099968636159,-0.0803904685160102,-0.06736477593131596,-0.09513665871205182,-0.09958126992262419,-0.08064067718117779
2023-01-30 23:00:00+00:00,-0.1024670315270402,-0.06307987121452813,-0.08722598041788734,-0.08762739976863188,-0.094116931327895,-0.08271148527029173,-0.07068615551778415,-0.097738957457678,-0.10108403792867433,-0.08367298108296109
2023-01-31 00:00:00+00:00,-0.10198930396981723,-0.06389146170412785,-0.0863680600958214,-0.08680688961698715,-0.09519334963223738,-0.08033124291679666,-0.07289327998498524,-0.09773594889268511,-0.10055427855743955,-0.085427668440887
2023-01-31 01:00:00+00:00,-0.10267857413384449,-0.06460336938335472,-0.08724252208003422,-0.08684293782092242,-0.09608198027769521,-0.08014397894016098,-0.07473340971297684,-0.09967072721067385,-0.10069214846764481,-0.08695001679808143
2023-01-31 02:00:00+00:00,-0.10337906127449878,-0.06628691034010943,-0.08843004029772086,-0.0875652820928069,-0.09791934601448646,-0.08077142491473438,-0.0769150335578016,-0.1027843697804066,-0.10132939111553442,-0.08958650541171873
2023-01-31 03:00:00+00:00,-0.1018163468035235,-0.06655269475250174,-0.08825124745232157,-0.0878167624973305,-0.09837214444729356,-0.07939489609025696,-0.07832770230955613,-0.10451900214022411,-0.10077283203347377,-0.09178223246851638
2023-01-31 04:00:00+00:00,-0.10609026655486695,-0.07008577661089907,-0.09215986606297585,-0.09149624994498157,-0.10323352662886393,-0.0825338578191426,-0.08324265641042922,-0.11096519800556358,-0.10290397747335363,-0.09877430786625388
2023-01-31 05:00:00+00:00,-0.10757917350771859,-0.0716609057794198,-0.09390798830874111,-0.09379216365220039,-0.1055616577059856,-0.08268748078037247,-0.08659661853309245,-0.11494793755235794,-0.1029803862141835,-0.10306349076779578
2023-01-31 06:00:00+00:00,-0.11043625212081168,-0.07369125543749674,-0.09808585838126369,-0.09494977503067406,-0.11007618695316909,-0.08481025428991637,-0.09115185184026556,-0.11968130940822537,-0.10677371704351914,-0.10862957685497912
2023-01-31 07:00:00+00:00,-0.11067877710038307,-0.07330722178699549,-0.1012473971238291,-0.095041067143105,-0.11196684187261738,-0.08674000051750039,-0.0938536354448185,-0.1215461817598339,-0.11077253902564967,-0.11078296337546437
2023-01-31 08:00:00+00:00,-0.11067063203372343,-0.074087472771018,-0.10054044715288238,-0.09574534980480948,-0.11085726068713742,-0.08542262690677169,-0.09344997314493686,-0.12041151154643864,-0.10870130965651416,-0.10973821617937723
2023-01-31 09:00:00+00:00,-0.1114641684403346,-0.07395045165867173,-0.10058494198210607,-0.09579986569762963,-0.10910901689427965,-0.08597189161454621,-0.09299162361390917,-0.11837355517417834,-0.10853002205602726,-0.10790587145131325
2023-01-31 10:00:00+00:00,-0.11433238603954773,-0.07640249734445437,-0.10224302359371626,-0.09756352480631059,-0.108704222221087,-0.08921392870047484,-0.09394579776917827,-0.11741649227953208,-0.10946619795347902,-0.10736474104452134
2023-01-31 11:00:00+00:00,-0.11668680597547124,-0.07657086092792402,-0.10559060076352686,-0.09889059627186875,-0.10911431654321138,-0.09228210032445194,-0.09576288798953717,-0.11715946266736588,-0.11160415796833185,-0.1072161067019142
2023-01-31 12:00:00+00:00,-0.11832471041552359,-0.0769966257684294,-0.10867381407640705,-0.09974120742288306,-0.10780170542560977,-0.0946278022446489,-0.09725121081381316,-0.1162539723845158,-0.11329473155700494,-0.10649165828950075
2023-01-31 13:00:00+00:00,-0.119453831847155,-0.07746459340914172,-0.11072161885848239,-0.10184552417355835,-0.10539731799748497,-0.0960196089274058,-0.09778012722111909,-0.11576514448050877,-0.11414926180396219,-0.10543072313434512
2023-01-31 14:00:00+00:00,-0.11960047314173886,-0.07758888838770003,-0.11211364163319584,-0.10272111152958305,-0.10269841012572117,-0.09550159486578871,-0.09779072038493686,-0.11550090147945309,-0.1143387058357296,-0.10443908304829269
2023-01-31 15:00:00+00:00,-0.11960683320060869,-0.07769678116874536,-0.11320612153672957,-0.10349883609728253,-0.10121959455316515,-0.09489261957885342,-0.09738126264928162,-0.11514766030619429,-0.1137369179008554,-0.10289716063088225
2023-01-31 16:00:00+00:00,-0.11923814999305507,-0.07786982270827013,-0.11328483146109605,-0.10272125747996316,-0.09946252151422239,-0.09245817040641893,-0.09362537434191412,-0.11282277169973998,-0.11071061023178831,-0.09874060362570722
2023-01-31 17:00:00+00:00,-0.11739712605006222,-0.07560200828897348,-0.11197398132122485,-0.1005961022705199,-0.09658633548664161,-0.08924488643493561,-0.09008668990052685,-0.11092196524355644,-0.1092265095307254,-0.09354485192247122
2023-01-31 18:00:00+00:00,-0.11586850439117749,-0.07181434872603296,-0.10834321414951989,-0.09584285934651227,-0.09048302755121382,-0.0838430568131738,-0.08496125554827791,-0.10694997731891878,-0.10619792957621428,-0.0853683968742609
2023-01-31 19:00:00+00:00,-0.11430484238172392,-0.06894286209838794,-0.10593025005015635,-0.09185270866553058,-0.0856571328488033,-0.0798937513571141,-0.08046453239475984,-0.1032484888793775,-0.10349086381068935,-0.07845351041961018
2023-01-31 20:00:00+00:00,-0.1141396048149271,-0.06845586895705051,-0.10535500915280019,-0.09106677865268017,-0.08464255021646577,-0.07914415662500227,-0.07967903881514424,-0.1027339971371788,-0.10325634481461356,-0.0773263897862948
2023-01-31 21:00:00+00:00,-0.11301637328718658,-0.06703858274909726,-0.10421125629329717,-0.08952144594151851,-0.08384734181090545,-0.07709058957653159,-0.07833472901255556,-0.10074635388174666,-0.10155273849183029,-0.0749350654854661
2023-01-31 22:00:00+00:00,-0.11200210562789956,-0.0663855713730501,-0.1038538867968947,-0.08872669999257785,-0.08421480368111153,-0.07714203299791852,-0.07740708638153745,-0.09942635810566505,-0.10026722725666061,-0.07398636204860118
2023-01-31 23:00:00+00:00,-0.10898839239485661,-0.06312673214520703,-0.10123986210842703,-0.08558438750799116,-0.08252679657012915,-0.07377458269093337,-0.07473280763810417,-0.0947097268424745,-0.0963465679713701,-0.0703186368696598
2023-02-01 00:00:00+00:00,-0.1061257843066071,-0.060236642492470474,-0.09843196076204261,-0.08242902066074487,-0.08083612892160572,-0.07086826911913344,-0.0722189978142597,-0.09060668854451606,-0.09304892459634047,-0.06692474968515277
2023-02-01 01:00:00+00:00,-0.1044407563495208,-0.058683141271080846,-0.09558709302091298,-0.08079312753356183,-0.08030214678117831,-0.06944651115309411,-0.0706843126333569,-0.08839561344545377,-0.09134203329844982,-0.0648033003634303
2023-02-01 02:00:00+00:00,-0.10243146203933509,-0.05740371083937222,-0.09304990229623059,-0.07978184889117551,-0.08014238286282088,-0.06808471307662017,-0.06954850353333669,-0.08647555560665307,-0.08979954963635724,-0.06347133194231042
2023-02-01 03:00:00+00:00,-0.10312029618900662,-0.057885725720813117,-0.09328776541492864,-0.08007690767380027,-0.0801498583267756,-0.06937049098819523,-0.06944540797352747,-0.08757565313861093,-0.0908107550378189,-0.06357301903148435
2023-02-01 04:00:00+00:00,-0.1037446313738499,-0.058409264982263134,-0.09432225483980902,-0.08059317395639287,-0.08028011219528364,-0.07031619976516235,-0.06983329081288128,-0.08876848963237133,-0.09175348985369293,-0.06475276864354515
2023-02-01 05:00:00+00:00,-0.10449607532043467,-0.05911953395261921,-0.09584454516288468,-0.0815476576783713,-0.081325841249553,-0.07139723056967631,-0.07117658197966822,-0.08989067778591223,-0.09239644916102359,-0.06704041641899305
2023-02-01 06:00:00+00:00,-0.10708945965753677,-0.061972141135022085,-0.09983974102338042,-0.08368944473906853,-0.08376720535717336,-0.07485207153455442,-0.0736775464274119,-0.09337561204003375,-0.09498921653154625,-0.0707189053341023
2023-02-01 07:00:00+00:00,-0.1085763873906094,-0.06305303160041933,-0.10031655874745196,-0.08467642206523296,-0.08536095048188877,-0.07627775272478579,-0.07517919553951824,-0.09411650692060824,-0.09531523390515824,-0.07242207122074479
2023-02-01 08:00:00+00:00,-0.1085142686896903,-0.0629066135500964,-0.10035221426040705,-0.0844113998090141,-0.08497161779184295,-0.07601890425377106,-0.07479115897623823,-0.09382337572133534,-0.09515439651480707,-0.07164968648022829
2023-02-01 09:00:00+00:00,-0.10743331331494002,-0.06125152698718614,-0.09802276401836593,-0.08346121528566705,-0.08421629382026549,-0.0741103760321051,-0.07416626192559209,-0.09139940280696823,-0.09348627599697192,-0.07016362540291063
2023-02-01 10:00:00+00:00,-0.1065038971478541,-0.06026778946643578,-0.09661972286623313,-0.08239906578212927,-0.08335214516445094,-0.0723334702392334,-0.07307489924082813,-0.08960243826173622,-0.09209876961833748,-0.06791925247763056
2023-02-01 11:00:00+00:00,-0.10406719606552536,-0.058584054220076204,-0.09422139422422135,-0.08064658250039841,-0.08148931144277807,-0.0695591860070485,-0.07089057825504008,-0.08727120103299121,-0.0902571337795652,-0.0645203179776151
2023-02-01 12:00:00+00:00,-0.10277835913533698,-0.05797897283209226,-0.09211111303623495,-0.07899548722563488,-0.08106074867576324,-0.06763804810003243,-0.0693581706388898,-0.08539257145994589,-0.08908406719460833,-0.06118872974231962
2023-02-01 13:00:00+00:00,-0.09629483323557272,-0.054868948479287874,-0.0846829214121991,-0.07251172251525856,-0.07998659055582158,-0.06022751486283958,-0.06191017134416024,-0.0780970495838901,-0.08391330605072723,-0.05316502497990852
2023-02-01 14:00:00+00:00,-0.09111097491879167,-0.05090504373394569,-0.08024319430254637,-0.06869149205880659,-0.07964090249686076,-0.05521935846205324,-0.05732851963754218,-0.07325529736971206,-0.08103876930507432,-0.047524010808437156
2023-02-01 15:00:00+00:00,-0.0890539300709153,-0.049371331028478904,-0.07946866542011224,-0.06745938746645569,-0.07994564544475957,-0.053880985479960966,-0.056211279625864446,-0.07104440893454753,-0.07978606738717599,-0.04577687932450264
2023-02-01 16:00:00+00:00,-0.08476209459652653,-0.044851702975112415,-0.07643510287002078,-0.06283401118550824,-0.08054848676124002,-0.04983622151080315,-0.0526836573629372,-0.06663321653038937,-0.07610522673191834,-0.04212774841505293
2023-02-01 17:00:00+00:00,-0.0819631818985119,-0.0419300757459008,-0.0744451572392964,-0.06039058895400207,-0.08088548853569508,-0.04749600889456791,-0.05072838977371272,-0.064224659395552,-0.07362308801148827,-0.04089793836829314
2023-02-01 18:00:00+00:00,-0.07961417940078791,-0.03929750528429497,-0.07225028461333888,-0.058270873996198236,-0.08127721233796437,-0.04692132800379077,-0.048318514666131324,-0.062477763524096064,-0.07163626035493849,-0.039447522532832985
2023-02-01 19:00:00+00:00,-0.07790116648796813,-0.03713912664294865,-0.07044019744861693,-0.056374755639288454,-0.0815975475724944,-0.04693717007763422,-0.04604905585554228,-0.06175448118871468,-0.07026813480271767,-0.037800176841558786
2023-02-01 20:00:00+00:00,-0.07525542840848212,-0.03429115972911827,-0.06754546912802825,-0.052960543994005516,-0.07961391949077856,-0.04470368217315705,-0.04296312446362274,-0.05924906945492428,-0.06778171140891372,-0.03465473088384344
2023-02-01 21:00:00+00:00,-0.07770060528237036,-0.03689983088073061,-0.06988068476302736,-0.05368729186625926,-0.07605067769370091,-0.04398218067569322,-0.044195195572969054,-0.060312905671491474,-0.07070345022026316,-0.03411275030247474
2023-02-01 22:00:00+00:00,-0.07686735556386812,-0.0362682554591353,-0.06882868502073408,-0.05276599990134451,-0.07366715152428843,-0.04272780328537769,-0.04249034178524205,-0.05952173842146685,-0.07153286512819525,-0.033239452145999465
2023-02-01 23:00:00+00:00,-0.07400320198872498,-0.033545345096358634,-0.06644147741675424,-0.04957035945467969,-0.07185444388476342,-0.04112424019165088,-0.03981363268725771,-0.0566855903173962,-0.06955226969535229,-0.03126209216768219
2023-02-02 00:00:00+00:00,-0.07440491025869331,-0.03408521124592674,-0.06666583144859681,-0.05014845959197628,-0.07115051188090848,-0.040936475227689686,-0.03999883979119298,-0.05696807549373217,-0.07040261518588116,-0.0314048448764738
2023-02-02 01:00:00+00:00,-0.07872609072468167,-0.03830005451912201,-0.07022217798281571,-0.05502980560311255,-0.07261674067311491,-0.04331172768336537,-0.043591910043457444,-0.061348667729816314,-0.07454270677242032,-0.03392802424304425
2023-02-02 02:00:00+00:00,-0.07978662264036895,-0.03945725030172641,-0.07095201246724683,-0.05611712527433543,-0.07275525839065641,-0.0436667708794229,-0.04441606215868102,-0.062391606739702676,-0.07527245230736042,-0.034610014590480825
2023-02-02 03:00:00+00:00,-0.07711066919734458,-0.03670141936198855,-0.06892405074614166,-0.053343159663979345,-0.07129928152928308,-0.04209459457916741,-0.04189645084575136,-0.05996845903101203,-0.0740635819093496,-0.03277748784199047
2023-02-02 04:00:00+00:00,-0.07519654494577047,-0.03494021390464176,-0.06701930829723643,-0.05153218902606255,-0.06829156953504559,-0.039611415187127144,-0.04011614399435412,-0.05693823516619442,-0.07207860773455206,-0.03128420528800574
2023-02-02 05:00:00+00:00,-0.0759696255267358,-0.0348502750167448,-0.06789158598404968,-0.05209590931526897,-0.06825367861785564,-0.040776131868165214,-0.03973084112809791,-0.057943356053799716,-0.07349951915582754,-0.03144293720406968
2023-02-02 06:00:00+00:00,-0.07776231473109677,-0.03633904255937208,-0.06884793173222095,-0.05354738407202547,-0.06781985988398351,-0.040810517050381176,-0.04053688968533728,-0.0585329117232678,-0.07398362631383161,-0.03224019313449833
2023-02-02 07:00:00+00:00,-0.08115447784639793,-0.03953151898715061,-0.07079316519478726,-0.0565052552041419,-0.06792548574810428,-0.04123330763352735,-0.0425336336209772,-0.06052842162699881,-0.07534336606590304,-0.03406043990135135
2023-02-02 08:00:00+00:00,-0.08444728356967734,-0.04274536135801024,-0.07308115235897697,-0.05954619276997564,-0.0691621240905197,-0.04250337634189545,-0.04497269305073501,-0.06311924901534482,-0.07741707750756395,-0.03551510648752085
2023-02-02 09:00:00+00:00,-0.08294709396908853,-0.04116334467252046,-0.07273323012937646,-0.05842752109496219,-0.06998428052611055,-0.04317981206750708,-0.04463287535342478,-0.062009610776154855,-0.07734600529898007,-0.033619334323461536
2023-02-02 10:00:00+00:00,-0.0854713015771939,-0.04414808050243821,-0.07500685941106422,-0.061384121358710964,-0.0717209258885553,-0.04490654819663127,-0.047347906901663656,-0.06432454824660652,-0.07941291076426389,-0.034474218521031885
2023-02-02 11:00:00+00:00,-0.08564506328894833,-0.045283140231755545,-0.07589085632551637,-0.06226219728686522,-0.07349531596937628,-0.04598604878439612,-0.04835896142577742,-0.06471659663348278,-0.08027773370488124,-0.03437182549776496
2023-02-02 12:00:00+00:00,-0.08448169297644742,-0.04558527399352107,-0.0763757443416869,-0.062036298437824544,-0.07611003998369995,-0.04735451307991774,-0.04867711643602765,-0.06460484241781142,-0.08039491957098145,-0.03430260301273472
2023-02-02 13:00:00+00:00,-0.08343784270226068,-0.04359586166764062,-0.07605951813663267,-0.06165549618189531,-0.07754409223475489,-0.046952711203401734,-0.04937990171385123,-0.06332772351258609,-0.07775348784776472,-0.03489561304617406
2023-02-02 14:00:00+00:00,-0.08508831487486682,-0.04563244127001739,-0.07819694750611025,-0.06405621985940962,-0.08022213259493782,-0.04963192673582213,-0.05202255702435901,-0.06604588606300629,-0.0795812548089921,-0.03659630528221289
2023-02-02 15:00:00+00:00,-0.0853835317828793,-0.04646275161397288,-0.07987117320517059,-0.0655363755707305,-0.0843493268001565,-0.05268003940354808,-0.054732784253972516,-0.06823362949156261,-0.0797877530911454,-0.039141272460337606
2023-02-02 16:00:00+00:00,-0.08455606339666044,-0.04449500407268597,-0.07900882317249716,-0.06473685814195512,-0.08598196261353913,-0.05323351911232284,-0.05439868594378813,-0.06778281856601348,-0.0779655417432837,-0.040715573261170895
2023-02-02 17:00:00+00:00,-0.08436904850571297,-0.04374653597444021,-0.07825773598797783,-0.06358715435413059,-0.08572589363870259,-0.05331332989404934,-0.053377179684505754,-0.06781811147361436,-0.07760678211760676,-0.040591000235645935
2023-02-02 18:00:00+00:00,-0.0822620597577097,-0.041544884957661704,-0.07572230529602794,-0.0602551605761642,-0.08129598004519867,-0.04950314787954831,-0.050070372034231286,-0.06539122779772069,-0.0759611373998348,-0.03702853299523687
2023-02-02 19:00:00+00:00,-0.0801882080941532,-0.038542037075329785,-0.07324296483289941,-0.056570025577608984,-0.07993026305674053,-0.049052139398014685,-0.0461632040367517,-0.06475044647078868,-0.07587056446044561,-0.0346008316556263
2023-02-02 20:00:00+00:00,-0.07522181305466227,-0.034068102322493785,-0.06855702892930546,-0.05080972069827788,-0.07559901748032488,-0.044836943404283,-0.04062208844649204,-0.06006175352711199,-0.0723801618956655,-0.031745066550124795
2023-02-02 21:00:00+00:00,-0.06671545700339257,-0.025341636051192704,-0.06088999457969366,-0.041691740528408516,-0.07068232151461887,-0.041244639948849374,-0.03285186772314444,-0.05287327454641838,-0.06604732276128873,-0.02711726557495739
2023-02-02 22:00:00+00:00,-0.05718244018771901,-0.015013701436283874,-0.05265469024896613,-0.03320144619308357,-0.0661449453309911,-0.037479337931976345,-0.024120108448683147,-0.04628549270778909,-0.06090461094716844,-0.022229529470112475
2023-02-02 23:00:00+00:00,-0.04961084986787723,-0.0061275880550231004,-0.04582358422101465,-0.02561148261007995,-0.06031278801016124,-0.0320575382839708,-0.01704962219007508,-0.03891567921544045,-0.05712147135430841,-0.018778311999258834
2023-02-03 00:00:00+00:00,-0.04259367792706273,0.0013256857387884818,-0.04015731144800458,-0.01859336149082086,-0.04932622312552226,-0.02519723816979054,-0.010335284116842952,-0.03156693231409172,-0.0520849557859548,-0.018643381558524547
2023-02-03 01:00:00+00:00,-0.03438706278944642,0.006433119550633762,-0.03216828232514782,-0.012388993391698688,-0.04114520274125652,-0.018914587468247937,-0.0019766519788614045,-0.02581690740873485,-0.04636782588169559,-0.015502067720188722
2023-02-03 02:00:00+00:00,-0.029106809821874885,0.011325476781097257,-0.025596853621191906,-0.0077805062117285995,-0.032407074370012307,-0.012265558433702653,0.006209375750824725,-0.019847865701593886,-0.0383458870101442,-0.012929202575138715
2023-02-03 03:00:00+00:00,-0.02595935604563232,0.016408022561104227,-0.018232979277793743,-0.0032229714221392314,-0.022656742323047402,-0.006951180260911641,0.015611540311552013,-0.012762762164376912,-0.028940558576940403,-0.011346533043087692
2023-02-03 04:00:00+00:00,-0.020080701268964246,0.02488960407330372,-0.009972081686566658,0.005541482396784259,-0.014308330695441462,-0.00111118438384801,0.02755541319705232,-0.002898247049075181,-0.02358576486208465,-0.006610791824842838
2023-02-03 05:00:00+00:00,-0.015429997575228505,0.03261448048214309,-0.0019144008266328005,0.012615944831212589,-0.006852314824082106,0.004064488824231924,0.03857814317438421,0.0061197065672797535,-0.019488452969209882,-0.001693220115629418
2023-02-03 06:00:00+00:00,-0.015590822287009615,0.0334634593529828,-0.0003046003885063264,0.012350979437150411,-0.005736460159161433,0.004078031064294482,0.039446941973241806,0.006286470778255615,-0.020151020093613817,-0.002093296815645518
2023-02-03 07:00:00+00:00,-0.017628976999455953,0.03259949846296782,-0.0004470945240914459,0.009855897061827434,-0.006121167527644716,0.002280170282429203,0.038473400885808945,0.0040960680005951156,-0.02225071704720062,-0.0035064757693513415
2023-02-03 08:00:00+00:00,-0.01998381658252335,0.03002176915770706,-0.00249054669089252,0.006743877933444442,-0.008068086151195919,0.0003930843978332127,0.036082128606508584,0.0010347265309841869,-0.024504717966257375,-0.0051898136117427
2023-02-03 09:00:00+00:00,-0.02715669939796761,0.023634725950548566,-0.006057442203852542,-0.0006825809177873343,-0.011794915908780734,-0.003843675698476892,0.029615911749923368,-0.006176139034755612,-0.030631711689876287,-0.010621215033838227
2023-02-03 10:00:00+00:00,-0.02991034034581727,0.02106447617233083,-0.008156739666818041,-0.004380143407281711,-0.012336550764517812,-0.004022574395835324,0.022169698579568548,-0.006551257227206758,-0.032312439162758014,-0.014718383319049427
2023-02-03 11:00:00+00:00,-0.03709438799298587,0.013595887297623746,-0.014339362779213854,-0.01183773602622401,-0.018350367764455228,-0.006939707745164739,0.01217234014242266,-0.012818793896691605,-0.03706937543526935,-0.01964114966955252
2023-02-03 12:00:00+00:00,-0.04156411384469583,0.008635152413367278,-0.018042495994029434,-0.01591581738653508,-0.02205049059233158,-0.007766646644518052,0.005584243580432274,-0.01565996394557262,-0.03920701952986673,-0.022170876809854856
2023-02-03 13:00:00+00:00,-0.049892348807347914,-0.0015387363073411792,-0.026686298296894423,-0.024467059045659878,-0.030368379084393243,-0.011927973749396428,-0.006529179325482276,-0.02372582601676787,-0.04440919736567829,-0.027265099076200644
2023-02-03 14:00:00+00:00,-0.057417957290841176,-0.013481581980404708,-0.0360620412211127,-0.032025509466626134,-0.03974386866749674,-0.01721018508409132,-0.01831438914333508,-0.03158348338107922,-0.05030020656948665,-0.031752290839481584
2023-02-03 15:00:00+00:00,-0.06409397289546268,-0.023350449966608275,-0.043624088298266084,-0.03832315220593069,-0.044274518403945945,-0.022467107774369485,-0.027319199300818192,-0.037697435756121445,-0.05422885208588592,-0.034679065730209374
2023-02-03 16:00:00+00:00,-0.07351335902598088,-0.034548270140552687,-0.053916219646175795,-0.047585874093402425,-0.05110576035061126,-0.030179690105529608,-0.03722618824338733,-0.046650286392308005,-0.05828055425242397,-0.03667221666756143
2023-02-03 17:00:00+00:00,-0.0824330898897837,-0.041806684202388505,-0.06154111823130487,-0.05646644268222811,-0.05604885036474691,-0.03704609651298123,-0.04698383381424595,-0.0522284935880627,-0.06213398685032019,-0.03731881897525546
2023-02-03 18:00:00+00:00,-0.08730111873972354,-0.04464891497097216,-0.06618182878690868,-0.060999243579022255,-0.05940716992715234,-0.0407865596583455,-0.05156730465383788,-0.05415153407066198,-0.06415535452818989,-0.03674950751334674
2023-02-03 19:00:00+00:00,-0.09232595887666059,-0.04777704270732275,-0.0723480162015753,-0.06685159648451561,-0.06365611237369359,-0.04409998264767283,-0.05636008798303474,-0.05897686211688574,-0.06933158551954123,-0.03791652903533618
2023-02-03 20:00:00+00:00,-0.09553609882427558,-0.049908575262360075,-0.07656420199210509,-0.07123208492180988,-0.06633382052012146,-0.04668647858200352,-0.06016466492828279,-0.0625409438912414,-0.07324180633760875,-0.04002478446248031
2023-02-03 21:00:00+00:00,-0.09867772366305708,-0.05174672341085888,-0.08066339665186664,-0.07519365986286675,-0.06932934371657323,-0.049501103981630865,-0.06237371530856675,-0.0666585970429627,-0.0775173580602966,-0.04191639487045501
2023-02-03 22:00:00+00:00,-0.10020192266125835,-0.052603351248384625,-0.0826974645617343,-0.07713013487743453,-0.07062333927588366,-0.051392939781780014,-0.06331192076424144,-0.06845131448996636,-0.07944956608357907,-0.043022581267910115
2023-02-03 23:00:00+00:00,-0.10428876472528062,-0.0547832032653643,-0.08819047881339345,-0.08204890407205698,-0.07268178417413154,-0.05553772767232991,-0.06602345871579537,-0.0741253632048681,-0.08403011569516285,-0.04779753525841032
2023-02-04 00:00:00+00:00,-0.10723452257299834,-0.057819061737921035,-0.09464761701935273,-0.08580400622756104,-0.07519768405774357,-0.060465914348866896,-0.06996409116688898,-0.08060351761288878,-0.08875608417186677,-0.05483889857584681
2023-02-04 01:00:00+00:00,-0.10824758218327998,-0.058340017271757874,-0.09596863801199265,-0.08622501890412476,-0.0753959404693336,-0.06096187168084637,-0.06994301799403266,-0.08343939541010018,-0.09069422554006791,-0.0552974810020814
2023-02-04 02:00:00+00:00,-0.10724842253937508,-0.057101189394821894,-0.09397598919809044,-0.08440828601667213,-0.07479800848555301,-0.059205291286717567,-0.0683616525379395,-0.08255571616532856,-0.08936703742491965,-0.05363264347698499
2023-02-04 03:00:00+00:00,-0.1060786839846071,-0.055868175880228035,-0.09221763381246403,-0.08259534432543417,-0.07436361058347948,-0.05800087395730193,-0.06729915919678678,-0.08149350482696413,-0.0879836159900831,-0.05304284435519277
2023-02-04 04:00:00+00:00,-0.10641435529293261,-0.056544694559495345,-0.0934564207865621,-0.082563273520213,-0.07518346517013882,-0.059060225786801916,-0.06793090511906072,-0.0834611772991466,-0.08901099310548573,-0.05521192489440235
2023-02-04 05:00:00+00:00,-0.1068055502072415,-0.05780762167096576,-0.09531256533450175,-0.08291968420663082,-0.07641081560488211,-0.06228201526717909,-0.06931656214858803,-0.08548734043537357,-0.08991932236637197,-0.05833768777408199
2023-02-04 06:00:00+00:00,-0.10558535647463949,-0.05684161614965459,-0.09363304707262957,-0.0811931716067793,-0.07586985767909266,-0.06207502490620747,-0.06836597432781055,-0.08427387724022112,-0.08833156495680762,-0.05820217071881115
2023-02-04 07:00:00+00:00,-0.10476035770013484,-0.05641181066248857,-0.09284478887349909,-0.08009621815962586,-0.07611222122002206,-0.06261690262292854,-0.06806241343773475,-0.08386017588526176,-0.0883511127602344,-0.05881790193143033
2023-02-04 08:00:00+00:00,-0.10468950364930699,-0.05717981645734614,-0.09350086505259783,-0.07968285662042485,-0.0770377806381867,-0.06519905405544763,-0.06841530052054845,-0.08586442120540927,-0.0898856900679479,-0.06060665278962807
2023-02-04 09:00:00+00:00,-0.10357033617945474,-0.05643323168378955,-0.0918697861052076,-0.07847715059041432,-0.07667892104143897,-0.06550276968890742,-0.06721810280032905,-0.08596185995351727,-0.0900861342101026,-0.06054309610667016
2023-02-04 10:00:00+00:00,-0.10145724327521935,-0.05556526150984584,-0.08960723172192367,-0.07794096219549568,-0.07668527468633957,-0.06605977985794056,-0.0659841877924969,-0.08582221191462744,-0.09003562267452449,-0.06042864232683043
2023-02-04 11:00:00+00:00,-0.09357296710490268,-0.0531445339854313,-0.08237946353153994,-0.07272437051941821,-0.07570214965310199,-0.06289257452443339,-0.060123993546525784,-0.08121601639033749,-0.08673383390577201,-0.055649745311559806
2023-02-04 12:00:00+00:00,-0.08010110143098156,-0.0422938465625263,-0.07033665469667472,-0.06262916805484015,-0.07347315514158395,-0.05333285319616633,-0.04784560753694975,-0.0703016947463356,-0.0790246057839873,-0.04669649768501369
