#YY  MM DD hh mm WDIR WSPD GST  WVHT   DPD   APD MWD   PRES  ATMP  WTMP  DEWP  VIS  TIDE
#yr  mo dy hr mn degT m/s  m/s     m   sec   sec deg    hPa  degC  degC  degC  nmi    ft
2024 02 01 00 00 216  4.0  8.5 99.00 99.00 99.00 999 1001.9  12.5 999.0  12.1 99.0 99.00 
2024 02 01 00 10 185  2.3  5.6  4.90  9.09  7.78 168 1001.2  12.7 999.0  12.4 99.0 99.00 
2024 02 01 00 20 309  3.7  8.4 99.00 99.00 99.00 999 1001.0  12.5 999.0  12.3 99.0 99.00 
2024 02 01 00 30 261  3.7  5.9 99.00 99.00 99.00 999 1001.8  12.4 999.0  12.2 99.0 99.00 
2024 02 01 00 40 219  4.4  6.6  4.76  9.09  7.91 169 1001.8  12.6 999.0  12.4 99.0 99.00 
2024 02 01 00 50 210  3.5  5.9 99.00 99.00 99.00 999 1001.6  12.4 999.0  12.2 99.0 99.00 
2024 02 01 01 00 196  2.7  4.5 99.00 99.00 99.00 999 1001.5  12.4 999.0  12.2 99.0 99.00 
2024 02 01 01 10 161  3.4  6.3  4.68 10.00  7.98 196 1001.2  12.2 999.0  12.0 99.0 99.00 
2024 02 01 01 20 134  5.8  9.1 99.00 99.00 99.00 999 1000.8  12.1 999.0  11.9 99.0 99.00 
2024 02 01 01 30 127  7.0 12.0 99.00 99.00 99.00 999 1000.9  12.1 999.0  11.9 99.0 99.00 
2024 02 01 01 40 117  5.2  8.2  4.62  9.09  8.08 180 1000.9  12.0 999.0  11.6 99.0 99.00 
2024 02 01 01 50  86  4.5  7.3 99.00 99.00 99.00 999 1000.8  11.9 999.0  11.5 99.0 99.00 
2024 02 01 02 00  59  2.9  5.9 99.00 99.00 99.00 999 1001.0  11.9 999.0  11.5 99.0 99.00 
2024 02 01 02 10  40  2.6  5.6  4.69  9.09  8.36 170 1000.9  11.9 999.0  11.6 99.0 99.00 
2024 02 01 02 20  49  4.0  7.3 99.00 99.00 99.00 999 1000.5  11.9 999.0  11.7 99.0 99.00 
2024 02 01 02 30  36  4.7  7.6 99.00 99.00 99.00 999 1000.5  11.9 999.0  11.6 99.0 99.00 
2024 02 01 02 40  37  3.3  6.4  4.38  9.09  8.33 165 1001.1  12.1 999.0  11.7 99.0 99.00 
2024 02 01 02 50  35  3.7  7.5 99.00 99.00 99.00 999 1000.9  12.1 999.0  11.7 99.0 99.00 
2024 02 01 03 00  46  4.9  8.6 99.00 99.00 99.00 999 1000.8  12.0 999.0  11.7 99.0 99.00 
2024 02 01 03 10  56  5.5  9.0  4.26 10.00  8.09 207 1001.0  12.0 999.0  11.8 99.0 99.00 
2024 02 01 03 20  58  6.1  8.5 99.00 99.00 99.00 999 1000.9  12.1 999.0  11.9 99.0 99.00 
2024 02 01 03 30  58  7.5 10.3 99.00 99.00 99.00 999 1000.1  12.1 999.0  11.9 99.0 99.00 
2024 02 01 03 40  59  8.1 11.4  4.42  9.09  8.51 169  999.9  12.0 999.0  11.7 99.0 99.00 
2024 02 01 03 50  54  7.1 11.6 99.00 99.00 99.00 999 1000.5  12.1 999.0  11.7 99.0 99.00 
2024 02 01 04 00  62  5.7  7.9 99.00 99.00 99.00 999 1000.9  12.2 999.0  11.7 99.0 99.00 
2024 02 01 04 10  69  5.4  7.9  4.20  9.09  8.39 171 1001.0  12.3 999.0  11.8 99.0 99.00 
2024 02 01 04 20  78  5.6  8.0 99.00 99.00 99.00 999 1001.1  12.4 999.0  11.7 99.0 99.00 
2024 02 01 04 30  80  5.3  7.7 99.00 99.00 99.00 999 1001.1  12.6 999.0  11.9 99.0 99.00 
2024 02 01 04 40  83  4.8  7.5  4.06 12.12  8.52 251 1001.2  12.7 999.0  11.9 99.0 99.00 
2024 02 01 04 50  88  4.5  6.4 99.00 99.00 99.00 999 1001.3  12.7 999.0  11.8 99.0 99.00 
2024 02 01 05 00 119  3.8  5.8 99.00 99.00 99.00 999 1001.5  12.8 999.0  11.8 99.0 99.00 
2024 02 01 05 10 155  2.4  4.5  3.95 11.43  8.33 241 1001.5  12.8 999.0  11.8 99.0 99.00 
2024 02 01 05 20 153  2.3  5.0 99.00 99.00 99.00 999 1001.5  12.9 999.0  12.1 99.0 99.00 
2024 02 01 05 30 171  2.6  4.3 99.00 99.00 99.00 999 1001.6  12.8 999.0  12.1 99.0 99.00 
2024 02 01 05 40 168  2.3  3.8  3.40 10.81  8.09 237 1001.5  12.8 999.0  12.1 99.0 99.00 
2024 02 01 05 50 168  2.6  4.5 99.00 99.00 99.00 999 1001.4  12.7 999.0  12.0 99.0 99.00 
2024 02 01 06 00 169  4.1  6.3 99.00 99.00 99.00 999 1001.9  12.8 999.0  12.2 99.0 99.00 
2024 02 01 06 10 162  5.2  7.2  3.92  9.09  8.57 185 1001.8  12.8 999.0  12.3 99.0 99.00 
2024 02 01 06 20 169  6.0  7.7 99.00 99.00 99.00 999 1002.1  12.8 999.0  12.4 99.0 99.00 
2024 02 01 06 30 165  5.9  8.1 99.00 99.00 99.00 999 1002.0  12.7 999.0  12.3 99.0 99.00 
2024 02 01 06 40 163  5.0  7.2  4.12  9.09  8.76 185 1001.9  12.6 999.0  12.1 99.0 99.00 
2024 02 01 06 50 161  5.5  7.2 99.00 99.00 99.00 999 1001.8  12.6 999.0  12.1 99.0 99.00 
2024 02 01 07 00 161  5.6  7.6 99.00 99.00 99.00 999 1001.7  12.6 999.0  12.1 99.0 99.00 
2024 02 01 07 10 162  5.9  8.1  4.42 17.39  9.34 286 1001.6  12.7 999.0  12.2 99.0 99.00 
2024 02 01 07 20 167  6.7  8.5 99.00 99.00 99.00 999 1001.8  12.7 999.0  12.2 99.0 99.00 
2024 02 01 07 30 165  6.8  9.5 99.00 99.00 99.00 999 1001.6  12.7 999.0  12.3 99.0 99.00 
2024 02 01 07 40 166  7.2 10.3  4.95 17.39  9.96 266 1001.6  12.7 999.0  12.3 99.0 99.00 
2024 02 01 07 50 164  6.8  8.8 99.00 99.00 99.00 999 1001.7  12.7 999.0  12.3 99.0 99.00 
2024 02 01 08 00 156  6.6  8.6 99.00 99.00 99.00 999 1001.7  12.6 999.0  12.2 99.0 99.00 
2024 02 01 08 10 157  7.1 10.4  5.02 16.00 10.26 271 1001.7  12.5 999.0  12.1 99.0 99.00 
2024 02 01 08 20 147  6.5  9.4 99.00 99.00 99.00 999 1001.8  12.4 999.0  11.9 99.0 99.00 
2024 02 01 08 30 151  6.7 10.1 99.00 99.00 99.00 999 1001.6  12.3 999.0  11.8 99.0 99.00 
2024 02 01 08 40 155  7.5 11.9  6.06 16.00 11.41 271 1001.6  12.4 999.0  11.7 99.0 99.00 
2024 02 01 08 50 149  7.5 10.9 99.00 99.00 99.00 999 1001.6  12.4 999.0  11.8 99.0 99.00 
2024 02 01 09 00 149  7.7 11.6 99.00 99.00 99.00 999 1001.4  12.4 999.0  11.7 99.0 99.00 
2024 02 01 09 10 145  6.6  9.8  6.12 16.00 11.28 282 1001.4  12.5 999.0  12.0 99.0 99.00 
2024 02 01 09 20 145  5.4  9.0 99.00 99.00 99.00 999 1001.4  12.4 999.0  11.7 99.0 99.00 
2024 02 01 09 30 151  4.5  7.4 99.00 99.00 99.00 999 1001.5  12.6 999.0  11.7 99.0 99.00 
2024 02 01 09 40 155  5.3  8.4  6.15 14.81 11.03 271 1001.7  12.6 999.0  11.6 99.0 99.00 
2024 02 01 09 50 161  5.8  8.7 99.00 99.00 99.00 999 1001.7  12.8 999.0  11.6 99.0 99.00 
2024 02 01 10 00 160  6.6  9.5 99.00 99.00 99.00 999 1001.8  12.7 999.0  11.5 99.0 99.00 
2024 02 01 10 10 162  7.3 10.5  5.94 16.00 11.32 257 1001.8  12.7 999.0  11.4 99.0 99.00 
2024 02 01 10 20 163  7.8 10.6 99.00 99.00 99.00 999 1001.9  12.6 999.0  11.6 99.0 99.00 
2024 02 01 10 30 162  7.6 10.7 99.00 99.00 99.00 999 1001.9  12.4 999.0  11.5 99.0 99.00 
2024 02 01 10 40 164  6.6  9.6  6.44 14.81 11.54 268 1001.9  12.4 999.0  11.1 99.0 99.00 
2024 02 01 10 50 170  6.3  8.7 99.00 99.00 99.00 999 1001.9  12.4 999.0  11.0 99.0 99.00 
2024 02 01 11 00 172  5.9  8.6 99.00 99.00 99.00 999 1001.8  12.4 999.0  11.1 99.0 99.00 
2024 02 01 11 10 170  5.6  8.1  5.84 16.00 11.15 267 1001.8  12.3 999.0  11.2 99.0 99.00 
2024 02 01 11 20 173  5.2  7.5 99.00 99.00 99.00 999 1001.9  12.2 999.0  11.2 99.0 99.00 
2024 02 01 11 30 175  4.2  6.5 99.00 99.00 99.00 999 1001.9  12.4 999.0  11.6 99.0 99.00 
2024 02 01 11 40 171  4.1  6.8  6.33 16.00 11.46 257 1001.9  12.5 999.0  11.7 99.0 99.00 
2024 02 01 11 50 163  4.5  6.8 99.00 99.00 99.00 999 1001.9  12.6 999.0  11.9 99.0 99.00 
2024 02 01 12 00 165  3.4  5.5 99.00 99.00 99.00 999 1001.9  12.6 999.0  11.9 99.0 99.00 
2024 02 01 12 10 170  3.0  5.6  5.76 16.00 10.97 255 1001.8  12.8 999.0  12.1 99.0 99.00 
2024 02 01 12 20 208  2.9  5.4 99.00 99.00 99.00 999 1001.8  12.8 999.0  11.8 99.0 99.00 
2024 02 01 12 30 196  3.5  5.4 99.00 99.00 99.00 999 1001.8  13.0 999.0  11.7 99.0 99.00 
2024 02 01 12 40 194  4.2  6.9  5.86 13.79 10.93 256 1001.8  13.1 999.0  11.6 99.0 99.00 
2024 02 01 12 50 197  3.9  5.2 99.00 99.00 99.00 999 1001.8  13.2 999.0  11.9 99.0 99.00 
2024 02 01 13 00 204  3.8  5.3 99.00 99.00 99.00 999 1001.8  13.3 999.0  12.2 99.0 99.00 
2024 02 01 13 10 211  4.1  6.0  5.48 14.81 10.60 259 1001.9  13.3 999.0  12.1 99.0 99.00 
2024 02 01 13 20 205  4.5  7.1 99.00 99.00 99.00 999 1001.9  13.3 999.0  11.8 99.0 99.00 
2024 02 01 13 30 209  4.1  6.8 99.00 99.00 99.00 999 1001.9  13.3 999.0  11.2 99.0 99.00 
2024 02 01 13 40 209  3.9  6.1  6.61 16.00 11.39 257 1002.0  13.4 999.0  11.5 99.0 99.00 
2024 02 01 13 50 207  3.5  5.5 99.00 99.00 99.00 999 1002.1  13.4 999.0  12.0 99.0 99.00 
2024 02 01 14 00 199  3.1  4.9 99.00 99.00 99.00 999 1002.1  13.4 999.0  12.1 99.0 99.00 
2024 02 01 14 10 194  3.0  4.9  5.82 14.81 10.88 272 1002.1  13.4 999.0  12.2 99.0 99.00 
2024 02 01 14 20 192  2.9  4.8 99.00 99.00 99.00 999 1002.3  13.4 999.0  12.3 99.0 99.00 
2024 02 01 14 30 192  2.8  4.8 99.00 99.00 99.00 999 1002.4  13.4 999.0  12.4 99.0 99.00 
2024 02 01 14 40 198  2.9  4.5  5.60 13.79 10.67 268 1002.4  13.4 999.0  12.6 99.0 99.00 
2024 02 01 14 50 203  3.0  4.4 99.00 99.00 99.00 999 1002.5  13.3 999.0  12.6 99.0 99.00 
2024 02 01 15 00 205  3.1  5.2 99.00 99.00 99.00 999 1002.6  13.3 999.0  12.6 99.0 99.00 
2024 02 01 15 10 206  3.1  4.9  6.15 14.81 11.05 268 1002.6  13.3 999.0  12.6 99.0 99.00 
2024 02 01 15 20 206  3.1  4.6 99.00 99.00 99.00 999 1002.8  13.4 999.0  12.7 99.0 99.00 
2024 02 01 15 30 208  3.4  5.0 99.00 99.00 99.00 999 1002.9  13.4 999.0  12.8 99.0 99.00 
2024 02 01 15 40 205  3.4  5.3  5.48 14.81 10.31 259 1003.0  13.4 999.0  12.9 99.0 99.00 
2024 02 01 15 50 203  3.3  4.7 99.00 99.00 99.00 999 1003.1  13.4 999.0  12.7 99.0 99.00 
2024 02 01 16 00 202  3.1  4.9 99.00 99.00 99.00 999 1003.2  13.4 999.0  12.7 99.0 99.00 
2024 02 01 16 10 202  2.8  4.2  5.71 14.81 10.77 259 1003.4  13.5 999.0  12.8 99.0 99.00 
2024 02 01 16 20 199  2.7  4.5 99.00 99.00 99.00 999 1003.6  13.5 999.0  12.8 99.0 99.00 
2024 02 01 16 30 200  2.8  4.0 99.00 99.00 99.00 999 1003.7  13.6 999.0  12.8 99.0 99.00 
2024 02 01 16 40 201  2.9  4.4  4.83 12.90  9.86 267 1003.7  13.6 999.0  12.8 99.0 99.00 
2024 02 01 16 50 200  2.8  4.6 99.00 99.00 99.00 999 1003.7  13.6 999.0  12.7 99.0 99.00 
2024 02 01 17 00 197  2.9  4.5 99.00 99.00 99.00 999 1003.8  13.7 999.0  12.7 99.0 99.00 
2024 02 01 17 10 196  3.1  4.5  5.23 14.81 10.30 266 1003.9  13.7 999.0  12.6 99.0 99.00 
2024 02 01 17 20 197  3.0  4.9 99.00 99.00 99.00 999 1004.0  13.8 999.0  12.6 99.0 99.00 
2024 02 01 17 30 201  3.2  4.6 99.00 99.00 99.00 999 1004.0  13.9 999.0  12.7 99.0 99.00 
2024 02 01 17 40 200  3.6  5.6  4.96 13.79 10.00 269 1004.1  13.9 999.0  12.6 99.0 99.00 
2024 02 01 17 50 198  3.7  4.9 99.00 99.00 99.00 999 1004.2  13.9 999.0  12.7 99.0 99.00 
2024 02 01 18 00 195  3.8  5.2 99.00 99.00 99.00 999 1004.3  13.9 999.0  12.7 99.0 99.00 
2024 02 01 18 10 195  3.9  5.5  5.06 14.81 10.37 264 1004.3  13.9 999.0  12.7 99.0 99.00 
2024 02 01 18 20 196  4.3  5.8 99.00 99.00 99.00 999 1004.5  13.9 999.0  12.6 99.0 99.00 
2024 02 01 18 30 197  4.2  5.9 99.00 99.00 99.00 999 1004.5  13.9 999.0  12.6 99.0 99.00 
2024 02 01 18 40 194  4.6  6.3  5.05 14.81 10.24 278 1004.5  14.0 999.0  12.6 99.0 99.00 
2024 02 01 18 50 220 10.2 14.6 99.00 99.00 99.00 999 1004.8  12.8 999.0  10.8 99.0 99.00 
2024 02 01 19 00 238  7.6 13.5 99.00 99.00 99.00 999 1005.1  11.3 999.0  10.1 99.0 99.00 
2024 02 01 19 10 231  4.3  7.5  5.00 14.81  9.82 267 1005.0  11.3 999.0  10.0 99.0 99.00 
2024 02 01 19 20 225  2.8  4.9 99.00 99.00 99.00 999 1004.9  11.5 999.0   9.9 99.0 99.00 
2024 02 01 19 30 231  2.7  5.2 99.00 99.00 99.00 999 1004.9  11.7 999.0  10.1 99.0 99.00 
2024 02 01 19 40 229  2.4  4.4  4.25 14.81  9.55 263 1004.8  11.8 999.0  10.1 99.0 99.00 
2024 02 01 19 50 218  2.1  3.9 99.00 99.00 99.00 999 1004.7  12.1 999.0  10.4 99.0 99.00 
2024 02 01 20 00 205  1.8  3.7 99.00 99.00 99.00 999 1004.6  12.3 999.0  10.6 99.0 99.00 
2024 02 01 20 10 208  1.4  3.7  4.90 13.79  9.98 269 1004.5  12.6 999.0  10.7 99.0 99.00 
2024 02 01 20 20 197  1.8  3.4 99.00 99.00 99.00 999 1004.5  12.8 999.0  10.8 99.0 99.00 
2024 02 01 20 30 206  1.9  3.4 99.00 99.00 99.00 999 1004.4  12.9 999.0  11.0 99.0 99.00 
2024 02 01 20 40 205  1.7  3.0  4.31 13.79  9.56 274 1004.3  13.1 999.0  11.2 99.0 99.00 
2024 02 01 20 50 203  2.1  3.9 99.00 99.00 99.00 999 1004.3  13.2 999.0  11.3 99.0 99.00 
2024 02 01 21 00 200  2.2  3.8 99.00 99.00 99.00 999 1004.1  13.3 999.0  11.3 99.0 99.00 
2024 02 01 21 10 200  1.6  3.7  4.46 14.81  9.71 260 1004.1  13.5 999.0  11.5 99.0 99.00 
2024 02 01 21 20 226  4.2  6.7 99.00 99.00 99.00 999 1004.0  13.5 999.0  11.0 99.0 99.00 
2024 02 01 21 30 228  4.8  6.8 99.00 99.00 99.00 999 1004.0  13.6 999.0  10.9 99.0 99.00 
2024 02 01 21 40 233  4.1  5.9  4.53 16.00  9.76 267 1003.9  13.6 999.0  11.0 99.0 99.00 
2024 02 01 21 50 233  3.6  5.8 99.00 99.00 99.00 999 1003.9  13.6 999.0  11.0 99.0 99.00 
2024 02 01 22 00 231  3.3  5.4 99.00 99.00 99.00 999 1003.9  13.7 999.0  11.2 99.0 99.00 
2024 02 01 22 10 235  3.3  5.1  4.47 13.79  9.86 270 1003.9  13.7 999.0  11.2 99.0 99.00 
2024 02 01 22 20 232  3.6  5.6 99.00 99.00 99.00 999 1004.0  13.7 999.0  11.2 99.0 99.00 
2024 02 01 22 30 227  3.3  4.9 99.00 99.00 99.00 999 1004.0  13.7 999.0  11.4 99.0 99.00 
2024 02 01 22 40 227  3.7  5.5  3.99 14.81  9.45 276 1004.0  13.7 999.0  11.5 99.0 99.00 
2024 02 01 22 50 232  3.2  5.5 99.00 99.00 99.00 999 1004.0  13.7 999.0  11.5 99.0 99.00 
2024 02 01 23 00 225  3.1  5.5 99.00 99.00 99.00 999 1004.1  13.8 999.0  11.6 99.0 99.00 
2024 02 01 23 10 229  2.6  4.2  4.73 14.81 10.40 276 1004.2  13.8 999.0  11.5 99.0 99.00 
2024 02 01 23 20 214  2.6  4.4 99.00 99.00 99.00 999 1004.3  13.9 999.0  11.8 99.0 99.00 
2024 02 01 23 30 219  2.7  4.9 99.00 99.00 99.00 999 1004.3  13.8 999.0  11.7 99.0 99.00 
2024 02 01 23 40 212  2.8  4.6  4.70 14.81 10.51 279 1004.3  13.8 999.0  11.8 99.0 99.00 
2024 02 01 23 50 225  3.2  4.7 99.00 99.00 99.00 999 1004.3  13.8 999.0  11.8 99.0 99.00 
2024 02 02 00 00 231  3.4  5.7 99.00 99.00 99.00 999 1004.3  13.7 999.0  11.7 99.0 99.00 
2024 02 02 00 10 234  3.7  6.4  4.83 14.81 10.68 273 1004.3  13.6 999.0  11.4 99.0 99.00 
2024 02 02 00 20 234  3.7  6.0 99.00 99.00 99.00 999 1004.3  13.5 999.0  11.4 99.0 99.00 
2024 02 02 00 30 238  3.9  5.9 99.00 99.00 99.00 999 1004.3  13.4 999.0  11.5 99.0 99.00 
2024 02 02 00 40 229  3.5  5.3  4.42 13.79 10.38 289 1004.4  13.4 999.0  11.8 99.0 99.00 
2024 02 02 00 50 230  3.4  5.3 99.00 99.00 99.00 999 1004.5  13.4 999.0  11.9 99.0 99.00 
2024 02 02 01 00 229  3.4  5.4 99.00 99.00 99.00 999 1004.5  13.2 999.0  11.6 99.0 99.00 
2024 02 02 01 10 234  3.5  6.0  4.43 13.79 10.08 275 1004.6  13.2 999.0  11.2 99.0 99.00 
2024 02 02 01 20 238  4.0  6.0 99.00 99.00 99.00 999 1004.6  13.3 999.0  11.0 99.0 99.00 
2024 02 02 01 30 241  4.2  6.5 99.00 99.00 99.00 999 1004.7  13.3 999.0  11.3 99.0 99.00 
2024 02 02 01 40 239  4.5  6.4  4.44 13.79 10.27 278 1004.9  13.2 999.0  11.2 99.0 99.00 
2024 02 02 01 50 242  4.5  6.4 99.00 99.00 99.00 999 1005.0  13.2 999.0  11.3 99.0 99.00 
2024 02 02 02 00 239  4.4  6.5 99.00 99.00 99.00 999 1005.0  13.2 999.0  11.3 99.0 99.00 
2024 02 02 02 10 242  4.2  6.1  3.93 13.79  9.95 280 1005.0  13.2 999.0  11.4 99.0 99.00 
2024 02 02 02 20 238  4.5  6.5 99.00 99.00 99.00 999 1005.2  13.2 999.0  11.5 99.0 99.00 
2024 02 02 02 30 243  6.1  9.1 99.00 99.00 99.00 999 1005.3  12.9 999.0  11.2 99.0 99.00 
2024 02 02 02 40 269  5.8  9.4  4.78 13.79 10.33 272 1005.5  12.1 999.0  10.0 99.0 99.00 
2024 02 02 02 50 260  3.0  5.2 99.00 99.00 99.00 999 1005.5  12.2 999.0  10.0 99.0 99.00 
2024 02 02 03 00 259  2.0  4.4 99.00 99.00 99.00 999 1005.6  12.4 999.0  10.1 99.0 99.00 
2024 02 02 03 10 247  3.4  5.9  4.34 13.79 10.06 275 1005.6  12.8 999.0  10.3 99.0 99.00 
2024 02 02 03 20 242  3.3  4.9 99.00 99.00 99.00 999 1005.7  12.8 999.0  10.3 99.0 99.00 
2024 02 02 03 30 240  3.1  4.9 99.00 99.00 99.00 999 1005.8  12.9 999.0  10.6 99.0 99.00 
2024 02 02 03 40 240  3.6  5.4  3.60 12.90  9.83 283 1006.0  13.0 999.0  11.1 99.0 99.00 
2024 02 02 03 50 237  3.6  5.1 99.00 99.00 99.00 999 1006.2  13.0 999.0  11.2 99.0 99.00 
2024 02 02 04 00 242  3.4  5.3 99.00 99.00 99.00 999 1006.3  13.1 999.0  11.5 99.0 99.00 
2024 02 02 04 10 248  3.5  6.0  4.29 13.79  9.99 285 1006.4  13.1 999.0  11.5 99.0 99.00 
2024 02 02 04 20 263  3.6  6.3 99.00 99.00 99.00 999 1006.5  13.2 999.0  11.5 99.0 99.00 
2024 02 02 04 30 270  3.6  6.1 99.00 99.00 99.00 999 1006.6  13.2 999.0  11.4 99.0 99.00 
2024 02 02 04 40 269  3.1  6.0  4.30 12.90 10.14 278 1006.7  13.3 999.0  11.5 99.0 99.00 
2024 02 02 04 50 273  4.0  6.2 99.00 99.00 99.00 999 1006.8  13.2 999.0  11.5 99.0 99.00 
2024 02 02 05 00 275  4.3  6.4 99.00 99.00 99.00 999 1006.9  13.2 999.0  11.5 99.0 99.00 
2024 02 02 05 10 270  4.3  6.5  3.68 13.79  9.61 288 1007.0  13.1 999.0  11.4 99.0 99.00 
2024 02 02 05 20 266  4.8  7.0 99.00 99.00 99.00 999 1007.0  13.1 999.0  11.1 99.0 99.00 
2024 02 02 05 30 265  4.7  6.6 99.00 99.00 99.00 999 1007.1  13.1 999.0  11.2 99.0 99.00 
2024 02 02 05 40 264  5.0  7.4  4.16 12.90 10.18 282 1007.1  13.1 999.0  11.1 99.0 99.00 
2024 02 02 05 50 267  5.1  8.1 99.00 99.00 99.00 999 1007.1  13.1 999.0  11.0 99.0 99.00 
2024 02 02 06 00 267  5.2  7.1 99.00 99.00 99.00 999 1007.2  13.1 999.0  10.9 99.0 99.00 
2024 02 02 06 10 267  4.7  7.0  3.56 13.79  9.01 284 1007.2  13.1 999.0  11.1 99.0 99.00 
2024 02 02 06 20 270  5.8  8.0 99.00 99.00 99.00 999 1007.2  13.1 999.0  11.0 99.0 99.00 
2024 02 02 06 30 271  6.1  8.8 99.00 99.00 99.00 999 1007.4  12.9 999.0  10.7 99.0 99.00 
2024 02 02 06 40 273  5.1  7.2  4.00 11.43  9.70 272 1007.4  12.9 999.0  10.8 99.0 99.00 
2024 02 02 06 50 274  4.6  6.9 99.00 99.00 99.00 999 1007.5  12.9 999.0  10.7 99.0 99.00 
2024 02 02 07 00 274  4.8  7.1 99.00 99.00 99.00 999 1007.5  12.9 999.0  10.6 99.0 99.00 
2024 02 02 07 10 271  4.8  6.6  3.66 12.90  9.28 277 1007.6  12.9 999.0  10.6 99.0 99.00 
2024 02 02 07 20 267  4.7  7.2 99.00 99.00 99.00 999 1007.6  12.9 999.0  10.5 99.0 99.00 
2024 02 02 07 30 269  4.1  6.8 99.00 99.00 99.00 999 1007.6  12.9 999.0  10.6 99.0 99.00 
2024 02 02 07 40 269  4.2  6.4  4.05 11.43  9.43 275 1007.7  13.0 999.0  10.7 99.0 99.00 
2024 02 02 07 50 264  4.1  6.9 99.00 99.00 99.00 999 1007.7  13.0 999.0  10.9 99.0 99.00 
2024 02 02 08 00 270  4.9  7.2 99.00 99.00 99.00 999 1007.8  13.0 999.0  10.9 99.0 99.00 
2024 02 02 08 10 283  4.6  6.9  3.68 12.90  9.37 278 1007.7  12.9 999.0  10.8 99.0 99.00 
2024 02 02 08 20 272  4.2  6.3 99.00 99.00 99.00 999 1007.8  12.9 999.0  10.7 99.0 99.00 
2024 02 02 08 30 240  4.3  6.4 99.00 99.00 99.00 999 1007.8  12.5 999.0  10.7 99.0 99.00 
2024 02 02 08 40 256  4.1  8.0  4.06 12.90  9.45 279 1007.8  12.3 999.0  10.2 99.0 99.00 
2024 02 02 08 50 256  3.6  5.6 99.00 99.00 99.00 999 1007.8  12.6 999.0  10.7 99.0 99.00 
2024 02 02 09 00 266  4.7  7.2 99.00 99.00 99.00 999 1007.8  12.8 999.0  10.5 99.0 99.00 
2024 02 02 09 10 266  6.0  9.7  4.13 12.12  9.56 280 1007.8  12.6 999.0  10.7 99.0 99.00 
2024 02 02 09 20 276  4.2  7.0 99.00 99.00 99.00 999 1007.8  12.1 999.0   9.9 99.0 99.00 
2024 02 02 09 30 270  3.9  5.6 99.00 99.00 99.00 999 1007.8  12.4 999.0  10.2 99.0 99.00 
2024 02 02 09 40 268  4.6  6.9  3.59 12.90  8.96 269 1007.9  12.6 999.0  10.7 99.0 99.00 
2024 02 02 09 50 270  5.3  7.6 99.00 99.00 99.00 999 1007.9  12.8 999.0  10.7 99.0 99.00 
2024 02 02 10 00 278  8.5 11.4 99.00 99.00 99.00 999 1008.0  12.3 999.0  10.5 99.0 99.00 
2024 02 02 10 10 284  7.3  9.6  3.95 12.90  8.85 279 1008.1  12.0 999.0  10.3 99.0 99.00 
2024 02 02 10 20 291  6.3  8.7 99.00 99.00 99.00 999 1008.2  12.1 999.0  10.3 99.0 99.00 
2024 02 02 10 30 287  5.4  8.0 99.00 99.00 99.00 999 1008.3  12.2 999.0  10.1 99.0 99.00 
2024 02 02 10 40 277  5.4  7.5  3.71 12.90  9.04 269 1008.4  12.3 999.0  10.0 99.0 99.00 
2024 02 02 10 50 277  5.8  7.6 99.00 99.00 99.00 999 1008.3  12.3 999.0   9.8 99.0 99.00 
2024 02 02 11 00 268  5.6  8.2 99.00 99.00 99.00 999 1008.4  12.5 999.0  10.0 99.0 99.00 
2024 02 02 11 10 268  6.0  8.2  3.54 10.81  8.45 273 1008.5  12.5 999.0  10.1 99.0 99.00 
2024 02 02 11 20 285  8.2 12.4 99.00 99.00 99.00 999 1008.7  12.1 999.0  10.2 99.0 99.00 
2024 02 02 11 30 302  7.0  9.7 99.00 99.00 99.00 999 1008.7  11.0 999.0   9.4 99.0 99.00 
2024 02 02 11 40 310  4.7  6.9  3.35 12.90  8.34 280 1008.6  11.2 999.0   9.4 99.0 99.00 
2024 02 02 11 50 290  3.5  5.6 99.00 99.00 99.00 999 1008.7  11.5 999.0   9.6 99.0 99.00 
2024 02 02 12 00 280  3.9  6.9 99.00 99.00 99.00 999 1008.6  11.8 999.0   9.7 99.0 99.00 
2024 02 02 12 10 285  5.4  9.1  3.48 14.81  8.54 270 1008.7  12.2 999.0  10.0 99.0 99.00 
2024 02 02 12 20 300  5.6  9.2 99.00 99.00 99.00 999 1008.8  11.9 999.0  10.0 99.0 99.00 
2024 02 02 12 30 298  4.2  6.0 99.00 99.00 99.00 999 1008.8  12.0 999.0  10.0 99.0 99.00 
2024 02 02 12 40 294  4.6  7.4  3.75 12.90  8.94 272 1008.9  12.1 999.0  10.1 99.0 99.00 
2024 02 02 12 50 279  5.9  7.9 99.00 99.00 99.00 999 1009.0  12.3 999.0   9.7 99.0 99.00 
2024 02 02 13 00 292  5.7  8.4 99.00 99.00 99.00 999 1009.0  12.2 999.0   9.9 99.0 99.00 
2024 02 02 13 10 305  5.6  7.6  3.59 12.90  8.80 269 1009.1  11.9 999.0  10.2 99.0 99.00 
2024 02 02 13 20 298  5.4  7.3 99.00 99.00 99.00 999 1009.2  12.1 999.0   9.9 99.0 99.00 
2024 02 02 13 30 291  6.1  9.1 99.00 99.00 99.00 999 1009.3  12.2 999.0   9.9 99.0 99.00 
2024 02 02 13 40 297  6.0  8.2  3.34 13.79  8.50 268 1009.4  12.3 999.0   9.8 99.0 99.00 
2024 02 02 13 50 292  6.0  7.8 99.00 99.00 99.00 999 1009.5  12.3 999.0   9.5 99.0 99.00 
2024 02 02 14 00 277  9.1 13.9 99.00 99.00 99.00 999 1009.7  11.8 999.0   9.3 99.0 99.00 
2024 02 02 14 10 281  8.8 12.3  3.24 11.43  8.11 271 1009.9  10.8 999.0   8.8 99.0 99.00 
2024 02 02 14 20 291  5.4  7.7 99.00 99.00 99.00 999 1010.0  11.2 999.0   7.9 99.0 99.00 
2024 02 02 14 30 283  5.7  8.4 99.00 99.00 99.00 999 1010.1  11.4 999.0   8.1 99.0 99.00 
2024 02 02 14 40 279  5.3  7.3  3.14 14.81  8.36 284 1010.3  11.7 999.0   8.2 99.0 99.00 
2024 02 02 14 50 274  5.6  7.8 99.00 99.00 99.00 999 1010.4  12.0 999.0   8.4 99.0 99.00 
2024 02 02 15 00 273  5.4  7.3 99.00 99.00 99.00 999 1010.5  12.1 999.0   8.6 99.0 99.00 
2024 02 02 15 10 268  5.1  7.4  3.28 12.90  8.72 263 1010.7  12.1 999.0   8.8 99.0 99.00 
2024 02 02 15 20 267  5.1  7.6 99.00 99.00 99.00 999 1010.8  12.2 999.0   9.1 99.0 99.00 
2024 02 02 15 30 267  5.8  8.1 99.00 99.00 99.00 999 1010.7  12.2 999.0   8.8 99.0 99.00 
2024 02 02 15 40 276  5.6  7.9  3.34 13.79  8.86 285 1010.8  12.4 999.0   8.7 99.0 99.00 
2024 02 02 15 50 274  6.6  8.8 99.00 99.00 99.00 999 1010.8  12.5 999.0   8.1 99.0 99.00 
2024 02 02 16 00 276  6.8  8.9 99.00 99.00 99.00 999 1010.9  12.4 999.0   7.6 99.0 99.00 
2024 02 02 16 10 279  6.6  8.3  3.21 13.79  8.72 279 1011.0  12.5 999.0   7.5 99.0 99.00 
2024 02 02 16 20 274  6.1  7.9 99.00 99.00 99.00 999 1011.2  12.5 999.0   7.8 99.0 99.00 
2024 02 02 16 30 286  6.5  9.0 99.00 99.00 99.00 999 1011.3  12.5 999.0   8.3 99.0 99.00 
2024 02 02 16 40 291  6.0  8.0  3.42 12.90  9.03 268 1011.5  12.3 999.0   8.3 99.0 99.00 
2024 02 02 16 50 287  5.4  7.0 99.00 99.00 99.00 999 1011.5  12.3 999.0   8.5 99.0 99.00 
2024 02 02 17 00 271  5.6  7.7 99.00 99.00 99.00 999 1011.6  12.5 999.0   8.5 99.0 99.00 
2024 02 02 17 10 279  5.8  7.8  3.25 12.90  8.85 267 1011.7  12.5 999.0   8.2 99.0 99.00 
2024 02 02 17 20 290  6.2  8.1 99.00 99.00 99.00 999 1011.9  12.4 999.0   9.1 99.0 99.00 
2024 02 02 17 30 289  5.9  7.9 99.00 99.00 99.00 999 1012.0  12.2 999.0   9.2 99.0 99.00 
2024 02 02 17 40 285  5.3  7.1  3.22 12.90  8.88 277 1012.1  12.2 999.0   8.9 99.0 99.00 
2024 02 02 17 50 274  4.6  6.7 99.00 99.00 99.00 999 1012.1  12.4 999.0   8.9 99.0 99.00 
2024 02 02 18 00 267  5.7  7.5 99.00 99.00 99.00 999 1012.3  12.4 999.0   8.2 99.0 99.00 
2024 02 02 18 10 261  6.6  8.7  3.13 12.90  8.67 284 1012.4  12.4 999.0   8.3 99.0 99.00 
2024 02 02 18 20 262  6.6  8.6 99.00 99.00 99.00 999 1012.5  12.3 999.0   8.7 99.0 99.00 
2024 02 02 18 30 263  6.1  8.3 99.00 99.00 99.00 999 1012.6  12.3 999.0   8.6 99.0 99.00 
2024 02 02 18 40 264  5.8  8.1  3.26 13.79  8.77 282 1012.8  12.3 999.0   8.5 99.0 99.00 
2024 02 02 18 50 260  5.9  7.9 99.00 99.00 99.00 999 1012.9  12.3 999.0   8.4 99.0 99.00 
2024 02 02 19 00 263  5.7  7.9 99.00 99.00 99.00 999 1012.9  12.4 999.0   8.3 99.0 99.00 
2024 02 02 19 10 263  5.9  8.1  2.96 12.12  8.41 273 1012.9  12.4 999.0   7.9 99.0 99.00 
2024 02 02 19 20 263  6.0  7.7 99.00 99.00 99.00 999 1012.9  12.5 999.0   7.2 99.0 99.00 
2024 02 02 19 30 263  6.3  8.2 99.00 99.00 99.00 999 1013.0  12.5 999.0   7.7 99.0 99.00 
2024 02 02 19 40 260  6.4  8.3  3.01 12.12  8.40 271 1013.0  12.4 999.0   7.9 99.0 99.00 
2024 02 02 19 50 260  6.5  8.6 99.00 99.00 99.00 999 1012.9  12.4 999.0   8.0 99.0 99.00 
2024 02 02 20 00 258  6.2  8.6 99.00 99.00 99.00 999 1012.9  12.4 999.0   8.1 99.0 99.00 
2024 02 02 20 10 262  6.8  9.2  3.18 13.79  8.59 275 1013.0  12.4 999.0   8.5 99.0 99.00 
2024 02 02 20 20 260  7.0  8.7 99.00 99.00 99.00 999 1012.9  12.2 999.0   8.5 99.0 99.00 
2024 02 02 20 30 262  6.9  8.6 99.00 99.00 99.00 999 1012.8  12.3 999.0   8.1 99.0 99.00 
2024 02 02 20 40 267  7.0  9.1  3.08 12.90  8.43 273 1012.9  12.3 999.0   7.8 99.0 99.00 
2024 02 02 20 50 268  7.1  9.3 99.00 99.00 99.00 999 1012.9  12.4 999.0   8.0 99.0 99.00 
2024 02 02 21 00 255  7.1  9.4 99.00 99.00 99.00 999 1012.8  12.2 999.0   8.5 99.0 99.00 
2024 02 02 21 10 254  6.4  8.1  2.98 13.79  7.98 287 1012.8  12.1 999.0   8.1 99.0 99.00 
2024 02 02 21 20 254  6.9  8.5 99.00 99.00 99.00 999 1012.8  12.2 999.0   7.9 99.0 99.00 
2024 02 02 21 30 262  6.4  8.2 99.00 99.00 99.00 999 1012.8  12.1 999.0   8.4 99.0 99.00 
2024 02 02 21 40 263  6.1  7.8  3.01 12.90  8.02 283 1012.8  12.1 999.0   8.3 99.0 99.00 
2024 02 02 21 50 263  5.7  7.5 99.00 99.00 99.00 999 1012.7  12.1 999.0   8.1 99.0 99.00 
2024 02 02 22 00 264  5.8  7.9 99.00 99.00 99.00 999 1012.7  12.1 999.0   8.1 99.0 99.00 
2024 02 02 22 10 264  5.5  7.5  3.14 12.90  8.56 271 1012.7  12.2 999.0   8.2 99.0 99.00 
2024 02 02 22 20 268  5.6  7.5 99.00 99.00 99.00 999 1012.7  12.2 999.0   8.0 99.0 99.00 
2024 02 02 22 30 269  5.1  6.8 99.00 99.00 99.00 999 1012.6  12.3 999.0   8.2 99.0 99.00 
2024 02 02 22 40 273  5.3  7.4  3.18 12.90  8.57 282 1012.6  12.3 999.0   8.2 99.0 99.00 
2024 02 02 22 50 272  5.7  8.5 99.00 99.00 99.00 999 1012.6  12.4 999.0   7.8 99.0 99.00 
2024 02 02 23 00 272  5.8  7.6 99.00 99.00 99.00 999 1012.8  12.4 999.0   7.7 99.0 99.00 
2024 02 02 23 10 281  5.3  7.5  3.08 12.90  8.40 276 1012.9  12.4 999.0   8.5 99.0 99.00 
2024 02 02 23 20 283  5.9  7.5 99.00 99.00 99.00 999 1013.0  12.2 999.0   8.5 99.0 99.00 
2024 02 02 23 30 278  6.1  7.8 99.00 99.00 99.00 999 1013.1  12.2 999.0   8.1 99.0 99.00 
2024 02 02 23 40 274  5.9  7.6  2.93 12.12  8.27 283 1013.2  12.3 999.0   7.9 99.0 99.00 
2024 02 02 23 50 277  5.3  7.1 99.00 99.00 99.00 999 1013.3  12.4 999.0   8.0 99.0 99.00 
2024 02 03 00 00 274  5.3  7.1 99.00 99.00 99.00 999 1013.3  12.3 999.0   7.6 99.0 99.00 
2024 02 03 00 10 268  5.5  7.7  2.86 13.79  8.30 284 1013.4  12.4 999.0   7.5 99.0 99.00 
2024 02 03 00 20 266  5.9  7.9 99.00 99.00 99.00 999 1013.5  12.3 999.0   7.9 99.0 99.00 
2024 02 03 00 30 260  5.6  7.6 99.00 99.00 99.00 999 1013.4  12.3 999.0   8.0 99.0 99.00 
2024 02 03 00 40 267  5.7  8.0  3.09 10.81  8.44 267 1013.5  12.3 999.0   7.8 99.0 99.00 
2024 02 03 00 50 271  5.9  7.9 99.00 99.00 99.00 999 1013.6  12.3 999.0   7.5 99.0 99.00 
2024 02 03 01 00 266  6.4  8.2 99.00 99.00 99.00 999 1013.6  12.3 999.0   7.3 99.0 99.00 
2024 02 03 01 10 270  6.6  8.5  3.37 12.12  9.05 278 1013.7  12.2 999.0   7.2 99.0 99.00 
2024 02 03 01 20 272  6.8  9.1 99.00 99.00 99.00 999 1013.9  12.2 999.0   7.6 99.0 99.00 
2024 02 03 01 30 275  6.6  9.2 99.00 99.00 99.00 999 1014.0  12.1 999.0   7.5 99.0 99.00 
2024 02 03 01 40 271  6.0  8.2  3.63 12.12  9.39 266 1013.9  12.1 999.0   7.7 99.0 99.00 
2024 02 03 01 50 285  6.1  9.4 99.00 99.00 99.00 999 1013.9  12.0 999.0   7.7 99.0 99.00 
2024 02 03 02 00 279  5.5  7.9 99.00 99.00 99.00 999 1013.9  12.0 999.0   6.1 99.0 99.00 
2024 02 03 02 10 285  5.1  7.0  3.64 13.79  9.25 279 1014.0  11.9 999.0   6.6 99.0 99.00 
2024 02 03 02 20 281  5.1  7.9 99.00 99.00 99.00 999 1014.0  12.0 999.0   7.0 99.0 99.00 
2024 02 03 02 30 281  4.7  6.8 99.00 99.00 99.00 999 1014.1  11.9 999.0   7.3 99.0 99.00 
2024 02 03 02 40 281  4.2  6.1  3.31 14.81  8.89 296 1014.2  11.8 999.0   7.2 99.0 99.00 
2024 02 03 02 50 289  4.3  6.3 99.00 99.00 99.00 999 1014.2  11.9 999.0   7.6 99.0 99.00 
2024 02 03 03 00 287  4.1  6.4 99.00 99.00 99.00 999 1014.2  11.9 999.0   7.5 99.0 99.00 
2024 02 03 03 10 284  3.7  6.1  3.73 11.43  9.60 287 1014.4  11.8 999.0   7.4 99.0 99.00 
2024 02 03 03 20 284  3.6  5.7 99.00 99.00 99.00 999 1014.4  11.9 999.0   7.5 99.0 99.00 
2024 02 03 03 30 275  4.1  6.9 99.00 99.00 99.00 999 1014.6  11.9 999.0   7.6 99.0 99.00 
2024 02 03 03 40 276  4.4  6.1  3.20 14.81  8.86 294 1014.6  12.0 999.0   7.6 99.0 99.00 
2024 02 03 03 50 273  3.8  6.0 99.00 99.00 99.00 999 1014.6  12.0 999.0   7.7 99.0 99.00 
2024 02 03 04 00 275  3.5  5.4 99.00 99.00 99.00 999 1014.6  12.0 999.0   7.9 99.0 99.00 
2024 02 03 04 10 275  3.4  5.2  3.43 12.90  9.22 275 1014.7  12.0 999.0   7.7 99.0 99.00 
2024 02 03 04 20 263  3.4  5.5 99.00 99.00 99.00 999 1014.8  12.0 999.0   7.7 99.0 99.00 
2024 02 03 04 30 269  2.8  4.8 99.00 99.00 99.00 999 1014.9  12.0 999.0   7.4 99.0 99.00 
2024 02 03 04 40 259  4.7  6.8  3.41 12.90  9.44 282 1014.9  12.1 999.0   7.0 99.0 99.00 
2024 02 03 04 50 263  4.5  6.4 99.00 99.00 99.00 999 1015.1  12.1 999.0   6.9 99.0 99.00 
2024 02 03 05 00 260  4.3  6.5 99.00 99.00 99.00 999 1015.1  12.2 999.0   7.0 99.0 99.00 
2024 02 03 05 10 267  4.7  7.0  3.61 14.81  9.37 288 1015.2  12.3 999.0   7.1 99.0 99.00 
2024 02 03 05 20 273  4.8  6.4 99.00 99.00 99.00 999 1015.4  12.2 999.0   7.1 99.0 99.00 
2024 02 03 05 30 274  4.5  6.9 99.00 99.00 99.00 999 1015.4  12.2 999.0   7.1 99.0 99.00 
2024 02 03 05 40 262  3.9  5.8  3.36 13.79  8.87 289 1015.4  12.2 999.0   7.0 99.0 99.00 
2024 02 03 05 50 265  4.0  6.1 99.00 99.00 99.00 999 1015.5  12.3 999.0   7.0 99.0 99.00 
2024 02 03 06 00 287  6.2  9.0 99.00 99.00 99.00 999 1015.6  11.7 999.0   7.2 99.0 99.00 
2024 02 03 06 10 300  4.5  7.5  3.25 13.79  8.76 285 1015.6  11.5 999.0   7.2 99.0 99.00 
2024 02 03 06 20 304  2.5  4.4 99.00 99.00 99.00 999 1015.5  11.7 999.0   6.5 99.0 99.00 
2024 02 03 06 30 305  2.1  4.4 99.00 99.00 99.00 999 1015.5  11.8 999.0   6.5 99.0 99.00 
2024 02 03 06 40 304  2.5  4.4  3.41 14.81  8.88 286 1015.5  11.8 999.0   6.8 99.0 99.00 
2024 02 03 06 50 308  2.0  3.8 99.00 99.00 99.00 999 1015.6  11.8 999.0   7.0 99.0 99.00 
2024 02 03 07 00 289  1.8  3.6 99.00 99.00 99.00 999 1015.7  11.8 999.0   7.0 99.0 99.00 
2024 02 03 07 10 236  3.1  4.6  3.42 16.00  9.13 300 1015.6  11.5 999.0   7.4 99.0 99.00 
2024 02 03 07 20 227  2.0  3.8 99.00 99.00 99.00 999 1015.6  11.6 999.0   7.4 99.0 99.00 
2024 02 03 07 30 239  1.5  2.9 99.00 99.00 99.00 999 1015.6  11.6 999.0   7.5 99.0 99.00 
2024 02 03 07 40 238  1.6  3.3  3.37 12.90  8.96 284 1015.7  11.6 999.0   7.6 99.0 99.00 
2024 02 03 07 50 239  0.8  2.8 99.00 99.00 99.00 999 1015.8  11.6 999.0   7.4 99.0 99.00 
2024 02 03 08 00 225  0.5  2.0 99.00 99.00 99.00 999 1015.8  11.6 999.0   7.3 99.0 99.00 
2024 02 03 08 10 226  0.4  1.8  3.56 16.00  8.92 285 1015.7  11.6 999.0   7.3 99.0 99.00 
2024 02 03 08 20 222  0.5  1.7 99.00 99.00 99.00 999 1015.6  11.6 999.0   7.2 99.0 99.00 
2024 02 03 08 30 207  1.6  4.3 99.00 99.00 99.00 999 1015.6  11.6 999.0   7.4 99.0 99.00 
2024 02 03 08 40 191  2.9  4.7  3.34 13.79  8.82 291 1015.6  11.4 999.0   7.9 99.0 99.00 
2024 02 03 08 50 193  2.4  3.9 99.00 99.00 99.00 999 1015.5  11.4 999.0   7.9 99.0 99.00 
2024 02 03 09 00 189  2.6  4.1 99.00 99.00 99.00 999 1015.5  11.4 999.0   7.8 99.0 99.00 
2024 02 03 09 10 190  2.7  4.3  3.14 12.90  8.56 299 1015.5  11.5 999.0   7.6 99.0 99.00 
2024 02 03 09 20 205  6.8  9.5 99.00 99.00 99.00 999 1015.6  11.2 999.0   8.0 99.0 99.00 
2024 02 03 09 30 220  7.5  9.8 99.00 99.00 99.00 999 1015.6  10.5 999.0   8.7 99.0 99.00 
2024 02 03 09 40 230  5.1  7.5  3.07 13.79  8.38 285 1015.5   9.9 999.0   7.7 99.0 99.00 
2024 02 03 09 50 192  2.2  4.6 99.00 99.00 99.00 999 1015.3   9.9 999.0   7.1 99.0 99.00 
2024 02 03 10 00 139  2.5  4.9 99.00 99.00 99.00 999 1015.3  10.3 999.0   7.1 99.0 99.00 
2024 02 03 10 10 142  3.1  5.4  3.34 13.79  8.69 301 1015.3  10.4 999.0   7.4 99.0 99.00 
2024 02 03 10 20 137  3.1  5.1 99.00 99.00 99.00 999 1015.4  10.5 999.0   7.4 99.0 99.00 
2024 02 03 10 30 127  3.2  5.7 99.00 99.00 99.00 999 1015.4  10.6 999.0   7.4 99.0 99.00 
2024 02 03 10 40 115  2.9  5.5  3.49 13.79  9.32 284 1015.3  10.7 999.0   7.3 99.0 99.00 
2024 02 03 10 50 112  3.0  5.6 99.00 99.00 99.00 999 1015.1  10.8 999.0   7.3 99.0 99.00 
2024 02 03 11 00 112  3.2  5.4 99.00 99.00 99.00 999 1015.1  10.8 999.0   7.0 99.0 99.00 
2024 02 03 11 10 114  3.1  5.6  3.21 14.81  8.99 295 1015.1  10.9 999.0   7.1 99.0 99.00 
2024 02 03 11 20 116  3.3  5.9 99.00 99.00 99.00 999 1015.2  11.0 999.0   7.2 99.0 99.00 
2024 02 03 11 30 115  3.0  6.0 99.00 99.00 99.00 999 1015.2  11.0 999.0   7.2 99.0 99.00 
2024 02 03 11 40 116  2.7  5.3  3.37 12.12  9.13 283 1015.2  11.1 999.0   7.1 99.0 99.00 
2024 02 03 11 50 120  2.3  4.6 99.00 99.00 99.00 999 1015.1  11.1 999.0   6.8 99.0 99.00 
2024 02 03 12 00 111  2.7  4.9 99.00 99.00 99.00 999 1015.1  11.2 999.0   7.0 99.0 99.00 
2024 02 03 12 10 120  2.6  5.8  3.27 14.81  8.99 296 1015.2  11.3 999.0   6.9 99.0 99.00 
2024 02 03 12 20 105  2.9  6.6 99.00 99.00 99.00 999 1015.2  11.3 999.0   7.2 99.0 99.00 
2024 02 03 12 30  99  4.6  6.8 99.00 99.00 99.00 999 1015.1  11.1 999.0   7.8 99.0 99.00 
2024 02 03 12 40  91  4.6  7.6  3.61 13.79  9.51 293 1015.2  10.9 999.0   8.1 99.0 99.00 
2024 02 03 12 50  86  5.5  8.6 99.00 99.00 99.00 999 1015.2  10.8 999.0   8.6 99.0 99.00 
2024 02 03 13 00  83  5.0  7.7 99.00 99.00 99.00 999 1015.2  10.8 999.0   8.4 99.0 99.00 
2024 02 03 13 10  85  4.7  7.6  3.50 12.90  9.68 294 1015.2  10.9 999.0   8.2 99.0 99.00 
2024 02 03 13 20  86  5.3  8.7 99.00 99.00 99.00 999 1015.1  10.9 999.0   8.8 99.0 99.00 
2024 02 03 13 30  84  6.1  9.0 99.00 99.00 99.00 999 1015.0  10.7 999.0   9.0 99.0 99.00 
2024 02 03 13 40  91  6.3 10.1  3.40 13.79  9.39 298 1015.0  10.3 999.0   8.4 99.0 99.00 
2024 02 03 13 50  91  6.5  9.4 99.00 99.00 99.00 999 1015.0  10.5 999.0   8.3 99.0 99.00 
2024 02 03 14 00  85  6.8  9.2 99.00 99.00 99.00 999 1015.0  10.3 999.0   8.5 99.0 99.00 
2024 02 03 14 10  82  6.5  8.9  3.08 12.90  9.20 286 1015.1  10.3 999.0   8.5 99.0 99.00 
2024 02 03 14 20  90  6.2  9.0 99.00 99.00 99.00 999 1015.4  10.4 999.0   8.6 99.0 99.00 
2024 02 03 14 30  93  6.7  9.3 99.00 99.00 99.00 999 1015.4  10.1 999.0   8.3 99.0 99.00 
2024 02 03 14 40  93  6.7  9.6  3.27 12.90  9.23 277 1015.4  10.2 999.0   8.5 99.0 99.00 
2024 02 03 14 50  93  6.6  9.1 99.00 99.00 99.00 999 1015.4  10.3 999.0   8.7 99.0 99.00 
2024 02 03 15 00  94  6.8  9.2 99.00 99.00 99.00 999 1015.4  10.2 999.0   8.6 99.0 99.00 
2024 02 03 15 10  85  6.5  9.4  3.26 12.12  9.31 285 1015.4  10.1 999.0   8.7 99.0 99.00 
2024 02 03 15 20  97  6.9  9.5 99.00 99.00 99.00 999 1015.3  10.1 999.0   8.6 99.0 99.00 
2024 02 03 15 30  91  6.8  9.5 99.00 99.00 99.00 999 1015.4  10.1 999.0   8.7 99.0 99.00 
2024 02 03 15 40  90  6.9  9.0  3.23 12.90  9.35 291 1015.4  10.1 999.0   8.6 99.0 99.00 
2024 02 03 15 50  90  7.3  9.5 99.00 99.00 99.00 999 1015.4  10.1 999.0   8.7 99.0 99.00 
2024 02 03 16 00  89  7.3  9.5 99.00 99.00 99.00 999 1015.4  10.1 999.0   8.8 99.0 99.00 
2024 02 03 16 10  92  7.1  9.5  2.79 12.90  8.75 294 1015.5  10.2 999.0   8.9 99.0 99.00 
2024 02 03 16 20 101  7.1  9.8 99.00 99.00 99.00 999 1015.7  10.4 999.0   9.0 99.0 99.00 
2024 02 03 16 30 105  6.8  9.1 99.00 99.00 99.00 999 1015.7  10.4 999.0   9.0 99.0 99.00 
2024 02 03 16 40 100  6.5  9.0  2.82 12.12  8.67 292 1015.7  10.4 999.0   9.1 99.0 99.00 
2024 02 03 16 50  95  6.3  9.2 99.00 99.00 99.00 999 1015.8  10.5 999.0   9.1 99.0 99.00 
2024 02 03 17 00  95  6.0  8.5 99.00 99.00 99.00 999 1015.6  10.5 999.0   9.2 99.0 99.00 
2024 02 03 17 10  87  6.7  9.7  3.43 14.81  9.73 296 1015.5  10.5 999.0   9.2 99.0 99.00 
2024 02 03 17 20  90  7.0  9.4 99.00 99.00 99.00 999 1015.6  10.4 999.0   9.3 99.0 99.00 
2024 02 03 17 30  93  6.9  9.1 99.00 99.00 99.00 999 1015.5  10.3 999.0   9.1 99.0 99.00 
2024 02 03 17 40  93  7.0  9.3  3.02 12.90  9.23 288 1015.4  10.2 999.0   9.0 99.0 99.00 
2024 02 03 17 50  99  7.0  9.7 99.00 99.00 99.00 999 1015.6  10.2 999.0   9.0 99.0 99.00 
2024 02 03 18 00  98  7.2  9.7 99.00 99.00 99.00 999 1015.4  10.3 999.0   9.0 99.0 99.00 
2024 02 03 18 10  97  7.3  9.5  2.92 13.79  9.01 286 1015.5  10.4 999.0   9.0 99.0 99.00 
2024 02 03 18 20  95  6.9  9.4 99.00 99.00 99.00 999 1015.5  10.5 999.0   9.1 99.0 99.00 
2024 02 03 18 30  97  7.0  9.0 99.00 99.00 99.00 999 1015.5  10.6 999.0   9.2 99.0 99.00 
2024 02 03 18 40 100  7.2  9.2  2.98 14.81  8.83 309 1015.5  10.6 999.0   9.2 99.0 99.00 
2024 02 03 18 50  99  6.9  9.6 99.00 99.00 99.00 999 1015.6  10.7 999.0   9.2 99.0 99.00 
2024 02 03 19 00 103  6.8  9.4 99.00 99.00 99.00 999 1015.6  10.8 999.0   9.3 99.0 99.00 
2024 02 03 19 10 101  6.5  8.9  2.80 12.90  8.34 279 1015.7  11.0 999.0   9.4 99.0 99.00 
2024 02 03 19 20 108  6.5  9.2 99.00 99.00 99.00 999 1015.7  11.1 999.0   9.4 99.0 99.00 
2024 02 03 19 30 105  6.4  8.7 99.00 99.00 99.00 999 1015.5  11.1 999.0   9.1 99.0 99.00 
2024 02 03 19 40 104  6.3  8.9  2.78 13.79  8.53 299 1015.3  11.2 999.0   9.1 99.0 99.00 
2024 02 03 19 50 100  6.4  9.2 99.00 99.00 99.00 999 1015.2  11.2 999.0   9.1 99.0 99.00 
2024 02 03 20 00 102  6.3  8.8 99.00 99.00 99.00 999 1015.2  11.2 999.0   9.1 99.0 99.00 
2024 02 03 20 10  98  6.2  8.4  2.80 14.81  8.45 293 1014.8  11.3 999.0   9.1 99.0 99.00 
2024 02 03 20 20  98  6.8  9.6 99.00 99.00 99.00 999 1014.7  11.3 999.0   9.1 99.0 99.00 
2024 02 03 20 30  97  6.5  8.9 99.00 99.00 99.00 999 1014.7  11.4 999.0   9.2 99.0 99.00 
2024 02 03 20 40  95  6.6  8.9  2.73 14.81  8.44 297 1014.6  11.5 999.0   9.1 99.0 99.00 
2024 02 03 20 50  97  6.7  9.5 99.00 99.00 99.00 999 1014.2  11.6 999.0   9.1 99.0 99.00 
2024 02 03 21 00  92  7.1 11.1 99.00 99.00 99.00 999 1013.8  11.6 999.0   9.2 99.0 99.00 
2024 02 03 21 10  93  7.2  9.2  2.74 12.90  8.45 306 1013.6  11.6 999.0   9.1 99.0 99.00 
2024 02 03 21 20  92  7.2  9.4 99.00 99.00 99.00 999 1013.7  11.7 999.0   9.3 99.0 99.00 
2024 02 03 21 30  99  7.4 10.6 99.00 99.00 99.00 999 1013.4  11.7 999.0   9.3 99.0 99.00 
2024 02 03 21 40  96  7.3 10.1  3.19 14.81  9.29 305 1013.6  11.8 999.0   9.3 99.0 99.00 
2024 02 03 21 50  97  7.3 10.0 99.00 99.00 99.00 999 1013.5  11.8 999.0   9.3 99.0 99.00 
2024 02 03 22 00 102  7.2 10.2 99.00 99.00 99.00 999 1013.3  11.9 999.0   9.3 99.0 99.00 
2024 02 03 22 10 103  7.2  9.9  2.93 14.81  8.80 308 1013.2  12.0 999.0   9.3 99.0 99.00 
2024 02 03 22 20 100  7.3  9.6 99.00 99.00 99.00 999 1013.0  12.0 999.0   9.2 99.0 99.00 
2024 02 03 22 30 105  7.2 10.0 99.00 99.00 99.00 999 1013.1  12.1 999.0   9.0 99.0 99.00 
2024 02 03 22 40 109  7.2 10.1  3.01 14.81  8.79 293 1012.4  12.2 999.0   9.0 99.0 99.00 
2024 02 03 22 50 104  7.4 10.7 99.00 99.00 99.00 999 1012.5  12.4 999.0   9.3 99.0 99.00 
2024 02 03 23 00 100  7.6 10.5 99.00 99.00 99.00 999 1012.5  12.3 999.0   9.1 99.0 99.00 
2024 02 03 23 10 100  7.6 10.5  2.88 14.81  8.56 310 1012.6  12.3 999.0   9.1 99.0 99.00 
2024 02 03 23 20  98  7.7 10.2 99.00 99.00 99.00 999 1012.5  12.3 999.0   9.0 99.0 99.00 
2024 02 03 23 30 101  7.7 10.7 99.00 99.00 99.00 999 1012.3  12.3 999.0   9.0 99.0 99.00 
2024 02 03 23 40 102  8.0 10.2  2.99 13.79  8.48 278 1012.2  12.3 999.0   8.9 99.0 99.00 
2024 02 03 23 50 104  8.1 11.2 99.00 99.00 99.00 999 1012.0  12.4 999.0   8.9 99.0 99.00 
2024 02 04 00 00 101  8.2 11.5 99.00 99.00 99.00 999 1012.1  12.3 999.0   8.8 99.0 99.00 
2024 02 04 00 10 104  8.3 10.7  2.83 14.81  8.52 290 1011.8 999.0 999.0 999.0 99.0 99.00 
2024 02 04 00 20 100  8.6 11.7 99.00 99.00 99.00 999 1011.8  12.3 999.0   8.9 99.0 99.00 
2024 02 04 00 30 100  8.5 11.4 99.00 99.00 99.00 999 1011.9  12.3 999.0   9.0 99.0 99.00 
2024 02 04 00 40 102  8.4 12.0  3.10 13.79  8.54 281 1011.7  12.3 999.0   8.9 99.0 99.00 
2024 02 04 00 50 103  8.6 11.5 99.00 99.00 99.00 999 1011.6  12.2 999.0   8.9 99.0 99.00 
2024 02 04 01 00 101  8.4 10.9 99.00 99.00 99.00 999 1011.5  12.2 999.0   9.0 99.0 99.00 
2024 02 04 01 10 101  8.8 11.6  2.88 14.81  8.30 292 1011.6  12.2 999.0   9.2 99.0 99.00 
2024 02 04 01 20 105  8.8 11.7 99.00 99.00 99.00 999 1011.6  12.1 999.0   9.2 99.0 99.00 
2024 02 04 01 30 104  8.7 11.6 99.00 99.00 99.00 999 1011.5  12.1 999.0   9.3 99.0 99.00 
2024 02 04 01 40 100  8.7 11.2  2.71 13.79  8.08 286 1011.5  12.0 999.0   9.4 99.0 99.00 
2024 02 04 01 50 100  9.1 11.4 99.00 99.00 99.00 999 1011.3  11.9 999.0   9.3 99.0 99.00 
2024 02 04 02 00 100  9.4 12.0 99.00 99.00 99.00 999 1011.3  11.8 999.0   9.2 99.0 99.00 
2024 02 04 02 10 102  9.0 13.1  2.90 14.81  8.26 300 1011.1  11.8 999.0   9.4 99.0 99.00 
2024 02 04 02 20  98  9.4 12.5 99.00 99.00 99.00 999 1010.7  11.8 999.0   9.4 99.0 99.00 
2024 02 04 02 30  97  9.6 12.9 99.00 99.00 99.00 999 1010.9  11.7 999.0   9.4 99.0 99.00 
2024 02 04 02 40  98  9.6 12.1  3.10 14.81  8.58 302 1011.1  11.7 999.0   9.5 99.0 99.00 
2024 02 04 02 50  98  9.5 12.4 99.00 99.00 99.00 999 1011.0  11.6 999.0   9.5 99.0 99.00 
2024 02 04 03 00  99  9.5 12.5 99.00 99.00 99.00 999 1010.7  11.7 999.0   9.7 99.0 99.00 
2024 02 04 03 10  96 10.0 12.6  2.96 14.81  7.93 302 1010.7  11.6 999.0   9.5 99.0 99.00 
2024 02 04 03 20  96 10.2 13.1 99.00 99.00 99.00 999 1010.4  11.5 999.0   9.5 99.0 99.00 
2024 02 04 03 30  96 10.2 12.7 99.00 99.00 99.00 999 1010.3  11.5 999.0   9.5 99.0 99.00 
2024 02 04 03 40  93  9.9 12.8  2.69 13.79  7.34 302 1010.5  11.5 999.0   9.5 99.0 99.00 
2024 02 04 03 50  96 10.5 12.8 99.00 99.00 99.00 999 1010.1  11.5 999.0   9.3 99.0 99.00 
2024 02 04 04 00  96 10.0 12.3 99.00 99.00 99.00 999 1010.3  11.6 999.0   9.4 99.0 99.00 
2024 02 04 04 10  98 10.0 12.6  2.61 13.79  7.99 299 1010.3  11.6 999.0   9.4 99.0 99.00 
2024 02 04 04 20  98 10.0 13.4 99.00 99.00 99.00 999 1010.1  11.6 999.0   9.5 99.0 99.00 
2024 02 04 04 30  99 10.3 12.6 99.00 99.00 99.00 999 1010.2  11.4 999.0   9.3 99.0 99.00 
2024 02 04 04 40  98 10.5 13.3  2.47 13.79  7.40 292 1009.8  11.2 999.0   9.3 99.0 99.00 
2024 02 04 04 50  99 10.3 13.6 99.00 99.00 99.00 999 1009.7  11.2 999.0   9.5 99.0 99.00 
2024 02 04 05 00 100 10.2 13.0 99.00 99.00 99.00 999 1009.6  11.2 999.0   9.6 99.0 99.00 
2024 02 04 05 10 100 10.1 13.4  2.69 13.79  7.71 293 1009.6  11.1 999.0   9.6 99.0 99.00 
2024 02 04 05 20  94  9.9 12.6 99.00 99.00 99.00 999 1009.3  11.1 999.0   9.7 99.0 99.00 
2024 02 04 05 30  95 11.4 14.6 99.00 99.00 99.00 999 1009.0  11.0 999.0   9.4 99.0 99.00 
2024 02 04 05 40  96 11.4 14.9  2.57 13.79  7.21 292 1008.9  11.0 999.0   9.3 99.0 99.00 
2024 02 04 05 50  95 11.7 15.0 99.00 99.00 99.00 999 1008.4  11.0 999.0   9.4 99.0 99.00 
2024 02 04 06 00  91 11.8 14.9 99.00 99.00 99.00 999 1008.7  10.9 999.0   9.4 99.0 99.00 
2024 02 04 06 10  89 12.3 15.3  2.61 14.81  7.02 299 1008.2  10.8 999.0   9.4 99.0 99.00 
2024 02 04 06 20  88 12.6 15.5 99.00 99.00 99.00 999 1007.9  10.7 999.0   9.4 99.0 99.00 
2024 02 04 06 30  84 13.4 17.4 99.00 99.00 99.00 999 1007.6  10.5 999.0   9.2 99.0 99.00 
2024 02 04 06 40  83 13.9 17.4  2.64 14.81  6.80 285 1007.3  10.5 999.0   9.3 99.0 99.00 
2024 02 04 06 50  84 14.6 19.1 99.00 99.00 99.00 999 1007.5  10.3 999.0   9.1 99.0 99.00 
2024 02 04 07 00  85 15.4 19.3 99.00 99.00 99.00 999 1007.1  10.3 999.0   8.9 99.0 99.00 
2024 02 04 07 10  85 15.7 20.6  2.61 13.79  6.39 308 1007.0  10.3 999.0   8.8 99.0 99.00 
2024 02 04 07 20  83 15.6 20.2 99.00 99.00 99.00 999 1006.7  10.4 999.0   8.9 99.0 99.00 
2024 02 04 07 30  83 15.7 20.0 99.00 99.00 99.00 999 1006.8  10.3 999.0   8.8 99.0 99.00 
2024 02 04 07 40  79 16.0 20.9  3.08 14.81  6.55 305 1006.3  10.3 999.0   8.9 99.0 99.00 
2024 02 04 07 50  78 16.4 20.9 99.00 99.00 99.00 999 1005.8  10.2 999.0   8.9 99.0 99.00 
2024 02 04 08 00  75 16.7 22.1 99.00 99.00 99.00 999 1005.4  10.2 999.0   9.0 99.0 99.00 
2024 02 04 08 10  78 16.3 20.6  2.99 13.79  6.13 302 1005.2  10.1 999.0   8.9 99.0 99.00 
2024 02 04 08 20  77 16.1 24.1 99.00 99.00 99.00 999 1005.3  10.1 999.0   8.8 99.0 99.00 
2024 02 04 08 30  78 16.6 20.9 99.00 99.00 99.00 999 1005.1   9.9 999.0   8.7 99.0 99.00 
2024 02 04 08 40  79 16.3 21.9  3.01 14.81  6.00 311 1004.9   9.9 999.0   8.7 99.0 99.00 
2024 02 04 08 50  79 16.6 20.9 99.00 99.00 99.00 999 1004.5   9.9 999.0   8.7 99.0 99.00 
2024 02 04 09 00  80 16.7 21.4 99.00 99.00 99.00 999 1004.2   9.8 999.0   8.7 99.0 99.00 
2024 02 04 09 10  81 17.3 22.4  3.09 14.81  6.27 298 1004.0   9.9 999.0   8.8 99.0 99.00 
2024 02 04 09 20  81 17.4 21.0 99.00 99.00 99.00 999 1003.8  10.0 999.0   8.8 99.0 99.00 
2024 02 04 09 30  81 17.9 21.9 99.00 99.00 99.00 999 1003.4   9.9 999.0   8.7 99.0 99.00 
2024 02 04 09 40  83 17.7 22.4  2.69 13.79  5.72 312 1003.0   9.9 999.0   8.8 99.0 99.00 
2024 02 04 09 50  83 17.0 21.4 99.00 99.00 99.00 999 1002.8   9.9 999.0   8.9 99.0 99.00 
2024 02 04 10 00  81 17.0 21.8 99.00 99.00 99.00 999 1002.8   9.9 999.0   9.0 99.0 99.00 
2024 02 04 10 10  83 17.1 22.7  3.21 13.79  6.32 325 1002.7  10.0 999.0   9.0 99.0 99.00 
2024 02 04 10 20  81 17.3 23.1 99.00 99.00 99.00 999 1002.4  10.0 999.0   9.0 99.0 99.00 
2024 02 04 10 30  83 16.6 21.0 99.00 99.00 99.00 999 1002.2  10.0 999.0   9.0 99.0 99.00 
2024 02 04 10 40  82 16.5 22.6  2.81 13.79  6.02 323 1001.7  10.1 999.0   9.2 99.0 99.00 
2024 02 04 10 50  84 16.5 22.0 99.00 99.00 99.00 999 1001.4  10.1 999.0   9.2 99.0 99.00 
2024 02 04 11 00  83 17.3 21.6 99.00 99.00 99.00 999 1001.2  10.1 999.0   9.1 99.0 99.00 
2024 02 04 11 10  85 16.5 21.5  2.85 13.79  6.23 319 1000.9  10.3 999.0   9.3 99.0 99.00 
2024 02 04 11 20  84 18.0 22.0 99.00 99.00 99.00 999 1000.6  10.1 999.0   9.1 99.0 99.00 
2024 02 04 11 30  84 17.1 21.2 99.00 99.00 99.00 999 1000.4  10.2 999.0   9.3 99.0 99.00 
2024 02 04 11 40  85 16.7 21.7  2.98 13.79  6.17 293 1000.2  10.2 999.0   9.3 99.0 99.00 
2024 02 04 11 50  83 16.8 21.6 99.00 99.00 99.00 999  999.9  10.2 999.0   9.4 99.0 99.00 
2024 02 04 12 00  83 16.5 20.6 99.00 99.00 99.00 999  999.5  10.3 999.0   9.5 99.0 99.00 
2024 02 04 12 10  86 16.1 20.3  3.27 13.79  6.67 326  999.4  10.2 999.0   9.6 99.0 99.00 
2024 02 04 12 20  85 16.3 21.7 99.00 99.00 99.00 999  999.2  10.2 999.0   9.7 99.0 99.00 
2024 02 04 12 30  86 15.6 19.6 99.00 99.00 99.00 999  999.2  10.2 999.0   9.7 99.0 99.00 
2024 02 04 12 40  87 16.0 19.8  3.46 12.90  6.72 329  998.9  10.2 999.0   9.8 99.0 99.00 
2024 02 04 12 50  85 16.2 20.5 99.00 99.00 99.00 999  998.7  10.2 999.0   9.7 99.0 99.00 
2024 02 04 13 00  86 15.8 20.3 99.00 99.00 99.00 999  998.6  10.2 999.0   9.7 99.0 99.00 
2024 02 04 13 10  88 15.6 19.8  3.68 12.90  6.84 302  998.1  10.4 999.0   9.9 99.0 99.00 
2024 02 04 13 20  87 16.0 19.4 99.00 99.00 99.00 999  998.0  10.4 999.0   9.9 99.0 99.00 
2024 02 04 13 30  87 15.8 19.5 99.00 99.00 99.00 999  997.9  10.5 999.0  10.0 99.0 99.00 
2024 02 04 13 40  89 15.3 20.0  3.76 10.00  6.78 167  997.8  10.5 999.0  10.0 99.0 99.00 
2024 02 04 13 50  90 15.5 20.0 99.00 99.00 99.00 999  997.5  10.4 999.0  10.0 99.0 99.00 
2024 02 04 14 00  89 16.6 21.0 99.00 99.00 99.00 999  997.1  10.2 999.0   9.9 99.0 99.00 
2024 02 04 14 10  86 16.0 20.6  4.52 13.79  7.48 296  996.8  10.2 999.0   9.9 99.0 99.00 
2024 02 04 14 20  83 16.4 20.0 99.00 99.00 99.00 999  996.3  10.3 999.0   9.8 99.0 99.00 
2024 02 04 14 30  82 17.3 22.1 99.00 99.00 99.00 999  995.5  10.2 999.0   9.9 99.0 99.00 
2024 02 04 14 40  82 17.2 22.5  4.10 10.00  7.10 154  995.7  10.2 999.0   9.8 99.0 99.00 
2024 02 04 14 50  83 17.5 22.0 99.00 99.00 99.00 999  995.8  10.1 999.0   9.7 99.0 99.00 
2024 02 04 15 00  85 17.5 23.6 99.00 99.00 99.00 999  995.7  10.1 999.0   9.8 99.0 99.00 
2024 02 04 15 10  87 16.9 21.7  4.46 10.00  7.28 155  995.7  10.1 999.0   9.9 99.0 99.00 
2024 02 04 15 20  87 17.1 22.9 99.00 99.00 99.00 999  995.2  10.1 999.0   9.9 99.0 99.00 
2024 02 04 15 30  92 17.9 24.4 99.00 99.00 99.00 999  995.0  10.2 999.0  10.0 99.0 99.00 
2024 02 04 15 40  92 18.0 22.4  4.28 10.00  7.20 155  995.2  10.2 999.0  10.1 99.0 99.00 
2024 02 04 15 50  88 17.4 21.2 99.00 99.00 99.00 999  995.1  10.2 999.0   9.9 99.0 99.00 
2024 02 04 16 00  89 17.3 21.6 99.00 99.00 99.00 999  995.0  10.2 999.0   9.9 99.0 99.00 
2024 02 04 16 10  90 16.8 21.3  4.43 10.00  7.34 153  995.7  10.4 999.0  10.0 99.0 99.00 
2024 02 04 16 20  96 16.3 21.2 99.00 99.00 99.00 999  995.6  10.4 999.0  10.1 99.0 99.00 
2024 02 04 16 30  90 16.0 20.6 99.00 99.00 99.00 999  995.3  10.5 999.0  10.1 99.0 99.00 
2024 02 04 16 40  86 15.5 20.0  4.43 10.00  7.45 165  994.7  10.6 999.0  10.1 99.0 99.00 
2024 02 04 16 50  90 19.4 25.2 99.00 99.00 99.00 999  994.1  10.5 999.0  10.1 99.0 99.00 
2024 02 04 17 00  90 19.0 24.1 99.00 99.00 99.00 999  994.1  10.5 999.0  10.1 99.0 99.00 
2024 02 04 17 10  81 17.0 21.5  4.44 12.12  7.55 169  995.1  10.5 999.0  10.1 99.0 99.00 
2024 02 04 17 20  81 15.6 20.9 99.00 99.00 99.00 999  994.8  10.5 999.0  10.2 99.0 99.00 
2024 02 04 17 30  77 15.4 19.6 99.00 99.00 99.00 999  995.3  10.5 999.0  10.2 99.0 99.00 
2024 02 04 17 40  76 14.4 19.5  4.61 11.43  7.77 161  995.6  10.5 999.0  10.3 99.0 99.00 
2024 02 04 17 50  76 13.7 17.6 99.00 99.00 99.00 999  995.3  10.6 999.0  10.4 99.0 99.00 
2024 02 04 18 00  80 12.6 20.3 99.00 99.00 99.00 999  995.1  10.8 999.0  10.5 99.0 99.00 
2024 02 04 18 10 101 11.1 16.5  4.76 10.00  8.11 162  994.9  11.8 999.0  11.4 99.0 99.00 
2024 02 04 18 20 115 10.3 13.4 99.00 99.00 99.00 999  994.8  12.5 999.0  12.0 99.0 99.00 
2024 02 04 18 30 132 12.7 17.3 99.00 99.00 99.00 999  994.5  12.9 999.0  12.4 99.0 99.00 
2024 02 04 18 40 139 13.8 18.6  5.36 11.43  8.16 162  994.1  13.2 999.0  12.6 99.0 99.00 
2024 02 04 18 50 138 13.1 18.1 99.00 99.00 99.00 999  993.8  13.2 999.0  12.6 99.0 99.00 
2024 02 04 19 00 138 14.4 19.4 99.00 99.00 99.00 999  993.2  13.1 999.0  12.6 99.0 99.00 
2024 02 04 19 10 138 17.6 23.8  5.54 11.43  7.90 175  992.5  13.2 999.0  12.5 99.0 99.00 
2024 02 04 19 20 138 19.0 25.2 99.00 99.00 99.00 999  992.1  13.4 999.0  12.5 99.0 99.00 
2024 02 04 19 30 138 18.2 23.8 99.00 99.00 99.00 999  991.9  13.6 999.0  12.6 99.0 99.00 
2024 02 04 19 40 134 18.1 23.6  6.06 12.12  8.26 170  991.5  13.9 999.0  12.6 99.0 99.00 
2024 02 04 19 50 134 17.2 23.6 99.00 99.00 99.00 999  991.2  13.9 999.0  12.7 99.0 99.00 
2024 02 04 20 00 132 18.3 24.6 99.00 99.00 99.00 999  990.8  13.7 999.0  12.6 99.0 99.00 
2024 02 04 20 10 135 17.9 23.1  5.65 11.43  8.19 163  990.7  13.7 999.0  12.8 99.0 99.00 
2024 02 04 20 20 135 18.1 23.5 99.00 99.00 99.00 999  990.5  13.9 999.0  12.8 99.0 99.00 
2024 02 04 20 30 134 16.9 23.8 99.00 99.00 99.00 999  990.4  14.0 999.0  12.8 99.0 99.00 
2024 02 04 20 40 136 16.1 21.4  5.83 11.43  8.16 163  990.1  14.1 999.0  13.0 99.0 99.00 
2024 02 04 20 50 135 17.7 24.6 99.00 99.00 99.00 999  989.6  14.1 999.0  13.1 99.0 99.00 
2024 02 04 21 00 134 18.0 22.5 99.00 99.00 99.00 999  989.3  13.9 999.0  12.9 99.0 99.00 
2024 02 04 21 10 132 17.1 22.3  5.60 12.90  7.92 207  988.8  13.9 999.0  13.1 99.0 99.00 
2024 02 04 21 20 132 16.0 22.2 99.00 99.00 99.00 999  988.5  14.0 999.0  13.2 99.0 99.00 
2024 02 04 21 30 136 16.7 22.0 99.00 99.00 99.00 999  987.5  14.3 999.0  13.3 99.0 99.00 
2024 02 04 21 40 133 17.4 22.5  5.47 11.43  8.25 159  987.2  14.3 999.0  13.4 99.0 99.00 
2024 02 04 21 50 136 17.6 24.1 99.00 99.00 99.00 999  986.9  14.4 999.0  13.4 99.0 99.00 
2024 02 04 22 00 135 19.4 27.1 99.00 99.00 99.00 999  986.9  14.5 999.0  13.4 99.0 99.00 
2024 02 04 22 10 143 16.9 23.6  5.58 11.43  8.08 167  986.6  14.2 999.0  13.5 99.0 99.00 
2024 02 04 22 20 149 18.3 24.9 99.00 99.00 99.00 999  986.7  14.4 999.0  13.5 99.0 99.00 
2024 02 04 22 30 147 17.9 24.3 99.00 99.00 99.00 999  986.7  14.8 999.0  13.5 99.0 99.00 
2024 02 04 22 40 152 16.7 22.0  5.11 11.43  7.65 161  986.7  15.0 999.0  13.7 99.0 99.00 
2024 02 04 22 50 155 16.8 23.6 99.00 99.00 99.00 999  986.5  14.7 999.0  13.5 99.0 99.00 
2024 02 04 23 00 155 17.4 23.3 99.00 99.00 99.00 999  986.4  15.1 999.0  13.3 99.0 99.00 
2024 02 04 23 10 151 17.3 25.1  5.48 10.81  7.85 164  986.3  15.0 999.0  13.3 99.0 99.00 
2024 02 04 23 20 151 18.7 26.7 99.00 99.00 99.00 999  986.1  15.1 999.0  13.1 99.0 99.00 
2024 02 04 23 30 151 18.7 25.4 99.00 99.00 99.00 999  986.0  14.8 999.0  13.0 99.0 99.00 
2024 02 04 23 40 150 18.3 23.9  5.93 10.81  7.94 167  985.9  14.8 999.0  13.1 99.0 99.00 
2024 02 04 23 50 152 18.2 24.0 99.00 99.00 99.00 999  985.9  14.9 999.0  13.1 99.0 99.00 
2024 02 05 00 00 149 18.0 24.6 99.00 99.00 99.00 999  985.5  13.8 999.0  12.8 99.0 99.00 
2024 02 05 00 10 153 18.6 24.8  5.03 12.90  7.42 174  985.5  13.7 999.0  12.8 99.0 99.00 
2024 02 05 00 20 153 19.0 23.7 99.00 99.00 99.00 999  985.6  13.8 999.0  12.8 99.0 99.00 
2024 02 05 00 30 149 18.8 24.8 99.00 99.00 99.00 999  985.4  14.0 999.0  13.0 99.0 99.00 
2024 02 05 00 40 151 18.4 23.7  6.15 11.43  8.36 163  985.5  14.2 999.0  13.1 99.0 99.00 
2024 02 05 00 50 155 18.8 25.6 99.00 99.00 99.00 999  985.4  14.2 999.0  12.9 99.0 99.00 
2024 02 05 01 00 161 19.2 25.4 99.00 99.00 99.00 999  985.4  14.3 999.0  12.6 99.0 99.00 
2024 02 05 01 10 163 17.9 24.6  6.50 11.43  8.45 170  985.5  13.9 999.0  12.7 99.0 99.00 
2024 02 05 01 20 162 17.6 23.1 99.00 99.00 99.00 999  985.4  13.6 999.0  12.8 99.0 99.00 
2024 02 05 01 30 167 16.8 22.5 99.00 99.00 99.00 999  985.6  13.8 999.0  13.0 99.0 99.00 
2024 02 05 01 40 179 16.8 22.7  6.55 10.81  8.44 170  986.2  13.8 999.0  13.0 99.0 99.00 
2024 02 05 01 50 194 16.9 22.2 99.00 99.00 99.00 999  986.8  13.2 999.0  12.4 99.0 99.00 
2024 02 05 02 00 193 17.3 22.0 99.00 99.00 99.00 999  987.7  13.2 999.0  12.2 99.0 99.00 
2024 02 05 02 10 197 16.6 22.5  5.98 10.81  8.23 172  988.1  12.9 999.0  11.8 99.0 99.00 
2024 02 05 02 20 195 17.0 21.9 99.00 99.00 99.00 999  988.7  13.0 999.0  11.6 99.0 99.00 
2024 02 05 02 30 198 17.2 23.1 99.00 99.00 99.00 999  989.3  13.4 999.0  11.4 99.0 99.00 
2024 02 05 02 40 192 16.2 21.1  7.05 12.12  9.06 174  990.0  13.0 999.0  11.3 99.0 99.00 
2024 02 05 02 50 192 16.2 20.7 99.00 99.00 99.00 999  990.2  13.0 999.0  11.4 99.0 99.00 
2024 02 05 03 00 191 16.1 21.1 99.00 99.00 99.00 999  990.6  13.3 999.0  11.4 99.0 99.00 
2024 02 05 03 10 189 15.9 21.5  6.70 12.12  8.79 177  990.9  13.2 999.0  11.4 99.0 99.00 
2024 02 05 03 20 190 16.0 20.5 99.00 99.00 99.00 999  991.3  13.2 999.0  11.3 99.0 99.00 
2024 02 05 03 30 194 15.6 20.3 99.00 99.00 99.00 999  991.7  13.2 999.0  11.3 99.0 99.00 
2024 02 05 03 40 198 15.8 20.9  6.99 11.43  9.01 181  992.1  12.7 999.0  11.1 99.0 99.00 
2024 02 05 03 50 196 15.2 19.4 99.00 99.00 99.00 999  992.5  12.6 999.0  11.1 99.0 99.00 
2024 02 05 04 00 196 15.2 21.1 99.00 99.00 99.00 999  993.0  12.6 999.0  11.0 99.0 99.00 
2024 02 05 04 10 196 15.4 20.1  6.21 12.90  8.77 182  993.5  12.4 999.0  11.4 99.0 99.00 
2024 02 05 04 20 192 14.6 18.4 99.00 99.00 99.00 999  993.8  12.6 999.0  11.4 99.0 99.00 
2024 02 05 04 30 196 15.2 19.1 99.00 99.00 99.00 999  994.3  12.4 999.0  11.2 99.0 99.00 
2024 02 05 04 40 194 14.4 19.3  6.15 11.43  8.36 178  994.7  12.6 999.0  11.2 99.0 99.00 
2024 02 05 04 50 204 15.0 20.8 99.00 99.00 99.00 999  995.0  12.6 999.0  11.1 99.0 99.00 
2024 02 05 05 00 199 14.7 19.3 99.00 99.00 99.00 999  995.5  12.1 999.0  11.1 99.0 99.00 
2024 02 05 05 10 193 14.2 18.8  6.24 12.90  8.75 183  995.9  12.7 999.0  11.2 99.0 99.00 
2024 02 05 05 20 199 14.2 18.6 99.00 99.00 99.00 999  996.2  13.0 999.0  11.1 99.0 99.00 
2024 02 05 05 30 194 13.7 18.1 99.00 99.00 99.00 999  996.5  13.0 999.0  11.1 99.0 99.00 
2024 02 05 05 40 192 13.5 17.1  6.05 12.90  8.71 185  996.7  13.0 999.0  11.3 99.0 99.00 
2024 02 05 05 50 192 14.3 18.1 99.00 99.00 99.00 999  997.0  13.1 999.0  11.1 99.0 99.00 
2024 02 05 06 00 192 13.4 17.4 99.00 99.00 99.00 999  997.3  13.2 999.0  11.4 99.0 99.00 
2024 02 05 06 10 191 13.4 17.4  6.03 12.12  8.59 185  997.6  13.1 999.0  11.5 99.0 99.00 
2024 02 05 06 20 191 13.7 17.3 99.00 99.00 99.00 999  997.9  12.7 999.0  11.1 99.0 99.00 
2024 02 05 06 30 198 13.9 17.7 99.00 99.00 99.00 999  998.2  12.9 999.0  10.9 99.0 99.00 
2024 02 05 06 40 202 13.1 17.1  5.56 11.43  8.26 179  998.4  13.2 999.0  10.5 99.0 99.00 
2024 02 05 06 50 200 14.0 18.4 99.00 99.00 99.00 999  998.7  13.3 999.0  10.1 99.0 99.00 
2024 02 05 07 00 202 13.6 17.5 99.00 99.00 99.00 999  999.0  13.4 999.0  10.4 99.0 99.00 
2024 02 05 07 10 203 13.6 17.7  5.52 12.12  8.36 184  999.4  13.3 999.0  10.4 99.0 99.00 
2024 02 05 07 20 197 12.8 17.1 99.00 99.00 99.00 999  999.6  13.3 999.0  10.6 99.0 99.00 
2024 02 05 07 30 200 11.8 16.0 99.00 99.00 99.00 999  999.8  13.3 999.0  10.8 99.0 99.00 
2024 02 05 07 40 198 12.9 16.8  5.36 12.12  8.33 176  999.9  13.3 999.0  10.5 99.0 99.00 
2024 02 05 07 50 198 12.8 16.0 99.00 99.00 99.00 999 1000.2  13.4 999.0  10.5 99.0 99.00 
2024 02 05 08 00 201 11.8 16.6 99.00 99.00 99.00 999 1000.4  13.4 999.0  10.5 99.0 99.00 
2024 02 05 08 10 201 12.2 15.3  5.91 12.12  8.70 184 1000.5  13.5 999.0  10.4 99.0 99.00 
2024 02 05 08 20 194 12.8 16.4 99.00 99.00 99.00 999 1000.7  13.5 999.0  10.8 99.0 99.00 
2024 02 05 08 30 194 11.9 15.4 99.00 99.00 99.00 999 1001.0  13.5 999.0  11.1 99.0 99.00 
2024 02 05 08 40 193 12.7 17.2  5.36 10.81  8.30 199 1001.0  13.5 999.0  10.9 99.0 99.00 
2024 02 05 08 50 193 12.5 17.5 99.00 99.00 99.00 999 1001.2  13.5 999.0  10.9 99.0 99.00 
2024 02 05 09 00 201 11.0 14.9 99.00 99.00 99.00 999 1001.4  13.6 999.0  11.1 99.0 99.00 
2024 02 05 09 10 198 12.0 16.5  5.00 12.90  8.31 188 1001.5  13.2 999.0  10.7 99.0 99.00 
2024 02 05 09 20 203 10.3 13.4 99.00 99.00 99.00 999 1001.6  13.4 999.0  11.0 99.0 99.00 
2024 02 05 09 30 196 10.4 14.5 99.00 99.00 99.00 999 1001.6  13.5 999.0  11.1 99.0 99.00 
2024 02 05 09 40 186 11.1 14.3  5.31 12.12  8.35 191 1001.6  13.4 999.0  11.3 99.0 99.00 
2024 02 05 09 50 186 10.7 15.1 99.00 99.00 99.00 999 1001.8  13.2 999.0  11.3 99.0 99.00 
2024 02 05 10 00 197 11.3 14.7 99.00 99.00 99.00 999 1001.9  13.5 999.0  10.8 99.0 99.00 
2024 02 05 10 10 192 12.3 16.5  4.89 12.12  7.98 185 1002.1  12.8 999.0  11.2 99.0 99.00 
2024 02 05 10 20 190 10.5 14.3 99.00 99.00 99.00 999 1002.2  12.4 999.0  11.1 99.0 99.00 
2024 02 05 10 30 196 10.3 14.9 99.00 99.00 99.00 999 1002.2  12.9 999.0  11.3 99.0 99.00 
2024 02 05 10 40 195 12.8 16.0  4.72 12.12  8.17 188 1002.4  13.2 999.0  10.8 99.0 99.00 
2024 02 05 10 50 196 12.0 15.1 99.00 99.00 99.00 999 1002.5  13.4 999.0  10.8 99.0 99.00 
2024 02 05 11 00 197 11.7 14.9 99.00 99.00 99.00 999 1002.5  13.5 999.0  11.1 99.0 99.00 
2024 02 05 11 10 195 11.9 14.6  4.37 10.00  7.51 207 1002.5  13.5 999.0  10.8 99.0 99.00 
2024 02 05 11 20 195 11.8 15.5 99.00 99.00 99.00 999 1002.4  13.5 999.0  10.8 99.0 99.00 
2024 02 05 11 30 192 11.8 15.5 99.00 99.00 99.00 999 1002.4  13.5 999.0  10.9 99.0 99.00 
2024 02 05 11 40 190 11.4 14.9  4.62 12.12  7.98 194 1002.5  13.5 999.0  11.1 99.0 99.00 
2024 02 05 11 50 192 12.2 15.3 99.00 99.00 99.00 999 1002.6  13.4 999.0  10.9 99.0 99.00 
2024 02 05 12 00 192 12.0 16.0 99.00 99.00 99.00 999 1002.7  13.5 999.0  11.1 99.0 99.00 
2024 02 05 12 10 189 11.4 14.2  4.31 10.81  7.67 204 1002.8  13.2 999.0  11.2 99.0 99.00 
2024 02 05 12 20 191 11.3 14.8 99.00 99.00 99.00 999 1002.9  13.3 999.0  11.1 99.0 99.00 
2024 02 05 12 30 194 10.1 12.8 99.00 99.00 99.00 999 1003.1  13.3 999.0  11.1 99.0 99.00 
2024 02 05 12 40 200 10.6 14.8  4.17 10.81  7.65 201 1003.2  13.4 999.0  10.9 99.0 99.00 
2024 02 05 12 50 196 11.2 14.3 99.00 99.00 99.00 999 1003.4  13.3 999.0  11.0 99.0 99.00 
2024 02 05 13 00 195 11.2 13.7 99.00 99.00 99.00 999 1003.5  13.4 999.0  11.0 99.0 99.00 
2024 02 05 13 10 198 10.4 13.2  4.32 12.12  7.65 196 1003.7  13.4 999.0  10.9 99.0 99.00 
2024 02 05 13 20 199 10.5 13.7 99.00 99.00 99.00 999 1003.7  13.4 999.0  10.8 99.0 99.00 
2024 02 05 13 30 203 10.3 13.1 99.00 99.00 99.00 999 1003.7  13.5 999.0  10.9 99.0 99.00 
2024 02 05 13 40 200 10.2 13.1  4.16 11.43  7.88 202 1003.9  13.5 999.0  11.1 99.0 99.00 
2024 02 05 13 50 201  9.6 12.1 99.00 99.00 99.00 999 1004.0  13.4 999.0  11.0 99.0 99.00 
2024 02 05 14 00 210 10.2 13.2 99.00 99.00 99.00 999 1004.2  12.9 999.0  10.9 99.0 99.00 
2024 02 05 14 10 209  9.3 12.5  4.21 11.43  7.59 207 1004.2  12.2 999.0  10.4 99.0 99.00 
2024 02 05 14 20 209 10.3 13.6 99.00 99.00 99.00 999 1004.3  12.8 999.0  10.5 99.0 99.00 
2024 02 05 14 30 208  9.8 12.7 99.00 99.00 99.00 999 1004.5  13.0 999.0  10.5 99.0 99.00 
2024 02 05 14 40 211  9.9 12.8  4.06 11.43  7.81 206 1004.6  13.0 999.0  10.4 99.0 99.00 
2024 02 05 14 50 207  9.5 12.0 99.00 99.00 99.00 999 1004.7  13.1 999.0  10.6 99.0 99.00 
2024 02 05 15 00 211  8.9 12.0 99.00 99.00 99.00 999 1004.8  13.0 999.0  10.8 99.0 99.00 
2024 02 05 15 10 209  9.2 11.7  3.81 11.43  7.75 200 1005.0  12.8 999.0  10.6 99.0 99.00 
2024 02 05 15 20 214  9.5 12.8 99.00 99.00 99.00 999 1005.1  12.7 999.0  10.4 99.0 99.00 
2024 02 05 15 30 234  8.5 11.3 99.00 99.00 99.00 999 1005.3  12.3 999.0  10.0 99.0 99.00 
2024 02 05 15 40 225  8.3 10.6  4.12 10.00  7.83 211 1005.4  12.5 999.0  10.7 99.0 99.00 
2024 02 05 15 50 234  8.0 10.0 99.00 99.00 99.00 999 1005.6  12.5 999.0  10.8 99.0 99.00 
2024 02 05 16 00 243  6.8  8.8 99.00 99.00 99.00 999 1005.8  12.1 999.0  10.5 99.0 99.00 
2024 02 05 16 10 230  7.0  9.0  4.02 11.43  8.03 211 1005.9  12.2 999.0  10.5 99.0 99.00 
2024 02 05 16 20 227  6.6  8.9 99.00 99.00 99.00 999 1006.1  12.2 999.0  10.5 99.0 99.00 
2024 02 05 16 30 231  5.9  8.2 99.00 99.00 99.00 999 1006.2  12.3 999.0  10.5 99.0 99.00 
2024 02 05 16 40 232  6.2  8.0  3.96 10.81  8.07 211 1006.5  12.3 999.0  10.5 99.0 99.00 
2024 02 05 16 50 225  6.1  8.1 99.00 99.00 99.00 999 1006.6  12.3 999.0  10.0 99.0 99.00 
2024 02 05 17 00 223  5.6  7.3 99.00 99.00 99.00 999 1006.6  12.4 999.0  10.0 99.0 99.00 
2024 02 05 17 10 228  5.7  7.5  3.70 10.81  7.86 212 1006.7  12.4 999.0   9.9 99.0 99.00 
2024 02 05 17 20 232  5.6  8.3 99.00 99.00 99.00 999 1006.7  12.5 999.0  10.2 99.0 99.00 
2024 02 05 17 30 253  6.0  7.7 99.00 99.00 99.00 999 1006.9  12.2 999.0  10.0 99.0 99.00 
2024 02 05 17 40 250  5.6  7.1  3.52 11.43  7.77 235 1007.0  12.2 999.0  10.0 99.0 99.00 
2024 02 05 17 50 243  5.5  7.3 99.00 99.00 99.00 999 1007.2  12.1 999.0   9.8 99.0 99.00 
2024 02 05 18 00 238  5.2  6.6 99.00 99.00 99.00 999 1007.3  12.3 999.0   9.9 99.0 99.00 
2024 02 05 18 10 233  5.0  6.5  3.52 12.12  7.94 236 1007.4  12.3 999.0   9.7 99.0 99.00 
2024 02 05 18 20 236  4.4  6.1 99.00 99.00 99.00 999 1007.4  12.2 999.0   9.7 99.0 99.00 
2024 02 05 18 30 241  4.5  6.6 99.00 99.00 99.00 999 1007.5  12.4 999.0   9.7 99.0 99.00 
2024 02 05 18 40 242  4.7  6.5  3.64 10.81  7.66 202 1007.6  12.4 999.0   9.4 99.0 99.00 
2024 02 05 18 50 240  4.2  6.0 99.00 99.00 99.00 999 1007.7  12.5 999.0   9.5 99.0 99.00 
2024 02 05 19 00 243  3.7  5.6 99.00 99.00 99.00 999 1007.8  12.5 999.0   9.3 99.0 99.00 
2024 02 05 19 10 241  3.3  5.4  3.68 11.43  8.14 225 1007.8  12.5 999.0   9.3 99.0 99.00 
2024 02 05 19 20 233  3.5  5.0 99.00 99.00 99.00 999 1007.9  12.4 999.0   9.1 99.0 99.00 
2024 02 05 19 30 242  2.9  5.0 99.00 99.00 99.00 999 1007.9  12.5 999.0   9.3 99.0 99.00 
2024 02 05 19 40 240  3.3  4.9  3.34 10.81  7.62 232 1008.0  12.5 999.0   9.4 99.0 99.00 
2024 02 05 19 50 246  3.2  5.3 99.00 99.00 99.00 999 1007.9  12.4 999.0   9.4 99.0 99.00 
2024 02 05 20 00 243  3.1  5.0 99.00 99.00 99.00 999 1007.8  12.3 999.0   9.4 99.0 99.00 
2024 02 05 20 10 241  3.1  4.9  3.90 11.43  8.29 229 1007.7  12.3 999.0   9.3 99.0 99.00 
2024 02 05 20 20 250  3.6  5.6 99.00 99.00 99.00 999 1007.7  12.3 999.0   9.1 99.0 99.00 
2024 02 05 20 30 249  3.3  5.0 99.00 99.00 99.00 999 1007.7  12.4 999.0   9.2 99.0 99.00 
2024 02 05 20 40 248  2.7  4.2  3.29 10.81  7.94 249 1007.6  12.5 999.0   9.6 99.0 99.00 
2024 02 05 20 50 244  2.8  4.5 99.00 99.00 99.00 999 1007.6  12.4 999.0   9.4 99.0 99.00 
2024 02 05 21 00 250  3.2  4.5 99.00 99.00 99.00 999 1007.6  12.4 999.0   9.4 99.0 99.00 
2024 02 05 21 10 246  3.5  5.2  3.50 10.00  7.94 228 1007.6  12.4 999.0   9.1 99.0 99.00 
2024 02 05 21 20 251  3.4  5.2 99.00 99.00 99.00 999 1007.5  12.4 999.0   9.0 99.0 99.00 
2024 02 05 21 30 256  3.1  4.6 99.00 99.00 99.00 999 1007.4  12.4 999.0   9.1 99.0 99.00 
2024 02 05 21 40 260  3.1  4.8  3.57 10.00  8.08 208 1007.5  12.4 999.0   9.2 99.0 99.00 
2024 02 05 21 50 260  3.0  4.8 99.00 99.00 99.00 999 1007.4  12.4 999.0   9.3 99.0 99.00 
2024 02 05 22 00 258  2.7  5.1 99.00 99.00 99.00 999 1007.3  12.4 999.0   9.3 99.0 99.00 
2024 02 05 22 10 273  3.2  5.6  3.99 10.81  8.61 244 1007.3  12.4 999.0   9.5 99.0 99.00 
2024 02 05 22 20 288  3.3  5.1 99.00 99.00 99.00 999 1007.3  12.3 999.0   9.6 99.0 99.00 
2024 02 05 22 30 282  3.3  4.6 99.00 99.00 99.00 999 1007.3  12.2 999.0   9.4 99.0 99.00 
2024 02 05 22 40 284  3.2  5.1  3.31 11.43  7.98 269 1007.2  12.2 999.0   9.2 99.0 99.00 
2024 02 05 22 50 294  2.8  5.3 99.00 99.00 99.00 999 1007.3  12.3 999.0   9.6 99.0 99.00 
2024 02 05 23 00 296  3.0  5.0 99.00 99.00 99.00 999 1007.3  12.2 999.0   9.8 99.0 99.00 
2024 02 05 23 10 305  2.5  4.5  3.80 10.81  8.48 228 1007.4  12.2 999.0   9.7 99.0 99.00 
2024 02 05 23 20 297  2.9  5.3 99.00 99.00 99.00 999 1007.3  12.1 999.0   9.7 99.0 99.00 
2024 02 05 23 30 299  2.8  4.5 99.00 99.00 99.00 999 1007.4  12.1 999.0   9.7 99.0 99.00 
2024 02 05 23 40 302  2.7  4.3  3.25 12.12  7.83 307 1007.3  12.1 999.0   9.6 99.0 99.00 
2024 02 05 23 50 284  2.2  4.1 99.00 99.00 99.00 999 1007.3  11.9 999.0   9.3 99.0 99.00 
2024 02 06 00 00 302  2.6  4.6 99.00 99.00 99.00 999 1007.3  12.1 999.0   9.4 99.0 99.00 
2024 02 06 00 10 308  3.6  5.8  3.71 10.00  8.27 246 1007.3  12.1 999.0   9.6 99.0 99.00 
2024 02 06 00 20 304  3.8  5.9 99.00 99.00 99.00 999 1007.3  12.1 999.0   9.7 99.0 99.00 
2024 02 06 00 30 291  3.7  5.5 99.00 99.00 99.00 999 1007.3  11.9 999.0   9.7 99.0 99.00 
2024 02 06 00 40 288  2.8  4.9  3.33 11.43  8.13 300 1007.4  11.8 999.0   9.6 99.0 99.00 
2024 02 06 00 50 298  1.9  4.0 99.00 99.00 99.00 999 1007.4  11.8 999.0   9.4 99.0 99.00 
2024 02 06 01 00 293  2.3  4.0 99.00 99.00 99.00 999 1007.4  11.8 999.0   9.2 99.0 99.00 
2024 02 06 01 10 308  2.5  4.4  3.37 10.00  7.95 274 1007.3  11.8 999.0   9.1 99.0 99.00 
2024 02 06 01 20 315  2.2  4.8 99.00 99.00 99.00 999 1007.4  11.9 999.0   9.1 99.0 99.00 
2024 02 06 01 30 309  2.3  4.3 99.00 99.00 99.00 999 1007.5  12.0 999.0   9.2 99.0 99.00 
2024 02 06 01 40 317  2.4  4.0  3.11 10.81  7.91 299 1007.5  12.0 999.0   9.3 99.0 99.00 
2024 02 06 01 50 317  2.4  6.0 99.00 99.00 99.00 999 1007.5  12.0 999.0   9.5 99.0 99.00 
2024 02 06 02 00 322  3.0  4.8 99.00 99.00 99.00 999 1007.5  11.9 999.0   9.8 99.0 99.00 
2024 02 06 02 10 332  3.2  5.6  2.91 10.00  7.91 273 1007.6  11.8 999.0   9.7 99.0 99.00 
2024 02 06 02 20 324  3.3  5.6 99.00 99.00 99.00 999 1007.7  11.8 999.0   9.6 99.0 99.00 
2024 02 06 02 30 321  2.8  4.8 99.00 99.00 99.00 999 1007.8  11.8 999.0   9.5 99.0 99.00 
2024 02 06 02 40 321  2.8  5.2  3.18  9.09  8.09 246 1007.7  11.8 999.0   9.4 99.0 99.00 
2024 02 06 02 50 316  2.9  5.1 99.00 99.00 99.00 999 1007.7  11.8 999.0   9.3 99.0 99.00 
2024 02 06 03 00 321  2.9  5.4 99.00 99.00 99.00 999 1007.7  11.9 999.0   9.5 99.0 99.00 
2024 02 06 03 10 307  3.0  5.1  3.11 12.90  8.05 296 1007.7  11.9 999.0   9.4 99.0 99.00 
2024 02 06 03 20 312  3.3  4.8 99.00 99.00 99.00 999 1007.7  11.9 999.0   9.4 99.0 99.00 
2024 02 06 03 30 312  3.6  5.8 99.00 99.00 99.00 999 1007.7  11.8 999.0   9.3 99.0 99.00 
2024 02 06 03 40 315  3.4  5.8  3.23 12.12  8.18 301 1007.7  11.8 999.0   9.2 99.0 99.00 
2024 02 06 03 50 308  3.4  5.8 99.00 99.00 99.00 999 1007.6  11.9 999.0   9.6 99.0 99.00 
2024 02 06 04 00 306  3.6  5.4 99.00 99.00 99.00 999 1007.7  11.8 999.0   9.3 99.0 99.00 
2024 02 06 04 10 309  3.1  4.9  3.20 11.43  8.06 304 1007.7  11.8 999.0   9.0 99.0 99.00 
2024 02 06 04 20 313  2.5  4.9 99.00 99.00 99.00 999 1007.8  11.9 999.0   9.1 99.0 99.00 
2024 02 06 04 30 314  2.9  4.8 99.00 99.00 99.00 999 1007.8  11.9 999.0   9.1 99.0 99.00 
2024 02 06 04 40 310  2.7  4.6  3.14 12.12  7.97 300 1007.8  12.0 999.0   9.3 99.0 99.00 
2024 02 06 04 50 318  3.1  5.1 99.00 99.00 99.00 999 1007.8  12.0 999.0   9.5 99.0 99.00 
2024 02 06 05 00 322  2.9  5.1 99.00 99.00 99.00 999 1008.0  11.9 999.0   9.3 99.0 99.00 
2024 02 06 05 10 324  3.0  4.9  3.24 12.12  8.59 295 1008.0  12.0 999.0   9.5 99.0 99.00 
2024 02 06 05 20 331  3.0  4.7 99.00 99.00 99.00 999 1008.0  12.0 999.0   9.6 99.0 99.00 
2024 02 06 05 30 325  3.3  5.7 99.00 99.00 99.00 999 1008.0  12.0 999.0   9.7 99.0 99.00 
2024 02 06 05 40 320  3.4  5.5  3.09 12.12  8.20 300 1008.0  12.0 999.0   9.7 99.0 99.00 
2024 02 06 05 50 331  3.2  5.4 99.00 99.00 99.00 999 1008.1  12.0 999.0   9.7 99.0 99.00 
2024 02 06 06 00 325  3.0  4.9 99.00 99.00 99.00 999 1008.2  12.0 999.0   9.6 99.0 99.00 
2024 02 06 06 10 331  3.3  6.0  2.97 10.00  7.99 275 1008.0  12.0 999.0   9.6 99.0 99.00 
2024 02 06 06 20 323  3.7  5.7 99.00 99.00 99.00 999 1008.0  12.0 999.0   9.6 99.0 99.00 
2024 02 06 06 30 325  3.5  5.5 99.00 99.00 99.00 999 1008.0  12.0 999.0   9.6 99.0 99.00 
2024 02 06 06 40 322  3.6  5.3  2.77 11.43  8.11 291 1007.8  12.0 999.0   9.7 99.0 99.00 
2024 02 06 06 50 325  3.7  5.5 99.00 99.00 99.00 999 1007.7  12.0 999.0   9.8 99.0 99.00 
2024 02 06 07 00 325  3.7  5.5 99.00 99.00 99.00 999 1007.6  12.0 999.0   9.8 99.0 99.00 
2024 02 06 07 10 323  3.9  5.9  2.81  9.09  8.00 258 1007.5  12.0 999.0   9.8 99.0 99.00 
2024 02 06 07 20 328  4.0  6.5 99.00 99.00 99.00 999 1007.5  12.1 999.0   9.9 99.0 99.00 
2024 02 06 07 30 320  4.7  7.2 99.00 99.00 99.00 999 1007.6  12.0 999.0   9.9 99.0 99.00 
2024 02 06 07 40 325  4.7  6.8  2.86 12.12  8.13 297 1007.6  11.9 999.0   9.8 99.0 99.00 
2024 02 06 07 50 327  5.0  6.7 99.00 99.00 99.00 999 1007.6  11.9 999.0   9.9 99.0 99.00 
2024 02 06 08 00 327  5.0  6.8 99.00 99.00 99.00 999 1007.6  11.7 999.0   9.6 99.0 99.00 
2024 02 06 08 10 323  4.3  6.0  2.78 11.43  8.14 306 1007.6  11.7 999.0   9.5 99.0 99.00 
2024 02 06 08 20 325  4.3  6.4 99.00 99.00 99.00 999 1007.4  11.7 999.0   9.4 99.0 99.00 
2024 02 06 08 30 333  4.3  6.0 99.00 99.00 99.00 999 1007.4  11.8 999.0   9.4 99.0 99.00 
2024 02 06 08 40 325  4.7  6.9  2.80 12.12  8.23 312 1007.4  11.8 999.0   9.5 99.0 99.00 
2024 02 06 08 50 332  4.3  6.3 99.00 99.00 99.00 999 1007.4  11.7 999.0   9.4 99.0 99.00 
2024 02 06 09 00 328  4.3  6.0 99.00 99.00 99.00 999 1007.4  11.8 999.0   9.6 99.0 99.00 
2024 02 06 09 10 330  3.8  5.5  2.78 12.12  8.35 303 1007.3  11.7 999.0   9.5 99.0 99.00 
2024 02 06 09 20 321  3.8  5.4 99.00 99.00 99.00 999 1007.3  11.6 999.0   9.3 99.0 99.00 
2024 02 06 09 30 322  3.9  5.4 99.00 99.00 99.00 999 1007.2  11.8 999.0   9.6 99.0 99.00 
2024 02 06 09 40 326  4.0  6.3  2.52 12.12  7.89 303 1007.2  11.7 999.0   9.4 99.0 99.00 
2024 02 06 09 50 324  4.0  5.4 99.00 99.00 99.00 999 1007.1  11.8 999.0   9.7 99.0 99.00 
2024 02 06 10 00 324  4.1  5.7 99.00 99.00 99.00 999 1007.0  11.7 999.0   9.4 99.0 99.00 
2024 02 06 10 10 326  3.8  5.5  2.82 10.81  8.35 295 1007.0  11.7 999.0   9.3 99.0 99.00 
2024 02 06 10 20 332  3.9  5.9 99.00 99.00 99.00 999 1007.1  11.8 999.0   9.5 99.0 99.00 
2024 02 06 10 30 333  3.8  5.4 99.00 99.00 99.00 999 1007.1  11.8 999.0   9.7 99.0 99.00 
2024 02 06 10 40 342  3.7  5.3  2.50 12.12  7.76 293 1007.0  11.8 999.0   9.6 99.0 99.00 
2024 02 06 10 50 349  3.6  5.9 99.00 99.00 99.00 999 1006.9  11.8 999.0   9.6 99.0 99.00 
2024 02 06 11 00 347  3.7  5.6 99.00 99.00 99.00 999 1006.8  11.7 999.0   9.4 99.0 99.00 
2024 02 06 11 10 340  3.8  5.9  2.83 12.12  8.22 293 1006.6  11.8 999.0   9.6 99.0 99.00 
2024 02 06 11 20 339  4.0  5.9 99.00 99.00 99.00 999 1006.6  11.7 999.0   9.6 99.0 99.00 
2024 02 06 11 30 341  4.0  5.7 99.00 99.00 99.00 999 1006.6  11.8 999.0   9.7 99.0 99.00 
2024 02 06 11 40 349  3.8  5.9  2.57 11.43  7.93 303 1006.5  11.6 999.0   9.2 99.0 99.00 
2024 02 06 11 50 351  3.7  5.5 99.00 99.00 99.00 999 1006.4  11.7 999.0   9.2 99.0 99.00 
2024 02 06 12 00 355  3.7  5.1 99.00 99.00 99.00 999 1006.4  11.8 999.0   9.5 99.0 99.00 
2024 02 06 12 10  10  3.4  5.0  2.67 11.43  8.16 303 1006.4  11.8 999.0   9.7 99.0 99.00 
2024 02 06 12 20  10  2.8  4.3 99.00 99.00 99.00 999 1006.3  11.7 999.0   9.7 99.0 99.00 
2024 02 06 12 30 357  2.9  4.3 99.00 99.00 99.00 999 1006.4  11.6 999.0   9.5 99.0 99.00 
2024 02 06 12 40 358  3.0  4.4  2.64 21.05  7.98 282 1006.4  11.6 999.0   9.1 99.0 99.00 
2024 02 06 12 50 351  3.4  5.0 99.00 99.00 99.00 999 1006.4  11.7 999.0   8.9 99.0 99.00 
2024 02 06 13 00 352  3.7  5.0 99.00 99.00 99.00 999 1006.3  11.7 999.0   9.1 99.0 99.00 
2024 02 06 13 10 339  3.5  5.4  2.71 21.05  8.38 281 1006.3  11.7 999.0   9.3 99.0 99.00 
2024 02 06 13 20 347  3.1  4.6 99.00 99.00 99.00 999 1006.2  11.7 999.0   9.3 99.0 99.00 
2024 02 06 13 30 339  3.2  5.0 99.00 99.00 99.00 999 1006.1  11.7 999.0   9.3 99.0 99.00 
2024 02 06 13 40 332  3.8  5.3  2.91 21.05  8.53 290 1006.1  11.7 999.0   9.2 99.0 99.00 
2024 02 06 13 50 336  4.5  6.7 99.00 99.00 99.00 999 1006.1  11.7 999.0   9.6 99.0 99.00 
2024 02 06 14 00 335  5.0  7.4 99.00 99.00 99.00 999 1006.1  11.4 999.0   9.3 99.0 99.00 
2024 02 06 14 10 333  5.2  7.4  2.83 21.05  8.63 276 1006.0  11.4 999.0   9.4 99.0 99.00 
2024 02 06 14 20 339  5.1  7.2 99.00 99.00 99.00 999 1006.0  11.3 999.0   9.1 99.0 99.00 
2024 02 06 14 30 349  4.7  6.6 99.00 99.00 99.00 999 1006.0  11.3 999.0   9.1 99.0 99.00 
2024 02 06 14 40 343  4.5  6.6  2.96 21.05  8.61 269 1006.0  11.4 999.0   9.0 99.0 99.00 
2024 02 06 14 50 352  4.0  6.5 99.00 99.00 99.00 999 1006.0  11.3 999.0   8.9 99.0 99.00 
2024 02 06 15 00 359  3.7  5.4 99.00 99.00 99.00 999 1006.0  11.4 999.0   8.9 99.0 99.00 
2024 02 06 15 10   9  3.4  4.9  2.79 10.81  8.36 318 1006.1  11.4 999.0   8.9 99.0 99.00 
2024 02 06 15 20  14  3.1  4.8 99.00 99.00 99.00 999 1006.0  11.4 999.0   8.8 99.0 99.00 
2024 02 06 15 30  14  2.7  4.1 99.00 99.00 99.00 999 1006.0  11.5 999.0   8.8 99.0 99.00 
2024 02 06 15 40  15  2.6  4.2  2.75 21.05  8.56 289 1006.0  11.5 999.0   8.9 99.0 99.00 
2024 02 06 15 50  10  2.2  3.5 99.00 99.00 99.00 999 1006.1  11.6 999.0   8.9 99.0 99.00 
2024 02 06 16 00  10  2.0  3.6 99.00 99.00 99.00 999 1006.1  11.7 999.0   8.7 99.0 99.00 
2024 02 06 16 10 360  1.3  2.8  2.94 19.05  9.22 305 1006.2  11.9 999.0   8.8 99.0 99.00 
2024 02 06 16 20   7  1.8  3.4 99.00 99.00 99.00 999 1006.2  11.9 999.0   8.7 99.0 99.00 
2024 02 06 16 30 348  2.5  4.9 99.00 99.00 99.00 999 1006.3  11.9 999.0   9.0 99.0 99.00 
2024 02 06 16 40 338  3.9  5.6  2.66 21.05  8.45 299 1006.4  11.6 999.0   9.2 99.0 99.00 
2024 02 06 16 50 343  3.8  5.3 99.00 99.00 99.00 999 1006.4  11.5 999.0   9.2 99.0 99.00 
2024 02 06 17 00 345  3.7  5.5 99.00 99.00 99.00 999 1006.4  11.5 999.0   9.1 99.0 99.00 
2024 02 06 17 10 347  3.8  5.3  2.86 19.05  8.78 280 1006.3  11.5 999.0   9.1 99.0 99.00 
2024 02 06 17 20 348  4.0  5.7 99.00 99.00 99.00 999 1006.5  11.4 999.0   9.0 99.0 99.00 
2024 02 06 17 30 342  4.1  6.3 99.00 99.00 99.00 999 1006.6  11.3 999.0   8.9 99.0 99.00 
2024 02 06 17 40 347  3.9  5.5  2.81 10.81  8.43 312 1006.6  11.3 999.0   8.8 99.0 99.00 
2024 02 06 17 50 344  3.9  5.8 99.00 99.00 99.00 999 1006.7  11.4 999.0   8.7 99.0 99.00 
2024 02 06 18 00 349  4.1  6.0 99.00 99.00 99.00 999 1006.7  11.3 999.0   8.7 99.0 99.00 
2024 02 06 18 10 351  3.9  5.4  2.85 10.81  8.69 316 1006.7  11.5 999.0   8.9 99.0 99.00 
2024 02 06 18 20 350  4.2  6.0 99.00 99.00 99.00 999 1006.7  11.5 999.0   8.9 99.0 99.00 
2024 02 06 18 30 350  3.8  6.0 99.00 99.00 99.00 999 1006.7  11.5 999.0   8.8 99.0 99.00 
2024 02 06 18 40 347  3.9  5.5  3.19 19.05  9.19 292 1006.8  11.5 999.0   8.7 99.0 99.00 
2024 02 06 18 50 350  3.9  5.4 99.00 99.00 99.00 999 1006.8  11.6 999.0   8.5 99.0 99.00 
2024 02 06 19 00 351  3.4  5.1 99.00 99.00 99.00 999 1006.9  11.6 999.0   8.1 99.0 99.00 
2024 02 06 19 10 360  3.6  5.3  3.26 19.05  9.15 295 1006.9  11.9 999.0   8.3 99.0 99.00 
2024 02 06 19 20   1  3.8  5.8 99.00 99.00 99.00 999 1006.8  12.1 999.0   8.4 99.0 99.00 
2024 02 06 19 30 355  3.6  4.9 99.00 99.00 99.00 999 1006.8  12.2 999.0   8.1 99.0 99.00 
2024 02 06 19 40 357  3.7  5.3  3.07 19.05  9.10 293 1006.7  12.2 999.0   8.0 99.0 99.00 
2024 02 06 19 50 355  3.7  5.1 99.00 99.00 99.00 999 1006.6  12.3 999.0   8.8 99.0 99.00 
2024 02 06 20 00 344  4.6  6.4 99.00 99.00 99.00 999 1006.5  12.2 999.0   8.1 99.0 99.00 
2024 02 06 20 10 329  5.5  7.5  3.00 19.05  8.86 284 1006.4  12.4 999.0   9.4 99.0 99.00 
2024 02 06 20 20 331  5.8  7.7 99.00 99.00 99.00 999 1006.2  12.0 999.0   9.5 99.0 99.00 
2024 02 06 20 30 336  6.2  8.4 99.00 99.00 99.00 999 1006.1  12.0 999.0   9.3 99.0 99.00 
2024 02 06 20 40 334  7.1  9.6  2.86 19.05  9.03 294 1006.0  12.1 999.0   9.0 99.0 99.00 
2024 02 06 20 50 333  7.3  9.7 99.00 99.00 99.00 999 1005.8  12.4 999.0   8.9 99.0 99.00 
2024 02 06 21 00 333  8.2 10.7 99.00 99.00 99.00 999 1005.6  12.5 999.0   8.8 99.0 99.00 
2024 02 06 21 10 327  9.7 11.8  3.06 19.05  8.62 282 1005.5  12.5 999.0   9.0 99.0 99.00 
2024 02 06 21 20 326 10.4 12.5 99.00 99.00 99.00 999 1005.5  12.3 999.0   9.1 99.0 99.00 
2024 02 06 21 30 323 10.5 12.9 99.00 99.00 99.00 999 1005.4  12.3 999.0   9.1 99.0 99.00 
2024 02 06 21 40 323 10.7 12.8  2.73 19.05  7.29 286 1005.4  12.3 999.0   9.2 99.0 99.00 
2024 02 06 21 50 322 10.9 13.4 99.00 99.00 99.00 999 1005.3  12.2 999.0   9.0 99.0 99.00 
2024 02 06 22 00 324 10.3 12.6 99.00 99.00 99.00 999 1005.2  12.3 999.0   9.2 99.0 99.00 
2024 02 06 22 10 320 10.7 13.2  2.82 19.05  7.10 315 1005.2  12.2 999.0   9.3 99.0 99.00 
2024 02 06 22 20 318 10.5 12.7 99.00 99.00 99.00 999 1005.2  12.2 999.0   9.4 99.0 99.00 
2024 02 06 22 30 320 11.1 13.7 99.00 99.00 99.00 999 1005.2  12.2 999.0   8.8 99.0 99.00 
2024 02 06 22 40 316 10.7 13.1  3.39 19.05  8.11 296 1005.1  12.4 999.0   9.1 99.0 99.00 
2024 02 06 22 50 314 11.4 14.0 99.00 99.00 99.00 999 1005.1  12.3 999.0   9.1 99.0 99.00 
2024 02 06 23 00 314 11.9 14.6 99.00 99.00 99.00 999 1005.0  12.3 999.0   9.1 99.0 99.00 
2024 02 06 23 10 316 11.9 14.8  3.16 19.05  7.20 301 1005.0  12.3 999.0   9.3 99.0 99.00 
2024 02 06 23 20 320 11.3 14.2 99.00 99.00 99.00 999 1005.1  12.4 999.0   9.7 99.0 99.00 
2024 02 06 23 30 314 11.7 14.9 99.00 99.00 99.00 999 1005.1  12.3 999.0   9.7 99.0 99.00 
2024 02 06 23 40 314 11.9 15.1  3.55 19.05  7.77 291 1005.1  12.3 999.0   9.6 99.0 99.00 
2024 02 06 23 50 314 11.9 14.7 99.00 99.00 99.00 999 1005.0  12.3 999.0   9.5 99.0 99.00 
2024 02 07 00 00 317 12.4 15.8 99.00 99.00 99.00 999 1005.1  12.3 999.0   9.4 99.0 99.00 
2024 02 07 00 10 316 12.4 15.2  3.18 17.39  7.16 281 1005.0  12.3 999.0   9.2 99.0 99.00 
2024 02 07 00 20 316 11.5 14.8 99.00 99.00 99.00 999 1005.0  12.4 999.0   9.5 99.0 99.00 
2024 02 07 00 30 316 12.3 15.6 99.00 99.00 99.00 999 1005.0  12.4 999.0   9.5 99.0 99.00 
2024 02 07 00 40 319 12.7 16.1  3.37 17.39  7.21 275 1005.0  12.3 999.0   9.4 99.0 99.00 
2024 02 07 00 50 319 12.6 15.8 99.00 99.00 99.00 999 1005.1  12.3 999.0   9.3 99.0 99.00 
2024 02 07 01 00 316 13.1 16.2 99.00 99.00 99.00 999 1005.1  12.3 999.0   9.3 99.0 99.00 
2024 02 07 01 10 320 13.1 16.3  3.46 19.05  7.37 271 1004.9  12.2 999.0   9.1 99.0 99.00 
2024 02 07 01 20 320 12.7 15.8 99.00 99.00 99.00 999 1005.1  12.2 999.0   9.3 99.0 99.00 
2024 02 07 01 30 320 12.5 15.9 99.00 99.00 99.00 999 1005.2  12.2 999.0   9.4 99.0 99.00 
2024 02 07 01 40 319 12.7 15.7  3.46 19.05  7.17 298 1005.3  12.2 999.0   9.2 99.0 99.00 
2024 02 07 01 50 319 12.9 16.8 99.00 99.00 99.00 999 1005.3  12.2 999.0   9.0 99.0 99.00 
2024 02 07 02 00 318 12.7 15.9 99.00 99.00 99.00 999 1005.6  12.2 999.0   9.3 99.0 99.00 
2024 02 07 02 10 321 12.5 14.9  3.39 19.05  7.34 289 1005.5  12.2 999.0   9.4 99.0 99.00 
2024 02 07 02 20 321 12.7 16.0 99.00 99.00 99.00 999 1005.6  12.1 999.0   9.3 99.0 99.00 
2024 02 07 02 30 321 12.0 15.2 99.00 99.00 99.00 999 1005.8  12.2 999.0   9.1 99.0 99.00 
2024 02 07 02 40 322 11.2 14.2  3.36 19.05  7.02 294 1005.9  12.2 999.0   9.3 99.0 99.00 
2024 02 07 02 50 320 11.9 14.7 99.00 99.00 99.00 999 1006.0  12.1 999.0   8.8 99.0 99.00 
2024 02 07 03 00 320 11.8 14.8 99.00 99.00 99.00 999 1006.0  12.2 999.0   9.1 99.0 99.00 
2024 02 07 03 10 325 11.9 14.2  3.18  7.69  6.93 313 1006.1  12.2 999.0   8.7 99.0 99.00 
2024 02 07 03 20 324 11.7 15.9 99.00 99.00 99.00 999 1006.1  12.2 999.0   8.7 99.0 99.00 
2024 02 07 03 30 324 11.6 14.6 99.00 99.00 99.00 999 1006.2  12.3 999.0   9.0 99.0 99.00 
2024 02 07 03 40 325 11.6 14.7  3.44 17.39  7.06 303 1006.3  12.2 999.0   9.0 99.0 99.00 
2024 02 07 03 50 324 11.5 14.0 99.00 99.00 99.00 999 1006.4  12.2 999.0   8.8 99.0 99.00 
2024 02 07 04 00 321 10.8 14.3 99.00 99.00 99.00 999 1006.4  12.3 999.0   9.1 99.0 99.00 
2024 02 07 04 10 321 11.6 14.8  3.48 17.39  7.31 296 1006.4  12.1 999.0   8.9 99.0 99.00 
2024 02 07 04 20 319 12.4 14.9 99.00 99.00 99.00 999 1006.4  12.1 999.0   8.7 99.0 99.00 
2024 02 07 04 30 317 11.5 14.2 99.00 99.00 99.00 999 1006.5  12.1 999.0   9.1 99.0 99.00 
2024 02 07 04 40 321 11.6 14.4  3.49 17.39  7.32 298 1006.6  12.0 999.0   8.8 99.0 99.00 
2024 02 07 04 50 319 11.6 14.6 99.00 99.00 99.00 999 1006.7  12.0 999.0   8.7 99.0 99.00 
2024 02 07 05 00 319 11.1 14.2 99.00 99.00 99.00 999 1006.8  12.2 999.0   8.9 99.0 99.00 
2024 02 07 05 10 319 11.3 13.9  3.39 17.39  7.18 289 1007.0  12.2 999.0   9.0 99.0 99.00 
2024 02 07 05 20 322 11.4 14.3 99.00 99.00 99.00 999 1007.1  12.1 999.0   8.6 99.0 99.00 
2024 02 07 05 30 323 11.2 14.0 99.00 99.00 99.00 999 1007.2  12.1 999.0   8.5 99.0 99.00 
2024 02 07 05 40 324 10.8 14.1  3.51 17.39  7.46 300 1007.2  12.3 999.0   8.7 99.0 99.00 
2024 02 07 05 50 321 11.7 14.5 99.00 99.00 99.00 999 1007.3  12.2 999.0   8.2 99.0 99.00 
2024 02 07 06 00 321 11.5 14.8 99.00 99.00 99.00 999 1007.3  12.2 999.0   8.4 99.0 99.00 
2024 02 07 06 10 324 11.4 14.3  3.62 17.39  7.71 295 1007.3  12.2 999.0   8.3 99.0 99.00 
2024 02 07 06 20 325 11.9 14.7 99.00 99.00 99.00 999 1007.5  12.1 999.0   8.1 99.0 99.00 
2024 02 07 06 30 326 11.5 15.1 99.00 99.00 99.00 999 1007.5  12.2 999.0   8.5 99.0 99.00 
2024 02 07 06 40 329 11.7 15.4  3.27 17.39  6.95 294 1007.6  12.2 999.0   8.5 99.0 99.00 
2024 02 07 06 50 324 12.1 15.1 99.00 99.00 99.00 999 1007.7  12.2 999.0   8.5 99.0 99.00 
2024 02 07 07 00 323 12.4 16.0 99.00 99.00 99.00 999 1007.7  12.2 999.0   8.5 99.0 99.00 
2024 02 07 07 10 324 12.1 15.9  3.48 17.39  7.16 302 1007.7  12.2 999.0   9.1 99.0 99.00 
2024 02 07 07 20 320 12.3 15.1 99.00 99.00 99.00 999 1007.7  12.1 999.0   9.1 99.0 99.00 
2024 02 07 07 30 321 11.9 15.0 99.00 99.00 99.00 999 1007.7  12.2 999.0   9.4 99.0 99.00 
2024 02 07 07 40 316 12.1 15.4  3.28 17.39  6.97 309 1007.9  12.1 999.0   9.5 99.0 99.00 
2024 02 07 07 50 316 12.5 15.5 99.00 99.00 99.00 999 1007.9  12.0 999.0   9.3 99.0 99.00 
2024 02 07 08 00 318 11.9 15.0 99.00 99.00 99.00 999 1008.1  12.0 999.0   9.3 99.0 99.00 
2024 02 07 08 10 319 12.6 15.6  3.22 17.39  6.77 284 1008.1  12.0 999.0   9.0 99.0 99.00 
2024 02 07 08 20 316 12.6 15.1 99.00 99.00 99.00 999 1008.2  12.0 999.0   8.7 99.0 99.00 
2024 02 07 08 30 315 11.9 15.1 99.00 99.00 99.00 999 1008.2  12.0 999.0   9.3 99.0 99.00 
2024 02 07 08 40 315 12.1 15.1  3.27 16.00  6.88 288 1008.3  11.9 999.0   9.2 99.0 99.00 
2024 02 07 08 50 316 12.3 15.4 99.00 99.00 99.00 999 1008.2  11.8 999.0   9.0 99.0 99.00 
2024 02 07 09 00 316 12.4 15.8 99.00 99.00 99.00 999 1008.3  11.8 999.0   8.8 99.0 99.00 
2024 02 07 09 10 318 12.3 15.4  3.50 16.00  7.11 301 1008.3  11.8 999.0   8.7 99.0 99.00 
2024 02 07 09 20 319 12.5 15.4 99.00 99.00 99.00 999 1008.4  11.7 999.0   8.6 99.0 99.00 
2024 02 07 09 30 321 11.9 14.9 99.00 99.00 99.00 999 1008.5  11.8 999.0   8.7 99.0 99.00 
2024 02 07 09 40 316 12.1 15.4  3.30 17.39  7.52 301 1008.6  11.7 999.0   8.4 99.0 99.00 
2024 02 07 09 50 314 11.7 14.9 99.00 99.00 99.00 999 1008.5  11.8 999.0   8.6 99.0 99.00 
2024 02 07 10 00 314 12.2 15.4 99.00 99.00 99.00 999 1008.5  11.8 999.0   8.6 99.0 99.00 
2024 02 07 10 10 313 11.5 14.8  3.47 17.39  7.30 295 1008.6  11.9 999.0   8.6 99.0 99.00 
2024 02 07 10 20 318 11.7 14.6 99.00 99.00 99.00 999 1008.6  12.0 999.0   8.4 99.0 99.00 
2024 02 07 10 30 312 11.2 13.8 99.00 99.00 99.00 999 1008.7  12.0 999.0   8.3 99.0 99.00 
2024 02 07 10 40 310 10.9 14.1  3.61 17.39  7.56 297 1008.6  12.0 999.0   8.2 99.0 99.00 
2024 02 07 10 50 309 10.7 13.8 99.00 99.00 99.00 999 1008.5  12.0 999.0   8.2 99.0 99.00 
2024 02 07 11 00 310 10.6 12.9 99.00 99.00 99.00 999 1008.4  11.9 999.0   7.9 99.0 99.00 
2024 02 07 11 10 312 10.6 13.6  3.82 16.00  7.89 297 1008.4  12.0 999.0   7.9 99.0 99.00 
2024 02 07 11 20 313 10.5 13.2 99.00 99.00 99.00 999 1008.3  12.0 999.0   7.8 99.0 99.00 
2024 02 07 11 30 315 10.2 13.1 99.00 99.00 99.00 999 1008.3  12.0 999.0   7.7 99.0 99.00 
2024 02 07 11 40 311  9.9 12.8  3.40 17.39  7.46 287 1008.2  12.0 999.0   7.6 99.0 99.00 
2024 02 07 11 50 307  9.8 13.0 99.00 99.00 99.00 999 1008.2  12.0 999.0   7.8 99.0 99.00 
2024 02 07 12 00 309  9.4 11.5 99.00 99.00 99.00 999 1008.2  12.0 999.0   7.5 99.0 99.00 
2024 02 07 12 10 311  9.9 11.6  3.19 17.39  7.28 280 1008.2  12.0 999.0   7.6 99.0 99.00 
2024 02 07 12 20 300  9.8 12.5 99.00 99.00 99.00 999 1008.3  11.9 999.0   8.7 99.0 99.00 
2024 02 07 12 30 297  9.8 12.7 99.00 99.00 99.00 999 1008.2  11.7 999.0   8.6 99.0 99.00 
2024 02 07 12 40 300 10.0 11.9  3.22 14.81  7.39 291 1008.2  11.6 999.0   8.8 99.0 99.00 
2024 02 07 12 50 305 10.1 12.8 99.00 99.00 99.00 999 1008.4  11.6 999.0   8.8 99.0 99.00 
2024 02 07 13 00 317  9.2 12.2 99.00 99.00 99.00 999 1008.4  11.3 999.0   8.9 99.0 99.00 
2024 02 07 13 10 309  8.7 11.0  3.35 16.00  7.93 286 1008.4  11.4 999.0   8.5 99.0 99.00 
2024 02 07 13 20 300  8.3 10.4 99.00 99.00 99.00 999 1008.3  11.5 999.0   8.4 99.0 99.00 
2024 02 07 13 30 297  8.4 10.7 99.00 99.00 99.00 999 1008.3  11.5 999.0   7.8 99.0 99.00 
2024 02 07 13 40 299  8.6 10.6  2.74 13.79  6.89 291 1008.3  11.5 999.0   8.0 99.0 99.00 
2024 02 07 13 50 298  8.9 11.5 99.00 99.00 99.00 999 1008.2  11.5 999.0   8.0 99.0 99.00 
2024 02 07 14 00 303  8.4 10.3 99.00 99.00 99.00 999 1008.2  11.6 999.0   8.3 99.0 99.00 
2024 02 07 14 10 295  7.7  9.8  3.00 16.00  7.47 284 1008.1  11.6 999.0   8.4 99.0 99.00 
2024 02 07 14 20 291  7.1  9.2 99.00 99.00 99.00 999 1008.0  11.5 999.0   8.6 99.0 99.00 
2024 02 07 14 30 287  7.1  9.5 99.00 99.00 99.00 999 1007.9  11.6 999.0   8.5 99.0 99.00 
2024 02 07 14 40 279  7.0  9.0  3.10 14.81  7.80 289 1008.0  11.7 999.0   8.5 99.0 99.00 
2024 02 07 14 50 277  6.4  9.1 99.00 99.00 99.00 999 1007.9  11.7 999.0   8.5 99.0 99.00 
2024 02 07 15 00 270  7.3  9.6 99.00 99.00 99.00 999 1007.9  11.9 999.0   8.3 99.0 99.00 
2024 02 07 15 10 272  7.7 10.1  3.02 14.81  7.88 290 1008.0  11.8 999.0   8.1 99.0 99.00 
2024 02 07 15 20 266  7.5 10.6 99.00 99.00 99.00 999 1007.9  11.3 999.0   8.0 99.0 99.00 
2024 02 07 15 30 257  6.8  8.7 99.00 99.00 99.00 999 1007.9  11.2 999.0   8.7 99.0 99.00 
2024 02 07 15 40 262  6.6  8.2 99.00 99.00 99.00 999 1007.8  10.9 999.0   8.8 99.0 99.00 
2024 02 07 15 50 252  7.0  9.1 99.00 99.00 99.00 999 1007.6  10.9 999.0   9.1 99.0 99.00 
2024 02 07 16 00 236  5.8  8.1 99.00 99.00 99.00 999 1007.4  10.8 999.0   9.3 99.0 99.00 
2024 02 07 16 10 233  5.6  7.4  2.86 16.00  8.04 291 1007.5  10.8 999.0   9.5 99.0 99.00 
2024 02 07 16 20 234  6.2  7.6 99.00 99.00 99.00 999 1007.5  10.8 999.0   9.8 99.0 99.00 
2024 02 07 16 30 226  7.3  9.1 99.00 99.00 99.00 999 1007.4  10.9 999.0  10.2 99.0 99.00 
2024 02 07 16 40 234  7.0  9.8  2.71 14.81  7.91 288 1007.1  10.9 999.0  10.3 99.0 99.00 
2024 02 07 16 50 232  7.3  9.6 99.00 99.00 99.00 999 1007.1  10.7 999.0  10.0 99.0 99.00 
2024 02 07 17 00 243  6.8  9.0 99.00 99.00 99.00 999 1007.2  10.7 999.0   9.9 99.0 99.00 
2024 02 07 17 10 239  5.3  8.1  2.66 16.00  7.83 289 1007.4  10.8 999.0  10.1 99.0 99.00 
2024 02 07 17 20 239  4.6  7.4 99.00 99.00 99.00 999 1007.2  10.8 999.0  10.1 99.0 99.00 
2024 02 07 17 30 268  6.5  9.1 99.00 99.00 99.00 999 1007.1  11.0 999.0   9.8 99.0 99.00 
2024 02 07 17 40 297  7.4  9.5  2.71 14.81  8.13 281 1007.1  11.2 999.0   9.4 99.0 99.00 
2024 02 07 17 50 304  7.5 10.0 99.00 99.00 99.00 999 1007.0  11.3 999.0   9.1 99.0 99.00 
2024 02 07 18 00 290  9.0 11.7 99.00 99.00 99.00 999 1007.1  11.5 999.0   9.2 99.0 99.00 
2024 02 07 18 10 297  8.9 11.0  2.70 16.00  7.76 293 1007.2  11.6 999.0   9.5 99.0 99.00 
2024 02 07 18 20 296  9.3 12.0 99.00 99.00 99.00 999 1007.3  11.5 999.0   9.3 99.0 99.00 
2024 02 07 18 30 293 10.1 13.0 99.00 99.00 99.00 999 1007.2  11.6 999.0   9.6 99.0 99.00 
2024 02 07 18 40 303 10.7 14.2  2.94 13.79  7.64 288 1007.2  11.5 999.0   9.3 99.0 99.00 
2024 02 07 18 50 309 10.9 14.9 99.00 99.00 99.00 999 1007.4  11.1 999.0   9.2 99.0 99.00 
2024 02 07 19 00 323 11.6 15.1 99.00 99.00 99.00 999 1007.4  11.0 999.0   8.8 99.0 99.00 
2024 02 07 19 10 317 11.1 16.0  2.71 16.00  7.14 304 1007.3  11.4 999.0   8.9 99.0 99.00 
2024 02 07 19 20 313 14.1 18.9 99.00 99.00 99.00 999 1007.4  11.3 999.0   8.8 99.0 99.00 
2024 02 07 19 30 313 12.9 17.2 99.00 99.00 99.00 999 1007.4  11.3 999.0   8.7 99.0 99.00 
2024 02 07 19 40 315 13.1 17.3  2.98 14.81  6.87 295 1007.3  11.6 999.0   7.8 99.0 99.00 
2024 02 07 19 50 310 13.1 16.4 99.00 99.00 99.00 999 1007.3  11.7 999.0   7.8 99.0 99.00 
2024 02 07 20 00 309 12.8 15.5 99.00 99.00 99.00 999 1007.1  11.8 999.0   7.8 99.0 99.00 
2024 02 07 20 10 312 13.7 18.3  3.10 13.79  6.72 288 1007.2  11.4 999.0   7.8 99.0 99.00 
2024 02 07 20 20 308 12.4 16.3 99.00 99.00 99.00 999 1007.2  11.5 999.0   8.2 99.0 99.00 
2024 02 07 20 30 309 13.8 17.6 99.00 99.00 99.00 999 1007.1  11.2 999.0   7.9 99.0 99.00 
2024 02 07 20 40 314 14.2 17.8  3.30 14.81  6.45 284 1007.1  10.8 999.0   7.7 99.0 99.00 
2024 02 07 20 50 319 15.1 18.4 99.00 99.00 99.00 999 1007.1  10.6 999.0   7.7 99.0 99.00 
2024 02 07 21 00 325 13.5 17.7 99.00 99.00 99.00 999 1007.1  10.3 999.0   7.4 99.0 99.00 
2024 02 07 21 10 325 12.5 15.7  3.20 14.81  6.82 301 1007.1  11.0 999.0   7.9 99.0 99.00 
2024 02 07 21 20 321 12.6 15.3 99.00 99.00 99.00 999 1007.0  11.1 999.0   7.9 99.0 99.00 
2024 02 07 21 30 330 12.9 18.3 99.00 99.00 99.00 999 1007.1  10.8 999.0   7.8 99.0 99.00 
2024 02 07 21 40 333 12.9 16.2  3.26  7.14  6.50 316 1007.2  10.2 999.0   7.8 99.0 99.00 
2024 02 07 21 50 326 12.5 15.3 99.00 99.00 99.00 999 1007.3  10.4 999.0   7.8 99.0 99.00 
2024 02 07 22 00 309 12.1 16.5 99.00 99.00 99.00 999 1007.5   9.9 999.0   8.1 99.0 99.00 
2024 02 07 22 10 324 11.8 16.4  3.55  7.69  6.77 312 1007.3  10.3 999.0   7.9 99.0 99.00 
2024 02 07 22 20 326 11.8 15.2 99.00 99.00 99.00 999 1007.2  10.7 999.0   7.8 99.0 99.00 
2024 02 07 22 30 321 12.8 17.5 99.00 99.00 99.00 999 1007.1  10.9 999.0   6.9 99.0 99.00 
2024 02 07 22 40 319 13.6 17.2  3.41  9.09  6.67 308 1007.2  11.3 999.0   6.6 99.0 99.00 
2024 02 07 22 50 316 13.1 16.5 99.00 99.00 99.00 999 1007.2  11.5 999.0   6.7 99.0 99.00 
2024 02 07 23 00 315 13.8 17.5 99.00 99.00 99.00 999 1007.4  11.2 999.0   7.3 99.0 99.00 
2024 02 07 23 10 320 13.6 17.7  4.04  8.33  7.08 315 1007.4  10.6 999.0   7.2 99.0 99.00 
2024 02 07 23 20 315 12.6 16.8 99.00 99.00 99.00 999 1007.4  11.0 999.0   6.8 99.0 99.00 
2024 02 07 23 30 318 12.9 16.1 99.00 99.00 99.00 999 1007.6  11.3 999.0   7.0 99.0 99.00 
2024 02 07 23 40 331 13.8 17.9  3.94  8.33  7.12 311 1007.7  10.6 999.0   6.8 99.0 99.00 
2024 02 07 23 50 325 12.2 15.5 99.00 99.00 99.00 999 1007.6  10.8 999.0   6.5 99.0 99.00 
2024 02 08 00 00 310 12.6 15.9 99.00 99.00 99.00 999 1007.5  11.1 999.0   7.4 99.0 99.00 
2024 02 08 00 10 309 13.3 16.3  3.76  9.09  7.04 309 1007.5  11.3 999.0   7.0 99.0 99.00 
2024 02 08 00 20 309 13.5 16.9 99.00 99.00 99.00 999 1007.6  11.3 999.0   6.4 99.0 99.00 
2024 02 08 00 30 309 13.4 17.2 99.00 99.00 99.00 999 1007.7  11.3 999.0   6.9 99.0 99.00 
2024 02 08 00 40 312 13.3 17.6  3.86  9.09  7.21 309 1007.8  11.2 999.0   7.3 99.0 99.00 
2024 02 08 00 50 317 12.8 16.4 99.00 99.00 99.00 999 1008.0  11.1 999.0   6.3 99.0 99.00 
2024 02 08 01 00 314 12.1 15.1 99.00 99.00 99.00 999 1008.0  11.2 999.0   6.9 99.0 99.00 
2024 02 08 01 10 307 12.8 16.0  3.84  9.09  7.12 311 1008.0  11.2 999.0   6.8 99.0 99.00 
2024 02 08 01 20 308 12.9 16.7 99.00 99.00 99.00 999 1008.0  11.1 999.0   6.6 99.0 99.00 
2024 02 08 01 30 305 13.2 18.6 99.00 99.00 99.00 999 1008.2  10.9 999.0   7.1 99.0 99.00 
2024 02 08 01 40 306 12.3 15.8  3.94 10.00  7.28 309 1008.2  10.4 999.0   7.0 99.0 99.00 
2024 02 08 01 50 310 12.9 15.7 99.00 99.00 99.00 999 1008.1  10.9 999.0   6.9 99.0 99.00 
2024 02 08 02 00 312 13.2 16.3 99.00 99.00 99.00 999 1008.2  11.1 999.0   7.1 99.0 99.00 
2024 02 08 02 10 309 13.1 16.3  3.87 10.00  7.17 309 1008.2  11.1 999.0   7.1 99.0 99.00 
2024 02 08 02 20 309 12.9 16.6 99.00 99.00 99.00 999 1008.4  11.1 999.0   7.5 99.0 99.00 
2024 02 08 02 30 310 12.7 16.1 99.00 99.00 99.00 999 1008.5  11.0 999.0   7.5 99.0 99.00 
2024 02 08 02 40 314 13.4 16.3  4.05  9.09  7.41 311 1008.6  11.2 999.0   7.5 99.0 99.00 
2024 02 08 02 50 315 13.8 17.1 99.00 99.00 99.00 999 1008.8  11.2 999.0   6.9 99.0 99.00 
2024 02 08 03 00 316 13.7 17.0 99.00 99.00 99.00 999 1008.8  11.3 999.0   6.3 99.0 99.00 
2024 02 08 03 10 311 12.7 16.8  4.01  9.09  7.22 313 1009.0  11.2 999.0   7.9 99.0 99.00 
2024 02 08 03 20 314 13.2 16.8 99.00 99.00 99.00 999 1009.2  11.1 999.0   7.6 99.0 99.00 
2024 02 08 03 30 319 12.8 16.3 99.00 99.00 99.00 999 1009.4  11.1 999.0   7.3 99.0 99.00 
2024 02 08 03 40 320 13.1 16.0  3.73  8.33  7.17 315 1009.5  11.0 999.0   7.0 99.0 99.00 
2024 02 08 03 50 320 12.6 15.9 99.00 99.00 99.00 999 1009.6  11.0 999.0   7.0 99.0 99.00 
2024 02 08 04 00 318 12.4 15.4 99.00 99.00 99.00 999 1009.8  11.0 999.0   7.1 99.0 99.00 
2024 02 08 04 10 316 12.2 15.3  3.83 10.00  7.43 307 1009.9  11.0 999.0   6.9 99.0 99.00 
2024 02 08 04 20 319 12.1 15.1 99.00 99.00 99.00 999 1010.0  11.1 999.0   7.1 99.0 99.00 
2024 02 08 04 30 316 12.3 15.2 99.00 99.00 99.00 999 1010.1  11.1 999.0   7.0 99.0 99.00 
2024 02 08 04 40 319 12.6 15.9  4.01 10.00  7.50 306 1010.2  11.0 999.0   7.1 99.0 99.00 
2024 02 08 04 50 318 11.8 14.8 99.00 99.00 99.00 999 1010.2  11.1 999.0   7.1 99.0 99.00 
2024 02 08 05 00 315 11.4 14.8 99.00 99.00 99.00 999 1010.3  11.2 999.0   7.6 99.0 99.00 
2024 02 08 05 10 319 11.9 15.2  3.68 10.00  7.18 309 1010.4  11.2 999.0   7.4 99.0 99.00 
2024 02 08 05 20 318 11.6 15.4 99.00 99.00 99.00 999 1010.5  11.3 999.0   7.4 99.0 99.00 
2024 02 08 05 30 316 11.5 15.4 99.00 99.00 99.00 999 1010.6  11.3 999.0   7.8 99.0 99.00 
2024 02 08 05 40 319 11.9 15.0  3.77 10.00  7.65 311 1010.7  11.2 999.0   7.4 99.0 99.00 
2024 02 08 05 50 318 11.5 14.2 99.00 99.00 99.00 999 1010.9  11.3 999.0   7.8 99.0 99.00 
2024 02 08 06 00 316 11.3 14.3 99.00 99.00 99.00 999 1010.9  11.3 999.0   8.0 99.0 99.00 
2024 02 08 06 10 316 11.6 14.3  4.04 10.00  7.83 309 1010.9  11.3 999.0   8.0 99.0 99.00 
2024 02 08 06 20 316 11.5 14.4 99.00 99.00 99.00 999 1011.0  11.3 999.0   8.2 99.0 99.00 
2024 02 08 06 30 318 10.6 13.5 99.00 99.00 99.00 999 1011.0  11.2 999.0   8.1 99.0 99.00 
2024 02 08 06 40 308 10.6 14.1  4.03  9.09  7.82 308 1011.0  11.1 999.0   8.3 99.0 99.00 
2024 02 08 06 50 307 11.5 14.6 99.00 99.00 99.00 999 1011.1  11.2 999.0   8.4 99.0 99.00 
2024 02 08 07 00 315 11.1 15.3 99.00 99.00 99.00 999 1011.2  11.2 999.0   8.5 99.0 99.00 
2024 02 08 07 10 316 10.8 13.8  3.83 10.00  7.67 302 1011.3  11.3 999.0   8.5 99.0 99.00 
2024 02 08 07 20 325 10.4 13.6 99.00 99.00 99.00 999 1011.3  11.3 999.0   8.5 99.0 99.00 
2024 02 08 07 30 322  9.8 13.3 99.00 99.00 99.00 999 1011.5  11.2 999.0   9.1 99.0 99.00 
2024 02 08 07 40 321  9.2 11.9  3.97 10.81  7.95 306 1011.5  11.2 999.0   9.0 99.0 99.00 
2024 02 08 07 50 332  9.5 12.7 99.00 99.00 99.00 999 1011.4  11.2 999.0   8.8 99.0 99.00 
2024 02 08 08 00 332  9.5 13.1 99.00 99.00 99.00 999 1011.6  11.1 999.0   8.5 99.0 99.00 
2024 02 08 08 10 335  8.4 11.7  4.13 10.00  8.14 304 1011.8  11.2 999.0   8.8 99.0 99.00 
2024 02 08 08 20 335  7.7 11.4 99.00 99.00 99.00 999 1011.8  11.0 999.0   8.6 99.0 99.00 
2024 02 08 08 30 339  7.8 10.0 99.00 99.00 99.00 999 1011.9  11.0 999.0   8.5 99.0 99.00 
2024 02 08 08 40 340  7.1  9.5  3.77 11.43  8.00 304 1011.9  10.9 999.0   8.3 99.0 99.00 
2024 02 08 08 50 335  6.7  9.0 99.00 99.00 99.00 999 1012.1  10.9 999.0   8.2 99.0 99.00 
2024 02 08 09 00 333  6.9  9.1 99.00 99.00 99.00 999 1012.1  10.8 999.0   8.2 99.0 99.00 
2024 02 08 09 10 335  6.7  9.5  3.96 10.00  8.32 308 1012.1  10.7 999.0   8.1 99.0 99.00 
2024 02 08 09 20 334  6.6  9.0 99.00 99.00 99.00 999 1012.1  10.7 999.0   8.1 99.0 99.00 
2024 02 08 09 30 339  6.4  8.4 99.00 99.00 99.00 999 1012.2  10.7 999.0   8.1 99.0 99.00 
2024 02 08 09 40 334  6.5  9.5  4.04 11.43  8.43 309 1012.3  10.8 999.0   8.2 99.0 99.00 
2024 02 08 09 50 323  7.2  9.8 99.00 99.00 99.00 999 1012.4  10.8 999.0   8.2 99.0 99.00 
2024 02 08 10 00 326  7.4  9.3 99.00 99.00 99.00 999 1012.5  10.8 999.0   8.0 99.0 99.00 
2024 02 08 10 10 330  7.6  9.5  3.68 11.43  8.09 298 1012.6  10.9 999.0   8.0 99.0 99.00 
2024 02 08 10 20 326  7.7 10.0 99.00 99.00 99.00 999 1012.7  11.0 999.0   8.1 99.0 99.00 
2024 02 08 10 30 330  8.1 10.6 99.00 99.00 99.00 999 1012.7  11.0 999.0   8.2 99.0 99.00 
2024 02 08 10 40 322  7.9 10.3  3.75 10.81  8.26 308 1012.8  11.0 999.0   8.3 99.0 99.00 
2024 02 08 10 50 324  8.0 10.5 99.00 99.00 99.00 999 1012.8  11.1 999.0   8.5 99.0 99.00 
2024 02 08 11 00 328  8.1 10.3 99.00 99.00 99.00 999 1012.8  11.0 999.0   8.3 99.0 99.00 
2024 02 08 11 10 322  8.3 10.6  3.90 11.43  8.46 300 1012.8  10.9 999.0   8.1 99.0 99.00 
2024 02 08 11 20 325  8.7 11.0 99.00 99.00 99.00 999 1012.9  10.9 999.0   8.2 99.0 99.00 
2024 02 08 11 30 326  8.9 11.4 99.00 99.00 99.00 999 1013.0  10.9 999.0   8.1 99.0 99.00 
2024 02 08 11 40 325  9.1 11.6  3.80 10.81  8.03 305 1013.1  10.9 999.0   8.1 99.0 99.00 
2024 02 08 11 50 324  9.1 11.8 99.00 99.00 99.00 999 1013.2  10.9 999.0   8.1 99.0 99.00 
2024 02 08 12 00 326  9.3 11.8 99.00 99.00 99.00 999 1013.3  10.8 999.0   8.2 99.0 99.00 
2024 02 08 12 10 327  8.8 11.5  3.89 10.81  8.21 307 1013.4  10.8 999.0   8.3 99.0 99.00 
2024 02 08 12 20 333  8.5 11.2 99.00 99.00 99.00 999 1013.4  10.8 999.0   8.5 99.0 99.00 
2024 02 08 12 30 335  8.8 11.0 99.00 99.00 99.00 999 1013.5  10.7 999.0   8.3 99.0 99.00 
2024 02 08 12 40 339  8.5 11.1  4.13 11.43  8.42 300 1013.5  10.7 999.0   8.4 99.0 99.00 
2024 02 08 12 50 345  8.2 10.7 99.00 99.00 99.00 999 1013.6  10.7 999.0   8.4 99.0 99.00 
2024 02 08 13 00 340  8.5 11.1 99.00 99.00 99.00 999 1013.6  10.7 999.0   8.3 99.0 99.00 
2024 02 08 13 10 334  8.6 10.8  4.05 10.81  8.27 300 1013.7  10.7 999.0   8.3 99.0 99.00 
2024 02 08 13 20 338  8.4 10.7 99.00 99.00 99.00 999 1013.8  10.8 999.0   8.4 99.0 99.00 
2024 02 08 13 30 342  8.2 10.9 99.00 99.00 99.00 999 1013.9  10.7 999.0   8.4 99.0 99.00 
2024 02 08 13 40 341  7.9 10.3  3.93 11.43  8.40 311 1013.9  10.7 999.0   8.2 99.0 99.00 
2024 02 08 13 50 343  7.1  9.2 99.00 99.00 99.00 999 1013.9  10.7 999.0   8.1 99.0 99.00 
2024 02 08 14 00 339  7.6 10.3 99.00 99.00 99.00 999 1013.9  10.8 999.0   8.3 99.0 99.00 
2024 02 08 14 10 337  7.4  9.4  3.88 11.43  8.45 308 1014.0  10.8 999.0   8.3 99.0 99.00 
2024 02 08 14 20 338  8.0 10.1 99.00 99.00 99.00 999 1013.9  10.8 999.0   8.2 99.0 99.00 
2024 02 08 14 30 344  7.7 10.0 99.00 99.00 99.00 999 1013.9  10.8 999.0   8.1 99.0 99.00 
2024 02 08 14 40 344  6.7  8.9  3.70 10.81  8.10 310 1014.1  10.7 999.0   7.9 99.0 99.00 
2024 02 08 14 50 339  6.3  8.2 99.00 99.00 99.00 999 1014.2  10.8 999.0   8.0 99.0 99.00 
2024 02 08 15 00 343  5.5  7.7 99.00 99.00 99.00 999 1014.4  10.8 999.0   8.0 99.0 99.00 
2024 02 08 15 10 349  5.0  7.1  3.98 10.81  8.41 305 1014.5  10.7 999.0   7.8 99.0 99.00 
2024 02 08 15 20 344  4.6  7.0 99.00 99.00 99.00 999 1014.4  10.8 999.0   8.0 99.0 99.00 
2024 02 08 15 30 339  4.7  7.2 99.00 99.00 99.00 999 1014.5  10.7 999.0   7.9 99.0 99.00 
2024 02 08 15 40 345  4.5  6.7  3.55 10.81  8.06 301 1014.6  10.8 999.0   8.1 99.0 99.00 
2024 02 08 15 50 344  4.6  8.7 99.00 99.00 99.00 999 1014.7  10.8 999.0   8.2 99.0 99.00 
2024 02 08 16 00 339  6.3 10.2 99.00 99.00 99.00 999 1014.6  11.0 999.0   8.6 99.0 99.00 
2024 02 08 16 10 329  7.3 10.0  3.41 10.81  8.02 312 1014.8  11.1 999.0   8.6 99.0 99.00 
2024 02 08 16 20 325  7.6  9.5 99.00 99.00 99.00 999 1014.9  11.1 999.0   8.4 99.0 99.00 
2024 02 08 16 30 325  7.4  9.5 99.00 99.00 99.00 999 1015.0  11.1 999.0   8.5 99.0 99.00 
2024 02 08 16 40 329  7.7 10.0  4.15 11.43  8.42 311 1015.1  11.2 999.0   8.5 99.0 99.00 
2024 02 08 16 50 321  7.9 10.5 99.00 99.00 99.00 999 1015.2  11.2 999.0   8.4 99.0 99.00 
2024 02 08 17 00 325  8.8 11.7 99.00 99.00 99.00 999 1015.3  11.2 999.0   8.1 99.0 99.00 
2024 02 08 17 10 325  8.6 11.2  3.54 10.81  7.87 306 1015.4  11.2 999.0   8.2 99.0 99.00 
2024 02 08 17 20 330  8.7 11.2 99.00 99.00 99.00 999 1015.5  11.1 999.0   8.0 99.0 99.00 
2024 02 08 17 30 329  8.7 11.1 99.00 99.00 99.00 999 1015.6  11.1 999.0   7.8 99.0 99.00 
2024 02 08 17 40 325  8.5 10.7  3.70 11.43  7.98 305 1015.7  11.0 999.0   7.6 99.0 99.00 
2024 02 08 17 50 325  9.2 12.0 99.00 99.00 99.00 999 1015.8  11.1 999.0   7.7 99.0 99.00 
2024 02 08 18 00 329  8.9 11.0 99.00 99.00 99.00 999 1015.8  11.0 999.0   7.8 99.0 99.00 
2024 02 08 18 10 323  9.5 12.2  3.55 10.00  7.79 311 1015.9  11.0 999.0   7.7 99.0 99.00 
2024 02 08 18 20 327  9.8 12.2 99.00 99.00 99.00 999 1016.0  11.0 999.0   7.7 99.0 99.00 
2024 02 08 18 30 327  8.8 11.5 99.00 99.00 99.00 999 1016.0  11.1 999.0   8.0 99.0 99.00 
2024 02 08 18 40 321  9.4 12.5  3.75 11.43  8.12 309 1016.1  11.1 999.0   8.1 99.0 99.00 
2024 02 08 18 50 325  8.9 11.0 99.00 99.00 99.00 999 1016.2  11.1 999.0   8.1 99.0 99.00 
2024 02 08 19 00 321  9.3 11.7 99.00 99.00 99.00 999 1016.3  11.1 999.0   8.1 99.0 99.00 
2024 02 08 19 10 318  9.0 11.7  3.87 11.43  8.17 313 1016.3  11.2 999.0   8.2 99.0 99.00 
2024 02 08 19 20 317  8.9 11.3 99.00 99.00 99.00 999 1016.4  11.3 999.0   8.5 99.0 99.00 
2024 02 08 19 30 317  8.8 11.4 99.00 99.00 99.00 999 1016.4  11.3 999.0   8.5 99.0 99.00 
2024 02 08 19 40 318  9.2 11.8  3.48 11.43  7.74 306 1016.5  11.3 999.0   8.4 99.0 99.00 
2024 02 08 19 50 321  9.0 11.5 99.00 99.00 99.00 999 1016.5  11.3 999.0   8.3 99.0 99.00 
2024 02 08 20 00 318  9.4 11.5 99.00 99.00 99.00 999 1016.4  11.3 999.0   8.3 99.0 99.00 
2024 02 08 20 10 317  9.2 12.2  3.29 10.81  7.54 300 1016.4  11.3 999.0   8.3 99.0 99.00 
2024 02 08 20 20 318  9.3 11.6 99.00 99.00 99.00 999 1016.3  11.4 999.0   8.4 99.0 99.00 
2024 02 08 20 30 320  9.4 12.7 99.00 99.00 99.00 999 1016.3  11.5 999.0   8.5 99.0 99.00 
2024 02 08 20 40 320  9.5 11.8  3.49 10.81  7.43 305 1016.1  11.6 999.0   8.6 99.0 99.00 
2024 02 08 20 50 317  9.2 11.7 99.00 99.00 99.00 999 1016.1  11.6 999.0   8.7 99.0 99.00 
2024 02 08 21 00 317  8.8 11.5 99.00 99.00 99.00 999 1016.1  11.7 999.0   8.9 99.0 99.00 
2024 02 08 21 10 321  9.2 11.9  3.55 10.81  7.68 311 1016.1  11.6 999.0   8.7 99.0 99.00 
2024 02 08 21 20 321  9.2 12.1 99.00 99.00 99.00 999 1016.1  11.6 999.0   8.7 99.0 99.00 
2024 02 08 21 30 319  9.6 12.3 99.00 99.00 99.00 999 1016.0  11.6 999.0   8.6 99.0 99.00 
2024 02 08 21 40 316  9.5 12.2  3.57 11.43  7.89 308 1016.1  11.7 999.0   8.8 99.0 99.00 
2024 02 08 21 50 316 10.0 12.3 99.00 99.00 99.00 999 1016.1  11.7 999.0   8.8 99.0 99.00 
2024 02 08 22 00 317 10.2 12.5 99.00 99.00 99.00 999 1016.2  11.6 999.0   8.7 99.0 99.00 
2024 02 08 22 10 320  9.7 12.3  3.51 11.43  7.59 316 1016.2  11.6 999.0   8.9 99.0 99.00 
2024 02 08 22 20 317  9.6 12.0 99.00 99.00 99.00 999 1016.2  11.7 999.0   8.9 99.0 99.00 
2024 02 08 22 30 315  9.9 12.1 99.00 99.00 99.00 999 1016.3  11.7 999.0   9.0 99.0 99.00 
2024 02 08 22 40 319 10.1 13.1  3.17 10.81  7.22 306 1016.3  11.7 999.0   9.0 99.0 99.00 
2024 02 08 22 50 316 10.6 13.9 99.00 99.00 99.00 999 1016.3  11.7 999.0   8.7 99.0 99.00 
2024 02 08 23 00 315 10.4 12.7 99.00 99.00 99.00 999 1016.4  11.8 999.0   8.9 99.0 99.00 
2024 02 08 23 10 312 10.9 13.1  3.23 10.81  7.48 312 1016.4  11.7 999.0   8.5 99.0 99.00 
2024 02 08 23 20 315 10.7 13.3 99.00 99.00 99.00 999 1016.5  11.8 999.0   8.6 99.0 99.00 
2024 02 08 23 30 314 10.5 12.9 99.00 99.00 99.00 999 1016.6  11.8 999.0   8.8 99.0 99.00 
2024 02 08 23 40 312 10.6 13.6  3.15 10.81  7.16 308 1016.6  11.8 999.0   8.8 99.0 99.00 
2024 02 08 23 50 313 11.1 13.6 99.00 99.00 99.00 999 1016.6  11.8 999.0   8.6 99.0 99.00 
2024 02 09 00 00 310 10.7 13.4 99.00 99.00 99.00 999 1016.7  11.8 999.0   8.6 99.0 99.00 
2024 02 09 00 10 313 11.1 13.6  3.05 10.00  7.14 313 1016.6  11.8 999.0   8.5 99.0 99.00 
2024 02 09 00 20 315 10.8 13.6 99.00 99.00 99.00 999 1016.6  11.9 999.0   8.9 99.0 99.00 
2024 02 09 00 30 309 10.9 12.9 99.00 99.00 99.00 999 1016.7  11.8 999.0   8.8 99.0 99.00 
2024 02 09 00 40 315 10.3 13.1  3.18 10.00  7.20 307 1016.8  11.9 999.0   9.0 99.0 99.00 
2024 02 09 00 50 316 10.6 13.1 99.00 99.00 99.00 999 1016.9  11.8 999.0   8.8 99.0 99.00 
2024 02 09 01 00 314 11.1 13.7 99.00 99.00 99.00 999 1016.9  11.8 999.0   8.7 99.0 99.00 
2024 02 09 01 10 314 10.9 13.9  3.24 10.00  7.29 312 1016.9  11.9 999.0   8.6 99.0 99.00 
2024 02 09 01 20 312 10.5 12.8 99.00 99.00 99.00 999 1017.0  11.9 999.0   9.1 99.0 99.00 
2024 02 09 01 30 314 10.7 13.3 99.00 99.00 99.00 999 1017.0  11.9 999.0   9.0 99.0 99.00 
2024 02 09 01 40 314 10.9 13.3  3.16 10.00  7.20 314 1017.0  11.8 999.0   8.6 99.0 99.00 
2024 02 09 01 50 315 10.4 12.3 99.00 99.00 99.00 999 1017.0  11.9 999.0   8.6 99.0 99.00 
2024 02 09 02 00 319 10.4 12.9 99.00 99.00 99.00 999 1017.1  11.9 999.0   8.6 99.0 99.00 
2024 02 09 02 10 320 10.2 12.3  3.10 10.81  7.12 309 1017.2  12.0 999.0   8.5 99.0 99.00 
2024 02 09 02 20 321 10.0 12.5 99.00 99.00 99.00 999 1017.2  12.0 999.0   8.7 99.0 99.00 
2024 02 09 02 30 323  9.6 12.0 99.00 99.00 99.00 999 1017.3  12.0 999.0   9.1 99.0 99.00 
2024 02 09 02 40 323  9.7 12.1  2.99 12.12  7.09 307 1017.4  12.0 999.0   9.2 99.0 99.00 
2024 02 09 02 50 319  9.3 11.9 99.00 99.00 99.00 999 1017.5  12.1 999.0   9.2 99.0 99.00 
2024 02 09 03 00 327  9.2 11.5 99.00 99.00 99.00 999 1017.4  12.1 999.0   8.9 99.0 99.00 
2024 02 09 03 10 329  8.9 11.6  3.20  9.09  7.42 301 1017.5  12.2 999.0   8.7 99.0 99.00 
2024 02 09 03 20 328  9.0 11.1 99.00 99.00 99.00 999 1017.5  12.2 999.0   8.6 99.0 99.00 
2024 02 09 03 30 330  8.6 11.2 99.00 99.00 99.00 999 1017.5  12.3 999.0   9.0 99.0 99.00 
2024 02 09 03 40 330  9.2 11.3  2.93 10.81  7.09 319 1017.6  12.2 999.0   8.8 99.0 99.00 
2024 02 09 03 50 331  8.8 11.0 99.00 99.00 99.00 999 1017.6  12.3 999.0   9.0 99.0 99.00 
2024 02 09 04 00 333  8.6 11.0 99.00 99.00 99.00 999 1017.6  12.2 999.0   9.1 99.0 99.00 
2024 02 09 04 10 333  8.4 10.1  3.14 14.81  7.61 302 1017.7  12.1 999.0   9.0 99.0 99.00 
2024 02 09 04 20 339  7.7  9.5 99.00 99.00 99.00 999 1017.8  12.2 999.0   9.0 99.0 99.00 
2024 02 09 04 30 338  7.8  9.5 99.00 99.00 99.00 999 1017.9  12.1 999.0   8.5 99.0 99.00 
2024 02 09 04 40 339  7.4  9.6  2.89 14.81  7.43 296 1018.0  12.1 999.0   8.3 99.0 99.00 
2024 02 09 04 50 342  7.7  9.3 99.00 99.00 99.00 999 1018.1  12.0 999.0   8.0 99.0 99.00 
2024 02 09 05 00 344  7.5  9.4 99.00 99.00 99.00 999 1018.3  12.1 999.0   8.3 99.0 99.00 
2024 02 09 05 10   6  5.5 10.1  2.94 14.81  7.60 296 1018.5  11.8 999.0   8.8 99.0 99.00 
2024 02 09 05 20  23  4.2  5.8 99.00 99.00 99.00 999 1018.5  11.5 999.0   8.8 99.0 99.00 
2024 02 09 05 30  30  4.2  5.8 99.00 99.00 99.00 999 1018.6  11.5 999.0   8.8 99.0 99.00 
2024 02 09 05 40  22  4.0  5.4  3.09 13.79  8.22 293 1018.6  11.5 999.0   8.6 99.0 99.00 
2024 02 09 05 50  20  3.8  5.0 99.00 99.00 99.00 999 1018.7  11.5 999.0   8.6 99.0 99.00 
2024 02 09 06 00  36  3.4  5.3 99.00 99.00 99.00 999 1018.8  11.5 999.0   8.9 99.0 99.00 
2024 02 09 06 10  47  3.1  4.5  2.82 14.81  7.68 289 1018.9  11.4 999.0   8.9 99.0 99.00 
2024 02 09 06 20  51  3.1  5.2 99.00 99.00 99.00 999 1018.9  11.3 999.0   8.9 99.0 99.00 
2024 02 09 06 30  62  3.1  5.0 99.00 99.00 99.00 999 1019.0  11.2 999.0   8.9 99.0 99.00 
2024 02 09 06 40  61  2.9  5.3  3.07 14.81  8.01 286 1019.0  11.1 999.0   8.7 99.0 99.00 
2024 02 09 06 50  60  2.7  4.4 99.00 99.00 99.00 999 1019.0  11.0 999.0   8.6 99.0 99.00 
2024 02 09 07 00  62  2.7  4.8 99.00 99.00 99.00 999 1019.0  10.9 999.0   8.5 99.0 99.00 
2024 02 09 07 10  71  2.6  4.4  2.97 11.43  7.92 293 1019.0  10.9 999.0   8.6 99.0 99.00 
2024 02 09 07 20  74  2.4  4.3 99.00 99.00 99.00 999 1019.1  10.9 999.0   8.5 99.0 99.00 
2024 02 09 07 30  75  2.1  4.8 99.00 99.00 99.00 999 1019.3  10.9 999.0   8.5 99.0 99.00 
2024 02 09 07 40  69  2.1  4.7  2.89 14.81  7.96 288 1019.3  10.8 999.0   8.2 99.0 99.00 
2024 02 09 07 50  66  1.8  3.8 99.00 99.00 99.00 999 1019.3  10.8 999.0   8.2 99.0 99.00 
2024 02 09 08 00  60  1.5  2.9 99.00 99.00 99.00 999 1019.3  10.8 999.0   8.3 99.0 99.00 
2024 02 09 08 10  48  1.4  3.1  2.84 14.81  7.64 305 1019.3  10.8 999.0   8.3 99.0 99.00 
2024 02 09 08 20  60  1.4  3.2 99.00 99.00 99.00 999 1019.1  10.8 999.0   8.2 99.0 99.00 
2024 02 09 08 30  74  1.6  3.3 99.00 99.00 99.00 999 1019.1  10.8 999.0   8.2 99.0 99.00 
2024 02 09 08 40  88  1.3  3.0  2.80 14.81  7.91 292 1019.1  10.8 999.0   8.1 99.0 99.00 
2024 02 09 08 50  73  1.1  2.7 99.00 99.00 99.00 999 1019.2  10.8 999.0   8.2 99.0 99.00 
2024 02 09 09 00  78  1.0  2.9 99.00 99.00 99.00 999 1019.3  10.8 999.0   8.2 99.0 99.00 
2024 02 09 09 10  80  0.8  3.3  2.65 14.81  7.94 281 1019.4  10.9 999.0   8.2 99.0 99.00 
2024 02 09 09 20  62  0.5  2.0 99.00 99.00 99.00 999 1019.4  10.8 999.0   8.1 99.0 99.00 
2024 02 09 09 30  63  0.4  1.8 99.00 99.00 99.00 999 1019.4  10.8 999.0   8.0 99.0 99.00 
2024 02 09 09 40  59  0.4  2.2  2.63 14.81  7.60 295 1019.5  10.8 999.0   7.9 99.0 99.00 
2024 02 09 09 50 110  0.5  2.6 99.00 99.00 99.00 999 1019.5  10.9 999.0   8.1 99.0 99.00 
2024 02 09 10 00  70  0.4  2.0 99.00 99.00 99.00 999 1019.6  10.9 999.0   8.1 99.0 99.00 
2024 02 09 10 10  69  0.7  2.7  2.53 14.81  7.96 295 1019.4  11.0 999.0   8.2 99.0 99.00 
2024 02 09 10 20  85  0.8  2.4 99.00 99.00 99.00 999 1019.6  10.9 999.0   8.0 99.0 99.00 
2024 02 09 10 30  62  0.7  2.5 99.00 99.00 99.00 999 1019.5  10.9 999.0   8.1 99.0 99.00 
2024 02 09 10 40  74  1.8  3.8  2.45 13.79  7.77 288 1019.4  10.8 999.0   8.2 99.0 99.00 
2024 02 09 10 50  82  2.7  5.3 99.00 99.00 99.00 999 1019.3  10.5 999.0   8.3 99.0 99.00 
2024 02 09 11 00  75  2.5  4.4 99.00 99.00 99.00 999 1019.4  10.4 999.0   8.3 99.0 99.00 
2024 02 09 11 10  65  2.2  3.7  2.54 14.81  7.77 289 1019.4  10.4 999.0   8.4 99.0 99.00 
2024 02 09 11 20  61  1.8  3.4 99.00 99.00 99.00 999 1019.6  10.3 999.0   8.3 99.0 99.00 
2024 02 09 11 30  54  1.6  2.8 99.00 99.00 99.00 999 1019.7  10.3 999.0   8.2 99.0 99.00 
2024 02 09 11 40  21  0.8  2.3  2.48 14.81  8.03 295 1019.8  10.4 999.0   8.3 99.0 99.00 
2024 02 09 11 50  41  0.7  2.3 99.00 99.00 99.00 999 1019.8  10.4 999.0   8.3 99.0 99.00 
2024 02 09 12 00  23  1.2  2.4 99.00 99.00 99.00 999 1019.9  10.5 999.0   8.4 99.0 99.00 
2024 02 09 12 10  36  1.2  2.5  2.45 10.00  7.57 310 1020.0  10.5 999.0   8.4 99.0 99.00 
2024 02 09 12 20  26  1.3  2.7 99.00 99.00 99.00 999 1020.1  10.6 999.0   8.4 99.0 99.00 
2024 02 09 12 30  42  1.5  3.0 99.00 99.00 99.00 999 1020.1  10.6 999.0   8.4 99.0 99.00 
2024 02 09 12 40  28  1.5  3.2  2.38 13.79  7.54 294 1020.1  10.6 999.0   8.3 99.0 99.00 
2024 02 09 12 50  12  1.8  3.3 99.00 99.00 99.00 999 1020.2  10.7 999.0   8.2 99.0 99.00 
2024 02 09 13 00   5  2.2  4.8 99.00 99.00 99.00 999 1020.3  10.8 999.0   8.3 99.0 99.00 
2024 02 09 13 10 346  4.5  6.8  2.44 12.90  7.82 283 1020.2  10.9 999.0   8.0 99.0 99.00 
2024 02 09 13 20 338  4.9  6.8 99.00 99.00 99.00 999 1020.2  11.0 999.0   7.8 99.0 99.00 
2024 02 09 13 30 333  5.1  7.6 99.00 99.00 99.00 999 1020.2  11.1 999.0   7.8 99.0 99.00 
2024 02 09 13 40 337  5.4  7.5  2.25  7.69  7.11 309 1020.2  11.1 999.0   7.5 99.0 99.00 
2024 02 09 13 50 330  5.7  7.7 99.00 99.00 99.00 999 1020.1  11.1 999.0   7.3 99.0 99.00 
2024 02 09 14 00 329  5.8  7.9 99.00 99.00 99.00 999 1020.1  11.1 999.0   7.5 99.0 99.00 
2024 02 09 14 10 326  5.9  7.6  2.39 14.81  7.47 293 1020.2  11.1 999.0   7.5 99.0 99.00 
2024 02 09 14 20 328  5.9  7.6 99.00 99.00 99.00 999 1020.0  11.1 999.0   7.5 99.0 99.00 
2024 02 09 14 30 326  5.9  7.8 99.00 99.00 99.00 999 1020.2  11.0 999.0   7.5 99.0 99.00 
2024 02 09 14 40 326  6.1  8.0  2.32 13.79  7.30 294 1020.1  11.0 999.0   7.3 99.0 99.00 
2024 02 09 14 50 328  6.1  7.5 99.00 99.00 99.00 999 1020.1  11.0 999.0   7.2 99.0 99.00 
2024 02 09 15 00 329  6.4  8.1 99.00 99.00 99.00 999 1020.1  11.1 999.0   7.1 99.0 99.00 
2024 02 09 15 10 327  6.6  8.0  2.17 13.79  6.91 284 1020.2  11.1 999.0   7.0 99.0 99.00 
2024 02 09 15 20 325  6.5  8.1 99.00 99.00 99.00 999 1020.3  11.1 999.0   7.2 99.0 99.00 
2024 02 09 15 30 329  6.8  8.8 99.00 99.00 99.00 999 1020.5  11.1 999.0   7.5 99.0 99.00 
2024 02 09 15 40 325  6.9  8.6 99.00 99.00 99.00 999 1020.7  11.1 999.0   7.5 99.0 99.00 
2024 02 09 15 50 321  7.1  9.0 99.00 99.00 99.00 999 1020.8  11.1 999.0   7.5 99.0 99.00 
2024 02 09 16 00 324  6.8  8.5 99.00 99.00 99.00 999 1020.8  11.1 999.0   7.3 99.0 99.00 
2024 02 09 16 10 326  6.5  8.8  2.29 13.79  7.19 296 1020.8  11.0 999.0   7.3 99.0 99.00 
2024 02 09 16 20 326  5.9  7.6 99.00 99.00 99.00 999 1020.8  11.0 999.0   7.9 99.0 99.00 
2024 02 09 16 30 334  5.8  7.7 99.00 99.00 99.00 999 1020.7  10.7 999.0   7.4 99.0 99.00 
2024 02 09 16 40 344  4.2  5.8  2.14 12.90  6.80 292 1020.7  10.9 999.0   7.7 99.0 99.00 
2024 02 09 16 50  18  2.7  4.3 99.00 99.00 99.00 999 1020.8  11.0 999.0   8.0 99.0 99.00 
2024 02 09 17 00  31  2.4  4.2 99.00 99.00 99.00 999 1020.8  11.0 999.0   8.3 99.0 99.00 
2024 02 09 17 10  50  2.4  4.4  2.20 13.79  7.44 285 1020.8  10.9 999.0   8.5 99.0 99.00 
2024 02 09 17 20  59  2.1  3.5 99.00 99.00 99.00 999 1020.8  10.8 999.0   8.5 99.0 99.00 
2024 02 09 17 30  52  1.8  3.6 99.00 99.00 99.00 999 1020.9  10.8 999.0   8.5 99.0 99.00 
2024 02 09 17 40  44  1.8  3.1  2.14 13.79  7.30 287 1021.0  10.8 999.0   8.5 99.0 99.00 
2024 02 09 17 50  49  1.8  3.3 99.00 99.00 99.00 999 1021.0  10.8 999.0   8.4 99.0 99.00 
2024 02 09 18 00  31  1.7  2.8 99.00 99.00 99.00 999 1021.1  10.8 999.0   8.4 99.0 99.00 
2024 02 09 18 10  25  1.7  3.3  2.05 12.90  7.29 285 1021.2  10.8 999.0   8.3 99.0 99.00 
2024 02 09 18 20  40  2.0  3.7 99.00 99.00 99.00 999 1021.4  10.8 999.0   8.3 99.0 99.00 
2024 02 09 18 30  41  2.0  3.0 99.00 99.00 99.00 999 1021.4  10.7 999.0   8.2 99.0 99.00 
2024 02 09 18 40  34  1.8  3.3  2.01 12.90  7.08 295 1021.5  10.7 999.0   8.2 99.0 99.00 
2024 02 09 18 50  27  1.6  3.0 99.00 99.00 99.00 999 1021.5  10.8 999.0   8.2 99.0 99.00 
2024 02 09 19 00 359  1.4  2.5 99.00 99.00 99.00 999 1021.6  10.8 999.0   8.1 99.0 99.00 
2024 02 09 19 10  10  1.0  2.5  2.15 13.79  7.52 292 1021.5  10.9 999.0   8.1 99.0 99.00 
2024 02 09 19 20 357  3.3  8.3 99.00 99.00 99.00 999 1021.5  10.9 999.0   7.8 99.0 99.00 
2024 02 09 19 30 341  6.9  8.5 99.00 99.00 99.00 999 1021.4  11.2 999.0   7.4 99.0 99.00 
2024 02 09 19 40 335  6.7  8.1  1.89 13.79  6.89 284 1021.3  11.3 999.0   7.5 99.0 99.00 
2024 02 09 19 50 331  6.5  8.2 99.00 99.00 99.00 999 1021.3  11.4 999.0   7.7 99.0 99.00 
2024 02 09 20 00 330  6.9  9.0 99.00 99.00 99.00 999 1021.2  11.4 999.0   7.8 99.0 99.00 
2024 02 09 20 10 326  7.1  9.0  1.87 12.12  6.74 283 1021.1  11.4 999.0   7.8 99.0 99.00 
2024 02 09 20 20 322  7.1  9.0 99.00 99.00 99.00 999 1020.9  11.4 999.0   7.6 99.0 99.00 
2024 02 09 20 30 325  7.7 10.0 99.00 99.00 99.00 999 1020.9  11.5 999.0   7.5 99.0 99.00 
2024 02 09 20 40 323  8.0 10.0  2.08 13.79  7.44 289 1020.8  11.5 999.0   7.8 99.0 99.00 
2024 02 09 20 50 324  8.0  9.5 99.00 99.00 99.00 999 1020.6  11.6 999.0   7.8 99.0 99.00 
2024 02 09 21 00 321  8.3 10.1 99.00 99.00 99.00 999 1020.6  11.5 999.0   7.7 99.0 99.00 
2024 02 09 21 10 318  8.4 10.2  1.94 13.79  6.72 291 1020.5  11.5 999.0   7.9 99.0 99.00 
2024 02 09 21 20 316  8.5 11.0 99.00 99.00 99.00 999 1020.3  11.5 999.0   8.3 99.0 99.00 
2024 02 09 21 30 312  8.8 11.0 99.00 99.00 99.00 999 1020.3  11.6 999.0   8.6 99.0 99.00 
2024 02 09 21 40 317  9.4 11.7  2.11 12.90  6.64 287 1020.4  11.6 999.0   8.4 99.0 99.00 
2024 02 09 21 50 318  9.9 12.4 99.00 99.00 99.00 999 1020.2  11.6 999.0   8.3 99.0 99.00 
2024 02 09 22 00 314 10.4 12.9 99.00 99.00 99.00 999 1020.0  11.7 999.0   8.4 99.0 99.00 
2024 02 09 22 10 313 10.8 12.9  2.10 12.90  6.29 297 1020.0  11.8 999.0   8.6 99.0 99.00 
2024 02 09 22 20 314 10.6 13.1 99.00 99.00 99.00 999 1019.7  11.8 999.0   8.7 99.0 99.00 
2024 02 09 22 30 315  9.9 12.5 99.00 99.00 99.00 999 1019.8  11.8 999.0   8.8 99.0 99.00 
2024 02 09 22 40 312  9.8 13.6  2.12 13.79  6.15 305 1019.7  11.9 999.0   9.1 99.0 99.00 
2024 02 09 22 50 312 10.7 13.2 99.00 99.00 99.00 999 1019.7  11.9 999.0   8.8 99.0 99.00 
2024 02 09 23 00 314 10.9 13.6 99.00 99.00 99.00 999 1019.8  12.0 999.0   8.8 99.0 99.00 
2024 02 09 23 10 318 10.5 13.6  2.11 12.90  5.98 296 1019.6  12.1 999.0   8.9 99.0 99.00 
2024 02 09 23 20 313 11.1 13.8 99.00 99.00 99.00 999 1019.6  12.0 999.0   9.0 99.0 99.00 
2024 02 09 23 30 318 11.6 14.3 99.00 99.00 99.00 999 1019.5  12.0 999.0   8.9 99.0 99.00 
2024 02 09 23 40 315 11.7 14.9  2.15 13.79  5.87 303 1019.4  12.0 999.0   8.9 99.0 99.00 
2024 02 09 23 50 313 11.6 14.4 99.00 99.00 99.00 999 1019.6  12.1 999.0   9.2 99.0 99.00 
2024 02 10 00 00 318 12.2 14.7 99.00 99.00 99.00 999 1019.7  12.0 999.0   8.9 99.0 99.00 
2024 02 10 00 10 318 12.4 14.8  2.36 13.79  5.96 298 1019.6  12.0 999.0   8.9 99.0 99.00 
2024 02 10 00 20 315 12.1 14.6 99.00 99.00 99.00 999 1019.5  12.0 999.0   8.9 99.0 99.00 
2024 02 10 00 30 315 12.0 14.6 99.00 99.00 99.00 999 1019.4  12.1 999.0   9.1 99.0 99.00 
2024 02 10 00 40 320 12.2 14.9  2.28 12.90  5.86 304 1019.4  12.1 999.0   9.1 99.0 99.00 
2024 02 10 00 50 317 11.5 15.1 99.00 99.00 99.00 999 1019.5  12.2 999.0   9.4 99.0 99.00 
2024 02 10 01 00 317 11.5 14.4 99.00 99.00 99.00 999 1019.4  12.2 999.0   9.2 99.0 99.00 
2024 02 10 01 10 319 12.2 14.9  2.45  6.67  5.90 314 1019.5  12.2 999.0   9.1 99.0 99.00 
2024 02 10 01 20 317 11.5 14.4 99.00 99.00 99.00 999 1019.6  12.0 999.0   9.7 99.0 99.00 
2024 02 10 01 30 322 11.7 14.7 99.00 99.00 99.00 999 1019.7  12.0 999.0   9.4 99.0 99.00 
2024 02 10 01 40 318 12.1 15.0  2.48 12.90  6.02 298 1019.6  12.1 999.0   9.3 99.0 99.00 
2024 02 10 01 50 320 11.6 14.9 99.00 99.00 99.00 999 1019.7  12.1 999.0   9.6 99.0 99.00 
2024 02 10 02 00 317 11.8 14.6 99.00 99.00 99.00 999 1019.7  12.1 999.0   9.5 99.0 99.00 
2024 02 10 02 10 318 12.2 15.0  2.41  6.25  5.74 316 1019.7  12.1 999.0   9.4 99.0 99.00 
2024 02 10 02 20 321 12.0 14.6 99.00 99.00 99.00 999 1019.8  12.2 999.0   9.6 99.0 99.00 
2024 02 10 02 30 321 11.9 14.4 99.00 99.00 99.00 999 1019.9  12.2 999.0   9.7 99.0 99.00 
2024 02 10 02 40 320 12.1 15.0  2.45 12.90  5.93 292 1019.9  12.1 999.0   9.5 99.0 99.00 
2024 02 10 02 50 320 11.6 14.6 99.00 99.00 99.00 999 1020.0  12.2 999.0   9.8 99.0 99.00 
2024 02 10 03 00 323 11.5 14.2 99.00 99.00 99.00 999 1020.2  12.1 999.0   9.6 99.0 99.00 
2024 02 10 03 10 325 11.7 14.4  2.57  7.69  5.99 308 1020.1  12.2 999.0   9.7 99.0 99.00 
2024 02 10 03 20 323 11.7 13.7 99.00 99.00 99.00 999 1020.1  12.2 999.0   9.7 99.0 99.00 
2024 02 10 03 30 324 11.4 13.6 99.00 99.00 99.00 999 1020.1  12.2 999.0   9.7 99.0 99.00 
2024 02 10 03 40 322 11.1 14.1  2.56 12.90  6.06 298 1020.2  12.2 999.0   9.8 99.0 99.00 
2024 02 10 03 50 329 10.7 13.6 99.00 99.00 99.00 999 1020.1  12.3 999.0   9.8 99.0 99.00 
2024 02 10 04 00 326 11.1 13.7 99.00 99.00 99.00 999 1020.2  12.2 999.0   9.5 99.0 99.00 
2024 02 10 04 10 328 10.8 13.2  2.40 12.90  6.09 302 1020.2  12.3 999.0   9.9 99.0 99.00 
2024 02 10 04 20 328 10.7 13.8 99.00 99.00 99.00 999 1020.2  12.3 999.0   9.9 99.0 99.00 
2024 02 10 04 30 328 10.7 13.1 99.00 99.00 99.00 999 1020.2  12.3 999.0   9.9 99.0 99.00 
2024 02 10 04 40 329  9.9 12.7  2.51 13.79  6.12 307 1020.3  12.3 999.0  10.0 99.0 99.00 
2024 02 10 04 50 331 10.0 12.4 99.00 99.00 99.00 999 1020.3  12.2 999.0  10.0 99.0 99.00 
2024 02 10 05 00 331  9.6 11.6 99.00 99.00 99.00 999 1020.3  12.2 999.0  10.0 99.0 99.00 
2024 02 10 05 10 332  9.7 11.5  2.47 13.79  6.16 309 1020.2  12.2 999.0  10.0 99.0 99.00 
2024 02 10 05 20 328  9.9 11.8 99.00 99.00 99.00 999 1020.3  12.2 999.0   9.9 99.0 99.00 
2024 02 10 05 30 327  9.4 11.8 99.00 99.00 99.00 999 1020.3  12.2 999.0  10.0 99.0 99.00 
2024 02 10 05 40 327  9.3 11.1  2.34  6.67  6.07 311 1020.4  12.3 999.0  10.1 99.0 99.00 
2024 02 10 05 50 331  9.2 11.2 99.00 99.00 99.00 999 1020.5  12.2 999.0  10.1 99.0 99.00 
2024 02 10 06 00 330  9.5 11.5 99.00 99.00 99.00 999 1020.5  12.2 999.0   9.9 99.0 99.00 
2024 02 10 06 10 328  9.3 11.2  2.36 13.79  6.18 301 1020.5  12.3 999.0  10.1 99.0 99.00 
2024 02 10 06 20 328  9.4 12.1 99.00 99.00 99.00 999 1020.5  12.3 999.0  10.1 99.0 99.00 
2024 02 10 06 30 325  8.9 11.2 99.00 99.00 99.00 999 1020.5  12.3 999.0  10.2 99.0 99.00 
2024 02 10 06 40 325  9.3 10.9  2.32 13.79  6.26 306 1020.5  12.2 999.0  10.1 99.0 99.00 
2024 02 10 06 50 330  9.2 11.7 99.00 99.00 99.00 999 1020.5  12.2 999.0  10.0 99.0 99.00 
2024 02 10 07 00 329  9.0 11.6 99.00 99.00 99.00 999 1020.5  12.3 999.0  10.1 99.0 99.00 
2024 02 10 07 10 329  9.1 11.5  2.26 13.79  6.34 303 1020.6  12.3 999.0  10.1 99.0 99.00 
2024 02 10 07 20 331  9.7 12.3 99.00 99.00 99.00 999 1020.5  12.2 999.0  10.0 99.0 99.00 
2024 02 10 07 30 331 10.0 12.9 99.00 99.00 99.00 999 1020.6  12.2 999.0   9.8 99.0 99.00 
2024 02 10 07 40 327  9.5 12.1  2.32 12.90  6.34 307 1020.6  12.3 999.0   9.9 99.0 99.00 
2024 02 10 07 50 330  9.5 11.7 99.00 99.00 99.00 999 1020.5  12.3 999.0   9.8 99.0 99.00 
2024 02 10 08 00 329  9.8 12.0 99.00 99.00 99.00 999 1020.5  12.2 999.0   9.6 99.0 99.00 
2024 02 10 08 10 329  9.6 11.5  2.31 12.12  6.46 298 1020.6  12.2 999.0   9.6 99.0 99.00 
2024 02 10 08 20 329  9.5 12.1 99.00 99.00 99.00 999 1020.5  12.2 999.0   9.5 99.0 99.00 
2024 02 10 08 30 327  9.2 11.5 99.00 99.00 99.00 999 1020.5  12.3 999.0   9.7 99.0 99.00 
2024 02 10 08 40 325  9.7 11.8  2.33 13.79  6.47 289 1020.4  12.2 999.0   9.6 99.0 99.00 
2024 02 10 08 50 325  9.8 11.6 99.00 99.00 99.00 999 1020.3  12.1 999.0   9.4 99.0 99.00 
2024 02 10 09 00 327  9.7 11.8 99.00 99.00 99.00 999 1020.3  12.1 999.0   9.3 99.0 99.00 
2024 02 10 09 10 327  9.1 11.6  2.17 12.12  6.26 285 1020.3  12.2 999.0   9.6 99.0 99.00 
2024 02 10 09 20 326  9.2 11.3 99.00 99.00 99.00 999 1020.2  12.1 999.0   9.6 99.0 99.00 
2024 02 10 09 30 326  9.9 12.0 99.00 99.00 99.00 999 1020.2  12.1 999.0   9.4 99.0 99.00 
2024 02 10 09 40 328  9.8 12.2  2.19 13.79  6.26 292 1020.3  12.2 999.0   9.5 99.0 99.00 
2024 02 10 09 50 324 10.3 12.8 99.00 99.00 99.00 999 1020.2  12.1 999.0   9.2 99.0 99.00 
2024 02 10 10 00 325 10.0 12.0 99.00 99.00 99.00 999 1020.2  12.1 999.0   9.2 99.0 99.00 
2024 02 10 10 10 326  9.7 11.7  2.26 13.79  6.16 289 1020.3  12.1 999.0   9.3 99.0 99.00 
2024 02 10 10 20 327  9.8 12.3 99.00 99.00 99.00 999 1020.2  12.1 999.0   9.5 99.0 99.00 
2024 02 10 10 30 330 10.1 12.6 99.00 99.00 99.00 999 1020.2  12.0 999.0   9.4 99.0 99.00 
2024 02 10 10 40 328  9.9 11.8  2.18 13.79  6.14 293 1020.1  12.0 999.0   9.4 99.0 99.00 
2024 02 10 10 50 325 10.0 12.2 99.00 99.00 99.00 999 1020.0  12.0 999.0   9.4 99.0 99.00 
2024 02 10 11 00 325  9.7 12.0 99.00 99.00 99.00 999 1020.0  11.9 999.0   9.4 99.0 99.00 
2024 02 10 11 10 322  9.8 12.0  2.18 12.90  6.09 309 1019.9  11.9 999.0   9.4 99.0 99.00 
2024 02 10 11 20 324 10.0 11.8 99.00 99.00 99.00 999 1019.7  11.8 999.0   9.0 99.0 99.00 
2024 02 10 11 30 326  9.3 11.6 99.00 99.00 99.00 999 1019.7  12.0 999.0   9.4 99.0 99.00 
2024 02 10 11 40 326  9.2 11.5  2.22 12.90  6.15 303 1019.6  11.9 999.0   9.3 99.0 99.00 
2024 02 10 11 50 326  9.1 11.0 99.00 99.00 99.00 999 1019.5  11.9 999.0   9.2 99.0 99.00 
2024 02 10 12 00 325  8.8 10.9 99.00 99.00 99.00 999 1019.6  11.9 999.0   9.2 99.0 99.00 
2024 02 10 12 10 324  8.7 11.0  1.94 12.90  5.84 275 1019.6  11.8 999.0   9.0 99.0 99.00 
2024 02 10 12 20 329  8.3 10.1 99.00 99.00 99.00 999 1019.7  11.8 999.0   8.9 99.0 99.00 
2024 02 10 12 30 328  8.4 10.3 99.00 99.00 99.00 999 1019.8  11.9 999.0   9.1 99.0 99.00 
2024 02 10 12 40 333  8.7 10.5  2.00 11.43  5.76 310 1019.7  11.9 999.0   9.3 99.0 99.00 
2024 02 10 12 50 334  8.4 10.5 99.00 99.00 99.00 999 1019.8  11.8 999.0   9.2 99.0 99.00 
2024 02 10 13 00 330  8.3 10.2 99.00 99.00 99.00 999 1019.8  11.8 999.0   9.3 99.0 99.00 
2024 02 10 13 10 333  8.5 10.4  2.08 12.90  6.34 292 1019.8  11.8 999.0   9.3 99.0 99.00 
2024 02 10 13 20 332  8.1 10.1 99.00 99.00 99.00 999 1019.9  11.8 999.0   9.3 99.0 99.00 
2024 02 10 13 30 331  7.7  9.5 99.00 99.00 99.00 999 1019.8  11.8 999.0   9.3 99.0 99.00 
2024 02 10 13 40 332  7.3  9.5  2.10 12.90  6.29 304 1019.8  11.7 999.0   9.1 99.0 99.00 
2024 02 10 13 50 340  6.8  8.5 99.00 99.00 99.00 999 1019.8  11.7 999.0   9.1 99.0 99.00 
2024 02 10 14 00 333  6.5  8.1 99.00 99.00 99.00 999 1019.9  11.7 999.0   8.9 99.0 99.00 
2024 02 10 14 10 331  6.4  8.0  2.12 12.90  6.67 287 1019.9  11.6 999.0   8.6 99.0 99.00 
2024 02 10 14 20 340  6.0  7.4 99.00 99.00 99.00 999 1020.0  11.7 999.0   8.9 99.0 99.00 
2024 02 10 14 30 338  5.9  7.2 99.00 99.00 99.00 999 1020.2  11.6 999.0   8.7 99.0 99.00 
2024 02 10 14 40 335  5.7  7.0  2.06 12.90  6.56 289 1020.2  11.7 999.0   8.7 99.0 99.00 
2024 02 10 14 50 335  5.8  7.0 99.00 99.00 99.00 999 1020.3  11.7 999.0   8.5 99.0 99.00 
2024 02 10 15 00 334  5.9  7.5 99.00 99.00 99.00 999 1020.4  11.7 999.0   8.7 99.0 99.00 
2024 02 10 15 10 338  5.7  7.0  2.01 12.12  6.56 295 1020.5  11.8 999.0   9.0 99.0 99.00 
2024 02 10 15 20 337  5.7  7.4 99.00 99.00 99.00 999 1020.5  11.8 999.0   8.9 99.0 99.00 
2024 02 10 15 30 329  5.5  6.8 99.00 99.00 99.00 999 1020.5  11.8 999.0   8.9 99.0 99.00 
2024 02 10 15 40 328  5.4  6.6  2.12 12.90  6.95 295 1020.6  11.8 999.0   8.7 99.0 99.00 
2024 02 10 15 50 331  5.1  6.3 99.00 99.00 99.00 999 1020.7  11.8 999.0   8.8 99.0 99.00 
2024 02 10 16 00 331  5.2  6.5 99.00 99.00 99.00 999 1020.7  11.9 999.0   9.1 99.0 99.00 
2024 02 10 16 10 323  5.6  7.2  1.92 12.12  6.72 307 1020.8  11.9 999.0   8.9 99.0 99.00 
2024 02 10 16 20 328  5.7  7.2 99.00 99.00 99.00 999 1020.8  11.9 999.0   8.9 99.0 99.00 
2024 02 10 16 30 330  5.4  6.8 99.00 99.00 99.00 999 1020.9  11.9 999.0   9.0 99.0 99.00 
2024 02 10 16 40 330  5.4  6.6  1.88 12.12  6.72 300 1021.0  11.9 999.0   9.1 99.0 99.00 
2024 02 10 16 50 324  5.7  7.1 99.00 99.00 99.00 999 1020.9  11.9 999.0   9.0 99.0 99.00 
2024 02 10 17 00 323  5.7  7.2 99.00 99.00 99.00 999 1020.9  11.9 999.0   9.2 99.0 99.00 
2024 02 10 17 10 326  6.0  7.5  1.99 12.90  6.81 299 1021.0  11.8 999.0   8.7 99.0 99.00 
2024 02 10 17 20 327  6.0  8.1 99.00 99.00 99.00 999 1020.9  11.8 999.0   8.8 99.0 99.00 
2024 02 10 17 30 328  6.2  7.5 99.00 99.00 99.00 999 1021.1  11.8 999.0   8.9 99.0 99.00 
2024 02 10 17 40 326  6.1  7.4  1.86 12.90  6.82 290 1021.0  11.9 999.0   9.2 99.0 99.00 
2024 02 10 17 50 323  6.4  8.1 99.00 99.00 99.00 999 1021.0  12.0 999.0   9.3 99.0 99.00 
2024 02 10 18 00 320  6.9  8.6 99.00 99.00 99.00 999 1021.0  12.0 999.0   9.2 99.0 99.00 
2024 02 10 18 10 321  7.4  9.1  2.05 12.90  6.95 304 1021.1  11.9 999.0   9.0 99.0 99.00 
2024 02 10 18 20 323  7.3  9.4 99.00 99.00 99.00 999 1021.1  11.9 999.0   9.0 99.0 99.00 
2024 02 10 18 30 324  7.2  8.8 99.00 99.00 99.00 999 1021.1  12.0 999.0   9.2 99.0 99.00 
2024 02 10 18 40 323  6.9  8.4  1.95 12.90  6.67 289 1021.2  12.0 999.0   9.4 99.0 99.00 
2024 02 10 18 50 323  6.8  8.1 99.00 99.00 99.00 999 1021.2  12.1 999.0   9.6 99.0 99.00 
2024 02 10 19 00 322  7.0  8.4 99.00 99.00 99.00 999 1021.1  12.1 999.0   9.5 99.0 99.00 
2024 02 10 19 10 320  6.9  9.1  1.94 12.90  6.65 288 1021.1  12.1 999.0   9.4 99.0 99.00 
2024 02 10 19 20 316  6.9  8.4 99.00 99.00 99.00 999 1021.1  12.2 999.0   9.6 99.0 99.00 
2024 02 10 19 30 312  6.4  7.9 99.00 99.00 99.00 999 1021.1  12.2 999.0   9.8 99.0 99.00 
2024 02 10 19 40 315  6.5  8.2  1.82 10.81  6.60 299 1021.1  12.2 999.0   9.7 99.0 99.00 
2024 02 10 19 50 317  6.4  7.9 99.00 99.00 99.00 999 1021.0  12.3 999.0   9.8 99.0 99.00 
2024 02 10 20 00 314  6.8  8.1 99.00 99.00 99.00 999 1020.9  12.2 999.0   9.6 99.0 99.00 
2024 02 10 20 10 316  6.6  8.1  1.90 12.90  6.76 314 1020.7  12.3 999.0   9.7 99.0 99.00 
2024 02 10 20 20 318  6.4  7.8 99.00 99.00 99.00 999 1020.7  12.3 999.0   9.8 99.0 99.00 
2024 02 10 20 30 320  6.8  8.3 99.00 99.00 99.00 999 1020.6  12.3 999.0   9.5 99.0 99.00 
2024 02 10 20 40 318  7.2  9.0  1.93 12.90  6.86 300 1020.6  12.4 999.0   9.6 99.0 99.00 
2024 02 10 20 50 320  7.2  8.9 99.00 99.00 99.00 999 1020.5  12.4 999.0   9.7 99.0 99.00 
2024 02 10 21 00 321  7.2  9.0 99.00 99.00 99.00 999 1020.5  12.4 999.0   9.8 99.0 99.00 
2024 02 10 21 10 314  7.4  8.9  1.76 12.90  6.46 297 1020.4  12.4 999.0   9.9 99.0 99.00 
2024 02 10 21 20 310  7.4  9.1 99.00 99.00 99.00 999 1020.3  12.4 999.0  10.1 99.0 99.00 
2024 02 10 21 30 309  7.5  9.1 99.00 99.00 99.00 999 1020.2  12.3 999.0  10.2 99.0 99.00 
2024 02 10 21 40 311  7.7  9.2  1.83 12.12  6.41 292 1020.1  12.3 999.0  10.2 99.0 99.00 
2024 02 10 21 50 309  7.7  9.5 99.00 99.00 99.00 999 1020.0  12.3 999.0  10.3 99.0 99.00 
2024 02 10 22 00 309  8.0  9.6 99.00 99.00 99.00 999 1020.0  12.3 999.0  10.5 99.0 99.00 
2024 02 10 22 10 309  7.8  9.4  1.91 12.12  6.40 300 1020.0  12.4 999.0  10.8 99.0 99.00 
2024 02 10 22 20 312  7.6  9.7 99.00 99.00 99.00 999 1020.0  12.4 999.0  10.8 99.0 99.00 
2024 02 10 22 30 314  7.8  9.4 99.00 99.00 99.00 999 1020.1  12.5 999.0  10.9 99.0 99.00 
2024 02 10 22 40 313  8.1  9.6  1.85 12.90  6.22 300 1020.1  12.5 999.0  10.9 99.0 99.00 
2024 02 10 22 50 315  8.0  9.6 99.00 99.00 99.00 999 1020.2  12.5 999.0  11.0 99.0 99.00 
2024 02 10 23 00 314  8.6 10.5 99.00 99.00 99.00 999 1020.2  12.5 999.0  11.0 99.0 99.00 
2024 02 10 23 10 313  8.5 10.3  1.73 12.12  5.83 299 1020.2  12.6 999.0  11.1 99.0 99.00 
2024 02 10 23 20 313  8.1 10.6 99.00 99.00 99.00 999 1020.2  12.6 999.0  11.2 99.0 99.00 
2024 02 10 23 30 313  8.1 10.1 99.00 99.00 99.00 999 1020.2  12.7 999.0  11.3 99.0 99.00 
2024 02 10 23 40 313  8.0 10.6  1.97 12.90  6.31 306 1020.2  12.7 999.0  11.4 99.0 99.00 
2024 02 10 23 50 313  8.6 10.2 99.00 99.00 99.00 999 1020.1  12.7 999.0  11.4 99.0 99.00 
2024 02 11 00 00 315  8.9 10.9 99.00 99.00 99.00 999 1020.0  12.6 999.0  11.2 99.0 99.00 
2024 02 11 00 10 316  9.0 11.0  1.85 12.12  6.15 302 1019.9  12.6 999.0  11.2 99.0 99.00 
2024 02 11 00 20 316  9.0 11.6 99.00 99.00 99.00 999 1019.9  12.6 999.0  11.2 99.0 99.00 
2024 02 11 00 30 317  9.3 11.3 99.00 99.00 99.00 999 1019.8  12.6 999.0  11.2 99.0 99.00 
2024 02 11 00 40 317  8.8 10.9  1.86 12.90  5.83 291 1019.9  12.7 999.0  11.3 99.0 99.00 
2024 02 11 00 50 317  9.1 11.0 99.00 99.00 99.00 999 1019.9  12.6 999.0  11.2 99.0 99.00 
2024 02 11 01 00 313  9.2 11.2 99.00 99.00 99.00 999 1019.9  12.6 999.0  11.3 99.0 99.00 
2024 02 11 01 10 320  9.0 11.1  2.03 12.90  6.10 303 1019.9  12.6 999.0  11.2 99.0 99.00 
2024 02 11 01 20 313  8.9 10.5 99.00 99.00 99.00 999 1020.0  12.5 999.0  11.2 99.0 99.00 
2024 02 11 01 30 314  9.0 10.9 99.00 99.00 99.00 999 1020.0  12.5 999.0  11.2 99.0 99.00 
2024 02 11 01 40 314  9.3 11.2  1.99 12.12  6.21 313 1020.0  12.4 999.0  11.1 99.0 99.00 
2024 02 11 01 50 315  9.2 11.2 99.00 99.00 99.00 999 1020.2  12.4 999.0  11.1 99.0 99.00 
2024 02 11 02 00 313  9.4 11.3 99.00 99.00 99.00 999 1020.2  12.3 999.0  11.0 99.0 99.00 
2024 02 11 02 10 313  9.1 10.9  1.99 12.90  6.29 298 1020.4  12.3 999.0  11.2 99.0 99.00 
2024 02 11 02 20 313  9.0 11.0 99.00 99.00 99.00 999 1020.5  12.3 999.0  11.2 99.0 99.00 
2024 02 11 02 30 316  9.3 11.3 99.00 99.00 99.00 999 1020.5  12.2 999.0  11.2 99.0 99.00 
2024 02 11 02 40 313  9.4 11.1  1.82 11.43  5.89 294 1020.6  12.1 999.0  11.1 99.0 99.00 
2024 02 11 02 50 314  9.2 11.0 99.00 99.00 99.00 999 1020.5  12.2 999.0  11.2 99.0 99.00 
2024 02 11 03 00 309  9.5 11.7 99.00 99.00 99.00 999 1020.6  12.1 999.0  11.1 99.0 99.00 
2024 02 11 03 10 311  9.6 12.1  1.86 12.12  5.90 297 1020.6  12.1 999.0  11.1 99.0 99.00 
2024 02 11 03 20 312  9.3 11.3 99.00 99.00 99.00 999 1020.7  12.0 999.0  11.1 99.0 99.00 
2024 02 11 03 30 311  9.0 11.7 99.00 99.00 99.00 999 1020.7  12.0 999.0  11.2 99.0 99.00 
2024 02 11 03 40 310  8.9 11.3  2.10 12.12  6.42 311 1020.7  11.9 999.0  11.1 99.0 99.00 
2024 02 11 03 50 310  8.8 11.3 99.00 99.00 99.00 999 1020.8  12.1 999.0  11.3 99.0 99.00 
2024 02 11 04 00 313  8.8 11.1 99.00 99.00 99.00 999 1020.8  12.1 999.0  11.4 99.0 99.00 
2024 02 11 04 10 314  8.8 10.7  1.94 12.90  5.96 306 1020.8  12.1 999.0  11.4 99.0 99.00 
2024 02 11 04 20 319  9.2 11.8 99.00 99.00 99.00 999 1020.9  12.0 999.0  11.3 99.0 99.00 
2024 02 11 04 30 318  9.0 11.2 99.00 99.00 99.00 999 1020.9  12.1 999.0  11.5 99.0 99.00 
2024 02 11 04 40 316  8.9 11.1  2.15 12.90  6.34 305 1020.9  12.0 999.0  11.4 99.0 99.00 
2024 02 11 04 50 319  8.7 10.8 99.00 99.00 99.00 999 1021.0  12.0 999.0  11.4 99.0 99.00 
2024 02 11 05 00 316  8.6 10.7 99.00 99.00 99.00 999 1021.0  12.0 999.0  11.5 99.0 99.00 
2024 02 11 05 10 316  8.9 10.7  2.13 11.43  6.28 306 1021.1  12.0 999.0  11.5 99.0 99.00 
2024 02 11 05 20 318  8.4 10.3 99.00 99.00 99.00 999 1021.1  11.9 999.0  11.4 99.0 99.00 
2024 02 11 05 30 314  8.7 11.1 99.00 99.00 99.00 999 1021.3  11.8 999.0  11.3 99.0 99.00 
2024 02 11 05 40 316  9.5 11.7  2.04 12.90  6.04 310 1021.3  11.6 999.0  11.2 99.0 99.00 
2024 02 11 05 50 315  8.9 11.1 99.00 99.00 99.00 999 1021.3  11.6 999.0  11.2 99.0 99.00 
2024 02 11 06 00 318  8.7 11.2 99.00 99.00 99.00 999 1021.3  11.8 999.0  11.3 99.0 99.00 
2024 02 11 06 10 320  8.8 11.2  1.85 11.43  5.73 303 1021.3  11.8 999.0  11.3 99.0 99.00 
2024 02 11 06 20 316  8.9 11.2 99.00 99.00 99.00 999 1021.4  11.7 999.0  11.4 99.0 99.00 
2024 02 11 06 30 320  8.1 10.0 99.00 99.00 99.00 999 1021.3  11.8 999.0  11.4 99.0 99.00 
2024 02 11 06 40 314  8.5 10.1  2.07 12.12  6.02 306 1021.4  11.7 999.0  11.3 99.0 99.00 
2024 02 11 06 50 322  8.1 10.1 99.00 99.00 99.00 999 1021.3  11.7 999.0  11.3 99.0 99.00 
2024 02 11 07 00 321  8.2 10.5 99.00 99.00 99.00 999 1021.4  11.5 999.0  11.1 99.0 99.00 
2024 02 11 07 10 314  8.1 10.1  1.99 19.05  6.29 298 1021.4  11.5 999.0  11.1 99.0 99.00 
2024 02 11 07 20 314  8.0 11.2 99.00 99.00 99.00 999 1021.5  11.6 999.0  11.1 99.0 99.00 
2024 02 11 07 30 319  7.7  9.6 99.00 99.00 99.00 999 1021.4  11.6 999.0  11.2 99.0 99.00 
2024 02 11 07 40 319  7.9  9.6  1.77 12.90  6.27 292 1021.5  11.6 999.0  11.2 99.0 99.00 
2024 02 11 07 50 312  7.6 10.0 99.00 99.00 99.00 999 1021.6  11.6 999.0  11.1 99.0 99.00 
2024 02 11 08 00 312  8.1  9.8 99.00 99.00 99.00 999 1021.6  11.7 999.0  11.1 99.0 99.00 
2024 02 11 08 10 315  8.5 10.6  1.81 19.05  6.29 303 1021.6  11.6 999.0  11.1 99.0 99.00 
2024 02 11 08 20 315  8.1 10.3 99.00 99.00 99.00 999 1021.6  11.6 999.0  11.0 99.0 99.00 
2024 02 11 08 30 316  7.4  9.6 99.00 99.00 99.00 999 1021.6  11.8 999.0  11.1 99.0 99.00 
2024 02 11 08 40 319  7.9  9.8  1.94 12.90  6.54 304 1021.6  11.7 999.0  11.0 99.0 99.00 
2024 02 11 08 50 314  7.4  9.2 99.00 99.00 99.00 999 1021.6  11.8 999.0  11.1 99.0 99.00 
2024 02 11 09 00 317  7.8 10.0 99.00 99.00 99.00 999 1021.7  11.8 999.0  11.0 99.0 99.00 
2024 02 11 09 10 317  7.7  9.4  2.00 12.12  6.91 305 1021.8  11.9 999.0  11.1 99.0 99.00 
2024 02 11 09 20 316  7.6  9.5 99.00 99.00 99.00 999 1021.7  12.0 999.0  11.2 99.0 99.00 
2024 02 11 09 30 319  8.0 10.1 99.00 99.00 99.00 999 1021.8  11.9 999.0  11.1 99.0 99.00 
2024 02 11 09 40 320  7.5  9.8  2.03 12.12  6.75 303 1021.8  11.8 999.0  11.1 99.0 99.00 
2024 02 11 09 50 315  7.5  9.6 99.00 99.00 99.00 999 1021.9  11.9 999.0  11.2 99.0 99.00 
2024 02 11 10 00 313  7.7  9.8 99.00 99.00 99.00 999 1021.9  11.7 999.0  11.0 99.0 99.00 
2024 02 11 10 10 324  7.2  9.2  1.81 17.39  6.34 290 1021.8  11.7 999.0  11.1 99.0 99.00 
2024 02 11 10 20 321  7.0  8.9 99.00 99.00 99.00 999 1021.8  11.8 999.0  11.1 99.0 99.00 
2024 02 11 10 30 318  7.3  9.3 99.00 99.00 99.00 999 1021.8  11.8 999.0  11.0 99.0 99.00 
2024 02 11 10 40 324  7.0  9.2  1.93 12.12  7.14 303 1021.8  11.8 999.0  11.0 99.0 99.00 
2024 02 11 10 50 329  6.7  8.5 99.00 99.00 99.00 999 1021.7  11.9 999.0  11.0 99.0 99.00 
2024 02 11 11 00 326  6.3  8.0 99.00 99.00 99.00 999 1021.7  12.0 999.0  11.1 99.0 99.00 
2024 02 11 11 10 330  6.6  8.4  1.72 19.05  6.47 273 1021.8  11.9 999.0  11.0 99.0 99.00 
2024 02 11 11 20 330  6.7  8.1 99.00 99.00 99.00 999 1021.8  11.9 999.0  10.8 99.0 99.00 
2024 02 11 11 30 323  6.9  8.5 99.00 99.00 99.00 999 1021.8  12.0 999.0  11.0 99.0 99.00 
2024 02 11 11 40 325  7.0  8.5  2.08 17.39  7.67 297 1021.9  12.1 999.0  11.1 99.0 99.00 
2024 02 11 11 50 330  6.8  9.1 99.00 99.00 99.00 999 1022.0  12.1 999.0  11.0 99.0 99.00 
2024 02 11 12 00 320  6.5  8.5 99.00 99.00 99.00 999 1021.9  12.1 999.0  11.1 99.0 99.00 
2024 02 11 12 10 338  5.3  7.1  1.95 17.39  7.40 302 1021.9  12.1 999.0  11.1 99.0 99.00 
2024 02 11 12 20 334  5.3  6.5 99.00 99.00 99.00 999 1022.0  12.0 999.0  11.0 99.0 99.00 
2024 02 11 12 30 324  5.7  7.4 99.00 99.00 99.00 999 1022.1  12.0 999.0  11.0 99.0 99.00 
2024 02 11 12 40 324  6.0  8.2  1.75 17.39  7.24 293 1022.2  12.0 999.0  10.9 99.0 99.00 
2024 02 11 12 50 327  6.2  7.7 99.00 99.00 99.00 999 1022.4  12.0 999.0  10.8 99.0 99.00 
2024 02 11 13 00 327  6.5  8.1 99.00 99.00 99.00 999 1022.4  12.0 999.0  10.7 99.0 99.00 
2024 02 11 13 10 336  5.8  6.9  1.78 17.39  7.41 284 1022.5  12.0 999.0  10.6 99.0 99.00 
2024 02 11 13 20 325  5.9  7.4 99.00 99.00 99.00 999 1022.6  12.0 999.0  10.7 99.0 99.00 
2024 02 11 13 30 330  6.0  7.4 99.00 99.00 99.00 999 1022.7  12.0 999.0  10.7 99.0 99.00 
2024 02 11 13 40 331  6.3  8.2  1.81 17.39  7.41 292 1022.9  12.0 999.0  10.6 99.0 99.00 
2024 02 11 13 50 331  6.7  8.2 99.00 99.00 99.00 999 1023.0  12.0 999.0  10.7 99.0 99.00 
2024 02 11 14 00 326  6.8  8.3 99.00 99.00 99.00 999 1023.0  12.0 999.0  10.7 99.0 99.00 
2024 02 11 14 10 328  6.4  8.2  1.59 17.39  6.87 307 1023.0  12.0 999.0  10.7 99.0 99.00 
2024 02 11 14 20 316  6.6  8.4 99.00 99.00 99.00 999 1023.1  11.9 999.0  10.8 99.0 99.00 
2024 02 11 14 30 340  6.3  8.5 99.00 99.00 99.00 999 1023.2  11.8 999.0  10.8 99.0 99.00 
2024 02 11 14 40 350  5.8  7.0  1.70 17.39  7.34 289 1023.0  11.7 999.0  10.5 99.0 99.00 
2024 02 11 14 50 345  5.3  6.8 99.00 99.00 99.00 999 1023.0  11.7 999.0  10.5 99.0 99.00 
2024 02 11 15 00   2  5.7  6.9 99.00 99.00 99.00 999 1023.0  11.6 999.0  10.4 99.0 99.00 
2024 02 11 15 10  23  5.1  6.8  1.88 17.39  8.09 288 1023.2  11.5 999.0  10.4 99.0 99.00 
2024 02 11 15 20  24  4.5  5.5 99.00 99.00 99.00 999 1023.2  11.3 999.0  10.2 99.0 99.00 
2024 02 11 15 30  32  3.9  6.3 99.00 99.00 99.00 999 1023.3  11.3 999.0  10.2 99.0 99.00 
2024 02 11 15 40  32  3.3  4.5  1.72 17.39  8.36 307 1023.4  11.3 999.0  10.2 99.0 99.00 
2024 02 11 15 50  31  3.3  4.5 99.00 99.00 99.00 999 1023.4  11.3 999.0  10.2 99.0 99.00 
2024 02 11 16 00  34  3.0  4.0 99.00 99.00 99.00 999 1023.5  11.2 999.0   9.9 99.0 99.00 
2024 02 11 16 10  40  3.0  4.4  1.78 16.00  8.28 290 1023.6  11.3 999.0  10.1 99.0 99.00 
2024 02 11 16 20  43  2.8  3.8 99.00 99.00 99.00 999 1023.6  11.2 999.0  10.1 99.0 99.00 
2024 02 11 16 30  60  2.9  4.4 99.00 99.00 99.00 999 1023.7  11.1 999.0  10.0 99.0 99.00 
2024 02 11 16 40  72  3.3  4.7  1.77 17.39  8.21 286 1023.8  11.0 999.0  10.0 99.0 99.00 
2024 02 11 16 50  73  3.4  5.2 99.00 99.00 99.00 999 1023.7  10.9 999.0  10.0 99.0 99.00 
2024 02 11 17 00  79  3.4  5.3 99.00 99.00 99.00 999 1023.8  10.9 999.0  10.0 99.0 99.00 
2024 02 11 17 10  85  3.2  4.4  1.76 16.00  8.56 287 1023.8  10.9 999.0   9.9 99.0 99.00 
2024 02 11 17 20  90  3.3  4.8 99.00 99.00 99.00 999 1023.8  10.9 999.0   9.9 99.0 99.00 
2024 02 11 17 30  96  3.7  5.0 99.00 99.00 99.00 999 1023.9  10.8 999.0   9.8 99.0 99.00 
2024 02 11 17 40  99  3.7  5.3  1.93 16.00  9.19 289 1023.9  10.8 999.0   9.9 99.0 99.00 
2024 02 11 17 50  98  4.3  6.1 99.00 99.00 99.00 999 1024.0  10.6 999.0   9.8 99.0 99.00 
2024 02 11 18 00  95  4.7  6.1 99.00 99.00 99.00 999 1023.9  10.4 999.0   9.7 99.0 99.00 
2024 02 11 18 10  98  5.0  7.0  1.72 16.00  8.59 297 1024.0  10.2 999.0   9.5 99.0 99.00 
2024 02 11 18 20  97  5.2  7.4 99.00 99.00 99.00 999 1024.1  10.0 999.0   9.3 99.0 99.00 
2024 02 11 18 30  94  5.0  6.6 99.00 99.00 99.00 999 1024.2  10.0 999.0   9.3 99.0 99.00 
2024 02 11 18 40  94  5.0  6.5  1.78 16.00  8.57 288 1024.1   9.9 999.0   9.2 99.0 99.00 
2024 02 11 18 50  94  4.9  6.4 99.00 99.00 99.00 999 1024.2   9.9 999.0   9.2 99.0 99.00 
2024 02 11 19 00  98  4.9  6.4 99.00 99.00 99.00 999 1024.2   9.9 999.0   9.2 99.0 99.00 
2024 02 11 19 10  95  4.7  6.2  2.06 16.00  9.86 290 1024.1  10.0 999.0   9.2 99.0 99.00 
2024 02 11 19 20  92  4.8  6.8 99.00 99.00 99.00 999 1024.2  10.0 999.0   9.2 99.0 99.00 
2024 02 11 19 30  95  4.6  6.0 99.00 99.00 99.00 999 1024.1  10.1 999.0   9.3 99.0 99.00 
2024 02 11 19 40  92  4.1  6.0  1.69 16.00  8.56 276 1024.1  10.1 999.0   9.3 99.0 99.00 
2024 02 11 19 50  92  3.5  5.1 99.00 99.00 99.00 999 1024.1  10.1 999.0   9.3 99.0 99.00 
2024 02 11 20 00  90  3.2  5.0 99.00 99.00 99.00 999 1024.0  10.2 999.0   9.3 99.0 99.00 
2024 02 11 20 10  88  2.8  4.0  2.01 16.00  9.89 282 1023.9  10.2 999.0   9.3 99.0 99.00 
2024 02 11 20 20  90  2.6  4.1 99.00 99.00 99.00 999 1023.8  10.4 999.0   9.5 99.0 99.00 
2024 02 11 20 30  82  2.0  3.8 99.00 99.00 99.00 999 1023.7  10.4 999.0   9.4 99.0 99.00 
2024 02 11 20 40  75  1.5  2.5  1.70 16.00  9.01 279 1023.7  10.7 999.0   9.6 99.0 99.00 
2024 02 11 20 50  53  1.1  2.2 99.00 99.00 99.00 999 1023.6  10.9 999.0   9.8 99.0 99.00 
2024 02 11 21 00   7  1.2  2.3 99.00 99.00 99.00 999 1023.5  10.9 999.0   9.6 99.0 99.00 
2024 02 11 21 10 346  2.6  4.9  1.97 16.00  9.80 286 1023.5  10.8 999.0   9.6 99.0 99.00 
2024 02 11 21 20 340  3.1  6.0 99.00 99.00 99.00 999 1023.4  10.7 999.0   9.6 99.0 99.00 
2024 02 11 21 30 331  3.3  5.3 99.00 99.00 99.00 999 1023.3  10.7 999.0   9.6 99.0 99.00 
2024 02 11 21 40 333  3.0  4.9  2.23 16.00 10.41 290 1023.2  10.7 999.0   9.7 99.0 99.00 
2024 02 11 21 50 358  1.9  3.3 99.00 99.00 99.00 999 1023.1  10.9 999.0   9.8 99.0 99.00 
2024 02 11 22 00 339  1.9  3.4 99.00 99.00 99.00 999 1023.2  11.1 999.0   9.9 99.0 99.00 
2024 02 11 22 10 321  2.3  3.8  2.00 16.00  9.75 302 1023.1  11.3 999.0  10.1 99.0 99.00 
2024 02 11 22 20 330  2.5  4.0 99.00 99.00 99.00 999 1022.9  11.4 999.0  10.1 99.0 99.00 
2024 02 11 22 30 323  3.1  4.8 99.00 99.00 99.00 999 1022.8  11.6 999.0  10.2 99.0 99.00 
2024 02 11 22 40 322  3.1  4.4  2.15 14.81 10.70 288 1022.6  11.6 999.0  10.2 99.0 99.00 
2024 02 11 22 50 323  3.3  5.2 99.00 99.00 99.00 999 1022.7  11.8 999.0  10.4 99.0 99.00 
2024 02 11 23 00 327  4.3  5.8 99.00 99.00 99.00 999 1022.8  11.8 999.0  10.4 99.0 99.00 
2024 02 11 23 10 319  4.1  5.8  2.54 16.00 11.58 288 1022.8  11.7 999.0  10.4 99.0 99.00 
2024 02 11 23 20 318  3.7  5.6 99.00 99.00 99.00 999 1022.8  11.6 999.0  10.3 99.0 99.00 
2024 02 11 23 30 325  4.1  5.7 99.00 99.00 99.00 999 1022.9  11.6 999.0  10.5 99.0 99.00 
2024 02 11 23 40 316  4.0  6.0  2.25 14.81 10.99 290 1022.9  11.5 999.0  10.3 99.0 99.00 
2024 02 11 23 50 318  3.8  5.0 99.00 99.00 99.00 999 1022.8  11.7 999.0  10.5 99.0 99.00 
2024 02 12 00 00 312  4.5  6.1 99.00 99.00 99.00 999 1022.9  11.8 999.0  10.5 99.0 99.00 
2024 02 12 00 10 314  4.9  6.6  1.88 16.00 10.32 286 1022.9  11.9 999.0  10.7 99.0 99.00 
2024 02 12 00 20 313  5.1  6.9 99.00 99.00 99.00 999 1023.0  12.0 999.0  10.8 99.0 99.00 
2024 02 12 00 30 316  5.1  6.6 99.00 99.00 99.00 999 1023.0  12.1 999.0  10.9 99.0 99.00 
2024 02 12 00 40 319  4.8  6.9  2.06 16.00 10.83 290 1022.9  12.1 999.0  10.9 99.0 99.00 
2024 02 12 00 50 314  5.0  6.4 99.00 99.00 99.00 999 1022.9  12.1 999.0  10.9 99.0 99.00 
2024 02 12 01 00 312  5.4  6.9 99.00 99.00 99.00 999 1023.0  12.2 999.0  11.0 99.0 99.00 
2024 02 12 01 10 313  5.8  7.6  2.32 16.00 11.11 291 1022.9  12.2 999.0  10.9 99.0 99.00 
2024 02 12 01 20 313  5.7  7.1 99.00 99.00 99.00 999 1022.8  12.3 999.0  11.1 99.0 99.00 
2024 02 12 01 30 316  5.8  7.4 99.00 99.00 99.00 999 1022.8  12.4 999.0  11.2 99.0 99.00 
2024 02 12 01 40 317  5.9  7.4  2.19 16.00 10.49 282 1022.8  12.4 999.0  11.2 99.0 99.00 
2024 02 12 01 50 319  6.1  7.6 99.00 99.00 99.00 999 1022.8  12.4 999.0  11.2 99.0 99.00 
2024 02 12 02 00 318  6.4  8.1 99.00 99.00 99.00 999 1022.8  12.4 999.0  11.2 99.0 99.00 
2024 02 12 02 10 322  6.2  7.7  2.36 14.81 10.56 293 1022.9  12.4 999.0  11.2 99.0 99.00 
2024 02 12 02 20 322  6.4  8.0 99.00 99.00 99.00 999 1022.9  12.4 999.0  11.1 99.0 99.00 
2024 02 12 02 30 319  6.3  8.1 99.00 99.00 99.00 999 1022.9  12.4 999.0  11.1 99.0 99.00 
2024 02 12 02 40 320  6.3  8.9  2.04 13.79  9.39 304 1022.9  12.2 999.0  10.9 99.0 99.00 
2024 02 12 02 50 328  6.4  8.4 99.00 99.00 99.00 999 1022.9  12.2 999.0  11.0 99.0 99.00 
2024 02 12 03 00 322  6.6  9.4 99.00 99.00 99.00 999 1022.9  12.1 999.0  10.9 99.0 99.00 
2024 02 12 03 10 321  6.2  8.7  1.94 16.00  9.07 302 1023.0  12.0 999.0  10.8 99.0 99.00 
2024 02 12 03 20 318  6.3  8.5 99.00 99.00 99.00 999 1023.0  12.1 999.0  10.9 99.0 99.00 
2024 02 12 03 30 316  6.3  8.9 99.00 99.00 99.00 999 1023.0  12.0 999.0  10.9 99.0 99.00 
2024 02 12 03 40 321  6.1  8.6  2.08 14.81  8.85 293 1023.0  12.0 999.0  10.9 99.0 99.00 
2024 02 12 03 50 311  6.4  7.9 99.00 99.00 99.00 999 1023.0  12.1 999.0  11.0 99.0 99.00 
2024 02 12 04 00 315  6.7  9.2 99.00 99.00 99.00 999 1023.0  12.1 999.0  11.1 99.0 99.00 
2024 02 12 04 10 318  6.8  8.9  1.96 14.81  8.29 291 1022.9  12.0 999.0  11.0 99.0 99.00 
2024 02 12 04 20 314  6.9  8.9 99.00 99.00 99.00 999 1022.9  12.0 999.0  11.0 99.0 99.00 
2024 02 12 04 30 312  7.1  9.1 99.00 99.00 99.00 999 1023.0  12.0 999.0  11.1 99.0 99.00 
2024 02 12 04 40 315  7.2  9.4  2.15 14.81  8.30 290 1023.1  11.9 999.0  11.1 99.0 99.00 
2024 02 12 04 50 315  7.5  9.7 99.00 99.00 99.00 999 1023.1  11.9 999.0  11.1 99.0 99.00 
2024 02 12 05 00 315  7.7 10.0 99.00 99.00 99.00 999 1023.1  11.9 999.0  11.1 99.0 99.00 
2024 02 12 05 10 318  7.6  9.9  2.19 12.90  7.74 304 1023.1  11.9 999.0  11.1 99.0 99.00 
2024 02 12 05 20 318  8.3 10.5 99.00 99.00 99.00 999 1023.1  11.8 999.0  11.1 99.0 99.00 
2024 02 12 05 30 314  8.1 10.4 99.00 99.00 99.00 999 1023.0  11.5 999.0  10.8 99.0 99.00 
2024 02 12 05 40 313  7.8  9.9  2.42 14.81  8.05 293 1022.9  11.6 999.0  11.0 99.0 99.00 
2024 02 12 05 50 320  7.4  9.4 99.00 99.00 99.00 999 1023.0  11.8 999.0  11.1 99.0 99.00 
2024 02 12 06 00 320  7.7  9.9 99.00 99.00 99.00 999 1022.8  11.7 999.0  11.0 99.0 99.00 
2024 02 12 06 10 321  8.3 10.3  2.28 13.79  7.44 301 1022.8  11.6 999.0  10.9 99.0 99.00 
2024 02 12 06 20 315  8.2 10.2 99.00 99.00 99.00 999 1022.9  11.7 999.0  11.0 99.0 99.00 
2024 02 12 06 30 315  8.3 11.4 99.00 99.00 99.00 999 1022.9  11.7 999.0  11.0 99.0 99.00 
2024 02 12 06 40 317  8.4 11.0  2.38 16.00  7.76 297 1022.9  11.7 999.0  11.0 99.0 99.00 
2024 02 12 06 50 316  8.4 10.7 99.00 99.00 99.00 999 1022.8  11.7 999.0  11.0 99.0 99.00 
2024 02 12 07 00 316  8.3 10.2 99.00 99.00 99.00 999 1022.8  11.7 999.0  11.0 99.0 99.00 
2024 02 12 07 10 320  8.5 10.4  2.54 16.00  8.02 309 1022.8  11.7 999.0  10.9 99.0 99.00 
2024 02 12 07 20 319  8.1 10.1 99.00 99.00 99.00 999 1022.7  11.8 999.0  11.0 99.0 99.00 
2024 02 12 07 30 321  7.7  9.5 99.00 99.00 99.00 999 1022.7  11.8 999.0  11.0 99.0 99.00 
2024 02 12 07 40 320  7.4  9.2  2.34 14.81  7.67 294 1022.7  11.8 999.0  11.0 99.0 99.00 
2024 02 12 07 50 323  6.7  8.4 99.00 99.00 99.00 999 1022.6  11.9 999.0  11.1 99.0 99.00 
2024 02 12 08 00 324  6.5  8.2 99.00 99.00 99.00 999 1022.6  11.9 999.0  11.1 99.0 99.00 
2024 02 12 08 10 327  6.3  7.6  2.25 14.81  7.94 293 1022.5  11.9 999.0  11.0 99.0 99.00 
2024 02 12 08 20 328  6.2  7.7 99.00 99.00 99.00 999 1022.5  11.9 999.0  11.0 99.0 99.00 
2024 02 12 08 30 320  6.5  8.5 99.00 99.00 99.00 999 1022.4  11.9 999.0  11.1 99.0 99.00 
2024 02 12 08 40 327  6.5  8.1  2.74 13.79  9.16 295 1022.4  11.9 999.0  11.1 99.0 99.00 
2024 02 12 08 50 326  6.3  8.3 99.00 99.00 99.00 999 1022.3  11.8 999.0  10.9 99.0 99.00 
2024 02 12 09 00 331  5.8  7.0 99.00 99.00 99.00 999 1022.3  11.9 999.0  10.9 99.0 99.00 
2024 02 12 09 10 330  5.3  6.6  2.41 14.81  8.90 293 1022.3  11.9 999.0  10.9 99.0 99.00 
2024 02 12 09 20 328  5.8  7.3 99.00 99.00 99.00 999 1022.2  11.9 999.0  10.9 99.0 99.00 
2024 02 12 09 30 324  5.6  7.7 99.00 99.00 99.00 999 1022.1  11.9 999.0  10.9 99.0 99.00 
2024 02 12 09 40 335  5.6  6.9  2.70 14.81  9.78 288 1022.1  11.9 999.0  10.8 99.0 99.00 
2024 02 12 09 50 339  5.6  7.4 99.00 99.00 99.00 999 1022.0  11.9 999.0  10.7 99.0 99.00 
2024 02 12 10 00 331  5.5  7.0 99.00 99.00 99.00 999 1022.0  11.8 999.0  10.5 99.0 99.00 
2024 02 12 10 10 332  5.0  6.9  2.85 14.81 10.02 292 1022.0  11.8 999.0  10.5 99.0 99.00 
2024 02 12 10 20 335  5.0  6.4 99.00 99.00 99.00 999 1022.0  11.7 999.0  10.4 99.0 99.00 
2024 02 12 10 30 338  4.4  5.9 99.00 99.00 99.00 999 1022.0  11.7 999.0  10.3 99.0 99.00 
2024 02 12 10 40 340  4.1  5.5  2.67 13.79  9.91 294 1021.9  11.7 999.0  10.3 99.0 99.00 
2024 02 12 10 50 345  3.4  4.6 99.00 99.00 99.00 999 1021.8  11.7 999.0  10.3 99.0 99.00 
2024 02 12 11 00   3  2.7  4.4 99.00 99.00 99.00 999 1021.7  11.8 999.0  10.4 99.0 99.00 
2024 02 12 11 10  19  2.2  2.9  2.73 14.81 10.32 300 1021.7  11.7 999.0  10.3 99.0 99.00 
2024 02 12 11 20  40  1.5  2.7 99.00 99.00 99.00 999 1021.5  11.8 999.0  10.4 99.0 99.00 
2024 02 12 11 30  73  2.5  4.8 99.00 99.00 99.00 999 1021.3  11.7 999.0  10.6 99.0 99.00 
2024 02 12 11 40  77  2.9  4.8  2.72 14.81 10.54 284 1021.4  11.5 999.0  10.6 99.0 99.00 
2024 02 12 11 50  77  2.1  3.9 99.00 99.00 99.00 999 1021.3  11.4 999.0  10.5 99.0 99.00 
2024 02 12 12 00  78  2.0  3.5 99.00 99.00 99.00 999 1021.3  11.3 999.0  10.4 99.0 99.00 
2024 02 12 12 10  83  2.0  3.3  2.23 14.81  9.71 287 1021.3  11.2 999.0  10.4 99.0 99.00 
2024 02 12 12 20  75  2.3  4.3 99.00 99.00 99.00 999 1021.3  11.1 999.0  10.3 99.0 99.00 
2024 02 12 12 30  76  1.8  3.1 99.00 99.00 99.00 999 1021.3  11.0 999.0  10.2 99.0 99.00 
2024 02 12 12 40  69  1.6  3.3  2.17 14.81  9.70 281 1021.4  11.0 999.0  10.2 99.0 99.00 
2024 02 12 12 50  67  1.8  3.2 99.00 99.00 99.00 999 1021.4  11.1 999.0  10.3 99.0 99.00 
2024 02 12 13 00  58  1.8  3.0 99.00 99.00 99.00 999 1021.5  11.1 999.0  10.3 99.0 99.00 
2024 02 12 13 10  75  2.1  4.2  2.26 14.81 10.30 295 1021.2  11.1 999.0  10.3 99.0 99.00 
2024 02 12 13 20  82  3.1  5.4 99.00 99.00 99.00 999 1021.1  10.8 999.0  10.0 99.0 99.00 
2024 02 12 13 30  71  2.6  3.9 99.00 99.00 99.00 999 1021.2  10.6 999.0   9.8 99.0 99.00 
2024 02 12 13 40  78  3.0  5.1  2.91 13.79 11.30 285 1021.1  10.5 999.0   9.7 99.0 99.00 
2024 02 12 13 50  77  3.6  5.1 99.00 99.00 99.00 999 1021.1  10.4 999.0   9.7 99.0 99.00 
2024 02 12 14 00  82  4.2  5.6 99.00 99.00 99.00 999 1021.1  10.1 999.0   9.4 99.0 99.00 
2024 02 12 14 10  82  4.5  6.3  2.26 14.81 10.46 297 1021.0  10.0 999.0   9.5 99.0 99.00 
2024 02 12 14 20  89  4.1  5.9 99.00 99.00 99.00 999 1021.2   9.7 999.0   9.2 99.0 99.00 
2024 02 12 14 30  89  4.1  5.8 99.00 99.00 99.00 999 1021.2   9.6 999.0   9.1 99.0 99.00 
2024 02 12 14 40  86  3.8  6.0  2.45 13.79 10.54 303 1021.2   9.5 999.0   9.0 99.0 99.00 
2024 02 12 14 50  87  3.8  5.5 99.00 99.00 99.00 999 1021.2   9.4 999.0   8.9 99.0 99.00 
2024 02 12 15 00  93  3.6  5.8 99.00 99.00 99.00 999 1021.3   9.6 999.0   9.1 99.0 99.00 
2024 02 12 15 10  87  3.5  5.9  2.65 13.79 11.16 290 1021.4   9.4 999.0   8.9 99.0 99.00 
2024 02 12 15 20  89  3.4  5.6 99.00 99.00 99.00 999 1021.5   9.5 999.0   9.0 99.0 99.00 
2024 02 12 15 30  90  3.0  5.0 99.00 99.00 99.00 999 1021.7   9.5 999.0   9.0 99.0 99.00 
2024 02 12 15 40  88  2.7  4.2  2.54 13.79 11.38 300 1021.7   9.6 999.0   9.1 99.0 99.00 
2024 02 12 15 50  76  2.6  4.4 99.00 99.00 99.00 999 1021.9   9.7 999.0   9.1 99.0 99.00 
2024 02 12 16 00  65  2.6  4.0 99.00 99.00 99.00 999 1021.9   9.8 999.0   9.1 99.0 99.00 
2024 02 12 16 10  67  2.8  4.0  2.08 14.81 10.16 295 1021.9   9.8 999.0   9.1 99.0 99.00 
2024 02 12 16 20  59  2.7  4.0 99.00 99.00 99.00 999 1022.0   9.8 999.0   9.1 99.0 99.00 
2024 02 12 16 30  52  2.6  4.0 99.00 99.00 99.00 999 1022.1   9.9 999.0   9.2 99.0 99.00 
2024 02 12 16 40  59  2.7  4.5  2.49 13.79 11.15 293 1022.0   9.9 999.0   9.1 99.0 99.00 
2024 02 12 16 50  59  2.7  4.0 99.00 99.00 99.00 999 1022.0  10.0 999.0   9.2 99.0 99.00 
2024 02 12 17 00  72  2.9  4.4 99.00 99.00 99.00 999 1022.0  10.0 999.0   9.2 99.0 99.00 
2024 02 12 17 10  72  2.9  4.4  2.46 14.81 11.27 295 1021.9  10.1 999.0   9.3 99.0 99.00 
2024 02 12 17 20  71  3.2  5.0 99.00 99.00 99.00 999 1021.9  10.1 999.0   9.3 99.0 99.00 
2024 02 12 17 30  73  3.1  4.6 99.00 99.00 99.00 999 1021.9  10.1 999.0   9.2 99.0 99.00 
2024 02 12 17 40  76  3.0  5.3  2.49 13.79 10.93 291 1021.9  10.1 999.0   9.2 99.0 99.00 
2024 02 12 17 50  75  3.0  4.8 99.00 99.00 99.00 999 1021.9  10.1 999.0   9.1 99.0 99.00 
2024 02 12 18 00  73  3.2  5.3 99.00 99.00 99.00 999 1021.8  10.2 999.0   9.1 99.0 99.00 
2024 02 12 18 10  71  2.9  4.6  2.49 13.79 10.70 299 1021.9  10.3 999.0   9.2 99.0 99.00 
2024 02 12 18 20  66  2.5  4.4 99.00 99.00 99.00 999 1021.9  10.3 999.0   9.2 99.0 99.00 
2024 02 12 18 30  62  2.4  3.8 99.00 99.00 99.00 999 1021.9  10.3 999.0   9.1 99.0 99.00 
2024 02 12 18 40  66  2.2  3.9  2.90 13.79 11.11 298 1021.9  10.4 999.0   9.2 99.0 99.00 
2024 02 12 18 50  69  2.4  3.8 99.00 99.00 99.00 999 1021.8  10.4 999.0   9.2 99.0 99.00 
2024 02 12 19 00  70  2.3  4.3 99.00 99.00 99.00 999 1021.8  10.5 999.0   9.3 99.0 99.00 
2024 02 12 19 10  77  2.5  4.0  2.82 13.79 10.99 289 1021.6  10.6 999.0   9.4 99.0 99.00 
2024 02 12 19 20  73  2.6  4.3 99.00 99.00 99.00 999 1021.6  10.5 999.0   9.2 99.0 99.00 
2024 02 12 19 30  73  2.4  4.1 99.00 99.00 99.00 999 1021.5  10.6 999.0   9.2 99.0 99.00 
2024 02 12 19 40  74  2.2  4.4  2.78 13.79 10.72 291 1021.3  10.6 999.0   9.1 99.0 99.00 
2024 02 12 19 50  75  3.0  4.6 99.00 99.00 99.00 999 1021.1  10.7 999.0   9.3 99.0 99.00 
2024 02 12 20 00  79  2.6  4.2 99.00 99.00 99.00 999 1020.9  10.7 999.0   9.4 99.0 99.00 
2024 02 12 20 10  77  2.7  4.2  2.30 13.79 10.18 290 1020.8  10.7 999.0   9.4 99.0 99.00 
2024 02 12 20 20  82  2.0  4.4 99.00 99.00 99.00 999 1020.7  10.7 999.0   9.4 99.0 99.00 
2024 02 12 20 30  74  1.5  3.2 99.00 99.00 99.00 999 1020.5  10.9 999.0   9.4 99.0 99.00 
2024 02 12 20 40  65  1.2  2.5  2.72 13.79 10.65 288 1020.4  11.1 999.0   9.6 99.0 99.00 
2024 02 12 20 50  75  1.1  2.7 99.00 99.00 99.00 999 1020.2  11.2 999.0   9.5 99.0 99.00 
2024 02 12 21 00  50  0.5  2.9 99.00 99.00 99.00 999 1020.3  11.5 999.0   9.7 99.0 99.00 
2024 02 12 21 10   8  0.3  1.2  2.75 13.79 10.47 295 1020.1  11.7 999.0   9.6 99.0 99.00 
2024 02 12 21 20 314  0.6  2.2 99.00 99.00 99.00 999 1020.0  11.9 999.0   9.7 99.0 99.00 
2024 02 12 21 30 332  0.7  2.0 99.00 99.00 99.00 999 1019.8  12.0 999.0   9.8 99.0 99.00 
2024 02 12 21 40 338  0.9  2.0  2.54 13.79 10.22 294 1019.7  12.0 999.0   9.8 99.0 99.00 
2024 02 12 21 50 345  0.7  2.0 99.00 99.00 99.00 999 1019.6  12.0 999.0   9.8 99.0 99.00 
2024 02 12 22 00  23  0.8  2.1 99.00 99.00 99.00 999 1019.3  12.1 999.0   9.9 99.0 99.00 
2024 02 12 22 10  22  0.8  1.9  2.68 13.79 10.25 291 1019.4  12.1 999.0   9.9 99.0 99.00 
2024 02 12 22 20 300  0.8  2.3 99.00 99.00 99.00 999 1019.3  12.3 999.0  10.0 99.0 99.00 
2024 02 12 22 30 272  1.0  2.4 99.00 99.00 99.00 999 1019.3  12.5 999.0  10.3 99.0 99.00 
2024 02 12 22 40 262  1.3  3.0  2.41 14.81  9.99 288 1019.2  12.3 999.0  10.2 99.0 99.00 
2024 02 12 22 50 264  1.6  3.3 99.00 99.00 99.00 999 1019.2  12.2 999.0  10.3 99.0 99.00 
2024 02 12 23 00 259  1.9  3.2 99.00 99.00 99.00 999 1019.1  12.3 999.0  10.5 99.0 99.00 
2024 02 12 23 10 263  1.9  3.3  2.48 13.79 10.01 292 1019.1  12.4 999.0  10.6 99.0 99.00 
2024 02 12 23 20 260  1.9  3.9 99.00 99.00 99.00 999 1019.0  12.4 999.0  10.6 99.0 99.00 
2024 02 12 23 30 265  2.5  3.7 99.00 99.00 99.00 999 1018.9  12.4 999.0  10.6 99.0 99.00 
2024 02 12 23 40 260  3.2  5.0  2.41 12.90  9.97 290 1018.8  12.5 999.0  10.7 99.0 99.00 
2024 02 12 23 50 260  3.8  5.5 99.00 99.00 99.00 999 1018.9  12.5 999.0  10.8 99.0 99.00 
2024 02 13 00 00 264  4.5  6.0 99.00 99.00 99.00 999 1018.9  12.6 999.0  10.9 99.0 99.00 
2024 02 13 00 10 263  4.8  6.3  2.32 13.79  9.77 284 1018.8  12.7 999.0  11.0 99.0 99.00 
2024 02 13 00 20 270  4.9  6.4 99.00 99.00 99.00 999 1018.7  12.8 999.0  10.9 99.0 99.00 
2024 02 13 00 30 273  4.8  6.6 99.00 99.00 99.00 999 1018.7  12.8 999.0  10.8 99.0 99.00 
2024 02 13 00 40 276  4.7  6.1  2.00 13.79  9.51 290 1018.8  12.9 999.0  10.8 99.0 99.00 
2024 02 13 00 50 273  4.5  6.1 99.00 99.00 99.00 999 1018.7  12.9 999.0  10.6 99.0 99.00 
2024 02 13 01 00 273  4.4  5.7 99.00 99.00 99.00 999 1018.7  12.9 999.0  10.6 99.0 99.00 
2024 02 13 01 10 278  4.9  6.0  2.17 13.79  9.59 283 1018.7  12.8 999.0  10.3 99.0 99.00 
2024 02 13 01 20 282  4.6  6.0 99.00 99.00 99.00 999 1018.9  12.8 999.0  10.3 99.0 99.00 
2024 02 13 01 30 283  4.3  5.6 99.00 99.00 99.00 999 1018.8  12.9 999.0  10.5 99.0 99.00 
2024 02 13 01 40 282  4.2  5.9  2.09 13.79  9.70 302 1018.9  12.9 999.0  10.8 99.0 99.00 
2024 02 13 01 50 284  4.5  6.0 99.00 99.00 99.00 999 1019.0  12.8 999.0  10.6 99.0 99.00 
2024 02 13 02 00 287  4.6  6.1 99.00 99.00 99.00 999 1019.0  12.7 999.0  10.5 99.0 99.00 
2024 02 13 02 10 292  4.4  5.8  2.11 13.79  9.80 288 1019.0  12.8 999.0  10.7 99.0 99.00 
2024 02 13 02 20 293  4.3  5.6 99.00 99.00 99.00 999 1019.1  12.8 999.0  10.7 99.0 99.00 
2024 02 13 02 30 296  4.5  6.0 99.00 99.00 99.00 999 1019.1  12.8 999.0  10.9 99.0 99.00 
2024 02 13 02 40 302  4.2  6.0  2.26 12.90  9.70 296 1019.1  12.7 999.0  10.7 99.0 99.00 
2024 02 13 02 50 302  4.1  5.3 99.00 99.00 99.00 999 1019.2  12.7 999.0  10.7 99.0 99.00 
2024 02 13 03 00 302  3.9  5.2 99.00 99.00 99.00 999 1019.2  12.7 999.0  10.8 99.0 99.00 
2024 02 13 03 10 303  4.0  5.3  2.18 13.79 10.04 295 1019.1  12.7 999.0  10.9 99.0 99.00 
2024 02 13 03 20 302  3.9  5.2 99.00 99.00 99.00 999 1019.1  12.7 999.0  10.9 99.0 99.00 
2024 02 13 03 30 302  3.4  4.4 99.00 99.00 99.00 999 1019.1  12.8 999.0  11.0 99.0 99.00 
2024 02 13 03 40 302  3.4  4.5  2.00 12.90  9.19 294 1019.0  12.8 999.0  11.1 99.0 99.00 
2024 02 13 03 50 296  3.5  5.1 99.00 99.00 99.00 999 1018.9  12.8 999.0  11.1 99.0 99.00 
2024 02 13 04 00 303  3.6  5.1 99.00 99.00 99.00 999 1018.9  12.7 999.0  10.9 99.0 99.00 
2024 02 13 04 10 303  3.1  4.3  2.07 12.90  9.36 303 1018.9  12.8 999.0  11.1 99.0 99.00 
2024 02 13 04 20 313  3.1  4.4 99.00 99.00 99.00 999 1018.9  12.8 999.0  11.0 99.0 99.00 
2024 02 13 04 30 305  3.1  4.4 99.00 99.00 99.00 999 1018.9  12.8 999.0  11.1 99.0 99.00 
2024 02 13 04 40 306  2.9  4.3  1.94 12.90  9.06 301 1018.9  12.8 999.0  11.2 99.0 99.00 
2024 02 13 04 50 307  3.0  4.3 99.00 99.00 99.00 999 1018.8  12.8 999.0  11.2 99.0 99.00 
2024 02 13 05 00 308  2.9  4.4 99.00 99.00 99.00 999 1018.7  12.8 999.0  11.2 99.0 99.00 
2024 02 13 05 10 305  3.0  4.4  2.14 13.79  9.52 292 1018.7  12.8 999.0  11.1 99.0 99.00 
2024 02 13 05 20 306  3.0  4.5 99.00 99.00 99.00 999 1018.6  12.8 999.0  11.1 99.0 99.00 
2024 02 13 05 30 309  3.1  4.6 99.00 99.00 99.00 999 1018.6  12.7 999.0  10.6 99.0 99.00 
2024 02 13 05 40 296  3.8  5.0  2.16 12.12  9.05 299 1018.6  12.8 999.0  10.7 99.0 99.00 
2024 02 13 05 50 302  3.4  5.0 99.00 99.00 99.00 999 1018.5  12.8 999.0  10.8 99.0 99.00 
2024 02 13 06 00 296  3.0  4.5 99.00 99.00 99.00 999 1018.4  12.7 999.0  10.9 99.0 99.00 
2024 02 13 06 10 289  2.8  4.8  1.96 12.12  9.03 295 1018.4  12.7 999.0  10.8 99.0 99.00 
2024 02 13 06 20 291  3.5  4.9 99.00 99.00 99.00 999 1018.4  12.7 999.0  10.6 99.0 99.00 
2024 02 13 06 30 286  3.6  5.2 99.00 99.00 99.00 999 1018.3  12.7 999.0  10.6 99.0 99.00 
2024 02 13 06 40 278  3.6  5.0  2.06 12.90  9.38 303 1018.3  12.7 999.0  10.7 99.0 99.00 
2024 02 13 06 50 311  3.0  4.2 99.00 99.00 99.00 999 1018.1  12.7 999.0  10.6 99.0 99.00 
2024 02 13 07 00 315  2.9  4.2 99.00 99.00 99.00 999 1018.1  12.7 999.0  10.6 99.0 99.00 
2024 02 13 07 10 355  2.4  4.2  1.88 12.12  9.17 292 1018.1  12.7 999.0  10.8 99.0 99.00 
2024 02 13 07 20   2  1.7  2.7 99.00 99.00 99.00 999 1018.1  12.6 999.0  10.9 99.0 99.00 
2024 02 13 07 30  16  1.3  2.2 99.00 99.00 99.00 999 1018.1  12.5 999.0  10.9 99.0 99.00 
2024 02 13 07 40   5  0.7  2.0  1.98 12.90  9.26 288 1018.1  12.5 999.0  10.9 99.0 99.00 
2024 02 13 07 50 322  0.7  1.9 99.00 99.00 99.00 999 1018.1  12.5 999.0  10.9 99.0 99.00 
2024 02 13 08 00 306  2.5  4.0 99.00 99.00 99.00 999 1018.1  12.5 999.0  10.9 99.0 99.00 
2024 02 13 08 10 293  3.2  4.8  1.95 12.90  9.30 293 1018.1  12.4 999.0  10.6 99.0 99.00 
2024 02 13 08 20 286  3.5  4.7 99.00 99.00 99.00 999 1018.1  12.4 999.0  10.5 99.0 99.00 
2024 02 13 08 30 296  2.6  3.9 99.00 99.00 99.00 999 1017.7  12.4 999.0  10.4 99.0 99.00 
2024 02 13 08 40 293  2.3  3.5  1.90 12.90  8.87 291 1017.8  12.4 999.0  10.3 99.0 99.00 
2024 02 13 08 50 287  2.2  3.9 99.00 99.00 99.00 999 1017.8  12.4 999.0  10.4 99.0 99.00 
2024 02 13 09 00 273  2.7  3.7 99.00 99.00 99.00 999 1017.7  12.4 999.0  10.3 99.0 99.00 
2024 02 13 09 10 281  2.1  3.3  2.07 12.90  9.70 286 1017.5  12.4 999.0  10.2 99.0 99.00 
2024 02 13 09 20 289  2.2  3.6 99.00 99.00 99.00 999 1017.5  12.4 999.0  10.0 99.0 99.00 
2024 02 13 09 30 296  2.0  3.3 99.00 99.00 99.00 999 1017.3  12.4 999.0  10.1 99.0 99.00 
2024 02 13 09 40 297  2.0  3.3  1.88 12.90  9.21 284 1017.2  12.4 999.0  10.2 99.0 99.00 
2024 02 13 09 50 304  1.8  3.0 99.00 99.00 99.00 999 1017.1  12.4 999.0  10.2 99.0 99.00 
2024 02 13 10 00 296  2.1  3.5 99.00 99.00 99.00 999 1017.0  12.4 999.0  10.1 99.0 99.00 
2024 02 13 10 10 292  3.0  5.1  1.94 12.90  9.12 295 1016.9  12.4 999.0  10.3 99.0 99.00 
2024 02 13 10 20 296  2.8  4.1 99.00 99.00 99.00 999 1016.9  12.3 999.0  10.4 99.0 99.00 
2024 02 13 10 30 293  1.9  3.3 99.00 99.00 99.00 999 1016.6  12.3 999.0  10.5 99.0 99.00 
2024 02 13 10 40 312  1.6  2.6  1.83 12.90  8.97 288 1016.5  12.3 999.0  10.5 99.0 99.00 
2024 02 13 10 50 351  1.7  3.2 99.00 99.00 99.00 999 1016.5  12.2 999.0  10.5 99.0 99.00 
2024 02 13 11 00 318  0.9  1.9 99.00 99.00 99.00 999 1016.5  12.2 999.0  10.6 99.0 99.00 
2024 02 13 11 10 318  0.3  1.6  1.70 12.90  8.67 306 1016.3  12.2 999.0  10.6 99.0 99.00 
2024 02 13 11 20 327  0.2  1.1 99.00 99.00 99.00 999 1016.1  12.2 999.0  10.4 99.0 99.00 
2024 02 13 11 30 304  0.2  1.2 99.00 99.00 99.00 999 1016.2  12.2 999.0  10.4 99.0 99.00 
2024 02 13 11 40 255  0.9  1.9  1.78 12.90  8.89 305 1016.3  12.1 999.0  10.3 99.0 99.00 
2024 02 13 11 50 250  1.9  3.1 99.00 99.00 99.00 999 1016.4  12.2 999.0  10.4 99.0 99.00 
2024 02 13 12 00 259  2.2  3.1 99.00 99.00 99.00 999 1016.4  12.1 999.0  10.3 99.0 99.00 
2024 02 13 12 10 277  2.1  3.4  1.96 12.12  9.16 299 1016.4  12.2 999.0  10.5 99.0 99.00 
2024 02 13 12 20 278  1.5  2.8 99.00 99.00 99.00 999 1016.4  12.1 999.0  10.3 99.0 99.00 
2024 02 13 12 30 280  1.5  2.6 99.00 99.00 99.00 999 1016.4  12.1 999.0  10.2 99.0 99.00 
2024 02 13 12 40 289  1.4  2.5  1.67 12.90  8.50 293 1016.4  12.2 999.0  10.3 99.0 99.00 
2024 02 13 12 50 302  1.8  3.1 99.00 99.00 99.00 999 1016.5  12.2 999.0  10.3 99.0 99.00 
2024 02 13 13 00 307  2.5  3.8 99.00 99.00 99.00 999 1016.7  12.2 999.0  10.4 99.0 99.00 
2024 02 13 13 10 308  3.0  4.5  1.88 12.90  9.04 290 1016.7  12.2 999.0  10.4 99.0 99.00 
2024 02 13 13 20 299  2.3  3.5 99.00 99.00 99.00 999 1016.7  12.1 999.0  10.2 99.0 99.00 
2024 02 13 13 30 330  2.1  3.1 99.00 99.00 99.00 999 1016.6  12.1 999.0  10.2 99.0 99.00 
2024 02 13 13 40 322  1.8  3.1  1.71 12.12  8.62 295 1016.6  12.2 999.0  10.1 99.0 99.00 
2024 02 13 13 50 325  2.2  3.2 99.00 99.00 99.00 999 1016.6  12.2 999.0  10.1 99.0 99.00 
2024 02 13 14 00 326  2.1  3.2 99.00 99.00 99.00 999 1016.6  12.2 999.0  10.0 99.0 99.00 
2024 02 13 14 10 321  1.9  3.0  1.63 12.12  8.49 298 1016.7  12.2 999.0  10.1 99.0 99.00 
2024 02 13 14 20 336  1.5  2.7 99.00 99.00 99.00 999 1016.7  12.2 999.0  10.1 99.0 99.00 
2024 02 13 14 30 315  1.5  2.3 99.00 99.00 99.00 999 1016.8  12.2 999.0  10.2 99.0 99.00 
2024 02 13 14 40 309  1.5  2.6  1.69 12.12  8.99 299 1016.9  12.2 999.0  10.2 99.0 99.00 
2024 02 13 14 50 325  1.2  2.1 99.00 99.00 99.00 999 1016.8  12.2 999.0  10.1 99.0 99.00 
2024 02 13 15 00 339  1.2  2.3 99.00 99.00 99.00 999 1016.9  12.2 999.0  10.1 99.0 99.00 
2024 02 13 15 10  54  1.4  2.8  1.57 12.12  8.96 303 1016.8  12.3 999.0  10.4 99.0 99.00 
2024 02 13 15 20  82  1.7  3.1 99.00 99.00 99.00 999 1016.8  12.2 999.0  10.5 99.0 99.00 
2024 02 13 15 30  96  2.3  3.8 99.00 99.00 99.00 999 1017.0  12.0 999.0  10.7 99.0 99.00 
2024 02 13 15 40 103  2.4  3.7  1.59 12.90  8.80 292 1016.9  11.9 999.0  10.6 99.0 99.00 
2024 02 13 15 50 125  1.2  3.2 99.00 99.00 99.00 999 1017.2  12.2 999.0  10.8 99.0 99.00 
2024 02 13 16 00 108  1.5  2.7 99.00 99.00 99.00 999 1017.2  12.3 999.0  10.8 99.0 99.00 
2024 02 13 16 10 116  1.5  2.7  1.56 12.90  8.84 279 1017.3  12.2 999.0  10.7 99.0 99.00 
2024 02 13 16 20 111  0.8  2.3 99.00 99.00 99.00 999 1017.3  12.4 999.0  10.8 99.0 99.00 
2024 02 13 16 30 118  0.7  2.3 99.00 99.00 99.00 999 1017.4  12.3 999.0  10.7 99.0 99.00 
2024 02 13 16 40 151  0.3  1.4  1.62 12.12  9.12 300 1017.4  12.6 999.0  10.8 99.0 99.00 
2024 02 13 16 50 217  0.1  0.8 99.00 99.00 99.00 999 1017.5  12.9 999.0  11.0 99.0 99.00 
2024 02 13 17 00 252  0.1  0.9 99.00 99.00 99.00 999 1017.5  13.0 999.0  10.9 99.0 99.00 
2024 02 13 17 10 220  0.1  0.9  1.47 12.90  8.67 293 1017.6  13.1 999.0  11.0 99.0 99.00 
2024 02 13 17 20 153  0.1  0.9 99.00 99.00 99.00 999 1017.3  13.6 999.0  11.3 99.0 99.00 
2024 02 13 17 30  55  0.0  0.6 99.00 99.00 99.00 999 1017.3  13.7 999.0  11.2 99.0 99.00 
2024 02 13 17 40  49  0.4  1.5  1.50 12.12  8.78 301 1017.2  13.5 999.0  11.0 99.0 99.00 
2024 02 13 17 50  52  1.0  1.9 99.00 99.00 99.00 999 1017.0  13.0 999.0  10.8 99.0 99.00 
2024 02 13 18 00  31  0.8  1.5 99.00 99.00 99.00 999 1017.1  12.9 999.0  10.8 99.0 99.00 
2024 02 13 18 10  55  0.5  1.4  1.54 12.12  8.51 297 1017.2  13.0 999.0  10.7 99.0 99.00 
2024 02 13 18 20  66  1.0  1.8 99.00 99.00 99.00 999 1017.0  13.0 999.0  10.8 99.0 99.00 
2024 02 13 18 30  73  0.8  1.8 99.00 99.00 99.00 999 1017.2  13.0 999.0  10.8 99.0 99.00 
2024 02 13 18 40 110  0.5  1.7  1.54 12.90  8.69 288 1017.2  13.5 999.0  11.1 99.0 99.00 
2024 02 13 18 50 120  1.1  2.2 99.00 99.00 99.00 999 1017.3  13.2 999.0  11.0 99.0 99.00 
2024 02 13 19 00 142  1.0  1.8 99.00 99.00 99.00 999 1017.3  13.1 999.0  11.1 99.0 99.00 
2024 02 13 19 10 202  0.6  1.4  1.39 11.43  8.32 306 1017.4  13.2 999.0  11.1 99.0 99.00 
2024 02 13 19 20 233  0.7  1.9 99.00 99.00 99.00 999 1017.3  13.2 999.0  11.0 99.0 99.00 
2024 02 13 19 30 249  1.1  2.2 99.00 99.00 99.00 999 1017.4  13.2 999.0  10.8 99.0 99.00 
2024 02 13 19 40 262  1.6  3.0  1.43 12.12  8.61 295 1017.4  13.0 999.0  10.8 99.0 99.00 
2024 02 13 19 50 285  1.4  2.3 99.00 99.00 99.00 999 1017.2  12.9 999.0  10.7 99.0 99.00 
2024 02 13 20 00 300  1.4  2.4 99.00 99.00 99.00 999 1017.2  12.8 999.0  10.6 99.0 99.00 
2024 02 13 20 10 296  2.0  2.9  1.42 12.12  8.39 287 1017.1  12.8 999.0  10.7 99.0 99.00 
2024 02 13 20 20 307  2.1  3.3 99.00 99.00 99.00 999 1016.9  12.8 999.0  10.7 99.0 99.00 
2024 02 13 20 30 301  2.3  3.4 99.00 99.00 99.00 999 1016.8  12.8 999.0  10.6 99.0 99.00 
2024 02 13 20 40 312  2.4  3.4  1.42 12.12  8.15 291 1016.7  12.8 999.0  10.6 99.0 99.00 
2024 02 13 20 50 304  2.6  3.7 99.00 99.00 99.00 999 1016.7  12.7 999.0  10.5 99.0 99.00 
2024 02 13 21 00 304  2.4  3.6 99.00 99.00 99.00 999 1016.5  12.8 999.0  10.7 99.0 99.00 
2024 02 13 21 10 296  2.6  3.8  1.22 12.90  7.90 259 1016.5  12.7 999.0  10.6 99.0 99.00 
2024 02 13 21 20 296  2.0  3.2 99.00 99.00 99.00 999 1016.4  12.8 999.0  10.8 99.0 99.00 
2024 02 13 21 30 295  2.7  3.9 99.00 99.00 99.00 999 1016.3  12.7 999.0  10.6 99.0 99.00 
2024 02 13 21 40 292  3.4  4.7  1.42 12.12  8.33 300 1016.2  12.7 999.0  10.4 99.0 99.00 
2024 02 13 21 50 293  3.6  4.6 99.00 99.00 99.00 999 1016.3  12.8 999.0  10.5 99.0 99.00 
2024 02 13 22 00 291  3.4  4.5 99.00 99.00 99.00 999 1016.2  12.8 999.0  10.5 99.0 99.00 
2024 02 13 22 10 306  3.6  4.5  1.24 12.12  7.85 296 1016.2  12.8 999.0  10.6 99.0 99.00 
2024 02 13 22 20 299  4.0  5.4 99.00 99.00 99.00 999 1016.3  12.8 999.0  10.6 99.0 99.00 
2024 02 13 22 30 302  4.1  5.2 99.00 99.00 99.00 999 1016.2  12.8 999.0  10.6 99.0 99.00 
2024 02 13 22 40 304  3.9  4.9  1.15 12.90  7.88 265 1016.2  12.7 999.0  10.6 99.0 99.00 
2024 02 13 22 50 298  3.8  5.1 99.00 99.00 99.00 999 1016.4  12.8 999.0  10.8 99.0 99.00 
2024 02 13 23 00 298  3.9  4.9 99.00 99.00 99.00 999 1016.3  12.8 999.0  10.7 99.0 99.00 
2024 02 13 23 10 300  3.3  4.1  1.12 12.12  7.88 271 1016.2  12.8 999.0  10.8 99.0 99.00 
2024 02 13 23 20 298  2.9  4.4 99.00 99.00 99.00 999 1016.4  12.9 999.0  11.0 99.0 99.00 
2024 02 13 23 30 297  3.2  4.2 99.00 99.00 99.00 999 1016.4  12.8 999.0  10.9 99.0 99.00 
2024 02 13 23 40 282  3.1  4.2  1.09 12.12  7.89 275 1016.3  12.8 999.0  11.0 99.0 99.00 
2024 02 13 23 50 282  2.7  3.9 99.00 99.00 99.00 999 1016.2  12.9 999.0  11.2 99.0 99.00 
2024 02 14 00 00 277  2.5  3.3 99.00 99.00 99.00 999 1016.1  12.9 999.0  11.1 99.0 99.00 
2024 02 14 00 10 275  2.9  3.8  1.09 12.12  7.80 270 1016.0  13.0 999.0  11.1 99.0 99.00 
2024 02 14 00 20 271  3.3  4.3 99.00 99.00 99.00 999 1016.1  13.1 999.0  11.2 99.0 99.00 
2024 02 14 00 30 274  3.3  4.3 99.00 99.00 99.00 999 1016.0  13.1 999.0  11.2 99.0 99.00 
2024 02 14 00 40 261  3.4  4.6  1.11 12.90  8.02 267 1016.0  12.9 999.0  11.0 99.0 99.00 
2024 02 14 00 50 263  2.9  3.7 99.00 99.00 99.00 999 1016.2  12.9 999.0  11.1 99.0 99.00 
2024 02 14 01 00 269  2.3  3.2 99.00 99.00 99.00 999 1016.1  12.9 999.0  11.1 99.0 99.00 
2024 02 14 01 10 267  2.6  3.9  1.11 12.90  8.40 245 1016.2  12.9 999.0  11.1 99.0 99.00 
2024 02 14 01 20 278  2.9  3.8 99.00 99.00 99.00 999 1016.3  12.9 999.0  11.1 99.0 99.00 
2024 02 14 01 30 277  2.4  3.3 99.00 99.00 99.00 999 1016.3  12.9 999.0  11.1 99.0 99.00 
2024 02 14 01 40 263  2.2  3.0  1.12 12.12  8.55 288 1016.2  12.9 999.0  11.1 99.0 99.00 
2024 02 14 01 50 262  1.9  3.2 99.00 99.00 99.00 999 1016.1  12.9 999.0  11.1 99.0 99.00 
2024 02 14 02 00 256  2.6  3.7 99.00 99.00 99.00 999 1016.2  12.8 999.0  11.2 99.0 99.00 
2024 02 14 02 10 251  3.3  4.3  1.13 12.12  8.66 275 1016.3  12.8 999.0  11.6 99.0 99.00 
2024 02 14 02 20 244  2.8  3.7 99.00 99.00 99.00 999 1016.4  12.7 999.0  11.6 99.0 99.00 
2024 02 14 02 30 241  3.2  4.5 99.00 99.00 99.00 999 1016.4  12.6 999.0  11.6 99.0 99.00 
2024 02 14 02 40 245  3.3  4.1  1.10 12.12  8.82 279 1016.4  12.5 999.0  11.4 99.0 99.00 
2024 02 14 02 50 251  3.2  4.0 99.00 99.00 99.00 999 1016.5  12.6 999.0  11.5 99.0 99.00 
2024 02 14 03 00 248  2.9  3.7 99.00 99.00 99.00 999 1016.6  12.5 999.0  11.5 99.0 99.00 
2024 02 14 03 10 249  3.5  4.3  1.16 11.43  8.83 277 1016.7  12.4 999.0  11.5 99.0 99.00 
2024 02 14 03 20 242  3.3  4.1 99.00 99.00 99.00 999 1016.5  12.3 999.0  11.5 99.0 99.00 
2024 02 14 03 30 230  3.2  4.1 99.00 99.00 99.00 999 1016.6  12.3 999.0  11.6 99.0 99.00 
2024 02 14 03 40 222  3.5  4.4  1.07 12.90  8.70 290 1016.6  12.2 999.0  11.4 99.0 99.00 
2024 02 14 03 50 235  3.2  4.3 99.00 99.00 99.00 999 1016.7  12.3 999.0  11.5 99.0 99.00 
2024 02 14 04 00 243  2.5  3.7 99.00 99.00 99.00 999 1016.8  12.2 999.0  11.5 99.0 99.00 
2024 02 14 04 10 250  2.2  4.0  0.98 11.43  8.43 291 1016.8  12.1 999.0  11.3 99.0 99.00 
2024 02 14 04 20 228  2.4  3.4 99.00 99.00 99.00 999 1016.7  12.2 999.0  11.3 99.0 99.00 
2024 02 14 04 30 221  0.9  2.2 99.00 99.00 99.00 999 1016.8  12.2 999.0  11.2 99.0 99.00 
2024 02 14 04 40 194  1.1  2.4  1.17 10.81  9.24 282 1016.9  12.3 999.0  11.3 99.0 99.00 
2024 02 14 04 50 213  2.4  3.4 99.00 99.00 99.00 999 1016.9  12.3 999.0  11.3 99.0 99.00 
2024 02 14 05 00 208  1.6  2.8 99.00 99.00 99.00 999 1016.9  12.2 999.0  11.2 99.0 99.00 
2024 02 14 05 10 217  2.1  5.1  1.32 12.12  9.63 283 1017.0  12.2 999.0  11.2 99.0 99.00 
2024 02 14 05 20 214  2.3  3.9 99.00 99.00 99.00 999 1016.9  12.2 999.0  11.1 99.0 99.00 
2024 02 14 05 30 214  2.4  3.8 99.00 99.00 99.00 999 1016.9  12.2 999.0  11.1 99.0 99.00 
2024 02 14 05 40 207  1.8  3.1  1.27 10.81  9.26 288 1017.0  12.2 999.0  11.0 99.0 99.00 
2024 02 14 05 50 214  2.4  4.2 99.00 99.00 99.00 999 1017.0  12.2 999.0  10.9 99.0 99.00 
2024 02 14 06 00 212  2.9  4.9 99.00 99.00 99.00 999 1017.0  12.2 999.0  10.9 99.0 99.00 
2024 02 14 06 10 214  3.4  4.7  1.24 10.81  9.14 289 1017.1  12.2 999.0  11.0 99.0 99.00 
2024 02 14 06 20 200  2.8  4.3 99.00 99.00 99.00 999 1017.1  12.1 999.0  11.0 99.0 99.00 
2024 02 14 06 30 197  3.0  5.0 99.00 99.00 99.00 999 1017.1  12.2 999.0  11.1 99.0 99.00 
2024 02 14 06 40 208  4.0  5.8  1.24 11.43  9.06 291 1017.1  12.3 999.0  11.2 99.0 99.00 
2024 02 14 06 50 190  4.3  6.0 99.00 99.00 99.00 999 1016.9  12.0 999.0  11.2 99.0 99.00 
2024 02 14 07 00 194  3.4  4.5 99.00 99.00 99.00 999 1016.8  12.0 999.0  11.3 99.0 99.00 
2024 02 14 07 10 188  3.7  4.8  1.53 10.81  9.29 280 1016.9  12.1 999.0  11.4 99.0 99.00 
2024 02 14 07 20 180  4.0  5.4 99.00 99.00 99.00 999 1016.9  12.0 999.0  11.3 99.0 99.00 
2024 02 14 07 30 172  3.0  4.2 99.00 99.00 99.00 999 1016.7  12.0 999.0  11.4 99.0 99.00 
2024 02 14 07 40 171  2.3  3.7  1.26 10.00  8.58 278 1016.7  12.0 999.0  11.3 99.0 99.00 
2024 02 14 07 50 173  3.5  5.1 99.00 99.00 99.00 999 1016.8  12.1 999.0  11.2 99.0 99.00 
2024 02 14 08 00 182  3.6  5.2 99.00 99.00 99.00 999 1016.8  12.3 999.0  11.1 99.0 99.00 
2024 02 14 08 10 172  3.9  5.6  1.29 11.43  8.27 286 1016.8  12.3 999.0  10.9 99.0 99.00 
2024 02 14 08 20 184  4.2  5.5 99.00 99.00 99.00 999 1016.8  12.4 999.0  11.0 99.0 99.00 
2024 02 14 08 30 188  4.2  5.4 99.00 99.00 99.00 999 1016.7  12.4 999.0  11.0 99.0 99.00 
2024 02 14 08 40 193  4.7  6.4  1.35 10.81  8.24 278 1016.7  12.3 999.0  11.0 99.0 99.00 
2024 02 14 08 50 189  4.0  6.9 99.00 99.00 99.00 999 1016.6  12.2 999.0  10.9 99.0 99.00 
2024 02 14 09 00 189  4.8  6.1 99.00 99.00 99.00 999 1016.5  12.3 999.0  11.1 99.0 99.00 
2024 02 14 09 10 183  4.6  6.7  1.35 10.81  7.79 283 1016.4  12.1 999.0  10.9 99.0 99.00 
2024 02 14 09 20 183  4.3  6.1 99.00 99.00 99.00 999 1016.4  12.1 999.0  10.9 99.0 99.00 
2024 02 14 09 30 186  4.7  5.9 99.00 99.00 99.00 999 1016.2  12.2 999.0  11.0 99.0 99.00 
2024 02 14 09 40 168  4.6  6.1  1.32 10.81  7.66 273 1016.1  12.1 999.0  10.8 99.0 99.00 
2024 02 14 09 50 161  3.9  5.6 99.00 99.00 99.00 999 1016.1  12.1 999.0  10.8 99.0 99.00 
2024 02 14 10 00 166  4.4  5.9 99.00 99.00 99.00 999 1016.1  12.1 999.0  10.8 99.0 99.00 
2024 02 14 10 10 175  4.5  5.8  1.27 10.81  7.42 269 1016.4  12.1 999.0  10.8 99.0 99.00 
2024 02 14 10 20 181  4.7  6.2 99.00 99.00 99.00 999 1016.4  12.1 999.0  10.8 99.0 99.00 
2024 02 14 10 30 183  4.1  5.4 99.00 99.00 99.00 999 1016.5  12.2 999.0  10.9 99.0 99.00 
2024 02 14 10 40 182  4.4  6.0  1.33 10.81  7.42 274 1016.4  12.2 999.0  10.9 99.0 99.00 
2024 02 14 10 50 175  4.4  5.8 99.00 99.00 99.00 999 1016.2  12.3 999.0  11.0 99.0 99.00 
2024 02 14 11 00 165  5.0  5.8 99.00 99.00 99.00 999 1016.0  12.3 999.0  10.9 99.0 99.00 
2024 02 14 11 10 167  4.6  5.9  1.26 11.43  6.89 277 1016.1  12.4 999.0  11.1 99.0 99.00 
2024 02 14 11 20 170  5.4  6.8 99.00 99.00 99.00 999 1015.8  12.4 999.0  11.1 99.0 99.00 
2024 02 14 11 30 167  5.5  7.1 99.00 99.00 99.00 999 1015.9  12.4 999.0  11.1 99.0 99.00 
2024 02 14 11 40 180  5.5  6.7  1.18 10.81  6.78 273 1015.9  12.4 999.0  11.1 99.0 99.00 
2024 02 14 11 50 169  4.7  6.4 99.00 99.00 99.00 999 1016.1  12.2 999.0  11.1 99.0 99.00 
2024 02 14 12 00 172  4.8  6.5 99.00 99.00 99.00 999 1015.9  12.4 999.0  11.2 99.0 99.00 
2024 02 14 12 10 179  5.1  6.4  1.35 10.00  6.93 275 1016.0  12.4 999.0  11.3 99.0 99.00 
2024 02 14 12 20 188  5.1  6.6 99.00 99.00 99.00 999 1016.1  12.4 999.0  11.3 99.0 99.00 
2024 02 14 12 30 182  5.4  6.7 99.00 99.00 99.00 999 1015.9  12.4 999.0  11.3 99.0 99.00 
2024 02 14 12 40 176  5.0  6.4  1.17 10.00  6.16 275 1016.0  12.5 999.0  11.5 99.0 99.00 
2024 02 14 12 50 181  5.1  6.5 99.00 99.00 99.00 999 1016.0  12.5 999.0  11.5 99.0 99.00 
2024 02 14 13 00 177  5.5  6.8 99.00 99.00 99.00 999 1015.9  12.6 999.0  11.6 99.0 99.00 
2024 02 14 13 10 171  5.9  7.1  1.29 10.00  6.60 266 1015.8  12.5 999.0  11.5 99.0 99.00 
2024 02 14 13 20 167  5.6  7.1 99.00 99.00 99.00 999 1015.9  12.5 999.0  11.4 99.0 99.00 
2024 02 14 13 30 163  4.8  6.6 99.00 99.00 99.00 999 1015.9  12.6 999.0  11.6 99.0 99.00 
2024 02 14 13 40 167  5.6  7.4  1.24 10.00  6.38 263 1016.1  12.6 999.0  11.6 99.0 99.00 
2024 02 14 13 50 165  6.3  8.0 99.00 99.00 99.00 999 1015.9  12.5 999.0  11.6 99.0 99.00 
2024 02 14 14 00 165  6.4  8.6 99.00 99.00 99.00 999 1016.1  12.4 999.0  11.5 99.0 99.00 
2024 02 14 14 10 168  6.0  7.2  1.33 10.00  6.23 268 1016.2  12.3 999.0  11.5 99.0 99.00 
2024 02 14 14 20 179  5.9  7.2 99.00 99.00 99.00 999 1016.2  12.2 999.0  11.5 99.0 99.00 
2024 02 14 14 30 173  5.5  6.7 99.00 99.00 99.00 999 1016.4  12.2 999.0  11.7 99.0 99.00 
2024 02 14 14 40 167  6.3  7.9  1.24 10.81  6.02 282 1016.4  12.3 999.0  11.8 99.0 99.00 
2024 02 14 14 50 171  6.9  8.9 99.00 99.00 99.00 999 1016.4  12.3 999.0  11.8 99.0 99.00 
2024 02 14 15 00 173  6.6  9.1 99.00 99.00 99.00 999 1016.5  12.2 999.0  11.8 99.0 99.00 
2024 02 14 15 10 168  6.8  8.4  1.26 12.12  6.18 280 1016.5  12.2 999.0  11.8 99.0 99.00 
2024 02 14 15 20 171  7.2  9.0 99.00 99.00 99.00 999 1016.6  12.2 999.0  11.8 99.0 99.00 
2024 02 14 15 30 168  6.9  9.2 99.00 99.00 99.00 999 1016.6  12.3 999.0  12.0 99.0 99.00 
2024 02 14 15 40 163  7.7  9.2  1.28 12.12  5.65 269 1016.7  12.3 999.0  12.1 99.0 99.00 
2024 02 14 15 50 164  7.6  9.0 99.00 99.00 99.00 999 1016.7  12.4 999.0  12.2 99.0 99.00 
2024 02 14 16 00 163  6.8  8.3 99.00 99.00 99.00 999 1017.0  12.5 999.0  12.2 99.0 99.00 
2024 02 14 16 10 165  6.9  8.7  1.23 10.00  5.51 262 1017.2  12.6 999.0  12.2 99.0 99.00 
2024 02 14 16 20 162  7.3  9.0 99.00 99.00 99.00 999 1017.0  12.6 999.0  12.2 99.0 99.00 
2024 02 14 16 30 164  8.3 10.5 99.00 99.00 99.00 999 1017.0  12.6 999.0  12.2 99.0 99.00 
2024 02 14 16 40 156  7.9  9.7  1.35 11.43  5.85 260 1016.8  12.6 999.0  12.3 99.0 99.00 
2024 02 14 16 50 148  7.2  9.1 99.00 99.00 99.00 999 1016.5  12.7 999.0  12.3 99.0 99.00 
2024 02 14 17 00 145  7.8  9.7 99.00 99.00 99.00 999 1016.6  12.8 999.0  12.4 99.0 99.00 
2024 02 14 17 10 149  7.9  9.6  1.45 10.00  5.66 271 1016.8  12.8 999.0  12.4 99.0 99.00 
2024 02 14 17 20 153  7.8  9.7 99.00 99.00 99.00 999 1016.9  12.8 999.0  12.4 99.0 99.00 
2024 02 14 17 30 156  7.5  9.1 99.00 99.00 99.00 999 1017.1  12.9 999.0  12.5 99.0 99.00 
2024 02 14 17 40 165  7.7  9.6  1.41 10.00  5.35 286 1017.0  13.0 999.0  12.5 99.0 99.00 
2024 02 14 17 50 167  7.3  8.9 99.00 99.00 99.00 999 1017.1  13.1 999.0  12.6 99.0 99.00 
2024 02 14 18 00 169  8.1 10.0 99.00 99.00 99.00 999 1017.1  13.2 999.0  12.6 99.0 99.00 
2024 02 14 18 10 161  8.4 10.2  1.42 12.12  5.24 257 1016.5  13.2 999.0  12.5 99.0 99.00 
2024 02 14 18 20 164  8.0  9.9 99.00 99.00 99.00 999 1017.0  13.1 999.0  12.4 99.0 99.00 
2024 02 14 18 30 163  7.9  9.7 99.00 99.00 99.00 999 1017.0  13.1 999.0  12.4 99.0 99.00 
2024 02 14 18 40 163  8.0  9.8  1.53 11.43  5.21 273 1016.8  13.1 999.0  12.4 99.0 99.00 
2024 02 14 18 50 161  7.9  9.6 99.00 99.00 99.00 999 1016.6  13.1 999.0  12.4 99.0 99.00 
2024 02 14 19 00 162  8.4 10.3 99.00 99.00 99.00 999 1016.7  13.2 999.0  12.4 99.0 99.00 
2024 02 14 19 10 164  9.3 12.8  1.58  9.09  5.15 278 1016.1  13.2 999.0  12.4 99.0 99.00 
2024 02 14 19 20 150 11.1 14.7 99.00 99.00 99.00 999 1016.0  13.1 999.0  12.4 99.0 99.00 
2024 02 14 19 30 158 10.5 13.6 99.00 99.00 99.00 999 1016.2  13.1 999.0  12.4 99.0 99.00 
2024 02 14 19 40 161 10.2 12.5  1.66 11.43  5.05 267 1016.2  13.2 999.0  12.5 99.0 99.00 
2024 02 14 19 50 160 10.5 12.6 99.00 99.00 99.00 999 1015.9  13.1 999.0  12.4 99.0 99.00 
2024 02 14 20 00 163 10.5 13.1 99.00 99.00 99.00 999 1015.9  13.1 999.0  12.4 99.0 99.00 
2024 02 14 20 10 166 10.6 13.6  1.79  4.76  5.04 211 1015.9  13.1 999.0  12.5 99.0 99.00 
2024 02 14 20 20 164 10.2 12.4 99.00 99.00 99.00 999 1015.7  12.9 999.0  12.3 99.0 99.00 
2024 02 14 20 30 160 10.5 14.1 99.00 99.00 99.00 999 1015.5  12.9 999.0  12.3 99.0 99.00 
2024 02 14 20 40 162 11.2 13.8  1.75  5.00  4.94 209 1015.3  12.9 999.0  12.4 99.0 99.00 
2024 02 14 20 50 165 11.1 13.7 99.00 99.00 99.00 999 1015.3  12.8 999.0  12.4 99.0 99.00 
2024 02 14 21 00 167 10.5 12.8 99.00 99.00 99.00 999 1015.3  12.8 999.0  12.4 99.0 99.00 
2024 02 14 21 10 170 11.4 14.3  1.74  4.76  4.86 195 1015.3  12.7 999.0  12.5 99.0 99.00 
2024 02 14 21 20 170 11.3 13.9 99.00 99.00 99.00 999 1015.0  12.7 999.0  12.5 99.0 99.00 
2024 02 14 21 30 173 11.4 14.4 99.00 99.00 99.00 999 1015.0  12.6 999.0  12.4 99.0 99.00 
2024 02 14 21 40 171 11.0 13.9  1.96  5.00  5.00 201 1015.0  12.7 999.0  12.5 99.0 99.00 
2024 02 14 21 50 185  9.7 12.6 99.00 99.00 99.00 999 1015.6  12.8 999.0  12.6 99.0 99.00 
2024 02 14 22 00 278  6.6 10.6 99.00 99.00 99.00 999 1015.7  11.7 999.0  11.4 99.0 99.00 
2024 02 14 22 10 296  2.2  5.1  1.98  5.26  5.01 191 1015.5  11.4 999.0  11.0 99.0 99.00 
2024 02 14 22 20 298  0.7  1.7 99.00 99.00 99.00 999 1015.4  11.5 999.0  11.1 99.0 99.00 
2024 02 14 22 30 280  0.2  0.8 99.00 99.00 99.00 999 1015.3  11.6 999.0  11.2 99.0 99.00 
2024 02 14 22 40 234  0.3  1.7  2.14  5.88  5.33 198 1015.5  11.7 999.0  11.3 99.0 99.00 
2024 02 14 22 50 248  1.0  2.1 99.00 99.00 99.00 999 1015.5  11.8 999.0  11.3 99.0 99.00 
2024 02 14 23 00 241  1.3  2.8 99.00 99.00 99.00 999 1015.4  11.9 999.0  11.4 99.0 99.00 
2024 02 14 23 10 237  1.5  2.4  2.02  5.56  5.31 180 1015.6  12.0 999.0  11.5 99.0 99.00 
2024 02 14 23 20 245  2.4  3.3 99.00 99.00 99.00 999 1015.8  12.1 999.0  11.6 99.0 99.00 
2024 02 14 23 30 239  1.5  2.9 99.00 99.00 99.00 999 1015.6  12.3 999.0  11.8 99.0 99.00 
2024 02 14 23 40 232  1.8  3.0  1.98  5.56  5.43 180 1015.9  12.5 999.0  12.0 99.0 99.00 
2024 02 14 23 50 215  1.2  2.5 99.00 99.00 99.00 999 1015.5  12.7 999.0  12.2 99.0 99.00 
2024 02 15 00 00 224  2.3  3.7 99.00 99.00 99.00 999 1015.3  12.9 999.0  12.4 99.0 99.00 
2024 02 15 00 10 230  2.4  4.0  1.88  5.88  5.50 194 1015.7  13.0 999.0  12.5 99.0 99.00 
2024 02 15 00 20 237  3.7  5.3 99.00 99.00 99.00 999 1015.7  13.1 999.0  12.6 99.0 99.00 
2024 02 15 00 30 247  3.5  4.6 99.00 99.00 99.00 999 1015.5  13.2 999.0  12.6 99.0 99.00 
2024 02 15 00 40 248  3.4  5.0  1.86  6.25  5.52 191 1015.5  13.2 999.0  12.5 99.0 99.00 
2024 02 15 00 50 257  4.1  5.4 99.00 99.00 99.00 999 1015.6  13.2 999.0  12.5 99.0 99.00 
2024 02 15 01 00 258  3.0  5.0 99.00 99.00 99.00 999 1015.9  13.2 999.0  12.5 99.0 99.00 
2024 02 15 01 10 251  4.7  6.0  1.72  6.25  5.65 202 1016.2  13.3 999.0  12.6 99.0 99.00 
2024 02 15 01 20 254  4.6  5.8 99.00 99.00 99.00 999 1016.1  13.3 999.0  12.5 99.0 99.00 
2024 02 15 01 30 254  4.7  6.8 99.00 99.00 99.00 999 1016.2  13.3 999.0  12.4 99.0 99.00 
2024 02 15 01 40 252  4.9  6.3  1.87  6.25  5.82 190 1016.0  13.3 999.0  12.3 99.0 99.00 
2024 02 15 01 50 255  5.1  6.9 99.00 99.00 99.00 999 1016.2  13.4 999.0  12.4 99.0 99.00 
2024 02 15 02 00 255  5.2  6.5 99.00 99.00 99.00 999 1016.1  13.4 999.0  12.4 99.0 99.00 
2024 02 15 02 10 256  5.4  6.8  1.82  6.25  5.86 189 1016.3  13.4 999.0  12.3 99.0 99.00 
2024 02 15 02 20 252  5.9  7.5 99.00 99.00 99.00 999 1016.5  13.5 999.0  12.4 99.0 99.00 
2024 02 15 02 30 247  6.4  8.0 99.00 99.00 99.00 999 1016.8  13.5 999.0  12.5 99.0 99.00 
2024 02 15 02 40 241  6.0  7.6  1.84  6.25  5.88 194 1016.9  13.4 999.0  12.5 99.0 99.00 
2024 02 15 02 50 233  5.4  7.0 99.00 99.00 99.00 999 1016.8  13.4 999.0  12.4 99.0 99.00 
2024 02 15 03 00 233  5.6  7.1 99.00 99.00 99.00 999 1017.0  13.2 999.0  11.9 99.0 99.00 
2024 02 15 03 10 233  5.1  6.8  1.72  6.25  5.89 198 1017.0  13.3 999.0  11.8 99.0 99.00 
2024 02 15 03 20 236  4.4  5.8 99.00 99.00 99.00 999 1017.0  13.3 999.0  11.9 99.0 99.00 
2024 02 15 03 30 233  4.4  5.7 99.00 99.00 99.00 999 1017.0  13.4 999.0  12.0 99.0 99.00 
2024 02 15 03 40 230  4.8  6.6  1.86  6.25  6.11 190 1017.2  13.4 999.0  12.0 99.0 99.00 
2024 02 15 03 50 234  4.7  6.1 99.00 99.00 99.00 999 1017.2  13.4 999.0  12.0 99.0 99.00 
2024 02 15 04 00 235  4.8  6.3 99.00 99.00 99.00 999 1017.2  13.5 999.0  12.1 99.0 99.00 
2024 02 15 04 10 235  5.3  6.7  1.84  6.25  6.09 197 1017.5  13.5 999.0  12.1 99.0 99.00 
2024 02 15 04 20 231  5.1  6.6 99.00 99.00 99.00 999 1017.6  13.5 999.0  12.2 99.0 99.00 
2024 02 15 04 30 227  5.6  7.1 99.00 99.00 99.00 999 1017.8  13.5 999.0  12.2 99.0 99.00 
2024 02 15 04 40 224  5.7  7.0  1.81  8.33  6.12 275 1017.8  13.5 999.0  12.2 99.0 99.00 
2024 02 15 04 50 224  5.7  7.4 99.00 99.00 99.00 999 1017.9  13.6 999.0  12.4 99.0 99.00 
2024 02 15 05 00 222  6.1  8.5 99.00 99.00 99.00 999 1017.8  13.5 999.0  12.4 99.0 99.00 
2024 02 15 05 10 225  7.6  9.2  1.97  7.69  6.36 270 1017.9  13.3 999.0  11.9 99.0 99.00 
2024 02 15 05 20 220  6.5  8.2 99.00 99.00 99.00 999 1017.9  13.4 999.0  12.0 99.0 99.00 
2024 02 15 05 30 221  6.4  8.2 99.00 99.00 99.00 999 1018.1  13.5 999.0  12.4 99.0 99.00 
2024 02 15 05 40 220  7.3  8.9  2.13  8.33  6.31 278 1018.1  13.5 999.0  12.3 99.0 99.00 
2024 02 15 05 50 225  7.5  9.6 99.00 99.00 99.00 999 1018.2  13.4 999.0  12.2 99.0 99.00 
2024 02 15 06 00 229  7.8 10.1 99.00 99.00 99.00 999 1018.3  13.4 999.0  12.0 99.0 99.00 
2024 02 15 06 10 231  8.7 11.3  2.20  8.33  6.40 271 1018.5  13.3 999.0  11.5 99.0 99.00 
2024 02 15 06 20 235  7.9  9.9 99.00 99.00 99.00 999 1018.5  13.3 999.0  11.1 99.0 99.00 
2024 02 15 06 30 237  7.2  9.1 99.00 99.00 99.00 999 1018.9  13.3 999.0  11.4 99.0 99.00 
2024 02 15 06 40 240  7.3  9.1  2.19  9.09  6.39 275 1018.9  13.1 999.0  10.8 99.0 99.00 
2024 02 15 06 50 242  7.5  9.5 99.00 99.00 99.00 999 1019.0  13.2 999.0  11.1 99.0 99.00 
2024 02 15 07 00 241  7.2  9.1 99.00 99.00 99.00 999 1019.0  13.2 999.0  11.4 99.0 99.00 
2024 02 15 07 10 240  6.6  8.5  2.18 10.81  6.40 281 1019.1  13.2 999.0  11.5 99.0 99.00 
2024 02 15 07 20 240  6.5  8.4 99.00 99.00 99.00 999 1019.2  13.2 999.0  11.7 99.0 99.00 
2024 02 15 07 30 237  7.0  8.6 99.00 99.00 99.00 999 1019.3  13.2 999.0  11.8 99.0 99.00 
2024 02 15 07 40 239  6.8  8.5  2.30 10.81  6.45 284 1019.4  13.2 999.0  11.8 99.0 99.00 
2024 02 15 07 50 238  6.7  8.4 99.00 99.00 99.00 999 1019.4  13.2 999.0  11.9 99.0 99.00 
2024 02 15 08 00 233  6.5  8.3 99.00 99.00 99.00 999 1019.2  13.2 999.0  11.9 99.0 99.00 
2024 02 15 08 10 227  6.0  8.1  2.35  9.09  6.63 273 1019.1  13.2 999.0  11.9 99.0 99.00 
2024 02 15 08 20 227  6.2  7.9 99.00 99.00 99.00 999 1019.3  13.1 999.0  11.8 99.0 99.00 
2024 02 15 08 30 225  6.1  7.9 99.00 99.00 99.00 999 1019.3  13.1 999.0  11.8 99.0 99.00 
2024 02 15 08 40 224  5.6  7.1  2.25  9.09  6.30 284 1019.3  13.1 999.0  11.8 99.0 99.00 
2024 02 15 08 50 223  5.7  7.2 99.00 99.00 99.00 999 1019.3  13.2 999.0  11.9 99.0 99.00 
2024 02 15 09 00 226  5.5  7.1 99.00 99.00 99.00 999 1019.4  13.3 999.0  12.1 99.0 99.00 
2024 02 15 09 10 229  6.1  8.3  2.37 10.00  6.52 283 1019.4  13.4 999.0  12.2 99.0 99.00 
2024 02 15 09 20 232  6.1  7.9 99.00 99.00 99.00 999 1019.4  13.4 999.0  12.3 99.0 99.00 
2024 02 15 09 30 234  5.9  7.4 99.00 99.00 99.00 999 1019.4  13.4 999.0  12.4 99.0 99.00 
2024 02 15 09 40 236  5.9  7.5  2.47 10.00  6.76 280 1019.7  13.4 999.0  12.4 99.0 99.00 
2024 02 15 09 50 238  5.9  7.2 99.00 99.00 99.00 999 1019.7  13.4 999.0  12.5 99.0 99.00 
2024 02 15 10 00 240  5.8  7.7 99.00 99.00 99.00 999 1019.7  13.4 999.0  12.6 99.0 99.00 
2024 02 15 10 10 242  5.5  7.4  2.42 10.00  6.78 276 1019.7  13.3 999.0  12.4 99.0 99.00 
2024 02 15 10 20 242  5.3  6.9 99.00 99.00 99.00 999 1019.7  13.3 999.0  12.2 99.0 99.00 
2024 02 15 10 30 245  5.1  6.5 99.00 99.00 99.00 999 1019.8  13.3 999.0  12.0 99.0 99.00 
2024 02 15 10 40 247  4.9  6.5  2.33 10.00  6.70 277 1019.9  13.3 999.0  12.0 99.0 99.00 
2024 02 15 10 50 242  4.5  5.9 99.00 99.00 99.00 999 1020.0  13.4 999.0  12.1 99.0 99.00 
2024 02 15 11 00 242  4.5  6.0 99.00 99.00 99.00 999 1020.1  13.4 999.0  12.1 99.0 99.00 
2024 02 15 11 10 242  4.4  5.8  2.16  8.33  6.56 284 1020.2  13.4 999.0  12.3 99.0 99.00 
2024 02 15 11 20 241  3.9  5.4 99.00 99.00 99.00 999 1020.2  13.4 999.0  12.4 99.0 99.00 
2024 02 15 11 30 238  4.0  5.4 99.00 99.00 99.00 999 1020.4  13.4 999.0  12.5 99.0 99.00 
2024 02 15 11 40 232  3.9  5.0  2.35  9.09  7.11 274 1020.3  13.4 999.0  12.6 99.0 99.00 
2024 02 15 11 50 231  4.2  5.4 99.00 99.00 99.00 999 1020.4  13.4 999.0  12.6 99.0 99.00 
2024 02 15 12 00 231  4.1  5.9 99.00 99.00 99.00 999 1020.6  13.4 999.0  12.7 99.0 99.00 
2024 02 15 12 10 234  4.0  5.2  2.32  9.09  7.20 275 1020.6  13.4 999.0  12.7 99.0 99.00 
2024 02 15 12 20 236  4.0  5.8 99.00 99.00 99.00 999 1020.6  13.4 999.0  12.6 99.0 99.00 
2024 02 15 12 30 236  3.8  5.3 99.00 99.00 99.00 999 1020.6  13.4 999.0  12.5 99.0 99.00 
2024 02 15 12 40 238  3.1  4.4  2.21  9.09  7.12 284 1020.7  13.4 999.0  12.6 99.0 99.00 
2024 02 15 12 50 242  2.9  4.1 99.00 99.00 99.00 999 1020.8  13.3 999.0  12.5 99.0 99.00 
2024 02 15 13 00 238  2.7  4.2 99.00 99.00 99.00 999 1020.9  13.4 999.0  12.7 99.0 99.00 
2024 02 15 13 10 236  2.7  4.9  2.30 10.00  7.20 276 1021.1  13.4 999.0  12.7 99.0 99.00 
2024 02 15 13 20 240  2.2  3.3 99.00 99.00 99.00 999 1021.1  13.3 999.0  12.6 99.0 99.00 
2024 02 15 13 30 234  2.3  3.7 99.00 99.00 99.00 999 1021.1  13.2 999.0  12.5 99.0 99.00 
2024 02 15 13 40 238  2.4  3.7  2.16 16.00  7.20 280 1021.2  13.1 999.0  12.4 99.0 99.00 
2024 02 15 13 50 232  2.4  3.5 99.00 99.00 99.00 999 1021.2  13.0 999.0  11.9 99.0 99.00 
2024 02 15 14 00 225  2.1  3.2 99.00 99.00 99.00 999 1021.3  13.2 999.0  12.2 99.0 99.00 
2024 02 15 14 10 212  1.7  3.1  2.20 10.00  7.26 267 1021.4  13.2 999.0  12.3 99.0 99.00 
2024 02 15 14 20 217  1.5  2.4 99.00 99.00 99.00 999 1021.6  13.2 999.0  12.4 99.0 99.00 
2024 02 15 14 30 224  1.5  2.5 99.00 99.00 99.00 999 1021.6  13.2 999.0  12.4 99.0 99.00 
2024 02 15 14 40 223  1.5  2.5  2.41  9.09  7.87 272 1021.6  13.2 999.0  12.4 99.0 99.00 
2024 02 15 14 50 225  1.0  2.7 99.00 99.00 99.00 999 1021.6  13.2 999.0  12.4 99.0 99.00 
2024 02 15 15 00 223  1.3  2.6 99.00 99.00 99.00 999 1021.7  13.2 999.0  12.4 99.0 99.00 
2024 02 15 15 10 223  1.8  2.6  2.35 14.81  7.69 277 1022.0  13.1 999.0  12.3 99.0 99.00 
2024 02 15 15 20 230  1.4  2.2 99.00 99.00 99.00 999 1022.2  13.2 999.0  12.5 99.0 99.00 
2024 02 15 15 30 217  1.3  2.6 99.00 99.00 99.00 999 1022.1  13.2 999.0  12.5 99.0 99.00 
2024 02 15 15 40 192  0.7  1.7  2.50 14.81  8.05 276 1022.1  13.3 999.0  12.6 99.0 99.00 
2024 02 15 15 50 160  0.6  1.9 99.00 99.00 99.00 999 1022.2  13.4 999.0  12.7 99.0 99.00 
2024 02 15 16 00 157  0.9  2.1 99.00 99.00 99.00 999 1022.2  13.6 999.0  12.9 99.0 99.00 
2024 02 15 16 10 166  1.2  2.5  2.54 14.81  8.16 284 1022.3  13.6 999.0  12.9 99.0 99.00 
2024 02 15 16 20 192  1.5  2.1 99.00 99.00 99.00 999 1022.5  13.4 999.0  12.7 99.0 99.00 
2024 02 15 16 30 202  1.3  2.3 99.00 99.00 99.00 999 1022.6  13.5 999.0  12.8 99.0 99.00 
2024 02 15 16 40 201  0.8  1.7  2.76 14.81  8.62 285 1022.7  13.6 999.0  12.9 99.0 99.00 
2024 02 15 16 50 206  0.9  1.9 99.00 99.00 99.00 999 1022.9  13.6 999.0  12.9 99.0 99.00 
2024 02 15 17 00 209  0.9  1.7 99.00 99.00 99.00 999 1022.9  13.5 999.0  12.8 99.0 99.00 
2024 02 15 17 10 208  0.6  1.5  2.77 14.81  8.41 284 1022.9  13.7 999.0  13.0 99.0 99.00 
2024 02 15 17 20 180  0.3  1.4 99.00 99.00 99.00 999 1022.9  13.8 999.0  13.0 99.0 99.00 
2024 02 15 17 30 174  0.6  1.8 99.00 99.00 99.00 999 1022.9  13.8 999.0  13.0 99.0 99.00 
2024 02 15 17 40 150  0.3  1.5  2.93 14.81  8.69 284 1022.9  13.9 999.0  13.1 99.0 99.00 
2024 02 15 17 50 125  0.5  2.4 99.00 99.00 99.00 999 1022.9  14.0 999.0  13.1 99.0 99.00 
2024 02 15 18 00  94  0.6  1.9 99.00 99.00 99.00 999 1023.1  14.0 999.0  13.0 99.0 99.00 
2024 02 15 18 10  95  0.5  2.3  2.83 14.81  8.40 282 1023.1  14.1 999.0  13.1 99.0 99.00 
2024 02 15 18 20 141  0.7  1.9 99.00 99.00 99.00 999 1023.1  14.1 999.0  13.1 99.0 99.00 
2024 02 15 18 30 156  0.8  2.4 99.00 99.00 99.00 999 1023.2  14.0 999.0  12.9 99.0 99.00 
2024 02 15 18 40 157  0.6  2.2  2.90 13.79  8.12 278 1023.3  14.1 999.0  12.9 99.0 99.00 
2024 02 15 18 50 175  1.4  2.7 99.00 99.00 99.00 999 1023.4  13.9 999.0  12.8 99.0 99.00 
2024 02 15 19 00 191  1.7  2.9 99.00 99.00 99.00 999 1023.4  13.7 999.0  12.7 99.0 99.00 
2024 02 15 19 10 193  1.7  2.9  3.41 13.79  9.10 288 1023.4  13.7 999.0  12.7 99.0 99.00 
2024 02 15 19 20 208  1.9  3.1 99.00 99.00 99.00 999 1023.6  13.6 999.0  12.6 99.0 99.00 
2024 02 15 19 30 213  1.9  2.8 99.00 99.00 99.00 999 1023.7  13.6 999.0  12.6 99.0 99.00 
2024 02 15 19 40 210  1.8  3.5  3.32 13.79  8.75 286 1023.7  13.7 999.0  12.7 99.0 99.00 
2024 02 15 19 50 209  1.6  2.8 99.00 99.00 99.00 999 1023.6  13.7 999.0  12.7 99.0 99.00 
2024 02 15 20 00 221  1.6  2.9 99.00 99.00 99.00 999 1023.6  13.7 999.0  12.6 99.0 99.00 
2024 02 15 20 10 234  1.6  3.5  3.26 13.79  8.63 279 1023.5  13.8 999.0  12.6 99.0 99.00 
2024 02 15 20 20 236  1.6  3.0 99.00 99.00 99.00 999 1023.4  13.9 999.0  12.7 99.0 99.00 
2024 02 15 20 30 229  1.8  3.5 99.00 99.00 99.00 999 1023.4  13.8 999.0  12.6 99.0 99.00 
2024 02 15 20 40 228  1.8  3.6  3.73 13.79  9.01 282 1023.3  13.8 999.0  12.6 99.0 99.00 
2024 02 15 20 50 238  1.8  3.5 99.00 99.00 99.00 999 1023.1  13.8 999.0  12.6 99.0 99.00 
2024 02 15 21 00 245  1.9  4.2 99.00 99.00 99.00 999 1023.1  13.8 999.0  12.6 99.0 99.00 
2024 02 15 21 10 255  2.0  4.2  3.80 13.79  9.34 281 1022.9  13.8 999.0  12.7 99.0 99.00 
2024 02 15 21 20 256  2.3  4.4 99.00 99.00 99.00 999 1022.9  13.7 999.0  12.7 99.0 99.00 
2024 02 15 21 30 255  2.2  3.9 99.00 99.00 99.00 999 1022.9  13.6 999.0  12.6 99.0 99.00 
2024 02 15 21 40 250  2.3  4.3  3.64 13.79  9.35 282 1022.8  13.6 999.0  12.6 99.0 99.00 
2024 02 15 21 50 257  2.2  4.4 99.00 99.00 99.00 999 1022.7  13.7 999.0  12.7 99.0 99.00 
2024 02 15 22 00 270  2.3  3.8 99.00 99.00 99.00 999 1022.4  13.7 999.0  12.7 99.0 99.00 
2024 02 15 22 10 282  2.0  3.7  3.20 12.90  8.96 272 1022.4  13.8 999.0  12.8 99.0 99.00 
2024 02 15 22 20 274  1.6  3.5 99.00 99.00 99.00 999 1022.3  13.8 999.0  12.7 99.0 99.00 
2024 02 15 22 30 286  1.8  3.6 99.00 99.00 99.00 999 1022.2  13.8 999.0  12.6 99.0 99.00 
2024 02 15 22 40 288  1.8  3.4  3.45 12.90  9.10 278 1022.2  13.8 999.0  12.6 99.0 99.00 
2024 02 15 22 50 287  1.6  3.7 99.00 99.00 99.00 999 1022.2  13.7 999.0  12.6 99.0 99.00 
2024 02 15 23 00 280  1.2  3.0 99.00 99.00 99.00 999 1022.3  13.8 999.0  12.6 99.0 99.00 
2024 02 15 23 10 258  1.0  2.6  3.30 12.90  9.04 276 1022.4  13.8 999.0  12.6 99.0 99.00 
2024 02 15 23 20 247  0.9  2.4 99.00 99.00 99.00 999 1022.5  13.9 999.0  12.7 99.0 99.00 
2024 02 15 23 30 256  0.7  2.6 99.00 99.00 99.00 999 1022.3  14.1 999.0  12.8 99.0 99.00 
2024 02 15 23 40 193  0.3  2.2  3.37 12.12  8.83 279 1022.1  14.3 999.0  12.8 99.0 99.00 
2024 02 15 23 50 101  0.6  2.4 99.00 99.00 99.00 999 1022.0  14.2 999.0  12.7 99.0 99.00 
2024 02 16 00 00  93  0.9  2.5 99.00 99.00 99.00 999 1022.0  14.1 999.0  12.6 99.0 99.00 
2024 02 16 00 10  82  1.4  3.2  3.10 13.79  8.73 279 1022.0  13.9 999.0  12.4 99.0 99.00 
2024 02 16 00 20 107  1.8  4.2 99.00 99.00 99.00 999 1022.0  13.7 999.0  12.4 99.0 99.00 
2024 02 16 00 30 119  2.0  5.0 99.00 99.00 99.00 999 1022.0  13.6 999.0  12.3 99.0 99.00 
2024 02 16 00 40 119  1.9  4.1  3.42 12.12  9.29 279 1022.1  13.6 999.0  12.3 99.0 99.00 
2024 02 16 00 50 126  1.8  3.7 99.00 99.00 99.00 999 1022.1  13.5 999.0  12.2 99.0 99.00 
2024 02 16 01 00 125  2.2  4.5 99.00 99.00 99.00 999 1022.0  13.5 999.0  12.2 99.0 99.00 
2024 02 16 01 10 131  2.4  4.4  3.22 13.79  9.40 284 1022.0  13.4 999.0  12.1 99.0 99.00 
2024 02 16 01 20 132  2.5  4.0 99.00 99.00 99.00 999 1022.0  13.5 999.0  12.4 99.0 99.00 
2024 02 16 01 30 141  2.5  4.7 99.00 99.00 99.00 999 1022.0  13.4 999.0  12.3 99.0 99.00 
2024 02 16 01 40 152  2.8  4.5  3.09 12.90  8.92 283 1022.1  13.4 999.0  12.3 99.0 99.00 
2024 02 16 01 50 148  2.1  3.9 99.00 99.00 99.00 999 1022.0  13.4 999.0  12.3 99.0 99.00 
2024 02 16 02 00 159  2.2  3.9 99.00 99.00 99.00 999 1022.0  13.4 999.0  12.3 99.0 99.00 
2024 02 16 02 10 174  2.5  3.7  2.81 13.79  8.82 274 1022.1  13.4 999.0  12.3 99.0 99.00 
2024 02 16 02 20 179  2.8  3.9 99.00 99.00 99.00 999 1022.1  13.4 999.0  12.3 99.0 99.00 
2024 02 16 02 30 171  2.8  4.0 99.00 99.00 99.00 999 1022.1  13.4 999.0  12.3 99.0 99.00 
2024 02 16 02 40 162  2.5  3.7  2.61 12.90  8.86 283 1022.2  13.4 999.0  12.3 99.0 99.00 
2024 02 16 02 50 173  2.6  4.0 99.00 99.00 99.00 999 1022.1  13.4 999.0  12.3 99.0 99.00 
2024 02 16 03 00 177  3.1  3.9 99.00 99.00 99.00 999 1022.0  13.4 999.0  12.3 99.0 99.00 
2024 02 16 03 10 182  3.2  4.1  2.74 12.90  9.13 273 1021.7  13.4 999.0  12.3 99.0 99.00 
2024 02 16 03 20 186  2.8  3.7 99.00 99.00 99.00 999 1022.0  13.4 999.0  12.3 99.0 99.00 
2024 02 16 03 30 198  3.0  4.0 99.00 99.00 99.00 999 1021.9  13.4 999.0  12.4 99.0 99.00 
2024 02 16 03 40 203  3.0  4.2  2.58 12.90  8.90 289 1022.1  13.4 999.0  12.4 99.0 99.00 
2024 02 16 03 50 204  2.6  3.7 99.00 99.00 99.00 999 1022.2  13.3 999.0  12.3 99.0 99.00 
2024 02 16 04 00 203  2.5  3.7 99.00 99.00 99.00 999 1022.1  13.4 999.0  12.4 99.0 99.00 
2024 02 16 04 10 207  2.3  3.3  2.65 12.90  9.13 282 1022.1  13.4 999.0  12.4 99.0 99.00 
2024 02 16 04 20 207  1.8  2.8 99.00 99.00 99.00 999 1022.1  13.4 999.0  12.4 99.0 99.00 
2024 02 16 04 30 204  1.2  2.3 99.00 99.00 99.00 999 1022.2  13.4 999.0  12.4 99.0 99.00 
2024 02 16 04 40 192  0.9  2.1  2.66 12.90  9.25 287 1022.0  13.4 999.0  12.4 99.0 99.00 
2024 02 16 04 50 164  0.7  2.0 99.00 99.00 99.00 999 1021.9  13.4 999.0  12.4 99.0 99.00 
2024 02 16 05 00 171  0.4  2.1 99.00 99.00 99.00 999 1022.1  13.4 999.0  12.4 99.0 99.00 
2024 02 16 05 10 214  0.5  1.3  2.75 12.12  9.34 288 1022.3  13.4 999.0  12.4 99.0 99.00 
2024 02 16 05 20 205  0.5  1.5 99.00 99.00 99.00 999 1022.4  13.4 999.0  12.4 99.0 99.00 
2024 02 16 05 30 168  0.3  1.2 99.00 99.00 99.00 999 1022.3  13.4 999.0  12.4 99.0 99.00 
2024 02 16 05 40 140  0.4  2.0  2.42 12.90  8.73 289 1022.0  13.4 999.0  12.4 99.0 99.00 
2024 02 16 05 50  96  1.4  3.8 99.00 99.00 99.00 999 1021.8  13.4 999.0  12.5 99.0 99.00 
2024 02 16 06 00  81  2.2  3.9 99.00 99.00 99.00 999 1021.8  13.3 999.0  12.5 99.0 99.00 
2024 02 16 06 10  85  2.1  4.1  2.63 12.90  9.16 285 1021.7  13.2 999.0  12.4 99.0 99.00 
2024 02 16 06 20  81  1.9  3.7 99.00 99.00 99.00 999 1021.6  13.2 999.0  12.4 99.0 99.00 
2024 02 16 06 30  85  1.8  4.1 99.00 99.00 99.00 999 1021.5  13.2 999.0  12.4 99.0 99.00 
2024 02 16 06 40  86  2.1  4.2  2.50 12.90  8.91 287 1021.3  13.2 999.0  12.4 99.0 99.00 
2024 02 16 06 50  75  1.8  3.7 99.00 99.00 99.00 999 1021.3  13.2 999.0  12.5 99.0 99.00 
2024 02 16 07 00  59  1.8  3.3 99.00 99.00 99.00 999 1021.3  13.1 999.0  12.4 99.0 99.00 
2024 02 16 07 10  46  1.5  3.0  2.57 12.90  8.95 288 1021.5  13.1 999.0  12.4 99.0 99.00 
2024 02 16 07 20  32  1.3  2.7 99.00 99.00 99.00 999 1021.4  13.1 999.0  12.4 99.0 99.00 
2024 02 16 07 30  34  1.4  2.5 99.00 99.00 99.00 999 1021.4  13.1 999.0  12.4 99.0 99.00 
2024 02 16 07 40  40  1.4  3.7  2.68 12.90  8.59 287 1021.2  13.1 999.0  12.4 99.0 99.00 
2024 02 16 07 50  49  2.1  3.7 99.00 99.00 99.00 999 1020.9  13.0 999.0  12.3 99.0 99.00 
2024 02 16 08 00  61  2.6  4.3 99.00 99.00 99.00 999 1020.5  13.0 999.0  12.3 99.0 99.00 
2024 02 16 08 10  63  3.0  5.5  2.34 12.12  8.48 283 1020.5  12.9 999.0  12.2 99.0 99.00 
2024 02 16 08 20  61  2.8  4.5 99.00 99.00 99.00 999 1020.6  12.9 999.0  12.2 99.0 99.00 
2024 02 16 08 30  62  2.6  5.2 99.00 99.00 99.00 999 1020.7  12.9 999.0  12.2 99.0 99.00 
2024 02 16 08 40  66  2.4  4.6  2.65 12.12  8.86 281 1020.7  12.9 999.0  12.2 99.0 99.00 
2024 02 16 08 50  79  2.1  4.0 99.00 99.00 99.00 999 1020.5  12.9 999.0  12.2 99.0 99.00 
2024 02 16 09 00  84  2.1  4.2 99.00 99.00 99.00 999 1020.3  12.9 999.0  12.2 99.0 99.00 
2024 02 16 09 10  85  2.5  4.6  2.51 11.43  8.38 290 1020.4  13.0 999.0  12.3 99.0 99.00 
2024 02 16 09 20  93  2.0  3.9 99.00 99.00 99.00 999 1020.5  12.9 999.0  12.3 99.0 99.00 
2024 02 16 09 30 106  2.1  4.3 99.00 99.00 99.00 999 1020.4  12.8 999.0  12.3 99.0 99.00 
2024 02 16 09 40 106  2.9  5.5  2.43 12.90  8.69 280 1020.0  12.7 999.0  12.2 99.0 99.00 
2024 02 16 09 50 101  4.0  6.0 99.00 99.00 99.00 999 1020.1  12.6 999.0  12.1 99.0 99.00 
2024 02 16 10 00 104  3.2  5.1 99.00 99.00 99.00 999 1020.2  12.5 999.0  11.9 99.0 99.00 
2024 02 16 10 10 108  3.3  5.0  2.39 12.12  8.49 282 1020.2  12.6 999.0  11.9 99.0 99.00 
2024 02 16 10 20 106  3.6  5.5 99.00 99.00 99.00 999 1020.1  12.6 999.0  11.9 99.0 99.00 
2024 02 16 10 30  99  4.7  7.1 99.00 99.00 99.00 999 1020.0  12.4 999.0  11.4 99.0 99.00 
2024 02 16 10 40 101  4.9  7.6  2.43 12.12  8.51 288 1019.8  12.4 999.0  11.3 99.0 99.00 
2024 02 16 10 50 105  4.9  7.8 99.00 99.00 99.00 999 1019.8  12.6 999.0  11.7 99.0 99.00 
2024 02 16 11 00 105  5.2  7.4 99.00 99.00 99.00 999 1019.7  12.5 999.0  11.7 99.0 99.00 
2024 02 16 11 10  95  5.8  8.0  2.41 12.12  8.51 281 1019.6  12.4 999.0  11.3 99.0 99.00 
2024 02 16 11 20  96  5.5  7.6 99.00 99.00 99.00 999 1019.8  12.4 999.0  11.4 99.0 99.00 
2024 02 16 11 30  96  5.0  7.2 99.00 99.00 99.00 999 1019.8  12.5 999.0  11.5 99.0 99.00 
2024 02 16 11 40  92  5.4  7.2  2.12 10.00  7.97 285 1019.7  12.4 999.0  11.4 99.0 99.00 
2024 02 16 11 50  96  5.2  6.9 99.00 99.00 99.00 999 1020.0  12.4 999.0  11.3 99.0 99.00 
2024 02 16 12 00  95  4.9  7.9 99.00 99.00 99.00 999 1020.1  12.4 999.0  11.3 99.0 99.00 
2024 02 16 12 10  96  4.3  6.4  2.26 11.43  8.14 280 1020.1  12.4 999.0  11.3 99.0 99.00 
2024 02 16 12 20  95  4.5  6.6 99.00 99.00 99.00 999 1020.1  12.5 999.0  11.4 99.0 99.00 
2024 02 16 12 30  97  4.6  6.7 99.00 99.00 99.00 999 1020.1  12.5 999.0  11.3 99.0 99.00 
2024 02 16 12 40 105  4.5  6.2  2.15 12.12  8.12 272 1020.1  12.6 999.0  11.5 99.0 99.00 
2024 02 16 12 50 106  4.9  6.8 99.00 99.00 99.00 999 1019.9  12.6 999.0  11.4 99.0 99.00 
2024 02 16 13 00 104  5.5  7.3 99.00 99.00 99.00 999 1019.5  12.6 999.0  11.4 99.0 99.00 
2024 02 16 13 10 104  5.3  7.7  2.06 11.43  7.96 280 1019.9  12.6 999.0  11.3 99.0 99.00 
2024 02 16 13 20 107  4.8  6.8 99.00 99.00 99.00 999 1019.8  12.7 999.0  11.5 99.0 99.00 
2024 02 16 13 30 105  5.1  6.8 99.00 99.00 99.00 999 1020.0  12.7 999.0  11.4 99.0 99.00 
2024 02 16 13 40 100  5.5  7.2  2.02 11.43  8.08 279 1019.7  12.6 999.0  11.3 99.0 99.00 
2024 02 16 13 50 102  5.6  7.4 99.00 99.00 99.00 999 1020.0  12.6 999.0  11.3 99.0 99.00 
2024 02 16 14 00 100  5.4  7.4 99.00 99.00 99.00 999 1019.8  12.5 999.0  11.2 99.0 99.00 
2024 02 16 14 10  97  5.7  8.2  2.14 11.43  7.93 282 1019.8  12.5 999.0  11.2 99.0 99.00 
2024 02 16 14 20  96  5.8  7.9 99.00 99.00 99.00 999 1019.9  12.5 999.0  11.2 99.0 99.00 
2024 02 16 14 30  94  5.6  7.7 99.00 99.00 99.00 999 1020.0  12.4 999.0  11.2 99.0 99.00 
2024 02 16 14 40  96  5.6  7.8  2.02 11.43  7.82 273 1019.9  12.3 999.0  11.1 99.0 99.00 
2024 02 16 14 50  94  5.9  7.6 99.00 99.00 99.00 999 1019.8  12.2 999.0  11.0 99.0 99.00 
2024 02 16 15 00  94  6.2  8.3 99.00 99.00 99.00 999 1019.8  12.1 999.0  11.1 99.0 99.00 
2024 02 16 15 10  95  6.4  9.0  1.99 12.12  7.90 280 1019.4  12.2 999.0  11.1 99.0 99.00 
2024 02 16 15 20  98  6.8  9.1 99.00 99.00 99.00 999 1019.6  12.2 999.0  11.1 99.0 99.00 
2024 02 16 15 30 105  5.8  7.6 99.00 99.00 99.00 999 1020.1  12.3 999.0  11.2 99.0 99.00 
2024 02 16 15 40 104  5.9  8.2  1.93 11.43  7.70 279 1019.9  12.6 999.0  11.3 99.0 99.00 
2024 02 16 15 50 101  6.2  7.9 99.00 99.00 99.00 999 1020.0  12.8 999.0  11.3 99.0 99.00 
2024 02 16 16 00 103  5.6  7.3 99.00 99.00 99.00 999 1020.0  12.8 999.0  11.4 99.0 99.00 
2024 02 16 16 10  97  5.7  7.6  1.75 12.12  7.44 268 1020.0  12.7 999.0  11.4 99.0 99.00 
2024 02 16 16 20  97  6.1  7.9 99.00 99.00 99.00 999 1020.1  12.6 999.0  11.2 99.0 99.00 
2024 02 16 16 30  88  5.8  7.7 99.00 99.00 99.00 999 1020.3  12.6 999.0  11.4 99.0 99.00 
2024 02 16 16 40  86  6.0  8.2  1.81 11.43  7.64 284 1020.4  12.5 999.0  11.3 99.0 99.00 
2024 02 16 16 50  91  6.1  7.7 99.00 99.00 99.00 999 1020.5  12.5 999.0  11.2 99.0 99.00 
2024 02 16 17 00  89  5.7  7.2 99.00 99.00 99.00 999 1020.5  12.5 999.0  11.2 99.0 99.00 
2024 02 16 17 10  88  5.8  7.2  1.53 11.43  7.24 284 1020.5  12.5 999.0  11.2 99.0 99.00 
2024 02 16 17 20  85  6.0  7.8 99.00 99.00 99.00 999 1020.3  12.5 999.0  11.3 99.0 99.00 
2024 02 16 17 30  89  6.5  8.2 99.00 99.00 99.00 999 1020.3  12.4 999.0  11.2 99.0 99.00 
2024 02 16 17 40  92  6.4  8.7  1.57 10.81  7.13 282 1020.2  12.7 999.0  11.5 99.0 99.00 
2024 02 16 17 50  96  6.5  8.5 99.00 99.00 99.00 999 1020.4  12.9 999.0  11.4 99.0 99.00 
2024 02 16 18 00  99  6.1  8.0 99.00 99.00 99.00 999 1020.3  12.9 999.0  11.5 99.0 99.00 
2024 02 16 18 10 102  6.6  8.7  1.61 11.43  7.15 286 1020.2  13.1 999.0  11.5 99.0 99.00 
2024 02 16 18 20 103  6.6  8.6 99.00 99.00 99.00 999 1020.2  13.2 999.0  11.6 99.0 99.00 
2024 02 16 18 30 104  6.8  8.9 99.00 99.00 99.00 999 1020.1  13.3 999.0  11.6 99.0 99.00 
2024 02 16 18 40 106  7.1  9.1  1.62 10.81  6.96 283 1020.3  13.3 999.0  11.5 99.0 99.00 
2024 02 16 18 50 103  6.4  8.7 99.00 99.00 99.00 999 1020.4  13.4 999.0  11.6 99.0 99.00 
2024 02 16 19 00 106  6.5  8.5 99.00 99.00 99.00 999 1020.5  13.4 999.0  11.6 99.0 99.00 
2024 02 16 19 10 107  7.0  9.0  1.48 10.00  6.39 291 1020.2  13.4 999.0  11.5 99.0 99.00 
2024 02 16 19 20 106  7.6  9.7 99.00 99.00 99.00 999 1020.0  13.5 999.0  11.6 99.0 99.00 
2024 02 16 19 30 106  7.5  9.3 99.00 99.00 99.00 999 1020.1  13.5 999.0  11.6 99.0 99.00 
2024 02 16 19 40 106  7.7  9.8  1.59 11.43  6.45 282 1019.9  13.6 999.0  11.5 99.0 99.00 
2024 02 16 19 50 106  7.7  9.9 99.00 99.00 99.00 999 1020.3  13.7 999.0  11.6 99.0 99.00 
2024 02 16 20 00 108  7.1  9.5 99.00 99.00 99.00 999 1020.0  13.7 999.0  11.5 99.0 99.00 
2024 02 16 20 10 104  6.7  8.7  1.45 11.43  6.54 296 1019.7  13.7 999.0  11.8 99.0 99.00 
2024 02 16 20 20 104  5.6  7.5 99.00 99.00 99.00 999 1020.0  13.7 999.0  11.9 99.0 99.00 
2024 02 16 20 30 102  5.5  7.1 99.00 99.00 99.00 999 1019.6  13.7 999.0  11.9 99.0 99.00 
2024 02 16 20 40  99  6.1  8.2  1.50 12.12  6.78 300 1019.4  13.7 999.0  12.0 99.0 99.00 
2024 02 16 20 50 103  5.9  7.6 99.00 99.00 99.00 999 1019.4  13.7 999.0  12.0 99.0 99.00 
2024 02 16 21 00 101  6.3  8.1 99.00 99.00 99.00 999 1019.0  13.7 999.0  11.9 99.0 99.00 
2024 02 16 21 10  99  6.5  8.2  1.55 10.81  6.99 278 1018.6  13.7 999.0  11.9 99.0 99.00 
2024 02 16 21 20 100  6.6  8.7 99.00 99.00 99.00 999 1018.6  13.7 999.0  11.8 99.0 99.00 
2024 02 16 21 30 102  6.5  8.0 99.00 99.00 99.00 999 1018.6  13.7 999.0  11.8 99.0 99.00 
2024 02 16 21 40 105  6.2  8.1  1.42 11.43  6.78 282 1018.6  13.7 999.0  11.8 99.0 99.00 
2024 02 16 21 50 108  5.9  8.1 99.00 99.00 99.00 999 1018.4  13.7 999.0  11.9 99.0 99.00 
2024 02 16 22 00 116  5.9  7.1 99.00 99.00 99.00 999 1018.4  13.8 999.0  11.9 99.0 99.00 
2024 02 16 22 10 118  5.8  7.8  1.44 11.43  6.42 275 1018.3  13.8 999.0  11.9 99.0 99.00 
2024 02 16 22 20 120  5.2  6.8 99.00 99.00 99.00 999 1018.1  13.9 999.0  12.1 99.0 99.00 
2024 02 16 22 30 123  4.4  5.9 99.00 99.00 99.00 999 1018.3  13.9 999.0  12.3 99.0 99.00 
2024 02 16 22 40 133  3.9  5.0  1.31 11.43  6.34 271 1018.1  13.9 999.0  12.3 99.0 99.00 
2024 02 16 22 50 139  4.3  5.1 99.00 99.00 99.00 999 1018.3  13.9 999.0  12.3 99.0 99.00 
2024 02 16 23 00 143  4.4  5.8 99.00 99.00 99.00 999 1018.4  13.9 999.0  12.1 99.0 99.00 
2024 02 16 23 10 143  5.5  7.3  1.34 11.43  6.57 271 1018.3  13.9 999.0  11.9 99.0 99.00 
2024 02 16 23 20 138  6.3  7.7 99.00 99.00 99.00 999 1018.3  14.1 999.0  11.6 99.0 99.00 
2024 02 16 23 30 143  5.9  7.5 99.00 99.00 99.00 999 1018.5  14.1 999.0  11.8 99.0 99.00 
2024 02 16 23 40 148  6.3  8.6  1.28  9.09  6.20 275 1018.7  14.1 999.0  11.7 99.0 99.00 
2024 02 16 23 50 143  6.6  8.9 99.00 99.00 99.00 999 1018.4  14.0 999.0  11.6 99.0 99.00 
2024 02 17 00 00 136  6.8  8.7 99.00 99.00 99.00 999 1018.1  13.9 999.0  11.6 99.0 99.00 
2024 02 17 00 10 140  6.7  9.0  1.24  9.09  5.87 268 1018.1  13.9 999.0  11.6 99.0 99.00 
2024 02 17 00 20 143  6.8  8.8 99.00 99.00 99.00 999 1018.1  13.8 999.0  11.7 99.0 99.00 
2024 02 17 00 30 140  6.6  8.5 99.00 99.00 99.00 999 1017.8  13.8 999.0  11.8 99.0 99.00 
2024 02 17 00 40 146  6.7  8.5  1.43 10.81  6.15 275 1018.0  13.8 999.0  11.9 99.0 99.00 
2024 02 17 00 50 143  6.4  8.4 99.00 99.00 99.00 999 1018.1  13.7 999.0  12.0 99.0 99.00 
2024 02 17 01 00 143  6.1  7.4 99.00 99.00 99.00 999 1018.0  13.7 999.0  12.2 99.0 99.00 
2024 02 17 01 10 133  5.9  7.5  1.31 10.00  5.99 260 1017.7  13.6 999.0  12.1 99.0 99.00 
2024 02 17 01 20 129  6.3  8.0 99.00 99.00 99.00 999 1017.4  13.6 999.0  12.3 99.0 99.00 
2024 02 17 01 30 126  6.4  7.9 99.00 99.00 99.00 999 1017.0  13.5 999.0  12.2 99.0 99.00 
2024 02 17 01 40 124  7.1  9.6  1.41 11.43  6.30 270 1016.4  13.5 999.0  12.4 99.0 99.00 
2024 02 17 01 50 122  7.5  9.4 99.00 99.00 99.00 999 1016.1  13.5 999.0  12.4 99.0 99.00 
2024 02 17 02 00 123  7.3  9.2 99.00 99.00 99.00 999 1016.5  13.4 999.0  12.3 99.0 99.00 
2024 02 17 02 10 137  6.6  8.3  1.34 11.43  5.97 272 1016.7  13.5 999.0  12.4 99.0 99.00 
2024 02 17 02 20 137  7.3  8.9 99.00 99.00 99.00 999 1016.6  13.5 999.0  12.4 99.0 99.00 
2024 02 17 02 30 119  7.4  9.6 99.00 99.00 99.00 999 1015.6  13.5 999.0  12.5 99.0 99.00 
2024 02 17 02 40 122  7.2  9.1  1.29 11.43  5.81 271 1016.6  13.5 999.0  12.5 99.0 99.00 
2024 02 17 02 50 142  6.6  8.7 99.00 99.00 99.00 999 1017.1  13.5 999.0  12.5 99.0 99.00 
2024 02 17 03 00 148  6.7  8.4 99.00 99.00 99.00 999 1017.4  13.5 999.0  12.5 99.0 99.00 
2024 02 17 03 10 139  6.4  8.1  1.35 11.43  5.74 275 1017.0  13.6 999.0  12.6 99.0 99.00 
2024 02 17 03 20 133  6.5  7.8 99.00 99.00 99.00 999 1016.7  13.5 999.0  12.6 99.0 99.00 
2024 02 17 03 30 132  7.1  8.7 99.00 99.00 99.00 999 1016.5  13.5 999.0  12.7 99.0 99.00 
2024 02 17 03 40 127  7.3  9.1  1.47 10.81  6.11 270 1015.9  13.5 999.0  12.7 99.0 99.00 
2024 02 17 03 50 121  8.0  9.6 99.00 99.00 99.00 999 1015.7  13.5 999.0  12.7 99.0 99.00 
2024 02 17 04 00 121  9.0 10.8 99.00 99.00 99.00 999 1015.3  13.4 999.0  12.6 99.0 99.00 
2024 02 17 04 10 121  8.8 10.7  1.32  8.33  5.30 257 1015.3  13.4 999.0  12.6 99.0 99.00 
2024 02 17 04 20 122  9.0 11.8 99.00 99.00 99.00 999 1015.4  13.4 999.0  12.6 99.0 99.00 
2024 02 17 04 30 126  8.5 11.0 99.00 99.00 99.00 999 1016.4  13.4 999.0  12.3 99.0 99.00 
2024 02 17 04 40 138  7.1  9.2  1.47 10.81  5.38 280 1017.2  13.5 999.0  12.3 99.0 99.00 
2024 02 17 04 50 138  7.6  9.6 99.00 99.00 99.00 999 1017.0  13.6 999.0  12.3 99.0 99.00 
2024 02 17 05 00 137  7.8 10.0 99.00 99.00 99.00 999 1017.0  13.6 999.0  12.2 99.0 99.00 
2024 02 17 05 10 128  7.9  9.6  1.44 11.43  5.68 265 1016.7  13.6 999.0  12.3 99.0 99.00 
2024 02 17 05 20 127  8.1 10.5 99.00 99.00 99.00 999 1016.7  13.6 999.0  12.2 99.0 99.00 
2024 02 17 05 30 124  6.9  8.7 99.00 99.00 99.00 999 1017.0  13.7 999.0  12.2 99.0 99.00 
2024 02 17 05 40 125  7.6  9.3  1.48 11.43  5.68 265 1016.9  13.7 999.0  12.1 99.0 99.00 
2024 02 17 05 50 125  7.1  9.5 99.00 99.00 99.00 999 1016.8  13.7 999.0  12.1 99.0 99.00 
2024 02 17 06 00 125  7.0  8.8 99.00 99.00 99.00 999 1017.1  13.7 999.0  12.1 99.0 99.00 
2024 02 17 06 10 129  7.4 10.2  1.45 10.81  5.89 272 1016.8  13.8 999.0  12.2 99.0 99.00 
2024 02 17 06 20 123  7.5  9.3 99.00 99.00 99.00 999 1016.7  13.8 999.0  12.2 99.0 99.00 
2024 02 17 06 30 115  6.9  9.1 99.00 99.00 99.00 999 1016.6  13.8 999.0  12.2 99.0 99.00 
2024 02 17 06 40 118  6.1  8.7  1.59 10.81  6.06 275 1016.6  13.8 999.0  12.2 99.0 99.00 
2024 02 17 06 50 115  5.7  7.4 99.00 99.00 99.00 999 1016.4  13.7 999.0  12.1 99.0 99.00 
2024 02 17 07 00 113  6.2  8.0 99.00 99.00 99.00 999 1016.0  13.7 999.0  12.0 99.0 99.00 
2024 02 17 07 10 109  6.3  8.2  1.69 10.81  6.26 282 1015.6  13.7 999.0  12.1 99.0 99.00 
2024 02 17 07 20 102  7.5  9.5 99.00 99.00 99.00 999 1015.1  13.6 999.0  11.9 99.0 99.00 
2024 02 17 07 30  96  7.3  9.3 99.00 99.00 99.00 999 1015.5  13.5 999.0  11.5 99.0 99.00 
2024 02 17 07 40  97  7.8 10.0  1.57 10.81  5.98 285 1014.8  13.4 999.0  11.3 99.0 99.00 
2024 02 17 07 50  94  8.0 10.1 99.00 99.00 99.00 999 1014.8  13.4 999.0  11.6 99.0 99.00 
2024 02 17 08 00  91  8.0 10.5 99.00 99.00 99.00 999 1015.1  13.2 999.0  11.7 99.0 99.00 
2024 02 17 08 10 102  6.6  9.2  1.62 10.81  6.09 283 1016.0  13.2 999.0  11.7 99.0 99.00 
2024 02 17 08 20 120  5.1  7.0 99.00 99.00 99.00 999 1016.3  13.4 999.0  11.4 99.0 99.00 
2024 02 17 08 30 114  5.3  7.1 99.00 99.00 99.00 999 1015.9  13.6 999.0  11.4 99.0 99.00 
2024 02 17 08 40 107  5.4  7.1  1.91 12.12  6.77 291 1015.9  13.6 999.0  11.5 99.0 99.00 
2024 02 17 08 50 119  6.1  8.3 99.00 99.00 99.00 999 1016.1  13.7 999.0  11.5 99.0 99.00 
2024 02 17 09 00 133  6.5  9.2 99.00 99.00 99.00 999 1016.4  13.9 999.0  11.8 99.0 99.00 
2024 02 17 09 10 138  7.0  9.2  2.04 10.81  6.90 277 1016.2  13.9 999.0  12.0 99.0 99.00 
2024 02 17 09 20 136  7.2  9.2 99.00 99.00 99.00 999 1016.1  13.9 999.0  12.1 99.0 99.00 
2024 02 17 09 30 139  7.2  9.1 99.00 99.00 99.00 999 1015.6  13.8 999.0  12.0 99.0 99.00 
2024 02 17 09 40 132  7.9 10.4  2.17 12.12  7.10 277 1015.3  13.8 999.0  11.9 99.0 99.00 
2024 02 17 09 50 125  8.1 10.2 99.00 99.00 99.00 999 1015.0  13.8 999.0  11.8 99.0 99.00 
2024 02 17 10 00 126  8.0 10.7 99.00 99.00 99.00 999 1015.5  13.9 999.0  11.6 99.0 99.00 
2024 02 17 10 10 120  8.1 10.9  2.18 11.43  6.69 289 1014.7  13.9 999.0  11.3 99.0 99.00 
2024 02 17 10 20 116  7.7 10.6 99.00 99.00 99.00 999 1014.5  14.0 999.0  11.4 99.0 99.00 
2024 02 17 10 30 112  8.1 10.7 99.00 99.00 99.00 999 1013.9  13.9 999.0  11.1 99.0 99.00 
2024 02 17 10 40 111  8.5 11.6  2.23 12.12  6.75 278 1014.0  14.0 999.0  11.1 99.0 99.00 
2024 02 17 10 50 110  8.3 11.7 99.00 99.00 99.00 999 1014.1  13.9 999.0  11.2 99.0 99.00 
2024 02 17 11 00 113  7.8  9.9 99.00 99.00 99.00 999 1013.8  13.5 999.0  11.3 99.0 99.00 
2024 02 17 11 10 122  9.3 12.0  2.50 11.43  7.49 275 1014.0  13.8 999.0  11.2 99.0 99.00 
2024 02 17 11 20 124  9.5 12.5 99.00 99.00 99.00 999 1013.7  13.8 999.0  11.3 99.0 99.00 
2024 02 17 11 30 123  9.3 12.3 99.00 99.00 99.00 999 1014.5  13.6 999.0  11.2 99.0 99.00 
2024 02 17 11 40 124  8.8 11.8  2.71 10.81  7.24 271 1014.4  13.4 999.0  11.4 99.0 99.00 
2024 02 17 11 50 127  8.6 10.8 99.00 99.00 99.00 999 1014.5  13.4 999.0  11.5 99.0 99.00 
2024 02 17 12 00 123  8.2 11.1 99.00 99.00 99.00 999 1014.0  13.4 999.0  11.6 99.0 99.00 
2024 02 17 12 10 123  9.0 11.6  2.67 11.43  7.32 270 1013.7  13.5 999.0  11.8 99.0 99.00 
2024 02 17 12 20 129  9.3 12.8 99.00 99.00 99.00 999 1013.7  13.4 999.0  11.7 99.0 99.00 
2024 02 17 12 30 131  9.2 12.0 99.00 99.00 99.00 999 1013.6  13.4 999.0  11.7 99.0 99.00 
2024 02 17 12 40 127 10.2 13.1  2.84 10.81  7.35 271 1013.1  13.3 999.0  11.8 99.0 99.00 
2024 02 17 12 50 129 10.2 12.4 99.00 99.00 99.00 999 1013.0  13.2 999.0  11.9 99.0 99.00 
2024 02 17 13 00 131 10.0 12.6 99.00 99.00 99.00 999 1012.8  13.3 999.0  12.0 99.0 99.00 
2024 02 17 13 10 128  9.2 12.3  2.86 10.81  7.26 276 1013.2  13.4 999.0  12.1 99.0 99.00 
2024 02 17 13 20 126  8.8 12.3 99.00 99.00 99.00 999 1012.9  13.5 999.0  12.2 99.0 99.00 
2024 02 17 13 30 122  8.8 11.2 99.00 99.00 99.00 999 1012.7  13.5 999.0  12.2 99.0 99.00 
2024 02 17 13 40 128  8.4 11.7  3.10 12.12  7.69 268 1013.2  13.5 999.0  12.3 99.0 99.00 
2024 02 17 13 50 127  9.2 13.3 99.00 99.00 99.00 999 1012.9  13.6 999.0  12.4 99.0 99.00 
2024 02 17 14 00 124  8.7 11.5 99.00 99.00 99.00 999 1013.3  13.4 999.0  12.3 99.0 99.00 
2024 02 17 14 10 130  8.5 11.2  3.06 12.90  7.85 271 1013.3  13.4 999.0  12.3 99.0 99.00 
2024 02 17 14 20 131  8.9 11.8 99.00 99.00 99.00 999 1012.9  13.4 999.0  12.4 99.0 99.00 
2024 02 17 14 30 131  9.3 13.0 99.00 99.00 99.00 999 1012.8  13.3 999.0  12.5 99.0 99.00 
2024 02 17 14 40 131  9.1 11.8  3.35 11.43  8.08 267 1012.9  13.3 999.0  12.5 99.0 99.00 
2024 02 17 14 50 132  9.2 12.8 99.00 99.00 99.00 999 1012.9  13.3 999.0  12.6 99.0 99.00 
2024 02 17 15 00 132  9.5 12.6 99.00 99.00 99.00 999 1013.0  13.2 999.0  12.5 99.0 99.00 
2024 02 17 15 10 134  9.6 12.3  3.33 12.12  8.00 271 1013.3  13.2 999.0  12.5 99.0 99.00 
2024 02 17 15 20 136  9.7 12.7 99.00 99.00 99.00 999 1013.4  13.3 999.0  12.6 99.0 99.00 
2024 02 17 15 30 135 10.1 12.8 99.00 99.00 99.00 999 1013.1  13.3 999.0  12.6 99.0 99.00 
2024 02 17 15 40 134 10.6 13.4  2.98 12.90  7.53 268 1012.8  13.3 999.0  12.8 99.0 99.00 
2024 02 17 15 50 133 11.3 15.1 99.00 99.00 99.00 999 1013.0  13.3 999.0  12.8 99.0 99.00 
2024 02 17 16 00 134 11.4 14.9 99.00 99.00 99.00 999 1012.7  13.3 999.0  12.8 99.0 99.00 
2024 02 17 16 10 130 11.5 15.6  3.10 12.12  7.54 265 1012.3  13.2 999.0  12.7 99.0 99.00 
2024 02 17 16 20 130 10.7 14.3 99.00 99.00 99.00 999 1012.1  13.2 999.0  12.7 99.0 99.00 
2024 02 17 16 30 133 11.1 14.2 99.00 99.00 99.00 999 1012.5  13.2 999.0  12.7 99.0 99.00 
2024 02 17 16 40 134 11.8 14.8  3.50 12.12  7.77 265 1012.4  13.2 999.0  12.7 99.0 99.00 
2024 02 17 16 50 131 12.3 15.9 99.00 99.00 99.00 999 1011.9  13.1 999.0  12.7 99.0 99.00 
2024 02 17 17 00 132 12.0 15.2 99.00 99.00 99.00 999 1011.6  13.1 999.0  12.7 99.0 99.00 
2024 02 17 17 10 133 12.4 16.0  3.84 19.05  8.28 270 1011.9  13.1 999.0  12.7 99.0 99.00 
2024 02 17 17 20 137 12.0 15.9 99.00 99.00 99.00 999 1012.3  13.1 999.0  12.6 99.0 99.00 
2024 02 17 17 30 137 11.8 15.4 99.00 99.00 99.00 999 1012.0  13.2 999.0  12.7 99.0 99.00 
2024 02 17 17 40 139 12.2 16.7  3.35 19.05  7.56 261 1011.8  13.2 999.0  12.7 99.0 99.00 
2024 02 17 17 50 141 12.6 16.5 99.00 99.00 99.00 999 1012.0  13.2 999.0  12.7 99.0 99.00 
2024 02 17 18 00 145 12.3 15.7 99.00 99.00 99.00 999 1011.9  13.2 999.0  12.7 99.0 99.00 
2024 02 17 18 10 143 12.3 16.3  3.81 12.12  8.01 256 1011.6  13.3 999.0  12.7 99.0 99.00 
2024 02 17 18 20 145 12.4 16.0 99.00 99.00 99.00 999 1011.8  13.4 999.0  12.7 99.0 99.00 
2024 02 17 18 30 146 12.2 16.0 99.00 99.00 99.00 999 1011.9  13.5 999.0  12.7 99.0 99.00 
2024 02 17 18 40 148 12.3 15.7  4.05 17.39  8.35 255 1011.9  13.5 999.0  12.7 99.0 99.00 
2024 02 17 18 50 144 12.2 17.0 99.00 99.00 99.00 999 1011.8  13.6 999.0  12.8 99.0 99.00 
2024 02 17 19 00 142 12.2 15.7 99.00 99.00 99.00 999 1011.7  13.6 999.0  12.8 99.0 99.00 
2024 02 17 19 10 143 12.4 15.9  4.31 17.39  8.74 266 1011.5  13.6 999.0  12.8 99.0 99.00 
2024 02 17 19 20 145 12.2 16.6 99.00 99.00 99.00 999 1011.6  13.6 999.0  12.8 99.0 99.00 
2024 02 17 19 30 145 12.3 15.9 99.00 99.00 99.00 999 1011.6  13.6 999.0  12.8 99.0 99.00 
2024 02 17 19 40 145 12.6 16.0  4.89 17.39  9.67 265 1011.3  13.5 999.0  12.7 99.0 99.00 
2024 02 17 19 50 145 12.5 16.8 99.00 99.00 99.00 999 1011.3  13.6 999.0  12.8 99.0 99.00 
2024 02 17 20 00 145 12.7 16.0 99.00 99.00 99.00 999 1010.7  13.5 999.0  12.8 99.0 99.00 
2024 02 17 20 10 142 12.5 17.3  4.59 17.39  8.90 276 1010.5  13.5 999.0  12.9 99.0 99.00 
2024 02 17 20 20 143 13.6 17.8 99.00 99.00 99.00 999 1010.0  13.4 999.0  12.9 99.0 99.00 
2024 02 17 20 30 142 12.7 16.2 99.00 99.00 99.00 999 1010.0  13.4 999.0  12.9 99.0 99.00 
2024 02 17 20 40 140 12.0 15.9  4.24 17.39  8.22 270 1009.9  13.3 999.0  12.9 99.0 99.00 
2024 02 17 20 50 140 11.9 15.3 99.00 99.00 99.00 999 1009.5  13.3 999.0  12.9 99.0 99.00 
2024 02 17 21 00 144 12.3 15.7 99.00 99.00 99.00 999 1009.3  13.3 999.0  12.9 99.0 99.00 
2024 02 17 21 10 147 13.4 16.9  4.72 17.39  9.44 263 1009.2  13.2 999.0  12.8 99.0 99.00 
2024 02 17 21 20 147 13.1 17.2 99.00 99.00 99.00 999 1008.8  13.2 999.0  12.8 99.0 99.00 
2024 02 17 21 30 148 13.3 18.4 99.00 99.00 99.00 999 1008.6  13.2 999.0  12.8 99.0 99.00 
2024 02 17 21 40 149 13.7 18.0  5.08 17.39  9.47 270 1008.5  13.2 999.0  12.8 99.0 99.00 
2024 02 17 21 50 149 13.7 17.1 99.00 99.00 99.00 999 1008.4  13.2 999.0  12.8 99.0 99.00 
2024 02 17 22 00 149 13.7 18.1 99.00 99.00 99.00 999 1008.2  13.2 999.0  12.8 99.0 99.00 
2024 02 17 22 10 151 12.9 17.3 99.00 99.00 99.00 999 1008.1  13.2 999.0  12.9 99.0 99.00 
2024 02 17 22 20 152 12.6 15.8 99.00 99.00 99.00 999 1007.9  13.2 999.0  13.0 99.0 99.00 
2024 02 17 22 30 156 13.6 17.9 99.00 99.00 99.00 999 1007.6  13.1 999.0  12.9 99.0 99.00 
2024 02 17 22 40 154 14.0 17.7  5.20 16.00  8.92 267 1007.3  13.1 999.0  12.9 99.0 99.00 
2024 02 17 22 50 159 14.1 17.3 99.00 99.00 99.00 999 1007.4  13.1 999.0  12.9 99.0 99.00 
2024 02 17 23 00 167 13.8 18.0 99.00 99.00 99.00 999 1007.8  13.1 999.0  12.9 99.0 99.00 
2024 02 17 23 10 170 11.8 16.5  5.71 17.39  9.18 260 1007.7  13.1 999.0  13.0 99.0 99.00 
2024 02 17 23 20 175 12.4 17.2 99.00 99.00 99.00 999 1007.8  13.3 999.0  13.2 99.0 99.00 
2024 02 17 23 30 186 11.0 13.7 99.00 99.00 99.00 999 1007.9  13.5 999.0  13.3 99.0 99.00 
2024 02 17 23 40 190  9.8 12.9  5.02 16.00  8.34 263 1007.9  13.6 999.0  13.4 99.0 99.00 
2024 02 17 23 50 187  7.8 10.1 99.00 99.00 99.00 999 1007.8  13.6 999.0  13.4 99.0 99.00 
2024 02 18 00 00 196  6.5  8.5 99.00 99.00 99.00 999 1008.0  13.5 999.0  13.3 99.0 99.00 
2024 02 18 00 10 198  6.2  8.6  5.39 16.00  8.46 266 1008.1  13.4 999.0  13.3 99.0 99.00 
2024 02 18 00 20 208  8.8 13.4 99.00 99.00 99.00 999 1008.1  13.5 999.0  13.3 99.0 99.00 
2024 02 18 00 30 237  9.1 13.6 99.00 99.00 99.00 999 1008.4  13.2 999.0  12.9 99.0 99.00 
2024 02 18 00 40 288  6.0  9.3  5.04 14.81  8.61 279 1008.4  12.0 999.0  11.6 99.0 99.00 
2024 02 18 00 50 276  4.6  7.6 99.00 99.00 99.00 999 1008.8  12.0 999.0  11.6 99.0 99.00 
2024 02 18 01 00 283  4.0  6.8 99.00 99.00 99.00 999 1008.8  12.2 999.0  11.8 99.0 99.00 
2024 02 18 01 10 280  4.7  8.7  5.12 17.39  8.93 262 1009.1  12.3 999.0  11.8 99.0 99.00 
2024 02 18 01 20 293  4.2  8.0 99.00 99.00 99.00 999 1009.1  12.2 999.0  11.7 99.0 99.00 
2024 02 18 01 30 301  3.1  6.8 99.00 99.00 99.00 999 1009.3  12.3 999.0  11.8 99.0 99.00 
2024 02 18 01 40 288  2.9  5.3  5.01 14.81  8.88 269 1009.5  12.3 999.0  11.9 99.0 99.00 
2024 02 18 01 50 285  2.7  5.0 99.00 99.00 99.00 999 1009.6  12.3 999.0  11.9 99.0 99.00 
2024 02 18 02 00 279  1.8  4.6 99.00 99.00 99.00 999 1009.5  12.3 999.0  12.0 99.0 99.00 
2024 02 18 02 10 270  1.1  3.2  5.80 16.00 10.11 275 1009.6  12.3 999.0  12.1 99.0 99.00 
2024 02 18 02 20 259  0.9  3.4 99.00 99.00 99.00 999 1009.6  12.4 999.0  12.1 99.0 99.00 
2024 02 18 02 30 225  0.9  2.5 99.00 99.00 99.00 999 1009.8  12.4 999.0  12.0 99.0 99.00 
2024 02 18 02 40 190  1.4  3.2  5.38 17.39  9.62 270 1009.9  12.4 999.0  12.0 99.0 99.00 
2024 02 18 02 50 197  1.4  3.3 99.00 99.00 99.00 999 1010.1  12.4 999.0  12.0 99.0 99.00 
2024 02 18 03 00 194  1.4  3.2 99.00 99.00 99.00 999 1010.4  12.4 999.0  12.0 99.0 99.00 
2024 02 18 03 10 176  1.6  3.1  4.55 19.05  9.04 283 1010.6  12.4 999.0  12.0 99.0 99.00 
2024 02 18 03 20 175  2.3  4.1 99.00 99.00 99.00 999 1010.8  12.5 999.0  12.1 99.0 99.00 
2024 02 18 03 30 168  2.4  4.6 99.00 99.00 99.00 999 1010.9  12.5 999.0  12.1 99.0 99.00 
2024 02 18 03 40 167  2.4  4.4  5.16 16.00  9.74 273 1011.0  12.5 999.0  12.1 99.0 99.00 
2024 02 18 03 50 164  2.2  4.0 99.00 99.00 99.00 999 1011.0  12.5 999.0  12.1 99.0 99.00 
2024 02 18 04 00 164  2.2  3.9 99.00 99.00 99.00 999 1011.3  12.6 999.0  12.2 99.0 99.00 
2024 02 18 04 10 159  2.3  4.7  4.91 14.81  9.48 278 1011.4  12.7 999.0  12.3 99.0 99.00 
2024 02 18 04 20 161  2.2  4.0 99.00 99.00 99.00 999 1011.6  12.8 999.0  12.4 99.0 99.00 
2024 02 18 04 30 171  2.1  4.0 99.00 99.00 99.00 999 1011.7  12.9 999.0  12.5 99.0 99.00 
2024 02 18 04 40 180  2.6  4.3  4.75 16.00  9.78 278 1011.9  13.0 999.0  12.6 99.0 99.00 
2024 02 18 04 50 173  3.2  5.5 99.00 99.00 99.00 999 1011.9  13.0 999.0  12.6 99.0 99.00 
2024 02 18 05 00 172  3.4  5.6 99.00 99.00 99.00 999 1012.0  13.1 999.0  12.6 99.0 99.00 
2024 02 18 05 10 194  3.5  6.3  5.33 17.39 10.43 269 1012.1  13.2 999.0  12.7 99.0 99.00 
2024 02 18 05 20 223  4.4  6.9 99.00 99.00 99.00 999 1012.1  13.2 999.0  12.5 99.0 99.00 
2024 02 18 05 30 232  4.9  7.2 99.00 99.00 99.00 999 1012.3  13.2 999.0  12.2 99.0 99.00 
2024 02 18 05 40 231  4.6  6.9  5.04 14.81 10.18 271 1012.5  13.3 999.0  12.3 99.0 99.00 
2024 02 18 05 50 232  4.8  7.1 99.00 99.00 99.00 999 1012.6  13.3 999.0  12.1 99.0 99.00 
2024 02 18 06 00 226  4.5  6.8 99.00 99.00 99.00 999 1012.8  13.4 999.0  12.3 99.0 99.00 
2024 02 18 06 10 228  4.6  7.0  4.86 16.00 10.26 267 1013.0  13.4 999.0  12.2 99.0 99.00 
2024 02 18 06 20 221  4.2  6.2 99.00 99.00 99.00 999 1013.0  13.5 999.0  12.4 99.0 99.00 
2024 02 18 06 30 215  3.7  5.5 99.00 99.00 99.00 999 1013.1  13.5 999.0  12.2 99.0 99.00 
2024 02 18 06 40 210  3.7  5.9  4.57 14.81  9.64 276 1013.1  13.5 999.0  12.2 99.0 99.00 
2024 02 18 06 50 207  3.4  4.9 99.00 99.00 99.00 999 1013.2  13.5 999.0  12.2 99.0 99.00 
2024 02 18 07 00 197  3.0  4.8 99.00 99.00 99.00 999 1013.2  13.5 999.0  12.4 99.0 99.00 
2024 02 18 07 10 192  3.2  4.8  4.73 16.00 10.21 274 1013.2  13.5 999.0  12.4 99.0 99.00 
2024 02 18 07 20 189  3.1  4.5 99.00 99.00 99.00 999 1013.1  13.4 999.0  12.3 99.0 99.00 
2024 02 18 07 30 181  3.2  4.4 99.00 99.00 99.00 999 1013.1  13.4 999.0  12.3 99.0 99.00 
2024 02 18 07 40 182  3.3  5.1  3.85 17.39  9.23 280 1013.0  13.4 999.0  12.4 99.0 99.00 
2024 02 18 07 50 184  3.7  5.1 99.00 99.00 99.00 999 1013.0  13.4 999.0  12.3 99.0 99.00 
2024 02 18 08 00 183  4.0  5.7 99.00 99.00 99.00 999 1013.0  13.4 999.0  12.3 99.0 99.00 
2024 02 18 08 10 178  3.8  5.3  4.13 17.39  9.86 273 1012.9  13.4 999.0  12.3 99.0 99.00 
2024 02 18 08 20 177  3.8  5.4 99.00 99.00 99.00 999 1012.9  13.4 999.0  12.3 99.0 99.00 
2024 02 18 08 30 176  4.2  5.6 99.00 99.00 99.00 999 1012.9  13.3 999.0  12.2 99.0 99.00 
2024 02 18 08 40 171  4.6  6.2  4.07 17.39  9.63 279 1013.0  13.3 999.0  12.2 99.0 99.00 
2024 02 18 08 50 170  4.9  6.8 99.00 99.00 99.00 999 1013.0  13.4 999.0  12.3 99.0 99.00 
2024 02 18 09 00 170  4.5  6.7 99.00 99.00 99.00 999 1013.0  13.4 999.0  12.3 99.0 99.00 
2024 02 18 09 10 170  4.4  5.9  4.35 16.00 10.44 283 1013.1  13.3 999.0  12.3 99.0 99.00 
2024 02 18 09 20 171  4.7  6.8 99.00 99.00 99.00 999 1013.3  13.3 999.0  12.3 99.0 99.00 
2024 02 18 09 30 171  4.6  5.9 99.00 99.00 99.00 999 1013.3  13.3 999.0  12.3 99.0 99.00 
2024 02 18 09 40 173  4.8  6.1  4.65 16.00 10.31 278 1013.6  13.3 999.0  12.3 99.0 99.00 
2024 02 18 09 50 174  4.8  6.6 99.00 99.00 99.00 999 1013.7  13.3 999.0  12.3 99.0 99.00 
2024 02 18 10 00 174  4.9  6.3 99.00 99.00 99.00 999 1013.6  13.3 999.0  12.3 99.0 99.00 
2024 02 18 10 10 175  4.6  6.1  4.33 16.00 10.24 286 1013.5  13.2 999.0  12.2 99.0 99.00 
2024 02 18 10 20 173  4.7  6.2 99.00 99.00 99.00 999 1013.5  13.2 999.0  12.2 99.0 99.00 
2024 02 18 10 30 174  4.6  6.4 99.00 99.00 99.00 999 1013.4  13.2 999.0  12.2 99.0 99.00 
2024 02 18 10 40 174  4.8  6.3  4.38 14.81 10.21 280 1013.4  13.2 999.0  12.1 99.0 99.00 
2024 02 18 10 50 169  4.2  6.2 99.00 99.00 99.00 999 1013.0  13.2 999.0  12.1 99.0 99.00 
2024 02 18 11 00 165  4.0  5.5 99.00 99.00 99.00 999 1013.1  13.2 999.0  12.1 99.0 99.00 
2024 02 18 11 10 161  4.1  6.0  4.28 14.81 10.11 283 1013.0  13.2 999.0  12.1 99.0 99.00 
2024 02 18 11 20 161  3.8  5.3 99.00 99.00 99.00 999 1013.1  13.2 999.0  12.1 99.0 99.00 
2024 02 18 11 30 161  3.5  5.1 99.00 99.00 99.00 999 1012.8  13.2 999.0  12.1 99.0 99.00 
2024 02 18 11 40 156  3.4  5.0  4.28 16.00 10.19 269 1012.8  13.1 999.0  11.9 99.0 99.00 
2024 02 18 11 50 147  4.0  6.0 99.00 99.00 99.00 999 1012.6  13.1 999.0  11.9 99.0 99.00 
2024 02 18 12 00 135  4.2  6.7 99.00 99.00 99.00 999 1012.5  13.2 999.0  12.1 99.0 99.00 
2024 02 18 12 10 127  4.6  7.0  4.26 16.00 10.32 267 1012.6  13.2 999.0  12.1 99.0 99.00 
2024 02 18 12 20 116  5.5  9.2 99.00 99.00 99.00 999 1012.5  13.2 999.0  12.3 99.0 99.00 
2024 02 18 12 30 109  6.4 10.8 99.00 99.00 99.00 999 1012.2  13.0 999.0  12.3 99.0 99.00 
2024 02 18 12 40 114  6.6  9.4  4.26 16.00 10.48 275 1012.4  13.0 999.0  12.1 99.0 99.00 
2024 02 18 12 50 120  6.1  9.4 99.00 99.00 99.00 999 1012.2  13.1 999.0  12.2 99.0 99.00 
2024 02 18 13 00 120  6.6  9.3 99.00 99.00 99.00 999 1012.3  13.1 999.0  12.2 99.0 99.00 
2024 02 18 13 10 111  6.9  9.6  4.03 16.00 10.08 273 1011.9  13.0 999.0  12.3 99.0 99.00 
2024 02 18 13 20 107  8.2 11.5 99.00 99.00 99.00 999 1011.8  12.8 999.0  12.2 99.0 99.00 
2024 02 18 13 30 110  7.7 12.2 99.00 99.00 99.00 999 1011.9  12.8 999.0  12.2 99.0 99.00 
2024 02 18 13 40 116  7.2 10.2  4.40 16.00 10.45 269 1012.1  12.8 999.0  12.1 99.0 99.00 
2024 02 18 13 50 107  7.3 10.1 99.00 99.00 99.00 999 1012.0  12.7 999.0  12.0 99.0 99.00 
2024 02 18 14 00 114  7.3 10.7 99.00 99.00 99.00 999 1012.3  12.8 999.0  12.1 99.0 99.00 
2024 02 18 14 10 122  6.9  9.5  4.19 16.00 10.06 267 1012.2  12.9 999.0  12.3 99.0 99.00 
2024 02 18 14 20 130  8.0 11.3 99.00 99.00 99.00 999 1011.9  13.2 999.0  12.5 99.0 99.00 
2024 02 18 14 30 129  9.1 12.6 99.00 99.00 99.00 999 1011.9  13.2 999.0  12.4 99.0 99.00 
2024 02 18 14 40 129  9.0 12.1  3.68 16.00  9.31 266 1011.7  13.4 999.0  12.6 99.0 99.00 
2024 02 18 14 50 130  9.2 12.3 99.00 99.00 99.00 999 1011.9  13.4 999.0  12.6 99.0 99.00 
2024 02 18 15 00 131  8.5 11.8 99.00 99.00 99.00 999 1011.8  13.4 999.0  12.6 99.0 99.00 
2024 02 18 15 10 124  8.5 11.4  3.86 16.00  9.25 277 1011.8  13.4 999.0  12.6 99.0 99.00 
2024 02 18 15 20 125  9.5 13.2 99.00 99.00 99.00 999 1011.8  13.4 999.0  12.5 99.0 99.00 
2024 02 18 15 30 124  9.3 11.8 99.00 99.00 99.00 999 1011.6  13.4 999.0  12.5 99.0 99.00 
2024 02 18 15 40 124  8.8 12.9  3.58 14.81  8.64 267 1011.8  13.4 999.0  12.6 99.0 99.00 
2024 02 18 15 50 129  9.6 13.6 99.00 99.00 99.00 999 1011.6  13.6 999.0  12.8 99.0 99.00 
2024 02 18 16 00 128  9.9 13.2 99.00 99.00 99.00 999 1011.4  13.6 999.0  12.8 99.0 99.00 
2024 02 18 16 10 119  9.4 13.7  4.23 14.81  9.37 270 1011.3  13.6 999.0  12.7 99.0 99.00 
2024 02 18 16 20 119  9.3 13.2 99.00 99.00 99.00 999 1011.3  13.5 999.0  12.6 99.0 99.00 
2024 02 18 16 30 124  9.4 12.1 99.00 99.00 99.00 999 1011.3  13.5 999.0  12.7 99.0 99.00 
2024 02 18 16 40 125 10.0 14.1  3.18 16.00  7.82 278 1011.5  13.5 999.0  12.6 99.0 99.00 
2024 02 18 16 50 132 10.8 14.4 99.00 99.00 99.00 999 1011.4  13.7 999.0  12.9 99.0 99.00 
2024 02 18 17 00 131 11.1 15.1 99.00 99.00 99.00 999 1011.4  13.7 999.0  12.8 99.0 99.00 
2024 02 18 17 10 130 10.6 14.4  3.80 14.81  8.56 264 1011.0  13.7 999.0  12.7 99.0 99.00 
2024 02 18 17 20 130 10.7 14.8 99.00 99.00 99.00 999 1010.8  13.8 999.0  12.9 99.0 99.00 
2024 02 18 17 30 127 10.3 13.6 99.00 99.00 99.00 999 1011.0  13.8 999.0  12.8 99.0 99.00 
2024 02 18 17 40 121 10.3 13.5  3.69 14.81  8.37 276 1010.6  13.7 999.0  12.5 99.0 99.00 
2024 02 18 17 50 121 10.5 14.3 99.00 99.00 99.00 999 1010.7  13.8 999.0  12.3 99.0 99.00 
2024 02 18 18 00 124 11.2 15.3 99.00 99.00 99.00 999 1010.4  14.1 999.0  12.2 99.0 99.00 
2024 02 18 18 10 127 11.3 15.4  3.69 14.81  8.46 270 1010.2  14.2 999.0  12.2 99.0 99.00 
2024 02 18 18 20 125 10.9 14.2 99.00 99.00 99.00 999 1009.9  14.3 999.0  12.3 99.0 99.00 
2024 02 18 18 30 126 12.2 15.7 99.00 99.00 99.00 999 1009.8  14.4 999.0  12.2 99.0 99.00 
2024 02 18 18 40 128 11.9 15.6  3.69 14.81  8.22 269 1009.6  14.4 999.0  12.3 99.0 99.00 
2024 02 18 18 50 126 12.3 17.8 99.00 99.00 99.00 999 1009.4  14.4 999.0  12.2 99.0 99.00 
2024 02 18 19 00 130 12.1 17.2 99.00 99.00 99.00 999 1009.5  14.4 999.0  12.3 99.0 99.00 
2024 02 18 19 10 129 11.2 14.6  3.56 13.79  7.96 265 1009.3  14.4 999.0  12.4 99.0 99.00 
2024 02 18 19 20 131 11.0 14.1 99.00 99.00 99.00 999 1009.2  14.4 999.0  12.4 99.0 99.00 
2024 02 18 19 30 133 11.0 14.9 99.00 99.00 99.00 999 1009.1  14.4 999.0  12.3 99.0 99.00 
2024 02 18 19 40 138 11.1 14.6  3.44 13.79  7.79 279 1008.8  14.4 999.0  12.4 99.0 99.00 
2024 02 18 19 50 134 12.1 16.0 99.00 99.00 99.00 999 1008.3  14.3 999.0  12.4 99.0 99.00 
2024 02 18 20 00 135 11.8 15.9 99.00 99.00 99.00 999 1008.0  14.2 999.0  12.5 99.0 99.00 
2024 02 18 20 10 139 10.5 13.8  4.30 14.81  8.72 266 1008.1  14.1 999.0  12.5 99.0 99.00 
2024 02 18 20 20 141 10.9 14.4 99.00 99.00 99.00 999 1007.8  14.1 999.0  12.5 99.0 99.00 
2024 02 18 20 30 128 11.9 16.5 99.00 99.00 99.00 999 1007.0  14.0 999.0  12.5 99.0 99.00 
2024 02 18 20 40 133 13.3 17.7  3.63 13.79  7.74 284 1006.8  14.3 999.0  12.5 99.0 99.00 
2024 02 18 20 50 136 13.7 19.5 99.00 99.00 99.00 999 1006.6  14.4 999.0  12.7 99.0 99.00 
2024 02 18 21 00 141 14.4 19.1 99.00 99.00 99.00 999 1006.5  14.3 999.0  12.9 99.0 99.00 
2024 02 18 21 10 146 13.4 17.8  3.83 14.81  7.60 268 1006.7  14.1 999.0  13.0 99.0 99.00 
2024 02 18 21 20 143 13.9 17.9 99.00 99.00 99.00 999 1006.4  13.9 999.0  12.9 99.0 99.00 
2024 02 18 21 30 147 14.7 18.8 99.00 99.00 99.00 999 1006.2  13.9 999.0  12.9 99.0 99.00 
2024 02 18 21 40 145 14.1 18.4  3.99 14.81  7.41 276 1006.1  13.8 999.0  13.0 99.0 99.00 
2024 02 18 21 50 143 14.8 19.1 99.00 99.00 99.00 999 1006.0  13.8 999.0  13.0 99.0 99.00 
2024 02 18 22 00 147 13.5 18.4 99.00 99.00 99.00 999 1006.2  13.6 999.0  13.0 99.0 99.00 
2024 02 18 22 10 150 13.5 18.4  3.97 14.81  7.59 279 1005.9  13.6 999.0  13.1 99.0 99.00 
2024 02 18 22 20 147 14.0 17.8 99.00 99.00 99.00 999 1005.7  13.6 999.0  13.1 99.0 99.00 
2024 02 18 22 30 148 12.9 16.6 99.00 99.00 99.00 999 1005.5  13.6 999.0  13.2 99.0 99.00 
2024 02 18 22 40 147 13.3 17.4  3.95 14.81  7.41 259 1005.5  13.6 999.0  13.2 99.0 99.00 
2024 02 18 22 50 154 13.7 17.5 99.00 99.00 99.00 999 1005.8  13.8 999.0  13.4 99.0 99.00 
2024 02 18 23 00 172 12.7 16.2 99.00 99.00 99.00 999 1006.3  13.7 999.0  13.4 99.0 99.00 
2024 02 18 23 10 184 12.5 15.9  4.75 14.81  7.65 266 1006.4  13.7 999.0  13.5 99.0 99.00 
2024 02 18 23 20 191 11.6 16.0 99.00 99.00 99.00 999 1006.5  13.4 999.0  13.2 99.0 99.00 
2024 02 18 23 30 189 10.2 12.6 99.00 99.00 99.00 999 1006.4  13.3 999.0  13.1 99.0 99.00 
2024 02 18 23 40 189  8.8 11.6  4.45 14.81  7.62 266 1006.5  13.3 999.0  13.1 99.0 99.00 
2024 02 18 23 50 195  7.8 11.1 99.00 99.00 99.00 999 1006.5  13.2 999.0  13.0 99.0 99.00 
2024 02 19 00 00 195  6.9  9.0 99.00 99.00 99.00 999 1006.6  13.2 999.0  13.0 99.0 99.00 
2024 02 19 00 10 196  7.4  9.6  4.14  8.33  7.54 174 1006.6  13.0 999.0  12.7 99.0 99.00 
2024 02 19 00 20 199  7.3  9.6 99.00 99.00 99.00 999 1006.5  13.1 999.0  12.7 99.0 99.00 
2024 02 19 00 30 197  7.2  9.9 99.00 99.00 99.00 999 1006.3  13.2 999.0  12.8 99.0 99.00 
2024 02 19 00 40 187  6.9  9.7  4.44 14.81  7.82 261 1006.5  13.2 999.0  12.8 99.0 99.00 
2024 02 19 00 50 187  7.2  9.6 99.00 99.00 99.00 999 1006.0  13.2 999.0  12.7 99.0 99.00 
2024 02 19 01 00 186  7.3 10.1 99.00 99.00 99.00 999 1006.0  13.1 999.0  12.6 99.0 99.00 
2024 02 19 01 10 190  8.4 11.1  4.11 13.79  7.83 266 1006.4  13.1 999.0  12.6 99.0 99.00 
2024 02 19 01 20 190  7.6 10.0 99.00 99.00 99.00 999 1006.0  13.0 999.0  12.5 99.0 99.00 
2024 02 19 01 30 185  7.1  9.7 99.00 99.00 99.00 999 1005.8  12.9 999.0  12.3 99.0 99.00 
2024 02 19 01 40 186  7.2 10.0  4.22 14.81  8.12 272 1006.1  13.1 999.0  12.4 99.0 99.00 
2024 02 19 01 50 181  7.0  9.4 99.00 99.00 99.00 999 1005.9  13.1 999.0  12.4 99.0 99.00 
2024 02 19 02 00 184  6.6  8.7 99.00 99.00 99.00 999 1005.9  13.1 999.0  12.2 99.0 99.00 
2024 02 19 02 10 186  6.7  8.6  4.07  8.33  7.70 167 1006.1  13.2 999.0  12.4 99.0 99.00 
2024 02 19 02 20 196  7.1  9.4 99.00 99.00 99.00 999 1006.5  13.2 999.0  12.5 99.0 99.00 
2024 02 19 02 30 195  7.0  9.0 99.00 99.00 99.00 999 1006.1  13.2 999.0  12.5 99.0 99.00 
2024 02 19 02 40 193  7.1 11.4  3.84  9.09  7.90 179 1006.5  13.0 999.0  12.3 99.0 99.00 
2024 02 19 02 50 197  6.1  8.4 99.00 99.00 99.00 999 1005.8  12.9 999.0  12.0 99.0 99.00 
2024 02 19 03 00 191  5.7  8.7 99.00 99.00 99.00 999 1006.0  12.8 999.0  11.8 99.0 99.00 
2024 02 19 03 10 174  5.1  7.2  3.81  9.09  7.95 179 1006.0  12.9 999.0  11.9 99.0 99.00 
2024 02 19 03 20 168  6.5  8.9 99.00 99.00 99.00 999 1006.0  12.8 999.0  12.0 99.0 99.00 
2024 02 19 03 30 165  6.6  9.3 99.00 99.00 99.00 999 1006.0  12.6 999.0  11.9 99.0 99.00 
2024 02 19 03 40 160  6.9  8.9  3.98 14.81  8.36 259 1006.2  12.6 999.0  11.9 99.0 99.00 
2024 02 19 03 50 159  5.9  7.9 99.00 99.00 99.00 999 1006.1  12.6 999.0  11.8 99.0 99.00 
2024 02 19 04 00 143  5.7  8.0 99.00 99.00 99.00 999 1005.7  12.7 999.0  11.8 99.0 99.00 
2024 02 19 04 10 134  6.3  8.7  3.82 13.79  8.34 267 1005.7  12.8 999.0  11.9 99.0 99.00 
2024 02 19 04 20 137  5.9  8.2 99.00 99.00 99.00 999 1005.9  13.0 999.0  12.3 99.0 99.00 
2024 02 19 04 30 132  5.9  8.0 99.00 99.00 99.00 999 1005.6  12.9 999.0  12.1 99.0 99.00 
2024 02 19 04 40 116  5.6  8.1  3.31  9.09  8.03 183 1005.5  12.8 999.0  12.1 99.0 99.00 
2024 02 19 04 50 119  5.6  7.8 99.00 99.00 99.00 999 1005.3  12.8 999.0  12.2 99.0 99.00 
2024 02 19 05 00 122  6.6  9.5 99.00 99.00 99.00 999 1005.7  12.5 999.0  11.9 99.0 99.00 
2024 02 19 05 10 124  6.8  9.4  3.49 13.79  8.21 265 1006.0  12.4 999.0  11.8 99.0 99.00 
2024 02 19 05 20 126  6.6  8.6 99.00 99.00 99.00 999 1006.0  12.5 999.0  11.8 99.0 99.00 
2024 02 19 05 30 127  7.1  9.2 99.00 99.00 99.00 999 1005.9  12.5 999.0  11.8 99.0 99.00 
2024 02 19 05 40 126  6.5  8.6  3.50 14.81  8.23 272 1005.8  12.5 999.0  11.7 99.0 99.00 
2024 02 19 05 50 125  6.8  8.9 99.00 99.00 99.00 999 1005.8  12.6 999.0  11.8 99.0 99.00 
2024 02 19 06 00 130  7.6 10.8 99.00 99.00 99.00 999 1006.0  12.7 999.0  11.8 99.0 99.00 
2024 02 19 06 10 133  8.3 10.7  3.03 14.81  7.60 278 1005.7  12.8 999.0  11.7 99.0 99.00 
2024 02 19 06 20 133  8.5 10.6 99.00 99.00 99.00 999 1005.9  12.7 999.0  11.4 99.0 99.00 
2024 02 19 06 30 139  8.7 11.0 99.00 99.00 99.00 999 1005.9  12.8 999.0  11.6 99.0 99.00 
2024 02 19 06 40 141  8.2 10.3  3.28  8.33  7.75 180 1005.8  12.9 999.0  11.9 99.0 99.00 
2024 02 19 06 50 141  8.8 10.9 99.00 99.00 99.00 999 1005.8  12.9 999.0  12.0 99.0 99.00 
2024 02 19 07 00 140  8.8 11.8 99.00 99.00 99.00 999 1005.5  12.9 999.0  12.1 99.0 99.00 
2024 02 19 07 10 135  9.0 11.3  3.12 14.81  7.64 271 1005.5  12.9 999.0  12.2 99.0 99.00 
2024 02 19 07 20 138  8.9 10.8 99.00 99.00 99.00 999 1005.4  12.8 999.0  12.1 99.0 99.00 
2024 02 19 07 30 138  8.8 10.9 99.00 99.00 99.00 999 1005.5  12.9 999.0  12.1 99.0 99.00 
2024 02 19 07 40 138  8.4 10.7  3.05 14.81  7.63 266 1005.5  12.9 999.0  12.2 99.0 99.00 
2024 02 19 07 50 137  7.9 10.3 99.00 99.00 99.00 999 1005.3  13.0 999.0  12.3 99.0 99.00 
2024 02 19 08 00 135  8.2 10.2 99.00 99.00 99.00 999 1005.1  13.0 999.0  12.3 99.0 99.00 
2024 02 19 08 10 136  8.7 11.0  3.11 14.81  7.82 266 1004.8  13.0 999.0  12.4 99.0 99.00 
2024 02 19 08 20 128  9.6 12.9 99.00 99.00 99.00 999 1004.0  13.1 999.0  12.6 99.0 99.00 
2024 02 19 08 30 135 10.0 13.1 99.00 99.00 99.00 999 1004.3  13.2 999.0  12.7 99.0 99.00 
2024 02 19 08 40 142  9.8 12.3  2.79  8.33  7.06 174 1004.2  13.3 999.0  12.7 99.0 99.00 
2024 02 19 08 50 146  9.5 11.6 99.00 99.00 99.00 999 1004.1  13.4 999.0  12.8 99.0 99.00 
2024 02 19 09 00 150  9.1 11.2 99.00 99.00 99.00 999 1004.0  13.5 999.0  12.8 99.0 99.00 
2024 02 19 09 10 155  8.8 11.9  2.90 14.81  7.53 273 1004.1  13.5 999.0  12.7 99.0 99.00 
2024 02 19 09 20 156  9.0 11.6 99.00 99.00 99.00 999 1004.1  13.6 999.0  12.8 99.0 99.00 
2024 02 19 09 30 157  8.7 10.9 99.00 99.00 99.00 999 1004.1  13.6 999.0  12.8 99.0 99.00 
2024 02 19 09 40 158  8.9 11.3  2.91 13.79  7.46 269 1004.0  13.6 999.0  12.8 99.0 99.00 
2024 02 19 09 50 156  9.5 11.5 99.00 99.00 99.00 999 1004.0  13.7 999.0  12.9 99.0 99.00 
2024 02 19 10 00 156  9.4 11.7 99.00 99.00 99.00 999 1004.1  13.7 999.0  12.9 99.0 99.00 
2024 02 19 10 10 154  9.1 11.3  2.82 12.90  7.10 276 1003.9  13.6 999.0  12.8 99.0 99.00 
2024 02 19 10 20 153  9.2 12.0 99.00 99.00 99.00 999 1004.0  13.6 999.0  12.9 99.0 99.00 
2024 02 19 10 30 152  9.3 12.2 99.00 99.00 99.00 999 1003.9  13.6 999.0  12.9 99.0 99.00 
2024 02 19 10 40 153  9.4 11.7  2.74 14.81  6.90 251 1004.1  13.6 999.0  12.9 99.0 99.00 
2024 02 19 10 50 151  9.1 11.2 99.00 99.00 99.00 999 1004.2  13.6 999.0  12.9 99.0 99.00 
2024 02 19 11 00 152  8.9 11.1 99.00 99.00 99.00 999 1004.0  13.5 999.0  12.8 99.0 99.00 
2024 02 19 11 10 153  8.8 11.2  2.96 13.79  7.13 272 1004.0  13.5 999.0  12.6 99.0 99.00 
2024 02 19 11 20 162 10.4 12.7 99.00 99.00 99.00 999 1004.1  13.3 999.0  11.9 99.0 99.00 
2024 02 19 11 30 170 10.0 12.1 99.00 99.00 99.00 999 1004.0  13.4 999.0  11.6 99.0 99.00 
2024 02 19 11 40 166  9.5 12.5  3.04 13.79  7.08 269 1004.1  13.5 999.0  11.8 99.0 99.00 
2024 02 19 11 50 166 10.0 12.3 99.00 99.00 99.00 999 1004.0  13.6 999.0  11.8 99.0 99.00 
2024 02 19 12 00 169  9.9 13.3 99.00 99.00 99.00 999 1003.9  13.6 999.0  11.8 99.0 99.00 
2024 02 19 12 10 168 10.5 13.4  2.98 13.79  7.08 251 1003.7  13.7 999.0  11.9 99.0 99.00 
2024 02 19 12 20 164 10.6 13.2 99.00 99.00 99.00 999 1003.8  13.7 999.0  12.0 99.0 99.00 
2024 02 19 12 30 165 10.8 13.6 99.00 99.00 99.00 999 1003.8  13.7 999.0  12.1 99.0 99.00 
2024 02 19 12 40 163 10.9 13.8  3.01 13.79  7.23 266 1003.9  13.7 999.0  12.2 99.0 99.00 
2024 02 19 12 50 162 10.8 13.3 99.00 99.00 99.00 999 1003.9  13.7 999.0  12.3 99.0 99.00 
2024 02 19 13 00 159 10.8 13.6 99.00 99.00 99.00 999 1003.8  13.7 999.0  12.4 99.0 99.00 
2024 02 19 13 10 160 11.5 15.3  3.06 16.00  7.02 229 1003.8  13.7 999.0  12.4 99.0 99.00 
2024 02 19 13 20 158 11.5 14.4 99.00 99.00 99.00 999 1003.9  13.7 999.0  12.5 99.0 99.00 
2024 02 19 13 30 160 11.4 16.0 99.00 99.00 99.00 999 1003.7  13.6 999.0  12.5 99.0 99.00 
2024 02 19 13 40 157 12.0 15.8  3.10 14.81  7.12 233 1003.6  13.7 999.0  12.6 99.0 99.00 
2024 02 19 13 50 156 12.6 16.3 99.00 99.00 99.00 999 1003.5  13.7 999.0  12.6 99.0 99.00 
2024 02 19 14 00 157 12.6 15.9 99.00 99.00 99.00 999 1003.6  13.8 999.0  12.8 99.0 99.00 
2024 02 19 14 10 156 12.6 16.0  3.34 14.81  7.13 239 1003.6  13.8 999.0  12.8 99.0 99.00 
2024 02 19 14 20 157 13.0 16.9 99.00 99.00 99.00 999 1003.5  13.7 999.0  12.9 99.0 99.00 
2024 02 19 14 30 154 12.7 16.3 99.00 99.00 99.00 999 1003.1  13.7 999.0  12.8 99.0 99.00 
2024 02 19 14 40 152 13.8 17.1  3.71 14.81  7.51 242 1003.2  13.9 999.0  12.8 99.0 99.00 
2024 02 19 14 50 155 14.4 18.4 99.00 99.00 99.00 999 1003.0  13.9 999.0  12.7 99.0 99.00 
2024 02 19 15 00 153 15.0 18.6 99.00 99.00 99.00 999 1003.2  14.0 999.0  12.8 99.0 99.00 
2024 02 19 15 10 158 14.4 17.9  3.91 14.81  7.14 241 1003.6  13.9 999.0  12.9 99.0 99.00 
2024 02 19 15 20 159 14.5 18.8 99.00 99.00 99.00 999 1003.5  13.7 999.0  12.9 99.0 99.00 
2024 02 19 15 30 161 14.2 19.3 99.00 99.00 99.00 999 1003.8  13.9 999.0  12.9 99.0 99.00 
2024 02 19 15 40 168 13.4 17.8  4.05 14.81  7.51 241 1004.0  13.9 999.0  12.8 99.0 99.00 
2024 02 19 15 50 171 12.0 15.4 99.00 99.00 99.00 999 1004.1  13.7 999.0  12.8 99.0 99.00 
2024 02 19 16 00 177 12.6 16.2 99.00 99.00 99.00 999 1004.3  13.8 999.0  12.8 99.0 99.00 
2024 02 19 16 10 177 13.2 17.2  4.65 14.81  8.37 238 1004.4  14.0 999.0  12.8 99.0 99.00 
2024 02 19 16 20 172 13.5 17.7 99.00 99.00 99.00 999 1004.5  14.2 999.0  12.9 99.0 99.00 
2024 02 19 16 30 171 13.0 16.2 99.00 99.00 99.00 999 1004.6  14.1 999.0  12.9 99.0 99.00 
2024 02 19 16 40 169 12.8 15.9  5.12 13.79  8.52 240 1004.8  14.1 999.0  12.9 99.0 99.00 
2024 02 19 16 50 169 11.6 15.1 99.00 99.00 99.00 999 1005.1  14.0 999.0  13.0 99.0 99.00 
2024 02 19 17 00 175 11.5 15.5 99.00 99.00 99.00 999 1005.2  14.0 999.0  13.0 99.0 99.00 
2024 02 19 17 10 174 12.0 15.1  5.08 14.81  8.43 255 1005.3  14.1 999.0  12.9 99.0 99.00 
2024 02 19 17 20 179 11.9 15.1 99.00 99.00 99.00 999 1005.4  14.2 999.0  13.0 99.0 99.00 
2024 02 19 17 30 176 12.2 15.5 99.00 99.00 99.00 999 1005.5  14.3 999.0  13.1 99.0 99.00 
2024 02 19 17 40 174 12.5 16.4  5.05 12.90  8.38 256 1005.6  14.3 999.0  13.1 99.0 99.00 
2024 02 19 17 50 173 12.6 15.7 99.00 99.00 99.00 999 1005.7  14.3 999.0  13.1 99.0 99.00 
2024 02 19 18 00 174 11.9 14.8 99.00 99.00 99.00 999 1005.8  14.2 999.0  13.1 99.0 99.00 
2024 02 19 18 10 174 12.5 15.2  5.81 14.81  9.05 251 1006.0  14.2 999.0  13.1 99.0 99.00 
2024 02 19 18 20 171 12.3 15.4 99.00 99.00 99.00 999 1006.2  14.2 999.0  13.2 99.0 99.00 
2024 02 19 18 30 174 12.6 16.1 99.00 99.00 99.00 999 1006.4  14.2 999.0  13.0 99.0 99.00 
2024 02 19 18 40 180 12.0 14.8  5.65 14.81  9.21 250 1006.5  14.2 999.0  13.1 99.0 99.00 
2024 02 19 18 50 183 12.3 15.2 99.00 99.00 99.00 999 1006.6  14.1 999.0  13.1 99.0 99.00 
2024 02 19 19 00 186 12.3 15.2 99.00 99.00 99.00 999 1006.8  14.1 999.0  13.0 99.0 99.00 
2024 02 19 19 10 185 12.1 15.9  5.85 14.81  9.23 238 1007.0  13.9 999.0  12.1 99.0 99.00 
2024 02 19 19 20 181 12.8 16.3 99.00 99.00 99.00 999 1007.2  14.5 999.0  12.9 99.0 99.00 
2024 02 19 19 30 177 12.2 16.5 99.00 99.00 99.00 999 1007.2  14.4 999.0  13.1 99.0 99.00 
2024 02 19 19 40 178 12.4 16.1  5.72 13.79  8.90 244 1007.2  14.4 999.0  13.1 99.0 99.00 
2024 02 19 19 50 177 11.7 15.4 99.00 99.00 99.00 999 1007.3  14.4 999.0  13.1 99.0 99.00 
2024 02 19 20 00 175 11.6 14.3 99.00 99.00 99.00 999 1007.3  14.4 999.0  13.1 99.0 99.00 
2024 02 19 20 10 178 11.1 14.3  5.52 14.81  9.08 246 1007.3  14.4 999.0  13.2 99.0 99.00 
2024 02 19 20 20 176 11.5 14.6 99.00 99.00 99.00 999 1007.3  14.4 999.0  13.1 99.0 99.00 
2024 02 19 20 30 174 11.6 15.5 99.00 99.00 99.00 999 1007.3  14.4 999.0  13.1 99.0 99.00 
2024 02 19 20 40 173 11.5 14.4  5.86 16.00  9.19 248 1007.3  14.3 999.0  13.1 99.0 99.00 
2024 02 19 20 50 174 11.5 14.5 99.00 99.00 99.00 999 1007.4  14.1 999.0  12.9 99.0 99.00 
2024 02 19 21 00 174 10.9 13.7 99.00 99.00 99.00 999 1007.4  13.9 999.0  12.7 99.0 99.00 
2024 02 19 21 10 176 11.5 14.2  5.65 12.90  9.09 252 1007.5  14.0 999.0  12.9 99.0 99.00 
2024 02 19 21 20 177 11.5 14.1 99.00 99.00 99.00 999 1007.5  14.0 999.0  12.9 99.0 99.00 
2024 02 19 21 30 179 10.6 13.9 99.00 99.00 99.00 999 1007.6  14.0 999.0  12.6 99.0 99.00 
2024 02 19 21 40 179 11.1 14.3  5.31 16.00  9.06 246 1007.7  14.3 999.0  12.9 99.0 99.00 
2024 02 19 21 50 176 10.8 14.1 99.00 99.00 99.00 999 1007.8  14.3 999.0  13.1 99.0 99.00 
2024 02 19 22 00 178 10.8 14.1 99.00 99.00 99.00 999 1007.8  14.3 999.0  13.1 99.0 99.00 
2024 02 19 22 10 177 10.9 13.9  5.47 13.79  8.90 246 1007.9  14.3 999.0  13.1 99.0 99.00 
2024 02 19 22 20 175 11.0 13.9 99.00 99.00 99.00 999 1007.9  14.2 999.0  13.1 99.0 99.00 
2024 02 19 22 30 176 11.4 14.8 99.00 99.00 99.00 999 1007.9  14.2 999.0  13.0 99.0 99.00 
2024 02 19 22 40 176 11.2 14.4  5.18 14.81  8.40 241 1008.0  14.2 999.0  12.9 99.0 99.00 
2024 02 19 22 50 173 11.2 14.7 99.00 99.00 99.00 999 1008.1  14.3 999.0  13.0 99.0 99.00 
2024 02 19 23 00 172 11.1 14.5 99.00 99.00 99.00 999 1008.2  14.2 999.0  13.0 99.0 99.00 
2024 02 19 23 10 173 10.9 14.2  4.84 13.79  8.31 246 1008.3  14.3 999.0  13.0 99.0 99.00 
2024 02 19 23 20 175 10.3 13.6 99.00 99.00 99.00 999 1008.5  14.3 999.0  12.9 99.0 99.00 
2024 02 19 23 30 176 10.5 12.7 99.00 99.00 99.00 999 1008.5  14.4 999.0  12.9 99.0 99.00 
2024 02 19 23 40 175 10.6 13.7  5.03 14.81  8.40 266 1008.6  14.4 999.0  12.8 99.0 99.00 
2024 02 19 23 50 174  9.9 12.3 99.00 99.00 99.00 999 1008.7  14.4 999.0  12.9 99.0 99.00 
2024 02 20 00 00 171  9.9 12.7 99.00 99.00 99.00 999 1008.8  14.3 999.0  12.8 99.0 99.00 
2024 02 20 00 10 170 10.3 13.2  4.86 13.79  8.58 243 1008.8  14.3 999.0  12.8 99.0 99.00 
2024 02 20 00 20 173 10.8 13.3 99.00 99.00 99.00 999 1008.9  14.3 999.0  12.8 99.0 99.00 
2024 02 20 00 30 175 11.3 14.4 99.00 99.00 99.00 999 1008.9  14.4 999.0  12.9 99.0 99.00 
2024 02 20 00 40 175 10.5 13.7  4.89 14.81  8.68 249 1009.0  14.3 999.0  12.8 99.0 99.00 
2024 02 20 00 50 173  9.4 12.1 99.00 99.00 99.00 999 1009.1  14.2 999.0  13.0 99.0 99.00 
2024 02 20 01 00 168 10.4 13.3 99.00 99.00 99.00 999 1009.1  14.2 999.0  12.9 99.0 99.00 
2024 02 20 01 10 169 11.0 13.7  4.64 14.81  8.49 238 1009.2  14.2 999.0  12.9 99.0 99.00 
2024 02 20 01 20 173 12.0 15.3 99.00 99.00 99.00 999 1009.4  14.2 999.0  12.8 99.0 99.00 
2024 02 20 01 30 176 11.8 14.8 99.00 99.00 99.00 999 1009.6  14.2 999.0  12.7 99.0 99.00 
2024 02 20 01 40 177 11.8 14.3  4.59 14.81  8.14 251 1009.8  14.2 999.0  12.7 99.0 99.00 
2024 02 20 01 50 180 11.5 14.8 99.00 99.00 99.00 999 1009.9  14.2 999.0  12.7 99.0 99.00 
2024 02 20 02 00 180 10.8 13.5 99.00 99.00 99.00 999 1010.0  14.2 999.0  12.7 99.0 99.00 
2024 02 20 02 10 182 10.1 12.8  4.83 14.81  8.36 237 1010.1  14.2 999.0  12.8 99.0 99.00 
2024 02 20 02 20 185  8.8 12.8 99.00 99.00 99.00 999 1010.1  13.9 999.0  12.8 99.0 99.00 
2024 02 20 02 30 173  9.8 12.6 99.00 99.00 99.00 999 1010.1  14.1 999.0  12.9 99.0 99.00 
2024 02 20 02 40 172 10.6 13.3  4.70 14.81  8.40 234 1010.2  14.1 999.0  12.9 99.0 99.00 
2024 02 20 02 50 174 10.2 14.2 99.00 99.00 99.00 999 1010.4  14.1 999.0  12.9 99.0 99.00 
2024 02 20 03 00 177 10.1 12.7 99.00 99.00 99.00 999 1010.7  14.1 999.0  12.7 99.0 99.00 
2024 02 20 03 10 180 10.8 15.0  4.36 16.00  8.27 230 1010.8  14.1 999.0  12.7 99.0 99.00 
2024 02 20 03 20 182  9.9 12.9 99.00 99.00 99.00 999 1010.9  13.9 999.0  12.8 99.0 99.00 
2024 02 20 03 30 177 10.2 14.6 99.00 99.00 99.00 999 1010.8  13.9 999.0  12.8 99.0 99.00 
2024 02 20 03 40 185 12.0 16.0  4.44 16.00  8.50 229 1011.1  14.0 999.0  12.8 99.0 99.00 
2024 02 20 03 50 191 11.7 16.2 99.00 99.00 99.00 999 1011.1  13.6 999.0  12.5 99.0 99.00 
2024 02 20 04 00 182 10.7 13.5 99.00 99.00 99.00 999 1011.2  13.5 999.0  12.6 99.0 99.00 
2024 02 20 04 10 191  9.1 12.2  4.47 16.00  8.36 244 1011.5  13.5 999.0  12.7 99.0 99.00 
2024 02 20 04 20 194 10.4 12.6 99.00 99.00 99.00 999 1011.8  13.4 999.0  12.3 99.0 99.00 
2024 02 20 04 30 191  9.7 12.0 99.00 99.00 99.00 999 1012.0  13.4 999.0  12.1 99.0 99.00 
2024 02 20 04 40 188  9.4 12.2  5.12 16.00  9.33 236 1012.1  13.4 999.0  12.2 99.0 99.00 
2024 02 20 04 50 187  9.2 11.7 99.00 99.00 99.00 999 1012.4  13.6 999.0  12.4 99.0 99.00 
2024 02 20 05 00 191  9.2 13.1 99.00 99.00 99.00 999 1012.6  13.7 999.0  12.5 99.0 99.00 
2024 02 20 05 10 194  9.1 11.2  4.14 14.81  8.40 236 1012.7  13.9 999.0  12.8 99.0 99.00 
2024 02 20 05 20 198  9.2 11.4 99.00 99.00 99.00 999 1012.7  13.7 999.0  12.3 99.0 99.00 
2024 02 20 05 30 196  8.5 11.0 99.00 99.00 99.00 999 1012.8  14.0 999.0  12.8 99.0 99.00 
2024 02 20 05 40 191  8.3 11.6  4.52 13.79  8.74 247 1012.9  13.9 999.0  12.9 99.0 99.00 
2024 02 20 05 50 196  8.9 11.2 99.00 99.00 99.00 999 1013.1  13.8 999.0  12.8 99.0 99.00 
2024 02 20 06 00 195  8.6 11.0 99.00 99.00 99.00 999 1013.2  13.9 999.0  12.9 99.0 99.00 
2024 02 20 06 10 196  8.6 11.1  4.98 12.90  8.96 241 1013.3  13.8 999.0  12.8 99.0 99.00 
2024 02 20 06 20 198  8.6 11.4 99.00 99.00 99.00 999 1013.5  13.8 999.0  12.7 99.0 99.00 
2024 02 20 06 30 202  8.8 11.6 99.00 99.00 99.00 999 1013.5  13.7 999.0  12.5 99.0 99.00 
2024 02 20 06 40 198  8.6 10.7  4.47 14.81  8.95 239 1013.7  13.8 999.0  12.4 99.0 99.00 
2024 02 20 06 50 189  8.2 11.1 99.00 99.00 99.00 999 1013.7  13.9 999.0  12.6 99.0 99.00 
2024 02 20 07 00 186  7.7 10.5 99.00 99.00 99.00 999 1013.8  13.8 999.0  12.6 99.0 99.00 
2024 02 20 07 10 186  7.7 10.5  4.03 13.79  8.54 246 1013.7  13.7 999.0  12.5 99.0 99.00 
2024 02 20 07 20 183  7.4 10.2 99.00 99.00 99.00 999 1013.8  13.7 999.0  12.6 99.0 99.00 
2024 02 20 07 30 181  7.6  9.8 99.00 99.00 99.00 999 1013.9  13.7 999.0  12.7 99.0 99.00 
2024 02 20 07 40 181  7.5  9.5  4.38 14.81  8.64 249 1014.0  13.7 999.0  12.7 99.0 99.00 
2024 02 20 07 50 183  7.8 10.2 99.00 99.00 99.00 999 1014.0  13.7 999.0  12.8 99.0 99.00 
2024 02 20 08 00 183  7.6  9.9 99.00 99.00 99.00 999 1014.1  13.7 999.0  12.7 99.0 99.00 
2024 02 20 08 10 184  7.0  9.1  4.67 14.81  9.21 246 1014.3  13.7 999.0  12.8 99.0 99.00 
2024 02 20 08 20 186  7.1  9.3 99.00 99.00 99.00 999 1014.3  13.7 999.0  12.7 99.0 99.00 
2024 02 20 08 30 186  7.2  9.9 99.00 99.00 99.00 999 1014.3  13.7 999.0  12.7 99.0 99.00 
2024 02 20 08 40 189  7.4  9.6  4.16 14.81  8.72 241 1014.4  13.7 999.0  12.7 99.0 99.00 
2024 02 20 08 50 191  7.8  9.9 99.00 99.00 99.00 999 1014.4  13.7 999.0  12.7 99.0 99.00 
2024 02 20 09 00 195  7.5 10.1 99.00 99.00 99.00 999 1014.5  13.7 999.0  12.7 99.0 99.00 
2024 02 20 09 10 195  7.5  9.8  4.36 14.81  9.10 246 1014.5  13.7 999.0  12.7 99.0 99.00 
2024 02 20 09 20 197  7.3  9.6 99.00 99.00 99.00 999 1014.5  13.6 999.0  12.7 99.0 99.00 
2024 02 20 09 30 194  6.9  9.0 99.00 99.00 99.00 999 1014.5  13.6 999.0  12.8 99.0 99.00 
2024 02 20 09 40 191  6.6  8.6  3.93 12.90  8.80 251 1014.6  13.6 999.0  12.9 99.0 99.00 
2024 02 20 09 50 191  6.7  8.7 99.00 99.00 99.00 999 1014.6  13.6 999.0  12.9 99.0 99.00 
2024 02 20 10 00 189  6.8  9.1 99.00 99.00 99.00 999 1014.6  13.5 999.0  12.8 99.0 99.00 
2024 02 20 10 10 194  6.9  8.6  4.47 13.79  9.33 251 1014.5  13.5 999.0  12.8 99.0 99.00 
2024 02 20 10 20 195  6.9  8.9 99.00 99.00 99.00 999 1014.4  13.5 999.0  12.8 99.0 99.00 
2024 02 20 10 30 194  6.8  8.6 99.00 99.00 99.00 999 1014.4  13.5 999.0  12.8 99.0 99.00 
2024 02 20 10 40 191  6.7  8.9  4.47 13.79  9.11 258 1014.3  13.5 999.0  12.8 99.0 99.00 
2024 02 20 10 50 192  6.9  8.5 99.00 99.00 99.00 999 1014.4  13.4 999.0  12.7 99.0 99.00 
2024 02 20 11 00 191  6.9  9.4 99.00 99.00 99.00 999 1014.4  13.5 999.0  12.7 99.0 99.00 
2024 02 20 11 10 190  6.8  8.9  3.89 12.90  8.56 255 1014.5  13.5 999.0  12.7 99.0 99.00 
2024 02 20 11 20 188  6.8  8.9 99.00 99.00 99.00 999 1014.5  13.5 999.0  12.7 99.0 99.00 
2024 02 20 11 30 187  6.7  8.6 99.00 99.00 99.00 999 1014.5  13.5 999.0  12.8 99.0 99.00 
2024 02 20 11 40 189  6.3  8.2  4.07 13.79  8.53 245 1014.5  13.5 999.0  12.8 99.0 99.00 
2024 02 20 11 50 188  5.9  7.4 99.00 99.00 99.00 999 1014.4  13.5 999.0  12.8 99.0 99.00 
2024 02 20 12 00 188  6.0  8.0 99.00 99.00 99.00 999 1014.5  13.5 999.0  12.8 99.0 99.00 
2024 02 20 12 10 187  6.0  7.4  3.97 13.79  8.66 253 1014.6  13.4 999.0  12.7 99.0 99.00 
2024 02 20 12 20 186  5.5  6.9 99.00 99.00 99.00 999 1014.6  13.4 999.0  12.7 99.0 99.00 
2024 02 20 12 30 187  5.5  7.3 99.00 99.00 99.00 999 1014.7  13.4 999.0  12.7 99.0 99.00 
2024 02 20 12 40 187  5.3  7.1  4.33 12.12  8.63 258 1014.8  13.4 999.0  12.7 99.0 99.00 
2024 02 20 12 50 182  5.1  6.8 99.00 99.00 99.00 999 1014.8  13.5 999.0  12.8 99.0 99.00 
2024 02 20 13 00 177  5.1  6.7 99.00 99.00 99.00 999 1014.8  13.5 999.0  12.8 99.0 99.00 
2024 02 20 13 10 175  5.4  6.9  4.17 11.43  8.78 255 1014.8  13.5 999.0  12.8 99.0 99.00 
2024 02 20 13 20 174  5.2  6.8 99.00 99.00 99.00 999 1014.7  13.4 999.0  12.7 99.0 99.00 
2024 02 20 13 30 171  5.2  6.9 99.00 99.00 99.00 999 1014.9  13.5 999.0  12.8 99.0 99.00 
2024 02 20 13 40 168  5.1  6.6  4.07 12.90  8.74 256 1014.8  13.5 999.0  12.8 99.0 99.00 
2024 02 20 13 50 166  5.2  6.8 99.00 99.00 99.00 999 1015.0  13.5 999.0  12.8 99.0 99.00 
2024 02 20 14 00 170  5.1  6.9 99.00 99.00 99.00 999 1015.1  13.5 999.0  12.8 99.0 99.00 
2024 02 20 14 10 165  5.1  6.7  4.00 12.12  8.51 271 1015.1  13.5 999.0  12.8 99.0 99.00 
2024 02 20 14 20 167  5.1  6.6 99.00 99.00 99.00 999 1015.0  13.5 999.0  12.8 99.0 99.00 
2024 02 20 14 30 168  5.2  6.9 99.00 99.00 99.00 999 1015.1  13.5 999.0  12.8 99.0 99.00 
2024 02 20 14 40 169  5.3  7.0  4.04 12.12  8.69 258 1015.2  13.5 999.0  12.8 99.0 99.00 
2024 02 20 14 50 167  5.0  6.6 99.00 99.00 99.00 999 1015.2  13.5 999.0  12.8 99.0 99.00 
2024 02 20 15 00 163  4.9  6.4 99.00 99.00 99.00 999 1015.3  13.5 999.0  12.8 99.0 99.00 
2024 02 20 15 10 159  5.4  7.1  3.58 13.79  8.18 254 1015.4  13.5 999.0  12.8 99.0 99.00 
2024 02 20 15 20 154  5.4  6.9 99.00 99.00 99.00 999 1015.5  13.6 999.0  12.9 99.0 99.00 
2024 02 20 15 30 156  5.8  7.7 99.00 99.00 99.00 999 1015.6  13.6 999.0  12.9 99.0 99.00 
2024 02 20 15 40 157  5.9  7.6  3.73 11.43  8.58 271 1015.8  13.6 999.0  13.0 99.0 99.00 
2024 02 20 15 50 158  6.0  8.1 99.00 99.00 99.00 999 1015.9  13.6 999.0  13.1 99.0 99.00 
2024 02 20 16 00 157  5.9  7.7 99.00 99.00 99.00 999 1016.0  13.6 999.0  13.1 99.0 99.00 
2024 02 20 16 10 160  5.8  8.0  4.05 11.43  8.95 262 1016.1  13.6 999.0  13.1 99.0 99.00 
2024 02 20 16 20 161  5.8  7.7 99.00 99.00 99.00 999 1016.2  13.6 999.0  13.2 99.0 99.00 
2024 02 20 16 30 165  5.3  6.8 99.00 99.00 99.00 999 1016.2  13.6 999.0  13.2 99.0 99.00 
2024 02 20 16 40 168  5.0  6.8  3.88 12.12  8.98 264 1016.2  13.6 999.0  13.2 99.0 99.00 
2024 02 20 16 50 172  4.7  6.7 99.00 99.00 99.00 999 1016.2  13.5 999.0  13.1 99.0 99.00 
2024 02 20 17 00 167  4.6  6.8 99.00 99.00 99.00 999 1016.3  13.4 999.0  12.8 99.0 99.00 
2024 02 20 17 10 173  6.8 11.6  3.66 12.90  8.51 274 1016.6  12.9 999.0  12.1 99.0 99.00 
2024 02 20 17 20 162  5.6  9.0 99.00 99.00 99.00 999 1016.5  11.7 999.0  10.2 99.0 99.00 
2024 02 20 17 30 170  3.4  5.0 99.00 99.00 99.00 999 1016.6  11.8 999.0  10.4 99.0 99.00 
2024 02 20 17 40 185  4.5  6.4  4.14 12.12  8.89 263 1016.6  12.5 999.0  10.7 99.0 99.00 
2024 02 20 17 50 189  5.5  7.4 99.00 99.00 99.00 999 1016.8  12.8 999.0  10.7 99.0 99.00 
2024 02 20 18 00 192  5.7  7.8 99.00 99.00 99.00 999 1016.9  13.1 999.0  11.1 99.0 99.00 
2024 02 20 18 10 208  6.3  8.2  3.81 12.12  8.63 272 1016.9  13.3 999.0  11.5 99.0 99.00 
2024 02 20 18 20 209  6.5  9.1 99.00 99.00 99.00 999 1017.1  13.2 999.0  11.9 99.0 99.00 
2024 02 20 18 30 202  7.2  9.0 99.00 99.00 99.00 999 1017.2  12.9 999.0  11.4 99.0 99.00 
2024 02 20 18 40 202  7.5  9.2  3.47 12.12  8.33 263 1017.2  12.8 999.0  11.4 99.0 99.00 
2024 02 20 18 50 211  7.1  9.6 99.00 99.00 99.00 999 1017.0  12.7 999.0  11.5 99.0 99.00 
2024 02 20 19 00 222  5.2  7.1 99.00 99.00 99.00 999 1016.8  12.4 999.0  11.2 99.0 99.00 
2024 02 20 19 10 227  4.4  6.5  3.54 10.81  8.48 267 1016.6  12.3 999.0  10.8 99.0 99.00 
2024 02 20 19 20 215  3.7  5.6 99.00 99.00 99.00 999 1016.7  12.5 999.0  10.9 99.0 99.00 
2024 02 20 19 30 213  3.6  5.4 99.00 99.00 99.00 999 1016.8  12.6 999.0  11.0 99.0 99.00 
2024 02 20 19 40 212  3.5  5.4  3.59 13.79  8.42 259 1016.9  12.7 999.0  11.1 99.0 99.00 
2024 02 20 19 50 185  3.0  4.5 99.00 99.00 99.00 999 1016.8  12.7 999.0  11.0 99.0 99.00 
2024 02 20 20 00 164  2.8  4.1 99.00 99.00 99.00 999 1016.8  12.7 999.0  11.1 99.0 99.00 
2024 02 20 20 10 157  2.9  4.4  4.05 13.79  9.10 264 1016.8  12.7 999.0  10.9 99.0 99.00 
2024 02 20 20 20 141  3.0  4.7 99.00 99.00 99.00 999 1016.7  12.8 999.0  11.1 99.0 99.00 
2024 02 20 20 30 137  3.2  5.9 99.00 99.00 99.00 999 1016.7  12.8 999.0  11.2 99.0 99.00 
2024 02 20 20 40 132  3.4  5.7  3.55 13.79  8.95 275 1016.6  12.8 999.0  11.2 99.0 99.00 
2024 02 20 20 50 131  3.5  5.7 99.00 99.00 99.00 999 1016.5  12.8 999.0  11.2 99.0 99.00 
2024 02 20 21 00 131  3.9  5.9 99.00 99.00 99.00 999 1016.5  12.8 999.0  11.1 99.0 99.00 
2024 02 20 21 10 130  4.0  6.3  3.89 13.79  9.28 275 1016.4  12.8 999.0  11.1 99.0 99.00 
2024 02 20 21 20 117  4.4  6.6 99.00 99.00 99.00 999 1016.2  12.8 999.0  11.5 99.0 99.00 
2024 02 20 21 30 114  4.7  7.0 99.00 99.00 99.00 999 1016.2  12.7 999.0  11.7 99.0 99.00 
2024 02 20 21 40 119  4.8  7.7  3.38 12.12  8.78 278 1016.3  12.6 999.0  11.6 99.0 99.00 
2024 02 20 21 50 117  4.6  6.8 99.00 99.00 99.00 999 1016.2  12.7 999.0  11.7 99.0 99.00 
2024 02 20 22 00 121  4.4  6.8 99.00 99.00 99.00 999 1016.2  12.7 999.0  11.8 99.0 99.00 
2024 02 20 22 10 121  4.7  7.1  3.42 13.79  8.91 265 1016.1  12.7 999.0  11.7 99.0 99.00 
2024 02 20 22 20 124  5.2  7.2 99.00 99.00 99.00 999 1016.3  12.7 999.0  11.7 99.0 99.00 
2024 02 20 22 30 125  5.5  7.7 99.00 99.00 99.00 999 1016.3  12.7 999.0  11.7 99.0 99.00 
2024 02 20 22 40 131  5.7  8.0  3.49 13.79  8.89 264 1016.3  12.6 999.0  11.7 99.0 99.00 
2024 02 20 22 50 134  6.0  9.2 99.00 99.00 99.00 999 1016.3  12.4 999.0  11.6 99.0 99.00 
2024 02 20 23 00 132  6.1  8.2 99.00 99.00 99.00 999 1016.3  12.3 999.0  11.5 99.0 99.00 
2024 02 20 23 10 137  5.1  7.4  3.38 13.79  8.67 264 1016.3  12.2 999.0  11.4 99.0 99.00 
2024 02 20 23 20 133  5.6  8.0 99.00 99.00 99.00 999 1016.3  12.1 999.0  11.4 99.0 99.00 
2024 02 20 23 30 133  6.2  8.4 99.00 99.00 99.00 999 1016.1  11.9 999.0  11.3 99.0 99.00 
2024 02 20 23 40 142  7.5  9.8  3.39 12.90  8.64 270 1016.2  12.0 999.0  11.3 99.0 99.00 
2024 02 20 23 50 134  7.1  9.6 99.00 99.00 99.00 999 1016.2  11.9 999.0  11.4 99.0 99.00 
2024 02 21 00 00 122  7.2 10.8 99.00 99.00 99.00 999 1016.0  11.8 999.0  11.4 99.0 99.00 
2024 02 21 00 10 132  7.3 10.6  3.77 12.90  9.11 267 1016.0  11.8 999.0  11.4 99.0 99.00 
2024 02 21 00 20 135  7.7 10.1 99.00 99.00 99.00 999 1015.9  11.7 999.0  11.3 99.0 99.00 
2024 02 21 00 30 133  7.8 10.0 99.00 99.00 99.00 999 1015.9  11.6 999.0  11.1 99.0 99.00 
2024 02 21 00 40 132  6.8  9.7  3.42 12.12  8.29 259 1016.0  11.7 999.0  11.2 99.0 99.00 
2024 02 21 00 50 131  6.4  9.0 99.00 99.00 99.00 999 1016.1  11.7 999.0  11.2 99.0 99.00 
2024 02 21 01 00 129  6.5  9.4 99.00 99.00 99.00 999 1016.0  11.8 999.0  11.3 99.0 99.00 
2024 02 21 01 10 127  6.3  9.2  3.38 12.90  8.46 269 1016.1  11.7 999.0  11.1 99.0 99.00 
2024 02 21 01 20 135  6.2  8.2 99.00 99.00 99.00 999 1016.2  11.7 999.0  11.1 99.0 99.00 
2024 02 21 01 30 139  6.0  8.0 99.00 99.00 99.00 999 1016.2  11.6 999.0  11.0 99.0 99.00 
2024 02 21 01 40 141  5.5  7.2  2.94 12.90  7.90 277 1016.2  11.6 999.0  11.1 99.0 99.00 
2024 02 21 01 50 144  5.2  7.7 99.00 99.00 99.00 999 1016.3  11.6 999.0  11.1 99.0 99.00 
2024 02 21 02 00 148  5.3  7.4 99.00 99.00 99.00 999 1016.4  11.7 999.0  11.2 99.0 99.00 
2024 02 21 02 10 154  5.3  7.5  3.40 12.90  8.78 273 1016.4  11.7 999.0  11.1 99.0 99.00 
2024 02 21 02 20 155  5.5  6.9 99.00 99.00 99.00 999 1016.5  11.7 999.0  11.2 99.0 99.00 
2024 02 21 02 30 161  5.3  6.7 99.00 99.00 99.00 999 1016.6  11.7 999.0  11.2 99.0 99.00 
2024 02 21 02 40 159  5.3  6.6  3.16 12.90  8.71 263 1016.6  11.7 999.0  11.2 99.0 99.00 
2024 02 21 02 50 157  4.9  6.9 99.00 99.00 99.00 999 1016.7  11.7 999.0  11.2 99.0 99.00 
2024 02 21 03 00 164  5.0  6.4 99.00 99.00 99.00 999 1016.6  11.6 999.0  11.1 99.0 99.00 
2024 02 21 03 10 164  5.0  6.8  3.17 12.90  8.90 261 1016.7  11.7 999.0  11.3 99.0 99.00 
2024 02 21 03 20 166  4.7  6.5 99.00 99.00 99.00 999 1016.8  11.7 999.0  11.3 99.0 99.00 
2024 02 21 03 30 173  4.6  6.1 99.00 99.00 99.00 999 1016.8  11.8 999.0  11.4 99.0 99.00 
2024 02 21 03 40 178  4.4  5.5  3.14 12.90  8.73 268 1016.7  11.7 999.0  11.3 99.0 99.00 
2024 02 21 03 50 176  4.2  5.5 99.00 99.00 99.00 999 1016.8  11.7 999.0  11.2 99.0 99.00 
2024 02 21 04 00 179  3.9  4.9 99.00 99.00 99.00 999 1016.9  11.8 999.0  11.3 99.0 99.00 
2024 02 21 04 10 182  3.6  4.6  3.20 11.43  8.84 270 1016.8  11.8 999.0  11.2 99.0 99.00 
2024 02 21 04 20 189  3.6  4.8 99.00 99.00 99.00 999 1016.9  11.9 999.0  11.2 99.0 99.00 
2024 02 21 04 30 183  3.6  4.6 99.00 99.00 99.00 999 1016.9  12.0 999.0  11.2 99.0 99.00 
2024 02 21 04 40 183  3.6  4.7  3.24 10.00  8.93 269 1017.0  12.1 999.0  11.4 99.0 99.00 
2024 02 21 04 50 182  3.6  4.9 99.00 99.00 99.00 999 1016.9  12.1 999.0  11.4 99.0 99.00 
2024 02 21 05 00 184  3.6  4.8 99.00 99.00 99.00 999 1017.1  12.1 999.0  11.4 99.0 99.00 
2024 02 21 05 10 197  3.5  4.8  3.41 12.12  9.13 278 1017.2  12.2 999.0  11.5 99.0 99.00 
2024 02 21 05 20 194  3.4  4.7 99.00 99.00 99.00 999 1017.3  12.1 999.0  11.4 99.0 99.00 
2024 02 21 05 30 200  3.5  4.8 99.00 99.00 99.00 999 1017.4  12.1 999.0  11.3 99.0 99.00 
2024 02 21 05 40 192  3.2  4.5  3.14 12.90  9.29 272 1017.4  12.2 999.0  11.5 99.0 99.00 
2024 02 21 05 50 190  3.2  4.5 99.00 99.00 99.00 999 1017.4  12.2 999.0  11.4 99.0 99.00 
2024 02 21 06 00 181  3.1  4.3 99.00 99.00 99.00 999 1017.4  12.2 999.0  11.5 99.0 99.00 
2024 02 21 06 10 179  2.9  4.4  3.32 10.81  8.97 268 1017.4  12.2 999.0  11.5 99.0 99.00 
2024 02 21 06 20 182  3.1  4.0 99.00 99.00 99.00 999 1017.4  12.2 999.0  11.5 99.0 99.00 
2024 02 21 06 30 183  3.1  4.2 99.00 99.00 99.00 999 1017.4  12.2 999.0  11.5 99.0 99.00 
2024 02 21 06 40 179  2.8  4.2  2.99 10.81  9.15 278 1017.3  12.3 999.0  11.6 99.0 99.00 
2024 02 21 06 50 184  2.9  4.0 99.00 99.00 99.00 999 1017.4  12.3 999.0  11.6 99.0 99.00 
2024 02 21 07 00 193  2.7  3.8 99.00 99.00 99.00 999 1017.4  12.3 999.0  11.4 99.0 99.00 
2024 02 21 07 10 202  2.7  4.1  3.12 11.43  8.94 280 1017.5  12.4 999.0  11.4 99.0 99.00 
2024 02 21 07 20 201  2.9  4.2 99.00 99.00 99.00 999 1017.5  12.4 999.0  11.4 99.0 99.00 
2024 02 21 07 30 204  3.1  4.2 99.00 99.00 99.00 999 1017.5  12.4 999.0  11.4 99.0 99.00 
2024 02 21 07 40 201  2.7  3.7  3.21 12.12  8.97 284 1017.4  12.5 999.0  11.4 99.0 99.00 
2024 02 21 07 50 201  2.7  3.9 99.00 99.00 99.00 999 1017.5  12.6 999.0  11.4 99.0 99.00 
2024 02 21 08 00 217  3.5  5.0 99.00 99.00 99.00 999 1017.5  12.6 999.0  11.3 99.0 99.00 
2024 02 21 08 10 219  3.8  5.3  3.05 12.12  9.10 281 1017.5  12.7 999.0  11.5 99.0 99.00 
2024 02 21 08 20 224  4.0  5.4 99.00 99.00 99.00 999 1017.6  12.8 999.0  11.7 99.0 99.00 
2024 02 21 08 30 219  3.5  5.1 99.00 99.00 99.00 999 1017.6  12.8 999.0  11.8 99.0 99.00 
2024 02 21 08 40 215  3.5  4.8  3.22 12.90  9.05 280 1017.6  12.8 999.0  11.8 99.0 99.00 
2024 02 21 08 50 219  3.3  5.0 99.00 99.00 99.00 999 1017.7  12.8 999.0  11.8 99.0 99.00 
2024 02 21 09 00 218  3.6  5.1 99.00 99.00 99.00 999 1017.7  12.8 999.0  11.8 99.0 99.00 
2024 02 21 09 10 215  3.1  4.3  2.98 10.81  8.82 293 1017.7  12.8 999.0  11.8 99.0 99.00 
2024 02 21 09 20 209  3.3  4.8 99.00 99.00 99.00 999 1017.7  12.9 999.0  12.0 99.0 99.00 
2024 02 21 09 30 218  3.7  5.1 99.00 99.00 99.00 999 1017.9  12.8 999.0  11.9 99.0 99.00 
2024 02 21 09 40 217  3.4  5.0  3.00 10.81  8.76 281 1017.9  12.9 999.0  12.0 99.0 99.00 
2024 02 21 09 50 214  3.6  5.4 99.00 99.00 99.00 999 1017.8  12.9 999.0  12.1 99.0 99.00 
2024 02 21 10 00 211  3.7  5.0 99.00 99.00 99.00 999 1017.8  12.8 999.0  11.9 99.0 99.00 
2024 02 21 10 10 211  3.3  4.8  3.21 12.90  8.88 275 1017.8  12.9 999.0  12.0 99.0 99.00 
2024 02 21 10 20 253  4.4  6.4 99.00 99.00 99.00 999 1017.9  12.5 999.0  11.6 99.0 99.00 
2024 02 21 10 30 280  4.0  7.1 99.00 99.00 99.00 999 1017.9  11.9 999.0  11.0 99.0 99.00 
2024 02 21 10 40 256  2.4  4.3  2.96 12.12  8.79 280 1017.9  12.0 999.0  11.0 99.0 99.00 
2024 02 21 10 50 215  3.3  4.8 99.00 99.00 99.00 999 1017.9  12.3 999.0  11.2 99.0 99.00 
2024 02 21 11 00 209  3.2  4.9 99.00 99.00 99.00 999 1017.8  12.1 999.0  10.6 99.0 99.00 
2024 02 21 11 10 205  3.0  4.3  3.21 12.12  8.60 284 1017.8  12.2 999.0  10.7 99.0 99.00 
2024 02 21 11 20 208  2.9  4.2 99.00 99.00 99.00 999 1017.9  12.3 999.0  10.9 99.0 99.00 
2024 02 21 11 30 215  2.7  4.5 99.00 99.00 99.00 999 1018.0  12.4 999.0  11.0 99.0 99.00 
2024 02 21 11 40 221  2.1  3.8  3.28 11.43  8.72 278 1018.0  12.6 999.0  11.3 99.0 99.00 
2024 02 21 11 50 229  2.3  4.0 99.00 99.00 99.00 999 1018.1  12.6 999.0  11.1 99.0 99.00 
2024 02 21 12 00 224  2.5  3.8 99.00 99.00 99.00 999 1018.1  12.8 999.0  11.3 99.0 99.00 
2024 02 21 12 10 223  2.1  3.8  3.00 12.90  8.50 273 1018.1  12.8 999.0  11.3 99.0 99.00 
2024 02 21 12 20 234  3.5  5.1 99.00 99.00 99.00 999 1018.1  12.8 999.0  11.0 99.0 99.00 
2024 02 21 12 30 234  3.2  5.0 99.00 99.00 99.00 999 1018.0  12.9 999.0  11.0 99.0 99.00 
2024 02 21 12 40 234  3.2  4.6  3.01 10.81  8.61 281 1018.1  12.9 999.0  11.0 99.0 99.00 
2024 02 21 12 50 233  2.8  4.5 99.00 99.00 99.00 999 1018.0  12.9 999.0  11.1 99.0 99.00 
2024 02 21 13 00 223  2.9  4.5 99.00 99.00 99.00 999 1018.1  12.9 999.0  11.0 99.0 99.00 
2024 02 21 13 10 221  2.9  4.6  2.94 17.39  8.30 285 1018.1  12.9 999.0  11.0 99.0 99.00 
2024 02 21 13 20 207  3.0  4.3 99.00 99.00 99.00 999 1018.1  12.9 999.0  10.9 99.0 99.00 
2024 02 21 13 30 209  3.0  4.8 99.00 99.00 99.00 999 1018.0  12.9 999.0  10.9 99.0 99.00 
2024 02 21 13 40 199  3.3  5.0  2.97 12.12  8.39 280 1018.1  13.0 999.0  11.0 99.0 99.00 
2024 02 21 13 50 219  4.3  8.2 99.00 99.00 99.00 999 1018.2  12.9 999.0  11.1 99.0 99.00 
2024 02 21 14 00 230  5.0  7.9 99.00 99.00 99.00 999 1018.2  12.2 999.0  11.3 99.0 99.00 
2024 02 21 14 10 212  3.8  5.0  3.03 12.12  8.33 290 1018.3  12.1 999.0  11.2 99.0 99.00 
2024 02 21 14 20 208  3.4  4.6 99.00 99.00 99.00 999 1018.4  12.3 999.0  11.3 99.0 99.00 
2024 02 21 14 30 215  2.6  3.9 99.00 99.00 99.00 999 1018.4  12.4 999.0  11.4 99.0 99.00 
2024 02 21 14 40 219  3.1  4.5  2.81 12.90  8.33 272 1018.5  12.5 999.0  11.2 99.0 99.00 
2024 02 21 14 50 218  3.3  4.8 99.00 99.00 99.00 999 1018.6  12.7 999.0  11.2 99.0 99.00 
2024 02 21 15 00 228  5.1  8.8 99.00 99.00 99.00 999 1018.7  12.5 999.0  11.4 99.0 99.00 
2024 02 21 15 10 226  3.3  5.5  2.94 17.39  8.63 301 1018.8  12.2 999.0  11.4 99.0 99.00 
2024 02 21 15 20 217  3.6  5.3 99.00 99.00 99.00 999 1018.8  12.3 999.0  11.5 99.0 99.00 
2024 02 21 15 30 210  3.3  4.4 99.00 99.00 99.00 999 1018.9  12.3 999.0  11.2 99.0 99.00 
2024 02 21 15 40 210  3.0  4.3  2.47 17.39  7.90 284 1019.0  12.4 999.0  11.3 99.0 99.00 
2024 02 21 15 50 214  2.7  4.3 99.00 99.00 99.00 999 1019.1  12.6 999.0  11.5 99.0 99.00 
2024 02 21 16 00 227  2.6  3.8 99.00 99.00 99.00 999 1019.2  12.7 999.0  11.5 99.0 99.00 
2024 02 21 16 10 233  2.5  3.9  2.64 17.39  8.44 293 1019.3  12.8 999.0  11.4 99.0 99.00 
2024 02 21 16 20 229  2.1  3.3 99.00 99.00 99.00 999 1019.4  12.9 999.0  11.5 99.0 99.00 
2024 02 21 16 30 234  2.9  4.4 99.00 99.00 99.00 999 1019.7  13.0 999.0  11.6 99.0 99.00 
2024 02 21 16 40 266  2.5  4.1  2.72 17.39  8.61 285 1019.8  12.9 999.0  11.7 99.0 99.00 
2024 02 21 16 50 254  4.4  7.4 99.00 99.00 99.00 999 1020.0  12.3 999.0  11.0 99.0 99.00 
2024 02 21 17 00 241  3.4  6.5 99.00 99.00 99.00 999 1020.1  11.7 999.0  10.5 99.0 99.00 
2024 02 21 17 10 248  1.7  3.6  2.63 10.81  8.46 270 1020.2  11.7 999.0  10.7 99.0 99.00 
2024 02 21 17 20 239  1.4  2.7 99.00 99.00 99.00 999 1020.3  12.0 999.0  10.9 99.0 99.00 
2024 02 21 17 30 233  0.8  2.0 99.00 99.00 99.00 999 1020.4  12.4 999.0  11.1 99.0 99.00 
2024 02 21 17 40 211  0.8  1.6  2.63 12.12  8.63 282 1020.6  12.6 999.0  11.1 99.0 99.00 
2024 02 21 17 50 208  1.7  3.3 99.00 99.00 99.00 999 1020.8  12.6 999.0  11.0 99.0 99.00 
2024 02 21 18 00 216  2.0  3.3 99.00 99.00 99.00 999 1020.9  12.7 999.0  11.4 99.0 99.00 
2024 02 21 18 10 220  1.5  2.7  2.54 12.12  8.71 285 1021.0  12.9 999.0  11.5 99.0 99.00 
2024 02 21 18 20 214  1.8  2.7 99.00 99.00 99.00 999 1021.2  13.1 999.0  11.7 99.0 99.00 
2024 02 21 18 30 212  1.8  2.7 99.00 99.00 99.00 999 1021.2  13.1 999.0  11.6 99.0 99.00 
2024 02 21 18 40 215  2.5  3.8  2.42 17.39  8.71 289 1021.4  13.3 999.0  11.7 99.0 99.00 
2024 02 21 18 50 228  3.4  5.4 99.00 99.00 99.00 999 1021.5  13.3 999.0  11.8 99.0 99.00 
2024 02 21 19 00 234  3.2  4.4 99.00 99.00 99.00 999 1021.6  13.2 999.0  11.9 99.0 99.00 
2024 02 21 19 10 229  3.6  5.0  2.52 12.12  8.57 286 1021.6  13.2 999.0  11.8 99.0 99.00 
2024 02 21 19 20 226  3.7  5.0 99.00 99.00 99.00 999 1021.7  13.2 999.0  11.6 99.0 99.00 
2024 02 21 19 30 222  4.2  5.1 99.00 99.00 99.00 999 1021.9  13.3 999.0  11.6 99.0 99.00 
2024 02 21 19 40 228  4.2  5.5  2.76 17.39  9.10 283 1021.9  13.3 999.0  11.6 99.0 99.00 
2024 02 21 19 50 234  4.0  5.5 99.00 99.00 99.00 999 1021.9  13.3 999.0  11.8 99.0 99.00 
2024 02 21 20 00 227  3.9  5.1 99.00 99.00 99.00 999 1021.9  13.4 999.0  11.8 99.0 99.00 
2024 02 21 20 10 227  4.2  5.4  2.21 11.43  8.14 289 1022.0  13.4 999.0  11.7 99.0 99.00 
2024 02 21 20 20 237  4.2  5.5 99.00 99.00 99.00 999 1021.9  13.3 999.0  11.4 99.0 99.00 
2024 02 21 20 30 241  3.6  5.0 99.00 99.00 99.00 999 1021.8  13.4 999.0  11.5 99.0 99.00 
2024 02 21 20 40 240  3.8  5.0  2.35 17.39  8.77 285 1021.8  13.4 999.0  11.6 99.0 99.00 
2024 02 21 20 50 241  3.5  4.9 99.00 99.00 99.00 999 1021.7  13.4 999.0  11.5 99.0 99.00 
2024 02 21 21 00 245  3.3  4.5 99.00 99.00 99.00 999 1021.7  13.4 999.0  11.5 99.0 99.00 
2024 02 21 21 10 248  3.0  4.2  2.30 12.12  8.73 282 1021.8  13.5 999.0  11.6 99.0 99.00 
2024 02 21 21 20 235  2.6  3.9 99.00 99.00 99.00 999 1021.7  13.5 999.0  11.5 99.0 99.00 
2024 02 21 21 30 238  2.7  4.1 99.00 99.00 99.00 999 1021.7  13.5 999.0  11.4 99.0 99.00 
2024 02 21 21 40 238  2.5  3.9  2.29 12.12  8.92 291 1021.8  13.6 999.0  11.6 99.0 99.00 
2024 02 21 21 50 235  3.4  4.7 99.00 99.00 99.00 999 1021.8  13.5 999.0  11.5 99.0 99.00 
2024 02 21 22 00 237  3.3  4.5 99.00 99.00 99.00 999 1021.7  13.5 999.0  11.4 99.0 99.00 
2024 02 21 22 10 235  3.4  4.8  2.30 17.39  9.07 291 1021.8  13.5 999.0  11.5 99.0 99.00 
2024 02 21 22 20 235  3.6  4.8 99.00 99.00 99.00 999 1021.8  13.5 999.0  11.5 99.0 99.00 
2024 02 21 22 30 242  3.4  4.6 99.00 99.00 99.00 999 1021.8  13.6 999.0  11.7 99.0 99.00 
2024 02 21 22 40 245  3.4  4.8  2.21 17.39  8.91 302 1021.7  13.5 999.0  11.4 99.0 99.00 
2024 02 21 22 50 246  3.3  4.4 99.00 99.00 99.00 999 1021.7  13.4 999.0  11.2 99.0 99.00 
2024 02 21 23 00 244  2.9  4.3 99.00 99.00 99.00 999 1021.7  13.5 999.0  11.2 99.0 99.00 
2024 02 21 23 10 249  2.8  4.3  2.33 11.43  9.03 277 1021.8  13.5 999.0  11.2 99.0 99.00 
2024 02 21 23 20 241  2.6  3.7 99.00 99.00 99.00 999 1021.8  13.6 999.0  11.3 99.0 99.00 
2024 02 21 23 30 230  2.4  3.7 99.00 99.00 99.00 999 1021.8  13.6 999.0  11.2 99.0 99.00 
2024 02 21 23 40 231  2.4  3.5  2.30 17.39  8.86 301 1021.8  13.7 999.0  11.4 99.0 99.00 
2024 02 21 23 50 228  2.2  3.4 99.00 99.00 99.00 999 1021.7  13.7 999.0  11.4 99.0 99.00 
2024 02 22 00 00 241  2.0  3.3 99.00 99.00 99.00 999 1021.7  13.7 999.0  11.5 99.0 99.00 
2024 02 22 00 10 231  2.2  3.2  2.56 11.43  9.31 282 1021.7  13.7 999.0  11.4 99.0 99.00 
2024 02 22 00 20 243  2.1  3.2 99.00 99.00 99.00 999 1021.7  13.7 999.0  11.5 99.0 99.00 
2024 02 22 00 30 232  2.1  3.3 99.00 99.00 99.00 999 1021.7  13.7 999.0  11.4 99.0 99.00 
2024 02 22 00 40 236  2.2  3.2  2.52 16.00  9.51 294 1021.7  13.8 999.0  11.5 99.0 99.00 
2024 02 22 00 50 228  2.6  3.6 99.00 99.00 99.00 999 1021.7  13.7 999.0  11.5 99.0 99.00 
2024 02 22 01 00 237  2.2  3.3 99.00 99.00 99.00 999 1021.7  13.5 999.0  11.4 99.0 99.00 
2024 02 22 01 10 237  1.9  4.0  2.50 16.00  9.14 306 1021.8  13.7 999.0  11.5 99.0 99.00 
2024 02 22 01 20 250  1.9  3.2 99.00 99.00 99.00 999 1021.8  13.6 999.0  11.4 99.0 99.00 
2024 02 22 01 30 245  2.2  3.3 99.00 99.00 99.00 999 1021.9  13.5 999.0  11.3 99.0 99.00 
2024 02 22 01 40 248  2.1  3.0  2.27 16.00  8.62 299 1022.0  13.4 999.0  11.3 99.0 99.00 
2024 02 22 01 50 238  2.0  3.0 99.00 99.00 99.00 999 1022.1  13.3 999.0  11.4 99.0 99.00 
2024 02 22 02 00 231  2.2  3.4 99.00 99.00 99.00 999 1022.2  13.2 999.0  11.2 99.0 99.00 
2024 02 22 02 10 239  2.0  3.1  2.31 16.00  8.63 297 1022.2  13.2 999.0  11.2 99.0 99.00 
2024 02 22 02 20 260  2.0  3.2 99.00 99.00 99.00 999 1022.3  13.2 999.0  11.2 99.0 99.00 
2024 02 22 02 30 251  1.8  2.9 99.00 99.00 99.00 999 1022.4  13.1 999.0  11.0 99.0 99.00 
2024 02 22 02 40 241  1.4  2.5  2.38 12.12  8.55 299 1022.4  13.2 999.0  11.2 99.0 99.00 
2024 02 22 02 50 241  1.2  2.2 99.00 99.00 99.00 999 1022.4  13.1 999.0  11.2 99.0 99.00 
2024 02 22 03 00 228  0.9  1.9 99.00 99.00 99.00 999 1022.5  13.1 999.0  11.1 99.0 99.00 
2024 02 22 03 10 228  0.8  1.7  2.28 11.43  8.36 286 1022.5  13.1 999.0  11.2 99.0 99.00 
2024 02 22 03 20 224  1.6  2.9 99.00 99.00 99.00 999 1022.7  13.0 999.0  10.9 99.0 99.00 
2024 02 22 03 30 219  1.6  2.5 99.00 99.00 99.00 999 1022.8  13.1 999.0  11.2 99.0 99.00 
2024 02 22 03 40 217  1.6  2.6  2.33 16.00  8.55 306 1022.9  13.0 999.0  11.2 99.0 99.00 
2024 02 22 03 50 215  2.0  3.0 99.00 99.00 99.00 999 1023.1  13.1 999.0  11.4 99.0 99.00 
2024 02 22 04 00 217  2.0  3.0 99.00 99.00 99.00 999 1023.2  13.0 999.0  11.4 99.0 99.00 
2024 02 22 04 10 216  1.6  2.8  2.33 16.00  8.39 299 1023.2  13.0 999.0  11.3 99.0 99.00 
2024 02 22 04 20 210  1.6  2.6 99.00 99.00 99.00 999 1023.2  13.0 999.0  11.2 99.0 99.00 
2024 02 22 04 30 208  1.5  2.3 99.00 99.00 99.00 999 1023.3  13.0 999.0  11.2 99.0 99.00 
2024 02 22 04 40 197  1.6  2.4  2.29 11.43  8.23 294 1023.3  13.1 999.0  11.4 99.0 99.00 
2024 02 22 04 50 203  1.9  2.9 99.00 99.00 99.00 999 1023.4  13.0 999.0  11.4 99.0 99.00 
2024 02 22 05 00 200  1.9  2.8 99.00 99.00 99.00 999 1023.5  13.0 999.0  11.3 99.0 99.00 
2024 02 22 05 10 198  2.0  3.2  2.22 16.00  8.43 302 1023.6  13.0 999.0  11.3 99.0 99.00 
2024 02 22 05 20 192  1.9  2.9 99.00 99.00 99.00 999 1023.8  13.1 999.0  11.5 99.0 99.00 
2024 02 22 05 30 183  1.8  2.7 99.00 99.00 99.00 999 1023.8  13.0 999.0  11.3 99.0 99.00 
2024 02 22 05 40 192  2.3  3.3  2.41 11.43  8.59 287 1023.9  13.0 999.0  11.4 99.0 99.00 
2024 02 22 05 50 191  2.4  3.3 99.00 99.00 99.00 999 1023.9  13.0 999.0  11.4 99.0 99.00 
2024 02 22 06 00 192  2.6  3.6 99.00 99.00 99.00 999 1023.8  13.0 999.0  11.4 99.0 99.00 
2024 02 22 06 10 189  2.5  3.5  2.27 16.00  8.30 278 1023.9  13.0 999.0  11.5 99.0 99.00 
2024 02 22 06 20 187  2.7  3.5 99.00 99.00 99.00 999 1023.9  12.9 999.0  11.4 99.0 99.00 
2024 02 22 06 30 185  2.3  3.4 99.00 99.00 99.00 999 1023.8  13.0 999.0  11.4 99.0 99.00 
2024 02 22 06 40 185  2.4  3.4  2.16 10.81  8.33 289 1023.9  12.9 999.0  11.3 99.0 99.00 
2024 02 22 06 50 190  2.3  3.0 99.00 99.00 99.00 999 1023.8  13.0 999.0  11.5 99.0 99.00 
2024 02 22 07 00 193  2.0  3.0 99.00 99.00 99.00 999 1023.8  13.0 999.0  11.4 99.0 99.00 
2024 02 22 07 10 184  1.5  2.4  2.27 16.00  8.46 305 1023.8  13.0 999.0  11.4 99.0 99.00 
2024 02 22 07 20 187  1.7  2.7 99.00 99.00 99.00 999 1023.8  12.9 999.0  11.3 99.0 99.00 
2024 02 22 07 30 185  1.5  2.3 99.00 99.00 99.00 999 1023.8  12.9 999.0  11.3 99.0 99.00 
2024 02 22 07 40 197  1.6  2.6  2.17 16.00  8.58 295 1023.8  13.0 999.0  11.4 99.0 99.00 
2024 02 22 07 50 195  1.5  2.1 99.00 99.00 99.00 999 1023.8  12.9 999.0  11.3 99.0 99.00 
2024 02 22 08 00 198  1.6  2.6 99.00 99.00 99.00 999 1023.7  12.9 999.0  11.3 99.0 99.00 
2024 02 22 08 10 217  1.8  2.9  2.28 16.00  8.59 286 1023.7  12.8 999.0  11.2 99.0 99.00 
2024 02 22 08 20 207  1.1  2.3 99.00 99.00 99.00 999 1023.6  12.9 999.0  11.1 99.0 99.00 
2024 02 22 08 30 166  0.5  1.5 99.00 99.00 99.00 999 1023.5  12.8 999.0  11.0 99.0 99.00 
2024 02 22 08 40 136  0.4  1.7  2.17 16.00  8.62 290 1023.5  12.8 999.0  11.0 99.0 99.00 
2024 02 22 08 50 135  1.0  2.0 99.00 99.00 99.00 999 1023.5  12.8 999.0  11.2 99.0 99.00 
2024 02 22 09 00 135  0.8  1.9 99.00 99.00 99.00 999 1023.5  12.8 999.0  11.2 99.0 99.00 
2024 02 22 09 10 150  0.8  1.7  2.24 16.00  8.75 271 1023.5  12.8 999.0  11.2 99.0 99.00 
2024 02 22 09 20 170  1.0  1.9 99.00 99.00 99.00 999 1023.5  12.8 999.0  11.2 99.0 99.00 
2024 02 22 09 30 162  1.0  2.0 99.00 99.00 99.00 999 1023.4  12.8 999.0  11.2 99.0 99.00 
2024 02 22 09 40 143  1.0  2.1  2.08 14.81  8.40 300 1023.4  12.7 999.0  11.1 99.0 99.00 
2024 02 22 09 50 121  1.1  2.5 99.00 99.00 99.00 999 1023.4  12.7 999.0  11.1 99.0 99.00 
2024 02 22 10 00 122  1.5  2.8 99.00 99.00 99.00 999 1023.4  12.7 999.0  11.1 99.0 99.00 
2024 02 22 10 10 120  1.8  4.5  2.12 14.81  8.60 293 1023.3  12.8 999.0  11.3 99.0 99.00 
2024 02 22 10 20 110  2.6  4.5 99.00 99.00 99.00 999 1023.2  12.7 999.0  11.6 99.0 99.00 
2024 02 22 10 30 100  3.1  4.7 99.00 99.00 99.00 999 1023.2  12.5 999.0  11.6 99.0 99.00 
2024 02 22 10 40  92  3.5  5.9  2.13 10.81  8.34 281 1023.0  12.4 999.0  11.6 99.0 99.00 
2024 02 22 10 50  86  3.9  5.6 99.00 99.00 99.00 999 1022.9  12.3 999.0  11.5 99.0 99.00 
2024 02 22 11 00  87  4.2  6.0 99.00 99.00 99.00 999 1022.9  12.2 999.0  11.5 99.0 99.00 
2024 02 22 11 10  88  4.3  6.5  2.16 14.81  8.38 294 1022.9  12.2 999.0  11.5 99.0 99.00 
2024 02 22 11 20  88  4.5  6.0 99.00 99.00 99.00 999 1022.9  11.9 999.0  11.2 99.0 99.00 
2024 02 22 11 30  90  4.3  5.7 99.00 99.00 99.00 999 1022.9  11.9 999.0  11.2 99.0 99.00 
2024 02 22 11 40  90  4.0  5.7  1.80 11.43  7.70 274 1022.8  11.8 999.0  11.2 99.0 99.00 
2024 02 22 11 50  94  3.6  5.2 99.00 99.00 99.00 999 1022.9  11.8 999.0  11.1 99.0 99.00 
2024 02 22 12 00  92  3.6  5.4 99.00 99.00 99.00 999 1022.9  11.8 999.0  11.1 99.0 99.00 
2024 02 22 12 10  96  3.4  4.6  1.86 14.81  7.97 295 1022.9  11.9 999.0  11.3 99.0 99.00 
2024 02 22 12 20  92  3.8  5.3 99.00 99.00 99.00 999 1022.8  11.7 999.0  11.1 99.0 99.00 
2024 02 22 12 30  93  4.2  5.6 99.00 99.00 99.00 999 1022.8  11.6 999.0  11.1 99.0 99.00 
2024 02 22 12 40  94  4.2  5.5  1.99 16.00  8.07 313 1022.7  11.6 999.0  11.1 99.0 99.00 
2024 02 22 12 50  93  4.8  6.4 99.00 99.00 99.00 999 1022.7  11.5 999.0  10.9 99.0 99.00 
2024 02 22 13 00  95  4.9  6.6 99.00 99.00 99.00 999 1022.8  11.5 999.0  10.8 99.0 99.00 
2024 02 22 13 10  96  4.9  6.7  2.05 10.00  8.00 294 1022.9  11.5 999.0  10.7 99.0 99.00 
2024 02 22 13 20  96  4.8  6.3 99.00 99.00 99.00 999 1023.1  11.4 999.0  10.6 99.0 99.00 
2024 02 22 13 30  99  4.4  5.6 99.00 99.00 99.00 999 1023.3  11.5 999.0  10.7 99.0 99.00 
2024 02 22 13 40  99  4.4  5.9  1.86 14.81  7.83 293 1023.3  11.4 999.0  10.6 99.0 99.00 
2024 02 22 13 50 101  4.9  6.4 99.00 99.00 99.00 999 1023.4  11.4 999.0  10.5 99.0 99.00 
2024 02 22 14 00 100  5.0  6.4 99.00 99.00 99.00 999 1023.4  11.4 999.0  10.6 99.0 99.00 
2024 02 22 14 10 102  5.2  6.9  1.82 10.81  7.61 279 1023.5  11.3 999.0  10.5 99.0 99.00 
2024 02 22 14 20  99  5.4  7.0 99.00 99.00 99.00 999 1023.5  11.2 999.0  10.5 99.0 99.00 
2024 02 22 14 30 101  5.3  6.9 99.00 99.00 99.00 999 1023.6  11.2 999.0  10.5 99.0 99.00 
2024 02 22 14 40  98  5.4  7.1  1.84 14.81  7.93 300 1023.6  11.1 999.0  10.4 99.0 99.00 
2024 02 22 14 50  99  5.6  7.2 99.00 99.00 99.00 999 1023.7  10.9 999.0  10.3 99.0 99.00 
2024 02 22 15 00  97  5.6  7.8 99.00 99.00 99.00 999 1023.9  10.8 999.0  10.3 99.0 99.00 
2024 02 22 15 10  92  5.3  6.8  1.88 14.81  7.94 292 1024.0  10.7 999.0  10.2 99.0 99.00 
2024 02 22 15 20  99  5.3  7.2 99.00 99.00 99.00 999 1024.1  10.6 999.0  10.2 99.0 99.00 
2024 02 22 15 30  92  5.3  7.2 99.00 99.00 99.00 999 1024.2  10.5 999.0  10.1 99.0 99.00 
2024 02 22 15 40  90  5.3  7.0  1.92 14.81  7.80 291 1024.4  10.5 999.0  10.1 99.0 99.00 
2024 02 22 15 50  95  5.6  7.0 99.00 99.00 99.00 999 1024.3  10.5 999.0  10.1 99.0 99.00 
2024 02 22 16 00  95  5.9  7.6 99.00 99.00 99.00 999 1024.4  10.7 999.0  10.3 99.0 99.00 
2024 02 22 16 10  98  5.6  7.1  1.80 10.81  7.54 275 1024.3  11.0 999.0  10.6 99.0 99.00 
2024 02 22 16 20 101  6.2  7.6 99.00 99.00 99.00 999 1024.5  10.9 999.0  10.4 99.0 99.00 
2024 02 22 16 30 103  6.0  7.5 99.00 99.00 99.00 999 1024.6  11.0 999.0  10.5 99.0 99.00 
2024 02 22 16 40 107  5.2  6.8  1.69 10.81  7.42 276 1024.9  11.3 999.0  10.7 99.0 99.00 
2024 02 22 16 50 105  5.3  6.9 99.00 99.00 99.00 999 1025.0  11.3 999.0  10.6 99.0 99.00 
2024 02 22 17 00 101  6.0  7.4 99.00 99.00 99.00 999 1024.7  11.1 999.0  10.5 99.0 99.00 
2024 02 22 17 10  96  6.3  7.9  1.50 13.79  6.97 296 1024.8  11.1 999.0  10.6 99.0 99.00 
2024 02 22 17 20  93  5.7  7.2 99.00 99.00 99.00 999 1024.8  11.2 999.0  10.7 99.0 99.00 
2024 02 22 17 30  92  5.8  7.4 99.00 99.00 99.00 999 1024.8  11.3 999.0  10.8 99.0 99.00 
2024 02 22 17 40  98  5.4  7.1  1.71 14.81  7.57 279 1025.0  11.4 999.0  10.8 99.0 99.00 
2024 02 22 17 50  99  5.0  6.4 99.00 99.00 99.00 999 1025.1  11.3 999.0  10.7 99.0 99.00 
2024 02 22 18 00  96  4.7  6.0 99.00 99.00 99.00 999 1025.0  11.4 999.0  10.8 99.0 99.00 
2024 02 22 18 10  97  5.3  7.1  1.68 14.81  7.78 282 1024.7  11.3 999.0  10.6 99.0 99.00 
2024 02 22 18 20  99  5.3  6.9 99.00 99.00 99.00 999 1024.9  11.3 999.0  10.7 99.0 99.00 
2024 02 22 18 30  98  4.6  6.0 99.00 99.00 99.00 999 1025.1  11.4 999.0  10.7 99.0 99.00 
2024 02 22 18 40  96  4.7  6.2  1.54 14.81  7.49 300 1025.3  11.4 999.0  10.7 99.0 99.00 
2024 02 22 18 50  98  4.4  6.2 99.00 99.00 99.00 999 1025.4  11.4 999.0  10.7 99.0 99.00 
2024 02 22 19 00 100  4.3  6.0 99.00 99.00 99.00 999 1025.4  11.5 999.0  10.7 99.0 99.00 
2024 02 22 19 10  96  4.5  6.1  1.62 14.81  7.49 282 1025.4  11.6 999.0  10.8 99.0 99.00 
2024 02 22 19 20  94  4.9  6.3 99.00 99.00 99.00 999 1025.4  11.7 999.0  10.9 99.0 99.00 
2024 02 22 19 30  92  5.0  6.1 99.00 99.00 99.00 999 1025.4  11.6 999.0  10.8 99.0 99.00 
2024 02 22 19 40  97  4.9  6.1  1.58 13.79  7.59 278 1025.3  11.6 999.0  10.8 99.0 99.00 
2024 02 22 19 50  98  4.5  6.1 99.00 99.00 99.00 999 1025.0  11.7 999.0  10.9 99.0 99.00 
2024 02 22 20 00  95  4.8  6.2 99.00 99.00 99.00 999 1024.9  11.8 999.0  11.0 99.0 99.00 
2024 02 22 20 10  92  4.7  6.2  1.62 13.79  7.68 292 1024.9  11.9 999.0  11.0 99.0 99.00 
2024 02 22 20 20  97  4.4  6.0 99.00 99.00 99.00 999 1024.8  12.0 999.0  11.0 99.0 99.00 
2024 02 22 20 30  98  4.4  6.0 99.00 99.00 99.00 999 1024.7  12.0 999.0  11.0 99.0 99.00 
2024 02 22 20 40 104  4.1  6.1  1.45 13.79  7.21 305 1024.6  12.2 999.0  11.1 99.0 99.00 
2024 02 22 20 50 109  4.0  5.4 99.00 99.00 99.00 999 1024.5  12.2 999.0  11.1 99.0 99.00 
2024 02 22 21 00 115  3.7  5.1 99.00 99.00 99.00 999 1024.5  12.3 999.0  11.2 99.0 99.00 
2024 02 22 21 10 109  4.1  5.5  1.66 13.79  7.84 285 1024.3  12.4 999.0  11.3 99.0 99.00 
2024 02 22 21 20 109  4.2  5.5 99.00 99.00 99.00 999 1024.3  12.4 999.0  11.2 99.0 99.00 
2024 02 22 21 30 115  3.8  5.1 99.00 99.00 99.00 999 1024.2  12.4 999.0  11.1 99.0 99.00 
2024 02 22 21 40 111  4.1  5.4  1.39 14.81  7.81 304 1024.1  12.5 999.0  11.2 99.0 99.00 
2024 02 22 21 50 119  3.5  4.6 99.00 99.00 99.00 999 1024.0  12.7 999.0  11.4 99.0 99.00 
2024 02 22 22 00 116  3.0  4.9 99.00 99.00 99.00 999 1023.9  12.7 999.0  11.3 99.0 99.00 
2024 02 22 22 10 118  2.7  4.1  1.51 13.79  8.17 293 1023.8  12.8 999.0  11.3 99.0 99.00 
2024 02 22 22 20 136  2.2  3.4 99.00 99.00 99.00 999 1023.8  12.9 999.0  11.4 99.0 99.00 
2024 02 22 22 30 146  2.4  3.3 99.00 99.00 99.00 999 1023.8  12.9 999.0  11.4 99.0 99.00 
2024 02 22 22 40 141  2.0  3.1  1.58 13.79  8.58 279 1023.7  13.0 999.0  11.4 99.0 99.00 
2024 02 22 22 50 150  1.9  2.8 99.00 99.00 99.00 999 1023.8  13.1 999.0  11.4 99.0 99.00 
2024 02 22 23 00 152  2.1  3.5 99.00 99.00 99.00 999 1023.7  13.2 999.0  11.5 99.0 99.00 
2024 02 22 23 10 162  2.1  3.1  1.43 12.90  8.30 281 1023.6  13.1 999.0  11.5 99.0 99.00 
2024 02 22 23 20 168  1.9  2.9 99.00 99.00 99.00 999 1023.5  13.2 999.0  11.3 99.0 99.00 
2024 02 22 23 30 161  1.9  2.7 99.00 99.00 99.00 999 1023.4  13.4 999.0  11.3 99.0 99.00 
2024 02 22 23 40 171  2.2  3.0  1.34 14.81  8.27 288 1023.4  13.3 999.0  11.2 99.0 99.00 
2024 02 22 23 50 176  2.2  3.1 99.00 99.00 99.00 999 1023.3  13.4 999.0  11.4 99.0 99.00 
2024 02 23 00 00 166  1.8  2.5 99.00 99.00 99.00 999 1023.2  13.5 999.0  11.4 99.0 99.00 
2024 02 23 00 10 161  1.9  2.7  1.45 14.81  8.54 293 1023.1  13.5 999.0  11.3 99.0 99.00 
2024 02 23 00 20 146  1.7  2.8 99.00 99.00 99.00 999 1023.1  13.6 999.0  11.4 99.0 99.00 
2024 02 23 00 30 133  1.8  3.0 99.00 99.00 99.00 999 1022.9  13.6 999.0  11.3 99.0 99.00 
2024 02 23 00 40 115  2.3  3.2  1.31 14.81  8.12 274 1022.8  13.5 999.0  11.3 99.0 99.00 
2024 02 23 00 50 114  2.2  3.7 99.00 99.00 99.00 999 1022.8  13.4 999.0  11.3 99.0 99.00 
2024 02 23 01 00 125  2.0  3.4 99.00 99.00 99.00 999 1022.7  13.4 999.0  11.3 99.0 99.00 
2024 02 23 01 10 143  2.0  2.9  1.29 16.00  7.67 279 1022.7  13.4 999.0  11.2 99.0 99.00 
2024 02 23 01 20 174  2.4  3.2 99.00 99.00 99.00 999 1022.8  13.4 999.0  11.3 99.0 99.00 
2024 02 23 01 30 181  2.6  3.3 99.00 99.00 99.00 999 1022.8  13.3 999.0  11.2 99.0 99.00 
2024 02 23 01 40 189  2.6  3.2  1.39 14.81  8.14 288 1022.7  13.3 999.0  11.3 99.0 99.00 
2024 02 23 01 50 184  2.8  3.5 99.00 99.00 99.00 999 1022.6  13.1 999.0  11.0 99.0 99.00 
2024 02 23 02 00 172  2.4  3.2 99.00 99.00 99.00 999 1022.5  13.1 999.0  11.1 99.0 99.00 
2024 02 23 02 10 161  2.5  3.2  1.32 14.81  7.73 276 1022.5  13.0 999.0  11.0 99.0 99.00 
2024 02 23 02 20 162  2.5  3.2 99.00 99.00 99.00 999 1022.5  13.0 999.0  10.9 99.0 99.00 
2024 02 23 02 30 174  2.7  3.4 99.00 99.00 99.00 999 1022.7  13.0 999.0  10.9 99.0 99.00 
2024 02 23 02 40 189  2.6  3.3  1.43 13.79  8.30 281 1022.7  13.0 999.0  10.9 99.0 99.00 
2024 02 23 02 50 205  2.8  3.6 99.00 99.00 99.00 999 1023.0  13.0 999.0  10.8 99.0 99.00 
2024 02 23 03 00 213  2.7  3.5 99.00 99.00 99.00 999 1023.0  13.1 999.0  11.0 99.0 99.00 
2024 02 23 03 10 206  2.4  3.2  1.35 14.81  7.71 283 1023.0  13.0 999.0  10.9 99.0 99.00 
2024 02 23 03 20 207  1.9  2.7 99.00 99.00 99.00 999 1023.0  13.0 999.0  11.0 99.0 99.00 
2024 02 23 03 30 203  1.7  2.5 99.00 99.00 99.00 999 1023.1  12.9 999.0  10.8 99.0 99.00 
2024 02 23 03 40 206  1.6  2.5  1.47 14.81  8.05 298 1023.2  13.0 999.0  10.9 99.0 99.00 
2024 02 23 03 50 201  2.0  2.8 99.00 99.00 99.00 999 1023.1  12.9 999.0  10.8 99.0 99.00 
2024 02 23 04 00 194  1.8  2.4 99.00 99.00 99.00 999 1023.2  12.9 999.0  10.9 99.0 99.00 
2024 02 23 04 10 198  2.2  3.0  1.34 14.81  7.51 277 1023.2  12.9 999.0  10.8 99.0 99.00 
2024 02 23 04 20 199  2.3  3.0 99.00 99.00 99.00 999 1023.2  12.9 999.0  11.0 99.0 99.00 
2024 02 23 04 30 195  2.3  3.3 99.00 99.00 99.00 999 1023.3  12.9 999.0  11.0 99.0 99.00 
2024 02 23 04 40 191  2.2  3.0  1.54 14.81  8.25 284 1023.3  12.9 999.0  11.0 99.0 99.00 
2024 02 23 04 50 180  2.0  3.0 99.00 99.00 99.00 999 1023.3  12.9 999.0  10.9 99.0 99.00 
2024 02 23 05 00 180  1.9  2.8 99.00 99.00 99.00 999 1023.3  12.9 999.0  10.9 99.0 99.00 
2024 02 23 05 10 184  2.1  2.8  1.37 14.81  7.57 303 1023.4  12.9 999.0  11.0 99.0 99.00 
2024 02 23 05 20 180  1.9  2.6 99.00 99.00 99.00 999 1023.5  12.9 999.0  10.9 99.0 99.00 
2024 02 23 05 30 182  2.0  2.7 99.00 99.00 99.00 999 1023.5  13.0 999.0  11.1 99.0 99.00 
2024 02 23 05 40 180  1.5  2.4  1.54 14.81  8.13 290 1023.7  13.0 999.0  11.1 99.0 99.00 
2024 02 23 05 50 183  1.5  2.3 99.00 99.00 99.00 999 1023.8  13.0 999.0  11.1 99.0 99.00 
2024 02 23 06 00 183  1.4  1.9 99.00 99.00 99.00 999 1023.8  13.0 999.0  11.1 99.0 99.00 
2024 02 23 06 10 181  1.2  1.9  1.48 14.81  8.08 306 1023.8  12.9 999.0  11.0 99.0 99.00 
2024 02 23 06 20 185  0.8  1.3 99.00 99.00 99.00 999 1023.8  12.9 999.0  11.0 99.0 99.00 
2024 02 23 06 30 186  0.6  1.5 99.00 99.00 99.00 999 1023.7  12.9 999.0  11.0 99.0 99.00 
2024 02 23 06 40 177  0.7  1.3  1.49 14.81  8.04 300 1023.7  12.9 999.0  10.9 99.0 99.00 
2024 02 23 06 50 197  0.5  0.9 99.00 99.00 99.00 999 1023.7  12.9 999.0  10.9 99.0 99.00 
2024 02 23 07 00 210  0.4  1.1 99.00 99.00 99.00 999 1023.6  12.9 999.0  11.0 99.0 99.00 
2024 02 23 07 10 264  0.2  0.8  1.60 14.81  8.69 296 1023.6  12.8 999.0  10.9 99.0 99.00 
2024 02 23 07 20 304  0.2  0.7 99.00 99.00 99.00 999 1023.6  12.8 999.0  10.9 99.0 99.00 
2024 02 23 07 30 356  0.2  0.7 99.00 99.00 99.00 999 1023.4  12.8 999.0  10.9 99.0 99.00 
2024 02 23 07 40  30  0.4  0.8  1.42 14.81  8.08 281 1023.3  12.8 999.0  10.9 99.0 99.00 
2024 02 23 07 50  33  0.9  1.4 99.00 99.00 99.00 999 1023.4  12.8 999.0  10.9 99.0 99.00 
2024 02 23 08 00  35  1.2  1.9 99.00 99.00 99.00 999 1023.3  12.8 999.0  11.0 99.0 99.00 
2024 02 23 08 10  42  1.4  2.3  1.37 14.81  7.84 285 1023.3  12.8 999.0  11.1 99.0 99.00 
2024 02 23 08 20  53  1.6  2.3 99.00 99.00 99.00 999 1023.3  12.8 999.0  11.1 99.0 99.00 
2024 02 23 08 30  64  1.6  2.4 99.00 99.00 99.00 999 1023.4  12.8 999.0  11.1 99.0 99.00 
2024 02 23 08 40  56  1.5  2.3  1.66 14.81  8.95 281 1023.4  12.8 999.0  11.1 99.0 99.00 
2024 02 23 08 50  52  1.4  2.1 99.00 99.00 99.00 999 1023.4  12.8 999.0  11.2 99.0 99.00 
2024 02 23 09 00  51  1.2  1.9 99.00 99.00 99.00 999 1023.3  12.8 999.0  11.2 99.0 99.00 
2024 02 23 09 10  50  1.1  1.9  1.51 14.81  8.52 284 1023.3  12.8 999.0  11.2 99.0 99.00 
2024 02 23 09 20  30  1.4  2.5 99.00 99.00 99.00 999 1023.2  12.8 999.0  11.4 99.0 99.00 
2024 02 23 09 30  53  1.8  2.8 99.00 99.00 99.00 999 1023.2  12.8 999.0  11.5 99.0 99.00 
2024 02 23 09 40  67  1.8  2.7  1.47 14.81  8.00 289 1023.1  12.9 999.0  11.9 99.0 99.00 
2024 02 23 09 50  65  1.9  2.6 99.00 99.00 99.00 999 1023.0  12.7 999.0  11.9 99.0 99.00 
2024 02 23 10 00  62  1.8  2.6 99.00 99.00 99.00 999 1023.0  12.6 999.0  11.8 99.0 99.00 
2024 02 23 10 10  56  1.7  2.4  1.47 14.81  8.27 286 1023.0  12.5 999.0  11.7 99.0 99.00 
2024 02 23 10 20  52  1.7  2.7 99.00 99.00 99.00 999 1022.8  12.5 999.0  11.7 99.0 99.00 
2024 02 23 10 30  49  2.0  2.9 99.00 99.00 99.00 999 1022.7  12.4 999.0  11.6 99.0 99.00 
2024 02 23 10 40  59  2.4  3.3  1.54 13.79  8.47 288 1022.5  12.3 999.0  11.3 99.0 99.00 
2024 02 23 10 50  64  2.4  3.8 99.00 99.00 99.00 999 1022.4  12.3 999.0  11.5 99.0 99.00 
2024 02 23 11 00  68  2.7  3.8 99.00 99.00 99.00 999 1022.3  12.2 999.0  11.1 99.0 99.00 
2024 02 23 11 10  69  3.4  5.0  1.41 14.81  7.91 291 1022.1  12.2 999.0  10.9 99.0 99.00 
2024 02 23 11 20  73  3.9  5.0 99.00 99.00 99.00 999 1022.0  12.2 999.0  10.7 99.0 99.00 
2024 02 23 11 30  77  4.1  5.3 99.00 99.00 99.00 999 1022.0  12.3 999.0  10.7 99.0 99.00 
2024 02 23 11 40  78  4.0  5.4  1.44 14.81  8.08 281 1021.9  12.3 999.0  10.6 99.0 99.00 
2024 02 23 11 50  81  4.2  5.6 99.00 99.00 99.00 999 1021.8  12.3 999.0  10.6 99.0 99.00 
2024 02 23 12 00  80  3.9  5.4 99.00 99.00 99.00 999 1021.7  12.3 999.0  10.6 99.0 99.00 
2024 02 23 12 10  80  3.8  5.4  1.53 13.79  8.14 284 1021.6  12.3 999.0  10.6 99.0 99.00 
2024 02 23 12 20  78  3.6  4.9 99.00 99.00 99.00 999 1021.5  12.2 999.0  10.6 99.0 99.00 
2024 02 23 12 30  77  3.6  5.0 99.00 99.00 99.00 999 1021.4  12.2 999.0  10.7 99.0 99.00 
2024 02 23 12 40  75  3.9  5.3  1.72 13.79  8.67 279 1021.2  12.1 999.0  10.7 99.0 99.00 
2024 02 23 12 50  73  3.8  5.0 99.00 99.00 99.00 999 1021.2  12.0 999.0  10.6 99.0 99.00 
2024 02 23 13 00  76  4.1  5.4 99.00 99.00 99.00 999 1021.1  12.1 999.0  10.7 99.0 99.00 
2024 02 23 13 10  76  4.2  5.6  1.50 13.79  7.91 282 1021.0  12.1 999.0  10.7 99.0 99.00 
2024 02 23 13 20  84  4.4  6.1 99.00 99.00 99.00 999 1021.0  12.1 999.0  10.6 99.0 99.00 
2024 02 23 13 30  86  4.7  6.1 99.00 99.00 99.00 999 1020.9  12.0 999.0  10.4 99.0 99.00 
2024 02 23 13 40  87  4.7  6.3  1.81 13.79  8.52 288 1020.9  12.1 999.0  10.6 99.0 99.00 
2024 02 23 13 50  90  4.9  6.4 99.00 99.00 99.00 999 1020.8  12.1 999.0  10.6 99.0 99.00 
2024 02 23 14 00  87  4.8  6.3 99.00 99.00 99.00 999 1020.7  12.2 999.0  10.6 99.0 99.00 
2024 02 23 14 10  85  5.1  7.0  1.88 13.79  8.65 283 1020.6  12.1 999.0  10.3 99.0 99.00 
2024 02 23 14 20  81  5.5  6.9 99.00 99.00 99.00 999 1020.6  12.2 999.0  10.3 99.0 99.00 
2024 02 23 14 30  82  5.7  8.0 99.00 99.00 99.00 999 1020.5  12.2 999.0  10.2 99.0 99.00 
2024 02 23 14 40  83  6.0  8.1  2.02 13.79  8.56 286 1020.4  12.3 999.0  10.3 99.0 99.00 
2024 02 23 14 50  81  6.1  7.9 99.00 99.00 99.00 999 1020.3  12.2 999.0  10.2 99.0 99.00 
2024 02 23 15 00  81  5.8  7.5 99.00 99.00 99.00 999 1020.4  12.2 999.0  10.1 99.0 99.00 
2024 02 23 15 10  80  5.7  7.1  1.98 13.79  8.17 285 1020.3  12.2 999.0  10.1 99.0 99.00 
2024 02 23 15 20  81  5.8  7.6 99.00 99.00 99.00 999 1020.3  12.3 999.0  10.0 99.0 99.00 
2024 02 23 15 30  82  6.2  8.1 99.00 99.00 99.00 999 1020.4  12.2 999.0   9.8 99.0 99.00 
2024 02 23 15 40  84  6.0  8.2  2.12 13.79  8.40 284 1020.4  12.3 999.0   9.9 99.0 99.00 
2024 02 23 15 50  86  5.6  7.5 99.00 99.00 99.00 999 1020.4  12.3 999.0  10.0 99.0 99.00 
2024 02 23 16 00  91  5.4  7.6 99.00 99.00 99.00 999 1020.5  12.1 999.0   9.7 99.0 99.00 
2024 02 23 16 10  89  5.3  7.2  2.16 13.79  8.61 283 1020.5  12.2 999.0   9.7 99.0 99.00 
2024 02 23 16 20  88  5.0  6.9 99.00 99.00 99.00 999 1020.6  12.3 999.0   9.7 99.0 99.00 
2024 02 23 16 30  91  5.1  7.0 99.00 99.00 99.00 999 1020.6  12.3 999.0   9.7 99.0 99.00 
2024 02 23 16 40  88  5.5  7.7  2.44 13.79  9.13 283 1020.5  12.4 999.0   9.7 99.0 99.00 
2024 02 23 16 50  77  5.8  7.7 99.00 99.00 99.00 999 1020.5  12.2 999.0   9.4 99.0 99.00 
2024 02 23 17 00  90  5.6  7.7 99.00 99.00 99.00 999 1020.6  12.0 999.0   9.4 99.0 99.00 
2024 02 23 17 10  92  5.6  7.7  2.21 14.81  8.38 275 1020.5  12.0 999.0   9.6 99.0 99.00 
2024 02 23 17 20  86  5.6  7.8 99.00 99.00 99.00 999 1020.4  11.9 999.0   9.6 99.0 99.00 
2024 02 23 17 30  87  5.2  7.4 99.00 99.00 99.00 999 1020.6  11.9 999.0   9.7 99.0 99.00 
2024 02 23 17 40  96  5.4  7.5  2.31 13.79  8.98 282 1020.7  11.9 999.0   9.7 99.0 99.00 
2024 02 23 17 50  90  5.2  7.7 99.00 99.00 99.00 999 1020.6  11.8 999.0   9.6 99.0 99.00 
2024 02 23 18 00  92  4.6  6.9 99.00 99.00 99.00 999 1020.7 999.0 999.0 999.0 99.0 99.00 
2024 02 23 18 10 999 99.0 99.0 99.00 99.00 99.00 999 1020.7 999.0 999.0 999.0 99.0 99.00 
2024 02 23 18 20  85  4.0  6.0 99.00 99.00 99.00 999 1020.6  12.3 999.0   9.9 99.0 99.00 
2024 02 23 18 30  88  3.6  6.1 99.00 99.00 99.00 999 1020.6  12.3 999.0   9.8 99.0 99.00 
2024 02 23 18 40  94  4.1  6.3  2.65 13.79  9.49 273 1020.6  12.3 999.0   9.8 99.0 99.00 
2024 02 23 18 50  98  3.7  5.9 99.00 99.00 99.00 999 1020.5  12.5 999.0   9.9 99.0 99.00 
2024 02 23 19 00 100  4.4  6.9 99.00 99.00 99.00 999 1020.5  12.7 999.0  10.0 99.0 99.00 
2024 02 23 19 10  96  4.7  7.2  2.74 12.90  9.54 272 1020.4  12.9 999.0  10.0 99.0 99.00 
2024 02 23 19 20  89  4.3  6.6 99.00 99.00 99.00 999 1020.3  13.0 999.0  10.0 99.0 99.00 
2024 02 23 19 30  93  3.8  5.9 99.00 99.00 99.00 999 1020.4  13.2 999.0  10.2 99.0 99.00 
2024 02 23 19 40  95  3.4  5.3  2.68 13.79 10.36 279 1020.3  13.6 999.0  10.4 99.0 99.00 
2024 02 23 19 50  77  3.3  5.4 99.00 99.00 99.00 999 1020.1  13.8 999.0  10.5 99.0 99.00 
2024 02 23 20 00  68  3.2  5.4 99.00 99.00 99.00 999 1020.0  14.0 999.0  10.7 99.0 99.00 
2024 02 23 20 10  72  3.7  6.0  2.77 14.81 10.27 280 1020.0  14.2 999.0  10.4 99.0 99.00 
2024 02 23 20 20  69  4.2  6.4 99.00 99.00 99.00 999 1019.8  14.4 999.0  10.1 99.0 99.00 
2024 02 23 20 30  44  4.6  6.4 99.00 99.00 99.00 999 1019.6  14.2 999.0  10.1 99.0 99.00 
2024 02 23 20 40  51  5.2  7.4  2.94 13.79 10.42 282 1019.5  14.4 999.0   9.9 99.0 99.00 
2024 02 23 20 50  37  4.7  6.5 99.00 99.00 99.00 999 1019.4  14.2 999.0  11.2 99.0 99.00 
2024 02 23 21 00  36  5.0  6.6 99.00 99.00 99.00 999 1019.1  14.2 999.0  11.2 99.0 99.00 
2024 02 23 21 10  33  5.1  7.0  3.33 13.79 11.07 279 1019.1  14.2 999.0  10.8 99.0 99.00 
2024 02 23 21 20  22  4.5  6.0 99.00 99.00 99.00 999 1019.1  14.3 999.0  11.0 99.0 99.00 
2024 02 23 21 30  23  4.2  5.1 99.00 99.00 99.00 999 1018.9  14.3 999.0  11.0 99.0 99.00 
2024 02 23 21 40   7  3.8  5.1  2.97 13.79 10.84 278 1018.9  14.4 999.0  11.3 99.0 99.00 
2024 02 23 21 50   1  3.4  4.4 99.00 99.00 99.00 999 1018.8  14.2 999.0  11.2 99.0 99.00 
2024 02 23 22 00  14  4.9  6.5 99.00 99.00 99.00 999 1018.4  14.1 999.0  11.1 99.0 99.00 
2024 02 23 22 10  12  5.3  6.7  2.92 13.79 10.66 282 1018.4  13.8 999.0  10.9 99.0 99.00 
2024 02 23 22 20   3  5.7  6.8 99.00 99.00 99.00 999 1018.1  13.6 999.0  11.1 99.0 99.00 
2024 02 23 22 30   2  5.5  6.6 99.00 99.00 99.00 999 1018.0  13.7 999.0  11.6 99.0 99.00 
2024 02 23 22 40   7  4.5  6.9  3.11 13.79 10.92 287 1018.3  13.7 999.0  11.2 99.0 99.00 
2024 02 23 22 50 359  3.2  4.6 99.00 99.00 99.00 999 1018.4  13.9 999.0  11.3 99.0 99.00 
2024 02 23 23 00 350  3.3  4.3 99.00 99.00 99.00 999 1018.3  13.9 999.0  11.5 99.0 99.00 
2024 02 23 23 10 337  2.7  3.9  2.94 13.79 10.86 280 1018.5  13.9 999.0  11.7 99.0 99.00 
2024 02 23 23 20 326  3.6  5.3 99.00 99.00 99.00 999 1018.3  13.8 999.0  11.6 99.0 99.00 
2024 02 23 23 30 333  3.5  5.9 99.00 99.00 99.00 999 1018.3  13.7 999.0  11.5 99.0 99.00 
2024 02 23 23 40 327  4.0  5.8  3.15 13.79 11.07 290 1018.3  13.7 999.0  11.6 99.0 99.00 
2024 02 23 23 50 312  4.2  5.7 99.00 99.00 99.00 999 1018.3  13.7 999.0  11.7 99.0 99.00 
2024 02 24 00 00 328  4.9  6.1 99.00 99.00 99.00 999 1018.0  13.7 999.0  11.9 99.0 99.00 
2024 02 24 00 10 334  5.1  6.9  2.83 13.79 10.20 285 1018.0  13.7 999.0  11.8 99.0 99.00 
2024 02 24 00 20 331  5.8  7.6 99.00 99.00 99.00 999 1017.7  13.8 999.0  11.8 99.0 99.00 
2024 02 24 00 30 338  6.2  7.9 99.00 99.00 99.00 999 1017.5  13.8 999.0  11.9 99.0 99.00 
2024 02 24 00 40 328  5.0  6.9  2.76 13.79 10.10 295 1017.4  13.9 999.0  11.5 99.0 99.00 
2024 02 24 00 50 336  4.4  6.5 99.00 99.00 99.00 999 1017.6  14.3 999.0  11.5 99.0 99.00 
2024 02 24 01 00 334  4.5  6.0 99.00 99.00 99.00 999 1017.6  14.3 999.0  11.6 99.0 99.00 
2024 02 24 01 10 331  4.0  5.1  2.92 12.90 10.35 286 1017.7  14.2 999.0  11.7 99.0 99.00 
2024 02 24 01 20 335  4.6  6.0 99.00 99.00 99.00 999 1017.6  14.3 999.0  11.3 99.0 99.00 
2024 02 24 01 30 339  5.0  6.4 99.00 99.00 99.00 999 1017.6  14.4 999.0  11.4 99.0 99.00 
2024 02 24 01 40 342  4.8  6.4  2.82 13.79  9.95 286 1017.6  14.3 999.0  11.6 99.0 99.00 
2024 02 24 01 50 340  5.2  6.6 99.00 99.00 99.00 999 1017.7  14.1 999.0  11.9 99.0 99.00 
2024 02 24 02 00 334  4.6  5.9 99.00 99.00 99.00 999 1017.7  14.0 999.0  12.2 99.0 99.00 
2024 02 24 02 10 330  4.7  6.3  2.67 14.81  9.69 291 1017.7  14.0 999.0  12.4 99.0 99.00 
2024 02 24 02 20 327  4.0  5.4 99.00 99.00 99.00 999 1017.8  14.0 999.0  12.4 99.0 99.00 
2024 02 24 02 30 331  4.3  5.9 99.00 99.00 99.00 999 1017.8  13.9 999.0  12.3 99.0 99.00 
2024 02 24 02 40 333  5.0  6.5  2.43 12.12  9.56 287 1017.6  13.9 999.0  11.9 99.0 99.00 
2024 02 24 02 50 338  5.0  6.8 99.00 99.00 99.00 999 1017.5  14.0 999.0  11.9 99.0 99.00 
2024 02 24 03 00 337  5.5  6.9 99.00 99.00 99.00 999 1017.4  14.0 999.0  11.7 99.0 99.00 
2024 02 24 03 10 336  5.3  7.1  2.62 12.12  9.60 298 1017.5  14.1 999.0  11.7 99.0 99.00 
2024 02 24 03 20 336  4.7  6.4 99.00 99.00 99.00 999 1017.6  14.1 999.0  11.8 99.0 99.00 
2024 02 24 03 30 334  3.9  5.0 99.00 99.00 99.00 999 1017.7  14.1 999.0  11.9 99.0 99.00 
2024 02 24 03 40 336  3.4  4.5  2.50 13.79  9.89 293 1017.8  14.1 999.0  12.1 99.0 99.00 
2024 02 24 03 50 343  3.4  4.5 99.00 99.00 99.00 999 1017.7  14.1 999.0  12.2 99.0 99.00 
2024 02 24 04 00 343  3.2  4.3 99.00 99.00 99.00 999 1017.7  14.0 999.0  12.3 99.0 99.00 
2024 02 24 04 10 346  3.3  4.2  2.48 13.79  9.65 292 1017.6  14.0 999.0  12.4 99.0 99.00 
2024 02 24 04 20 348  2.8  3.7 99.00 99.00 99.00 999 1017.6  14.0 999.0  12.5 99.0 99.00 
2024 02 24 04 30 355  3.1  3.9 99.00 99.00 99.00 999 1017.5  14.0 999.0  12.5 99.0 99.00 
2024 02 24 04 40   7  3.7  4.8  2.36 12.90  9.39 290 1017.2  14.0 999.0  12.6 99.0 99.00 
2024 02 24 04 50  17  3.9  4.7 99.00 99.00 99.00 999 1017.2  14.1 999.0  12.7 99.0 99.00 
2024 02 24 05 00  19  3.4  4.6 99.00 99.00 99.00 999 1017.3  14.1 999.0  12.8 99.0 99.00 
2024 02 24 05 10  17  3.1  4.2  2.33 13.79  9.45 291 1017.3  14.1 999.0  12.8 99.0 99.00 
2024 02 24 05 20  17  2.9  3.9 99.00 99.00 99.00 999 1017.5  14.1 999.0  12.9 99.0 99.00 
2024 02 24 05 30  27  2.8  3.9 99.00 99.00 99.00 999 1017.4  14.1 999.0  12.9 99.0 99.00 
2024 02 24 05 40  36  3.1  4.5  2.16 12.90  8.97 291 1017.4  14.1 999.0  12.7 99.0 99.00 
2024 02 24 05 50  44  3.4  5.0 99.00 99.00 99.00 999 1017.2  14.1 999.0  12.6 99.0 99.00 
2024 02 24 06 00  50  3.7  5.1 99.00 99.00 99.00 999 1017.2  14.2 999.0  12.7 99.0 99.00 
2024 02 24 06 10  62  3.8  5.6  2.33 13.79  9.48 292 1017.2  14.2 999.0  12.5 99.0 99.00 
2024 02 24 06 20  66  4.0  5.9 99.00 99.00 99.00 999 1017.1  14.2 999.0  12.5 99.0 99.00 
2024 02 24 06 30  70  4.0  6.0 99.00 99.00 99.00 999 1017.1  14.2 999.0  12.3 99.0 99.00 
2024 02 24 06 40  76  4.3  6.1  2.33 13.79  9.77 291 1017.1  14.2 999.0  12.1 99.0 99.00 
2024 02 24 06 50  79  5.2  6.8 99.00 99.00 99.00 999 1016.9  14.2 999.0  11.8 99.0 99.00 
2024 02 24 07 00  77  4.8  6.7 99.00 99.00 99.00 999 1017.0  14.3 999.0  11.8 99.0 99.00 
2024 02 24 07 10  80  4.9  6.9  2.36 13.79  9.85 281 1017.0  14.2 999.0  11.9 99.0 99.00 
2024 02 24 07 20  80  4.7  6.5 99.00 99.00 99.00 999 1017.0  14.2 999.0  12.1 99.0 99.00 
2024 02 24 07 30  90  4.7  6.6 99.00 99.00 99.00 999 1017.1  14.2 999.0  12.0 99.0 99.00 
2024 02 24 07 40  91  4.9  6.6  2.04 13.79  9.21 279 1017.2  14.3 999.0  11.9 99.0 99.00 
2024 02 24 07 50  86  4.7  6.4 99.00 99.00 99.00 999 1017.3  14.3 999.0  11.9 99.0 99.00 
2024 02 24 08 00  88  4.9  7.1 99.00 99.00 99.00 999 1017.4  14.2 999.0  11.7 99.0 99.00 
2024 02 24 08 10  84  4.7  6.1  1.96 12.12  8.61 277 1017.4  14.1 999.0  11.8 99.0 99.00 
2024 02 24 08 20  76  4.8  6.5 99.00 99.00 99.00 999 1017.3  14.1 999.0  11.5 99.0 99.00 
2024 02 24 08 30  73  4.9  6.6 99.00 99.00 99.00 999 1017.2  14.2 999.0  11.4 99.0 99.00 
2024 02 24 08 40  76  5.1  7.4  2.23 13.79  9.23 295 1017.1  14.3 999.0  11.4 99.0 99.00 
2024 02 24 08 50  77  4.8  7.2 99.00 99.00 99.00 999 1017.1  14.2 999.0  11.6 99.0 99.00 
2024 02 24 09 00  78  5.2  7.1 99.00 99.00 99.00 999 1017.0  14.2 999.0  11.7 99.0 99.00 
2024 02 24 09 10  84  5.4  7.4  1.82 12.90  8.55 293 1017.1  14.1 999.0  11.5 99.0 99.00 
2024 02 24 09 20  83  5.4  7.2 99.00 99.00 99.00 999 1017.1  14.2 999.0  11.5 99.0 99.00 
2024 02 24 09 30  80  5.1  7.1 99.00 99.00 99.00 999 1017.2  14.2 999.0  11.6 99.0 99.00 
2024 02 24 09 40  82  4.9  6.5  2.11 13.79  9.22 276 1017.2  14.2 999.0  11.5 99.0 99.00 
2024 02 24 09 50  87  4.1  5.6 99.00 99.00 99.00 999 1017.3  14.2 999.0  11.7 99.0 99.00 
2024 02 24 10 00  89  4.3  5.8 99.00 99.00 99.00 999 1017.3  14.3 999.0  11.5 99.0 99.00 
2024 02 24 10 10  88  4.6  6.6  1.80 11.43  8.41 284 1017.3  14.4 999.0  11.4 99.0 99.00 
2024 02 24 10 20  85  4.6  6.4 99.00 99.00 99.00 999 1017.3  14.4 999.0  11.1 99.0 99.00 
2024 02 24 10 30  88  4.2  6.3 99.00 99.00 99.00 999 1017.1  14.4 999.0  11.3 99.0 99.00 
2024 02 24 10 40  95  4.5  6.4  2.12 12.90  9.15 288 1017.1  14.4 999.0  11.3 99.0 99.00 
2024 02 24 10 50  97  3.9  5.6 99.00 99.00 99.00 999 1017.0  14.4 999.0  11.6 99.0 99.00 
2024 02 24 11 00  94  4.5  6.4 99.00 99.00 99.00 999 1016.9  14.4 999.0  11.4 99.0 99.00 
2024 02 24 11 10  92  4.8  6.5  1.80 13.79  8.63 282 1016.9  14.4 999.0  11.3 99.0 99.00 
2024 02 24 11 20  86  4.4  6.3 99.00 99.00 99.00 999 1016.9  14.4 999.0  11.5 99.0 99.00 
2024 02 24 11 30  81  4.7  6.5 99.00 99.00 99.00 999 1016.9  14.4 999.0  11.4 99.0 99.00 
2024 02 24 11 40  66  4.8  6.8  1.69 12.12  8.14 289 1017.0  14.3 999.0  11.3 99.0 99.00 
2024 02 24 11 50  71  4.3  5.8 99.00 99.00 99.00 999 1016.8  14.3 999.0  11.4 99.0 99.00 
2024 02 24 12 00  85  4.8  6.3 99.00 99.00 99.00 999 1016.7  14.3 999.0  11.2 99.0 99.00 
2024 02 24 12 10  80  4.8  6.7  1.87 12.90  8.74 293 1016.7  14.2 999.0  11.2 99.0 99.00 
2024 02 24 12 20  74  4.2  5.8 99.00 99.00 99.00 999 1016.6  14.2 999.0  11.4 99.0 99.00 
2024 02 24 12 30  72  4.3  6.1 99.00 99.00 99.00 999 1016.6  14.2 999.0  11.3 99.0 99.00 
2024 02 24 12 40  78  4.0  5.4  1.80 12.90  8.65 295 1016.6  14.2 999.0  11.4 99.0 99.00 
2024 02 24 12 50  88  4.2  6.3 99.00 99.00 99.00 999 1016.6  14.2 999.0  11.3 99.0 99.00 
2024 02 24 13 00  97  4.3  6.8 99.00 99.00 99.00 999 1016.7  14.1 999.0  11.2 99.0 99.00 
2024 02 24 13 10 101  3.9  5.4  1.83 13.79  8.99 294 1016.9  14.0 999.0  11.2 99.0 99.00 
2024 02 24 13 20  89  4.1  6.3 99.00 99.00 99.00 999 1017.0  14.0 999.0  11.1 99.0 99.00 
2024 02 24 13 30  74  3.8  5.4 99.00 99.00 99.00 999 1017.0  14.0 999.0  11.1 99.0 99.00 
2024 02 24 13 40  72  4.0  5.5  1.79 11.43  8.73 286 1017.0  14.0 999.0  11.0 99.0 99.00 
2024 02 24 13 50  79  3.8  5.3 99.00 99.00 99.00 999 1016.9  14.1 999.0  11.0 99.0 99.00 
2024 02 24 14 00  78  3.9  5.3 99.00 99.00 99.00 999 1016.9  14.1 999.0  10.7 99.0 99.00 
2024 02 24 14 10  75  3.9  5.3  2.04 12.90  8.98 294 1016.9  14.2 999.0  10.7 99.0 99.00 
2024 02 24 14 20  86  4.0  5.4 99.00 99.00 99.00 999 1016.8  14.1 999.0  10.6 99.0 99.00 
2024 02 24 14 30  84  4.0  5.4 99.00 99.00 99.00 999 1016.7  14.1 999.0  10.9 99.0 99.00 
2024 02 24 14 40  91  4.2  5.9  1.97 12.90  9.19 286 1016.7  14.0 999.0  10.8 99.0 99.00 
2024 02 24 14 50  81  3.8  5.1 99.00 99.00 99.00 999 1016.8  13.9 999.0  10.8 99.0 99.00 
2024 02 24 15 00  52  3.6  5.0 99.00 99.00 99.00 999 1016.7  13.9 999.0  10.8 99.0 99.00 
2024 02 24 15 10  50  3.2  4.5  2.02 12.90  9.19 287 1016.7  13.9 999.0  10.8 99.0 99.00 
2024 02 24 15 20  62  2.7  3.8 99.00 99.00 99.00 999 1016.8  14.0 999.0  10.8 99.0 99.00 
2024 02 24 15 30  64  3.0  4.3 99.00 99.00 99.00 999 1016.9  14.0 999.0  11.0 99.0 99.00 
2024 02 24 15 40  61  3.1  4.3  1.75 12.12  8.84 298 1017.0  14.0 999.0  10.9 99.0 99.00 
2024 02 24 15 50  59  3.3  4.6 99.00 99.00 99.00 999 1017.1  14.0 999.0  10.7 99.0 99.00 
2024 02 24 16 00  66  3.2  4.9 99.00 99.00 99.00 999 1017.2  13.9 999.0  10.2 99.0 99.00 
2024 02 24 16 10  71  2.9  4.4  1.80 12.90  9.00 292 1017.2  14.1 999.0  10.3 99.0 99.00 
2024 02 24 16 20  70  3.8  5.4 99.00 99.00 99.00 999 1017.2  14.1 999.0  10.2 99.0 99.00 
2024 02 24 16 30  68  3.8  5.6 99.00 99.00 99.00 999 1017.3  14.1 999.0  10.6 99.0 99.00 
2024 02 24 16 40  71  3.9  5.4  1.97 12.90  9.37 291 1017.3  14.1 999.0  10.6 99.0 99.00 
2024 02 24 16 50  82  3.8  5.3 99.00 99.00 99.00 999 1017.3  14.0 999.0  10.6 99.0 99.00 
2024 02 24 17 00  97  4.5  5.8 99.00 99.00 99.00 999 1017.3  13.9 999.0  10.6 99.0 99.00 
2024 02 24 17 10  84  4.3  6.1  1.86 12.90  9.13 296 1017.3  13.9 999.0  10.6 99.0 99.00 
2024 02 24 17 20  86  4.8  6.7 99.00 99.00 99.00 999 1017.3  13.9 999.0  10.1 99.0 99.00 
2024 02 24 17 30  86  4.3  6.2 99.00 99.00 99.00 999 1017.4  14.3 999.0  10.2 99.0 99.00 
2024 02 24 17 40  86  4.8  6.6  2.02 12.12  9.43 298 1017.2  14.2 999.0  10.2 99.0 99.00 
2024 02 24 17 50  85  5.3  7.2 99.00 99.00 99.00 999 1017.2  14.2 999.0  10.1 99.0 99.00 
2024 02 24 18 00  86  5.1  7.0 99.00 99.00 99.00 999 1017.1  14.3 999.0  10.3 99.0 99.00 
2024 02 24 18 10  84  5.0  6.7  1.64 12.90  8.51 293 1017.2  14.3 999.0  10.5 99.0 99.00 
2024 02 24 18 20  82  5.0  6.7 99.00 99.00 99.00 999 1017.2  14.4 999.0  10.7 99.0 99.00 
2024 02 24 18 30  91  5.6  7.1 99.00 99.00 99.00 999 1017.2  14.6 999.0  10.5 99.0 99.00 
2024 02 24 18 40  89  5.4  7.6  1.83 12.90  8.84 297 1017.2  14.7 999.0  10.5 99.0 99.00 
2024 02 24 18 50  81  4.9  6.9 99.00 99.00 99.00 999 1017.2  14.8 999.0  10.5 99.0 99.00 
2024 02 24 19 00  86  4.8  6.3 99.00 99.00 99.00 999 1017.3  14.9 999.0  10.5 99.0 99.00 
2024 02 24 19 10  74  3.8  5.7  1.90 12.90  8.96 289 1017.3  14.9 999.0  10.8 99.0 99.00 
2024 02 24 19 20  85  4.3  6.6 99.00 99.00 99.00 999 1017.3  15.0 999.0  10.7 99.0 99.00 
2024 02 24 19 30  85  4.2  6.4 99.00 99.00 99.00 999 1017.2  15.2 999.0  10.7 99.0 99.00 
2024 02 24 19 40  84  3.6  4.8  1.74 12.90  8.83 278 1017.2  15.3 999.0  11.2 99.0 99.00 
2024 02 24 19 50  88  3.7  5.7 99.00 99.00 99.00 999 1017.2  15.3 999.0  11.5 99.0 99.00 
2024 02 24 20 00  99  3.4  4.8 99.00 99.00 99.00 999 1017.2  15.3 999.0  11.8 99.0 99.00 
2024 02 24 20 10 103  2.9  4.2  1.61 12.12  8.38 296 1017.2  15.3 999.0  12.2 99.0 99.00 
2024 02 24 20 20 100  2.5  4.1 99.00 99.00 99.00 999 1017.2  15.3 999.0  12.3 99.0 99.00 
2024 02 24 20 30 108  1.9  3.1 99.00 99.00 99.00 999 1017.1  15.4 999.0  12.6 99.0 99.00 
2024 02 24 20 40 106  1.5  2.8  1.66 12.90  8.93 289 1017.0  15.5 999.0  12.8 99.0 99.00 
2024 02 24 20 50  77  1.2  1.9 99.00 99.00 99.00 999 1017.0  15.6 999.0  12.8 99.0 99.00 
2024 02 24 21 00  77  1.3  2.0 99.00 99.00 99.00 999 1016.7  15.7 999.0  12.6 99.0 99.00 
2024 02 24 21 10  80  1.2  2.3  1.51 12.90  8.90 297 1016.6  15.9 999.0  12.6 99.0 99.00 
2024 02 24 21 20  79  1.3  2.3 99.00 99.00 99.00 999 1016.5  16.1 999.0  12.7 99.0 99.00 
2024 02 24 21 30  89  1.4  2.4 99.00 99.00 99.00 999 1016.4  16.1 999.0  12.7 99.0 99.00 
2024 02 24 21 40  98  1.2  2.2  1.64 12.12  9.17 291 1016.3  16.3 999.0  12.9 99.0 99.00 
2024 02 24 21 50 101  0.9  1.9 99.00 99.00 99.00 999 1016.3  16.5 999.0  13.1 99.0 99.00 
2024 02 24 22 00  96  0.9  1.8 99.00 99.00 99.00 999 1016.3  16.6 999.0  13.0 99.0 99.00 
2024 02 24 22 10 110  0.6  1.5  1.48 12.12  8.88 284 1016.3  16.9 999.0  13.0 99.0 99.00 
2024 02 24 22 20 140  0.1  0.8 99.00 99.00 99.00 999 1016.3  17.2 999.0  13.2 99.0 99.00 
2024 02 24 22 30 207  0.1  0.7 99.00 99.00 99.00 999 1016.3  17.7 999.0  13.4 99.0 99.00 
2024 02 24 22 40 252  0.4  1.0  1.46 10.81  8.56 293 1016.3  17.6 999.0  13.9 99.0 99.00 
2024 02 24 22 50 249  1.0  1.7 99.00 99.00 99.00 999 1016.3  17.1 999.0  13.5 99.0 99.00 
2024 02 24 23 00 276  2.0  3.3 99.00 99.00 99.00 999 1016.3  16.7 999.0  13.7 99.0 99.00 
2024 02 24 23 10 285  2.6  3.3  1.63 12.12  9.29 290 1016.2  16.3 999.0  14.0 99.0 99.00 
2024 02 24 23 20 280  2.2  3.4 99.00 99.00 99.00 999 1016.2  16.2 999.0  14.1 99.0 99.00 
2024 02 24 23 30 269  1.9  2.6 99.00 99.00 99.00 999 1016.1  16.1 999.0  14.1 99.0 99.00 
2024 02 24 23 40 273  2.2  3.2  1.37 12.90  8.63 296 1016.0  15.9 999.0  13.8 99.0 99.00 
2024 02 24 23 50 271  1.9  2.7 99.00 99.00 99.00 999 1016.1  15.9 999.0  13.5 99.0 99.00 
2024 02 25 00 00 285  1.5  2.4 99.00 99.00 99.00 999 1016.0  16.0 999.0  13.5 99.0 99.00 
2024 02 25 00 10 301  1.5  2.4  1.50 12.90  9.12 296 1016.0  16.1 999.0  13.8 99.0 99.00 
2024 02 25 00 20 337  1.8  2.5 99.00 99.00 99.00 999 1015.9  16.1 999.0  14.1 99.0 99.00 
2024 02 25 00 30 343  1.7  2.4 99.00 99.00 99.00 999 1015.9  16.1 999.0  14.0 99.0 99.00 
2024 02 25 00 40 348  2.0  2.7  1.55 12.90  9.17 296 1015.8  16.0 999.0  13.9 99.0 99.00 
2024 02 25 00 50 349  2.6  3.6 99.00 99.00 99.00 999 1015.8  15.9 999.0  14.0 99.0 99.00 
2024 02 25 01 00 351  2.9  3.9 99.00 99.00 99.00 999 1015.8  15.7 999.0  13.9 99.0 99.00 
2024 02 25 01 10 347  3.2  4.1  1.45 12.12  8.98 292 1015.9  15.4 999.0  13.5 99.0 99.00 
2024 02 25 01 20 343  3.0  4.0 99.00 99.00 99.00 999 1016.0  15.3 999.0  13.3 99.0 99.00 
2024 02 25 01 30 338  3.0  3.9 99.00 99.00 99.00 999 1015.9  15.3 999.0  13.1 99.0 99.00 
2024 02 25 01 40 334  2.8  3.6  1.46 12.90  9.15 305 1015.8  15.3 999.0  13.3 99.0 99.00 
2024 02 25 01 50 328  2.6  3.4 99.00 99.00 99.00 999 1015.9  15.2 999.0  13.3 99.0 99.00 
2024 02 25 02 00 324  2.5  3.4 99.00 99.00 99.00 999 1016.0  15.1 999.0  13.0 99.0 99.00 
2024 02 25 02 10 316  2.5  3.3  1.29 12.12  8.94 290 1016.1  15.1 999.0  12.6 99.0 99.00 
2024 02 25 02 20 314  2.5  3.5 99.00 99.00 99.00 999 1016.2  15.2 999.0  12.8 99.0 99.00 
2024 02 25 02 30 309  2.7  3.5 99.00 99.00 99.00 999 1016.2  15.1 999.0  12.9 99.0 99.00 
2024 02 25 02 40 307  2.4  3.4  1.44 12.90  9.18 300 1016.1  15.0 999.0  13.0 99.0 99.00 
2024 02 25 02 50 306  2.7  3.5 99.00 99.00 99.00 999 1016.2  15.0 999.0  13.0 99.0 99.00 
2024 02 25 03 00 312  2.5  3.2 99.00 99.00 99.00 999 1016.2  14.9 999.0  12.9 99.0 99.00 
2024 02 25 03 10 320  3.0  4.0  1.40 12.12  8.98 294 1016.2  14.9 999.0  12.9 99.0 99.00 
2024 02 25 03 20 325  3.2  4.0 99.00 99.00 99.00 999 1016.2  14.9 999.0  12.7 99.0 99.00 
2024 02 25 03 30 319  2.6  3.6 99.00 99.00 99.00 999 1016.2  14.9 999.0  12.8 99.0 99.00 
2024 02 25 03 40 314  2.4  3.7  1.43 12.90  8.91 298 1016.2  15.0 999.0  12.9 99.0 99.00 
2024 02 25 03 50 305  1.9  2.5 99.00 99.00 99.00 999 1016.2  14.9 999.0  12.9 99.0 99.00 
2024 02 25 04 00 308  1.9  2.5 99.00 99.00 99.00 999 1016.2  14.9 999.0  13.0 99.0 99.00 
2024 02 25 04 10 306  1.9  2.7  1.27 12.90  8.62 291 1016.2  14.8 999.0  13.0 99.0 99.00 
2024 02 25 04 20 308  2.1  2.9 99.00 99.00 99.00 999 1016.3  14.8 999.0  13.0 99.0 99.00 
2024 02 25 04 30 302  1.7  2.3 99.00 99.00 99.00 999 1016.3  14.8 999.0  13.0 99.0 99.00 
2024 02 25 04 40 299  1.7  2.5  1.43 12.12  8.63 299 1016.3  14.8 999.0  13.0 99.0 99.00 
2024 02 25 04 50 297  1.8  2.6 99.00 99.00 99.00 999 1016.4  14.8 999.0  13.0 99.0 99.00 
2024 02 25 05 00 286  1.6  2.4 99.00 99.00 99.00 999 1016.4  14.8 999.0  13.1 99.0 99.00 
2024 02 25 05 10 293  1.3  2.0  1.34 12.12  8.22 292 1016.4  14.8 999.0  13.2 99.0 99.00 
2024 02 25 05 20 290  1.2  1.8 99.00 99.00 99.00 999 1016.6  14.7 999.0  13.1 99.0 99.00 
2024 02 25 05 30 287  1.6  2.5 99.00 99.00 99.00 999 1016.6  14.7 999.0  13.1 99.0 99.00 
2024 02 25 05 40 302  0.9  1.9  1.45 12.90  8.66 292 1016.6  14.7 999.0  13.1 99.0 99.00 
2024 02 25 05 50 284  0.5  1.2 99.00 99.00 99.00 999 1016.5  14.7 999.0  13.1 99.0 99.00 
2024 02 25 06 00 305  0.6  1.7 99.00 99.00 99.00 999 1016.4  14.7 999.0  12.9 99.0 99.00 
2024 02 25 06 10 322  1.0  1.9  1.43 12.12  8.36 306 1016.3  14.7 999.0  12.8 99.0 99.00 
2024 02 25 06 20 343  1.4  2.3 99.00 99.00 99.00 999 1016.3  14.7 999.0  12.9 99.0 99.00 
2024 02 25 06 30 352  1.6  2.2 99.00 99.00 99.00 999 1016.2  14.7 999.0  13.0 99.0 99.00 
2024 02 25 06 40 352  1.4  2.2  1.36  8.33  8.30 228 1016.2  14.6 999.0  12.9 99.0 99.00 
2024 02 25 06 50   8  0.9  1.7 99.00 99.00 99.00 999 1016.2  14.7 999.0  13.1 99.0 99.00 
2024 02 25 07 00  94  1.2  3.8 99.00 99.00 99.00 999 1016.2  14.6 999.0  13.1 99.0 99.00 
2024 02 25 07 10 144  2.2  3.4  1.56 12.12  8.79 303 1016.2  14.4 999.0  12.7 99.0 99.00 
2024 02 25 07 20 154  2.4  3.3 99.00 99.00 99.00 999 1016.2  14.4 999.0  12.8 99.0 99.00 
2024 02 25 07 30 153  2.6  3.5 99.00 99.00 99.00 999 1016.2  14.4 999.0  12.6 99.0 99.00 
2024 02 25 07 40 155  2.8  3.7  1.55 12.12  8.68 287 1016.3  14.4 999.0  12.8 99.0 99.00 
2024 02 25 07 50 148  2.1  3.2 99.00 99.00 99.00 999 1016.3  14.4 999.0  12.9 99.0 99.00 
2024 02 25 08 00 125  1.1  2.3 99.00 99.00 99.00 999 1016.3  14.4 999.0  13.1 99.0 99.00 
2024 02 25 08 10 144  1.5  2.3  1.56 12.12  8.92 292 1016.3  14.3 999.0  13.0 99.0 99.00 
2024 02 25 08 20 156  1.7  2.5 99.00 99.00 99.00 999 1016.2  14.3 999.0  13.0 99.0 99.00 
2024 02 25 08 30 165  1.7  2.4 99.00 99.00 99.00 999 1016.3  14.3 999.0  13.1 99.0 99.00 
2024 02 25 08 40 151  1.3  2.1  1.48 12.90  8.68 302 1016.2  14.3 999.0  13.1 99.0 99.00 
2024 02 25 08 50 137  1.1  1.7 99.00 99.00 99.00 999 1016.2  14.3 999.0  13.1 99.0 99.00 
2024 02 25 09 00 118  0.4  1.1 99.00 99.00 99.00 999 1016.3  14.3 999.0  13.1 99.0 99.00 
2024 02 25 09 10 117  0.4  1.1  1.40 12.90  8.72 293 1016.2  14.2 999.0  13.0 99.0 99.00 
2024 02 25 09 20 124  0.9  1.8 99.00 99.00 99.00 999 1016.2  14.2 999.0  12.9 99.0 99.00 
2024 02 25 09 30 110  1.1  1.9 99.00 99.00 99.00 999 1016.3  14.2 999.0  13.0 99.0 99.00 
2024 02 25 09 40 125  1.9  2.5  1.67 12.12  9.28 299 1016.2  14.1 999.0  12.9 99.0 99.00 
2024 02 25 09 50 143  2.4  3.4 99.00 99.00 99.00 999 1016.2  14.1 999.0  12.9 99.0 99.00 
2024 02 25 10 00 131  2.0  2.7 99.00 99.00 99.00 999 1016.1  14.0 999.0  13.0 99.0 99.00 
2024 02 25 10 10 132  2.1  3.3  1.66 12.12  9.18 287 1016.0  13.9 999.0  13.0 99.0 99.00 
2024 02 25 10 20 143  2.2  3.0 99.00 99.00 99.00 999 1016.0  13.9 999.0  13.1 99.0 99.00 
2024 02 25 10 30 136  1.9  2.9 99.00 99.00 99.00 999 1015.9  13.9 999.0  13.1 99.0 99.00 
2024 02 25 10 40 124  1.6  2.7  1.69 12.90  9.46 302 1016.0  13.9 999.0  13.1 99.0 99.00 
2024 02 25 10 50 130  1.1  2.2 99.00 99.00 99.00 999 1015.9  14.0 999.0  13.2 99.0 99.00 
2024 02 25 11 00 119  1.3  2.4 99.00 99.00 99.00 999 1015.8  13.9 999.0  13.1 99.0 99.00 
2024 02 25 11 10 125  1.4  2.2  1.72 11.43  9.09 285 1015.9  13.9 999.0  13.1 99.0 99.00 
2024 02 25 11 20 120  1.4  2.4 99.00 99.00 99.00 999 1015.9  13.9 999.0  13.2 99.0 99.00 
2024 02 25 11 30 122  1.6  2.5 99.00 99.00 99.00 999 1016.0  13.8 999.0  13.1 99.0 99.00 
2024 02 25 11 40 132  1.6  2.4  1.65 11.43  9.18 300 1016.0  13.9 999.0  13.2 99.0 99.00 
2024 02 25 11 50 122  1.9  2.9 99.00 99.00 99.00 999 1015.9  13.9 999.0  13.2 99.0 99.00 
2024 02 25 12 00 133  2.1  3.1 99.00 99.00 99.00 999 1015.9  13.9 999.0  13.2 99.0 99.00 
2024 02 25 12 10 127  2.2  3.5  1.70 12.12  9.27 298 1015.9  13.9 999.0  13.3 99.0 99.00 
2024 02 25 12 20 118  2.4  3.4 99.00 99.00 99.00 999 1015.9  13.9 999.0  13.4 99.0 99.00 
2024 02 25 12 30 135  2.4  3.7 99.00 99.00 99.00 999 1016.0  13.9 999.0  13.4 99.0 99.00 
2024 02 25 12 40 131  2.4  3.5  1.65 12.12  8.60 301 1016.0  13.9 999.0  13.4 99.0 99.00 
2024 02 25 12 50 127  3.1  4.4 99.00 99.00 99.00 999 1016.0  13.9 999.0  13.4 99.0 99.00 
2024 02 25 13 00 126  3.3  4.5 99.00 99.00 99.00 999 1015.9  13.8 999.0  13.4 99.0 99.00 
2024 02 25 13 10 136  3.5  4.5  1.64 12.12  9.14 299 1016.1  13.8 999.0  13.4 99.0 99.00 
2024 02 25 13 20 139  3.4  4.6 99.00 99.00 99.00 999 1016.2  13.8 999.0  13.4 99.0 99.00 
2024 02 25 13 30 140  3.2  4.5 99.00 99.00 99.00 999 1016.3  13.8 999.0  13.3 99.0 99.00 
2024 02 25 13 40 142  2.9  4.5  1.77 12.12  9.71 303 1016.4  13.8 999.0  13.3 99.0 99.00 
2024 02 25 13 50 139  2.8  3.9 99.00 99.00 99.00 999 1016.5  13.8 999.0  13.3 99.0 99.00 
2024 02 25 14 00 138  2.8  3.9 99.00 99.00 99.00 999 1016.6  13.9 999.0  13.4 99.0 99.00 
2024 02 25 14 10 149  3.3  5.0  1.60 19.05  8.93 291 1016.6  13.8 999.0  13.3 99.0 99.00 
2024 02 25 14 20 153  3.9  5.3 99.00 99.00 99.00 999 1016.6  13.7 999.0  13.2 99.0 99.00 
2024 02 25 14 30 160  4.6  6.1 99.00 99.00 99.00 999 1016.6  13.6 999.0  13.1 99.0 99.00 
2024 02 25 14 40 166  4.7  5.7  1.69 17.39  8.71 280 1016.6  13.4 999.0  12.9 99.0 99.00 
2024 02 25 14 50 179  4.1  5.5 99.00 99.00 99.00 999 1016.8  13.0 999.0  12.5 99.0 99.00 
2024 02 25 15 00 190  3.7  4.7 99.00 99.00 99.00 999 1016.8  13.0 999.0  12.5 99.0 99.00 
2024 02 25 15 10 184  3.4  4.6  1.83 19.05  9.13 298 1016.9  13.2 999.0  12.7 99.0 99.00 
2024 02 25 15 20 168  3.2  4.4 99.00 99.00 99.00 999 1017.0  13.3 999.0  12.7 99.0 99.00 
2024 02 25 15 30 151  3.5  5.1 99.00 99.00 99.00 999 1017.0  13.2 999.0  12.4 99.0 99.00 
2024 02 25 15 40 161  2.9  4.6  1.94 19.05  8.92 300 1017.1  13.3 999.0  12.3 99.0 99.00 
2024 02 25 15 50 175  4.1  5.7 99.00 99.00 99.00 999 1017.3  13.5 999.0  12.7 99.0 99.00 
2024 02 25 16 00 173  5.0  6.5 99.00 99.00 99.00 999 1017.3  13.3 999.0  12.4 99.0 99.00 
2024 02 25 16 10 177  4.8  6.1  1.84 19.05  9.05 307 1017.3  13.4 999.0  12.4 99.0 99.00 
2024 02 25 16 20 168  4.6  6.5 99.00 99.00 99.00 999 1017.4  13.3 999.0  12.2 99.0 99.00 
2024 02 25 16 30 158  3.9  5.7 99.00 99.00 99.00 999 1017.4  13.4 999.0  12.3 99.0 99.00 
2024 02 25 16 40 158  3.8  5.4  1.60 19.05  8.20 293 1017.5  13.3 999.0  12.1 99.0 99.00 
2024 02 25 16 50 151  4.2  6.1 99.00 99.00 99.00 999 1017.6  13.2 999.0  12.0 99.0 99.00 
2024 02 25 17 00 163  3.8  5.8 99.00 99.00 99.00 999 1017.8  13.2 999.0  11.9 99.0 99.00 
2024 02 25 17 10 180  3.5  4.9  2.06 17.39  9.76 295 1017.9  13.2 999.0  11.9 99.0 99.00 
2024 02 25 17 20 171  4.1  5.9 99.00 99.00 99.00 999 1017.9  13.2 999.0  11.8 99.0 99.00 
2024 02 25 17 30 166  4.0  5.8 99.00 99.00 99.00 999 1017.9  13.3 999.0  11.9 99.0 99.00 
2024 02 25 17 40 164  5.3  7.0  2.01 17.39  9.13 303 1018.0  13.2 999.0  11.8 99.0 99.00 
2024 02 25 17 50 155  4.4  6.6 99.00 99.00 99.00 999 1018.2  13.3 999.0  11.8 99.0 99.00 
2024 02 25 18 00 162  4.3  5.8 99.00 99.00 99.00 999 1018.3  13.3 999.0  11.8 99.0 99.00 
2024 02 25 18 10 169  4.3  6.8  2.27 17.39  9.65 296 1018.6  13.2 999.0  11.8 99.0 99.00 
2024 02 25 18 20 162  4.6  6.8 99.00 99.00 99.00 999 1018.7  13.2 999.0  11.7 99.0 99.00 
2024 02 25 18 30 170  4.8  6.4 99.00 99.00 99.00 999 1018.7  13.2 999.0  11.7 99.0 99.00 
2024 02 25 18 40 168  4.9  6.5  2.09 17.39  9.16 307 1018.8  13.2 999.0  11.6 99.0 99.00 
2024 02 25 18 50 171  4.8  6.6 99.00 99.00 99.00 999 1018.6  13.2 999.0  11.7 99.0 99.00 
2024 02 25 19 00 171  3.6  5.0 99.00 99.00 99.00 999 1018.5  13.3 999.0  11.7 99.0 99.00 
2024 02 25 19 10 168  3.8  5.4  1.94 19.05  8.87 320 1018.5  13.4 999.0  11.8 99.0 99.00 
2024 02 25 19 20 170  4.3  5.9 99.00 99.00 99.00 999 1018.5  13.4 999.0  11.8 99.0 99.00 
2024 02 25 19 30 168  4.2  5.5 99.00 99.00 99.00 999 1018.4  13.3 999.0  11.6 99.0 99.00 
2024 02 25 19 40 166  4.1  5.6  1.99 19.05  9.19 283 1018.4  13.3 999.0  11.5 99.0 99.00 
2024 02 25 19 50 163  3.8  5.3 99.00 99.00 99.00 999 1018.4  13.3 999.0  11.6 99.0 99.00 
2024 02 25 20 00 169  3.4  4.9 99.00 99.00 99.00 999 1018.3  13.4 999.0  11.6 99.0 99.00 
2024 02 25 20 10 156  2.6  3.9  1.99 17.39  9.34 310 1018.2  13.4 999.0  11.6 99.0 99.00 
2024 02 25 20 20 148  2.5  3.9 99.00 99.00 99.00 999 1018.0  13.3 999.0  11.4 99.0 99.00 
2024 02 25 20 30 145  2.7  4.5 99.00 99.00 99.00 999 1017.6  13.4 999.0  11.5 99.0 99.00 
2024 02 25 20 40 132  2.6  4.1  2.09 19.05  9.77 298 1017.5  13.5 999.0  11.5 99.0 99.00 
2024 02 25 20 50 116  2.5  3.9 99.00 99.00 99.00 999 1017.4  13.5 999.0  11.5 99.0 99.00 
2024 02 25 21 00 107  2.7  4.2 99.00 99.00 99.00 999 1017.2  13.5 999.0  11.5 99.0 99.00 
2024 02 25 21 10 107  3.0  4.5  2.07 17.39 10.08 291 1016.9  13.5 999.0  11.5 99.0 99.00 
2024 02 25 21 20 109  3.5  4.5 99.00 99.00 99.00 999 1016.8  13.4 999.0  11.5 99.0 99.00 
2024 02 25 21 30 101  4.1  5.5 99.00 99.00 99.00 999 1016.7  13.4 999.0  11.5 99.0 99.00 
2024 02 25 21 40 107  4.5  5.9  1.86 17.39  9.24 299 1016.6  13.3 999.0  11.4 99.0 99.00 
2024 02 25 21 50 115  3.9  5.5 99.00 99.00 99.00 999 1016.7  13.4 999.0  11.5 99.0 99.00 
2024 02 25 22 00 136  4.2  5.5 99.00 99.00 99.00 999 1017.0  13.4 999.0  11.5 99.0 99.00 
2024 02 25 22 10 149  3.5  5.0  2.08 17.39  9.89 304 1017.0  13.4 999.0  11.6 99.0 99.00 
2024 02 25 22 20 143  3.3  4.7 99.00 99.00 99.00 999 1016.8  13.5 999.0  11.7 99.0 99.00 
2024 02 25 22 30 177  4.3  5.5 99.00 99.00 99.00 999 1017.2  13.5 999.0  11.7 99.0 99.00 
2024 02 25 22 40 190  4.6  5.8  2.08 19.05 10.18 285 1017.2  13.5 999.0  11.7 99.0 99.00 
2024 02 25 22 50 192  4.6  5.5 99.00 99.00 99.00 999 1017.1  13.5 999.0  11.7 99.0 99.00 
2024 02 25 23 00 197  4.4  5.5 99.00 99.00 99.00 999 1017.1  13.5 999.0  11.6 99.0 99.00 
2024 02 25 23 10 198  4.6  5.8  2.09 17.39 10.62 297 1017.1  13.6 999.0  11.6 99.0 99.00 
2024 02 25 23 20 204  4.3  5.3 99.00 99.00 99.00 999 1017.1  13.6 999.0  11.6 99.0 99.00 
2024 02 25 23 30 214  4.0  4.9 99.00 99.00 99.00 999 1017.0  13.6 999.0  11.5 99.0 99.00 
2024 02 25 23 40 215  4.0  5.3  2.01 16.00 10.24 298 1016.9  13.7 999.0  11.7 99.0 99.00 
2024 02 25 23 50 215  3.8  4.8 99.00 99.00 99.00 999 1016.9  13.7 999.0  11.6 99.0 99.00 
2024 02 26 00 00 225  3.7  4.6 99.00 99.00 99.00 999 1016.8  13.8 999.0  11.8 99.0 99.00 
2024 02 26 00 10 221  3.7  4.7  1.90 17.39 10.14 304 1016.9  13.8 999.0  11.7 99.0 99.00 
2024 02 26 00 20 221  3.6  4.5 99.00 99.00 99.00 999 1017.0  13.9 999.0  11.7 99.0 99.00 
2024 02 26 00 30 223  3.7  4.8 99.00 99.00 99.00 999 1016.9  13.7 999.0  11.5 99.0 99.00 
2024 02 26 00 40 227  3.4  4.3  2.24 16.00 10.92 308 1016.8  13.8 999.0  11.5 99.0 99.00 
2024 02 26 00 50 241  3.1  4.2 99.00 99.00 99.00 999 1016.9  13.8 999.0  11.5 99.0 99.00 
2024 02 26 01 00 249  2.9  3.7 99.00 99.00 99.00 999 1016.8  13.9 999.0  11.6 99.0 99.00 
2024 02 26 01 10 249  2.9  3.6  1.99 17.39 10.65 291 1016.9  13.7 999.0  11.4 99.0 99.00 
2024 02 26 01 20 242  2.7  3.7 99.00 99.00 99.00 999 1016.9  13.6 999.0  11.4 99.0 99.00 
2024 02 26 01 30 249  2.9  3.8 99.00 99.00 99.00 999 1017.0  13.5 999.0  11.4 99.0 99.00 
2024 02 26 01 40 243  2.9  3.7  1.92 17.39 10.38 283 1016.9  13.5 999.0  11.4 99.0 99.00 
2024 02 26 01 50 234  2.9  4.0 99.00 99.00 99.00 999 1016.8  13.4 999.0  11.4 99.0 99.00 
2024 02 26 02 00 234  2.9  3.5 99.00 99.00 99.00 999 1016.9  13.4 999.0  11.3 99.0 99.00 
2024 02 26 02 10 242  2.7  3.8  1.77 14.81  9.95 300 1017.0  13.5 999.0  11.5 99.0 99.00 
2024 02 26 02 20 233  2.6  3.4 99.00 99.00 99.00 999 1017.1  13.5 999.0  11.7 99.0 99.00 
2024 02 26 02 30 233  3.0  4.0 99.00 99.00 99.00 999 1017.2  13.5 999.0  11.7 99.0 99.00 
2024 02 26 02 40 240  3.2  4.3  1.99 16.00 10.58 308 1017.2  13.5 999.0  11.8 99.0 99.00 
2024 02 26 02 50 256  3.0  3.8 99.00 99.00 99.00 999 1017.2  13.5 999.0  11.7 99.0 99.00 
2024 02 26 03 00 265  2.3  3.3 99.00 99.00 99.00 999 1017.2  13.5 999.0  11.8 99.0 99.00 
2024 02 26 03 10 262  2.4  3.7  1.96 16.00 10.11 303 1017.2  13.5 999.0  11.8 99.0 99.00 
2024 02 26 03 20 261  2.2  3.3 99.00 99.00 99.00 999 1017.0  13.6 999.0  12.0 99.0 99.00 
2024 02 26 03 30 267  2.3  3.3 99.00 99.00 99.00 999 1017.2  13.5 999.0  11.9 99.0 99.00 
2024 02 26 03 40 287  2.8  3.8  2.00 14.81 10.14 302 1017.2  13.6 999.0  12.1 99.0 99.00 
2024 02 26 03 50 274  2.8  5.0 99.00 99.00 99.00 999 1017.3  13.4 999.0  11.5 99.0 99.00 
2024 02 26 04 00 280  3.2  4.3 99.00 99.00 99.00 999 1017.4  13.6 999.0  11.8 99.0 99.00 
2024 02 26 04 10 271  2.6  4.6  2.01 16.00 10.14 302 1017.3  13.6 999.0  11.7 99.0 99.00 
2024 02 26 04 20 264  2.5  5.0 99.00 99.00 99.00 999 1017.4  13.6 999.0  11.5 99.0 99.00 
2024 02 26 04 30 276  2.1  3.2 99.00 99.00 99.00 999 1017.4  13.6 999.0  11.7 99.0 99.00 
2024 02 26 04 40 283  1.8  3.0  1.76 16.00  9.48 299 1017.5  13.6 999.0  11.8 99.0 99.00 
2024 02 26 04 50 260  1.1  2.2 99.00 99.00 99.00 999 1017.6  13.7 999.0  11.9 99.0 99.00 
2024 02 26 05 00 346  0.4  1.3 99.00 99.00 99.00 999 1017.6  13.7 999.0  12.1 99.0 99.00 
2024 02 26 05 10  13  0.0  0.6  2.00 17.39 10.09 293 1017.7  13.6 999.0  12.1 99.0 99.00 
2024 02 26 05 20 110  0.0  0.8 99.00 99.00 99.00 999 1017.6  13.5 999.0  12.0 99.0 99.00 
2024 02 26 05 30 110  0.2  1.2 99.00 99.00 99.00 999 1017.8  13.4 999.0  12.0 99.0 99.00 
2024 02 26 05 40 218  0.1  1.3  1.90 13.79  9.81 312 1017.8  13.4 999.0  12.0 99.0 99.00 
2024 02 26 05 50 243  1.1  2.5 99.00 99.00 99.00 999 1017.7  13.5 999.0  12.1 99.0 99.00 
2024 02 26 06 00 331  1.4  2.5 99.00 99.00 99.00 999 1017.6  13.5 999.0  12.1 99.0 99.00 
2024 02 26 06 10 350  1.3  2.9  2.23 17.39 10.65 295 1017.8  13.4 999.0  12.1 99.0 99.00 
2024 02 26 06 20 351  1.4  2.2 99.00 99.00 99.00 999 1017.8  13.4 999.0  12.2 99.0 99.00 
2024 02 26 06 30 352  1.2  2.5 99.00 99.00 99.00 999 1017.8  13.4 999.0  12.1 99.0 99.00 
2024 02 26 06 40 346  0.7  2.2  2.00 16.00  9.71 294 1017.8  13.4 999.0  12.1 99.0 99.00 
2024 02 26 06 50 318  0.5  1.7 99.00 99.00 99.00 999 1017.8  13.5 999.0  12.1 99.0 99.00 
2024 02 26 07 00 314  0.3  1.5 99.00 99.00 99.00 999 1017.9  13.5 999.0  12.0 99.0 99.00 
2024 02 26 07 10 156  0.1  0.6  2.19 14.81 10.40 303 1017.9  13.6 999.0  12.1 99.0 99.00 
2024 02 26 07 20 200  1.1  2.9 99.00 99.00 99.00 999 1017.8  13.6 999.0  12.1 99.0 99.00 
2024 02 26 07 30 226  2.4  3.2 99.00 99.00 99.00 999 1017.8  13.6 999.0  12.1 99.0 99.00 
2024 02 26 07 40 234  2.0  3.4  2.32 17.39 10.35 295 1017.6  13.6 999.0  12.1 99.0 99.00 
2024 02 26 07 50 258  2.7  3.9 99.00 99.00 99.00 999 1017.6  13.6 999.0  11.9 99.0 99.00 
2024 02 26 08 00 235  3.3  4.5 99.00 99.00 99.00 999 1017.6  13.6 999.0  12.2 99.0 99.00 
2024 02 26 08 10 198  2.8  3.6  1.93 13.79  9.23 297 1017.6  13.6 999.0  12.3 99.0 99.00 
2024 02 26 08 20 189  3.5  4.4 99.00 99.00 99.00 999 1017.7  13.5 999.0  12.4 99.0 99.00 
2024 02 26 08 30 194  3.3  4.6 99.00 99.00 99.00 999 1017.7  13.5 999.0  12.4 99.0 99.00 
2024 02 26 08 40 196  3.0  4.2  2.07 16.00  9.35 292 1017.6  13.5 999.0  12.4 99.0 99.00 
2024 02 26 08 50 197  2.6  3.7 99.00 99.00 99.00 999 1017.6  13.5 999.0  12.4 99.0 99.00 
2024 02 26 09 00 193  2.9  3.8 99.00 99.00 99.00 999 1017.5  13.6 999.0  12.4 99.0 99.00 
2024 02 26 09 10 198  2.8  3.9  2.05 12.90  9.60 308 1017.5  13.6 999.0  12.4 99.0 99.00 
2024 02 26 09 20 200  2.8  3.7 99.00 99.00 99.00 999 1017.5  13.6 999.0  12.5 99.0 99.00 
2024 02 26 09 30 205  2.3  3.5 99.00 99.00 99.00 999 1017.4  13.6 999.0  12.4 99.0 99.00 
2024 02 26 09 40 216  2.3  3.2  2.18 16.00  9.96 306 1017.4  13.6 999.0  12.3 99.0 99.00 
2024 02 26 09 50 226  2.5  3.3 99.00 99.00 99.00 999 1017.3  13.6 999.0  12.2 99.0 99.00 
2024 02 26 10 00 237  2.2  3.3 99.00 99.00 99.00 999 1017.1  13.6 999.0  12.1 99.0 99.00 
2024 02 26 10 10 265  1.6  2.7  1.94 13.79  9.58 302 1017.0  13.6 999.0  12.0 99.0 99.00 
2024 02 26 10 20 283  1.8  3.3 99.00 99.00 99.00 999 1016.8  13.6 999.0  12.0 99.0 99.00 
2024 02 26 10 30  23  1.7  2.7 99.00 99.00 99.00 999 1016.6  13.6 999.0  12.1 99.0 99.00 
2024 02 26 10 40  39  2.0  3.4  1.85 16.00  9.31 293 1016.6  13.4 999.0  12.1 99.0 99.00 
2024 02 26 10 50  55  2.6  3.7 99.00 99.00 99.00 999 1016.5  13.2 999.0  11.9 99.0 99.00 
2024 02 26 11 00  56  2.5  3.8 99.00 99.00 99.00 999 1016.5  13.1 999.0  11.9 99.0 99.00 
2024 02 26 11 10  70  2.3  3.5  2.11 12.90  9.87 310 1016.4  13.0 999.0  11.8 99.0 99.00 
2024 02 26 11 20  68  2.1  3.1 99.00 99.00 99.00 999 1016.4  13.0 999.0  11.7 99.0 99.00 
2024 02 26 11 30  69  1.7  2.7 99.00 99.00 99.00 999 1016.4  13.1 999.0  11.8 99.0 99.00 
2024 02 26 11 40  73  1.5  2.7  1.85 14.81  9.49 289 1016.5  13.1 999.0  11.8 99.0 99.00 
2024 02 26 11 50  80  1.3  2.3 99.00 99.00 99.00 999 1016.6  13.1 999.0  11.8 99.0 99.00 
2024 02 26 12 00  66  1.5  2.7 99.00 99.00 99.00 999 1016.6  13.1 999.0  11.8 99.0 99.00 
2024 02 26 12 10  60  1.4  2.8  2.04 14.81 10.01 288 1016.6  13.1 999.0  11.8 99.0 99.00 
2024 02 26 12 20  64  1.2  1.9 99.00 99.00 99.00 999 1016.6  13.0 999.0  11.7 99.0 99.00 
2024 02 26 12 30  82  1.3  2.2 99.00 99.00 99.00 999 1016.7  13.0 999.0  11.8 99.0 99.00 
2024 02 26 12 40  68  1.3  2.2  2.01 16.00 10.60 297 1016.8  12.9 999.0  11.8 99.0 99.00 
2024 02 26 12 50  79  1.7  3.0 99.00 99.00 99.00 999 1016.7  12.9 999.0  11.9 99.0 99.00 
2024 02 26 13 00  93  2.4  3.7 99.00 99.00 99.00 999 1016.8  12.8 999.0  11.8 99.0 99.00 
2024 02 26 13 10  61  1.9  3.0  2.06 12.90 10.69 298 1016.9  12.8 999.0  11.9 99.0 99.00 
2024 02 26 13 20  67  1.7  2.5 99.00 99.00 99.00 999 1016.9  12.8 999.0  12.0 99.0 99.00 
2024 02 26 13 30  96  1.8  3.0 99.00 99.00 99.00 999 1017.0  12.7 999.0  11.9 99.0 99.00 
2024 02 26 13 40  96  2.0  3.1  1.72 16.00  9.43 291 1017.2  12.7 999.0  11.9 99.0 99.00 
2024 02 26 13 50  78  1.8  2.8 99.00 99.00 99.00 999 1017.3  12.7 999.0  12.0 99.0 99.00 
2024 02 26 14 00  79  1.4  2.3 99.00 99.00 99.00 999 1017.5  12.7 999.0  12.0 99.0 99.00 
2024 02 26 14 10  89  0.9  2.0  1.84 16.00  9.82 301 1017.5  12.7 999.0  12.0 99.0 99.00 
2024 02 26 14 20 134  1.4  2.8 99.00 99.00 99.00 999 1017.3  12.7 999.0  12.1 99.0 99.00 
2024 02 26 14 30 152  2.9  4.9 99.00 99.00 99.00 999 1017.1  12.6 999.0  12.1 99.0 99.00 
2024 02 26 14 40 156  3.9  5.3  2.06 13.79 10.03 306 1017.2  12.5 999.0  12.1 99.0 99.00 
2024 02 26 14 50 175  3.7  4.9 99.00 99.00 99.00 999 1016.9  12.5 999.0  12.1 99.0 99.00 
2024 02 26 15 00 190  3.4  4.4 99.00 99.00 99.00 999 1016.8  12.5 999.0  12.0 99.0 99.00 
2024 02 26 15 10 209  3.0  4.2  1.85 12.90  9.62 295 1016.9  12.3 999.0  11.6 99.0 99.00 
2024 02 26 15 20 198  2.9  3.9 99.00 99.00 99.00 999 1016.8  12.5 999.0  11.8 99.0 99.00 
2024 02 26 15 30 208  2.8  3.9 99.00 99.00 99.00 999 1016.9  12.6 999.0  11.9 99.0 99.00 
2024 02 26 15 40 212  3.0  3.9  1.79 16.00  9.45 292 1016.8  12.7 999.0  12.0 99.0 99.00 
2024 02 26 15 50 236  2.8  3.8 99.00 99.00 99.00 999 1017.0  12.8 999.0  12.1 99.0 99.00 
2024 02 26 16 00 243  2.8  3.6 99.00 99.00 99.00 999 1016.9  12.8 999.0  12.0 99.0 99.00 
2024 02 26 16 10 247  2.4  3.5  2.00 12.90  9.76 306 1016.8  12.9 999.0  12.1 99.0 99.00 
2024 02 26 16 20 252  2.0  3.0 99.00 99.00 99.00 999 1016.8  13.0 999.0  12.1 99.0 99.00 
2024 02 26 16 30 256  2.1  3.2 99.00 99.00 99.00 999 1016.7  13.1 999.0  12.1 99.0 99.00 
2024 02 26 16 40 263  2.3  3.5  1.88 14.81  9.41 301 1016.7  13.2 999.0  12.2 99.0 99.00 
2024 02 26 16 50 263  3.0  4.3 99.00 99.00 99.00 999 1016.9  13.2 999.0  12.1 99.0 99.00 
2024 02 26 17 00 268  3.4  4.8 99.00 99.00 99.00 999 1017.0  13.2 999.0  12.2 99.0 99.00 
2024 02 26 17 10 264  3.4  4.5  1.86 16.00  9.34 291 1017.0  13.2 999.0  12.2 99.0 99.00 
2024 02 26 17 20 258  3.5  4.6 99.00 99.00 99.00 999 1017.1  13.2 999.0  12.2 99.0 99.00 
2024 02 26 17 30 271  4.2  5.8 99.00 99.00 99.00 999 1017.2  13.2 999.0  12.1 99.0 99.00 
2024 02 26 17 40 276  4.6  6.0  1.91 14.81  9.79 301 1017.2  13.3 999.0  12.3 99.0 99.00 
2024 02 26 17 50 281  4.6  6.0 99.00 99.00 99.00 999 1017.4  13.3 999.0  12.3 99.0 99.00 
2024 02 26 18 00 285  5.4  6.8 99.00 99.00 99.00 999 1017.5  13.3 999.0  12.4 99.0 99.00 
2024 02 26 18 10 306  6.1  8.1  1.83 14.81  9.25 298 1017.5  13.3 999.0  12.4 99.0 99.00 
2024 02 26 18 20 322  6.7  8.3 99.00 99.00 99.00 999 1017.6  13.1 999.0  12.3 99.0 99.00 
2024 02 26 18 30 321  7.7  9.5 99.00 99.00 99.00 999 1017.6  12.9 999.0  12.1 99.0 99.00 
2024 02 26 18 40 324  8.0 10.6  1.71 13.79  8.50 298 1017.8  12.9 999.0  12.1 99.0 99.00 
2024 02 26 18 50 327  7.9 10.6 99.00 99.00 99.00 999 1017.8  12.6 999.0  11.4 99.0 99.00 
2024 02 26 19 00 330  7.3  8.9 99.00 99.00 99.00 999 1017.8  12.8 999.0  11.5 99.0 99.00 
2024 02 26 19 10 333  7.5  9.3  1.80 14.81  8.00 290 1017.8  12.8 999.0  11.6 99.0 99.00 
2024 02 26 19 20 329  7.2  9.0 99.00 99.00 99.00 999 1017.8  12.7 999.0  11.5 99.0 99.00 
2024 02 26 19 30 326  6.0  7.5 99.00 99.00 99.00 999 1017.7  12.7 999.0  11.3 99.0 99.00 
2024 02 26 19 40 325  6.0  7.9  1.73 13.79  7.55 299 1017.5  12.8 999.0  11.2 99.0 99.00 
2024 02 26 19 50 323  5.4  6.9 99.00 99.00 99.00 999 1017.5  12.8 999.0  11.1 99.0 99.00 
2024 02 26 20 00 323  5.6  7.4 99.00 99.00 99.00 999 1017.1  12.9 999.0  10.9 99.0 99.00 
2024 02 26 20 10 324  5.7  7.1  1.79 14.81  7.30 297 1016.9  13.0 999.0  10.8 99.0 99.00 
2024 02 26 20 20 315  5.5  6.8 99.00 99.00 99.00 999 1016.8  13.0 999.0  10.8 99.0 99.00 
2024 02 26 20 30 319  5.8  7.3 99.00 99.00 99.00 999 1016.7  13.0 999.0  10.7 99.0 99.00 
2024 02 26 20 40 318  6.4  8.2  1.85 16.00  7.56 307 1016.6  13.1 999.0  10.8 99.0 99.00 
2024 02 26 20 50 317  6.8  8.8 99.00 99.00 99.00 999 1016.3  13.1 999.0  10.8 99.0 99.00 
2024 02 26 21 00 319  7.6  9.2 99.00 99.00 99.00 999 1016.2  13.1 999.0  11.3 99.0 99.00 
2024 02 26 21 10 320  7.5  9.0  1.70 12.90  6.95 293 1016.1  12.8 999.0  10.9 99.0 99.00 
2024 02 26 21 20 322  7.8  9.7 99.00 99.00 99.00 999 1016.0  12.8 999.0  11.0 99.0 99.00 
2024 02 26 21 30 320  7.8  9.4 99.00 99.00 99.00 999 1015.9  12.8 999.0  10.8 99.0 99.00 
2024 02 26 21 40 321  7.9  9.4  1.79 13.79  6.98 294 1016.0  12.8 999.0  10.7 99.0 99.00 
2024 02 26 21 50 317  8.3 10.3 99.00 99.00 99.00 999 1015.9  12.8 999.0  10.5 99.0 99.00 
2024 02 26 22 00 315  8.6 10.4 99.00 99.00 99.00 999 1015.9  12.8 999.0  10.3 99.0 99.00 
2024 02 26 22 10 318  8.6 10.5  1.88 12.90  6.75 307 1015.8  12.9 999.0  10.1 99.0 99.00 
2024 02 26 22 20 320  8.6 10.6 99.00 99.00 99.00 999 1015.7  12.9 999.0  10.0 99.0 99.00 
2024 02 26 22 30 315  9.1 11.2 99.00 99.00 99.00 999 1015.6  12.9 999.0   9.7 99.0 99.00 
2024 02 26 22 40 314  9.1 11.3  2.03 13.79  7.07 304 1015.6  12.9 999.0   9.9 99.0 99.00 
2024 02 26 22 50 319  9.7 12.0 99.00 99.00 99.00 999 1015.6  12.8 999.0   9.8 99.0 99.00 
2024 02 26 23 00 320  9.6 11.6 99.00 99.00 99.00 999 1015.6  12.7 999.0   9.7 99.0 99.00 
2024 02 26 23 10 320  9.2 11.1  2.07 13.79  6.59 308 1015.5  12.7 999.0   9.7 99.0 99.00 
2024 02 26 23 20 318  9.5 11.6 99.00 99.00 99.00 999 1015.4  12.7 999.0   9.7 99.0 99.00 
2024 02 26 23 30 318  9.3 11.5 99.00 99.00 99.00 999 1015.3  12.8 999.0   9.8 99.0 99.00 
2024 02 26 23 40 322  9.4 11.6  2.03 13.79  6.38 308 1015.2  12.8 999.0   9.9 99.0 99.00 
2024 02 26 23 50 321  9.9 12.3 99.00 99.00 99.00 999 1015.1  12.8 999.0   9.9 99.0 99.00 
2024 02 27 00 00 316 10.3 12.2 99.00 99.00 99.00 999 1015.2  12.8 999.0   9.9 99.0 99.00 
2024 02 27 00 10 315 10.0 12.5  2.05 14.81  6.36 300 1015.3  12.8 999.0   9.9 99.0 99.00 
2024 02 27 00 20 320 10.1 12.3 99.00 99.00 99.00 999 1015.2  12.7 999.0   9.8 99.0 99.00 
2024 02 27 00 30 321 10.3 12.5 99.00 99.00 99.00 999 1015.0  12.8 999.0  10.0 99.0 99.00 
2024 02 27 00 40 319 10.4 12.6  2.16 12.90  6.53 311 1015.1  12.7 999.0   9.8 99.0 99.00 
2024 02 27 00 50 321 10.8 13.2 99.00 99.00 99.00 999 1015.0  12.8 999.0   9.6 99.0 99.00 
2024 02 27 01 00 319 11.1 13.7 99.00 99.00 99.00 999 1015.0  12.9 999.0   9.7 99.0 99.00 
2024 02 27 01 10 316 11.3 13.8  2.09 14.81  6.23 301 1014.9  12.8 999.0  10.0 99.0 99.00 
2024 02 27 01 20 320 10.7 13.1 99.00 99.00 99.00 999 1014.8  12.8 999.0  10.0 99.0 99.00 
2024 02 27 01 30 319 11.3 13.7 99.00 99.00 99.00 999 1015.0  12.9 999.0  10.3 99.0 99.00 
2024 02 27 01 40 319 11.7 14.1  2.10 13.79  6.00 294 1015.0  12.9 999.0  10.8 99.0 99.00 
2024 02 27 01 50 321 11.7 14.6 99.00 99.00 99.00 999 1015.1  12.5 999.0  11.1 99.0 99.00 
2024 02 27 02 00 320 12.0 15.4 99.00 99.00 99.00 999 1015.0  12.3 999.0  10.8 99.0 99.00 
2024 02 27 02 10 319 12.0 15.2  2.10 13.79  5.66 301 1015.1  12.2 999.0  10.4 99.0 99.00 
2024 02 27 02 20 319 12.3 15.4 99.00 99.00 99.00 999 1015.2  12.1 999.0  10.1 99.0 99.00 
2024 02 27 02 30 320 11.7 14.4 99.00 99.00 99.00 999 1015.4  12.1 999.0  10.1 99.0 99.00 
2024 02 27 02 40 319 11.8 14.7  2.38 12.90  5.84 315 1015.4  12.1 999.0  10.0 99.0 99.00 
2024 02 27 02 50 322 12.0 14.3 99.00 99.00 99.00 999 1015.4  12.1 999.0   9.8 99.0 99.00 
2024 02 27 03 00 323 12.0 14.0 99.00 99.00 99.00 999 1015.5  12.1 999.0   9.5 99.0 99.00 
2024 02 27 03 10 326 12.2 14.7  2.31 14.81  5.99 296 1015.5  12.1 999.0   9.4 99.0 99.00 
2024 02 27 03 20 324 12.1 15.2 99.00 99.00 99.00 999 1015.5  12.1 999.0   9.4 99.0 99.00 
2024 02 27 03 30 330 12.1 14.7 99.00 99.00 99.00 999 1015.6  12.1 999.0   9.1 99.0 99.00 
2024 02 27 03 40 325 11.9 14.7  2.45 12.90  6.11 298 1015.7  12.0 999.0   8.7 99.0 99.00 
2024 02 27 03 50 326 10.7 13.9 99.00 99.00 99.00 999 1015.7  12.1 999.0   9.0 99.0 99.00 
2024 02 27 04 00 324 11.3 13.8 99.00 99.00 99.00 999 1015.8  12.0 999.0   8.7 99.0 99.00 
2024 02 27 04 10 324 11.9 14.3  2.39 12.90  6.02 315 1015.8  11.9 999.0   8.5 99.0 99.00 
2024 02 27 04 20 324 11.7 14.3 99.00 99.00 99.00 999 1015.9  12.0 999.0   8.9 99.0 99.00 
2024 02 27 04 30 321 10.8 13.2 99.00 99.00 99.00 999 1015.9  11.9 999.0   9.1 99.0 99.00 
2024 02 27 04 40 318 10.8 13.3  2.36 13.79  6.09 308 1016.1  11.8 999.0   9.1 99.0 99.00 
2024 02 27 04 50 323 10.4 12.9 99.00 99.00 99.00 999 1016.1  11.9 999.0   9.4 99.0 99.00 
2024 02 27 05 00 323 10.5 12.7 99.00 99.00 99.00 999 1016.1  12.0 999.0   9.4 99.0 99.00 
2024 02 27 05 10 322 10.4 12.7  2.28 13.79  6.00 303 1016.1  12.0 999.0   9.3 99.0 99.00 
2024 02 27 05 20 321  9.9 12.5 99.00 99.00 99.00 999 1016.1  12.2 999.0   9.6 99.0 99.00 
2024 02 27 05 30 329 10.7 13.1 99.00 99.00 99.00 999 1016.0  12.1 999.0   9.2 99.0 99.00 
2024 02 27 05 40 327 11.4 14.0  2.55 13.79  6.11 310 1016.0  12.0 999.0   8.5 99.0 99.00 
2024 02 27 05 50 322 11.5 14.8 99.00 99.00 99.00 999 1016.1  12.0 999.0   8.2 99.0 99.00 
2024 02 27 06 00 328 11.7 14.8 99.00 99.00 99.00 999 1016.1  11.9 999.0   7.8 99.0 99.00 
2024 02 27 06 10 328 11.7 14.6  2.71 12.90  6.32 309 1016.0  11.8 999.0   8.0 99.0 99.00 
2024 02 27 06 20 327 12.5 15.5 99.00 99.00 99.00 999 1015.8  11.7 999.0   7.7 99.0 99.00 
2024 02 27 06 30 329 12.6 15.7 99.00 99.00 99.00 999 1016.0  11.6 999.0   7.6 99.0 99.00 
2024 02 27 06 40 328 12.7 15.4  2.88  7.14  6.31 319 1015.9  11.4 999.0   7.6 99.0 99.00 
2024 02 27 06 50 329 12.9 16.9 99.00 99.00 99.00 999 1015.7  11.3 999.0   7.6 99.0 99.00 
2024 02 27 07 00 331 13.9 17.3 99.00 99.00 99.00 999 1015.4  11.3 999.0   8.0 99.0 99.00 
2024 02 27 07 10 329 14.6 18.3  3.10  7.69  6.39 321 1015.3  11.2 999.0   7.5 99.0 99.00 
2024 02 27 07 20 329 15.8 19.0 99.00 99.00 99.00 999 1015.2  11.1 999.0   7.2 99.0 99.00 
2024 02 27 07 30 328 15.1 19.6 99.00 99.00 99.00 999 1015.2  11.1 999.0   7.7 99.0 99.00 
2024 02 27 07 40 330 15.7 19.3  3.17  7.69  6.39 315 1015.2  11.0 999.0   7.2 99.0 99.00 
2024 02 27 07 50 326 15.4 20.4 99.00 99.00 99.00 999 1015.0  11.1 999.0   7.5 99.0 99.00 
2024 02 27 08 00 326 15.9 20.4 99.00 99.00 99.00 999 1015.1  11.0 999.0   7.5 99.0 99.00 
2024 02 27 08 10 330 16.1 20.5  3.44  7.69  6.48 328 1015.2  10.8 999.0   6.9 99.0 99.00 
2024 02 27 08 20 332 15.6 19.9 99.00 99.00 99.00 999 1015.0  11.0 999.0   7.3 99.0 99.00 
2024 02 27 08 30 331 16.5 20.8 99.00 99.00 99.00 999 1015.1  11.0 999.0   6.8 99.0 99.00 
2024 02 27 08 40 330 16.4 20.3  3.39  9.09  6.39 319 1015.2  10.9 999.0   6.5 99.0 99.00 
2024 02 27 08 50 330 16.6 20.7 99.00 99.00 99.00 999 1015.5  10.8 999.0   6.5 99.0 99.00 
2024 02 27 09 00 334 16.0 20.5 99.00 99.00 99.00 999 1015.8  10.8 999.0   6.6 99.0 99.00 
2024 02 27 09 10 335 15.6 20.0  3.50  8.33  6.77 319 1015.8  10.8 999.0   6.8 99.0 99.00 
2024 02 27 09 20 339 15.0 18.8 99.00 99.00 99.00 999 1016.0  10.9 999.0   7.1 99.0 99.00 
2024 02 27 09 30 334 15.1 19.6 99.00 99.00 99.00 999 1016.1  10.8 999.0   6.8 99.0 99.00 
2024 02 27 09 40 336 15.5 21.4  3.51  8.33  6.67 319 1016.1  10.8 999.0   6.7 99.0 99.00 
2024 02 27 09 50 335 14.3 18.1 99.00 99.00 99.00 999 1016.5  10.8 999.0   6.8 99.0 99.00 
2024 02 27 10 00 335 14.5 18.4 99.00 99.00 99.00 999 1016.7  10.7 999.0   6.6 99.0 99.00 
2024 02 27 10 10 336 15.0 17.9  3.55  7.69  6.47 325 1016.5  10.7 999.0   6.3 99.0 99.00 
2024 02 27 10 20 332 15.0 18.1 99.00 99.00 99.00 999 1016.3  10.7 999.0   6.4 99.0 99.00 
2024 02 27 10 30 334 14.8 18.1 99.00 99.00 99.00 999 1016.4  10.7 999.0   6.6 99.0 99.00 
2024 02 27 10 40 336 14.0 17.7  3.25  8.33  6.45 318 1016.5  10.7 999.0   6.6 99.0 99.00 
2024 02 27 10 50 335 14.0 17.3 99.00 99.00 99.00 999 1016.4  10.6 999.0   6.5 99.0 99.00 
2024 02 27 11 00 336 14.1 17.5 99.00 99.00 99.00 999 1016.4  10.6 999.0   6.5 99.0 99.00 
2024 02 27 11 10 337 14.1 18.2  3.26  7.69  6.54 326 1016.5  10.5 999.0   6.4 99.0 99.00 
2024 02 27 11 20 341 14.8 18.1 99.00 99.00 99.00 999 1016.6  10.4 999.0   6.0 99.0 99.00 
2024 02 27 11 30 338 14.4 17.4 99.00 99.00 99.00 999 1016.7  10.5 999.0   5.9 99.0 99.00 
2024 02 27 11 40 339 13.9 17.4  3.05  7.14  6.40 320 1016.7  10.5 999.0   5.4 99.0 99.00 
2024 02 27 11 50 340 12.0 16.4 99.00 99.00 99.00 999 1016.9  10.5 999.0   5.6 99.0 99.00 
2024 02 27 12 00 347 11.1 14.3 99.00 99.00 99.00 999 1017.1  10.2 999.0   5.4 99.0 99.00 
2024 02 27 12 10 347 10.9 14.3  2.91  7.14  6.69 323 1017.2  10.1 999.0   5.3 99.0 99.00 
2024 02 27 12 20 343 10.8 13.7 99.00 99.00 99.00 999 1017.4  10.0 999.0   5.1 99.0 99.00 
2024 02 27 12 30 341 10.6 12.9 99.00 99.00 99.00 999 1017.3  10.1 999.0   5.2 99.0 99.00 
2024 02 27 12 40 340 11.0 13.6  2.90  8.33  6.80 321 1017.3   9.9 999.0   4.5 99.0 99.00 
2024 02 27 12 50 339 10.4 12.5 99.00 99.00 99.00 999 1017.3   9.9 999.0   4.7 99.0 99.00 
2024 02 27 13 00 339 10.3 12.7 99.00 99.00 99.00 999 1017.3   9.9 999.0   4.8 99.0 99.00 
2024 02 27 13 10 335 10.2 12.3  2.66  8.33  6.55 321 1017.6  10.0 999.0   4.8 99.0 99.00 
2024 02 27 13 20 337 10.1 12.7 99.00 99.00 99.00 999 1017.5   9.9 999.0   4.5 99.0 99.00 
2024 02 27 13 30 341 10.1 12.5 99.00 99.00 99.00 999 1017.8  10.0 999.0   4.6 99.0 99.00 
2024 02 27 13 40 339  9.6 12.6  2.65 12.12  6.90 326 1017.7  10.1 999.0   4.7 99.0 99.00 
2024 02 27 13 50 340  9.9 12.4 99.00 99.00 99.00 999 1017.9  10.0 999.0   4.6 99.0 99.00 
2024 02 27 14 00 336  9.3 11.3 99.00 99.00 99.00 999 1018.0  10.0 999.0   4.8 99.0 99.00 
2024 02 27 14 10 335  9.7 11.3  2.64 12.12  6.85 321 1018.0  10.0 999.0   4.5 99.0 99.00 
2024 02 27 14 20 334  9.1 11.1 99.00 99.00 99.00 999 1018.2  10.1 999.0   4.8 99.0 99.00 
2024 02 27 14 30 337  9.3 10.8 99.00 99.00 99.00 999 1018.3  10.0 999.0   4.3 99.0 99.00 
2024 02 27 14 40 338  8.7 10.7  2.67  8.33  6.94 315 1018.4  10.1 999.0   4.6 99.0 99.00 
2024 02 27 14 50 336  8.6 10.5 99.00 99.00 99.00 999 1018.7  10.0 999.0   4.6 99.0 99.00 
2024 02 27 15 00 334  8.7 10.6 99.00 99.00 99.00 999 1018.7  10.0 999.0   4.3 99.0 99.00 
2024 02 27 15 10 332  8.2  9.8  2.60 13.79  7.04 309 1018.8  10.1 999.0   4.4 99.0 99.00 
2024 02 27 15 20 334  7.8  9.9 99.00 99.00 99.00 999 1018.8  10.2 999.0   4.6 99.0 99.00 
2024 02 27 15 30 334  7.6  9.6 99.00 99.00 99.00 999 1018.9  10.1 999.0   4.1 99.0 99.00 
2024 02 27 15 40 335  7.6  9.9  2.42 10.00  6.86 323 1019.0  10.2 999.0   3.8 99.0 99.00 
2024 02 27 15 50 333  7.5  9.2 99.00 99.00 99.00 999 1019.1  10.2 999.0   3.8 99.0 99.00 
2024 02 27 16 00 331  7.1  8.7 99.00 99.00 99.00 999 1019.4  10.2 999.0   3.5 99.0 99.00 
2024 02 27 16 10 332  6.9  8.6  2.52 11.43  7.10 311 1019.4  10.3 999.0   3.7 99.0 99.00 
2024 02 27 16 20 327  6.7  8.6 99.00 99.00 99.00 999 1019.4  10.3 999.0   3.3 99.0 99.00 
2024 02 27 16 30 326  6.8  8.4 99.00 99.00 99.00 999 1019.5  10.2 999.0   3.5 99.0 99.00 
2024 02 27 16 40 332  6.7  8.5  2.49 11.43  7.08 315 1019.6  10.3 999.0   3.9 99.0 99.00 
2024 02 27 16 50 334  7.0  9.4 99.00 99.00 99.00 999 1019.7  10.2 999.0   3.5 99.0 99.00 
2024 02 27 17 00 329  6.9  9.0 99.00 99.00 99.00 999 1019.7  10.4 999.0   4.2 99.0 99.00 
2024 02 27 17 10 334  8.5 10.7  2.62 12.12  7.29 315 1019.8  10.3 999.0   4.0 99.0 99.00 
2024 02 27 17 20 337  8.1 10.7 99.00 99.00 99.00 999 1019.8  10.3 999.0   4.4 99.0 99.00 
2024 02 27 17 30 340  8.2 10.6 99.00 99.00 99.00 999 1020.0  10.2 999.0   4.3 99.0 99.00 
2024 02 27 17 40 342  8.0 10.8  2.83 12.12  7.21 316 1020.0  10.4 999.0   4.3 99.0 99.00 
2024 02 27 17 50 340  8.2 10.0 99.00 99.00 99.00 999 1020.0  10.4 999.0   4.3 99.0 99.00 
2024 02 27 18 00 336  8.1 10.1 99.00 99.00 99.00 999 1020.0  10.5 999.0   4.0 99.0 99.00 
2024 02 27 18 10 333  7.9  9.7  2.91  8.33  7.33 311 1020.1  10.5 999.0   3.5 99.0 99.00 
2024 02 27 18 20 337  7.8 10.4 99.00 99.00 99.00 999 1020.2  10.6 999.0   4.1 99.0 99.00 
2024 02 27 18 30 341  7.9 10.0 99.00 99.00 99.00 999 1020.2  10.7 999.0   3.6 99.0 99.00 
2024 02 27 18 40 339  7.7 10.0  2.73 12.12  7.25 312 1020.2  10.8 999.0   4.2 99.0 99.00 
2024 02 27 18 50 335  8.2 10.2 99.00 99.00 99.00 999 1020.2  10.8 999.0   4.1 99.0 99.00 
2024 02 27 19 00 333  8.3 10.0 99.00 99.00 99.00 999 1020.2  11.0 999.0   4.2 99.0 99.00 
2024 02 27 19 10 335  8.6 10.3  2.61 11.43  6.79 309 1020.1  11.1 999.0   3.6 99.0 99.00 
2024 02 27 19 20 334  8.5 11.3 99.00 99.00 99.00 999 1020.1  11.4 999.0   4.6 99.0 99.00 
2024 02 27 19 30 332  8.6 11.2 99.00 99.00 99.00 999 1020.1  11.4 999.0   4.9 99.0 99.00 
2024 02 27 19 40 332  8.8 10.6  2.79 11.43  6.89 316 1020.0  11.5 999.0   4.9 99.0 99.00 
2024 02 27 19 50 332  9.2 11.1 99.00 99.00 99.00 999 1020.0  11.6 999.0   5.1 99.0 99.00 
2024 02 27 20 00 334  9.3 11.2 99.00 99.00 99.00 999 1019.9  11.6 999.0   5.0 99.0 99.00 
2024 02 27 20 10 338  8.3 10.6  2.87 12.90  6.86 313 1019.9  11.7 999.0   5.3 99.0 99.00 
2024 02 27 20 20 335  8.1  9.8 99.00 99.00 99.00 999 1019.7  11.9 999.0   5.3 99.0 99.00 
2024 02 27 20 30 334  8.1 10.3 99.00 99.00 99.00 999 1019.5  12.0 999.0   5.8 99.0 99.00 
2024 02 27 20 40 331  8.2 10.1  3.01 12.90  7.30 311 1019.4  12.0 999.0   5.8 99.0 99.00 
2024 02 27 20 50 332  8.3 10.6 99.00 99.00 99.00 999 1019.3  12.1 999.0   5.7 99.0 99.00 
2024 02 27 21 00 330  8.5 11.0 99.00 99.00 99.00 999 1019.2  12.1 999.0   6.3 99.0 99.00 
2024 02 27 21 10 330  8.5 10.4  2.86 12.12  7.03 317 1019.2  12.2 999.0   6.7 99.0 99.00 
2024 02 27 21 20 329  9.0 10.7 99.00 99.00 99.00 999 1019.1  12.2 999.0   7.0 99.0 99.00 
2024 02 27 21 30 329  9.0 11.6 99.00 99.00 99.00 999 1019.1  12.2 999.0   7.2 99.0 99.00 
2024 02 27 21 40 329  9.3 11.1  3.17 12.12  7.66 311 1019.0  12.3 999.0   7.3 99.0 99.00 
2024 02 27 21 50 326  9.0 11.2 99.00 99.00 99.00 999 1018.9  12.3 999.0   7.9 99.0 99.00 
2024 02 27 22 00 326 10.1 12.8 99.00 99.00 99.00 999 1018.7  12.2 999.0   7.7 99.0 99.00 
2024 02 27 22 10 323 10.3 13.1  2.94 12.90  6.73 312 1018.7  12.2 999.0   8.5 99.0 99.00 
2024 02 27 22 20 319 10.2 12.3 99.00 99.00 99.00 999 1018.6  12.1 999.0   8.5 99.0 99.00 
2024 02 27 22 30 320 10.4 12.9 99.00 99.00 99.00 999 1018.6  12.0 999.0   8.0 99.0 99.00 
2024 02 27 22 40 322 10.3 12.6  3.10 12.90  7.01 312 1018.7  12.1 999.0   8.0 99.0 99.00 
2024 02 27 22 50 322 10.5 12.8 99.00 99.00 99.00 999 1018.5  12.2 999.0   7.8 99.0 99.00 
2024 02 27 23 00 323 10.4 13.1 99.00 99.00 99.00 999 1018.5  12.3 999.0   8.2 99.0 99.00 
2024 02 27 23 10 321 10.7 13.1  3.05 12.90  6.72 316 1018.5  12.2 999.0   8.3 99.0 99.00 
2024 02 27 23 20 321 10.3 13.0 99.00 99.00 99.00 999 1018.5  12.2 999.0   8.4 99.0 99.00 
2024 02 27 23 30 323 10.6 13.6 99.00 99.00 99.00 999 1018.4  12.3 999.0   8.4 99.0 99.00 
2024 02 27 23 40 321 10.8 13.2  3.18 12.90  7.08 313 1018.5  12.2 999.0   8.4 99.0 99.00 
2024 02 27 23 50 319 10.5 13.3 99.00 99.00 99.00 999 1018.3  12.3 999.0   8.5 99.0 99.00 
2024 02 28 00 00 324 10.5 13.4 99.00 99.00 99.00 999 1018.2  12.3 999.0   8.4 99.0 99.00 
2024 02 28 00 10 322 11.4 14.1  3.03 10.00  6.64 311 1018.2  12.2 999.0   8.4 99.0 99.00 
2024 02 28 00 20 320 10.8 13.7 99.00 99.00 99.00 999 1018.1  12.3 999.0   8.7 99.0 99.00 
2024 02 28 00 30 324 10.7 13.5 99.00 99.00 99.00 999 1018.1  12.4 999.0   8.8 99.0 99.00 
2024 02 28 00 40 321 11.1 14.4  3.09  8.33  6.67 316 1018.0  12.2 999.0   8.9 99.0 99.00 
2024 02 28 00 50 321 11.5 13.9 99.00 99.00 99.00 999 1018.0  12.2 999.0   8.6 99.0 99.00 
2024 02 28 01 00 323 11.5 13.6 99.00 99.00 99.00 999 1017.9  12.2 999.0   8.5 99.0 99.00 
2024 02 28 01 10 322 11.3 13.7  2.99 12.90  6.51 316 1017.8  12.2 999.0   8.6 99.0 99.00 
2024 02 28 01 20 322 11.0 13.6 99.00 99.00 99.00 999 1017.8  12.3 999.0   8.5 99.0 99.00 
2024 02 28 01 30 322 11.4 15.1 99.00 99.00 99.00 999 1017.7  12.4 999.0   8.6 99.0 99.00 
2024 02 28 01 40 325 11.4 14.1  3.01 12.90  6.69 317 1017.7  12.4 999.0   8.7 99.0 99.00 
2024 02 28 01 50 325 11.2 13.8 99.00 99.00 99.00 999 1017.7  12.4 999.0   9.2 99.0 99.00 
2024 02 28 02 00 321 11.7 14.3 99.00 99.00 99.00 999 1017.8  12.3 999.0   8.9 99.0 99.00 
2024 02 28 02 10 325 11.6 14.1  2.78  8.33  6.33 314 1017.8  12.3 999.0   9.0 99.0 99.00 
2024 02 28 02 20 323 12.2 14.9 99.00 99.00 99.00 999 1017.7  12.2 999.0   8.7 99.0 99.00 
2024 02 28 02 30 325 11.8 14.2 99.00 99.00 99.00 999 1017.7  12.2 999.0   9.0 99.0 99.00 
2024 02 28 02 40 324 12.2 16.0  3.15 12.12  6.72 314 1017.7  12.2 999.0   8.9 99.0 99.00 
2024 02 28 02 50 324 11.4 15.1 99.00 99.00 99.00 999 1017.8  12.3 999.0   9.2 99.0 99.00 
2024 02 28 03 00 321 12.0 14.8 99.00 99.00 99.00 999 1017.7  12.3 999.0   9.5 99.0 99.00 
2024 02 28 03 10 326 12.4 15.5  3.03 12.90  6.44 319 1017.7  12.3 999.0   9.3 99.0 99.00 
2024 02 28 03 20 323 11.7 14.7 99.00 99.00 99.00 999 1017.8  12.4 999.0   9.5 99.0 99.00 
2024 02 28 03 30 322 11.4 14.3 99.00 99.00 99.00 999 1017.8  12.4 999.0   9.7 99.0 99.00 
2024 02 28 03 40 322 11.7 14.3  2.91 12.12  6.47 330 1017.8  12.4 999.0   9.6 99.0 99.00 
2024 02 28 03 50 320 11.2 13.8 99.00 99.00 99.00 999 1017.8  12.4 999.0   9.8 99.0 99.00 
2024 02 28 04 00 318 11.4 14.6 99.00 99.00 99.00 999 1017.8  12.4 999.0  10.0 99.0 99.00 
2024 02 28 04 10 322 11.8 14.7  2.84 11.43  6.38 328 1017.7  12.4 999.0   9.8 99.0 99.00 
2024 02 28 04 20 322 12.0 14.3 99.00 99.00 99.00 999 1017.7  12.3 999.0  10.0 99.0 99.00 
2024 02 28 04 30 324 12.1 15.0 99.00 99.00 99.00 999 1017.9  12.3 999.0   9.7 99.0 99.00 
2024 02 28 04 40 323 12.2 15.8  2.69 13.79  6.46 317 1017.9  12.3 999.0   9.8 99.0 99.00 
2024 02 28 04 50 322 12.0 14.8 99.00 99.00 99.00 999 1017.8  12.3 999.0   9.9 99.0 99.00 
2024 02 28 05 00 322 12.0 14.5 99.00 99.00 99.00 999 1018.0  12.2 999.0   9.8 99.0 99.00 
2024 02 28 05 10 324 11.7 14.3  2.98 13.79  6.86 324 1018.1  12.2 999.0   9.9 99.0 99.00 
2024 02 28 05 20 323 11.1 13.8 99.00 99.00 99.00 999 1018.2  12.2 999.0   9.9 99.0 99.00 
2024 02 28 05 30 324 11.4 13.6 99.00 99.00 99.00 999 1018.2  12.2 999.0   9.7 99.0 99.00 
2024 02 28 05 40 324 11.0 13.4  2.74 13.79  6.28 329 1018.2  12.3 999.0   9.8 99.0 99.00 
2024 02 28 05 50 326 11.4 13.9 99.00 99.00 99.00 999 1018.3  12.2 999.0   9.6 99.0 99.00 
2024 02 28 06 00 326 11.2 13.6 99.00 99.00 99.00 999 1018.2  12.2 999.0   9.5 99.0 99.00 
2024 02 28 06 10 325 10.9 12.9  2.82 13.79  6.74 327 1018.2  12.2 999.0   9.7 99.0 99.00 
2024 02 28 06 20 329 10.5 12.4 99.00 99.00 99.00 999 1018.2  12.2 999.0   9.7 99.0 99.00 
2024 02 28 06 30 326 10.5 13.0 99.00 99.00 99.00 999 1018.2  12.2 999.0   9.7 99.0 99.00 
2024 02 28 06 40 327 10.2 12.6  2.66 13.79  6.66 318 1018.2  12.2 999.0   9.8 99.0 99.00 
2024 02 28 06 50 325 10.0 13.1 99.00 99.00 99.00 999 1018.3  12.2 999.0   9.8 99.0 99.00 
2024 02 28 07 00 325  9.8 12.5 99.00 99.00 99.00 999 1018.3  12.2 999.0  10.0 99.0 99.00 
2024 02 28 07 10 326  9.5 11.8  2.67  8.33  6.62 315 1018.4  12.2 999.0  10.0 99.0 99.00 
2024 02 28 07 20 329  9.5 12.1 99.00 99.00 99.00 999 1018.4  12.3 999.0   9.9 99.0 99.00 
2024 02 28 07 30 329  9.0 12.0 99.00 99.00 99.00 999 1018.4  12.3 999.0  10.1 99.0 99.00 
2024 02 28 07 40 329  9.2 11.6  2.61 12.12  6.66 329 1018.4  12.3 999.0  10.1 99.0 99.00 
2024 02 28 07 50 329  9.2 11.1 99.00 99.00 99.00 999 1018.4  12.3 999.0   9.9 99.0 99.00 
2024 02 28 08 00 331  8.8 10.8 99.00 99.00 99.00 999 1018.4  12.3 999.0  10.0 99.0 99.00 
2024 02 28 08 10 332  8.3 11.1  2.53 11.43  6.67 316 1018.4  12.4 999.0  10.1 99.0 99.00 
2024 02 28 08 20 333  8.1 10.2 99.00 99.00 99.00 999 1018.4  12.3 999.0  10.0 99.0 99.00 
2024 02 28 08 30 334  7.9 10.1 99.00 99.00 99.00 999 1018.4  12.4 999.0  10.1 99.0 99.00 
2024 02 28 08 40 334  7.9 10.1  2.54 11.43  6.84 320 1018.4  12.4 999.0  10.1 99.0 99.00 
2024 02 28 08 50 335  7.7 10.1 99.00 99.00 99.00 999 1018.4  12.4 999.0  10.3 99.0 99.00 
2024 02 28 09 00 335  8.0  9.8 99.00 99.00 99.00 999 1018.3  12.3 999.0  10.0 99.0 99.00 
2024 02 28 09 10 338  7.7  9.7  2.38 11.43  6.83 324 1018.4  12.4 999.0  10.2 99.0 99.00 
2024 02 28 09 20 338  7.3  9.9 99.00 99.00 99.00 999 1018.4  12.4 999.0  10.3 99.0 99.00 
2024 02 28 09 30 337  7.3  9.4 99.00 99.00 99.00 999 1018.3  12.3 999.0   9.6 99.0 99.00 
2024 02 28 09 40 338  7.6  9.2  2.38 12.12  7.01 318 1018.3  12.3 999.0   9.3 99.0 99.00 
2024 02 28 09 50 335  7.3  9.0 99.00 99.00 99.00 999 1018.3  12.3 999.0   9.4 99.0 99.00 
2024 02 28 10 00 333  7.4  9.7 99.00 99.00 99.00 999 1018.3  12.3 999.0   9.4 99.0 99.00 
2024 02 28 10 10 333  7.3  8.9  2.39 12.90  6.85 318 1018.3  12.2 999.0   9.5 99.0 99.00 
2024 02 28 10 20 327  7.1  8.9 99.00 99.00 99.00 999 1018.2  12.2 999.0   9.7 99.0 99.00 
2024 02 28 10 30 332  6.9  8.7 99.00 99.00 99.00 999 1018.2  12.2 999.0   9.9 99.0 99.00 
2024 02 28 10 40 333  6.7  8.4  2.39 11.43  6.94 316 1018.1  12.2 999.0   9.9 99.0 99.00 
2024 02 28 10 50 335  6.8  8.8 99.00 99.00 99.00 999 1018.1  12.1 999.0   9.7 99.0 99.00 
2024 02 28 11 00 335  7.0  8.4 99.00 99.00 99.00 999 1018.1  12.0 999.0   9.4 99.0 99.00 
2024 02 28 11 10 338  6.5  8.2  2.25 12.90  7.10 314 1018.0  12.1 999.0   9.5 99.0 99.00 
2024 02 28 11 20 336  6.1  7.6 99.00 99.00 99.00 999 1018.0  12.1 999.0   9.6 99.0 99.00 
2024 02 28 11 30 335  6.0  7.6 99.00 99.00 99.00 999 1017.9  12.1 999.0   9.7 99.0 99.00 
2024 02 28 11 40 331  6.4  7.9  2.25 11.43  7.04 316 1017.9  12.0 999.0   9.5 99.0 99.00 
2024 02 28 11 50 328  6.3  8.5 99.00 99.00 99.00 999 1017.9  12.0 999.0   9.5 99.0 99.00 
2024 02 28 12 00 327  6.5  8.3 99.00 99.00 99.00 999 1017.8  12.0 999.0   9.3 99.0 99.00 
2024 02 28 12 10 329  6.1  8.2  2.35 12.90  7.21 300 1017.8  12.0 999.0   9.5 99.0 99.00 
2024 02 28 12 20 329  6.0  7.6 99.00 99.00 99.00 999 1017.7  12.0 999.0   9.6 99.0 99.00 
2024 02 28 12 30 331  6.2  8.0 99.00 99.00 99.00 999 1017.7  11.9 999.0   9.5 99.0 99.00 
2024 02 28 12 40 331  5.9  7.6  2.41 12.90  7.43 319 1017.7  11.9 999.0   9.4 99.0 99.00 
2024 02 28 12 50 332  5.7  7.0 99.00 99.00 99.00 999 1017.7  11.9 999.0   9.3 99.0 99.00 
2024 02 28 13 00 328  5.8  7.1 99.00 99.00 99.00 999 1017.7  11.9 999.0   9.4 99.0 99.00 
2024 02 28 13 10 335  5.9  7.2  2.25 12.12  7.04 317 1017.8  11.9 999.0   9.4 99.0 99.00 
2024 02 28 13 20 335  6.2  7.7 99.00 99.00 99.00 999 1017.8  11.8 999.0   9.2 99.0 99.00 
2024 02 28 13 30 340  5.8  7.2 99.00 99.00 99.00 999 1017.8  11.9 999.0   9.4 99.0 99.00 
2024 02 28 13 40 343  5.2  6.8  2.16 13.79  6.83 293 1017.7  11.9 999.0   9.3 99.0 99.00 
2024 02 28 13 50 344  4.9  6.6 99.00 99.00 99.00 999 1017.8  11.9 999.0   9.4 99.0 99.00 
2024 02 28 14 00 341  4.8  6.0 99.00 99.00 99.00 999 1017.9  11.9 999.0   9.4 99.0 99.00 
2024 02 28 14 10 340  4.8  6.0  2.08 12.12  6.85 322 1017.9  11.8 999.0   9.3 99.0 99.00 
2024 02 28 14 20 341  4.5  5.8 99.00 99.00 99.00 999 1017.9  11.8 999.0   9.2 99.0 99.00 
2024 02 28 14 30 335  4.0  5.4 99.00 99.00 99.00 999 1018.0  11.8 999.0   9.3 99.0 99.00 
2024 02 28 14 40 331  3.8  5.0  2.05 11.43  6.98 305 1018.0  11.9 999.0   9.6 99.0 99.00 
2024 02 28 14 50 330  3.9  5.1 99.00 99.00 99.00 999 1018.1  11.8 999.0   9.5 99.0 99.00 
2024 02 28 15 00 328  3.8  5.1 99.00 99.00 99.00 999 1018.1  11.9 999.0   9.6 99.0 99.00 
2024 02 28 15 10 343  3.3  4.8  2.16 12.12  7.46 310 1018.2  12.1 999.0  10.1 99.0 99.00 
2024 02 28 15 20 335  3.6  4.9 99.00 99.00 99.00 999 1018.2  11.9 999.0   9.6 99.0 99.00 
2024 02 28 15 30 333  3.4  4.9 99.00 99.00 99.00 999 1018.3  12.0 999.0   9.7 99.0 99.00 
2024 02 28 15 40 334  2.9  4.2  1.99 10.81  7.00 310 1018.5  12.0 999.0   9.6 99.0 99.00 
2024 02 28 15 50 359  2.3  3.9 99.00 99.00 99.00 999 1018.5  12.1 999.0   9.7 99.0 99.00 
2024 02 28 16 00  63  1.7  2.7 99.00 99.00 99.00 999 1018.5  12.3 999.0  10.0 99.0 99.00 
2024 02 28 16 10  76  1.8  2.9  2.00 12.12  7.31 305 1018.6  12.4 999.0  10.2 99.0 99.00 
2024 02 28 16 20  78  1.8  3.0 99.00 99.00 99.00 999 1018.7  12.3 999.0   9.9 99.0 99.00 
2024 02 28 16 30  86  1.8  3.3 99.00 99.00 99.00 999 1018.7  12.4 999.0  10.0 99.0 99.00 
2024 02 28 16 40  79  1.8  3.0  1.98 12.12  7.37 308 1018.7  12.3 999.0   9.9 99.0 99.00 
2024 02 28 16 50  75  1.4  3.2 99.00 99.00 99.00 999 1018.7  12.4 999.0  10.0 99.0 99.00 
2024 02 28 17 00  73  1.1  2.2 99.00 99.00 99.00 999 1018.7  12.4 999.0   9.9 99.0 99.00 
2024 02 28 17 10  57  0.6  1.7  1.98 11.43  7.48 320 1018.7  12.6 999.0  10.0 99.0 99.00 
2024 02 28 17 20  58  0.9  1.8 99.00 99.00 99.00 999 1018.7  12.6 999.0  10.1 99.0 99.00 
2024 02 28 17 30  77  0.8  1.9 99.00 99.00 99.00 999 1018.8  12.6 999.0  10.0 99.0 99.00 
2024 02 28 17 40  47  0.5  1.6  1.92 12.12  7.54 318 1018.9  12.6 999.0  10.0 99.0 99.00 
2024 02 28 17 50  32  0.2  1.3 99.00 99.00 99.00 999 1018.9  12.8 999.0  10.1 99.0 99.00 
2024 02 28 18 00  18  0.3  1.4 99.00 99.00 99.00 999 1018.8  12.9 999.0  10.2 99.0 99.00 
2024 02 28 18 10  50  0.4  1.3  1.92 12.90  7.49 305 1018.8  12.7 999.0  10.1 99.0 99.00 
2024 02 28 18 20  38  0.3  1.2 99.00 99.00 99.00 999 1018.8  12.7 999.0  10.1 99.0 99.00 
2024 02 28 18 30  55  0.5  1.5 99.00 99.00 99.00 999 1018.7  12.7 999.0  10.1 99.0 99.00 
2024 02 28 18 40  20  0.6  1.4  2.02 12.12  7.68 313 1018.7  12.6 999.0  10.2 99.0 99.00 
2024 02 28 18 50  40  0.6  1.4 99.00 99.00 99.00 999 1018.6  12.6 999.0  10.2 99.0 99.00 
2024 02 28 19 00  20  0.7  1.5 99.00 99.00 99.00 999 1018.6  12.5 999.0  10.2 99.0 99.00 
2024 02 28 19 10  16  0.5  1.8  2.05 12.90  7.56 308 1018.5  12.5 999.0  10.2 99.0 99.00 
2024 02 28 19 20   5  0.6  1.9 99.00 99.00 99.00 999 1018.5  12.5 999.0  10.2 99.0 99.00 
2024 02 28 19 30 339  1.5  3.0 99.00 99.00 99.00 999 1018.5  12.4 999.0  10.3 99.0 99.00 
2024 02 28 19 40 335  2.2  3.4  1.83 12.12  7.23 307 1018.3  12.2 999.0   9.9 99.0 99.00 
2024 02 28 19 50 329  1.8  3.4 99.00 99.00 99.00 999 1018.3  12.1 999.0   9.7 99.0 99.00 
2024 02 28 20 00 305  2.4  3.8 99.00 99.00 99.00 999 1018.2  12.2 999.0   9.7 99.0 99.00 
2024 02 28 20 10 304  2.8  4.3  2.03 11.43  7.54 304 1018.1  12.1 999.0   9.4 99.0 99.00 
2024 02 28 20 20 306  3.3  4.5 99.00 99.00 99.00 999 1018.0  12.1 999.0   9.3 99.0 99.00 
2024 02 28 20 30 304  3.5  4.8 99.00 99.00 99.00 999 1018.0  12.1 999.0   9.3 99.0 99.00 
2024 02 28 20 40 305  4.2  5.4  1.99 12.12  7.55 312 1017.8  12.2 999.0   9.7 99.0 99.00 
2024 02 28 20 50 311  4.2  5.6 99.00 99.00 99.00 999 1017.6  12.3 999.0  10.0 99.0 99.00 
2024 02 28 21 00 305  4.4  5.6 99.00 99.00 99.00 999 1017.5  12.3 999.0  10.0 99.0 99.00 
2024 02 28 21 10 305  4.7  6.1  1.96 12.12  7.77 302 1017.5  12.3 999.0  10.0 99.0 99.00 
2024 02 28 21 20 307  5.3  7.0 99.00 99.00 99.00 999 1017.5  12.4 999.0  10.2 99.0 99.00 
2024 02 28 21 30 307  5.4  6.9 99.00 99.00 99.00 999 1017.5  12.4 999.0  10.2 99.0 99.00 
2024 02 28 21 40 302  5.6  7.1  1.90 11.43  7.16 311 1017.4  12.4 999.0  10.3 99.0 99.00 
2024 02 28 21 50 305  6.0  7.4 99.00 99.00 99.00 999 1017.3  12.4 999.0  10.4 99.0 99.00 
2024 02 28 22 00 304  6.2  7.6 99.00 99.00 99.00 999 1017.3  12.5 999.0  10.6 99.0 99.00 
2024 02 28 22 10 307  6.3  7.7  1.77 12.12  6.88 295 1017.2  12.5 999.0  10.7 99.0 99.00 
2024 02 28 22 20 307  6.2  7.7 99.00 99.00 99.00 999 1017.2  12.5 999.0  10.8 99.0 99.00 
2024 02 28 22 30 307  6.3  7.7 99.00 99.00 99.00 999 1017.2  12.5 999.0  10.7 99.0 99.00 
2024 02 28 22 40 305  6.1  7.4  1.85 12.12  7.22 314 1017.1  12.5 999.0  10.8 99.0 99.00 
2024 02 28 22 50 305  6.2  7.8 99.00 99.00 99.00 999 1017.0  12.5 999.0  10.9 99.0 99.00 
2024 02 28 23 00 306  6.4  7.7 99.00 99.00 99.00 999 1016.9  12.4 999.0  10.9 99.0 99.00 
2024 02 28 23 10 310  5.9  7.7  1.61 11.43  6.76 312 1016.7  12.4 999.0  10.8 99.0 99.00 
2024 02 28 23 20 305  5.8  7.0 99.00 99.00 99.00 999 1016.6  12.4 999.0  10.8 99.0 99.00 
2024 02 28 23 30 305  5.7  7.2 99.00 99.00 99.00 999 1016.5  12.3 999.0  10.7 99.0 99.00 
2024 02 28 23 40 303  5.5  7.0  1.77 12.12  7.21 301 1016.4  12.3 999.0  10.7 99.0 99.00 
2024 02 28 23 50 297  5.8  7.0 99.00 99.00 99.00 999 1016.4  12.3 999.0  10.7 99.0 99.00 
2024 02 29 00 00 301  5.5  7.1 99.00 99.00 99.00 999 1016.4  12.3 999.0  10.7 99.0 99.00 
2024 02 29 00 10 294  5.5  6.9  1.52 12.12  6.59 301 1016.3  12.3 999.0  10.8 99.0 99.00 
2024 02 29 00 20 300  5.9  7.4 99.00 99.00 99.00 999 1016.3  12.1 999.0  10.6 99.0 99.00 
2024 02 29 00 30 298  5.9  7.4 99.00 99.00 99.00 999 1016.2  12.0 999.0  10.5 99.0 99.00 
2024 02 29 00 40 300  5.4  6.5  1.57 12.90  6.71 292 1016.2  11.9 999.0  10.5 99.0 99.00 
2024 02 29 00 50 299  5.2  6.7 99.00 99.00 99.00 999 1016.1  11.8 999.0  10.5 99.0 99.00 
2024 02 29 01 00 300  5.1  6.3 99.00 99.00 99.00 999 1016.1  11.8 999.0  10.5 99.0 99.00 
2024 02 29 01 10 296  5.1  6.3  1.57 11.43  6.82 311 1016.1  11.8 999.0  10.5 99.0 99.00 
2024 02 29 01 20 292  5.5  7.1 99.00 99.00 99.00 999 1016.1  11.7 999.0  10.5 99.0 99.00 
2024 02 29 01 30 291  5.2  6.9 99.00 99.00 99.00 999 1016.1  11.5 999.0  10.5 99.0 99.00 
2024 02 29 01 40 291  5.1  7.0  1.34 11.43  6.61 306 1016.1  11.4 999.0  10.5 99.0 99.00 
2024 02 29 01 50 302  5.0  7.2 99.00 99.00 99.00 999 1016.1  11.3 999.0  10.6 99.0 99.00 
2024 02 29 02 00 295  4.8  6.6 99.00 99.00 99.00 999 1016.1  11.3 999.0  10.7 99.0 99.00 
2024 02 29 02 10 292  4.2  6.1  1.58 12.12  7.36 303 1016.0  11.1 999.0  10.6 99.0 99.00 
2024 02 29 02 20 296  4.3  5.7 99.00 99.00 99.00 999 1016.1  11.1 999.0  10.7 99.0 99.00 
2024 02 29 02 30 295  4.4  5.5 99.00 99.00 99.00 999 1016.1  11.1 999.0  10.7 99.0 99.00 
2024 02 29 02 40 299  3.6  5.3  1.45 10.81  7.18 314 1016.1  11.0 999.0  10.6 99.0 99.00 
2024 02 29 02 50 294  3.8  5.4 99.00 99.00 99.00 999 1016.1  11.0 999.0  10.7 99.0 99.00 
2024 02 29 03 00 293  3.5  4.9 99.00 99.00 99.00 999 1016.2  10.9 999.0  10.7 99.0 99.00 
2024 02 29 03 10 300  3.3  4.5  1.48 11.43  7.16 312 1016.1  10.9 999.0  10.7 99.0 99.00 
2024 02 29 03 20 287  3.5  4.9 99.00 99.00 99.00 999 1016.1  11.0 999.0  10.8 99.0 99.00 
2024 02 29 03 30 274  3.5  5.6 99.00 99.00 99.00 999 1016.2  10.9 999.0  10.7 99.0 99.00 
2024 02 29 03 40 289  3.8  5.9  1.46 12.12  7.38 311 1016.2  10.9 999.0  10.6 99.0 99.00 
2024 02 29 03 50 273  3.2  5.3 99.00 99.00 99.00 999 1016.2  10.8 999.0  10.4 99.0 99.00 
2024 02 29 04 00 292  3.4  5.0 99.00 99.00 99.00 999 1016.2  11.0 999.0  10.5 99.0 99.00 
2024 02 29 04 10 284  3.1  4.3  1.35 12.12  7.46 302 1016.2  11.1 999.0  10.6 99.0 99.00 
2024 02 29 04 20 272  3.0  5.1 99.00 99.00 99.00 999 1016.2  11.1 999.0  10.6 99.0 99.00 
2024 02 29 04 30 260  3.0  5.0 99.00 99.00 99.00 999 1016.1  11.0 999.0  10.5 99.0 99.00 
2024 02 29 04 40 270  2.7  4.3  1.22 12.12  7.21 291 1016.2  11.1 999.0  10.6 99.0 99.00 
2024 02 29 04 50 259  2.8  4.0 99.00 99.00 99.00 999 1016.2  11.3 999.0  10.8 99.0 99.00 
2024 02 29 05 00 271  2.8  3.9 99.00 99.00 99.00 999 1016.2  11.2 999.0  10.8 99.0 99.00 
2024 02 29 05 10 254  2.1  3.5  1.34 11.43  7.77 323 1016.3  11.3 999.0  10.9 99.0 99.00 
2024 02 29 05 20 263  2.5  4.5 99.00 99.00 99.00 999 1016.3  11.3 999.0  10.8 99.0 99.00 
2024 02 29 05 30 259  3.5  4.9 99.00 99.00 99.00 999 1016.4  11.5 999.0  10.8 99.0 99.00 
2024 02 29 05 40 248  3.7  5.2  1.42 11.43  7.74 307 1016.5  11.5 999.0  10.8 99.0 99.00 
2024 02 29 05 50 256  3.6  4.8 99.00 99.00 99.00 999 1016.4  11.5 999.0  11.0 99.0 99.00 
2024 02 29 06 00 262  3.5  4.5 99.00 99.00 99.00 999 1016.5  11.3 999.0  10.9 99.0 99.00 
2024 02 29 06 10 254  3.4  4.4  1.34 11.43  7.77 301 1016.4  11.2 999.0  10.8 99.0 99.00 
2024 02 29 06 20 262  3.3  4.8 99.00 99.00 99.00 999 1016.5  11.1 999.0  10.8 99.0 99.00 
2024 02 29 06 30 254  2.8  3.9 99.00 99.00 99.00 999 1016.4  11.3 999.0  11.1 99.0 99.00 
2024 02 29 06 40 230  2.8  4.0  1.31 10.81  7.76 304 1016.4  11.2 999.0  11.0 99.0 99.00 
2024 02 29 06 50 222  2.5  3.7 99.00 99.00 99.00 999 1016.3  11.2 999.0  11.0 99.0 99.00 
2024 02 29 07 00 214  2.8  3.6 99.00 99.00 99.00 999 1016.3  11.3 999.0  11.1 99.0 99.00 
2024 02 29 07 10 215  2.6  4.0  1.53 11.43  8.36 307 1016.3  11.4 999.0  11.2 99.0 99.00 
2024 02 29 07 20 225  3.6  4.9 99.00 99.00 99.00 999 1016.2  11.3 999.0  10.9 99.0 99.00 
2024 02 29 07 30 220  3.3  4.8 99.00 99.00 99.00 999 1016.3  11.4 999.0  11.0 99.0 99.00 
2024 02 29 07 40 221  2.9  4.0  1.42 11.43  7.82 300 1016.3  11.4 999.0  11.0 99.0 99.00 
2024 02 29 07 50 218  3.7  5.6 99.00 99.00 99.00 999 1016.2  11.5 999.0  11.2 99.0 99.00 
2024 02 29 08 00 234  4.7  6.0 99.00 99.00 99.00 999 1016.2  11.5 999.0  11.3 99.0 99.00 
2024 02 29 08 10 222  4.3  5.6  1.47 10.81  7.86 302 1016.1  11.3 999.0  11.0 99.0 99.00 
2024 02 29 08 20 213  4.1  5.6 99.00 99.00 99.00 999 1016.0  11.4 999.0  11.0 99.0 99.00 
2024 02 29 08 30 219  4.0  5.8 99.00 99.00 99.00 999 1015.9  11.4 999.0  11.0 99.0 99.00 
2024 02 29 08 40 205  4.1  5.4  1.40 11.43  7.76 287 1015.9  11.5 999.0  11.2 99.0 99.00 
2024 02 29 08 50 205  4.1  5.2 99.00 99.00 99.00 999 1015.8  11.5 999.0  11.2 99.0 99.00 
2024 02 29 09 00 213  4.9  6.3 99.00 99.00 99.00 999 1015.9  11.6 999.0  11.3 99.0 99.00 
2024 02 29 09 10 214  5.1  7.0  1.28 11.43  7.46 299 1015.8  11.6 999.0  11.3 99.0 99.00 
2024 02 29 09 20 212  5.3  6.8 99.00 99.00 99.00 999 1015.6  11.5 999.0  11.1 99.0 99.00 
2024 02 29 09 30 208  4.8  6.2 99.00 99.00 99.00 999 1015.7  11.5 999.0  11.1 99.0 99.00 
2024 02 29 09 40 212  5.3  6.8  1.50 10.81  7.49 301 1015.7  11.6 999.0  11.1 99.0 99.00 
2024 02 29 09 50 208  4.8  5.7 99.00 99.00 99.00 999 1015.6  11.8 999.0  11.3 99.0 99.00 
2024 02 29 10 00 197  4.9  6.1 99.00 99.00 99.00 999 1015.4  11.8 999.0  11.2 99.0 99.00 
2024 02 29 10 10 201  5.7  7.2  1.47 11.43  7.16 308 1015.3  11.8 999.0  11.2 99.0 99.00 
2024 02 29 10 20 199  5.9  7.4 99.00 99.00 99.00 999 1015.1  11.7 999.0  11.4 99.0 99.00 
2024 02 29 10 30 196  6.2  8.7 99.00 99.00 99.00 999 1015.1  11.9 999.0  11.7 99.0 99.00 
2024 02 29 10 40 195  6.4  8.2  1.63 10.00  7.17 309 1014.9  11.9 999.0  11.6 99.0 99.00 
2024 02 29 10 50 201  6.2  9.2 99.00 99.00 99.00 999 1014.9  11.9 999.0  11.5 99.0 99.00 
2024 02 29 11 00 209  6.7  9.5 99.00 99.00 99.00 999 1014.8  11.8 999.0  11.4 99.0 99.00 
2024 02 29 11 10 203  6.6  8.3  1.62 10.00  6.72 309 1014.6  11.9 999.0  11.3 99.0 99.00 
2024 02 29 11 20 207  6.9  8.1 99.00 99.00 99.00 999 1014.4  12.1 999.0  11.3 99.0 99.00 
2024 02 29 11 30 213  7.1  8.8 99.00 99.00 99.00 999 1014.5  12.1 999.0  11.4 99.0 99.00 
2024 02 29 11 40 204  7.6  9.8  1.52 10.81  6.30 300 1014.5  12.0 999.0  11.3 99.0 99.00 
2024 02 29 11 50 196  7.1  8.6 99.00 99.00 99.00 999 1014.4  12.0 999.0  11.5 99.0 99.00 
2024 02 29 12 00 199  7.4  8.9 99.00 99.00 99.00 999 1014.4  12.1 999.0  11.3 99.0 99.00 
2024 02 29 12 10 201  7.6  9.1  1.54 10.81  5.87 295 1014.3  12.2 999.0  11.4 99.0 99.00 
2024 02 29 12 20 201  7.0  8.7 99.00 99.00 99.00 999 1014.3  12.3 999.0  11.5 99.0 99.00 
2024 02 29 12 30 195  7.0  9.0 99.00 99.00 99.00 999 1014.2  12.2 999.0  11.4 99.0 99.00 
2024 02 29 12 40 197  7.4  9.2  1.45 10.81  5.69 286 1014.3  12.3 999.0  11.4 99.0 99.00 
2024 02 29 12 50 192  7.9  9.9 99.00 99.00 99.00 999 1014.3  12.2 999.0  11.3 99.0 99.00 
2024 02 29 13 00 189  7.9  9.5 99.00 99.00 99.00 999 1014.3  12.2 999.0  11.3 99.0 99.00 
2024 02 29 13 10 185  7.8  9.4  1.58 10.00  5.72 303 1014.2  12.4 999.0  11.6 99.0 99.00 
2024 02 29 13 20 180  8.4 10.3 99.00 99.00 99.00 999 1014.2  12.2 999.0  11.6 99.0 99.00 
2024 02 29 13 30 185  8.0 10.0 99.00 99.00 99.00 999 1014.3  12.3 999.0  11.8 99.0 99.00 
2024 02 29 13 40 193  8.4 10.8  1.67 10.81  5.73 285 1014.3  12.2 999.0  11.8 99.0 99.00 
2024 02 29 13 50 193  8.6 11.0 99.00 99.00 99.00 999 1014.2  12.2 999.0  11.8 99.0 99.00 
2024 02 29 14 00 188  8.7 11.1 99.00 99.00 99.00 999 1014.3  12.3 999.0  11.9 99.0 99.00 
2024 02 29 14 10 189  8.4 10.3  1.58 10.00  5.39 312 1014.2  12.4 999.0  12.0 99.0 99.00 
2024 02 29 14 20 194  8.5 11.0 99.00 99.00 99.00 999 1014.0  12.4 999.0  11.9 99.0 99.00 
2024 02 29 14 30 189  8.6 11.2 99.00 99.00 99.00 999 1014.0  12.5 999.0  11.9 99.0 99.00 
2024 02 29 14 40 184  8.7 11.1  1.62 12.12  5.46 270 1013.7  12.5 999.0  11.9 99.0 99.00 
2024 02 29 14 50 187  9.0 11.6 99.00 99.00 99.00 999 1013.7  12.6 999.0  11.9 99.0 99.00 
2024 02 29 15 00 189  9.4 11.7 99.00 99.00 99.00 999 1013.7  12.7 999.0  11.9 99.0 99.00 
2024 02 29 15 10 189  8.9 11.2  1.73 10.81  5.52 290 1013.8  12.8 999.0  11.9 99.0 99.00 
2024 02 29 15 20 197  9.7 12.3 99.00 99.00 99.00 999 1014.0  12.8 999.0  11.9 99.0 99.00 
2024 02 29 15 30 194  9.4 11.4 99.00 99.00 99.00 999 1014.0  12.6 999.0  11.9 99.0 99.00 
2024 02 29 15 40 192  8.8 10.7  1.80 10.81  5.40 292 1014.1  12.8 999.0  12.0 99.0 99.00 
2024 02 29 15 50 193  9.5 11.8 99.00 99.00 99.00 999 1014.0  12.9 999.0  12.0 99.0 99.00 
2024 02 29 16 00 195  9.7 12.1 99.00 99.00 99.00 999 1014.2  13.0 999.0  12.0 99.0 99.00 
2024 02 29 16 10 199 10.5 13.1  1.91 11.43  5.50 298 1014.2  12.9 999.0  12.0 99.0 99.00 
2024 02 29 16 20 196  9.5 11.7 99.00 99.00 99.00 999 1014.2  12.8 999.0  12.2 99.0 99.00 
2024 02 29 16 30 198  9.9 12.8 99.00 99.00 99.00 999 1014.2  12.7 999.0  12.0 99.0 99.00 
2024 02 29 16 40 199  9.4 12.2  1.89 10.81  5.29 315 1014.2  12.9 999.0  12.2 99.0 99.00 
2024 02 29 16 50 200  9.9 13.3 99.00 99.00 99.00 999 1014.4  12.9 999.0  12.2 99.0 99.00 
2024 02 29 17 00 199  9.8 13.3 99.00 99.00 99.00 999 1014.4  12.9 999.0  12.1 99.0 99.00 
2024 02 29 17 10 201  9.6 11.7  2.15 10.81  5.72 305 1014.4  13.1 999.0  12.2 99.0 99.00 
2024 02 29 17 20 199  9.9 12.4 99.00 99.00 99.00 999 1014.5  13.0 999.0  12.2 99.0 99.00 
2024 02 29 17 30 200 10.3 12.7 99.00 99.00 99.00 999 1014.5  12.7 999.0  12.1 99.0 99.00 
2024 02 29 17 40 201  9.6 12.5  2.27  5.56  5.86 226 1014.4  12.8 999.0  12.3 99.0 99.00 
2024 02 29 17 50 205  9.9 12.3 99.00 99.00 99.00 999 1014.3  12.7 999.0  12.3 99.0 99.00 
2024 02 29 18 00 199  9.8 11.9 99.00 99.00 99.00 999 1014.3  12.7 999.0  12.2 99.0 99.00 
2024 02 29 18 10 195 10.2 12.2  2.30 10.00  5.92 308 1014.3  12.8 999.0  12.2 99.0 99.00 
2024 02 29 18 20 196 10.4 13.9 99.00 99.00 99.00 999 1014.3  12.8 999.0  12.3 99.0 99.00 
2024 02 29 18 30 196 10.1 12.3 99.00 99.00 99.00 999 1014.4  12.7 999.0  12.2 99.0 99.00 
2024 02 29 18 40 197  9.9 12.3  2.35 11.43  5.87 302 1014.3  12.8 999.0  12.2 99.0 99.00 
2024 02 29 18 50 197  9.7 12.0 99.00 99.00 99.00 999 1014.3  13.0 999.0  12.3 99.0 99.00 
2024 02 29 19 00 197  9.9 12.6 99.00 99.00 99.00 999 1014.2  13.2 999.0  12.4 99.0 99.00 
2024 02 29 19 10 196 10.2 13.7  2.64 10.00  6.27 308 1014.1  13.2 999.0  12.4 99.0 99.00 
2024 02 29 19 20 198 11.4 14.4 99.00 99.00 99.00 999 1014.1  13.1 999.0  12.2 99.0 99.00 
2024 02 29 19 30 200 11.8 14.9 99.00 99.00 99.00 999 1014.1  13.1 999.0  12.4 99.0 99.00 
2024 02 29 19 40 207 11.1 14.3  2.86 10.00  6.33 309 1014.1  13.1 999.0  12.5 99.0 99.00 
2024 02 29 19 50 201 10.2 13.6 99.00 99.00 99.00 999 1014.0  13.2 999.0  12.6 99.0 99.00 
2024 02 29 20 00 197 10.9 14.5 99.00 99.00 99.00 999 1014.1  13.2 999.0  12.6 99.0 99.00 
2024 02 29 20 10 203 11.4 15.2  2.81  9.09  6.33 303 1014.0  13.2 999.0  12.5 99.0 99.00 
2024 02 29 20 20 203  9.5 12.1 99.00 99.00 99.00 999 1014.1  13.1 999.0  12.6 99.0 99.00 
2024 02 29 20 30 267  8.0 12.2 99.00 99.00 99.00 999 1014.5  12.0 999.0  11.4 99.0 99.00 
2024 02 29 20 40 290  8.2 11.2  3.07 10.81  6.68 310 1014.4  11.0 999.0  10.6 99.0 99.00 
2024 02 29 20 50 287  7.2 10.2 99.00 99.00 99.00 999 1014.2  11.1 999.0  10.7 99.0 99.00 
2024 02 29 21 00 289  7.5  9.8 99.00 99.00 99.00 999 1014.3  11.2 999.0  10.8 99.0 99.00 
2024 02 29 21 10 285  7.6 10.0  3.37 10.81  7.11 307 1014.2  11.2 999.0  10.8 99.0 99.00 
2024 02 29 21 20 285  8.0 12.3 99.00 99.00 99.00 999 1014.2  11.2 999.0  10.7 99.0 99.00 
2024 02 29 21 30 290  9.4 11.6 99.00 99.00 99.00 999 1014.2  10.9 999.0  10.5 99.0 99.00 
2024 02 29 21 40 284  8.9 11.7  3.47 10.81  7.19 310 1014.2  10.8 999.0  10.3 99.0 99.00 
2024 02 29 21 50 279  8.3 10.7 99.00 99.00 99.00 999 1014.2  10.9 999.0  10.4 99.0 99.00 
2024 02 29 22 00 284  8.3 10.5 99.00 99.00 99.00 999 1014.2  10.9 999.0  10.3 99.0 99.00 
2024 02 29 22 10 282  8.1 10.2  3.35 11.43  7.12 313 1014.3  11.0 999.0  10.4 99.0 99.00 
2024 02 29 22 20 276  7.5 10.0 99.00 99.00 99.00 999 1014.2  11.1 999.0  10.5 99.0 99.00 
2024 02 29 22 30 270  6.7  9.1 99.00 99.00 99.00 999 1014.2  11.1 999.0  10.5 99.0 99.00 
2024 02 29 22 40 270  5.6  7.4  3.28 10.81  7.27 309 1014.3  11.2 999.0  10.5 99.0 99.00 
2024 02 29 22 50 267  5.6  7.7 99.00 99.00 99.00 999 1014.2  11.4 999.0  10.6 99.0 99.00 
2024 02 29 23 00 265  6.2  8.1 99.00 99.00 99.00 999 1014.4  11.4 999.0  10.5 99.0 99.00 
2024 02 29 23 10 262  6.5  8.5  3.35 11.43  7.47 308 1014.4  11.5 999.0  10.3 99.0 99.00 
2024 02 29 23 20 267  7.2  9.7 99.00 99.00 99.00 999 1014.3  11.4 999.0  10.1 99.0 99.00 
2024 02 29 23 30 266  6.5  8.9 99.00 99.00 99.00 999 1014.3  11.4 999.0  10.1 99.0 99.00 
2024 02 29 23 40 259  7.2  9.2  3.46 10.81  7.71 313 1014.3  11.6 999.0  10.2 99.0 99.00 
2024 02 29 23 50 246  6.9  9.2 99.00 99.00 99.00 999 1014.2  11.5 999.0  10.3 99.0 99.00 