#YY  MM DD hh mm WDIR WSPD GST  WVHT   DPD   APD MWD   PRES  ATMP  WTMP  DEWP  VIS  TIDE
#yr  mo dy hr mn degT m/s  m/s     m   sec   sec deg    hPa  degC  degC  degC  nmi    ft
2024 01 01 00 00 104  3.8  5.6 99.00 99.00 99.00 999 1018.1  13.7 999.0  11.8 99.0 99.00 
2024 01 01 00 10 116  3.8  5.8  2.22 10.81  8.32 275 1018.1  13.7 999.0  11.6 99.0 99.00 
2024 01 01 00 20 118  3.7  6.3 99.00 99.00 99.00 999 1018.0  13.7 999.0  11.6 99.0 99.00 
2024 01 01 00 30 120  3.6  5.2 99.00 99.00 99.00 999 1018.1  13.7 999.0  11.6 99.0 99.00 
2024 01 01 00 40 126  3.6  5.3  2.17 12.12  8.31 283 1018.1  13.6 999.0  11.5 99.0 99.00 
2024 01 01 00 50 135  3.2  5.5 99.00 99.00 99.00 999 1018.1  13.6 999.0  11.7 99.0 99.00 
2024 01 01 01 00 133  2.9  4.1 99.00 99.00 99.00 999 1018.3  13.6 999.0  11.7 99.0 99.00 
2024 01 01 01 10 124  2.7  4.2  2.16 12.90  8.42 291 1018.2  13.6 999.0  11.7 99.0 99.00 
2024 01 01 01 20 116  3.0  4.8 99.00 99.00 99.00 999 1018.1  13.6 999.0  11.5 99.0 99.00 
2024 01 01 01 30 106  3.0  4.8 99.00 99.00 99.00 999 1018.2  13.6 999.0  11.5 99.0 99.00 
2024 01 01 01 40 104  3.1  4.8  2.14 12.90  8.42 277 1018.2  13.6 999.0  11.4 99.0 99.00 
2024 01 01 01 50 104  2.9  4.5 99.00 99.00 99.00 999 1018.3  13.7 999.0  11.5 99.0 99.00 
2024 01 01 02 00 108  2.5  4.6 99.00 99.00 99.00 999 1018.5  13.7 999.0  11.7 99.0 99.00 
2024 01 01 02 10  92  2.5  4.0  2.22 12.90  8.61 280 1018.6  13.7 999.0  11.6 99.0 99.00 
2024 01 01 02 20  95  2.0  3.5 99.00 99.00 99.00 999 1018.9  13.8 999.0  11.6 99.0 99.00 
2024 01 01 02 30  97  2.1  3.4 99.00 99.00 99.00 999 1018.8  13.8 999.0  11.6 99.0 99.00 
2024 01 01 02 40  79  2.1  3.5  1.86 12.12  7.80 272 1018.8  13.8 999.0  11.6 99.0 99.00 
2024 01 01 02 50  84  2.4  3.8 99.00 99.00 99.00 999 1018.8  13.8 999.0  11.5 99.0 99.00 
2024 01 01 03 00  82  2.4  3.8 99.00 99.00 99.00 999 1018.9  13.8 999.0  11.5 99.0 99.00 
2024 01 01 03 10  78  2.6  4.0  2.02 12.12  8.40 278 1018.8  13.8 999.0  11.5 99.0 99.00 
2024 01 01 03 20  82  2.3  3.8 99.00 99.00 99.00 999 1018.9  13.8 999.0  11.6 99.0 99.00 
2024 01 01 03 30  85  2.4  4.8 99.00 99.00 99.00 999 1018.9  13.8 999.0  11.6 99.0 99.00 
2024 01 01 03 40 104  2.2  4.0  1.99 11.43  8.46 281 1019.0  13.8 999.0  11.6 99.0 99.00 
2024 01 01 03 50 108  2.3  3.8 99.00 99.00 99.00 999 1019.1  13.8 999.0  11.5 99.0 99.00 
2024 01 01 04 00  98  1.7  2.9 99.00 99.00 99.00 999 1019.2  13.9 999.0  11.6 99.0 99.00 
2024 01 01 04 10  89  1.5  2.9  2.01 12.12  8.17 280 1019.3  13.9 999.0  11.6 99.0 99.00 
2024 01 01 04 20  78  1.8  3.7 99.00 99.00 99.00 999 1019.6  13.9 999.0  11.8 99.0 99.00 
2024 01 01 04 30  80  2.1  3.8 99.00 99.00 99.00 999 1019.5  13.9 999.0  12.0 99.0 99.00 
2024 01 01 04 40  73  2.6  4.4  1.94 12.12  8.52 284 1019.5  13.7 999.0  11.9 99.0 99.00 
2024 01 01 04 50  79  2.4  4.3 99.00 99.00 99.00 999 1019.5  13.6 999.0  11.8 99.0 99.00 
2024 01 01 05 00  81  2.5  4.1 99.00 99.00 99.00 999 1019.5  13.6 999.0  11.7 99.0 99.00 
2024 01 01 05 10  84  2.0  3.8  2.21 11.43  8.65 281 1019.6  13.6 999.0  11.7 99.0 99.00 
2024 01 01 05 20  75  1.8  3.5 99.00 99.00 99.00 999 1019.6  13.6 999.0  11.7 99.0 99.00 
2024 01 01 05 30  72  2.2  3.5 99.00 99.00 99.00 999 1019.5  13.5 999.0  11.8 99.0 99.00 
2024 01 01 05 40  74  2.5  4.2  1.92 11.43  8.46 284 1019.3  13.5 999.0  11.9 99.0 99.00 
2024 01 01 05 50  89  2.9  4.2 99.00 99.00 99.00 999 1019.3  13.4 999.0  11.7 99.0 99.00 
2024 01 01 06 00  88  1.9  3.4 99.00 99.00 99.00 999 1019.5  13.4 999.0  11.6 99.0 99.00 
2024 01 01 06 10  87  1.5  2.7  1.82 11.43  8.46 282 1019.4  13.4 999.0  11.5 99.0 99.00 
2024 01 01 06 20  73  1.7  2.8 99.00 99.00 99.00 999 1019.4  13.4 999.0  11.5 99.0 99.00 
2024 01 01 06 30  57  2.0  3.2 99.00 99.00 99.00 999 1019.2  13.4 999.0  11.6 99.0 99.00 
2024 01 01 06 40  47  2.2  3.3  1.80 12.12  8.29 276 1019.4  13.4 999.0  11.6 99.0 99.00 
2024 01 01 06 50  47  2.0  3.1 99.00 99.00 99.00 999 1019.4  13.4 999.0  11.7 99.0 99.00 
2024 01 01 07 00  43  1.9  3.1 99.00 99.00 99.00 999 1019.4  13.5 999.0  11.9 99.0 99.00 
2024 01 01 07 10  35  2.2  3.2  1.81 10.81  8.24 287 1019.5  13.4 999.0  11.8 99.0 99.00 
2024 01 01 07 20  20  2.2  3.0 99.00 99.00 99.00 999 1019.6  13.4 999.0  11.8 99.0 99.00 
2024 01 01 07 30  15  2.1  3.2 99.00 99.00 99.00 999 1019.5  13.4 999.0  11.8 99.0 99.00 
2024 01 01 07 40  19  2.4  3.5  1.89 11.43  8.65 289 1019.5  13.5 999.0  11.8 99.0 99.00 
2024 01 01 07 50  22  2.7  3.6 99.00 99.00 99.00 999 1019.6  13.4 999.0  11.8 99.0 99.00 
2024 01 01 08 00  12  2.5  3.4 99.00 99.00 99.00 999 1019.8  13.4 999.0  11.9 99.0 99.00 
2024 01 01 08 10  12  2.4  3.4  1.62 10.81  8.07 287 1019.7  13.4 999.0  11.9 99.0 99.00 
2024 01 01 08 20  17  2.6  3.4 99.00 99.00 99.00 999 1019.6  13.4 999.0  11.6 99.0 99.00 
2024 01 01 08 30  18  2.8  3.9 99.00 99.00 99.00 999 1019.5  13.5 999.0  11.7 99.0 99.00 
2024 01 01 08 40  29  2.8  3.6  1.76 12.12  8.53 283 1019.4  13.6 999.0  12.1 99.0 99.00 
2024 01 01 08 50  24  2.6  3.5 99.00 99.00 99.00 999 1019.6  13.4 999.0  12.1 99.0 99.00 
2024 01 01 09 00  12  2.6  3.4 99.00 99.00 99.00 999 1019.6  13.4 999.0  12.0 99.0 99.00 
2024 01 01 09 10  10  2.7  3.5  1.84 11.43  8.85 294 1019.7  13.4 999.0  11.9 99.0 99.00 
2024 01 01 09 20   4  2.6  3.5 99.00 99.00 99.00 999 1019.7  13.4 999.0  11.9 99.0 99.00 
2024 01 01 09 30   8  2.3  3.0 99.00 99.00 99.00 999 1019.8  13.5 999.0  12.0 99.0 99.00 
2024 01 01 09 40   6  2.5  3.2  1.78 10.81  8.87 290 1019.8  13.5 999.0  12.0 99.0 99.00 
2024 01 01 09 50  16  2.5  3.5 99.00 99.00 99.00 999 1019.8  13.5 999.0  12.0 99.0 99.00 
2024 01 01 10 00  21  2.6  3.4 99.00 99.00 99.00 999 1020.0  13.6 999.0  11.8 99.0 99.00 
2024 01 01 10 10  19  2.8  3.6  2.30 13.79  9.90 275 1020.0  13.5 999.0  11.3 99.0 99.00 
2024 01 01 10 20  25  2.6  3.8 99.00 99.00 99.00 999 1020.1  13.7 999.0  11.3 99.0 99.00 
2024 01 01 10 30  18  2.1  3.3 99.00 99.00 99.00 999 1020.1  13.7 999.0  11.5 99.0 99.00 
2024 01 01 10 40  27  2.1  3.3  2.23 12.90  9.96 279 1020.1  13.7 999.0  11.4 99.0 99.00 
2024 01 01 10 50  26  1.9  3.0 99.00 99.00 99.00 999 1020.1  13.8 999.0  11.8 99.0 99.00 
2024 01 01 11 00  27  1.8  2.8 99.00 99.00 99.00 999 1020.1  13.7 999.0  11.9 99.0 99.00 
2024 01 01 11 10  19  1.8  2.5  2.31 12.90  9.96 273 1020.2  13.6 999.0  11.7 99.0 99.00 
2024 01 01 11 20  32  2.0  2.9 99.00 99.00 99.00 999 1020.2  13.6 999.0  11.6 99.0 99.00 
2024 01 01 11 30  42  2.3  3.5 99.00 99.00 99.00 999 1020.1  13.6 999.0  11.3 99.0 99.00 
2024 01 01 11 40  40  1.9  3.9  2.41 13.79 10.19 268 1020.1  13.6 999.0  11.3 99.0 99.00 
2024 01 01 11 50  44  2.0  3.4 99.00 99.00 99.00 999 1020.0  13.6 999.0  11.4 99.0 99.00 
2024 01 01 12 00  39  2.1  3.6 99.00 99.00 99.00 999 1020.0  13.5 999.0  11.2 99.0 99.00 
2024 01 01 12 10  41  2.9  4.2  2.46 12.90 10.15 273 1019.9  13.6 999.0  11.3 99.0 99.00 
2024 01 01 12 20  23  3.1  4.0 99.00 99.00 99.00 999 1019.8  13.5 999.0  11.4 99.0 99.00 
2024 01 01 12 30  20  2.5  3.6 99.00 99.00 99.00 999 1019.9  13.5 999.0  11.3 99.0 99.00 
2024 01 01 12 40  17  1.9  2.8  2.12 12.90  9.70 289 1019.9  13.6 999.0  11.4 99.0 99.00 
2024 01 01 12 50  10  1.9  2.7 99.00 99.00 99.00 999 1020.0  13.5 999.0  11.4 99.0 99.00 
2024 01 01 13 00  18  1.6  2.7 99.00 99.00 99.00 999 1020.0  13.5 999.0  11.7 99.0 99.00 
2024 01 01 13 10 999 99.0 99.0 99.00 99.00 99.00 999 1020.1 999.0 999.0 999.0 99.0 99.00 
2024 01 01 13 20  33  1.8  2.9 99.00 99.00 99.00 999 1020.1  13.4 999.0  11.8 99.0 99.00 
2024 01 01 13 30  43  1.8  3.0 99.00 99.00 99.00 999 1020.1  13.4 999.0  11.8 99.0 99.00 
2024 01 01 13 40  62  2.0  3.5  2.51 13.79 10.35 267 1020.0  13.4 999.0  11.7 99.0 99.00 
2024 01 01 13 50  57  2.1  3.6 99.00 99.00 99.00 999 1020.0  13.4 999.0  11.6 99.0 99.00 
2024 01 01 14 00  68  1.8  3.5 99.00 99.00 99.00 999 1020.1  13.4 999.0  11.6 99.0 99.00 
2024 01 01 14 10  94  2.6  4.0  2.66 13.79 10.79 263 1020.1  13.2 999.0  11.6 99.0 99.00 
2024 01 01 14 20  95  2.5  4.0 99.00 99.00 99.00 999 1020.2  13.1 999.0  11.3 99.0 99.00 
2024 01 01 14 30  97  1.9  3.8 99.00 99.00 99.00 999 1020.4  13.1 999.0  11.3 99.0 99.00 
2024 01 01 14 40 100  1.7  3.5  2.84 12.90 10.71 264 1020.4  13.1 999.0  11.4 99.0 99.00 
2024 01 01 14 50 102  1.4  3.7 99.00 99.00 99.00 999 1020.5  13.1 999.0  11.3 99.0 99.00 
2024 01 01 15 00 106  1.2  2.8 99.00 99.00 99.00 999 1020.6  13.2 999.0  11.3 99.0 99.00 
2024 01 01 15 10 106  1.3  3.3  2.49 12.12 10.34 282 1020.6  13.1 999.0  11.2 99.0 99.00 
2024 01 01 15 20 112  1.2  3.2 99.00 99.00 99.00 999 1020.8  13.2 999.0  11.2 99.0 99.00 
2024 01 01 15 30 132  1.5  3.0 99.00 99.00 99.00 999 1021.1  13.1 999.0  11.3 99.0 99.00 
2024 01 01 15 40 131  1.3  3.0  2.72 12.90 10.41 278 1021.2  13.0 999.0  11.2 99.0 99.00 
2024 01 01 15 50 141  0.7  1.9 99.00 99.00 99.00 999 1021.3  13.2 999.0  11.3 99.0 99.00 
2024 01 01 16 00 237  0.3  1.2 99.00 99.00 99.00 999 1021.4  13.4 999.0  11.3 99.0 99.00 
2024 01 01 16 10 242  0.6  1.9  2.63 13.79 10.40 272 1021.7  13.6 999.0  11.4 99.0 99.00 
2024 01 01 16 20 258  0.6  1.9 99.00 99.00 99.00 999 1021.7  13.6 999.0  11.5 99.0 99.00 
2024 01 01 16 30 250  0.5  1.8 99.00 99.00 99.00 999 1021.8  13.9 999.0  11.6 99.0 99.00 
2024 01 01 16 40 256  0.6  2.1  2.72 13.79 10.51 275 1021.8  14.0 999.0  11.7 99.0 99.00 
2024 01 01 16 50 291  0.8  2.2 99.00 99.00 99.00 999 1022.0  14.0 999.0  11.8 99.0 99.00 
2024 01 01 17 00 306  0.5  2.2 99.00 99.00 99.00 999 1021.9  14.2 999.0  12.1 99.0 99.00 
2024 01 01 17 10 317  0.2  1.2  2.72 12.12 10.31 282 1022.0  14.6 999.0  12.2 99.0 99.00 
2024 01 01 17 20 100  0.2  1.9 99.00 99.00 99.00 999 1022.2  15.1 999.0  12.5 99.0 99.00 
2024 01 01 17 30  96  0.4  1.9 99.00 99.00 99.00 999 1022.3  15.0 999.0  12.3 99.0 99.00 
2024 01 01 17 40 105  1.4  4.2  2.65 12.12 10.30 276 1022.3  14.5 999.0  12.0 99.0 99.00 
2024 01 01 17 50 111  3.3  5.4 99.00 99.00 99.00 999 1022.3  13.4 999.0  11.4 99.0 99.00 
2024 01 01 18 00 112  3.4  5.6 99.00 99.00 99.00 999 1022.5  12.8 999.0  11.1 99.0 99.00 
2024 01 01 18 10 121  3.0  4.6  2.69 13.79 10.50 276 1022.5  12.7 999.0  10.9 99.0 99.00 
2024 01 01 18 20 116  2.9  4.8 99.00 99.00 99.00 999 1022.6  12.8 999.0  11.0 99.0 99.00 
2024 01 01 18 30 111  3.0  5.0 99.00 99.00 99.00 999 1022.5  12.9 999.0  11.1 99.0 99.00 
2024 01 01 18 40 106  3.1  5.3  2.73 12.90 10.39 272 1022.4  12.9 999.0  11.1 99.0 99.00 
2024 01 01 18 50 104  3.3  5.3 99.00 99.00 99.00 999 1022.4  12.9 999.0  11.1 99.0 99.00 
2024 01 01 19 00 108  3.3  5.1 99.00 99.00 99.00 999 1022.3  12.8 999.0  11.0 99.0 99.00 
2024 01 01 19 10 109  2.9  5.1  3.02 12.90 10.59 277 1022.2  12.8 999.0  11.0 99.0 99.00 
2024 01 01 19 20 109  2.3  4.8 99.00 99.00 99.00 999 1022.2  13.0 999.0  11.1 99.0 99.00 
2024 01 01 19 30 116  1.6  3.4 99.00 99.00 99.00 999 1021.9  13.2 999.0  11.2 99.0 99.00 
2024 01 01 19 40 111  2.0  3.9  3.09 12.90 10.68 279 1021.7  13.3 999.0  11.3 99.0 99.00 
2024 01 01 19 50 123  2.0  3.4 99.00 99.00 99.00 999 1021.5  13.3 999.0  11.3 99.0 99.00 
2024 01 01 20 00 121  2.3  3.9 99.00 99.00 99.00 999 1021.4  13.3 999.0  11.4 99.0 99.00 
2024 01 01 20 10 118  2.4  5.1  3.12 12.90 10.71 268 1021.4  13.3 999.0  11.5 99.0 99.00 
2024 01 01 20 20 115  2.1  4.4 99.00 99.00 99.00 999 1021.3  13.4 999.0  11.5 99.0 99.00 
2024 01 01 20 30 128  1.9  3.5 99.00 99.00 99.00 999 1021.3  13.5 999.0  11.7 99.0 99.00 
2024 01 01 20 40 125  1.4  3.6  2.87 12.90 10.36 267 1021.3  13.5 999.0  11.6 99.0 99.00 
2024 01 01 20 50 128  0.9  2.2 99.00 99.00 99.00 999 1021.3  13.8 999.0  11.7 99.0 99.00 
2024 01 01 21 00 127  0.3  1.3 99.00 99.00 99.00 999 1021.2  14.1 999.0  11.7 99.0 99.00 
2024 01 01 21 10 180  0.3  1.2  2.67 12.90 10.12 274 1021.1  14.4 999.0  11.7 99.0 99.00 
2024 01 01 21 20 193  0.5  2.1 99.00 99.00 99.00 999 1021.0  14.5 999.0  11.7 99.0 99.00 
2024 01 01 21 30 207  0.6  1.8 99.00 99.00 99.00 999 1021.0  14.4 999.0  11.8 99.0 99.00 
2024 01 01 21 40 232  1.0  2.2  2.70 12.90 10.18 278 1021.0  14.3 999.0  11.7 99.0 99.00 
2024 01 01 21 50 251  1.4  3.0 99.00 99.00 99.00 999 1021.1  14.1 999.0  11.6 99.0 99.00 
2024 01 01 22 00 252  1.7  3.3 99.00 99.00 99.00 999 1021.1  14.0 999.0  11.6 99.0 99.00 
2024 01 01 22 10 246  1.4  2.9  2.83 12.12 10.43 279 1021.0  14.1 999.0  11.8 99.0 99.00 
2024 01 01 22 20 251  1.3  2.5 99.00 99.00 99.00 999 1021.0  14.2 999.0  11.9 99.0 99.00 
2024 01 01 22 30 260  1.5  3.0 99.00 99.00 99.00 999 1021.0  14.2 999.0  11.7 99.0 99.00 
2024 01 01 22 40 264  1.8  3.3  2.66 12.12 10.10 282 1021.0  14.2 999.0  11.9 99.0 99.00 
2024 01 01 22 50 267  1.9  3.5 99.00 99.00 99.00 999 1021.1  14.1 999.0  11.7 99.0 99.00 
2024 01 01 23 00 259  1.9  3.3 99.00 99.00 99.00 999 1021.1  14.1 999.0  11.8 99.0 99.00 
2024 01 01 23 10 263  1.8  3.4  2.78 12.90 10.45 277 1021.0  14.2 999.0  11.9 99.0 99.00 
2024 01 01 23 20 268  1.5  2.9 99.00 99.00 99.00 999 1020.9  14.3 999.0  11.7 99.0 99.00 
2024 01 01 23 30 287  0.8  2.3 99.00 99.00 99.00 999 1020.8  14.5 999.0  11.7 99.0 99.00 
2024 01 01 23 40 288  0.9  2.3  2.77 12.12 10.62 270 1021.0  14.7 999.0  11.9 99.0 99.00 
2024 01 01 23 50 286  1.5  3.0 99.00 99.00 99.00 999 1021.0  14.5 999.0  11.7 99.0 99.00 
2024 01 02 00 00 277  2.2  3.8 99.00 99.00 99.00 999 1021.2  14.2 999.0  11.7 99.0 99.00 
2024 01 02 00 10 278  2.8  4.3  2.47 12.12  9.97 276 1021.3  14.1 999.0  11.8 99.0 99.00 
2024 01 02 00 20 277  2.8  4.2 99.00 99.00 99.00 999 1021.3  14.1 999.0  11.8 99.0 99.00 
2024 01 02 00 30 278  2.7  4.7 99.00 99.00 99.00 999 1021.2  14.0 999.0  11.8 99.0 99.00 
2024 01 02 00 40 279  3.0  4.6  2.79 12.12 10.48 282 1021.3  13.8 999.0  11.7 99.0 99.00 
2024 01 02 00 50 279  3.4  5.0 99.00 99.00 99.00 999 1021.4  13.7 999.0  11.7 99.0 99.00 
2024 01 02 01 00 277  3.6  5.1 99.00 99.00 99.00 999 1021.4  13.7 999.0  11.8 99.0 99.00 
2024 01 02 01 10 280  3.8  5.3  2.46 11.43 10.14 273 1021.5  13.7 999.0  11.8 99.0 99.00 
2024 01 02 01 20 282  4.0  5.8 99.00 99.00 99.00 999 1021.5  13.7 999.0  11.8 99.0 99.00 
2024 01 02 01 30 283  3.9  5.4 99.00 99.00 99.00 999 1021.6  13.7 999.0  11.7 99.0 99.00 
2024 01 02 01 40 291  3.7  5.2  2.52 12.12 10.50 269 1021.6  13.7 999.0  11.8 99.0 99.00 
2024 01 02 01 50 288  3.8  5.4 99.00 99.00 99.00 999 1021.6  13.7 999.0  11.8 99.0 99.00 
2024 01 02 02 00 289  3.6  5.3 99.00 99.00 99.00 999 1021.7  13.7 999.0  12.0 99.0 99.00 
2024 01 02 02 10 296  3.8  5.4  2.67 10.81  9.96 278 1021.6  13.6 999.0  11.7 99.0 99.00 
2024 01 02 02 20 296  3.4  4.5 99.00 99.00 99.00 999 1021.6  13.7 999.0  11.8 99.0 99.00 
2024 01 02 02 30 299  3.5  5.0 99.00 99.00 99.00 999 1021.7  13.7 999.0  11.7 99.0 99.00 
2024 01 02 02 40 299  3.4  5.1  2.78 12.12 10.08 278 1021.8  13.6 999.0  11.7 99.0 99.00 
2024 01 02 02 50 301  3.2  4.9 99.00 99.00 99.00 999 1021.8  13.7 999.0  11.9 99.0 99.00 
2024 01 02 03 00 298  3.2  4.9 99.00 99.00 99.00 999 1021.8  13.6 999.0  11.7 99.0 99.00 
2024 01 02 03 10 301  3.2  4.3  2.60 10.81  9.85 289 1021.9  13.7 999.0  11.8 99.0 99.00 
2024 01 02 03 20 300  3.4  5.1 99.00 99.00 99.00 999 1021.9  13.7 999.0  11.9 99.0 99.00 
2024 01 02 03 30 308  3.3  4.8 99.00 99.00 99.00 999 1021.9  13.7 999.0  11.9 99.0 99.00 
2024 01 02 03 40 309  3.2  4.7  2.56 12.12 10.30 270 1022.0  13.6 999.0  11.8 99.0 99.00 
2024 01 02 03 50 315  3.1  4.3 99.00 99.00 99.00 999 1022.0  13.6 999.0  11.7 99.0 99.00 
2024 01 02 04 00 323  2.7  4.1 99.00 99.00 99.00 999 1021.9  13.6 999.0  11.8 99.0 99.00 
2024 01 02 04 10 319  2.6  4.0  2.63 10.81  9.83 279 1021.9  13.6 999.0  11.6 99.0 99.00 
2024 01 02 04 20 317  2.3  3.9 99.00 99.00 99.00 999 1022.0  13.6 999.0  11.6 99.0 99.00 
2024 01 02 04 30 316  2.1  3.2 99.00 99.00 99.00 999 1022.0  13.6 999.0  11.6 99.0 99.00 
2024 01 02 04 40 321  1.7  2.9  2.39 10.81  9.75 279 1021.9  13.6 999.0  11.6 99.0 99.00 
2024 01 02 04 50 326  1.4  2.4 99.00 99.00 99.00 999 1022.0  13.6 999.0  11.5 99.0 99.00 
2024 01 02 05 00 330  1.2  2.3 99.00 99.00 99.00 999 1021.8  13.6 999.0  11.6 99.0 99.00 
2024 01 02 05 10 342  0.9  1.8  2.52 10.81  9.94 275 1021.7  13.6 999.0  11.6 99.0 99.00 
2024 01 02 05 20   4  0.6  1.5 99.00 99.00 99.00 999 1021.7  13.6 999.0  11.6 99.0 99.00 
2024 01 02 05 30  28  0.6  1.8 99.00 99.00 99.00 999 1021.7  13.5 999.0  11.5 99.0 99.00 
2024 01 02 05 40  31  0.4  1.8  2.35 11.43  9.80 265 1021.7  13.5 999.0  11.5 99.0 99.00 
2024 01 02 05 50  21  0.1  1.4 99.00 99.00 99.00 999 1021.7  13.5 999.0  11.4 99.0 99.00 
2024 01 02 06 00 317  0.1  1.2 99.00 99.00 99.00 999 1021.9  13.5 999.0  11.5 99.0 99.00 
2024 01 02 06 10 114  0.1  1.4  2.42 11.43  9.62 273 1021.9  13.5 999.0  11.5 99.0 99.00 
2024 01 02 06 20 151  0.2  1.3 99.00 99.00 99.00 999 1021.9  13.5 999.0  11.4 99.0 99.00 
2024 01 02 06 30 188  0.3  1.2 99.00 99.00 99.00 999 1022.1  13.5 999.0  11.5 99.0 99.00 
2024 01 02 06 40 191  0.4  1.3  2.61 10.81  9.83 274 1022.2  13.5 999.0  11.5 99.0 99.00 
2024 01 02 06 50 203  0.5  1.5 99.00 99.00 99.00 999 1022.3  13.5 999.0  11.5 99.0 99.00 
2024 01 02 07 00 210  0.5  1.7 99.00 99.00 99.00 999 1022.3  13.5 999.0  11.5 99.0 99.00 
2024 01 02 07 10 219  0.3  1.3  2.55 12.12  9.97 276 1022.2  13.5 999.0  11.6 99.0 99.00 
2024 01 02 07 20 171  0.3  1.6 99.00 99.00 99.00 999 1022.2  13.5 999.0  11.5 99.0 99.00 
2024 01 02 07 30 131  0.8  2.7 99.00 99.00 99.00 999 1022.0  13.5 999.0  11.5 99.0 99.00 
2024 01 02 07 40 106  1.4  2.9  2.39 11.43  9.42 283 1021.9  13.5 999.0  11.6 99.0 99.00 
2024 01 02 07 50  98  1.1  2.6 99.00 99.00 99.00 999 1021.9  13.5 999.0  11.5 99.0 99.00 
2024 01 02 08 00 108  1.2  2.8 99.00 99.00 99.00 999 1021.9  13.5 999.0  11.6 99.0 99.00 
2024 01 02 08 10 115  1.2  3.0  2.57 10.81  9.80 272 1021.9  13.5 999.0  11.6 99.0 99.00 
2024 01 02 08 20 144  0.9  1.9 99.00 99.00 99.00 999 1022.0  13.5 999.0  11.6 99.0 99.00 
2024 01 02 08 30 158  1.2  2.3 99.00 99.00 99.00 999 1022.0  13.5 999.0  11.5 99.0 99.00 
2024 01 02 08 40 162  1.4  3.0  2.56 12.90  9.93 283 1021.9  13.5 999.0  11.5 99.0 99.00 
2024 01 02 08 50 152  1.6  3.0 99.00 99.00 99.00 999 1021.8  13.5 999.0  11.6 99.0 99.00 
2024 01 02 09 00 149  1.9  3.4 99.00 99.00 99.00 999 1021.6  13.5 999.0  11.6 99.0 99.00 
2024 01 02 09 10 133  2.4  4.3  2.70 11.43 10.04 272 1021.4  13.5 999.0  11.6 99.0 99.00 
2024 01 02 09 20 131  2.6  4.3 99.00 99.00 99.00 999 1021.2  13.5 999.0  11.8 99.0 99.00 
2024 01 02 09 30 130  3.2  4.8 99.00 99.00 99.00 999 1021.1  13.5 999.0  11.9 99.0 99.00 
2024 01 02 09 40 136  3.2  5.3  2.55 10.81  9.45 277 1021.1  13.5 999.0  12.0 99.0 99.00 
2024 01 02 09 50 132  3.4  5.1 99.00 99.00 99.00 999 1021.2  13.5 999.0  12.1 99.0 99.00 
2024 01 02 10 00 139  3.5  5.3 99.00 99.00 99.00 999 1021.3  13.4 999.0  12.3 99.0 99.00 
2024 01 02 10 10 137  3.9  6.4  2.96 12.12 10.28 278 1021.3  13.3 999.0  12.2 99.0 99.00 
2024 01 02 10 20 132  4.1  5.6 99.00 99.00 99.00 999 1021.2  13.3 999.0  12.0 99.0 99.00 
2024 01 02 10 30 136  3.9  5.6 99.00 99.00 99.00 999 1021.3  13.4 999.0  12.0 99.0 99.00 
2024 01 02 10 40 135  4.0  6.0  2.71 12.12 10.20 272 1021.3  13.4 999.0  12.2 99.0 99.00 
2024 01 02 10 50 141  4.1  5.9 99.00 99.00 99.00 999 1021.3  13.4 999.0  12.3 99.0 99.00 
2024 01 02 11 00 131  4.2  6.0 99.00 99.00 99.00 999 1021.2  13.4 999.0  12.3 99.0 99.00 
2024 01 02 11 10 137  4.1  6.2  2.89 13.79  9.95 271 1021.3  13.4 999.0  12.3 99.0 99.00 
2024 01 02 11 20 139  4.2  6.3 99.00 99.00 99.00 999 1021.3  13.4 999.0  12.3 99.0 99.00 
2024 01 02 11 30 143  4.1  5.6 99.00 99.00 99.00 999 1021.4  13.5 999.0  12.0 99.0 99.00 
2024 01 02 11 40 150  4.0  5.5  2.39 16.00  9.77 277 1021.5  13.5 999.0  12.1 99.0 99.00 
2024 01 02 11 50 148  3.8  5.3 99.00 99.00 99.00 999 1021.3  13.5 999.0  12.1 99.0 99.00 
2024 01 02 12 00 144  4.1  6.0 99.00 99.00 99.00 999 1021.2  13.5 999.0  12.2 99.0 99.00 
2024 01 02 12 10 143  4.8  6.6  2.63 12.90 10.05 282 1021.2  13.5 999.0  12.3 99.0 99.00 
2024 01 02 12 20 146  4.5  6.4 99.00 99.00 99.00 999 1021.2  13.5 999.0  12.3 99.0 99.00 
2024 01 02 12 30 138  4.9  6.7 99.00 99.00 99.00 999 1020.8  13.5 999.0  12.4 99.0 99.00 
2024 01 02 12 40 127  5.2  7.7  2.64 10.81  9.41 267 1020.7  13.5 999.0  12.4 99.0 99.00 
2024 01 02 12 50 127  5.9  7.9 99.00 99.00 99.00 999 1020.5  13.5 999.0  12.5 99.0 99.00 
2024 01 02 13 00 129  6.1  7.9 99.00 99.00 99.00 999 1020.6  13.6 999.0  12.4 99.0 99.00 
2024 01 02 13 10 129  6.7  9.3  2.52 16.00  9.48 272 1020.2  13.6 999.0  12.4 99.0 99.00 
2024 01 02 13 20 135  7.0 10.2 99.00 99.00 99.00 999 1020.6  13.6 999.0  12.0 99.0 99.00 
2024 01 02 13 30 146  6.4  8.5 99.00 99.00 99.00 999 1020.9  13.8 999.0  12.0 99.0 99.00 
2024 01 02 13 40 151  6.4  8.3  2.68 16.00  9.17 311 1021.1  13.8 999.0  11.9 99.0 99.00 
2024 01 02 13 50 154  6.3  8.0 99.00 99.00 99.00 999 1021.4  13.8 999.0  12.0 99.0 99.00 
2024 01 02 14 00 156  6.2  8.1 99.00 99.00 99.00 999 1021.2  13.9 999.0  12.2 99.0 99.00 
2024 01 02 14 10 154  6.6  8.2  2.30 16.00  8.49 273 1021.1  13.9 999.0  12.1 99.0 99.00 
2024 01 02 14 20 155  6.4  8.4 99.00 99.00 99.00 999 1021.2  13.9 999.0  12.1 99.0 99.00 
2024 01 02 14 30 155  6.9  8.7 99.00 99.00 99.00 999 1021.3  13.9 999.0  12.0 99.0 99.00 
2024 01 02 14 40 153  7.0  8.7  2.32 16.00  8.14 272 1021.3  13.9 999.0  12.1 99.0 99.00 
2024 01 02 14 50 150  7.1  9.1 99.00 99.00 99.00 999 1021.1  13.9 999.0  12.2 99.0 99.00 
2024 01 02 15 00 149  7.2  8.8 99.00 99.00 99.00 999 1021.0  13.9 999.0  12.2 99.0 99.00 
2024 01 02 15 10 151  7.2  9.1  2.13 10.81  7.50 265 1021.2  14.0 999.0  12.3 99.0 99.00 
2024 01 02 15 20 152  7.3  9.6 99.00 99.00 99.00 999 1021.0  14.0 999.0  12.3 99.0 99.00 
2024 01 02 15 30 150  7.7  9.6 99.00 99.00 99.00 999 1020.9  14.0 999.0  12.3 99.0 99.00 
2024 01 02 15 40 146  7.8  9.7  2.16 12.90  7.64 263 1020.8  14.0 999.0  12.4 99.0 99.00 
2024 01 02 15 50 146  8.5 10.3 99.00 99.00 99.00 999 1020.5  14.0 999.0  12.3 99.0 99.00 
2024 01 02 16 00 146  8.3 10.3 99.00 99.00 99.00 999 1020.7  14.0 999.0  12.3 99.0 99.00 
2024 01 02 16 10 152  7.8  9.5  2.00 16.00  7.10 248 1020.9  14.0 999.0  12.3 99.0 99.00 
2024 01 02 16 20 154  8.3 10.1 99.00 99.00 99.00 999 1021.0  14.0 999.0  12.3 99.0 99.00 
2024 01 02 16 30 153  8.4 10.3 99.00 99.00 99.00 999 1020.9  14.1 999.0  12.3 99.0 99.00 
2024 01 02 16 40 150  8.2 10.1  2.15 13.79  7.24 282 1020.9  14.1 999.0  12.2 99.0 99.00 
2024 01 02 16 50 153  8.2 10.5 99.00 99.00 99.00 999 1021.1  14.2 999.0  12.3 99.0 99.00 
2024 01 02 17 00 157  8.3 10.8 99.00 99.00 99.00 999 1021.1  14.2 999.0  12.3 99.0 99.00 
2024 01 02 17 10 154  8.7 11.3  2.17 12.90  6.83 264 1021.1  14.2 999.0  12.4 99.0 99.00 
2024 01 02 17 20 157  8.9 10.5 99.00 99.00 99.00 999 1021.1  14.2 999.0  12.4 99.0 99.00 
2024 01 02 17 30 155  9.0 10.9 99.00 99.00 99.00 999 1021.0  14.2 999.0  12.4 99.0 99.00 
2024 01 02 17 40 156  9.0 11.0  2.21 14.81  6.83 276 1021.0  14.2 999.0  12.5 99.0 99.00 
2024 01 02 17 50 155  8.8 11.3 99.00 99.00 99.00 999 1021.0  14.3 999.0  12.7 99.0 99.00 
2024 01 02 18 00 152  9.2 11.8 99.00 99.00 99.00 999 1020.9  14.3 999.0  12.7 99.0 99.00 
2024 01 02 18 10 154  8.9 11.1  2.27 14.81  6.82 286 1020.9  14.3 999.0  12.7 99.0 99.00 
2024 01 02 18 20 155  9.4 10.8 99.00 99.00 99.00 999 1020.8  14.2 999.0  12.7 99.0 99.00 
2024 01 02 18 30 154  9.3 12.1 99.00 99.00 99.00 999 1020.7  14.3 999.0  12.8 99.0 99.00 
2024 01 02 18 40 156 10.1 12.2  2.09 10.00  6.10 256 1020.5  14.2 999.0  12.6 99.0 99.00 
2024 01 02 18 50 154 10.2 12.8 99.00 99.00 99.00 999 1020.3  14.3 999.0  12.8 99.0 99.00 
2024 01 02 19 00 156 10.1 12.3 99.00 99.00 99.00 999 1020.4  14.3 999.0  12.8 99.0 99.00 
2024 01 02 19 10 162  9.9 12.6  2.18 14.81  6.30 268 1020.2  14.2 999.0  12.8 99.0 99.00 
2024 01 02 19 20 159 10.3 13.2 99.00 99.00 99.00 999 1019.8  14.0 999.0  12.8 99.0 99.00 
2024 01 02 19 30 157 10.9 13.1 99.00 99.00 99.00 999 1019.6  13.9 999.0  12.9 99.0 99.00 
2024 01 02 19 40 161 10.6 13.3  2.49 13.79  6.45 291 1019.5  14.0 999.0  13.0 99.0 99.00 
2024 01 02 19 50 161 10.4 12.7 99.00 99.00 99.00 999 1019.2  13.9 999.0  13.0 99.0 99.00 
2024 01 02 20 00 164 10.0 12.6 99.00 99.00 99.00 999 1018.7  13.8 999.0  12.9 99.0 99.00 
2024 01 02 20 10 161 10.7 15.5  2.24 12.12  6.25 267 1018.6  13.8 999.0  13.0 99.0 99.00 
2024 01 02 20 20 163 10.5 13.5 99.00 99.00 99.00 999 1018.3  13.8 999.0  13.0 99.0 99.00 
2024 01 02 20 30 161 10.4 13.3 99.00 99.00 99.00 999 1017.9  13.6 999.0  13.0 99.0 99.00 
2024 01 02 20 40 158  9.7 12.7  2.22 13.79  6.12 252 1017.7  13.6 999.0  13.1 99.0 99.00 
2024 01 02 20 50 160 10.1 12.8 99.00 99.00 99.00 999 1017.3  13.6 999.0  13.1 99.0 99.00 
2024 01 02 21 00 166 10.5 13.1 99.00 99.00 99.00 999 1017.5  13.7 999.0  13.2 99.0 99.00 
2024 01 02 21 10 162 10.1 12.3  2.41 11.43  6.29 260 1017.3  13.6 999.0  13.2 99.0 99.00 
2024 01 02 21 20 157  9.8 12.1 99.00 99.00 99.00 999 1016.5  13.5 999.0  13.1 99.0 99.00 
2024 01 02 21 30 166 10.5 15.0 99.00 99.00 99.00 999 1016.6  13.7 999.0  13.3 99.0 99.00 
2024 01 02 21 40 172 11.5 14.1  2.35 11.43  6.04 261 1016.6  13.8 999.0  13.4 99.0 99.00 
2024 01 02 21 50 178 11.1 13.7 99.00 99.00 99.00 999 1016.6  13.8 999.0  13.3 99.0 99.00 
2024 01 02 22 00 171 10.5 13.4 99.00 99.00 99.00 999 1016.4  13.8 999.0  13.3 99.0 99.00 
2024 01 02 22 10 175 11.0 14.5  2.43 11.43  6.08 260 1016.2  13.9 999.0  13.5 99.0 99.00 
2024 01 02 22 20 187 11.8 14.1 99.00 99.00 99.00 999 1016.2  14.0 999.0  13.5 99.0 99.00 
2024 01 02 22 30 192 11.1 14.6 99.00 99.00 99.00 999 1016.3  14.0 999.0  13.4 99.0 99.00 
2024 01 02 22 40 221 10.2 13.6  2.70 10.81  6.14 266 1016.5  12.6 999.0  12.0 99.0 99.00 
2024 01 02 22 50 221  7.8 12.2 99.00 99.00 99.00 999 1016.1  11.9 999.0  11.3 99.0 99.00 
2024 01 02 23 00 214  7.5 12.7 99.00 99.00 99.00 999 1016.1  12.6 999.0  12.0 99.0 99.00 
2024 01 02 23 10 211 10.3 12.7  2.68  5.56  6.19 194 1016.0  13.1 999.0  12.0 99.0 99.00 
2024 01 02 23 20 228  8.7 13.2 99.00 99.00 99.00 999 1015.8  13.2 999.0  10.8 99.0 99.00 
2024 01 02 23 30 231  7.4  9.2 99.00 99.00 99.00 999 1015.8  13.4 999.0  10.9 99.0 99.00 
2024 01 02 23 40 220 10.0 13.2  2.70 13.79  6.23 253 1015.7  13.5 999.0  10.7 99.0 99.00 
2024 01 02 23 50 212  7.8  9.6 99.00 99.00 99.00 999 1015.8  13.2 999.0  11.4 99.0 99.00 
2024 01 03 00 00 207  7.0  9.2 99.00 99.00 99.00 999 1015.7  13.6 999.0  12.0 99.0 99.00 
2024 01 03 00 10 212  6.8  9.3  2.70  9.09  6.34 263 1015.6  13.8 999.0  12.2 99.0 99.00 
2024 01 03 00 20 219  7.7 11.0 99.00 99.00 99.00 999 1015.6  14.2 999.0  12.6 99.0 99.00 
2024 01 03 00 30 223  9.4 12.6 99.00 99.00 99.00 999 1015.6  14.4 999.0  13.1 99.0 99.00 
2024 01 03 00 40 225  9.8 12.4  2.71  9.09  6.79 270 1015.6  14.4 999.0  13.1 99.0 99.00 
2024 01 03 00 50 242 12.2 14.9 99.00 99.00 99.00 999 1015.9  12.9 999.0  10.9 99.0 99.00 
2024 01 03 01 00 239  8.6 11.3 99.00 99.00 99.00 999 1015.8  12.8 999.0  10.6 99.0 99.00 
2024 01 03 01 10 234  7.5  9.7  2.63 10.00  6.45 280 1015.8  13.1 999.0  10.7 99.0 99.00 
2024 01 03 01 20 230  6.8  8.5 99.00 99.00 99.00 999 1015.9  13.3 999.0  11.1 99.0 99.00 
2024 01 03 01 30 238  8.4 12.9 99.00 99.00 99.00 999 1016.0  13.7 999.0  10.8 99.0 99.00 
2024 01 03 01 40 253  8.3 11.4  2.70 11.43  6.90 271 1015.8  13.2 999.0  10.7 99.0 99.00 
2024 01 03 01 50 253  7.7  9.9 99.00 99.00 99.00 999 1015.9  13.2 999.0  10.8 99.0 99.00 
2024 01 03 02 00 254  7.7 10.7 99.00 99.00 99.00 999 1015.8  13.6 999.0  11.2 99.0 99.00 
2024 01 03 02 10 257  8.4 12.1  2.81 10.81  6.71 278 1015.9  13.7 999.0  11.0 99.0 99.00 
2024 01 03 02 20 257  8.8 14.8 99.00 99.00 99.00 999 1016.2  13.6 999.0  11.0 99.0 99.00 
2024 01 03 02 30 264 11.7 15.8 99.00 99.00 99.00 999 1016.2  11.9 999.0  10.7 99.0 99.00 
2024 01 03 02 40 265 10.3 13.1  3.03 10.00  7.08 288 1016.2  12.2 999.0  10.5 99.0 99.00 
2024 01 03 02 50 263  9.9 12.7 99.00 99.00 99.00 999 1016.3  12.5 999.0  10.3 99.0 99.00 
2024 01 03 03 00 256 11.5 14.5 99.00 99.00 99.00 999 1016.3  13.0 999.0   9.3 99.0 99.00 
2024 01 03 03 10 243 11.6 15.3  3.31 10.00  7.15 282 1016.3  12.6 999.0   9.4 99.0 99.00 
2024 01 03 03 20 229 10.2 12.7 99.00 99.00 99.00 999 1016.1  12.1 999.0   9.4 99.0 99.00 
2024 01 03 03 30 229  8.1 10.5 99.00 99.00 99.00 999 1016.0  12.2 999.0   9.4 99.0 99.00 
2024 01 03 03 40 233  7.8 10.0  3.32 10.00  7.07 275 1016.0  12.4 999.0   9.6 99.0 99.00 
2024 01 03 03 50 234  7.6  9.6 99.00 99.00 99.00 999 1016.1  12.4 999.0   9.6 99.0 99.00 
2024 01 03 04 00 238  7.3  9.2 99.00 99.00 99.00 999 1016.3  12.7 999.0   9.9 99.0 99.00 
2024 01 03 04 10 243  8.3 10.4  3.45 10.00  7.56 275 1016.5  12.7 999.0   9.9 99.0 99.00 
2024 01 03 04 20 245  8.2 10.1 99.00 99.00 99.00 999 1016.4  12.8 999.0  10.0 99.0 99.00 
2024 01 03 04 30 258  8.1 11.1 99.00 99.00 99.00 999 1016.2  13.0 999.0   9.6 99.0 99.00 
2024 01 03 04 40 267  7.5  9.4  3.32 10.00  7.49 276 1016.2  13.0 999.0   9.3 99.0 99.00 
2024 01 03 04 50 266  7.9 10.3 99.00 99.00 99.00 999 1016.4  13.0 999.0   9.4 99.0 99.00 
2024 01 03 05 00 256  9.0 12.3 99.00 99.00 99.00 999 1016.3  12.6 999.0   9.3 99.0 99.00 
2024 01 03 05 10 243  8.3 11.7  3.48 11.43  7.67 273 1016.4  12.1 999.0   9.0 99.0 99.00 
2024 01 03 05 20 251  6.9  9.0 99.00 99.00 99.00 999 1016.3  12.1 999.0   9.3 99.0 99.00 
2024 01 03 05 30 262  6.7  8.9 99.00 99.00 99.00 999 1016.4  12.5 999.0   9.8 99.0 99.00 
2024 01 03 05 40 247  6.6  8.9  3.46 10.81  7.77 273 1016.5  12.3 999.0   9.9 99.0 99.00 
2024 01 03 05 50 266  7.2 10.6 99.00 99.00 99.00 999 1016.5  12.5 999.0   9.2 99.0 99.00 
2024 01 03 06 00 271  6.6  9.0 99.00 99.00 99.00 999 1016.5  12.7 999.0   9.3 99.0 99.00 
2024 01 03 06 10 274  6.9  9.5  3.17 11.43  7.63 281 1016.7  12.7 999.0   9.5 99.0 99.00 
2024 01 03 06 20 260  7.1  9.5 99.00 99.00 99.00 999 1016.7  12.6 999.0   9.1 99.0 99.00 
2024 01 03 06 30 258  7.3  9.7 99.00 99.00 99.00 999 1016.8  12.6 999.0   9.4 99.0 99.00 
2024 01 03 06 40 254  7.3  9.8  3.65 10.81  8.36 277 1016.9  12.6 999.0   9.6 99.0 99.00 
2024 01 03 06 50 254  7.1  8.9 99.00 99.00 99.00 999 1016.9  12.4 999.0   9.6 99.0 99.00 
2024 01 03 07 00 251  7.0  9.1 99.00 99.00 99.00 999 1017.0  12.5 999.0   9.8 99.0 99.00 
2024 01 03 07 10 258  6.7  9.6  4.16 12.12  8.81 274 1016.9  12.6 999.0   9.7 99.0 99.00 
2024 01 03 07 20 266  7.9 10.1 99.00 99.00 99.00 999 1017.0  12.9 999.0   9.1 99.0 99.00 
2024 01 03 07 30 263  7.6 10.5 99.00 99.00 99.00 999 1017.0  12.9 999.0   9.2 99.0 99.00 
2024 01 03 07 40 266  7.8 10.3  3.98 11.43  8.58 270 1017.0  12.9 999.0   9.1 99.0 99.00 
2024 01 03 07 50 265  7.7 10.1 99.00 99.00 99.00 999 1017.1  13.0 999.0   9.3 99.0 99.00 
2024 01 03 08 00 264  7.9 10.1 99.00 99.00 99.00 999 1017.0  12.9 999.0   9.2 99.0 99.00 
2024 01 03 08 10 263  7.3  9.3  4.03 11.43  8.64 281 1017.0  12.9 999.0   9.3 99.0 99.00 
2024 01 03 08 20 251  7.0  9.9 99.00 99.00 99.00 999 1017.0  12.9 999.0   9.5 99.0 99.00 
2024 01 03 08 30 250  8.5 12.0 99.00 99.00 99.00 999 1016.9  12.6 999.0   9.6 99.0 99.00 
2024 01 03 08 40 246  7.3 10.7  3.80 11.43  8.49 273 1016.9  12.3 999.0   9.7 99.0 99.00 
2024 01 03 08 50 260  7.0  9.6 99.00 99.00 99.00 999 1016.8  12.7 999.0   9.7 99.0 99.00 
2024 01 03 09 00 264  7.3  9.6 99.00 99.00 99.00 999 1016.8  12.7 999.0   9.3 99.0 99.00 
2024 01 03 09 10 272  7.4  9.4  3.38 12.12  8.27 268 1016.8  12.7 999.0   9.2 99.0 99.00 
2024 01 03 09 20 269  5.8  8.9 99.00 99.00 99.00 999 1016.9  12.7 999.0   9.7 99.0 99.00 
2024 01 03 09 30 264  6.4  8.9 99.00 99.00 99.00 999 1016.7  12.8 999.0   9.6 99.0 99.00 
2024 01 03 09 40 265  5.9  8.2  4.06 12.12  8.71 268 1016.7  12.9 999.0   9.6 99.0 99.00 
2024 01 03 09 50 260  7.1  9.4 99.00 99.00 99.00 999 1016.7  13.0 999.0   9.6 99.0 99.00 
2024 01 03 10 00 258  7.6 10.5 99.00 99.00 99.00 999 1016.7  12.9 999.0   9.7 99.0 99.00 
2024 01 03 10 10 260  7.2  9.7  4.14 12.12  8.80 272 1016.9  13.0 999.0   9.9 99.0 99.00 
2024 01 03 10 20 273  8.5 11.5 99.00 99.00 99.00 999 1017.0  12.3 999.0  10.0 99.0 99.00 
2024 01 03 10 30 266  6.0  8.4 99.00 99.00 99.00 999 1017.2  12.2 999.0   9.3 99.0 99.00 
2024 01 03 10 40 270  6.4  8.2  3.75 12.90  8.57 270 1017.2  12.6 999.0   9.7 99.0 99.00 
2024 01 03 10 50 270  6.4 10.0 99.00 99.00 99.00 999 1017.2  12.9 999.0   9.9 99.0 99.00 
2024 01 03 11 00 267  5.7  9.4 99.00 99.00 99.00 999 1017.1  12.1 999.0  10.1 99.0 99.00 
2024 01 03 11 10 269  6.1 10.0  4.10 11.43  9.05 269 1017.2  12.6 999.0  10.0 99.0 99.00 
2024 01 03 11 20 267  7.0  9.1 99.00 99.00 99.00 999 1017.1  13.0 999.0  10.0 99.0 99.00 
2024 01 03 11 30 268  7.1 12.0 99.00 99.00 99.00 999 1017.0  13.0 999.0  10.1 99.0 99.00 
2024 01 03 11 40 285  9.2 11.8  4.20 12.12  9.03 274 1017.0  12.2 999.0  10.6 99.0 99.00 
2024 01 03 11 50 284  8.7 11.7 99.00 99.00 99.00 999 1017.0  12.0 999.0  10.2 99.0 99.00 
2024 01 03 12 00 274  6.9  9.4 99.00 99.00 99.00 999 1017.0  12.1 999.0   9.5 99.0 99.00 
2024 01 03 12 10 284  6.5  8.4  4.24 13.79  8.79 277 1017.2  12.2 999.0   9.3 99.0 99.00 
2024 01 03 12 20 287  6.0  8.2 99.00 99.00 99.00 999 1017.2  12.2 999.0   8.7 99.0 99.00 
2024 01 03 12 30 283  5.9  7.9 99.00 99.00 99.00 999 1017.2  12.2 999.0   8.8 99.0 99.00 
2024 01 03 12 40 283  5.4  8.1  4.48 12.12  9.43 263 1017.4  12.3 999.0   8.9 99.0 99.00 
2024 01 03 12 50 290  5.5  7.9 99.00 99.00 99.00 999 1017.5  12.2 999.0   8.9 99.0 99.00 
2024 01 03 13 00 292  4.8  7.4 99.00 99.00 99.00 999 1017.5  12.2 999.0   9.1 99.0 99.00 
2024 01 03 13 10 300  4.4  7.0  4.23 12.90  9.22 272 1017.7  12.3 999.0   9.4 99.0 99.00 
2024 01 03 13 20 299  4.0  6.2 99.00 99.00 99.00 999 1017.8  12.3 999.0   9.5 99.0 99.00 
2024 01 03 13 30 301  4.4  9.8 99.00 99.00 99.00 999 1017.8  12.4 999.0   9.9 99.0 99.00 
2024 01 03 13 40 329  9.7 14.3  3.96 12.12  9.16 273 1018.1  11.8 999.0  10.1 99.0 99.00 
2024 01 03 13 50 342  7.6 10.1 99.00 99.00 99.00 999 1018.2  11.7 999.0   9.8 99.0 99.00 
2024 01 03 14 00 342  6.9  8.7 99.00 99.00 99.00 999 1018.4  11.6 999.0   9.7 99.0 99.00 
2024 01 03 14 10 330  6.5  9.1  4.21 13.79  9.54 274 1018.6  11.6 999.0   9.9 99.0 99.00 
2024 01 03 14 20 324  6.7  9.1 99.00 99.00 99.00 999 1018.6  11.9 999.0   9.5 99.0 99.00 
2024 01 03 14 30 325  7.1  9.9 99.00 99.00 99.00 999 1018.7  12.0 999.0   9.6 99.0 99.00 
2024 01 03 14 40 333  6.1  8.8  4.58 13.79  9.47 276 1018.8  12.0 999.0   9.6 99.0 99.00 
2024 01 03 14 50 324  5.9  8.2 99.00 99.00 99.00 999 1018.9  12.0 999.0   9.6 99.0 99.00 
2024 01 03 15 00 319  6.0  8.3 99.00 99.00 99.00 999 1019.0  12.1 999.0   9.9 99.0 99.00 
2024 01 03 15 10 321  6.2  8.2  5.03 13.79 10.04 281 1019.1  12.2 999.0  10.2 99.0 99.00 
2024 01 03 15 20 322  5.7  8.1 99.00 99.00 99.00 999 1019.1  12.2 999.0  10.3 99.0 99.00 
2024 01 03 15 30 322  7.5 10.3 99.00 99.00 99.00 999 1019.5  12.4 999.0   9.9 99.0 99.00 
2024 01 03 15 40 323  8.2 10.5  4.50 14.81  9.47 278 1019.5  12.5 999.0   9.7 99.0 99.00 
2024 01 03 15 50 319  8.3 11.2 99.00 99.00 99.00 999 1019.7  12.7 999.0   9.9 99.0 99.00 
2024 01 03 16 00 317  8.8 11.1 99.00 99.00 99.00 999 1019.8  12.7 999.0   9.9 99.0 99.00 
2024 01 03 16 10 319  8.4 11.1  4.96 12.12  9.73 272 1019.9  12.7 999.0   9.9 99.0 99.00 
2024 01 03 16 20 318  8.1 10.1 99.00 99.00 99.00 999 1020.0  12.6 999.0   9.8 99.0 99.00 
2024 01 03 16 30 317  7.8 10.0 99.00 99.00 99.00 999 1020.1  12.7 999.0  10.1 99.0 99.00 
2024 01 03 16 40 322  8.5 11.5  4.05 12.90  8.98 278 1020.3  12.7 999.0   9.8 99.0 99.00 
2024 01 03 16 50 319  9.2 11.7 99.00 99.00 99.00 999 1020.4  12.7 999.0   9.8 99.0 99.00 
2024 01 03 17 00 316 10.1 13.0 99.00 99.00 99.00 999 1020.3  12.7 999.0   9.2 99.0 99.00 
2024 01 03 17 10 317 10.0 12.5  4.37 12.12  8.85 262 1020.4  12.7 999.0   9.5 99.0 99.00 
2024 01 03 17 20 318  9.2 12.1 99.00 99.00 99.00 999 1020.6  12.7 999.0   9.8 99.0 99.00 
2024 01 03 17 30 316  9.3 12.1 99.00 99.00 99.00 999 1020.7  12.7 999.0   9.7 99.0 99.00 
2024 01 03 17 40 318  9.6 12.7  4.50 12.90  9.38 272 1020.9  12.8 999.0   9.7 99.0 99.00 
2024 01 03 17 50 318  9.1 12.5 99.00 99.00 99.00 999 1021.0  12.8 999.0  10.1 99.0 99.00 
2024 01 03 18 00 318  9.3 11.8 99.00 99.00 99.00 999 1021.2  12.7 999.0  10.0 99.0 99.00 
2024 01 03 18 10 319  9.2 11.8  4.70 13.79  9.07 269 1021.3  12.7 999.0  10.2 99.0 99.00 
2024 01 03 18 20 323  9.2 11.3 99.00 99.00 99.00 999 1021.4  12.7 999.0  10.0 99.0 99.00 
2024 01 03 18 30 323  9.6 11.9 99.00 99.00 99.00 999 1021.5  12.7 999.0   9.8 99.0 99.00 
2024 01 03 18 40 314  9.4 12.1  4.78 12.90  8.99 262 1021.6  12.6 999.0  10.3 99.0 99.00 
2024 01 03 18 50 320  8.8 11.5 99.00 99.00 99.00 999 1021.6  12.7 999.0  10.4 99.0 99.00 
2024 01 03 19 00 321  9.9 12.6 99.00 99.00 99.00 999 1021.5  12.8 999.0   9.9 99.0 99.00 
2024 01 03 19 10 320  9.6 12.3  4.78 12.90  8.97 267 1021.7  12.9 999.0   9.9 99.0 99.00 
2024 01 03 19 20 320  9.8 13.1 99.00 99.00 99.00 999 1021.6  12.9 999.0  10.0 99.0 99.00 
2024 01 03 19 30 319 10.6 13.3 99.00 99.00 99.00 999 1021.7  12.8 999.0   9.8 99.0 99.00 
2024 01 03 19 40 322 10.5 12.8  4.38 14.81  8.98 267 1021.6  12.8 999.0  10.0 99.0 99.00 
2024 01 03 19 50 329 10.2 12.5 99.00 99.00 99.00 999 1021.5  12.8 999.0  10.1 99.0 99.00 
2024 01 03 20 00 330 10.0 12.5 99.00 99.00 99.00 999 1021.4  12.7 999.0   9.9 99.0 99.00 
2024 01 03 20 10 336  9.4 11.6  4.90 13.79  8.98 261 1021.4  12.6 999.0  10.4 99.0 99.00 
2024 01 03 20 20 331  9.4 12.8 99.00 99.00 99.00 999 1021.4  12.5 999.0  10.4 99.0 99.00 
2024 01 03 20 30 332  9.3 12.1 99.00 99.00 99.00 999 1021.4  12.2 999.0  10.2 99.0 99.00 
2024 01 03 20 40 329 10.0 13.1  4.58 13.79  8.73 276 1021.3  12.4 999.0  10.2 99.0 99.00 
2024 01 03 20 50 329 10.3 13.6 99.00 99.00 99.00 999 1021.2  12.5 999.0  10.5 99.0 99.00 
2024 01 03 21 00 326 10.0 13.2 99.00 99.00 99.00 999 1021.2  12.5 999.0  10.6 99.0 99.00 
2024 01 03 21 10 327 10.7 13.1  4.81 14.81  9.11 278 1021.1  12.4 999.0  10.3 99.0 99.00 
2024 01 03 21 20 327 10.6 13.2 99.00 99.00 99.00 999 1021.0  12.4 999.0  10.3 99.0 99.00 
2024 01 03 21 30 323 10.4 13.3 99.00 99.00 99.00 999 1021.1  12.5 999.0  10.2 99.0 99.00 
2024 01 03 21 40 322 10.5 12.8  4.68 13.79  9.18 266 1021.2  12.7 999.0  10.3 99.0 99.00 
2024 01 03 21 50 317 10.3 12.5 99.00 99.00 99.00 999 1021.2  12.7 999.0  10.5 99.0 99.00 
2024 01 03 22 00 318  9.8 13.0 99.00 99.00 99.00 999 1021.2  12.7 999.0  10.6 99.0 99.00 
2024 01 03 22 10 321  9.7 11.9  4.51 13.79  8.80 278 1021.3  12.8 999.0  10.6 99.0 99.00 
2024 01 03 22 20 325 10.5 13.3 99.00 99.00 99.00 999 1021.3  12.9 999.0  10.4 99.0 99.00 
2024 01 03 22 30 324 10.6 13.5 99.00 99.00 99.00 999 1021.3  12.9 999.0  10.3 99.0 99.00 
2024 01 03 22 40 325 11.0 13.9  4.21 13.79  8.45 268 1021.4  13.0 999.0  10.3 99.0 99.00 
2024 01 03 22 50 321 11.7 14.3 99.00 99.00 99.00 999 1021.5  13.0 999.0  10.0 99.0 99.00 
2024 01 03 23 00 321 11.1 14.4 99.00 99.00 99.00 999 1021.6  13.0 999.0  10.0 99.0 99.00 
2024 01 03 23 10 319 11.2 13.8  4.44 13.79  8.88 241 1021.8  13.0 999.0  10.1 99.0 99.00 
2024 01 03 23 20 321 10.6 13.9 99.00 99.00 99.00 999 1021.9  12.9 999.0  10.0 99.0 99.00 
2024 01 03 23 30 322 10.5 13.2 99.00 99.00 99.00 999 1022.1  13.1 999.0  10.3 99.0 99.00 
2024 01 03 23 40 323 10.5 13.8  4.47 13.79  8.76 282 1022.1  13.1 999.0  10.4 99.0 99.00 
2024 01 03 23 50 322 10.7 14.1 99.00 99.00 99.00 999 1022.1  13.1 999.0  10.6 99.0 99.00 
2024 01 04 00 00 321 11.0 13.8 99.00 99.00 99.00 999 1022.2  13.1 999.0  10.4 99.0 99.00 
2024 01 04 00 10 320 11.2 14.1  4.56 13.79  8.92 283 1022.3  13.1 999.0  10.3 99.0 99.00 
2024 01 04 00 20 323 11.3 14.2 99.00 99.00 99.00 999 1022.4  13.0 999.0  10.1 99.0 99.00 
2024 01 04 00 30 331 10.2 13.5 99.00 99.00 99.00 999 1022.6  12.9 999.0  10.5 99.0 99.00 
2024 01 04 00 40 327 10.0 12.9  4.11 14.81  8.34 289 1022.7  12.8 999.0  10.1 99.0 99.00 
2024 01 04 00 50 328  9.9 12.7 99.00 99.00 99.00 999 1022.6  12.8 999.0  10.3 99.0 99.00 
2024 01 04 01 00 328 10.1 12.4 99.00 99.00 99.00 999 1022.8  12.8 999.0  10.3 99.0 99.00 
2024 01 04 01 10 324 10.3 13.2  4.70 13.79  9.20 288 1022.9  12.8 999.0  10.5 99.0 99.00 
2024 01 04 01 20 321  9.8 12.4 99.00 99.00 99.00 999 1022.9  12.7 999.0  10.3 99.0 99.00 
2024 01 04 01 30 322  9.7 12.6 99.00 99.00 99.00 999 1023.0  12.7 999.0  10.2 99.0 99.00 
2024 01 04 01 40 318  9.7 12.7  4.80 13.79  9.52 290 1023.1  12.8 999.0  10.6 99.0 99.00 
2024 01 04 01 50 321 10.6 13.3 99.00 99.00 99.00 999 1023.2  12.8 999.0  10.5 99.0 99.00 
2024 01 04 02 00 323 10.3 12.2 99.00 99.00 99.00 999 1023.2  12.9 999.0  10.4 99.0 99.00 
2024 01 04 02 10 317 10.9 15.4  4.21 13.79  8.67 292 1023.3  13.0 999.0  10.2 99.0 99.00 
2024 01 04 02 20 325 11.0 14.2 99.00 99.00 99.00 999 1023.4  13.1 999.0  10.2 99.0 99.00 
2024 01 04 02 30 329 11.2 14.7 99.00 99.00 99.00 999 1023.4  12.8 999.0  10.4 99.0 99.00 
2024 01 04 02 40 329 11.0 13.6  4.55 14.81  9.20 288 1023.4  12.7 999.0  10.3 99.0 99.00 
2024 01 04 02 50 327  9.9 12.5 99.00 99.00 99.00 999 1023.6  12.7 999.0  10.5 99.0 99.00 
2024 01 04 03 00 327  9.7 12.0 99.00 99.00 99.00 999 1023.7  12.7 999.0  10.3 99.0 99.00 
2024 01 04 03 10 327  9.7 12.1  4.25 13.79  8.57 294 1023.7  12.8 999.0  10.1 99.0 99.00 
2024 01 04 03 20 325 10.2 12.7 99.00 99.00 99.00 999 1023.7  12.8 999.0  10.1 99.0 99.00 
2024 01 04 03 30 326  9.3 12.1 99.00 99.00 99.00 999 1023.6  12.8 999.0  10.1 99.0 99.00 
2024 01 04 03 40 323  9.1 12.2  4.59 13.79  9.10 298 1023.6  12.9 999.0  10.1 99.0 99.00 
2024 01 04 03 50 325  9.7 12.7 99.00 99.00 99.00 999 1023.6  12.9 999.0  10.3 99.0 99.00 
2024 01 04 04 00 324 10.1 12.7 99.00 99.00 99.00 999 1023.9  12.8 999.0  10.2 99.0 99.00 
2024 01 04 04 10 319 10.2 12.9  4.21 12.90  8.55 293 1024.1  13.0 999.0   9.9 99.0 99.00 
2024 01 04 04 20 320 10.6 13.6 99.00 99.00 99.00 999 1024.1  13.0 999.0   9.8 99.0 99.00 
2024 01 04 04 30 319 10.4 13.5 99.00 99.00 99.00 999 1024.3  13.0 999.0   9.7 99.0 99.00 
2024 01 04 04 40 323 10.2 12.7  4.31 12.90  8.54 287 1024.3  13.0 999.0   9.5 99.0 99.00 
2024 01 04 04 50 325  9.9 11.9 99.00 99.00 99.00 999 1024.3  13.0 999.0   9.6 99.0 99.00 
2024 01 04 05 00 328  9.7 11.9 99.00 99.00 99.00 999 1024.3  12.9 999.0   9.8 99.0 99.00 
2024 01 04 05 10 331  9.0 11.6  4.19 13.79  8.66 287 1024.3  12.9 999.0   9.9 99.0 99.00 
2024 01 04 05 20 327  9.1 11.1 99.00 99.00 99.00 999 1024.4  12.9 999.0   9.9 99.0 99.00 
2024 01 04 05 30 324  8.7 11.6 99.00 99.00 99.00 999 1024.5  13.0 999.0  10.1 99.0 99.00 
2024 01 04 05 40 333  9.3 12.2  4.95 12.90  9.52 289 1024.7  12.9 999.0  10.1 99.0 99.00 
2024 01 04 05 50 334  8.8 10.9 99.00 99.00 99.00 999 1024.7  12.7 999.0   9.9 99.0 99.00 
2024 01 04 06 00 334  9.1 11.5 99.00 99.00 99.00 999 1024.8  12.8 999.0   9.9 99.0 99.00 
2024 01 04 06 10 333  9.4 11.8  4.40 12.90  9.09 292 1024.7  12.7 999.0   9.7 99.0 99.00 
2024 01 04 06 20 329  8.8 10.8 99.00 99.00 99.00 999 1024.9  12.7 999.0   9.8 99.0 99.00 
2024 01 04 06 30 333  7.7  9.8 99.00 99.00 99.00 999 1024.9  12.6 999.0   9.9 99.0 99.00 
2024 01 04 06 40 334  7.5  9.8  4.92 13.79  9.71 289 1024.8  12.7 999.0   9.9 99.0 99.00 
2024 01 04 06 50 336  7.5  9.7 99.00 99.00 99.00 999 1024.9  12.7 999.0   9.9 99.0 99.00 
2024 01 04 07 00 339  8.5 10.7 99.00 99.00 99.00 999 1025.0  12.7 999.0   9.8 99.0 99.00 
2024 01 04 07 10 334  8.0 10.8  4.32 13.79  9.41 291 1024.8  12.7 999.0   9.6 99.0 99.00 
2024 01 04 07 20 331  8.5 11.2 99.00 99.00 99.00 999 1024.9  12.8 999.0   9.9 99.0 99.00 
2024 01 04 07 30 331  8.6 10.6 99.00 99.00 99.00 999 1024.8  12.7 999.0   9.6 99.0 99.00 
2024 01 04 07 40 329  9.1 12.2  4.68 13.79  9.70 285 1024.9  12.8 999.0   9.7 99.0 99.00 
2024 01 04 07 50 330  8.9 11.2 99.00 99.00 99.00 999 1025.0  12.8 999.0   9.5 99.0 99.00 
2024 01 04 08 00 331  8.5 11.1 99.00 99.00 99.00 999 1024.9  12.8 999.0   9.3 99.0 99.00 
2024 01 04 08 10 339  8.6 11.0  4.70 13.79  9.47 288 1024.8  12.7 999.0   9.1 99.0 99.00 
2024 01 04 08 20 333  8.4 10.6 99.00 99.00 99.00 999 1024.9  12.7 999.0   9.3 99.0 99.00 
2024 01 04 08 30 335  7.9 10.4 99.00 99.00 99.00 999 1024.8  12.7 999.0   9.5 99.0 99.00 
2024 01 04 08 40 335  8.0 10.7  4.88 13.79  9.89 288 1024.8  12.7 999.0   9.5 99.0 99.00 
2024 01 04 08 50 333  8.0 10.2 99.00 99.00 99.00 999 1024.7  12.7 999.0   9.6 99.0 99.00 
2024 01 04 09 00 331  8.5 11.2 99.00 99.00 99.00 999 1024.6  12.7 999.0   9.6 99.0 99.00 
2024 01 04 09 10 339  8.2 10.6  4.93 14.81 10.15 293 1024.6  12.6 999.0   9.5 99.0 99.00 
2024 01 04 09 20 335  8.3 11.0 99.00 99.00 99.00 999 1024.6  12.6 999.0   9.6 99.0 99.00 
2024 01 04 09 30 331  8.2 10.3 99.00 99.00 99.00 999 1024.6  12.6 999.0   9.8 99.0 99.00 
2024 01 04 09 40 334  8.0 10.7  5.12 13.79 10.19 283 1024.7  12.6 999.0   9.8 99.0 99.00 
2024 01 04 09 50 332  8.0 10.5 99.00 99.00 99.00 999 1024.6  12.5 999.0   9.8 99.0 99.00 
2024 01 04 10 00 331  8.4 11.3 99.00 99.00 99.00 999 1024.7  12.6 999.0   9.9 99.0 99.00 
2024 01 04 10 10 335  8.3 10.3  4.65 14.81  9.68 293 1024.6  12.6 999.0   9.7 99.0 99.00 
2024 01 04 10 20 334  7.8 10.3 99.00 99.00 99.00 999 1024.7  12.6 999.0   9.8 99.0 99.00 
2024 01 04 10 30 337  7.5 10.1 99.00 99.00 99.00 999 1024.7  12.6 999.0   9.7 99.0 99.00 
2024 01 04 10 40 334  7.6 10.4  4.54 14.81  9.67 283 1024.7  12.6 999.0   9.7 99.0 99.00 
2024 01 04 10 50 331  8.1 10.2 99.00 99.00 99.00 999 1024.9  12.6 999.0   9.6 99.0 99.00 
2024 01 04 11 00 332  8.2 10.2 99.00 99.00 99.00 999 1025.1  12.6 999.0   9.6 99.0 99.00 
2024 01 04 11 10 329  8.4 10.5  4.16 14.81  9.06 291 1025.0  12.6 999.0   9.5 99.0 99.00 
2024 01 04 11 20 332  8.1  9.8 99.00 99.00 99.00 999 1025.0  12.6 999.0   9.5 99.0 99.00 
2024 01 04 11 30 332  8.0 10.5 99.00 99.00 99.00 999 1024.9  12.6 999.0   9.5 99.0 99.00 
2024 01 04 11 40 328  8.4 11.3  4.29 12.90  9.20 285 1025.0  12.7 999.0   9.8 99.0 99.00 
2024 01 04 11 50 324  9.3 11.3 99.00 99.00 99.00 999 1024.9  12.7 999.0   9.8 99.0 99.00 
2024 01 04 12 00 326  9.1 11.5 99.00 99.00 99.00 999 1024.8  12.7 999.0   9.8 99.0 99.00 
2024 01 04 12 10 326  9.1 11.4  4.32 12.12  9.10 288 1024.8  12.7 999.0   9.8 99.0 99.00 
2024 01 04 12 20 327  9.2 11.6 99.00 99.00 99.00 999 1024.8  12.7 999.0   9.8 99.0 99.00 
2024 01 04 12 30 325  9.2 11.6 99.00 99.00 99.00 999 1024.9  12.7 999.0   9.7 99.0 99.00 
2024 01 04 12 40 325  8.8 11.1  3.96 11.43  8.78 291 1024.7  12.7 999.0   9.7 99.0 99.00 
2024 01 04 12 50 321  8.5 10.8 99.00 99.00 99.00 999 1024.7  12.8 999.0   9.9 99.0 99.00 
2024 01 04 13 00 322  8.5 10.6 99.00 99.00 99.00 999 1024.6  12.7 999.0   9.6 99.0 99.00 
2024 01 04 13 10 323  8.8 11.5  4.33 13.79  9.11 294 1024.8  12.7 999.0   9.5 99.0 99.00 
2024 01 04 13 20 322  8.7 10.8 99.00 99.00 99.00 999 1024.9  12.7 999.0   9.4 99.0 99.00 
2024 01 04 13 30 320  8.6 11.1 99.00 99.00 99.00 999 1025.0  12.7 999.0   9.5 99.0 99.00 
2024 01 04 13 40 320  8.2 10.3  4.18 13.79  8.96 287 1025.0  12.8 999.0   9.8 99.0 99.00 
2024 01 04 13 50 318  7.9 10.3 99.00 99.00 99.00 999 1025.1  12.8 999.0   9.8 99.0 99.00 
2024 01 04 14 00 321  8.1 10.7 99.00 99.00 99.00 999 1025.1  12.8 999.0   9.9 99.0 99.00 
2024 01 04 14 10 320  7.9 10.0  3.99 13.79  9.11 293 1025.3  12.7 999.0   9.8 99.0 99.00 
2024 01 04 14 20 319  7.5  9.8 99.00 99.00 99.00 999 1025.3  12.7 999.0   9.9 99.0 99.00 
2024 01 04 14 30 326  7.8  9.8 99.00 99.00 99.00 999 1025.3  12.7 999.0   9.8 99.0 99.00 
2024 01 04 14 40 326  7.6  9.8  4.08 14.81  9.18 291 1025.4  12.7 999.0   9.9 99.0 99.00 
2024 01 04 14 50 324  7.9 10.1 99.00 99.00 99.00 999 1025.5  12.7 999.0   9.9 99.0 99.00 
2024 01 04 15 00 323  7.7 10.2 99.00 99.00 99.00 999 1025.8  12.7 999.0   9.9 99.0 99.00 
2024 01 04 15 10 323  8.0 10.3  3.99 13.79  9.05 294 1026.1  12.8 999.0  10.0 99.0 99.00 
2024 01 04 15 20 323  8.2 10.3 99.00 99.00 99.00 999 1026.1  12.8 999.0  10.0 99.0 99.00 
2024 01 04 15 30 328  8.1 10.2 99.00 99.00 99.00 999 1026.3  12.8 999.0  10.0 99.0 99.00 
2024 01 04 15 40 327  8.5 10.7  3.59 12.12  8.67 289 1026.4  12.8 999.0   9.9 99.0 99.00 
2024 01 04 15 50 325  8.1 10.6 99.00 99.00 99.00 999 1026.4  12.8 999.0  10.0 99.0 99.00 
2024 01 04 16 00 324  8.7 11.1 99.00 99.00 99.00 999 1026.6  12.8 999.0   9.9 99.0 99.00 
2024 01 04 16 10 327  8.5 10.7  3.98 14.81  9.03 298 1026.8  12.8 999.0  10.0 99.0 99.00 
2024 01 04 16 20 328  7.9 10.7 99.00 99.00 99.00 999 1026.8  12.8 999.0  10.0 99.0 99.00 
2024 01 04 16 30 327  7.5  9.7 99.00 99.00 99.00 999 1027.0  12.9 999.0  10.1 99.0 99.00 
2024 01 04 16 40 329  7.7  9.6  3.34 12.90  8.33 295 1027.1  12.9 999.0  10.0 99.0 99.00 
2024 01 04 16 50 328  7.7 10.3 99.00 99.00 99.00 999 1027.2  12.9 999.0  10.0 99.0 99.00 
2024 01 04 17 00 330  7.6  9.3 99.00 99.00 99.00 999 1027.1  12.9 999.0   9.9 99.0 99.00 
2024 01 04 17 10 336  7.5  9.5  3.46 13.79  8.33 297 1026.9  12.9 999.0   9.9 99.0 99.00 
2024 01 04 17 20 330  7.0  8.7 99.00 99.00 99.00 999 1026.8  12.9 999.0  10.0 99.0 99.00 
2024 01 04 17 30 329  7.0  9.2 99.00 99.00 99.00 999 1026.7  12.9 999.0  10.1 99.0 99.00 
2024 01 04 17 40 327  7.0  8.8  3.48 14.81  8.55 289 1026.7  12.9 999.0  10.0 99.0 99.00 
2024 01 04 17 50 326  6.4  7.9 99.00 99.00 99.00 999 1026.8  12.9 999.0  10.1 99.0 99.00 
2024 01 04 18 00 327  6.5  8.3 99.00 99.00 99.00 999 1026.7  12.9 999.0  10.1 99.0 99.00 
2024 01 04 18 10 325  6.7  9.1  3.36 14.81  8.71 286 1026.8  13.0 999.0  10.3 99.0 99.00 
2024 01 04 18 20 325  6.9  8.4 99.00 99.00 99.00 999 1026.8  13.0 999.0  10.2 99.0 99.00 
2024 01 04 18 30 324  6.7  8.2 99.00 99.00 99.00 999 1026.8  13.0 999.0  10.2 99.0 99.00 
2024 01 04 18 40 335  5.9  7.8  3.19 14.81  8.55 283 1026.7  13.1 999.0  10.4 99.0 99.00 
2024 01 04 18 50 331  5.7  7.1 99.00 99.00 99.00 999 1026.7  13.0 999.0  10.2 99.0 99.00 
2024 01 04 19 00 329  5.7  7.2 99.00 99.00 99.00 999 1026.7  13.1 999.0  10.3 99.0 99.00 
2024 01 04 19 10 329  5.9  7.2  2.88 12.90  8.27 290 1026.8  13.0 999.0  10.0 99.0 99.00 
2024 01 04 19 20 328  6.0  7.7 99.00 99.00 99.00 999 1026.8  13.1 999.0  10.1 99.0 99.00 
2024 01 04 19 30 325  5.8  7.6 99.00 99.00 99.00 999 1026.8  13.1 999.0  10.2 99.0 99.00 
2024 01 04 19 40 324  5.8  7.5  3.24 14.81  8.73 291 1026.6  13.2 999.0  10.3 99.0 99.00 
2024 01 04 19 50 325  5.9  8.1 99.00 99.00 99.00 999 1026.4  13.2 999.0  10.1 99.0 99.00 
2024 01 04 20 00 315  6.1  8.1 99.00 99.00 99.00 999 1026.3  13.2 999.0  10.2 99.0 99.00 
2024 01 04 20 10 313  6.4  8.0  2.86 11.43  8.37 294 1026.1  13.2 999.0  10.3 99.0 99.00 
2024 01 04 20 20 313  6.4  8.2 99.00 99.00 99.00 999 1025.9  13.2 999.0  10.4 99.0 99.00 
2024 01 04 20 30 310  6.8  8.5 99.00 99.00 99.00 999 1026.0  13.2 999.0  10.4 99.0 99.00 
2024 01 04 20 40 306  7.1  8.9  3.03 14.81  8.80 293 1025.9  13.2 999.0  10.4 99.0 99.00 
2024 01 04 20 50 309  7.2  8.9 99.00 99.00 99.00 999 1025.7  13.2 999.0  10.4 99.0 99.00 
2024 01 04 21 00 307  7.1  8.6 99.00 99.00 99.00 999 1025.5  13.2 999.0  10.5 99.0 99.00 
2024 01 04 21 10 305  6.9  9.4  2.99 12.90  8.40 290 1025.4  13.3 999.0  10.7 99.0 99.00 
2024 01 04 21 20 302  6.9  8.7 99.00 99.00 99.00 999 1025.4  13.3 999.0  10.9 99.0 99.00 
2024 01 04 21 30 307  6.6  8.4 99.00 99.00 99.00 999 1025.2  13.3 999.0  10.8 99.0 99.00 
2024 01 04 21 40 301  6.8  8.7  2.78 14.81  8.56 290 1025.2  13.3 999.0  10.8 99.0 99.00 
2024 01 04 21 50 301  6.5  8.4 99.00 99.00 99.00 999 1025.0  13.4 999.0  11.0 99.0 99.00 
2024 01 04 22 00 297  6.4  8.1 99.00 99.00 99.00 999 1024.9  13.4 999.0  10.9 99.0 99.00 
2024 01 04 22 10 295  6.8  8.4  2.59 14.81  8.22 289 1024.9  13.4 999.0  11.1 99.0 99.00 
2024 01 04 22 20 299  6.8  9.0 99.00 99.00 99.00 999 1024.9  13.3 999.0  11.0 99.0 99.00 
2024 01 04 22 30 298  6.8  9.1 99.00 99.00 99.00 999 1025.0  13.3 999.0  11.2 99.0 99.00 
2024 01 04 22 40 295  7.6  9.6  2.81 13.79  8.72 288 1024.9  13.3 999.0  11.1 99.0 99.00 
2024 01 04 22 50 296  6.6  8.5 99.00 99.00 99.00 999 1024.6  13.4 999.0  11.3 99.0 99.00 
2024 01 04 23 00 294  6.3  7.7 99.00 99.00 99.00 999 1024.7  13.4 999.0  11.3 99.0 99.00 
2024 01 04 23 10 290  6.5  8.0  2.67 12.90  8.36 286 1024.6  13.5 999.0  11.5 99.0 99.00 
2024 01 04 23 20 288  6.8  8.4 99.00 99.00 99.00 999 1024.4  13.5 999.0  11.6 99.0 99.00 
2024 01 04 23 30 288  5.9  7.6 99.00 99.00 99.00 999 1024.4  13.5 999.0  11.6 99.0 99.00 
2024 01 04 23 40 284  6.4  8.5  2.80 13.79  8.95 287 1024.6  13.5 999.0  11.7 99.0 99.00 
2024 01 04 23 50 283  6.8  8.5 99.00 99.00 99.00 999 1024.7  13.5 999.0  11.7 99.0 99.00 
2024 01 05 00 00 282  6.7  8.0 99.00 99.00 99.00 999 1024.8  13.5 999.0  11.8 99.0 99.00 
2024 01 05 00 10 284  6.8  8.5  2.77 13.79  8.74 298 1024.7  13.5 999.0  11.7 99.0 99.00 
2024 01 05 00 20 287  6.1  8.0 99.00 99.00 99.00 999 1024.5  13.5 999.0  11.9 99.0 99.00 
2024 01 05 00 30 291  5.9  7.6 99.00 99.00 99.00 999 1024.6  13.5 999.0  11.9 99.0 99.00 
2024 01 05 00 40 292  6.8  8.4  2.72 13.79  8.45 285 1024.7  13.5 999.0  11.9 99.0 99.00 
2024 01 05 00 50 294  6.8  8.7 99.00 99.00 99.00 999 1024.8  13.6 999.0  11.9 99.0 99.00 
2024 01 05 01 00 294  6.8  8.5 99.00 99.00 99.00 999 1024.9  13.7 999.0  12.0 99.0 99.00 
2024 01 05 01 10 293  6.5  8.4  2.88 12.90  8.88 291 1024.7  13.8 999.0  12.1 99.0 99.00 
2024 01 05 01 20 294  6.8  8.4 99.00 99.00 99.00 999 1024.8  13.9 999.0  12.2 99.0 99.00 
2024 01 05 01 30 289  6.4  8.6 99.00 99.00 99.00 999 1025.0  13.8 999.0  12.3 99.0 99.00 
2024 01 05 01 40 288  6.0  8.5  2.76 12.90  8.54 293 1024.8  13.7 999.0  12.3 99.0 99.00 
2024 01 05 01 50 287  6.0  7.9 99.00 99.00 99.00 999 1024.9  13.7 999.0  12.3 99.0 99.00 
2024 01 05 02 00 286  6.1  8.0 99.00 99.00 99.00 999 1024.9  13.6 999.0  12.2 99.0 99.00 
2024 01 05 02 10 285  6.2  8.2  2.77 12.90  8.89 289 1024.9  13.6 999.0  12.3 99.0 99.00 
2024 01 05 02 20 281  6.7  8.7 99.00 99.00 99.00 999 1025.0  13.6 999.0  12.3 99.0 99.00 
2024 01 05 02 30 284  6.0  7.9 99.00 99.00 99.00 999 1024.7  13.7 999.0  12.4 99.0 99.00 
2024 01 05 02 40 288  5.5  7.1  2.66 13.79  8.74 294 1024.8  13.7 999.0  12.3 99.0 99.00 
2024 01 05 02 50 294  5.2  7.2 99.00 99.00 99.00 999 1024.9  13.8 999.0  12.4 99.0 99.00 
2024 01 05 03 00 292  5.1  6.9 99.00 99.00 99.00 999 1024.7  13.8 999.0  12.5 99.0 99.00 
2024 01 05 03 10 288  4.4  6.3  2.55 12.90  8.61 301 1024.6  13.8 999.0  12.3 99.0 99.00 
2024 01 05 03 20 293  4.1  5.6 99.00 99.00 99.00 999 1024.7  13.9 999.0  12.4 99.0 99.00 
2024 01 05 03 30 296  4.5  6.0 99.00 99.00 99.00 999 1025.0  13.9 999.0  12.4 99.0 99.00 
2024 01 05 03 40 288  4.6  6.4  2.71 12.90  9.11 292 1024.6  13.9 999.0  12.5 99.0 99.00 
2024 01 05 03 50 282  5.1  6.8 99.00 99.00 99.00 999 1024.6  13.9 999.0  12.6 99.0 99.00 
2024 01 05 04 00 277  5.6  7.0 99.00 99.00 99.00 999 1024.8  13.8 999.0  12.5 99.0 99.00 
2024 01 05 04 10 277  5.3  7.5  2.82 12.90  9.23 288 1024.6  13.8 999.0  12.5 99.0 99.00 
2024 01 05 04 20 274  5.2  6.8 99.00 99.00 99.00 999 1024.8  13.8 999.0  12.5 99.0 99.00 
2024 01 05 04 30 274  5.2  6.9 99.00 99.00 99.00 999 1024.7  13.8 999.0  12.5 99.0 99.00 
2024 01 05 04 40 276  5.3  7.5  2.61 12.12  9.18 288 1024.8  13.8 999.0  12.5 99.0 99.00 
2024 01 05 04 50 281  5.1  6.9 99.00 99.00 99.00 999 1025.0  13.8 999.0  12.5 99.0 99.00 
2024 01 05 05 00 286  4.8  6.4 99.00 99.00 99.00 999 1025.0  13.9 999.0  12.6 99.0 99.00 
2024 01 05 05 10 290  4.8  6.3  2.64 12.90  8.86 292 1025.0  13.9 999.0  12.6 99.0 99.00 
2024 01 05 05 20 300  4.4  6.1 99.00 99.00 99.00 999 1025.0  13.9 999.0  12.6 99.0 99.00 
2024 01 05 05 30 304  4.4  5.9 99.00 99.00 99.00 999 1025.0  13.9 999.0  12.6 99.0 99.00 
2024 01 05 05 40 309  4.8  7.2  3.19 12.90  9.97 292 1025.0  14.0 999.0  12.6 99.0 99.00 
2024 01 05 05 50 303  4.0  5.5 99.00 99.00 99.00 999 1024.8  14.0 999.0  12.6 99.0 99.00 
2024 01 05 06 00 297  4.1  5.8 99.00 99.00 99.00 999 1024.9  13.9 999.0  12.6 99.0 99.00 
2024 01 05 06 10 295  3.6  5.0  2.65 13.79  9.02 293 1024.9  13.9 999.0  12.7 99.0 99.00 
2024 01 05 06 20 298  4.0  6.3 99.00 99.00 99.00 999 1025.2  13.9 999.0  12.7 99.0 99.00 
2024 01 05 06 30 303  4.9  6.5 99.00 99.00 99.00 999 1025.1  13.9 999.0  12.8 99.0 99.00 
2024 01 05 06 40 301  4.8  6.8  2.79 12.90  9.64 289 1024.9  13.8 999.0  12.7 99.0 99.00 
2024 01 05 06 50 299  4.5  6.0 99.00 99.00 99.00 999 1024.8  13.7 999.0  12.7 99.0 99.00 
2024 01 05 07 00 294  4.0  5.7 99.00 99.00 99.00 999 1024.7  13.7 999.0  12.8 99.0 99.00 
2024 01 05 07 10 294  3.9  5.3  2.86 12.90  9.57 299 1024.9  13.6 999.0  12.7 99.0 99.00 
2024 01 05 07 20 301  4.4  6.1 99.00 99.00 99.00 999 1024.9  13.6 999.0  12.8 99.0 99.00 
2024 01 05 07 30 297  3.9  5.9 99.00 99.00 99.00 999 1024.8  13.7 999.0  12.9 99.0 99.00 
2024 01 05 07 40 293  3.9  5.9  2.65 12.12  9.16 290 1024.7  13.6 999.0  12.8 99.0 99.00 
2024 01 05 07 50 296  4.2  5.6 99.00 99.00 99.00 999 1024.8  13.6 999.0  12.8 99.0 99.00 
2024 01 05 08 00 301  4.5  6.1 99.00 99.00 99.00 999 1024.8  13.6 999.0  12.8 99.0 99.00 
2024 01 05 08 10 304  3.9  6.4  2.93 12.90  9.42 283 1024.6  13.6 999.0  12.9 99.0 99.00 
2024 01 05 08 20 307  4.3  6.2 99.00 99.00 99.00 999 1024.5  13.5 999.0  12.8 99.0 99.00 
2024 01 05 08 30 308  4.0  5.3 99.00 99.00 99.00 999 1024.4  13.6 999.0  12.9 99.0 99.00 
2024 01 05 08 40 311  3.9  5.9  3.02 12.12  9.60 284 1024.3  13.6 999.0  12.9 99.0 99.00 
2024 01 05 08 50 310  4.3  6.1 99.00 99.00 99.00 999 1024.4  13.6 999.0  12.8 99.0 99.00 
2024 01 05 09 00 317  3.8  5.9 99.00 99.00 99.00 999 1024.3  13.6 999.0  12.8 99.0 99.00 
2024 01 05 09 10 321  3.7  5.5  2.81 12.90  9.37 279 1024.3  13.6 999.0  12.8 99.0 99.00 
2024 01 05 09 20 315  4.1  6.4 99.00 99.00 99.00 999 1024.2  13.6 999.0  12.8 99.0 99.00 
2024 01 05 09 30 314  5.1  6.8 99.00 99.00 99.00 999 1024.2  13.7 999.0  12.9 99.0 99.00 
2024 01 05 09 40 315  5.4  7.2  2.76 13.79  9.46 282 1024.3  13.6 999.0  12.8 99.0 99.00 
2024 01 05 09 50 314  5.4  7.2 99.00 99.00 99.00 999 1024.3  13.7 999.0  12.9 99.0 99.00 
2024 01 05 10 00 317  5.9  7.6 99.00 99.00 99.00 999 1024.4  13.6 999.0  12.8 99.0 99.00 
2024 01 05 10 10 322  5.8  7.4  2.71 12.12  8.79 285 1024.5  13.6 999.0  12.8 99.0 99.00 
2024 01 05 10 20 317  6.0  7.7 99.00 99.00 99.00 999 1024.6  13.6 999.0  12.7 99.0 99.00 
2024 01 05 10 30 318  6.6  8.2 99.00 99.00 99.00 999 1024.5  13.6 999.0  12.6 99.0 99.00 
2024 01 05 10 40 314  7.2  9.7  2.83 12.90  8.89 295 1024.6  13.7 999.0  12.7 99.0 99.00 
2024 01 05 10 50 315  7.3  9.7 99.00 99.00 99.00 999 1024.5  13.6 999.0  12.6 99.0 99.00 
2024 01 05 11 00 317  7.4  9.2 99.00 99.00 99.00 999 1024.5  13.6 999.0  12.6 99.0 99.00 
2024 01 05 11 10 320  7.1  8.7  2.62 14.81  8.51 296 1024.5  13.7 999.0  12.6 99.0 99.00 
2024 01 05 11 20 320  7.1  9.1 99.00 99.00 99.00 999 1024.4  13.6 999.0  12.4 99.0 99.00 
2024 01 05 11 30 317  6.4  8.1 99.00 99.00 99.00 999 1024.3  13.6 999.0  12.4 99.0 99.00 
2024 01 05 11 40 316  6.2  7.8  2.60 14.81  8.50 290 1024.3  13.5 999.0  12.4 99.0 99.00 
2024 01 05 11 50 324  6.4  8.2 99.00 99.00 99.00 999 1024.1  13.5 999.0  12.4 99.0 99.00 
2024 01 05 12 00 332  6.0  7.7 99.00 99.00 99.00 999 1024.3  13.6 999.0  12.4 99.0 99.00 
2024 01 05 12 10 329  7.3  9.6  2.67 12.90  8.47 294 1024.3  13.6 999.0  12.4 99.0 99.00 
2024 01 05 12 20 328  7.9  9.8 99.00 99.00 99.00 999 1024.4  13.5 999.0  12.4 99.0 99.00 
2024 01 05 12 30 328  7.8  9.7 99.00 99.00 99.00 999 1024.3  13.5 999.0  12.5 99.0 99.00 
2024 01 05 12 40 331  7.4  9.2  2.48 14.81  7.87 302 1024.2  13.4 999.0  12.3 99.0 99.00 
2024 01 05 12 50 327  7.9  9.6 99.00 99.00 99.00 999 1024.3  13.4 999.0  12.4 99.0 99.00 
2024 01 05 13 00 325  7.0  9.0 99.00 99.00 99.00 999 1024.2  13.3 999.0  12.4 99.0 99.00 
2024 01 05 13 10 331  6.5  8.1  2.85 21.05  8.91 286 1024.2  13.3 999.0  12.5 99.0 99.00 
2024 01 05 13 20 334  7.2  8.5 99.00 99.00 99.00 999 1024.4  13.3 999.0  12.4 99.0 99.00 
2024 01 05 13 30 328  7.5  9.0 99.00 99.00 99.00 999 1024.5  13.3 999.0  12.4 99.0 99.00 
2024 01 05 13 40 326  7.2  8.5  2.68 21.05  8.51 284 1024.8  13.4 999.0  12.6 99.0 99.00 
2024 01 05 13 50 320  7.5  9.7 99.00 99.00 99.00 999 1025.0  13.4 999.0  12.5 99.0 99.00 
2024 01 05 14 00 319  7.6  9.7 99.00 99.00 99.00 999 1025.0  13.4 999.0  12.6 99.0 99.00 
2024 01 05 14 10 327  7.6  9.6  2.92 21.05  8.54 283 1025.2  13.4 999.0  12.5 99.0 99.00 
2024 01 05 14 20 332  7.3  9.7 99.00 99.00 99.00 999 1025.5  13.5 999.0  12.4 99.0 99.00 
2024 01 05 14 30 335  6.7  8.4 99.00 99.00 99.00 999 1025.7  13.6 999.0  12.4 99.0 99.00 
2024 01 05 14 40 337  6.6  8.5  2.77 21.05  8.54 305 1025.9  13.6 999.0  12.3 99.0 99.00 
2024 01 05 14 50 334  7.1  9.4 99.00 99.00 99.00 999 1026.0  13.6 999.0  12.4 99.0 99.00 
2024 01 05 15 00 338  7.0  8.6 99.00 99.00 99.00 999 1026.0  13.4 999.0  12.4 99.0 99.00 
2024 01 05 15 10 335  7.1  9.1  3.05 21.05  9.46 306 1026.3  13.4 999.0  12.5 99.0 99.00 
2024 01 05 15 20 335  8.0  9.9 99.00 99.00 99.00 999 1026.3  13.2 999.0  12.4 99.0 99.00 
2024 01 05 15 30 332  7.9  9.5 99.00 99.00 99.00 999 1026.5  13.2 999.0  12.3 99.0 99.00 
2024 01 05 15 40 333  7.8  9.8  3.01 21.05  8.70 292 1026.4  13.2 999.0  12.4 99.0 99.00 
2024 01 05 15 50 339  7.3  9.1 99.00 99.00 99.00 999 1026.6  13.1 999.0  12.2 99.0 99.00 
2024 01 05 16 00 342  6.9  8.8 99.00 99.00 99.00 999 1026.6  13.1 999.0  12.2 99.0 99.00 
2024 01 05 16 10 341  5.9  7.2  3.14 21.05  9.31 306 1026.6  13.2 999.0  12.3 99.0 99.00 
2024 01 05 16 20 339  5.3  6.9 99.00 99.00 99.00 999 1026.7  13.2 999.0  12.3 99.0 99.00 
2024 01 05 16 30 344  4.7  6.4 99.00 99.00 99.00 999 1026.7  13.2 999.0  12.2 99.0 99.00 
2024 01 05 16 40 349  4.1  5.6  3.60 21.05 10.11 281 1026.8  13.4 999.0  12.4 99.0 99.00 
2024 01 05 16 50   4  3.6  5.0 99.00 99.00 99.00 999 1026.8  13.5 999.0  12.5 99.0 99.00 
2024 01 05 17 00  25  2.9  4.2 99.00 99.00 99.00 999 1026.5  13.5 999.0  12.2 99.0 99.00 
2024 01 05 17 10  33  2.7  4.0  3.58 19.05 10.31 286 1026.7  13.6 999.0  12.3 99.0 99.00 
2024 01 05 17 20  44  2.4  4.1 99.00 99.00 99.00 999 1026.8  13.6 999.0  12.2 99.0 99.00 
2024 01 05 17 30  46  2.2  4.1 99.00 99.00 99.00 999 1026.8  13.6 999.0  12.0 99.0 99.00 
2024 01 05 17 40  19  2.2  3.4  3.66 19.05 11.13 301 1027.1  13.6 999.0  11.8 99.0 99.00 
2024 01 05 17 50  24  2.4  3.5 99.00 99.00 99.00 999 1027.3  13.7 999.0  11.7 99.0 99.00 
2024 01 05 18 00  13  2.0  3.2 99.00 99.00 99.00 999 1027.3  13.8 999.0  11.8 99.0 99.00 
2024 01 05 18 10  35  1.4  2.7  3.83 19.05 11.44 297 1027.3  14.0 999.0  12.0 99.0 99.00 
2024 01 05 18 20  94  1.2  3.2 99.00 99.00 99.00 999 1027.3  14.3 999.0  12.4 99.0 99.00 
2024 01 05 18 30  91  0.6  3.6 99.00 99.00 99.00 999 1027.4  14.4 999.0  12.5 99.0 99.00 
2024 01 05 18 40 133  0.3  1.7  3.23 19.05 10.60 287 1027.6  14.8 999.0  12.7 99.0 99.00 
2024 01 05 18 50 130  0.3  2.5 99.00 99.00 99.00 999 1027.7  15.0 999.0  12.8 99.0 99.00 
2024 01 05 19 00 107  0.6  2.6 99.00 99.00 99.00 999 1027.5  14.9 999.0  12.7 99.0 99.00 
2024 01 05 19 10 135  0.4  3.2  3.26 19.05 10.84 292 1027.5  14.8 999.0  12.6 99.0 99.00 
2024 01 05 19 20 161  0.2  1.3 99.00 99.00 99.00 999 1027.2  15.1 999.0  12.8 99.0 99.00 
2024 01 05 19 30 124  0.2  1.2 99.00 99.00 99.00 999 1027.3  15.2 999.0  13.0 99.0 99.00 
2024 01 05 19 40 231  0.5  2.0  3.37 19.05 11.13 298 1027.2  15.0 999.0  12.7 99.0 99.00 
2024 01 05 19 50 287  1.6  3.5 99.00 99.00 99.00 999 1027.2  14.5 999.0  12.5 99.0 99.00 
2024 01 05 20 00 314  2.3  4.2 99.00 99.00 99.00 999 1027.0  14.1 999.0  12.2 99.0 99.00 
2024 01 05 20 10 317  2.9  4.5  3.06 19.05 10.36 306 1027.0  13.8 999.0  12.0 99.0 99.00 
2024 01 05 20 20 322  3.1  4.7 99.00 99.00 99.00 999 1026.7  13.8 999.0  12.0 99.0 99.00 
2024 01 05 20 30 323  3.7  5.3 99.00 99.00 99.00 999 1026.7  13.7 999.0  11.9 99.0 99.00 
2024 01 05 20 40 329  4.4  6.0  3.62 19.05 11.42 283 1026.5  13.7 999.0  11.7 99.0 99.00 
2024 01 05 20 50 325  4.7  6.2 99.00 99.00 99.00 999 1026.5  13.8 999.0  11.4 99.0 99.00 
2024 01 05 21 00 321  4.5  6.3 99.00 99.00 99.00 999 1026.3  13.8 999.0  11.2 99.0 99.00 
2024 01 05 21 10 324  3.8  5.5  3.65 19.05 11.24 294 1026.1  13.8 999.0  11.1 99.0 99.00 
2024 01 05 21 20 328  3.4  5.5 99.00 99.00 99.00 999 1025.9  13.9 999.0  11.0 99.0 99.00 
2024 01 05 21 30 319  3.7  5.6 99.00 99.00 99.00 999 1025.6  14.1 999.0  11.5 99.0 99.00 
2024 01 05 21 40 323  4.2  5.9  3.27 19.05 10.46 297 1025.5  13.9 999.0  11.6 99.0 99.00 
2024 01 05 21 50 326  4.5  6.8 99.00 99.00 99.00 999 1025.3  13.9 999.0  11.7 99.0 99.00 
2024 01 05 22 00 323  5.1  7.1 99.00 99.00 99.00 999 1025.3  13.9 999.0  11.9 99.0 99.00 
2024 01 05 22 10 326  5.7  7.5  3.33 17.39  9.97 278 1025.2  13.7 999.0  11.7 99.0 99.00 
2024 01 05 22 20 327  5.6  7.1 99.00 99.00 99.00 999 1025.1  13.7 999.0  11.5 99.0 99.00 
2024 01 05 22 30 331  5.4  7.0 99.00 99.00 99.00 999 1025.2  13.8 999.0  11.4 99.0 99.00 
2024 01 05 22 40 328  5.4  7.0  4.13 19.05 11.32 293 1025.1  13.9 999.0  11.4 99.0 99.00 
2024 01 05 22 50 330  6.0  7.6 99.00 99.00 99.00 999 1025.0  13.9 999.0  11.3 99.0 99.00 
2024 01 05 23 00 330  5.6  7.4 99.00 99.00 99.00 999 1025.0  14.1 999.0  11.6 99.0 99.00 
2024 01 05 23 10 332  5.8  7.6  4.06 19.05 11.13 294 1025.1  14.1 999.0  11.6 99.0 99.00 
2024 01 05 23 20 334  5.4  7.9 99.00 99.00 99.00 999 1025.1  14.2 999.0  11.8 99.0 99.00 
2024 01 05 23 30 336  5.5  7.1 99.00 99.00 99.00 999 1025.2  14.3 999.0  11.9 99.0 99.00 
2024 01 05 23 40 336  6.0  8.4  3.85 19.05 10.24 296 1025.2  14.4 999.0  11.9 99.0 99.00 
2024 01 05 23 50 335  6.1  8.0 99.00 99.00 99.00 999 1025.3  14.3 999.0  11.8 99.0 99.00 
2024 01 06 00 00 333  6.3  8.2 99.00 99.00 99.00 999 1025.2  14.2 999.0  11.6 99.0 99.00 
2024 01 06 00 10 333  6.9  8.7  4.12 19.05 10.79 300 1025.2  14.1 999.0  11.6 99.0 99.00 
2024 01 06 00 20 336  6.6  8.9 99.00 99.00 99.00 999 1025.1  14.1 999.0  11.8 99.0 99.00 
2024 01 06 00 30 337  6.5  8.7 99.00 99.00 99.00 999 1025.1  14.1 999.0  11.8 99.0 99.00 
2024 01 06 00 40 334  6.3  8.0  3.85 17.39 10.18 299 1024.9  14.1 999.0  12.0 99.0 99.00 
2024 01 06 00 50 332  6.0  7.9 99.00 99.00 99.00 999 1024.9  14.2 999.0  12.2 99.0 99.00 
2024 01 06 01 00 328  6.2  7.7 99.00 99.00 99.00 999 1024.9  14.1 999.0  12.3 99.0 99.00 
2024 01 06 01 10 329  5.8  8.2  3.70 19.05  9.79 298 1024.8  14.1 999.0  12.4 99.0 99.00 
2024 01 06 01 20 330  5.6  8.2 99.00 99.00 99.00 999 1024.7  14.0 999.0  12.3 99.0 99.00 
2024 01 06 01 30 326  5.2  7.5 99.00 99.00 99.00 999 1024.6  13.9 999.0  12.4 99.0 99.00 
2024 01 06 01 40 325  5.2  7.3  3.99 17.39 10.41 298 1024.5  13.9 999.0  12.4 99.0 99.00 
2024 01 06 01 50 323  5.5  7.2 99.00 99.00 99.00 999 1024.5  14.0 999.0  12.6 99.0 99.00 
2024 01 06 02 00 324  5.7  7.2 99.00 99.00 99.00 999 1024.5  14.0 999.0  12.6 99.0 99.00 
2024 01 06 02 10 324  6.1  7.9  4.07 17.39 10.55 291 1024.5  13.9 999.0  12.5 99.0 99.00 
2024 01 06 02 20 326  6.0  7.7 99.00 99.00 99.00 999 1024.6  14.0 999.0  12.7 99.0 99.00 
2024 01 06 02 30 330  6.3  8.0 99.00 99.00 99.00 999 1024.7  14.0 999.0  12.5 99.0 99.00 
2024 01 06 02 40 334  6.1  8.1  4.34 17.39 10.69 298 1024.9  14.1 999.0  12.7 99.0 99.00 
2024 01 06 02 50 332  5.8  8.0 99.00 99.00 99.00 999 1024.8  14.1 999.0  12.7 99.0 99.00 
2024 01 06 03 00 332  5.8  7.6 99.00 99.00 99.00 999 1024.8  14.1 999.0  12.7 99.0 99.00 
2024 01 06 03 10 330  6.0  8.2  4.49 19.05 10.94 298 1024.8  14.1 999.0  12.7 99.0 99.00 
2024 01 06 03 20 328  6.1  8.4 99.00 99.00 99.00 999 1024.8  14.2 999.0  12.8 99.0 99.00 
2024 01 06 03 30 332  5.8  8.1 99.00 99.00 99.00 999 1024.6  14.1 999.0  12.7 99.0 99.00 
2024 01 06 03 40 331  5.5  7.3  4.15 19.05 10.67 296 1024.6  14.1 999.0  12.8 99.0 99.00 
2024 01 06 03 50 331  5.3  7.5 99.00 99.00 99.00 999 1024.6  14.0 999.0  12.7 99.0 99.00 
2024 01 06 04 00 332  5.2  6.9 99.00 99.00 99.00 999 1024.5  14.0 999.0  12.8 99.0 99.00 
2024 01 06 04 10 331  5.2  7.2  3.99 17.39 10.69 296 1024.4  13.9 999.0  12.6 99.0 99.00 
2024 01 06 04 20 329  5.3  7.6 99.00 99.00 99.00 999 1024.4  13.9 999.0  12.6 99.0 99.00 
2024 01 06 04 30 327  5.5  8.0 99.00 99.00 99.00 999 1024.6  13.9 999.0  12.6 99.0 99.00 
2024 01 06 04 40 327  6.1  7.9  4.46 19.05 10.71 291 1024.5  13.9 999.0  12.6 99.0 99.00 
2024 01 06 04 50 332  5.9  7.9 99.00 99.00 99.00 999 1024.5  13.9 999.0  12.6 99.0 99.00 
2024 01 06 05 00 331  5.9  8.0 99.00 99.00 99.00 999 1024.4  13.9 999.0  12.6 99.0 99.00 
2024 01 06 05 10 332  5.8  7.4  4.43 19.05 11.17 288 1024.3  13.9 999.0  12.6 99.0 99.00 
2024 01 06 05 20 332  6.0  7.9 99.00 99.00 99.00 999 1024.3  13.8 999.0  12.4 99.0 99.00 
2024 01 06 05 30 329  6.1  8.7 99.00 99.00 99.00 999 1024.2  13.8 999.0  12.4 99.0 99.00 
2024 01 06 05 40 329  6.1  8.2  4.85 19.05 11.57 300 1024.3  13.9 999.0  12.4 99.0 99.00 
2024 01 06 05 50 329  5.8  7.9 99.00 99.00 99.00 999 1024.2  13.8 999.0  12.4 99.0 99.00 
2024 01 06 06 00 332  5.7  7.8 99.00 99.00 99.00 999 1024.2  13.8 999.0  12.4 99.0 99.00 
2024 01 06 06 10 332  6.1  8.0  5.06 19.05 11.97 289 1024.2  13.7 999.0  12.2 99.0 99.00 
2024 01 06 06 20 331  6.0  7.7 99.00 99.00 99.00 999 1024.0  13.7 999.0  12.3 99.0 99.00 
2024 01 06 06 30 333  5.9  7.7 99.00 99.00 99.00 999 1024.1  13.7 999.0  12.3 99.0 99.00 
2024 01 06 06 40 337  5.1  6.9  4.19 19.05 10.83 300 1023.8  13.7 999.0  12.2 99.0 99.00 
2024 01 06 06 50 337  5.1  6.8 99.00 99.00 99.00 999 1023.6  13.7 999.0  12.2 99.0 99.00 
2024 01 06 07 00 333  4.7  5.9 99.00 99.00 99.00 999 1023.6  13.7 999.0  12.3 99.0 99.00 
2024 01 06 07 10 335  4.3  6.0  4.56 19.05 11.32 298 1023.3  13.6 999.0  12.1 99.0 99.00 
2024 01 06 07 20 337  4.2  5.9 99.00 99.00 99.00 999 1023.4  13.6 999.0  12.2 99.0 99.00 
2024 01 06 07 30 331  4.1  6.2 99.00 99.00 99.00 999 1023.2  13.6 999.0  12.3 99.0 99.00 
2024 01 06 07 40 328  4.7  7.2  4.02 19.05 11.24 291 1023.2  13.5 999.0  12.2 99.0 99.00 
2024 01 06 07 50 324  5.7  7.5 99.00 99.00 99.00 999 1023.3  13.4 999.0  12.2 99.0 99.00 
2024 01 06 08 00 325  5.7  7.5 99.00 99.00 99.00 999 1023.2  13.4 999.0  12.3 99.0 99.00 
2024 01 06 08 10 325  5.7  8.1  4.09 17.39 11.15 282 1023.1  13.3 999.0  12.3 99.0 99.00 
2024 01 06 08 20 326  6.0  8.6 99.00 99.00 99.00 999 1023.1  13.2 999.0  12.2 99.0 99.00 
2024 01 06 08 30 327  6.5  8.2 99.00 99.00 99.00 999 1023.0  13.2 999.0  12.1 99.0 99.00 
2024 01 06 08 40 330  6.1  8.6  4.10 17.39 11.14 297 1022.9  13.3 999.0  12.3 99.0 99.00 
2024 01 06 08 50 326  6.7  8.6 99.00 99.00 99.00 999 1023.0  13.2 999.0  12.1 99.0 99.00 
2024 01 06 09 00 331  6.2  8.1 99.00 99.00 99.00 999 1022.9  13.2 999.0  12.1 99.0 99.00 
2024 01 06 09 10 326  6.9  9.0  4.31 17.39 11.80 288 1022.9  13.2 999.0  12.0 99.0 99.00 
2024 01 06 09 20 322  7.7  9.6 99.00 99.00 99.00 999 1023.0  13.1 999.0  11.9 99.0 99.00 
2024 01 06 09 30 324  7.7  9.7 99.00 99.00 99.00 999 1023.0  13.1 999.0  12.0 99.0 99.00 
2024 01 06 09 40 326  7.7 10.5  4.31 17.39 11.23 296 1023.1  13.1 999.0  12.0 99.0 99.00 
2024 01 06 09 50 323  7.3  9.6 99.00 99.00 99.00 999 1023.1  13.2 999.0  12.2 99.0 99.00 
2024 01 06 10 00 325  7.5  9.6 99.00 99.00 99.00 999 1023.0  13.1 999.0  12.1 99.0 99.00 
2024 01 06 10 10 323  7.4 10.1  4.12 19.05 10.61 286 1023.0  13.1 999.0  12.1 99.0 99.00 
2024 01 06 10 20 322  7.7  9.6 99.00 99.00 99.00 999 1023.0  13.0 999.0  11.9 99.0 99.00 
2024 01 06 10 30 324  7.5 10.0 99.00 99.00 99.00 999 1023.1  13.0 999.0  11.8 99.0 99.00 
2024 01 06 10 40 322  7.7 10.1  3.79 17.39 10.31 300 1023.0  13.1 999.0  11.9 99.0 99.00 
2024 01 06 10 50 321  7.6 10.3 99.00 99.00 99.00 999 1022.8  13.0 999.0  11.7 99.0 99.00 
2024 01 06 11 00 320  6.8  8.8 99.00 99.00 99.00 999 1022.7  13.0 999.0  11.7 99.0 99.00 
2024 01 06 11 10 318  6.4  8.5  3.87 17.39 10.49 288 1022.5  13.0 999.0  11.5 99.0 99.00 
2024 01 06 11 20 316  6.3  8.5 99.00 99.00 99.00 999 1022.4  13.1 999.0  11.6 99.0 99.00 
2024 01 06 11 30 320  6.1  8.4 99.00 99.00 99.00 999 1022.2  13.1 999.0  11.6 99.0 99.00 
2024 01 06 11 40 317  6.8  9.1  3.79 17.39 10.58 304 1022.0  13.0 999.0  11.4 99.0 99.00 
2024 01 06 11 50 314  6.1  8.2 99.00 99.00 99.00 999 1021.8  13.0 999.0  11.4 99.0 99.00 
2024 01 06 12 00 309  5.9  7.6 99.00 99.00 99.00 999 1021.7  13.0 999.0  11.4 99.0 99.00 
2024 01 06 12 10 308  5.7  7.7  3.46 17.39 10.11 291 1021.6  12.9 999.0  11.2 99.0 99.00 
2024 01 06 12 20 308  5.2  7.0 99.00 99.00 99.00 999 1021.6  13.0 999.0  11.3 99.0 99.00 
2024 01 06 12 30 311  6.2  8.1 99.00 99.00 99.00 999 1021.5  13.0 999.0  11.3 99.0 99.00 
2024 01 06 12 40 311  6.9  9.0  3.66 17.39 10.70 298 1021.6  13.0 999.0  11.1 99.0 99.00 
2024 01 06 12 50 307  6.6  8.6 99.00 99.00 99.00 999 1021.5  13.1 999.0  11.2 99.0 99.00 
2024 01 06 13 00 306  6.6  8.6 99.00 99.00 99.00 999 1021.5  13.1 999.0  11.0 99.0 99.00 
2024 01 06 13 10 301  6.1  8.1  3.78 17.39 11.11 297 1021.4  13.1 999.0  11.1 99.0 99.00 
2024 01 06 13 20 304  6.5  8.6 99.00 99.00 99.00 999 1021.6  13.2 999.0  10.8 99.0 99.00 
2024 01 06 13 30 306  6.3  8.4 99.00 99.00 99.00 999 1021.6  13.3 999.0  10.9 99.0 99.00 
2024 01 06 13 40 303  7.1  9.0  4.07 17.39 11.67 297 1021.4  13.3 999.0  10.7 99.0 99.00 
2024 01 06 13 50 303  7.1  9.1 99.00 99.00 99.00 999 1021.4  13.3 999.0  10.5 99.0 99.00 
2024 01 06 14 00 303  6.2  8.9 99.00 99.00 99.00 999 1021.4  13.4 999.0  10.7 99.0 99.00 
2024 01 06 14 10 302  6.0  9.2  3.85 17.39 11.14 297 1021.4  13.3 999.0  10.2 99.0 99.00 
2024 01 06 14 20 297  5.4  7.4 99.00 99.00 99.00 999 1021.3  13.3 999.0  10.3 99.0 99.00 
2024 01 06 14 30 299  5.1  7.2 99.00 99.00 99.00 999 1021.4  13.3 999.0   9.7 99.0 99.00 
2024 01 06 14 40 291  4.3  6.8  4.10 17.39 11.88 294 1021.1  13.4 999.0  10.0 99.0 99.00 
2024 01 06 14 50 288  4.1  6.0 99.00 99.00 99.00 999 1021.1  13.4 999.0   9.5 99.0 99.00 
2024 01 06 15 00 279  3.6  5.3 99.00 99.00 99.00 999 1020.9  13.4 999.0   9.1 99.0 99.00 
2024 01 06 15 10 267  3.8  5.9  3.54 19.05 11.26 289 1020.8  13.4 999.0   9.3 99.0 99.00 
2024 01 06 15 20 260  4.3  6.1 99.00 99.00 99.00 999 1020.7  13.4 999.0   9.2 99.0 99.00 
2024 01 06 15 30 254  4.6  6.3 99.00 99.00 99.00 999 1020.7  13.3 999.0   9.6 99.0 99.00 
2024 01 06 15 40 256  5.0  7.3  4.50 16.00 12.41 288 1020.7  13.2 999.0   9.6 99.0 99.00 
2024 01 06 15 50 261  5.5  7.4 99.00 99.00 99.00 999 1020.9  13.2 999.0  10.0 99.0 99.00 
2024 01 06 16 00 258  5.3  7.7 99.00 99.00 99.00 999 1020.7  13.1 999.0  10.6 99.0 99.00 
2024 01 06 16 10 248  5.7  7.2  3.74 17.39 11.49 290 1020.3  13.0 999.0  10.8 99.0 99.00 
2024 01 06 16 20 240  5.9  7.5 99.00 99.00 99.00 999 1020.1  12.9 999.0  10.7 99.0 99.00 
2024 01 06 16 30 239  6.1  8.1 99.00 99.00 99.00 999 1020.1  13.0 999.0  11.0 99.0 99.00 
2024 01 06 16 40 234  6.3  8.5  3.83 16.00 11.44 296 1019.9  13.1 999.0  11.0 99.0 99.00 
2024 01 06 16 50 246  6.7  9.1 99.00 99.00 99.00 999 1020.3  13.2 999.0  10.8 99.0 99.00 
2024 01 06 17 00 256  6.8  9.3 99.00 99.00 99.00 999 1020.5  13.4 999.0  10.9 99.0 99.00 
2024 01 06 17 10 258  7.2  9.4  3.55 14.81 10.70 288 1020.5  13.5 999.0  10.7 99.0 99.00 
2024 01 06 17 20 263  7.7 10.2 99.00 99.00 99.00 999 1020.5  13.5 999.0  10.6 99.0 99.00 
2024 01 06 17 30 265  8.1 10.3 99.00 99.00 99.00 999 1020.4  13.5 999.0  10.6 99.0 99.00 
2024 01 06 17 40 263  8.7 11.0  3.77 16.00 11.07 278 1020.3  13.4 999.0  10.9 99.0 99.00 
2024 01 06 17 50 264  8.6 11.5 99.00 99.00 99.00 999 1020.2  13.3 999.0  10.7 99.0 99.00 
2024 01 06 18 00 257  8.1 10.6 99.00 99.00 99.00 999 1020.0  13.3 999.0  11.1 99.0 99.00 
2024 01 06 18 10 249  8.5 10.7  3.77 17.39 10.34 284 1019.6  13.3 999.0  11.1 99.0 99.00 
2024 01 06 18 20 244  8.6 10.8 99.00 99.00 99.00 999 1019.3  13.3 999.0  11.1 99.0 99.00 
2024 01 06 18 30 241  8.6 10.8 99.00 99.00 99.00 999 1018.9  13.4 999.0  11.2 99.0 99.00 
2024 01 06 18 40 243  9.7 12.7  3.47 16.00  9.84 272 1018.8  13.4 999.0  11.1 99.0 99.00 
2024 01 06 18 50 250 10.8 14.6 99.00 99.00 99.00 999 1018.7  13.5 999.0  11.2 99.0 99.00 
2024 01 06 19 00 254 11.5 14.7 99.00 99.00 99.00 999 1018.4  13.5 999.0  11.3 99.0 99.00 
2024 01 06 19 10 251 11.7 15.2  4.09 16.00 10.03 285 1018.2  13.3 999.0  11.3 99.0 99.00 
2024 01 06 19 20 246 11.0 13.8 99.00 99.00 99.00 999 1017.9  13.3 999.0  11.6 99.0 99.00 
2024 01 06 19 30 247 11.3 13.9 99.00 99.00 99.00 999 1017.7  13.5 999.0  11.7 99.0 99.00 
2024 01 06 19 40 249 12.0 16.0  3.68 16.00  8.81 274 1017.5  13.5 999.0  11.6 99.0 99.00 
2024 01 06 19 50 258 12.0 15.1 99.00 99.00 99.00 999 1017.4  13.3 999.0  11.9 99.0 99.00 
2024 01 06 20 00 257 12.5 15.8 99.00 99.00 99.00 999 1017.2  12.9 999.0  12.1 99.0 99.00 
2024 01 06 20 10 258 11.9 16.2  3.98 17.39  8.58 288 1017.0  12.9 999.0  12.2 99.0 99.00 
2024 01 06 20 20 265 13.1 17.5 99.00 99.00 99.00 999 1016.7  12.9 999.0  12.0 99.0 99.00 
2024 01 06 20 30 284 12.4 18.1 99.00 99.00 99.00 999 1016.8  12.7 999.0  11.6 99.0 99.00 
2024 01 06 20 40 314 11.7 15.5  3.58 17.39  8.08 285 1016.6  11.4 999.0  10.5 99.0 99.00 
2024 01 06 20 50 305 10.2 12.4 99.00 99.00 99.00 999 1016.5  11.7 999.0  10.7 99.0 99.00 
2024 01 06 21 00 308  9.8 12.8 99.00 99.00 99.00 999 1016.3  12.0 999.0  10.9 99.0 99.00 
2024 01 06 21 10 300  9.0 11.3  3.92 17.39  8.42 297 1016.1  12.2 999.0  11.1 99.0 99.00 
2024 01 06 21 20 308 10.3 15.0 99.00 99.00 99.00 999 1016.0  12.7 999.0  11.1 99.0 99.00 
2024 01 06 21 30 310 10.7 14.1 99.00 99.00 99.00 999 1015.8  12.8 999.0  10.8 99.0 99.00 
2024 01 06 21 40 316 11.9 15.5  3.87 17.39  8.64 297 1015.8  12.8 999.0  10.1 99.0 99.00 
2024 01 06 21 50 319 12.2 15.2 99.00 99.00 99.00 999 1015.7  12.7 999.0   9.6 99.0 99.00 
2024 01 06 22 00 314 11.8 15.5 99.00 99.00 99.00 999 1015.6  12.8 999.0   9.7 99.0 99.00 
2024 01 06 22 10 313 12.9 16.2  3.31 17.39  7.55 287 1015.6  12.9 999.0   9.3 99.0 99.00 
2024 01 06 22 20 314 12.8 15.9 99.00 99.00 99.00 999 1015.6  12.8 999.0   9.5 99.0 99.00 
2024 01 06 22 30 329 11.4 15.2 99.00 99.00 99.00 999 1015.6  12.0 999.0  10.3 99.0 99.00 
2024 01 06 22 40 323 12.2 15.9  3.78 17.39  7.95 301 1015.5  12.1 999.0   9.9 99.0 99.00 
2024 01 06 22 50 322 11.4 14.8 99.00 99.00 99.00 999 1015.6  12.1 999.0   9.9 99.0 99.00 
2024 01 06 23 00 320 11.5 16.3 99.00 99.00 99.00 999 1015.6  12.0 999.0   9.7 99.0 99.00 
2024 01 06 23 10 317 11.9 14.8  3.58 12.12  7.35 293 1015.6  12.2 999.0   9.6 99.0 99.00 
2024 01 06 23 20 319 11.6 15.5 99.00 99.00 99.00 999 1015.7  12.4 999.0   9.8 99.0 99.00 
2024 01 06 23 30 319 12.9 16.7 99.00 99.00 99.00 999 1015.7  12.7 999.0   9.3 99.0 99.00 
2024 01 06 23 40 325 13.1 16.4  3.75 17.39  7.85 303 1015.8  12.7 999.0   8.3 99.0 99.00 
2024 01 06 23 50 323 12.7 16.2 99.00 99.00 99.00 999 1016.0  12.8 999.0   8.3 99.0 99.00 
2024 01 07 00 00 321 13.0 15.9 99.00 99.00 99.00 999 1016.1  12.8 999.0   8.1 99.0 99.00 
2024 01 07 00 10 322 12.7 15.8  3.88 17.39  7.67 298 1016.1  12.8 999.0   8.7 99.0 99.00 
2024 01 07 00 20 326 12.6 15.8 99.00 99.00 99.00 999 1016.2  12.7 999.0   8.4 99.0 99.00 
2024 01 07 00 30 324 13.3 17.8 99.00 99.00 99.00 999 1016.1  12.7 999.0   8.3 99.0 99.00 
2024 01 07 00 40 324 13.7 17.5  3.99 16.00  7.95 305 1016.3  12.7 999.0   7.6 99.0 99.00 
2024 01 07 00 50 320 13.0 15.9 99.00 99.00 99.00 999 1016.4  12.7 999.0   7.7 99.0 99.00 
2024 01 07 01 00 320 13.7 17.9 99.00 99.00 99.00 999 1016.7  12.7 999.0   7.0 99.0 99.00 
2024 01 07 01 10 324 13.7 17.4  3.71 17.39  7.50 307 1016.9  12.6 999.0   7.4 99.0 99.00 
2024 01 07 01 20 325 13.5 17.0 99.00 99.00 99.00 999 1017.0  12.6 999.0   7.4 99.0 99.00 
2024 01 07 01 30 328 13.3 17.3 99.00 99.00 99.00 999 1017.2  12.4 999.0   7.4 99.0 99.00 
2024 01 07 01 40 331 14.1 17.2  4.04 16.00  7.70 307 1017.3  12.4 999.0   5.7 99.0 99.00 
2024 01 07 01 50 330 13.4 17.3 99.00 99.00 99.00 999 1017.3  12.4 999.0   6.1 99.0 99.00 
2024 01 07 02 00 334 12.8 16.9 99.00 99.00 99.00 999 1017.3  12.3 999.0   7.4 99.0 99.00 
2024 01 07 02 10 330 12.5 16.2  3.94 16.00  7.77 301 1017.4  12.3 999.0   7.0 99.0 99.00 
2024 01 07 02 20 339 12.7 16.7 99.00 99.00 99.00 999 1017.7  12.2 999.0   6.5 99.0 99.00 
2024 01 07 02 30 335 12.5 16.0 99.00 99.00 99.00 999 1017.7  12.2 999.0   6.2 99.0 99.00 
2024 01 07 02 40 332 12.5 15.5  3.98 17.39  7.80 300 1017.8  12.2 999.0   6.3 99.0 99.00 
2024 01 07 02 50 335 11.7 14.2 99.00 99.00 99.00 999 1018.0  12.1 999.0   6.8 99.0 99.00 
2024 01 07 03 00 337 10.5 13.6 99.00 99.00 99.00 999 1018.1  12.0 999.0   6.8 99.0 99.00 
2024 01 07 03 10 346 10.6 13.7  3.82 17.39  7.51 314 1018.2  11.9 999.0   6.2 99.0 99.00 
2024 01 07 03 20 348  9.8 11.9 99.00 99.00 99.00 999 1018.3  11.7 999.0   6.1 99.0 99.00 
2024 01 07 03 30 347  9.1 12.0 99.00 99.00 99.00 999 1018.5  11.6 999.0   6.2 99.0 99.00 
2024 01 07 03 40 342  8.8 11.4  3.69 17.39  7.90 304 1018.4  11.5 999.0   6.3 99.0 99.00 
2024 01 07 03 50 343  8.9 12.1 99.00 99.00 99.00 999 1018.4  11.5 999.0   6.4 99.0 99.00 
2024 01 07 04 00 339  9.6 11.4 99.00 99.00 99.00 999 1018.5  11.4 999.0   6.2 99.0 99.00 
2024 01 07 04 10 339 10.1 12.7  4.01 16.00  8.49 313 1018.4  11.4 999.0   6.4 99.0 99.00 
2024 01 07 04 20 332 10.5 13.7 99.00 99.00 99.00 999 1018.4  11.4 999.0   6.5 99.0 99.00 
2024 01 07 04 30 326 10.9 13.1 99.00 99.00 99.00 999 1018.3  11.3 999.0   6.3 99.0 99.00 
2024 01 07 04 40 326 10.6 13.9  3.66 16.00  8.32 297 1018.3  11.3 999.0   6.4 99.0 99.00 
2024 01 07 04 50 323 11.6 14.7 99.00 99.00 99.00 999 1018.3  11.3 999.0   6.3 99.0 99.00 
2024 01 07 05 00 325 12.0 15.0 99.00 99.00 99.00 999 1018.3  11.3 999.0   6.5 99.0 99.00 
2024 01 07 05 10 321 12.4 15.3  3.63 16.00  8.14 297 1018.3  11.4 999.0   6.3 99.0 99.00 
2024 01 07 05 20 324 12.4 15.3 99.00 99.00 99.00 999 1018.4  11.4 999.0   6.3 99.0 99.00 
2024 01 07 05 30 322 12.5 15.7 99.00 99.00 99.00 999 1018.5  11.4 999.0   6.5 99.0 99.00 
2024 01 07 05 40 322 12.5 15.4  4.01 16.00  8.39 301 1018.6  11.3 999.0   6.5 99.0 99.00 
2024 01 07 05 50 328 12.4 15.8 99.00 99.00 99.00 999 1018.8  11.4 999.0   6.7 99.0 99.00 
2024 01 07 06 00 331 12.8 15.5 99.00 99.00 99.00 999 1018.9  11.3 999.0   6.4 99.0 99.00 
2024 01 07 06 10 329 11.6 15.2  3.55 16.00  8.03 310 1019.0  11.3 999.0   6.9 99.0 99.00 
2024 01 07 06 20 337 11.0 13.9 99.00 99.00 99.00 999 1019.1  11.1 999.0   6.7 99.0 99.00 
2024 01 07 06 30 337 10.4 13.2 99.00 99.00 99.00 999 1019.1  11.1 999.0   6.6 99.0 99.00 
2024 01 07 06 40 338 11.0 13.3  3.69 16.00  8.20 295 1019.1  11.0 999.0   6.0 99.0 99.00 
2024 01 07 06 50 332 10.8 13.8 99.00 99.00 99.00 999 1019.1  11.1 999.0   6.1 99.0 99.00 
2024 01 07 07 00 338 10.8 14.6 99.00 99.00 99.00 999 1019.1  11.0 999.0   5.9 99.0 99.00 
2024 01 07 07 10 334 10.7 13.4  3.95 16.00  8.87 296 1019.1  10.9 999.0   5.8 99.0 99.00 
2024 01 07 07 20 333 10.8 13.7 99.00 99.00 99.00 999 1019.2  10.9 999.0   6.0 99.0 99.00 
2024 01 07 07 30 328 10.0 12.5 99.00 99.00 99.00 999 1019.1  10.9 999.0   6.4 99.0 99.00 
2024 01 07 07 40 327 10.5 13.5  4.10 14.81  9.00 301 1019.0  10.8 999.0   6.3 99.0 99.00 
2024 01 07 07 50 328 11.0 13.3 99.00 99.00 99.00 999 1019.0  10.8 999.0   6.2 99.0 99.00 
2024 01 07 08 00 324 10.7 13.3 99.00 99.00 99.00 999 1018.9  10.8 999.0   6.1 99.0 99.00 
2024 01 07 08 10 331 10.7 12.8  3.80 13.79  8.56 311 1018.9  10.7 999.0   6.1 99.0 99.00 
2024 01 07 08 20 327 11.0 13.6 99.00 99.00 99.00 999 1018.9  10.7 999.0   6.0 99.0 99.00 
2024 01 07 08 30 328 11.3 13.9 99.00 99.00 99.00 999 1018.9  10.7 999.0   5.8 99.0 99.00 
2024 01 07 08 40 323 11.3 14.1  3.85 14.81  8.61 305 1018.9  10.8 999.0   6.2 99.0 99.00 
2024 01 07 08 50 319 11.9 15.5 99.00 99.00 99.00 999 1018.9  10.7 999.0   6.3 99.0 99.00 
2024 01 07 09 00 318 11.5 15.0 99.00 99.00 99.00 999 1019.1  10.8 999.0   6.6 99.0 99.00 
2024 01 07 09 10 320 11.3 14.4  3.59 13.79  8.13 306 1019.1  10.8 999.0   6.3 99.0 99.00 
2024 01 07 09 20 325 11.5 14.7 99.00 99.00 99.00 999 1019.0  10.8 999.0   6.0 99.0 99.00 
2024 01 07 09 30 324 11.4 14.4 99.00 99.00 99.00 999 1019.1  10.8 999.0   5.9 99.0 99.00 
2024 01 07 09 40 327 11.2 14.2  3.72 16.00  8.32 297 1019.2  10.9 999.0   5.9 99.0 99.00 
2024 01 07 09 50 329 11.1 14.1 99.00 99.00 99.00 999 1019.2  10.8 999.0   5.8 99.0 99.00 
2024 01 07 10 00 328 11.2 13.9 99.00 99.00 99.00 999 1019.2  10.9 999.0   6.2 99.0 99.00 
2024 01 07 10 10 330 11.2 15.1  3.50 16.00  7.99 298 1019.3  10.9 999.0   6.2 99.0 99.00 
2024 01 07 10 20 331 11.3 14.5 99.00 99.00 99.00 999 1019.4  10.9 999.0   6.2 99.0 99.00 
2024 01 07 10 30 327 11.3 14.6 99.00 99.00 99.00 999 1019.5  10.8 999.0   6.2 99.0 99.00 
2024 01 07 10 40 327 11.1 13.7  3.67 12.90  8.23 305 1019.5  10.9 999.0   6.5 99.0 99.00 
2024 01 07 10 50 330 11.5 14.1 99.00 99.00 99.00 999 1019.5  10.7 999.0   6.2 99.0 99.00 
2024 01 07 11 00 331 11.4 14.6 99.00 99.00 99.00 999 1019.5  10.7 999.0   6.2 99.0 99.00 
2024 01 07 11 10 325 11.5 14.3  3.46 11.43  7.84 307 1019.5  10.6 999.0   6.0 99.0 99.00 
2024 01 07 11 20 332 11.1 13.8 99.00 99.00 99.00 999 1019.5  10.6 999.0   5.7 99.0 99.00 
2024 01 07 11 30 330 11.2 14.3 99.00 99.00 99.00 999 1019.5  10.7 999.0   5.7 99.0 99.00 
2024 01 07 11 40 329 11.6 14.5  3.92 13.79  8.60 299 1019.3  10.6 999.0   5.8 99.0 99.00 
2024 01 07 11 50 332 11.6 14.1 99.00 99.00 99.00 999 1019.4  10.6 999.0   5.8 99.0 99.00 
2024 01 07 12 00 328 11.7 14.2 99.00 99.00 99.00 999 1019.3  10.6 999.0   5.8 99.0 99.00 
2024 01 07 12 10 330 11.1 14.3  3.60 16.00  8.15 302 1019.2  10.7 999.0   6.3 99.0 99.00 
2024 01 07 12 20 332 11.5 14.4 99.00 99.00 99.00 999 1019.2  10.6 999.0   5.9 99.0 99.00 
2024 01 07 12 30 331 11.7 14.8 99.00 99.00 99.00 999 1019.3  10.5 999.0   5.9 99.0 99.00 
2024 01 07 12 40 329 11.4 13.7  3.91 13.79  8.61 299 1019.4  10.6 999.0   6.2 99.0 99.00 
2024 01 07 12 50 329 11.5 14.4 99.00 99.00 99.00 999 1019.4  10.6 999.0   5.9 99.0 99.00 
2024 01 07 13 00 327 11.7 14.6 99.00 99.00 99.00 999 1019.5  10.6 999.0   6.0 99.0 99.00 
2024 01 07 13 10 330 11.5 14.2  3.54 14.81  7.83 305 1019.4  10.6 999.0   5.6 99.0 99.00 
2024 01 07 13 20 332 11.8 14.4 99.00 99.00 99.00 999 1019.4  10.5 999.0   5.4 99.0 99.00 
2024 01 07 13 30 332 11.0 13.7 99.00 99.00 99.00 999 1019.5  10.6 999.0   5.8 99.0 99.00 
2024 01 07 13 40 334 11.7 14.2  3.81 16.00  8.14 303 1019.6  10.5 999.0   5.5 99.0 99.00 
2024 01 07 13 50 331 11.6 14.6 99.00 99.00 99.00 999 1019.6  10.5 999.0   5.6 99.0 99.00 
2024 01 07 14 00 329 11.5 14.5 99.00 99.00 99.00 999 1019.6  10.5 999.0   5.5 99.0 99.00 
2024 01 07 14 10 328 11.5 14.7 99.00 99.00 99.00 999 1019.8  10.5 999.0   5.5 99.0 99.00 
2024 01 07 14 20 332 11.6 14.3 99.00 99.00 99.00 999 1020.0  10.5 999.0   5.1 99.0 99.00 
2024 01 07 14 30 332 11.4 14.3 99.00 99.00 99.00 999 1020.0  10.6 999.0   5.2 99.0 99.00 
2024 01 07 14 40 332 11.1 13.9  3.88 12.12  8.02 304 1020.1  10.6 999.0   5.4 99.0 99.00 
2024 01 07 14 50 330 11.2 14.2 99.00 99.00 99.00 999 1020.2  10.5 999.0   5.4 99.0 99.00 
2024 01 07 15 00 331 11.3 13.8 99.00 99.00 99.00 999 1020.2  10.5 999.0   5.7 99.0 99.00 
2024 01 07 15 10 333 11.0 14.1  3.73 16.00  8.18 300 1020.2  10.6 999.0   6.2 99.0 99.00 
2024 01 07 15 20 334 11.3 14.1 99.00 99.00 99.00 999 1020.1  10.6 999.0   6.2 99.0 99.00 
2024 01 07 15 30 333 11.5 14.9 99.00 99.00 99.00 999 1020.2  10.6 999.0   6.1 99.0 99.00 
2024 01 07 15 40 327 11.6 14.5  3.78 14.81  7.98 288 1020.4  10.6 999.0   6.2 99.0 99.00 
2024 01 07 15 50 330 11.6 14.9 99.00 99.00 99.00 999 1020.5  10.6 999.0   6.1 99.0 99.00 
2024 01 07 16 00 332 11.3 14.3 99.00 99.00 99.00 999 1020.6  10.7 999.0   6.4 99.0 99.00 
2024 01 07 16 10 331 11.8 14.7  3.94 16.00  8.22 297 1020.7  10.6 999.0   5.7 99.0 99.00 
2024 01 07 16 20 332 11.8 15.1 99.00 99.00 99.00 999 1020.8  10.6 999.0   5.5 99.0 99.00 
2024 01 07 16 30 328 11.3 14.8 99.00 99.00 99.00 999 1020.9  10.7 999.0   5.8 99.0 99.00 
2024 01 07 16 40 329 11.7 14.5  3.90 16.00  8.21 296 1021.0  10.6 999.0   5.5 99.0 99.00 
2024 01 07 16 50 328 11.5 13.8 99.00 99.00 99.00 999 1021.0  10.7 999.0   6.0 99.0 99.00 
2024 01 07 17 00 329 11.6 14.4 99.00 99.00 99.00 999 1021.1  10.6 999.0   5.7 99.0 99.00 
2024 01 07 17 10 328 11.1 13.9  3.90 16.00  7.99 292 1021.3  10.7 999.0   6.0 99.0 99.00 
2024 01 07 17 20 329 10.9 14.0 99.00 99.00 99.00 999 1021.4  10.6 999.0   5.8 99.0 99.00 
2024 01 07 17 30 324 11.5 14.4 99.00 99.00 99.00 999 1021.4  10.6 999.0   5.8 99.0 99.00 
2024 01 07 17 40 329 11.5 14.9  3.85 14.81  7.96 294 1021.4  10.6 999.0   5.9 99.0 99.00 
2024 01 07 17 50 322 12.3 15.2 99.00 99.00 99.00 999 1021.5  10.6 999.0   5.8 99.0 99.00 
2024 01 07 18 00 327 11.8 14.4 99.00 99.00 99.00 999 1021.7  10.7 999.0   5.9 99.0 99.00 
2024 01 07 18 10 331 11.6 14.3  3.78 16.00  7.94 293 1021.6  10.7 999.0   5.7 99.0 99.00 
2024 01 07 18 20 330 11.6 14.6 99.00 99.00 99.00 999 1021.7  10.7 999.0   5.6 99.0 99.00 
2024 01 07 18 30 327 11.9 14.8 99.00 99.00 99.00 999 1021.6  10.8 999.0   6.2 99.0 99.00 
2024 01 07 18 40 329 11.9 15.0  3.64 16.00  7.85 301 1021.6  10.8 999.0   6.2 99.0 99.00 
2024 01 07 18 50 327 12.2 14.8 99.00 99.00 99.00 999 1021.5  10.8 999.0   6.1 99.0 99.00 
2024 01 07 19 00 329 12.3 15.7 99.00 99.00 99.00 999 1021.3  10.8 999.0   6.0 99.0 99.00 
2024 01 07 19 10 326 11.4 15.1 99.00 99.00 99.00 999 1021.3  10.9 999.0   6.3 99.0 99.00 
2024 01 07 19 20 327 11.4 14.3 99.00 99.00 99.00 999 1021.2  10.9 999.0   6.2 99.0 99.00 
2024 01 07 19 30 999 99.0 99.0 99.00 99.00 99.00 999 1021.1 999.0 999.0 999.0 99.0 99.00 
2024 01 07 19 40 325 11.9 14.7 99.00 99.00 99.00 999 1021.0  11.0 999.0   5.6 99.0 99.00 
2024 01 07 19 50 324 11.4 13.9 99.00 99.00 99.00 999 1020.9  10.9 999.0   6.3 99.0 99.00 
2024 01 07 20 00 323 11.0 13.8 99.00 99.00 99.00 999 1021.0  10.9 999.0   6.5 99.0 99.00 
2024 01 07 20 10 326 10.9 13.8  3.54 14.81  7.64 294 1020.9  10.8 999.0   6.4 99.0 99.00 
2024 01 07 20 20 323 11.3 13.8 99.00 99.00 99.00 999 1020.8  10.9 999.0   6.3 99.0 99.00 
2024 01 07 20 30 325 11.9 14.7 99.00 99.00 99.00 999 1020.7  10.9 999.0   6.1 99.0 99.00 
2024 01 07 20 40 324 11.5 14.3  3.57 16.00  7.80 313 1020.7  11.0 999.0   6.6 99.0 99.00 
2024 01 07 20 50 321 11.3 13.8 99.00 99.00 99.00 999 1020.5  11.0 999.0   6.7 99.0 99.00 
2024 01 07 21 00 318 11.8 13.8 99.00 99.00 99.00 999 1020.5  11.0 999.0   6.6 99.0 99.00 
2024 01 07 21 10 322 11.5 14.4  3.25 14.81  7.52 312 1020.6  11.1 999.0   6.4 99.0 99.00 
2024 01 07 21 20 320 11.5 14.0 99.00 99.00 99.00 999 1020.6  11.1 999.0   6.6 99.0 99.00 
2024 01 07 21 30 322 11.0 14.2 99.00 99.00 99.00 999 1020.5  11.1 999.0   6.9 99.0 99.00 
2024 01 07 21 40 322 10.8 13.6  4.02 14.81  8.60 303 1020.3  11.1 999.0   6.9 99.0 99.00 
2024 01 07 21 50 320 11.2 13.9 99.00 99.00 99.00 999 1020.3  11.2 999.0   7.0 99.0 99.00 
2024 01 07 22 00 322 11.5 14.7 99.00 99.00 99.00 999 1020.2  11.2 999.0   6.6 99.0 99.00 
2024 01 07 22 10 322 11.5 13.9  3.38 13.79  7.75 313 1020.2  11.2 999.0   6.8 99.0 99.00 
2024 01 07 22 20 324 11.1 13.4 99.00 99.00 99.00 999 1020.1  11.3 999.0   7.0 99.0 99.00 
2024 01 07 22 30 319 11.6 14.1 99.00 99.00 99.00 999 1020.3  11.2 999.0   6.7 99.0 99.00 
2024 01 07 22 40 322 11.1 13.8  3.42 14.81  7.76 302 1020.2  11.4 999.0   7.2 99.0 99.00 
2024 01 07 22 50 321 11.3 13.7 99.00 99.00 99.00 999 1020.2  11.4 999.0   7.3 99.0 99.00 
2024 01 07 23 00 325 11.2 14.1 99.00 99.00 99.00 999 1020.1  11.5 999.0   7.3 99.0 99.00 
2024 01 07 23 10 322 11.7 15.1  3.60 12.90  7.92 304 1020.0  11.6 999.0   6.9 99.0 99.00 
2024 01 07 23 20 324 11.4 14.5 99.00 99.00 99.00 999 1020.1  11.8 999.0   6.7 99.0 99.00 
2024 01 07 23 30 318 12.2 15.1 99.00 99.00 99.00 999 1020.1  11.7 999.0   7.0 99.0 99.00 
2024 01 07 23 40 322 12.6 15.3  3.60 12.90  7.61 314 1020.2  11.6 999.0   7.0 99.0 99.00 
2024 01 07 23 50 318 12.2 15.8 99.00 99.00 99.00 999 1020.2  11.7 999.0   7.2 99.0 99.00 
2024 01 08 00 00 320 12.7 16.5 99.00 99.00 99.00 999 1020.2  11.7 999.0   7.3 99.0 99.00 
2024 01 08 00 10 320 12.8 16.0  3.54 14.81  7.67 304 1020.2  11.7 999.0   7.2 99.0 99.00 
2024 01 08 00 20 320 12.7 15.8 99.00 99.00 99.00 999 1020.2  11.8 999.0   7.4 99.0 99.00 
2024 01 08 00 30 319 13.0 16.3 99.00 99.00 99.00 999 1020.3  11.7 999.0   7.1 99.0 99.00 
2024 01 08 00 40 319 13.3 16.8  3.36 12.12  7.08 304 1020.4  11.7 999.0   7.1 99.0 99.00 
2024 01 08 00 50 322 13.0 16.2 99.00 99.00 99.00 999 1020.6  11.7 999.0   7.4 99.0 99.00 
2024 01 08 01 00 319 13.1 16.2 99.00 99.00 99.00 999 1020.6  11.7 999.0   7.4 99.0 99.00 
2024 01 08 01 10 319 12.8 15.7  3.33 16.00  7.23 305 1020.7  11.7 999.0   7.2 99.0 99.00 
2024 01 08 01 20 324 12.9 16.2 99.00 99.00 99.00 999 1020.8  11.7 999.0   7.0 99.0 99.00 
2024 01 08 01 30 320 12.8 16.3 99.00 99.00 99.00 999 1020.8  11.8 999.0   7.5 99.0 99.00 
2024 01 08 01 40 318 13.3 16.3  3.30 12.12  7.03 316 1020.9  11.7 999.0   7.2 99.0 99.00 
2024 01 08 01 50 321 13.2 16.1 99.00 99.00 99.00 999 1020.9  11.8 999.0   7.1 99.0 99.00 
2024 01 08 02 00 322 13.2 15.8 99.00 99.00 99.00 999 1021.0  11.8 999.0   7.2 99.0 99.00 
2024 01 08 02 10 321 13.4 16.8  3.45 14.81  7.37 310 1021.0  11.8 999.0   7.3 99.0 99.00 
2024 01 08 02 20 320 13.1 15.9 99.00 99.00 99.00 999 1020.9  11.8 999.0   7.4 99.0 99.00 
2024 01 08 02 30 320 12.8 15.9 99.00 99.00 99.00 999 1021.0  11.8 999.0   7.6 99.0 99.00 
2024 01 08 02 40 323 12.2 15.3  3.25 14.81  7.23 309 1021.0  11.8 999.0   7.7 99.0 99.00 
2024 01 08 02 50 324 12.1 15.4 99.00 99.00 99.00 999 1021.2  11.8 999.0   7.7 99.0 99.00 
2024 01 08 03 00 321 12.7 15.8 99.00 99.00 99.00 999 1021.2  11.8 999.0   7.3 99.0 99.00 
2024 01 08 03 10 319 12.0 15.4  3.13 16.00  6.98 310 1021.3  11.8 999.0   7.3 99.0 99.00 
2024 01 08 03 20 325 11.7 14.5 99.00 99.00 99.00 999 1021.5  11.9 999.0   7.7 99.0 99.00 
2024 01 08 03 30 329 11.6 14.5 99.00 99.00 99.00 999 1021.5  11.8 999.0   7.5 99.0 99.00 
2024 01 08 03 40 328 11.7 14.4  2.95 13.79  6.68 300 1021.7  11.8 999.0   7.4 99.0 99.00 
2024 01 08 03 50 325 11.5 14.1 99.00 99.00 99.00 999 1021.7  11.8 999.0   7.8 99.0 99.00 
2024 01 08 04 00 333 11.5 14.2 99.00 99.00 99.00 999 1021.8  11.7 999.0   7.7 99.0 99.00 
2024 01 08 04 10 333 11.4 13.6  3.04 12.90  7.02 314 1021.8  11.6 999.0   7.4 99.0 99.00 
2024 01 08 04 20 335 10.9 13.4 99.00 99.00 99.00 999 1022.0  11.7 999.0   7.8 99.0 99.00 
2024 01 08 04 30 332 11.2 14.1 99.00 99.00 99.00 999 1022.0  11.6 999.0   7.6 99.0 99.00 
2024 01 08 04 40 331 10.8 13.4  2.86 14.81  7.04 291 1022.1  11.6 999.0   7.6 99.0 99.00 
2024 01 08 04 50 334 10.4 12.8 99.00 99.00 99.00 999 1022.2  11.5 999.0   7.7 99.0 99.00 
2024 01 08 05 00 331 10.8 13.9 99.00 99.00 99.00 999 1022.2  11.4 999.0   7.5 99.0 99.00 
2024 01 08 05 10 330 10.5 13.0  3.07 14.81  7.61 312 1022.2  11.4 999.0   7.7 99.0 99.00 
2024 01 08 05 20 331 10.6 13.1 99.00 99.00 99.00 999 1022.3  11.5 999.0   7.9 99.0 99.00 
2024 01 08 05 30 328 10.5 13.4 99.00 99.00 99.00 999 1022.2  11.4 999.0   7.8 99.0 99.00 
2024 01 08 05 40 328 10.5 12.8  3.12 12.90  7.73 307 1022.2  11.5 999.0   7.7 99.0 99.00 
2024 01 08 05 50 331 10.2 12.6 99.00 99.00 99.00 999 1022.3  11.4 999.0   7.6 99.0 99.00 
2024 01 08 06 00 326 10.1 12.6 99.00 99.00 99.00 999 1022.5  11.5 999.0   7.7 99.0 99.00 
2024 01 08 06 10 330 10.0 12.6  3.18 13.79  7.91 303 1022.6  11.5 999.0   7.8 99.0 99.00 
2024 01 08 06 20 329 10.0 12.2 99.00 99.00 99.00 999 1022.8  11.5 999.0   7.7 99.0 99.00 
2024 01 08 06 30 331  9.6 11.5 99.00 99.00 99.00 999 1022.8  11.5 999.0   7.7 99.0 99.00 
2024 01 08 06 40 331  9.4 12.2  3.06 14.81  7.95 307 1022.8  11.5 999.0   7.6 99.0 99.00 
2024 01 08 06 50 327  9.8 12.2 99.00 99.00 99.00 999 1022.9  11.6 999.0   7.4 99.0 99.00 
2024 01 08 07 00 329  9.9 12.3 99.00 99.00 99.00 999 1022.9  11.6 999.0   7.2 99.0 99.00 
2024 01 08 07 10 330 10.0 13.2  2.75 14.81  7.39 307 1023.0  11.6 999.0   7.3 99.0 99.00 
2024 01 08 07 20 331 10.0 12.2 99.00 99.00 99.00 999 1023.0  11.7 999.0   7.5 99.0 99.00 
2024 01 08 07 30 328 10.7 13.1 99.00 99.00 99.00 999 1023.0  11.6 999.0   7.4 99.0 99.00 
2024 01 08 07 40 322 10.7 12.9  3.04 12.12  7.50 315 1022.9  11.5 999.0   7.3 99.0 99.00 
2024 01 08 07 50 324 10.8 13.6 99.00 99.00 99.00 999 1022.9  11.5 999.0   7.4 99.0 99.00 
2024 01 08 08 00 327 10.9 13.1 99.00 99.00 99.00 999 1023.0  11.5 999.0   7.4 99.0 99.00 
2024 01 08 08 10 326 10.6 13.1  3.10 14.81  7.66 303 1023.0  11.5 999.0   7.3 99.0 99.00 
2024 01 08 08 20 324 10.4 12.5 99.00 99.00 99.00 999 1022.9  11.5 999.0   7.5 99.0 99.00 
2024 01 08 08 30 330 10.1 12.6 99.00 99.00 99.00 999 1022.9  11.5 999.0   7.6 99.0 99.00 
2024 01 08 08 40 330 10.2 12.7  2.74 12.90  7.28 302 1023.0  11.5 999.0   7.4 99.0 99.00 
2024 01 08 08 50 327 10.4 12.8 99.00 99.00 99.00 999 1023.0  11.5 999.0   7.4 99.0 99.00 
2024 01 08 09 00 328  9.9 12.7 99.00 99.00 99.00 999 1023.1  11.6 999.0   7.6 99.0 99.00 
2024 01 08 09 10 329 10.3 12.5  2.73 12.12  7.58 309 1023.0  11.6 999.0   7.5 99.0 99.00 
2024 01 08 09 20 326 10.2 12.4 99.00 99.00 99.00 999 1023.1  11.6 999.0   7.7 99.0 99.00 
2024 01 08 09 30 328 10.1 12.9 99.00 99.00 99.00 999 1023.1  11.5 999.0   7.6 99.0 99.00 
2024 01 08 09 40 327 10.5 12.8  3.00 13.79  7.58 311 1023.2  11.5 999.0   7.4 99.0 99.00 
2024 01 08 09 50 325  9.6 11.6 99.00 99.00 99.00 999 1023.2  11.6 999.0   7.9 99.0 99.00 
2024 01 08 10 00 329  9.9 12.0 99.00 99.00 99.00 999 1023.3  11.6 999.0   7.6 99.0 99.00 
2024 01 08 10 10 329  9.4 11.4  2.78 13.79  7.51 305 1023.3  11.5 999.0   7.7 99.0 99.00 
2024 01 08 10 20 333  9.1 11.2 99.00 99.00 99.00 999 1023.3  11.5 999.0   7.8 99.0 99.00 
2024 01 08 10 30 331  9.1 11.6 99.00 99.00 99.00 999 1023.6  11.4 999.0   7.8 99.0 99.00 
2024 01 08 10 40 329  9.2 11.3  2.72 13.79  7.24 308 1023.6  11.4 999.0   7.8 99.0 99.00 
2024 01 08 10 50 330  9.0 11.2 99.00 99.00 99.00 999 1023.6  11.4 999.0   7.9 99.0 99.00 
2024 01 08 11 00 332  8.7 10.6 99.00 99.00 99.00 999 1023.6  11.3 999.0   7.8 99.0 99.00 
2024 01 08 11 10 330  8.6 10.8  2.86 14.81  7.66 301 1023.7  11.3 999.0   7.7 99.0 99.00 
2024 01 08 11 20 329  8.5 10.6 99.00 99.00 99.00 999 1023.9  11.3 999.0   7.7 99.0 99.00 
2024 01 08 11 30 329  8.5 10.4 99.00 99.00 99.00 999 1023.9  11.2 999.0   7.5 99.0 99.00 
2024 01 08 11 40 329  8.2 10.5  2.82 13.79  7.58 304 1023.8  11.2 999.0   7.5 99.0 99.00 
2024 01 08 11 50 327  7.6  9.6 99.00 99.00 99.00 999 1023.8  11.3 999.0   7.8 99.0 99.00 
2024 01 08 12 00 331  7.9  9.8 99.00 99.00 99.00 999 1023.8  11.2 999.0   7.5 99.0 99.00 
2024 01 08 12 10 329  7.9  9.5  2.86 13.79  8.13 310 1024.0  11.3 999.0   7.6 99.0 99.00 
2024 01 08 12 20 329  8.0 10.2 99.00 99.00 99.00 999 1024.1  11.3 999.0   7.4 99.0 99.00 
2024 01 08 12 30 328  7.9  9.8 99.00 99.00 99.00 999 1024.1  11.3 999.0   7.5 99.0 99.00 
2024 01 08 12 40 330  7.7  9.8  2.93 13.79  8.21 313 1024.1  11.3 999.0   7.4 99.0 99.00 
2024 01 08 12 50 330  7.3  9.4 99.00 99.00 99.00 999 1024.2  11.3 999.0   7.5 99.0 99.00 
2024 01 08 13 00 325  7.0  8.6 99.00 99.00 99.00 999 1024.3  11.3 999.0   7.5 99.0 99.00 
2024 01 08 13 10 327  7.1  9.1  2.98 13.79  8.40 308 1024.3  11.3 999.0   7.6 99.0 99.00 
2024 01 08 13 20 328  7.0  8.9 99.00 99.00 99.00 999 1024.3  11.3 999.0   7.6 99.0 99.00 
2024 01 08 13 30 325  7.1  9.0 99.00 99.00 99.00 999 1024.4  11.4 999.0   7.7 99.0 99.00 
2024 01 08 13 40 327  6.6  8.5  3.07 14.81  8.61 300 1024.4  11.4 999.0   7.8 99.0 99.00 
2024 01 08 13 50 325  6.3  8.0 99.00 99.00 99.00 999 1024.6  11.5 999.0   7.8 99.0 99.00 
2024 01 08 14 00 330  5.9  7.5 99.00 99.00 99.00 999 1024.7  11.5 999.0   7.8 99.0 99.00 
2024 01 08 14 10 328  6.1  8.0  2.64 12.12  7.86 302 1024.8  11.5 999.0   7.5 99.0 99.00 
2024 01 08 14 20 329  6.0  7.9 99.00 99.00 99.00 999 1024.9  11.6 999.0   7.6 99.0 99.00 
2024 01 08 14 30 331  6.2  8.0 99.00 99.00 99.00 999 1025.0  11.6 999.0   7.4 99.0 99.00 
2024 01 08 14 40 332  5.9  7.3  2.77 14.81  8.25 305 1025.0  11.6 999.0   7.4 99.0 99.00 
2024 01 08 14 50 335  5.7  7.5 99.00 99.00 99.00 999 1025.1  11.6 999.0   7.5 99.0 99.00 
2024 01 08 15 00 339  5.2  6.6 99.00 99.00 99.00 999 1025.0  11.6 999.0   7.3 99.0 99.00 
2024 01 08 15 10 334  5.4  7.1  2.77 14.81  8.43 304 1025.2  11.6 999.0   7.0 99.0 99.00 
2024 01 08 15 20 336  5.1  6.8 99.00 99.00 99.00 999 1025.3  11.6 999.0   7.2 99.0 99.00 
2024 01 08 15 30 328  4.9  6.4 99.00 99.00 99.00 999 1025.3  11.6 999.0   7.3 99.0 99.00 
2024 01 08 15 40 327  4.7  6.3  2.93 14.81  8.87 302 1025.3  11.6 999.0   7.2 99.0 99.00 
2024 01 08 15 50 326  4.2  6.0 99.00 99.00 99.00 999 1025.4  11.6 999.0   7.4 99.0 99.00 
2024 01 08 16 00 328  3.9  5.7 99.00 99.00 99.00 999 1025.5  11.6 999.0   7.5 99.0 99.00 
2024 01 08 16 10 330  4.2  5.8  2.60 13.79  8.38 302 1025.7  11.6 999.0   7.5 99.0 99.00 
2024 01 08 16 20 327  3.9  5.4 99.00 99.00 99.00 999 1025.8  11.7 999.0   7.6 99.0 99.00 
2024 01 08 16 30 324  4.0  5.6 99.00 99.00 99.00 999 1026.0  11.7 999.0   7.8 99.0 99.00 
2024 01 08 16 40 327  4.0  5.5  2.40 13.79  8.20 311 1026.2  11.8 999.0   7.9 99.0 99.00 
2024 01 08 16 50 325  3.8  5.6 99.00 99.00 99.00 999 1026.4  11.8 999.0   7.9 99.0 99.00 
2024 01 08 17 00 322  3.4  5.0 99.00 99.00 99.00 999 1026.6  11.8 999.0   7.9 99.0 99.00 
2024 01 08 17 10 328  3.1  4.5  2.63 13.79  8.74 300 1026.7  11.9 999.0   8.0 99.0 99.00 
2024 01 08 17 20 327  3.2  4.6 99.00 99.00 99.00 999 1026.7  11.9 999.0   8.0 99.0 99.00 
2024 01 08 17 30 326  2.5  4.1 99.00 99.00 99.00 999 1026.8  12.0 999.0   8.1 99.0 99.00 
2024 01 08 17 40 335  2.5  3.9  2.33 14.81  8.35 284 1026.9  12.0 999.0   8.1 99.0 99.00 
2024 01 08 17 50 322  2.8  4.3 99.00 99.00 99.00 999 1027.2  12.1 999.0   8.2 99.0 99.00 
2024 01 08 18 00 300  3.3  5.9 99.00 99.00 99.00 999 1027.5  12.1 999.0   8.4 99.0 99.00 
2024 01 08 18 10 282  4.3  5.8  2.69 13.79  9.06 294 1027.6  11.9 999.0   8.8 99.0 99.00 
2024 01 08 18 20 283  3.8  5.4 99.00 99.00 99.00 999 1027.8  11.8 999.0   8.8 99.0 99.00 
2024 01 08 18 30 277  3.8  5.2 99.00 99.00 99.00 999 1027.8  11.8 999.0   8.8 99.0 99.00 
2024 01 08 18 40 271  3.6  5.6  2.50 13.79  9.04 296 1027.8  11.8 999.0   8.8 99.0 99.00 
2024 01 08 18 50 270  3.2  5.1 99.00 99.00 99.00 999 1027.9  11.8 999.0   8.7 99.0 99.00 
2024 01 08 19 00 280  2.9  4.5 99.00 99.00 99.00 999 1027.9  11.8 999.0   8.7 99.0 99.00 
2024 01 08 19 10 282  2.4  4.0  2.23 12.90  8.28 295 1028.0  11.8 999.0   8.7 99.0 99.00 
2024 01 08 19 20 287  1.7  3.5 99.00 99.00 99.00 999 1027.9  11.7 999.0   8.7 99.0 99.00 
2024 01 08 19 30 291  2.1  4.3 99.00 99.00 99.00 999 1027.9  11.7 999.0   8.9 99.0 99.00 
2024 01 08 19 40 283  1.8  3.6  2.18 13.79  8.52 307 1027.9  11.7 999.0   9.0 99.0 99.00 
2024 01 08 19 50 296  2.0  3.5 99.00 99.00 99.00 999 1027.7  11.6 999.0   9.2 99.0 99.00 
2024 01 08 20 00 295  1.6  2.9 99.00 99.00 99.00 999 1027.6  11.6 999.0   9.3 99.0 99.00 
2024 01 08 20 10 295  1.1  2.4  2.37 13.79  9.23 300 1027.4  11.7 999.0   9.4 99.0 99.00 
2024 01 08 20 20 342  0.8  1.9 99.00 99.00 99.00 999 1027.4  11.8 999.0   9.3 99.0 99.00 
2024 01 08 20 30 343  0.8  1.7 99.00 99.00 99.00 999 1027.3  11.8 999.0   9.3 99.0 99.00 
2024 01 08 20 40 358  0.5  1.5  2.12 13.79  8.99 292 1027.2  11.9 999.0   9.3 99.0 99.00 
2024 01 08 20 50  58  0.4  1.5 99.00 99.00 99.00 999 1027.1  11.9 999.0   9.3 99.0 99.00 
2024 01 08 21 00  52  0.1  1.7 99.00 99.00 99.00 999 1027.1  12.3 999.0   9.6 99.0 99.00 
2024 01 08 21 10  18  0.6  1.8  2.25 12.90  9.23 286 1026.9  12.1 999.0   9.3 99.0 99.00 
2024 01 08 21 20  23  0.9  1.9 99.00 99.00 99.00 999 1026.8  11.9 999.0   9.2 99.0 99.00 
2024 01 08 21 30  26  0.7  1.4 99.00 99.00 99.00 999 1026.7  11.9 999.0   9.2 99.0 99.00 
2024 01 08 21 40  12  0.8  1.8  1.97 12.90  8.75 302 1026.7  11.9 999.0   9.1 99.0 99.00 
2024 01 08 21 50 357  0.8  2.2 99.00 99.00 99.00 999 1026.7  12.0 999.0   9.2 99.0 99.00 
2024 01 08 22 00  24  1.1  2.0 99.00 99.00 99.00 999 1026.6  12.0 999.0   9.2 99.0 99.00 
2024 01 08 22 10  35  0.9  1.9  1.97 13.79  9.01 290 1026.5  12.0 999.0   9.3 99.0 99.00 
2024 01 08 22 20  99  0.2  1.5 99.00 99.00 99.00 999 1026.5  12.4 999.0   9.5 99.0 99.00 
2024 01 08 22 30 134  0.4  1.2 99.00 99.00 99.00 999 1026.6  12.5 999.0   9.5 99.0 99.00 
2024 01 08 22 40  91  0.6  1.9  1.96 12.90  9.26 288 1026.6  12.4 999.0   9.4 99.0 99.00 
2024 01 08 22 50 188  1.0  2.4 99.00 99.00 99.00 999 1026.6  12.4 999.0   9.6 99.0 99.00 
2024 01 08 23 00 133  0.3  2.0 99.00 99.00 99.00 999 1026.5  12.6 999.0   9.7 99.0 99.00 
2024 01 08 23 10 207  0.4  1.4  2.17 12.90  9.74 287 1026.6  12.5 999.0   9.6 99.0 99.00 
2024 01 08 23 20 196  0.2  1.2 99.00 99.00 99.00 999 1026.7  12.6 999.0   9.7 99.0 99.00 
2024 01 08 23 30 256  0.3  1.2 99.00 99.00 99.00 999 1026.8  12.5 999.0   9.7 99.0 99.00 
2024 01 08 23 40 135  0.3  2.0  2.06 13.79  9.45 281 1026.8  12.6 999.0   9.8 99.0 99.00 
2024 01 08 23 50 183  0.4  2.2 99.00 99.00 99.00 999 1026.9  12.3 999.0   9.7 99.0 99.00 
2024 01 09 00 00 266  0.4  1.7 99.00 99.00 99.00 999 1027.0  12.4 999.0   9.9 99.0 99.00 
2024 01 09 00 10 246  0.7  1.9  1.89 12.90  9.10 295 1026.9  12.3 999.0  10.0 99.0 99.00 
2024 01 09 00 20 254  0.8  3.0 99.00 99.00 99.00 999 1027.0  12.2 999.0  10.0 99.0 99.00 
2024 01 09 00 30 197  1.5  3.8 99.00 99.00 99.00 999 1027.0  12.1 999.0  10.0 99.0 99.00 
2024 01 09 00 40 266  1.3  2.8  1.77 12.12  9.06 297 1027.2  12.0 999.0   9.9 99.0 99.00 
2024 01 09 00 50 268  0.6  1.8 99.00 99.00 99.00 999 1027.2  12.0 999.0  10.0 99.0 99.00 
2024 01 09 01 00 269  1.6  3.3 99.00 99.00 99.00 999 1027.3  12.0 999.0  10.2 99.0 99.00 
2024 01 09 01 10 225  1.8  3.1  2.00 12.12  9.30 300 1027.1  11.8 999.0  10.4 99.0 99.00 
2024 01 09 01 20 231  1.4  2.5 99.00 99.00 99.00 999 1027.0  11.7 999.0  10.6 99.0 99.00 
2024 01 09 01 30 207  1.5  2.7 99.00 99.00 99.00 999 1027.0  11.5 999.0  10.5 99.0 99.00 
2024 01 09 01 40 183  1.7  3.0  1.72 12.12  8.78 306 1026.9  11.4 999.0  10.6 99.0 99.00 
2024 01 09 01 50 185  2.1  2.9 99.00 99.00 99.00 999 1027.0  11.4 999.0  10.7 99.0 99.00 
2024 01 09 02 00 204  1.7  2.7 99.00 99.00 99.00 999 1027.2  11.3 999.0  10.6 99.0 99.00 
2024 01 09 02 10 197  1.6  2.3  1.84 12.90  9.23 290 1027.3  11.3 999.0  10.8 99.0 99.00 
2024 01 09 02 20 175  1.1  2.2 99.00 99.00 99.00 999 1027.3  11.2 999.0  10.7 99.0 99.00 
2024 01 09 02 30 161  0.4  1.3 99.00 99.00 99.00 999 1027.2  11.3 999.0  10.8 99.0 99.00 
2024 01 09 02 40 159  0.7  1.9  1.79 12.12  9.23 296 1027.3  11.4 999.0  10.8 99.0 99.00 
2024 01 09 02 50 182  1.3  2.4 99.00 99.00 99.00 999 1027.4  11.5 999.0  10.9 99.0 99.00 
2024 01 09 03 00 196  1.2  2.1 99.00 99.00 99.00 999 1027.4  11.5 999.0  11.0 99.0 99.00 
2024 01 09 03 10 215  0.4  1.3  1.82 12.90  8.93 299 1027.5  11.5 999.0  11.0 99.0 99.00 
2024 01 09 03 20 343  0.1  0.6 99.00 99.00 99.00 999 1027.6  11.7 999.0  11.2 99.0 99.00 
2024 01 09 03 30  84  0.2  1.2 99.00 99.00 99.00 999 1027.5  11.6 999.0  11.1 99.0 99.00 
2024 01 09 03 40 171  0.4  1.3  1.79 13.79  8.85 289 1027.5  11.7 999.0  11.1 99.0 99.00 
2024 01 09 03 50 207  1.5  2.9 99.00 99.00 99.00 999 1027.5  11.7 999.0  11.2 99.0 99.00 
2024 01 09 04 00 194  1.6  2.4 99.00 99.00 99.00 999 1027.6  11.5 999.0  11.0 99.0 99.00 
2024 01 09 04 10 204  1.4  2.2  1.81 13.79  8.98 298 1027.6  11.6 999.0  11.1 99.0 99.00 
2024 01 09 04 20 212  1.4  2.2 99.00 99.00 99.00 999 1027.5  11.6 999.0  11.1 99.0 99.00 
2024 01 09 04 30 190  0.8  2.1 99.00 99.00 99.00 999 1027.5  11.6 999.0  11.1 99.0 99.00 
2024 01 09 04 40 148  1.1  2.3  1.81 12.90  9.05 312 1027.4  11.7 999.0  11.2 99.0 99.00 
2024 01 09 04 50 143  1.6  2.9 99.00 99.00 99.00 999 1027.5  11.7 999.0  11.2 99.0 99.00 
2024 01 09 05 00 173  1.6  2.8 99.00 99.00 99.00 999 1027.7  11.6 999.0  11.2 99.0 99.00 
2024 01 09 05 10 163  1.5  2.7  1.67 13.79  8.75 305 1027.7  11.7 999.0  11.3 99.0 99.00 
2024 01 09 05 20 180  1.7  2.9 99.00 99.00 99.00 999 1027.7  11.7 999.0  11.3 99.0 99.00 
2024 01 09 05 30 207  1.3  2.4 99.00 99.00 99.00 999 1027.8  11.7 999.0  11.3 99.0 99.00 
2024 01 09 05 40 200  1.0  2.3  1.73 13.79  8.81 287 1027.8  11.7 999.0  11.3 99.0 99.00 
2024 01 09 05 50 199  2.0  3.0 99.00 99.00 99.00 999 1027.9  11.7 999.0  11.3 99.0 99.00 
2024 01 09 06 00 168  1.4  2.5 99.00 99.00 99.00 999 1027.8  11.7 999.0  11.3 99.0 99.00 
2024 01 09 06 10 170  2.2  3.1  1.73 12.90  8.93 305 1027.9  11.8 999.0  11.4 99.0 99.00 
2024 01 09 06 20 165  2.2  3.4 99.00 99.00 99.00 999 1027.9  11.8 999.0  11.4 99.0 99.00 
2024 01 09 06 30 171  1.5  2.5 99.00 99.00 99.00 999 1027.8  11.8 999.0  11.4 99.0 99.00 
2024 01 09 06 40 179  1.8  2.9  1.65 10.81  8.75 301 1027.9  11.8 999.0  11.4 99.0 99.00 
2024 01 09 06 50 190  2.0  2.8 99.00 99.00 99.00 999 1028.0  11.9 999.0  11.5 99.0 99.00 
2024 01 09 07 00 192  2.1  2.9 99.00 99.00 99.00 999 1027.9  11.9 999.0  11.5 99.0 99.00 
2024 01 09 07 10 195  2.2  3.1  1.62 12.90  8.35 311 1028.1  12.0 999.0  11.6 99.0 99.00 
2024 01 09 07 20 217  2.0  2.9 99.00 99.00 99.00 999 1028.2  12.1 999.0  11.6 99.0 99.00 
2024 01 09 07 30 209  2.2  3.0 99.00 99.00 99.00 999 1028.1  12.1 999.0  11.6 99.0 99.00 
2024 01 09 07 40 183  2.5  3.3  1.71 12.90  8.67 295 1028.0  12.1 999.0  11.6 99.0 99.00 
2024 01 09 07 50 187  2.5  3.4 99.00 99.00 99.00 999 1027.9  12.1 999.0  11.6 99.0 99.00 
2024 01 09 08 00 190  2.5  3.5 99.00 99.00 99.00 999 1028.0  12.2 999.0  11.7 99.0 99.00 
2024 01 09 08 10 190  2.2  2.8  1.71 12.90  8.80 306 1027.9  12.2 999.0  11.6 99.0 99.00 
2024 01 09 08 20 184  3.0  4.2 99.00 99.00 99.00 999 1027.6  12.2 999.0  11.5 99.0 99.00 
2024 01 09 08 30 169  3.2  4.1 99.00 99.00 99.00 999 1027.4  12.3 999.0  11.6 99.0 99.00 
2024 01 09 08 40 164  3.2  4.3  1.72 12.90  8.75 304 1027.5  12.3 999.0  11.6 99.0 99.00 
2024 01 09 08 50 163  2.8  3.9 99.00 99.00 99.00 999 1027.5  12.4 999.0  11.7 99.0 99.00 
2024 01 09 09 00 169  2.9  3.9 99.00 99.00 99.00 999 1027.5  12.5 999.0  11.8 99.0 99.00 
2024 01 09 09 10 179  3.2  4.1  1.60 12.90  8.37 300 1027.3  12.6 999.0  11.9 99.0 99.00 
2024 01 09 09 20 176  3.3  4.4 99.00 99.00 99.00 999 1027.3  12.6 999.0  11.9 99.0 99.00 
2024 01 09 09 30 178  3.7  4.8 99.00 99.00 99.00 999 1027.4  12.7 999.0  12.0 99.0 99.00 
2024 01 09 09 40 182  3.9  4.9  1.73 12.12  8.42 293 1027.3  12.8 999.0  12.1 99.0 99.00 
2024 01 09 09 50 186  3.9  4.9 99.00 99.00 99.00 999 1027.4  12.8 999.0  12.1 99.0 99.00 
2024 01 09 10 00 181  3.6  4.5 99.00 99.00 99.00 999 1027.1  12.7 999.0  12.0 99.0 99.00 
2024 01 09 10 10 172  3.8  5.0  1.80 12.12  8.44 302 1027.1  12.8 999.0  12.1 99.0 99.00 
2024 01 09 10 20 179  4.0  5.1 99.00 99.00 99.00 999 1027.1  12.8 999.0  12.1 99.0 99.00 
2024 01 09 10 30 181  3.7  5.3 99.00 99.00 99.00 999 1027.1  12.7 999.0  12.0 99.0 99.00 
2024 01 09 10 40 180  3.8  4.9  1.93 12.90  8.62 301 1026.9  12.7 999.0  12.0 99.0 99.00 
2024 01 09 10 50 183  3.8  5.0 99.00 99.00 99.00 999 1027.0  12.9 999.0  12.2 99.0 99.00 
2024 01 09 11 00 185  3.9  5.4 99.00 99.00 99.00 999 1026.9  13.0 999.0  12.3 99.0 99.00 
2024 01 09 11 10 187  4.4  5.5  1.65 12.12  8.05 301 1026.9  13.1 999.0  12.4 99.0 99.00 
2024 01 09 11 20 186  3.7  5.0 99.00 99.00 99.00 999 1026.7  13.2 999.0  12.5 99.0 99.00 
2024 01 09 11 30 226  4.8  6.3 99.00 99.00 99.00 999 1026.7  13.1 999.0  12.4 99.0 99.00 
2024 01 09 11 40 260  5.7  7.5  1.62 12.12  7.72 289 1026.7  13.1 999.0  12.0 99.0 99.00 
2024 01 09 11 50 261  4.4  5.6 99.00 99.00 99.00 999 1026.7  13.2 999.0  12.2 99.0 99.00 
2024 01 09 12 00 254  5.7  7.7 99.00 99.00 99.00 999 1026.5  13.0 999.0  12.2 99.0 99.00 
2024 01 09 12 10 243  5.5  7.4  1.70 12.12  7.42 304 1026.3  12.7 999.0  12.1 99.0 99.00 
2024 01 09 12 20 243  5.7  7.6 99.00 99.00 99.00 999 1026.2  12.9 999.0  12.4 99.0 99.00 
2024 01 09 12 30 245  5.8  7.1 99.00 99.00 99.00 999 1026.1  13.0 999.0  12.4 99.0 99.00 
2024 01 09 12 40 241  5.3  6.8  1.55 12.90  7.03 296 1025.7  13.2 999.0  12.5 99.0 99.00 
2024 01 09 12 50 232  6.0  8.0 99.00 99.00 99.00 999 1025.5  13.2 999.0  12.5 99.0 99.00 
2024 01 09 13 00 229  6.7  8.5 99.00 99.00 99.00 999 1025.1  13.2 999.0  12.5 99.0 99.00 
2024 01 09 13 10 226  6.7  8.5  1.65 12.90  6.98 288 1025.2  13.2 999.0  12.5 99.0 99.00 
2024 01 09 13 20 225  6.6  7.9 99.00 99.00 99.00 999 1025.3  13.1 999.0  12.4 99.0 99.00 
2024 01 09 13 30 228  6.7  8.7 99.00 99.00 99.00 999 1025.2  13.1 999.0  12.4 99.0 99.00 
2024 01 09 13 40 224  6.9  8.5  1.46 12.90  6.08 283 1025.1  13.2 999.0  12.5 99.0 99.00 
2024 01 09 13 50 226  6.8  8.6 99.00 99.00 99.00 999 1025.2  13.2 999.0  12.6 99.0 99.00 
2024 01 09 14 00 232  7.1  8.9 99.00 99.00 99.00 999 1025.4  13.1 999.0  12.6 99.0 99.00 
2024 01 09 14 10 231  7.0  8.5  1.62 12.12  6.32 307 1025.2  13.0 999.0  12.6 99.0 99.00 
2024 01 09 14 20 237  6.6  8.5 99.00 99.00 99.00 999 1025.2  13.2 999.0  13.0 99.0 99.00 
2024 01 09 14 30 237  6.6  8.5 99.00 99.00 99.00 999 1025.2  13.3 999.0  13.1 99.0 99.00 
2024 01 09 14 40 232  6.2  7.6  1.53 12.90  6.04 313 1025.3  13.2 999.0  13.0 99.0 99.00 
2024 01 09 14 50 229  6.2  7.7 99.00 99.00 99.00 999 1025.2  13.3 999.0  13.1 99.0 99.00 
2024 01 09 15 00 236  6.6  8.1 99.00 99.00 99.00 999 1025.2  13.3 999.0  13.1 99.0 99.00 
2024 01 09 15 10 239  6.8  8.4  1.66 12.90  6.09 282 1025.1  13.3 999.0  13.1 99.0 99.00 
2024 01 09 15 20 240  7.1  9.0 99.00 99.00 99.00 999 1024.9  13.4 999.0  13.2 99.0 99.00 
2024 01 09 15 30 248  6.9 10.0 99.00 99.00 99.00 999 1024.8  13.4 999.0  13.2 99.0 99.00 
2024 01 09 15 40 256  8.1 10.3  1.56 12.90  6.31 287 1024.9  13.5 999.0  13.3 99.0 99.00 
2024 01 09 15 50 273  7.5  9.5 99.00 99.00 99.00 999 1024.8  13.4 999.0  13.1 99.0 99.00 
2024 01 09 16 00 272  7.7 10.8 99.00 99.00 99.00 999 1024.9  13.5 999.0  13.2 99.0 99.00 
2024 01 09 16 10 265  7.6  9.8  1.59 12.90  5.93 293 1024.7  13.5 999.0  13.1 99.0 99.00 
2024 01 09 16 20 262  7.9  9.5 99.00 99.00 99.00 999 1024.6  13.6 999.0  13.2 99.0 99.00 
2024 01 09 16 30 258  7.7  9.4 99.00 99.00 99.00 999 1024.6  13.7 999.0  13.3 99.0 99.00 
2024 01 09 16 40 263  9.0 13.8  1.60 12.90  5.83 292 1024.7  13.5 999.0  13.0 99.0 99.00 
2024 01 09 16 50 307 10.7 14.1 99.00 99.00 99.00 999 1024.9  12.8 999.0  12.3 99.0 99.00 
2024 01 09 17 00 319 11.4 14.8 99.00 99.00 99.00 999 1025.2  12.3 999.0  11.8 99.0 99.00 
2024 01 09 17 10 318 10.5 13.8  1.63 12.12  5.51 278 1025.1  12.5 999.0  11.6 99.0 99.00 
2024 01 09 17 20 318 10.6 12.7 99.00 99.00 99.00 999 1025.2  12.6 999.0  11.6 99.0 99.00 
2024 01 09 17 30 317 10.6 13.3 99.00 99.00 99.00 999 1025.3  12.4 999.0  11.6 99.0 99.00 
2024 01 09 17 40 319 10.5 13.3  1.72 12.12  5.77 301 1025.4  12.6 999.0  11.3 99.0 99.00 
2024 01 09 17 50 317 10.1 12.9 99.00 99.00 99.00 999 1025.5  12.8 999.0  11.1 99.0 99.00 
2024 01 09 18 00 321  9.9 12.5 99.00 99.00 99.00 999 1025.5  13.0 999.0  10.8 99.0 99.00 
2024 01 09 18 10 322 10.4 12.3  1.68 12.90  5.36 276 1025.6  13.1 999.0  10.7 99.0 99.00 
2024 01 09 18 20 323 10.4 12.9 99.00 99.00 99.00 999 1025.5  13.2 999.0  10.4 99.0 99.00 
2024 01 09 18 30 320  9.6 12.5 99.00 99.00 99.00 999 1025.4  13.3 999.0  10.6 99.0 99.00 
2024 01 09 18 40 320 10.2 13.9  1.84 12.90  5.47 302 1025.3  13.3 999.0  10.3 99.0 99.00 
2024 01 09 18 50 321 11.1 14.0 99.00 99.00 99.00 999 1025.4  13.5 999.0   9.5 99.0 99.00 
2024 01 09 19 00 327 11.1 13.4 99.00 99.00 99.00 999 1025.3  13.5 999.0   8.9 99.0 99.00 
2024 01 09 19 10 327 10.7 12.8  1.91 11.43  5.40 301 1025.2  13.5 999.0   9.0 99.0 99.00 
2024 01 09 19 20 324 10.1 13.2 99.00 99.00 99.00 999 1025.0  13.5 999.0   9.3 99.0 99.00 
2024 01 09 19 30 324  9.4 12.1 99.00 99.00 99.00 999 1024.8  13.5 999.0   9.7 99.0 99.00 
2024 01 09 19 40 320 10.3 12.4  1.90 12.12  5.35 309 1024.6  13.4 999.0   9.3 99.0 99.00 
2024 01 09 19 50 316 11.6 15.1 99.00 99.00 99.00 999 1024.4  13.3 999.0   9.7 99.0 99.00 
2024 01 09 20 00 325 11.6 14.6 99.00 99.00 99.00 999 1024.3  12.8 999.0  10.4 99.0 99.00 
2024 01 09 20 10 325 11.0 13.7  1.86 12.90  5.19 299 1024.1  12.7 999.0  10.3 99.0 99.00 
2024 01 09 20 20 323 10.9 13.7 99.00 99.00 99.00 999 1024.1  12.7 999.0   9.7 99.0 99.00 
2024 01 09 20 30 322 10.7 12.8 99.00 99.00 99.00 999 1024.0  12.8 999.0   9.2 99.0 99.00 
2024 01 09 20 40 322 10.2 12.8  1.96 12.12  5.57 310 1023.9  12.9 999.0   9.1 99.0 99.00 
2024 01 09 20 50 318 10.6 12.7 99.00 99.00 99.00 999 1023.8  13.0 999.0   8.7 99.0 99.00 
2024 01 09 21 00 321 11.3 14.1 99.00 99.00 99.00 999 1023.8  13.1 999.0   8.7 99.0 99.00 
2024 01 09 21 10 325 11.1 13.7  2.01  6.25  5.52 304 1023.5  13.0 999.0   8.6 99.0 99.00 
2024 01 09 21 20 324 11.1 13.5 99.00 99.00 99.00 999 1023.5  12.9 999.0   8.7 99.0 99.00 
2024 01 09 21 30 325 10.8 13.6 99.00 99.00 99.00 999 1023.3  12.9 999.0   9.4 99.0 99.00 
2024 01 09 21 40 320 11.7 14.1  2.01 11.43  5.67 316 1023.3  12.8 999.0   9.4 99.0 99.00 
2024 01 09 21 50 325 11.1 13.9 99.00 99.00 99.00 999 1023.3  12.8 999.0   9.2 99.0 99.00 
2024 01 09 22 00 325 11.0 13.8 99.00 99.00 99.00 999 1023.2  12.7 999.0   9.1 99.0 99.00 
2024 01 09 22 10 322 11.1 13.9  2.10  6.25  5.46 305 1023.2  12.7 999.0   9.1 99.0 99.00 
2024 01 09 22 20 321 11.6 14.2 99.00 99.00 99.00 999 1023.1  12.5 999.0   9.4 99.0 99.00 
2024 01 09 22 30 323 11.2 13.7 99.00 99.00 99.00 999 1023.0  12.4 999.0   9.1 99.0 99.00 
2024 01 09 22 40 326 11.1 14.5  2.17  6.25  5.67 312 1023.0  12.5 999.0   9.0 99.0 99.00 
2024 01 09 22 50 326 10.8 13.6 99.00 99.00 99.00 999 1023.0  12.6 999.0   8.6 99.0 99.00 
2024 01 09 23 00 324 10.6 13.6 99.00 99.00 99.00 999 1023.0  12.6 999.0   8.3 99.0 99.00 
2024 01 09 23 10 323 10.8 13.3  2.27  6.25  5.74 305 1022.9  12.6 999.0   8.1 99.0 99.00 
2024 01 09 23 20 325 10.9 13.8 99.00 99.00 99.00 999 1023.0  12.6 999.0   8.6 99.0 99.00 
2024 01 09 23 30 327 11.7 14.4 99.00 99.00 99.00 999 1023.2  12.6 999.0   8.7 99.0 99.00 
2024 01 09 23 40 323 11.3 14.1  2.33  8.33  5.74 304 1023.2  12.5 999.0   8.9 99.0 99.00 
2024 01 09 23 50 324 11.1 13.3 99.00 99.00 99.00 999 1023.3  12.6 999.0   8.5 99.0 99.00 
2024 01 10 00 00 324 11.6 14.7 99.00 99.00 99.00 999 1023.2  12.6 999.0   8.4 99.0 99.00 
2024 01 10 00 10 326 11.8 14.3  2.35  6.67  5.60 312 1023.1  12.4 999.0   8.4 99.0 99.00 
2024 01 10 00 20 325 11.4 14.1 99.00 99.00 99.00 999 1023.2  12.4 999.0   8.9 99.0 99.00 
2024 01 10 00 30 324 11.5 14.4 99.00 99.00 99.00 999 1023.3  12.3 999.0   8.8 99.0 99.00 
2024 01 10 00 40 323 11.2 13.6  2.52  7.14  5.94 305 1023.0  12.3 999.0   8.9 99.0 99.00 
2024 01 10 00 50 324 11.5 14.2 99.00 99.00 99.00 999 1022.9  12.3 999.0   8.8 99.0 99.00 
2024 01 10 01 00 327 11.6 14.8 99.00 99.00 99.00 999 1022.9  12.3 999.0   8.8 99.0 99.00 
2024 01 10 01 10 329 11.6 15.3  2.37  7.14  5.88 309 1022.9  12.1 999.0   9.0 99.0 99.00 
2024 01 10 01 20 326 11.7 14.9 99.00 99.00 99.00 999 1023.0  12.1 999.0   8.7 99.0 99.00 
2024 01 10 01 30 326 11.2 14.2 99.00 99.00 99.00 999 1022.9  12.2 999.0   8.4 99.0 99.00 
2024 01 10 01 40 328 11.4 14.3  2.53  7.69  6.01 308 1022.9  12.3 999.0   8.6 99.0 99.00 
2024 01 10 01 50 324 11.7 14.5 99.00 99.00 99.00 999 1022.9  12.3 999.0   8.4 99.0 99.00 
2024 01 10 02 00 325 12.1 15.5 99.00 99.00 99.00 999 1023.2  12.3 999.0   8.4 99.0 99.00 
2024 01 10 02 10 328 12.3 15.7  2.74  7.69  6.16 308 1023.2  12.2 999.0   8.8 99.0 99.00 
2024 01 10 02 20 328 12.0 14.8 99.00 99.00 99.00 999 1023.3  12.1 999.0   8.4 99.0 99.00 
2024 01 10 02 30 328 12.0 14.7 99.00 99.00 99.00 999 1023.0  12.1 999.0   8.2 99.0 99.00 
2024 01 10 02 40 329 10.8 13.7  2.71 11.43  6.50 311 1023.0  12.2 999.0   8.0 99.0 99.00 
2024 01 10 02 50 326 11.1 13.7 99.00 99.00 99.00 999 1023.1  12.1 999.0   7.4 99.0 99.00 
2024 01 10 03 00 329 10.9 13.4 99.00 99.00 99.00 999 1023.2  12.2 999.0   7.2 99.0 99.00 
2024 01 10 03 10 331 11.0 13.8  3.08 12.12  6.63 317 1023.1  12.1 999.0   7.4 99.0 99.00 
2024 01 10 03 20 332 10.6 13.7 99.00 99.00 99.00 999 1023.1  12.1 999.0   7.9 99.0 99.00 
2024 01 10 03 30 330 10.7 13.6 99.00 99.00 99.00 999 1023.1  12.0 999.0   7.7 99.0 99.00 
2024 01 10 03 40 331 10.8 13.7  3.22 11.43  6.99 319 1023.3  12.0 999.0   7.6 99.0 99.00 
2024 01 10 03 50 332 10.6 13.2 99.00 99.00 99.00 999 1023.1  12.0 999.0   8.1 99.0 99.00 
2024 01 10 04 00 333 10.5 12.6 99.00 99.00 99.00 999 1023.1  11.9 999.0   7.9 99.0 99.00 
2024 01 10 04 10 332 10.1 13.1  3.47 11.43  7.29 315 1023.0  11.9 999.0   7.8 99.0 99.00 
2024 01 10 04 20 333  9.4 11.5 99.00 99.00 99.00 999 1023.1  11.9 999.0   7.6 99.0 99.00 
2024 01 10 04 30 335  9.6 12.1 99.00 99.00 99.00 999 1023.1  11.8 999.0   7.7 99.0 99.00 
2024 01 10 04 40 335  9.5 12.1  3.59 12.90  7.82 316 1023.1  11.8 999.0   7.8 99.0 99.00 
2024 01 10 04 50 332  9.6 12.6 99.00 99.00 99.00 999 1023.1  11.8 999.0   8.1 99.0 99.00 
2024 01 10 05 00 336  9.9 12.0 99.00 99.00 99.00 999 1023.2  11.8 999.0   7.9 99.0 99.00 
2024 01 10 05 10 334  9.4 12.9  3.43 12.90  7.55 321 1023.2  11.9 999.0   8.0 99.0 99.00 
2024 01 10 05 20 332  9.6 12.8 99.00 99.00 99.00 999 1023.3  11.9 999.0   7.6 99.0 99.00 
2024 01 10 05 30 328 10.7 13.2 99.00 99.00 99.00 999 1023.4  12.0 999.0   6.9 99.0 99.00 
2024 01 10 05 40 327 10.3 12.7  3.85 12.90  8.41 318 1023.4  12.0 999.0   7.2 99.0 99.00 
2024 01 10 05 50 328 10.1 12.7 99.00 99.00 99.00 999 1023.4  11.9 999.0   6.7 99.0 99.00 
2024 01 10 06 00 327 10.1 13.0 99.00 99.00 99.00 999 1023.4  12.0 999.0   7.2 99.0 99.00 
2024 01 10 06 10 329 10.4 13.4  4.29 12.90  8.70 313 1023.3  12.0 999.0   6.7 99.0 99.00 
2024 01 10 06 20 328 10.0 12.9 99.00 99.00 99.00 999 1023.2  11.9 999.0   6.7 99.0 99.00 
2024 01 10 06 30 331  9.6 12.3 99.00 99.00 99.00 999 1023.3  11.8 999.0   7.0 99.0 99.00 
2024 01 10 06 40 336  9.1 11.5  3.85 14.81  8.19 312 1023.4  11.7 999.0   7.1 99.0 99.00 
2024 01 10 06 50 333  9.2 11.8 99.00 99.00 99.00 999 1023.5  11.7 999.0   7.2 99.0 99.00 
2024 01 10 07 00 334  8.4 10.9 99.00 99.00 99.00 999 1023.5  11.8 999.0   7.5 99.0 99.00 
2024 01 10 07 10 334  8.1 10.3  4.06 12.90  8.96 318 1023.4  11.8 999.0   7.6 99.0 99.00 
2024 01 10 07 20 336  8.1 10.5 99.00 99.00 99.00 999 1023.4  11.7 999.0   7.5 99.0 99.00 
2024 01 10 07 30 336  7.7 10.0 99.00 99.00 99.00 999 1023.3  11.7 999.0   7.7 99.0 99.00 
2024 01 10 07 40 342  7.0  9.2  3.92 13.79  8.88 313 1023.3  11.7 999.0   7.9 99.0 99.00 
2024 01 10 07 50 336  6.9  9.5 99.00 99.00 99.00 999 1023.3  11.7 999.0   7.9 99.0 99.00 
2024 01 10 08 00 337  7.2  9.5 99.00 99.00 99.00 999 1023.2  11.8 999.0   8.1 99.0 99.00 
2024 01 10 08 10 331  7.0  9.9  3.70 12.90  8.66 314 1023.0  11.7 999.0   7.7 99.0 99.00 
2024 01 10 08 20 343  6.5  9.1 99.00 99.00 99.00 999 1023.0  11.6 999.0   8.0 99.0 99.00 
2024 01 10 08 30 344  6.9  9.1 99.00 99.00 99.00 999 1022.9  11.4 999.0   8.0 99.0 99.00 
2024 01 10 08 40 342  5.9  7.7  3.40 14.81  8.54 310 1022.8  11.3 999.0   8.1 99.0 99.00 
2024 01 10 08 50 340  5.7  8.1 99.00 99.00 99.00 999 1022.5  11.3 999.0   8.2 99.0 99.00 
2024 01 10 09 00 333  5.5  7.9 99.00 99.00 99.00 999 1022.4  11.4 999.0   8.4 99.0 99.00 
2024 01 10 09 10 333  4.7  6.4  4.00 13.79  9.43 310 1022.2  11.3 999.0   8.2 99.0 99.00 
2024 01 10 09 20 335  4.1  6.8 99.00 99.00 99.00 999 1022.1  11.3 999.0   8.0 99.0 99.00 
2024 01 10 09 30 330  4.4  6.3 99.00 99.00 99.00 999 1022.1  11.4 999.0   7.9 99.0 99.00 
2024 01 10 09 40 326  4.5  6.9  3.79 13.79  9.34 309 1022.1  11.4 999.0   7.8 99.0 99.00 
2024 01 10 09 50 323  4.6  6.4 99.00 99.00 99.00 999 1022.1  11.5 999.0   7.8 99.0 99.00 
2024 01 10 10 00 320  3.8  5.8 99.00 99.00 99.00 999 1022.1  11.5 999.0   7.8 99.0 99.00 
2024 01 10 10 10 315  4.5  7.0  4.06 14.81  9.90 314 1022.3  11.6 999.0   7.9 99.0 99.00 
2024 01 10 10 20 310  6.2  9.6 99.00 99.00 99.00 999 1022.1  11.5 999.0   8.2 99.0 99.00 
2024 01 10 10 30 334  5.8  8.1 99.00 99.00 99.00 999 1022.1  11.4 999.0   8.3 99.0 99.00 
2024 01 10 10 40 340  5.2  7.1  4.03 12.90  9.57 313 1022.0  11.4 999.0   8.6 99.0 99.00 
2024 01 10 10 50 337  4.8  6.6 99.00 99.00 99.00 999 1021.8  11.5 999.0   8.7 99.0 99.00 
2024 01 10 11 00 331  4.1  7.0 99.00 99.00 99.00 999 1021.5  11.6 999.0   8.9 99.0 99.00 
2024 01 10 11 10 298  7.1  9.6  4.19 13.79 10.07 310 1021.3  12.2 999.0   8.7 99.0 99.00 
2024 01 10 11 20 291  7.5  9.8 99.00 99.00 99.00 999 1021.1  12.3 999.0   8.8 99.0 99.00 
2024 01 10 11 30 288  7.2 10.0 99.00 99.00 99.00 999 1020.9  12.3 999.0   8.7 99.0 99.00 
2024 01 10 11 40 291  7.2  9.1  3.81 13.79  9.14 314 1020.9  12.3 999.0   8.8 99.0 99.00 
2024 01 10 11 50 292  7.1  9.2 99.00 99.00 99.00 999 1020.6  12.3 999.0   8.7 99.0 99.00 
2024 01 10 12 00 286  7.3 10.2 99.00 99.00 99.00 999 1020.6  12.5 999.0   9.3 99.0 99.00 
2024 01 10 12 10 272  7.3  9.7  3.69 13.79  9.05 311 1020.4  12.2 999.0   9.9 99.0 99.00 
2024 01 10 12 20 283  7.8 10.1 99.00 99.00 99.00 999 1020.2  12.5 999.0   9.4 99.0 99.00 
2024 01 10 12 30 292  8.6 13.1 99.00 99.00 99.00 999 1020.3  12.1 999.0   9.4 99.0 99.00 
2024 01 10 12 40 313  7.0 10.6  3.70 12.90  8.84 311 1020.1  11.4 999.0   9.8 99.0 99.00 
2024 01 10 12 50 288  8.4 12.9 99.00 99.00 99.00 999 1020.0  11.6 999.0   9.9 99.0 99.00 
2024 01 10 13 00 296  7.3 10.3 99.00 99.00 99.00 999 1019.9  11.5 999.0  10.0 99.0 99.00 
2024 01 10 13 10 290  9.1 13.4  4.23 13.79  9.30 305 1019.6  12.0 999.0  10.1 99.0 99.00 
2024 01 10 13 20 277 10.0 12.8 99.00 99.00 99.00 999 1019.5  12.1 999.0  10.3 99.0 99.00 
2024 01 10 13 30 280  9.4 12.4 99.00 99.00 99.00 999 1019.4  12.1 999.0  10.1 99.0 99.00 
2024 01 10 13 40 286  9.1 12.3  4.02 12.90  8.84 306 1019.3  12.4 999.0  10.1 99.0 99.00 
2024 01 10 13 50 292 10.2 14.5 99.00 99.00 99.00 999 1019.5  12.2 999.0  10.0 99.0 99.00 
2024 01 10 14 00 295 10.6 14.6 99.00 99.00 99.00 999 1019.2  11.1 999.0   9.9 99.0 99.00 
2024 01 10 14 10 303 10.0 14.2  3.74 13.79  8.42 308 1019.3  11.4 999.0  10.0 99.0 99.00 
2024 01 10 14 20 307  9.1 13.8 99.00 99.00 99.00 999 1019.2  11.1 999.0   9.9 99.0 99.00 
2024 01 10 14 30 292  8.9 12.9 99.00 99.00 99.00 999 1019.0  11.6 999.0  10.4 99.0 99.00 
2024 01 10 14 40 285  8.5 11.6  3.85 13.79  8.26 314 1018.8  12.1 999.0  10.1 99.0 99.00 
2024 01 10 14 50 284 10.5 13.3 99.00 99.00 99.00 999 1018.7  12.4 999.0  10.3 99.0 99.00 
2024 01 10 15 00 285 10.1 12.4 99.00 99.00 99.00 999 1018.5  12.5 999.0  10.7 99.0 99.00 
2024 01 10 15 10 283 11.0 15.5  3.68 13.79  8.09 299 1018.4  12.4 999.0  10.3 99.0 99.00 
2024 01 10 15 20 288 10.5 14.3 99.00 99.00 99.00 999 1018.5  12.6 999.0  10.2 99.0 99.00 
2024 01 10 15 30 291  9.7 11.9 99.00 99.00 99.00 999 1018.4  12.7 999.0  10.5 99.0 99.00 
2024 01 10 15 40 283 10.4 12.9  3.93 13.79  8.53 307 1018.4  12.7 999.0  10.6 99.0 99.00 
2024 01 10 15 50 277 10.3 12.6 99.00 99.00 99.00 999 1018.4  12.4 999.0  10.8 99.0 99.00 
2024 01 10 16 00 278  9.5 12.4 99.00 99.00 99.00 999 1018.2  12.5 999.0  10.8 99.0 99.00 
2024 01 10 16 10 287 10.7 13.8  4.19 14.81  8.65 303 1018.2  12.9 999.0  10.6 99.0 99.00 
2024 01 10 16 20 288 10.9 14.2 99.00 99.00 99.00 999 1018.2  13.1 999.0  10.6 99.0 99.00 
2024 01 10 16 30 285 10.7 13.3 99.00 99.00 99.00 999 1018.0  13.2 999.0  10.7 99.0 99.00 
2024 01 10 16 40 285 11.0 13.8  3.83 13.79  7.98 304 1018.0  13.3 999.0  10.7 99.0 99.00 
2024 01 10 16 50 282 10.9 13.8 99.00 99.00 99.00 999 1018.0  13.3 999.0  10.7 99.0 99.00 
2024 01 10 17 00 282 10.5 13.3 99.00 99.00 99.00 999 1018.0  13.2 999.0  10.8 99.0 99.00 
2024 01 10 17 10 287  9.3 12.2  4.10 13.79  8.38 307 1017.9  13.2 999.0  11.2 99.0 99.00 
2024 01 10 17 20 291 10.1 12.9 99.00 99.00 99.00 999 1017.9  13.1 999.0  11.1 99.0 99.00 
2024 01 10 17 30 288 11.5 18.2 99.00 99.00 99.00 999 1017.8  13.1 999.0  10.8 99.0 99.00 
2024 01 10 17 40 298 12.5 16.8  3.95 13.79  7.96 314 1017.9  11.9 999.0  10.7 99.0 99.00 
2024 01 10 17 50 284 12.1 15.3 99.00 99.00 99.00 999 1017.6  12.4 999.0  10.7 99.0 99.00 
2024 01 10 18 00 278 11.1 14.2 99.00 99.00 99.00 999 1017.8  12.8 999.0  10.7 99.0 99.00 
2024 01 10 18 10 282 11.0 14.2  3.99 13.79  8.08 308 1017.7  12.9 999.0  10.8 99.0 99.00 
2024 01 10 18 20 284 11.5 14.6 99.00 99.00 99.00 999 1017.6  13.1 999.0  10.8 99.0 99.00 
2024 01 10 18 30 274 11.7 15.2 99.00 99.00 99.00 999 1017.5  13.0 999.0  11.0 99.0 99.00 
2024 01 10 18 40 275 11.7 14.6  4.54 12.90  8.68 310 1017.5  12.8 999.0  11.1 99.0 99.00 
2024 01 10 18 50 285 11.3 14.8 99.00 99.00 99.00 999 1017.4  12.2 999.0  11.0 99.0 99.00 
2024 01 10 19 00 284 11.2 14.5 99.00 99.00 99.00 999 1017.4  12.6 999.0  11.1 99.0 99.00 
2024 01 10 19 10 291 11.9 14.6  3.88 12.90  8.00 309 1017.2  12.9 999.0  10.9 99.0 99.00 
2024 01 10 19 20 291 12.1 15.7 99.00 99.00 99.00 999 1017.0  12.5 999.0  11.0 99.0 99.00 
2024 01 10 19 30 292 11.7 14.5 99.00 99.00 99.00 999 1016.7  12.7 999.0  11.2 99.0 99.00 
2024 01 10 19 40 290 11.8 14.7  4.21 13.79  8.22 303 1016.5  12.9 999.0  11.2 99.0 99.00 
2024 01 10 19 50 297 12.5 16.7 99.00 99.00 99.00 999 1016.4  12.4 999.0  11.0 99.0 99.00 
2024 01 10 20 00 290 11.4 14.4 99.00 99.00 99.00 999 1016.1  12.4 999.0  10.7 99.0 99.00 
2024 01 10 20 10 285 11.2 14.5  4.80 12.90  8.67 300 1015.7  12.8 999.0  11.0 99.0 99.00 
2024 01 10 20 20 287 11.9 15.2 99.00 99.00 99.00 999 1015.7  13.0 999.0  10.5 99.0 99.00 
2024 01 10 20 30 285 11.6 14.9 99.00 99.00 99.00 999 1015.4  13.1 999.0  11.1 99.0 99.00 
2024 01 10 20 40 282 10.9 14.7  4.28 13.79  7.94 304 1015.2  13.1 999.0  11.2 99.0 99.00 
2024 01 10 20 50 284 11.2 14.1 99.00 99.00 99.00 999 1015.0  13.1 999.0  11.0 99.0 99.00 
2024 01 10 21 00 288 11.3 14.9 99.00 99.00 99.00 999 1014.9  13.2 999.0  11.2 99.0 99.00 
2024 01 10 21 10 286 12.8 17.0  4.24 12.90  8.02 304 1014.9  12.9 999.0  10.6 99.0 99.00 
2024 01 10 21 20 288 11.7 15.1 99.00 99.00 99.00 999 1014.7  13.0 999.0  10.7 99.0 99.00 
2024 01 10 21 30 291 11.8 14.8 99.00 99.00 99.00 999 1014.7  13.3 999.0  11.1 99.0 99.00 
2024 01 10 21 40 291 12.4 16.2  4.03 14.81  7.89 291 1014.5  13.3 999.0  11.1 99.0 99.00 
2024 01 10 21 50 291 12.7 17.5 99.00 99.00 99.00 999 1014.5  13.4 999.0  11.1 99.0 99.00 
2024 01 10 22 00 297 13.1 17.8 99.00 99.00 99.00 999 1014.4  13.0 999.0  10.6 99.0 99.00 
2024 01 10 22 10 289 11.9 15.6  4.16 14.81  8.11 308 1014.2  12.8 999.0  10.3 99.0 99.00 
2024 01 10 22 20 291 11.7 15.2 99.00 99.00 99.00 999 1014.1  13.2 999.0  11.1 99.0 99.00 
2024 01 10 22 30 293 11.6 14.7 99.00 99.00 99.00 999 1014.0  13.3 999.0  11.3 99.0 99.00 
2024 01 10 22 40 288 11.3 15.0  4.22 14.81  8.17 301 1013.8  13.3 999.0  11.4 99.0 99.00 
2024 01 10 22 50 288 12.0 14.8 99.00 99.00 99.00 999 1013.7  13.4 999.0  11.3 99.0 99.00 
2024 01 10 23 00 294 12.7 16.3 99.00 99.00 99.00 999 1013.7  13.5 999.0  11.1 99.0 99.00 
2024 01 10 23 10 292 12.7 16.7  4.08 14.81  7.71 301 1013.7  13.3 999.0  11.2 99.0 99.00 
2024 01 10 23 20 291 12.2 17.8 99.00 99.00 99.00 999 1013.7  12.9 999.0  11.2 99.0 99.00 
2024 01 10 23 30 294 12.5 15.9 99.00 99.00 99.00 999 1013.5  13.3 999.0  11.2 99.0 99.00 
2024 01 10 23 40 291 12.5 15.9  4.06 13.79  7.89 303 1013.4  13.4 999.0  11.2 99.0 99.00 
2024 01 10 23 50 293 12.8 15.9 99.00 99.00 99.00 999 1013.4  13.5 999.0  10.9 99.0 99.00 
2024 01 11 00 00 295 12.5 16.0 99.00 99.00 99.00 999 1013.4  13.3 999.0  11.1 99.0 99.00 
2024 01 11 00 10 292 12.2 15.6  4.14 12.90  7.79 311 1013.4  13.1 999.0  11.3 99.0 99.00 
2024 01 11 00 20 289 13.0 17.6 99.00 99.00 99.00 999 1013.4  13.2 999.0  10.9 99.0 99.00 
2024 01 11 00 30 295 12.8 16.5 99.00 99.00 99.00 999 1013.2  13.1 999.0  11.0 99.0 99.00 
2024 01 11 00 40 292 12.0 15.0  4.31 13.79  7.88 306 1013.1  13.1 999.0  11.1 99.0 99.00 
2024 01 11 00 50 292 12.4 17.9 99.00 99.00 99.00 999 1013.2  12.7 999.0  11.1 99.0 99.00 
2024 01 11 01 00 290 12.8 16.0 99.00 99.00 99.00 999 1013.1  12.4 999.0  10.7 99.0 99.00 
2024 01 11 01 10 296 12.9 16.0  4.45 13.79  8.15 302 1013.0  12.8 999.0  11.1 99.0 99.00 
2024 01 11 01 20 302 13.2 16.9 99.00 99.00 99.00 999 1013.0  12.7 999.0  11.1 99.0 99.00 
2024 01 11 01 30 306 13.2 18.4 99.00 99.00 99.00 999 1013.1  12.0 999.0  10.9 99.0 99.00 
2024 01 11 01 40 307 13.5 16.8  4.28 12.90  7.86 312 1013.0  12.2 999.0  10.8 99.0 99.00 
2024 01 11 01 50 308 13.8 18.3 99.00 99.00 99.00 999 1012.9  12.1 999.0  10.4 99.0 99.00 
2024 01 11 02 00 303 12.8 16.2 99.00 99.00 99.00 999 1012.7  12.3 999.0  10.3 99.0 99.00 
2024 01 11 02 10 302 12.5 16.4  4.28 14.81  7.99 308 1012.5  12.5 999.0  10.7 99.0 99.00 
2024 01 11 02 20 303 13.5 18.0 99.00 99.00 99.00 999 1012.4  12.8 999.0  10.3 99.0 99.00 
2024 01 11 02 30 302 14.1 18.9 99.00 99.00 99.00 999 1012.4  12.9 999.0   9.9 99.0 99.00 
2024 01 11 02 40 306 15.1 19.9  4.47 13.79  8.04 312 1012.6  12.7 999.0   9.8 99.0 99.00 
2024 01 11 02 50 303 13.8 17.9 99.00 99.00 99.00 999 1012.8  12.3 999.0   9.5 99.0 99.00 
2024 01 11 03 00 314 14.9 19.9 99.00 99.00 99.00 999 1013.1  12.2 999.0   9.9 99.0 99.00 
2024 01 11 03 10 316 14.5 18.5  4.43 11.43  7.84 312 1013.2  11.7 999.0   9.3 99.0 99.00 
2024 01 11 03 20 316 14.2 18.4 99.00 99.00 99.00 999 1013.3  11.7 999.0   9.0 99.0 99.00 
2024 01 11 03 30 320 14.9 19.5 99.00 99.00 99.00 999 1013.3  11.5 999.0   8.8 99.0 99.00 
2024 01 11 03 40 323 13.9 18.3  4.53 13.79  7.90 316 1013.4  11.3 999.0   9.1 99.0 99.00 
2024 01 11 03 50 321 14.4 20.0 99.00 99.00 99.00 999 1013.5  11.4 999.0   8.3 99.0 99.00 
2024 01 11 04 00 321 14.3 17.7 99.00 99.00 99.00 999 1013.5  11.4 999.0   7.8 99.0 99.00 
2024 01 11 04 10 323 14.9 18.9  4.81 13.79  7.96 309 1013.6  11.5 999.0   7.6 99.0 99.00 
2024 01 11 04 20 323 14.8 19.0 99.00 99.00 99.00 999 1013.8  11.5 999.0   7.9 99.0 99.00 
2024 01 11 04 30 325 14.0 18.1 99.00 99.00 99.00 999 1013.9  11.4 999.0   8.1 99.0 99.00 
2024 01 11 04 40 325 13.8 18.8  4.73 13.79  7.96 312 1014.0  11.3 999.0   7.7 99.0 99.00 
2024 01 11 04 50 321 14.8 20.3 99.00 99.00 99.00 999 1014.3  11.1 999.0   7.5 99.0 99.00 
2024 01 11 05 00 331 14.9 19.5 99.00 99.00 99.00 999 1014.5  11.2 999.0   7.8 99.0 99.00 
2024 01 11 05 10 330 14.4 19.1  4.63 12.12  7.88 313 1014.6  11.2 999.0   7.3 99.0 99.00 
2024 01 11 05 20 330 14.4 18.6 99.00 99.00 99.00 999 1014.7  11.3 999.0   6.9 99.0 99.00 
2024 01 11 05 30 327 13.5 17.3 99.00 99.00 99.00 999 1014.8  11.2 999.0   6.6 99.0 99.00 
2024 01 11 05 40 328 13.2 16.5  4.44 13.79  7.83 309 1015.2  11.2 999.0   6.9 99.0 99.00 
2024 01 11 05 50 330 13.1 16.0 99.00 99.00 99.00 999 1015.3  11.1 999.0   6.8 99.0 99.00 
2024 01 11 06 00 331 13.6 16.8 99.00 99.00 99.00 999 1015.5  11.0 999.0   5.9 99.0 99.00 
2024 01 11 06 10 330 13.1 16.7  4.33 12.90  7.70 318 1015.6  10.9 999.0   6.0 99.0 99.00 
2024 01 11 06 20 333 13.5 16.7 99.00 99.00 99.00 999 1015.7  10.9 999.0   5.8 99.0 99.00 
2024 01 11 06 30 334 12.8 15.3 99.00 99.00 99.00 999 1016.0  10.8 999.0   5.9 99.0 99.00 
2024 01 11 06 40 333 12.1 15.2  4.29 13.79  8.00 310 1016.1  10.9 999.0   6.0 99.0 99.00 
2024 01 11 06 50 341 12.7 16.2 99.00 99.00 99.00 999 1016.2  10.8 999.0   5.4 99.0 99.00 
2024 01 11 07 00 340 12.7 15.9 99.00 99.00 99.00 999 1016.3  10.8 999.0   5.4 99.0 99.00 
2024 01 11 07 10 336 12.4 15.9  3.84 13.79  7.51 315 1016.4  10.8 999.0   4.9 99.0 99.00 
2024 01 11 07 20 339 11.8 14.4 99.00 99.00 99.00 999 1016.7  10.8 999.0   5.3 99.0 99.00 
2024 01 11 07 30 340 11.6 13.8 99.00 99.00 99.00 999 1016.7  10.8 999.0   5.2 99.0 99.00 
2024 01 11 07 40 338 11.8 15.3  3.72 12.90  7.56 317 1016.8  10.7 999.0   5.3 99.0 99.00 
2024 01 11 07 50 337 12.2 15.7 99.00 99.00 99.00 999 1016.8  10.6 999.0   5.2 99.0 99.00 
2024 01 11 08 00 335 11.7 15.8 99.00 99.00 99.00 999 1017.0  10.6 999.0   5.5 99.0 99.00 
2024 01 11 08 10 337 11.8 15.5  3.64 13.79  7.65 307 1017.0  10.7 999.0   5.2 99.0 99.00 
2024 01 11 08 20 333 11.4 14.2 99.00 99.00 99.00 999 1017.2  10.6 999.0   5.1 99.0 99.00 
2024 01 11 08 30 336 11.2 14.3 99.00 99.00 99.00 999 1017.3  10.6 999.0   5.4 99.0 99.00 
2024 01 11 08 40 336 10.8 14.3  3.63 13.79  7.60 315 1017.3  10.5 999.0   5.4 99.0 99.00 
2024 01 11 08 50 334 10.4 13.4 99.00 99.00 99.00 999 1017.4  10.4 999.0   5.1 99.0 99.00 
2024 01 11 09 00 336  9.9 12.3 99.00 99.00 99.00 999 1017.5  10.5 999.0   5.2 99.0 99.00 
2024 01 11 09 10 336 10.4 13.4  3.62 13.79  7.82 308 1017.6  10.5 999.0   4.6 99.0 99.00 
2024 01 11 09 20 332 10.8 15.1 99.00 99.00 99.00 999 1017.7  10.5 999.0   4.5 99.0 99.00 
2024 01 11 09 30 326 11.1 14.3 99.00 99.00 99.00 999 1017.9  10.6 999.0   5.0 99.0 99.00 
2024 01 11 09 40 332 11.0 13.7  3.69 13.79  7.95 312 1018.0  10.4 999.0   4.7 99.0 99.00 
2024 01 11 09 50 327 11.3 14.1 99.00 99.00 99.00 999 1018.2  10.4 999.0   5.1 99.0 99.00 
2024 01 11 10 00 322 11.1 14.3 99.00 99.00 99.00 999 1018.4  10.3 999.0   5.2 99.0 99.00 
2024 01 11 10 10 324 11.4 13.6  3.51 12.90  7.82 312 1018.5  10.3 999.0   5.2 99.0 99.00 
2024 01 11 10 20 326 11.1 13.4 99.00 99.00 99.00 999 1018.5  10.2 999.0   5.4 99.0 99.00 
2024 01 11 10 30 324 11.6 15.0 99.00 99.00 99.00 999 1018.7  10.2 999.0   5.5 99.0 99.00 
2024 01 11 10 40 333 12.2 15.9  3.39 10.81  7.52 315 1019.0  10.2 999.0   5.3 99.0 99.00 
2024 01 11 10 50 333 11.4 14.2 99.00 99.00 99.00 999 1019.1  10.2 999.0   5.8 99.0 99.00 
2024 01 11 11 00 328 11.6 15.2 99.00 99.00 99.00 999 1019.1  10.1 999.0   5.7 99.0 99.00 
2024 01 11 11 10 331 11.2 13.9  3.56 13.79  7.57 315 1019.2  10.1 999.0   6.0 99.0 99.00 
2024 01 11 11 20 337 10.7 14.2 99.00 99.00 99.00 999 1019.2  10.2 999.0   6.1 99.0 99.00 
2024 01 11 11 30 338 11.3 14.0 99.00 99.00 99.00 999 1019.1  10.0 999.0   5.6 99.0 99.00 
2024 01 11 11 40 331 10.7 13.7  3.35 12.90  7.74 310 1019.1  10.0 999.0   6.0 99.0 99.00 
2024 01 11 11 50 330 11.2 14.3 99.00 99.00 99.00 999 1019.0  10.0 999.0   5.9 99.0 99.00 
2024 01 11 12 00 330 11.3 13.8 99.00 99.00 99.00 999 1019.1   9.9 999.0   5.8 99.0 99.00 
2024 01 11 12 10 334 11.4 14.3  3.62 12.90  8.06 317 1019.0  10.0 999.0   6.0 99.0 99.00 
2024 01 11 12 20 327 11.5 14.3 99.00 99.00 99.00 999 1019.0  10.0 999.0   6.3 99.0 99.00 
2024 01 11 12 30 331 11.4 13.6 99.00 99.00 99.00 999 1019.2  10.0 999.0   6.2 99.0 99.00 
2024 01 11 12 40 333 10.9 13.5  3.69 13.79  7.75 311 1019.3  10.0 999.0   5.7 99.0 99.00 
2024 01 11 12 50 335 11.0 13.8 99.00 99.00 99.00 999 1019.3  10.0 999.0   5.9 99.0 99.00 
2024 01 11 13 00 333 10.7 13.8 99.00 99.00 99.00 999 1019.4   9.9 999.0   5.9 99.0 99.00 
2024 01 11 13 10 336 10.2 13.5  3.80 13.79  7.86 313 1019.5   9.9 999.0   5.9 99.0 99.00 
2024 01 11 13 20 339 10.5 12.9 99.00 99.00 99.00 999 1019.6   9.8 999.0   5.6 99.0 99.00 
2024 01 11 13 30 341 10.2 12.7 99.00 99.00 99.00 999 1019.8   9.8 999.0   5.8 99.0 99.00 
2024 01 11 13 40 342 10.0 12.7  3.39 13.79  7.74 306 1020.0   9.8 999.0   5.6 99.0 99.00 
2024 01 11 13 50 343  9.2 11.6 99.00 99.00 99.00 999 1020.0   9.7 999.0   5.4 99.0 99.00 
2024 01 11 14 00 341  9.2 11.5 99.00 99.00 99.00 999 1020.0   9.7 999.0   5.0 99.0 99.00 
2024 01 11 14 10 341  8.5 10.7  3.72 12.90  8.26 307 1020.2   9.6 999.0   4.7 99.0 99.00 
2024 01 11 14 20 346  7.7 11.3 99.00 99.00 99.00 999 1020.5   9.4 999.0   4.3 99.0 99.00 
2024 01 11 14 30 348  7.2  9.2 99.00 99.00 99.00 999 1020.6   9.5 999.0   4.3 99.0 99.00 
2024 01 11 14 40 348  7.3  9.6  3.35 12.90  7.85 309 1020.6   9.3 999.0   4.2 99.0 99.00 
2024 01 11 14 50 348  7.4 10.1 99.00 99.00 99.00 999 1020.6   9.3 999.0   4.4 99.0 99.00 
2024 01 11 15 00 350  7.4  9.8 99.00 99.00 99.00 999 1020.8   9.2 999.0   4.3 99.0 99.00 
2024 01 11 15 10 350  7.4 10.0  3.71 12.90  8.59 314 1021.0   9.2 999.0   4.3 99.0 99.00 
2024 01 11 15 20 350  7.4  9.6 99.00 99.00 99.00 999 1020.9   9.1 999.0   4.0 99.0 99.00 
2024 01 11 15 30 346  7.1 10.1 99.00 99.00 99.00 999 1020.9   9.2 999.0   4.4 99.0 99.00 
2024 01 11 15 40 344  6.9  9.1  3.57 12.12  8.28 314 1020.9   9.3 999.0   4.6 99.0 99.00 
2024 01 11 15 50 346  7.3  9.0 99.00 99.00 99.00 999 1020.9   9.4 999.0   4.6 99.0 99.00 
2024 01 11 16 00 337  7.2  9.7 99.00 99.00 99.00 999 1021.0   9.4 999.0   4.7 99.0 99.00 
2024 01 11 16 10 337  6.8 10.1  3.70 13.79  8.91 314 1021.3   9.4 999.0   4.6 99.0 99.00 
2024 01 11 16 20 332  7.6 10.5 99.00 99.00 99.00 999 1021.3   9.6 999.0   5.1 99.0 99.00 
2024 01 11 16 30 333  9.1 12.0 99.00 99.00 99.00 999 1021.4   9.8 999.0   5.5 99.0 99.00 
2024 01 11 16 40 331  9.7 12.2  3.24 12.90  8.00 308 1021.6   9.8 999.0   5.4 99.0 99.00 
2024 01 11 16 50 328  9.4 11.7 99.00 99.00 99.00 999 1021.9   9.8 999.0   5.6 99.0 99.00 
2024 01 11 17 00 329  9.2 11.5 99.00 99.00 99.00 999 1022.1   9.8 999.0   5.5 99.0 99.00 
2024 01 11 17 10 332  9.0 11.6  3.49 12.90  8.06 307 1022.1   9.8 999.0   5.2 99.0 99.00 
2024 01 11 17 20 326  9.0 11.4 99.00 99.00 99.00 999 1022.1   9.8 999.0   4.6 99.0 99.00 
2024 01 11 17 30 329  8.2 10.3 99.00 99.00 99.00 999 1022.2   9.8 999.0   4.5 99.0 99.00 
2024 01 11 17 40 338  7.5 10.0  3.62 12.90  8.30 306 1022.4   9.7 999.0   4.2 99.0 99.00 
2024 01 11 17 50 330  7.7 11.1 99.00 99.00 99.00 999 1022.6   9.6 999.0   3.9 99.0 99.00 
2024 01 11 18 00 327  8.7 11.2 99.00 99.00 99.00 999 1022.6   9.6 999.0   4.3 99.0 99.00 
2024 01 11 18 10 332  8.2 10.8  3.41 12.12  8.41 306 1022.6   9.6 999.0   4.9 99.0 99.00 
2024 01 11 18 20 335  8.5 12.1 99.00 99.00 99.00 999 1022.5   9.7 999.0   5.4 99.0 99.00 
2024 01 11 18 30 338  9.0 11.5 99.00 99.00 99.00 999 1022.6   9.8 999.0   5.4 99.0 99.00 
2024 01 11 18 40 336  8.9 11.8  3.33 12.90  8.12 304 1022.7   9.9 999.0   5.5 99.0 99.00 
2024 01 11 18 50 340  8.6 11.0 99.00 99.00 99.00 999 1022.6   9.9 999.0   5.4 99.0 99.00 
2024 01 11 19 00 340  8.8 11.1 99.00 99.00 99.00 999 1022.7   9.9 999.0   5.2 99.0 99.00 
2024 01 11 19 10 338  8.7 11.0  3.41 13.79  8.36 308 1022.6  10.0 999.0   5.3 99.0 99.00 
2024 01 11 19 20 335  9.2 12.5 99.00 99.00 99.00 999 1022.4  10.2 999.0   5.4 99.0 99.00 
2024 01 11 19 30 330  9.8 12.4 99.00 99.00 99.00 999 1022.4  10.3 999.0   5.2 99.0 99.00 
2024 01 11 19 40 330  9.7 11.7  3.11 11.43  7.83 307 1022.4  10.4 999.0   5.4 99.0 99.00 
2024 01 11 19 50 335  8.9 11.7 99.00 99.00 99.00 999 1022.4  10.3 999.0   5.3 99.0 99.00 
2024 01 11 20 00 341  8.3 11.1 99.00 99.00 99.00 999 1022.5  10.4 999.0   5.8 99.0 99.00 
2024 01 11 20 10 335  8.9 10.8  3.09 13.79  8.04 308 1022.5  10.5 999.0   5.9 99.0 99.00 
2024 01 11 20 20 331  8.9 11.0 99.00 99.00 99.00 999 1022.3  10.6 999.0   5.8 99.0 99.00 
2024 01 11 20 30 331  9.0 11.4 99.00 99.00 99.00 999 1022.2  10.7 999.0   5.6 99.0 99.00 
2024 01 11 20 40 334  8.6 10.7  2.94 12.90  7.38 314 1022.1  10.8 999.0   5.4 99.0 99.00 
2024 01 11 20 50 336  8.6 10.3 99.00 99.00 99.00 999 1022.0  10.8 999.0   5.1 99.0 99.00 
2024 01 11 21 00 340  8.3 10.2 99.00 99.00 99.00 999 1021.9  10.9 999.0   5.1 99.0 99.00 
2024 01 11 21 10 336  8.1  9.9  2.75 12.90  7.36 309 1021.9  10.9 999.0   5.1 99.0 99.00 
2024 01 11 21 20 332  8.0 10.7 99.00 99.00 99.00 999 1021.8  11.1 999.0   5.5 99.0 99.00 
2024 01 11 21 30 327  8.6 11.0 99.00 99.00 99.00 999 1021.8  11.1 999.0   5.4 99.0 99.00 
2024 01 11 21 40 326  9.0 11.6  2.91 12.12  7.81 302 1021.9  11.1 999.0   5.2 99.0 99.00 
2024 01 11 21 50 325  9.6 11.8 99.00 99.00 99.00 999 1021.8  11.2 999.0   5.6 99.0 99.00 
2024 01 11 22 00 323  9.9 12.5 99.00 99.00 99.00 999 1021.7  11.1 999.0   5.3 99.0 99.00 
2024 01 11 22 10 322  9.7 11.7  2.92 12.12  7.81 310 1021.7  11.1 999.0   5.4 99.0 99.00 
2024 01 11 22 20 322  9.6 11.6 99.00 99.00 99.00 999 1021.7  11.1 999.0   5.4 99.0 99.00 
2024 01 11 22 30 320  9.5 11.8 99.00 99.00 99.00 999 1021.7  11.2 999.0   5.8 99.0 99.00 
2024 01 11 22 40 320 10.0 12.0  2.77 12.12  7.41 307 1021.9  11.2 999.0   5.8 99.0 99.00 
2024 01 11 22 50 317 10.1 12.2 99.00 99.00 99.00 999 1021.9  11.1 999.0   5.6 99.0 99.00 
2024 01 11 23 00 317 10.1 12.3 99.00 99.00 99.00 999 1022.1  11.1 999.0   6.0 99.0 99.00 
2024 01 11 23 10 314 10.6 12.5  2.51 11.43  7.13 311 1022.1  11.1 999.0   5.8 99.0 99.00 
2024 01 11 23 20 314 10.3 12.5 99.00 99.00 99.00 999 1022.1  11.2 999.0   6.1 99.0 99.00 
2024 01 11 23 30 317 10.6 12.9 99.00 99.00 99.00 999 1022.2  11.2 999.0   5.9 99.0 99.00 
2024 01 11 23 40 319 10.3 12.2  2.62 12.12  7.18 310 1022.3  11.3 999.0   5.9 99.0 99.00 
2024 01 11 23 50 324 10.1 12.1 99.00 99.00 99.00 999 1022.0  11.4 999.0   6.0 99.0 99.00 
2024 01 12 00 00 323  9.7 11.9 99.00 99.00 99.00 999 1022.0  11.4 999.0   6.2 99.0 99.00 
2024 01 12 00 10 323  9.7 11.9  2.46 13.79  7.04 309 1022.2  11.3 999.0   6.3 99.0 99.00 
2024 01 12 00 20 320  9.8 11.8 99.00 99.00 99.00 999 1022.3  11.3 999.0   6.5 99.0 99.00 
2024 01 12 00 30 319 10.2 12.3 99.00 99.00 99.00 999 1022.3  11.2 999.0   6.4 99.0 99.00 
2024 01 12 00 40 317  9.8 12.8  2.44 12.90  7.01 307 1022.4  11.3 999.0   6.5 99.0 99.00 
2024 01 12 00 50 318  9.1 11.2 99.00 99.00 99.00 999 1022.5  11.3 999.0   6.2 99.0 99.00 
2024 01 12 01 00 315  9.1 11.6 99.00 99.00 99.00 999 1022.6  11.3 999.0   6.4 99.0 99.00 
2024 01 12 01 10 317  9.7 12.0  2.47 12.90  7.40 311 1022.8  11.3 999.0   6.1 99.0 99.00 
2024 01 12 01 20 318  9.7 11.8 99.00 99.00 99.00 999 1023.0  11.3 999.0   6.2 99.0 99.00 
2024 01 12 01 30 318  9.8 12.0 99.00 99.00 99.00 999 1023.1  11.3 999.0   6.4 99.0 99.00 
2024 01 12 01 40 320  9.9 12.5  2.55 12.12  7.50 310 1023.2  11.3 999.0   6.5 99.0 99.00 
2024 01 12 01 50 316  9.4 11.4 99.00 99.00 99.00 999 1023.4  11.2 999.0   6.6 99.0 99.00 
2024 01 12 02 00 317  9.3 11.8 99.00 99.00 99.00 999 1023.6  11.3 999.0   6.9 99.0 99.00 
2024 01 12 02 10 323  9.1 11.5  2.47 12.90  7.58 308 1023.6  11.3 999.0   7.1 99.0 99.00 
2024 01 12 02 20 323  9.0 11.0 99.00 99.00 99.00 999 1023.7  11.2 999.0   6.7 99.0 99.00 
2024 01 12 02 30 324  8.6 11.0 99.00 99.00 99.00 999 1023.7  11.3 999.0   7.0 99.0 99.00 
2024 01 12 02 40 325  8.6 11.3  2.56 12.90  7.80 313 1023.6  11.2 999.0   6.7 99.0 99.00 
2024 01 12 02 50 321  8.3 10.3 99.00 99.00 99.00 999 1023.8  11.2 999.0   6.8 99.0 99.00 
2024 01 12 03 00 319  8.3 10.2 99.00 99.00 99.00 999 1023.8  11.2 999.0   7.0 99.0 99.00 
2024 01 12 03 10 317  8.2 10.6  2.50 12.90  8.03 306 1023.9  11.2 999.0   7.2 99.0 99.00 
2024 01 12 03 20 321  8.2 10.4 99.00 99.00 99.00 999 1023.9  11.3 999.0   7.0 99.0 99.00 
2024 01 12 03 30 320  8.5 10.5 99.00 99.00 99.00 999 1023.9  11.3 999.0   7.2 99.0 99.00 
2024 01 12 03 40 319  8.6 10.7  2.38 12.90  7.80 320 1023.8  11.3 999.0   7.4 99.0 99.00 
2024 01 12 03 50 324  8.4 10.1 99.00 99.00 99.00 999 1023.9  11.2 999.0   7.3 99.0 99.00 
2024 01 12 04 00 326  8.4 10.2 99.00 99.00 99.00 999 1023.8  11.2 999.0   7.2 99.0 99.00 
2024 01 12 04 10 326  8.4 10.3  2.49 12.90  7.80 301 1023.9  11.2 999.0   7.2 99.0 99.00 
2024 01 12 04 20 325  8.1 10.0 99.00 99.00 99.00 999 1024.0  11.2 999.0   7.2 99.0 99.00 
2024 01 12 04 30 324  8.0  9.7 99.00 99.00 99.00 999 1023.8  11.2 999.0   7.1 99.0 99.00 
2024 01 12 04 40 335  7.7  9.5  2.41 12.90  7.37 307 1023.7  11.2 999.0   7.2 99.0 99.00 
2024 01 12 04 50 333  7.8  9.5 99.00 99.00 99.00 999 1023.9  11.2 999.0   7.1 99.0 99.00 
2024 01 12 05 00 343  7.1  9.4 99.00 99.00 99.00 999 1023.8  11.1 999.0   7.6 99.0 99.00 
2024 01 12 05 10 347  6.9  8.8  2.36 12.90  7.41 311 1023.9  11.0 999.0   7.8 99.0 99.00 
2024 01 12 05 20 342  6.5  8.1 99.00 99.00 99.00 999 1024.0  10.9 999.0   7.5 99.0 99.00 
2024 01 12 05 30 332  6.4  8.4 99.00 99.00 99.00 999 1024.1  11.1 999.0   7.5 99.0 99.00 
2024 01 12 05 40 334  6.9  8.5  2.51 12.12  8.08 312 1023.9  11.0 999.0   7.0 99.0 99.00 
2024 01 12 05 50 341  6.4  7.7 99.00 99.00 99.00 999 1023.7  11.0 999.0   7.2 99.0 99.00 
2024 01 12 06 00 341  5.8  7.5 99.00 99.00 99.00 999 1023.9  11.0 999.0   7.0 99.0 99.00 
2024 01 12 06 10 340  5.4  7.1  2.23 12.90  7.52 300 1023.8  10.9 999.0   6.7 99.0 99.00 
2024 01 12 06 20 349  5.5  7.3 99.00 99.00 99.00 999 1023.9  10.9 999.0   6.9 99.0 99.00 
2024 01 12 06 30 348  5.4  7.4 99.00 99.00 99.00 999 1023.9  10.9 999.0   6.9 99.0 99.00 
2024 01 12 06 40 354  5.3  6.6  2.15 11.43  7.55 317 1024.0  10.8 999.0   6.8 99.0 99.00 
2024 01 12 06 50 355  4.5  6.4 99.00 99.00 99.00 999 1024.3  10.8 999.0   7.0 99.0 99.00 
2024 01 12 07 00 352  3.9  5.8 99.00 99.00 99.00 999 1024.0  10.7 999.0   6.8 99.0 99.00 
2024 01 12 07 10   8  3.0  4.4  2.41 12.90  8.44 309 1023.9  10.7 999.0   6.9 99.0 99.00 
2024 01 12 07 20 359  3.0  4.4 99.00 99.00 99.00 999 1024.0  10.7 999.0   6.9 99.0 99.00 
2024 01 12 07 30   2  3.5  4.5 99.00 99.00 99.00 999 1024.1  10.6 999.0   6.5 99.0 99.00 
2024 01 12 07 40 357  3.2  4.6  2.27 12.90  8.31 307 1024.2  10.7 999.0   6.6 99.0 99.00 
2024 01 12 07 50 350  3.3  4.6 99.00 99.00 99.00 999 1024.1  10.7 999.0   6.6 99.0 99.00 
2024 01 12 08 00 345  3.4  5.1 99.00 99.00 99.00 999 1024.0  10.7 999.0   6.6 99.0 99.00 
2024 01 12 08 10 341  3.1  4.8  2.32 12.12  8.44 319 1024.0  10.7 999.0   6.6 99.0 99.00 
2024 01 12 08 20 327  3.9  5.7 99.00 99.00 99.00 999 1023.9  10.8 999.0   6.7 99.0 99.00 
2024 01 12 08 30 315  4.9  6.1 99.00 99.00 99.00 999 1024.1  10.8 999.0   6.7 99.0 99.00 
2024 01 12 08 40 323  4.6  6.3  2.29 12.12  8.59 308 1024.0  10.8 999.0   6.6 99.0 99.00 
2024 01 12 08 50 322  4.6  6.2 99.00 99.00 99.00 999 1024.0  10.9 999.0   6.7 99.0 99.00 
2024 01 12 09 00 324  5.2  7.5 99.00 99.00 99.00 999 1024.0  11.0 999.0   6.6 99.0 99.00 
2024 01 12 09 10 324  5.3  6.9  2.04 11.43  8.22 308 1024.0  11.0 999.0   6.6 99.0 99.00 
2024 01 12 09 20 324  5.9  7.5 99.00 99.00 99.00 999 1023.9  11.0 999.0   6.5 99.0 99.00 
2024 01 12 09 30 322  6.2  7.5 99.00 99.00 99.00 999 1023.8  11.0 999.0   6.7 99.0 99.00 
2024 01 12 09 40 320  5.6  7.2  2.12 12.90  8.20 312 1023.9  11.0 999.0   6.7 99.0 99.00 
2024 01 12 09 50 322  6.4  8.0 99.00 99.00 99.00 999 1024.0  11.1 999.0   6.4 99.0 99.00 
2024 01 12 10 00 322  6.2  7.8 99.00 99.00 99.00 999 1024.1  11.1 999.0   6.4 99.0 99.00 
2024 01 12 10 10 329  6.0  7.3  2.11 12.12  7.95 309 1024.2  11.1 999.0   6.2 99.0 99.00 
2024 01 12 10 20 324  5.5  6.9 99.00 99.00 99.00 999 1024.4  11.2 999.0   6.6 99.0 99.00 
2024 01 12 10 30 325  6.2  7.9 99.00 99.00 99.00 999 1024.5  11.2 999.0   6.3 99.0 99.00 
2024 01 12 10 40 325  6.1  7.6  2.12 12.12  8.10 318 1024.6  11.2 999.0   6.1 99.0 99.00 
2024 01 12 10 50 326  6.1  7.9 99.00 99.00 99.00 999 1024.6  11.2 999.0   6.6 99.0 99.00 
2024 01 12 11 00 327  6.4  8.9 99.00 99.00 99.00 999 1024.6  11.2 999.0   6.8 99.0 99.00 
2024 01 12 11 10 326  6.1  8.1  2.09 12.12  8.04 310 1024.5  11.3 999.0   7.1 99.0 99.00 
2024 01 12 11 20 328  6.3  7.8 99.00 99.00 99.00 999 1024.3  11.3 999.0   6.9 99.0 99.00 
2024 01 12 11 30 329  6.0  7.4 99.00 99.00 99.00 999 1024.2  11.3 999.0   6.8 99.0 99.00 
2024 01 12 11 40 328  5.9  7.3  2.09 11.43  8.20 312 1024.1  11.2 999.0   6.9 99.0 99.00 
2024 01 12 11 50 328  5.5  7.0 99.00 99.00 99.00 999 1023.9  11.2 999.0   7.0 99.0 99.00 
2024 01 12 12 00 330  5.4  7.0 99.00 99.00 99.00 999 1023.8  11.2 999.0   7.0 99.0 99.00 
2024 01 12 12 10 331  5.4  7.0  2.06 12.12  7.86 307 1023.8  11.2 999.0   6.9 99.0 99.00 
2024 01 12 12 20 328  5.4  7.1 99.00 99.00 99.00 999 1024.0  11.2 999.0   7.0 99.0 99.00 
2024 01 12 12 30 325  6.5  8.3 99.00 99.00 99.00 999 1024.0  11.2 999.0   6.8 99.0 99.00 
2024 01 12 12 40 327  6.3  7.6  2.22 12.90  8.45 309 1024.1  11.3 999.0   7.1 99.0 99.00 
2024 01 12 12 50 324  6.1  7.7 99.00 99.00 99.00 999 1024.1  11.2 999.0   6.7 99.0 99.00 
2024 01 12 13 00 327  5.8  7.4 99.00 99.00 99.00 999 1024.2  11.2 999.0   7.0 99.0 99.00 
2024 01 12 13 10 331  5.5  7.6  1.97 12.90  7.85 306 1024.1  11.2 999.0   6.9 99.0 99.00 
2024 01 12 13 20 332  5.5  7.0 99.00 99.00 99.00 999 1024.3  11.2 999.0   7.1 99.0 99.00 
2024 01 12 13 30 335  5.6  7.2 99.00 99.00 99.00 999 1024.4  11.2 999.0   6.9 99.0 99.00 
2024 01 12 13 40 332  5.3  6.5  1.94 12.12  8.26 314 1024.4  11.2 999.0   6.7 99.0 99.00 
2024 01 12 13 50 328  4.8  6.4 99.00 99.00 99.00 999 1024.3  11.2 999.0   6.6 99.0 99.00 
2024 01 12 14 00 320  4.5  6.3 99.00 99.00 99.00 999 1024.4  11.2 999.0   6.6 99.0 99.00 
2024 01 12 14 10 323  5.1  6.5  1.86 10.81  7.97 316 1024.3  11.2 999.0   6.7 99.0 99.00 
2024 01 12 14 20 321  5.4  7.1 99.00 99.00 99.00 999 1024.5  11.2 999.0   6.8 99.0 99.00 
2024 01 12 14 30 329  5.8  7.0 99.00 99.00 99.00 999 1024.4  11.2 999.0   6.9 99.0 99.00 
2024 01 12 14 40 332  5.7  7.2  2.00 12.12  8.27 307 1024.5  11.2 999.0   7.1 99.0 99.00 
2024 01 12 14 50 334  5.5  7.4 99.00 99.00 99.00 999 1024.4  11.1 999.0   7.1 99.0 99.00 
2024 01 12 15 00 334  5.0  6.4 99.00 99.00 99.00 999 1024.5  11.0 999.0   7.1 99.0 99.00 
2024 01 12 15 10 331  4.6  6.0  2.05 11.43  8.13 318 1024.4  10.9 999.0   7.1 99.0 99.00 
2024 01 12 15 20 331  3.8  5.2 99.00 99.00 99.00 999 1024.4  10.9 999.0   7.3 99.0 99.00 
2024 01 12 15 30 335  3.8  5.5 99.00 99.00 99.00 999 1024.5  10.9 999.0   7.2 99.0 99.00 
2024 01 12 15 40 339  3.5  4.6  2.11 12.90  8.44 310 1024.4  11.0 999.0   7.3 99.0 99.00 
2024 01 12 15 50 332  3.4  4.7 99.00 99.00 99.00 999 1024.6  10.9 999.0   7.1 99.0 99.00 
2024 01 12 16 00 325  3.0  4.4 99.00 99.00 99.00 999 1024.6  11.0 999.0   7.1 99.0 99.00 
2024 01 12 16 10 317  2.7  4.1  1.95 12.90  8.42 310 1024.7  11.1 999.0   7.4 99.0 99.00 
2024 01 12 16 20 308  2.7  4.0 99.00 99.00 99.00 999 1024.7  11.0 999.0   7.5 99.0 99.00 
2024 01 12 16 30 309  2.9  4.1 99.00 99.00 99.00 999 1024.7  11.1 999.0   7.6 99.0 99.00 
2024 01 12 16 40 307  2.9  4.6  1.93 12.12  8.38 306 1024.9  11.1 999.0   7.6 99.0 99.00 
2024 01 12 16 50 306  3.2  4.5 99.00 99.00 99.00 999 1025.2  11.1 999.0   7.6 99.0 99.00 
2024 01 12 17 00 291  3.3  5.1 99.00 99.00 99.00 999 1025.1  11.1 999.0   7.7 99.0 99.00 
2024 01 12 17 10 305  3.4  6.0  1.80 12.90  8.23 305 1025.3  11.1 999.0   7.8 99.0 99.00 
2024 01 12 17 20 309  3.7  5.8 99.00 99.00 99.00 999 1025.6  10.9 999.0   8.0 99.0 99.00 
2024 01 12 17 30 304  3.2  4.9 99.00 99.00 99.00 999 1025.6  10.8 999.0   8.3 99.0 99.00 
2024 01 12 17 40 300  1.9  3.2  1.91 12.12  8.28 296 1025.5  10.9 999.0   8.3 99.0 99.00 
2024 01 12 17 50 289  2.1  3.8 99.00 99.00 99.00 999 1025.6  11.1 999.0   8.1 99.0 99.00 
2024 01 12 18 00 290  2.2  3.8 99.00 99.00 99.00 999 1025.4  11.2 999.0   7.9 99.0 99.00 
2024 01 12 18 10 305  1.9  3.3  1.78 11.43  8.27 314 1025.4  11.4 999.0   8.0 99.0 99.00 
2024 01 12 18 20 307  2.3  3.4 99.00 99.00 99.00 999 1025.5  11.5 999.0   8.0 99.0 99.00 
2024 01 12 18 30 311  2.3  3.3 99.00 99.00 99.00 999 1025.5  11.5 999.0   8.0 99.0 99.00 
2024 01 12 18 40 312  2.2  3.4  1.83 12.12  8.25 306 1025.4  11.4 999.0   7.9 99.0 99.00 
2024 01 12 18 50 326  1.6  2.7 99.00 99.00 99.00 999 1025.2  11.5 999.0   7.9 99.0 99.00 
2024 01 12 19 00 322  1.6  2.9 99.00 99.00 99.00 999 1025.2  11.6 999.0   8.0 99.0 99.00 
2024 01 12 19 10 328  1.5  2.7  1.78 11.43  8.13 314 1025.1  11.6 999.0   7.9 99.0 99.00 
2024 01 12 19 20 333  1.8  2.8 99.00 99.00 99.00 999 1025.0  11.6 999.0   7.7 99.0 99.00 
2024 01 12 19 30 316  1.5  2.8 99.00 99.00 99.00 999 1024.8  11.6 999.0   7.7 99.0 99.00 
2024 01 12 19 40 300  1.6  2.9  1.79 12.90  8.28 303 1024.7  11.6 999.0   7.6 99.0 99.00 
2024 01 12 19 50 297  1.4  2.5 99.00 99.00 99.00 999 1024.4  11.7 999.0   7.8 99.0 99.00 
2024 01 12 20 00 274  1.3  2.4 99.00 99.00 99.00 999 1024.3  11.7 999.0   7.8 99.0 99.00 
2024 01 12 20 10 241  0.3  1.3  1.83 12.12  8.40 304 1024.0  11.9 999.0   7.9 99.0 99.00 
2024 01 12 20 20 219  0.3  1.2 99.00 99.00 99.00 999 1024.0  12.2 999.0   8.0 99.0 99.00 
2024 01 12 20 30 273  0.4  1.7 99.00 99.00 99.00 999 1024.1  12.2 999.0   8.0 99.0 99.00 
2024 01 12 20 40 330  0.5  1.6  1.69 11.43  8.08 315 1023.8  12.0 999.0   7.9 99.0 99.00 
2024 01 12 20 50 310  0.4  1.7 99.00 99.00 99.00 999 1023.7  12.1 999.0   7.9 99.0 99.00 
2024 01 12 21 00 313  0.9  1.9 99.00 99.00 99.00 999 1023.5  11.9 999.0   7.7 99.0 99.00 
2024 01 12 21 10 338  0.5  1.4  1.58 11.43  8.06 317 1023.5  11.9 999.0   7.7 99.0 99.00 
2024 01 12 21 20 313  0.3  1.7 99.00 99.00 99.00 999 1023.5  12.1 999.0   7.9 99.0 99.00 
2024 01 12 21 30 301  0.8  2.2 99.00 99.00 99.00 999 1023.5  11.9 999.0   7.9 99.0 99.00 
2024 01 12 21 40 342  1.0  1.9  1.70 11.43  8.33 311 1023.3  11.8 999.0   7.9 99.0 99.00 
2024 01 12 21 50 308  0.9  1.7 99.00 99.00 99.00 999 1023.5  11.8 999.0   7.9 99.0 99.00 
2024 01 12 22 00 305  1.3  2.2 99.00 99.00 99.00 999 1023.5  11.8 999.0   8.0 99.0 99.00 
2024 01 12 22 10 279  0.9  2.2  1.56 12.12  8.35 297 1023.5  11.8 999.0   7.9 99.0 99.00 
2024 01 12 22 20 276  1.5  2.8 99.00 99.00 99.00 999 1023.6  11.8 999.0   8.1 99.0 99.00 
2024 01 12 22 30 269  1.4  2.3 99.00 99.00 99.00 999 1023.7  11.8 999.0   8.2 99.0 99.00 
2024 01 12 22 40 273  1.7  2.9  1.62 11.43  8.17 297 1023.6  11.7 999.0   8.1 99.0 99.00 
2024 01 12 22 50 276  1.3  2.4 99.00 99.00 99.00 999 1023.6  11.7 999.0   8.1 99.0 99.00 
2024 01 12 23 00 271  1.3  2.7 99.00 99.00 99.00 999 1023.8  11.7 999.0   8.1 99.0 99.00 
2024 01 12 23 10 271  1.2  2.4  1.54 12.12  8.12 320 1023.8  11.7 999.0   8.2 99.0 99.00 
2024 01 12 23 20 280  1.2  1.9 99.00 99.00 99.00 999 1024.0  11.8 999.0   8.3 99.0 99.00 
2024 01 12 23 30 279  1.4  2.5 99.00 99.00 99.00 999 1024.0  11.7 999.0   8.4 99.0 99.00 
2024 01 12 23 40 279  1.2  2.4  1.43 10.81  7.98 311 1023.9  11.7 999.0   8.4 99.0 99.00 
2024 01 12 23 50 246  0.8  2.0 99.00 99.00 99.00 999 1023.8  11.9 999.0   8.4 99.0 99.00 
2024 01 13 00 00 240  1.2  2.2 99.00 99.00 99.00 999 1023.8  11.9 999.0   8.5 99.0 99.00 
2024 01 13 00 10 234  0.6  1.7  1.41 10.81  7.97 316 1023.6  11.9 999.0   8.5 99.0 99.00 
2024 01 13 00 20 196  0.9  1.7 99.00 99.00 99.00 999 1023.6  11.9 999.0   8.5 99.0 99.00 
2024 01 13 00 30 229  1.0  1.9 99.00 99.00 99.00 999 1023.6  11.9 999.0   8.4 99.0 99.00 
2024 01 13 00 40 192  1.2  2.1  1.52 12.12  8.54 305 1023.4  12.0 999.0   8.6 99.0 99.00 
2024 01 13 00 50 215  1.2  2.0 99.00 99.00 99.00 999 1023.4  12.0 999.0   8.6 99.0 99.00 
2024 01 13 01 00 208  1.7  2.8 99.00 99.00 99.00 999 1023.3  12.0 999.0   8.7 99.0 99.00 
2024 01 13 01 10 205  1.7  2.4  1.36 12.12  8.24 302 1023.3  11.9 999.0   8.7 99.0 99.00 
2024 01 13 01 20 204  1.8  2.5 99.00 99.00 99.00 999 1023.3  11.9 999.0   8.7 99.0 99.00 
2024 01 13 01 30 187  2.0  3.1 99.00 99.00 99.00 999 1023.2  11.9 999.0   8.9 99.0 99.00 
2024 01 13 01 40 190  2.0  3.0  1.44 12.12  8.27 313 1023.3  11.9 999.0   9.0 99.0 99.00 
2024 01 13 01 50 179  2.1  3.0 99.00 99.00 99.00 999 1023.3  11.9 999.0   9.1 99.0 99.00 
2024 01 13 02 00 179  2.0  2.9 99.00 99.00 99.00 999 1023.5  12.0 999.0   9.3 99.0 99.00 
2024 01 13 02 10 172  2.2  3.5  1.50 10.81  8.62 313 1023.3  12.0 999.0   9.3 99.0 99.00 
2024 01 13 02 20 171  2.5  4.0 99.00 99.00 99.00 999 1023.3  12.1 999.0   9.6 99.0 99.00 
2024 01 13 02 30 170  2.5  3.8 99.00 99.00 99.00 999 1023.0  12.1 999.0   9.6 99.0 99.00 
2024 01 13 02 40 164  2.4  3.5  1.38 12.12  8.29 305 1023.2  12.2 999.0   9.8 99.0 99.00 
2024 01 13 02 50 156  2.3  3.6 99.00 99.00 99.00 999 1023.3  12.3 999.0  10.0 99.0 99.00 
2024 01 13 03 00 154  2.3  3.3 99.00 99.00 99.00 999 1023.3  12.3 999.0  10.1 99.0 99.00 
2024 01 13 03 10 201  2.0  3.9  1.39 10.81  8.43 312 1023.3  12.5 999.0  10.1 99.0 99.00 
2024 01 13 03 20 251  2.7  3.7 99.00 99.00 99.00 999 1023.3  12.7 999.0   9.6 99.0 99.00 
2024 01 13 03 30 251  2.9  3.9 99.00 99.00 99.00 999 1023.4  12.8 999.0   9.5 99.0 99.00 
2024 01 13 03 40 251  3.0  4.3  1.46 11.43  8.52 302 1023.2  12.8 999.0   9.7 99.0 99.00 
2024 01 13 03 50 233  3.6  4.4 99.00 99.00 99.00 999 1023.1  12.8 999.0   9.9 99.0 99.00 
2024 01 13 04 00 230  3.4  4.3 99.00 99.00 99.00 999 1023.1  12.8 999.0   9.9 99.0 99.00 
2024 01 13 04 10 230  3.3  4.1  1.48 11.43  8.72 307 1022.8  12.7 999.0   9.9 99.0 99.00 
2024 01 13 04 20 219  2.5  3.3 99.00 99.00 99.00 999 1022.6  12.7 999.0   9.9 99.0 99.00 
2024 01 13 04 30 210  2.8  4.0 99.00 99.00 99.00 999 1022.6  12.7 999.0   9.9 99.0 99.00 
2024 01 13 04 40 204  3.4  4.1  1.38 10.00  8.07 316 1022.4  12.7 999.0   9.9 99.0 99.00 
2024 01 13 04 50 203  4.0  4.8 99.00 99.00 99.00 999 1022.4  12.7 999.0  10.1 99.0 99.00 
2024 01 13 05 00 208  4.4  5.6 99.00 99.00 99.00 999 1022.4  12.7 999.0  10.2 99.0 99.00 
2024 01 13 05 10 209  4.5  5.6  1.38 12.12  7.93 305 1022.5  12.7 999.0  10.3 99.0 99.00 
2024 01 13 05 20 216  4.3  5.3 99.00 99.00 99.00 999 1022.6  12.7 999.0  10.1 99.0 99.00 
2024 01 13 05 30 210  4.1  5.0 99.00 99.00 99.00 999 1022.6  12.8 999.0  10.2 99.0 99.00 
2024 01 13 05 40 207  3.9  5.0  1.49 10.81  8.24 317 1022.5  12.8 999.0  10.2 99.0 99.00 
2024 01 13 05 50 199  4.1  5.0 99.00 99.00 99.00 999 1022.2  12.8 999.0  10.1 99.0 99.00 
2024 01 13 06 00 202  4.4  5.3 99.00 99.00 99.00 999 1022.2  12.8 999.0  10.3 99.0 99.00 
2024 01 13 06 10 199  4.9  6.0  1.57 10.81  7.90 302 1022.2  12.8 999.0  10.4 99.0 99.00 
2024 01 13 06 20 204  5.1  6.1 99.00 99.00 99.00 999 1022.3  12.8 999.0  10.3 99.0 99.00 
2024 01 13 06 30 200  4.5  5.5 99.00 99.00 99.00 999 1022.2  12.8 999.0  10.3 99.0 99.00 
2024 01 13 06 40 204  4.5  5.4  1.57 10.81  8.02 313 1022.2  12.8 999.0  10.4 99.0 99.00 
2024 01 13 06 50 205  4.6  5.6 99.00 99.00 99.00 999 1022.3  12.9 999.0  10.2 99.0 99.00 
2024 01 13 07 00 201  4.6  5.8 99.00 99.00 99.00 999 1022.1  12.9 999.0  10.3 99.0 99.00 
2024 01 13 07 10 196  4.2  6.4  1.49 10.81  7.66 315 1022.3  12.9 999.0  10.2 99.0 99.00 
2024 01 13 07 20 208  4.1  6.2 99.00 99.00 99.00 999 1022.2  12.7 999.0  10.1 99.0 99.00 
2024 01 13 07 30 181  3.9  5.8 99.00 99.00 99.00 999 1022.1  12.4 999.0  10.4 99.0 99.00 
2024 01 13 07 40 189  4.4  6.1  1.49 11.43  7.85 306 1022.0  12.6 999.0  10.6 99.0 99.00 
2024 01 13 07 50 170  4.1  5.7 99.00 99.00 99.00 999 1022.0  12.2 999.0  10.7 99.0 99.00 
2024 01 13 08 00 199  4.7  6.3 99.00 99.00 99.00 999 1021.9  12.2 999.0  10.5 99.0 99.00 
2024 01 13 08 10 210  5.2  6.7  1.39 10.81  6.99 310 1021.9  12.0 999.0  10.5 99.0 99.00 
2024 01 13 08 20 201  3.5  4.8 99.00 99.00 99.00 999 1021.7  12.0 999.0  10.5 99.0 99.00 
2024 01 13 08 30 216  4.8  7.1 99.00 99.00 99.00 999 1021.5  12.3 999.0  10.7 99.0 99.00 
2024 01 13 08 40 205  5.5  7.9  1.30 10.81  6.74 308 1021.2  12.1 999.0  10.8 99.0 99.00 
2024 01 13 08 50 187  5.2  6.6 99.00 99.00 99.00 999 1021.1  11.9 999.0  10.8 99.0 99.00 
2024 01 13 09 00 182  5.4  6.9 99.00 99.00 99.00 999 1021.0  12.0 999.0  10.8 99.0 99.00 
2024 01 13 09 10 181  4.8  6.2  1.25 10.00  6.88 311 1021.1  12.0 999.0  10.9 99.0 99.00 
2024 01 13 09 20 180  5.5  7.4 99.00 99.00 99.00 999 1020.9  12.0 999.0  10.9 99.0 99.00 
2024 01 13 09 30 186  5.8  6.9 99.00 99.00 99.00 999 1020.8  12.0 999.0  11.2 99.0 99.00 
2024 01 13 09 40 184  6.0  7.5  1.24 19.05  6.59 322 1020.7  12.0 999.0  11.2 99.0 99.00 
2024 01 13 09 50 183  6.1  7.1 99.00 99.00 99.00 999 1020.6  12.0 999.0  11.2 99.0 99.00 
2024 01 13 10 00 183  6.8  8.1 99.00 99.00 99.00 999 1020.6  12.0 999.0  11.2 99.0 99.00 
2024 01 13 10 10 175  6.6  8.1  1.25 19.05  6.57 313 1020.5  12.0 999.0  11.3 99.0 99.00 
2024 01 13 10 20 173  6.7  8.3 99.00 99.00 99.00 999 1020.2  12.1 999.0  11.4 99.0 99.00 
2024 01 13 10 30 173  6.7  8.4 99.00 99.00 99.00 999 1020.2  12.2 999.0  11.5 99.0 99.00 
2024 01 13 10 40 174  6.4  7.7  1.14 12.12  6.09 300 1020.1  12.3 999.0  11.5 99.0 99.00 
2024 01 13 10 50 174  6.9  8.2 99.00 99.00 99.00 999 1020.1  12.3 999.0  11.5 99.0 99.00 
2024 01 13 11 00 175  7.0  8.8 99.00 99.00 99.00 999 1019.9  12.3 999.0  11.5 99.0 99.00 
2024 01 13 11 10 176  7.5  9.3  1.26 17.39  6.42 259 1019.7  12.4 999.0  11.5 99.0 99.00 
2024 01 13 11 20 176  7.4  9.1 99.00 99.00 99.00 999 1019.7  12.4 999.0  11.5 99.0 99.00 
2024 01 13 11 30 177  7.4  9.7 99.00 99.00 99.00 999 1019.7  12.4 999.0  11.6 99.0 99.00 
2024 01 13 11 40 178  7.4  8.8  1.25 17.39  5.96 310 1019.5  12.4 999.0  11.7 99.0 99.00 
2024 01 13 11 50 186  7.6 10.0 99.00 99.00 99.00 999 1019.4  12.5 999.0  11.8 99.0 99.00 
2024 01 13 12 00 187  8.0 10.1 99.00 99.00 99.00 999 1019.2  12.6 999.0  11.7 99.0 99.00 
2024 01 13 12 10 192  7.8  9.8  1.44 17.39  6.11 299 1019.2  12.7 999.0  11.8 99.0 99.00 
2024 01 13 12 20 189  7.7  9.5 99.00 99.00 99.00 999 1019.2  12.7 999.0  11.9 99.0 99.00 
2024 01 13 12 30 191  7.4  9.6 99.00 99.00 99.00 999 1019.0  12.7 999.0  11.9 99.0 99.00 
2024 01 13 12 40 190  7.3  9.1  1.48 17.39  6.15 315 1018.9  12.7 999.0  12.0 99.0 99.00 
2024 01 13 12 50 190  7.7  9.4 99.00 99.00 99.00 999 1019.0  12.6 999.0  11.9 99.0 99.00 
2024 01 13 13 00 191  7.4  9.5 99.00 99.00 99.00 999 1018.9  12.5 999.0  12.0 99.0 99.00 
2024 01 13 13 10 186  7.8  9.5  1.31 17.39  5.33 267 1018.8  12.4 999.0  12.0 99.0 99.00 
2024 01 13 13 20 189  7.9  9.8 99.00 99.00 99.00 999 1018.8  12.4 999.0  12.0 99.0 99.00 
2024 01 13 13 30 189  7.7  9.5 99.00 99.00 99.00 999 1018.8  12.4 999.0  12.0 99.0 99.00 
2024 01 13 13 40 186  7.5  9.1  1.70 17.39  6.65 302 1018.9  12.4 999.0  12.2 99.0 99.00 
2024 01 13 13 50 190  7.4  8.9 99.00 99.00 99.00 999 1018.9  12.5 999.0  12.3 99.0 99.00 
2024 01 13 14 00 193  7.7  9.2 99.00 99.00 99.00 999 1018.9  12.5 999.0  12.3 99.0 99.00 
2024 01 13 14 10 193  7.8 10.1  1.54 17.39  5.88 275 1018.9  12.5 999.0  12.3 99.0 99.00 
2024 01 13 14 20 190  7.4  9.1 99.00 99.00 99.00 999 1018.9  12.5 999.0  12.3 99.0 99.00 
2024 01 13 14 30 195  7.5  9.4 99.00 99.00 99.00 999 1019.0  12.4 999.0  12.2 99.0 99.00 
2024 01 13 14 40 195  7.5  9.6  1.52 17.39  5.50 292 1018.8  12.6 999.0  12.4 99.0 99.00 
2024 01 13 14 50 195  8.0  9.8 99.00 99.00 99.00 999 1018.8  12.6 999.0  12.4 99.0 99.00 
2024 01 13 15 00 193  7.5  9.3 99.00 99.00 99.00 999 1019.0  12.6 999.0  12.5 99.0 99.00 
2024 01 13 15 10 195  7.8  9.5  1.75 17.39  5.98 275 1019.0  12.7 999.0  12.6 99.0 99.00 
2024 01 13 15 20 199  7.9  9.6 99.00 99.00 99.00 999 1019.1  12.7 999.0  12.6 99.0 99.00 
2024 01 13 15 30 197  7.7 10.3 99.00 99.00 99.00 999 1019.0  12.7 999.0  12.6 99.0 99.00 
2024 01 13 15 40 198  7.8  9.8  1.92 17.39  7.08 290 1019.1  12.8 999.0  12.7 99.0 99.00 
2024 01 13 15 50 202  7.7  9.3 99.00 99.00 99.00 999 1018.9  12.8 999.0  12.7 99.0 99.00 
2024 01 13 16 00 200  7.7  9.1 99.00 99.00 99.00 999 1018.8  12.8 999.0  12.7 99.0 99.00 
2024 01 13 16 10 198  7.4  9.2  1.82 17.39  6.45 298 1018.7  12.9 999.0  12.8 99.0 99.00 
2024 01 13 16 20 202  7.6  9.1 99.00 99.00 99.00 999 1018.9  12.9 999.0  12.8 99.0 99.00 
2024 01 13 16 30 207  7.6  9.3 99.00 99.00 99.00 999 1019.0  13.0 999.0  12.9 99.0 99.00 
2024 01 13 16 40 208  7.6  9.2  1.89 17.39  6.57 289 1019.1  13.0 999.0  12.9 99.0 99.00 
2024 01 13 16 50 210  7.5  9.5 99.00 99.00 99.00 999 1019.1  13.1 999.0  13.0 99.0 99.00 
2024 01 13 17 00 213  7.9  9.8 99.00 99.00 99.00 999 1019.1  13.1 999.0  13.0 99.0 99.00 
2024 01 13 17 10 209  7.8  9.9  1.96 17.39  7.00 303 1018.9  13.1 999.0  13.0 99.0 99.00 
2024 01 13 17 20 207  8.4  9.8 99.00 99.00 99.00 999 1018.9  13.0 999.0  12.9 99.0 99.00 
2024 01 13 17 30 209  8.6 11.0 99.00 99.00 99.00 999 1018.9  13.1 999.0  13.0 99.0 99.00 
2024 01 13 17 40 208  8.3 10.2  2.28 17.39  7.45 300 1018.9  13.1 999.0  13.0 99.0 99.00 
2024 01 13 17 50 209  7.6  9.9 99.00 99.00 99.00 999 1018.8  13.1 999.0  13.0 99.0 99.00 
2024 01 13 18 00 207  8.1  9.7 99.00 99.00 99.00 999 1018.7  13.1 999.0  13.0 99.0 99.00 
2024 01 13 18 10 212  7.9  9.6  2.25 17.39  7.63 291 1018.9  13.1 999.0  13.0 99.0 99.00 
2024 01 13 18 20 211  8.2 10.2 99.00 99.00 99.00 999 1018.8  13.1 999.0  13.0 99.0 99.00 
2024 01 13 18 30 209  8.7 11.1 99.00 99.00 99.00 999 1018.7  13.2 999.0  13.1 99.0 99.00 
2024 01 13 18 40 209  8.5 10.8  2.06 17.39  6.79 291 1018.7  13.2 999.0  13.1 99.0 99.00 
2024 01 13 18 50 214  8.3 10.2 99.00 99.00 99.00 999 1018.7  13.3 999.0  13.2 99.0 99.00 
2024 01 13 19 00 219  8.2 10.1 99.00 99.00 99.00 999 1018.7  13.3 999.0  13.2 99.0 99.00 
2024 01 13 19 10 217  8.1 10.2  2.02 17.39  6.58 301 1018.6  13.3 999.0  13.2 99.0 99.00 
2024 01 13 19 20 221  8.2 10.3 99.00 99.00 99.00 999 1018.6  13.4 999.0  13.2 99.0 99.00 
2024 01 13 19 30 223  8.0 10.6 99.00 99.00 99.00 999 1018.4  13.4 999.0  13.2 99.0 99.00 
2024 01 13 19 40 217  7.7  9.6  2.13 17.39  6.82 298 1018.0  13.4 999.0  13.2 99.0 99.00 
2024 01 13 19 50 217  8.3 10.5 99.00 99.00 99.00 999 1018.0  13.4 999.0  13.2 99.0 99.00 
2024 01 13 20 00 219  7.8  9.9 99.00 99.00 99.00 999 1018.1  13.4 999.0  13.2 99.0 99.00 
2024 01 13 20 10 223  7.5  9.5  2.00 17.39  6.55 289 1017.9  13.4 999.0  13.2 99.0 99.00 
2024 01 13 20 20 218  7.8 10.3 99.00 99.00 99.00 999 1017.5  13.4 999.0  13.2 99.0 99.00 
2024 01 13 20 30 216  7.9  9.7 99.00 99.00 99.00 999 1017.3  13.4 999.0  13.2 99.0 99.00 
2024 01 13 20 40 218  8.3 10.0  2.12 17.39  6.92 292 1017.2  13.4 999.0  13.2 99.0 99.00 
2024 01 13 20 50 218  8.5 10.3 99.00 99.00 99.00 999 1017.1  13.4 999.0  13.2 99.0 99.00 
2024 01 13 21 00 219  8.8 11.0 99.00 99.00 99.00 999 1017.3  13.4 999.0  13.2 99.0 99.00 
2024 01 13 21 10 220  8.2 10.6  2.09 17.39  6.67 296 1017.2  13.4 999.0  13.3 99.0 99.00 
2024 01 13 21 20 219  8.3 10.1 99.00 99.00 99.00 999 1016.9  13.4 999.0  13.3 99.0 99.00 
2024 01 13 21 30 215  8.5 10.6 99.00 99.00 99.00 999 1016.7  13.4 999.0  13.3 99.0 99.00 
2024 01 13 21 40 219  8.6 10.7  2.03 17.39  6.45 287 1016.6  13.4 999.0  13.3 99.0 99.00 
2024 01 13 21 50 223  8.9 11.0 99.00 99.00 99.00 999 1016.4  13.4 999.0  13.2 99.0 99.00 
2024 01 13 22 00 223  8.3 10.7 99.00 99.00 99.00 999 1016.4  13.4 999.0  13.2 99.0 99.00 
2024 01 13 22 10 223  8.6 10.7  1.86 17.39  5.95 304 1016.4  13.5 999.0  13.3 99.0 99.00 
2024 01 13 22 20 222  8.5 10.8 99.00 99.00 99.00 999 1016.2  13.5 999.0  13.3 99.0 99.00 
2024 01 13 22 30 224  9.0 10.7 99.00 99.00 99.00 999 1016.1  13.5 999.0  13.3 99.0 99.00 
2024 01 13 22 40 223  8.7 10.2  1.95 17.39  6.17 306 1016.0  13.4 999.0  13.2 99.0 99.00 
2024 01 13 22 50 224  8.9 11.5 99.00 99.00 99.00 999 1015.9  13.4 999.0  13.2 99.0 99.00 
2024 01 13 23 00 224  9.0 11.2 99.00 99.00 99.00 999 1015.9  13.4 999.0  13.2 99.0 99.00 
2024 01 13 23 10 224  8.8 10.7  2.11 17.39  6.62 287 1016.0  13.5 999.0  13.3 99.0 99.00 
2024 01 13 23 20 224  9.0 11.3 99.00 99.00 99.00 999 1015.9  13.5 999.0  13.3 99.0 99.00 
2024 01 13 23 30 226  9.3 11.2 99.00 99.00 99.00 999 1015.7  13.5 999.0  13.4 99.0 99.00 
2024 01 13 23 40 224  8.9 11.8  2.18 17.39  6.56 284 1015.4  13.5 999.0  13.3 99.0 99.00 
2024 01 13 23 50 222  9.3 11.8 99.00 99.00 99.00 999 1015.4  13.5 999.0  13.3 99.0 99.00 
2024 01 14 00 00 224  9.3 11.5 99.00 99.00 99.00 999 1015.4  13.5 999.0  13.3 99.0 99.00 
2024 01 14 00 10 224 10.0 12.4  2.22 16.00  6.56 277 1015.2  13.5 999.0  13.3 99.0 99.00 
2024 01 14 00 20 221  9.7 11.7 99.00 99.00 99.00 999 1015.1  13.5 999.0  13.3 99.0 99.00 
2024 01 14 00 30 221 10.1 12.8 99.00 99.00 99.00 999 1015.2  13.5 999.0  13.3 99.0 99.00 
2024 01 14 00 40 219  9.8 12.7  2.12 16.00  6.02 292 1015.1  13.5 999.0  13.2 99.0 99.00 
2024 01 14 00 50 220 10.0 12.5 99.00 99.00 99.00 999 1015.1  13.6 999.0  13.2 99.0 99.00 
2024 01 14 01 00 222 10.0 12.9 99.00 99.00 99.00 999 1015.1  13.7 999.0  13.2 99.0 99.00 
2024 01 14 01 10 222  9.9 12.9  2.35 16.00  6.66 289 1014.9  13.7 999.0  13.2 99.0 99.00 
2024 01 14 01 20 223 10.1 13.1 99.00 99.00 99.00 999 1014.7  13.7 999.0  13.2 99.0 99.00 
2024 01 14 01 30 221 10.1 12.5 99.00 99.00 99.00 999 1014.7  13.7 999.0  13.2 99.0 99.00 
2024 01 14 01 40 223 10.4 13.1  2.28 17.39  6.36 279 1014.7  13.7 999.0  13.2 99.0 99.00 
2024 01 14 01 50 221 10.5 13.2 99.00 99.00 99.00 999 1014.6  13.6 999.0  13.2 99.0 99.00 
2024 01 14 02 00 222 10.6 12.9 99.00 99.00 99.00 999 1014.6  13.6 999.0  13.2 99.0 99.00 
2024 01 14 02 10 225 10.6 13.1  2.19 16.00  6.10 280 1014.7  13.6 999.0  13.2 99.0 99.00 
2024 01 14 02 20 226 10.1 12.7 99.00 99.00 99.00 999 1014.8  13.5 999.0  13.1 99.0 99.00 
2024 01 14 02 30 226 10.1 12.8 99.00 99.00 99.00 999 1014.8  13.5 999.0  13.1 99.0 99.00 
2024 01 14 02 40 227  9.5 11.7  2.27 16.00  5.88 293 1014.8  13.5 999.0  13.2 99.0 99.00 
2024 01 14 02 50 229  9.3 11.5 99.00 99.00 99.00 999 1014.9  13.5 999.0  13.3 99.0 99.00 
2024 01 14 03 00 228  9.8 12.3 99.00 99.00 99.00 999 1014.9  13.5 999.0  13.3 99.0 99.00 
2024 01 14 03 10 229  9.9 12.6  2.40 16.00  6.36 284 1015.0  13.5 999.0  13.3 99.0 99.00 
2024 01 14 03 20 229  9.6 11.5 99.00 99.00 99.00 999 1014.9  13.5 999.0  13.4 99.0 99.00 
2024 01 14 03 30 231  9.7 12.3 99.00 99.00 99.00 999 1014.9  13.5 999.0  13.4 99.0 99.00 
2024 01 14 03 40 233 10.0 12.9  2.36 16.00  6.15 281 1014.9  13.5 999.0  13.4 99.0 99.00 
2024 01 14 03 50 233 10.0 12.3 99.00 99.00 99.00 999 1014.9  13.5 999.0  13.4 99.0 99.00 
2024 01 14 04 00 235  9.9 11.9 99.00 99.00 99.00 999 1015.0  13.5 999.0  13.4 99.0 99.00 
2024 01 14 04 10 235  9.8 12.2  2.61 16.00  6.38 289 1015.1  13.6 999.0  13.5 99.0 99.00 
2024 01 14 04 20 236  9.1 12.2 99.00 99.00 99.00 999 1015.1  13.6 999.0  13.5 99.0 99.00 
2024 01 14 04 30 236  9.8 12.1 99.00 99.00 99.00 999 1014.9  13.6 999.0  13.5 99.0 99.00 
2024 01 14 04 40 235 10.1 12.1  2.55 16.00  6.43 289 1015.0  13.6 999.0  13.5 99.0 99.00 
2024 01 14 04 50 237  9.6 11.8 99.00 99.00 99.00 999 1014.9  13.6 999.0  13.5 99.0 99.00 
2024 01 14 05 00 236  9.8 12.2 99.00 99.00 99.00 999 1014.9  13.7 999.0  13.6 99.0 99.00 
2024 01 14 05 10 238  9.4 12.0  2.55 16.00  6.27 315 1014.9  13.7 999.0  13.6 99.0 99.00 
2024 01 14 05 20 237  9.1 11.3 99.00 99.00 99.00 999 1014.8  13.7 999.0  13.6 99.0 99.00 
2024 01 14 05 30 238  9.2 11.5 99.00 99.00 99.00 999 1014.8  13.7 999.0  13.6 99.0 99.00 
2024 01 14 05 40 241  9.1 11.6  2.72 16.00  6.70 288 1014.7  13.7 999.0  13.6 99.0 99.00 
2024 01 14 05 50 244  9.1 11.0 99.00 99.00 99.00 999 1014.6  13.7 999.0  13.6 99.0 99.00 
2024 01 14 06 00 253  8.6 10.8 99.00 99.00 99.00 999 1014.8  13.7 999.0  13.6 99.0 99.00 
2024 01 14 06 10 298  6.9 11.2  2.79 14.81  6.74 292 1015.1  13.4 999.0  13.3 99.0 99.00 
2024 01 14 06 20 322  6.6  9.3 99.00 99.00 99.00 999 1015.1  12.8 999.0  12.7 99.0 99.00 
2024 01 14 06 30 312  5.6  7.3 99.00 99.00 99.00 999 1015.2  12.8 999.0  12.7 99.0 99.00 
2024 01 14 06 40 314  5.1  7.1  2.61 16.00  6.96 301 1015.2  12.8 999.0  12.7 99.0 99.00 
2024 01 14 06 50 308  5.0  6.5 99.00 99.00 99.00 999 1015.1  12.8 999.0  12.6 99.0 99.00 
2024 01 14 07 00 314  4.9  6.6 99.00 99.00 99.00 999 1015.2  12.8 999.0  12.6 99.0 99.00 
2024 01 14 07 10 315  4.7  7.0  3.15 16.00  7.88 296 1015.1  12.9 999.0  12.5 99.0 99.00 
2024 01 14 07 20 316  5.0  6.8 99.00 99.00 99.00 999 1015.1  12.9 999.0  12.5 99.0 99.00 
2024 01 14 07 30 317  5.4  7.3 99.00 99.00 99.00 999 1015.1  13.0 999.0  12.5 99.0 99.00 
2024 01 14 07 40 315  5.2  7.0  2.90 16.00  7.32 299 1015.2  13.0 999.0  12.6 99.0 99.00 
2024 01 14 07 50 311  4.7  6.3 99.00 99.00 99.00 999 1015.2  13.0 999.0  12.6 99.0 99.00 
2024 01 14 08 00 312  5.1  6.6 99.00 99.00 99.00 999 1015.2  13.0 999.0  12.4 99.0 99.00 
2024 01 14 08 10 315  5.3  6.9  2.62 16.00  7.25 288 1015.2  13.0 999.0  12.0 99.0 99.00 
2024 01 14 08 20 314  5.5  7.6 99.00 99.00 99.00 999 1015.3  13.1 999.0  11.7 99.0 99.00 
2024 01 14 08 30 312  5.3  7.1 99.00 99.00 99.00 999 1015.3  13.2 999.0  11.7 99.0 99.00 
2024 01 14 08 40 309  5.4  7.1  2.91 14.81  7.55 307 1015.3  13.3 999.0  11.8 99.0 99.00 
2024 01 14 08 50 306  5.5  7.4 99.00 99.00 99.00 999 1015.3  13.3 999.0  11.8 99.0 99.00 
2024 01 14 09 00 307  5.8  7.9 99.00 99.00 99.00 999 1015.4  13.2 999.0  11.7 99.0 99.00 
2024 01 14 09 10 305  5.5  7.2  2.98 16.00  7.79 300 1015.4  13.2 999.0  11.8 99.0 99.00 
2024 01 14 09 20 306  5.2  6.9 99.00 99.00 99.00 999 1015.5  13.2 999.0  12.0 99.0 99.00 
2024 01 14 09 30 313  5.3  7.4 99.00 99.00 99.00 999 1015.6  13.1 999.0  11.9 99.0 99.00 
2024 01 14 09 40 312  5.0  6.8  3.07 14.81  7.97 301 1015.8  13.0 999.0  11.7 99.0 99.00 
2024 01 14 09 50 313  4.8  6.3 99.00 99.00 99.00 999 1015.9  13.0 999.0  11.7 99.0 99.00 
2024 01 14 10 00 311  5.0  7.0 99.00 99.00 99.00 999 1016.1  13.0 999.0  11.7 99.0 99.00 
2024 01 14 10 10 312  5.2  7.0  2.55 16.00  7.41 290 1016.2  13.0 999.0  11.5 99.0 99.00 
2024 01 14 10 20 315  4.9  6.9 99.00 99.00 99.00 999 1016.4  13.0 999.0  11.4 99.0 99.00 
2024 01 14 10 30 316  4.7  6.7 99.00 99.00 99.00 999 1016.5  13.0 999.0  11.5 99.0 99.00 
2024 01 14 10 40 318  4.7  6.7  3.16 16.00  8.49 297 1016.6  13.0 999.0  11.7 99.0 99.00 
2024 01 14 10 50 318  4.5  6.4 99.00 99.00 99.00 999 1016.7  13.0 999.0  11.8 99.0 99.00 
2024 01 14 11 00 318  4.4  5.9 99.00 99.00 99.00 999 1016.8  13.0 999.0  11.5 99.0 99.00 
2024 01 14 11 10 324  4.2  5.6  2.76 16.00  7.79 299 1016.9  13.0 999.0  11.5 99.0 99.00 
2024 01 14 11 20 331  4.2  5.8 99.00 99.00 99.00 999 1016.8  12.9 999.0  11.6 99.0 99.00 
2024 01 14 11 30 334  3.7  5.2 99.00 99.00 99.00 999 1016.9  12.9 999.0  11.8 99.0 99.00 
2024 01 14 11 40 338  3.2  5.0  2.93 14.81  8.05 288 1017.0  12.8 999.0  11.8 99.0 99.00 
2024 01 14 11 50 347  3.5  4.8 99.00 99.00 99.00 999 1017.1  12.8 999.0  11.7 99.0 99.00 
2024 01 14 12 00 346  3.1  4.7 99.00 99.00 99.00 999 1017.1  12.7 999.0  11.7 99.0 99.00 
2024 01 14 12 10 346  3.1  4.4  3.01 14.81  8.32 295 1017.1  12.7 999.0  11.6 99.0 99.00 
2024 01 14 12 20 335  3.0  4.7 99.00 99.00 99.00 999 1017.1  12.7 999.0  11.5 99.0 99.00 
2024 01 14 12 30 338  3.2  5.0 99.00 99.00 99.00 999 1017.1  12.8 999.0  11.3 99.0 99.00 
2024 01 14 12 40 352  4.3  6.3  3.12 14.81  8.74 300 1017.1  12.8 999.0  11.2 99.0 99.00 
2024 01 14 12 50   1  4.3  5.6 99.00 99.00 99.00 999 1017.2  12.7 999.0  11.0 99.0 99.00 
2024 01 14 13 00   2  5.0  6.3 99.00 99.00 99.00 999 1017.4  12.7 999.0  10.9 99.0 99.00 
2024 01 14 13 10   2  5.0  6.3  3.02 16.00  8.93 297 1017.5  12.6 999.0  10.8 99.0 99.00 
2024 01 14 13 20   3  4.7  6.2 99.00 99.00 99.00 999 1017.6  12.5 999.0  10.6 99.0 99.00 
2024 01 14 13 30 359  5.2  6.5 99.00 99.00 99.00 999 1017.6  12.5 999.0  10.7 99.0 99.00 
2024 01 14 13 40 357  4.9  6.1  3.30 14.81  9.04 298 1017.8  12.4 999.0  10.8 99.0 99.00 
2024 01 14 13 50 352  5.1  6.3 99.00 99.00 99.00 999 1017.9  12.4 999.0  10.8 99.0 99.00 
2024 01 14 14 00 346  4.9  6.2 99.00 99.00 99.00 999 1018.1  12.3 999.0  10.7 99.0 99.00 
2024 01 14 14 10 346  4.5  5.9  2.77 10.00  8.29 294 1018.1  12.3 999.0  10.6 99.0 99.00 
2024 01 14 14 20 350  4.0  5.9 99.00 99.00 99.00 999 1018.0  12.3 999.0  10.7 99.0 99.00 
2024 01 14 14 30 357  3.2  4.6 99.00 99.00 99.00 999 1018.0  12.3 999.0  10.7 99.0 99.00 
2024 01 14 14 40   4  3.0  4.0  3.12 16.00  9.20 307 1018.1  12.3 999.0  10.7 99.0 99.00 
2024 01 14 14 50   5  3.2  4.4 99.00 99.00 99.00 999 1018.1  12.3 999.0  10.7 99.0 99.00 
2024 01 14 15 00 355  3.1  4.2 99.00 99.00 99.00 999 1018.2  12.3 999.0  10.6 99.0 99.00 
2024 01 14 15 10 360  2.6  3.8  3.55 14.81  9.98 296 1018.2  12.3 999.0  10.6 99.0 99.00 
2024 01 14 15 20 350  2.0  3.2 99.00 99.00 99.00 999 1018.3  12.3 999.0  10.6 99.0 99.00 
2024 01 14 15 30 334  2.0  3.3 99.00 99.00 99.00 999 1018.4  12.4 999.0  10.8 99.0 99.00 
2024 01 14 15 40 337  1.8  3.2  3.04 13.79  8.76 292 1018.5  12.4 999.0  10.8 99.0 99.00 
2024 01 14 15 50 340  1.8  3.2 99.00 99.00 99.00 999 1018.6  12.5 999.0  10.9 99.0 99.00 
2024 01 14 16 00 328  1.3  3.0 99.00 99.00 99.00 999 1018.6  12.5 999.0  10.8 99.0 99.00 
2024 01 14 16 10 293  1.0  2.8  3.21 10.00  9.03 291 1018.6  12.5 999.0  10.7 99.0 99.00 
2024 01 14 16 20 284  1.2  2.7 99.00 99.00 99.00 999 1018.8  12.6 999.0  10.8 99.0 99.00 
2024 01 14 16 30 288  1.6  3.2 99.00 99.00 99.00 999 1018.9  12.7 999.0  11.1 99.0 99.00 
2024 01 14 16 40 268  1.6  3.1  3.25 16.00  8.73 286 1018.9  12.7 999.0  11.0 99.0 99.00 
2024 01 14 16 50 264  1.3  2.6 99.00 99.00 99.00 999 1019.0  12.8 999.0  11.2 99.0 99.00 
2024 01 14 17 00 284  1.4  3.3 99.00 99.00 99.00 999 1019.3  12.9 999.0  11.2 99.0 99.00 
2024 01 14 17 10 297  2.0  3.7  3.53 14.81  9.20 294 1019.4  12.9 999.0  11.3 99.0 99.00 
2024 01 14 17 20 293  3.1  4.8 99.00 99.00 99.00 999 1019.5  12.8 999.0  11.3 99.0 99.00 
2024 01 14 17 30 294  3.4  5.1 99.00 99.00 99.00 999 1019.5  12.9 999.0  11.4 99.0 99.00 
2024 01 14 17 40 296  3.6  5.4  3.05 13.79  8.74 303 1019.6  12.9 999.0  11.4 99.0 99.00 
2024 01 14 17 50 314  3.6  5.1 99.00 99.00 99.00 999 1019.8  12.8 999.0  11.3 99.0 99.00 
2024 01 14 18 00 323  3.9  6.1 99.00 99.00 99.00 999 1019.9  12.8 999.0  11.3 99.0 99.00 
2024 01 14 18 10 326  4.3  6.6  3.09 14.81  9.05 292 1020.0  12.8 999.0  11.1 99.0 99.00 
2024 01 14 18 20 330  4.2  6.1 99.00 99.00 99.00 999 1020.0  12.8 999.0  11.1 99.0 99.00 
2024 01 14 18 30 331  3.7  5.1 99.00 99.00 99.00 999 1020.0  12.8 999.0  11.2 99.0 99.00 
2024 01 14 18 40 329  3.4  5.4  3.05 14.81  8.85 292 1020.0  12.8 999.0  11.3 99.0 99.00 
2024 01 14 18 50 329  2.7  4.2 99.00 99.00 99.00 999 1020.0  12.9 999.0  11.4 99.0 99.00 
2024 01 14 19 00 322  2.9  4.4 99.00 99.00 99.00 999 1019.8  12.8 999.0  11.3 99.0 99.00 
2024 01 14 19 10 318  3.2  4.8  3.26 14.81  8.85 289 1019.8  12.8 999.0  11.3 99.0 99.00 
2024 01 14 19 20 317  3.5  5.0 99.00 99.00 99.00 999 1019.7  12.7 999.0  11.1 99.0 99.00 
2024 01 14 19 30 316  3.7  5.4 99.00 99.00 99.00 999 1019.5  12.7 999.0  11.1 99.0 99.00 
2024 01 14 19 40 310  3.6  5.5  2.99 14.81  8.77 276 1019.4  12.8 999.0  11.2 99.0 99.00 
2024 01 14 19 50 304  3.6  5.4 99.00 99.00 99.00 999 1019.4  12.8 999.0  11.2 99.0 99.00 
2024 01 14 20 00 304  3.6  5.3 99.00 99.00 99.00 999 1019.3  12.8 999.0  11.2 99.0 99.00 
2024 01 14 20 10 311  3.6  5.0  2.71 13.79  8.35 289 1019.2  12.7 999.0  11.1 99.0 99.00 
2024 01 14 20 20 312  3.1  4.9 99.00 99.00 99.00 999 1019.0  12.8 999.0  11.1 99.0 99.00 
2024 01 14 20 30 311  3.4  5.3 99.00 99.00 99.00 999 1018.9  12.7 999.0  11.0 99.0 99.00 
2024 01 14 20 40 313  3.8  5.5  3.06 14.81  8.79 285 1018.7  12.6 999.0  10.8 99.0 99.00 
2024 01 14 20 50 308  3.7  5.3 99.00 99.00 99.00 999 1018.6  12.6 999.0  10.8 99.0 99.00 
2024 01 14 21 00 304  3.7  5.7 99.00 99.00 99.00 999 1018.5  12.7 999.0  10.9 99.0 99.00 
2024 01 14 21 10 309  3.6  5.0  3.25 14.81  8.71 284 1018.5  12.7 999.0  11.0 99.0 99.00 
2024 01 14 21 20 306  3.8  5.5 99.00 99.00 99.00 999 1018.5  12.7 999.0  11.0 99.0 99.00 
2024 01 14 21 30 303  4.0  5.8 99.00 99.00 99.00 999 1018.4  12.6 999.0  11.0 99.0 99.00 
2024 01 14 21 40 304  4.3  6.0  2.74 14.81  8.29 294 1018.4  12.6 999.0  11.0 99.0 99.00 
2024 01 14 21 50 309  3.7  5.1 99.00 99.00 99.00 999 1018.4  12.7 999.0  11.1 99.0 99.00 
2024 01 14 22 00 307  3.6  5.2 99.00 99.00 99.00 999 1018.4  12.7 999.0  11.0 99.0 99.00 
2024 01 14 22 10 314  3.5  5.3  2.84 14.81  8.36 283 1018.4  12.7 999.0  11.1 99.0 99.00 
2024 01 14 22 20 319  3.1  4.8 99.00 99.00 99.00 999 1018.4  12.7 999.0  11.1 99.0 99.00 
2024 01 14 22 30 310  3.5  5.1 99.00 99.00 99.00 999 1018.5  12.7 999.0  11.1 99.0 99.00 
2024 01 14 22 40 304  3.9  5.8  2.74 14.81  8.30 278 1018.7  12.7 999.0  11.1 99.0 99.00 
2024 01 14 22 50 305  4.0  5.7 99.00 99.00 99.00 999 1018.7  12.8 999.0  11.1 99.0 99.00 
2024 01 14 23 00 304  4.4  6.5 99.00 99.00 99.00 999 1018.7  12.8 999.0  11.1 99.0 99.00 
2024 01 14 23 10 301  4.5  6.2  2.77 13.79  8.51 290 1018.8  12.8 999.0  11.2 99.0 99.00 
2024 01 14 23 20 299  4.3  5.8 99.00 99.00 99.00 999 1018.9  12.8 999.0  11.1 99.0 99.00 
2024 01 14 23 30 298  4.1  5.8 99.00 99.00 99.00 999 1018.9  12.8 999.0  11.2 99.0 99.00 
2024 01 14 23 40 305  3.9  5.3  2.73 14.81  8.39 294 1018.9  12.8 999.0  11.2 99.0 99.00 
2024 01 14 23 50 312  4.0  5.4 99.00 99.00 99.00 999 1018.9  12.8 999.0  11.1 99.0 99.00 
2024 01 15 00 00 310  4.0  5.4 99.00 99.00 99.00 999 1018.9  12.8 999.0  11.0 99.0 99.00 
2024 01 15 00 10 315  4.0  5.4  2.59 13.79  8.27 298 1018.9  12.8 999.0  11.0 99.0 99.00 
2024 01 15 00 20 319  4.0  5.4 99.00 99.00 99.00 999 1018.9  12.8 999.0  11.0 99.0 99.00 
2024 01 15 00 30 323  4.2  5.4 99.00 99.00 99.00 999 1018.9  12.8 999.0  11.0 99.0 99.00 
2024 01 15 00 40 316  4.3  5.8  2.39 13.79  8.20 294 1019.0  12.8 999.0  11.0 99.0 99.00 
2024 01 15 00 50 316  4.2  5.9 99.00 99.00 99.00 999 1019.0  12.7 999.0  11.0 99.0 99.00 
2024 01 15 01 00 322  4.2  5.6 99.00 99.00 99.00 999 1019.1  12.7 999.0  11.2 99.0 99.00 
2024 01 15 01 10 319  4.6  6.1  2.58 13.79  8.58 304 1019.1  12.6 999.0  11.2 99.0 99.00 
2024 01 15 01 20 322  4.5  5.9 99.00 99.00 99.00 999 1019.3  12.6 999.0  11.1 99.0 99.00 
2024 01 15 01 30 322  4.1  5.6 99.00 99.00 99.00 999 1019.5  12.7 999.0  11.3 99.0 99.00 
2024 01 15 01 40 319  4.1  5.3  2.40 12.90  8.26 298 1019.5  12.6 999.0  11.2 99.0 99.00 
2024 01 15 01 50 318  4.5  6.1 99.00 99.00 99.00 999 1019.5  12.7 999.0  11.3 99.0 99.00 
2024 01 15 02 00 313  4.4  5.8 99.00 99.00 99.00 999 1019.6  12.6 999.0  11.2 99.0 99.00 
2024 01 15 02 10 311  4.4  6.0  2.79 13.79  9.07 300 1019.5  12.6 999.0  11.3 99.0 99.00 
2024 01 15 02 20 309  4.3  5.8 99.00 99.00 99.00 999 1019.6  12.7 999.0  11.5 99.0 99.00 
2024 01 15 02 30 308  4.4  5.9 99.00 99.00 99.00 999 1019.6  12.6 999.0  11.3 99.0 99.00 
2024 01 15 02 40 313  4.4  6.4  2.60 13.79  8.68 300 1019.5  12.7 999.0  11.3 99.0 99.00 
2024 01 15 02 50 316  4.6  6.2 99.00 99.00 99.00 999 1019.5  12.6 999.0  11.1 99.0 99.00 
2024 01 15 03 00 315  4.3  5.6 99.00 99.00 99.00 999 1019.6  12.6 999.0  11.2 99.0 99.00 
2024 01 15 03 10 318  4.3  5.5  2.52 13.79  8.70 297 1019.5  12.6 999.0  11.1 99.0 99.00 
2024 01 15 03 20 323  4.5  6.1 99.00 99.00 99.00 999 1019.4  12.6 999.0  11.1 99.0 99.00 
2024 01 15 03 30 328  4.4  6.2 99.00 99.00 99.00 999 1019.4  12.6 999.0  11.2 99.0 99.00 
2024 01 15 03 40 335  4.4  5.8  2.57 12.90  8.64 309 1019.4  12.6 999.0  11.3 99.0 99.00 
2024 01 15 03 50 328  4.8  6.4 99.00 99.00 99.00 999 1019.5  12.5 999.0  11.4 99.0 99.00 
2024 01 15 04 00 325  4.8  6.1 99.00 99.00 99.00 999 1019.5  12.5 999.0  11.3 99.0 99.00 
2024 01 15 04 10 324  4.1  5.7  2.66 12.90  8.90 300 1019.4  12.5 999.0  11.3 99.0 99.00 
2024 01 15 04 20 328  4.0  5.5 99.00 99.00 99.00 999 1019.4  12.5 999.0  11.2 99.0 99.00 
2024 01 15 04 30 318  3.9  5.6 99.00 99.00 99.00 999 1019.5  12.5 999.0  11.3 99.0 99.00 
2024 01 15 04 40 324  4.0  5.4  2.60 13.79  8.63 297 1019.4  12.5 999.0  11.3 99.0 99.00 
2024 01 15 04 50 328  3.9  5.4 99.00 99.00 99.00 999 1019.5  12.5 999.0  11.3 99.0 99.00 
2024 01 15 05 00 319  3.9  5.5 99.00 99.00 99.00 999 1019.5  12.5 999.0  11.2 99.0 99.00 
2024 01 15 05 10 311  3.9  5.4  2.65 12.90  9.05 302 1019.6  12.5 999.0  11.2 99.0 99.00 
2024 01 15 05 20 315  3.7  5.0 99.00 99.00 99.00 999 1019.6  12.5 999.0  11.4 99.0 99.00 
2024 01 15 05 30 316  3.5  5.0 99.00 99.00 99.00 999 1019.6  12.5 999.0  11.5 99.0 99.00 
2024 01 15 05 40 314  3.5  5.3  2.58 13.79  8.78 303 1019.6  12.5 999.0  11.5 99.0 99.00 
2024 01 15 05 50 318  3.5  5.4 99.00 99.00 99.00 999 1019.6  12.5 999.0  11.5 99.0 99.00 
2024 01 15 06 00 314  3.5  5.4 99.00 99.00 99.00 999 1019.8  12.5 999.0  11.6 99.0 99.00 
2024 01 15 06 10 314  3.2  4.6  2.68 13.79  9.27 302 1019.7  12.5 999.0  11.7 99.0 99.00 
2024 01 15 06 20 317  3.0  4.4 99.00 99.00 99.00 999 1019.8  12.4 999.0  11.6 99.0 99.00 
2024 01 15 06 30 303  3.4  5.4 99.00 99.00 99.00 999 1020.0  12.4 999.0  11.6 99.0 99.00 
2024 01 15 06 40 305  3.5  5.0  2.55 13.79  8.81 301 1019.9  12.4 999.0  11.6 99.0 99.00 
2024 01 15 06 50 302  3.6  5.1 99.00 99.00 99.00 999 1020.0  12.4 999.0  11.6 99.0 99.00 
2024 01 15 07 00 293  3.5  4.6 99.00 99.00 99.00 999 1020.1  12.5 999.0  11.7 99.0 99.00 
2024 01 15 07 10 296  3.8  5.2  2.14 12.90  7.81 299 1020.2  12.5 999.0  11.7 99.0 99.00 
2024 01 15 07 20 302  3.4  5.0 99.00 99.00 99.00 999 1020.0  12.5 999.0  11.8 99.0 99.00 
2024 01 15 07 30 302  3.4  4.8 99.00 99.00 99.00 999 1020.1  12.4 999.0  11.6 99.0 99.00 
2024 01 15 07 40 311  3.5  4.9  2.46 13.79  8.59 300 1020.0  12.4 999.0  11.7 99.0 99.00 
2024 01 15 07 50 316  3.4  4.8 99.00 99.00 99.00 999 1019.9  12.4 999.0  11.7 99.0 99.00 
2024 01 15 08 00 322  3.0  4.6 99.00 99.00 99.00 999 1020.0  12.4 999.0  11.7 99.0 99.00 
2024 01 15 08 10 317  2.9  4.6  2.54 13.79  8.99 286 1020.0  12.4 999.0  11.7 99.0 99.00 
2024 01 15 08 20 322  2.6  3.7 99.00 99.00 99.00 999 1020.0  12.4 999.0  11.7 99.0 99.00 
2024 01 15 08 30 324  2.1  3.3 99.00 99.00 99.00 999 1020.1  12.4 999.0  11.7 99.0 99.00 
2024 01 15 08 40 321  1.8  3.2  2.34 12.90  8.68 305 1020.0  12.5 999.0  11.8 99.0 99.00 
2024 01 15 08 50 326  0.9  3.0 99.00 99.00 99.00 999 1020.0  12.4 999.0  11.6 99.0 99.00 
2024 01 15 09 00 272  0.5  1.8 99.00 99.00 99.00 999 1020.0  12.5 999.0  11.7 99.0 99.00 
2024 01 15 09 10 348  0.4  1.4  2.31 13.79  8.70 301 1020.0  12.5 999.0  11.7 99.0 99.00 
2024 01 15 09 20  69  0.2  1.4 99.00 99.00 99.00 999 1019.9  12.6 999.0  11.7 99.0 99.00 
2024 01 15 09 30 105  1.4  4.3 99.00 99.00 99.00 999 1019.9  12.4 999.0  11.5 99.0 99.00 
2024 01 15 09 40 139  1.1  2.8  2.97 13.79  9.90 293 1019.9  12.4 999.0  11.4 99.0 99.00 
2024 01 15 09 50 115  3.5  6.1 99.00 99.00 99.00 999 1020.1  12.1 999.0  11.3 99.0 99.00 
2024 01 15 10 00 110  4.3  6.1 99.00 99.00 99.00 999 1020.1  11.8 999.0  11.1 99.0 99.00 
2024 01 15 10 10  98  4.7  7.3  2.47 13.79  8.89 294 1020.1  11.7 999.0  11.1 99.0 99.00 
2024 01 15 10 20  94  4.6  6.4 99.00 99.00 99.00 999 1020.2  11.6 999.0  10.9 99.0 99.00 
2024 01 15 10 30  95  4.4  6.1 99.00 99.00 99.00 999 1020.4  11.5 999.0  10.7 99.0 99.00 
2024 01 15 10 40  88  4.5  6.6  2.38 13.79  8.79 304 1020.2  11.5 999.0  10.7 99.0 99.00 
2024 01 15 10 50  83  5.1  7.2 99.00 99.00 99.00 999 1020.1  11.3 999.0  10.4 99.0 99.00 
2024 01 15 11 00  76  4.9  6.9 99.00 99.00 99.00 999 1020.0  11.3 999.0  10.5 99.0 99.00 
2024 01 15 11 10  69  4.8  6.1  2.38 12.12  8.98 303 1019.9  11.0 999.0  10.3 99.0 99.00 
2024 01 15 11 20  66  4.3  6.0 99.00 99.00 99.00 999 1020.0  11.1 999.0  10.5 99.0 99.00 
2024 01 15 11 30  84  3.3  5.0 99.00 99.00 99.00 999 1020.0  11.3 999.0  10.7 99.0 99.00 
2024 01 15 11 40  94  2.7  4.6  2.50 11.43  9.03 297 1020.1  11.6 999.0  10.9 99.0 99.00 
2024 01 15 11 50  93  4.0  6.4 99.00 99.00 99.00 999 1020.0  11.5 999.0  10.7 99.0 99.00 
2024 01 15 12 00  85  4.7  6.5 99.00 99.00 99.00 999 1020.0  11.2 999.0  10.4 99.0 99.00 
2024 01 15 12 10  83  5.2  7.1  2.24 13.79  8.85 296 1019.9  10.9 999.0  10.2 99.0 99.00 
2024 01 15 12 20  82  5.3  7.9 99.00 99.00 99.00 999 1020.0  10.8 999.0  10.1 99.0 99.00 
2024 01 15 12 30  83  5.1  7.1 99.00 99.00 99.00 999 1019.9  10.8 999.0  10.1 99.0 99.00 
2024 01 15 12 40  83  5.0  7.1  2.41 12.90  8.95 303 1019.9  10.9 999.0  10.2 99.0 99.00 
2024 01 15 12 50  80  5.3  7.9 99.00 99.00 99.00 999 1019.9  10.9 999.0  10.1 99.0 99.00 
2024 01 15 13 00  79  5.0  7.3 99.00 99.00 99.00 999 1020.0  10.9 999.0  10.2 99.0 99.00 
2024 01 15 13 10  82  4.6  7.1  2.30 12.90  8.74 306 1019.9  10.9 999.0  10.1 99.0 99.00 
2024 01 15 13 20  84  4.4  6.4 99.00 99.00 99.00 999 1020.0  10.9 999.0  10.0 99.0 99.00 
2024 01 15 13 30  86  4.5  6.5 99.00 99.00 99.00 999 1020.0  11.0 999.0  10.1 99.0 99.00 
2024 01 15 13 40  78  5.0  7.8  2.82 13.79  9.64 297 1019.9  11.0 999.0  10.1 99.0 99.00 
2024 01 15 13 50  67  6.2  8.2 99.00 99.00 99.00 999 1019.8  10.9 999.0  10.1 99.0 99.00 
2024 01 15 14 00  67  6.3  8.0 99.00 99.00 99.00 999 1020.0  10.6 999.0   9.9 99.0 99.00 
2024 01 15 14 10  69  5.9  7.9  2.50 13.79  9.03 294 1020.1  10.4 999.0   9.7 99.0 99.00 
2024 01 15 14 20  73  5.6  7.6 99.00 99.00 99.00 999 1020.3  10.4 999.0   9.7 99.0 99.00 
2024 01 15 14 30  82  5.0  6.7 99.00 99.00 99.00 999 1020.4  10.5 999.0   9.8 99.0 99.00 
2024 01 15 14 40  86  4.7  7.9  2.46 13.79  9.14 291 1020.5  10.6 999.0   9.8 99.0 99.00 
2024 01 15 14 50  93  4.8  6.9 99.00 99.00 99.00 999 1020.6  10.6 999.0   9.8 99.0 99.00 
2024 01 15 15 00  91  5.1  7.0 99.00 99.00 99.00 999 1020.7  10.7 999.0   9.8 99.0 99.00 
2024 01 15 15 10  93  5.4  7.1  2.14 11.43  8.39 278 1020.6  10.8 999.0   9.8 99.0 99.00 
2024 01 15 15 20  89  5.7  7.4 99.00 99.00 99.00 999 1020.6  10.8 999.0   9.8 99.0 99.00 
2024 01 15 15 30  89  5.6  7.8 99.00 99.00 99.00 999 1020.7  10.9 999.0   9.9 99.0 99.00 
2024 01 15 15 40  87  5.0  6.9  2.29 10.81  8.83 288 1020.8  10.9 999.0   9.9 99.0 99.00 
2024 01 15 15 50  87  4.7  6.7 99.00 99.00 99.00 999 1020.7  10.9 999.0   9.9 99.0 99.00 
2024 01 15 16 00  87  5.0  6.6 99.00 99.00 99.00 999 1020.8  10.9 999.0   9.9 99.0 99.00 
2024 01 15 16 10  86  4.9  6.6  2.24 13.79  8.75 294 1020.8  10.9 999.0   9.8 99.0 99.00 
2024 01 15 16 20  79  5.3  7.1 99.00 99.00 99.00 999 1020.7  10.8 999.0   9.9 99.0 99.00 
2024 01 15 16 30  80  5.4  7.1 99.00 99.00 99.00 999 1020.6  10.7 999.0   9.9 99.0 99.00 
2024 01 15 16 40  81  5.5  7.5  2.22 10.00  8.39 280 1020.5  10.7 999.0   9.9 99.0 99.00 
2024 01 15 16 50  82  5.7  7.6 99.00 99.00 99.00 999 1020.7  10.7 999.0   9.9 99.0 99.00 
2024 01 15 17 00  86  5.7  7.3 99.00 99.00 99.00 999 1020.9  10.7 999.0   9.9 99.0 99.00 
2024 01 15 17 10  92  5.2  8.1  2.21 10.81  8.48 297 1020.9  10.8 999.0   9.9 99.0 99.00 
2024 01 15 17 20  91  5.2  6.8 99.00 99.00 99.00 999 1020.9  10.8 999.0   9.9 99.0 99.00 
2024 01 15 17 30  88  5.1  7.0 99.00 99.00 99.00 999 1020.8  10.9 999.0  10.0 99.0 99.00 
2024 01 15 17 40  85  5.3  7.0  2.03 12.90  8.21 288 1020.9  10.9 999.0  10.0 99.0 99.00 
2024 01 15 17 50  87  5.0  6.7 99.00 99.00 99.00 999 1021.0  11.0 999.0   9.9 99.0 99.00 
2024 01 15 18 00  85  5.4  7.4 99.00 99.00 99.00 999 1021.0  11.1 999.0   9.9 99.0 99.00 
2024 01 15 18 10  81  5.6  7.5  2.03 12.12  8.14 290 1021.1  11.1 999.0  10.1 99.0 99.00 
2024 01 15 18 20  75  6.1  7.8 99.00 99.00 99.00 999 1021.1  11.0 999.0  10.0 99.0 99.00 
2024 01 15 18 30  72  5.9  8.0 99.00 99.00 99.00 999 1021.0  11.0 999.0   9.9 99.0 99.00 
2024 01 15 18 40  72  6.1  7.9  2.04 12.12  8.22 299 1021.0  11.0 999.0   9.8 99.0 99.00 
2024 01 15 18 50  78  5.7  7.6 99.00 99.00 99.00 999 1021.0  11.0 999.0   9.7 99.0 99.00 
2024 01 15 19 00  83  5.0  7.1 99.00 99.00 99.00 999 1021.0  11.0 999.0   9.6 99.0 99.00 
2024 01 15 19 10  86  4.4  6.0  1.87 12.90  7.84 293 1020.9  11.0 999.0   9.6 99.0 99.00 
2024 01 15 19 20  91  4.4  6.1 99.00 99.00 99.00 999 1020.9  11.0 999.0   9.6 99.0 99.00 
2024 01 15 19 30  93  4.2  5.8 99.00 99.00 99.00 999 1020.9  11.0 999.0   9.7 99.0 99.00 
2024 01 15 19 40  85  4.2  6.4  2.07 12.12  8.35 297 1020.7  11.0 999.0   9.8 99.0 99.00 
2024 01 15 19 50  82  4.2  5.7 99.00 99.00 99.00 999 1020.5  11.0 999.0   9.9 99.0 99.00 
2024 01 15 20 00  78  3.9  5.5 99.00 99.00 99.00 999 1020.3  11.1 999.0  10.0 99.0 99.00 
2024 01 15 20 10  77  3.5  5.0  2.07 12.12  8.38 293 1020.3  11.1 999.0   9.9 99.0 99.00 
2024 01 15 20 20  84  2.8  4.6 99.00 99.00 99.00 999 1020.2  11.3 999.0  10.1 99.0 99.00 
2024 01 15 20 30  81  2.4  3.8 99.00 99.00 99.00 999 1020.1  11.4 999.0  10.0 99.0 99.00 
2024 01 15 20 40  65  3.1  4.4  1.89 11.43  7.81 307 1019.8  11.5 999.0  10.1 99.0 99.00 
2024 01 15 20 50  63  3.7  5.0 99.00 99.00 99.00 999 1019.7  11.5 999.0  10.2 99.0 99.00 
2024 01 15 21 00  64  3.1  4.9 99.00 99.00 99.00 999 1019.7  11.5 999.0  10.1 99.0 99.00 
2024 01 15 21 10  74  1.9  3.7  1.79 10.81  8.01 289 1019.8  11.8 999.0  10.3 99.0 99.00 
2024 01 15 21 20  72  1.3  2.5 99.00 99.00 99.00 999 1019.7  12.1 999.0  10.3 99.0 99.00 
2024 01 15 21 30  52  1.1  2.3 99.00 99.00 99.00 999 1019.5  12.3 999.0  10.4 99.0 99.00 
2024 01 15 21 40  58  1.6  3.0  2.08 10.81  8.64 291 1019.4  12.2 999.0  10.3 99.0 99.00 
2024 01 15 21 50  46  1.1  2.2 99.00 99.00 99.00 999 1019.5  12.1 999.0  10.3 99.0 99.00 
2024 01 15 22 00 315  0.1  0.8 99.00 99.00 99.00 999 1019.5  12.5 999.0  10.7 99.0 99.00 
2024 01 15 22 10 252  0.1  1.1  1.92 12.90  8.50 298 1019.5  12.9 999.0  10.8 99.0 99.00 
2024 01 15 22 20 323  0.2  1.2 99.00 99.00 99.00 999 1019.3  13.1 999.0  10.8 99.0 99.00 
2024 01 15 22 30  17  0.8  1.8 99.00 99.00 99.00 999 1019.2  12.7 999.0  10.5 99.0 99.00 
2024 01 15 22 40  25  1.4  2.2  1.79 10.81  8.46 296 1019.1  12.6 999.0  10.5 99.0 99.00 
2024 01 15 22 50  32  1.2  2.1 99.00 99.00 99.00 999 1019.1  12.5 999.0  10.4 99.0 99.00 
2024 01 15 23 00  46  0.8  2.0 99.00 99.00 99.00 999 1019.1  12.6 999.0  10.4 99.0 99.00 
2024 01 15 23 10  42  1.0  1.8  1.69 10.00  8.48 283 1019.1  12.7 999.0  10.4 99.0 99.00 
2024 01 15 23 20  32  1.4  2.7 99.00 99.00 99.00 999 1018.9  12.7 999.0  10.5 99.0 99.00 
2024 01 15 23 30  37  1.8  2.7 99.00 99.00 99.00 999 1018.9  12.6 999.0  10.6 99.0 99.00 
2024 01 15 23 40  30  2.4  3.2  1.57 12.90  8.39 287 1019.0  12.6 999.0  10.7 99.0 99.00 
2024 01 15 23 50  19  2.1  3.2 99.00 99.00 99.00 999 1019.0  12.5 999.0  10.6 99.0 99.00 
2024 01 16 00 00  12  2.2  3.0 99.00 99.00 99.00 999 1019.0  12.6 999.0  10.6 99.0 99.00 
2024 01 16 00 10 357  2.3  3.1  1.71 10.00  8.74 288 1019.1  12.6 999.0  10.7 99.0 99.00 
2024 01 16 00 20 346  2.0  2.8 99.00 99.00 99.00 999 1019.1  12.6 999.0  10.6 99.0 99.00 
2024 01 16 00 30 343  1.8  2.7 99.00 99.00 99.00 999 1019.0  12.6 999.0  10.6 99.0 99.00 
2024 01 16 00 40 331  1.8  2.7  1.70 10.00  8.64 295 1019.1  12.6 999.0  10.5 99.0 99.00 
2024 01 16 00 50 340  1.9  2.7 99.00 99.00 99.00 999 1019.2  12.5 999.0  10.4 99.0 99.00 
2024 01 16 01 00 333  1.7  2.5 99.00 99.00 99.00 999 1019.1  12.3 999.0  10.4 99.0 99.00 
2024 01 16 01 10 340  1.9  2.7  1.49 12.12  8.40 298 1019.1  12.2 999.0  10.4 99.0 99.00 
2024 01 16 01 20 325  1.6  2.4 99.00 99.00 99.00 999 1019.1  12.1 999.0  10.4 99.0 99.00 
2024 01 16 01 30 327  1.7  2.4 99.00 99.00 99.00 999 1019.2  12.1 999.0  10.5 99.0 99.00 
2024 01 16 01 40 334  1.7  2.4  1.58 10.81  8.47 286 1019.2  12.0 999.0  10.4 99.0 99.00 
2024 01 16 01 50 338  1.9  2.8 99.00 99.00 99.00 999 1019.2  12.0 999.0  10.4 99.0 99.00 
2024 01 16 02 00 346  2.1  2.7 99.00 99.00 99.00 999 1019.2  12.0 999.0  10.4 99.0 99.00 
2024 01 16 02 10 340  1.9  2.7  1.66 11.43  8.73 295 1019.3  12.0 999.0  10.4 99.0 99.00 
2024 01 16 02 20 329  1.9  2.9 99.00 99.00 99.00 999 1019.5  12.0 999.0  10.4 99.0 99.00 
2024 01 16 02 30 317  1.8  2.9 99.00 99.00 99.00 999 1019.6  12.1 999.0  10.5 99.0 99.00 
2024 01 16 02 40 319  1.9  2.9  1.57 17.39  8.93 303 1019.6  12.1 999.0  10.5 99.0 99.00 
2024 01 16 02 50 306  1.8  2.7 99.00 99.00 99.00 999 1019.7  12.1 999.0  10.5 99.0 99.00 
2024 01 16 03 00 303  1.8  2.8 99.00 99.00 99.00 999 1019.7  12.1 999.0  10.5 99.0 99.00 
2024 01 16 03 10 315  1.7  2.6  1.54 11.43  8.58 306 1019.7  12.1 999.0  10.6 99.0 99.00 
2024 01 16 03 20 330  1.7  2.5 99.00 99.00 99.00 999 1019.7  12.1 999.0  10.6 99.0 99.00 
2024 01 16 03 30 345  1.8  2.5 99.00 99.00 99.00 999 1019.8  12.1 999.0  10.6 99.0 99.00 
2024 01 16 03 40 349  1.8  2.5  1.41 12.12  8.46 287 1019.8  12.2 999.0  10.6 99.0 99.00 
2024 01 16 03 50 349  1.9  2.7 99.00 99.00 99.00 999 1019.8  12.2 999.0  10.6 99.0 99.00 
2024 01 16 04 00 346  2.1  2.8 99.00 99.00 99.00 999 1019.9  12.2 999.0  10.6 99.0 99.00 
2024 01 16 04 10 336  2.3  3.0  1.59  9.09  8.85 293 1019.9  12.2 999.0  10.7 99.0 99.00 
2024 01 16 04 20 349  2.4  3.2 99.00 99.00 99.00 999 1019.9  12.3 999.0  10.8 99.0 99.00 
2024 01 16 04 30 350  2.7  3.4 99.00 99.00 99.00 999 1020.0  12.3 999.0  10.8 99.0 99.00 
2024 01 16 04 40 339  2.5  3.2  1.51 11.43  8.92 305 1020.0  12.3 999.0  10.8 99.0 99.00 
2024 01 16 04 50 341  2.3  3.1 99.00 99.00 99.00 999 1019.9  12.3 999.0  10.8 99.0 99.00 
2024 01 16 05 00 343  2.3  3.2 99.00 99.00 99.00 999 1020.0  12.3 999.0  10.8 99.0 99.00 
2024 01 16 05 10 330  2.3  3.2  1.56 12.12  8.94 301 1020.0  12.3 999.0  10.8 99.0 99.00 
2024 01 16 05 20 339  2.4  3.4 99.00 99.00 99.00 999 1020.0  12.3 999.0  10.8 99.0 99.00 
2024 01 16 05 30 347  2.5  3.4 99.00 99.00 99.00 999 1020.0  12.3 999.0  10.7 99.0 99.00 
2024 01 16 05 40 352  2.3  3.0  1.54 12.12  8.92 308 1020.0  12.4 999.0  10.9 99.0 99.00 
2024 01 16 05 50   4  2.4  3.1 99.00 99.00 99.00 999 1020.1  12.4 999.0  11.0 99.0 99.00 
2024 01 16 06 00   2  2.5  3.2 99.00 99.00 99.00 999 1020.1  12.3 999.0  11.0 99.0 99.00 
2024 01 16 06 10   8  2.4  3.3  1.57 11.43  8.99 295 1020.1  12.2 999.0  10.9 99.0 99.00 
2024 01 16 06 20   8  2.5  3.5 99.00 99.00 99.00 999 1020.0  12.2 999.0  10.9 99.0 99.00 
2024 01 16 06 30  23  3.1  3.8 99.00 99.00 99.00 999 1019.8  12.2 999.0  11.0 99.0 99.00 
2024 01 16 06 40  28  2.9  3.5  1.32 17.39  8.41 289 1019.8  12.1 999.0  10.9 99.0 99.00 
2024 01 16 06 50  31  2.6  3.4 99.00 99.00 99.00 999 1019.9  12.1 999.0  11.1 99.0 99.00 
2024 01 16 07 00  34  2.5  3.5 99.00 99.00 99.00 999 1020.0  11.9 999.0  10.9 99.0 99.00 
2024 01 16 07 10  36  2.3  3.1  1.36 17.39  8.69 293 1020.0  11.8 999.0  10.8 99.0 99.00 
2024 01 16 07 20  35  2.3  3.0 99.00 99.00 99.00 999 1020.0  11.8 999.0  10.7 99.0 99.00 
2024 01 16 07 30  35  2.2  3.0 99.00 99.00 99.00 999 1020.0  11.9 999.0  10.7 99.0 99.00 
2024 01 16 07 40  33  1.7  2.5  1.37 10.00  8.75 293 1020.1  11.9 999.0  10.7 99.0 99.00 
2024 01 16 07 50  40  1.2  2.0 99.00 99.00 99.00 999 1020.0  12.0 999.0  10.9 99.0 99.00 
2024 01 16 08 00  59  1.3  2.4 99.00 99.00 99.00 999 1019.9  11.9 999.0  10.9 99.0 99.00 
2024 01 16 08 10  70  1.3  2.2  1.40 11.43  8.70 289 1019.7  11.8 999.0  10.6 99.0 99.00 
2024 01 16 08 20  57  1.5  2.3 99.00 99.00 99.00 999 1019.7  11.8 999.0  10.5 99.0 99.00 
2024 01 16 08 30  54  2.0  3.3 99.00 99.00 99.00 999 1019.6  11.9 999.0  10.5 99.0 99.00 
2024 01 16 08 40  57  2.8  3.6  1.36 17.39  8.82 271 1019.4  11.8 999.0  10.4 99.0 99.00 
2024 01 16 08 50  60  2.2  3.0 99.00 99.00 99.00 999 1019.5  11.7 999.0  10.5 99.0 99.00 
2024 01 16 09 00  62  2.3  3.4 99.00 99.00 99.00 999 1019.4  11.7 999.0  10.5 99.0 99.00 
2024 01 16 09 10  71  2.4  3.2  1.35 16.00  8.90 286 1019.4  11.7 999.0  10.5 99.0 99.00 
2024 01 16 09 20  71  2.9  4.2 99.00 99.00 99.00 999 1019.3  11.6 999.0  10.4 99.0 99.00 
2024 01 16 09 30  65  2.9  3.9 99.00 99.00 99.00 999 1019.4  11.6 999.0  10.4 99.0 99.00 
2024 01 16 09 40  63  3.5  4.8  1.28 16.00  8.73 309 1019.2  11.5 999.0  10.4 99.0 99.00 
2024 01 16 09 50  64  3.9  4.9 99.00 99.00 99.00 999 1019.2  11.5 999.0  10.4 99.0 99.00 
2024 01 16 10 00  70  4.1  5.5 99.00 99.00 99.00 999 1019.1  11.6 999.0  10.5 99.0 99.00 
2024 01 16 10 10  69  4.3  5.3  1.48 16.00  8.98 291 1019.2  11.6 999.0  10.5 99.0 99.00 
2024 01 16 10 20  72  4.6  5.9 99.00 99.00 99.00 999 1019.2  11.7 999.0  10.5 99.0 99.00 
2024 01 16 10 30  73  4.7  6.0 99.00 99.00 99.00 999 1019.1  11.6 999.0  10.4 99.0 99.00 
2024 01 16 10 40  69  4.8  6.2  1.29 16.00  7.58 295 1019.1  11.5 999.0  10.4 99.0 99.00 
2024 01 16 10 50  69  4.9  6.1 99.00 99.00 99.00 999 1019.0  11.4 999.0  10.3 99.0 99.00 
2024 01 16 11 00  73  5.0  6.8 99.00 99.00 99.00 999 1018.8  11.4 999.0  10.4 99.0 99.00 
2024 01 16 11 10  77  5.3  6.5  1.40 16.00  8.02 295 1018.8  11.3 999.0  10.2 99.0 99.00 
2024 01 16 11 20  79  4.6  6.1 99.00 99.00 99.00 999 1019.0  11.2 999.0  10.2 99.0 99.00 
2024 01 16 11 30  76  4.3  6.1 99.00 99.00 99.00 999 1018.9  11.4 999.0  10.4 99.0 99.00 
2024 01 16 11 40  76  4.9  6.4  1.57 16.00  8.97 296 1018.8  11.4 999.0  10.4 99.0 99.00 
2024 01 16 11 50  76  5.3  6.9 99.00 99.00 99.00 999 1018.5  11.4 999.0  10.3 99.0 99.00 
2024 01 16 12 00  76  6.1  7.9 99.00 99.00 99.00 999 1018.3  11.3 999.0  10.3 99.0 99.00 
2024 01 16 12 10  76  6.5  8.4  1.55 14.81  7.91 302 1018.3  11.2 999.0  10.3 99.0 99.00 
2024 01 16 12 20  79  6.4  8.0 99.00 99.00 99.00 999 1018.3  11.2 999.0  10.3 99.0 99.00 
2024 01 16 12 30  82  6.0  7.6 99.00 99.00 99.00 999 1018.2  11.3 999.0  10.3 99.0 99.00 
2024 01 16 12 40  83  5.9  7.6  1.66 14.81  7.95 299 1018.2  11.3 999.0  10.3 99.0 99.00 
2024 01 16 12 50  83  6.1  8.0 99.00 99.00 99.00 999 1018.1  11.3 999.0  10.3 99.0 99.00 
2024 01 16 13 00  76  6.5  7.9 99.00 99.00 99.00 999 1018.0  11.2 999.0  10.2 99.0 99.00 
2024 01 16 13 10  75  6.4  7.7  1.42 14.81  7.35 304 1017.9  11.2 999.0  10.3 99.0 99.00 
2024 01 16 13 20  79  6.6  8.1 99.00 99.00 99.00 999 1017.8  11.1 999.0  10.3 99.0 99.00 
2024 01 16 13 30  81  6.3  8.4 99.00 99.00 99.00 999 1018.2  11.2 999.0  10.3 99.0 99.00 
2024 01 16 13 40  83  5.8  7.3  1.60 14.81  7.75 298 1018.2  11.2 999.0  10.3 99.0 99.00 
2024 01 16 13 50  87  5.7  7.5 99.00 99.00 99.00 999 1018.3  11.3 999.0  10.3 99.0 99.00 
2024 01 16 14 00  91  5.4  6.5 99.00 99.00 99.00 999 1018.3  11.3 999.0  10.2 99.0 99.00 
2024 01 16 14 10  90  5.5  7.0  1.50 16.00  7.73 296 1018.6  11.4 999.0  10.3 99.0 99.00 
2024 01 16 14 20  93  5.5  7.0 99.00 99.00 99.00 999 1018.7  11.3 999.0  10.2 99.0 99.00 
2024 01 16 14 30  89  5.5  7.8 99.00 99.00 99.00 999 1018.5  11.3 999.0  10.3 99.0 99.00 
2024 01 16 14 40  87  6.0  7.8  1.53 14.81  7.76 288 1018.6  11.2 999.0  10.2 99.0 99.00 
2024 01 16 14 50  92  6.0  7.6 99.00 99.00 99.00 999 1018.4  11.2 999.0  10.2 99.0 99.00 
2024 01 16 15 00  93  6.5  8.1 99.00 99.00 99.00 999 1018.4  11.1 999.0  10.1 99.0 99.00 
2024 01 16 15 10  94  6.8  8.2  1.63 13.79  8.08 300 1018.5  11.0 999.0  10.1 99.0 99.00 
2024 01 16 15 20  94  6.6  8.1 99.00 99.00 99.00 999 1018.4  11.1 999.0  10.2 99.0 99.00 
2024 01 16 15 30  97  6.2  7.5 99.00 99.00 99.00 999 1018.7  11.1 999.0  10.3 99.0 99.00 
2024 01 16 15 40 102  6.0  7.6  1.52 14.81  7.66 293 1018.6  11.0 999.0  10.2 99.0 99.00 
2024 01 16 15 50 105  6.1  7.5 99.00 99.00 99.00 999 1018.5  11.1 999.0  10.2 99.0 99.00 
2024 01 16 16 00  99  6.9  8.6 99.00 99.00 99.00 999 1018.2  11.2 999.0  10.3 99.0 99.00 
2024 01 16 16 10  97  7.0  9.1  1.52 16.00  7.27 295 1018.2  11.2 999.0  10.2 99.0 99.00 
2024 01 16 16 20  89  7.2  8.9 99.00 99.00 99.00 999 1018.0  11.2 999.0  10.2 99.0 99.00 
2024 01 16 16 30  94  6.9  9.1 99.00 99.00 99.00 999 1018.2  11.3 999.0  10.3 99.0 99.00 
2024 01 16 16 40 101  6.1  7.7  1.53 16.00  6.81 298 1018.5  11.3 999.0  10.3 99.0 99.00 
2024 01 16 16 50 103  6.1  8.1 99.00 99.00 99.00 999 1018.5  11.4 999.0  10.3 99.0 99.00 
2024 01 16 17 00 102  5.8  7.2 99.00 99.00 99.00 999 1018.6  11.5 999.0  10.4 99.0 99.00 
2024 01 16 17 10 106  5.4  6.9  1.64 16.00  7.25 293 1018.7  11.5 999.0  10.4 99.0 99.00 
2024 01 16 17 20 107  5.5  7.4 99.00 99.00 99.00 999 1018.8  11.6 999.0  10.4 99.0 99.00 
2024 01 16 17 30 108  6.1  7.5 99.00 99.00 99.00 999 1018.8  11.6 999.0  10.3 99.0 99.00 
2024 01 16 17 40 107  6.3  8.0  1.76 14.81  7.47 291 1018.9  11.6 999.0  10.3 99.0 99.00 
2024 01 16 17 50 108  6.2  8.0 99.00 99.00 99.00 999 1018.9  11.7 999.0  10.5 99.0 99.00 
2024 01 16 18 00 112  5.6  7.7 99.00 99.00 99.00 999 1019.1  11.8 999.0  10.6 99.0 99.00 
2024 01 16 18 10 117  5.0  6.5  1.70 14.81  7.77 287 1019.2  12.0 999.0  10.7 99.0 99.00 
2024 01 16 18 20 118  4.5  6.0 99.00 99.00 99.00 999 1019.2  12.0 999.0  10.7 99.0 99.00 
2024 01 16 18 30 126  4.2  5.4 99.00 99.00 99.00 999 1019.3  12.2 999.0  10.8 99.0 99.00 
2024 01 16 18 40 134  4.2  5.4  1.74 16.00  7.98 297 1019.2  12.3 999.0  10.9 99.0 99.00 
2024 01 16 18 50 134  4.6  5.8 99.00 99.00 99.00 999 1019.1  12.3 999.0  11.0 99.0 99.00 
2024 01 16 19 00 138  4.8  6.1 99.00 99.00 99.00 999 1019.0  12.3 999.0  11.0 99.0 99.00 
2024 01 16 19 10 135  5.0  6.4  1.54 16.00  7.74 290 1018.8  12.3 999.0  11.0 99.0 99.00 
2024 01 16 19 20 139  4.3  5.6 99.00 99.00 99.00 999 1018.9  12.3 999.0  11.0 99.0 99.00 
2024 01 16 19 30 147  4.7  6.3 99.00 99.00 99.00 999 1018.8  12.4 999.0  11.1 99.0 99.00 
2024 01 16 19 40 147  5.3  7.0  1.76 13.79  8.55 282 1018.5  12.5 999.0  11.1 99.0 99.00 
2024 01 16 19 50 142  5.7  7.1 99.00 99.00 99.00 999 1018.4  12.5 999.0  11.1 99.0 99.00 
2024 01 16 20 00 136  6.4  8.6 99.00 99.00 99.00 999 1018.2  12.6 999.0  11.1 99.0 99.00 
2024 01 16 20 10 129  6.7  8.4  1.66 10.00  7.89 254 1018.2  12.6 999.0  11.0 99.0 99.00 
2024 01 16 20 20 131  6.7  8.3 99.00 99.00 99.00 999 1018.0  12.5 999.0  11.0 99.0 99.00 
2024 01 16 20 30 129  6.5  8.2 99.00 99.00 99.00 999 1017.8  12.4 999.0  11.1 99.0 99.00 
2024 01 16 20 40 126  6.3  7.9  1.73  9.09  7.76 247 1017.7  12.4 999.0  11.1 99.0 99.00 
2024 01 16 20 50 130  6.2  7.6 99.00 99.00 99.00 999 1017.5  12.4 999.0  11.2 99.0 99.00 
2024 01 16 21 00 124  6.1  7.7 99.00 99.00 99.00 999 1017.2  12.4 999.0  11.2 99.0 99.00 
2024 01 16 21 10 124  6.2  7.9  1.61 14.81  7.56 282 1017.1  12.4 999.0  11.4 99.0 99.00 
2024 01 16 21 20 131  6.1  7.7 99.00 99.00 99.00 999 1017.2  12.2 999.0  11.3 99.0 99.00 
2024 01 16 21 30 127  6.3  7.9 99.00 99.00 99.00 999 1017.0  12.1 999.0  11.3 99.0 99.00 
2024 01 16 21 40 123  6.1  8.0  1.81 10.81  7.70 255 1016.6  12.0 999.0  11.4 99.0 99.00 
2024 01 16 21 50 118  6.4  8.2 99.00 99.00 99.00 999 1016.5  12.0 999.0  11.5 99.0 99.00 
2024 01 16 22 00 122  6.8  8.2 99.00 99.00 99.00 999 1016.3  11.9 999.0  11.4 99.0 99.00 
2024 01 16 22 10 124  7.2  8.8  1.70 10.00  7.40 249 1016.1  12.0 999.0  11.5 99.0 99.00 
2024 01 16 22 20 124  7.3  9.1 99.00 99.00 99.00 999 1016.1  12.0 999.0  11.6 99.0 99.00 
2024 01 16 22 30 127  7.5  9.4 99.00 99.00 99.00 999 1016.0  12.1 999.0  11.7 99.0 99.00 
2024 01 16 22 40 125  7.8  9.5  1.70 14.81  7.13 297 1015.8  12.1 999.0  11.7 99.0 99.00 
2024 01 16 22 50 125  8.0  9.6 99.00 99.00 99.00 999 1015.7  12.2 999.0  11.8 99.0 99.00 
2024 01 16 23 00 124  7.8  9.7 99.00 99.00 99.00 999 1015.6  12.2 999.0  11.8 99.0 99.00 
2024 01 16 23 10 123  7.7  9.6  1.65 14.81  6.96 297 1015.6  12.2 999.0  11.8 99.0 99.00 
2024 01 16 23 20 123  7.3  9.2 99.00 99.00 99.00 999 1015.5  12.2 999.0  11.8 99.0 99.00 
2024 01 16 23 30 121  7.7  9.0 99.00 99.00 99.00 999 1015.5  12.2 999.0  11.8 99.0 99.00 
2024 01 16 23 40 123  7.6  9.1  1.70 14.81  7.18 292 1015.4  12.2 999.0  11.8 99.0 99.00 
2024 01 16 23 50 123  7.3  8.7 99.00 99.00 99.00 999 1015.4  12.3 999.0  12.0 99.0 99.00 
2024 01 17 00 00 125  7.3  9.1 99.00 99.00 99.00 999 1015.3  12.4 999.0  12.2 99.0 99.00 
2024 01 17 00 10 128  7.3  9.5  1.72  9.09  7.04 247 1015.2  12.5 999.0  12.3 99.0 99.00 
2024 01 17 00 20 127  7.8  9.7 99.00 99.00 99.00 999 1014.9  12.5 999.0  12.3 99.0 99.00 
2024 01 17 00 30 124  8.4 10.7 99.00 99.00 99.00 999 1014.7  12.5 999.0  12.3 99.0 99.00 
2024 01 17 00 40 128  8.7 10.8  1.82 16.00  7.25 288 1014.6  12.5 999.0  12.3 99.0 99.00 
2024 01 17 00 50 130  8.6 10.8 99.00 99.00 99.00 999 1014.7  12.6 999.0  12.4 99.0 99.00 
2024 01 17 01 00 130  8.7 11.1 99.00 99.00 99.00 999 1014.5  12.6 999.0  12.4 99.0 99.00 
2024 01 17 01 10 131  8.8 10.9  1.83 14.81  6.84 289 1014.6  12.6 999.0  12.4 99.0 99.00 
2024 01 17 01 20 132  8.5 10.8 99.00 99.00 99.00 999 1014.6  12.6 999.0  12.4 99.0 99.00 
2024 01 17 01 30 133  8.4 11.0 99.00 99.00 99.00 999 1014.6  12.6 999.0  12.4 99.0 99.00 
2024 01 17 01 40 131  8.5 10.4  1.83 14.81  6.83 295 1014.5  12.6 999.0  12.4 99.0 99.00 
2024 01 17 01 50 131  9.0 11.5 99.00 99.00 99.00 999 1014.5  12.6 999.0  12.4 99.0 99.00 
2024 01 17 02 00 132  8.4 10.6 99.00 99.00 99.00 999 1014.5  12.7 999.0  12.5 99.0 99.00 
2024 01 17 02 10 132  8.5 10.5  1.90 14.81  6.78 285 1014.5  12.7 999.0  12.5 99.0 99.00 
2024 01 17 02 20 132  9.0 11.3 99.00 99.00 99.00 999 1014.5  12.7 999.0  12.5 99.0 99.00 
2024 01 17 02 30 139  8.0 10.6 99.00 99.00 99.00 999 1014.5  12.7 999.0  12.5 99.0 99.00 
2024 01 17 02 40 137  7.8  9.6  1.90 14.81  6.62 291 1014.4  12.7 999.0  12.6 99.0 99.00 
2024 01 17 02 50 139  8.3 10.3 99.00 99.00 99.00 999 1014.2  12.8 999.0  12.7 99.0 99.00 
2024 01 17 03 00 144  8.1 10.0 99.00 99.00 99.00 999 1014.1  12.8 999.0  12.7 99.0 99.00 
2024 01 17 03 10 147  7.9 10.5  1.95 14.81  6.72 293 1014.2  12.8 999.0  12.7 99.0 99.00 
2024 01 17 03 20 157  6.3  8.2 99.00 99.00 99.00 999 1014.3  12.9 999.0  12.8 99.0 99.00 
2024 01 17 03 30 157  7.9  9.7 99.00 99.00 99.00 999 1014.4  13.0 999.0  12.9 99.0 99.00 
2024 01 17 03 40 182  4.7  7.7  1.95 14.81  6.70 293 1014.1  13.0 999.0  12.9 99.0 99.00 
2024 01 17 03 50 153  8.7 11.0 99.00 99.00 99.00 999 1014.1  13.1 999.0  13.0 99.0 99.00 
2024 01 17 04 00 164  7.0  8.6 99.00 99.00 99.00 999 1014.5  13.2 999.0  13.1 99.0 99.00 
2024 01 17 04 10 162  4.5 12.5  2.06 14.81  6.89 289 1013.9  13.3 999.0  13.2 99.0 99.00 
2024 01 17 04 20 162  5.6 11.3 99.00 99.00 99.00 999 1014.3  13.4 999.0  13.3 99.0 99.00 
2024 01 17 04 30 166  6.5  8.1 99.00 99.00 99.00 999 1014.1  13.6 999.0  13.5 99.0 99.00 
2024 01 17 04 40 169  4.8  6.8  2.28 14.81  6.96 301 1014.2  13.6 999.0  13.5 99.0 99.00 
2024 01 17 04 50 166  4.1  5.9 99.00 99.00 99.00 999 1014.1  13.7 999.0  13.6 99.0 99.00 
2024 01 17 05 00 179  3.6  4.8 99.00 99.00 99.00 999 1014.1  13.8 999.0  13.7 99.0 99.00 
2024 01 17 05 10 186  2.1  3.3  2.09 13.79  6.58 285 1014.1  13.8 999.0  13.7 99.0 99.00 
2024 01 17 05 20 218  2.0  3.6 99.00 99.00 99.00 999 1014.4  13.7 999.0  13.6 99.0 99.00 
2024 01 17 05 30 247  2.9  6.0 99.00 99.00 99.00 999 1014.4  13.7 999.0  13.6 99.0 99.00 
2024 01 17 05 40 284  5.0  6.5  2.17 14.81  6.72 253 1014.4  13.6 999.0  13.5 99.0 99.00 
2024 01 17 05 50 290  6.1  7.7 99.00 99.00 99.00 999 1014.5  13.4 999.0  13.2 99.0 99.00 
2024 01 17 06 00 288  5.7  6.9 99.00 99.00 99.00 999 1014.5  13.5 999.0  13.2 99.0 99.00 
2024 01 17 06 10 288  6.1  7.4  2.09 14.81  6.80 282 1014.7  13.5 999.0  13.1 99.0 99.00 
2024 01 17 06 20 287  6.6  8.5 99.00 99.00 99.00 999 1014.8  13.6 999.0  13.2 99.0 99.00 
2024 01 17 06 30 292  7.1  9.4 99.00 99.00 99.00 999 1015.0  13.6 999.0  13.1 99.0 99.00 
2024 01 17 06 40 295  7.5  9.2  1.96 14.81  6.58 260 1015.1  13.6 999.0  13.1 99.0 99.00 
2024 01 17 06 50 299  7.7  9.8 99.00 99.00 99.00 999 1015.1  13.6 999.0  13.0 99.0 99.00 
2024 01 17 07 00 301  7.9 10.0 99.00 99.00 99.00 999 1015.0  13.5 999.0  12.8 99.0 99.00 
2024 01 17 07 10 304  6.8  9.0  2.07 14.81  6.71 282 1015.0  13.5 999.0  12.8 99.0 99.00 
2024 01 17 07 20 311  6.3  8.4 99.00 99.00 99.00 999 1015.1  13.5 999.0  12.8 99.0 99.00 
2024 01 17 07 30 313  6.2  7.5 99.00 99.00 99.00 999 1015.2  13.5 999.0  12.8 99.0 99.00 
2024 01 17 07 40 307  5.7  7.5  2.18 13.79  6.75 291 1015.1  13.5 999.0  12.7 99.0 99.00 
2024 01 17 07 50 303  6.6  8.6 99.00 99.00 99.00 999 1015.0  13.5 999.0  12.7 99.0 99.00 
2024 01 17 08 00 301  7.1  8.9 99.00 99.00 99.00 999 1015.1  13.5 999.0  12.7 99.0 99.00 
2024 01 17 08 10 299  7.5  9.2  2.23 13.79  6.73 288 1015.0  13.4 999.0  12.6 99.0 99.00 
2024 01 17 08 20 299  7.4  9.3 99.00 99.00 99.00 999 1014.8  13.4 999.0  12.7 99.0 99.00 
2024 01 17 08 30 298  7.6  9.3 99.00 99.00 99.00 999 1014.8  13.4 999.0  12.7 99.0 99.00 
2024 01 17 08 40 302  7.9  9.8  2.23 14.81  6.51 283 1014.8  13.4 999.0  12.7 99.0 99.00 
2024 01 17 08 50 310  7.6  9.3 99.00 99.00 99.00 999 1014.8  13.3 999.0  12.7 99.0 99.00 
2024 01 17 09 00 307  7.1  8.6 99.00 99.00 99.00 999 1014.8  13.2 999.0  12.7 99.0 99.00 
2024 01 17 09 10 312  6.7  8.3  1.99 13.79  6.31 296 1014.9  13.2 999.0  12.7 99.0 99.00 
2024 01 17 09 20 313  6.1  7.6 99.00 99.00 99.00 999 1014.9  13.2 999.0  12.7 99.0 99.00 
2024 01 17 09 30 316  6.2  7.4 99.00 99.00 99.00 999 1015.0  13.2 999.0  12.7 99.0 99.00 
2024 01 17 09 40 320  5.6  7.1  1.98 13.79  6.39 276 1015.1  13.2 999.0  12.7 99.0 99.00 
2024 01 17 09 50 319  5.3  7.0 99.00 99.00 99.00 999 1015.1  13.2 999.0  12.7 99.0 99.00 
2024 01 17 10 00 316  5.8  7.3 99.00 99.00 99.00 999 1015.2  13.1 999.0  12.6 99.0 99.00 
2024 01 17 10 10 321  5.6  7.5  2.06 13.79  6.42 288 1015.3  13.2 999.0  12.6 99.0 99.00 
2024 01 17 10 20 328  5.5  6.5 99.00 99.00 99.00 999 1015.4  13.1 999.0  12.6 99.0 99.00 
2024 01 17 10 30 325  5.4  6.9 99.00 99.00 99.00 999 1015.6  13.1 999.0  12.6 99.0 99.00 
2024 01 17 10 40 326  4.9  6.5  1.97 14.81  6.75 289 1015.7  13.1 999.0  12.6 99.0 99.00 
2024 01 17 10 50 330  4.4  5.5 99.00 99.00 99.00 999 1015.7  13.0 999.0  12.5 99.0 99.00 
2024 01 17 11 00 334  3.9  5.3 99.00 99.00 99.00 999 1015.7  13.0 999.0  12.5 99.0 99.00 
2024 01 17 11 10 336  3.7  4.9  2.02 13.79  7.27 288 1015.7  13.0 999.0  12.5 99.0 99.00 
2024 01 17 11 20 336  3.7  4.8 99.00 99.00 99.00 999 1015.7  13.1 999.0  12.4 99.0 99.00 
2024 01 17 11 30 337  3.8  5.1 99.00 99.00 99.00 999 1015.7  13.1 999.0  12.4 99.0 99.00 
2024 01 17 11 40 337  3.3  4.5  2.01 14.81  7.28 296 1015.8  13.1 999.0  12.4 99.0 99.00 
2024 01 17 11 50 346  2.7  3.6 99.00 99.00 99.00 999 1015.9  13.2 999.0  12.5 99.0 99.00 
2024 01 17 12 00 360  2.2  3.2 99.00 99.00 99.00 999 1015.8  13.0 999.0  12.3 99.0 99.00 
2024 01 17 12 10 359  2.0  2.9  1.97 13.79  7.49 288 1015.7  13.0 999.0  12.4 99.0 99.00 
2024 01 17 12 20   5  1.5  2.8 99.00 99.00 99.00 999 1015.7  12.9 999.0  12.4 99.0 99.00 
2024 01 17 12 30   4  1.4  2.3 99.00 99.00 99.00 999 1015.8  12.9 999.0  12.4 99.0 99.00 
2024 01 17 12 40  15  1.4  2.4  1.82 13.79  7.31 299 1015.9  12.8 999.0  12.3 99.0 99.00 
2024 01 17 12 50 359  0.9  1.7 99.00 99.00 99.00 999 1016.0  12.8 999.0  12.3 99.0 99.00 
2024 01 17 13 00   7  0.8  1.7 99.00 99.00 99.00 999 1015.9  12.8 999.0  12.3 99.0 99.00 
2024 01 17 13 10  38  0.8  2.3  2.05 13.79  7.79 293 1016.0  12.7 999.0  12.1 99.0 99.00 
2024 01 17 13 20  83  0.7  2.0 99.00 99.00 99.00 999 1016.1  12.8 999.0  12.2 99.0 99.00 
2024 01 17 13 30 130  1.0  2.1 99.00 99.00 99.00 999 1016.2  12.7 999.0  12.2 99.0 99.00 
2024 01 17 13 40 127  1.2  2.2  1.92 13.79  7.66 306 1016.3  12.6 999.0  12.1 99.0 99.00 
2024 01 17 13 50 130  0.7  1.8 99.00 99.00 99.00 999 1016.3  12.7 999.0  12.2 99.0 99.00 
2024 01 17 14 00 115  0.9  1.7 99.00 99.00 99.00 999 1016.2  12.7 999.0  12.2 99.0 99.00 
2024 01 17 14 10 115  1.7  3.1  1.77 13.79  7.58 286 1016.2  12.7 999.0  12.2 99.0 99.00 
2024 01 17 14 20 112  2.2  3.7 99.00 99.00 99.00 999 1016.4  12.6 999.0  12.1 99.0 99.00 
2024 01 17 14 30 116  2.7  4.5 99.00 99.00 99.00 999 1016.5  12.5 999.0  12.0 99.0 99.00 
2024 01 17 14 40 120  2.7  3.9  1.83 13.79  7.73 279 1016.7  12.4 999.0  12.0 99.0 99.00 
2024 01 17 14 50 122  2.9  3.9 99.00 99.00 99.00 999 1016.6  12.4 999.0  12.0 99.0 99.00 
2024 01 17 15 00 130  2.9  4.2 99.00 99.00 99.00 999 1016.6  12.4 999.0  12.0 99.0 99.00 
2024 01 17 15 10 126  3.1  4.3  1.85 13.79  7.76 312 1016.7  12.4 999.0  12.0 99.0 99.00 
2024 01 17 15 20 118  3.1  4.4 99.00 99.00 99.00 999 1016.9  12.4 999.0  11.9 99.0 99.00 
2024 01 17 15 30 110  3.1  4.6 99.00 99.00 99.00 999 1017.1  12.4 999.0  11.9 99.0 99.00 
2024 01 17 15 40 106  2.2  3.7  2.11 13.79  8.32 273 1017.3  12.4 999.0  11.8 99.0 99.00 
2024 01 17 15 50 102  1.3  2.3 99.00 99.00 99.00 999 1017.5  12.6 999.0  11.9 99.0 99.00 
2024 01 17 16 00 128  1.3  2.5 99.00 99.00 99.00 999 1017.6  12.6 999.0  11.8 99.0 99.00 
2024 01 17 16 10 137  1.8  2.7  1.75 13.79  7.70 284 1017.7  12.6 999.0  11.8 99.0 99.00 
2024 01 17 16 20 131  1.8  2.8 99.00 99.00 99.00 999 1017.8  12.7 999.0  11.9 99.0 99.00 
2024 01 17 16 30 141  1.9  2.5 99.00 99.00 99.00 999 1018.0  12.7 999.0  11.9 99.0 99.00 
2024 01 17 16 40 157  2.1  2.9  1.78 12.90  7.71 293 1018.1  12.7 999.0  11.9 99.0 99.00 
2024 01 17 16 50 172  2.0  2.8 99.00 99.00 99.00 999 1018.4  12.9 999.0  12.0 99.0 99.00 
2024 01 17 17 00 178  2.3  3.3 99.00 99.00 99.00 999 1018.5  12.9 999.0  11.9 99.0 99.00 
2024 01 17 17 10 171  2.4  3.3  1.67 13.79  7.66 279 1018.7  13.0 999.0  12.0 99.0 99.00 
2024 01 17 17 20 185  2.3  3.3 99.00 99.00 99.00 999 1018.8  13.1 999.0  12.1 99.0 99.00 
2024 01 17 17 30 191  2.7  3.7 99.00 99.00 99.00 999 1018.9  13.2 999.0  12.2 99.0 99.00 
2024 01 17 17 40 195  3.2  4.4  1.85 13.79  7.87 300 1019.0  13.2 999.0  12.2 99.0 99.00 
2024 01 17 17 50 205  3.9  5.5 99.00 99.00 99.00 999 1019.2  13.2 999.0  12.3 99.0 99.00 
2024 01 17 18 00 202  3.7  4.6 99.00 99.00 99.00 999 1019.1  13.2 999.0  12.3 99.0 99.00 
2024 01 17 18 10 206  3.8  5.1  1.83 13.79  7.76 272 1019.2  13.3 999.0  12.3 99.0 99.00 
2024 01 17 18 20 199  3.4  4.3 99.00 99.00 99.00 999 1019.0  13.3 999.0  12.3 99.0 99.00 
2024 01 17 18 30 190  3.6  4.5 99.00 99.00 99.00 999 1019.1  13.4 999.0  12.5 99.0 99.00 
2024 01 17 18 40 188  3.8  4.7  1.86 12.90  7.60 278 1019.1  13.4 999.0  12.5 99.0 99.00 
2024 01 17 18 50 194  3.9  4.9 99.00 99.00 99.00 999 1019.3  13.3 999.0  12.5 99.0 99.00 
2024 01 17 19 00 203  4.2  5.6 99.00 99.00 99.00 999 1019.3  13.4 999.0  12.6 99.0 99.00 
2024 01 17 19 10 209  4.5  5.6  2.04 13.79  7.99 293 1019.2  13.3 999.0  12.5 99.0 99.00 
2024 01 17 19 20 207  4.2  5.4 99.00 99.00 99.00 999 1019.2  13.3 999.0  12.6 99.0 99.00 
2024 01 17 19 30 207  3.8  4.9 99.00 99.00 99.00 999 1018.9  13.4 999.0  12.7 99.0 99.00 
2024 01 17 19 40 209  3.8  5.0  1.96 12.90  7.64 299 1018.9  13.4 999.0  12.7 99.0 99.00 
2024 01 17 19 50 218  3.5  4.9 99.00 99.00 99.00 999 1018.8  13.5 999.0  12.8 99.0 99.00 
2024 01 17 20 00 227  3.4  4.5 99.00 99.00 99.00 999 1018.8  13.5 999.0  12.8 99.0 99.00 
2024 01 17 20 10 228  3.0  4.3  2.10 13.79  7.88 290 1018.6  13.5 999.0  12.7 99.0 99.00 
2024 01 17 20 20 227  2.8  3.9 99.00 99.00 99.00 999 1018.6  13.6 999.0  12.8 99.0 99.00 
2024 01 17 20 30 235  2.6  3.8 99.00 99.00 99.00 999 1018.6  13.6 999.0  12.8 99.0 99.00 
2024 01 17 20 40 239  1.4  3.2  1.96 12.90  7.77 288 1018.3  13.7 999.0  12.9 99.0 99.00 
2024 01 17 20 50  73  1.0  2.7 99.00 99.00 99.00 999 1018.3  13.5 999.0  12.6 99.0 99.00 
2024 01 17 21 00  72  2.4  4.4 99.00 99.00 99.00 999 1018.3  12.5 999.0  11.9 99.0 99.00 
2024 01 17 21 10  63  2.1  3.5  2.05 14.81  7.73 290 1018.3  12.3 999.0  11.8 99.0 99.00 
2024 01 17 21 20  77  1.9  3.5 99.00 99.00 99.00 999 1018.2  12.1 999.0  11.7 99.0 99.00 
2024 01 17 21 30  78  1.5  3.0 99.00 99.00 99.00 999 1018.2  12.1 999.0  11.7 99.0 99.00 
2024 01 17 21 40  78  1.1  2.4  2.10 13.79  7.91 278 1018.0  12.3 999.0  11.9 99.0 99.00 
2024 01 17 21 50  57  2.4  4.2 99.00 99.00 99.00 999 1017.9  12.1 999.0  11.8 99.0 99.00 
2024 01 17 22 00  63  2.8  4.3 99.00 99.00 99.00 999 1018.0  12.0 999.0  11.7 99.0 99.00 
2024 01 17 22 10  57  2.9  4.0  1.92 13.79  7.42 276 1018.1  11.7 999.0  11.5 99.0 99.00 
2024 01 17 22 20  62  3.0  4.5 99.00 99.00 99.00 999 1018.1  11.5 999.0  11.3 99.0 99.00 
2024 01 17 22 30  74  2.9  4.5 99.00 99.00 99.00 999 1018.2  11.7 999.0  11.6 99.0 99.00 
2024 01 17 22 40  77  2.9  4.3  1.83 12.12  7.35 276 1018.1  11.9 999.0  11.8 99.0 99.00 
2024 01 17 22 50  89  2.5  3.9 99.00 99.00 99.00 999 1018.1  12.2 999.0  12.1 99.0 99.00 
2024 01 17 23 00  96  2.2  3.6 99.00 99.00 99.00 999 1018.1  12.4 999.0  12.2 99.0 99.00 
2024 01 17 23 10  96  2.2  3.6  2.01 12.90  7.64 280 1018.1  12.5 999.0  12.3 99.0 99.00 
2024 01 17 23 20 106  1.5  2.8 99.00 99.00 99.00 999 1018.1  12.7 999.0  12.4 99.0 99.00 
2024 01 17 23 30 101  1.6  3.8 99.00 99.00 99.00 999 1018.1  12.8 999.0  12.4 99.0 99.00 
2024 01 17 23 40  97  1.6  2.5  1.98 13.79  7.83 278 1018.1  12.8 999.0  12.4 99.0 99.00 
2024 01 17 23 50  89  1.7  3.4 99.00 99.00 99.00 999 1018.1  12.8 999.0  12.4 99.0 99.00 
2024 01 18 00 00  82  1.7  3.4 99.00 99.00 99.00 999 1018.0  12.8 999.0  12.4 99.0 99.00 
2024 01 18 00 10  95  0.9  2.8  1.98 12.90  8.10 278 1018.1  13.0 999.0  12.6 99.0 99.00 
2024 01 18 00 20 107  0.2  1.3 99.00 99.00 99.00 999 1018.0  13.5 999.0  12.9 99.0 99.00 
2024 01 18 00 30  84  0.6  1.6 99.00 99.00 99.00 999 1018.0  13.5 999.0  12.8 99.0 99.00 
2024 01 18 00 40 108  0.2  1.6  2.11 13.79  8.46 283 1018.0  13.6 999.0  12.9 99.0 99.00 
2024 01 18 00 50  59  0.2  1.1 99.00 99.00 99.00 999 1018.1  13.6 999.0  12.9 99.0 99.00 
2024 01 18 01 00  46  0.4  1.4 99.00 99.00 99.00 999 1018.2  13.5 999.0  12.8 99.0 99.00 
2024 01 18 01 10  34  0.2  0.8  2.02 13.79  8.11 284 1018.2  13.4 999.0  12.7 99.0 99.00 
2024 01 18 01 20  50  0.6  1.6 99.00 99.00 99.00 999 1018.4  13.2 999.0  12.5 99.0 99.00 
2024 01 18 01 30  80  0.4  1.3 99.00 99.00 99.00 999 1018.3  13.2 999.0  12.6 99.0 99.00 
2024 01 18 01 40 122  1.1  2.4  2.06 13.79  8.24 283 1018.4  13.1 999.0  12.6 99.0 99.00 
2024 01 18 01 50 124  1.1  2.2 99.00 99.00 99.00 999 1018.4  13.1 999.0  12.6 99.0 99.00 
2024 01 18 02 00 128  1.1  2.1 99.00 99.00 99.00 999 1018.2  13.0 999.0  12.5 99.0 99.00 
2024 01 18 02 10 124  0.6  1.9  1.87 13.79  7.95 280 1018.5  13.1 999.0  12.6 99.0 99.00 
2024 01 18 02 20 135  0.3  1.1 99.00 99.00 99.00 999 1018.5  13.1 999.0  12.6 99.0 99.00 
2024 01 18 02 30 156  0.5  1.4 99.00 99.00 99.00 999 1018.7  13.1 999.0  12.6 99.0 99.00 
2024 01 18 02 40 157  0.6  1.3  1.88 12.90  8.05 285 1018.5  13.1 999.0  12.6 99.0 99.00 
2024 01 18 02 50 213  0.7  1.6 99.00 99.00 99.00 999 1018.9  13.1 999.0  12.6 99.0 99.00 
2024 01 18 03 00 255  1.4  2.4 99.00 99.00 99.00 999 1019.0  13.1 999.0  12.6 99.0 99.00 
2024 01 18 03 10 250  2.1  3.1  1.78 12.90  7.89 284 1019.0  13.1 999.0  12.7 99.0 99.00 
2024 01 18 03 20 247  1.8  3.0 99.00 99.00 99.00 999 1019.1  13.1 999.0  12.7 99.0 99.00 
2024 01 18 03 30 263  1.9  2.9 99.00 99.00 99.00 999 1019.2  13.2 999.0  12.8 99.0 99.00 
2024 01 18 03 40 274  1.8  3.0  1.99 13.79  8.37 296 1019.2  13.2 999.0  12.8 99.0 99.00 
2024 01 18 03 50 263  1.3  2.3 99.00 99.00 99.00 999 1019.0  13.2 999.0  12.8 99.0 99.00 
2024 01 18 04 00 275  0.9  1.8 99.00 99.00 99.00 999 1019.1  13.2 999.0  12.7 99.0 99.00 
2024 01 18 04 10 306  0.5  1.2  2.01 13.79  8.47 284 1019.1  13.2 999.0  12.7 99.0 99.00 
2024 01 18 04 20 324  0.6  1.3 99.00 99.00 99.00 999 1019.2  13.2 999.0  12.7 99.0 99.00 
2024 01 18 04 30  38  1.3  3.0 99.00 99.00 99.00 999 1019.2  13.2 999.0  12.7 99.0 99.00 
2024 01 18 04 40  67  2.4  4.0  2.16 12.90  8.60 291 1019.1  13.0 999.0  12.6 99.0 99.00 
2024 01 18 04 50  77  2.8  4.5 99.00 99.00 99.00 999 1019.2  12.8 999.0  12.4 99.0 99.00 
2024 01 18 05 00  81  2.1  3.7 99.00 99.00 99.00 999 1019.3  12.9 999.0  12.5 99.0 99.00 
2024 01 18 05 10  81  1.0  2.4  2.02 12.90  8.52 289 1019.2  13.0 999.0  12.6 99.0 99.00 
2024 01 18 05 20  92  0.6  1.8 99.00 99.00 99.00 999 1019.2  13.0 999.0  12.6 99.0 99.00 
2024 01 18 05 30  71  0.5  1.5 99.00 99.00 99.00 999 1019.1  13.0 999.0  12.6 99.0 99.00 
2024 01 18 05 40  52  0.8  2.0  2.17 12.12  8.62 287 1019.2  12.9 999.0  12.5 99.0 99.00 
2024 01 18 05 50  64  1.1  2.1 99.00 99.00 99.00 999 1019.4  12.8 999.0  12.4 99.0 99.00 
2024 01 18 06 00  52  0.5  2.1 99.00 99.00 99.00 999 1019.5  12.8 999.0  12.4 99.0 99.00 
2024 01 18 06 10  24  0.2  0.9  2.23 12.90  8.79 290 1019.7  12.8 999.0  12.3 99.0 99.00 
2024 01 18 06 20  33  0.8  2.3 99.00 99.00 99.00 999 1019.8  12.8 999.0  12.3 99.0 99.00 
2024 01 18 06 30  33  1.5  2.8 99.00 99.00 99.00 999 1019.9  12.8 999.0  12.3 99.0 99.00 
2024 01 18 06 40  52  1.5  2.5  1.88 12.90  8.16 295 1020.1  12.9 999.0  12.4 99.0 99.00 
2024 01 18 06 50  60  1.4  2.7 99.00 99.00 99.00 999 1020.1  12.9 999.0  12.4 99.0 99.00 
2024 01 18 07 00  52  1.7  2.8 99.00 99.00 99.00 999 1020.0  12.8 999.0  12.3 99.0 99.00 
2024 01 18 07 10  67  2.0  3.5  2.00 12.90  8.13 284 1019.7  12.8 999.0  12.3 99.0 99.00 
2024 01 18 07 20  71  2.7  3.9 99.00 99.00 99.00 999 1019.4  12.7 999.0  12.3 99.0 99.00 
2024 01 18 07 30  70  2.9  4.5 99.00 99.00 99.00 999 1019.2  12.6 999.0  12.2 99.0 99.00 
2024 01 18 07 40  70  2.7  4.3  1.90 12.90  8.02 291 1019.1  12.5 999.0  12.0 99.0 99.00 
2024 01 18 07 50  64  2.3  3.6 99.00 99.00 99.00 999 1019.2  12.5 999.0  12.0 99.0 99.00 
2024 01 18 08 00  54  2.3  3.4 99.00 99.00 99.00 999 1019.0  12.5 999.0  12.0 99.0 99.00 
2024 01 18 08 10  55  2.8  4.3  2.06 13.79  8.49 287 1019.0  12.4 999.0  11.9 99.0 99.00 
2024 01 18 08 20  61  3.2  4.8 99.00 99.00 99.00 999 1018.9  12.4 999.0  11.8 99.0 99.00 
2024 01 18 08 30  65  3.3  4.9 99.00 99.00 99.00 999 1018.9  12.3 999.0  11.6 99.0 99.00 
2024 01 18 08 40  67  2.9  4.7  2.36 13.79  9.03 292 1018.9  12.3 999.0  11.6 99.0 99.00 
2024 01 18 08 50  69  2.7  5.0 99.00 99.00 99.00 999 1019.0  12.3 999.0  11.7 99.0 99.00 
2024 01 18 09 00  64  2.2  3.5 99.00 99.00 99.00 999 1019.1  12.2 999.0  11.7 99.0 99.00 
2024 01 18 09 10  66  2.6  3.9  1.99 11.43  8.54 299 1018.9  12.1 999.0  11.6 99.0 99.00 
2024 01 18 09 20  60  2.3  3.6 99.00 99.00 99.00 999 1018.7  12.0 999.0  11.5 99.0 99.00 
2024 01 18 09 30  62  2.6  4.2 99.00 99.00 99.00 999 1018.7  11.9 999.0  11.5 99.0 99.00 
2024 01 18 09 40  71  3.6  5.6  2.20 12.90  8.76 297 1018.8  11.6 999.0  11.2 99.0 99.00 
2024 01 18 09 50  68  3.5  5.0 99.00 99.00 99.00 999 1018.8  11.1 999.0  10.9 99.0 99.00 
2024 01 18 10 00  64  2.9  4.9 99.00 99.00 99.00 999 1019.0  11.0 999.0  10.8 99.0 99.00 
2024 01 18 10 10  71  2.8  4.5  2.20 12.90  9.06 290 1019.2  11.2 999.0  11.1 99.0 99.00 
2024 01 18 10 20  74  3.9  5.9 99.00 99.00 99.00 999 1019.1  11.2 999.0  11.1 99.0 99.00 
2024 01 18 10 30  76  4.3  5.8 99.00 99.00 99.00 999 1019.0  11.1 999.0  11.0 99.0 99.00 
2024 01 18 10 40  85  4.6  6.4  2.04 12.90  8.64 280 1018.9  10.7 999.0  10.6 99.0 99.00 
2024 01 18 10 50  85  4.7  6.5 99.00 99.00 99.00 999 1018.9  10.4 999.0  10.3 99.0 99.00 
2024 01 18 11 00  88  5.1  7.2 99.00 99.00 99.00 999 1018.9  10.6 999.0  10.6 99.0 99.00 
2024 01 18 11 10  94  5.6  7.2  1.95 12.90  8.41 271 1018.8  10.6 999.0  10.6 99.0 99.00 
2024 01 18 11 20  92  4.7  7.4 99.00 99.00 99.00 999 1019.0  10.8 999.0  10.7 99.0 99.00 
2024 01 18 11 30  91  4.2  6.1 99.00 99.00 99.00 999 1018.7  10.8 999.0  10.7 99.0 99.00 
2024 01 18 11 40  88  4.3  6.2  2.00 12.12  8.26 278 1018.5  10.7 999.0  10.6 99.0 99.00 
2024 01 18 11 50  92  4.5  6.0 99.00 99.00 99.00 999 1018.5  10.7 999.0  10.6 99.0 99.00 
2024 01 18 12 00  91  5.0  6.9 99.00 99.00 99.00 999 1018.3  10.8 999.0  10.7 99.0 99.00 
2024 01 18 12 10  86  5.7  7.6  2.11 12.90  8.44 288 1018.3  10.8 999.0  10.7 99.0 99.00 
2024 01 18 12 20  89  5.8  7.8 99.00 99.00 99.00 999 1018.3  10.8 999.0  10.7 99.0 99.00 
2024 01 18 12 30  90  6.1  8.2 99.00 99.00 99.00 999 1018.3  10.9 999.0  10.8 99.0 99.00 
2024 01 18 12 40  89  6.0  8.5  2.15 12.90  8.46 280 1018.3  10.9 999.0  10.7 99.0 99.00 
2024 01 18 12 50  91  6.2  8.1 99.00 99.00 99.00 999 1018.2  10.8 999.0  10.6 99.0 99.00 
2024 01 18 13 00  89  6.0  8.7 99.00 99.00 99.00 999 1018.1  10.9 999.0  10.7 99.0 99.00 
2024 01 18 13 10  86  5.9  7.7  2.04 13.79  8.15 269 1018.1  11.0 999.0  10.7 99.0 99.00 
2024 01 18 13 20  86  6.4  8.9 99.00 99.00 99.00 999 1017.9  11.1 999.0  10.7 99.0 99.00 
2024 01 18 13 30  86  7.0  9.3 99.00 99.00 99.00 999 1017.8  11.0 999.0  10.6 99.0 99.00 
2024 01 18 13 40  90  7.4  9.8  1.96 12.12  7.91 288 1017.5  11.1 999.0  10.7 99.0 99.00 
2024 01 18 13 50  91  7.9 10.0 99.00 99.00 99.00 999 1017.3  11.1 999.0  10.7 99.0 99.00 
2024 01 18 14 00  89  7.5  9.7 99.00 99.00 99.00 999 1017.1  11.2 999.0  10.8 99.0 99.00 
2024 01 18 14 10  89  7.7 10.0  2.23 12.12  8.38 284 1017.2  11.3 999.0  10.8 99.0 99.00 
2024 01 18 14 20  91  7.2  9.4 99.00 99.00 99.00 999 1017.2  11.3 999.0  10.8 99.0 99.00 
2024 01 18 14 30  91  7.5 10.1 99.00 99.00 99.00 999 1017.3  11.4 999.0  10.7 99.0 99.00 
2024 01 18 14 40  91  7.0  9.5  2.32 12.12  8.33 283 1017.4  11.5 999.0  10.9 99.0 99.00 
2024 01 18 14 50  92  7.4  9.7 99.00 99.00 99.00 999 1017.4  11.4 999.0  10.7 99.0 99.00 
2024 01 18 15 00  89  7.3  9.5 99.00 99.00 99.00 999 1017.4  11.4 999.0  10.7 99.0 99.00 
2024 01 18 15 10  90  7.6  9.8  2.01 12.12  7.98 283 1017.4  11.3 999.0  10.6 99.0 99.00 
2024 01 18 15 20  89  8.0 10.8 99.00 99.00 99.00 999 1017.2  11.3 999.0  10.6 99.0 99.00 
2024 01 18 15 30  88  8.4 10.7 99.00 99.00 99.00 999 1017.0  11.1 999.0  10.4 99.0 99.00 
2024 01 18 15 40  91  8.0 10.5  1.89 12.90  7.25 288 1017.1  11.1 999.0  10.4 99.0 99.00 
2024 01 18 15 50  92  7.6 10.1 99.00 99.00 99.00 999 1017.2  11.1 999.0  10.4 99.0 99.00 
2024 01 18 16 00  92  7.2 10.0 99.00 99.00 99.00 999 1017.3  11.1 999.0  10.4 99.0 99.00 
2024 01 18 16 10  92  6.9  8.7  1.95 12.12  7.70 295 1017.3  11.1 999.0  10.4 99.0 99.00 
2024 01 18 16 20  92  6.9  9.1 99.00 99.00 99.00 999 1017.3  11.3 999.0  10.6 99.0 99.00 
2024 01 18 16 30  94  7.0  9.2 99.00 99.00 99.00 999 1017.2  11.5 999.0  10.7 99.0 99.00 
2024 01 18 16 40  94  7.1  9.2  1.87 10.81  7.20 282 1017.3  11.6 999.0  10.7 99.0 99.00 
2024 01 18 16 50  94  7.0  8.7 99.00 99.00 99.00 999 1017.3  11.7 999.0  10.7 99.0 99.00 
2024 01 18 17 00  92  7.0  8.8 99.00 99.00 99.00 999 1017.2  11.9 999.0  10.8 99.0 99.00 
2024 01 18 17 10  93  7.0  9.0  2.06 12.12  7.75 284 1017.3  12.0 999.0  10.9 99.0 99.00 
2024 01 18 17 20  90  6.8  8.8 99.00 99.00 99.00 999 1017.4  12.1 999.0  11.0 99.0 99.00 
2024 01 18 17 30  90  7.0  8.6 99.00 99.00 99.00 999 1017.4  11.8 999.0  10.8 99.0 99.00 
2024 01 18 17 40  94  6.9  9.0  1.58 12.90  6.58 290 1017.7  11.8 999.0  10.7 99.0 99.00 
2024 01 18 17 50  91  6.2  8.2 99.00 99.00 99.00 999 1017.9  11.9 999.0  10.8 99.0 99.00 
2024 01 18 18 00  87  6.0  8.2 99.00 99.00 99.00 999 1017.8  12.1 999.0  11.1 99.0 99.00 
2024 01 18 18 10  88  6.4  8.1  1.64 11.43  6.88 282 1017.8  12.2 999.0  11.0 99.0 99.00 
2024 01 18 18 20  88  5.6  7.9 99.00 99.00 99.00 999 1018.2  12.3 999.0  11.1 99.0 99.00 
2024 01 18 18 30  88  5.5  7.1 99.00 99.00 99.00 999 1018.3  12.4 999.0  11.2 99.0 99.00 
2024 01 18 18 40  86  5.9  7.5  1.68 12.12  7.01 287 1018.3  12.4 999.0  11.1 99.0 99.00 
2024 01 18 18 50  90  6.0  7.5 99.00 99.00 99.00 999 1018.1  12.4 999.0  11.1 99.0 99.00 
2024 01 18 19 00  89  6.2  8.2 99.00 99.00 99.00 999 1017.7  12.4 999.0  11.2 99.0 99.00 
2024 01 18 19 10  93  6.6  8.9  1.81 12.12  7.27 288 1017.5  12.6 999.0  11.3 99.0 99.00 
2024 01 18 19 20  99  8.8 11.3 99.00 99.00 99.00 999 1017.2  13.0 999.0  11.2 99.0 99.00 
2024 01 18 19 30 102  9.0 11.3 99.00 99.00 99.00 999 1017.0  13.1 999.0  11.2 99.0 99.00 
2024 01 18 19 40 101  8.6 11.9  1.97 11.43  7.14 282 1017.0  13.2 999.0  11.3 99.0 99.00 
2024 01 18 19 50 108  8.1 10.0 99.00 99.00 99.00 999 1017.0  13.2 999.0  11.3 99.0 99.00 
2024 01 18 20 00 111  7.0  8.9 99.00 99.00 99.00 999 1016.8  13.1 999.0  11.3 99.0 99.00 
2024 01 18 20 10 111  6.6  8.7  1.76 11.43  7.05 270 1016.8  13.1 999.0  11.4 99.0 99.00 
2024 01 18 20 20 110  6.8  9.1 99.00 99.00 99.00 999 1016.6  13.1 999.0  11.5 99.0 99.00 
2024 01 18 20 30 114  7.5  9.5 99.00 99.00 99.00 999 1016.5  13.0 999.0  11.4 99.0 99.00 
2024 01 18 20 40 115  7.1  8.9  1.84 12.90  7.09 274 1016.6  13.0 999.0  11.4 99.0 99.00 
2024 01 18 20 50 118  6.7  8.9 99.00 99.00 99.00 999 1016.6  13.1 999.0  11.5 99.0 99.00 
2024 01 18 21 00 116  7.0  8.8 99.00 99.00 99.00 999 1016.4  13.1 999.0  11.4 99.0 99.00 
2024 01 18 21 10 118  6.5  8.2  1.66 11.43  6.67 277 1016.6  13.1 999.0  11.4 99.0 99.00 
2024 01 18 21 20 117  6.3  8.1 99.00 99.00 99.00 999 1016.6  13.2 999.0  11.4 99.0 99.00 
2024 01 18 21 30 112  6.0  7.6 99.00 99.00 99.00 999 1016.7  13.2 999.0  11.5 99.0 99.00 
2024 01 18 21 40 115  5.6  7.2  1.61 12.12  6.95 277 1016.9  13.3 999.0  11.6 99.0 99.00 
2024 01 18 21 50 115  5.5  6.9 99.00 99.00 99.00 999 1016.8  13.3 999.0  11.7 99.0 99.00 
2024 01 18 22 00 111  5.9  7.6 99.00 99.00 99.00 999 1016.7  13.3 999.0  11.7 99.0 99.00 
2024 01 18 22 10 110  5.9  7.5  1.56 12.12  6.75 278 1016.8  13.4 999.0  11.7 99.0 99.00 
2024 01 18 22 20 107  6.4  8.2 99.00 99.00 99.00 999 1016.4  13.5 999.0  11.7 99.0 99.00 
2024 01 18 22 30 104  6.8  8.6 99.00 99.00 99.00 999 1016.2  13.5 999.0  11.7 99.0 99.00 
2024 01 18 22 40 102  7.8  9.5  1.52 12.12  6.55 278 1015.7  13.5 999.0  11.7 99.0 99.00 
2024 01 18 22 50  98  7.9 10.0 99.00 99.00 99.00 999 1015.6  13.5 999.0  11.7 99.0 99.00 
2024 01 18 23 00 100  7.9 10.0 99.00 99.00 99.00 999 1015.5  13.5 999.0  11.7 99.0 99.00 
2024 01 18 23 10 104  7.1  9.1  1.47 10.00  6.05 284 1015.7  13.5 999.0  11.7 99.0 99.00 
2024 01 18 23 20 101  7.2  8.9 99.00 99.00 99.00 999 1015.5  13.6 999.0  11.9 99.0 99.00 
2024 01 18 23 30 101  7.5  9.8 99.00 99.00 99.00 999 1015.5  13.7 999.0  11.9 99.0 99.00 
2024 01 18 23 40 105  7.3  9.3  1.41 12.12  6.28 266 1015.4  13.8 999.0  11.9 99.0 99.00 
2024 01 18 23 50 108  7.8 10.0 99.00 99.00 99.00 999 1015.6  13.9 999.0  11.8 99.0 99.00 
2024 01 19 00 00 115  6.8  9.1 99.00 99.00 99.00 999 1015.8  13.9 999.0  12.0 99.0 99.00 
2024 01 19 00 10 124  5.7  7.4  1.52 12.90  6.40 271 1016.0  13.7 999.0  12.0 99.0 99.00 
2024 01 19 00 20 134  5.5  7.1 99.00 99.00 99.00 999 1016.2  13.8 999.0  12.0 99.0 99.00 
2024 01 19 00 30 137  5.0  7.1 99.00 99.00 99.00 999 1016.3  13.8 999.0  12.0 99.0 99.00 
2024 01 19 00 40 124  4.7  5.8  1.34 12.90  6.15 279 1016.3  13.7 999.0  12.1 99.0 99.00 
2024 01 19 00 50 120  4.5  5.6 99.00 99.00 99.00 999 1016.3  13.7 999.0  12.1 99.0 99.00 
2024 01 19 01 00 117  4.7  6.1 99.00 99.00 99.00 999 1016.3  13.7 999.0  11.9 99.0 99.00 
2024 01 19 01 10 112  5.0  6.9  1.34 12.12  6.61 278 1016.0  13.7 999.0  11.9 99.0 99.00 
2024 01 19 01 20 108  6.2  8.3 99.00 99.00 99.00 999 1015.9  13.6 999.0  11.8 99.0 99.00 
2024 01 19 01 30 106  6.3  7.5 99.00 99.00 99.00 999 1016.0  13.5 999.0  11.8 99.0 99.00 
2024 01 19 01 40 106  6.3  9.2  1.31 12.12  6.31 277 1016.1  13.5 999.0  11.9 99.0 99.00 
2024 01 19 01 50 105  6.2  7.8 99.00 99.00 99.00 999 1016.1  13.4 999.0  11.9 99.0 99.00 
2024 01 19 02 00 106  6.5  7.9 99.00 99.00 99.00 999 1016.2  13.2 999.0  11.7 99.0 99.00 
2024 01 19 02 10 105  6.5  8.2  1.16 12.12  5.60 289 1016.2  13.2 999.0  11.7 99.0 99.00 
2024 01 19 02 20 104  6.6  8.4 99.00 99.00 99.00 999 1015.9  13.3 999.0  11.8 99.0 99.00 
2024 01 19 02 30 102  8.0  9.8 99.00 99.00 99.00 999 1015.9  13.2 999.0  11.7 99.0 99.00 
2024 01 19 02 40 108  7.1  8.9  1.23 10.81  5.96 278 1016.1  13.3 999.0  11.7 99.0 99.00 
2024 01 19 02 50 112  6.7  8.4 99.00 99.00 99.00 999 1016.3  13.4 999.0  11.6 99.0 99.00 
2024 01 19 03 00 112  6.0  7.5 99.00 99.00 99.00 999 1016.5  13.4 999.0  11.7 99.0 99.00 
2024 01 19 03 10 118  4.8  6.0  1.26 11.43  6.01 273 1016.8  13.3 999.0  11.8 99.0 99.00 
2024 01 19 03 20 119  4.9  7.0 99.00 99.00 99.00 999 1016.8  13.2 999.0  11.7 99.0 99.00 
2024 01 19 03 30 111  5.7  6.9 99.00 99.00 99.00 999 1016.7  13.1 999.0  11.7 99.0 99.00 
2024 01 19 03 40 110  6.0  7.4  1.19 12.12  5.76 293 1016.7  13.1 999.0  11.7 99.0 99.00 
2024 01 19 03 50 108  6.1  7.9 99.00 99.00 99.00 999 1016.7  13.1 999.0  11.7 99.0 99.00 
2024 01 19 04 00 108  6.5  8.1 99.00 99.00 99.00 999 1016.5  13.0 999.0  11.6 99.0 99.00 
2024 01 19 04 10 104  6.4  8.0  1.43 11.43  6.51 284 1016.5  13.0 999.0  11.7 99.0 99.00 
2024 01 19 04 20 106  6.2  7.9 99.00 99.00 99.00 999 1016.6  13.0 999.0  11.6 99.0 99.00 
2024 01 19 04 30 105  6.5  8.4 99.00 99.00 99.00 999 1016.3  13.1 999.0  11.7 99.0 99.00 
2024 01 19 04 40 107  6.2  7.7  1.24 11.43  5.72 279 1016.3  12.9 999.0  11.6 99.0 99.00 
2024 01 19 04 50 101  7.2  8.9 99.00 99.00 99.00 999 1016.4  12.9 999.0  11.6 99.0 99.00 
2024 01 19 05 00 105  6.7  7.9 99.00 99.00 99.00 999 1016.3  12.8 999.0  11.4 99.0 99.00 
2024 01 19 05 10 104  6.9  8.7  1.30 11.43  5.62 266 1016.3  12.8 999.0  11.5 99.0 99.00 
2024 01 19 05 20 105  7.1  8.7 99.00 99.00 99.00 999 1016.4  12.8 999.0  11.5 99.0 99.00 
2024 01 19 05 30 104  7.5  9.0 99.00 99.00 99.00 999 1016.3  12.8 999.0  11.5 99.0 99.00 
2024 01 19 05 40 106  7.6  9.5  1.31 11.43  5.72 292 1016.3  12.8 999.0  11.5 99.0 99.00 
2024 01 19 05 50 102  8.0  9.6 99.00 99.00 99.00 999 1016.1  12.8 999.0  11.5 99.0 99.00 
2024 01 19 06 00 102  7.9  9.7 99.00 99.00 99.00 999 1016.1  12.7 999.0  11.4 99.0 99.00 
2024 01 19 06 10 103  7.8  9.8  1.25 11.43  5.29 281 1015.9  12.8 999.0  11.5 99.0 99.00 
2024 01 19 06 20 100  7.8  9.5 99.00 99.00 99.00 999 1015.9  12.7 999.0  11.4 99.0 99.00 
2024 01 19 06 30 100  8.0  9.5 99.00 99.00 99.00 999 1015.7  12.7 999.0  11.4 99.0 99.00 
2024 01 19 06 40 103  7.7  9.5  1.30 10.81  5.32 281 1015.7  12.7 999.0  11.4 99.0 99.00 
2024 01 19 06 50 111  7.1  9.0 99.00 99.00 99.00 999 1015.9  12.8 999.0  11.5 99.0 99.00 
2024 01 19 07 00 112  6.6  8.6 99.00 99.00 99.00 999 1015.8  12.9 999.0  11.5 99.0 99.00 
2024 01 19 07 10 112  7.2  9.6  1.36 11.43  5.62 262 1015.8  12.9 999.0  11.4 99.0 99.00 
2024 01 19 07 20 106  7.5  9.6 99.00 99.00 99.00 999 1015.5  12.9 999.0  11.3 99.0 99.00 
2024 01 19 07 30 103  7.2  9.2 99.00 99.00 99.00 999 1015.4  12.9 999.0  11.4 99.0 99.00 
2024 01 19 07 40 105  7.1  9.3  1.42 10.81  5.85 275 1015.5  12.9 999.0  11.5 99.0 99.00 
2024 01 19 07 50 107  7.4  9.7 99.00 99.00 99.00 999 1015.5  12.9 999.0  11.5 99.0 99.00 
2024 01 19 08 00 114  6.8  9.0 99.00 99.00 99.00 999 1015.6  12.9 999.0  11.5 99.0 99.00 
2024 01 19 08 10 111  6.8  8.6  1.44 10.81  5.70 279 1015.2  12.9 999.0  11.6 99.0 99.00 
2024 01 19 08 20 104  7.5  9.2 99.00 99.00 99.00 999 1014.9  12.8 999.0  11.4 99.0 99.00 
2024 01 19 08 30 113  5.7  7.9 99.00 99.00 99.00 999 1015.2  12.8 999.0  11.5 99.0 99.00 
2024 01 19 08 40 117  5.9  7.6  1.40 11.43  5.41 264 1015.3  12.8 999.0  11.3 99.0 99.00 
2024 01 19 08 50 115  5.4  6.6 99.00 99.00 99.00 999 1015.2  12.9 999.0  11.5 99.0 99.00 
2024 01 19 09 00 111  5.8  7.6 99.00 99.00 99.00 999 1015.2  12.8 999.0  11.3 99.0 99.00 
2024 01 19 09 10 109  5.5  7.1  1.38 10.81  5.60 256 1014.5  12.8 999.0  11.4 99.0 99.00 
2024 01 19 09 20 100  6.8  8.5 99.00 99.00 99.00 999 1014.2  12.6 999.0  11.3 99.0 99.00 
2024 01 19 09 30 100  7.5 10.2 99.00 99.00 99.00 999 1013.9  12.7 999.0  11.5 99.0 99.00 
2024 01 19 09 40  98  8.6 10.7  1.45 11.43  5.61 282 1013.5  12.6 999.0  11.3 99.0 99.00 
2024 01 19 09 50  99  8.5 10.9 99.00 99.00 99.00 999 1013.7  12.6 999.0  11.3 99.0 99.00 
2024 01 19 10 00 103  7.8  9.6 99.00 99.00 99.00 999 1013.8  12.6 999.0  11.3 99.0 99.00 
2024 01 19 10 10 107  6.7  8.3  1.39 10.81  5.46 273 1013.9  12.6 999.0  11.3 99.0 99.00 
2024 01 19 10 20 111  5.9  7.6 99.00 99.00 99.00 999 1013.9  12.6 999.0  11.3 99.0 99.00 
2024 01 19 10 30 122  5.2  7.0 99.00 99.00 99.00 999 1014.2  12.7 999.0  11.4 99.0 99.00 
2024 01 19 10 40 140  4.7  5.7  1.48 10.81  5.80 280 1014.1  12.8 999.0  11.5 99.0 99.00 
2024 01 19 10 50 129  4.2  5.1 99.00 99.00 99.00 999 1013.9  12.8 999.0  11.5 99.0 99.00 
2024 01 19 11 00 119  5.2  7.1 99.00 99.00 99.00 999 1013.2  12.8 999.0  11.4 99.0 99.00 
2024 01 19 11 10 108  5.5  7.7  1.45 11.43  5.72 274 1013.2  13.0 999.0  11.6 99.0 99.00 
2024 01 19 11 20 106  4.8  6.0 99.00 99.00 99.00 999 1013.2  12.9 999.0  11.6 99.0 99.00 
2024 01 19 11 30 114  4.2  5.9 99.00 99.00 99.00 999 1013.4  12.9 999.0  11.6 99.0 99.00 
2024 01 19 11 40 117  3.6  5.0  1.39 10.00  5.62 278 1013.2  12.8 999.0  11.4 99.0 99.00 
2024 01 19 11 50 114  3.7  5.0 99.00 99.00 99.00 999 1013.2  12.9 999.0  11.4 99.0 99.00 
2024 01 19 12 00 114  4.6  6.6 99.00 99.00 99.00 999 1013.1  12.9 999.0  11.5 99.0 99.00 
2024 01 19 12 10 115  4.9  6.7  1.44 10.00  5.79 266 1012.9  12.8 999.0  11.4 99.0 99.00 
2024 01 19 12 20 110  6.5  8.5 99.00 99.00 99.00 999 1012.5  12.8 999.0  11.4 99.0 99.00 
2024 01 19 12 30 113  7.1  9.0 99.00 99.00 99.00 999 1012.6  12.7 999.0  11.2 99.0 99.00 
2024 01 19 12 40 115  7.3  9.2  1.55 10.81  5.77 286 1012.6  12.7 999.0  11.3 99.0 99.00 
2024 01 19 12 50 111  7.5  9.6 99.00 99.00 99.00 999 1012.3  12.7 999.0  11.3 99.0 99.00 
2024 01 19 13 00 110  8.0 10.3 99.00 99.00 99.00 999 1012.1  12.7 999.0  11.4 99.0 99.00 
2024 01 19 13 10 107  9.3 12.1  1.62 10.81  5.56 276 1011.8  12.6 999.0  11.2 99.0 99.00 
2024 01 19 13 20 106 10.4 13.8 99.00 99.00 99.00 999 1011.5  12.5 999.0  11.2 99.0 99.00 
2024 01 19 13 30 108 10.4 13.0 99.00 99.00 99.00 999 1011.6  12.4 999.0  11.1 99.0 99.00 
2024 01 19 13 40 106 10.9 13.3  1.69  7.69  5.45 249 1011.3  12.5 999.0  11.1 99.0 99.00 
2024 01 19 13 50 103 10.4 13.8 99.00 99.00 99.00 999 1011.4  12.5 999.0  11.1 99.0 99.00 
2024 01 19 14 00 106  9.8 12.4 99.00 99.00 99.00 999 1011.9  12.5 999.0  11.1 99.0 99.00 
2024 01 19 14 10 107  9.8 12.4  1.71  7.14  5.22 237 1011.8  12.5 999.0  11.1 99.0 99.00 
2024 01 19 14 20 103 10.2 13.2 99.00 99.00 99.00 999 1011.5  12.4 999.0  11.0 99.0 99.00 
2024 01 19 14 30 104 10.6 12.7 99.00 99.00 99.00 999 1011.5  12.3 999.0  10.9 99.0 99.00 
2024 01 19 14 40 105 10.0 12.3  1.76  6.67  5.14 230 1011.6  12.4 999.0  11.0 99.0 99.00 
2024 01 19 14 50 103  9.8 11.8 99.00 99.00 99.00 999 1011.8  12.4 999.0  11.0 99.0 99.00 
2024 01 19 15 00 108  9.7 11.9 99.00 99.00 99.00 999 1011.9  12.4 999.0  11.0 99.0 99.00 
2024 01 19 15 10 110  9.3 12.0  1.66  9.09  5.11 243 1012.1  12.4 999.0  11.0 99.0 99.00 
2024 01 19 15 20 112  9.5 12.3 99.00 99.00 99.00 999 1012.0  12.4 999.0  11.0 99.0 99.00 
2024 01 19 15 30 109  9.6 11.6 99.00 99.00 99.00 999 1011.9  12.4 999.0  10.9 99.0 99.00 
2024 01 19 15 40 109  9.4 11.5  1.81  6.25  5.18 198 1011.8  12.4 999.0  10.9 99.0 99.00 
2024 01 19 15 50 106  9.1 11.1 99.00 99.00 99.00 999 1011.8  12.5 999.0  11.0 99.0 99.00 
2024 01 19 16 00 110  8.2 10.3 99.00 99.00 99.00 999 1012.2  12.6 999.0  11.1 99.0 99.00 
2024 01 19 16 10 111  8.3 10.0  1.66  6.25  5.48 211 1012.1  12.7 999.0  11.1 99.0 99.00 
2024 01 19 16 20 112  8.8 11.0 99.00 99.00 99.00 999 1012.0  12.9 999.0  11.2 99.0 99.00 
2024 01 19 16 30 115  9.1 11.2 99.00 99.00 99.00 999 1012.1  13.0 999.0  11.3 99.0 99.00 
2024 01 19 16 40 113  9.0 11.5  1.74  6.67  5.44 212 1012.3  13.0 999.0  11.4 99.0 99.00 
2024 01 19 16 50 118  9.4 12.6 99.00 99.00 99.00 999 1012.2  13.1 999.0  11.6 99.0 99.00 
2024 01 19 17 00 120  9.9 12.1 99.00 99.00 99.00 999 1012.3  13.2 999.0  11.7 99.0 99.00 
2024 01 19 17 10 121  9.9 12.1  1.64  5.88  5.17 183 1012.3  13.1 999.0  11.7 99.0 99.00 
2024 01 19 17 20 121 10.3 13.4 99.00 99.00 99.00 999 1012.3  12.8 999.0  11.6 99.0 99.00 
2024 01 19 17 30 118 10.5 13.6 99.00 99.00 99.00 999 1012.0  12.6 999.0  11.6 99.0 99.00 
2024 01 19 17 40 118 10.7 14.0  1.80 11.43  5.33 279 1012.0  12.6 999.0  11.6 99.0 99.00 
2024 01 19 17 50 115 10.3 13.1 99.00 99.00 99.00 999 1011.9  12.6 999.0  11.6 99.0 99.00 
2024 01 19 18 00 115 10.8 13.3 99.00 99.00 99.00 999 1011.8  12.8 999.0  11.7 99.0 99.00 
2024 01 19 18 10 116 11.0 14.4  1.86  7.14  5.45 220 1011.7  12.9 999.0  11.8 99.0 99.00 
2024 01 19 18 20 119 10.5 13.0 99.00 99.00 99.00 999 1011.7  12.8 999.0  11.9 99.0 99.00 
2024 01 19 18 30 118 11.1 13.8 99.00 99.00 99.00 999 1011.5  12.6 999.0  11.9 99.0 99.00 
2024 01 19 18 40 121 11.1 14.1  1.96  6.67  5.54 210 1011.5  12.5 999.0  12.0 99.0 99.00 
2024 01 19 18 50 123 11.4 14.5 99.00 99.00 99.00 999 1011.4  12.4 999.0  11.9 99.0 99.00 
2024 01 19 19 00 120 11.9 15.2 99.00 99.00 99.00 999 1011.1  12.4 999.0  12.0 99.0 99.00 
2024 01 19 19 10 119 11.1 14.1  2.03  7.14  5.47 214 1011.0  12.5 999.0  12.1 99.0 99.00 
2024 01 19 19 20 124 11.5 15.7 99.00 99.00 99.00 999 1010.9  12.6 999.0  12.2 99.0 99.00 
2024 01 19 19 30 132 12.4 15.5 99.00 99.00 99.00 999 1010.6  12.7 999.0  12.2 99.0 99.00 
2024 01 19 19 40 135 12.8 17.5  2.05  6.25  5.67 179 1010.4  12.6 999.0  12.0 99.0 99.00 
2024 01 19 19 50 132 12.4 17.0 99.00 99.00 99.00 999 1010.4  12.5 999.0  11.9 99.0 99.00 
2024 01 19 20 00 126 11.8 14.6 99.00 99.00 99.00 999 1010.2  12.4 999.0  11.9 99.0 99.00 
2024 01 19 20 10 122 11.3 14.1  2.15  6.67  5.65 195 1010.2  12.2 999.0  11.7 99.0 99.00 
2024 01 19 20 20 125 11.9 15.0 99.00 99.00 99.00 999 1009.8  12.2 999.0  11.6 99.0 99.00 
2024 01 19 20 30 127 12.1 15.6 99.00 99.00 99.00 999 1009.6  12.5 999.0  11.6 99.0 99.00 
2024 01 19 20 40 123 11.9 14.9  2.32  6.25  5.64 195 1009.7  12.6 999.0  11.5 99.0 99.00 
2024 01 19 20 50 126 12.1 15.3 99.00 99.00 99.00 999 1009.6  12.5 999.0  11.5 99.0 99.00 
2024 01 19 21 00 124 12.1 15.0 99.00 99.00 99.00 999 1009.4  12.5 999.0  11.5 99.0 99.00 
2024 01 19 21 10 122 11.8 14.7  2.40  6.67  5.71 184 1009.4  12.5 999.0  11.5 99.0 99.00 
2024 01 19 21 20 123 11.3 14.2 99.00 99.00 99.00 999 1009.1  12.5 999.0  11.5 99.0 99.00 
2024 01 19 21 30 121 11.4 14.8 99.00 99.00 99.00 999 1009.1  12.3 999.0  11.5 99.0 99.00 
2024 01 19 21 40 123 11.2 14.0  2.69  7.14  5.85 189 1008.9  12.2 999.0  11.6 99.0 99.00 
2024 01 19 21 50 124 11.3 13.8 99.00 99.00 99.00 999 1008.9  12.1 999.0  11.6 99.0 99.00 
2024 01 19 22 00 122 11.4 14.2 99.00 99.00 99.00 999 1008.8  12.1 999.0  11.7 99.0 99.00 
2024 01 19 22 10 123 11.3 14.4  2.63  7.14  6.09 196 1008.8  12.0 999.0  11.6 99.0 99.00 
2024 01 19 22 20 126 11.0 13.7 99.00 99.00 99.00 999 1008.9  12.0 999.0  11.6 99.0 99.00 
2024 01 19 22 30 133 10.8 14.6 99.00 99.00 99.00 999 1009.0  12.0 999.0  11.6 99.0 99.00 
2024 01 19 22 40 133 11.3 14.3  2.51  7.69  5.85 187 1008.8  12.0 999.0  11.6 99.0 99.00 
2024 01 19 22 50 131 11.3 14.1 99.00 99.00 99.00 999 1008.7  12.0 999.0  11.6 99.0 99.00 
2024 01 19 23 00 131 11.3 14.1 99.00 99.00 99.00 999 1008.7  12.1 999.0  11.7 99.0 99.00 
2024 01 19 23 10 135 10.7 13.6  2.56  7.14  5.99 184 1008.5  12.2 999.0  11.8 99.0 99.00 
2024 01 19 23 20 135 11.0 14.9 99.00 99.00 99.00 999 1008.5  12.3 999.0  11.8 99.0 99.00 
2024 01 19 23 30 131 11.6 14.7 99.00 99.00 99.00 999 1007.8  12.4 999.0  12.0 99.0 99.00 
2024 01 19 23 40 128 10.9 14.5  3.03  7.14  6.34 175 1007.6  12.6 999.0  12.2 99.0 99.00 
2024 01 19 23 50 119 10.2 13.1 99.00 99.00 99.00 999 1007.5  12.6 999.0  12.2 99.0 99.00 
2024 01 20 00 00 127 10.9 14.2 99.00 99.00 99.00 999 1007.8  12.6 999.0  12.2 99.0 99.00 
2024 01 20 00 10 135 11.0 13.9  3.13  7.69  6.44 180 1007.8  12.8 999.0  12.4 99.0 99.00 
2024 01 20 00 20 135 11.5 14.8 99.00 99.00 99.00 999 1007.8  12.8 999.0  12.3 99.0 99.00 
2024 01 20 00 30 138 11.8 16.2 99.00 99.00 99.00 999 1007.5  12.8 999.0  12.3 99.0 99.00 
2024 01 20 00 40 138 11.6 15.4  3.24  7.69  6.58 176 1007.3  12.8 999.0  12.3 99.0 99.00 
2024 01 20 00 50 136 11.3 14.7 99.00 99.00 99.00 999 1007.2  12.8 999.0  12.4 99.0 99.00 
2024 01 20 01 00 135 10.9 13.3 99.00 99.00 99.00 999 1006.8  12.8 999.0  12.4 99.0 99.00 
2024 01 20 01 10 137 11.0 15.4  3.18  7.69  6.52 176 1006.9  12.9 999.0  12.5 99.0 99.00 
2024 01 20 01 20 140 11.3 13.5 99.00 99.00 99.00 999 1006.8  13.0 999.0  12.6 99.0 99.00 
2024 01 20 01 30 140 11.9 15.1 99.00 99.00 99.00 999 1006.9  13.0 999.0  12.6 99.0 99.00 
2024 01 20 01 40 141 11.9 14.5  3.30  7.69  6.67 178 1007.0  13.1 999.0  12.7 99.0 99.00 
2024 01 20 01 50 140 11.8 15.0 99.00 99.00 99.00 999 1007.0  13.0 999.0  12.6 99.0 99.00 
2024 01 20 02 00 139 11.4 15.3 99.00 99.00 99.00 999 1007.1  13.1 999.0  12.7 99.0 99.00 
2024 01 20 02 10 138 11.1 13.6  3.06  8.33  6.40 202 1007.2  13.1 999.0  12.7 99.0 99.00 
2024 01 20 02 20 136 10.5 13.8 99.00 99.00 99.00 999 1007.2  13.1 999.0  12.7 99.0 99.00 
2024 01 20 02 30 134 11.1 14.0 99.00 99.00 99.00 999 1007.1  13.1 999.0  12.7 99.0 99.00 
2024 01 20 02 40 133 11.1 13.7  3.17  8.33  6.67 192 1007.0  13.1 999.0  12.7 99.0 99.00 
2024 01 20 02 50 134 10.5 13.6 99.00 99.00 99.00 999 1007.0  13.1 999.0  12.7 99.0 99.00 
2024 01 20 03 00 138 10.2 13.3 99.00 99.00 99.00 999 1007.2  13.1 999.0  12.8 99.0 99.00 
2024 01 20 03 10 140 10.1 13.2  3.18  8.33  6.77 198 1007.1  13.2 999.0  13.0 99.0 99.00 
2024 01 20 03 20 137  9.9 12.3 99.00 99.00 99.00 999 1007.1  13.2 999.0  13.0 99.0 99.00 
2024 01 20 03 30 140 10.3 12.8 99.00 99.00 99.00 999 1007.2  13.3 999.0  13.0 99.0 99.00 
2024 01 20 03 40 137 10.8 13.7  3.14  7.69  6.66 182 1007.2  13.2 999.0  12.8 99.0 99.00 
2024 01 20 03 50 137 10.6 13.8 99.00 99.00 99.00 999 1007.1  13.2 999.0  12.8 99.0 99.00 
2024 01 20 04 00 136 10.5 13.2 99.00 99.00 99.00 999 1007.0  13.2 999.0  12.8 99.0 99.00 
2024 01 20 04 10 137 10.8 13.9  3.21  7.69  6.92 179 1007.1  13.2 999.0  12.8 99.0 99.00 
2024 01 20 04 20 136 10.4 12.7 99.00 99.00 99.00 999 1007.0  13.1 999.0  12.7 99.0 99.00 
2024 01 20 04 30 132 10.2 12.6 99.00 99.00 99.00 999 1006.8  13.1 999.0  12.7 99.0 99.00 
2024 01 20 04 40 132 10.6 13.8  3.18 10.00  6.83 248 1006.9  13.2 999.0  12.9 99.0 99.00 
2024 01 20 04 50 139  9.8 12.9 99.00 99.00 99.00 999 1007.0  13.1 999.0  12.9 99.0 99.00 
2024 01 20 05 00 146  9.3 12.9 99.00 99.00 99.00 999 1007.1  13.2 999.0  13.0 99.0 99.00 
2024 01 20 05 10 145  9.5 12.6  3.54 10.00  7.20 241 1007.2  13.2 999.0  13.0 99.0 99.00 
2024 01 20 05 20 147  8.7 10.9 99.00 99.00 99.00 999 1007.1  13.2 999.0  13.0 99.0 99.00 
2024 01 20 05 30 143  8.1 10.3 99.00 99.00 99.00 999 1006.8  13.2 999.0  13.0 99.0 99.00 
2024 01 20 05 40 144  7.9 10.4  3.25 10.81  7.06 248 1006.8  13.3 999.0  13.1 99.0 99.00 
2024 01 20 05 50 155  7.6  9.6 99.00 99.00 99.00 999 1006.8  13.4 999.0  13.2 99.0 99.00 
2024 01 20 06 00 168  9.5 12.8 99.00 99.00 99.00 999 1006.7  13.7 999.0  13.3 99.0 99.00 
2024 01 20 06 10 166  8.9 11.2  3.41  9.09  7.12 224 1006.7  13.7 999.0  13.3 99.0 99.00 
2024 01 20 06 20 164  9.2 12.1 99.00 99.00 99.00 999 1006.8  13.8 999.0  13.4 99.0 99.00 
2024 01 20 06 30 164  9.7 12.1 99.00 99.00 99.00 999 1006.7  13.8 999.0  13.4 99.0 99.00 
2024 01 20 06 40 160  9.2 12.1  3.47 10.00  7.35 243 1006.6  13.8 999.0  13.4 99.0 99.00 
2024 01 20 06 50 155  9.3 11.7 99.00 99.00 99.00 999 1006.6  13.8 999.0  13.4 99.0 99.00 
2024 01 20 07 00 156  8.9 11.1 99.00 99.00 99.00 999 1006.6  13.7 999.0  13.3 99.0 99.00 
2024 01 20 07 10 156  8.9 11.6  3.66 10.81  7.51 239 1006.5  13.7 999.0  13.3 99.0 99.00 
2024 01 20 07 20 155  8.4 10.8 99.00 99.00 99.00 999 1006.5  13.7 999.0  13.3 99.0 99.00 
2024 01 20 07 30 160  7.9 10.2 99.00 99.00 99.00 999 1006.6  13.7 999.0  13.3 99.0 99.00 
2024 01 20 07 40 160  8.2 10.2  3.83 10.81  7.69 248 1006.6  13.8 999.0  13.4 99.0 99.00 
2024 01 20 07 50 160  8.4 11.2 99.00 99.00 99.00 999 1006.6  13.8 999.0  13.4 99.0 99.00 
2024 01 20 08 00 162  8.7 10.8 99.00 99.00 99.00 999 1006.5  13.8 999.0  13.4 99.0 99.00 
2024 01 20 08 10 159  9.0 11.0  3.61 10.81  7.44 247 1006.3  13.9 999.0  13.5 99.0 99.00 
2024 01 20 08 20 159  9.0 10.9 99.00 99.00 99.00 999 1006.2  13.8 999.0  13.4 99.0 99.00 
2024 01 20 08 30 157  8.8 11.1 99.00 99.00 99.00 999 1006.2  13.8 999.0  13.4 99.0 99.00 
2024 01 20 08 40 157  7.9  9.7  3.92 10.81  7.88 241 1006.1  13.8 999.0  13.4 99.0 99.00 
2024 01 20 08 50 156  7.8 10.1 99.00 99.00 99.00 999 1006.2  13.8 999.0  13.4 99.0 99.00 
2024 01 20 09 00 155  8.1 10.5 99.00 99.00 99.00 999 1006.1  13.8 999.0  13.4 99.0 99.00 
2024 01 20 09 10 158  8.2 10.4  3.68 10.81  7.77 249 1006.0  13.8 999.0  13.4 99.0 99.00 
2024 01 20 09 20 159  8.1 10.1 99.00 99.00 99.00 999 1006.1  13.8 999.0  13.4 99.0 99.00 
2024 01 20 09 30 159  8.1 10.1 99.00 99.00 99.00 999 1005.9  13.8 999.0  13.4 99.0 99.00 
2024 01 20 09 40 156  7.5  9.4  3.28 11.43  7.38 243 1005.9  13.7 999.0  13.3 99.0 99.00 
2024 01 20 09 50 153  8.0 10.0 99.00 99.00 99.00 999 1005.9  13.7 999.0  13.4 99.0 99.00 
2024 01 20 10 00 155  7.9 10.2 99.00 99.00 99.00 999 1005.9  13.7 999.0  13.3 99.0 99.00 
2024 01 20 10 10 155  8.8 10.6  3.26 10.81  7.30 247 1005.9  13.7 999.0  13.3 99.0 99.00 
2024 01 20 10 20 157  9.0 11.2 99.00 99.00 99.00 999 1005.9  13.7 999.0  13.3 99.0 99.00 
2024 01 20 10 30 157  8.4 11.1 99.00 99.00 99.00 999 1006.0  13.7 999.0  13.3 99.0 99.00 
2024 01 20 10 40 160  8.1 10.2  3.40 10.81  7.54 238 1006.0  13.7 999.0  13.4 99.0 99.00 
2024 01 20 10 50 162  8.5 10.7 99.00 99.00 99.00 999 1006.0  13.8 999.0  13.4 99.0 99.00 
2024 01 20 11 00 165  7.9  9.7 99.00 99.00 99.00 999 1006.0  13.8 999.0  13.4 99.0 99.00 
2024 01 20 11 10 162  7.7  9.5  2.79 11.43  7.11 238 1005.9  13.7 999.0  13.4 99.0 99.00 
2024 01 20 11 20 162  8.1 10.2 99.00 99.00 99.00 999 1005.9  13.8 999.0  13.6 99.0 99.00 
2024 01 20 11 30 161  7.9  9.8 99.00 99.00 99.00 999 1005.6  13.8 999.0  13.5 99.0 99.00 
2024 01 20 11 40 162  7.9  9.9  3.07 11.43  7.20 242 1005.7  13.8 999.0  13.4 99.0 99.00 
2024 01 20 11 50 167  7.8 10.7 99.00 99.00 99.00 999 1005.8  13.7 999.0  13.3 99.0 99.00 
2024 01 20 12 00 164  8.1 10.6 99.00 99.00 99.00 999 1005.8  13.8 999.0  13.5 99.0 99.00 
2024 01 20 12 10 163  7.3  9.2  3.22 11.43  7.48 246 1005.8  13.7 999.0  13.4 99.0 99.00 
2024 01 20 12 20 166  7.2  9.5 99.00 99.00 99.00 999 1005.8  13.7 999.0  13.3 99.0 99.00 
2024 01 20 12 30 162  7.4  9.7 99.00 99.00 99.00 999 1005.6  13.7 999.0  13.3 99.0 99.00 
2024 01 20 12 40 165  8.2 10.8  3.03 10.81  7.52 242 1005.7  13.7 999.0  13.4 99.0 99.00 
2024 01 20 12 50 168  8.0 10.1 99.00 99.00 99.00 999 1005.7  13.6 999.0  13.4 99.0 99.00 
2024 01 20 13 00 172  8.1 10.1 99.00 99.00 99.00 999 1005.8  13.7 999.0  13.5 99.0 99.00 
2024 01 20 13 10 178  8.0 10.2  2.66 10.81  7.18 254 1005.7  13.7 999.0  13.3 99.0 99.00 
2024 01 20 13 20 176  8.3 10.9 99.00 99.00 99.00 999 1005.6  13.7 999.0  13.3 99.0 99.00 
2024 01 20 13 30 175  8.1  9.8 99.00 99.00 99.00 999 1005.5  13.7 999.0  13.3 99.0 99.00 
2024 01 20 13 40 174  7.7  9.9  2.88 10.81  7.18 251 1005.5  13.7 999.0  13.3 99.0 99.00 
2024 01 20 13 50 172  7.5  9.3 99.00 99.00 99.00 999 1005.4  13.7 999.0  13.3 99.0 99.00 
2024 01 20 14 00 175  7.9 10.3 99.00 99.00 99.00 999 1005.4  13.8 999.0  13.4 99.0 99.00 
2024 01 20 14 10 173  7.9 10.2  3.13 10.00  7.67 242 1005.5  13.8 999.0  13.4 99.0 99.00 
2024 01 20 14 20 175  7.9  9.9 99.00 99.00 99.00 999 1005.4  13.8 999.0  13.4 99.0 99.00 
2024 01 20 14 30 180  8.7 11.5 99.00 99.00 99.00 999 1005.5  13.7 999.0  13.2 99.0 99.00 
2024 01 20 14 40 185  8.5 11.1  2.78 11.43  7.08 247 1005.6  13.7 999.0  13.0 99.0 99.00 
2024 01 20 14 50 191  8.6 11.3 99.00 99.00 99.00 999 1005.7  13.6 999.0  12.9 99.0 99.00 
2024 01 20 15 00 193  7.4  9.1 99.00 99.00 99.00 999 1005.8  13.5 999.0  12.7 99.0 99.00 
2024 01 20 15 10 191  7.3  9.5  2.97 10.81  7.65 247 1006.0  13.6 999.0  12.7 99.0 99.00 
2024 01 20 15 20 187  7.0  8.9 99.00 99.00 99.00 999 1006.0  13.6 999.0  12.7 99.0 99.00 
2024 01 20 15 30 183  7.4  9.2 99.00 99.00 99.00 999 1006.0  13.6 999.0  12.7 99.0 99.00 
2024 01 20 15 40 181  7.2  9.3  2.78 10.81  7.27 244 1006.2  13.6 999.0  12.7 99.0 99.00 
2024 01 20 15 50 180  7.0  8.5 99.00 99.00 99.00 999 1006.3  13.6 999.0  12.8 99.0 99.00 
2024 01 20 16 00 178  7.4  9.5 99.00 99.00 99.00 999 1006.3  13.7 999.0  12.9 99.0 99.00 
2024 01 20 16 10 174  8.0 10.2  3.28 10.81  7.76 251 1006.4  13.7 999.0  12.8 99.0 99.00 
2024 01 20 16 20 175  8.0  9.8 99.00 99.00 99.00 999 1006.4  13.7 999.0  12.8 99.0 99.00 
2024 01 20 16 30 177  7.3  9.4 99.00 99.00 99.00 999 1006.6  13.7 999.0  12.9 99.0 99.00 
2024 01 20 16 40 181  7.4  9.3  3.10 11.43  7.69 256 1006.7  13.6 999.0  12.6 99.0 99.00 
2024 01 20 16 50 180  7.3  9.2 99.00 99.00 99.00 999 1006.7  13.7 999.0  12.5 99.0 99.00 
2024 01 20 17 00 174  7.4  9.5 99.00 99.00 99.00 999 1006.9  13.8 999.0  12.5 99.0 99.00 
2024 01 20 17 10 170  7.7  9.5  2.94 10.81  7.61 260 1006.9  13.6 999.0  12.3 99.0 99.00 
2024 01 20 17 20 168  7.3  9.4 99.00 99.00 99.00 999 1007.1  13.6 999.0  12.4 99.0 99.00 
2024 01 20 17 30 170  7.5  9.8 99.00 99.00 99.00 999 1007.3  13.5 999.0  12.5 99.0 99.00 
2024 01 20 17 40 164  6.6  8.3  3.28 12.12  8.26 264 1007.3  13.5 999.0  12.5 99.0 99.00 
2024 01 20 17 50 165  6.9  8.6 99.00 99.00 99.00 999 1007.4  13.3 999.0  12.5 99.0 99.00 
2024 01 20 18 00 163  6.6  8.6 99.00 99.00 99.00 999 1007.4  13.4 999.0  12.5 99.0 99.00 
2024 01 20 18 10 167  6.8  8.5  3.41 11.43  8.12 264 1007.5  13.5 999.0  12.6 99.0 99.00 
2024 01 20 18 20 172  7.5 10.1 99.00 99.00 99.00 999 1007.6  13.6 999.0  12.7 99.0 99.00 
2024 01 20 18 30 175  8.3 10.6 99.00 99.00 99.00 999 1007.6  13.4 999.0  12.3 99.0 99.00 
2024 01 20 18 40 174  7.3  9.7  3.76 11.43  8.34 263 1007.8  13.2 999.0  12.0 99.0 99.00 
2024 01 20 18 50 176  6.8  8.4 99.00 99.00 99.00 999 1007.9  13.3 999.0  12.2 99.0 99.00 
2024 01 20 19 00 181  6.9  9.2 99.00 99.00 99.00 999 1007.8  13.4 999.0  12.4 99.0 99.00 
2024 01 20 19 10 176  7.5 10.1  3.53 12.12  8.00 267 1007.6  13.6 999.0  12.5 99.0 99.00 
2024 01 20 19 20 179  7.6  9.1 99.00 99.00 99.00 999 1007.8  13.6 999.0  12.6 99.0 99.00 
2024 01 20 19 30 180  7.9  9.7 99.00 99.00 99.00 999 1007.8  13.5 999.0  12.3 99.0 99.00 
2024 01 20 19 40 181  7.9  9.7  3.69 12.12  8.14 261 1007.8  13.6 999.0  12.3 99.0 99.00 
2024 01 20 19 50 181  7.7  9.7 99.00 99.00 99.00 999 1007.6  13.6 999.0  12.4 99.0 99.00 
2024 01 20 20 00 178  7.7  9.8 99.00 99.00 99.00 999 1007.5  13.6 999.0  12.4 99.0 99.00 
2024 01 20 20 10 181  7.0  9.4  3.54 12.12  8.06 255 1007.5  13.7 999.0  12.5 99.0 99.00 
2024 01 20 20 20 185  6.6  8.1 99.00 99.00 99.00 999 1007.5  13.7 999.0  12.5 99.0 99.00 
2024 01 20 20 30 182  7.0  8.9 99.00 99.00 99.00 999 1007.2  13.7 999.0  12.7 99.0 99.00 
2024 01 20 20 40 180  7.0  9.1  3.79 12.12  8.16 256 1007.1  13.7 999.0  12.8 99.0 99.00 
2024 01 20 20 50 181  6.8  8.5 99.00 99.00 99.00 999 1007.0  13.6 999.0  12.8 99.0 99.00 
2024 01 20 21 00 178  6.4  8.4 99.00 99.00 99.00 999 1007.0  13.6 999.0  12.8 99.0 99.00 
2024 01 20 21 10 178  7.0  8.9  3.70 12.12  7.96 267 1006.9  13.6 999.0  12.7 99.0 99.00 
2024 01 20 21 20 177  7.3  9.5 99.00 99.00 99.00 999 1006.7  13.6 999.0  12.8 99.0 99.00 
2024 01 20 21 30 178  7.4  9.6 99.00 99.00 99.00 999 1006.6  13.6 999.0  12.9 99.0 99.00 
2024 01 20 21 40 182  7.5  9.8  3.47 12.12  8.06 260 1006.5  13.5 999.0  12.8 99.0 99.00 
2024 01 20 21 50 183  6.8  9.1 99.00 99.00 99.00 999 1006.4  13.6 999.0  12.9 99.0 99.00 
2024 01 20 22 00 181  6.3  8.2 99.00 99.00 99.00 999 1006.4  13.6 999.0  12.9 99.0 99.00 
2024 01 20 22 10 183  6.4  7.8  3.89 11.43  8.23 259 1006.4  13.6 999.0  13.0 99.0 99.00 
2024 01 20 22 20 187  7.1 10.3 99.00 99.00 99.00 999 1006.5  13.5 999.0  13.0 99.0 99.00 
2024 01 20 22 30 191  8.5 11.0 99.00 99.00 99.00 999 1006.4  13.5 999.0  13.0 99.0 99.00 
2024 01 20 22 40 201  8.5 11.1  3.58 12.12  8.28 254 1006.4  13.4 999.0  12.7 99.0 99.00 
2024 01 20 22 50 202  7.4  9.8 99.00 99.00 99.00 999 1006.2  13.5 999.0  12.6 99.0 99.00 
2024 01 20 23 00 199  6.6  8.4 99.00 99.00 99.00 999 1006.1  13.5 999.0  12.4 99.0 99.00 
2024 01 20 23 10 195  5.8  7.5  3.74 12.12  8.45 255 1006.2  13.5 999.0  12.3 99.0 99.00 
2024 01 20 23 20 191  6.2  7.7 99.00 99.00 99.00 999 1006.4  13.6 999.0  12.3 99.0 99.00 
2024 01 20 23 30 195  5.5  7.5 99.00 99.00 99.00 999 1006.1  13.7 999.0  11.9 99.0 99.00 
2024 01 20 23 40 190  4.4  6.5  3.75 12.12  8.24 252 1006.2  13.8 999.0  11.8 99.0 99.00 
2024 01 20 23 50 189  4.3  5.8 99.00 99.00 99.00 999 1006.3  13.6 999.0  11.8 99.0 99.00 
2024 01 21 00 00 187  4.4  6.0 99.00 99.00 99.00 999 1006.3  13.5 999.0  11.8 99.0 99.00 
2024 01 21 00 10 183  4.3  5.7  3.39 12.12  7.82 254 1006.2  13.5 999.0  11.7 99.0 99.00 
2024 01 21 00 20 177  4.8  6.3 99.00 99.00 99.00 999 1006.1  13.5 999.0  11.3 99.0 99.00 
2024 01 21 00 30 173  4.5  6.1 99.00 99.00 99.00 999 1006.0  13.5 999.0  11.2 99.0 99.00 
2024 01 21 00 40 163  4.5  6.0  3.53 12.90  8.34 261 1005.9  13.5 999.0  11.6 99.0 99.00 
2024 01 21 00 50 162  4.8  6.8 99.00 99.00 99.00 999 1005.9  13.5 999.0  12.0 99.0 99.00 
2024 01 21 01 00 165  5.5  7.1 99.00 99.00 99.00 999 1006.0  13.7 999.0  12.7 99.0 99.00 
2024 01 21 01 10 162  5.9  7.5  3.60 12.90  8.30 254 1005.9  13.7 999.0  12.9 99.0 99.00 
2024 01 21 01 20 158  5.7  7.6 99.00 99.00 99.00 999 1005.8  13.7 999.0  13.0 99.0 99.00 
2024 01 21 01 30 154  5.1  6.9 99.00 99.00 99.00 999 1005.7  13.6 999.0  12.9 99.0 99.00 
2024 01 21 01 40 157  5.4  7.2  3.54 12.90  8.41 261 1005.7  13.6 999.0  12.9 99.0 99.00 
2024 01 21 01 50 164  6.0  7.7 99.00 99.00 99.00 999 1005.7  13.6 999.0  12.9 99.0 99.00 
2024 01 21 02 00 166  6.0  7.8 99.00 99.00 99.00 999 1005.7  13.7 999.0  13.0 99.0 99.00 
2024 01 21 02 10 167  6.4  8.2  3.40 12.90  8.50 253 1005.7  13.7 999.0  13.2 99.0 99.00 
2024 01 21 02 20 169  6.6  8.4 99.00 99.00 99.00 999 1005.8  13.6 999.0  13.1 99.0 99.00 
2024 01 21 02 30 174  6.7  8.3 99.00 99.00 99.00 999 1005.8  13.6 999.0  13.1 99.0 99.00 
2024 01 21 02 40 172  7.4  9.3  3.40 12.90  8.44 258 1005.7  13.6 999.0  13.1 99.0 99.00 
2024 01 21 02 50 169  7.4  9.5 99.00 99.00 99.00 999 1005.7  13.5 999.0  12.9 99.0 99.00 
2024 01 21 03 00 169  7.5  9.9 99.00 99.00 99.00 999 1005.8  13.5 999.0  12.5 99.0 99.00 
2024 01 21 03 10 171  7.5 10.3  3.61 12.90  8.49 251 1005.8  13.5 999.0  12.0 99.0 99.00 
2024 01 21 03 20 171  8.5 11.9 99.00 99.00 99.00 999 1005.9  13.6 999.0  11.7 99.0 99.00 
2024 01 21 03 30 168 10.2 13.2 99.00 99.00 99.00 999 1005.8  13.0 999.0  11.0 99.0 99.00 
2024 01 21 03 40 168 10.2 12.7  3.54 12.90  8.19 260 1006.0  13.0 999.0  11.0 99.0 99.00 
2024 01 21 03 50 160  8.8 11.1 99.00 99.00 99.00 999 1006.0  12.8 999.0  11.0 99.0 99.00 
2024 01 21 04 00 162  8.4 11.2 99.00 99.00 99.00 999 1006.0  13.1 999.0  11.4 99.0 99.00 
2024 01 21 04 10 166  8.9 11.1  3.92 12.90  8.49 257 1006.0  13.2 999.0  11.8 99.0 99.00 
2024 01 21 04 20 161  8.6 11.8 99.00 99.00 99.00 999 1006.1  12.9 999.0  12.0 99.0 99.00 
2024 01 21 04 30 162  9.1 11.7 99.00 99.00 99.00 999 1006.0  13.1 999.0  12.2 99.0 99.00 
2024 01 21 04 40 161  9.1 13.1  3.80 12.90  8.43 254 1005.9  13.0 999.0  12.3 99.0 99.00 
2024 01 21 04 50 159  8.6 10.7 99.00 99.00 99.00 999 1006.0  13.1 999.0  12.4 99.0 99.00 
2024 01 21 05 00 158  9.1 11.0 99.00 99.00 99.00 999 1006.0  13.1 999.0  12.5 99.0 99.00 
2024 01 21 05 10 161  9.7 13.2  3.78 12.90  8.40 258 1006.1  13.1 999.0  12.4 99.0 99.00 
2024 01 21 05 20 163 10.5 13.9 99.00 99.00 99.00 999 1006.2  12.9 999.0  12.1 99.0 99.00 
2024 01 21 05 30 163  9.5 12.1 99.00 99.00 99.00 999 1006.1  12.7 999.0  12.1 99.0 99.00 
2024 01 21 05 40 158  9.0 11.7  3.37 12.90  7.74 255 1006.1  12.7 999.0  12.2 99.0 99.00 
2024 01 21 05 50 158  9.4 12.3 99.00 99.00 99.00 999 1006.1  12.8 999.0  12.4 99.0 99.00 
2024 01 21 06 00 160  9.3 11.5 99.00 99.00 99.00 999 1006.1  12.9 999.0  12.5 99.0 99.00 
2024 01 21 06 10 159 10.4 13.8  4.12 12.90  8.66 257 1006.2  12.8 999.0  12.4 99.0 99.00 
2024 01 21 06 20 157 10.1 13.2 99.00 99.00 99.00 999 1006.2  12.6 999.0  12.3 99.0 99.00 
2024 01 21 06 30 152  9.1 11.8 99.00 99.00 99.00 999 1006.2  12.5 999.0  12.3 99.0 99.00 
2024 01 21 06 40 149  8.4 11.0  3.74 12.90  8.36 257 1006.2  12.5 999.0  12.3 99.0 99.00 
2024 01 21 06 50 148  8.1 10.3 99.00 99.00 99.00 999 1006.2  12.6 999.0  12.4 99.0 99.00 
2024 01 21 07 00 152  8.0 10.4 99.00 99.00 99.00 999 1006.2  12.8 999.0  12.6 99.0 99.00 
2024 01 21 07 10 156  8.6 10.5  3.79 12.90  8.14 257 1006.3  12.9 999.0  12.7 99.0 99.00 
2024 01 21 07 20 162  7.9 10.1 99.00 99.00 99.00 999 1006.2  13.0 999.0  12.9 99.0 99.00 
2024 01 21 07 30 159  7.9  9.8 99.00 99.00 99.00 999 1006.2  13.1 999.0  12.9 99.0 99.00 
2024 01 21 07 40 162  8.4 10.8  3.58 12.12  8.05 258 1006.1  13.1 999.0  12.9 99.0 99.00 
2024 01 21 07 50 161  9.0 11.2 99.00 99.00 99.00 999 1006.1  13.2 999.0  13.0 99.0 99.00 
2024 01 21 08 00 157  8.8 10.9 99.00 99.00 99.00 999 1006.1  13.2 999.0  12.9 99.0 99.00 
2024 01 21 08 10 159  8.9 12.0  3.48 12.12  7.74 256 1006.2  13.3 999.0  12.9 99.0 99.00 
2024 01 21 08 20 160  8.9 11.7 99.00 99.00 99.00 999 1006.1  13.3 999.0  12.9 99.0 99.00 
2024 01 21 08 30 159  9.0 11.8 99.00 99.00 99.00 999 1006.1  13.3 999.0  13.0 99.0 99.00 
2024 01 21 08 40 163  9.2 12.0  3.73 12.12  8.04 254 1006.2  13.3 999.0  13.1 99.0 99.00 
2024 01 21 08 50 167  8.4 10.5 99.00 99.00 99.00 999 1006.2  13.3 999.0  13.1 99.0 99.00 
2024 01 21 09 00 170  9.2 11.6 99.00 99.00 99.00 999 1006.2  13.3 999.0  13.1 99.0 99.00 
2024 01 21 09 10 169  8.8 11.4  3.52 11.43  7.82 261 1006.2  13.3 999.0  13.1 99.0 99.00 
2024 01 21 09 20 167  8.5 11.3 99.00 99.00 99.00 999 1006.2  13.4 999.0  13.2 99.0 99.00 
2024 01 21 09 30 166  8.5 10.7 99.00 99.00 99.00 999 1006.1  13.3 999.0  13.2 99.0 99.00 
2024 01 21 09 40 170  8.7 11.2  3.46 12.12  7.58 258 1006.2  13.3 999.0  13.2 99.0 99.00 
2024 01 21 09 50 172  8.4 10.5 99.00 99.00 99.00 999 1006.3  13.3 999.0  13.1 99.0 99.00 
2024 01 21 10 00 173  8.3 10.6 99.00 99.00 99.00 999 1006.4  13.3 999.0  13.1 99.0 99.00 
2024 01 21 10 10 168  8.0 10.2  3.80 12.90  8.15 248 1006.2  13.4 999.0  13.2 99.0 99.00 
2024 01 21 10 20 170  8.8 11.6 99.00 99.00 99.00 999 1006.2  13.4 999.0  13.2 99.0 99.00 
2024 01 21 10 30 170  9.5 12.6 99.00 99.00 99.00 999 1006.4  13.2 999.0  13.0 99.0 99.00 
2024 01 21 10 40 169  8.4 10.2  3.70 12.12  8.17 249 1006.3  13.2 999.0  13.1 99.0 99.00 
2024 01 21 10 50 167  8.3 10.6 99.00 99.00 99.00 999 1006.3  13.2 999.0  13.1 99.0 99.00 
2024 01 21 11 00 162  9.0 11.7 99.00 99.00 99.00 999 1006.3  13.2 999.0  13.1 99.0 99.00 
2024 01 21 11 10 160  9.2 12.0  3.57 10.81  7.72 256 1006.3  13.0 999.0  12.9 99.0 99.00 
2024 01 21 11 20 161  8.8 12.0 99.00 99.00 99.00 999 1006.3  13.0 999.0  12.9 99.0 99.00 
2024 01 21 11 30 160  8.9 11.5 99.00 99.00 99.00 999 1006.2  13.0 999.0  12.9 99.0 99.00 
2024 01 21 11 40 163  9.1 11.5  3.92 12.12  8.21 254 1006.2  13.1 999.0  13.0 99.0 99.00 
2024 01 21 11 50 164  9.3 12.4 99.00 99.00 99.00 999 1006.1  13.0 999.0  12.9 99.0 99.00 
2024 01 21 12 00 163  9.3 12.2 99.00 99.00 99.00 999 1006.1  13.0 999.0  12.9 99.0 99.00 
2024 01 21 12 10 161  9.4 11.9  3.49 12.90  7.72 251 1006.0  12.9 999.0  12.8 99.0 99.00 
2024 01 21 12 20 160 10.6 13.5 99.00 99.00 99.00 999 1005.8  12.8 999.0  12.7 99.0 99.00 
2024 01 21 12 30 159 10.1 13.2 99.00 99.00 99.00 999 1005.9  12.8 999.0  12.7 99.0 99.00 
2024 01 21 12 40 158 10.7 14.2  3.76 11.43  7.87 247 1006.0  12.7 999.0  12.5 99.0 99.00 
2024 01 21 12 50 157 10.1 13.2 99.00 99.00 99.00 999 1006.0  12.7 999.0  12.5 99.0 99.00 
2024 01 21 13 00 154 10.7 13.4 99.00 99.00 99.00 999 1005.8  12.6 999.0  12.5 99.0 99.00 
2024 01 21 13 10 154 10.3 12.5  3.56 10.81  7.46 250 1005.8  12.7 999.0  12.6 99.0 99.00 
2024 01 21 13 20 154 10.2 13.0 99.00 99.00 99.00 999 1005.8  12.8 999.0  12.7 99.0 99.00 
2024 01 21 13 30 154 10.2 12.4 99.00 99.00 99.00 999 1005.8  12.8 999.0  12.7 99.0 99.00 
2024 01 21 13 40 156 10.5 13.4  2.98 10.81  7.01 242 1005.8  12.8 999.0  12.7 99.0 99.00 
2024 01 21 13 50 158 10.0 13.3 99.00 99.00 99.00 999 1005.8  12.8 999.0  12.7 99.0 99.00 
2024 01 21 14 00 157  9.7 12.6 99.00 99.00 99.00 999 1006.0  12.8 999.0  12.7 99.0 99.00 
2024 01 21 14 10 159 10.4 13.3  3.46 11.43  7.47 237 1006.1  12.8 999.0  12.7 99.0 99.00 
2024 01 21 14 20 158 10.4 13.1 99.00 99.00 99.00 999 1006.1  12.8 999.0  12.7 99.0 99.00 
2024 01 21 14 30 158 10.0 13.0 99.00 99.00 99.00 999 1006.1  12.9 999.0  12.8 99.0 99.00 
2024 01 21 14 40 155  9.6 12.0  3.32 10.00  7.31 251 1006.2  12.9 999.0  12.8 99.0 99.00 
2024 01 21 14 50 156  9.8 12.3 99.00 99.00 99.00 999 1006.4  12.9 999.0  12.8 99.0 99.00 
2024 01 21 15 00 158  9.9 12.7 99.00 99.00 99.00 999 1006.3  12.9 999.0  12.8 99.0 99.00 
2024 01 21 15 10 155 10.1 12.7  3.67 11.43  7.64 253 1006.3  12.9 999.0  12.8 99.0 99.00 
2024 01 21 15 20 155 10.2 12.6 99.00 99.00 99.00 999 1006.4  12.8 999.0  12.7 99.0 99.00 
2024 01 21 15 30 153  9.9 12.5 99.00 99.00 99.00 999 1006.3  12.8 999.0  12.7 99.0 99.00 
2024 01 21 15 40 152  9.8 12.5  3.34 10.81  7.17 251 1006.4  12.8 999.0  12.7 99.0 99.00 
2024 01 21 15 50 153  9.6 11.9 99.00 99.00 99.00 999 1006.5  12.9 999.0  12.8 99.0 99.00 
2024 01 21 16 00 153 10.0 13.3 99.00 99.00 99.00 999 1006.9  12.8 999.0  12.7 99.0 99.00 
2024 01 21 16 10 153  9.9 12.7  3.56 12.90  7.44 256 1007.0  12.8 999.0  12.7 99.0 99.00 
2024 01 21 16 20 149  9.5 13.0 99.00 99.00 99.00 999 1007.1  12.7 999.0  12.6 99.0 99.00 
2024 01 21 16 30 149 10.1 13.2 99.00 99.00 99.00 999 1007.1  12.7 999.0  12.6 99.0 99.00 
2024 01 21 16 40 149  9.9 13.4  3.61 12.12  7.53 256 1007.1  12.7 999.0  12.6 99.0 99.00 
2024 01 21 16 50 149  9.9 14.1 99.00 99.00 99.00 999 1007.2  12.7 999.0  12.6 99.0 99.00 
2024 01 21 17 00 149  9.6 12.0 99.00 99.00 99.00 999 1007.3  12.7 999.0  12.6 99.0 99.00 
2024 01 21 17 10 149 10.0 12.7  3.22 12.12  7.02 244 1007.2  12.8 999.0  12.7 99.0 99.00 
2024 01 21 17 20 149  9.8 13.9 99.00 99.00 99.00 999 1007.2  12.8 999.0  12.7 99.0 99.00 
2024 01 21 17 30 149 10.0 12.8 99.00 99.00 99.00 999 1007.4  12.9 999.0  12.8 99.0 99.00 
2024 01 21 17 40 151  9.8 12.5  3.44 12.12  7.41 246 1007.6  12.9 999.0  12.8 99.0 99.00 
2024 01 21 17 50 154  9.6 12.5 99.00 99.00 99.00 999 1007.7  12.9 999.0  12.8 99.0 99.00 
2024 01 21 18 00 151  9.5 12.0 99.00 99.00 99.00 999 1007.7  12.9 999.0  12.8 99.0 99.00 
2024 01 21 18 10 152  9.4 12.2  3.35 12.12  7.19 248 1007.7  12.9 999.0  12.9 99.0 99.00 
2024 01 21 18 20 153  9.8 12.8 99.00 99.00 99.00 999 1007.8  12.9 999.0  12.9 99.0 99.00 
2024 01 21 18 30 152 10.1 12.8 99.00 99.00 99.00 999 1007.8  12.9 999.0  12.8 99.0 99.00 
2024 01 21 18 40 153  9.7 12.3  3.09 12.12  6.83 251 1008.0  12.9 999.0  12.8 99.0 99.00 
2024 01 21 18 50 159  8.7 11.3 99.00 99.00 99.00 999 1008.2  13.0 999.0  13.0 99.0 99.00 
2024 01 21 19 00 164  7.3  9.6 99.00 99.00 99.00 999 1008.2  13.1 999.0  13.1 99.0 99.00 
2024 01 21 19 10 172  5.9  8.1  3.37 10.81  7.47 255 1008.1  13.3 999.0  13.3 99.0 99.00 
2024 01 21 19 20 170  5.3  7.2 99.00 99.00 99.00 999 1008.0  13.3 999.0  13.3 99.0 99.00 
2024 01 21 19 30 155  6.0  8.1 99.00 99.00 99.00 999 1007.8  13.2 999.0  13.2 99.0 99.00 
2024 01 21 19 40 153  6.4  8.4  3.12 12.90  7.27 260 1007.7  13.1 999.0  13.1 99.0 99.00 
2024 01 21 19 50 154  6.6  8.8 99.00 99.00 99.00 999 1007.6  13.1 999.0  13.1 99.0 99.00 
2024 01 21 20 00 147  5.9  7.8 99.00 99.00 99.00 999 1007.6  13.1 999.0  13.1 99.0 99.00 
2024 01 21 20 10 151  5.7  7.1  3.21 12.90  7.59 252 1007.6  13.1 999.0  13.1 99.0 99.00 
2024 01 21 20 20 150  5.2  7.1 99.00 99.00 99.00 999 1007.2  13.1 999.0  13.1 99.0 99.00 
2024 01 21 20 30 144  5.4  7.2 99.00 99.00 99.00 999 1007.0  13.2 999.0  13.2 99.0 99.00 
2024 01 21 20 40 157  5.5  7.0  2.95 12.90  7.50 246 1007.0  13.3 999.0  13.3 99.0 99.00 
2024 01 21 20 50 152  6.0  7.9 99.00 99.00 99.00 999 1006.8  13.3 999.0  13.3 99.0 99.00 
2024 01 21 21 00 155  6.3  8.2 99.00 99.00 99.00 999 1006.8  13.2 999.0  13.1 99.0 99.00 
2024 01 21 21 10 149  6.5  8.6  3.15 12.90  7.69 256 1006.4  13.2 999.0  13.1 99.0 99.00 
2024 01 21 21 20 150  6.6  8.2 99.00 99.00 99.00 999 1006.2  13.1 999.0  13.0 99.0 99.00 
2024 01 21 21 30 147  6.6  9.2 99.00 99.00 99.00 999 1006.1  13.2 999.0  13.1 99.0 99.00 
2024 01 21 21 40 147  7.0  8.9  3.13 12.90  7.69 259 1006.0  13.2 999.0  13.1 99.0 99.00 
2024 01 21 21 50 147  7.3  9.2 99.00 99.00 99.00 999 1005.7  13.2 999.0  13.1 99.0 99.00 
2024 01 21 22 00 139  7.0  9.2 99.00 99.00 99.00 999 1005.3  13.2 999.0  13.1 99.0 99.00 
2024 01 21 22 10 133  6.9  8.9  2.85 12.90  7.13 246 1005.1  13.2 999.0  13.1 99.0 99.00 
2024 01 21 22 20 138  7.0  9.5 99.00 99.00 99.00 999 1005.3  13.2 999.0  13.1 99.0 99.00 
2024 01 21 22 30 139  6.9  9.0 99.00 99.00 99.00 999 1005.2  13.2 999.0  13.1 99.0 99.00 
2024 01 21 22 40 138  6.9  9.0  3.10 12.12  7.78 268 1005.3  13.2 999.0  13.1 99.0 99.00 
2024 01 21 22 50 140  6.7  8.7 99.00 99.00 99.00 999 1005.4  13.3 999.0  13.2 99.0 99.00 
2024 01 21 23 00 142  6.3  8.6 99.00 99.00 99.00 999 1005.4  13.4 999.0  13.3 99.0 99.00 
2024 01 21 23 10 146  6.1  8.0  2.69 11.43  7.39 262 1005.8  13.4 999.0  13.3 99.0 99.00 
2024 01 21 23 20 156  6.0  7.9 99.00 99.00 99.00 999 1006.0  13.5 999.0  13.4 99.0 99.00 
2024 01 21 23 30 165  6.1  8.2 99.00 99.00 99.00 999 1006.4  13.6 999.0  13.4 99.0 99.00 
2024 01 21 23 40 173  6.6  9.0  2.68 12.90  7.32 253 1006.6  13.6 999.0  13.4 99.0 99.00 
2024 01 21 23 50 178  6.2  7.6 99.00 99.00 99.00 999 1006.5  13.6 999.0  13.4 99.0 99.00 
2024 01 22 00 00 167  6.0  7.6 99.00 99.00 99.00 999 1005.9  13.6 999.0  13.5 99.0 99.00 
2024 01 22 00 10 150  6.9  9.8  2.93 12.12  7.75 252 1004.9  13.5 999.0  13.4 99.0 99.00 
2024 01 22 00 20 155  7.4  9.6 99.00 99.00 99.00 999 1005.2  13.5 999.0  13.4 99.0 99.00 
2024 01 22 00 30 162  7.1  8.7 99.00 99.00 99.00 999 1005.5  13.5 999.0  13.3 99.0 99.00 
2024 01 22 00 40 166  6.9  8.6  2.81 12.12  7.46 255 1005.7  13.5 999.0  13.3 99.0 99.00 
2024 01 22 00 50 165  6.5  8.2 99.00 99.00 99.00 999 1005.7  13.5 999.0  13.3 99.0 99.00 
2024 01 22 01 00 161  5.8  7.1 99.00 99.00 99.00 999 1005.6  13.5 999.0  13.3 99.0 99.00 
2024 01 22 01 10 154  5.2  6.4  2.60 12.12  7.48 260 1005.6  13.5 999.0  13.3 99.0 99.00 
2024 01 22 01 20 145  4.7  6.7 99.00 99.00 99.00 999 1005.5  13.5 999.0  13.4 99.0 99.00 
2024 01 22 01 30 142  5.1  7.1 99.00 99.00 99.00 999 1005.3  13.5 999.0  13.4 99.0 99.00 
2024 01 22 01 40 146  6.0  7.6  2.52 11.43  7.43 260 1005.4  13.5 999.0  13.4 99.0 99.00 
2024 01 22 01 50 148  6.5  8.5 99.00 99.00 99.00 999 1005.4  13.5 999.0  13.4 99.0 99.00 
2024 01 22 02 00 145  6.6  8.3 99.00 99.00 99.00 999 1005.0  13.5 999.0  13.4 99.0 99.00 
2024 01 22 02 10 140  6.6  8.7  2.26 12.12  6.93 241 1004.9  13.5 999.0  13.4 99.0 99.00 
2024 01 22 02 20 138  7.0  9.9 99.00 99.00 99.00 999 1005.0  13.4 999.0  13.3 99.0 99.00 
2024 01 22 02 30 147  8.3 10.1 99.00 99.00 99.00 999 1005.0  13.5 999.0  13.4 99.0 99.00 
2024 01 22 02 40 145  9.2 11.8  2.48 11.43  7.19 250 1004.5  13.5 999.0  13.4 99.0 99.00 
2024 01 22 02 50 140  9.5 11.9 99.00 99.00 99.00 999 1004.2  13.4 999.0  13.3 99.0 99.00 
2024 01 22 03 00 139  9.2 12.0 99.00 99.00 99.00 999 1004.4  13.4 999.0  13.3 99.0 99.00 
2024 01 22 03 10 142  9.9 13.4  2.58 12.12  6.91 265 1003.8  13.4 999.0  13.3 99.0 99.00 
2024 01 22 03 20 141 10.7 13.5 99.00 99.00 99.00 999 1003.3  13.4 999.0  13.3 99.0 99.00 
2024 01 22 03 30 143 11.6 14.3 99.00 99.00 99.00 999 1003.3  13.4 999.0  13.3 99.0 99.00 
2024 01 22 03 40 139 10.5 14.4  2.52 12.12  6.55 257 1003.4  13.3 999.0  13.2 99.0 99.00 
2024 01 22 03 50 134  9.7 11.9 99.00 99.00 99.00 999 1003.5  13.4 999.0  13.3 99.0 99.00 
2024 01 22 04 00 128  9.0 12.0 99.00 99.00 99.00 999 1003.5  13.4 999.0  13.3 99.0 99.00 
2024 01 22 04 10 124  7.4 10.6  2.50 12.12  6.83 257 1003.0  13.3 999.0  13.2 99.0 99.00 
2024 01 22 04 20 141  9.0 14.1 99.00 99.00 99.00 999 1002.6  13.3 999.0  13.2 99.0 99.00 
2024 01 22 04 30 153 11.8 15.5 99.00 99.00 99.00 999 1002.4  13.3 999.0  13.2 99.0 99.00 
2024 01 22 04 40 159 13.0 16.3  2.73 12.12  6.78 256 1002.2  13.4 999.0  13.3 99.0 99.00 
2024 01 22 04 50 162 13.3 17.3 99.00 99.00 99.00 999 1002.2  13.4 999.0  13.3 99.0 99.00 
2024 01 22 05 00 162 13.7 17.2 99.00 99.00 99.00 999 1002.2  13.3 999.0  13.1 99.0 99.00 
2024 01 22 05 10 164 11.9 15.9  2.78 10.81  6.23 250 1002.3  13.4 999.0  13.2 99.0 99.00 
2024 01 22 05 20 170 11.8 15.1 99.00 99.00 99.00 999 1002.4  13.4 999.0  13.2 99.0 99.00 
2024 01 22 05 30 168 12.6 17.0 99.00 99.00 99.00 999 1002.4  13.5 999.0  13.3 99.0 99.00 
2024 01 22 05 40 171 11.3 14.7  2.89 10.81  6.31 250 1002.6  13.5 999.0  13.3 99.0 99.00 
2024 01 22 05 50 173 11.3 14.1 99.00 99.00 99.00 999 1002.5  13.5 999.0  13.3 99.0 99.00 
2024 01 22 06 00 174 11.8 14.3 99.00 99.00 99.00 999 1002.5  13.5 999.0  13.3 99.0 99.00 
2024 01 22 06 10 175 11.6 15.4  2.95 11.43  6.36 235 1002.5  13.5 999.0  13.3 99.0 99.00 
2024 01 22 06 20 171 10.0 13.3 99.00 99.00 99.00 999 1002.7  13.5 999.0  13.3 99.0 99.00 
2024 01 22 06 30 169  9.6 12.3 99.00 99.00 99.00 999 1002.6  13.5 999.0  13.4 99.0 99.00 
2024 01 22 06 40 175  9.8 13.1  2.95  6.67  6.56 154 1002.6  13.5 999.0  13.4 99.0 99.00 
2024 01 22 06 50 178  9.6 12.3 99.00 99.00 99.00 999 1002.6  13.6 999.0  13.5 99.0 99.00 
2024 01 22 07 00 178  8.8 11.1 99.00 99.00 99.00 999 1002.6  13.5 999.0  13.4 99.0 99.00 
2024 01 22 07 10 183  7.9 11.1  3.13 10.81  6.69 252 1002.7  13.6 999.0  13.5 99.0 99.00 
2024 01 22 07 20 185  7.7 10.4 99.00 99.00 99.00 999 1002.7  13.7 999.0  13.6 99.0 99.00 
2024 01 22 07 30 189  7.6 10.3 99.00 99.00 99.00 999 1002.6  13.8 999.0  13.7 99.0 99.00 
2024 01 22 07 40 187  6.8  8.2  3.01 10.81  6.77 245 1002.7  13.7 999.0  13.6 99.0 99.00 
2024 01 22 07 50 189  6.7  8.5 99.00 99.00 99.00 999 1002.6  13.7 999.0  13.6 99.0 99.00 
2024 01 22 08 00 193  6.1  8.3 99.00 99.00 99.00 999 1002.7  13.7 999.0  13.7 99.0 99.00 
2024 01 22 08 10 198  6.0  7.7  2.96  7.14  6.68 171 1002.7  13.8 999.0  13.8 99.0 99.00 
2024 01 22 08 20 203  5.6  7.4 99.00 99.00 99.00 999 1002.8  13.8 999.0  13.8 99.0 99.00 
2024 01 22 08 30 216  5.0  7.9 99.00 99.00 99.00 999 1002.8  13.9 999.0  13.8 99.0 99.00 
2024 01 22 08 40 206  3.9  5.4  2.79  7.14  6.72 169 1002.8  13.8 999.0  13.7 99.0 99.00 
2024 01 22 08 50 206  3.9  5.3 99.00 99.00 99.00 999 1002.9  13.8 999.0  13.7 99.0 99.00 
2024 01 22 09 00 219  4.1  7.1 99.00 99.00 99.00 999 1002.9  13.8 999.0  13.7 99.0 99.00 
2024 01 22 09 10 236  4.6  7.0  3.10 10.81  7.15 253 1002.9  14.0 999.0  13.9 99.0 99.00 
2024 01 22 09 20 238  4.3  7.2 99.00 99.00 99.00 999 1003.0  13.9 999.0  13.7 99.0 99.00 
2024 01 22 09 30 245  4.0  6.0 99.00 99.00 99.00 999 1003.2  13.9 999.0  13.7 99.0 99.00 
2024 01 22 09 40 230  3.4  5.4  3.05 11.43  7.09 259 1003.3  13.9 999.0  13.7 99.0 99.00 
2024 01 22 09 50 230  3.1  4.4 99.00 99.00 99.00 999 1003.4  13.8 999.0  13.6 99.0 99.00 
2024 01 22 10 00 233  2.7  4.1 99.00 99.00 99.00 999 1003.4  13.8 999.0  13.6 99.0 99.00 
2024 01 22 10 10 237  2.4  3.8  3.21 11.43  7.11 264 1003.4  13.7 999.0  13.5 99.0 99.00 
2024 01 22 10 20 237  2.1  3.3 99.00 99.00 99.00 999 1003.5  13.7 999.0  13.5 99.0 99.00 
2024 01 22 10 30 245  1.9  3.1 99.00 99.00 99.00 999 1003.5  13.7 999.0  13.5 99.0 99.00 
2024 01 22 10 40 244  1.9  3.5  2.89 11.43  7.03 262 1003.5  13.8 999.0  13.6 99.0 99.00 
2024 01 22 10 50 239  1.9  3.4 99.00 99.00 99.00 999 1003.5  13.8 999.0  13.6 99.0 99.00 
2024 01 22 11 00 234  1.7  2.9 99.00 99.00 99.00 999 1003.4  13.8 999.0  13.6 99.0 99.00 
2024 01 22 11 10 226  2.0  3.4  2.76  7.14  7.04 181 1003.4  13.7 999.0  13.5 99.0 99.00 
2024 01 22 11 20 215  2.3  3.6 99.00 99.00 99.00 999 1003.4  13.5 999.0  13.3 99.0 99.00 
2024 01 22 11 30 206  2.5  3.7 99.00 99.00 99.00 999 1003.5  13.5 999.0  13.3 99.0 99.00 
2024 01 22 11 40 202  2.4  3.7  2.96 10.00  7.30 257 1003.4  13.5 999.0  13.3 99.0 99.00 
2024 01 22 11 50 206  2.8  4.1 99.00 99.00 99.00 999 1003.5  13.5 999.0  13.3 99.0 99.00 
2024 01 22 12 00 209  2.8  4.3 99.00 99.00 99.00 999 1003.6  13.5 999.0  13.3 99.0 99.00 
2024 01 22 12 10 206  2.7  4.0  2.78  7.14  7.16 207 1003.7  13.6 999.0  13.4 99.0 99.00 
2024 01 22 12 20 203  3.2  4.5 99.00 99.00 99.00 999 1003.7  13.5 999.0  13.3 99.0 99.00 
2024 01 22 12 30 202  2.4  3.9 99.00 99.00 99.00 999 1003.6  13.6 999.0  13.4 99.0 99.00 
2024 01 22 12 40 207  2.5  3.9  2.57 11.43  7.11 270 1003.7  13.6 999.0  13.4 99.0 99.00 
2024 01 22 12 50 225  2.8  4.5 99.00 99.00 99.00 999 1003.7  13.6 999.0  13.4 99.0 99.00 
2024 01 22 13 00 223  3.3  5.3 99.00 99.00 99.00 999 1003.8  13.6 999.0  13.4 99.0 99.00 
2024 01 22 13 10 237  3.8  5.5  2.86 12.12  7.23 262 1003.8  13.6 999.0  13.5 99.0 99.00 
2024 01 22 13 20 252  3.9  5.9 99.00 99.00 99.00 999 1003.8  13.6 999.0  13.5 99.0 99.00 
2024 01 22 13 30 259  3.6  5.4 99.00 99.00 99.00 999 1003.9  13.6 999.0  13.5 99.0 99.00 
2024 01 22 13 40 265  3.5  5.3  2.89 10.81  7.54 262 1004.0  13.6 999.0  13.5 99.0 99.00 
2024 01 22 13 50 282  3.2  4.9 99.00 99.00 99.00 999 1004.2  13.4 999.0  13.3 99.0 99.00 
2024 01 22 14 00 291  2.1  3.8 99.00 99.00 99.00 999 1004.2  13.3 999.0  13.2 99.0 99.00 
2024 01 22 14 10 275  1.7  3.2  2.42 11.43  7.22 268 1004.3  13.4 999.0  13.3 99.0 99.00 
2024 01 22 14 20 274  2.3  4.9 99.00 99.00 99.00 999 1004.3  13.5 999.0  13.4 99.0 99.00 
2024 01 22 14 30 277  3.8  5.9 99.00 99.00 99.00 999 1004.4  13.5 999.0  13.4 99.0 99.00 
2024 01 22 14 40 287  4.7  6.4  2.57 10.81  7.34 250 1004.4  13.3 999.0  13.2 99.0 99.00 
2024 01 22 14 50 287  4.3  5.9 99.00 99.00 99.00 999 1004.5  13.4 999.0  13.2 99.0 99.00 
2024 01 22 15 00 290  4.8  6.9 99.00 99.00 99.00 999 1004.6  13.5 999.0  13.1 99.0 99.00 
2024 01 22 15 10 293  4.6  7.0  2.60 10.81  7.49 273 1004.7  13.4 999.0  13.0 99.0 99.00 
2024 01 22 15 20 289  4.0  5.7 99.00 99.00 99.00 999 1004.7  13.6 999.0  13.1 99.0 99.00 
2024 01 22 15 30 288  4.7  6.6 99.00 99.00 99.00 999 1004.9  13.6 999.0  13.1 99.0 99.00 
2024 01 22 15 40 283  4.5  6.6  2.48 11.43  7.65 259 1004.9  13.5 999.0  13.1 99.0 99.00 
2024 01 22 15 50 283  3.4  4.8 99.00 99.00 99.00 999 1004.9  13.4 999.0  13.0 99.0 99.00 
2024 01 22 16 00 286  2.6  4.0 99.00 99.00 99.00 999 1005.0  13.5 999.0  13.1 99.0 99.00 
2024 01 22 16 10 285  2.9  5.2  2.39 10.81  7.44 270 1005.2  13.5 999.0  13.1 99.0 99.00 
2024 01 22 16 20 299  4.7  6.5 99.00 99.00 99.00 999 1005.3  13.5 999.0  13.1 99.0 99.00 
2024 01 22 16 30 306  4.6  6.1 99.00 99.00 99.00 999 1005.5  13.3 999.0  13.0 99.0 99.00 
2024 01 22 16 40 306  4.4  6.3  2.32 10.00  7.66 260 1005.7  13.3 999.0  13.1 99.0 99.00 
2024 01 22 16 50 307  4.3  5.9 99.00 99.00 99.00 999 1005.9  13.3 999.0  13.1 99.0 99.00 
2024 01 22 17 00 314  4.3  6.0 99.00 99.00 99.00 999 1006.0  13.2 999.0  13.0 99.0 99.00 
2024 01 22 17 10 311  3.5  5.1  2.20 12.12  7.69 277 1006.2  13.3 999.0  13.0 99.0 99.00 
2024 01 22 17 20 307  2.9  4.2 99.00 99.00 99.00 999 1006.4  13.4 999.0  13.0 99.0 99.00 
2024 01 22 17 30 309  3.3  4.6 99.00 99.00 99.00 999 1006.5  13.4 999.0  13.0 99.0 99.00 
2024 01 22 17 40 307  3.2  4.8  2.30 12.90  7.67 272 1006.7  13.4 999.0  13.0 99.0 99.00 
2024 01 22 17 50 303  2.7  4.1 99.00 99.00 99.00 999 1006.9  13.5 999.0  13.1 99.0 99.00 
2024 01 22 18 00 315  2.4  3.8 99.00 99.00 99.00 999 1006.8  13.5 999.0  13.1 99.0 99.00 
2024 01 22 18 10 317  2.4  3.6  2.33 12.90  7.79 276 1006.9  13.6 999.0  13.2 99.0 99.00 
2024 01 22 18 20 327  2.5  4.0 99.00 99.00 99.00 999 1007.0  13.6 999.0  13.2 99.0 99.00 
2024 01 22 18 30 308  2.8  4.2 99.00 99.00 99.00 999 1007.2  13.5 999.0  13.1 99.0 99.00 
2024 01 22 18 40 302  2.9  3.9  2.31 11.43  7.93 273 1007.3  13.6 999.0  13.2 99.0 99.00 
2024 01 22 18 50 299  2.1  3.4 99.00 99.00 99.00 999 1007.3  13.7 999.0  13.3 99.0 99.00 
2024 01 22 19 00 285  2.5  3.7 99.00 99.00 99.00 999 1007.3  13.7 999.0  13.3 99.0 99.00 
2024 01 22 19 10 293  2.5  3.9  2.23 12.90  7.94 280 1007.4  13.7 999.0  13.3 99.0 99.00 
2024 01 22 19 20 281  2.1  3.4 99.00 99.00 99.00 999 1007.3  13.7 999.0  13.3 99.0 99.00 
2024 01 22 19 30 271  1.7  3.3 99.00 99.00 99.00 999 1007.3  13.7 999.0  13.3 99.0 99.00 
2024 01 22 19 40 274  1.9  3.1  2.46 11.43  8.00 280 1007.3  13.7 999.0  13.3 99.0 99.00 
2024 01 22 19 50 290  1.9  3.3 99.00 99.00 99.00 999 1007.1  13.7 999.0  13.3 99.0 99.00 
2024 01 22 20 00 301  2.4  4.0 99.00 99.00 99.00 999 1007.2  13.7 999.0  13.3 99.0 99.00 
2024 01 22 20 10 295  3.0  4.3  2.22 10.00  7.83 270 1007.1  13.7 999.0  13.3 99.0 99.00 
2024 01 22 20 20 294  3.4  4.9 99.00 99.00 99.00 999 1007.1  13.6 999.0  13.2 99.0 99.00 
2024 01 22 20 30 291  3.1  4.4 99.00 99.00 99.00 999 1007.1  13.6 999.0  13.2 99.0 99.00 
2024 01 22 20 40 292  3.1  4.6  2.33 12.12  8.09 272 1007.1  13.6 999.0  13.2 99.0 99.00 
2024 01 22 20 50 293  3.3  4.8 99.00 99.00 99.00 999 1007.0  13.6 999.0  13.2 99.0 99.00 
2024 01 22 21 00 291  3.2  4.6 99.00 99.00 99.00 999 1006.8  13.6 999.0  13.2 99.0 99.00 
2024 01 22 21 10 285  3.2  4.9  2.38 11.43  8.21 260 1006.9  13.6 999.0  13.2 99.0 99.00 
2024 01 22 21 20 288  3.5  4.9 99.00 99.00 99.00 999 1006.8  13.6 999.0  13.2 99.0 99.00 
2024 01 22 21 30 294  3.4  4.9 99.00 99.00 99.00 999 1006.7  13.6 999.0  13.2 99.0 99.00 
2024 01 22 21 40 293  3.3  4.6  2.31 12.12  8.12 268 1006.8  13.7 999.0  13.2 99.0 99.00 
2024 01 22 21 50 285  3.7  5.9 99.00 99.00 99.00 999 1006.9  13.7 999.0  13.2 99.0 99.00 
2024 01 22 22 00 278  3.9  5.1 99.00 99.00 99.00 999 1007.0  13.7 999.0  13.3 99.0 99.00 
2024 01 22 22 10 284  3.7  5.0  2.24 11.43  7.53 277 1007.1  13.7 999.0  13.3 99.0 99.00 
2024 01 22 22 20 280  4.2  5.8 99.00 99.00 99.00 999 1007.3  13.8 999.0  13.3 99.0 99.00 
2024 01 22 22 30 279  4.2  5.9 99.00 99.00 99.00 999 1007.4  13.8 999.0  13.4 99.0 99.00 
2024 01 22 22 40 282  4.7  6.5  2.53 11.43  8.15 274 1007.6  13.7 999.0  13.3 99.0 99.00 
2024 01 22 22 50 281  5.0  6.7 99.00 99.00 99.00 999 1007.7  13.6 999.0  13.3 99.0 99.00 
2024 01 22 23 00 283  4.4  6.6 99.00 99.00 99.00 999 1007.8  13.5 999.0  13.3 99.0 99.00 
2024 01 22 23 10 291  4.2  5.9  2.45 10.81  8.09 264 1007.9  13.6 999.0  13.4 99.0 99.00 
2024 01 22 23 20 297  3.6  5.4 99.00 99.00 99.00 999 1008.0  13.7 999.0  13.5 99.0 99.00 
2024 01 22 23 30 288  3.8  5.0 99.00 99.00 99.00 999 1008.0  13.7 999.0  13.4 99.0 99.00 
2024 01 22 23 40 293  3.8  5.0  2.25 11.43  7.70 270 1008.1  13.8 999.0  13.5 99.0 99.00 
2024 01 22 23 50 296  3.5  4.8 99.00 99.00 99.00 999 1008.1  13.8 999.0  13.4 99.0 99.00 
2024 01 23 00 00 299  3.2  4.6 99.00 99.00 99.00 999 1008.2  13.8 999.0  13.4 99.0 99.00 
2024 01 23 00 10 297  3.6  4.9  2.47 11.43  8.04 270 1008.4  13.8 999.0  13.4 99.0 99.00 
2024 01 23 00 20 294  3.6  4.9 99.00 99.00 99.00 999 1008.5  13.8 999.0  13.4 99.0 99.00 
2024 01 23 00 30 291  3.5  5.4 99.00 99.00 99.00 999 1008.7  13.8 999.0  13.4 99.0 99.00 
2024 01 23 00 40 296  3.5  5.0  2.39 11.43  7.93 269 1008.8  13.8 999.0  13.4 99.0 99.00 
2024 01 23 00 50 307  3.8  5.1 99.00 99.00 99.00 999 1008.9  13.8 999.0  13.4 99.0 99.00 
2024 01 23 01 00 311  3.5  4.6 99.00 99.00 99.00 999 1009.0  13.7 999.0  13.4 99.0 99.00 
2024 01 23 01 10 304  3.7  4.8  2.30 12.12  7.91 266 1009.2  13.6 999.0  13.4 99.0 99.00 
2024 01 23 01 20 298  3.4  5.0 99.00 99.00 99.00 999 1009.2  13.6 999.0  13.4 99.0 99.00 
2024 01 23 01 30 304  2.9  4.3 99.00 99.00 99.00 999 1009.3  13.5 999.0  13.3 99.0 99.00 
2024 01 23 01 40 298  2.6  3.5  1.99  9.09  7.21 273 1009.4  13.5 999.0  13.3 99.0 99.00 
2024 01 23 01 50 289  1.9  2.9 99.00 99.00 99.00 999 1009.5  13.5 999.0  13.3 99.0 99.00 
2024 01 23 02 00 291  2.2  4.2 99.00 99.00 99.00 999 1009.8  13.5 999.0  13.3 99.0 99.00 
2024 01 23 02 10 289  3.0  4.2  2.34 10.81  7.77 277 1009.9  13.5 999.0  13.4 99.0 99.00 
2024 01 23 02 20 300  3.1  4.6 99.00 99.00 99.00 999 1009.9  13.5 999.0  13.4 99.0 99.00 
2024 01 23 02 30 298  3.0  4.6 99.00 99.00 99.00 999 1010.1  13.5 999.0  13.3 99.0 99.00 
2024 01 23 02 40 300  3.2  4.3  2.53 11.43  7.90 279 1010.1  13.6 999.0  13.4 99.0 99.00 
2024 01 23 02 50 311  3.4  4.9 99.00 99.00 99.00 999 1010.2  13.6 999.0  13.4 99.0 99.00 
2024 01 23 03 00 307  2.6  4.0 99.00 99.00 99.00 999 1010.4  13.6 999.0  13.4 99.0 99.00 
2024 01 23 03 10 299  3.1  5.9  2.37 10.81  7.81 275 1010.5  13.6 999.0  13.4 99.0 99.00 
2024 01 23 03 20 307  4.9  6.7 99.00 99.00 99.00 999 1010.7  13.5 999.0  13.1 99.0 99.00 
2024 01 23 03 30 311  4.6  6.1 99.00 99.00 99.00 999 1010.7  13.5 999.0  13.1 99.0 99.00 
2024 01 23 03 40 308  4.4  5.9  2.53 10.81  7.89 282 1010.9  13.5 999.0  13.0 99.0 99.00 
2024 01 23 03 50 300  4.9  6.8 99.00 99.00 99.00 999 1011.0  13.6 999.0  13.1 99.0 99.00 
2024 01 23 04 00 308  4.9  6.6 99.00 99.00 99.00 999 1011.1  13.5 999.0  13.0 99.0 99.00 
2024 01 23 04 10 313  4.6  6.0  2.55 10.81  8.09 277 1011.1  13.5 999.0  13.1 99.0 99.00 
2024 01 23 04 20 311  4.5  5.9 99.00 99.00 99.00 999 1011.2  13.5 999.0  13.1 99.0 99.00 
2024 01 23 04 30 314  4.3  5.4 99.00 99.00 99.00 999 1011.2  13.5 999.0  13.1 99.0 99.00 
2024 01 23 04 40 314  3.8  5.0  2.28 10.81  7.67 276 1011.3  13.4 999.0  13.2 99.0 99.00 
2024 01 23 04 50 314  3.4  4.9 99.00 99.00 99.00 999 1011.3  13.4 999.0  13.2 99.0 99.00 
2024 01 23 05 00 320  2.7  4.0 99.00 99.00 99.00 999 1011.4  13.4 999.0  13.2 99.0 99.00 
2024 01 23 05 10 324  2.7  3.7  2.25 10.81  7.65 278 1011.5  13.3 999.0  13.1 99.0 99.00 
2024 01 23 05 20 322  2.5  3.8 99.00 99.00 99.00 999 1011.6  13.3 999.0  13.1 99.0 99.00 
2024 01 23 05 30 307  3.1  4.4 99.00 99.00 99.00 999 1011.8  13.3 999.0  13.1 99.0 99.00 
2024 01 23 05 40 297  4.1  6.7  2.53 11.43  7.92 277 1011.8  13.4 999.0  13.2 99.0 99.00 
2024 01 23 05 50 308  6.0  7.5 99.00 99.00 99.00 999 1012.0  13.4 999.0  13.2 99.0 99.00 
2024 01 23 06 00 311  4.8  6.5 99.00 99.00 99.00 999 1012.0  13.4 999.0  13.2 99.0 99.00 
2024 01 23 06 10 308  4.1  5.5  2.24 10.81  7.59 277 1012.1  13.3 999.0  13.1 99.0 99.00 
2024 01 23 06 20 304  3.7  5.1 99.00 99.00 99.00 999 1012.3  13.3 999.0  13.1 99.0 99.00 
2024 01 23 06 30 296  3.9  5.6 99.00 99.00 99.00 999 1012.4  13.4 999.0  13.2 99.0 99.00 
2024 01 23 06 40 289  4.8  6.5  2.38 10.81  7.96 287 1012.5  13.3 999.0  13.1 99.0 99.00 
2024 01 23 06 50 291  4.7  6.1 99.00 99.00 99.00 999 1012.5  13.3 999.0  13.1 99.0 99.00 
2024 01 23 07 00 298  4.3  5.6 99.00 99.00 99.00 999 1012.5  13.3 999.0  13.1 99.0 99.00 
2024 01 23 07 10 299  4.3  6.4  2.43 11.43  8.15 282 1012.7  13.3 999.0  13.1 99.0 99.00 
2024 01 23 07 20 291  5.2  6.5 99.00 99.00 99.00 999 1012.6  13.4 999.0  13.2 99.0 99.00 
2024 01 23 07 30 287  5.3  6.8 99.00 99.00 99.00 999 1012.7  13.5 999.0  13.3 99.0 99.00 
2024 01 23 07 40 293  5.7  7.5  2.23 10.81  7.77 274 1012.6  13.5 999.0  13.3 99.0 99.00 
2024 01 23 07 50 302  6.6  8.2 99.00 99.00 99.00 999 1012.5  13.2 999.0  13.0 99.0 99.00 
2024 01 23 08 00 304  5.6  7.6 99.00 99.00 99.00 999 1012.4  13.1 999.0  12.9 99.0 99.00 
2024 01 23 08 10 312  5.0  6.8  2.28 11.43  8.11 286 1012.5  13.2 999.0  12.9 99.0 99.00 
2024 01 23 08 20 300  5.0  6.4 99.00 99.00 99.00 999 1012.5  13.3 999.0  13.0 99.0 99.00 
2024 01 23 08 30 304  5.5  8.2 99.00 99.00 99.00 999 1012.5  13.3 999.0  13.0 99.0 99.00 
2024 01 23 08 40 311  6.5  8.2  2.15 11.43  7.47 289 1012.4  13.1 999.0  12.7 99.0 99.00 
2024 01 23 08 50 311  5.6  7.1 99.00 99.00 99.00 999 1012.4  13.1 999.0  12.7 99.0 99.00 
2024 01 23 09 00 311  5.7  7.0 99.00 99.00 99.00 999 1012.5  13.1 999.0  12.7 99.0 99.00 
2024 01 23 09 10 307  6.6  8.7  2.24 11.43  7.63 283 1012.7  13.2 999.0  12.8 99.0 99.00 
2024 01 23 09 20 300  7.5 10.2 99.00 99.00 99.00 999 1012.8  13.1 999.0  12.7 99.0 99.00 
2024 01 23 09 30 304  8.2 10.2 99.00 99.00 99.00 999 1012.9  12.9 999.0  12.4 99.0 99.00 
2024 01 23 09 40 302  7.8 10.3  2.33 10.81  7.98 281 1013.1  12.9 999.0  12.4 99.0 99.00 
2024 01 23 09 50 298  7.4 10.1 99.00 99.00 99.00 999 1013.2  13.0 999.0  12.4 99.0 99.00 
2024 01 23 10 00 315  5.6  7.5 99.00 99.00 99.00 999 1013.2  13.1 999.0  12.4 99.0 99.00 
2024 01 23 10 10 324  5.0  6.9  2.00 10.00  7.50 270 1013.4  13.1 999.0  12.6 99.0 99.00 
2024 01 23 10 20 334  5.6  7.9 99.00 99.00 99.00 999 1013.4  13.2 999.0  12.7 99.0 99.00 
2024 01 23 10 30 336  6.1  7.6 99.00 99.00 99.00 999 1013.6  13.1 999.0  12.6 99.0 99.00 
2024 01 23 10 40 323  5.2  6.9  2.08 11.43  7.52 286 1013.7  13.0 999.0  12.5 99.0 99.00 
2024 01 23 10 50 318  4.8  6.3 99.00 99.00 99.00 999 1013.7  13.1 999.0  12.6 99.0 99.00 
2024 01 23 11 00 319  4.8  6.3 99.00 99.00 99.00 999 1013.8  13.1 999.0  12.6 99.0 99.00 
2024 01 23 11 10 313  5.4  7.1  2.17 12.12  7.87 285 1013.7  13.1 999.0  12.6 99.0 99.00 
2024 01 23 11 20 313  5.0  6.9 99.00 99.00 99.00 999 1013.7  13.2 999.0  12.7 99.0 99.00 
2024 01 23 11 30 317  4.9  6.5 99.00 99.00 99.00 999 1013.6  13.2 999.0  12.7 99.0 99.00 
2024 01 23 11 40 315  5.1  6.6  2.17 12.12  7.76 284 1013.6  13.2 999.0  12.7 99.0 99.00 
2024 01 23 11 50 317  5.6  6.9 99.00 99.00 99.00 999 1013.6  13.2 999.0  12.5 99.0 99.00 
2024 01 23 12 00 316  5.5  6.9 99.00 99.00 99.00 999 1013.6  13.2 999.0  12.5 99.0 99.00 
2024 01 23 12 10 313  5.3  6.9  2.06 11.43  7.67 287 1013.5  13.2 999.0  12.5 99.0 99.00 
2024 01 23 12 20 313  5.3  7.1 99.00 99.00 99.00 999 1013.5  13.2 999.0  12.5 99.0 99.00 
2024 01 23 12 30 313  6.1  7.8 99.00 99.00 99.00 999 1013.6  13.2 999.0  12.5 99.0 99.00 
2024 01 23 12 40 317  6.2  7.7  2.08 11.43  7.46 277 1013.7  13.2 999.0  12.5 99.0 99.00 
2024 01 23 12 50 321  6.4  8.1 99.00 99.00 99.00 999 1013.7  13.1 999.0  12.4 99.0 99.00 
2024 01 23 13 00 323  6.0  7.5 99.00 99.00 99.00 999 1013.8  13.1 999.0  12.5 99.0 99.00 
2024 01 23 13 10 327  5.4  7.0  2.17 11.43  7.59 280 1013.7  13.1 999.0  12.6 99.0 99.00 
2024 01 23 13 20 328  5.5  7.2 99.00 99.00 99.00 999 1013.6  13.0 999.0  12.4 99.0 99.00 
2024 01 23 13 30 323  5.3  6.8 99.00 99.00 99.00 999 1013.7  13.1 999.0  12.4 99.0 99.00 
2024 01 23 13 40 319  5.4  7.3  1.99 11.43  7.40 278 1013.7  13.1 999.0  12.4 99.0 99.00 
2024 01 23 13 50 330  6.0  8.3 99.00 99.00 99.00 999 1013.8  12.9 999.0  12.3 99.0 99.00 
2024 01 23 14 00 332  5.3  7.4 99.00 99.00 99.00 999 1013.9  12.8 999.0  12.3 99.0 99.00 
2024 01 23 14 10 328  5.4  7.0  2.13 11.43  7.41 279 1014.1  12.8 999.0  12.3 99.0 99.00 
2024 01 23 14 20 322  6.0  8.0 99.00 99.00 99.00 999 1014.3  12.8 999.0  12.1 99.0 99.00 
2024 01 23 14 30 322  6.3  8.0 99.00 99.00 99.00 999 1014.5  12.9 999.0  11.8 99.0 99.00 
2024 01 23 14 40 327  6.6  8.6  1.96 10.81  7.40 250 1014.6  13.0 999.0  11.9 99.0 99.00 
2024 01 23 14 50 313  6.6  8.4 99.00 99.00 99.00 999 1014.8  13.0 999.0  11.9 99.0 99.00 
2024 01 23 15 00 307  6.6  8.4 99.00 99.00 99.00 999 1014.8  12.9 999.0  11.9 99.0 99.00 
2024 01 23 15 10 310  6.7  8.6  1.92 10.00  7.31 261 1014.8  12.7 999.0  12.0 99.0 99.00 
2024 01 23 15 20 313  6.6  8.1 99.00 99.00 99.00 999 1015.0  12.6 999.0  12.0 99.0 99.00 
2024 01 23 15 30 312  7.1  8.8 99.00 99.00 99.00 999 1015.2  12.7 999.0  12.0 99.0 99.00 
2024 01 23 15 40 308  7.2  9.6  2.02 11.43  7.54 275 1015.3  12.8 999.0  12.0 99.0 99.00 
2024 01 23 15 50 310  7.2  8.9 99.00 99.00 99.00 999 1015.6  12.7 999.0  11.9 99.0 99.00 
2024 01 23 16 00 303  7.3  9.0 99.00 99.00 99.00 999 1015.7  12.7 999.0  11.8 99.0 99.00 
2024 01 23 16 10 307  7.2  8.9  2.11 11.43  7.49 275 1015.9  12.7 999.0  11.7 99.0 99.00 
2024 01 23 16 20 306  7.2  9.5 99.00 99.00 99.00 999 1015.9  12.6 999.0  11.6 99.0 99.00 
2024 01 23 16 30 306  7.3  8.9 99.00 99.00 99.00 999 1015.9  12.6 999.0  11.6 99.0 99.00 
2024 01 23 16 40 308  7.8  9.6  1.95 11.43  7.12 275 1015.9  12.5 999.0  11.5 99.0 99.00 
2024 01 23 16 50 310  7.5  9.5 99.00 99.00 99.00 999 1016.0  12.5 999.0  11.5 99.0 99.00 
2024 01 23 17 00 309  6.9  8.6 99.00 99.00 99.00 999 1016.2  12.5 999.0  11.7 99.0 99.00 
2024 01 23 17 10 312  6.6  7.9  1.90 10.81  6.74 263 1016.3  12.6 999.0  11.8 99.0 99.00 
2024 01 23 17 20 311  6.8  8.4 99.00 99.00 99.00 999 1016.6  12.6 999.0  11.8 99.0 99.00 
2024 01 23 17 30 311  6.4  8.2 99.00 99.00 99.00 999 1016.8  12.5 999.0  11.9 99.0 99.00 
2024 01 23 17 40 318  6.3  8.0  2.04 10.81  7.31 269 1016.9  12.4 999.0  11.9 99.0 99.00 
2024 01 23 17 50 319  6.2  7.7 99.00 99.00 99.00 999 1017.0  12.3 999.0  11.9 99.0 99.00 
2024 01 23 18 00 320  5.6  7.1 99.00 99.00 99.00 999 1017.1  12.3 999.0  11.9 99.0 99.00 
2024 01 23 18 10 316  5.6  7.1  2.02 10.00  7.32 259 1017.1  12.4 999.0  12.0 99.0 99.00 
2024 01 23 18 20 310  5.6  7.1 99.00 99.00 99.00 999 1017.1  12.4 999.0  12.0 99.0 99.00 
2024 01 23 18 30 314  5.6  6.9 99.00 99.00 99.00 999 1017.2  12.3 999.0  11.9 99.0 99.00 
2024 01 23 18 40 321  5.5  6.9  2.05 11.43  7.36 273 1017.2  12.4 999.0  12.0 99.0 99.00 
2024 01 23 18 50 322  5.3  6.6 99.00 99.00 99.00 999 1017.1  12.3 999.0  11.9 99.0 99.00 
2024 01 23 19 00 316  4.6  5.8 99.00 99.00 99.00 999 1017.0  12.2 999.0  11.9 99.0 99.00 
2024 01 23 19 10 321  4.3  5.3  1.93 11.43  7.37 263 1016.8  12.2 999.0  12.0 99.0 99.00 
2024 01 23 19 20 321  4.2  5.4 99.00 99.00 99.00 999 1016.9  12.3 999.0  11.9 99.0 99.00 
2024 01 23 19 30 311  4.2  5.8 99.00 99.00 99.00 999 1016.8  12.4 999.0  12.0 99.0 99.00 
2024 01 23 19 40 317  4.5  5.8  1.80 10.81  7.38 261 1016.6  12.4 999.0  12.0 99.0 99.00 
2024 01 23 19 50 310  4.9  6.0 99.00 99.00 99.00 999 1016.6  12.3 999.0  11.9 99.0 99.00 
2024 01 23 20 00 305  5.0  6.4 99.00 99.00 99.00 999 1016.5  12.2 999.0  11.9 99.0 99.00 
2024 01 23 20 10 302  4.7  6.4  2.02 10.81  7.65 251 1016.5  12.1 999.0  11.9 99.0 99.00 
2024 01 23 20 20 299  4.9  6.9 99.00 99.00 99.00 999 1016.4  12.2 999.0  12.0 99.0 99.00 
2024 01 23 20 30 296  4.9  6.9 99.00 99.00 99.00 999 1016.4  12.2 999.0  12.0 99.0 99.00 
2024 01 23 20 40 299  4.2  5.5  2.06 17.39  8.19 294 1016.4  12.1 999.0  11.9 99.0 99.00 
2024 01 23 20 50 289  5.2  7.0 99.00 99.00 99.00 999 1016.6  12.3 999.0  12.1 99.0 99.00 
2024 01 23 21 00 287  6.0  7.6 99.00 99.00 99.00 999 1016.8  12.4 999.0  12.0 99.0 99.00 
2024 01 23 21 10 291  6.5  8.1  1.93 10.81  7.58 265 1016.9  12.4 999.0  12.0 99.0 99.00 
2024 01 23 21 20 292  6.0  7.7 99.00 99.00 99.00 999 1017.0  12.3 999.0  12.0 99.0 99.00 
2024 01 23 21 30 296  6.2  8.1 99.00 99.00 99.00 999 1017.0  12.5 999.0  12.1 99.0 99.00 
2024 01 23 21 40 301  6.3  8.1  2.27 10.00  7.85 263 1017.1  12.7 999.0  12.2 99.0 99.00 
2024 01 23 21 50 306  6.2  7.7 99.00 99.00 99.00 999 1017.0  12.7 999.0  12.1 99.0 99.00 
2024 01 23 22 00 313  5.7  7.1 99.00 99.00 99.00 999 1016.8  12.7 999.0  12.0 99.0 99.00 
2024 01 23 22 10 318  6.0  7.4  2.16 10.81  7.66 261 1017.0  12.7 999.0  12.0 99.0 99.00 
2024 01 23 22 20 317  5.7  7.3 99.00 99.00 99.00 999 1016.9  12.7 999.0  12.0 99.0 99.00 
2024 01 23 22 30 325  5.1  6.4 99.00 99.00 99.00 999 1016.9  12.8 999.0  12.1 99.0 99.00 
2024 01 23 22 40 323  5.2  6.4  2.13 10.81  7.43 254 1017.0  12.8 999.0  12.1 99.0 99.00 
2024 01 23 22 50 318  5.5  6.9 99.00 99.00 99.00 999 1017.1  12.7 999.0  12.0 99.0 99.00 
2024 01 23 23 00 312  5.9  7.1 99.00 99.00 99.00 999 1017.2  12.7 999.0  12.0 99.0 99.00 
2024 01 23 23 10 310  5.9  7.0  2.07 16.00  7.43 275 1017.2  12.8 999.0  11.9 99.0 99.00 
2024 01 23 23 20 312  5.4  7.1 99.00 99.00 99.00 999 1017.3  12.9 999.0  11.9 99.0 99.00 
2024 01 23 23 30 310  5.5  7.0 99.00 99.00 99.00 999 1017.3  12.8 999.0  11.8 99.0 99.00 
2024 01 23 23 40 312  5.1  6.5  2.22 10.00  7.73 267 1017.3  12.9 999.0  11.9 99.0 99.00 
2024 01 23 23 50 315  5.0  6.9 99.00 99.00 99.00 999 1017.3  12.9 999.0  11.7 99.0 99.00 
2024 01 24 00 00 312  5.1  6.4 99.00 99.00 99.00 999 1017.3  12.9 999.0  11.8 99.0 99.00 
2024 01 24 00 10 314  5.0  6.3  2.14  9.09  7.42 256 1017.3  12.9 999.0  11.8 99.0 99.00 
2024 01 24 00 20 315  4.9  6.1 99.00 99.00 99.00 999 1017.4  12.8 999.0  11.7 99.0 99.00 
2024 01 24 00 30 307  5.2  6.6 99.00 99.00 99.00 999 1017.5  12.8 999.0  11.7 99.0 99.00 
2024 01 24 00 40 305  4.7  6.0  2.19 17.39  7.85 286 1017.5  12.8 999.0  11.8 99.0 99.00 
2024 01 24 00 50 303  4.8  6.2 99.00 99.00 99.00 999 1017.5  12.8 999.0  11.8 99.0 99.00 
2024 01 24 01 00 306  4.9  6.3 99.00 99.00 99.00 999 1017.5  12.8 999.0  11.7 99.0 99.00 
2024 01 24 01 10 311  4.5  6.0  2.10 17.39  7.38 288 1017.5  12.8 999.0  11.7 99.0 99.00 
2024 01 24 01 20 311  4.4  5.9 99.00 99.00 99.00 999 1017.5  12.8 999.0  11.6 99.0 99.00 
2024 01 24 01 30 306  4.3  5.4 99.00 99.00 99.00 999 1017.5  12.8 999.0  11.6 99.0 99.00 
2024 01 24 01 40 299  4.5  5.7  2.11 16.00  7.75 279 1017.6  12.8 999.0  11.5 99.0 99.00 
2024 01 24 01 50 302  4.2  5.5 99.00 99.00 99.00 999 1017.6  12.9 999.0  11.7 99.0 99.00 
2024 01 24 02 00 304  4.4  5.5 99.00 99.00 99.00 999 1017.7  12.8 999.0  11.5 99.0 99.00 
2024 01 24 02 10 294  4.4  6.1  2.17 10.00  7.83 283 1017.7  12.8 999.0  11.5 99.0 99.00 
2024 01 24 02 20 301  3.7  5.3 99.00 99.00 99.00 999 1017.7  12.9 999.0  11.6 99.0 99.00 
2024 01 24 02 30 301  3.5  4.8 99.00 99.00 99.00 999 1017.6  12.9 999.0  11.6 99.0 99.00 
2024 01 24 02 40 301  3.5  4.6  2.06 16.00  7.61 293 1017.8  12.8 999.0  11.5 99.0 99.00 
2024 01 24 02 50 304  3.4  4.6 99.00 99.00 99.00 999 1017.8  12.9 999.0  11.6 99.0 99.00 
2024 01 24 03 00 304  3.3  4.5 99.00 99.00 99.00 999 1017.8  12.9 999.0  11.6 99.0 99.00 
2024 01 24 03 10 309  3.0  4.7  2.22 16.00  7.68 297 1017.8  12.9 999.0  11.6 99.0 99.00 
2024 01 24 03 20 311  2.5  3.5 99.00 99.00 99.00 999 1017.7  12.9 999.0  11.6 99.0 99.00 
2024 01 24 03 30 314  2.3  3.5 99.00 99.00 99.00 999 1017.8  12.9 999.0  11.5 99.0 99.00 
2024 01 24 03 40 333  2.1  3.0  2.21 16.00  7.89 284 1017.7  12.9 999.0  11.5 99.0 99.00 
2024 01 24 03 50 328  2.0  2.9 99.00 99.00 99.00 999 1017.8  12.9 999.0  11.5 99.0 99.00 
2024 01 24 04 00 309  1.6  2.6 99.00 99.00 99.00 999 1017.6  12.9 999.0  11.6 99.0 99.00 
2024 01 24 04 10 307  1.4  2.5  2.16 16.00  7.79 306 1017.5  12.9 999.0  11.5 99.0 99.00 
2024 01 24 04 20 319  1.0  1.9 99.00 99.00 99.00 999 1017.5  12.9 999.0  11.5 99.0 99.00 
2024 01 24 04 30 297  1.2  2.4 99.00 99.00 99.00 999 1017.5  12.9 999.0  11.5 99.0 99.00 
2024 01 24 04 40 301  1.2  2.5  2.44 16.00  8.54 290 1017.6  13.0 999.0  11.5 99.0 99.00 
2024 01 24 04 50 311  1.3  2.4 99.00 99.00 99.00 999 1017.8  13.0 999.0  11.6 99.0 99.00 
2024 01 24 05 00 328  1.8  3.0 99.00 99.00 99.00 999 1018.0  12.9 999.0  11.5 99.0 99.00 
2024 01 24 05 10 324  1.5  2.7  2.26 16.00  8.35 295 1018.3  12.9 999.0  11.6 99.0 99.00 
2024 01 24 05 20 315  2.2  3.0 99.00 99.00 99.00 999 1018.3  12.9 999.0  11.6 99.0 99.00 
2024 01 24 05 30 319  1.2  2.8 99.00 99.00 99.00 999 1018.5  12.9 999.0  11.6 99.0 99.00 
2024 01 24 05 40 330  0.5  1.8  2.37 16.00  8.91 286 1018.3  12.9 999.0  11.6 99.0 99.00 
2024 01 24 05 50 183  0.1  0.9 99.00 99.00 99.00 999 1018.3  12.9 999.0  11.6 99.0 99.00 
2024 01 24 06 00 198  1.0  2.1 99.00 99.00 99.00 999 1018.2  12.8 999.0  11.6 99.0 99.00 
2024 01 24 06 10 199  1.6  2.6  2.25 16.00  8.64 288 1018.3  12.8 999.0  11.6 99.0 99.00 
2024 01 24 06 20 216  0.8  2.3 99.00 99.00 99.00 999 1018.7  12.8 999.0  11.7 99.0 99.00 
2024 01 24 06 30 283  1.1  2.8 99.00 99.00 99.00 999 1019.1  12.9 999.0  11.8 99.0 99.00 
2024 01 24 06 40 281  1.8  3.2  2.25 16.00  8.61 290 1019.3  12.9 999.0  11.8 99.0 99.00 
2024 01 24 06 50 272  1.6  3.1 99.00 99.00 99.00 999 1019.2  12.9 999.0  11.8 99.0 99.00 
2024 01 24 07 00 251  0.9  2.6 99.00 99.00 99.00 999 1019.1  12.9 999.0  11.8 99.0 99.00 
2024 01 24 07 10 240  1.1  2.3  2.25 16.00  8.78 284 1019.0  12.8 999.0  11.7 99.0 99.00 
2024 01 24 07 20 168  1.7  3.1 99.00 99.00 99.00 999 1018.3  12.7 999.0  11.7 99.0 99.00 
2024 01 24 07 30 150  3.0  4.2 99.00 99.00 99.00 999 1018.2  12.5 999.0  11.5 99.0 99.00 
2024 01 24 07 40 155  2.9  4.2  2.35 16.00  8.83 292 1018.3  12.4 999.0  11.5 99.0 99.00 
2024 01 24 07 50 161  2.1  3.0 99.00 99.00 99.00 999 1018.7  12.4 999.0  11.6 99.0 99.00 
2024 01 24 08 00 148  1.8  2.8 99.00 99.00 99.00 999 1018.6  12.4 999.0  11.6 99.0 99.00 
2024 01 24 08 10 126  2.5  3.8  2.30 16.00  8.76 294 1018.3  12.4 999.0  11.6 99.0 99.00 
2024 01 24 08 20 134  3.2  4.6 99.00 99.00 99.00 999 1018.3  12.3 999.0  11.5 99.0 99.00 
2024 01 24 08 30 136  2.9  4.0 99.00 99.00 99.00 999 1018.3  12.3 999.0  11.5 99.0 99.00 
2024 01 24 08 40 127  3.3  4.8  2.28 14.81  8.80 286 1018.3  12.3 999.0  11.5 99.0 99.00 
2024 01 24 08 50 127  3.4  4.8 99.00 99.00 99.00 999 1018.0  12.3 999.0  11.5 99.0 99.00 
2024 01 24 09 00 125  3.4  5.3 99.00 99.00 99.00 999 1018.1  12.4 999.0  11.6 99.0 99.00 
2024 01 24 09 10 122  3.6  5.0  2.14 16.00  9.01 283 1018.0  12.4 999.0  11.6 99.0 99.00 
2024 01 24 09 20 131  4.5  6.1 99.00 99.00 99.00 999 1017.9  12.4 999.0  11.6 99.0 99.00 
2024 01 24 09 30 128  4.9  6.5 99.00 99.00 99.00 999 1017.8  12.5 999.0  11.7 99.0 99.00 
2024 01 24 09 40 124  5.5  7.5  2.29 14.81  9.72 279 1017.6  12.4 999.0  11.6 99.0 99.00 
2024 01 24 09 50 125  5.9  7.8 99.00 99.00 99.00 999 1017.5  12.5 999.0  11.7 99.0 99.00 
2024 01 24 10 00 125  6.5  7.7 99.00 99.00 99.00 999 1017.3  12.5 999.0  11.6 99.0 99.00 
2024 01 24 10 10 128  6.5  8.4  2.14 16.00  9.22 284 1017.2  12.5 999.0  11.7 99.0 99.00 
2024 01 24 10 20 132  6.8  8.6 99.00 99.00 99.00 999 1017.2  12.6 999.0  11.8 99.0 99.00 
2024 01 24 10 30 137  7.1  8.7 99.00 99.00 99.00 999 1017.4  12.5 999.0  11.7 99.0 99.00 
2024 01 24 10 40 137  6.8  8.7  2.17 14.81  8.68 276 1017.3  12.5 999.0  11.8 99.0 99.00 
2024 01 24 10 50 142  6.7  8.1 99.00 99.00 99.00 999 1017.6  12.5 999.0  11.9 99.0 99.00 
2024 01 24 11 00 146  6.6  8.0 99.00 99.00 99.00 999 1017.7  12.5 999.0  12.0 99.0 99.00 
2024 01 24 11 10 140  6.2  8.2  2.01 14.81  8.03 276 1017.3  12.4 999.0  11.9 99.0 99.00 
2024 01 24 11 20 138  6.5  8.5 99.00 99.00 99.00 999 1017.3  12.3 999.0  11.9 99.0 99.00 
2024 01 24 11 30 144  6.7  8.3 99.00 99.00 99.00 999 1017.5  12.3 999.0  11.9 99.0 99.00 
2024 01 24 11 40 145  7.1  9.3  1.99 13.79  8.20 277 1017.3  12.3 999.0  11.9 99.0 99.00 
2024 01 24 11 50 143  7.7  9.5 99.00 99.00 99.00 999 1017.1  12.2 999.0  11.7 99.0 99.00 
2024 01 24 12 00 145  8.0 10.2 99.00 99.00 99.00 999 1016.9  12.1 999.0  11.4 99.0 99.00 
2024 01 24 12 10 142  7.8  9.5  2.41 14.81  8.62 287 1016.6  12.1 999.0  11.5 99.0 99.00 
2024 01 24 12 20 142  8.1 10.6 99.00 99.00 99.00 999 1016.6  11.8 999.0  11.4 99.0 99.00 
2024 01 24 12 30 136  7.7  9.7 99.00 99.00 99.00 999 1016.4  11.9 999.0  11.5 99.0 99.00 
2024 01 24 12 40 146  8.2 10.5  2.07 13.79  7.26 281 1016.6  12.0 999.0  11.6 99.0 99.00 
2024 01 24 12 50 144  8.3 10.6 99.00 99.00 99.00 999 1016.1  12.0 999.0  11.7 99.0 99.00 
2024 01 24 13 00 121  8.7 11.1 99.00 99.00 99.00 999 1016.0  11.7 999.0  11.5 99.0 99.00 
2024 01 24 13 10 120  9.2 11.8  2.21 14.81  7.56 284 1016.0  11.5 999.0  11.2 99.0 99.00 
2024 01 24 13 20 122  8.9 11.5 99.00 99.00 99.00 999 1016.1  11.4 999.0  11.0 99.0 99.00 
2024 01 24 13 30 124  9.3 12.1 99.00 99.00 99.00 999 1016.1  11.5 999.0  11.1 99.0 99.00 
2024 01 24 13 40 129  9.5 11.5  2.14 13.79  7.21 279 1015.8  11.7 999.0  11.3 99.0 99.00 
2024 01 24 13 50 131 10.0 12.1 99.00 99.00 99.00 999 1015.9  11.6 999.0  11.1 99.0 99.00 
2024 01 24 14 00 134  9.4 11.9 99.00 99.00 99.00 999 1015.9  11.8 999.0  11.3 99.0 99.00 
2024 01 24 14 10 129  9.6 12.3  2.21 13.79  6.93 270 1015.7  11.7 999.0  11.2 99.0 99.00 
2024 01 24 14 20 130  9.4 11.6 99.00 99.00 99.00 999 1015.8  11.7 999.0  11.2 99.0 99.00 
2024 01 24 14 30 135  8.8 10.9 99.00 99.00 99.00 999 1016.2  11.8 999.0  11.3 99.0 99.00 
2024 01 24 14 40 134  9.3 11.8  2.41 13.79  7.03 261 1016.0  11.6 999.0  11.1 99.0 99.00 
2024 01 24 14 50 129  8.5 11.1 99.00 99.00 99.00 999 1015.9  11.6 999.0  11.1 99.0 99.00 
2024 01 24 15 00 128  8.5 11.3 99.00 99.00 99.00 999 1015.9  11.7 999.0  11.3 99.0 99.00 
2024 01 24 15 10 130  8.7 11.6  2.23 12.90  7.12 269 1015.8  11.8 999.0  11.4 99.0 99.00 
2024 01 24 15 20 133  8.3 11.2 99.00 99.00 99.00 999 1015.9  12.1 999.0  11.9 99.0 99.00 
2024 01 24 15 30 138  9.0 11.1 99.00 99.00 99.00 999 1015.9  12.2 999.0  12.0 99.0 99.00 
2024 01 24 15 40 139  9.5 11.7  2.19 14.81  6.64 266 1016.1  12.1 999.0  11.9 99.0 99.00 
2024 01 24 15 50 143  8.9 11.5 99.00 99.00 99.00 999 1016.2  12.0 999.0  11.6 99.0 99.00 
2024 01 24 16 00 140  8.6 11.2 99.00 99.00 99.00 999 1016.5  12.1 999.0  11.7 99.0 99.00 
2024 01 24 16 10 143  9.2 11.6  2.45 12.90  7.21 273 1016.6  12.1 999.0  11.7 99.0 99.00 
2024 01 24 16 20 136  9.6 12.2 99.00 99.00 99.00 999 1016.6  11.9 999.0  11.5 99.0 99.00 
2024 01 24 16 30 135  9.2 12.2 99.00 99.00 99.00 999 1016.8  11.8 999.0  11.4 99.0 99.00 
2024 01 24 16 40 134  8.8 11.3  2.45 13.79  7.18 269 1016.9  11.9 999.0  11.6 99.0 99.00 
2024 01 24 16 50 131  8.3 10.1 99.00 99.00 99.00 999 1016.9  12.0 999.0  11.8 99.0 99.00 
2024 01 24 17 00 133  7.6  9.8 99.00 99.00 99.00 999 1016.8  12.1 999.0  11.9 99.0 99.00 
2024 01 24 17 10 135  8.3 10.8  2.65 12.90  7.63 283 1016.6  12.4 999.0  12.2 99.0 99.00 
2024 01 24 17 20 136  9.1 12.3 99.00 99.00 99.00 999 1016.5  12.5 999.0  12.3 99.0 99.00 
2024 01 24 17 30 134  9.3 12.6 99.00 99.00 99.00 999 1016.4  12.3 999.0  12.1 99.0 99.00 
2024 01 24 17 40 141  8.8 11.2  2.52 13.79  7.15 281 1016.5  12.4 999.0  12.2 99.0 99.00 
2024 01 24 17 50 138  8.7 10.6 99.00 99.00 99.00 999 1016.4  12.5 999.0  12.3 99.0 99.00 
2024 01 24 18 00 132  9.0 11.1 99.00 99.00 99.00 999 1016.3  12.5 999.0  12.3 99.0 99.00 
2024 01 24 18 10 131  9.8 12.8  2.84 12.90  7.37 285 1016.3  12.4 999.0  12.2 99.0 99.00 
2024 01 24 18 20 138 10.0 13.2 99.00 99.00 99.00 999 1016.3  12.4 999.0  12.2 99.0 99.00 
2024 01 24 18 30 129  9.6 12.1 99.00 99.00 99.00 999 1016.3  12.4 999.0  12.2 99.0 99.00 
2024 01 24 18 40 129  9.5 12.2  2.70 13.79  6.97 262 1016.4  12.3 999.0  12.1 99.0 99.00 
2024 01 24 18 50 129  8.5 11.7 99.00 99.00 99.00 999 1016.8  12.4 999.0  12.2 99.0 99.00 
2024 01 24 19 00 131  8.9 11.7 99.00 99.00 99.00 999 1016.9  12.4 999.0  12.2 99.0 99.00 
2024 01 24 19 10 132  8.8 11.6  2.90 13.79  7.24 267 1016.8  12.5 999.0  12.3 99.0 99.00 
2024 01 24 19 20 134  8.6 11.1 99.00 99.00 99.00 999 1016.9  12.6 999.0  12.4 99.0 99.00 
2024 01 24 19 30 132  8.9 11.9 99.00 99.00 99.00 999 1016.7  12.6 999.0  12.5 99.0 99.00 
2024 01 24 19 40 136  8.5 11.1  3.18 12.90  7.75 280 1016.8  12.5 999.0  12.4 99.0 99.00 
2024 01 24 19 50 138  8.1 10.7 99.00 99.00 99.00 999 1016.7  12.5 999.0  12.4 99.0 99.00 
2024 01 24 20 00 135  7.7 10.2 99.00 99.00 99.00 999 1016.6  12.6 999.0  12.5 99.0 99.00 
2024 01 24 20 10 138  7.6  9.6  2.93 12.90  7.28 281 1016.6  12.8 999.0  12.7 99.0 99.00 
2024 01 24 20 20 138  7.6 10.7 99.00 99.00 99.00 999 1016.6  12.8 999.0  12.7 99.0 99.00 
2024 01 24 20 30 137  8.0 10.9 99.00 99.00 99.00 999 1016.5  12.7 999.0  12.6 99.0 99.00 
2024 01 24 20 40 138  7.9 10.7  2.84 12.90  6.87 270 1016.4  12.7 999.0  12.6 99.0 99.00 
2024 01 24 20 50 137  7.8  9.9 99.00 99.00 99.00 999 1016.2  12.8 999.0  12.7 99.0 99.00 
2024 01 24 21 00 137  8.4 11.3 99.00 99.00 99.00 999 1015.9  12.8 999.0  12.8 99.0 99.00 
2024 01 24 21 10 135  8.5 10.8  3.04 14.81  7.37 279 1015.7  12.8 999.0  12.8 99.0 99.00 
2024 01 24 21 20 133  8.6 12.2 99.00 99.00 99.00 999 1015.6  12.8 999.0  12.8 99.0 99.00 
2024 01 24 21 30 134  8.6 11.1 99.00 99.00 99.00 999 1015.5  12.8 999.0  12.8 99.0 99.00 
2024 01 24 21 40 136  8.3 10.8  3.00 12.90  7.10 273 1015.5  12.9 999.0  12.9 99.0 99.00 
2024 01 24 21 50 137  7.8 10.0 99.00 99.00 99.00 999 1015.4  13.0 999.0  13.0 99.0 99.00 
2024 01 24 22 00 149  7.4  9.8 99.00 99.00 99.00 999 1015.5  13.3 999.0  13.3 99.0 99.00 
2024 01 24 22 10 165  7.8 10.0  3.23 11.43  7.49 271 1015.5  13.4 999.0  13.4 99.0 99.00 
2024 01 24 22 20 178  6.2  8.6 99.00 99.00 99.00 999 1015.6  13.3 999.0  13.3 99.0 99.00 
2024 01 24 22 30 191  4.4  5.8 99.00 99.00 99.00 999 1015.7  13.1 999.0  13.1 99.0 99.00 
2024 01 24 22 40 199  4.7  6.1  3.34 13.79  7.31 274 1015.8  13.0 999.0  13.0 99.0 99.00 
2024 01 24 22 50 205  5.1  6.6 99.00 99.00 99.00 999 1015.9  13.0 999.0  13.0 99.0 99.00 
2024 01 24 23 00 197  5.0  6.3 99.00 99.00 99.00 999 1016.0  13.0 999.0  13.0 99.0 99.00 
2024 01 24 23 10 194  4.3  5.5  2.76 13.79  7.34 265 1016.1  13.0 999.0  13.0 99.0 99.00 
2024 01 24 23 20 197  4.1  5.3 99.00 99.00 99.00 999 1016.2  13.1 999.0  13.1 99.0 99.00 
2024 01 24 23 30 204  3.4  4.7 99.00 99.00 99.00 999 1016.4  13.1 999.0  13.1 99.0 99.00 
2024 01 24 23 40 203  3.1  4.2  2.76 11.43  7.27 276 1016.5  13.2 999.0  13.2 99.0 99.00 
2024 01 24 23 50 213  3.1  4.6 99.00 99.00 99.00 999 1016.5  13.2 999.0  13.2 99.0 99.00 
2024 01 25 00 00 254  3.0  4.5 99.00 99.00 99.00 999 1016.6  13.1 999.0  13.1 99.0 99.00 
2024 01 25 00 10 269  4.1  7.1  2.60 14.81  7.15 271 1016.7  13.0 999.0  13.0 99.0 99.00 
2024 01 25 00 20 284  4.8  6.8 99.00 99.00 99.00 999 1016.7  13.0 999.0  13.0 99.0 99.00 
2024 01 25 00 30 281  5.6  7.4 99.00 99.00 99.00 999 1016.8  13.0 999.0  13.0 99.0 99.00 
2024 01 25 00 40 268  4.6  6.5  2.62 13.79  7.31 279 1016.7  13.0 999.0  12.9 99.0 99.00 
2024 01 25 00 50 265  4.2  5.9 99.00 99.00 99.00 999 1016.8  13.1 999.0  13.0 99.0 99.00 
2024 01 25 01 00 273  4.6  6.0 99.00 99.00 99.00 999 1016.9  13.2 999.0  13.0 99.0 99.00 
2024 01 25 01 10 276  4.9  7.0  2.44 11.43  7.36 262 1016.8  13.3 999.0  13.1 99.0 99.00 
2024 01 25 01 20 278  4.4  5.9 99.00 99.00 99.00 999 1016.8  13.3 999.0  13.1 99.0 99.00 
2024 01 25 01 30 279  4.1  5.7 99.00 99.00 99.00 999 1017.0  13.3 999.0  13.0 99.0 99.00 
2024 01 25 01 40 272  4.0  5.5  2.41 12.90  7.41 282 1017.1  13.3 999.0  12.9 99.0 99.00 
2024 01 25 01 50 264  4.3  5.9 99.00 99.00 99.00 999 1017.2  13.3 999.0  12.9 99.0 99.00 
2024 01 25 02 00 267  4.4  6.6 99.00 99.00 99.00 999 1017.4  13.3 999.0  12.9 99.0 99.00 
2024 01 25 02 10 273  4.8  6.4  2.40 12.12  7.27 267 1017.4  13.4 999.0  13.0 99.0 99.00 
2024 01 25 02 20 268  4.8  6.4 99.00 99.00 99.00 999 1017.6  13.4 999.0  13.0 99.0 99.00 
2024 01 25 02 30 276  5.9  8.2 99.00 99.00 99.00 999 1017.7  13.5 999.0  13.0 99.0 99.00 
2024 01 25 02 40 280  6.2  8.4  2.55 13.79  7.52 272 1017.6  13.5 999.0  13.0 99.0 99.00 
2024 01 25 02 50 281  6.3  8.2 99.00 99.00 99.00 999 1017.7  13.5 999.0  13.0 99.0 99.00 
2024 01 25 03 00 285  6.6  8.3 99.00 99.00 99.00 999 1017.9  13.5 999.0  12.8 99.0 99.00 
2024 01 25 03 10 286  7.0  8.9  2.49 14.81  7.64 263 1018.0  13.5 999.0  12.8 99.0 99.00 
2024 01 25 03 20 289  6.8  9.0 99.00 99.00 99.00 999 1017.9  13.5 999.0  12.8 99.0 99.00 
2024 01 25 03 30 290  6.4  8.5 99.00 99.00 99.00 999 1018.0  13.5 999.0  12.8 99.0 99.00 
2024 01 25 03 40 290  5.5  7.3  2.46 12.12  7.66 264 1018.0  13.5 999.0  12.8 99.0 99.00 
2024 01 25 03 50 290  5.3  7.0 99.00 99.00 99.00 999 1018.0  13.5 999.0  12.8 99.0 99.00 
2024 01 25 04 00 288  5.5  7.2 99.00 99.00 99.00 999 1018.3  13.5 999.0  12.8 99.0 99.00 
2024 01 25 04 10 287  5.4  6.9  2.28 12.90  7.53 278 1018.3  13.4 999.0  12.8 99.0 99.00 
2024 01 25 04 20 291  5.3  6.8 99.00 99.00 99.00 999 1018.4  13.5 999.0  13.0 99.0 99.00 
2024 01 25 04 30 285  5.4  7.2 99.00 99.00 99.00 999 1018.4  13.5 999.0  13.0 99.0 99.00 
2024 01 25 04 40 281  5.6  6.9  2.39 12.90  7.80 276 1018.5  13.4 999.0  12.9 99.0 99.00 
2024 01 25 04 50 284  5.6  7.5 99.00 99.00 99.00 999 1018.4  13.4 999.0  12.9 99.0 99.00 
2024 01 25 05 00 286  5.2  6.6 99.00 99.00 99.00 999 1018.5  13.4 999.0  13.0 99.0 99.00 
2024 01 25 05 10 293  5.4  7.3  2.24 13.79  7.89 270 1018.6  13.4 999.0  13.0 99.0 99.00 
2024 01 25 05 20 293  5.7  7.5 99.00 99.00 99.00 999 1018.6  13.4 999.0  13.0 99.0 99.00 
2024 01 25 05 30 293  6.3  8.2 99.00 99.00 99.00 999 1018.7  13.4 999.0  13.0 99.0 99.00 
2024 01 25 05 40 294  6.0  7.6  2.21 14.81  7.68 279 1018.9  13.4 999.0  12.9 99.0 99.00 
2024 01 25 05 50 298  5.8  7.5 99.00 99.00 99.00 999 1019.1  13.4 999.0  12.8 99.0 99.00 
2024 01 25 06 00 296  5.9  7.3 99.00 99.00 99.00 999 1019.2  13.4 999.0  12.7 99.0 99.00 
2024 01 25 06 10 297  6.7  8.3  2.21 14.81  7.72 283 1019.3  13.4 999.0  12.7 99.0 99.00 
2024 01 25 06 20 300  5.6  7.6 99.00 99.00 99.00 999 1019.4  13.4 999.0  12.7 99.0 99.00 
2024 01 25 06 30 301  5.7  7.6 99.00 99.00 99.00 999 1019.6  13.4 999.0  12.7 99.0 99.00 
2024 01 25 06 40 299  6.1  8.1  2.48 13.79  8.10 278 1019.5  13.4 999.0  12.8 99.0 99.00 
2024 01 25 06 50 297  5.4  7.2 99.00 99.00 99.00 999 1019.3  13.3 999.0  12.8 99.0 99.00 
2024 01 25 07 00 294  5.3  7.5 99.00 99.00 99.00 999 1019.4  13.3 999.0  12.7 99.0 99.00 
2024 01 25 07 10 296  5.3  6.6  2.22 14.81  8.00 297 1019.4  13.3 999.0  12.6 99.0 99.00 
2024 01 25 07 20 295  5.2  6.8 99.00 99.00 99.00 999 1019.4  13.3 999.0  12.7 99.0 99.00 
2024 01 25 07 30 296  5.0  6.5 99.00 99.00 99.00 999 1019.4  13.3 999.0  12.8 99.0 99.00 
2024 01 25 07 40 301  4.8  6.5  2.14 12.90  7.66 285 1019.4  13.3 999.0  12.8 99.0 99.00 
2024 01 25 07 50 306  4.5  6.3 99.00 99.00 99.00 999 1019.4  13.3 999.0  12.7 99.0 99.00 
2024 01 25 08 00 309  4.5  5.8 99.00 99.00 99.00 999 1019.3  13.3 999.0  12.8 99.0 99.00 
2024 01 25 08 10 308  4.6  5.9  2.36 12.90  7.90 285 1019.4  13.3 999.0  12.8 99.0 99.00 
2024 01 25 08 20 308  4.8  6.3 99.00 99.00 99.00 999 1019.4  13.2 999.0  12.7 99.0 99.00 
2024 01 25 08 30 313  4.8  6.1 99.00 99.00 99.00 999 1019.5  13.2 999.0  12.7 99.0 99.00 
2024 01 25 08 40 318  4.4  5.7  2.62 13.79  8.50 284 1019.5  13.2 999.0  12.7 99.0 99.00 
2024 01 25 08 50 318  4.5  6.3 99.00 99.00 99.00 999 1019.6  13.1 999.0  12.6 99.0 99.00 
2024 01 25 09 00 312  4.2  5.4 99.00 99.00 99.00 999 1019.6  13.2 999.0  12.7 99.0 99.00 
2024 01 25 09 10 307  4.0  5.6  2.30 12.12  8.36 274 1019.7  13.2 999.0  12.7 99.0 99.00 
2024 01 25 09 20 302  3.9  5.5 99.00 99.00 99.00 999 1019.8  13.2 999.0  12.7 99.0 99.00 
2024 01 25 09 30 300  3.9  5.6 99.00 99.00 99.00 999 1019.8  13.2 999.0  12.7 99.0 99.00 
2024 01 25 09 40 300  4.0  5.0  2.34 12.90  8.13 274 1019.9  13.1 999.0  12.6 99.0 99.00 
2024 01 25 09 50 302  3.3  5.2 99.00 99.00 99.00 999 1020.0  13.2 999.0  12.7 99.0 99.00 
2024 01 25 10 00 293  3.6  5.4 99.00 99.00 99.00 999 1020.1  13.2 999.0  12.7 99.0 99.00 
2024 01 25 10 10 296  4.2  5.9  2.50 12.90  8.41 268 1020.2  13.2 999.0  12.7 99.0 99.00 
2024 01 25 10 20 306  4.9  6.9 99.00 99.00 99.00 999 1020.3  13.2 999.0  12.7 99.0 99.00 
2024 01 25 10 30 308  4.4  5.7 99.00 99.00 99.00 999 1020.4  13.2 999.0  12.7 99.0 99.00 
2024 01 25 10 40 312  4.2  5.6  2.52 12.90  8.69 269 1020.6  13.2 999.0  12.7 99.0 99.00 
2024 01 25 10 50 314  3.9  5.0 99.00 99.00 99.00 999 1020.5  13.2 999.0  12.7 99.0 99.00 
2024 01 25 11 00 303  4.7  6.5 99.00 99.00 99.00 999 1020.6  13.2 999.0  12.7 99.0 99.00 
2024 01 25 11 10 308  4.8  6.4  2.32 12.90  8.24 283 1020.7  13.2 999.0  12.7 99.0 99.00 
2024 01 25 11 20 308  4.3  6.3 99.00 99.00 99.00 999 1020.7  13.1 999.0  12.5 99.0 99.00 
2024 01 25 11 30 305  3.8  5.8 99.00 99.00 99.00 999 1020.7  13.1 999.0  12.6 99.0 99.00 
2024 01 25 11 40 308  3.5  5.1  2.53 12.90  8.50 273 1020.8  13.1 999.0  12.6 99.0 99.00 
2024 01 25 11 50 306  3.7  5.0 99.00 99.00 99.00 999 1020.9  13.1 999.0  12.6 99.0 99.00 
2024 01 25 12 00 309  3.4  5.1 99.00 99.00 99.00 999 1020.9  13.1 999.0  12.6 99.0 99.00 
2024 01 25 12 10 311  3.7  5.3  2.80 12.90  8.77 280 1020.8  13.1 999.0  12.6 99.0 99.00 
2024 01 25 12 20 307  3.6  4.8 99.00 99.00 99.00 999 1020.9  13.2 999.0  12.7 99.0 99.00 
2024 01 25 12 30 305  3.2  4.8 99.00 99.00 99.00 999 1020.9  13.1 999.0  12.6 99.0 99.00 
2024 01 25 12 40 295  3.5  5.0  2.48 12.90  8.03 270 1020.9  13.1 999.0  12.6 99.0 99.00 
2024 01 25 12 50 295  3.1  4.5 99.00 99.00 99.00 999 1020.8  13.0 999.0  12.6 99.0 99.00 
2024 01 25 13 00 295  3.0  4.5 99.00 99.00 99.00 999 1020.9  13.0 999.0  12.6 99.0 99.00 
2024 01 25 13 10 299  2.9  4.3  2.78 13.79  8.61 277 1020.8  13.1 999.0  12.7 99.0 99.00 
2024 01 25 13 20 300  2.6  4.5 99.00 99.00 99.00 999 1020.8  13.1 999.0  12.7 99.0 99.00 
2024 01 25 13 30 298  2.7  4.0 99.00 99.00 99.00 999 1020.8  13.1 999.0  12.7 99.0 99.00 
2024 01 25 13 40 310  2.4  3.8  2.59 10.81  8.31 275 1020.9  13.0 999.0  12.6 99.0 99.00 
2024 01 25 13 50 319  1.6  2.9 99.00 99.00 99.00 999 1021.1  13.0 999.0  12.6 99.0 99.00 
2024 01 25 14 00 330  1.5  3.0 99.00 99.00 99.00 999 1021.3  13.0 999.0  12.6 99.0 99.00 
2024 01 25 14 10 293  1.9  3.4  2.81 12.90  8.67 276 1021.3  13.0 999.0  12.6 99.0 99.00 
2024 01 25 14 20  28  3.1  4.9 99.00 99.00 99.00 999 1021.5  12.8 999.0  12.4 99.0 99.00 
2024 01 25 14 30  73  2.0  4.4 99.00 99.00 99.00 999 1021.5  12.6 999.0  12.1 99.0 99.00 
2024 01 25 14 40  70  1.7  3.5  2.79 10.81  8.48 269 1021.6  12.6 999.0  12.1 99.0 99.00 
2024 01 25 14 50  82  1.7  3.5 99.00 99.00 99.00 999 1021.7  12.6 999.0  12.1 99.0 99.00 
2024 01 25 15 00  89  1.5  3.4 99.00 99.00 99.00 999 1021.8  12.6 999.0  12.1 99.0 99.00 
2024 01 25 15 10 114  1.3  3.3  2.61 10.81  8.43 264 1021.9  12.6 999.0  12.1 99.0 99.00 
2024 01 25 15 20 125  1.1  3.4 99.00 99.00 99.00 999 1022.0  12.7 999.0  12.2 99.0 99.00 
2024 01 25 15 30 142  1.0  3.0 99.00 99.00 99.00 999 1022.1  12.7 999.0  12.2 99.0 99.00 
2024 01 25 15 40 137  1.0  2.5  2.75 13.79  8.79 275 1022.1  12.6 999.0  11.9 99.0 99.00 
2024 01 25 15 50 141  0.8  2.0 99.00 99.00 99.00 999 1022.2  12.7 999.0  12.0 99.0 99.00 
2024 01 25 16 00 169  0.6  2.2 99.00 99.00 99.00 999 1022.3  12.9 999.0  12.2 99.0 99.00 
2024 01 25 16 10 197  0.9  2.2  2.96 12.90  9.05 277 1022.3  13.0 999.0  12.3 99.0 99.00 
2024 01 25 16 20 210  1.3  2.2 99.00 99.00 99.00 999 1022.3  13.0 999.0  12.3 99.0 99.00 
2024 01 25 16 30 205  0.8  2.2 99.00 99.00 99.00 999 1022.3  13.2 999.0  12.5 99.0 99.00 
2024 01 25 16 40 213  0.6  1.5  2.88 16.00  9.11 286 1022.4  13.3 999.0  12.5 99.0 99.00 
2024 01 25 16 50 237  0.6  1.8 99.00 99.00 99.00 999 1022.4  13.4 999.0  12.6 99.0 99.00 
2024 01 25 17 00 245  0.9  3.2 99.00 99.00 99.00 999 1022.5  13.5 999.0  12.6 99.0 99.00 
2024 01 25 17 10 248  1.3  2.5  3.13 16.00  9.60 287 1022.6  13.4 999.0  12.5 99.0 99.00 
2024 01 25 17 20 248  1.8  3.4 99.00 99.00 99.00 999 1022.8  13.3 999.0  12.4 99.0 99.00 
2024 01 25 17 30 241  2.0  4.2 99.00 99.00 99.00 999 1023.0  13.2 999.0  12.2 99.0 99.00 
2024 01 25 17 40 244  2.3  3.8  3.24 14.81  9.42 281 1023.1  13.2 999.0  12.2 99.0 99.00 
2024 01 25 17 50 241  2.4  3.6 99.00 99.00 99.00 999 1023.3  13.2 999.0  12.2 99.0 99.00 
2024 01 25 18 00 245  2.2  3.9 99.00 99.00 99.00 999 1023.4  13.2 999.0  12.2 99.0 99.00 
2024 01 25 18 10 242  1.9  3.2  3.00 16.00  9.26 280 1023.5  13.4 999.0  12.3 99.0 99.00 
2024 01 25 18 20 244  2.0  3.5 99.00 99.00 99.00 999 1023.6  13.4 999.0  12.1 99.0 99.00 
2024 01 25 18 30 247  2.5  4.2 99.00 99.00 99.00 999 1023.8  13.3 999.0  12.2 99.0 99.00 
2024 01 25 18 40 248  2.6  4.3  3.64 16.00 10.17 291 1023.8  13.3 999.0  12.2 99.0 99.00 
2024 01 25 18 50 248  2.8  4.4 99.00 99.00 99.00 999 1023.8  13.3 999.0  12.2 99.0 99.00 
2024 01 25 19 00 250  2.9  4.9 99.00 99.00 99.00 999 1023.9  13.4 999.0  12.3 99.0 99.00 
2024 01 25 19 10 250  2.7  4.4  3.50 16.00 10.25 282 1023.9  13.4 999.0  12.3 99.0 99.00 
2024 01 25 19 20 251  2.9  4.4 99.00 99.00 99.00 999 1023.9  13.3 999.0  12.2 99.0 99.00 
2024 01 25 19 30 256  2.9  4.5 99.00 99.00 99.00 999 1023.9  13.3 999.0  12.2 99.0 99.00 
2024 01 25 19 40 257  3.1  4.9  3.21 16.00  9.86 279 1023.9  13.3 999.0  12.3 99.0 99.00 
2024 01 25 19 50 260  3.4  4.9 99.00 99.00 99.00 999 1023.9  13.3 999.0  12.4 99.0 99.00 
2024 01 25 20 00 269  2.8  4.9 99.00 99.00 99.00 999 1023.7  13.4 999.0  12.6 99.0 99.00 
2024 01 25 20 10 281  2.6  4.3  3.03 14.81  9.45 269 1023.7  13.4 999.0  12.6 99.0 99.00 
2024 01 25 20 20 276  2.8  4.3 99.00 99.00 99.00 999 1023.8  13.4 999.0  12.6 99.0 99.00 
2024 01 25 20 30 269  3.3  5.0 99.00 99.00 99.00 999 1023.8  13.4 999.0  12.6 99.0 99.00 
2024 01 25 20 40 273  3.7  5.9  3.74 16.00 10.82 288 1023.8  13.4 999.0  12.6 99.0 99.00 
2024 01 25 20 50 274  4.2  5.8 99.00 99.00 99.00 999 1023.8  13.4 999.0  12.6 99.0 99.00 
2024 01 25 21 00 277  4.2  6.6 99.00 99.00 99.00 999 1023.9  13.3 999.0  12.5 99.0 99.00 
2024 01 25 21 10 277  3.8  5.7  3.68 14.81 11.07 286 1023.8  13.4 999.0  12.6 99.0 99.00 
2024 01 25 21 20 274  4.1  6.0 99.00 99.00 99.00 999 1023.7  13.4 999.0  12.5 99.0 99.00 
2024 01 25 21 30 270  4.3  5.8 99.00 99.00 99.00 999 1023.5  13.4 999.0  12.5 99.0 99.00 
2024 01 25 21 40 269  4.3  6.2  3.55 14.81 11.00 281 1023.4  13.4 999.0  12.4 99.0 99.00 
2024 01 25 21 50 275  3.9  5.5 99.00 99.00 99.00 999 1023.3  13.4 999.0  12.5 99.0 99.00 
2024 01 25 22 00 279  3.7  5.2 99.00 99.00 99.00 999 1023.3  13.4 999.0  12.5 99.0 99.00 
2024 01 25 22 10 282  3.4  5.5  3.31 13.79 10.68 276 1023.3  13.5 999.0  12.6 99.0 99.00 
2024 01 25 22 20 281  3.9  5.6 99.00 99.00 99.00 999 1023.2  13.5 999.0  12.6 99.0 99.00 
2024 01 25 22 30 281  3.9  5.7 99.00 99.00 99.00 999 1023.4  13.4 999.0  12.6 99.0 99.00 
2024 01 25 22 40 286  3.5  5.3  3.35 14.81 10.67 289 1023.4  13.5 999.0  12.6 99.0 99.00 
2024 01 25 22 50 287  3.1  4.8 99.00 99.00 99.00 999 1023.3  13.6 999.0  12.6 99.0 99.00 
2024 01 25 23 00 295  2.9  4.5 99.00 99.00 99.00 999 1023.3  13.5 999.0  12.5 99.0 99.00 
2024 01 25 23 10 302  2.8  4.3  3.03 14.81 10.30 276 1023.1  13.5 999.0  12.5 99.0 99.00 
2024 01 25 23 20 304  2.6  4.6 99.00 99.00 99.00 999 1023.1  13.5 999.0  12.5 99.0 99.00 
2024 01 25 23 30 309  2.8  4.3 99.00 99.00 99.00 999 1023.1  13.5 999.0  12.4 99.0 99.00 
2024 01 25 23 40 310  2.6  4.3  3.41 14.81 11.00 292 1023.0  13.6 999.0  12.6 99.0 99.00 
2024 01 25 23 50 315  2.5  3.9 99.00 99.00 99.00 999 1023.1  13.5 999.0  12.5 99.0 99.00 
2024 01 26 00 00 304  2.5  3.9 99.00 99.00 99.00 999 1023.3  13.5 999.0  12.5 99.0 99.00 
2024 01 26 00 10 308  2.5  4.0  3.11 14.81 10.74 290 1023.2  13.5 999.0  12.5 99.0 99.00 
2024 01 26 00 20 310  2.6  4.0 99.00 99.00 99.00 999 1023.3  13.4 999.0  12.4 99.0 99.00 
2024 01 26 00 30 303  2.9  4.3 99.00 99.00 99.00 999 1023.4  13.3 999.0  12.3 99.0 99.00 
2024 01 26 00 40 302  3.1  4.4  2.86 14.81 10.59 278 1023.7  13.3 999.0  12.4 99.0 99.00 
2024 01 26 00 50 296  3.5  5.0 99.00 99.00 99.00 999 1023.8  13.3 999.0  12.5 99.0 99.00 
2024 01 26 01 00 303  3.2  5.3 99.00 99.00 99.00 999 1023.8  13.3 999.0  12.5 99.0 99.00 
2024 01 26 01 10 305  3.1  5.0 99.00 99.00 99.00 999 1023.9  13.3 999.0  12.5 99.0 99.00 
2024 01 26 01 20 303  3.0  4.9 99.00 99.00 99.00 999 1023.9  13.3 999.0  12.5 99.0 99.00 
2024 01 26 01 30 305  3.0  4.9 99.00 99.00 99.00 999 1024.0  13.3 999.0  12.3 99.0 99.00 
2024 01 26 01 40 308  3.0  4.6  3.26 13.79 10.72 290 1023.9  13.3 999.0  12.3 99.0 99.00 
2024 01 26 01 50 302  3.1  4.3 99.00 99.00 99.00 999 1023.9  13.3 999.0  12.3 99.0 99.00 
2024 01 26 02 00 299  2.9  4.4 99.00 99.00 99.00 999 1023.9  13.3 999.0  12.3 99.0 99.00 
2024 01 26 02 10 304  2.7  4.3  3.06 13.79 10.84 283 1023.8  13.3 999.0  12.3 99.0 99.00 
2024 01 26 02 20 295  2.4  3.9 99.00 99.00 99.00 999 1023.7  13.3 999.0  12.3 99.0 99.00 
2024 01 26 02 30 303  2.4  4.2 99.00 99.00 99.00 999 1023.7  13.3 999.0  12.4 99.0 99.00 
2024 01 26 02 40 311  2.5  3.9  3.43 13.79 10.89 280 1023.6  13.3 999.0  12.5 99.0 99.00 
2024 01 26 02 50 324  2.7  4.0 99.00 99.00 99.00 999 1023.8  13.3 999.0  12.5 99.0 99.00 
2024 01 26 03 00 329  2.5  3.7 99.00 99.00 99.00 999 1023.7  13.3 999.0  12.5 99.0 99.00 
2024 01 26 03 10 345  2.5  3.8  3.26 13.79 10.87 292 1023.6  13.3 999.0  12.5 99.0 99.00 
2024 01 26 03 20 356  2.5  3.6 99.00 99.00 99.00 999 1023.5  13.2 999.0  12.4 99.0 99.00 
2024 01 26 03 30 360  2.6  3.7 99.00 99.00 99.00 999 1023.5  13.2 999.0  12.4 99.0 99.00 
2024 01 26 03 40   1  2.6  3.4  2.99 13.79 10.38 293 1023.6  13.2 999.0  12.5 99.0 99.00 
2024 01 26 03 50   5  2.5  3.7 99.00 99.00 99.00 999 1023.4  13.1 999.0  12.4 99.0 99.00 
2024 01 26 04 00  13  2.5  3.6 99.00 99.00 99.00 999 1023.2  13.1 999.0  12.4 99.0 99.00 
2024 01 26 04 10  14  2.4  3.5  3.26 13.79 10.71 291 1023.1  13.0 999.0  12.3 99.0 99.00 
2024 01 26 04 20 357  1.5  2.7 99.00 99.00 99.00 999 1023.3  13.0 999.0  12.2 99.0 99.00 
2024 01 26 04 30 350  1.3  2.4 99.00 99.00 99.00 999 1023.4  13.0 999.0  12.2 99.0 99.00 
2024 01 26 04 40 347  0.8  2.1  3.23 13.79 10.53 291 1023.3  13.1 999.0  12.3 99.0 99.00 
2024 01 26 04 50 314  0.6  2.0 99.00 99.00 99.00 999 1023.3  13.1 999.0  12.3 99.0 99.00 
2024 01 26 05 00 123  0.3  1.7 99.00 99.00 99.00 999 1023.1  13.1 999.0  12.3 99.0 99.00 
2024 01 26 05 10  78  0.2  1.4  3.00 12.90 10.20 289 1023.3  13.1 999.0  12.3 99.0 99.00 
2024 01 26 05 20   6  0.2  1.7 99.00 99.00 99.00 999 1023.6  13.1 999.0  12.3 99.0 99.00 
2024 01 26 05 30 313  0.1  1.2 99.00 99.00 99.00 999 1023.6  13.2 999.0  12.2 99.0 99.00 
2024 01 26 05 40 360  0.1  1.1  2.83 13.79  9.98 293 1023.6  13.2 999.0  12.3 99.0 99.00 
2024 01 26 05 50  45  0.6  2.2 99.00 99.00 99.00 999 1023.3  13.1 999.0  12.3 99.0 99.00 
2024 01 26 06 00  23  0.2  1.4 99.00 99.00 99.00 999 1023.7  13.1 999.0  12.3 99.0 99.00 
2024 01 26 06 10 244  0.7  2.2  3.15 13.79 10.22 292 1023.8  13.1 999.0  12.3 99.0 99.00 
2024 01 26 06 20 297  0.3  1.5 99.00 99.00 99.00 999 1023.7  13.1 999.0  12.3 99.0 99.00 
2024 01 26 06 30  64  0.6  3.0 99.00 99.00 99.00 999 1023.4  13.1 999.0  12.3 99.0 99.00 
2024 01 26 06 40  91  0.4  2.2  3.59 12.90 10.51 290 1023.5  13.1 999.0  12.4 99.0 99.00 
2024 01 26 06 50 100  0.9  2.4 99.00 99.00 99.00 999 1023.4  13.0 999.0  12.3 99.0 99.00 
2024 01 26 07 00  82  1.6  3.4 99.00 99.00 99.00 999 1023.3  13.0 999.0  12.3 99.0 99.00 
2024 01 26 07 10  78  1.2  3.4  3.06 12.90  9.64 291 1023.5  13.0 999.0  12.3 99.0 99.00 
2024 01 26 07 20  93  0.5  2.0 99.00 99.00 99.00 999 1023.7  13.1 999.0  12.3 99.0 99.00 
2024 01 26 07 30 167  0.6  1.7 99.00 99.00 99.00 999 1023.8  13.1 999.0  12.3 99.0 99.00 
2024 01 26 07 40 187  1.0  2.3  3.51 12.90 10.67 284 1024.1  13.1 999.0  12.3 99.0 99.00 
2024 01 26 07 50 156  1.2  2.9 99.00 99.00 99.00 999 1024.0  13.1 999.0  12.3 99.0 99.00 
2024 01 26 08 00 130  1.7  3.5 99.00 99.00 99.00 999 1023.9  13.1 999.0  12.3 99.0 99.00 
2024 01 26 08 10 126  2.4  4.6  3.17 12.90  9.99 288 1024.0  13.1 999.0  12.3 99.0 99.00 
2024 01 26 08 20 151  2.5  4.9 99.00 99.00 99.00 999 1024.1  13.1 999.0  12.3 99.0 99.00 
2024 01 26 08 30 141  2.9  5.3 99.00 99.00 99.00 999 1023.7  13.1 999.0  12.3 99.0 99.00 
2024 01 26 08 40 134  3.3  5.5  3.18 12.90  9.95 282 1023.5  13.0 999.0  12.3 99.0 99.00 
2024 01 26 08 50 145  2.9  4.9 99.00 99.00 99.00 999 1023.5  13.0 999.0  12.3 99.0 99.00 
2024 01 26 09 00 131  2.8  5.0 99.00 99.00 99.00 999 1023.4  13.0 999.0  12.2 99.0 99.00 
2024 01 26 09 10 123  3.3  5.6  3.12 12.90  9.75 287 1023.3  13.0 999.0  12.2 99.0 99.00 
2024 01 26 09 20 125  3.5  5.6 99.00 99.00 99.00 999 1023.3  13.0 999.0  12.2 99.0 99.00 
2024 01 26 09 30 122  3.7  5.6 99.00 99.00 99.00 999 1023.3  13.0 999.0  12.3 99.0 99.00 
2024 01 26 09 40 120  3.8  6.3  3.11 12.12  9.71 283 1023.3  13.0 999.0  12.3 99.0 99.00 
2024 01 26 09 50 116  4.2  6.1 99.00 99.00 99.00 999 1023.5  13.0 999.0  12.5 99.0 99.00 
2024 01 26 10 00 114  4.4  6.9 99.00 99.00 99.00 999 1023.4  12.8 999.0  12.3 99.0 99.00 
2024 01 26 10 10 114  4.5  7.2  3.82 12.90 10.27 276 1023.3  12.8 999.0  12.0 99.0 99.00 
2024 01 26 10 20 115  4.5  6.8 99.00 99.00 99.00 999 1023.1  12.9 999.0  11.8 99.0 99.00 
2024 01 26 10 30 115  4.3  6.6 99.00 99.00 99.00 999 1023.2  13.0 999.0  11.6 99.0 99.00 
2024 01 26 10 40 121  3.3  5.9  3.26 12.12  9.89 274 1023.4  13.1 999.0  11.9 99.0 99.00 
2024 01 26 10 50 120  2.6  5.3 99.00 99.00 99.00 999 1023.4  13.1 999.0  12.2 99.0 99.00 
2024 01 26 11 00 109  3.0  5.8 99.00 99.00 99.00 999 1023.4  13.0 999.0  12.2 99.0 99.00 
2024 01 26 11 10 119  3.2  5.5  3.31 12.90 10.17 265 1023.5  13.0 999.0  12.3 99.0 99.00 
2024 01 26 11 20 127  3.1  5.0 99.00 99.00 99.00 999 1023.6  12.9 999.0  12.1 99.0 99.00 
2024 01 26 11 30 114  2.6  4.8 99.00 99.00 99.00 999 1023.6  13.0 999.0  12.0 99.0 99.00 
2024 01 26 11 40 113  2.7  5.3  3.07 13.79  9.79 263 1023.7  13.0 999.0  11.8 99.0 99.00 
2024 01 26 11 50 114  2.5  5.0 99.00 99.00 99.00 999 1023.7  13.0 999.0  11.7 99.0 99.00 
2024 01 26 12 00 120  2.7  5.0 99.00 99.00 99.00 999 1023.5  13.1 999.0  11.8 99.0 99.00 
2024 01 26 12 10 121  3.0  4.8  3.07 13.79  9.54 259 1023.6  13.0 999.0  11.6 99.0 99.00 
2024 01 26 12 20 130  2.6  4.7 99.00 99.00 99.00 999 1023.7  13.1 999.0  11.5 99.0 99.00 
2024 01 26 12 30 129  2.6  4.2 99.00 99.00 99.00 999 1023.7  13.1 999.0  11.5 99.0 99.00 
2024 01 26 12 40 112  2.4  4.2  2.70 13.79  9.26 272 1023.6  13.1 999.0  11.7 99.0 99.00 
2024 01 26 12 50 111  2.1  4.6 99.00 99.00 99.00 999 1023.8  13.0 999.0  11.6 99.0 99.00 
2024 01 26 13 00 108  2.0  4.4 99.00 99.00 99.00 999 1023.8  13.0 999.0  11.6 99.0 99.00 
2024 01 26 13 10 114  2.2  3.9  3.20 13.79  9.91 280 1023.8  13.0 999.0  11.6 99.0 99.00 
2024 01 26 13 20  96  2.8  5.1 99.00 99.00 99.00 999 1023.8  13.0 999.0  11.5 99.0 99.00 
2024 01 26 13 30 101  2.6  4.8 99.00 99.00 99.00 999 1024.1  13.1 999.0  11.6 99.0 99.00 
2024 01 26 13 40 106  2.7  4.8  2.89 12.90  9.58 270 1023.8  13.1 999.0  11.7 99.0 99.00 
2024 01 26 13 50 101  3.4  5.3 99.00 99.00 99.00 999 1023.5  13.0 999.0  11.8 99.0 99.00 
2024 01 26 14 00  94  4.6  7.6 99.00 99.00 99.00 999 1023.5  12.9 999.0  11.8 99.0 99.00 
2024 01 26 14 10  97  3.8  6.1  2.99 12.90  9.79 279 1023.7  12.8 999.0  11.6 99.0 99.00 
2024 01 26 14 20  95  3.1  5.1 99.00 99.00 99.00 999 1024.0  13.0 999.0  11.5 99.0 99.00 
2024 01 26 14 30  94  2.7  4.3 99.00 99.00 99.00 999 1024.1  13.0 999.0  11.5 99.0 99.00 
2024 01 26 14 40  87  3.4  5.4  2.50 13.79  9.30 277 1024.0  13.0 999.0  11.6 99.0 99.00 
2024 01 26 14 50  88  4.5  6.9 99.00 99.00 99.00 999 1023.8  12.9 999.0  11.6 99.0 99.00 
2024 01 26 15 00  94  4.7  7.2 99.00 99.00 99.00 999 1023.9  12.9 999.0  11.6 99.0 99.00 
2024 01 26 15 10  95  4.9  7.4  2.59 12.90  9.57 264 1024.0  12.9 999.0  11.6 99.0 99.00 
2024 01 26 15 20  99  4.4  6.1 99.00 99.00 99.00 999 1024.0  13.0 999.0  11.7 99.0 99.00 
2024 01 26 15 30  95  4.7  6.8 99.00 99.00 99.00 999 1024.2  13.0 999.0  11.7 99.0 99.00 
2024 01 26 15 40  94  4.8  7.0  2.23 12.12  8.80 281 1024.2  12.9 999.0  11.7 99.0 99.00 
2024 01 26 15 50  92  5.1  6.9 99.00 99.00 99.00 999 1024.3  12.8 999.0  11.6 99.0 99.00 
2024 01 26 16 00  91  4.8  7.0 99.00 99.00 99.00 999 1024.4  12.8 999.0  11.6 99.0 99.00 
2024 01 26 16 10  88  4.8  7.6  2.42 12.90  8.99 284 1024.4  12.8 999.0  11.7 99.0 99.00 
2024 01 26 16 20  86  4.7  7.1 99.00 99.00 99.00 999 1024.6  12.8 999.0  11.7 99.0 99.00 
2024 01 26 16 30  90  5.2  7.7 99.00 99.00 99.00 999 1024.5  12.8 999.0  11.6 99.0 99.00 
2024 01 26 16 40  96  5.0  7.0  2.32 12.90  9.15 271 1024.8  12.8 999.0  11.6 99.0 99.00 
2024 01 26 16 50  98  5.3  7.1 99.00 99.00 99.00 999 1024.7  12.8 999.0  11.5 99.0 99.00 
2024 01 26 17 00 103  5.3  7.8 99.00 99.00 99.00 999 1024.7  12.8 999.0  11.5 99.0 99.00 
2024 01 26 17 10 104  5.1  6.6  2.12 13.79  8.80 277 1024.8  12.8 999.0  11.7 99.0 99.00 
2024 01 26 17 20 101  5.4  7.4 99.00 99.00 99.00 999 1024.9  12.8 999.0  11.7 99.0 99.00 
2024 01 26 17 30 106  4.8  6.8 99.00 99.00 99.00 999 1025.3  12.8 999.0  11.6 99.0 99.00 
2024 01 26 17 40 107  4.3  6.4  2.19 13.79  8.94 271 1025.4  12.8 999.0  11.6 99.0 99.00 
2024 01 26 17 50 111  4.3  6.8 99.00 99.00 99.00 999 1025.3  13.0 999.0  11.8 99.0 99.00 
2024 01 26 18 00 102  5.2  7.2 99.00 99.00 99.00 999 1025.3  12.9 999.0  11.7 99.0 99.00 
2024 01 26 18 10 100  4.7  6.6  2.25 13.79  9.22 268 1025.6  12.9 999.0  11.8 99.0 99.00 
2024 01 26 18 20 106  4.4  6.5 99.00 99.00 99.00 999 1025.6  13.0 999.0  11.7 99.0 99.00 
2024 01 26 18 30 110  4.4  6.1 99.00 99.00 99.00 999 1025.7  13.1 999.0  11.8 99.0 99.00 
2024 01 26 18 40 108  4.4  5.8  2.13 13.79  8.97 271 1025.5  13.2 999.0  11.9 99.0 99.00 
2024 01 26 18 50 110  4.3  5.9 99.00 99.00 99.00 999 1025.6  13.2 999.0  11.9 99.0 99.00 
2024 01 26 19 00 125  3.4  5.4 99.00 99.00 99.00 999 1025.9  13.3 999.0  12.0 99.0 99.00 
2024 01 26 19 10 128  4.4  6.1  2.11 12.90  8.90 269 1025.9  13.5 999.0  11.9 99.0 99.00 
2024 01 26 19 20 130  4.0  5.1 99.00 99.00 99.00 999 1025.8  13.5 999.0  12.0 99.0 99.00 
2024 01 26 19 30 119  3.8  5.4 99.00 99.00 99.00 999 1025.4  13.5 999.0  12.1 99.0 99.00 
2024 01 26 19 40 134  2.4  4.1  2.20 13.79  9.09 261 1025.5  13.4 999.0  12.0 99.0 99.00 
2024 01 26 19 50 134  2.1  3.2 99.00 99.00 99.00 999 1025.4  13.4 999.0  11.9 99.0 99.00 
2024 01 26 20 00 152  1.8  2.8 99.00 99.00 99.00 999 1025.5  13.5 999.0  11.9 99.0 99.00 
2024 01 26 20 10 162  1.6  2.4  1.98 12.12  8.63 273 1025.4  13.5 999.0  11.9 99.0 99.00 
2024 01 26 20 20 176  1.2  2.0 99.00 99.00 99.00 999 1025.4  13.6 999.0  12.0 99.0 99.00 
2024 01 26 20 30 134  1.3  2.4 99.00 99.00 99.00 999 1025.2  13.6 999.0  12.1 99.0 99.00 
2024 01 26 20 40 115  1.7  3.4  1.78 13.79  8.78 271 1024.9  13.5 999.0  12.0 99.0 99.00 
2024 01 26 20 50  98  2.5  4.0 99.00 99.00 99.00 999 1024.6  13.4 999.0  11.9 99.0 99.00 
2024 01 26 21 00  91  3.4  4.9 99.00 99.00 99.00 999 1024.4  13.5 999.0  11.9 99.0 99.00 
2024 01 26 21 10  95  3.6  5.0  1.75 13.79  8.90 253 1024.5  13.5 999.0  12.1 99.0 99.00 
2024 01 26 21 20  98  2.8  4.7 99.00 99.00 99.00 999 1024.7  13.6 999.0  12.3 99.0 99.00 
2024 01 26 21 30  94  2.9  4.6 99.00 99.00 99.00 999 1024.4  13.6 999.0  12.5 99.0 99.00 
2024 01 26 21 40  97  3.6  5.1  2.05 13.79  9.60 270 1024.3  13.5 999.0  12.5 99.0 99.00 
2024 01 26 21 50  94  3.7  5.0 99.00 99.00 99.00 999 1024.3  13.5 999.0  12.3 99.0 99.00 
2024 01 26 22 00 104  4.0  5.4 99.00 99.00 99.00 999 1024.2  13.7 999.0  12.3 99.0 99.00 
2024 01 26 22 10 110  3.9  5.3  1.73 12.90  9.11 260 1024.4  13.8 999.0  12.4 99.0 99.00 
2024 01 26 22 20 112  2.8  4.4 99.00 99.00 99.00 999 1024.7  13.8 999.0  12.5 99.0 99.00 
2024 01 26 22 30 120  1.8  3.5 99.00 99.00 99.00 999 1025.0  13.9 999.0  12.6 99.0 99.00 
2024 01 26 22 40 145  1.4  2.4  1.93 12.90  9.37 275 1024.8  14.1 999.0  12.8 99.0 99.00 
2024 01 26 22 50 147  2.0  3.0 99.00 99.00 99.00 999 1024.7  14.0 999.0  12.8 99.0 99.00 
2024 01 26 23 00 132  2.0  3.5 99.00 99.00 99.00 999 1024.8  14.0 999.0  12.8 99.0 99.00 
2024 01 26 23 10 120  2.4  3.8  1.91 12.90  9.33 281 1024.8  14.0 999.0  12.7 99.0 99.00 
2024 01 26 23 20 110  2.4  3.6 99.00 99.00 99.00 999 1024.8  14.0 999.0  12.7 99.0 99.00 
2024 01 26 23 30 127  1.4  3.2 99.00 99.00 99.00 999 1025.1  13.9 999.0  12.7 99.0 99.00 
2024 01 26 23 40 160  1.1  2.0  1.97 12.90  9.28 282 1025.2  13.9 999.0  12.7 99.0 99.00 
2024 01 26 23 50 120  0.5  1.7 99.00 99.00 99.00 999 1025.2  13.9 999.0  12.7 99.0 99.00 
2024 01 27 00 00 138  0.9  2.0 99.00 99.00 99.00 999 1025.2  13.8 999.0  12.5 99.0 99.00 
2024 01 27 00 10 176  1.1  1.9  1.99 11.43  9.09 282 1025.4  13.9 999.0  12.6 99.0 99.00 
2024 01 27 00 20 197  0.8  1.9 99.00 99.00 99.00 999 1025.4  13.9 999.0  12.3 99.0 99.00 
2024 01 27 00 30 142  0.4  1.5 99.00 99.00 99.00 999 1025.3  14.1 999.0  12.1 99.0 99.00 
2024 01 27 00 40 118  1.0  2.1  2.09 12.90  9.47 266 1025.3  14.2 999.0  11.9 99.0 99.00 
2024 01 27 00 50 126  1.4  2.7 99.00 99.00 99.00 999 1025.0  14.3 999.0  11.7 99.0 99.00 
2024 01 27 01 00 117  1.4  2.8 99.00 99.00 99.00 999 1025.2  14.2 999.0  12.0 99.0 99.00 
2024 01 27 01 10  75  1.3  2.9  2.00 12.90  9.33 265 1025.1  14.1 999.0  12.2 99.0 99.00 
2024 01 27 01 20  66  0.5  2.0 99.00 99.00 99.00 999 1025.4  14.1 999.0  12.6 99.0 99.00 
2024 01 27 01 30  77  0.3  1.3 99.00 99.00 99.00 999 1025.4  14.1 999.0  12.6 99.0 99.00 
2024 01 27 01 40  51  0.1  0.7  1.94 12.90  9.38 276 1025.4  14.1 999.0  12.6 99.0 99.00 
2024 01 27 01 50 347  0.0  0.3 99.00 99.00 99.00 999 1025.5  14.1 999.0  12.6 99.0 99.00 
2024 01 27 02 00   7  0.1  0.8 99.00 99.00 99.00 999 1025.5  14.0 999.0  12.4 99.0 99.00 
2024 01 27 02 10  41  0.8  1.9  1.88 12.90  9.17 273 1025.4  14.0 999.0  12.4 99.0 99.00 
2024 01 27 02 20  50  1.0  2.4 99.00 99.00 99.00 999 1025.4  14.0 999.0  12.7 99.0 99.00 
2024 01 27 02 30  76  1.7  2.9 99.00 99.00 99.00 999 1025.4  13.9 999.0  12.5 99.0 99.00 
2024 01 27 02 40  78  1.4  2.5  1.81 11.43  8.98 284 1025.5  14.0 999.0  12.5 99.0 99.00 
2024 01 27 02 50  82  1.6  3.3 99.00 99.00 99.00 999 1025.4  14.0 999.0  12.5 99.0 99.00 
2024 01 27 03 00  89  2.3  4.0 99.00 99.00 99.00 999 1025.4  13.9 999.0  12.4 99.0 99.00 
2024 01 27 03 10  85  2.7  4.8  1.94 12.12  8.96 285 1025.2  14.0 999.0  12.4 99.0 99.00 
2024 01 27 03 20  94  2.4  3.9 99.00 99.00 99.00 999 1025.5  14.2 999.0  12.5 99.0 99.00 
2024 01 27 03 30  96  2.9  4.9 99.00 99.00 99.00 999 1025.6  14.2 999.0  12.3 99.0 99.00 
2024 01 27 03 40  98  3.7  5.3  1.76 13.79  8.63 281 1025.5  14.3 999.0  12.3 99.0 99.00 
2024 01 27 03 50  99  3.8  5.4 99.00 99.00 99.00 999 1025.4  14.2 999.0  12.4 99.0 99.00 
2024 01 27 04 00 101  5.0  7.0 99.00 99.00 99.00 999 1025.3  14.3 999.0  12.1 99.0 99.00 
2024 01 27 04 10 100  5.3  8.0  2.00 12.12  8.95 277 1025.1  14.4 999.0  12.0 99.0 99.00 
2024 01 27 04 20  99  5.5  8.0 99.00 99.00 99.00 999 1025.3  14.4 999.0  12.0 99.0 99.00 
2024 01 27 04 30  99  4.8  6.6 99.00 99.00 99.00 999 1025.4  14.3 999.0  12.0 99.0 99.00 
2024 01 27 04 40 101  4.4  6.2  2.06 12.12  9.06 277 1025.4  14.2 999.0  12.2 99.0 99.00 
2024 01 27 04 50 105  5.0  6.5 99.00 99.00 99.00 999 1025.4  14.1 999.0  12.2 99.0 99.00 
2024 01 27 05 00  99  4.6  6.1 99.00 99.00 99.00 999 1025.5  14.0 999.0  12.2 99.0 99.00 
2024 01 27 05 10 102  4.0  5.6  1.75 12.90  8.15 262 1025.6  14.0 999.0  12.2 99.0 99.00 
2024 01 27 05 20 101  4.2  5.8 99.00 99.00 99.00 999 1025.6  14.1 999.0  12.2 99.0 99.00 
2024 01 27 05 30 100  4.9  6.9 99.00 99.00 99.00 999 1025.5  14.1 999.0  12.0 99.0 99.00 
2024 01 27 05 40  98  4.4  7.0  2.06 12.12  8.63 265 1025.7  14.1 999.0  12.1 99.0 99.00 
2024 01 27 05 50 103  3.7  5.8 99.00 99.00 99.00 999 1025.8  14.1 999.0  12.3 99.0 99.00 
2024 01 27 06 00  94  3.3  5.0 99.00 99.00 99.00 999 1025.7  14.0 999.0  12.2 99.0 99.00 
2024 01 27 06 10  94  3.5  5.4  2.11 12.12  8.66 271 1025.7  14.0 999.0  12.4 99.0 99.00 
2024 01 27 06 20  89  3.3  4.9 99.00 99.00 99.00 999 1025.7  13.8 999.0  12.4 99.0 99.00 
2024 01 27 06 30  90  3.7  5.4 99.00 99.00 99.00 999 1025.8  13.7 999.0  12.4 99.0 99.00 
2024 01 27 06 40  89  3.9  5.8  2.05 12.12  8.77 268 1025.7  13.7 999.0  12.4 99.0 99.00 
2024 01 27 06 50  91  4.3  5.9 99.00 99.00 99.00 999 1025.7  13.7 999.0  12.3 99.0 99.00 
2024 01 27 07 00  87  4.9  6.7 99.00 99.00 99.00 999 1025.7  13.7 999.0  12.2 99.0 99.00 
2024 01 27 07 10  87  5.0  7.3  1.92 10.81  8.34 276 1025.7  13.7 999.0  12.1 99.0 99.00 
2024 01 27 07 20  85  4.7  6.4 99.00 99.00 99.00 999 1025.9  13.7 999.0  12.1 99.0 99.00 
2024 01 27 07 30  86  5.1  7.0 99.00 99.00 99.00 999 1026.0  13.7 999.0  12.0 99.0 99.00 
2024 01 27 07 40  88  5.3  7.4  1.83 12.90  8.03 271 1025.8  13.7 999.0  11.9 99.0 99.00 
2024 01 27 07 50  92  5.3  7.4 99.00 99.00 99.00 999 1025.8  13.7 999.0  12.0 99.0 99.00 
2024 01 27 08 00  94  4.9  7.0 99.00 99.00 99.00 999 1025.5  13.6 999.0  11.9 99.0 99.00 
2024 01 27 08 10  95  5.7  7.9  1.88 12.90  8.02 266 1025.4  13.5 999.0  11.9 99.0 99.00 
2024 01 27 08 20  94  5.1  7.5 99.00 99.00 99.00 999 1025.4  13.5 999.0  11.9 99.0 99.00 
2024 01 27 08 30  95  4.6  6.3 99.00 99.00 99.00 999 1025.3  13.5 999.0  11.9 99.0 99.00 
2024 01 27 08 40  90  4.2  5.8  1.91 13.79  8.19 275 1025.1  13.5 999.0  12.0 99.0 99.00 
2024 01 27 08 50  85  3.8  5.5 99.00 99.00 99.00 999 1025.2  13.4 999.0  12.0 99.0 99.00 
2024 01 27 09 00  80  4.1  5.9 99.00 99.00 99.00 999 1025.1  13.3 999.0  12.0 99.0 99.00 
2024 01 27 09 10  86  4.8  6.8  1.71 10.81  7.73 270 1025.1  13.3 999.0  11.8 99.0 99.00 
2024 01 27 09 20  89  5.3  7.2 99.00 99.00 99.00 999 1025.0  13.3 999.0  11.6 99.0 99.00 
2024 01 27 09 30  89  5.3  6.8 99.00 99.00 99.00 999 1025.3  13.3 999.0  11.5 99.0 99.00 
2024 01 27 09 40  91  5.0  6.5  1.66 12.12  7.37 260 1025.4  13.3 999.0  11.5 99.0 99.00 
2024 01 27 09 50  92  5.1  6.9 99.00 99.00 99.00 999 1025.3  13.3 999.0  11.4 99.0 99.00 
2024 01 27 10 00  89  5.3  7.0 99.00 99.00 99.00 999 1025.2  13.4 999.0  11.4 99.0 99.00 
2024 01 27 10 10  84  5.3  7.0  1.77 12.90  7.61 272 1025.0  13.5 999.0  11.4 99.0 99.00 
2024 01 27 10 20  82  6.3  8.5 99.00 99.00 99.00 999 1024.6  13.4 999.0  11.5 99.0 99.00 
2024 01 27 10 30  80  6.4  8.4 99.00 99.00 99.00 999 1024.5  13.4 999.0  11.6 99.0 99.00 
2024 01 27 10 40  82  6.5  8.8  1.52 12.90  7.11 248 1024.7  13.4 999.0  11.4 99.0 99.00 
2024 01 27 10 50  87  6.4  8.4 99.00 99.00 99.00 999 1024.6  13.5 999.0  11.3 99.0 99.00 
2024 01 27 11 00  87  6.4  8.3 99.00 99.00 99.00 999 1024.4  13.5 999.0  11.4 99.0 99.00 
2024 01 27 11 10  87  7.1 10.0  1.89 13.79  7.70 237 1024.1  13.5 999.0  11.4 99.0 99.00 
2024 01 27 11 20  88  6.7  8.7 99.00 99.00 99.00 999 1024.1  13.5 999.0  11.5 99.0 99.00 
2024 01 27 11 30  97  6.8  9.2 99.00 99.00 99.00 999 1024.0  13.5 999.0  11.5 99.0 99.00 
2024 01 27 11 40 101  8.1 10.1  1.83 12.90  7.01 266 1023.8  13.4 999.0  11.3 99.0 99.00 
2024 01 27 11 50  99  7.4  9.5 99.00 99.00 99.00 999 1024.2  13.3 999.0  11.2 99.0 99.00 
2024 01 27 12 00  97  5.9  7.9 99.00 99.00 99.00 999 1024.2  13.2 999.0  11.3 99.0 99.00 
2024 01 27 12 10  93  6.4  8.6  1.70 12.12  6.80 270 1023.9  13.2 999.0  11.3 99.0 99.00 
2024 01 27 12 20  88  7.2  9.3 99.00 99.00 99.00 999 1023.9  13.1 999.0  11.2 99.0 99.00 
2024 01 27 12 30  90  7.0  9.0 99.00 99.00 99.00 999 1024.0  13.1 999.0  11.2 99.0 99.00 
2024 01 27 12 40  90  6.6  8.6  1.66 12.90  6.69 257 1024.0  13.1 999.0  11.2 99.0 99.00 
2024 01 27 12 50  89  6.9  8.9 99.00 99.00 99.00 999 1024.1  13.0 999.0  11.1 99.0 99.00 
2024 01 27 13 00  87  7.0  8.6 99.00 99.00 99.00 999 1024.1  13.0 999.0  11.1 99.0 99.00 
2024 01 27 13 10  88  6.4  8.4  1.75 12.12  6.85 265 1024.3  13.0 999.0  11.2 99.0 99.00 
2024 01 27 13 20  86  6.2  7.8 99.00 99.00 99.00 999 1024.1  13.0 999.0  11.2 99.0 99.00 
2024 01 27 13 30  85  6.6  9.0 99.00 99.00 99.00 999 1024.1  13.0 999.0  11.2 99.0 99.00 
2024 01 27 13 40  86  6.3  8.3  1.75 12.90  6.96 255 1024.3  13.1 999.0  11.2 99.0 99.00 
2024 01 27 13 50  88  5.7  7.6 99.00 99.00 99.00 999 1024.5  13.2 999.0  11.2 99.0 99.00 
2024 01 27 14 00  90  5.5  7.3 99.00 99.00 99.00 999 1024.6  13.3 999.0  11.3 99.0 99.00 
2024 01 27 14 10  87  5.6  7.7  1.82 12.90  7.41 262 1024.6  13.3 999.0  11.3 99.0 99.00 
2024 01 27 14 20  90  5.7  7.8 99.00 99.00 99.00 999 1024.7  13.3 999.0  11.3 99.0 99.00 
2024 01 27 14 30  88  6.4  8.5 99.00 99.00 99.00 999 1024.8  13.3 999.0  11.1 99.0 99.00 
2024 01 27 14 40  90  6.0  7.7  1.62 12.90  7.19 258 1024.9  13.4 999.0  11.3 99.0 99.00 
2024 01 27 14 50  80  5.9  8.2 99.00 99.00 99.00 999 1024.7  13.4 999.0  11.5 99.0 99.00 
2024 01 27 15 00  78  6.3  8.7 99.00 99.00 99.00 999 1024.9  13.2 999.0  11.4 99.0 99.00 
2024 01 27 15 10  79  7.3  9.6  1.65 12.12  6.94 269 1024.9  13.2 999.0  11.3 99.0 99.00 
2024 01 27 15 20  79  7.4  9.8 99.00 99.00 99.00 999 1025.0  13.2 999.0  11.3 99.0 99.00 
2024 01 27 15 30  80  7.6  9.6 99.00 99.00 99.00 999 1025.1  13.1 999.0  11.2 99.0 99.00 
2024 01 27 15 40  82  7.8 10.2  1.69 12.90  6.78 258 1025.1  13.1 999.0  11.2 99.0 99.00 
2024 01 27 15 50  83  7.1  9.4 99.00 99.00 99.00 999 1025.2  13.1 999.0  11.3 99.0 99.00 
2024 01 27 16 00  87  7.4  9.4 99.00 99.00 99.00 999 1025.3  13.0 999.0  11.1 99.0 99.00 
2024 01 27 16 10  90  7.0  8.7  1.88 10.81  6.79 263 1025.3  13.0 999.0  11.1 99.0 99.00 
2024 01 27 16 20  90  6.8  8.6 99.00 99.00 99.00 999 1025.4  13.0 999.0  11.2 99.0 99.00 
2024 01 27 16 30  94  6.4  8.8 99.00 99.00 99.00 999 1025.3  13.1 999.0  11.3 99.0 99.00 
2024 01 27 16 40  93  6.9  9.7  1.87 12.90  6.98 263 1025.5  13.1 999.0  11.1 99.0 99.00 
2024 01 27 16 50  92  6.3  8.7 99.00 99.00 99.00 999 1025.6  13.0 999.0  11.1 99.0 99.00 
2024 01 27 17 00  91  6.1  8.2 99.00 99.00 99.00 999 1025.8  13.0 999.0  11.1 99.0 99.00 
2024 01 27 17 10  91  6.1  7.9  1.92 11.43  7.11 275 1025.8  13.1 999.0  11.1 99.0 99.00 
2024 01 27 17 20  89  5.7  7.5 99.00 99.00 99.00 999 1025.8  13.1 999.0  11.0 99.0 99.00 
2024 01 27 17 30  88  5.2  7.2 99.00 99.00 99.00 999 1025.9  13.2 999.0  11.1 99.0 99.00 
2024 01 27 17 40  88  4.5  6.6  1.95 12.90  7.40 268 1026.0  13.3 999.0  11.2 99.0 99.00 
2024 01 27 17 50  88  4.8  6.7 99.00 99.00 99.00 999 1025.9  13.3 999.0  11.2 99.0 99.00 
2024 01 27 18 00  84  5.0  6.6 99.00 99.00 99.00 999 1025.9  13.3 999.0  11.2 99.0 99.00 
2024 01 27 18 10  84  5.0  6.8  1.85 12.12  7.61 282 1025.9  13.3 999.0  11.3 99.0 99.00 
2024 01 27 18 20  77  5.9  8.0 99.00 99.00 99.00 999 1025.7  13.3 999.0  11.2 99.0 99.00 
2024 01 27 18 30  74  5.6  7.4 99.00 99.00 99.00 999 1025.7  13.4 999.0  11.4 99.0 99.00 
2024 01 27 18 40  77  5.9  7.9  1.96 10.81  7.67 268 1025.6  13.5 999.0  11.4 99.0 99.00 
2024 01 27 18 50  76  5.9  7.5 99.00 99.00 99.00 999 1025.5  13.6 999.0  11.5 99.0 99.00 
2024 01 27 19 00  79  5.2  7.2 99.00 99.00 99.00 999 1025.4  13.6 999.0  11.7 99.0 99.00 
2024 01 27 19 10  82  5.1  7.4  1.93 11.43  7.56 276 1025.5  13.6 999.0  11.6 99.0 99.00 
2024 01 27 19 20  85  4.7  7.0 99.00 99.00 99.00 999 1025.3  13.7 999.0  11.7 99.0 99.00 
2024 01 27 19 30  82  4.5  6.7 99.00 99.00 99.00 999 1025.2  13.8 999.0  11.8 99.0 99.00 
2024 01 27 19 40  86  4.3  6.0  2.05 12.12  7.88 263 1025.2  13.9 999.0  11.9 99.0 99.00 
2024 01 27 19 50  87  4.5  6.1 99.00 99.00 99.00 999 1024.9  14.0 999.0  11.9 99.0 99.00 
2024 01 27 20 00  85  4.9  6.6 99.00 99.00 99.00 999 1024.7  14.1 999.0  12.1 99.0 99.00 
2024 01 27 20 10  84  5.3  7.4  1.98 10.81  7.90 266 1024.5  14.1 999.0  12.1 99.0 99.00 
2024 01 27 20 20  83  4.6  6.8 99.00 99.00 99.00 999 1024.5  14.1 999.0  12.1 99.0 99.00 
2024 01 27 20 30  84  4.1  6.3 99.00 99.00 99.00 999 1024.5  14.1 999.0  12.2 99.0 99.00 
2024 01 27 20 40  79  3.7  5.4  2.17 12.12  8.53 271 1024.3  14.2 999.0  12.3 99.0 99.00 
2024 01 27 20 50  76  3.6  5.2 99.00 99.00 99.00 999 1024.3  14.2 999.0  12.2 99.0 99.00 
2024 01 27 21 00  79  3.6  5.9 99.00 99.00 99.00 999 1024.0  14.2 999.0  12.3 99.0 99.00 
2024 01 27 21 10  77  3.8  6.3  2.34 12.90  8.82 267 1023.8  14.1 999.0  12.4 99.0 99.00 
2024 01 27 21 20  78  3.2  5.2 99.00 99.00 99.00 999 1023.7  14.0 999.0  12.4 99.0 99.00 
2024 01 27 21 30  80  3.2  5.1 99.00 99.00 99.00 999 1023.7  14.0 999.0  12.4 99.0 99.00 
2024 01 27 21 40  74  2.8  5.0  2.16 10.81  8.62 275 1023.5  14.1 999.0  12.5 99.0 99.00 
2024 01 27 21 50  73  2.7  4.7 99.00 99.00 99.00 999 1023.5  14.1 999.0  12.5 99.0 99.00 
2024 01 27 22 00  72  2.6  4.2 99.00 99.00 99.00 999 1023.3  14.3 999.0  12.7 99.0 99.00 
2024 01 27 22 10  68  2.9  4.9  2.17 12.12  8.93 276 1023.2  14.2 999.0  12.6 99.0 99.00 
2024 01 27 22 20  74  3.2  4.9 99.00 99.00 99.00 999 1023.0  14.4 999.0  12.6 99.0 99.00 
2024 01 27 22 30  78  3.5  5.0 99.00 99.00 99.00 999 1022.7  14.4 999.0  12.5 99.0 99.00 
2024 01 27 22 40  82  3.9  5.8  2.12 10.81  8.70 271 1022.7  14.7 999.0  12.5 99.0 99.00 
2024 01 27 22 50  80  4.2  6.3 99.00 99.00 99.00 999 1022.4  14.9 999.0  12.5 99.0 99.00 
2024 01 27 23 00  78  4.8  7.2 99.00 99.00 99.00 999 1022.4  15.0 999.0  12.4 99.0 99.00 
2024 01 27 23 10  82  4.9  6.7  2.16 10.81  8.80 270 1022.4  15.3 999.0  12.4 99.0 99.00 
2024 01 27 23 20  85  5.3  7.6 99.00 99.00 99.00 999 1022.1  15.3 999.0  12.4 99.0 99.00 
2024 01 27 23 30  95  5.0  7.4 99.00 99.00 99.00 999 1022.5  15.3 999.0  12.5 99.0 99.00 
2024 01 27 23 40  93  5.2  7.4  2.17 10.81  8.39 274 1022.3  15.3 999.0  12.6 99.0 99.00 
2024 01 27 23 50 100  4.4  6.4 99.00 99.00 99.00 999 1022.4  15.2 999.0  12.7 99.0 99.00 
2024 01 28 00 00 103  5.5  7.7 99.00 99.00 99.00 999 1022.3  15.3 999.0  12.5 99.0 99.00 
2024 01 28 00 10 107  6.3  8.8  2.30 11.43  8.92 265 1022.1  15.4 999.0  12.5 99.0 99.00 
2024 01 28 00 20 103  6.5  8.8 99.00 99.00 99.00 999 1022.2  15.4 999.0  12.6 99.0 99.00 
2024 01 28 00 30 108  5.8  8.0 99.00 99.00 99.00 999 1022.1  15.4 999.0  12.6 99.0 99.00 
2024 01 28 00 40 101  6.0  7.7  1.91 10.00  8.29 269 1022.2  15.4 999.0  12.6 99.0 99.00 
2024 01 28 00 50  97  5.5  8.2 99.00 99.00 99.00 999 1022.1  15.5 999.0  12.7 99.0 99.00 
2024 01 28 01 00 101  5.1  6.9 99.00 99.00 99.00 999 1022.2  15.4 999.0  12.6 99.0 99.00 
2024 01 28 01 10  98  4.3  6.3  2.18 12.12  8.74 269 1022.2  15.3 999.0  12.7 99.0 99.00 
2024 01 28 01 20 110  3.5  5.3 99.00 99.00 99.00 999 1022.3  15.2 999.0  12.7 99.0 99.00 
2024 01 28 01 30 112  3.1  5.0 99.00 99.00 99.00 999 1022.7  15.3 999.0  12.6 99.0 99.00 
2024 01 28 01 40 104  2.6  4.4  2.06 11.43  8.88 259 1022.6  15.4 999.0  12.7 99.0 99.00 
2024 01 28 01 50  75  3.1  5.3 99.00 99.00 99.00 999 1022.2  15.1 999.0  12.8 99.0 99.00 
2024 01 28 02 00  85  2.5  4.8 99.00 99.00 99.00 999 1022.9  15.0 999.0  12.8 99.0 99.00 
2024 01 28 02 10 123  1.3  2.5  2.12 10.81  8.75 262 1023.3  15.2 999.0  12.9 99.0 99.00 
2024 01 28 02 20 110  1.6  3.4 99.00 99.00 99.00 999 1023.2  15.2 999.0  12.9 99.0 99.00 
2024 01 28 02 30  86  3.0  5.1 99.00 99.00 99.00 999 1023.0  15.1 999.0  12.9 99.0 99.00 
2024 01 28 02 40  83  3.2  4.8  2.21 10.81  9.22 267 1023.2  15.0 999.0  12.9 99.0 99.00 
2024 01 28 02 50  92  3.2  5.4 99.00 99.00 99.00 999 1023.2  14.7 999.0  12.9 99.0 99.00 
2024 01 28 03 00  81  3.8  5.7 99.00 99.00 99.00 999 1023.3  14.6 999.0  12.9 99.0 99.00 
2024 01 28 03 10  81  3.7  5.5  1.90 12.12  8.97 269 1023.3  14.6 999.0  13.0 99.0 99.00 
2024 01 28 03 20  81  3.8  5.5 99.00 99.00 99.00 999 1023.5  14.6 999.0  12.9 99.0 99.00 
2024 01 28 03 30  79  2.8  5.0 99.00 99.00 99.00 999 1023.9  14.8 999.0  12.8 99.0 99.00 
2024 01 28 03 40  71  2.1  3.5  1.98 11.43  8.82 268 1024.1  14.9 999.0  12.9 99.0 99.00 
2024 01 28 03 50  64  2.4  4.1 99.00 99.00 99.00 999 1024.1  14.9 999.0  12.9 99.0 99.00 
2024 01 28 04 00  60  1.5  3.2 99.00 99.00 99.00 999 1024.2  14.7 999.0  12.8 99.0 99.00 
2024 01 28 04 10 351  2.1  3.0  2.10 10.81  8.88 260 1024.1  14.5 999.0  12.9 99.0 99.00 
2024 01 28 04 20  40  2.1  3.5 99.00 99.00 99.00 999 1024.2  14.4 999.0  12.8 99.0 99.00 
2024 01 28 04 30  51  2.7  4.5 99.00 99.00 99.00 999 1024.1  14.4 999.0  12.6 99.0 99.00 
2024 01 28 04 40  48  3.3  4.9  2.09 10.81  8.72 269 1024.3  14.5 999.0  12.6 99.0 99.00 
2024 01 28 04 50  51  3.6  5.0 99.00 99.00 99.00 999 1024.2  14.4 999.0  12.6 99.0 99.00 
2024 01 28 05 00  63  3.8  5.5 99.00 99.00 99.00 999 1024.2  14.4 999.0  12.6 99.0 99.00 
2024 01 28 05 10  67  3.9  5.9  2.30 11.43  9.25 268 1024.1  14.5 999.0  12.5 99.0 99.00 
2024 01 28 05 20  65  3.6  5.9 99.00 99.00 99.00 999 1024.4  14.8 999.0  12.7 99.0 99.00 
2024 01 28 05 30  41  2.5  4.1 99.00 99.00 99.00 999 1024.2  14.8 999.0  12.9 99.0 99.00 
2024 01 28 05 40  38  2.8  4.3  2.21 11.43  8.88 264 1024.0  14.7 999.0  13.0 99.0 99.00 
2024 01 28 05 50   9  3.1  4.5 99.00 99.00 99.00 999 1024.1  14.4 999.0  12.9 99.0 99.00 
2024 01 28 06 00 333  2.5  3.4 99.00 99.00 99.00 999 1024.3  14.1 999.0  12.8 99.0 99.00 
2024 01 28 06 10 344  2.7  3.8  2.35 10.81  9.06 265 1024.1  14.1 999.0  12.8 99.0 99.00 
2024 01 28 06 20  19  2.6  3.9 99.00 99.00 99.00 999 1024.0  14.0 999.0  12.8 99.0 99.00 
2024 01 28 06 30  40  3.7  5.1 99.00 99.00 99.00 999 1023.7  13.8 999.0  12.7 99.0 99.00 
2024 01 28 06 40  44  4.2  5.7  2.08 11.43  8.72 264 1023.5  13.8 999.0  12.8 99.0 99.00 
2024 01 28 06 50  49  4.4  6.9 99.00 99.00 99.00 999 1023.0  14.0 999.0  12.7 99.0 99.00 
2024 01 28 07 00  58  5.2  7.5 99.00 99.00 99.00 999 1022.6  14.4 999.0  12.5 99.0 99.00 
2024 01 28 07 10  70  6.3  9.2  2.38 11.43  9.15 269 1022.6  14.4 999.0  12.2 99.0 99.00 
2024 01 28 07 20  78  6.3  8.7 99.00 99.00 99.00 999 1022.7  14.4 999.0  12.2 99.0 99.00 
2024 01 28 07 30  83  6.1  8.1 99.00 99.00 99.00 999 1022.6  14.4 999.0  12.4 99.0 99.00 
2024 01 28 07 40  84  6.2  8.4  2.19 12.12  8.92 273 1022.2  14.4 999.0  12.4 99.0 99.00 
2024 01 28 07 50  80  6.2  9.2 99.00 99.00 99.00 999 1022.4  14.4 999.0  12.1 99.0 99.00 
2024 01 28 08 00  60  4.4  6.6 99.00 99.00 99.00 999 1022.5  14.5 999.0  12.1 99.0 99.00 
2024 01 28 08 10  54  3.6  5.4  2.29 12.12  9.10 263 1022.6  14.4 999.0  12.1 99.0 99.00 
2024 01 28 08 20  51  3.2  5.5 99.00 99.00 99.00 999 1022.6  14.4 999.0  12.1 99.0 99.00 
2024 01 28 08 30  59  3.3  5.4 99.00 99.00 99.00 999 1022.3  14.4 999.0  12.3 99.0 99.00 
2024 01 28 08 40  79  4.2  6.9  2.30 12.12  9.32 261 1022.2  14.3 999.0  12.2 99.0 99.00 
2024 01 28 08 50  87  5.2  7.8 99.00 99.00 99.00 999 1021.9  14.4 999.0  12.1 99.0 99.00 
2024 01 28 09 00  85  4.6  6.9 99.00 99.00 99.00 999 1021.8  14.4 999.0  12.2 99.0 99.00 
2024 01 28 09 10  89  3.9  7.0  2.34 12.12  9.21 264 1022.1  14.4 999.0  12.2 99.0 99.00 
2024 01 28 09 20  74  4.0  7.2 99.00 99.00 99.00 999 1021.6  14.3 999.0  12.2 99.0 99.00 
2024 01 28 09 30  73  5.6  8.8 99.00 99.00 99.00 999 1021.2  14.3 999.0  12.1 99.0 99.00 
2024 01 28 09 40  78  7.0  9.7  2.34 14.81  9.25 276 1021.2  14.8 999.0  12.0 99.0 99.00 
2024 01 28 09 50  78  7.0  9.5 99.00 99.00 99.00 999 1020.9  15.0 999.0  12.0 99.0 99.00 
2024 01 28 10 00  80  6.0  9.4 99.00 99.00 99.00 999 1021.0  14.6 999.0  12.1 99.0 99.00 
2024 01 28 10 10  84  5.8  8.4  2.65 13.79  9.61 268 1021.2  14.4 999.0  12.2 99.0 99.00 
2024 01 28 10 20  85  6.8  9.8 99.00 99.00 99.00 999 1021.3  14.4 999.0  12.0 99.0 99.00 
2024 01 28 10 30  86  6.0  8.5 99.00 99.00 99.00 999 1021.3  14.4 999.0  12.1 99.0 99.00 
2024 01 28 10 40  82  6.4  9.0  2.46 14.81  9.37 280 1020.9  14.4 999.0  12.2 99.0 99.00 
2024 01 28 10 50  74  8.0 11.0 99.00 99.00 99.00 999 1020.2  14.4 999.0  12.2 99.0 99.00 
2024 01 28 11 00  83  9.0 11.6 99.00 99.00 99.00 999 1020.2  14.3 999.0  12.2 99.0 99.00 
2024 01 28 11 10  81  8.2 11.1  2.35 13.79  8.59 273 1020.2  14.2 999.0  12.2 99.0 99.00 
2024 01 28 11 20  79  8.6 11.6 99.00 99.00 99.00 999 1020.3  14.3 999.0  12.2 99.0 99.00 
2024 01 28 11 30  74  8.6 11.5 99.00 99.00 99.00 999 1020.1  14.4 999.0  12.2 99.0 99.00 
2024 01 28 11 40  68  8.2 10.6  2.49 13.79  8.51 266 1020.1  14.3 999.0  12.2 99.0 99.00 
2024 01 28 11 50  74  7.3  9.7 99.00 99.00 99.00 999 1020.4  14.2 999.0  12.2 99.0 99.00 
2024 01 28 12 00  76  8.0 10.8 99.00 99.00 99.00 999 1020.0  14.4 999.0  12.4 99.0 99.00 
2024 01 28 12 10  77  8.0 10.9  2.70 13.79  8.99 279 1019.7  14.4 999.0  12.5 99.0 99.00 
2024 01 28 12 20  78  8.3 11.4 99.00 99.00 99.00 999 1019.5  14.4 999.0  12.3 99.0 99.00 
2024 01 28 12 30  81  9.0 12.0 99.00 99.00 99.00 999 1019.5  14.4 999.0  12.1 99.0 99.00 
2024 01 28 12 40  84  9.2 12.5  2.66 13.79  8.87 275 1019.5  14.2 999.0  12.2 99.0 99.00 
2024 01 28 12 50  85  8.4 11.5 99.00 99.00 99.00 999 1019.4  14.0 999.0  12.2 99.0 99.00 
2024 01 28 13 00  87  8.4 11.1 99.00 99.00 99.00 999 1019.6  14.1 999.0  12.1 99.0 99.00 
2024 01 28 13 10  89  7.9 10.8  2.57 14.81  8.60 273 1019.6  14.0 999.0  12.1 99.0 99.00 
2024 01 28 13 20  82  7.8 10.7 99.00 99.00 99.00 999 1019.5  14.0 999.0  12.1 99.0 99.00 
2024 01 28 13 30  76  7.6 10.3 99.00 99.00 99.00 999 1019.5  13.9 999.0  12.1 99.0 99.00 
2024 01 28 13 40  75  7.5 10.6  2.70 13.79  8.74 272 1019.6  13.9 999.0  12.1 99.0 99.00 
2024 01 28 13 50  81  6.9  9.7 99.00 99.00 99.00 999 1019.6  14.0 999.0  12.2 99.0 99.00 
2024 01 28 14 00  79  6.9 10.2 99.00 99.00 99.00 999 1019.8  14.0 999.0  12.2 99.0 99.00 
2024 01 28 14 10  75  7.1 10.1  2.83 13.79  9.01 272 1019.9  14.1 999.0  12.2 99.0 99.00 
2024 01 28 14 20  74  6.7  9.1 99.00 99.00 99.00 999 1019.9  14.0 999.0  12.2 99.0 99.00 
2024 01 28 14 30  71  6.9  9.1 99.00 99.00 99.00 999 1020.0  13.8 999.0  12.2 99.0 99.00 
2024 01 28 14 40  71  7.0  9.4  2.93 13.79  9.24 284 1020.3  13.8 999.0  12.2 99.0 99.00 
2024 01 28 14 50  67  7.1  9.5 99.00 99.00 99.00 999 1020.4  13.9 999.0  12.2 99.0 99.00 
2024 01 28 15 00  68  7.5 10.1 99.00 99.00 99.00 999 1020.5  14.1 999.0  12.2 99.0 99.00 
2024 01 28 15 10  67  7.2  9.9  2.79 14.81  8.94 282 1020.6  14.4 999.0  12.3 99.0 99.00 
2024 01 28 15 20  71  6.5  9.5 99.00 99.00 99.00 999 1020.6  14.7 999.0  12.4 99.0 99.00 
2024 01 28 15 30  73  6.4  9.4 99.00 99.00 99.00 999 1020.7  14.8 999.0  12.5 99.0 99.00 
2024 01 28 15 40  62  6.0  8.6  2.42 12.90  8.57 275 1020.9  14.2 999.0  12.8 99.0 99.00 
2024 01 28 15 50  45  3.8  5.9 99.00 99.00 99.00 999 1021.0  14.1 999.0  12.9 99.0 99.00 
2024 01 28 16 00  54  4.7  6.4 99.00 99.00 99.00 999 1021.2  13.8 999.0  12.8 99.0 99.00 
2024 01 28 16 10  56  4.3  6.1  2.66 12.90  9.09 281 1021.2  13.8 999.0  12.8 99.0 99.00 
2024 01 28 16 20  55  4.5  6.6 99.00 99.00 99.00 999 1021.3  14.0 999.0  12.9 99.0 99.00 
2024 01 28 16 30  49  4.1  6.0 99.00 99.00 99.00 999 1021.2  14.1 999.0  12.9 99.0 99.00 
2024 01 28 16 40  35  3.8  4.9  2.81 13.79  9.54 277 1021.2  14.1 999.0  12.9 99.0 99.00 
2024 01 28 16 50  15  3.5  5.0 99.00 99.00 99.00 999 1021.1  14.2 999.0  12.9 99.0 99.00 
2024 01 28 17 00  20  3.4  4.8 99.00 99.00 99.00 999 1021.1  14.1 999.0  12.9 99.0 99.00 
2024 01 28 17 10  41  4.1  7.2  3.23 14.81 10.35 282 1021.0  14.3 999.0  12.8 99.0 99.00 
2024 01 28 17 20  64  4.3  6.8 99.00 99.00 99.00 999 1021.0  14.6 999.0  12.5 99.0 99.00 
2024 01 28 17 30  78  4.6  7.4 99.00 99.00 99.00 999 1020.9  14.5 999.0  12.5 99.0 99.00 
2024 01 28 17 40  79  5.3  8.2  3.37 13.79 10.36 275 1020.9  14.5 999.0  12.5 99.0 99.00 
2024 01 28 17 50  77  5.9  8.4 99.00 99.00 99.00 999 1020.7  14.7 999.0  12.6 99.0 99.00 
2024 01 28 18 00  77  6.4  9.0 99.00 99.00 99.00 999 1020.7  14.8 999.0  12.7 99.0 99.00 
2024 01 28 18 10  73  6.0  8.7  3.13 13.79  9.85 278 1020.7  14.8 999.0  12.7 99.0 99.00 
2024 01 28 18 20  72  5.9  8.3 99.00 99.00 99.00 999 1020.6  14.7 999.0  12.7 99.0 99.00 
2024 01 28 18 30  69  6.1  9.4 99.00 99.00 99.00 999 1020.6  14.6 999.0  12.7 99.0 99.00 
2024 01 28 18 40  73  6.2  9.2  3.32 13.79 10.30 276 1020.6  14.6 999.0  12.8 99.0 99.00 
2024 01 28 18 50  77  5.9  8.7 99.00 99.00 99.00 999 1020.5  14.6 999.0  12.8 99.0 99.00 
2024 01 28 19 00  81  5.4  8.1 99.00 99.00 99.00 999 1020.7  14.5 999.0  12.9 99.0 99.00 
2024 01 28 19 10  88  4.7  8.2  3.21 13.79  9.95 283 1020.7  14.6 999.0  13.0 99.0 99.00 
2024 01 28 19 20  88  4.1  6.5 99.00 99.00 99.00 999 1020.6  14.6 999.0  13.0 99.0 99.00 
2024 01 28 19 30  96  3.7  6.5 99.00 99.00 99.00 999 1020.5  14.7 999.0  13.1 99.0 99.00 
2024 01 28 19 40  95  4.4  7.9  2.91 14.81  9.80 276 1020.3  14.9 999.0  13.2 99.0 99.00 
2024 01 28 19 50  93  4.4  7.4 99.00 99.00 99.00 999 1020.1  15.0 999.0  13.3 99.0 99.00 
2024 01 28 20 00  93  4.4  6.9 99.00 99.00 99.00 999 1020.0  14.9 999.0  13.3 99.0 99.00 
2024 01 28 20 10  89  4.3  7.1  3.19 13.79 10.35 269 1019.9  15.0 999.0  13.4 99.0 99.00 
2024 01 28 20 20  88  4.4  6.8 99.00 99.00 99.00 999 1019.7  15.2 999.0  13.6 99.0 99.00 
2024 01 28 20 30  89  4.5  7.1 99.00 99.00 99.00 999 1019.6  15.2 999.0  13.6 99.0 99.00 
2024 01 28 20 40  93  3.9  7.0  2.94 14.81 10.19 269 1019.6  15.3 999.0  13.7 99.0 99.00 
2024 01 28 20 50  96  3.7  6.6 99.00 99.00 99.00 999 1019.5  15.3 999.0  13.7 99.0 99.00 
2024 01 28 21 00 103  3.0  5.4 99.00 99.00 99.00 999 1019.5  15.3 999.0  13.7 99.0 99.00 
2024 01 28 21 10 111  2.2  4.6  2.94 13.79  9.90 267 1019.5  15.2 999.0  13.7 99.0 99.00 
2024 01 28 21 20 124  1.7  4.2 99.00 99.00 99.00 999 1019.4  15.1 999.0  13.6 99.0 99.00 
2024 01 28 21 30 100  1.9  4.2 99.00 99.00 99.00 999 1019.3  15.3 999.0  13.7 99.0 99.00 
2024 01 28 21 40 102  1.8  3.7  3.21 14.81 10.32 263 1019.3  15.2 999.0  13.6 99.0 99.00 
2024 01 28 21 50 116  1.9  3.9 99.00 99.00 99.00 999 1019.2  15.4 999.0  13.7 99.0 99.00 
2024 01 28 22 00 111  2.0  3.8 99.00 99.00 99.00 999 1019.1  15.5 999.0  13.7 99.0 99.00 
2024 01 28 22 10 105  2.2  4.0  2.96 14.81 10.06 264 1018.9  15.5 999.0  13.6 99.0 99.00 
2024 01 28 22 20 120  2.0  3.7 99.00 99.00 99.00 999 1018.9  15.4 999.0  13.6 99.0 99.00 
2024 01 28 22 30 122  1.9  3.1 99.00 99.00 99.00 999 1018.8  15.5 999.0  13.7 99.0 99.00 
2024 01 28 22 40 122  1.9  4.0  2.86 13.79 10.36 265 1018.7  15.5 999.0  13.7 99.0 99.00 
2024 01 28 22 50 132  1.6  3.3 99.00 99.00 99.00 999 1018.8  15.5 999.0  13.6 99.0 99.00 
2024 01 28 23 00 143  1.5  2.8 99.00 99.00 99.00 999 1018.8  15.5 999.0  13.4 99.0 99.00 
2024 01 28 23 10 137  1.8  3.4  2.68 14.81  9.91 264 1018.7  16.1 999.0  13.2 99.0 99.00 
2024 01 28 23 20 138  1.7  3.3 99.00 99.00 99.00 999 1018.8  15.9 999.0  13.3 99.0 99.00 
2024 01 28 23 30 143  1.3  2.9 99.00 99.00 99.00 999 1018.9  15.9 999.0  13.4 99.0 99.00 
2024 01 28 23 40 180  0.5  1.9  2.81 13.79 10.25 270 1018.9  16.1 999.0  13.6 99.0 99.00 
2024 01 28 23 50 188  1.6  2.5 99.00 99.00 99.00 999 1018.8  16.0 999.0  13.4 99.0 99.00 
2024 01 29 00 00 183  1.9  2.8 99.00 99.00 99.00 999 1018.8  16.1 999.0  13.2 99.0 99.00 
2024 01 29 00 10 171  1.5  2.5  2.81 13.79 10.51 264 1018.7  16.1 999.0  13.5 99.0 99.00 
2024 01 29 00 20 146  1.0  2.3 99.00 99.00 99.00 999 1018.7  16.0 999.0  13.6 99.0 99.00 
2024 01 29 00 30  84  0.8  2.3 99.00 99.00 99.00 999 1018.6  16.0 999.0  13.8 99.0 99.00 
2024 01 29 00 40  46  1.6  3.5  2.91 13.79 10.56 269 1018.5  15.5 999.0  13.6 99.0 99.00 
2024 01 29 00 50  78  0.9  2.8 99.00 99.00 99.00 999 1018.6  15.4 999.0  13.7 99.0 99.00 
2024 01 29 01 00  98  0.8  2.9 99.00 99.00 99.00 999 1018.5  15.9 999.0  13.6 99.0 99.00 
2024 01 29 01 10  97  0.9  2.9  3.19 13.79 10.84 276 1018.5  16.0 999.0  13.3 99.0 99.00 
2024 01 29 01 20  91  1.0  2.7 99.00 99.00 99.00 999 1018.5  15.9 999.0  13.3 99.0 99.00 
2024 01 29 01 30  79  0.7  2.3 99.00 99.00 99.00 999 1018.6  15.9 999.0  13.4 99.0 99.00 
2024 01 29 01 40 107  0.8  2.3  2.89 13.79 10.82 275 1018.7  15.7 999.0  13.2 99.0 99.00 
2024 01 29 01 50 121  1.2  2.9 99.00 99.00 99.00 999 1018.7  16.1 999.0  12.9 99.0 99.00 
2024 01 29 02 00 125  1.2  3.0 99.00 99.00 99.00 999 1018.8  16.4 999.0  13.0 99.0 99.00 
2024 01 29 02 10 120  1.6  3.6  2.51 12.90 10.03 267 1018.9  16.6 999.0  13.0 99.0 99.00 
2024 01 29 02 20  95  2.9  4.9 99.00 99.00 99.00 999 1018.8  16.9 999.0  13.0 99.0 99.00 
2024 01 29 02 30  91  2.8  4.6 99.00 99.00 99.00 999 1018.8  16.6 999.0  13.1 99.0 99.00 
2024 01 29 02 40 101  2.8  4.9  2.50 13.79 10.19 268 1018.8  16.2 999.0  13.3 99.0 99.00 
2024 01 29 02 50 118  2.6  4.5 99.00 99.00 99.00 999 1018.8  15.5 999.0  13.2 99.0 99.00 
2024 01 29 03 00 116  2.1  3.7 99.00 99.00 99.00 999 1018.8  15.1 999.0  13.2 99.0 99.00 
2024 01 29 03 10 112  2.2  4.2  2.79 13.79 10.92 285 1018.9  14.9 999.0  13.1 99.0 99.00 
2024 01 29 03 20 115  2.0  3.4 99.00 99.00 99.00 999 1019.0  14.9 999.0  13.1 99.0 99.00 
2024 01 29 03 30 105  1.9  3.3 99.00 99.00 99.00 999 1019.0  14.8 999.0  13.2 99.0 99.00 
2024 01 29 03 40 102  2.3  4.1  2.46 13.79 10.17 282 1019.1  14.8 999.0  13.2 99.0 99.00 
2024 01 29 03 50 103  2.5  4.0 99.00 99.00 99.00 999 1019.0  14.8 999.0  13.0 99.0 99.00 
2024 01 29 04 00 108  2.9  4.8 99.00 99.00 99.00 999 1019.1  15.1 999.0  13.0 99.0 99.00 
2024 01 29 04 10 111  2.8  4.3  2.35 12.90  9.85 277 1019.2  15.3 999.0  13.0 99.0 99.00 
2024 01 29 04 20 102  3.3  5.3 99.00 99.00 99.00 999 1019.2  15.2 999.0  13.1 99.0 99.00 
2024 01 29 04 30  95  4.1  6.1 99.00 99.00 99.00 999 1019.2  15.3 999.0  13.5 99.0 99.00 
2024 01 29 04 40  86  4.6  7.1  2.67 13.79 10.00 267 1019.2  15.3 999.0  13.5 99.0 99.00 
2024 01 29 04 50  89  5.1  7.7 99.00 99.00 99.00 999 1019.2  15.3 999.0  13.4 99.0 99.00 
2024 01 29 05 00  91  5.2  7.4 99.00 99.00 99.00 999 1019.2  15.4 999.0  13.4 99.0 99.00 
2024 01 29 05 10  93  5.2  7.2  2.71 13.79 10.47 269 1019.3  15.4 999.0  13.3 99.0 99.00 
2024 01 29 05 20  91  5.2  7.3 99.00 99.00 99.00 999 1019.2  15.4 999.0  13.3 99.0 99.00 
2024 01 29 05 30  92  4.8  7.0 99.00 99.00 99.00 999 1019.3  15.2 999.0  13.2 99.0 99.00 
2024 01 29 05 40  92  4.9  7.4  2.70 13.79 10.31 274 1019.3  15.2 999.0  13.2 99.0 99.00 
2024 01 29 05 50  96  5.0  7.5 99.00 99.00 99.00 999 1019.3  15.0 999.0  13.2 99.0 99.00 
2024 01 29 06 00  99  4.8  7.2 99.00 99.00 99.00 999 1019.3  14.9 999.0  13.1 99.0 99.00 
2024 01 29 06 10 103  4.6  6.8  2.58 12.90  9.82 269 1019.4  14.8 999.0  13.2 99.0 99.00 
2024 01 29 06 20 107  3.8  6.1 99.00 99.00 99.00 999 1019.4  14.7 999.0  13.1 99.0 99.00 
2024 01 29 06 30 127  3.0  5.1 99.00 99.00 99.00 999 1019.6  14.7 999.0  13.2 99.0 99.00 
2024 01 29 06 40 155  2.2  3.4  2.96 13.79 10.22 273 1019.8  14.6 999.0  13.1 99.0 99.00 
2024 01 29 06 50 133  2.8  4.7 99.00 99.00 99.00 999 1019.6  14.7 999.0  13.2 99.0 99.00 
2024 01 29 07 00 116  3.6  5.4 99.00 99.00 99.00 999 1019.6  14.9 999.0  13.2 99.0 99.00 
2024 01 29 07 10 105  3.7  6.4  2.74 13.79  9.83 267 1019.5  14.8 999.0  13.2 99.0 99.00 
2024 01 29 07 20  96  3.6  5.6 99.00 99.00 99.00 999 1019.5  14.5 999.0  13.1 99.0 99.00 
2024 01 29 07 30 100  3.4  5.7 99.00 99.00 99.00 999 1019.5  14.4 999.0  13.1 99.0 99.00 
2024 01 29 07 40  97  3.1  5.0  2.61 12.90  9.61 287 1019.5  14.4 999.0  13.1 99.0 99.00 
2024 01 29 07 50  91  3.6  5.8 99.00 99.00 99.00 999 1019.3  14.3 999.0  13.0 99.0 99.00 
2024 01 29 08 00  92  4.0  6.5 99.00 99.00 99.00 999 1019.2  14.4 999.0  13.1 99.0 99.00 
2024 01 29 08 10  92  4.2  6.3  2.69 12.90  9.89 270 1019.2  14.4 999.0  13.0 99.0 99.00 
2024 01 29 08 20  97  3.7  5.6 99.00 99.00 99.00 999 1019.2  14.5 999.0  12.9 99.0 99.00 
2024 01 29 08 30 100  3.5  5.5 99.00 99.00 99.00 999 1019.1  14.4 999.0  12.9 99.0 99.00 
2024 01 29 08 40  98  3.7  6.0  2.43 12.90  9.45 272 1019.0  14.4 999.0  12.9 99.0 99.00 
2024 01 29 08 50  92  3.8  5.8 99.00 99.00 99.00 999 1019.1  14.3 999.0  13.0 99.0 99.00 
2024 01 29 09 00  93  4.1  6.0 99.00 99.00 99.00 999 1019.0  14.3 999.0  13.0 99.0 99.00 
2024 01 29 09 10  92  4.3  6.1  2.54 12.90  9.81 268 1019.0  14.3 999.0  12.9 99.0 99.00 
2024 01 29 09 20  95  4.4  6.9 99.00 99.00 99.00 999 1019.0  14.4 999.0  12.9 99.0 99.00 
2024 01 29 09 30  98  4.4  6.1 99.00 99.00 99.00 999 1018.8  14.4 999.0  12.8 99.0 99.00 
2024 01 29 09 40  94  4.4  6.4  2.45 12.90  9.48 272 1018.8  14.4 999.0  12.8 99.0 99.00 
2024 01 29 09 50  91  4.2  6.4 99.00 99.00 99.00 999 1018.7  14.4 999.0  12.8 99.0 99.00 
2024 01 29 10 00  91  4.3  7.0 99.00 99.00 99.00 999 1018.7  14.4 999.0  12.8 99.0 99.00 
2024 01 29 10 10  91  4.3  7.4  2.60 12.90  9.74 273 1018.8  14.4 999.0  12.8 99.0 99.00 
2024 01 29 10 20  96  3.7  5.6 99.00 99.00 99.00 999 1018.8  14.4 999.0  12.9 99.0 99.00 
2024 01 29 10 30  97  3.5  5.4 99.00 99.00 99.00 999 1018.8  14.4 999.0  12.9 99.0 99.00 
2024 01 29 10 40 101  3.3  5.4  2.43 12.90  9.79 268 1018.7  14.4 999.0  12.8 99.0 99.00 
2024 01 29 10 50 101  4.1  5.8 99.00 99.00 99.00 999 1018.6  14.4 999.0  12.8 99.0 99.00 
2024 01 29 11 00  97  4.9  7.0 99.00 99.00 99.00 999 1018.6  14.4 999.0  12.9 99.0 99.00 
2024 01 29 11 10  97  5.0  7.1  2.57 12.90  9.74 272 1018.6  14.4 999.0  12.8 99.0 99.00 
2024 01 29 11 20  94  5.0  7.1 99.00 99.00 99.00 999 1018.5  14.4 999.0  12.8 99.0 99.00 
2024 01 29 11 30  92  5.2  7.7 99.00 99.00 99.00 999 1018.4  14.3 999.0  12.7 99.0 99.00 
2024 01 29 11 40  94  4.8  7.2  2.48 12.90  9.41 275 1018.4  14.3 999.0  12.7 99.0 99.00 
2024 01 29 11 50  95  5.1  7.9 99.00 99.00 99.00 999 1018.4  14.3 999.0  12.6 99.0 99.00 
2024 01 29 12 00  95  5.4  7.6 99.00 99.00 99.00 999 1018.3  14.3 999.0  12.6 99.0 99.00 
2024 01 29 12 10  97  5.3  7.2  2.39 12.90  9.54 275 1018.4  14.3 999.0  12.5 99.0 99.00 
2024 01 29 12 20 105  5.1  7.9 99.00 99.00 99.00 999 1018.4  14.4 999.0  12.6 99.0 99.00 
2024 01 29 12 30 110  4.0  6.2 99.00 99.00 99.00 999 1018.3  14.4 999.0  12.6 99.0 99.00 
2024 01 29 12 40 110  4.1  6.1  2.53 12.12  9.66 274 1018.3  14.3 999.0  12.7 99.0 99.00 
2024 01 29 12 50 112  3.9  5.8 99.00 99.00 99.00 999 1018.3  14.4 999.0  12.7 99.0 99.00 
2024 01 29 13 00 109  4.2  6.0 99.00 99.00 99.00 999 1018.3  14.4 999.0  12.6 99.0 99.00 
2024 01 29 13 10 107  4.3  6.1  2.27 12.90  9.28 263 1018.3  14.3 999.0  12.7 99.0 99.00 
2024 01 29 13 20 106  4.3  6.0 99.00 99.00 99.00 999 1018.3  14.2 999.0  12.6 99.0 99.00 
2024 01 29 13 30 111  4.4  6.8 99.00 99.00 99.00 999 1018.1  14.2 999.0  12.7 99.0 99.00 
2024 01 29 13 40 107  5.3  7.4  2.46 12.90  9.67 258 1018.0  14.2 999.0  12.6 99.0 99.00 
2024 01 29 13 50 111  5.3  7.2 99.00 99.00 99.00 999 1017.9  14.2 999.0  12.6 99.0 99.00 
2024 01 29 14 00 111  5.5  7.6 99.00 99.00 99.00 999 1017.9  14.1 999.0  12.5 99.0 99.00 
2024 01 29 14 10 113  5.1  7.2  2.17 12.90  9.26 275 1018.0  14.1 999.0  12.5 99.0 99.00 
2024 01 29 14 20 113  4.8  6.8 99.00 99.00 99.00 999 1018.0  14.0 999.0  12.5 99.0 99.00 
2024 01 29 14 30 107  4.8  6.6 99.00 99.00 99.00 999 1017.9  14.0 999.0  12.5 99.0 99.00 
2024 01 29 14 40 109  4.4  6.5  2.04 12.90  9.16 274 1018.1  13.9 999.0  12.5 99.0 99.00 
2024 01 29 14 50 109  4.2  6.3 99.00 99.00 99.00 999 1018.3  13.9 999.0  12.4 99.0 99.00 
2024 01 29 15 00 105  4.7  6.6 99.00 99.00 99.00 999 1018.2  14.0 999.0  12.2 99.0 99.00 
2024 01 29 15 10 103  5.0  6.7  2.37 12.90  9.47 270 1018.2  14.2 999.0  12.3 99.0 99.00 
2024 01 29 15 20 101  4.5  6.0 99.00 99.00 99.00 999 1018.4  14.1 999.0  12.3 99.0 99.00 
2024 01 29 15 30 106  4.0  5.9 99.00 99.00 99.00 999 1018.4  14.1 999.0  12.4 99.0 99.00 
2024 01 29 15 40 106  3.6  5.0  2.17 13.79  9.34 271 1018.5  14.0 999.0  12.4 99.0 99.00 
2024 01 29 15 50 101  3.7  5.5 99.00 99.00 99.00 999 1018.4  14.0 999.0  12.5 99.0 99.00 
2024 01 29 16 00 106  3.0  5.0 99.00 99.00 99.00 999 1018.7  14.1 999.0  12.5 99.0 99.00 
2024 01 29 16 10 109  2.6  4.3  2.11 12.90  9.38 275 1018.8  14.2 999.0  12.6 99.0 99.00 
2024 01 29 16 20 113  2.5  4.3 99.00 99.00 99.00 999 1018.8  14.3 999.0  12.8 99.0 99.00 
2024 01 29 16 30 115  3.1  4.4 99.00 99.00 99.00 999 1018.6  14.4 999.0  12.8 99.0 99.00 
2024 01 29 16 40 117  3.2  4.9  2.01 12.90  8.92 271 1018.7  14.3 999.0  12.7 99.0 99.00 
2024 01 29 16 50 117  4.0  5.8 99.00 99.00 99.00 999 1018.7  14.6 999.0  12.6 99.0 99.00 
2024 01 29 17 00 109  5.1  7.0 99.00 99.00 99.00 999 1018.7  14.7 999.0  12.5 99.0 99.00 
2024 01 29 17 10 110  5.2  7.2  1.97 12.90  8.67 272 1018.8  14.8 999.0  12.5 99.0 99.00 
2024 01 29 17 20 105  4.9  7.2 99.00 99.00 99.00 999 1019.0  14.8 999.0  12.7 99.0 99.00 
2024 01 29 17 30 100  3.4  5.1 99.00 99.00 99.00 999 1019.1  14.4 999.0  12.6 99.0 99.00 
2024 01 29 17 40 104  3.6  5.3  1.96 12.12  8.65 270 1019.1  14.5 999.0  12.7 99.0 99.00 
2024 01 29 17 50  99  3.5  5.0 99.00 99.00 99.00 999 1019.1  14.5 999.0  12.8 99.0 99.00 
2024 01 29 18 00 113  3.9  5.6 99.00 99.00 99.00 999 1019.1  14.5 999.0  12.8 99.0 99.00 
2024 01 29 18 10 112  4.6  6.3  1.90 12.90  8.75 262 1019.1  14.5 999.0  12.7 99.0 99.00 
2024 01 29 18 20 118  3.4  5.0 99.00 99.00 99.00 999 1019.3  14.5 999.0  12.8 99.0 99.00 
2024 01 29 18 30 115  2.7  4.6 99.00 99.00 99.00 999 1019.3  14.4 999.0  12.9 99.0 99.00 
2024 01 29 18 40 112  3.0  4.4  1.95 12.12  8.75 273 1019.3  14.3 999.0  12.8 99.0 99.00 
2024 01 29 18 50 107  3.2  4.8 99.00 99.00 99.00 999 1019.2  14.3 999.0  13.0 99.0 99.00 
2024 01 29 19 00 117  3.4  4.9 99.00 99.00 99.00 999 1019.3  14.4 999.0  13.0 99.0 99.00 
2024 01 29 19 10 112  2.8  4.4  2.01 12.90  8.77 270 1019.4  14.4 999.0  13.0 99.0 99.00 
2024 01 29 19 20 117  2.7  4.6 99.00 99.00 99.00 999 1019.2  14.4 999.0  13.1 99.0 99.00 
2024 01 29 19 30 130  2.5  4.2 99.00 99.00 99.00 999 1019.1  14.4 999.0  13.0 99.0 99.00 
2024 01 29 19 40 134  2.9  4.0  1.99 12.12  8.98 276 1018.9  14.4 999.0  13.0 99.0 99.00 
2024 01 29 19 50 131  3.2  5.2 99.00 99.00 99.00 999 1018.7  14.4 999.0  13.1 99.0 99.00 
2024 01 29 20 00 127  3.7  5.4 99.00 99.00 99.00 999 1018.5  14.7 999.0  13.0 99.0 99.00 
2024 01 29 20 10 118  4.1  5.6  2.05 12.12  9.00 268 1018.2  14.8 999.0  13.1 99.0 99.00 
2024 01 29 20 20 118  4.4  5.8 99.00 99.00 99.00 999 1018.2  14.8 999.0  13.0 99.0 99.00 
2024 01 29 20 30 115  4.0  5.3 99.00 99.00 99.00 999 1018.2  14.8 999.0  13.1 99.0 99.00 
2024 01 29 20 40 113  4.0  5.4  1.89 12.90  9.04 273 1018.0  14.7 999.0  13.1 99.0 99.00 
2024 01 29 20 50 119  4.0  5.8 99.00 99.00 99.00 999 1017.8  14.8 999.0  13.2 99.0 99.00 
2024 01 29 21 00 127  3.7  4.9 99.00 99.00 99.00 999 1017.7  14.8 999.0  13.2 99.0 99.00 
2024 01 29 21 10 140  3.0  4.4  1.92 12.90  9.01 282 1017.7  14.7 999.0  13.2 99.0 99.00 
2024 01 29 21 20 154  2.3  3.5 99.00 99.00 99.00 999 1017.6  14.9 999.0  13.4 99.0 99.00 
2024 01 29 21 30 159  2.0  2.8 99.00 99.00 99.00 999 1017.6  15.0 999.0  13.5 99.0 99.00 
2024 01 29 21 40 157  2.7  3.8  2.08 12.90  9.60 265 1017.4  15.0 999.0  13.4 99.0 99.00 
2024 01 29 21 50 146  3.8  5.5 99.00 99.00 99.00 999 1017.3  14.9 999.0  13.3 99.0 99.00 
2024 01 29 22 00 141  4.7  6.1 99.00 99.00 99.00 999 1017.1  15.1 999.0  13.1 99.0 99.00 
2024 01 29 22 10 142  4.4  5.7  1.87 12.90  9.25 274 1017.1  15.1 999.0  12.9 99.0 99.00 
2024 01 29 22 20 135  4.4  5.6 99.00 99.00 99.00 999 1017.0  15.0 999.0  12.9 99.0 99.00 
2024 01 29 22 30 136  4.6  5.7 99.00 99.00 99.00 999 1017.0  14.9 999.0  12.8 99.0 99.00 
2024 01 29 22 40 140  4.7  5.9  1.76 12.90  8.91 259 1017.0  15.0 999.0  12.7 99.0 99.00 
2024 01 29 22 50 146  4.6  6.1 99.00 99.00 99.00 999 1017.1  15.2 999.0  12.8 99.0 99.00 
2024 01 29 23 00 165  3.6  4.9 99.00 99.00 99.00 999 1017.2  15.2 999.0  12.8 99.0 99.00 
2024 01 29 23 10 156  3.9  5.0  1.86 12.90  9.13 256 1017.1  15.1 999.0  13.0 99.0 99.00 
2024 01 29 23 20 155  3.9  4.7 99.00 99.00 99.00 999 1017.3  15.0 999.0  12.9 99.0 99.00 
2024 01 29 23 30 174  3.4  4.2 99.00 99.00 99.00 999 1017.7  14.9 999.0  13.0 99.0 99.00 
2024 01 29 23 40 174  3.3  3.9  2.05 12.12  9.55 271 1017.6  14.7 999.0  12.9 99.0 99.00 
2024 01 29 23 50 179  3.1  3.8 99.00 99.00 99.00 999 1017.8  14.7 999.0  12.9 99.0 99.00 
2024 01 30 00 00 187  3.2  3.9 99.00 99.00 99.00 999 1018.1  14.7 999.0  13.0 99.0 99.00 
2024 01 30 00 10 174  3.0  3.6  1.70 12.12  9.02 255 1018.0  14.6 999.0  13.0 99.0 99.00 
2024 01 30 00 20 164  3.1  3.9 99.00 99.00 99.00 999 1017.8  14.5 999.0  12.9 99.0 99.00 
2024 01 30 00 30 140  3.9  5.5 99.00 99.00 99.00 999 1017.4  14.4 999.0  12.9 99.0 99.00 
2024 01 30 00 40 128  4.7  6.1  1.75 12.12  8.83 273 1017.3  14.4 999.0  12.9 99.0 99.00 
2024 01 30 00 50 131  4.4  5.6 99.00 99.00 99.00 999 1016.9  14.4 999.0  12.9 99.0 99.00 
2024 01 30 01 00 118  4.7  6.0 99.00 99.00 99.00 999 1016.8  14.4 999.0  12.9 99.0 99.00 
2024 01 30 01 10 117  5.0  6.4  1.57 11.43  8.49 261 1016.6  14.4 999.0  12.8 99.0 99.00 
2024 01 30 01 20 114  4.9  6.6 99.00 99.00 99.00 999 1016.8  14.5 999.0  12.8 99.0 99.00 
2024 01 30 01 30 118  4.7  6.0 99.00 99.00 99.00 999 1017.0  14.6 999.0  12.8 99.0 99.00 
2024 01 30 01 40 130  3.8  5.0  1.68 12.12  9.01 265 1017.2  14.6 999.0  12.8 99.0 99.00 
2024 01 30 01 50 127  4.0  5.4 99.00 99.00 99.00 999 1017.1  14.7 999.0  12.8 99.0 99.00 
2024 01 30 02 00 119  4.5  5.9 99.00 99.00 99.00 999 1017.0  14.6 999.0  12.8 99.0 99.00 
2024 01 30 02 10 136  3.9  5.1  1.52 10.81  8.47 266 1017.5  14.6 999.0  12.7 99.0 99.00 
2024 01 30 02 20 137  3.5  4.9 99.00 99.00 99.00 999 1017.7  14.7 999.0  12.7 99.0 99.00 
2024 01 30 02 30 145  3.0  4.0 99.00 99.00 99.00 999 1017.7  14.7 999.0  12.7 99.0 99.00 
2024 01 30 02 40 140  3.1  4.4  1.84 12.12  9.22 273 1017.7  14.6 999.0  12.8 99.0 99.00 
2024 01 30 02 50 132  2.9  4.1 99.00 99.00 99.00 999 1017.6  14.4 999.0  12.8 99.0 99.00 
2024 01 30 03 00 142  4.3  5.7 99.00 99.00 99.00 999 1017.7  14.5 999.0  12.7 99.0 99.00 
2024 01 30 03 10 147  5.4  7.6  1.81 12.12  9.09 281 1017.5  14.6 999.0  12.7 99.0 99.00 
2024 01 30 03 20 144  5.0  6.9 99.00 99.00 99.00 999 1017.6  14.6 999.0  12.8 99.0 99.00 
2024 01 30 03 30 144  5.2  6.4 99.00 99.00 99.00 999 1017.6  14.5 999.0  12.8 99.0 99.00 
2024 01 30 03 40 140  5.1  6.4  1.66 11.43  8.59 269 1017.7  14.4 999.0  12.8 99.0 99.00 
2024 01 30 03 50 148  4.1  5.4 99.00 99.00 99.00 999 1018.1  14.4 999.0  12.9 99.0 99.00 
2024 01 30 04 00 161  3.9  4.8 99.00 99.00 99.00 999 1018.5  14.4 999.0  13.0 99.0 99.00 
2024 01 30 04 10 175  3.2  4.5  1.80 12.12  8.40 270 1018.7  14.2 999.0  13.0 99.0 99.00 
2024 01 30 04 20 162  3.2  3.9 99.00 99.00 99.00 999 1018.4  14.1 999.0  13.0 99.0 99.00 
2024 01 30 04 30 147  3.1  4.1 99.00 99.00 99.00 999 1018.2  14.0 999.0  13.0 99.0 99.00 
2024 01 30 04 40 141  2.8  4.3  1.91 12.12  8.77 276 1018.5  14.0 999.0  13.1 99.0 99.00 
2024 01 30 04 50 132  2.8  4.3 99.00 99.00 99.00 999 1018.5  14.0 999.0  13.2 99.0 99.00 
2024 01 30 05 00 135  2.9  4.1 99.00 99.00 99.00 999 1018.4  14.0 999.0  13.2 99.0 99.00 
2024 01 30 05 10 147  2.7  3.9  1.92 12.12  8.82 274 1018.4  14.0 999.0  13.2 99.0 99.00 
2024 01 30 05 20 133  2.8  4.3 99.00 99.00 99.00 999 1018.3  14.0 999.0  13.2 99.0 99.00 
2024 01 30 05 30 125  3.1  4.6 99.00 99.00 99.00 999 1018.2  13.9 999.0  13.2 99.0 99.00 
2024 01 30 05 40 136  3.4  4.9  1.96 12.12  8.95 276 1018.2  13.8 999.0  13.1 99.0 99.00 
2024 01 30 05 50 130  3.1  4.3 99.00 99.00 99.00 999 1018.3  13.8 999.0  13.1 99.0 99.00 
2024 01 30 06 00 130  2.5  3.6 99.00 99.00 99.00 999 1018.3  13.9 999.0  13.2 99.0 99.00 
2024 01 30 06 10 118  2.5  4.0  1.96 11.43  8.83 274 1018.3  13.9 999.0  13.2 99.0 99.00 
2024 01 30 06 20 126  2.5  3.9 99.00 99.00 99.00 999 1018.4  13.9 999.0  13.2 99.0 99.00 
2024 01 30 06 30 149  2.7  3.7 99.00 99.00 99.00 999 1018.6  13.9 999.0  13.2 99.0 99.00 
2024 01 30 06 40 154  2.1  3.0  1.95 12.12  8.58 263 1018.7  14.0 999.0  13.3 99.0 99.00 
2024 01 30 06 50 159  2.4  3.6 99.00 99.00 99.00 999 1018.7  14.0 999.0  13.3 99.0 99.00 
2024 01 30 07 00 131  2.4  4.1 99.00 99.00 99.00 999 1018.5  14.0 999.0  13.3 99.0 99.00 
2024 01 30 07 10 111  2.0  3.8  1.99 11.43  8.58 276 1018.7  13.9 999.0  13.2 99.0 99.00 
2024 01 30 07 20 110  2.1  3.8 99.00 99.00 99.00 999 1018.7  13.9 999.0  13.3 99.0 99.00 
2024 01 30 07 30 102  2.4  3.9 99.00 99.00 99.00 999 1018.8  13.8 999.0  13.3 99.0 99.00 
2024 01 30 07 40 111  2.1  3.6  2.08 12.12  8.61 281 1018.7  13.7 999.0  13.2 99.0 99.00 
2024 01 30 07 50 112  2.9  4.6 99.00 99.00 99.00 999 1018.6  13.7 999.0  13.2 99.0 99.00 
2024 01 30 08 00 116  2.6  4.0 99.00 99.00 99.00 999 1018.7  13.7 999.0  13.2 99.0 99.00 
2024 01 30 08 10 120  2.1  3.5  2.04 11.43  8.73 274 1018.7  13.8 999.0  13.4 99.0 99.00 
2024 01 30 08 20 121  2.5  4.5 99.00 99.00 99.00 999 1018.5  13.8 999.0  13.4 99.0 99.00 
2024 01 30 08 30 121  2.9  4.3 99.00 99.00 99.00 999 1018.6  13.8 999.0  13.4 99.0 99.00 
2024 01 30 08 40 114  2.6  4.3  2.18 12.12  9.07 264 1018.4  13.7 999.0  13.3 99.0 99.00 
2024 01 30 08 50 117  3.0  5.1 99.00 99.00 99.00 999 1018.3  13.8 999.0  13.4 99.0 99.00 
2024 01 30 09 00 140  2.7  4.3 99.00 99.00 99.00 999 1018.4  13.8 999.0  13.4 99.0 99.00 
2024 01 30 09 10 134  2.7  4.0  2.04 12.12  8.89 277 1018.4  13.8 999.0  13.4 99.0 99.00 
2024 01 30 09 20 144  2.4  3.7 99.00 99.00 99.00 999 1018.2  13.9 999.0  13.5 99.0 99.00 
2024 01 30 09 30 160  2.6  3.7 99.00 99.00 99.00 999 1018.3  13.9 999.0  13.4 99.0 99.00 
2024 01 30 09 40 143  2.8  4.6  2.14 12.12  9.16 268 1018.2  13.9 999.0  13.4 99.0 99.00 
2024 01 30 09 50 141  3.2  4.5 99.00 99.00 99.00 999 1018.1  13.8 999.0  13.3 99.0 99.00 
2024 01 30 10 00 142  3.0  4.8 99.00 99.00 99.00 999 1018.2  13.9 999.0  13.4 99.0 99.00 
2024 01 30 10 10 134  3.5  5.5  2.22 11.43  9.09 279 1017.9  13.8 999.0  13.3 99.0 99.00 
2024 01 30 10 20 129  3.8  5.6 99.00 99.00 99.00 999 1018.0  13.8 999.0  13.2 99.0 99.00 
2024 01 30 10 30 147  3.1  4.9 99.00 99.00 99.00 999 1018.0  13.8 999.0  13.1 99.0 99.00 
2024 01 30 10 40 137  3.5  5.1  2.18 12.12  9.27 273 1017.9  13.8 999.0  13.1 99.0 99.00 
2024 01 30 10 50 130  4.4  6.8 99.00 99.00 99.00 999 1017.5  13.8 999.0  13.1 99.0 99.00 
2024 01 30 11 00 122  4.7  6.6 99.00 99.00 99.00 999 1017.2  13.8 999.0  13.1 99.0 99.00 
2024 01 30 11 10 127  4.2  6.1  2.22 13.79  9.30 272 1017.4  13.7 999.0  13.0 99.0 99.00 
2024 01 30 11 20 137  3.7  5.4 99.00 99.00 99.00 999 1017.2  13.7 999.0  13.1 99.0 99.00 
2024 01 30 11 30 129  4.6  6.1 99.00 99.00 99.00 999 1017.1  13.7 999.0  13.0 99.0 99.00 
2024 01 30 11 40 144  3.9  5.4  1.99 12.12  9.15 285 1017.2  13.8 999.0  13.1 99.0 99.00 
2024 01 30 11 50 159  3.0  4.0 99.00 99.00 99.00 999 1017.4  13.8 999.0  13.1 99.0 99.00 
2024 01 30 12 00 166  2.3  3.2 99.00 99.00 99.00 999 1017.3  13.8 999.0  13.2 99.0 99.00 
2024 01 30 12 10 133  2.8  4.5  2.60 12.12 10.17 269 1017.1  13.8 999.0  13.3 99.0 99.00 
2024 01 30 12 20 119  3.0  5.3 99.00 99.00 99.00 999 1017.0  13.7 999.0  13.2 99.0 99.00 
2024 01 30 12 30 117  3.8  6.6 99.00 99.00 99.00 999 1016.7  13.7 999.0  13.2 99.0 99.00 
2024 01 30 12 40 118  6.0  8.5  2.45 14.81 10.26 276 1016.2  13.6 999.0  13.1 99.0 99.00 
2024 01 30 12 50 118  5.8  8.4 99.00 99.00 99.00 999 1016.2  13.6 999.0  13.0 99.0 99.00 
2024 01 30 13 00 110  5.4  8.2 99.00 99.00 99.00 999 1016.2  13.6 999.0  13.1 99.0 99.00 
2024 01 30 13 10 104  5.6  7.7  2.62 13.79 10.37 272 1015.8  13.5 999.0  13.0 99.0 99.00 
2024 01 30 13 20  93  6.1  8.2 99.00 99.00 99.00 999 1015.8  13.3 999.0  12.8 99.0 99.00 
2024 01 30 13 30  99  4.7  7.6 99.00 99.00 99.00 999 1016.3  13.3 999.0  12.6 99.0 99.00 
2024 01 30 13 40 104  3.8  5.8  2.42 12.12 10.08 264 1016.4  13.2 999.0  12.5 99.0 99.00 
2024 01 30 13 50 114  4.5  7.1 99.00 99.00 99.00 999 1016.2  13.3 999.0  12.5 99.0 99.00 
2024 01 30 14 00 107  4.5  6.6 99.00 99.00 99.00 999 1016.1  13.4 999.0  12.6 99.0 99.00 
2024 01 30 14 10 116  4.5  6.3  2.57 13.79 10.25 266 1016.2  13.5 999.0  12.8 99.0 99.00 
2024 01 30 14 20 129  4.9  6.6 99.00 99.00 99.00 999 1016.2  13.6 999.0  12.9 99.0 99.00 
2024 01 30 14 30 133  4.4  6.9 99.00 99.00 99.00 999 1016.4  13.7 999.0  13.1 99.0 99.00 
2024 01 30 14 40 149  4.3  6.4  2.57 14.81 10.05 273 1016.5  13.7 999.0  13.2 99.0 99.00 
2024 01 30 14 50 154  4.9  6.9 99.00 99.00 99.00 999 1016.8  13.7 999.0  13.2 99.0 99.00 
2024 01 30 15 00 161  4.6  5.9 99.00 99.00 99.00 999 1016.9  13.7 999.0  13.2 99.0 99.00 
2024 01 30 15 10 158  4.0  5.8  2.50 14.81 10.30 270 1016.8  13.6 999.0  13.1 99.0 99.00 
2024 01 30 15 20 161  4.5  6.0 99.00 99.00 99.00 999 1016.8  13.6 999.0  13.0 99.0 99.00 
2024 01 30 15 30 136  3.8  6.0 99.00 99.00 99.00 999 1016.5  13.7 999.0  13.0 99.0 99.00 
2024 01 30 15 40 134  4.2  6.9  2.88 14.81 10.74 285 1016.6  13.7 999.0  13.0 99.0 99.00 
2024 01 30 15 50 151  4.5  6.6 99.00 99.00 99.00 999 1016.8  13.7 999.0  13.0 99.0 99.00 
2024 01 30 16 00 155  3.8  5.6 99.00 99.00 99.00 999 1017.1  13.7 999.0  13.0 99.0 99.00 
2024 01 30 16 10 170  3.8  5.9  2.93 13.79 10.30 268 1017.3  13.6 999.0  13.1 99.0 99.00 
2024 01 30 16 20 165  4.8  6.5 99.00 99.00 99.00 999 1017.1  13.6 999.0  13.0 99.0 99.00 
2024 01 30 16 30 154  4.7  6.0 99.00 99.00 99.00 999 1017.1  13.7 999.0  13.0 99.0 99.00 
2024 01 30 16 40 147  4.5  6.4  2.98 12.12 10.28 270 1017.1  13.7 999.0  13.0 99.0 99.00 
2024 01 30 16 50 141  4.5  6.4 99.00 99.00 99.00 999 1017.2  13.7 999.0  13.0 99.0 99.00 
2024 01 30 17 00 141  4.8  6.5 99.00 99.00 99.00 999 1017.1  13.7 999.0  13.0 99.0 99.00 
2024 01 30 17 10 140  4.8  6.5  3.09 12.90 10.32 266 1017.0  13.8 999.0  13.1 99.0 99.00 
2024 01 30 17 20 134  5.0  7.0 99.00 99.00 99.00 999 1016.6  13.9 999.0  13.2 99.0 99.00 
2024 01 30 17 30 126  4.9  6.9 99.00 99.00 99.00 999 1016.6  13.9 999.0  13.2 99.0 99.00 
2024 01 30 17 40 125  4.9  7.0  2.86 14.81  9.86 264 1016.7  13.9 999.0  13.2 99.0 99.00 
2024 01 30 17 50 131  4.9  7.9 99.00 99.00 99.00 999 1016.6  13.9 999.0  13.2 99.0 99.00 
2024 01 30 18 00 132  5.0  7.5 99.00 99.00 99.00 999 1016.8  13.9 999.0  13.2 99.0 99.00 
2024 01 30 18 10 142  4.6  6.6  3.36 13.79 10.57 270 1017.0  13.9 999.0  13.2 99.0 99.00 
2024 01 30 18 20 137  4.5  6.4 99.00 99.00 99.00 999 1016.8  13.9 999.0  13.2 99.0 99.00 
2024 01 30 18 30 129  4.6  6.8 99.00 99.00 99.00 999 1016.6  13.9 999.0  13.2 99.0 99.00 
2024 01 30 18 40 122  4.8  7.5  3.04 13.79  9.96 279 1016.3  13.9 999.0  13.2 99.0 99.00 
2024 01 30 18 50 114  5.4  8.1 99.00 99.00 99.00 999 1016.2  13.8 999.0  13.2 99.0 99.00 
2024 01 30 19 00 115  5.4  7.9 99.00 99.00 99.00 999 1016.1  13.8 999.0  13.3 99.0 99.00 
2024 01 30 19 10 122  5.4  7.7  3.26 14.81 10.38 266 1016.2  13.8 999.0  13.2 99.0 99.00 
2024 01 30 19 20 125  5.4  8.3 99.00 99.00 99.00 999 1016.0  13.8 999.0  13.1 99.0 99.00 
2024 01 30 19 30 119  5.7  8.4 99.00 99.00 99.00 999 1015.5  13.8 999.0  13.1 99.0 99.00 
2024 01 30 19 40 121  5.9  7.8  3.33 13.79 10.24 272 1015.5  13.8 999.0  13.1 99.0 99.00 
2024 01 30 19 50 124  6.0  8.9 99.00 99.00 99.00 999 1015.3  13.9 999.0  13.1 99.0 99.00 
2024 01 30 20 00 125  6.5  9.2 99.00 99.00 99.00 999 1015.1  13.9 999.0  13.1 99.0 99.00 
2024 01 30 20 10 131  6.1  8.4  3.36 13.79 10.16 261 1015.2  14.0 999.0  13.2 99.0 99.00 
2024 01 30 20 20 132  6.0  8.5 99.00 99.00 99.00 999 1015.1  14.0 999.0  13.2 99.0 99.00 
2024 01 30 20 30 134  5.2  7.4 99.00 99.00 99.00 999 1015.2  14.0 999.0  13.2 99.0 99.00 
2024 01 30 20 40 139  5.2  7.5  3.31 13.79  9.51 272 1015.4  13.9 999.0  13.1 99.0 99.00 
2024 01 30 20 50 141  5.4  7.1 99.00 99.00 99.00 999 1015.1  13.9 999.0  13.1 99.0 99.00 
2024 01 30 21 00 137  5.6  7.6 99.00 99.00 99.00 999 1015.0  13.9 999.0  13.1 99.0 99.00 
2024 01 30 21 10 141  6.1  8.4  3.21 14.81  9.69 262 1014.8  13.9 999.0  13.0 99.0 99.00 
2024 01 30 21 20 143  6.3  8.5 99.00 99.00 99.00 999 1014.7  14.0 999.0  13.0 99.0 99.00 
2024 01 30 21 30 147  5.6  7.8 99.00 99.00 99.00 999 1014.9  14.0 999.0  13.1 99.0 99.00 
2024 01 30 21 40 142  5.4  7.3  2.90 13.79  9.29 274 1014.7  13.9 999.0  13.2 99.0 99.00 
2024 01 30 21 50 130  5.4  8.1 99.00 99.00 99.00 999 1014.5  13.8 999.0  13.1 99.0 99.00 
2024 01 30 22 00 126  5.6  8.6 99.00 99.00 99.00 999 1014.3  13.8 999.0  13.1 99.0 99.00 
2024 01 30 22 10 124  6.1  9.1  3.42 13.79  9.87 273 1014.0  13.8 999.0  13.3 99.0 99.00 
2024 01 30 22 20 123  6.3  8.9 99.00 99.00 99.00 999 1013.9  13.8 999.0  13.3 99.0 99.00 
2024 01 30 22 30 126  6.2  8.9 99.00 99.00 99.00 999 1013.8  13.8 999.0  13.3 99.0 99.00 
2024 01 30 22 40 130  6.4  8.8  3.10 13.79  9.55 275 1013.8  13.8 999.0  13.3 99.0 99.00 
2024 01 30 22 50 125  6.9 10.3 99.00 99.00 99.00 999 1013.7  13.7 999.0  13.2 99.0 99.00 
2024 01 30 23 00 122  6.9  9.1 99.00 99.00 99.00 999 1013.6  13.7 999.0  13.2 99.0 99.00 
2024 01 30 23 10 122  7.5 10.5  3.47 13.79  9.98 266 1013.4  13.7 999.0  13.3 99.0 99.00 
2024 01 30 23 20 128  7.3  9.8 99.00 99.00 99.00 999 1013.5  13.7 999.0  13.2 99.0 99.00 
2024 01 30 23 30 130  7.1 10.7 99.00 99.00 99.00 999 1013.7  13.8 999.0  13.3 99.0 99.00 
2024 01 30 23 40 129  7.2  9.7  3.35 13.79 10.10 277 1013.5  13.8 999.0  13.1 99.0 99.00 
2024 01 30 23 50 129  7.3  9.4 99.00 99.00 99.00 999 1013.4  13.9 999.0  13.2 99.0 99.00 
2024 01 31 00 00 129  7.2  9.8 99.00 99.00 99.00 999 1013.2  13.9 999.0  13.2 99.0 99.00 
2024 01 31 00 10 129  7.4 10.1  3.03 13.79  9.37 263 1013.0  13.9 999.0  13.2 99.0 99.00 
2024 01 31 00 20 127  7.3  9.8 99.00 99.00 99.00 999 1013.0  13.9 999.0  13.2 99.0 99.00 
2024 01 31 00 30 128  7.6 10.5 99.00 99.00 99.00 999 1012.9  13.9 999.0  13.2 99.0 99.00 
2024 01 31 00 40 125  7.6  9.9  3.18 13.79  9.67 268 1012.6  13.9 999.0  13.2 99.0 99.00 
2024 01 31 00 50 126  7.6 11.1 99.00 99.00 99.00 999 1012.5  13.9 999.0  13.2 99.0 99.00 
2024 01 31 01 00 127  8.0 10.4 99.00 99.00 99.00 999 1012.4  13.9 999.0  13.2 99.0 99.00 
2024 01 31 01 10 129  8.2 11.3  2.84 13.79  9.13 266 1012.3  13.9 999.0  13.1 99.0 99.00 
2024 01 31 01 20 128  8.5 11.2 99.00 99.00 99.00 999 1012.2  13.9 999.0  13.1 99.0 99.00 
2024 01 31 01 30 130  8.5 11.8 99.00 99.00 99.00 999 1012.3  13.9 999.0  13.1 99.0 99.00 
2024 01 31 01 40 132  9.0 12.1  3.14 13.79  9.17 266 1012.3  13.9 999.0  13.2 99.0 99.00 
2024 01 31 01 50 135  8.9 11.0 99.00 99.00 99.00 999 1012.5  13.9 999.0  13.2 99.0 99.00 
2024 01 31 02 00 135  9.0 11.6 99.00 99.00 99.00 999 1012.5  13.9 999.0  13.2 99.0 99.00 
2024 01 31 02 10 134  8.6 11.5  2.95 13.79  8.85 258 1012.3  13.8 999.0  13.2 99.0 99.00 
2024 01 31 02 20 132  8.8 11.3 99.00 99.00 99.00 999 1012.3  13.8 999.0  13.3 99.0 99.00 
2024 01 31 02 30 128  8.9 11.3 99.00 99.00 99.00 999 1011.6  13.7 999.0  13.2 99.0 99.00 
2024 01 31 02 40 122 10.0 13.9  2.80 13.79  8.18 255 1011.5  13.7 999.0  13.2 99.0 99.00 
2024 01 31 02 50 133  9.5 12.2 99.00 99.00 99.00 999 1011.8  13.8 999.0  13.3 99.0 99.00 
2024 01 31 03 00 139  8.6 11.1 99.00 99.00 99.00 999 1012.0  13.8 999.0  13.3 99.0 99.00 
2024 01 31 03 10 145  8.4 10.6  3.12 13.79  8.79 251 1012.3  13.8 999.0  13.3 99.0 99.00 
2024 01 31 03 20 149  8.1  9.8 99.00 99.00 99.00 999 1012.5  13.8 999.0  13.3 99.0 99.00 
2024 01 31 03 30 150  8.2 10.5 99.00 99.00 99.00 999 1012.4  13.8 999.0  13.3 99.0 99.00 
2024 01 31 03 40 145  7.9  9.8  2.80 13.79  8.12 258 1012.2  13.8 999.0  13.3 99.0 99.00 
2024 01 31 03 50 140  7.9 10.4 99.00 99.00 99.00 999 1012.2  13.8 999.0  13.3 99.0 99.00 
2024 01 31 04 00 142  8.1 11.1 99.00 99.00 99.00 999 1012.2  13.9 999.0  13.4 99.0 99.00 
2024 01 31 04 10 142  8.1 10.7  2.74 12.12  8.05 255 1012.1  13.8 999.0  13.3 99.0 99.00 
2024 01 31 04 20 142  8.4 10.5 99.00 99.00 99.00 999 1012.2  13.8 999.0  13.3 99.0 99.00 
2024 01 31 04 30 143  8.4 10.8 99.00 99.00 99.00 999 1012.2  13.9 999.0  13.4 99.0 99.00 
2024 01 31 04 40 145  8.3 10.8  2.63 12.90  7.74 255 1012.4  13.9 999.0  13.4 99.0 99.00 
2024 01 31 04 50 142  8.2 10.3 99.00 99.00 99.00 999 1012.4  13.9 999.0  13.4 99.0 99.00 
2024 01 31 05 00 140  7.9 10.1 99.00 99.00 99.00 999 1012.4  13.9 999.0  13.4 99.0 99.00 
2024 01 31 05 10 140  8.2 10.3  2.88 12.90  7.99 252 1012.2  13.9 999.0  13.4 99.0 99.00 
2024 01 31 05 20 135  8.4 10.6 99.00 99.00 99.00 999 1011.7  13.9 999.0  13.4 99.0 99.00 
2024 01 31 05 30 131  8.8 11.3 99.00 99.00 99.00 999 1011.2  13.8 999.0  13.3 99.0 99.00 
2024 01 31 05 40 131  9.4 11.8  2.93 12.90  7.60 259 1010.8  13.8 999.0  13.3 99.0 99.00 
2024 01 31 05 50 133  9.7 12.6 99.00 99.00 99.00 999 1010.9  13.8 999.0  13.3 99.0 99.00 
2024 01 31 06 00 137  9.4 12.3 99.00 99.00 99.00 999 1011.1  13.8 999.0  13.3 99.0 99.00 
2024 01 31 06 10 141  9.2 12.1  2.80 12.90  7.45 261 1011.2  13.9 999.0  13.4 99.0 99.00 
2024 01 31 06 20 142  9.1 11.5 99.00 99.00 99.00 999 1011.2  13.9 999.0  13.4 99.0 99.00 
2024 01 31 06 30 144  9.2 11.6 99.00 99.00 99.00 999 1011.2  13.9 999.0  13.4 99.0 99.00 
2024 01 31 06 40 143  9.2 11.6  3.01 12.12  7.46 251 1011.1  13.9 999.0  13.5 99.0 99.00 
2024 01 31 06 50 143  9.6 12.6 99.00 99.00 99.00 999 1010.8  13.9 999.0  13.4 99.0 99.00 
2024 01 31 07 00 141  9.7 12.3 99.00 99.00 99.00 999 1010.3  14.0 999.0  13.5 99.0 99.00 
2024 01 31 07 10 142  9.6 12.6  2.81 12.90  7.32 262 1010.5  14.0 999.0  13.5 99.0 99.00 
2024 01 31 07 20 141  9.8 12.9 99.00 99.00 99.00 999 1010.3  14.1 999.0  13.5 99.0 99.00 
2024 01 31 07 30 136 10.4 13.9 99.00 99.00 99.00 999 1009.8  14.1 999.0  13.4 99.0 99.00 
2024 01 31 07 40 135 10.8 14.4  3.00 12.90  7.05 260 1010.0  14.1 999.0  13.4 99.0 99.00 
2024 01 31 07 50 138 10.1 12.7 99.00 99.00 99.00 999 1010.2  14.1 999.0  13.4 99.0 99.00 
2024 01 31 08 00 143 10.5 12.9 99.00 99.00 99.00 999 1010.1  14.1 999.0  13.4 99.0 99.00 
2024 01 31 08 10 144 10.4 13.2  2.78 11.43  6.83 259 1010.0  14.0 999.0  13.4 99.0 99.00 
2024 01 31 08 20 144 10.6 13.6 99.00 99.00 99.00 999 1009.8  14.0 999.0  13.5 99.0 99.00 
2024 01 31 08 30 144 10.4 13.5 99.00 99.00 99.00 999 1009.8  14.0 999.0  13.4 99.0 99.00 
2024 01 31 08 40 145 10.4 13.4  2.99 12.12  7.07 255 1009.9  14.0 999.0  13.3 99.0 99.00 
2024 01 31 08 50 145  9.9 12.5 99.00 99.00 99.00 999 1009.8  14.0 999.0  13.3 99.0 99.00 
2024 01 31 09 00 141 10.2 12.9 99.00 99.00 99.00 999 1009.0  14.0 999.0  13.4 99.0 99.00 
2024 01 31 09 10 143 10.3 12.9  2.92 12.90  6.60 254 1009.0  14.0 999.0  13.5 99.0 99.00 
2024 01 31 09 20 141 10.1 13.0 99.00 99.00 99.00 999 1008.5  14.0 999.0  13.3 99.0 99.00 
2024 01 31 09 30 139 10.7 13.8 99.00 99.00 99.00 999 1008.4  14.0 999.0  13.3 99.0 99.00 
2024 01 31 09 40 142 10.5 13.5  3.10 12.90  6.87 257 1008.7  14.0 999.0  13.3 99.0 99.00 
2024 01 31 09 50 144 10.6 12.8 99.00 99.00 99.00 999 1008.7  14.1 999.0  13.4 99.0 99.00 
2024 01 31 10 00 145 10.6 13.4 99.00 99.00 99.00 999 1008.7  14.0 999.0  13.3 99.0 99.00 
2024 01 31 10 10 144 10.6 13.2  3.14 12.12  7.06 246 1008.6  14.0 999.0  13.3 99.0 99.00 
2024 01 31 10 20 143 10.5 12.9 99.00 99.00 99.00 999 1008.6  14.0 999.0  13.4 99.0 99.00 
2024 01 31 10 30 143 10.5 13.1 99.00 99.00 99.00 999 1008.6  14.0 999.0  13.4 99.0 99.00 
2024 01 31 10 40 143 10.3 13.1  3.17 11.43  6.98 243 1008.2  14.1 999.0  13.4 99.0 99.00 
2024 01 31 10 50 141 10.6 14.3 99.00 99.00 99.00 999 1007.8  14.0 999.0  13.3 99.0 99.00 
2024 01 31 11 00 143 10.9 15.3 99.00 99.00 99.00 999 1008.0  14.1 999.0  13.4 99.0 99.00 
2024 01 31 11 10 147 10.7 13.8  3.00 12.90  6.80 258 1008.0  14.2 999.0  13.5 99.0 99.00 
2024 01 31 11 20 148 11.0 13.2 99.00 99.00 99.00 999 1007.7  14.2 999.0  13.5 99.0 99.00 
2024 01 31 11 30 147 11.2 14.1 99.00 99.00 99.00 999 1007.4  14.2 999.0  13.5 99.0 99.00 
2024 01 31 11 40 148 11.1 14.2  3.14 12.90  6.76 245 1007.3  14.2 999.0  13.5 99.0 99.00 
2024 01 31 11 50 147 10.9 14.0 99.00 99.00 99.00 999 1007.2  14.2 999.0  13.4 99.0 99.00 
2024 01 31 12 00 146 11.9 15.1 99.00 99.00 99.00 999 1007.1  14.2 999.0  13.4 99.0 99.00 
2024 01 31 12 10 145 12.2 15.6  3.20 10.00  6.65 250 1006.9  14.2 999.0  13.4 99.0 99.00 
2024 01 31 12 20 147 12.2 15.2 99.00 99.00 99.00 999 1007.2  14.3 999.0  13.5 99.0 99.00 
2024 01 31 12 30 146 12.3 15.5 99.00 99.00 99.00 999 1006.7  14.3 999.0  13.5 99.0 99.00 
2024 01 31 12 40 146 12.9 16.4  3.50 10.81  6.81 243 1006.7  14.3 999.0  13.5 99.0 99.00 
2024 01 31 12 50 146 12.2 15.2 99.00 99.00 99.00 999 1006.8  14.3 999.0  13.5 99.0 99.00 
2024 01 31 13 00 146 12.0 15.2 99.00 99.00 99.00 999 1006.4  14.2 999.0  13.4 99.0 99.00 
2024 01 31 13 10 145 12.3 16.7  3.18 11.43  6.72 250 1006.3  14.2 999.0  13.4 99.0 99.00 
2024 01 31 13 20 145 12.4 16.1 99.00 99.00 99.00 999 1006.0  14.2 999.0  13.4 99.0 99.00 
2024 01 31 13 30 142 12.5 15.8 99.00 99.00 99.00 999 1005.9  14.2 999.0  13.4 99.0 99.00 
2024 01 31 13 40 145 12.8 16.5  3.41  6.67  6.75 172 1005.8  14.2 999.0  13.4 99.0 99.00 
2024 01 31 13 50 146 12.8 16.1 99.00 99.00 99.00 999 1005.7  14.2 999.0  13.4 99.0 99.00 
2024 01 31 14 00 144 12.0 15.9 99.00 99.00 99.00 999 1005.5  14.2 999.0  13.3 99.0 99.00 
2024 01 31 14 10 143 12.6 16.6  3.91 10.81  7.01 245 1005.4  14.2 999.0  13.4 99.0 99.00 
2024 01 31 14 20 145 12.9 16.8 99.00 99.00 99.00 999 1005.6  14.2 999.0  13.4 99.0 99.00 
2024 01 31 14 30 148 12.9 16.3 99.00 99.00 99.00 999 1005.7  14.3 999.0  13.4 99.0 99.00 
2024 01 31 14 40 149 13.8 17.4  3.55  7.14  6.63 174 1005.5  14.3 999.0  13.3 99.0 99.00 
2024 01 31 14 50 149 13.4 17.1 99.00 99.00 99.00 999 1005.4  14.3 999.0  13.3 99.0 99.00 
2024 01 31 15 00 147 13.9 17.7 99.00 99.00 99.00 999 1005.1  14.3 999.0  13.3 99.0 99.00 
2024 01 31 15 10 149 13.9 17.2  3.68  7.14  6.78 171 1005.4  14.3 999.0  13.4 99.0 99.00 
2024 01 31 15 20 150 14.2 17.3 99.00 99.00 99.00 999 1005.5  14.2 999.0  13.4 99.0 99.00 
2024 01 31 15 30 150 14.2 18.4 99.00 99.00 99.00 999 1005.4  14.2 999.0  13.3 99.0 99.00 
2024 01 31 15 40 148 14.4 18.1  3.95  7.69  7.13 172 1005.0  14.2 999.0  13.4 99.0 99.00 
2024 01 31 15 50 148 14.4 18.7 99.00 99.00 99.00 999 1005.0  14.1 999.0  13.4 99.0 99.00 
2024 01 31 16 00 147 14.6 18.3 99.00 99.00 99.00 999 1004.8  14.0 999.0  13.3 99.0 99.00 
2024 01 31 16 10 148 14.4 19.1  4.38 11.43  7.21 242 1004.9  14.0 999.0  13.3 99.0 99.00 
2024 01 31 16 20 148 15.2 19.0 99.00 99.00 99.00 999 1004.9  14.0 999.0  13.3 99.0 99.00 
2024 01 31 16 30 148 14.3 18.3 99.00 99.00 99.00 999 1004.8  14.0 999.0  13.4 99.0 99.00 
2024 01 31 16 40 148 14.7 18.6  4.52 12.90  7.42 234 1004.9  13.8 999.0  13.4 99.0 99.00 
2024 01 31 16 50 147 14.7 20.3 99.00 99.00 99.00 999 1004.8  13.8 999.0  13.3 99.0 99.00 
2024 01 31 17 00 147 14.8 19.3 99.00 99.00 99.00 999 1004.8  13.9 999.0  13.4 99.0 99.00 
2024 01 31 17 10 146 14.2 18.6  4.53  7.69  7.46 166 1004.6  13.8 999.0  13.3 99.0 99.00 
2024 01 31 17 20 147 14.5 18.5 99.00 99.00 99.00 999 1004.5  13.9 999.0  13.4 99.0 99.00 
2024 01 31 17 30 148 14.8 18.6 99.00 99.00 99.00 999 1004.4  14.0 999.0  13.3 99.0 99.00 
2024 01 31 17 40 148 14.4 18.6  4.70  7.69  7.40 169 1004.6  14.0 999.0  13.4 99.0 99.00 
2024 01 31 17 50 151 13.8 17.9 99.00 99.00 99.00 999 1004.6  14.0 999.0  13.4 99.0 99.00 
2024 01 31 18 00 150 14.0 17.8 99.00 99.00 99.00 999 1004.5  13.9 999.0  13.4 99.0 99.00 
2024 01 31 18 10 151 14.1 18.0  4.45 12.90  7.45 238 1004.6  13.9 999.0  13.4 99.0 99.00 
2024 01 31 18 20 152 13.8 17.4 99.00 99.00 99.00 999 1004.6  13.8 999.0  13.3 99.0 99.00 
2024 01 31 18 30 152 14.0 17.3 99.00 99.00 99.00 999 1004.7  13.8 999.0  13.3 99.0 99.00 
2024 01 31 18 40 153 14.3 18.3  4.59 12.90  7.49 248 1004.7  13.9 999.0  13.4 99.0 99.00 
2024 01 31 18 50 153 14.5 18.0 99.00 99.00 99.00 999 1004.5  13.9 999.0  13.4 99.0 99.00 
2024 01 31 19 00 151 13.8 18.9 99.00 99.00 99.00 999 1004.3  13.9 999.0  13.4 99.0 99.00 
2024 01 31 19 10 148 14.2 18.8  4.59 12.90  7.50 247 1003.9  13.9 999.0  13.3 99.0 99.00 
2024 01 31 19 20 147 14.7 19.4 99.00 99.00 99.00 999 1004.0  13.9 999.0  13.3 99.0 99.00 
2024 01 31 19 30 150 15.1 20.3 99.00 99.00 99.00 999 1003.7  13.9 999.0  13.2 99.0 99.00 
2024 01 31 19 40 148 14.4 18.7  4.57  7.69  7.49 161 1003.3  13.9 999.0  13.2 99.0 99.00 
2024 01 31 19 50 148 14.6 19.6 99.00 99.00 99.00 999 1003.1  13.9 999.0  13.2 99.0 99.00 
2024 01 31 20 00 151 14.8 18.4 99.00 99.00 99.00 999 1002.9  13.9 999.0  13.2 99.0 99.00 
2024 01 31 20 10 149 15.1 19.3  4.86  8.33  7.56 177 1002.6  13.9 999.0  13.1 99.0 99.00 
2024 01 31 20 20 150 15.6 20.1 99.00 99.00 99.00 999 1002.6  14.0 999.0  13.2 99.0 99.00 
2024 01 31 20 30 149 15.8 20.5 99.00 99.00 99.00 999 1002.2  13.9 999.0  13.1 99.0 99.00 
2024 01 31 20 40 148 15.9 21.3  4.90  9.09  7.55 178 1001.7  14.0 999.0  13.2 99.0 99.00 
2024 01 31 20 50 149 16.7 21.5 99.00 99.00 99.00 999 1001.7  14.0 999.0  13.1 99.0 99.00 
2024 01 31 21 00 151 16.0 20.9 99.00 99.00 99.00 999 1001.7  14.1 999.0  13.3 99.0 99.00 
2024 01 31 21 10 152 16.0 21.9  4.75  9.09  7.39 185 1001.8  14.1 999.0  13.1 99.0 99.00 
2024 01 31 21 20 153 15.9 21.6 99.00 99.00 99.00 999 1001.6  14.0 999.0  13.2 99.0 99.00 
2024 01 31 21 30 152 15.6 19.5 99.00 99.00 99.00 999 1001.4  13.9 999.0  13.2 99.0 99.00 
2024 01 31 21 40 152 15.2 20.5  4.59  9.09  7.38 166 1001.3  13.9 999.0  13.2 99.0 99.00 
2024 01 31 21 50 153 15.3 19.4 99.00 99.00 99.00 999 1001.3  13.8 999.0  13.2 99.0 99.00 
2024 01 31 22 00 153 15.4 19.5 99.00 99.00 99.00 999 1001.1  13.7 999.0  13.2 99.0 99.00 
2024 01 31 22 10 152 14.7 20.1  5.01  9.09  7.50 178 1001.0  13.6 999.0  13.1 99.0 99.00 
2024 01 31 22 20 153 14.4 18.8 99.00 99.00 99.00 999 1000.8  13.6 999.0  13.1 99.0 99.00 
2024 01 31 22 30 151 15.3 20.0 99.00 99.00 99.00 999 1000.8  13.7 999.0  13.1 99.0 99.00 
2024 01 31 22 40 153 15.3 19.4  5.08  9.09  7.66 179 1000.8  13.6 999.0  13.1 99.0 99.00 
2024 01 31 22 50 153 15.3 19.4 99.00 99.00 99.00 999 1000.8  13.6 999.0  13.1 99.0 99.00 
2024 01 31 23 00 154 14.9 17.8 99.00 99.00 99.00 999 1000.6  13.5 999.0  13.1 99.0 99.00 
2024 01 31 23 10 153 15.1 20.0  4.84  9.09  7.54 172 1000.6  13.6 999.0  13.2 99.0 99.00 
2024 01 31 23 20 153 14.7 18.6 99.00 99.00 99.00 999 1000.4  13.5 999.0  13.1 99.0 99.00 
2024 01 31 23 30 151 14.9 19.3 99.00 99.00 99.00 999 1000.3  13.6 999.0  13.2 99.0 99.00 
2024 01 31 23 40 169 14.1 19.0  5.22  9.09  7.84 167 1001.9  13.6 999.0  13.1 99.0 99.00 
2024 01 31 23 50 218  8.4 12.7 99.00 99.00 99.00 999 1002.2  12.6 999.0  12.1 99.0 99.00 