#YY  MM DD hh mm WDIR WSPD GST  WVHT   DPD   APD MWD   PRES  ATMP  WTMP  DEWP  VIS  TIDE
#yr  mo dy hr mn degT m/s  m/s     m   sec   sec deg    hPa  degC  degC  degC  nmi    ft
2024 06 01 00 00 312  8.1 10.6 99.00 99.00 99.00 999 1011.3  11.4 999.0  10.4 99.0 99.00 
2024 06 01 00 10 310  8.3 10.7  2.04  9.09  5.68 318 1011.3  11.4 999.0  10.4 99.0 99.00 
2024 06 01 00 20 310  8.7 11.1 99.00 99.00 99.00 999 1011.2  11.5 999.0  10.4 99.0 99.00 
2024 06 01 00 30 311  8.7 11.2 99.00 99.00 99.00 999 1011.2  11.5 999.0  10.4 99.0 99.00 
2024 06 01 00 40 314  9.5 12.9  2.13 10.00  5.63 305 1011.1  11.6 999.0  10.5 99.0 99.00 
2024 06 01 00 50 311 10.3 13.1 99.00 99.00 99.00 999 1011.0  11.6 999.0  10.5 99.0 99.00 
2024 06 01 01 00 311 10.3 13.2 99.00 99.00 99.00 999 1010.9  11.6 999.0  10.5 99.0 99.00 
2024 06 01 01 10 311 10.8 13.1  2.32  5.88  5.62 315 1010.7  11.6 999.0  10.5 99.0 99.00 
2024 06 01 01 20 311 10.8 14.1 99.00 99.00 99.00 999 1010.6  11.6 999.0  10.5 99.0 99.00 
2024 06 01 01 30 310 11.4 14.7 99.00 99.00 99.00 999 1010.3  11.5 999.0  10.3 99.0 99.00 
2024 06 01 01 40 308 12.0 14.9  2.38  5.88  5.48 310 1010.2  11.5 999.0  10.2 99.0 99.00 
2024 06 01 01 50 307 12.2 15.7 99.00 99.00 99.00 999 1010.1  11.5 999.0  10.2 99.0 99.00 
2024 06 01 02 00 306 12.9 17.6 99.00 99.00 99.00 999 1010.0  11.5 999.0  10.2 99.0 99.00 
2024 06 01 02 10 305 13.4 17.4  2.40  9.09  5.61 323 1010.0  11.5 999.0  10.2 99.0 99.00 
2024 06 01 02 20 307 13.4 16.6 99.00 99.00 99.00 999 1010.1  11.6 999.0  10.3 99.0 99.00 
2024 06 01 02 30 308 13.4 17.7 99.00 99.00 99.00 999 1009.9  11.5 999.0  10.3 99.0 99.00 
2024 06 01 02 40 309 13.2 16.4  2.29  6.67  5.46 314 1010.0  11.5 999.0  10.4 99.0 99.00 
2024 06 01 02 50 311 13.2 16.1 99.00 99.00 99.00 999 1010.0  11.4 999.0  10.3 99.0 99.00 
2024 06 01 03 00 312 12.8 16.0 99.00 99.00 99.00 999 1010.0  11.4 999.0  10.4 99.0 99.00 
2024 06 01 03 10 310 13.2 15.9  2.39  7.14  5.46 321 1010.1  11.4 999.0  10.4 99.0 99.00 
2024 06 01 03 20 310 13.1 16.8 99.00 99.00 99.00 999 1009.9  11.4 999.0  10.4 99.0 99.00 
2024 06 01 03 30 309 13.3 16.5 99.00 99.00 99.00 999 1009.8  11.3 999.0  10.3 99.0 99.00 
2024 06 01 03 40 309 14.1 17.7  2.65  6.25  5.62 322 1009.8  11.3 999.0  10.3 99.0 99.00 
2024 06 01 03 50 310 13.5 16.8 99.00 99.00 99.00 999 1009.8  11.3 999.0  10.3 99.0 99.00 
2024 06 01 04 00 312 13.2 16.9 99.00 99.00 99.00 999 1010.1  11.3 999.0  10.3 99.0 99.00 
2024 06 01 04 10 316 13.1 16.7  2.64  7.14  5.66 315 1010.1  11.3 999.0  10.3 99.0 99.00 
2024 06 01 04 20 314 13.3 17.4 99.00 99.00 99.00 999 1010.3  11.3 999.0  10.2 99.0 99.00 
2024 06 01 04 30 314 12.9 16.7 99.00 99.00 99.00 999 1010.3  11.2 999.0  10.2 99.0 99.00 
2024 06 01 04 40 315 13.6 16.6  2.62  9.09  5.82 316 1010.2  11.3 999.0  10.2 99.0 99.00 
2024 06 01 04 50 314 13.4 16.7 99.00 99.00 99.00 999 1010.3  11.2 999.0  10.1 99.0 99.00 
2024 06 01 05 00 314 13.2 16.2 99.00 99.00 99.00 999 1010.4  11.2 999.0  10.2 99.0 99.00 
2024 06 01 05 10 315 13.1 16.8  2.64  6.25  5.65 315 1010.5  11.2 999.0  10.1 99.0 99.00 
2024 06 01 05 20 315 12.5 16.0 99.00 99.00 99.00 999 1010.5  11.2 999.0  10.1 99.0 99.00 
2024 06 01 05 30 316 13.5 16.2 99.00 99.00 99.00 999 1010.5  11.2 999.0  10.1 99.0 99.00 
2024 06 01 05 40 315 13.0 16.0  2.44  5.88  5.51 324 1010.5  11.1 999.0  10.0 99.0 99.00 
2024 06 01 05 50 315 12.8 16.3 99.00 99.00 99.00 999 1010.8  11.1 999.0  10.0 99.0 99.00 
2024 06 01 06 00 314 12.4 15.2 99.00 99.00 99.00 999 1010.8  11.1 999.0  10.0 99.0 99.00 
2024 06 01 06 10 312 12.6 16.3  2.59  7.14  5.75 318 1010.7  11.1 999.0  10.0 99.0 99.00 
2024 06 01 06 20 312 12.2 15.1 99.00 99.00 99.00 999 1010.5  11.0 999.0   9.9 99.0 99.00 
2024 06 01 06 30 312 12.7 16.9 99.00 99.00 99.00 999 1010.4  11.0 999.0   9.9 99.0 99.00 
2024 06 01 06 40 311 13.0 16.9  2.58  9.09  5.67 326 1010.5  11.0 999.0   9.9 99.0 99.00 
2024 06 01 06 50 312 13.3 16.3 99.00 99.00 99.00 999 1010.5  11.0 999.0   9.9 99.0 99.00 
2024 06 01 07 00 313 13.1 16.5 99.00 99.00 99.00 999 1010.7  11.0 999.0  10.0 99.0 99.00 
2024 06 01 07 10 315 12.7 15.4  2.57  9.09  5.70 309 1010.6  10.9 999.0   9.9 99.0 99.00 
2024 06 01 07 20 316 12.8 15.7 99.00 99.00 99.00 999 1010.6  10.9 999.0   9.9 99.0 99.00 
2024 06 01 07 30 315 13.2 15.9 99.00 99.00 99.00 999 1010.7  10.9 999.0   9.9 99.0 99.00 
2024 06 01 07 40 314 12.9 16.7  2.51  6.67  5.73 313 1010.8  10.9 999.0  10.0 99.0 99.00 
2024 06 01 07 50 314 12.9 16.9 99.00 99.00 99.00 999 1010.8  10.9 999.0  10.1 99.0 99.00 
2024 06 01 08 00 314 13.0 15.7 99.00 99.00 99.00 999 1010.7  10.9 999.0  10.1 99.0 99.00 
2024 06 01 08 10 315 13.7 18.0  2.73  8.33  5.93 316 1010.6  10.9 999.0  10.1 99.0 99.00 
2024 06 01 08 20 315 13.9 18.0 99.00 99.00 99.00 999 1010.6  10.9 999.0  10.1 99.0 99.00 
2024 06 01 08 30 314 13.8 17.0 99.00 99.00 99.00 999 1010.6  10.9 999.0  10.1 99.0 99.00 
2024 06 01 08 40 317 13.6 17.3  2.72  9.09  5.88 315 1010.7  10.9 999.0  10.1 99.0 99.00 
2024 06 01 08 50 317 13.9 17.7 99.00 99.00 99.00 999 1010.7  10.9 999.0  10.1 99.0 99.00 
2024 06 01 09 00 316 13.9 17.5 99.00 99.00 99.00 999 1010.6  10.9 999.0  10.1 99.0 99.00 
2024 06 01 09 10 315 14.7 18.0  2.89  7.14  5.97 313 1010.6  10.9 999.0  10.2 99.0 99.00 
2024 06 01 09 20 315 14.4 17.9 99.00 99.00 99.00 999 1010.6  10.8 999.0  10.1 99.0 99.00 
2024 06 01 09 30 314 14.3 18.6 99.00 99.00 99.00 999 1010.7  10.8 999.0  10.1 99.0 99.00 
2024 06 01 09 40 314 14.1 17.7  2.75  7.14  5.82 311 1010.7  10.8 999.0  10.1 99.0 99.00 
2024 06 01 09 50 315 13.9 17.2 99.00 99.00 99.00 999 1010.6  10.8 999.0  10.1 99.0 99.00 
2024 06 01 10 00 316 13.8 18.3 99.00 99.00 99.00 999 1010.7  10.8 999.0  10.2 99.0 99.00 
2024 06 01 10 10 316 13.5 16.4  3.01  7.69  6.04 313 1010.7  10.7 999.0  10.1 99.0 99.00 
2024 06 01 10 20 316 13.4 16.2 99.00 99.00 99.00 999 1010.7  10.7 999.0  10.0 99.0 99.00 
2024 06 01 10 30 316 12.8 16.3 99.00 99.00 99.00 999 1010.6  10.7 999.0  10.1 99.0 99.00 
2024 06 01 10 40 315 13.1 16.4  2.94  8.33  6.05 323 1010.6  10.7 999.0  10.2 99.0 99.00 
2024 06 01 10 50 314 13.3 17.3 99.00 99.00 99.00 999 1010.6  10.7 999.0  10.2 99.0 99.00 
2024 06 01 11 00 316 12.8 16.3 99.00 99.00 99.00 999 1010.6  10.6 999.0  10.1 99.0 99.00 
2024 06 01 11 10 316 13.2 15.9  2.96  8.33  5.98 313 1010.7  10.6 999.0  10.1 99.0 99.00 
2024 06 01 11 20 316 13.3 17.2 99.00 99.00 99.00 999 1010.7  10.6 999.0  10.1 99.0 99.00 
2024 06 01 11 30 316 13.6 17.3 99.00 99.00 99.00 999 1010.7  10.6 999.0  10.1 99.0 99.00 
2024 06 01 11 40 318 13.3 17.2  2.90  8.33  6.01 313 1010.7  10.6 999.0  10.1 99.0 99.00 
2024 06 01 11 50 319 13.3 16.0 99.00 99.00 99.00 999 1010.8  10.6 999.0  10.1 99.0 99.00 
2024 06 01 12 00 317 13.2 16.8 99.00 99.00 99.00 999 1010.8  10.5 999.0  10.1 99.0 99.00 
2024 06 01 12 10 314 14.0 17.4  2.92  7.69  6.04 315 1010.9  10.6 999.0  10.2 99.0 99.00 
2024 06 01 12 20 317 13.3 16.8 99.00 99.00 99.00 999 1011.0  10.5 999.0  10.1 99.0 99.00 
2024 06 01 12 30 317 13.2 16.3 99.00 99.00 99.00 999 1011.1  10.5 999.0  10.1 99.0 99.00 
2024 06 01 12 40 317 13.7 17.7  2.87  7.69  6.00 316 1011.1  10.6 999.0  10.2 99.0 99.00 
2024 06 01 12 50 319 14.7 19.0 99.00 99.00 99.00 999 1011.1  10.6 999.0  10.1 99.0 99.00 
2024 06 01 13 00 318 14.7 19.1 99.00 99.00 99.00 999 1011.0  10.5 999.0  10.0 99.0 99.00 
2024 06 01 13 10 318 14.2 17.7  3.03  7.69  5.99 313 1011.1  10.5 999.0  10.1 99.0 99.00 
2024 06 01 13 20 317 14.8 18.3 99.00 99.00 99.00 999 1011.2  10.5 999.0  10.1 99.0 99.00 
2024 06 01 13 30 316 14.4 19.5 99.00 99.00 99.00 999 1011.2  10.5 999.0  10.1 99.0 99.00 
2024 06 01 13 40 318 14.6 18.4  2.98  8.33  6.03 315 1011.4  10.5 999.0  10.0 99.0 99.00 
2024 06 01 13 50 318 14.2 18.5 99.00 99.00 99.00 999 1011.4  10.5 999.0  10.0 99.0 99.00 
2024 06 01 14 00 317 14.3 17.8 99.00 99.00 99.00 999 1011.4  10.5 999.0  10.0 99.0 99.00 
2024 06 01 14 10 316 14.7 17.9  3.09  7.14  5.99 312 1011.5  10.5 999.0  10.0 99.0 99.00 
2024 06 01 14 20 315 14.5 18.3 99.00 99.00 99.00 999 1011.5  10.5 999.0  10.0 99.0 99.00 
2024 06 01 14 30 316 14.0 18.3 99.00 99.00 99.00 999 1011.7  10.5 999.0  10.0 99.0 99.00 
2024 06 01 14 40 315 14.3 18.2  3.17  7.69  6.07 319 1011.7  10.6 999.0  10.1 99.0 99.00 
2024 06 01 14 50 312 14.7 18.8 99.00 99.00 99.00 999 1011.8  10.6 999.0  10.1 99.0 99.00 
2024 06 01 15 00 310 15.0 19.9 99.00 99.00 99.00 999 1011.9  10.6 999.0  10.1 99.0 99.00 
2024 06 01 15 10 312 15.0 19.9  3.11  7.69  6.09 320 1012.0  10.6 999.0  10.1 99.0 99.00 
2024 06 01 15 20 311 14.4 18.8 99.00 99.00 99.00 999 1012.0  10.6 999.0  10.1 99.0 99.00 
2024 06 01 15 30 312 13.9 17.3 99.00 99.00 99.00 999 1012.3  10.6 999.0  10.1 99.0 99.00 
2024 06 01 15 40 310 14.4 17.8  3.13  7.69  6.13 318 1012.2  10.6 999.0  10.1 99.0 99.00 
2024 06 01 15 50 312 14.2 17.9 99.00 99.00 99.00 999 1012.3  10.6 999.0  10.1 99.0 99.00 
2024 06 01 16 00 310 15.1 20.5 99.00 99.00 99.00 999 1012.3  10.7 999.0  10.2 99.0 99.00 
2024 06 01 16 10 311 14.5 18.0  2.75  7.69  5.75 316 1012.3  10.6 999.0  10.1 99.0 99.00 
2024 06 01 16 20 310 14.3 18.3 99.00 99.00 99.00 999 1012.4  10.7 999.0  10.2 99.0 99.00 
2024 06 01 16 30 309 14.3 18.8 99.00 99.00 99.00 999 1012.5  10.7 999.0  10.2 99.0 99.00 
2024 06 01 16 40 310 14.1 18.8  2.92  8.33  5.83 316 1012.6  10.7 999.0  10.2 99.0 99.00 
2024 06 01 16 50 310 14.4 17.7 99.00 99.00 99.00 999 1012.6  10.7 999.0  10.2 99.0 99.00 
2024 06 01 17 00 310 14.5 18.0 99.00 99.00 99.00 999 1012.7  10.7 999.0  10.2 99.0 99.00 
2024 06 01 17 10 311 14.1 18.3  2.87  7.69  5.91 318 1012.6  10.7 999.0  10.2 99.0 99.00 
2024 06 01 17 20 311 14.1 19.0 99.00 99.00 99.00 999 1012.6  10.7 999.0  10.2 99.0 99.00 
2024 06 01 17 30 309 14.2 17.8 99.00 99.00 99.00 999 1012.8  10.8 999.0  10.3 99.0 99.00 
2024 06 01 17 40 310 13.7 17.2  3.03  7.69  6.06 320 1012.7  10.8 999.0  10.3 99.0 99.00 
2024 06 01 17 50 309 14.0 17.6 99.00 99.00 99.00 999 1012.8  10.8 999.0  10.3 99.0 99.00 
2024 06 01 18 00 307 14.2 17.7 99.00 99.00 99.00 999 1012.7  10.8 999.0  10.3 99.0 99.00 
2024 06 01 18 10 306 14.5 18.0  2.79  8.33  5.86 318 1012.7  10.8 999.0  10.3 99.0 99.00 
2024 06 01 18 20 303 15.2 18.9 99.00 99.00 99.00 999 1012.7  10.8 999.0  10.2 99.0 99.00 
2024 06 01 18 30 302 15.2 18.7 99.00 99.00 99.00 999 1012.8  10.9 999.0  10.3 99.0 99.00 
2024 06 01 18 40 305 14.9 18.1  2.69  8.33  5.72 314 1013.0  10.9 999.0  10.2 99.0 99.00 
2024 06 01 18 50 304 14.2 17.5 99.00 99.00 99.00 999 1013.1  10.9 999.0  10.3 99.0 99.00 
2024 06 01 19 00 304 14.4 18.0 99.00 99.00 99.00 999 1013.1  10.9 999.0  10.2 99.0 99.00 
2024 06 01 19 10 304 14.5 18.5  2.62  7.69  5.64 319 1013.2  10.9 999.0  10.2 99.0 99.00 
2024 06 01 19 20 305 14.4 17.8 99.00 99.00 99.00 999 1013.3  10.9 999.0  10.2 99.0 99.00 
2024 06 01 19 30 305 14.5 18.0 99.00 99.00 99.00 999 1013.3  11.0 999.0  10.3 99.0 99.00 
2024 06 01 19 40 305 14.8 18.2  2.84  7.69  5.74 313 1013.4  11.0 999.0  10.3 99.0 99.00 
2024 06 01 19 50 304 14.6 19.3 99.00 99.00 99.00 999 1013.4  10.9 999.0  10.2 99.0 99.00 
2024 06 01 20 00 303 14.9 18.3 99.00 99.00 99.00 999 1013.5  10.9 999.0  10.2 99.0 99.00 
2024 06 01 20 10 304 14.5 18.3  2.85  7.14  5.83 322 1013.5  10.8 999.0  10.2 99.0 99.00 
2024 06 01 20 20 305 14.4 19.0 99.00 99.00 99.00 999 1013.7  10.8 999.0  10.3 99.0 99.00 
2024 06 01 20 30 310 13.3 17.2 99.00 99.00 99.00 999 1013.8  10.8 999.0  10.3 99.0 99.00 
2024 06 01 20 40 311 12.9 17.0  2.49  7.14  5.41 320 1013.8  10.8 999.0  10.3 99.0 99.00 
2024 06 01 20 50 311 13.1 15.9 99.00 99.00 99.00 999 1013.7  10.8 999.0  10.3 99.0 99.00 
2024 06 01 21 00 310 13.1 16.7 99.00 99.00 99.00 999 1013.6  10.7 999.0  10.2 99.0 99.00 
2024 06 01 21 10 309 13.4 17.2  2.69  7.69  5.66 319 1013.5  10.7 999.0  10.2 99.0 99.00 
2024 06 01 21 20 310 13.7 17.5 99.00 99.00 99.00 999 1013.6  10.7 999.0  10.2 99.0 99.00 
2024 06 01 21 30 312 14.5 18.9 99.00 99.00 99.00 999 1013.5  10.8 999.0  10.3 99.0 99.00 
2024 06 01 21 40 310 14.9 18.5  2.70  7.69  5.59 315 1013.6  10.8 999.0  10.3 99.0 99.00 
2024 06 01 21 50 311 14.1 18.4 99.00 99.00 99.00 999 1013.6  10.7 999.0  10.2 99.0 99.00 
2024 06 01 22 00 311 13.9 17.3 99.00 99.00 99.00 999 1013.6  10.7 999.0  10.3 99.0 99.00 
2024 06 01 22 10 312 13.9 17.9  2.51  6.67  5.41 316 1013.8  10.7 999.0  10.3 99.0 99.00 
2024 06 01 22 20 312 13.6 17.5 99.00 99.00 99.00 999 1013.7  10.7 999.0  10.3 99.0 99.00 
2024 06 01 22 30 311 13.8 17.5 99.00 99.00 99.00 999 1013.6  10.7 999.0  10.3 99.0 99.00 
2024 06 01 22 40 309 14.0 17.8  2.60  7.69  5.51 314 1013.5  10.7 999.0  10.2 99.0 99.00 
2024 06 01 22 50 308 13.9 16.9 99.00 99.00 99.00 999 1013.6  10.8 999.0  10.3 99.0 99.00 
2024 06 01 23 00 309 13.4 16.5 99.00 99.00 99.00 999 1013.6  10.8 999.0  10.3 99.0 99.00 
2024 06 01 23 10 309 13.4 16.6  2.58  6.25  5.52 321 1013.4  10.8 999.0  10.4 99.0 99.00 
2024 06 01 23 20 306 13.4 17.2 99.00 99.00 99.00 999 1013.4  10.8 999.0  10.4 99.0 99.00 
2024 06 01 23 30 307 13.5 16.7 99.00 99.00 99.00 999 1013.4  10.8 999.0  10.4 99.0 99.00 
2024 06 01 23 40 307 14.1 17.3  2.55  7.14  5.45 314 1013.4  10.9 999.0  10.5 99.0 99.00 
2024 06 01 23 50 309 13.9 18.1 99.00 99.00 99.00 999 1013.3  10.9 999.0  10.5 99.0 99.00 
2024 06 02 00 00 309 14.3 18.4 99.00 99.00 99.00 999 1013.2  10.9 999.0  10.4 99.0 99.00 
2024 06 02 00 10 309 14.2 17.9  2.37  7.69  5.23 320 1013.3  10.9 999.0  10.4 99.0 99.00 
2024 06 02 00 20 306 14.7 18.2 99.00 99.00 99.00 999 1013.3  10.9 999.0  10.4 99.0 99.00 
2024 06 02 00 30 305 14.4 18.4 99.00 99.00 99.00 999 1013.5  10.9 999.0  10.5 99.0 99.00 
2024 06 02 00 40 307 13.7 17.4  2.29  7.69  5.20 312 1013.6  10.9 999.0  10.5 99.0 99.00 
2024 06 02 00 50 307 13.2 16.4 99.00 99.00 99.00 999 1013.6  10.9 999.0  10.5 99.0 99.00 
2024 06 02 01 00 309 13.0 15.7 99.00 99.00 99.00 999 1013.6  10.9 999.0  10.5 99.0 99.00 
2024 06 02 01 10 307 12.7 15.9  2.20  7.14  5.21 322 1013.7  10.8 999.0  10.4 99.0 99.00 
2024 06 02 01 20 309 13.3 17.7 99.00 99.00 99.00 999 1013.8  10.9 999.0  10.6 99.0 99.00 
2024 06 02 01 30 310 13.4 16.9 99.00 99.00 99.00 999 1013.8  10.8 999.0  10.6 99.0 99.00 
2024 06 02 01 40 311 13.8 17.8  2.16  6.67  5.20 310 1013.9  10.9 999.0  10.8 99.0 99.00 
2024 06 02 01 50 313 12.4 15.7 99.00 99.00 99.00 999 1013.9  10.8 999.0  10.7 99.0 99.00 
2024 06 02 02 00 317 11.8 14.6 99.00 99.00 99.00 999 1013.9  10.7 999.0  10.7 99.0 99.00 
2024 06 02 02 10 317 12.0 14.6  2.31  7.14  5.23 318 1013.8  10.6 999.0  10.6 99.0 99.00 
2024 06 02 02 20 313 12.1 15.2 99.00 99.00 99.00 999 1013.8  10.6 999.0  10.6 99.0 99.00 
2024 06 02 02 30 310 12.0 15.2 99.00 99.00 99.00 999 1013.7  10.5 999.0  10.5 99.0 99.00 
2024 06 02 02 40 307 12.3 15.0  2.01  6.67  5.14 327 1013.8  10.4 999.0  10.4 99.0 99.00 
2024 06 02 02 50 307 11.9 14.1 99.00 99.00 99.00 999 1013.7  10.4 999.0  10.4 99.0 99.00 
2024 06 02 03 00 307 12.6 15.3 99.00 99.00 99.00 999 1013.6  10.4 999.0  10.4 99.0 99.00 
2024 06 02 03 10 312 12.1 15.0  2.06  7.14  5.18 315 1013.9  10.5 999.0  10.5 99.0 99.00 
2024 06 02 03 20 315 11.6 14.6 99.00 99.00 99.00 999 1013.9  10.5 999.0  10.5 99.0 99.00 
2024 06 02 03 30 314 11.5 14.8 99.00 99.00 99.00 999 1014.0  10.5 999.0  10.5 99.0 99.00 
2024 06 02 03 40 311 11.3 13.8  2.09  6.67  5.13 316 1014.0  10.4 999.0  10.4 99.0 99.00 
2024 06 02 03 50 313 10.7 13.7 99.00 99.00 99.00 999 1014.2  10.4 999.0  10.4 99.0 99.00 
2024 06 02 04 00 313 10.4 13.2 99.00 99.00 99.00 999 1014.1  10.3 999.0  10.3 99.0 99.00 
2024 06 02 04 10 311 10.9 13.4  2.04  7.14  5.10 318 1013.9  10.3 999.0  10.3 99.0 99.00 
2024 06 02 04 20 309 11.2 13.9 99.00 99.00 99.00 999 1014.0  10.3 999.0  10.3 99.0 99.00 
2024 06 02 04 30 312 11.2 13.7 99.00 99.00 99.00 999 1014.1  10.4 999.0  10.4 99.0 99.00 
2024 06 02 04 40 313 11.1 13.7  1.98  6.67  5.12 320 1014.0  10.4 999.0  10.4 99.0 99.00 
2024 06 02 04 50 314 10.5 13.8 99.00 99.00 99.00 999 1014.0  10.4 999.0  10.4 99.0 99.00 
2024 06 02 05 00 315 10.3 12.9 99.00 99.00 99.00 999 1014.2  10.4 999.0  10.4 99.0 99.00 
2024 06 02 05 10 318  9.8 12.3  1.83  6.25  4.98 323 1014.3  10.4 999.0  10.4 99.0 99.00 
2024 06 02 05 20 319  9.8 13.1 99.00 99.00 99.00 999 1014.4  10.3 999.0  10.3 99.0 99.00 
2024 06 02 05 30 318 10.1 12.7 99.00 99.00 99.00 999 1014.4  10.4 999.0  10.4 99.0 99.00 
2024 06 02 05 40 310 10.7 12.9  1.94  6.25  5.15 310 1014.3  10.4 999.0  10.4 99.0 99.00 
2024 06 02 05 50 310 10.8 13.2 99.00 99.00 99.00 999 1014.3  10.4 999.0  10.4 99.0 99.00 
2024 06 02 06 00 309 10.8 13.4 99.00 99.00 99.00 999 1014.2  10.5 999.0  10.5 99.0 99.00 
2024 06 02 06 10 308 10.8 13.6  1.79  6.25  4.99 324 1014.3  10.5 999.0  10.5 99.0 99.00 
2024 06 02 06 20 307 10.9 13.6 99.00 99.00 99.00 999 1014.2  10.5 999.0  10.5 99.0 99.00 
2024 06 02 06 30 307 11.1 13.4 99.00 99.00 99.00 999 1014.2  10.5 999.0  10.5 99.0 99.00 
2024 06 02 06 40 307 11.1 14.0  1.64  6.67  4.81 317 1014.2  10.5 999.0  10.5 99.0 99.00 
2024 06 02 06 50 306 11.1 13.6 99.00 99.00 99.00 999 1014.1  10.5 999.0  10.5 99.0 99.00 
2024 06 02 07 00 305 11.8 14.6 99.00 99.00 99.00 999 1014.0  10.5 999.0  10.5 99.0 99.00 
2024 06 02 07 10 308 11.5 14.6  1.80  5.26  4.85 327 1014.0  10.5 999.0  10.5 99.0 99.00 
2024 06 02 07 20 306 11.4 13.5 99.00 99.00 99.00 999 1013.9  10.5 999.0  10.5 99.0 99.00 
2024 06 02 07 30 304 11.6 14.2 99.00 99.00 99.00 999 1013.9  10.5 999.0  10.5 99.0 99.00 
2024 06 02 07 40 303 11.6 14.7  1.83  5.88  4.95 318 1013.9  10.6 999.0  10.6 99.0 99.00 
2024 06 02 07 50 305 11.4 14.2 99.00 99.00 99.00 999 1013.9  10.6 999.0  10.6 99.0 99.00 
2024 06 02 08 00 305 11.6 14.5 99.00 99.00 99.00 999 1013.8  10.6 999.0  10.6 99.0 99.00 
2024 06 02 08 10 304 12.1 14.8  1.81  6.25  4.99 306 1013.7  10.5 999.0  10.5 99.0 99.00 
2024 06 02 08 20 303 11.7 14.6 99.00 99.00 99.00 999 1013.7  10.4 999.0  10.4 99.0 99.00 
2024 06 02 08 30 303 11.8 14.3 99.00 99.00 99.00 999 1013.8  10.5 999.0  10.5 99.0 99.00 
2024 06 02 08 40 303 11.3 14.1  1.79  6.25  4.94 314 1013.7  10.4 999.0  10.4 99.0 99.00 
2024 06 02 08 50 300 11.0 13.7 99.00 99.00 99.00 999 1013.7  10.3 999.0  10.3 99.0 99.00 
2024 06 02 09 00 299 11.1 13.7 99.00 99.00 99.00 999 1013.7  10.3 999.0  10.3 99.0 99.00 
2024 06 02 09 10 300 11.3 14.5  1.76  5.00  4.83 318 1013.5  10.5 999.0  10.5 99.0 99.00 
2024 06 02 09 20 300 11.9 14.6 99.00 99.00 99.00 999 1013.4  10.5 999.0  10.5 99.0 99.00 
2024 06 02 09 30 301 11.4 14.1 99.00 99.00 99.00 999 1013.4  10.4 999.0  10.4 99.0 99.00 
2024 06 02 09 40 300 11.9 14.4  1.64  6.25  4.68 295 1013.4  10.5 999.0  10.5 99.0 99.00 
2024 06 02 09 50 300 11.9 14.5 99.00 99.00 99.00 999 1013.6  10.4 999.0  10.4 99.0 99.00 
2024 06 02 10 00 301 11.7 14.5 99.00 99.00 99.00 999 1013.6  10.4 999.0  10.4 99.0 99.00 
2024 06 02 10 10 303 12.1 14.6  1.68  5.56  4.62 310 1013.6  10.5 999.0  10.5 99.0 99.00 
2024 06 02 10 20 303 11.9 14.4 99.00 99.00 99.00 999 1013.8  10.4 999.0  10.4 99.0 99.00 
2024 06 02 10 30 304 11.9 14.7 99.00 99.00 99.00 999 1013.8  10.5 999.0  10.5 99.0 99.00 
2024 06 02 10 40 305 11.3 13.4  1.51  5.00  4.60 316 1013.9  10.4 999.0  10.4 99.0 99.00 
2024 06 02 10 50 305 10.9 14.4 99.00 99.00 99.00 999 1013.9  10.4 999.0  10.4 99.0 99.00 
2024 06 02 11 00 306 10.1 12.1 99.00 99.00 99.00 999 1014.0  10.4 999.0  10.4 99.0 99.00 
2024 06 02 11 10 307 10.3 12.6  1.55  5.26  4.60 304 1013.9  10.4 999.0  10.4 99.0 99.00 
2024 06 02 11 20 308 10.3 12.9 99.00 99.00 99.00 999 1013.9  10.4 999.0  10.4 99.0 99.00 
2024 06 02 11 30 309 10.5 13.3 99.00 99.00 99.00 999 1013.9  10.4 999.0  10.4 99.0 99.00 
2024 06 02 11 40 308 11.1 14.6  1.40  5.00  4.46 318 1013.8  10.3 999.0  10.3 99.0 99.00 
2024 06 02 11 50 307 11.3 13.6 99.00 99.00 99.00 999 1013.8  10.4 999.0  10.4 99.0 99.00 
2024 06 02 12 00 307 11.9 14.4 99.00 99.00 99.00 999 1013.7  10.3 999.0  10.3 99.0 99.00 
2024 06 02 12 10 306 11.9 14.6  1.49 16.00  4.62 182 1013.8  10.3 999.0  10.3 99.0 99.00 
2024 06 02 12 20 306 11.9 14.5 99.00 99.00 99.00 999 1013.7  10.2 999.0  10.2 99.0 99.00 
2024 06 02 12 30 307 12.5 15.0 99.00 99.00 99.00 999 1013.7  10.3 999.0  10.3 99.0 99.00 
2024 06 02 12 40 308 12.1 14.2  1.64  4.76  4.76 313 1013.6  10.2 999.0  10.2 99.0 99.00 
2024 06 02 12 50 306 12.3 15.0 99.00 99.00 99.00 999 1013.6  10.2 999.0  10.2 99.0 99.00 
2024 06 02 13 00 304 12.8 15.3 99.00 99.00 99.00 999 1013.6  10.2 999.0  10.2 99.0 99.00 
2024 06 02 13 10 304 12.7 15.2  1.66  5.56  4.70 318 1013.7  10.3 999.0  10.3 99.0 99.00 
2024 06 02 13 20 304 11.9 14.7 99.00 99.00 99.00 999 1013.9  10.2 999.0  10.2 99.0 99.00 
2024 06 02 13 30 300 11.4 13.8 99.00 99.00 99.00 999 1013.8  10.1 999.0  10.1 99.0 99.00 
2024 06 02 13 40 295 11.2 14.1  1.60  5.00  4.64 316 1013.8  10.1 999.0  10.1 99.0 99.00 
2024 06 02 13 50 296 11.4 13.9 99.00 99.00 99.00 999 1013.8  10.1 999.0  10.1 99.0 99.00 
2024 06 02 14 00 299 12.0 14.6 99.00 99.00 99.00 999 1013.8  10.0 999.0  10.0 99.0 99.00 
2024 06 02 14 10 302 11.8 14.4  1.53  5.26  4.43 309 1013.9  10.1 999.0  10.1 99.0 99.00 
2024 06 02 14 20 303 11.9 14.8 99.00 99.00 99.00 999 1014.1  10.1 999.0  10.1 99.0 99.00 
2024 06 02 14 30 301 11.5 14.2 99.00 99.00 99.00 999 1014.2  10.1 999.0  10.1 99.0 99.00 
2024 06 02 14 40 301 11.7 14.6  1.68  4.76  4.58 314 1014.2  10.2 999.0  10.2 99.0 99.00 
2024 06 02 14 50 302 11.5 14.3 99.00 99.00 99.00 999 1014.4  10.3 999.0  10.3 99.0 99.00 
2024 06 02 15 00 302 11.0 13.8 99.00 99.00 99.00 999 1014.5  10.4 999.0  10.4 99.0 99.00 
2024 06 02 15 10 304  9.9 12.9  1.71 16.00  4.79 196 1014.6  10.4 999.0  10.4 99.0 99.00 
2024 06 02 15 20 302  9.7 12.7 99.00 99.00 99.00 999 1014.7  10.4 999.0  10.4 99.0 99.00 
2024 06 02 15 30 303  9.6 12.7 99.00 99.00 99.00 999 1014.8  10.4 999.0  10.4 99.0 99.00 
2024 06 02 15 40 305  9.8 12.5  1.61  5.00  4.62 307 1014.8  10.4 999.0  10.4 99.0 99.00 
2024 06 02 15 50 305  9.6 11.7 99.00 99.00 99.00 999 1015.0  10.3 999.0  10.3 99.0 99.00 
2024 06 02 16 00 305  9.9 12.0 99.00 99.00 99.00 999 1015.0  10.3 999.0  10.3 99.0 99.00 
2024 06 02 16 10 304  9.5 12.2  1.54  5.00  4.60 312 1015.0  10.3 999.0  10.3 99.0 99.00 
2024 06 02 16 20 304 10.1 12.2 99.00 99.00 99.00 999 1014.8  10.3 999.0  10.3 99.0 99.00 
2024 06 02 16 30 302 11.0 13.6 99.00 99.00 99.00 999 1014.8  10.3 999.0  10.3 99.0 99.00 
2024 06 02 16 40 300 11.1 13.4  1.69  5.26  4.64 301 1014.8  10.3 999.0  10.3 99.0 99.00 
2024 06 02 16 50 299 11.0 13.4 99.00 99.00 99.00 999 1014.8  10.3 999.0  10.3 99.0 99.00 
2024 06 02 17 00 300 11.2 13.8 99.00 99.00 99.00 999 1014.8  10.3 999.0  10.3 99.0 99.00 
2024 06 02 17 10 301 11.0 13.6  1.67  5.26  4.71 305 1014.8  10.2 999.0  10.2 99.0 99.00 
2024 06 02 17 20 302 11.1 13.7 99.00 99.00 99.00 999 1014.9  10.3 999.0  10.3 99.0 99.00 
2024 06 02 17 30 305 10.8 13.8 99.00 99.00 99.00 999 1015.1  10.4 999.0  10.4 99.0 99.00 
2024 06 02 17 40 305 11.2 14.0  1.69 16.00  4.84 177 1015.0  10.6 999.0  10.6 99.0 99.00 
2024 06 02 17 50 306 11.6 14.0 99.00 99.00 99.00 999 1015.1  10.7 999.0  10.7 99.0 99.00 
2024 06 02 18 00 306 11.6 14.7 99.00 99.00 99.00 999 1015.1  10.7 999.0  10.7 99.0 99.00 
2024 06 02 18 10 307 11.5 14.2  1.59  5.56  4.63 306 1015.1  10.7 999.0  10.7 99.0 99.00 
2024 06 02 18 20 308 11.4 14.6 99.00 99.00 99.00 999 1015.1  10.7 999.0  10.7 99.0 99.00 
2024 06 02 18 30 306 11.8 15.1 99.00 99.00 99.00 999 1015.0  10.7 999.0  10.7 99.0 99.00 
2024 06 02 18 40 307 11.7 15.4  1.65  5.26  4.51 307 1015.1  10.6 999.0  10.6 99.0 99.00 
2024 06 02 18 50 306 11.4 14.4 99.00 99.00 99.00 999 1015.0  10.5 999.0  10.5 99.0 99.00 
2024 06 02 19 00 306 11.8 14.2 99.00 99.00 99.00 999 1014.8  10.5 999.0  10.5 99.0 99.00 
2024 06 02 19 10 308 11.6 14.2  1.69 16.00  4.74 249 1014.9  10.5 999.0  10.5 99.0 99.00 
2024 06 02 19 20 307 11.2 14.2 99.00 99.00 99.00 999 1015.0  10.6 999.0  10.6 99.0 99.00 
2024 06 02 19 30 307 10.5 12.9 99.00 99.00 99.00 999 1015.0  10.6 999.0  10.6 99.0 99.00 
2024 06 02 19 40 308 10.0 12.7  1.65  5.56  4.62 317 1015.0  10.7 999.0  10.7 99.0 99.00 
2024 06 02 19 50 308  9.5 11.6 99.00 99.00 99.00 999 1015.0  10.8 999.0  10.8 99.0 99.00 
2024 06 02 20 00 306  9.9 11.9 99.00 99.00 99.00 999 1014.9  10.9 999.0  10.9 99.0 99.00 
2024 06 02 20 10 306 10.5 12.5  1.61  5.56  4.68 305 1014.8  11.0 999.0  11.0 99.0 99.00 
2024 06 02 20 20 304 10.4 12.5 99.00 99.00 99.00 999 1014.9  11.2 999.0  11.1 99.0 99.00 
2024 06 02 20 30 300 10.2 12.2 99.00 99.00 99.00 999 1014.9  11.3 999.0  11.0 99.0 99.00 
2024 06 02 20 40 299 10.1 12.0  1.60  5.56  4.65 314 1015.0  11.2 999.0  10.9 99.0 99.00 
2024 06 02 20 50 297 10.0 12.1 99.00 99.00 99.00 999 1014.8  11.3 999.0  10.9 99.0 99.00 
2024 06 02 21 00 299 10.7 13.4 99.00 99.00 99.00 999 1014.7  11.3 999.0  10.9 99.0 99.00 
2024 06 02 21 10 299 10.3 12.8  1.50 16.00  4.72 215 1014.7  11.2 999.0  10.8 99.0 99.00 
2024 06 02 21 20 299 10.8 12.9 99.00 99.00 99.00 999 1014.7  11.2 999.0  10.8 99.0 99.00 
2024 06 02 21 30 301 10.8 12.9 99.00 99.00 99.00 999 1014.7  11.3 999.0  11.0 99.0 99.00 
2024 06 02 21 40 300 10.5 13.4  1.50 16.00  4.76 235 1014.8  11.4 999.0  11.1 99.0 99.00 
2024 06 02 21 50 300  9.5 11.8 99.00 99.00 99.00 999 1014.9  11.4 999.0  11.2 99.0 99.00 
2024 06 02 22 00 297  9.3 11.5 99.00 99.00 99.00 999 1014.8  11.4 999.0  11.3 99.0 99.00 
2024 06 02 22 10 297  8.9 11.4  1.41  5.56  4.57 305 1014.9  11.2 999.0  11.2 99.0 99.00 
2024 06 02 22 20 295  8.7 10.8 99.00 99.00 99.00 999 1014.8  11.1 999.0  11.1 99.0 99.00 
2024 06 02 22 30 295  9.0 11.2 99.00 99.00 99.00 999 1014.7  11.1 999.0  11.1 99.0 99.00 
2024 06 02 22 40 294  9.0 10.9  1.51  5.00  4.67 325 1014.7  11.2 999.0  11.2 99.0 99.00 
2024 06 02 22 50 292  9.0 11.1 99.00 99.00 99.00 999 1014.7  11.2 999.0  11.2 99.0 99.00 
2024 06 02 23 00 295  9.0 10.9 99.00 99.00 99.00 999 1014.7  11.4 999.0  11.4 99.0 99.00 
2024 06 02 23 10 294  8.6 10.4  1.41  5.00  4.70 314 1014.7  11.5 999.0  11.5 99.0 99.00 
2024 06 02 23 20 294  9.3 11.7 99.00 99.00 99.00 999 1014.5  11.5 999.0  11.5 99.0 99.00 
2024 06 02 23 30 292  9.6 12.1 99.00 99.00 99.00 999 1014.4  11.5 999.0  11.5 99.0 99.00 
2024 06 02 23 40 294  9.5 11.8  1.37  5.00  4.53 316 1014.4  11.3 999.0  11.3 99.0 99.00 
2024 06 02 23 50 291  9.9 11.6 99.00 99.00 99.00 999 1014.5  11.3 999.0  11.3 99.0 99.00 
2024 06 03 00 00 291  9.6 11.7 99.00 99.00 99.00 999 1014.6  11.1 999.0  11.1 99.0 99.00 
2024 06 03 00 10 291 10.0 11.8  1.46  4.76  4.57 313 1014.6  11.1 999.0  11.1 99.0 99.00 
2024 06 03 00 20 292  9.1 10.7 99.00 99.00 99.00 999 1014.7  11.0 999.0  11.0 99.0 99.00 
2024 06 03 00 30 293  8.4 10.0 99.00 99.00 99.00 999 1014.7  11.0 999.0  11.0 99.0 99.00 
2024 06 03 00 40 295  8.9 11.6  1.46  4.55  4.60 311 1014.7  11.0 999.0  11.0 99.0 99.00 
2024 06 03 00 50 295  9.5 11.9 99.00 99.00 99.00 999 1014.7  11.0 999.0  11.0 99.0 99.00 
2024 06 03 01 00 295  8.9 10.6 99.00 99.00 99.00 999 1014.7  10.9 999.0  10.9 99.0 99.00 
2024 06 03 01 10 295  8.8 11.2  1.40  5.00  4.47 309 1014.7  10.8 999.0  10.8 99.0 99.00 
2024 06 03 01 20 300  8.8 11.2 99.00 99.00 99.00 999 1014.6  10.8 999.0  10.8 99.0 99.00 
2024 06 03 01 30 301  9.7 12.1 99.00 99.00 99.00 999 1014.5  10.9 999.0  10.9 99.0 99.00 
2024 06 03 01 40 301 10.1 12.1  1.40  4.76  4.46 324 1014.4  10.8 999.0  10.8 99.0 99.00 
2024 06 03 01 50 302 10.7 13.1 99.00 99.00 99.00 999 1014.5  10.8 999.0  10.8 99.0 99.00 
2024 06 03 02 00 303 10.4 12.7 99.00 99.00 99.00 999 1014.5  10.9 999.0  10.9 99.0 99.00 
2024 06 03 02 10 302 10.4 12.6  1.48  4.76  4.59 318 1014.5  11.0 999.0  11.0 99.0 99.00 
2024 06 03 02 20 301 10.5 12.8 99.00 99.00 99.00 999 1014.5  11.0 999.0  11.0 99.0 99.00 
2024 06 03 02 30 300 10.9 13.1 99.00 99.00 99.00 999 1014.5  11.1 999.0  11.1 99.0 99.00 
2024 06 03 02 40 302 10.5 12.7  1.41  4.76  4.38 313 1014.5  11.1 999.0  11.1 99.0 99.00 
2024 06 03 02 50 301  9.8 11.6 99.00 99.00 99.00 999 1014.6  11.1 999.0  11.1 99.0 99.00 
2024 06 03 03 00 302  9.4 11.7 99.00 99.00 99.00 999 1014.7  11.2 999.0  11.2 99.0 99.00 
2024 06 03 03 10 304  9.2 11.4  1.34  4.76  4.44 321 1014.5  11.3 999.0  11.3 99.0 99.00 
2024 06 03 03 20 301  9.4 11.8 99.00 99.00 99.00 999 1014.5  11.3 999.0  11.3 99.0 99.00 
2024 06 03 03 30 301  9.8 11.4 99.00 99.00 99.00 999 1014.4  11.2 999.0  11.2 99.0 99.00 
2024 06 03 03 40 299 10.6 12.9  1.43  5.26  4.61 300 1014.4  11.2 999.0  11.2 99.0 99.00 
2024 06 03 03 50 300  9.7 12.0 99.00 99.00 99.00 999 1014.5  11.2 999.0  11.2 99.0 99.00 
2024 06 03 04 00 301  9.6 11.8 99.00 99.00 99.00 999 1014.5  11.2 999.0  11.2 99.0 99.00 
2024 06 03 04 10 301  9.8 11.8  1.50 16.00  4.73 212 1014.6  11.2 999.0  11.2 99.0 99.00 
2024 06 03 04 20 303 10.2 12.9 99.00 99.00 99.00 999 1014.7  11.3 999.0  11.3 99.0 99.00 
2024 06 03 04 30 304 10.0 11.8 99.00 99.00 99.00 999 1014.6  11.3 999.0  11.3 99.0 99.00 
2024 06 03 04 40 306 10.3 12.6  1.34  5.00  4.54 312 1014.7  11.4 999.0  11.4 99.0 99.00 
2024 06 03 04 50 305 10.2 12.5 99.00 99.00 99.00 999 1014.8  11.4 999.0  11.4 99.0 99.00 
2024 06 03 05 00 303 10.5 12.5 99.00 99.00 99.00 999 1014.7  11.4 999.0  11.4 99.0 99.00 
2024 06 03 05 10 300 10.1 12.0  1.31  4.76  4.44 311 1014.9  11.2 999.0  11.2 99.0 99.00 
2024 06 03 05 20 297  9.6 11.5 99.00 99.00 99.00 999 1015.0  11.1 999.0  11.1 99.0 99.00 
2024 06 03 05 30 299  9.8 12.1 99.00 99.00 99.00 999 1015.0  11.2 999.0  11.2 99.0 99.00 
2024 06 03 05 40 300  9.9 11.9  1.39  4.76  4.57 314 1015.0  11.3 999.0  11.3 99.0 99.00 
2024 06 03 05 50 299 10.1 11.8 99.00 99.00 99.00 999 1015.0  11.4 999.0  11.4 99.0 99.00 
2024 06 03 06 00 299 10.3 12.2 99.00 99.00 99.00 999 1015.2  11.3 999.0  11.3 99.0 99.00 
2024 06 03 06 10 300 10.3 12.4  1.29  4.76  4.44 314 1015.2  11.4 999.0  11.4 99.0 99.00 
2024 06 03 06 20 300 10.2 12.0 99.00 99.00 99.00 999 1015.1  11.4 999.0  11.4 99.0 99.00 
2024 06 03 06 30 298 10.0 12.1 99.00 99.00 99.00 999 1015.1  11.4 999.0  11.4 99.0 99.00 
2024 06 03 06 40 299  9.7 11.2  1.29 16.00  4.52 213 1015.1  11.6 999.0  11.6 99.0 99.00 
2024 06 03 06 50 304  9.9 11.8 99.00 99.00 99.00 999 1015.2  11.9 999.0  11.9 99.0 99.00 
2024 06 03 07 00 302 10.2 12.5 99.00 99.00 99.00 999 1015.2  12.0 999.0  12.0 99.0 99.00 
2024 06 03 07 10 301 10.2 12.2  1.27  4.76  4.40 315 1015.2  11.9 999.0  11.9 99.0 99.00 
2024 06 03 07 20 301  9.5 11.0 99.00 99.00 99.00 999 1015.3  11.6 999.0  11.6 99.0 99.00 
2024 06 03 07 30 301  9.2 11.3 99.00 99.00 99.00 999 1015.2  11.5 999.0  11.5 99.0 99.00 
2024 06 03 07 40 302  8.8 10.2  1.30 14.81  4.58 197 1015.2  11.4 999.0  11.4 99.0 99.00 
2024 06 03 07 50 301  8.3 10.3 99.00 99.00 99.00 999 1015.2  11.3 999.0  11.3 99.0 99.00 
2024 06 03 08 00 301  8.0 10.3 99.00 99.00 99.00 999 1015.0  11.3 999.0  11.3 99.0 99.00 
2024 06 03 08 10 303  7.8  9.3  1.24 14.81  4.72 216 1015.0  11.3 999.0  11.3 99.0 99.00 
2024 06 03 08 20 302  7.6  9.0 99.00 99.00 99.00 999 1015.0  11.3 999.0  11.3 99.0 99.00 
2024 06 03 08 30 300  7.8  9.3 99.00 99.00 99.00 999 1014.9  11.3 999.0  11.3 99.0 99.00 
2024 06 03 08 40 302  7.6  8.9  1.19 16.00  4.82 205 1014.9  11.2 999.0  11.2 99.0 99.00 
2024 06 03 08 50 304  7.6  9.1 99.00 99.00 99.00 999 1015.0  11.2 999.0  11.2 99.0 99.00 
2024 06 03 09 00 303  7.7  9.0 99.00 99.00 99.00 999 1014.9  11.1 999.0  11.1 99.0 99.00 
2024 06 03 09 10 302  7.6  9.0  1.16 16.00  4.79 221 1014.9  11.0 999.0  11.0 99.0 99.00 
2024 06 03 09 20 303  7.6  9.2 99.00 99.00 99.00 999 1015.0  11.0 999.0  11.0 99.0 99.00 
2024 06 03 09 30 303  7.6  8.7 99.00 99.00 99.00 999 1014.9  11.1 999.0  11.1 99.0 99.00 
2024 06 03 09 40 303  7.1  8.5  1.21 14.81  4.97 211 1015.0  11.0 999.0  11.0 99.0 99.00 
2024 06 03 09 50 303  7.1  8.3 99.00 99.00 99.00 999 1014.9  11.0 999.0  11.0 99.0 99.00 
2024 06 03 10 00 302  7.2  8.7 99.00 99.00 99.00 999 1014.8  11.1 999.0  11.1 99.0 99.00 
2024 06 03 10 10 304  7.0  8.5  1.17 14.81  5.01 178 1014.7  11.2 999.0  11.2 99.0 99.00 
2024 06 03 10 20 303  7.6  8.9 99.00 99.00 99.00 999 1014.6  11.3 999.0  11.3 99.0 99.00 
2024 06 03 10 30 306  6.6  8.0 99.00 99.00 99.00 999 1014.7  11.3 999.0  11.3 99.0 99.00 
2024 06 03 10 40 304  7.1  8.5  1.12 14.81  4.79 190 1014.6  11.4 999.0  11.4 99.0 99.00 
2024 06 03 10 50 304  6.2  7.6 99.00 99.00 99.00 999 1014.5  11.3 999.0  11.3 99.0 99.00 
2024 06 03 11 00 298  7.1  8.3 99.00 99.00 99.00 999 1014.4  11.4 999.0  11.4 99.0 99.00 
2024 06 03 11 10 297  6.9  8.2  1.09 14.81  4.71 176 1014.4  11.5 999.0  11.5 99.0 99.00 
2024 06 03 11 20 301  5.7  7.2 99.00 99.00 99.00 999 1014.6  11.1 999.0  11.1 99.0 99.00 
2024 06 03 11 30 303  5.4  6.8 99.00 99.00 99.00 999 1014.6  11.2 999.0  11.2 99.0 99.00 
2024 06 03 11 40 300  5.8  6.8  1.18 14.81  5.06 175 1014.7  11.2 999.0  11.2 99.0 99.00 
2024 06 03 11 50 294  5.7  6.7 99.00 99.00 99.00 999 1014.5  11.1 999.0  11.1 99.0 99.00 
2024 06 03 12 00 292  4.9  6.1 99.00 99.00 99.00 999 1014.6  11.0 999.0  11.0 99.0 99.00 
2024 06 03 12 10 288  4.8  5.5  1.16 14.81  5.31 221 1014.7  11.0 999.0  11.0 99.0 99.00 
2024 06 03 12 20 288  4.9  5.8 99.00 99.00 99.00 999 1014.8  10.9 999.0  10.9 99.0 99.00 
2024 06 03 12 30 285  4.9  5.9 99.00 99.00 99.00 999 1014.9  10.9 999.0  10.9 99.0 99.00 
2024 06 03 12 40 285  4.6  5.4  1.07 14.81  5.39 154 1015.0  10.9 999.0  10.9 99.0 99.00 
2024 06 03 12 50 287  4.5  5.6 99.00 99.00 99.00 999 1015.1  10.8 999.0  10.8 99.0 99.00 
2024 06 03 13 00 288  4.7  5.7 99.00 99.00 99.00 999 1015.3  10.8 999.0  10.8 99.0 99.00 
2024 06 03 13 10 289  4.3  5.3  1.01  9.09  5.27 308 1015.2  10.8 999.0  10.8 99.0 99.00 
2024 06 03 13 20 291  3.9  4.7 99.00 99.00 99.00 999 1015.1  10.9 999.0  10.9 99.0 99.00 
2024 06 03 13 30 287  4.0  4.7 99.00 99.00 99.00 999 1015.1  10.9 999.0  10.9 99.0 99.00 
2024 06 03 13 40 287  3.8  4.6  1.12 14.81  5.83 171 1015.2  10.8 999.0  10.8 99.0 99.00 
2024 06 03 13 50 284  3.4  4.1 99.00 99.00 99.00 999 1015.2  10.8 999.0  10.8 99.0 99.00 
2024 06 03 14 00 281  3.2  3.8 99.00 99.00 99.00 999 1015.3  10.7 999.0  10.7 99.0 99.00 
2024 06 03 14 10 273  2.9  3.5  1.07 11.43  5.73 303 1015.2  10.6 999.0  10.6 99.0 99.00 
2024 06 03 14 20 274  2.9  3.4 99.00 99.00 99.00 999 1015.2  10.5 999.0  10.5 99.0 99.00 
2024 06 03 14 30 277  2.7  3.5 99.00 99.00 99.00 999 1015.2  10.6 999.0  10.6 99.0 99.00 
2024 06 03 14 40 280  2.8  3.4  1.12 10.81  6.26 303 1015.2  10.6 999.0  10.6 99.0 99.00 
2024 06 03 14 50 278  2.8  3.4 99.00 99.00 99.00 999 1015.3  10.6 999.0  10.6 99.0 99.00 
2024 06 03 15 00 281  2.7  3.3 99.00 99.00 99.00 999 1015.5  10.6 999.0  10.6 99.0 99.00 
2024 06 03 15 10 286  2.8  3.4  1.02 14.81  5.86 197 1015.6  10.5 999.0  10.5 99.0 99.00 
2024 06 03 15 20 289  2.5  3.2 99.00 99.00 99.00 999 1015.6  10.5 999.0  10.5 99.0 99.00 
2024 06 03 15 30 284  2.3  2.8 99.00 99.00 99.00 999 1015.7  10.5 999.0  10.5 99.0 99.00 
2024 06 03 15 40 285  2.4  3.0  1.07  9.09  6.06 316 1015.9  10.6 999.0  10.6 99.0 99.00 
2024 06 03 15 50 289  2.5  3.2 99.00 99.00 99.00 999 1015.9  10.6 999.0  10.6 99.0 99.00 
2024 06 03 16 00 289  2.5  3.3 99.00 99.00 99.00 999 1015.9  10.8 999.0  10.8 99.0 99.00 
2024 06 03 16 10 293  2.8  3.4  1.10 14.81  6.31 196 1016.1  10.9 999.0  10.9 99.0 99.00 
2024 06 03 16 20 288  3.0  3.8 99.00 99.00 99.00 999 1015.9  11.0 999.0  11.0 99.0 99.00 
2024 06 03 16 30 297  3.1  3.8 99.00 99.00 99.00 999 1015.9  11.1 999.0  11.1 99.0 99.00 
2024 06 03 16 40 304  3.5  4.9  0.99 13.79  6.07 207 1015.9  11.3 999.0  11.3 99.0 99.00 
2024 06 03 16 50 307  4.1  5.2 99.00 99.00 99.00 999 1016.1  11.4 999.0  11.4 99.0 99.00 
2024 06 03 17 00 301  4.1  5.2 99.00 99.00 99.00 999 1016.2  11.3 999.0  11.3 99.0 99.00 
2024 06 03 17 10 297  4.5  5.9  1.07 14.81  6.14 199 1016.3  11.3 999.0  11.3 99.0 99.00 
2024 06 03 17 20 313  3.4  4.9 99.00 99.00 99.00 999 1016.3  11.0 999.0  11.0 99.0 99.00 
2024 06 03 17 30 295  5.1  6.2 99.00 99.00 99.00 999 1016.1  11.4 999.0  11.4 99.0 99.00 
2024 06 03 17 40 301  5.0  6.1  0.95  9.09  5.44 304 1016.1  11.4 999.0  11.4 99.0 99.00 
2024 06 03 17 50 304  5.2  6.3 99.00 99.00 99.00 999 1016.1  11.3 999.0  11.3 99.0 99.00 
2024 06 03 18 00 304  5.1  6.8 99.00 99.00 99.00 999 1016.1  11.2 999.0  11.2 99.0 99.00 
2024 06 03 18 10 293  5.9  7.0  0.95 14.81  5.51 213 1016.1  11.4 999.0  11.4 99.0 99.00 
2024 06 03 18 20 293  6.2  7.5 99.00 99.00 99.00 999 1016.0  11.6 999.0  11.6 99.0 99.00 
2024 06 03 18 30 294  6.3  7.7 99.00 99.00 99.00 999 1016.0  11.6 999.0  11.6 99.0 99.00 
2024 06 03 18 40 293  6.3  7.5  1.10 14.81  5.70 199 1016.0  11.5 999.0  11.5 99.0 99.00 
2024 06 03 18 50 291  6.1  7.4 99.00 99.00 99.00 999 1016.0  11.6 999.0  11.6 99.0 99.00 
2024 06 03 19 00 290  6.4  7.5 99.00 99.00 99.00 999 1016.0  11.6 999.0  11.6 99.0 99.00 
2024 06 03 19 10 290  6.7  8.0  1.01 13.79  5.14 180 1015.9  11.5 999.0  11.5 99.0 99.00 
2024 06 03 19 20 292  6.2  7.2 99.00 99.00 99.00 999 1016.0  11.4 999.0  11.4 99.0 99.00 
2024 06 03 19 30 291  6.4  7.7 99.00 99.00 99.00 999 1016.0  11.3 999.0  11.3 99.0 99.00 
2024 06 03 19 40 291  6.9  8.3  1.06 14.81  5.07 207 1016.1  11.4 999.0  11.4 99.0 99.00 
2024 06 03 19 50 291  6.7  8.1 99.00 99.00 99.00 999 1016.1  11.4 999.0  11.4 99.0 99.00 
2024 06 03 20 00 290  6.0  7.3 99.00 99.00 99.00 999 1016.0  11.4 999.0  11.4 99.0 99.00 
2024 06 03 20 10 287  6.5  8.0  1.11 14.81  5.65 173 1016.3  11.3 999.0  11.3 99.0 99.00 
2024 06 03 20 20 287  7.1  8.2 99.00 99.00 99.00 999 1016.3  11.3 999.0  11.3 99.0 99.00 
2024 06 03 20 30 287  7.3  8.7 99.00 99.00 99.00 999 1016.3  11.3 999.0  11.3 99.0 99.00 
2024 06 03 20 40 288  7.4  9.1  1.19  9.09  5.50 294 1016.1  11.4 999.0  11.4 99.0 99.00 
2024 06 03 20 50 287  6.7  7.7 99.00 99.00 99.00 999 1016.1  11.3 999.0  11.3 99.0 99.00 
2024 06 03 21 00 288  7.1  8.5 99.00 99.00 99.00 999 1016.1  11.2 999.0  11.2 99.0 99.00 
2024 06 03 21 10 294  7.7  9.4  1.15  8.33  5.33 292 1016.1  11.3 999.0  11.3 99.0 99.00 
2024 06 03 21 20 299  7.7  9.2 99.00 99.00 99.00 999 1016.1  11.3 999.0  11.3 99.0 99.00 
2024 06 03 21 30 299  7.4  9.1 99.00 99.00 99.00 999 1015.8  11.5 999.0  11.5 99.0 99.00 
2024 06 03 21 40 299  7.4  8.6  1.17 10.00  5.26 298 1015.8  11.5 999.0  11.5 99.0 99.00 
2024 06 03 21 50 299  7.2  8.5 99.00 99.00 99.00 999 1016.0  11.5 999.0  11.5 99.0 99.00 
2024 06 03 22 00 300  7.1  8.3 99.00 99.00 99.00 999 1016.0  11.5 999.0  11.5 99.0 99.00 
2024 06 03 22 10 300  7.1  9.1  1.20  7.69  5.13 307 1016.2  11.5 999.0  11.5 99.0 99.00 
2024 06 03 22 20 301  6.5  7.7 99.00 99.00 99.00 999 1016.2  11.3 999.0  11.3 99.0 99.00 
2024 06 03 22 30 301  6.2  7.2 99.00 99.00 99.00 999 1016.2  11.3 999.0  11.3 99.0 99.00 
2024 06 03 22 40 298  7.0  8.4  1.32  7.69  5.54 302 1016.0  11.3 999.0  11.3 99.0 99.00 
2024 06 03 22 50 295  7.6  9.1 99.00 99.00 99.00 999 1016.0  11.5 999.0  11.5 99.0 99.00 
2024 06 03 23 00 297  7.6  9.3 99.00 99.00 99.00 999 1016.1  11.5 999.0  11.5 99.0 99.00 
2024 06 03 23 10 300  7.1  8.6  1.32  9.09  5.39 304 1016.0  11.5 999.0  11.5 99.0 99.00 
2024 06 03 23 20 304  7.4  8.7 99.00 99.00 99.00 999 1016.1  11.5 999.0  11.5 99.0 99.00 
2024 06 03 23 30 306  7.2  8.9 99.00 99.00 99.00 999 1016.1  11.6 999.0  11.6 99.0 99.00 
2024 06 03 23 40 307  7.4  8.8  1.31  9.09  5.10 307 1016.0  11.6 999.0  11.6 99.0 99.00 
2024 06 03 23 50 301  8.2 10.6 99.00 99.00 99.00 999 1015.5  11.6 999.0  11.6 99.0 99.00 
2024 06 04 00 00 304  8.5 10.1 99.00 99.00 99.00 999 1015.5  11.6 999.0  11.6 99.0 99.00 
2024 06 04 00 10 302  8.4 10.1  1.39  9.09  5.27 304 1015.5  11.5 999.0  11.5 99.0 99.00 
2024 06 04 00 20 302  8.8 10.8 99.00 99.00 99.00 999 1015.5  11.4 999.0  11.4 99.0 99.00 
2024 06 04 00 30 303  8.4 10.5 99.00 99.00 99.00 999 1015.5  11.3 999.0  11.3 99.0 99.00 
2024 06 04 00 40 304  8.4 10.5  1.44  9.09  5.34 310 1015.4  11.3 999.0  11.3 99.0 99.00 
2024 06 04 00 50 301  8.3 10.0 99.00 99.00 99.00 999 1015.1  11.3 999.0  11.3 99.0 99.00 
2024 06 04 01 00 300  8.9 10.7 99.00 99.00 99.00 999 1014.9  11.4 999.0  11.4 99.0 99.00 
2024 06 04 01 10 302  9.1 11.5  1.65  8.33  5.36 306 1015.0  11.6 999.0  11.6 99.0 99.00 
2024 06 04 01 20 302  9.9 11.7 99.00 99.00 99.00 999 1014.9  11.7 999.0  11.6 99.0 99.00 
2024 06 04 01 30 304  9.9 11.9 99.00 99.00 99.00 999 1014.8  11.8 999.0  11.6 99.0 99.00 
2024 06 04 01 40 306  9.9 12.3  1.63  8.33  5.29 299 1014.8  11.9 999.0  11.6 99.0 99.00 
2024 06 04 01 50 308 10.0 12.2 99.00 99.00 99.00 999 1015.0  11.9 999.0  11.5 99.0 99.00 
2024 06 04 02 00 310  9.6 12.4 99.00 99.00 99.00 999 1015.1  11.9 999.0  11.4 99.0 99.00 
2024 06 04 02 10 310 10.3 12.8  1.77  4.76  5.12 302 1014.8  11.9 999.0  11.3 99.0 99.00 
2024 06 04 02 20 312 10.1 13.4 99.00 99.00 99.00 999 1015.0  11.9 999.0  11.1 99.0 99.00 
2024 06 04 02 30 316 10.0 12.6 99.00 99.00 99.00 999 1014.5  12.0 999.0  10.8 99.0 99.00 
2024 06 04 02 40 316 11.1 13.7  1.90  8.33  5.18 307 1014.4  12.1 999.0  10.6 99.0 99.00 
2024 06 04 02 50 314 11.8 14.7 99.00 99.00 99.00 999 1014.2  12.3 999.0  10.4 99.0 99.00 
2024 06 04 03 00 314 12.7 16.2 99.00 99.00 99.00 999 1013.9  12.5 999.0  10.2 99.0 99.00 
2024 06 04 03 10 321 12.4 15.3  1.96  9.09  5.22 307 1014.1  12.6 999.0  10.1 99.0 99.00 
2024 06 04 03 20 321 12.9 17.0 99.00 99.00 99.00 999 1014.0  12.7 999.0   9.9 99.0 99.00 
2024 06 04 03 30 320 13.4 16.9 99.00 99.00 99.00 999 1013.8  12.8 999.0   9.8 99.0 99.00 
2024 06 04 03 40 318 14.1 17.0  2.13  9.09  5.38 304 1013.6  12.7 999.0   9.8 99.0 99.00 
2024 06 04 03 50 318 13.8 18.1 99.00 99.00 99.00 999 1013.8  12.5 999.0   9.8 99.0 99.00 
2024 06 04 04 00 317 13.4 16.0 99.00 99.00 99.00 999 1014.0  12.4 999.0   9.7 99.0 99.00 
2024 06 04 04 10 323 11.7 15.1  2.15  5.26  5.31 323 1014.9  12.5 999.0   9.6 99.0 99.00 
2024 06 04 04 20 330 10.4 13.7 99.00 99.00 99.00 999 1015.3  12.4 999.0   9.6 99.0 99.00 
2024 06 04 04 30 323 10.4 12.7 99.00 99.00 99.00 999 1015.0  12.2 999.0   9.7 99.0 99.00 
2024 06 04 04 40 320 11.2 14.4  2.24  5.56  5.43 322 1014.9  12.1 999.0   9.8 99.0 99.00 
2024 06 04 04 50 320 10.8 13.6 99.00 99.00 99.00 999 1014.9  11.9 999.0   9.8 99.0 99.00 
2024 06 04 05 00 319 10.9 13.3 99.00 99.00 99.00 999 1014.8  11.9 999.0  10.0 99.0 99.00 
2024 06 04 05 10 321 10.6 13.2  1.99  5.88  5.32 311 1014.9  11.9 999.0  10.0 99.0 99.00 
2024 06 04 05 20 321 10.1 12.5 99.00 99.00 99.00 999 1014.9  11.9 999.0   9.9 99.0 99.00 
2024 06 04 05 30 320 10.1 12.0 99.00 99.00 99.00 999 1015.0  11.9 999.0   9.8 99.0 99.00 
2024 06 04 05 40 317 10.1 12.9  1.97  5.26  5.41 313 1015.2  11.8 999.0   9.8 99.0 99.00 
2024 06 04 05 50 315  9.7 12.2 99.00 99.00 99.00 999 1015.2  11.8 999.0   9.7 99.0 99.00 
2024 06 04 06 00 313 10.6 13.1 99.00 99.00 99.00 999 1014.9  11.7 999.0   9.6 99.0 99.00 
2024 06 04 06 10 310 11.6 13.6  2.07 10.00  5.58 308 1014.7  11.8 999.0   9.6 99.0 99.00 
2024 06 04 06 20 310 11.5 14.0 99.00 99.00 99.00 999 1014.7  11.7 999.0   9.6 99.0 99.00 
2024 06 04 06 30 317 10.1 12.6 99.00 99.00 99.00 999 1014.8  11.6 999.0   9.5 99.0 99.00 
2024 06 04 06 40 329  8.7 11.1  1.95  5.88  5.35 314 1014.7  11.6 999.0   9.5 99.0 99.00 
2024 06 04 06 50 327  9.4 12.2 99.00 99.00 99.00 999 1014.4  11.6 999.0   9.5 99.0 99.00 
2024 06 04 07 00 321 10.4 12.6 99.00 99.00 99.00 999 1014.1  11.6 999.0   9.4 99.0 99.00 
2024 06 04 07 10 320 10.8 13.9  1.92 10.00  5.33 301 1014.2  11.6 999.0   9.4 99.0 99.00 
2024 06 04 07 20 319 10.6 13.5 99.00 99.00 99.00 999 1014.2  11.7 999.0   9.4 99.0 99.00 
2024 06 04 07 30 318 11.0 13.5 99.00 99.00 99.00 999 1014.3  11.9 999.0   9.4 99.0 99.00 
2024 06 04 07 40 319 10.8 14.0  1.96  9.09  5.38 297 1014.2  11.9 999.0   9.4 99.0 99.00 
2024 06 04 07 50 317 11.1 13.5 99.00 99.00 99.00 999 1013.9  11.7 999.0   9.5 99.0 99.00 
2024 06 04 08 00 315 11.9 14.0 99.00 99.00 99.00 999 1013.6  11.6 999.0   9.6 99.0 99.00 
2024 06 04 08 10 316 12.3 15.7  2.03  9.09  5.34 302 1013.6  11.5 999.0   9.7 99.0 99.00 
2024 06 04 08 20 316 12.1 15.8 99.00 99.00 99.00 999 1013.5  11.4 999.0   9.8 99.0 99.00 
2024 06 04 08 30 316 12.1 14.2 99.00 99.00 99.00 999 1013.7  11.4 999.0  10.0 99.0 99.00 
2024 06 04 08 40 318 11.8 15.3  1.92  9.09  5.39 301 1013.8  11.4 999.0  10.1 99.0 99.00 
2024 06 04 08 50 317 11.9 14.8 99.00 99.00 99.00 999 1013.6  11.3 999.0  10.2 99.0 99.00 
2024 06 04 09 00 316 12.3 15.5 99.00 99.00 99.00 999 1013.7  11.3 999.0  10.3 99.0 99.00 
2024 06 04 09 10 319 12.0 14.3  1.91  9.09  5.31 292 1013.7  11.3 999.0  10.3 99.0 99.00 
2024 06 04 09 20 321 11.6 15.1 99.00 99.00 99.00 999 1013.5  11.2 999.0  10.2 99.0 99.00 
2024 06 04 09 30 321 12.0 14.8 99.00 99.00 99.00 999 1013.6  11.2 999.0  10.2 99.0 99.00 
2024 06 04 09 40 324 11.2 14.1  1.99  9.09  5.49 302 1013.7  11.2 999.0  10.2 99.0 99.00 
2024 06 04 09 50 325 10.6 12.9 99.00 99.00 99.00 999 1013.7  11.0 999.0  10.2 99.0 99.00 
2024 06 04 10 00 323 10.1 12.6 99.00 99.00 99.00 999 1013.7  10.9 999.0  10.1 99.0 99.00 
2024 06 04 10 10 319 10.7 12.7  1.82 10.81  5.25 292 1013.7  10.9 999.0  10.2 99.0 99.00 
2024 06 04 10 20 318 10.6 12.6 99.00 99.00 99.00 999 1013.7  10.9 999.0  10.2 99.0 99.00 
2024 06 04 10 30 318 10.2 12.3 99.00 99.00 99.00 999 1013.8  10.9 999.0  10.1 99.0 99.00 
2024 06 04 10 40 320  9.5 11.2  1.86 10.00  5.53 305 1013.9  10.9 999.0  10.1 99.0 99.00 
2024 06 04 10 50 321  8.9 10.9 99.00 99.00 99.00 999 1014.0  11.0 999.0  10.2 99.0 99.00 
2024 06 04 11 00 321  9.0 10.6 99.00 99.00 99.00 999 1013.9  11.1 999.0  10.2 99.0 99.00 
2024 06 04 11 10 324  8.7 10.3  1.78  5.56  5.21 313 1013.9  11.1 999.0  10.3 99.0 99.00 
2024 06 04 11 20 320  9.7 12.6 99.00 99.00 99.00 999 1013.6  11.1 999.0  10.2 99.0 99.00 
2024 06 04 11 30 315 10.7 12.4 99.00 99.00 99.00 999 1013.6  11.2 999.0  10.2 99.0 99.00 
2024 06 04 11 40 314 10.4 13.3  1.91 10.00  5.46 303 1013.8  11.1 999.0  10.2 99.0 99.00 
2024 06 04 11 50 314 10.0 12.2 99.00 99.00 99.00 999 1013.9  11.1 999.0  10.3 99.0 99.00 
2024 06 04 12 00 316  9.3 11.4 99.00 99.00 99.00 999 1013.9  11.0 999.0  10.2 99.0 99.00 
2024 06 04 12 10 319  8.9 11.0  1.86  5.88  5.37 307 1013.9  11.1 999.0  10.2 99.0 99.00 
2024 06 04 12 20 320  9.1 11.0 99.00 99.00 99.00 999 1013.8  11.2 999.0  10.2 99.0 99.00 
2024 06 04 12 30 319  9.1 11.2 99.00 99.00 99.00 999 1013.9  11.2 999.0  10.2 99.0 99.00 
2024 06 04 12 40 318  9.1 11.1  2.04  9.09  5.68 307 1014.0  11.1 999.0  10.1 99.0 99.00 
2024 06 04 12 50 318  8.9 11.3 99.00 99.00 99.00 999 1014.0  11.1 999.0  10.1 99.0 99.00 
2024 06 04 13 00 318  9.4 11.5 99.00 99.00 99.00 999 1013.9  11.2 999.0  10.1 99.0 99.00 
2024 06 04 13 10 316  9.9 12.2  1.94  5.88  5.46 304 1013.9  11.3 999.0  10.2 99.0 99.00 
2024 06 04 13 20 316 10.2 12.8 99.00 99.00 99.00 999 1013.8  11.2 999.0  10.1 99.0 99.00 
2024 06 04 13 30 318 10.5 12.7 99.00 99.00 99.00 999 1013.7  11.2 999.0  10.1 99.0 99.00 
2024 06 04 13 40 319 10.2 12.3  2.06 10.00  5.67 306 1013.7  11.2 999.0  10.2 99.0 99.00 
2024 06 04 13 50 318  9.8 11.8 99.00 99.00 99.00 999 1013.8  11.2 999.0  10.2 99.0 99.00 
2024 06 04 14 00 318  9.4 11.7 99.00 99.00 99.00 999 1013.9  11.3 999.0  10.2 99.0 99.00 
2024 06 04 14 10 318  9.6 11.5  2.04  9.09  5.58 309 1013.6  11.4 999.0  10.3 99.0 99.00 
2024 06 04 14 20 319  9.4 11.2 99.00 99.00 99.00 999 1013.7  11.4 999.0  10.3 99.0 99.00 
2024 06 04 14 30 317  9.5 11.6 99.00 99.00 99.00 999 1013.8  11.4 999.0  10.2 99.0 99.00 
2024 06 04 14 40 315  9.3 11.5  2.06  9.09  5.79 307 1013.9  11.4 999.0  10.1 99.0 99.00 
2024 06 04 14 50 311  9.4 11.3 99.00 99.00 99.00 999 1014.1  11.5 999.0  10.3 99.0 99.00 
2024 06 04 15 00 308  9.0 10.6 99.00 99.00 99.00 999 1014.2  11.5 999.0  10.2 99.0 99.00 
2024 06 04 15 10 308  9.3 11.2  2.04 10.00  5.87 313 1014.2  11.6 999.0  10.2 99.0 99.00 
2024 06 04 15 20 310  9.7 11.6 99.00 99.00 99.00 999 1014.3  11.7 999.0  10.1 99.0 99.00 
2024 06 04 15 30 311  9.4 11.6 99.00 99.00 99.00 999 1014.4  11.9 999.0  10.0 99.0 99.00 
2024 06 04 15 40 311  9.5 11.7  2.03 10.81  5.88 305 1014.3  11.9 999.0  10.0 99.0 99.00 
2024 06 04 15 50 312  9.7 12.1 99.00 99.00 99.00 999 1014.4  11.8 999.0   9.9 99.0 99.00 
2024 06 04 16 00 312 10.3 12.9 99.00 99.00 99.00 999 1014.4  11.7 999.0   9.9 99.0 99.00 
2024 06 04 16 10 311 10.0 12.3  2.09  8.33  5.89 303 1014.3  11.5 999.0   9.8 99.0 99.00 
2024 06 04 16 20 311  9.3 11.7 99.00 99.00 99.00 999 1014.4  11.5 999.0   9.9 99.0 99.00 
2024 06 04 16 30 312  8.4 10.7 99.00 99.00 99.00 999 1014.4  11.5 999.0   9.9 99.0 99.00 
2024 06 04 16 40 312  8.0 10.0  2.07  6.25  5.81 308 1014.4  11.6 999.0  10.0 99.0 99.00 
2024 06 04 16 50 312  8.2 10.0 99.00 99.00 99.00 999 1014.4  11.6 999.0  10.0 99.0 99.00 
2024 06 04 17 00 313  7.9  9.7 99.00 99.00 99.00 999 1014.5  11.8 999.0  10.1 99.0 99.00 
2024 06 04 17 10 315  8.0  9.5  2.14 10.81  6.04 302 1014.6  11.9 999.0  10.0 99.0 99.00 
2024 06 04 17 20 317  7.7  9.9 99.00 99.00 99.00 999 1014.5  11.9 999.0  10.0 99.0 99.00 
2024 06 04 17 30 313  9.0 11.7 99.00 99.00 99.00 999 1014.4  11.9 999.0   9.9 99.0 99.00 
2024 06 04 17 40 312  9.8 11.8  2.08 11.43  5.90 310 1014.3  11.9 999.0   9.9 99.0 99.00 
2024 06 04 17 50 311  9.8 12.0 99.00 99.00 99.00 999 1014.3  11.9 999.0   9.8 99.0 99.00 
2024 06 04 18 00 310 10.1 12.5 99.00 99.00 99.00 999 1014.3  12.0 999.0   9.9 99.0 99.00 
2024 06 04 18 10 309 10.7 13.7  2.19 10.00  6.00 308 1014.2  12.1 999.0  10.0 99.0 99.00 
2024 06 04 18 20 308 10.9 13.2 99.00 99.00 99.00 999 1014.2  12.0 999.0  10.0 99.0 99.00 
2024 06 04 18 30 309 10.9 13.4 99.00 99.00 99.00 999 1014.2  12.1 999.0  10.0 99.0 99.00 
2024 06 04 18 40 309 10.6 13.6  2.22 11.43  5.90 317 1014.3  12.1 999.0   9.9 99.0 99.00 
2024 06 04 18 50 308 10.4 12.9 99.00 99.00 99.00 999 1014.4  12.1 999.0  10.0 99.0 99.00 
2024 06 04 19 00 307 10.7 12.8 99.00 99.00 99.00 999 1014.3  12.1 999.0  10.0 99.0 99.00 
2024 06 04 19 10 307 11.1 14.0  2.30 12.12  6.00 312 1014.3  12.1 999.0  10.0 99.0 99.00 
2024 06 04 19 20 306 11.4 14.1 99.00 99.00 99.00 999 1014.3  12.2 999.0  10.0 99.0 99.00 
2024 06 04 19 30 306 12.1 14.2 99.00 99.00 99.00 999 1014.2  12.2 999.0   9.9 99.0 99.00 
2024 06 04 19 40 306 12.0 15.2  2.50 11.43  6.22 314 1014.2  12.1 999.0   9.9 99.0 99.00 
2024 06 04 19 50 308 12.0 14.7 99.00 99.00 99.00 999 1014.2  12.2 999.0   9.9 99.0 99.00 
2024 06 04 20 00 307 12.1 15.2 99.00 99.00 99.00 999 1014.1  12.2 999.0   9.9 99.0 99.00 
2024 06 04 20 10 307 12.1 14.8  2.51 11.43  6.17 321 1014.0  12.2 999.0   9.9 99.0 99.00 
2024 06 04 20 20 308 12.4 15.4 99.00 99.00 99.00 999 1013.8  12.3 999.0   9.8 99.0 99.00 
2024 06 04 20 30 310 12.6 15.2 99.00 99.00 99.00 999 1013.7  12.3 999.0   9.8 99.0 99.00 
2024 06 04 20 40 309 12.8 16.5  2.52 10.00  6.00 314 1013.8  12.3 999.0   9.7 99.0 99.00 
2024 06 04 20 50 310 13.4 16.6 99.00 99.00 99.00 999 1013.7  12.4 999.0   9.7 99.0 99.00 
2024 06 04 21 00 310 13.7 16.7 99.00 99.00 99.00 999 1013.8  12.5 999.0   9.8 99.0 99.00 
2024 06 04 21 10 312 13.5 16.2  2.75 11.43  6.07 312 1013.7  12.6 999.0   9.9 99.0 99.00 
2024 06 04 21 20 312 13.4 16.5 99.00 99.00 99.00 999 1013.7  12.5 999.0   9.9 99.0 99.00 
2024 06 04 21 30 311 13.3 16.9 99.00 99.00 99.00 999 1013.7  12.6 999.0  10.0 99.0 99.00 
2024 06 04 21 40 311 13.4 17.2  2.88 10.81  6.25 313 1013.6  12.6 999.0  10.0 99.0 99.00 
2024 06 04 21 50 312 13.4 16.8 99.00 99.00 99.00 999 1013.5  12.6 999.0  10.0 99.0 99.00 
2024 06 04 22 00 311 13.6 16.4 99.00 99.00 99.00 999 1013.6  12.6 999.0  10.0 99.0 99.00 
2024 06 04 22 10 310 13.4 16.8  2.81 10.00  5.96 312 1013.6  12.7 999.0   9.9 99.0 99.00 
2024 06 04 22 20 310 13.6 16.5 99.00 99.00 99.00 999 1013.6  12.7 999.0   9.9 99.0 99.00 
2024 06 04 22 30 310 13.6 17.5 99.00 99.00 99.00 999 1013.6  12.8 999.0   9.9 99.0 99.00 
2024 06 04 22 40 310 13.6 18.1  2.71  5.88  5.94 314 1013.5  12.8 999.0   9.8 99.0 99.00 
2024 06 04 22 50 311 13.8 16.9 99.00 99.00 99.00 999 1013.4  12.8 999.0   9.9 99.0 99.00 
2024 06 04 23 00 311 13.4 16.5 99.00 99.00 99.00 999 1013.5  12.7 999.0   9.9 99.0 99.00 
2024 06 04 23 10 311 13.1 16.8  2.67 10.81  5.95 312 1013.5  12.6 999.0  10.0 99.0 99.00 
2024 06 04 23 20 312 13.3 17.0 99.00 99.00 99.00 999 1013.5  12.6 999.0  10.1 99.0 99.00 
2024 06 04 23 30 314 13.3 16.7 99.00 99.00 99.00 999 1013.5  12.6 999.0  10.2 99.0 99.00 
2024 06 04 23 40 312 13.0 15.7  2.72 11.43  6.07 320 1013.5  12.4 999.0  10.2 99.0 99.00 
2024 06 04 23 50 313 13.1 16.0 99.00 99.00 99.00 999 1013.4  12.4 999.0  10.4 99.0 99.00 
2024 06 05 00 00 312 13.1 16.1 99.00 99.00 99.00 999 1013.5  12.3 999.0  10.4 99.0 99.00 
2024 06 05 00 10 311 13.1 16.2  2.81 11.43  6.12 317 1013.5  12.4 999.0  10.4 99.0 99.00 
2024 06 05 00 20 310 12.9 15.8 99.00 99.00 99.00 999 1013.4  12.3 999.0  10.4 99.0 99.00 
2024 06 05 00 30 309 12.7 15.7 99.00 99.00 99.00 999 1013.3  12.4 999.0  10.4 99.0 99.00 
2024 06 05 00 40 308 13.0 16.2  2.56 11.43  5.98 322 1013.3  12.8 999.0  10.4 99.0 99.00 
2024 06 05 00 50 307 12.9 15.7 99.00 99.00 99.00 999 1013.1  12.6 999.0  10.3 99.0 99.00 
2024 06 05 01 00 309 13.2 16.2 99.00 99.00 99.00 999 1012.9  12.7 999.0  10.2 99.0 99.00 
2024 06 05 01 10 310 12.8 15.9  2.61 10.81  6.04 319 1012.9  12.8 999.0  10.3 99.0 99.00 
2024 06 05 01 20 308 13.1 16.0 99.00 99.00 99.00 999 1012.8  12.8 999.0  10.2 99.0 99.00 
2024 06 05 01 30 310 12.8 16.2 99.00 99.00 99.00 999 1012.7  12.9 999.0  10.3 99.0 99.00 
2024 06 05 01 40 311 12.8 15.9  2.54 11.43  5.88 317 1012.6  12.9 999.0  10.2 99.0 99.00 
2024 06 05 01 50 310 12.9 15.5 99.00 99.00 99.00 999 1012.6  13.0 999.0  10.2 99.0 99.00 
2024 06 05 02 00 308 13.0 16.5 99.00 99.00 99.00 999 1012.5  13.0 999.0  10.3 99.0 99.00 
2024 06 05 02 10 307 12.9 16.8  2.66 11.43  6.08 316 1012.6  13.0 999.0  10.3 99.0 99.00 
2024 06 05 02 20 310 12.8 16.0 99.00 99.00 99.00 999 1012.5  13.1 999.0  10.4 99.0 99.00 
2024 06 05 02 30 310 13.0 16.8 99.00 99.00 99.00 999 1012.6  13.0 999.0  10.5 99.0 99.00 
2024 06 05 02 40 310 12.9 16.3  2.62 11.43  6.02 318 1012.5  12.8 999.0  10.6 99.0 99.00 
2024 06 05 02 50 309 13.6 17.4 99.00 99.00 99.00 999 1012.3  12.8 999.0  10.6 99.0 99.00 
2024 06 05 03 00 307 13.8 16.9 99.00 99.00 99.00 999 1012.2  12.8 999.0  10.7 99.0 99.00 
2024 06 05 03 10 306 13.8 17.4  2.54 10.81  5.79 315 1012.2  12.9 999.0  10.7 99.0 99.00 
2024 06 05 03 20 309 13.3 16.2 99.00 99.00 99.00 999 1012.1  13.0 999.0  10.7 99.0 99.00 
2024 06 05 03 30 313 12.7 16.5 99.00 99.00 99.00 999 1012.2  13.0 999.0  10.8 99.0 99.00 
2024 06 05 03 40 315 12.1 15.2  2.60 10.81  5.81 316 1012.1  12.8 999.0  10.7 99.0 99.00 
2024 06 05 03 50 313 12.5 15.3 99.00 99.00 99.00 999 1012.1  12.7 999.0  10.5 99.0 99.00 
2024 06 05 04 00 313 12.0 14.7 99.00 99.00 99.00 999 1012.2  12.6 999.0  10.6 99.0 99.00 
2024 06 05 04 10 312 12.1 14.9  2.57 10.81  5.90 313 1012.3  12.6 999.0  10.5 99.0 99.00 
2024 06 05 04 20 313 12.0 14.7 99.00 99.00 99.00 999 1012.5  12.6 999.0  10.5 99.0 99.00 
2024 06 05 04 30 314 11.4 14.9 99.00 99.00 99.00 999 1012.7  12.6 999.0  10.3 99.0 99.00 
2024 06 05 04 40 312 11.1 13.8  2.70 10.81  6.25 309 1012.8  12.5 999.0  10.3 99.0 99.00 
2024 06 05 04 50 314 10.9 13.6 99.00 99.00 99.00 999 1013.1  12.4 999.0  10.3 99.0 99.00 
2024 06 05 05 00 315 11.0 13.6 99.00 99.00 99.00 999 1013.1  12.3 999.0  10.3 99.0 99.00 
2024 06 05 05 10 314 10.7 13.1  2.50 10.81  6.03 301 1013.1  12.2 999.0  10.5 99.0 99.00 
2024 06 05 05 20 314 10.7 12.9 99.00 99.00 99.00 999 1013.1  12.2 999.0  10.6 99.0 99.00 
2024 06 05 05 30 311 11.2 13.8 99.00 99.00 99.00 999 1013.0  12.2 999.0  10.5 99.0 99.00 
2024 06 05 05 40 311 11.5 14.1  2.63 10.81  6.24 313 1013.0  12.2 999.0  10.6 99.0 99.00 
2024 06 05 05 50 314 10.8 13.6 99.00 99.00 99.00 999 1013.0  12.0 999.0  10.6 99.0 99.00 
2024 06 05 06 00 312 10.7 12.9 99.00 99.00 99.00 999 1013.0  11.9 999.0  10.6 99.0 99.00 
2024 06 05 06 10 312 10.7 12.8  2.39 10.81  5.91 319 1013.1  11.8 999.0  10.7 99.0 99.00 
2024 06 05 06 20 314 10.6 12.8 99.00 99.00 99.00 999 1013.0  11.9 999.0  10.8 99.0 99.00 
2024 06 05 06 30 314 11.0 13.4 99.00 99.00 99.00 999 1012.8  11.9 999.0  10.8 99.0 99.00 
2024 06 05 06 40 313 11.2 13.7  2.32 10.81  5.79 312 1012.8  11.7 999.0  10.7 99.0 99.00 
2024 06 05 06 50 315 11.1 13.9 99.00 99.00 99.00 999 1012.7  11.7 999.0  10.9 99.0 99.00 
2024 06 05 07 00 316 11.3 13.4 99.00 99.00 99.00 999 1012.7  11.7 999.0  10.9 99.0 99.00 
2024 06 05 07 10 319 11.6 13.9  2.32 10.81  6.22 312 1012.5  11.7 999.0  11.0 99.0 99.00 
2024 06 05 07 20 320 11.7 14.4 99.00 99.00 99.00 999 1012.3  11.6 999.0  11.0 99.0 99.00 
2024 06 05 07 30 321 11.3 14.1 99.00 99.00 99.00 999 1012.3  11.6 999.0  11.1 99.0 99.00 
2024 06 05 07 40 322 10.6 12.9  2.33 10.00  6.00 310 1012.4  11.5 999.0  11.0 99.0 99.00 
2024 06 05 07 50 320 10.2 12.9 99.00 99.00 99.00 999 1012.4  11.4 999.0  11.0 99.0 99.00 
2024 06 05 08 00 320 10.2 12.8 99.00 99.00 99.00 999 1012.3  11.4 999.0  11.0 99.0 99.00 
2024 06 05 08 10 317 10.3 12.7  2.20 10.81  5.98 310 1012.4  11.3 999.0  11.0 99.0 99.00 
2024 06 05 08 20 318 10.1 12.8 99.00 99.00 99.00 999 1012.3  11.0 999.0  10.9 99.0 99.00 
2024 06 05 08 30 317  9.9 13.2 99.00 99.00 99.00 999 1012.3  10.7 999.0  10.7 99.0 99.00 
2024 06 05 08 40 315  9.6 11.7  2.41 10.81  6.16 311 1012.3  10.6 999.0  10.6 99.0 99.00 
2024 06 05 08 50 312 10.0 12.0 99.00 99.00 99.00 999 1012.2  10.5 999.0  10.5 99.0 99.00 
2024 06 05 09 00 309 10.5 13.3 99.00 99.00 99.00 999 1012.2  10.5 999.0  10.5 99.0 99.00 
2024 06 05 09 10 308 10.3 12.6  2.25 10.00  6.04 309 1012.2  10.6 999.0  10.6 99.0 99.00 
2024 06 05 09 20 309 10.1 12.2 99.00 99.00 99.00 999 1012.2  10.7 999.0  10.7 99.0 99.00 
2024 06 05 09 30 309 10.0 12.3 99.00 99.00 99.00 999 1012.2  10.9 999.0  10.8 99.0 99.00 
2024 06 05 09 40 309 10.1 12.3  2.24 10.00  6.19 312 1012.2  11.0 999.0  10.9 99.0 99.00 
2024 06 05 09 50 309 10.3 12.4 99.00 99.00 99.00 999 1012.1  11.0 999.0  10.8 99.0 99.00 
2024 06 05 10 00 310  9.8 11.7 99.00 99.00 99.00 999 1012.2  11.0 999.0  10.8 99.0 99.00 
2024 06 05 10 10 314  9.4 11.8  2.37 10.81  6.47 314 1012.2  11.1 999.0  10.9 99.0 99.00 
2024 06 05 10 20 313  9.7 11.7 99.00 99.00 99.00 999 1012.2  11.1 999.0  10.9 99.0 99.00 
2024 06 05 10 30 314  9.6 12.1 99.00 99.00 99.00 999 1012.2  11.0 999.0  10.8 99.0 99.00 
2024 06 05 10 40 314  9.4 11.7  2.28 10.00  6.08 311 1012.2  11.0 999.0  10.7 99.0 99.00 
2024 06 05 10 50 314  9.5 11.7 99.00 99.00 99.00 999 1012.1  11.1 999.0  10.7 99.0 99.00 
2024 06 05 11 00 315  9.3 11.3 99.00 99.00 99.00 999 1012.1  11.1 999.0  10.7 99.0 99.00 
2024 06 05 11 10 315  9.4 11.7  2.30 10.00  6.15 306 1012.1  11.1 999.0  10.7 99.0 99.00 
2024 06 05 11 20 317  9.1 10.9 99.00 99.00 99.00 999 1011.9  11.1 999.0  10.7 99.0 99.00 
2024 06 05 11 30 319  9.1 11.6 99.00 99.00 99.00 999 1011.9  11.0 999.0  10.6 99.0 99.00 
2024 06 05 11 40 318  9.2 11.2  2.10 10.81  5.87 315 1011.9  11.0 999.0  10.6 99.0 99.00 
2024 06 05 11 50 318  9.3 11.1 99.00 99.00 99.00 999 1011.9  11.1 999.0  10.7 99.0 99.00 
2024 06 05 12 00 319  9.4 11.5 99.00 99.00 99.00 999 1011.8  11.1 999.0  10.6 99.0 99.00 
2024 06 05 12 10 321  9.4 11.6  2.25  9.09  5.95 305 1011.7  11.1 999.0  10.6 99.0 99.00 
2024 06 05 12 20 322  9.6 12.1 99.00 99.00 99.00 999 1011.7  11.1 999.0  10.5 99.0 99.00 
2024 06 05 12 30 319  9.7 11.8 99.00 99.00 99.00 999 1011.7  11.1 999.0  10.5 99.0 99.00 
2024 06 05 12 40 319 10.0 12.4  2.27 10.00  6.07 314 1011.7  11.1 999.0  10.6 99.0 99.00 
2024 06 05 12 50 317  9.7 12.0 99.00 99.00 99.00 999 1011.7  11.1 999.0  10.6 99.0 99.00 
2024 06 05 13 00 315 10.2 12.6 99.00 99.00 99.00 999 1011.7  11.1 999.0  10.6 99.0 99.00 
2024 06 05 13 10 315 10.3 12.8  2.42 10.00  6.18 305 1011.6  11.2 999.0  10.7 99.0 99.00 
2024 06 05 13 20 317 10.4 12.7 99.00 99.00 99.00 999 1011.4  11.1 999.0  10.6 99.0 99.00 
2024 06 05 13 30 317 10.4 12.9 99.00 99.00 99.00 999 1011.6  11.1 999.0  10.6 99.0 99.00 
2024 06 05 13 40 318  9.9 11.8  2.33 10.81  6.09 313 1011.7  11.1 999.0  10.6 99.0 99.00 
2024 06 05 13 50 317  9.8 12.1 99.00 99.00 99.00 999 1011.6  11.1 999.0  10.6 99.0 99.00 
2024 06 05 14 00 315 10.0 12.3 99.00 99.00 99.00 999 1011.6  11.1 999.0  10.6 99.0 99.00 
2024 06 05 14 10 314 10.7 13.1  2.59 10.00  6.24 311 1011.5  11.2 999.0  10.6 99.0 99.00 
2024 06 05 14 20 312 10.8 12.9 99.00 99.00 99.00 999 1011.6  11.2 999.0  10.7 99.0 99.00 
2024 06 05 14 30 313 10.4 12.8 99.00 99.00 99.00 999 1011.8  11.2 999.0  10.7 99.0 99.00 
2024 06 05 14 40 316  9.7 12.5  2.41 10.00  6.16 308 1011.9  11.2 999.0  10.7 99.0 99.00 
2024 06 05 14 50 317  9.4 11.5 99.00 99.00 99.00 999 1012.0  11.2 999.0  10.8 99.0 99.00 
2024 06 05 15 00 315  9.7 11.5 99.00 99.00 99.00 999 1011.9  11.2 999.0  10.8 99.0 99.00 
2024 06 05 15 10 313 10.0 12.6  2.39  9.09  6.13 310 1011.8  11.1 999.0  10.7 99.0 99.00 
2024 06 05 15 20 313  9.9 12.0 99.00 99.00 99.00 999 1011.9  11.2 999.0  10.8 99.0 99.00 
2024 06 05 15 30 312  9.5 11.6 99.00 99.00 99.00 999 1012.0  11.2 999.0  10.8 99.0 99.00 
2024 06 05 15 40 315  8.8 10.5  2.51 10.81  6.59 313 1012.0  11.2 999.0  10.8 99.0 99.00 
2024 06 05 15 50 313  8.9 10.6 99.00 99.00 99.00 999 1011.9  11.1 999.0  10.7 99.0 99.00 
2024 06 05 16 00 312  9.3 11.6 99.00 99.00 99.00 999 1012.0  11.1 999.0  10.7 99.0 99.00 
2024 06 05 16 10 314  8.6 11.4  2.52 10.81  6.49 311 1012.0  11.1 999.0  10.7 99.0 99.00 
2024 06 05 16 20 312  8.7 10.8 99.00 99.00 99.00 999 1011.9  11.1 999.0  10.7 99.0 99.00 
2024 06 05 16 30 316  8.1 10.3 99.00 99.00 99.00 999 1012.0  11.2 999.0  10.7 99.0 99.00 
2024 06 05 16 40 318  8.3 10.5  2.76 10.81  7.01 309 1012.0  11.3 999.0  10.8 99.0 99.00 
2024 06 05 16 50 311  9.1 11.2 99.00 99.00 99.00 999 1011.8  11.4 999.0  10.7 99.0 99.00 
2024 06 05 17 00 308  9.3 11.6 99.00 99.00 99.00 999 1011.8  11.5 999.0  10.8 99.0 99.00 
2024 06 05 17 10 306  9.8 12.0  2.85 17.39  7.35 308 1011.8  11.4 999.0  10.7 99.0 99.00 
2024 06 05 17 20 308  9.8 12.1 99.00 99.00 99.00 999 1011.9  11.4 999.0  10.8 99.0 99.00 
2024 06 05 17 30 306 10.0 12.4 99.00 99.00 99.00 999 1011.9  11.3 999.0  10.8 99.0 99.00 
2024 06 05 17 40 311 10.2 12.3  2.95 16.00  7.43 308 1012.2  11.3 999.0  10.8 99.0 99.00 
2024 06 05 17 50 319  9.8 11.6 99.00 99.00 99.00 999 1012.2  11.3 999.0  10.8 99.0 99.00 
2024 06 05 18 00 320 10.0 12.6 99.00 99.00 99.00 999 1012.2  11.4 999.0  10.8 99.0 99.00 
2024 06 05 18 10 317 10.4 13.4  2.97 16.00  7.01 305 1012.1  11.5 999.0  10.8 99.0 99.00 
2024 06 05 18 20 317 11.5 14.6 99.00 99.00 99.00 999 1012.1  11.6 999.0  10.9 99.0 99.00 
2024 06 05 18 30 318 11.4 14.2 99.00 99.00 99.00 999 1012.1  11.6 999.0  10.9 99.0 99.00 
2024 06 05 18 40 319 11.5 14.4  3.17 16.00  7.25 306 1012.2  11.6 999.0  10.9 99.0 99.00 
2024 06 05 18 50 318 11.6 13.7 99.00 99.00 99.00 999 1012.2  11.6 999.0  10.9 99.0 99.00 
2024 06 05 19 00 317 11.6 14.2 99.00 99.00 99.00 999 1012.3  11.6 999.0  10.9 99.0 99.00 
2024 06 05 19 10 316 11.8 15.7  3.26 16.00  7.38 309 1012.3  11.6 999.0  10.9 99.0 99.00 
2024 06 05 19 20 315 11.7 14.8 99.00 99.00 99.00 999 1012.3  11.6 999.0  11.0 99.0 99.00 
2024 06 05 19 30 316 11.8 14.4 99.00 99.00 99.00 999 1012.5  11.6 999.0  11.0 99.0 99.00 
2024 06 05 19 40 317 11.5 14.7  3.62 16.00  7.65 298 1012.5  11.5 999.0  11.0 99.0 99.00 
2024 06 05 19 50 316 11.4 14.4 99.00 99.00 99.00 999 1012.5  11.5 999.0  11.0 99.0 99.00 
2024 06 05 20 00 318 10.9 13.1 99.00 99.00 99.00 999 1012.5  11.5 999.0  11.0 99.0 99.00 
2024 06 05 20 10 317 10.8 13.3  3.78 16.00  8.13 302 1012.3  11.4 999.0  10.9 99.0 99.00 
2024 06 05 20 20 316 10.6 13.0 99.00 99.00 99.00 999 1012.3  11.4 999.0  10.9 99.0 99.00 
2024 06 05 20 30 314 10.6 13.4 99.00 99.00 99.00 999 1012.3  11.4 999.0  10.9 99.0 99.00 
2024 06 05 20 40 315  9.9 12.5  3.70 16.00  7.99 303 1012.4  11.4 999.0  10.9 99.0 99.00 
2024 06 05 20 50 316  9.5 11.6 99.00 99.00 99.00 999 1012.3  11.4 999.0  10.9 99.0 99.00 
2024 06 05 21 00 315  9.6 12.3 99.00 99.00 99.00 999 1012.1  11.5 999.0  11.0 99.0 99.00 
2024 06 05 21 10 319  9.6 12.5  3.96 14.81  8.33 307 1012.0  11.5 999.0  10.9 99.0 99.00 
2024 06 05 21 20 319 10.4 12.6 99.00 99.00 99.00 999 1011.9  11.5 999.0  10.9 99.0 99.00 
2024 06 05 21 30 317 10.1 12.6 99.00 99.00 99.00 999 1011.9  11.5 999.0  10.8 99.0 99.00 
2024 06 05 21 40 319 10.2 12.3  4.01 16.00  8.21 306 1011.8  11.5 999.0  10.8 99.0 99.00 
2024 06 05 21 50 318 10.2 12.6 99.00 99.00 99.00 999 1011.7  11.6 999.0  10.9 99.0 99.00 
2024 06 05 22 00 316 10.4 13.2 99.00 99.00 99.00 999 1011.5  11.5 999.0  10.8 99.0 99.00 
2024 06 05 22 10 316 10.9 13.8  3.81 14.81  8.18 299 1011.5  11.6 999.0  10.9 99.0 99.00 
2024 06 05 22 20 318 10.2 13.7 99.00 99.00 99.00 999 1011.4  11.6 999.0  10.8 99.0 99.00 
2024 06 05 22 30 319 10.5 13.9 99.00 99.00 99.00 999 1011.4  11.7 999.0  10.9 99.0 99.00 
2024 06 05 22 40 319 11.0 14.4  4.00 16.00  8.22 311 1011.2  11.7 999.0  10.9 99.0 99.00 
2024 06 05 22 50 319 11.2 13.7 99.00 99.00 99.00 999 1011.1  11.8 999.0  11.0 99.0 99.00 
2024 06 05 23 00 319 11.0 13.7 99.00 99.00 99.00 999 1011.0  11.8 999.0  10.9 99.0 99.00 
2024 06 05 23 10 320 10.8 14.4  4.40 16.00  8.67 300 1010.9  11.8 999.0  10.9 99.0 99.00 
2024 06 05 23 20 317 11.2 14.1 99.00 99.00 99.00 999 1010.8  11.8 999.0  10.8 99.0 99.00 
2024 06 05 23 30 317 11.3 14.3 99.00 99.00 99.00 999 1010.5  11.8 999.0  10.8 99.0 99.00 
2024 06 05 23 40 316 11.4 14.2  4.13 14.81  7.94 305 1010.4  11.8 999.0  10.8 99.0 99.00 
2024 06 05 23 50 316 11.8 15.1 99.00 99.00 99.00 999 1010.2  11.9 999.0  10.8 99.0 99.00 
2024 06 06 00 00 316 12.0 15.2 99.00 99.00 99.00 999 1010.1  11.9 999.0  10.6 99.0 99.00 
2024 06 06 00 10 315 12.1 14.8  3.95 16.00  8.20 300 1009.9  11.9 999.0  10.7 99.0 99.00 
2024 06 06 00 20 313 12.4 15.2 99.00 99.00 99.00 999 1009.9  11.9 999.0  10.7 99.0 99.00 
2024 06 06 00 30 313 12.3 15.0 99.00 99.00 99.00 999 1009.9  11.9 999.0  10.8 99.0 99.00 
2024 06 06 00 40 312 11.9 15.0  4.22 16.00  7.91 298 1009.9  11.9 999.0  10.8 99.0 99.00 
2024 06 06 00 50 313 12.0 14.8 99.00 99.00 99.00 999 1009.8  11.8 999.0  10.7 99.0 99.00 
2024 06 06 01 00 313 12.0 15.0 99.00 99.00 99.00 999 1009.8  11.9 999.0  10.6 99.0 99.00 
2024 06 06 01 10 316 11.2 14.0  4.30 14.81  8.32 310 1009.6  11.9 999.0  10.6 99.0 99.00 
2024 06 06 01 20 316 11.9 14.6 99.00 99.00 99.00 999 1009.5  11.9 999.0  10.6 99.0 99.00 
2024 06 06 01 30 316 11.9 15.0 99.00 99.00 99.00 999 1009.4  11.9 999.0  10.6 99.0 99.00 
2024 06 06 01 40 314 11.9 14.7  4.01 12.90  7.92 305 1009.4  11.9 999.0  10.6 99.0 99.00 
2024 06 06 01 50 314 11.6 14.8 99.00 99.00 99.00 999 1009.4  12.0 999.0  10.5 99.0 99.00 
2024 06 06 02 00 315 11.7 14.9 99.00 99.00 99.00 999 1009.3  12.0 999.0  10.5 99.0 99.00 
2024 06 06 02 10 316 11.6 14.4  4.43 16.00  8.45 303 1009.3  12.0 999.0  10.5 99.0 99.00 
2024 06 06 02 20 319 11.3 14.1 99.00 99.00 99.00 999 1009.3  12.1 999.0  10.5 99.0 99.00 
2024 06 06 02 30 313 12.4 15.8 99.00 99.00 99.00 999 1008.9  12.1 999.0  10.5 99.0 99.00 
2024 06 06 02 40 308 13.0 17.0  4.40 14.81  8.57 299 1008.7  12.1 999.0  10.5 99.0 99.00 
2024 06 06 02 50 307 13.4 17.6 99.00 99.00 99.00 999 1008.7  12.0 999.0  10.4 99.0 99.00 
2024 06 06 03 00 309 13.1 17.2 99.00 99.00 99.00 999 1008.7  11.9 999.0  10.5 99.0 99.00 
2024 06 06 03 10 308 12.9 16.2  4.79 16.00  8.78 302 1008.7  11.9 999.0  10.5 99.0 99.00 
2024 06 06 03 20 308 13.4 16.6 99.00 99.00 99.00 999 1008.6  11.9 999.0  10.6 99.0 99.00 
2024 06 06 03 30 307 13.5 16.9 99.00 99.00 99.00 999 1008.7  11.8 999.0  10.5 99.0 99.00 
2024 06 06 03 40 311 13.0 17.3  4.53 16.00  8.50 298 1008.8  11.8 999.0  10.6 99.0 99.00 
2024 06 06 03 50 317 12.0 15.2 99.00 99.00 99.00 999 1008.9  11.6 999.0  10.5 99.0 99.00 
2024 06 06 04 00 317 12.0 15.0 99.00 99.00 99.00 999 1008.9  11.6 999.0  10.5 99.0 99.00 
2024 06 06 04 10 313 11.9 14.8  4.18 13.79  8.01 306 1008.9  11.5 999.0  10.5 99.0 99.00 
2024 06 06 04 20 314 12.0 14.9 99.00 99.00 99.00 999 1008.9  11.5 999.0  10.5 99.0 99.00 
2024 06 06 04 30 314 11.4 14.9 99.00 99.00 99.00 999 1009.1  11.5 999.0  10.5 99.0 99.00 
2024 06 06 04 40 313 11.7 14.9  4.28 13.79  8.46 308 1009.1  11.4 999.0  10.4 99.0 99.00 
2024 06 06 04 50 314 11.4 14.4 99.00 99.00 99.00 999 1009.2  11.4 999.0  10.4 99.0 99.00 
2024 06 06 05 00 313 11.3 13.6 99.00 99.00 99.00 999 1009.3  11.4 999.0  10.4 99.0 99.00 
2024 06 06 05 10 312 11.5 14.1  4.32 14.81  8.45 301 1009.3  11.4 999.0  10.4 99.0 99.00 
2024 06 06 05 20 311 11.5 14.8 99.00 99.00 99.00 999 1009.3  11.4 999.0  10.5 99.0 99.00 
2024 06 06 05 30 312 11.5 14.9 99.00 99.00 99.00 999 1009.2  11.3 999.0  10.5 99.0 99.00 
2024 06 06 05 40 312 11.5 14.2  4.23 14.81  8.20 302 1009.3  11.3 999.0  10.5 99.0 99.00 
2024 06 06 05 50 312 11.3 14.4 99.00 99.00 99.00 999 1009.2  11.3 999.0  10.5 99.0 99.00 
2024 06 06 06 00 311 11.2 14.9 99.00 99.00 99.00 999 1009.1  11.2 999.0  10.4 99.0 99.00 
2024 06 06 06 10 311 11.1 13.8  4.17 14.81  8.38 302 1009.1  11.2 999.0  10.4 99.0 99.00 
2024 06 06 06 20 314 10.9 13.8 99.00 99.00 99.00 999 1009.1  11.2 999.0  10.3 99.0 99.00 
2024 06 06 06 30 314 10.6 13.2 99.00 99.00 99.00 999 1009.1  11.2 999.0  10.3 99.0 99.00 
2024 06 06 06 40 311 11.0 14.3  3.89 14.81  8.01 303 1009.2  11.2 999.0  10.4 99.0 99.00 
2024 06 06 06 50 312 11.4 13.9 99.00 99.00 99.00 999 1009.2  11.2 999.0  10.4 99.0 99.00 
2024 06 06 07 00 314 11.3 14.3 99.00 99.00 99.00 999 1009.1  11.2 999.0  10.4 99.0 99.00 
2024 06 06 07 10 315 11.0 14.4  4.09 14.81  8.18 298 1009.3  11.2 999.0  10.4 99.0 99.00 
2024 06 06 07 20 315 10.8 14.2 99.00 99.00 99.00 999 1009.4  11.2 999.0  10.4 99.0 99.00 
2024 06 06 07 30 315 10.9 13.7 99.00 99.00 99.00 999 1009.4  11.2 999.0  10.4 99.0 99.00 
2024 06 06 07 40 316 10.5 13.0  3.66 12.90  7.78 312 1009.4  11.2 999.0  10.4 99.0 99.00 
2024 06 06 07 50 317 10.6 13.9 99.00 99.00 99.00 999 1009.4  11.1 999.0  10.3 99.0 99.00 
2024 06 06 08 00 317 10.4 13.3 99.00 99.00 99.00 999 1009.3  11.1 999.0  10.4 99.0 99.00 
2024 06 06 08 10 317 10.2 13.1  3.50 13.79  7.63 315 1009.3  11.1 999.0  10.4 99.0 99.00 
2024 06 06 08 20 317 10.2 12.8 99.00 99.00 99.00 999 1009.3  11.0 999.0  10.3 99.0 99.00 
2024 06 06 08 30 314 10.6 13.5 99.00 99.00 99.00 999 1009.2  11.0 999.0  10.3 99.0 99.00 
2024 06 06 08 40 314 10.7 13.9  3.83 12.90  7.73 304 1009.2  11.0 999.0  10.3 99.0 99.00 
2024 06 06 08 50 315 10.5 12.8 99.00 99.00 99.00 999 1009.2  11.0 999.0  10.3 99.0 99.00 
2024 06 06 09 00 314 10.5 13.2 99.00 99.00 99.00 999 1009.1  10.9 999.0  10.2 99.0 99.00 
2024 06 06 09 10 315 10.8 13.3  3.64 14.81  7.80 303 1009.3  11.0 999.0  10.3 99.0 99.00 
2024 06 06 09 20 317 10.5 13.2 99.00 99.00 99.00 999 1009.3  10.9 999.0  10.2 99.0 99.00 
2024 06 06 09 30 318 10.5 13.8 99.00 99.00 99.00 999 1009.3  10.9 999.0  10.2 99.0 99.00 
2024 06 06 09 40 319  9.9 13.4  3.64 13.79  7.56 310 1009.4  10.8 999.0  10.1 99.0 99.00 
2024 06 06 09 50 320  9.8 12.6 99.00 99.00 99.00 999 1009.4  10.8 999.0  10.1 99.0 99.00 
2024 06 06 10 00 318 10.1 12.4 99.00 99.00 99.00 999 1009.3  10.8 999.0  10.1 99.0 99.00 
2024 06 06 10 10 317 10.1 12.6  3.76 14.81  7.57 293 1009.5  10.8 999.0  10.1 99.0 99.00 
2024 06 06 10 20 314 10.5 12.9 99.00 99.00 99.00 999 1009.4  10.8 999.0  10.1 99.0 99.00 
2024 06 06 10 30 315 11.0 13.6 99.00 99.00 99.00 999 1009.3  10.9 999.0  10.2 99.0 99.00 
2024 06 06 10 40 318 10.7 12.9  3.76 13.79  7.84 312 1009.5  10.9 999.0  10.2 99.0 99.00 
2024 06 06 10 50 319 10.3 13.0 99.00 99.00 99.00 999 1009.5  10.9 999.0  10.2 99.0 99.00 
2024 06 06 11 00 321 10.6 14.1 99.00 99.00 99.00 999 1009.4  10.9 999.0  10.2 99.0 99.00 
2024 06 06 11 10 320 10.7 14.2  3.54 13.79  7.58 312 1009.5  10.9 999.0  10.2 99.0 99.00 
2024 06 06 11 20 320 10.3 13.2 99.00 99.00 99.00 999 1009.4  10.8 999.0  10.1 99.0 99.00 
2024 06 06 11 30 317 10.5 13.2 99.00 99.00 99.00 999 1009.4  10.8 999.0  10.1 99.0 99.00 
2024 06 06 11 40 315 10.6 13.6  3.54 11.43  7.55 316 1009.4  10.8 999.0  10.1 99.0 99.00 
2024 06 06 11 50 314 10.9 13.6 99.00 99.00 99.00 999 1009.4  10.8 999.0  10.1 99.0 99.00 
2024 06 06 12 00 314 10.8 13.7 99.00 99.00 99.00 999 1009.5  10.8 999.0  10.1 99.0 99.00 
2024 06 06 12 10 315 10.5 13.8  3.57 12.90  7.42 316 1009.4  10.8 999.0  10.1 99.0 99.00 
2024 06 06 12 20 317 10.4 13.9 99.00 99.00 99.00 999 1009.3  10.8 999.0  10.1 99.0 99.00 
2024 06 06 12 30 319 10.3 12.7 99.00 99.00 99.00 999 1009.2  10.8 999.0  10.1 99.0 99.00 
2024 06 06 12 40 321 10.3 13.6  3.51 12.90  7.46 316 1009.3  10.8 999.0  10.2 99.0 99.00 
2024 06 06 12 50 321 10.0 13.3 99.00 99.00 99.00 999 1009.5  10.7 999.0  10.1 99.0 99.00 
2024 06 06 13 00 319  9.8 12.9 99.00 99.00 99.00 999 1009.5  10.7 999.0  10.2 99.0 99.00 
2024 06 06 13 10 320  9.5 12.3  3.42 14.81  7.55 307 1009.7  10.7 999.0  10.2 99.0 99.00 
2024 06 06 13 20 321  9.4 13.2 99.00 99.00 99.00 999 1009.7  10.7 999.0  10.2 99.0 99.00 
2024 06 06 13 30 320  9.9 12.5 99.00 99.00 99.00 999 1009.8  10.7 999.0  10.2 99.0 99.00 
2024 06 06 13 40 320  9.6 11.9  3.65 13.79  7.70 306 1009.9  10.7 999.0  10.2 99.0 99.00 
2024 06 06 13 50 321  9.7 12.0 99.00 99.00 99.00 999 1010.0  10.7 999.0  10.2 99.0 99.00 
2024 06 06 14 00 324  9.7 11.8 99.00 99.00 99.00 999 1010.0  10.7 999.0  10.3 99.0 99.00 
2024 06 06 14 10 324  9.7 12.7  3.25 14.81  7.20 307 1010.1  10.6 999.0  10.2 99.0 99.00 
2024 06 06 14 20 323  9.4 11.8 99.00 99.00 99.00 999 1010.3  10.6 999.0  10.2 99.0 99.00 
2024 06 06 14 30 324  9.3 11.8 99.00 99.00 99.00 999 1010.4  10.5 999.0  10.1 99.0 99.00 
2024 06 06 14 40 324  9.1 11.5  3.37 14.81  7.49 308 1010.4  10.5 999.0  10.1 99.0 99.00 
2024 06 06 14 50 324  9.2 11.0 99.00 99.00 99.00 999 1010.6  10.5 999.0  10.2 99.0 99.00 
2024 06 06 15 00 325  9.2 12.0 99.00 99.00 99.00 999 1010.6  10.4 999.0  10.2 99.0 99.00 
2024 06 06 15 10 326  8.7 11.3  3.22 13.79  7.29 301 1010.6  10.4 999.0  10.2 99.0 99.00 
2024 06 06 15 20 326  8.5 10.3 99.00 99.00 99.00 999 1010.7  10.4 999.0  10.2 99.0 99.00 
2024 06 06 15 30 324  8.2 10.4 99.00 99.00 99.00 999 1010.8  10.3 999.0  10.1 99.0 99.00 
2024 06 06 15 40 324  7.8  9.9  3.30 13.79  7.52 309 1010.9  10.3 999.0  10.1 99.0 99.00 
2024 06 06 15 50 323  7.8 10.1 99.00 99.00 99.00 999 1010.9  10.3 999.0  10.1 99.0 99.00 
2024 06 06 16 00 322  7.7  9.5 99.00 99.00 99.00 999 1011.0  10.3 999.0  10.1 99.0 99.00 
2024 06 06 16 10 320  7.7 10.1  3.21 13.79  7.50 308 1011.1  10.3 999.0  10.1 99.0 99.00 
2024 06 06 16 20 319  8.1 10.5 99.00 99.00 99.00 999 1011.1  10.4 999.0  10.2 99.0 99.00 
2024 06 06 16 30 321  8.1  9.8 99.00 99.00 99.00 999 1011.1  10.4 999.0  10.2 99.0 99.00 
2024 06 06 16 40 321  8.2 10.6  3.30 14.81  7.71 302 1011.1  10.4 999.0  10.2 99.0 99.00 
2024 06 06 16 50 318  9.0 11.1 99.00 99.00 99.00 999 1011.0  10.4 999.0  10.2 99.0 99.00 
2024 06 06 17 00 320  9.3 11.4 99.00 99.00 99.00 999 1011.1  10.4 999.0  10.2 99.0 99.00 
2024 06 06 17 10 322  8.9 11.1  3.10 13.79  7.35 294 1011.1  10.4 999.0  10.3 99.0 99.00 
2024 06 06 17 20 323  7.9 10.6 99.00 99.00 99.00 999 1011.2  10.3 999.0  10.2 99.0 99.00 
2024 06 06 17 30 321  7.5  9.4 99.00 99.00 99.00 999 1011.4  10.4 999.0  10.2 99.0 99.00 
2024 06 06 17 40 320  7.5 10.0  2.76 12.90  7.03 314 1011.4  10.4 999.0  10.2 99.0 99.00 
2024 06 06 17 50 321  7.2  9.6 99.00 99.00 99.00 999 1011.4  10.5 999.0  10.3 99.0 99.00 
2024 06 06 18 00 321  8.8 11.2 99.00 99.00 99.00 999 1011.4  10.5 999.0  10.3 99.0 99.00 
2024 06 06 18 10 320  8.7 11.1  3.19 13.79  7.73 297 1011.5  10.4 999.0  10.2 99.0 99.00 
2024 06 06 18 20 319  7.8 10.1 99.00 99.00 99.00 999 1011.5  10.3 999.0  10.2 99.0 99.00 
2024 06 06 18 30 320  8.3 10.6 99.00 99.00 99.00 999 1011.4  10.2 999.0  10.1 99.0 99.00 
2024 06 06 18 40 318  8.6 11.0  3.00 12.12  7.57 307 1011.4  10.2 999.0  10.2 99.0 99.00 
2024 06 06 18 50 318  8.5 11.0 99.00 99.00 99.00 999 1011.4  10.1 999.0  10.1 99.0 99.00 
2024 06 06 19 00 319  8.4 10.6 99.00 99.00 99.00 999 1011.3  10.1 999.0  10.1 99.0 99.00 
2024 06 06 19 10 319  8.4 10.6  3.10 14.81  7.89 294 1011.4  10.2 999.0  10.2 99.0 99.00 
2024 06 06 19 20 319  8.5 10.6 99.00 99.00 99.00 999 1011.4  10.3 999.0  10.3 99.0 99.00 
2024 06 06 19 30 320  8.6 11.3 99.00 99.00 99.00 999 1011.4  10.3 999.0  10.2 99.0 99.00 
2024 06 06 19 40 320  8.5 10.7  2.83 13.79  7.45 291 1011.4  10.3 999.0  10.2 99.0 99.00 
2024 06 06 19 50 321  8.3 10.8 99.00 99.00 99.00 999 1011.2  10.3 999.0  10.2 99.0 99.00 
2024 06 06 20 00 320  8.6 11.5 99.00 99.00 99.00 999 1011.2  10.3 999.0  10.2 99.0 99.00 
2024 06 06 20 10 321  8.4 11.1  3.14 13.79  7.65 299 1011.2  10.4 999.0  10.3 99.0 99.00 
2024 06 06 20 20 319  8.8 10.7 99.00 99.00 99.00 999 1011.2  10.4 999.0  10.3 99.0 99.00 
2024 06 06 20 30 321  8.7 11.3 99.00 99.00 99.00 999 1011.0  10.4 999.0  10.3 99.0 99.00 
2024 06 06 20 40 321  8.3 10.8  2.82 12.90  7.46 298 1011.1  10.5 999.0  10.4 99.0 99.00 
2024 06 06 20 50 321  8.4 10.7 99.00 99.00 99.00 999 1010.9  10.6 999.0  10.5 99.0 99.00 
2024 06 06 21 00 322  7.8  9.7 99.00 99.00 99.00 999 1010.9  10.6 999.0  10.5 99.0 99.00 
2024 06 06 21 10 317  7.0  8.9  2.65 14.81  7.16 291 1010.8  10.6 999.0  10.5 99.0 99.00 
2024 06 06 21 20 314  6.1  8.2 99.00 99.00 99.00 999 1010.9  10.6 999.0  10.5 99.0 99.00 
2024 06 06 21 30 314  5.8  7.7 99.00 99.00 99.00 999 1010.8  10.7 999.0  10.6 99.0 99.00 
2024 06 06 21 40 313  6.0  7.7  2.52 13.79  7.36 307 1010.8  10.8 999.0  10.6 99.0 99.00 
2024 06 06 21 50 313  6.3  8.0 99.00 99.00 99.00 999 1010.8  10.9 999.0  10.7 99.0 99.00 
2024 06 06 22 00 311  6.8  8.7 99.00 99.00 99.00 999 1010.7  11.0 999.0  10.7 99.0 99.00 
2024 06 06 22 10 312  7.1  9.3  2.83 11.43  7.75 303 1010.6  11.1 999.0  10.7 99.0 99.00 
2024 06 06 22 20 311  7.2  9.6 99.00 99.00 99.00 999 1010.5  11.1 999.0  10.7 99.0 99.00 
2024 06 06 22 30 313  6.7  8.4 99.00 99.00 99.00 999 1010.5  11.1 999.0  10.7 99.0 99.00 
2024 06 06 22 40 312  6.9  8.6  2.85 13.79  7.64 299 1010.5  11.2 999.0  10.8 99.0 99.00 
2024 06 06 22 50 309  6.6  8.5 99.00 99.00 99.00 999 1010.5  11.2 999.0  10.8 99.0 99.00 
2024 06 06 23 00 304  6.1  7.9 99.00 99.00 99.00 999 1010.3  11.2 999.0  10.8 99.0 99.00 
2024 06 06 23 10 308  5.9  7.6  2.78 13.79  7.39 298 1010.3  11.2 999.0  10.8 99.0 99.00 
2024 06 06 23 20 307  5.7  7.6 99.00 99.00 99.00 999 1010.3  11.2 999.0  10.8 99.0 99.00 
2024 06 06 23 30 307  5.6  7.4 99.00 99.00 99.00 999 1010.1  11.2 999.0  10.8 99.0 99.00 
2024 06 06 23 40 304  5.9  7.5  2.98 13.79  7.85 298 1010.0  11.2 999.0  10.7 99.0 99.00 
2024 06 06 23 50 307  5.9  7.7 99.00 99.00 99.00 999 1009.9  11.2 999.0  10.7 99.0 99.00 
2024 06 07 00 00 307  5.7  7.7 99.00 99.00 99.00 999 1009.8  11.2 999.0  10.7 99.0 99.00 
2024 06 07 00 10 307  5.5  7.2  3.11 13.79  8.28 303 1009.6  11.2 999.0  10.7 99.0 99.00 
2024 06 07 00 20 306  5.4  7.0 99.00 99.00 99.00 999 1009.5  11.3 999.0  10.8 99.0 99.00 
2024 06 07 00 30 306  5.4  6.8 99.00 99.00 99.00 999 1009.5  11.3 999.0  10.8 99.0 99.00 
2024 06 07 00 40 304  5.2  6.8  2.83 12.90  7.93 300 1009.4  11.3 999.0  10.8 99.0 99.00 
2024 06 07 00 50 300  5.3  7.0 99.00 99.00 99.00 999 1009.3  11.3 999.0  10.8 99.0 99.00 
2024 06 07 01 00 300  5.0  6.8 99.00 99.00 99.00 999 1009.2  11.3 999.0  10.8 99.0 99.00 
2024 06 07 01 10 298  5.1  6.8  2.84 12.90  8.03 306 1009.1  11.3 999.0  10.7 99.0 99.00 
2024 06 07 01 20 298  4.7  6.5 99.00 99.00 99.00 999 1009.0  11.3 999.0  10.6 99.0 99.00 
2024 06 07 01 30 300  4.7  6.2 99.00 99.00 99.00 999 1008.9  11.3 999.0  10.6 99.0 99.00 
2024 06 07 01 40 300  4.6  6.6  2.99 12.90  7.94 316 1008.9  11.3 999.0  10.6 99.0 99.00 
2024 06 07 01 50 305  5.1  7.4 99.00 99.00 99.00 999 1008.7  11.4 999.0  10.7 99.0 99.00 
2024 06 07 02 00 307  5.1  6.8 99.00 99.00 99.00 999 1008.7  11.4 999.0  10.7 99.0 99.00 
2024 06 07 02 10 303  5.0  6.5  2.78 13.79  7.70 303 1008.7  11.4 999.0  10.7 99.0 99.00 
2024 06 07 02 20 299  4.9  6.6 99.00 99.00 99.00 999 1008.7  11.3 999.0  10.6 99.0 99.00 
2024 06 07 02 30 297  4.8  6.3 99.00 99.00 99.00 999 1008.7  11.3 999.0  10.6 99.0 99.00 
2024 06 07 02 40 298  5.2  6.6  2.72 12.90  7.53 310 1008.6  11.3 999.0  10.6 99.0 99.00 
2024 06 07 02 50 299  5.2  6.9 99.00 99.00 99.00 999 1008.6  11.4 999.0  10.7 99.0 99.00 
2024 06 07 03 00 299  5.3  6.9 99.00 99.00 99.00 999 1008.6  11.4 999.0  10.7 99.0 99.00 
2024 06 07 03 10 296  5.4  6.8  2.71 12.12  7.63 304 1008.6  11.4 999.0  10.7 99.0 99.00 
2024 06 07 03 20 298  5.2  6.6 99.00 99.00 99.00 999 1008.6  11.3 999.0  10.6 99.0 99.00 
2024 06 07 03 30 297  4.6  6.2 99.00 99.00 99.00 999 1008.6  11.3 999.0  10.6 99.0 99.00 
2024 06 07 03 40 293  4.7  6.3  3.01 12.90  7.85 294 1008.7  11.2 999.0  10.5 99.0 99.00 
2024 06 07 03 50 289  4.5  6.0 99.00 99.00 99.00 999 1008.7  11.1 999.0  10.5 99.0 99.00 
2024 06 07 04 00 290  4.6  6.3 99.00 99.00 99.00 999 1008.7  11.1 999.0  10.6 99.0 99.00 
2024 06 07 04 10 292  4.3  6.0  2.85 12.12  7.65 308 1008.7  11.1 999.0  10.6 99.0 99.00 
2024 06 07 04 20 287  4.6  6.1 99.00 99.00 99.00 999 1008.7  11.1 999.0  10.6 99.0 99.00 
2024 06 07 04 30 286  4.9  6.4 99.00 99.00 99.00 999 1008.9  11.0 999.0  10.5 99.0 99.00 
2024 06 07 04 40 288  5.5  7.4  2.49 11.43  7.16 287 1008.9  11.0 999.0  10.5 99.0 99.00 
2024 06 07 04 50 290  6.0  7.5 99.00 99.00 99.00 999 1008.9  11.0 999.0  10.3 99.0 99.00 
2024 06 07 05 00 290  5.9  7.7 99.00 99.00 99.00 999 1009.0  11.0 999.0  10.3 99.0 99.00 
2024 06 07 05 10 296  5.7  7.6  2.78 10.81  7.71 296 1009.0  11.0 999.0  10.2 99.0 99.00 
2024 06 07 05 20 299  6.4  8.3 99.00 99.00 99.00 999 1009.1  11.1 999.0  10.2 99.0 99.00 
2024 06 07 05 30 304  6.8  8.6 99.00 99.00 99.00 999 1009.2  11.1 999.0  10.1 99.0 99.00 
2024 06 07 05 40 311  7.3  9.5  2.61 11.43  7.35 296 1009.0  11.2 999.0  10.2 99.0 99.00 
2024 06 07 05 50 314  7.7  9.5 99.00 99.00 99.00 999 1008.9  11.2 999.0  10.2 99.0 99.00 
2024 06 07 06 00 320  7.9  9.7 99.00 99.00 99.00 999 1008.6  11.3 999.0  10.3 99.0 99.00 
2024 06 07 06 10 325  8.1 10.5  2.80 12.90  7.49 294 1008.5  11.3 999.0  10.3 99.0 99.00 
2024 06 07 06 20 323  7.9  9.8 99.00 99.00 99.00 999 1008.7  11.2 999.0  10.2 99.0 99.00 
2024 06 07 06 30 320  7.3  9.4 99.00 99.00 99.00 999 1008.5  11.0 999.0  10.1 99.0 99.00 
2024 06 07 06 40 315  7.5  9.6  2.85 12.12  7.43 303 1008.6  11.0 999.0  10.2 99.0 99.00 
2024 06 07 06 50 314  7.6  9.5 99.00 99.00 99.00 999 1008.7  10.9 999.0  10.1 99.0 99.00 
2024 06 07 07 00 315  7.5  9.8 99.00 99.00 99.00 999 1008.7  10.9 999.0  10.1 99.0 99.00 
2024 06 07 07 10 316  7.4  9.8  2.88 12.90  7.40 294 1008.6  10.9 999.0  10.1 99.0 99.00 
2024 06 07 07 20 318  7.7 10.2 99.00 99.00 99.00 999 1008.5  11.0 999.0  10.1 99.0 99.00 
2024 06 07 07 30 323  8.5 10.6 99.00 99.00 99.00 999 1008.4  11.1 999.0  10.1 99.0 99.00 
2024 06 07 07 40 323  8.2 10.1  2.91 12.12  7.49 299 1008.5  10.9 999.0  10.1 99.0 99.00 
2024 06 07 07 50 316  8.4 11.3 99.00 99.00 99.00 999 1008.5  10.8 999.0  10.0 99.0 99.00 
2024 06 07 08 00 317  8.9 10.9 99.00 99.00 99.00 999 1008.4  10.6 999.0   9.9 99.0 99.00 
2024 06 07 08 10 318  8.8 10.7  2.56 12.12  7.00 303 1008.2  10.5 999.0   9.8 99.0 99.00 
2024 06 07 08 20 323  8.1 10.6 99.00 99.00 99.00 999 1008.3  10.2 999.0   9.7 99.0 99.00 
2024 06 07 08 30 326  6.9  9.1 99.00 99.00 99.00 999 1008.4  10.0 999.0   9.7 99.0 99.00 
2024 06 07 08 40 322  6.7  8.1  2.64 12.90  7.28 299 1008.6   9.8 999.0   9.6 99.0 99.00 
2024 06 07 08 50 323  6.5  8.1 99.00 99.00 99.00 999 1008.7   9.8 999.0   9.6 99.0 99.00 
2024 06 07 09 00 319  6.2  7.6 99.00 99.00 99.00 999 1008.8   9.8 999.0   9.7 99.0 99.00 
2024 06 07 09 10 327  6.0  7.6  2.57  9.09  6.97 302 1008.6   9.9 999.0   9.7 99.0 99.00 
2024 06 07 09 20 333  5.9  7.7 99.00 99.00 99.00 999 1008.7  10.0 999.0   9.8 99.0 99.00 
2024 06 07 09 30 333  5.9  8.0 99.00 99.00 99.00 999 1008.9  10.2 999.0   9.9 99.0 99.00 
2024 06 07 09 40 332  6.8  8.5  2.61 12.90  7.59 302 1009.0  10.2 999.0   9.8 99.0 99.00 
2024 06 07 09 50 338  6.2  7.7 99.00 99.00 99.00 999 1008.9  10.2 999.0   9.8 99.0 99.00 
2024 06 07 10 00 336  5.3  6.9 99.00 99.00 99.00 999 1008.9  10.1 999.0   9.7 99.0 99.00 
2024 06 07 10 10 332  4.8  6.5  2.54 11.43  7.53 298 1008.9  10.1 999.0   9.7 99.0 99.00 
2024 06 07 10 20 322  5.7  7.1 99.00 99.00 99.00 999 1008.9  10.1 999.0   9.7 99.0 99.00 
2024 06 07 10 30 323  6.2  8.0 99.00 99.00 99.00 999 1009.0   9.9 999.0   9.7 99.0 99.00 
2024 06 07 10 40 332  6.4  8.1  2.48 12.12  7.47 303 1009.1  10.0 999.0   9.7 99.0 99.00 
2024 06 07 10 50 337  6.0  7.2 99.00 99.00 99.00 999 1009.1  10.3 999.0   9.9 99.0 99.00 
2024 06 07 11 00 335  5.8  7.4 99.00 99.00 99.00 999 1009.0  10.4 999.0  10.0 99.0 99.00 
2024 06 07 11 10 339  5.8  7.5  2.58 11.43  7.67 292 1008.9  10.5 999.0  10.0 99.0 99.00 
2024 06 07 11 20 340  4.6  6.4 99.00 99.00 99.00 999 1008.9  10.4 999.0   9.9 99.0 99.00 
2024 06 07 11 30 342  4.0  5.1 99.00 99.00 99.00 999 1008.7  10.2 999.0   9.8 99.0 99.00 
2024 06 07 11 40 338  3.6  4.9  2.63 12.90  8.08 298 1008.6  10.2 999.0   9.8 99.0 99.00 
2024 06 07 11 50 334  4.0  5.3 99.00 99.00 99.00 999 1008.6   9.9 999.0   9.6 99.0 99.00 
2024 06 07 12 00 337  3.7  4.9 99.00 99.00 99.00 999 1008.4   9.7 999.0   9.5 99.0 99.00 
2024 06 07 12 10 343  4.1  5.3  2.60 12.90  7.98 301 1008.4   9.7 999.0   9.6 99.0 99.00 
2024 06 07 12 20 344  4.1  5.1 99.00 99.00 99.00 999 1008.5   9.7 999.0   9.6 99.0 99.00 
2024 06 07 12 30 356  3.9  5.1 99.00 99.00 99.00 999 1008.4   9.8 999.0   9.7 99.0 99.00 
2024 06 07 12 40  13  4.1  5.2  2.43 12.12  7.90 300 1008.3  10.0 999.0   9.9 99.0 99.00 
2024 06 07 12 50   5  3.5  5.0 99.00 99.00 99.00 999 1008.6  10.1 999.0  10.0 99.0 99.00 
2024 06 07 13 00 355  3.0  4.2 99.00 99.00 99.00 999 1008.7  10.3 999.0  10.1 99.0 99.00 
2024 06 07 13 10  12  2.7  3.8  2.39 10.81  7.86 294 1009.0  10.3 999.0  10.1 99.0 99.00 
2024 06 07 13 20  31  2.1  3.1 99.00 99.00 99.00 999 1008.9  10.4 999.0  10.2 99.0 99.00 
2024 06 07 13 30  54  1.5  4.2 99.00 99.00 99.00 999 1009.1  10.5 999.0  10.2 99.0 99.00 
2024 06 07 13 40  51  1.2  2.3  2.32 12.12  8.01 298 1009.1  10.6 999.0  10.2 99.0 99.00 
2024 06 07 13 50  50  1.0  2.2 99.00 99.00 99.00 999 1009.1  10.6 999.0  10.2 99.0 99.00 
2024 06 07 14 00  40  0.3  1.7 99.00 99.00 99.00 999 1009.1  10.7 999.0  10.3 99.0 99.00 
2024 06 07 14 10   8  0.2  1.3  2.42 12.90  8.06 290 1009.1  10.9 999.0  10.4 99.0 99.00 
2024 06 07 14 20 339  0.4  1.8 99.00 99.00 99.00 999 1009.3  11.0 999.0  10.5 99.0 99.00 
2024 06 07 14 30 289  1.1  2.4 99.00 99.00 99.00 999 1009.3  10.8 999.0  10.3 99.0 99.00 
2024 06 07 14 40 285  1.4  2.9  2.48 12.12  7.95 296 1009.4  10.7 999.0  10.2 99.0 99.00 
2024 06 07 14 50 278  1.4  2.9 99.00 99.00 99.00 999 1009.6  10.8 999.0  10.3 99.0 99.00 
2024 06 07 15 00 262  1.4  2.8 99.00 99.00 99.00 999 1009.6  10.9 999.0  10.4 99.0 99.00 
2024 06 07 15 10 139  0.9  2.5  2.32 12.90  7.78 295 1009.7  11.1 999.0  10.5 99.0 99.00 
2024 06 07 15 20 146  0.3  2.0 99.00 99.00 99.00 999 1009.6  11.3 999.0  10.6 99.0 99.00 
2024 06 07 15 30 109  0.2  1.4 99.00 99.00 99.00 999 1009.7  11.3 999.0  10.6 99.0 99.00 
2024 06 07 15 40  85  0.2  2.3  2.24 12.90  7.70 296 1009.7  11.4 999.0  10.6 99.0 99.00 
2024 06 07 15 50 134  0.9  3.0 99.00 99.00 99.00 999 1009.8  11.4 999.0  10.6 99.0 99.00 
2024 06 07 16 00 143  1.5  3.3 99.00 99.00 99.00 999 1009.9  11.2 999.0  10.4 99.0 99.00 
2024 06 07 16 10 179  1.4  3.7  2.50 12.12  8.20 290 1010.1  11.0 999.0  10.4 99.0 99.00 
2024 06 07 16 20 200  1.0  2.1 99.00 99.00 99.00 999 1010.0  11.2 999.0  10.6 99.0 99.00 
2024 06 07 16 30 231  0.9  2.0 99.00 99.00 99.00 999 1010.1  11.2 999.0  10.5 99.0 99.00 
2024 06 07 16 40 249  1.0  1.9  2.25 11.43  7.84 284 1010.0  11.2 999.0  10.5 99.0 99.00 
2024 06 07 16 50 274  1.4  2.3 99.00 99.00 99.00 999 1010.1  11.1 999.0  10.5 99.0 99.00 
2024 06 07 17 00 265  1.6  2.6 99.00 99.00 99.00 999 1010.2  10.9 999.0  10.4 99.0 99.00 
2024 06 07 17 10 253  1.3  2.4  2.27 11.43  7.87 292 1010.3  10.9 999.0  10.5 99.0 99.00 
2024 06 07 17 20 244  1.1  1.9 99.00 99.00 99.00 999 1010.4  11.0 999.0  10.5 99.0 99.00 
2024 06 07 17 30 243  1.2  2.2 99.00 99.00 99.00 999 1010.4  11.2 999.0  10.7 99.0 99.00 
2024 06 07 17 40 230  1.3  2.7  2.38 11.43  8.03 298 1010.3  11.3 999.0  10.8 99.0 99.00 
2024 06 07 17 50 211  1.7  2.7 99.00 99.00 99.00 999 1010.4  11.4 999.0  10.8 99.0 99.00 
2024 06 07 18 00 213  1.9  2.9 99.00 99.00 99.00 999 1010.4  11.5 999.0  10.8 99.0 99.00 
2024 06 07 18 10 216  1.7  2.8  2.27 12.12  7.93 280 1010.4  11.6 999.0  10.8 99.0 99.00 
2024 06 07 18 20 211  1.9  2.7 99.00 99.00 99.00 999 1010.5  11.6 999.0  10.8 99.0 99.00 
2024 06 07 18 30 213  1.8  2.7 99.00 99.00 99.00 999 1010.5  11.6 999.0  10.8 99.0 99.00 
2024 06 07 18 40 216  1.8  2.7  2.05 12.12  7.59 285 1010.7  11.6 999.0  10.9 99.0 99.00 
2024 06 07 18 50 221  2.1  2.8 99.00 99.00 99.00 999 1010.8  11.6 999.0  10.9 99.0 99.00 
2024 06 07 19 00 223  2.0  2.9 99.00 99.00 99.00 999 1010.8  11.6 999.0  10.9 99.0 99.00 
2024 06 07 19 10 224  1.8  3.0  2.48 12.12  8.12 292 1010.9  11.6 999.0  10.9 99.0 99.00 
2024 06 07 19 20 206  1.1  2.0 99.00 99.00 99.00 999 1010.8  11.8 999.0  11.1 99.0 99.00 
2024 06 07 19 30 165  0.9  2.5 99.00 99.00 99.00 999 1010.9  12.0 999.0  11.2 99.0 99.00 
2024 06 07 19 40 171  1.5  2.9  2.11 12.90  7.56 300 1010.9  12.0 999.0  11.0 99.0 99.00 
2024 06 07 19 50 166  2.0  3.2 99.00 99.00 99.00 999 1011.0  12.0 999.0  11.0 99.0 99.00 
2024 06 07 20 00 189  1.9  3.3 99.00 99.00 99.00 999 1011.0  11.9 999.0  11.1 99.0 99.00 
2024 06 07 20 10 230  1.6  2.6  2.02  9.09  7.34 299 1011.0  12.0 999.0  11.1 99.0 99.00 
2024 06 07 20 20 247  2.1  3.2 99.00 99.00 99.00 999 1011.1  11.9 999.0  11.0 99.0 99.00 
2024 06 07 20 30 243  2.4  3.5 99.00 99.00 99.00 999 1011.1  11.8 999.0  11.0 99.0 99.00 
2024 06 07 20 40 244  2.3  3.4  2.20 10.00  7.65 290 1011.2  11.7 999.0  11.0 99.0 99.00 
2024 06 07 20 50 251  2.4  3.5 99.00 99.00 99.00 999 1011.2  11.6 999.0  11.0 99.0 99.00 
2024 06 07 21 00 260  2.1  3.4 99.00 99.00 99.00 999 1011.2  11.5 999.0  11.0 99.0 99.00 
2024 06 07 21 10 264  2.4  4.2  2.22 12.90  7.51 290 1011.2  11.5 999.0  11.0 99.0 99.00 
2024 06 07 21 20 284  2.0  3.3 99.00 99.00 99.00 999 1011.1  11.4 999.0  10.8 99.0 99.00 
2024 06 07 21 30 282  2.1  3.4 99.00 99.00 99.00 999 1011.2  11.4 999.0  10.8 99.0 99.00 
2024 06 07 21 40 290  2.0  3.1  2.18 12.12  7.66 292 1011.1  11.3 999.0  10.8 99.0 99.00 
2024 06 07 21 50 288  1.9  3.2 99.00 99.00 99.00 999 1011.1  11.4 999.0  10.9 99.0 99.00 
2024 06 07 22 00 316  1.6  2.8 99.00 99.00 99.00 999 1011.0  11.4 999.0  10.9 99.0 99.00 
2024 06 07 22 10 351  1.5  2.3  1.84 10.00  7.11 298 1010.9  11.4 999.0  10.9 99.0 99.00 
2024 06 07 22 20  14  1.7  2.7 99.00 99.00 99.00 999 1010.8  11.5 999.0  11.0 99.0 99.00 
2024 06 07 22 30  10  1.8  2.8 99.00 99.00 99.00 999 1011.0  11.5 999.0  11.0 99.0 99.00 
2024 06 07 22 40  13  2.0  3.2  2.19 12.90  7.96 287 1011.0  11.6 999.0  10.9 99.0 99.00 
2024 06 07 22 50  16  2.4  3.4 99.00 99.00 99.00 999 1011.2  11.6 999.0  11.0 99.0 99.00 
2024 06 07 23 00   3  2.6  3.8 99.00 99.00 99.00 999 1011.3  11.5 999.0  10.9 99.0 99.00 
2024 06 07 23 10 346  2.4  3.6  2.35 12.12  8.26 295 1011.5  11.6 999.0  11.1 99.0 99.00 
2024 06 07 23 20 322  3.3  5.3 99.00 99.00 99.00 999 1011.7  11.6 999.0  11.1 99.0 99.00 
2024 06 07 23 30 327  4.7  6.3 99.00 99.00 99.00 999 1011.6  11.2 999.0  10.8 99.0 99.00 
2024 06 07 23 40 338  4.4  5.6  2.32 12.12  8.22 303 1011.5  11.0 999.0  10.8 99.0 99.00 
2024 06 07 23 50 347  3.7  5.1 99.00 99.00 99.00 999 1011.3  11.0 999.0  10.9 99.0 99.00 
2024 06 08 00 00 348  3.6  4.6 99.00 99.00 99.00 999 1011.3  11.1 999.0  11.0 99.0 99.00 
2024 06 08 00 10 349  3.6  4.6  2.01 12.12  7.64 290 1011.4  11.1 999.0  10.9 99.0 99.00 
2024 06 08 00 20 344  3.2  4.3 99.00 99.00 99.00 999 1011.5  11.2 999.0  11.0 99.0 99.00 
2024 06 08 00 30 334  2.1  3.8 99.00 99.00 99.00 999 1011.5  11.3 999.0  11.1 99.0 99.00 
2024 06 08 00 40 335  1.2  2.2  1.95 12.12  7.82 300 1011.4  11.5 999.0  11.1 99.0 99.00 
2024 06 08 00 50 325  1.6  2.8 99.00 99.00 99.00 999 1011.4  11.6 999.0  11.2 99.0 99.00 
2024 06 08 01 00 320  2.0  3.3 99.00 99.00 99.00 999 1011.4  11.6 999.0  11.1 99.0 99.00 
2024 06 08 01 10 320  2.2  3.3  1.99 12.12  7.76 299 1011.2  11.7 999.0  11.2 99.0 99.00 
2024 06 08 01 20 324  2.0  3.4 99.00 99.00 99.00 999 1011.1  11.7 999.0  11.2 99.0 99.00 
2024 06 08 01 30 330  1.4  2.7 99.00 99.00 99.00 999 1011.0  11.7 999.0  11.2 99.0 99.00 
2024 06 08 01 40 320  2.4  3.8  2.20 12.12  8.37 299 1010.9  11.9 999.0  11.4 99.0 99.00 
2024 06 08 01 50 312  2.3  3.5 99.00 99.00 99.00 999 1010.9  12.0 999.0  11.5 99.0 99.00 
2024 06 08 02 00 289  2.0  3.1 99.00 99.00 99.00 999 1010.8  12.1 999.0  11.6 99.0 99.00 
2024 06 08 02 10 277  1.7  2.9  1.81 11.43  7.61 305 1010.8  12.1 999.0  11.6 99.0 99.00 
2024 06 08 02 20 266  2.4  3.4 99.00 99.00 99.00 999 1010.8  12.0 999.0  11.5 99.0 99.00 
2024 06 08 02 30 283  3.3  4.5 99.00 99.00 99.00 999 1010.7  12.0 999.0  11.6 99.0 99.00 
2024 06 08 02 40 281  4.2  5.5  1.70 11.43  7.25 302 1010.9  12.1 999.0  11.7 99.0 99.00 
2024 06 08 02 50 276  4.0  6.1 99.00 99.00 99.00 999 1010.9  12.0 999.0  11.6 99.0 99.00 
2024 06 08 03 00 263  3.9  5.5 99.00 99.00 99.00 999 1011.0  12.1 999.0  11.7 99.0 99.00 
2024 06 08 03 10 254  4.1  5.1  1.77 12.12  7.68 298 1011.2  12.0 999.0  11.7 99.0 99.00 
2024 06 08 03 20 241  3.9  5.1 99.00 99.00 99.00 999 1011.2  11.8 999.0  11.6 99.0 99.00 
2024 06 08 03 30 234  3.6  4.8 99.00 99.00 99.00 999 1011.3  11.7 999.0  11.5 99.0 99.00 
2024 06 08 03 40 240  3.6  4.9  1.92 11.43  7.68 300 1011.2  11.7 999.0  11.5 99.0 99.00 
2024 06 08 03 50 240  3.8  5.0 99.00 99.00 99.00 999 1011.1  11.6 999.0  11.4 99.0 99.00 
2024 06 08 04 00 254  3.9  4.9 99.00 99.00 99.00 999 1011.3  11.6 999.0  11.5 99.0 99.00 
2024 06 08 04 10 260  3.7  4.9  1.79 12.12  7.51 288 1011.5  11.6 999.0  11.5 99.0 99.00 
2024 06 08 04 20 274  4.1  6.1 99.00 99.00 99.00 999 1011.5  11.6 999.0  11.5 99.0 99.00 
2024 06 08 04 30 285  4.3  5.4 99.00 99.00 99.00 999 1011.5  11.4 999.0  11.3 99.0 99.00 
2024 06 08 04 40 297  3.6  4.9  1.84 12.12  7.53 297 1011.5  11.3 999.0  11.2 99.0 99.00 
2024 06 08 04 50 308  3.1  4.2 99.00 99.00 99.00 999 1011.7  11.4 999.0  11.3 99.0 99.00 
2024 06 08 05 00 298  3.5  5.1 99.00 99.00 99.00 999 1011.8  11.5 999.0  11.4 99.0 99.00 
2024 06 08 05 10 295  4.6  5.8  1.92 12.12  7.35 288 1011.7  11.6 999.0  11.5 99.0 99.00 
2024 06 08 05 20 298  4.6  5.8 99.00 99.00 99.00 999 1011.7  11.6 999.0  11.5 99.0 99.00 
2024 06 08 05 30 292  4.5  5.5 99.00 99.00 99.00 999 1011.9  11.6 999.0  11.5 99.0 99.00 
2024 06 08 05 40 289  4.4  5.7  1.97 11.43  7.03 286 1011.8  11.5 999.0  11.4 99.0 99.00 
2024 06 08 05 50 289  5.5  6.8 99.00 99.00 99.00 999 1011.8  11.7 999.0  11.6 99.0 99.00 
2024 06 08 06 00 295  4.9  6.4 99.00 99.00 99.00 999 1011.8  11.6 999.0  11.5 99.0 99.00 
2024 06 08 06 10 298  5.5  7.0  1.97 11.43  6.83 297 1011.9  11.7 999.0  11.6 99.0 99.00 
2024 06 08 06 20 305  6.1  7.8 99.00 99.00 99.00 999 1011.9  11.8 999.0  11.7 99.0 99.00 
2024 06 08 06 30 299  7.1  9.0 99.00 99.00 99.00 999 1012.2  11.9 999.0  11.8 99.0 99.00 
2024 06 08 06 40 295  8.1  9.5  1.82 12.12  6.45 297 1011.9  12.0 999.0  11.9 99.0 99.00 
2024 06 08 06 50 290  8.0 10.5 99.00 99.00 99.00 999 1011.9  11.9 999.0  11.8 99.0 99.00 
2024 06 08 07 00 299  7.9  9.8 99.00 99.00 99.00 999 1011.6  12.1 999.0  12.0 99.0 99.00 
2024 06 08 07 10 310  7.6  9.5  1.81 12.12  6.03 283 1011.5  12.1 999.0  11.9 99.0 99.00 
2024 06 08 07 20 302  7.4  9.0 99.00 99.00 99.00 999 1011.9  12.1 999.0  12.0 99.0 99.00 
2024 06 08 07 30 303  7.1  9.1 99.00 99.00 99.00 999 1011.3  12.0 999.0  11.9 99.0 99.00 
2024 06 08 07 40 341  8.3 10.1  1.91 12.12  6.48 287 1010.2  11.9 999.0  11.8 99.0 99.00 
2024 06 08 07 50 338  7.1  9.5 99.00 99.00 99.00 999 1010.4  11.6 999.0  11.5 99.0 99.00 
2024 06 08 08 00 333  6.9  9.0 99.00 99.00 99.00 999 1010.5  11.7 999.0  11.6 99.0 99.00 
2024 06 08 08 10 323  7.0  9.2  1.80 12.12  6.38 292 1010.3  11.8 999.0  11.7 99.0 99.00 
2024 06 08 08 20 317  7.2  9.2 99.00 99.00 99.00 999 1010.5  11.9 999.0  11.7 99.0 99.00 
2024 06 08 08 30 307  7.8 10.8 99.00 99.00 99.00 999 1010.2  11.8 999.0  11.6 99.0 99.00 
2024 06 08 08 40 300  8.4 10.5  1.83 12.12  6.51 292 1010.1  11.7 999.0  11.5 99.0 99.00 
2024 06 08 08 50 295  8.9 10.7 99.00 99.00 99.00 999 1010.2  11.7 999.0  11.5 99.0 99.00 
2024 06 08 09 00 295  8.6 10.2 99.00 99.00 99.00 999 1010.1  11.7 999.0  11.5 99.0 99.00 
2024 06 08 09 10 307  8.9 11.3  1.83 12.90  6.22 278 1010.1  11.8 999.0  11.6 99.0 99.00 
2024 06 08 09 20 313  9.5 11.8 99.00 99.00 99.00 999 1010.3  11.8 999.0  11.6 99.0 99.00 
2024 06 08 09 30 313  8.9 11.2 99.00 99.00 99.00 999 1010.6  11.7 999.0  11.5 99.0 99.00 
2024 06 08 09 40 307  9.1 11.6  1.87 10.81  6.02 299 1010.6  11.6 999.0  11.4 99.0 99.00 
2024 06 08 09 50 303  8.5 10.7 99.00 99.00 99.00 999 1010.7  11.5 999.0  11.4 99.0 99.00 
2024 06 08 10 00 306  8.7 11.6 99.00 99.00 99.00 999 1010.6  11.5 999.0  11.4 99.0 99.00 
2024 06 08 10 10 306  9.1 11.6  1.88 11.43  6.10 289 1010.6  11.4 999.0  11.3 99.0 99.00 
2024 06 08 10 20 305  8.6 10.3 99.00 99.00 99.00 999 1010.6  11.3 999.0  11.2 99.0 99.00 
2024 06 08 10 30 308  8.9 11.2 99.00 99.00 99.00 999 1010.5  11.3 999.0  11.3 99.0 99.00 
2024 06 08 10 40 305  8.9 11.7  1.84 12.12  5.89 293 1010.6  11.2 999.0  11.2 99.0 99.00 
2024 06 08 10 50 309  8.9 11.5 99.00 99.00 99.00 999 1010.4  11.1 999.0  11.1 99.0 99.00 
2024 06 08 11 00 309  9.2 11.2 99.00 99.00 99.00 999 1010.4  11.0 999.0  11.0 99.0 99.00 
2024 06 08 11 10 311  8.9 11.0  1.90 10.81  6.01 305 1010.4  10.9 999.0  10.9 99.0 99.00 
2024 06 08 11 20 312  9.4 11.7 99.00 99.00 99.00 999 1010.3  10.8 999.0  10.8 99.0 99.00 
2024 06 08 11 30 317  9.8 12.4 99.00 99.00 99.00 999 1010.2  10.7 999.0  10.7 99.0 99.00 
2024 06 08 11 40 317  9.8 12.1  1.75 11.43  5.45 294 1010.3  10.7 999.0  10.7 99.0 99.00 
2024 06 08 11 50 316  9.5 11.8 99.00 99.00 99.00 999 1010.4  10.7 999.0  10.7 99.0 99.00 
2024 06 08 12 00 320 10.8 13.9 99.00 99.00 99.00 999 1010.4  10.7 999.0  10.7 99.0 99.00 
2024 06 08 12 10 321 10.6 13.6  1.92 11.43  5.86 296 1010.4  10.6 999.0  10.6 99.0 99.00 
2024 06 08 12 20 321  9.6 12.3 99.00 99.00 99.00 999 1010.4  10.6 999.0  10.6 99.0 99.00 
2024 06 08 12 30 322  9.5 11.7 99.00 99.00 99.00 999 1010.6  10.6 999.0  10.6 99.0 99.00 
2024 06 08 12 40 321  8.4 10.5  1.89 10.81  5.70 301 1010.4  10.6 999.0  10.6 99.0 99.00 
2024 06 08 12 50 325  9.1 11.3 99.00 99.00 99.00 999 1010.4  10.7 999.0  10.7 99.0 99.00 
2024 06 08 13 00 328  9.1 11.2 99.00 99.00 99.00 999 1010.3  10.7 999.0  10.7 99.0 99.00 
2024 06 08 13 10 324  8.4 10.2  1.76 10.81  5.58 286 1010.4  10.6 999.0  10.6 99.0 99.00 
2024 06 08 13 20 325  7.8  9.7 99.00 99.00 99.00 999 1010.6  10.6 999.0  10.6 99.0 99.00 
2024 06 08 13 30 327  7.7  9.6 99.00 99.00 99.00 999 1010.6  10.7 999.0  10.7 99.0 99.00 
2024 06 08 13 40 333  6.8  8.5  1.88 10.00  5.77 308 1010.6  10.6 999.0  10.6 99.0 99.00 
2024 06 08 13 50 333  6.0  7.7 99.00 99.00 99.00 999 1010.8  10.6 999.0  10.6 99.0 99.00 
2024 06 08 14 00 332  6.5  8.4 99.00 99.00 99.00 999 1010.6  10.7 999.0  10.7 99.0 99.00 
2024 06 08 14 10 337  6.6  8.0  1.82 12.12  5.86 286 1010.7  10.7 999.0  10.7 99.0 99.00 
2024 06 08 14 20 337  6.3  7.6 99.00 99.00 99.00 999 1010.8  10.7 999.0  10.7 99.0 99.00 
2024 06 08 14 30 336  5.8  7.3 99.00 99.00 99.00 999 1011.0  10.7 999.0  10.7 99.0 99.00 
2024 06 08 14 40 334  6.3  7.9  1.84 10.00  6.19 300 1010.9  10.6 999.0  10.6 99.0 99.00 
2024 06 08 14 50 332  6.6  8.5 99.00 99.00 99.00 999 1011.0  10.6 999.0  10.6 99.0 99.00 
2024 06 08 15 00 333  7.1  8.8 99.00 99.00 99.00 999 1010.9  10.4 999.0  10.4 99.0 99.00 
2024 06 08 15 10 334  7.0  9.2  1.76 10.00  5.90 288 1011.1  10.4 999.0  10.4 99.0 99.00 
2024 06 08 15 20 337  6.7  7.9 99.00 99.00 99.00 999 1011.1  10.3 999.0  10.3 99.0 99.00 
2024 06 08 15 30 336  6.0  7.2 99.00 99.00 99.00 999 1011.2  10.3 999.0  10.3 99.0 99.00 
2024 06 08 15 40 335  5.2  6.4  1.71 12.12  6.05 303 1011.5  10.3 999.0  10.3 99.0 99.00 
2024 06 08 15 50 340  4.4  5.4 99.00 99.00 99.00 999 1011.5  10.3 999.0  10.3 99.0 99.00 
2024 06 08 16 00 340  3.7  4.9 99.00 99.00 99.00 999 1011.6  10.3 999.0  10.3 99.0 99.00 
2024 06 08 16 10 337  2.8  4.1  1.65 11.43  6.26 299 1011.7  10.3 999.0  10.3 99.0 99.00 
2024 06 08 16 20 328  2.0  2.7 99.00 99.00 99.00 999 1011.7  10.3 999.0  10.3 99.0 99.00 
2024 06 08 16 30 317  1.5  2.4 99.00 99.00 99.00 999 1011.8  10.3 999.0  10.3 99.0 99.00 
2024 06 08 16 40 314  0.8  1.6  1.60 12.12  6.35 280 1011.8  10.5 999.0  10.5 99.0 99.00 
2024 06 08 16 50 293  2.1  3.4 99.00 99.00 99.00 999 1012.0  10.6 999.0  10.6 99.0 99.00 
2024 06 08 17 00 284  1.9  3.1 99.00 99.00 99.00 999 1012.0  10.7 999.0  10.7 99.0 99.00 
2024 06 08 17 10 285  2.2  3.5  1.46 11.43  6.41 286 1012.1  10.8 999.0  10.8 99.0 99.00 
2024 06 08 17 20 289  2.5  3.5 99.00 99.00 99.00 999 1012.1  10.8 999.0  10.8 99.0 99.00 
2024 06 08 17 30 277  2.7  3.6 99.00 99.00 99.00 999 1012.4  10.9 999.0  10.9 99.0 99.00 
2024 06 08 17 40 277  2.8  3.7  1.63 11.43  6.70 281 1012.3  10.8 999.0  10.8 99.0 99.00 
2024 06 08 17 50 276  3.7  5.5 99.00 99.00 99.00 999 1012.3  10.9 999.0  10.9 99.0 99.00 
2024 06 08 18 00 276  4.5  5.6 99.00 99.00 99.00 999 1012.6  10.9 999.0  10.8 99.0 99.00 
2024 06 08 18 10 287  5.3  6.8  1.46 11.43  6.43 294 1012.5  11.0 999.0  10.9 99.0 99.00 
2024 06 08 18 20 295  5.8  7.2 99.00 99.00 99.00 999 1012.6  11.0 999.0  10.9 99.0 99.00 
2024 06 08 18 30 299  6.1  7.3 99.00 99.00 99.00 999 1012.7  11.0 999.0  10.9 99.0 99.00 
2024 06 08 18 40 302  6.5  7.9  1.59 11.43  6.91 285 1012.8  11.0 999.0  10.9 99.0 99.00 
2024 06 08 18 50 304  6.3  7.4 99.00 99.00 99.00 999 1012.9  11.0 999.0  10.9 99.0 99.00 
2024 06 08 19 00 307  6.2  7.7 99.00 99.00 99.00 999 1013.0  11.0 999.0  10.9 99.0 99.00 
2024 06 08 19 10 306  6.1  8.1  1.51 14.81  6.68 230 1012.9  11.0 999.0  10.9 99.0 99.00 
2024 06 08 19 20 306  6.1  7.6 99.00 99.00 99.00 999 1012.9  11.0 999.0  10.9 99.0 99.00 
2024 06 08 19 30 304  6.8  8.2 99.00 99.00 99.00 999 1012.8  11.2 999.0  11.1 99.0 99.00 
2024 06 08 19 40 305  7.3  9.0  1.51 10.81  6.48 292 1012.6  11.4 999.0  11.3 99.0 99.00 
2024 06 08 19 50 306  8.3 10.4 99.00 99.00 99.00 999 1012.7  11.5 999.0  11.3 99.0 99.00 
2024 06 08 20 00 305  8.7 10.8 99.00 99.00 99.00 999 1012.4  11.6 999.0  11.4 99.0 99.00 
2024 06 08 20 10 307  9.2 11.2  1.47 12.12  5.83 274 1012.4  11.6 999.0  11.4 99.0 99.00 
2024 06 08 20 20 305  9.2 11.6 99.00 99.00 99.00 999 1012.3  11.5 999.0  11.3 99.0 99.00 
2024 06 08 20 30 302 10.1 12.9 99.00 99.00 99.00 999 1012.2  11.6 999.0  11.4 99.0 99.00 
2024 06 08 20 40 303 11.0 13.6  1.57 10.81  5.45 293 1012.1  11.6 999.0  11.3 99.0 99.00 
2024 06 08 20 50 304 10.9 13.0 99.00 99.00 99.00 999 1012.0  11.7 999.0  11.4 99.0 99.00 
2024 06 08 21 00 302 11.1 14.2 99.00 99.00 99.00 999 1011.7  11.6 999.0  11.3 99.0 99.00 
2024 06 08 21 10 303 11.6 14.5  1.59 13.79  5.40 219 1011.7  11.7 999.0  11.3 99.0 99.00 
2024 06 08 21 20 307 11.1 13.4 99.00 99.00 99.00 999 1011.5  11.7 999.0  11.3 99.0 99.00 
2024 06 08 21 30 306 11.1 14.4 99.00 99.00 99.00 999 1011.4  11.7 999.0  11.3 99.0 99.00 
2024 06 08 21 40 311 10.8 13.1  1.66 12.12  5.24 260 1011.3  11.8 999.0  11.3 99.0 99.00 
2024 06 08 21 50 310 10.9 12.9 99.00 99.00 99.00 999 1011.3  11.9 999.0  11.4 99.0 99.00 
2024 06 08 22 00 306 11.0 13.6 99.00 99.00 99.00 999 1011.4  11.9 999.0  11.4 99.0 99.00 
2024 06 08 22 10 302 10.7 13.1  1.97  5.88  5.31 322 1011.3  11.7 999.0  11.2 99.0 99.00 
2024 06 08 22 20 299 11.2 13.7 99.00 99.00 99.00 999 1011.2  11.6 999.0  11.2 99.0 99.00 
2024 06 08 22 30 298 11.2 13.8 99.00 99.00 99.00 999 1011.3  11.7 999.0  11.3 99.0 99.00 
2024 06 08 22 40 296 11.4 14.7  1.99  5.26  5.33 317 1011.2  11.7 999.0  11.3 99.0 99.00 
2024 06 08 22 50 296 11.0 13.9 99.00 99.00 99.00 999 1011.2  11.8 999.0  11.4 99.0 99.00 
2024 06 08 23 00 297 10.7 12.9 99.00 99.00 99.00 999 1011.1  11.7 999.0  11.3 99.0 99.00 
2024 06 08 23 10 295 10.8 13.5  1.94  5.88  5.25 323 1011.2  11.8 999.0  11.4 99.0 99.00 
2024 06 08 23 20 296 10.2 12.7 99.00 99.00 99.00 999 1011.2  11.8 999.0  11.4 99.0 99.00 
2024 06 08 23 30 300 10.5 12.8 99.00 99.00 99.00 999 1011.0  11.9 999.0  11.4 99.0 99.00 
2024 06 08 23 40 298 10.7 12.8  1.85  5.26  5.09 317 1011.0  12.0 999.0  11.4 99.0 99.00 
2024 06 08 23 50 300 10.3 13.3 99.00 99.00 99.00 999 1010.9  12.0 999.0  11.5 99.0 99.00 
2024 06 09 00 00 301 10.5 12.8 99.00 99.00 99.00 999 1010.9  12.1 999.0  11.5 99.0 99.00 
2024 06 09 00 10 301 10.5 12.8  1.85 10.81  5.12 292 1010.9  12.0 999.0  11.5 99.0 99.00 
2024 06 09 00 20 301 10.3 12.7 99.00 99.00 99.00 999 1011.0  12.0 999.0  11.5 99.0 99.00 
2024 06 09 00 30 298 10.5 12.5 99.00 99.00 99.00 999 1011.0  12.0 999.0  11.5 99.0 99.00 
2024 06 09 00 40 300 10.5 13.2  1.83  5.26  5.23 319 1011.0  12.0 999.0  11.5 99.0 99.00 
2024 06 09 00 50 301  9.8 12.2 99.00 99.00 99.00 999 1010.9  11.9 999.0  11.4 99.0 99.00 
2024 06 09 01 00 299 10.4 12.7 99.00 99.00 99.00 999 1010.7  12.0 999.0  11.5 99.0 99.00 
2024 06 09 01 10 299 11.0 13.9  1.90 10.81  5.27 285 1010.4  12.0 999.0  11.5 99.0 99.00 
2024 06 09 01 20 299 11.5 14.4 99.00 99.00 99.00 999 1010.4  12.0 999.0  11.5 99.0 99.00 
2024 06 09 01 30 300 11.2 13.7 99.00 99.00 99.00 999 1010.4  12.0 999.0  11.5 99.0 99.00 
2024 06 09 01 40 298 11.3 14.0  1.98  5.26  5.20 320 1010.5  12.0 999.0  11.5 99.0 99.00 
2024 06 09 01 50 296 11.8 14.4 99.00 99.00 99.00 999 1010.5  11.9 999.0  11.4 99.0 99.00 
2024 06 09 02 00 296 11.6 14.3 99.00 99.00 99.00 999 1010.6  12.0 999.0  11.5 99.0 99.00 
2024 06 09 02 10 294 11.3 14.8  1.93  5.88  5.12 317 1010.6  11.9 999.0  11.4 99.0 99.00 
2024 06 09 02 20 291 11.3 13.6 99.00 99.00 99.00 999 1010.6  11.9 999.0  11.4 99.0 99.00 
2024 06 09 02 30 291 11.6 14.5 99.00 99.00 99.00 999 1010.6  11.9 999.0  11.4 99.0 99.00 
2024 06 09 02 40 294 11.2 13.5  1.76  4.76  5.13 311 1010.7  11.9 999.0  11.4 99.0 99.00 
2024 06 09 02 50 298 10.6 12.9 99.00 99.00 99.00 999 1010.7  11.9 999.0  11.4 99.0 99.00 
2024 06 09 03 00 300 10.3 12.2 99.00 99.00 99.00 999 1010.6  11.8 999.0  11.3 99.0 99.00 
2024 06 09 03 10 300 10.1 12.7  1.68  5.26  5.02 324 1010.6  11.8 999.0  11.3 99.0 99.00 
2024 06 09 03 20 299 10.2 12.6 99.00 99.00 99.00 999 1010.8  11.8 999.0  11.3 99.0 99.00 
2024 06 09 03 30 296 10.2 11.9 99.00 99.00 99.00 999 1010.6  11.7 999.0  11.2 99.0 99.00 
2024 06 09 03 40 294 10.1 12.4  1.77 13.79  5.25 289 1010.6  11.6 999.0  11.2 99.0 99.00 
2024 06 09 03 50 293 10.2 12.4 99.00 99.00 99.00 999 1010.7  11.6 999.0  11.2 99.0 99.00 
2024 06 09 04 00 290 10.5 12.7 99.00 99.00 99.00 999 1010.8  11.7 999.0  11.3 99.0 99.00 
2024 06 09 04 10 290 10.9 13.6  1.85 13.79  5.28 243 1010.9  11.7 999.0  11.3 99.0 99.00 
2024 06 09 04 20 290 10.6 12.7 99.00 99.00 99.00 999 1011.0  11.8 999.0  11.4 99.0 99.00 
2024 06 09 04 30 294 10.6 12.8 99.00 99.00 99.00 999 1011.0  11.8 999.0  11.4 99.0 99.00 
2024 06 09 04 40 291 11.3 13.7  1.79  5.26  5.06 313 1011.1  11.9 999.0  11.5 99.0 99.00 
2024 06 09 04 50 293 10.9 12.9 99.00 99.00 99.00 999 1011.2  11.8 999.0  11.4 99.0 99.00 
2024 06 09 05 00 294 10.5 12.9 99.00 99.00 99.00 999 1011.5  11.8 999.0  11.4 99.0 99.00 
2024 06 09 05 10 295 10.3 13.0  1.78 14.81  5.15 259 1011.7  11.7 999.0  11.3 99.0 99.00 
2024 06 09 05 20 298 10.1 12.2 99.00 99.00 99.00 999 1011.7  11.7 999.0  11.3 99.0 99.00 
2024 06 09 05 30 302 10.1 12.7 99.00 99.00 99.00 999 1011.6  11.7 999.0  11.3 99.0 99.00 
2024 06 09 05 40 299 10.6 12.6  1.84 14.81  5.36 276 1011.5  11.8 999.0  11.4 99.0 99.00 
2024 06 09 05 50 297 10.5 12.6 99.00 99.00 99.00 999 1011.6  11.7 999.0  11.3 99.0 99.00 
2024 06 09 06 00 300 10.0 12.2 99.00 99.00 99.00 999 1011.7  11.7 999.0  11.3 99.0 99.00 
2024 06 09 06 10 302  9.6 11.6  1.75 13.79  5.21 269 1011.6  11.6 999.0  11.2 99.0 99.00 
2024 06 09 06 20 304  9.6 12.0 99.00 99.00 99.00 999 1011.5  11.7 999.0  11.3 99.0 99.00 
2024 06 09 06 30 303  9.8 11.8 99.00 99.00 99.00 999 1011.6  11.6 999.0  11.2 99.0 99.00 
2024 06 09 06 40 305  9.5 11.7  1.77 14.81  5.45 268 1011.6  11.6 999.0  11.2 99.0 99.00 
2024 06 09 06 50 304  9.1 11.1 99.00 99.00 99.00 999 1011.5  11.6 999.0  11.3 99.0 99.00 
2024 06 09 07 00 300  9.8 11.7 99.00 99.00 99.00 999 1011.4  11.5 999.0  11.2 99.0 99.00 
2024 06 09 07 10 301  9.7 12.0  1.74 14.81  5.63 283 1011.7  11.5 999.0  11.3 99.0 99.00 
2024 06 09 07 20 302  9.5 11.5 99.00 99.00 99.00 999 1011.6  11.6 999.0  11.4 99.0 99.00 
2024 06 09 07 30 301  9.3 12.1 99.00 99.00 99.00 999 1011.6  11.6 999.0  11.4 99.0 99.00 
2024 06 09 07 40 301  9.9 12.2  1.73 14.81  5.40 268 1011.6  11.6 999.0  11.3 99.0 99.00 
2024 06 09 07 50 305 10.2 12.1 99.00 99.00 99.00 999 1011.6  11.6 999.0  11.3 99.0 99.00 
2024 06 09 08 00 306 10.7 13.2 99.00 99.00 99.00 999 1011.5  11.6 999.0  11.2 99.0 99.00 
2024 06 09 08 10 308 10.4 13.3  1.79 14.81  5.34 290 1011.5  11.6 999.0  11.2 99.0 99.00 
2024 06 09 08 20 307 10.4 12.4 99.00 99.00 99.00 999 1011.5  11.5 999.0  11.2 99.0 99.00 
2024 06 09 08 30 306 10.3 12.9 99.00 99.00 99.00 999 1011.4  11.5 999.0  11.2 99.0 99.00 
2024 06 09 08 40 304 10.4 12.8  1.96 14.81  5.68 306 1011.4  11.4 999.0  11.2 99.0 99.00 
2024 06 09 08 50 306 10.4 13.9 99.00 99.00 99.00 999 1011.2  11.4 999.0  11.2 99.0 99.00 
2024 06 09 09 00 305 11.0 13.8 99.00 99.00 99.00 999 1011.1  11.4 999.0  11.2 99.0 99.00 
2024 06 09 09 10 307 11.2 13.2  2.05 14.81  5.67 297 1011.0  11.4 999.0  11.2 99.0 99.00 
2024 06 09 09 20 307 10.9 13.1 99.00 99.00 99.00 999 1010.9  11.4 999.0  11.2 99.0 99.00 
2024 06 09 09 30 308 10.8 14.2 99.00 99.00 99.00 999 1011.0  11.3 999.0  11.1 99.0 99.00 
2024 06 09 09 40 306 11.0 13.8  2.08 14.81  5.81 255 1010.9  11.4 999.0  11.2 99.0 99.00 
2024 06 09 09 50 309 11.0 13.3 99.00 99.00 99.00 999 1011.0  11.4 999.0  11.2 99.0 99.00 
2024 06 09 10 00 311 11.1 13.3 99.00 99.00 99.00 999 1010.9  11.4 999.0  11.1 99.0 99.00 
2024 06 09 10 10 309 10.5 13.4  2.15 14.81  5.79 274 1011.0  11.4 999.0  11.0 99.0 99.00 
2024 06 09 10 20 307 10.5 14.1 99.00 99.00 99.00 999 1011.1  11.4 999.0  11.0 99.0 99.00 
2024 06 09 10 30 306 10.5 13.4 99.00 99.00 99.00 999 1011.0  11.4 999.0  11.0 99.0 99.00 
2024 06 09 10 40 306 10.2 12.8  2.24 14.81  5.92 267 1011.1  11.3 999.0  10.9 99.0 99.00 
2024 06 09 10 50 307 10.4 12.7 99.00 99.00 99.00 999 1011.2  11.4 999.0  11.0 99.0 99.00 
2024 06 09 11 00 306 10.4 12.8 99.00 99.00 99.00 999 1011.2  11.4 999.0  11.0 99.0 99.00 
2024 06 09 11 10 303 10.6 12.9  2.33 13.79  6.14 276 1011.1  11.3 999.0  10.9 99.0 99.00 
2024 06 09 11 20 302 10.4 12.9 99.00 99.00 99.00 999 1011.1  11.4 999.0  11.0 99.0 99.00 
2024 06 09 11 30 302 10.4 13.4 99.00 99.00 99.00 999 1011.2  11.4 999.0  10.9 99.0 99.00 
2024 06 09 11 40 303 10.8 14.2  2.22 13.79  5.89 268 1011.1  11.4 999.0  10.9 99.0 99.00 
2024 06 09 11 50 309 10.8 14.1 99.00 99.00 99.00 999 1011.2  11.5 999.0  11.0 99.0 99.00 
2024 06 09 12 00 306 10.9 13.9 99.00 99.00 99.00 999 1011.3  11.5 999.0  11.0 99.0 99.00 
2024 06 09 12 10 307 10.8 13.6  2.28 14.81  6.22 289 1011.4  11.4 999.0  10.9 99.0 99.00 
2024 06 09 12 20 309 10.9 14.3 99.00 99.00 99.00 999 1011.4  11.5 999.0  11.0 99.0 99.00 
2024 06 09 12 30 308 11.0 13.2 99.00 99.00 99.00 999 1011.4  11.5 999.0  11.0 99.0 99.00 
2024 06 09 12 40 311 10.7 13.5  2.57 13.79  6.44 293 1011.5  11.4 999.0  10.9 99.0 99.00 
2024 06 09 12 50 315 10.3 12.9 99.00 99.00 99.00 999 1011.6  11.4 999.0  10.8 99.0 99.00 
2024 06 09 13 00 316  9.9 12.7 99.00 99.00 99.00 999 1011.7  11.4 999.0  10.8 99.0 99.00 
2024 06 09 13 10 320  9.9 12.5  2.46 13.79  6.41 276 1011.6  11.4 999.0  10.8 99.0 99.00 
2024 06 09 13 20 317  9.8 11.9 99.00 99.00 99.00 999 1011.7  11.4 999.0  10.9 99.0 99.00 
2024 06 09 13 30 317  9.9 12.3 99.00 99.00 99.00 999 1011.8  11.3 999.0  10.8 99.0 99.00 
2024 06 09 13 40 316 10.5 13.2  2.42 13.79  6.42 290 1011.7  11.3 999.0  10.8 99.0 99.00 
2024 06 09 13 50 315  9.9 12.6 99.00 99.00 99.00 999 1011.7  11.3 999.0  10.8 99.0 99.00 
2024 06 09 14 00 315 10.3 12.6 99.00 99.00 99.00 999 1012.0  11.2 999.0  10.7 99.0 99.00 
2024 06 09 14 10 310 10.6 13.1  2.63 13.79  6.43 286 1012.0  11.3 999.0  10.8 99.0 99.00 
2024 06 09 14 20 310 10.7 12.9 99.00 99.00 99.00 999 1012.0  11.3 999.0  10.8 99.0 99.00 
2024 06 09 14 30 311 10.6 12.9 99.00 99.00 99.00 999 1012.2  11.3 999.0  10.8 99.0 99.00 
2024 06 09 14 40 312 10.5 13.3  2.74 13.79  6.56 286 1012.3  11.3 999.0  10.8 99.0 99.00 
2024 06 09 14 50 311 11.2 13.9 99.00 99.00 99.00 999 1012.3  11.3 999.0  10.8 99.0 99.00 
2024 06 09 15 00 310 11.0 13.4 99.00 99.00 99.00 999 1012.4  11.3 999.0  10.8 99.0 99.00 
2024 06 09 15 10 312 10.6 13.2  2.62 13.79  6.86 292 1012.4  11.3 999.0  10.8 99.0 99.00 
2024 06 09 15 20 311 10.4 12.7 99.00 99.00 99.00 999 1012.6  11.2 999.0  10.7 99.0 99.00 
2024 06 09 15 30 309 11.1 13.9 99.00 99.00 99.00 999 1012.5  11.2 999.0  10.7 99.0 99.00 
2024 06 09 15 40 307 11.0 13.6  2.55 12.90  6.22 289 1012.7  11.2 999.0  10.7 99.0 99.00 
2024 06 09 15 50 309 10.5 13.3 99.00 99.00 99.00 999 1012.8  11.2 999.0  10.8 99.0 99.00 
2024 06 09 16 00 307 11.1 13.4 99.00 99.00 99.00 999 1012.9  11.1 999.0  10.7 99.0 99.00 
2024 06 09 16 10 310 11.3 14.6  2.50 12.90  6.49 275 1013.0  11.1 999.0  10.7 99.0 99.00 
2024 06 09 16 20 311 11.9 14.6 99.00 99.00 99.00 999 1013.0  11.2 999.0  10.8 99.0 99.00 
2024 06 09 16 30 308 12.2 15.8 99.00 99.00 99.00 999 1012.9  11.1 999.0  10.7 99.0 99.00 
2024 06 09 16 40 313 12.0 15.7  2.38 13.79  5.98 289 1013.0  11.1 999.0  10.7 99.0 99.00 
2024 06 09 16 50 314 11.6 14.4 99.00 99.00 99.00 999 1013.1  11.1 999.0  10.7 99.0 99.00 
2024 06 09 17 00 314 11.6 14.3 99.00 99.00 99.00 999 1013.1  11.1 999.0  10.7 99.0 99.00 
2024 06 09 17 10 303 11.8 14.6  2.82 12.90  6.65 284 1012.8  11.1 999.0  10.7 99.0 99.00 
2024 06 09 17 20 303 11.3 13.9 99.00 99.00 99.00 999 1012.8  11.0 999.0  10.6 99.0 99.00 
2024 06 09 17 30 304 11.7 14.1 99.00 99.00 99.00 999 1012.8  11.1 999.0  10.7 99.0 99.00 
2024 06 09 17 40 306 11.8 15.2  2.59 12.90  6.31 289 1012.9  11.2 999.0  10.8 99.0 99.00 
2024 06 09 17 50 308 11.6 14.4 99.00 99.00 99.00 999 1013.0  11.2 999.0  10.7 99.0 99.00 
2024 06 09 18 00 310 11.6 14.6 99.00 99.00 99.00 999 1013.0  11.3 999.0  10.8 99.0 99.00 
2024 06 09 18 10 312 11.3 14.1  2.64 12.12  6.37 297 1013.1  11.3 999.0  10.8 99.0 99.00 
2024 06 09 18 20 311 11.2 13.7 99.00 99.00 99.00 999 1013.1  11.3 999.0  10.8 99.0 99.00 
2024 06 09 18 30 309 11.3 14.9 99.00 99.00 99.00 999 1013.2  11.3 999.0  10.8 99.0 99.00 
2024 06 09 18 40 309 10.9 13.7  2.49 12.90  6.09 278 1013.3  11.3 999.0  10.8 99.0 99.00 
2024 06 09 18 50 306 11.1 13.7 99.00 99.00 99.00 999 1013.4  11.3 999.0  10.8 99.0 99.00 
2024 06 09 19 00 304 11.6 15.3 99.00 99.00 99.00 999 1013.4  11.3 999.0  10.8 99.0 99.00 
2024 06 09 19 10 306 11.8 14.7  2.69 12.12  6.73 291 1013.4  11.3 999.0  10.8 99.0 99.00 
2024 06 09 19 20 309 11.6 14.6 99.00 99.00 99.00 999 1013.3  11.4 999.0  10.9 99.0 99.00 
2024 06 09 19 30 310 11.6 14.2 99.00 99.00 99.00 999 1013.3  11.3 999.0  10.8 99.0 99.00 
2024 06 09 19 40 311 11.3 14.8  2.64 12.90  6.41 295 1013.3  11.3 999.0  10.8 99.0 99.00 
2024 06 09 19 50 309 12.3 14.9 99.00 99.00 99.00 999 1013.2  11.4 999.0  10.9 99.0 99.00 
2024 06 09 20 00 306 13.2 16.9 99.00 99.00 99.00 999 1013.2  11.4 999.0  10.9 99.0 99.00 
2024 06 09 20 10 307 12.7 15.9  2.65 12.90  6.12 294 1013.3  11.4 999.0  10.9 99.0 99.00 
2024 06 09 20 20 307 12.5 15.3 99.00 99.00 99.00 999 1013.2  11.5 999.0  11.0 99.0 99.00 
2024 06 09 20 30 308 12.8 16.5 99.00 99.00 99.00 999 1013.1  11.5 999.0  11.0 99.0 99.00 
2024 06 09 20 40 308 12.7 16.0  2.90 12.12  6.69 294 1013.1  11.5 999.0  11.0 99.0 99.00 
2024 06 09 20 50 307 12.9 16.3 99.00 99.00 99.00 999 1013.1  11.5 999.0  11.0 99.0 99.00 
2024 06 09 21 00 308 13.3 16.7 99.00 99.00 99.00 999 1013.2  11.6 999.0  11.1 99.0 99.00 
2024 06 09 21 10 309 13.6 17.3  2.94 12.90  6.50 291 1013.2  11.6 999.0  11.1 99.0 99.00 
2024 06 09 21 20 309 13.3 16.8 99.00 99.00 99.00 999 1013.2  11.5 999.0  11.0 99.0 99.00 
2024 06 09 21 30 310 13.0 16.3 99.00 99.00 99.00 999 1013.1  11.5 999.0  11.0 99.0 99.00 
2024 06 09 21 40 310 13.8 17.9  2.95 13.79  6.50 285 1013.0  11.5 999.0  11.0 99.0 99.00 
2024 06 09 21 50 308 13.8 17.4 99.00 99.00 99.00 999 1013.0  11.5 999.0  11.0 99.0 99.00 
2024 06 09 22 00 307 14.5 18.6 99.00 99.00 99.00 999 1013.0  11.6 999.0  11.1 99.0 99.00 
2024 06 09 22 10 307 13.9 17.7  3.01 12.90  6.23 286 1013.1  11.7 999.0  11.2 99.0 99.00 
2024 06 09 22 20 307 14.3 18.2 99.00 99.00 99.00 999 1012.9  11.8 999.0  11.3 99.0 99.00 
2024 06 09 22 30 307 14.5 18.0 99.00 99.00 99.00 999 1012.9  11.8 999.0  11.3 99.0 99.00 
2024 06 09 22 40 308 14.7 18.4  3.44 12.90  6.89 293 1012.9  11.9 999.0  11.4 99.0 99.00 
2024 06 09 22 50 308 14.5 19.3 99.00 99.00 99.00 999 1012.8  11.9 999.0  11.4 99.0 99.00 
2024 06 09 23 00 310 14.2 18.5 99.00 99.00 99.00 999 1012.8  11.8 999.0  11.3 99.0 99.00 
2024 06 09 23 10 309 15.0 19.1  3.15 13.79  6.53 294 1012.7  11.9 999.0  11.4 99.0 99.00 
2024 06 09 23 20 310 14.7 19.1 99.00 99.00 99.00 999 1012.5  11.8 999.0  11.4 99.0 99.00 
2024 06 09 23 30 311 14.0 18.1 99.00 99.00 99.00 999 1012.6  11.8 999.0  11.4 99.0 99.00 
2024 06 09 23 40 310 14.0 17.8  3.18 12.90  6.68 294 1012.5  11.7 999.0  11.3 99.0 99.00 
2024 06 09 23 50 311 13.8 17.7 99.00 99.00 99.00 999 1012.4  11.7 999.0  11.3 99.0 99.00 
2024 06 10 00 00 311 13.9 16.7 99.00 99.00 99.00 999 1012.4  11.8 999.0  11.4 99.0 99.00 
2024 06 10 00 10 310 14.0 17.8  3.31 12.90  6.55 288 1012.4  11.8 999.0  11.4 99.0 99.00 
2024 06 10 00 20 310 14.0 18.4 99.00 99.00 99.00 999 1012.3  11.8 999.0  11.4 99.0 99.00 
2024 06 10 00 30 309 14.3 16.9 99.00 99.00 99.00 999 1012.1  11.7 999.0  11.4 99.0 99.00 
2024 06 10 00 40 307 14.9 18.6  2.99 12.90  6.36 279 1012.1  11.7 999.0  11.5 99.0 99.00 
2024 06 10 00 50 308 14.6 19.4 99.00 99.00 99.00 999 1012.0  11.7 999.0  11.5 99.0 99.00 
2024 06 10 01 00 310 14.6 17.8 99.00 99.00 99.00 999 1012.1  11.8 999.0  11.6 99.0 99.00 
2024 06 10 01 10 310 14.6 18.0  3.13 12.90  6.49 289 1012.2  11.8 999.0  11.5 99.0 99.00 
2024 06 10 01 20 309 14.0 17.0 99.00 99.00 99.00 999 1012.2  11.7 999.0  11.4 99.0 99.00 
2024 06 10 01 30 308 14.0 17.2 99.00 99.00 99.00 999 1012.1  11.7 999.0  11.5 99.0 99.00 
2024 06 10 01 40 308 14.1 17.7  3.33 12.12  6.76 294 1012.3  11.6 999.0  11.4 99.0 99.00 
2024 06 10 01 50 312 13.5 16.9 99.00 99.00 99.00 999 1012.4  11.6 999.0  11.4 99.0 99.00 
2024 06 10 02 00 313 13.7 17.2 99.00 99.00 99.00 999 1012.5  11.5 999.0  11.3 99.0 99.00 
2024 06 10 02 10 311 13.8 17.7  3.22 12.12  6.52 280 1012.3  11.5 999.0  11.4 99.0 99.00 
2024 06 10 02 20 310 14.2 18.0 99.00 99.00 99.00 999 1012.3  11.5 999.0  11.3 99.0 99.00 
2024 06 10 02 30 311 14.2 18.0 99.00 99.00 99.00 999 1012.4  11.5 999.0  11.3 99.0 99.00 
2024 06 10 02 40 312 13.5 18.3  3.39  7.14  6.49 323 1012.5  11.5 999.0  11.3 99.0 99.00 
2024 06 10 02 50 313 13.1 16.8 99.00 99.00 99.00 999 1012.6  11.5 999.0  11.3 99.0 99.00 
2024 06 10 03 00 314 13.2 16.7 99.00 99.00 99.00 999 1012.6  11.5 999.0  11.3 99.0 99.00 
2024 06 10 03 10 314 12.7 16.2  3.42 12.90  6.60 283 1012.6  11.4 999.0  11.3 99.0 99.00 
2024 06 10 03 20 312 13.3 16.5 99.00 99.00 99.00 999 1012.6  11.3 999.0  11.2 99.0 99.00 
2024 06 10 03 30 314 13.2 16.7 99.00 99.00 99.00 999 1012.7  11.3 999.0  11.2 99.0 99.00 
2024 06 10 03 40 315 13.1 17.3  3.21 12.90  6.61 296 1012.7  11.3 999.0  11.2 99.0 99.00 
2024 06 10 03 50 315 13.1 16.4 99.00 99.00 99.00 999 1012.6  11.2 999.0  11.1 99.0 99.00 
2024 06 10 04 00 315 13.1 17.3 99.00 99.00 99.00 999 1012.7  11.2 999.0  11.1 99.0 99.00 
2024 06 10 04 10 315 12.8 16.5  3.47 12.90  6.71 291 1012.7  11.1 999.0  11.0 99.0 99.00 
2024 06 10 04 20 315 12.7 16.7 99.00 99.00 99.00 999 1012.6  11.1 999.0  11.0 99.0 99.00 
2024 06 10 04 30 316 12.5 16.2 99.00 99.00 99.00 999 1012.8  11.0 999.0  10.9 99.0 99.00 
2024 06 10 04 40 316 12.4 15.8  3.32 12.90  7.05 291 1012.9  11.0 999.0  10.9 99.0 99.00 
2024 06 10 04 50 315 12.0 15.4 99.00 99.00 99.00 999 1013.0  11.0 999.0  10.9 99.0 99.00 
2024 06 10 05 00 316 11.7 14.7 99.00 99.00 99.00 999 1013.1  10.9 999.0  10.8 99.0 99.00 
2024 06 10 05 10 316 11.2 14.8  3.36  7.69  6.68 315 1013.2  10.9 999.0  10.8 99.0 99.00 
2024 06 10 05 20 317 11.1 13.7 99.00 99.00 99.00 999 1013.2  10.9 999.0  10.8 99.0 99.00 
2024 06 10 05 30 316 11.2 13.8 99.00 99.00 99.00 999 1013.2  10.8 999.0  10.7 99.0 99.00 
2024 06 10 05 40 315 11.5 14.3  3.34 10.81  6.80 287 1013.0  10.8 999.0  10.7 99.0 99.00 
2024 06 10 05 50 312 11.6 15.1 99.00 99.00 99.00 999 1012.8  10.7 999.0  10.6 99.0 99.00 
2024 06 10 06 00 311 12.0 15.4 99.00 99.00 99.00 999 1012.9  10.7 999.0  10.6 99.0 99.00 
2024 06 10 06 10 312 12.0 15.3  3.23  7.14  6.62 313 1012.8  10.7 999.0  10.6 99.0 99.00 
2024 06 10 06 20 313 12.6 15.5 99.00 99.00 99.00 999 1012.9  10.7 999.0  10.6 99.0 99.00 
2024 06 10 06 30 315 12.4 15.3 99.00 99.00 99.00 999 1013.0  10.7 999.0  10.6 99.0 99.00 
2024 06 10 06 40 313 12.4 15.4  3.07 10.00  6.71 301 1013.1  10.7 999.0  10.6 99.0 99.00 
2024 06 10 06 50 316 12.2 14.7 99.00 99.00 99.00 999 1013.1  10.8 999.0  10.7 99.0 99.00 
2024 06 10 07 00 316 12.2 16.3 99.00 99.00 99.00 999 1013.2  10.7 999.0  10.6 99.0 99.00 
2024 06 10 07 10 316 12.1 15.5  3.19 12.90  6.82 301 1013.2  10.7 999.0  10.6 99.0 99.00 
2024 06 10 07 20 316 12.4 15.8 99.00 99.00 99.00 999 1013.1  10.7 999.0  10.6 99.0 99.00 
2024 06 10 07 30 315 12.1 15.8 99.00 99.00 99.00 999 1013.2  10.7 999.0  10.6 99.0 99.00 
2024 06 10 07 40 314 11.8 15.1  3.19 10.00  6.68 293 1013.3  10.6 999.0  10.5 99.0 99.00 
2024 06 10 07 50 315 12.0 14.8 99.00 99.00 99.00 999 1013.2  10.6 999.0  10.5 99.0 99.00 
2024 06 10 08 00 317 12.5 16.0 99.00 99.00 99.00 999 1013.2  10.6 999.0  10.6 99.0 99.00 
2024 06 10 08 10 319 12.3 15.4  3.23 10.81  6.94 288 1013.2  10.6 999.0  10.6 99.0 99.00 
2024 06 10 08 20 321 11.6 15.3 99.00 99.00 99.00 999 1013.4  10.6 999.0  10.6 99.0 99.00 
2024 06 10 08 30 321 12.4 16.0 99.00 99.00 99.00 999 1013.4  10.6 999.0  10.6 99.0 99.00 
2024 06 10 08 40 323 11.9 16.7  3.28 12.90  6.79 286 1013.4  10.5 999.0  10.5 99.0 99.00 
2024 06 10 08 50 323 11.8 15.5 99.00 99.00 99.00 999 1013.5  10.5 999.0  10.5 99.0 99.00 
2024 06 10 09 00 324 11.7 14.5 99.00 99.00 99.00 999 1013.6  10.4 999.0  10.4 99.0 99.00 
2024 06 10 09 10 324 12.2 16.4  3.29 12.12  6.76 284 1013.5  10.4 999.0  10.4 99.0 99.00 
2024 06 10 09 20 323 12.1 14.8 99.00 99.00 99.00 999 1013.5  10.4 999.0  10.4 99.0 99.00 
2024 06 10 09 30 324 12.1 14.9 99.00 99.00 99.00 999 1013.5  10.4 999.0  10.4 99.0 99.00 
2024 06 10 09 40 324 12.0 15.5  3.13  8.33  6.62 302 1013.5  10.4 999.0  10.4 99.0 99.00 
2024 06 10 09 50 326 12.5 16.5 99.00 99.00 99.00 999 1013.4  10.3 999.0  10.3 99.0 99.00 
2024 06 10 10 00 327 12.3 15.7 99.00 99.00 99.00 999 1013.4  10.3 999.0  10.3 99.0 99.00 
2024 06 10 10 10 326 11.4 15.2  3.18 10.00  6.71 285 1013.5  10.3 999.0  10.3 99.0 99.00 
2024 06 10 10 20 327 11.8 16.2 99.00 99.00 99.00 999 1013.3  10.3 999.0  10.3 99.0 99.00 
2024 06 10 10 30 325 11.3 14.1 99.00 99.00 99.00 999 1013.3  10.2 999.0  10.2 99.0 99.00 
2024 06 10 10 40 328 11.0 13.6  3.36  8.33  6.68 300 1013.3  10.2 999.0  10.2 99.0 99.00 
2024 06 10 10 50 328 10.5 13.2 99.00 99.00 99.00 999 1013.3  10.2 999.0  10.2 99.0 99.00 
2024 06 10 11 00 326 10.3 13.2 99.00 99.00 99.00 999 1013.3  10.2 999.0  10.2 99.0 99.00 
2024 06 10 11 10 327 10.2 12.7  3.27 12.90  7.04 297 1013.4  10.2 999.0  10.2 99.0 99.00 
2024 06 10 11 20 328  9.9 13.1 99.00 99.00 99.00 999 1013.5  10.2 999.0  10.2 99.0 99.00 
2024 06 10 11 30 328 10.1 12.3 99.00 99.00 99.00 999 1013.4  10.2 999.0  10.2 99.0 99.00 
2024 06 10 11 40 328 10.4 12.9  3.15  8.33  6.91 310 1013.4  10.2 999.0  10.2 99.0 99.00 
2024 06 10 11 50 327  9.8 12.3 99.00 99.00 99.00 999 1013.5  10.1 999.0  10.1 99.0 99.00 
2024 06 10 12 00 329 10.0 13.1 99.00 99.00 99.00 999 1013.6  10.1 999.0  10.1 99.0 99.00 
2024 06 10 12 10 331  9.7 12.6  3.03 13.79  6.96 292 1013.6  10.1 999.0  10.1 99.0 99.00 
2024 06 10 12 20 331  9.2 12.0 99.00 99.00 99.00 999 1013.6  10.1 999.0  10.1 99.0 99.00 
2024 06 10 12 30 330  9.3 11.2 99.00 99.00 99.00 999 1013.6  10.1 999.0  10.1 99.0 99.00 
2024 06 10 12 40 329  8.9 11.1  2.86 12.12  6.92 293 1013.6  10.1 999.0  10.1 99.0 99.00 
2024 06 10 12 50 330  8.7 11.1 99.00 99.00 99.00 999 1013.6  10.0 999.0  10.0 99.0 99.00 
2024 06 10 13 00 329  8.6 11.5 99.00 99.00 99.00 999 1013.6  10.0 999.0  10.0 99.0 99.00 
2024 06 10 13 10 328  8.6 10.5  3.06 12.90  7.13 284 1013.7  10.0 999.0  10.0 99.0 99.00 
2024 06 10 13 20 330  8.6 11.1 99.00 99.00 99.00 999 1013.8   9.9 999.0   9.9 99.0 99.00 
2024 06 10 13 30 329  8.5 10.7 99.00 99.00 99.00 999 1013.9   9.9 999.0   9.9 99.0 99.00 
2024 06 10 13 40 330  8.1 10.5  3.03  8.33  7.08 302 1013.9   9.8 999.0   9.8 99.0 99.00 
2024 06 10 13 50 329  8.6 11.7 99.00 99.00 99.00 999 1013.8   9.8 999.0   9.8 99.0 99.00 
2024 06 10 14 00 329  8.8 11.3 99.00 99.00 99.00 999 1013.8   9.8 999.0   9.8 99.0 99.00 
2024 06 10 14 10 330  8.7 11.2  2.82  9.09  6.87 293 1014.0   9.7 999.0   9.7 99.0 99.00 
2024 06 10 14 20 331  8.8 11.1 99.00 99.00 99.00 999 1014.1   9.7 999.0   9.7 99.0 99.00 
2024 06 10 14 30 330  8.8 11.0 99.00 99.00 99.00 999 1014.0   9.6 999.0   9.6 99.0 99.00 
2024 06 10 14 40 330  8.7 11.0  2.75 11.43  6.78 292 1014.0   9.6 999.0   9.6 99.0 99.00 
2024 06 10 14 50 329  8.6 11.0 99.00 99.00 99.00 999 1013.9   9.5 999.0   9.5 99.0 99.00 
2024 06 10 15 00 330  8.9 12.1 99.00 99.00 99.00 999 1014.1   9.5 999.0   9.5 99.0 99.00 
2024 06 10 15 10 328  8.9 11.0  2.78 12.12  6.76 281 1014.1   9.5 999.0   9.5 99.0 99.00 
2024 06 10 15 20 328  9.1 11.4 99.00 99.00 99.00 999 1014.1   9.5 999.0   9.5 99.0 99.00 
2024 06 10 15 30 329  8.9 11.5 99.00 99.00 99.00 999 1014.2   9.4 999.0   9.4 99.0 99.00 
2024 06 10 15 40 329  8.6 10.7  2.80  8.33  6.70 306 1014.2   9.4 999.0   9.4 99.0 99.00 
2024 06 10 15 50 331  8.4 10.9 99.00 99.00 99.00 999 1014.2   9.4 999.0   9.4 99.0 99.00 
2024 06 10 16 00 330  8.1 10.5 99.00 99.00 99.00 999 1014.4   9.4 999.0   9.4 99.0 99.00 
2024 06 10 16 10 330  7.7 10.2  2.76  9.09  6.78 305 1014.5   9.4 999.0   9.4 99.0 99.00 
2024 06 10 16 20 329  7.4  9.4 99.00 99.00 99.00 999 1014.5   9.4 999.0   9.4 99.0 99.00 
2024 06 10 16 30 330  7.7  9.5 99.00 99.00 99.00 999 1014.5   9.4 999.0   9.4 99.0 99.00 
2024 06 10 16 40 331  7.3  9.3  2.81  8.33  6.91 309 1014.5   9.5 999.0   9.5 99.0 99.00 
2024 06 10 16 50 331  7.0  9.1 99.00 99.00 99.00 999 1014.7   9.5 999.0   9.5 99.0 99.00 
2024 06 10 17 00 330  7.1  8.8 99.00 99.00 99.00 999 1014.7   9.5 999.0   9.5 99.0 99.00 
2024 06 10 17 10 329  7.0  8.7  2.51 11.43  6.91 293 1014.7   9.5 999.0   9.5 99.0 99.00 
2024 06 10 17 20 329  7.0  9.1 99.00 99.00 99.00 999 1014.7   9.5 999.0   9.5 99.0 99.00 
2024 06 10 17 30 330  6.9  8.3 99.00 99.00 99.00 999 1014.6   9.5 999.0   9.5 99.0 99.00 
2024 06 10 17 40 329  6.7  8.6  2.63 11.43  7.07 296 1014.5   9.5 999.0   9.5 99.0 99.00 
2024 06 10 17 50 325  6.9  8.7 99.00 99.00 99.00 999 1014.4   9.4 999.0   9.4 99.0 99.00 
2024 06 10 18 00 328  7.5  9.2 99.00 99.00 99.00 999 1014.5   9.3 999.0   9.3 99.0 99.00 
2024 06 10 18 10 328  7.1  8.6  2.59 12.12  6.97 301 1014.4   9.4 999.0   9.4 99.0 99.00 
2024 06 10 18 20 326  7.5  9.5 99.00 99.00 99.00 999 1014.5   9.4 999.0   9.4 99.0 99.00 
2024 06 10 18 30 326  7.3  9.0 99.00 99.00 99.00 999 1014.4   9.4 999.0   9.4 99.0 99.00 
2024 06 10 18 40 328  7.4  9.2  2.60 11.43  7.16 302 1014.4   9.4 999.0   9.4 99.0 99.00 
2024 06 10 18 50 327  7.5  9.6 99.00 99.00 99.00 999 1014.5   9.4 999.0   9.4 99.0 99.00 
2024 06 10 19 00 326  7.5  9.2 99.00 99.00 99.00 999 1014.5   9.4 999.0   9.4 99.0 99.00 
2024 06 10 19 10 324  7.6  9.4  2.33  8.33  6.57 306 1014.6   9.4 999.0   9.4 99.0 99.00 
2024 06 10 19 20 324  8.1 10.1 99.00 99.00 99.00 999 1014.6   9.4 999.0   9.4 99.0 99.00 
2024 06 10 19 30 324  8.2 10.1 99.00 99.00 99.00 999 1014.5   9.4 999.0   9.4 99.0 99.00 
2024 06 10 19 40 324  8.7 10.6  2.25 11.43  6.76 295 1014.4   9.4 999.0   9.4 99.0 99.00 
2024 06 10 19 50 326  8.2 10.5 99.00 99.00 99.00 999 1014.5   9.4 999.0   9.4 99.0 99.00 
2024 06 10 20 00 326  8.0 10.5 99.00 99.00 99.00 999 1014.5   9.5 999.0   9.5 99.0 99.00 
2024 06 10 20 10 324  8.5 10.6  2.15  8.33  6.53 301 1014.4   9.5 999.0   9.5 99.0 99.00 
2024 06 10 20 20 327  7.6  9.7 99.00 99.00 99.00 999 1014.4   9.5 999.0   9.5 99.0 99.00 
2024 06 10 20 30 322  7.5 10.2 99.00 99.00 99.00 999 1014.4   9.5 999.0   9.5 99.0 99.00 
2024 06 10 20 40 322  7.9 10.2  2.20 12.12  6.61 298 1014.2   9.5 999.0   9.5 99.0 99.00 
2024 06 10 20 50 323  7.9  9.7 99.00 99.00 99.00 999 1014.2   9.6 999.0   9.6 99.0 99.00 
2024 06 10 21 00 321  8.1 10.2 99.00 99.00 99.00 999 1014.1   9.7 999.0   9.7 99.0 99.00 
2024 06 10 21 10 321  7.9  9.8  2.20 11.43  6.68 300 1014.0   9.8 999.0   9.8 99.0 99.00 
2024 06 10 21 20 320  7.1  9.0 99.00 99.00 99.00 999 1013.9   9.9 999.0   9.9 99.0 99.00 
2024 06 10 21 30 318  7.5 10.0 99.00 99.00 99.00 999 1013.9   9.9 999.0   9.9 99.0 99.00 
2024 06 10 21 40 320  7.6  9.4  1.98  8.33  6.21 313 1013.9  10.0 999.0  10.0 99.0 99.00 
2024 06 10 21 50 322  7.6  9.4 99.00 99.00 99.00 999 1013.9  10.1 999.0  10.1 99.0 99.00 
2024 06 10 22 00 321  7.2  9.0 99.00 99.00 99.00 999 1013.9  10.2 999.0  10.2 99.0 99.00 
2024 06 10 22 10 317  7.2  9.5  2.16 10.81  6.59 303 1013.7  10.3 999.0  10.3 99.0 99.00 
2024 06 10 22 20 315  7.5  9.6 99.00 99.00 99.00 999 1013.6  10.3 999.0  10.3 99.0 99.00 
2024 06 10 22 30 315  7.6  9.8 99.00 99.00 99.00 999 1013.6  10.4 999.0  10.4 99.0 99.00 
2024 06 10 22 40 316  7.1  9.2  2.15 11.43  6.46 305 1013.6  10.5 999.0  10.5 99.0 99.00 
2024 06 10 22 50 318  9.1 11.7 99.00 99.00 99.00 999 1013.3  10.5 999.0  10.5 99.0 99.00 
2024 06 10 23 00 317  8.6 11.3 99.00 99.00 99.00 999 1013.3  10.5 999.0  10.4 99.0 99.00 
2024 06 10 23 10 315  8.4 11.4  2.03 11.43  6.14 301 1013.3  10.6 999.0  10.5 99.0 99.00 
2024 06 10 23 20 312  7.9 10.4 99.00 99.00 99.00 999 1013.3  10.6 999.0  10.5 99.0 99.00 
2024 06 10 23 30 313  8.6 11.2 99.00 99.00 99.00 999 1013.1  10.7 999.0  10.6 99.0 99.00 
2024 06 10 23 40 315  8.9 11.3  2.29  9.09  6.52 299 1013.1  10.7 999.0  10.5 99.0 99.00 
2024 06 10 23 50 314  7.6 10.1 99.00 99.00 99.00 999 1013.1  10.7 999.0  10.5 99.0 99.00 
2024 06 11 00 00 307  6.9  8.7 99.00 99.00 99.00 999 1013.1  10.7 999.0  10.5 99.0 99.00 
2024 06 11 00 10 305  7.4  9.3  2.20 11.43  6.27 308 1012.9  10.8 999.0  10.6 99.0 99.00 
2024 06 11 00 20 307  7.7  9.6 99.00 99.00 99.00 999 1012.8  10.9 999.0  10.6 99.0 99.00 
2024 06 11 00 30 307  8.0 10.5 99.00 99.00 99.00 999 1012.7  11.0 999.0  10.7 99.0 99.00 
2024 06 11 00 40 306  7.9  9.7  2.04  8.33  6.15 313 1012.5  11.0 999.0  10.7 99.0 99.00 
2024 06 11 00 50 303  8.3 10.8 99.00 99.00 99.00 999 1012.3  11.0 999.0  10.8 99.0 99.00 
2024 06 11 01 00 306  8.3 10.5 99.00 99.00 99.00 999 1012.3  11.1 999.0  10.8 99.0 99.00 
2024 06 11 01 10 304  8.3 10.0  2.23 10.81  6.45 303 1012.1  11.1 999.0  10.8 99.0 99.00 
2024 06 11 01 20 302  8.4 10.5 99.00 99.00 99.00 999 1012.0  11.0 999.0  10.8 99.0 99.00 
2024 06 11 01 30 304  8.8 11.3 99.00 99.00 99.00 999 1011.9  11.1 999.0  10.9 99.0 99.00 
2024 06 11 01 40 304  8.8 10.4  2.41 10.00  6.67 308 1011.9  11.2 999.0  10.9 99.0 99.00 
2024 06 11 01 50 306  9.2 11.6 99.00 99.00 99.00 999 1012.0  11.2 999.0  10.8 99.0 99.00 
2024 06 11 02 00 308  8.8 11.3 99.00 99.00 99.00 999 1011.9  11.2 999.0  10.8 99.0 99.00 
2024 06 11 02 10 309  8.7 10.6  2.33 10.00  6.31 300 1012.0  11.3 999.0  10.9 99.0 99.00 
2024 06 11 02 20 310  8.5 10.7 99.00 99.00 99.00 999 1012.0  11.3 999.0  10.9 99.0 99.00 
2024 06 11 02 30 312  9.0 11.1 99.00 99.00 99.00 999 1012.0  11.3 999.0  10.9 99.0 99.00 
2024 06 11 02 40 315  8.6 10.5  2.22 10.00  6.04 310 1012.0  11.3 999.0  10.9 99.0 99.00 
2024 06 11 02 50 317  8.0  9.8 99.00 99.00 99.00 999 1012.1  11.3 999.0  10.9 99.0 99.00 
2024 06 11 03 00 320  7.6 10.0 99.00 99.00 99.00 999 1012.2  11.2 999.0  10.8 99.0 99.00 
2024 06 11 03 10 322  7.2  9.1  2.30 10.00  6.23 307 1012.2  11.2 999.0  10.8 99.0 99.00 
2024 06 11 03 20 323  6.6  8.9 99.00 99.00 99.00 999 1012.2  11.1 999.0  10.7 99.0 99.00 
2024 06 11 03 30 322  6.8  8.9 99.00 99.00 99.00 999 1012.2  11.1 999.0  10.7 99.0 99.00 
2024 06 11 03 40 322  7.2  9.0  2.34 10.00  6.18 303 1012.1  11.1 999.0  10.7 99.0 99.00 
2024 06 11 03 50 320  7.7  9.6 99.00 99.00 99.00 999 1012.0  11.0 999.0  10.7 99.0 99.00 
2024 06 11 04 00 320  7.9 10.8 99.00 99.00 99.00 999 1012.0  11.0 999.0  10.7 99.0 99.00 
2024 06 11 04 10 319  8.4 10.2  2.37 10.00  6.17 303 1011.9  11.0 999.0  10.6 99.0 99.00 
2024 06 11 04 20 318  8.6 11.2 99.00 99.00 99.00 999 1012.1  11.0 999.0  10.6 99.0 99.00 
2024 06 11 04 30 320  8.0 10.8 99.00 99.00 99.00 999 1012.2  11.0 999.0  10.6 99.0 99.00 
2024 06 11 04 40 322  7.6  9.8  2.42  8.33  6.11 309 1012.2  11.0 999.0  10.6 99.0 99.00 
2024 06 11 04 50 323  8.1 10.1 99.00 99.00 99.00 999 1012.3  11.0 999.0  10.6 99.0 99.00 
2024 06 11 05 00 323  8.2 10.3 99.00 99.00 99.00 999 1012.3  11.0 999.0  10.6 99.0 99.00 
2024 06 11 05 10 322  8.4 10.1  2.26  8.33  5.94 310 1012.3  11.0 999.0  10.6 99.0 99.00 
2024 06 11 05 20 323  8.3 10.8 99.00 99.00 99.00 999 1012.4  11.0 999.0  10.6 99.0 99.00 
2024 06 11 05 30 323  8.5 11.1 99.00 99.00 99.00 999 1012.3  11.0 999.0  10.6 99.0 99.00 
2024 06 11 05 40 324  8.3 10.7  2.47  9.09  6.36 305 1012.4  11.0 999.0  10.6 99.0 99.00 
2024 06 11 05 50 324  8.5 10.7 99.00 99.00 99.00 999 1012.4  11.0 999.0  10.6 99.0 99.00 
2024 06 11 06 00 327  7.6  9.6 99.00 99.00 99.00 999 1012.5  10.9 999.0  10.5 99.0 99.00 
2024 06 11 06 10 330  7.0  8.9  2.34  8.33  6.17 303 1012.6  10.9 999.0  10.5 99.0 99.00 
2024 06 11 06 20 334  6.8  8.2 99.00 99.00 99.00 999 1012.6  10.9 999.0  10.5 99.0 99.00 
2024 06 11 06 30 335  6.7  8.2 99.00 99.00 99.00 999 1012.6  10.9 999.0  10.5 99.0 99.00 
2024 06 11 06 40 333  6.4  7.7  2.26  9.09  6.30 299 1012.6  10.8 999.0  10.4 99.0 99.00 
2024 06 11 06 50 331  6.7  8.5 99.00 99.00 99.00 999 1012.5  10.8 999.0  10.4 99.0 99.00 
2024 06 11 07 00 332  6.7  8.7 99.00 99.00 99.00 999 1012.6  10.8 999.0  10.4 99.0 99.00 
2024 06 11 07 10 333  6.6  8.5  2.12  8.33  6.05 307 1012.5  10.8 999.0  10.4 99.0 99.00 
2024 06 11 07 20 334  6.8  8.5 99.00 99.00 99.00 999 1012.5  10.7 999.0  10.3 99.0 99.00 
2024 06 11 07 30 334  6.7  8.1 99.00 99.00 99.00 999 1012.4  10.7 999.0  10.3 99.0 99.00 
2024 06 11 07 40 332  7.0  9.3  2.29  8.33  6.31 305 1012.4  10.7 999.0  10.3 99.0 99.00 
2024 06 11 07 50 335  6.8  8.7 99.00 99.00 99.00 999 1012.4  10.7 999.0  10.3 99.0 99.00 
2024 06 11 08 00 332  7.1  9.5 99.00 99.00 99.00 999 1012.3  10.7 999.0  10.3 99.0 99.00 
2024 06 11 08 10 330  7.6  9.4  2.23  9.09  6.31 297 1012.2  10.7 999.0  10.3 99.0 99.00 
2024 06 11 08 20 329  8.0 10.5 99.00 99.00 99.00 999 1012.2  10.7 999.0  10.3 99.0 99.00 
2024 06 11 08 30 330  8.5 10.2 99.00 99.00 99.00 999 1012.2  10.8 999.0  10.4 99.0 99.00 
2024 06 11 08 40 331  8.7 11.1  2.22  7.69  6.12 299 1012.2  10.8 999.0  10.3 99.0 99.00 
2024 06 11 08 50 331  8.6 10.8 99.00 99.00 99.00 999 1012.0  10.8 999.0  10.3 99.0 99.00 
2024 06 11 09 00 329  9.0 11.3 99.00 99.00 99.00 999 1012.0  10.8 999.0  10.4 99.0 99.00 
2024 06 11 09 10 330  8.8 11.3  2.14  8.33  6.06 307 1011.8  10.7 999.0  10.3 99.0 99.00 
2024 06 11 09 20 330  9.4 11.5 99.00 99.00 99.00 999 1011.7  10.7 999.0  10.3 99.0 99.00 
2024 06 11 09 30 330  9.2 11.5 99.00 99.00 99.00 999 1011.6  10.6 999.0  10.2 99.0 99.00 
2024 06 11 09 40 328  9.8 12.7  2.17  8.33  5.96 301 1011.5  10.6 999.0  10.2 99.0 99.00 
2024 06 11 09 50 327 10.7 13.3 99.00 99.00 99.00 999 1011.5  10.5 999.0  10.1 99.0 99.00 
2024 06 11 10 00 327 10.6 13.1 99.00 99.00 99.00 999 1011.5  10.5 999.0  10.1 99.0 99.00 
2024 06 11 10 10 330 10.1 12.4  2.16  9.09  5.91 301 1011.6  10.4 999.0  10.0 99.0 99.00 
2024 06 11 10 20 332  9.6 12.0 99.00 99.00 99.00 999 1011.7  10.5 999.0  10.1 99.0 99.00 
2024 06 11 10 30 330  9.3 12.1 99.00 99.00 99.00 999 1011.7  10.5 999.0  10.1 99.0 99.00 
2024 06 11 10 40 332  9.5 11.5  2.14  8.33  5.80 307 1011.7  10.5 999.0  10.1 99.0 99.00 
2024 06 11 10 50 333  9.6 11.6 99.00 99.00 99.00 999 1011.7  10.5 999.0  10.1 99.0 99.00 
2024 06 11 11 00 334  9.6 11.8 99.00 99.00 99.00 999 1011.9  10.6 999.0  10.2 99.0 99.00 
2024 06 11 11 10 336  9.3 11.5  2.07  8.33  6.02 303 1011.9  10.6 999.0  10.2 99.0 99.00 
2024 06 11 11 20 333  8.9 11.2 99.00 99.00 99.00 999 1011.8  10.6 999.0  10.3 99.0 99.00 
2024 06 11 11 30 330  8.6 11.1 99.00 99.00 99.00 999 1011.7  10.5 999.0  10.3 99.0 99.00 
2024 06 11 11 40 330  8.8 11.1  2.02  7.69  5.76 296 1011.6  10.5 999.0  10.3 99.0 99.00 
2024 06 11 11 50 330  8.9 11.2 99.00 99.00 99.00 999 1011.6  10.4 999.0  10.2 99.0 99.00 
2024 06 11 12 00 333  8.3 10.4 99.00 99.00 99.00 999 1011.7  10.3 999.0  10.1 99.0 99.00 
2024 06 11 12 10 340  7.1  8.8  2.07 10.00  6.02 292 1011.8  10.2 999.0  10.0 99.0 99.00 
2024 06 11 12 20 346  5.4  6.8 99.00 99.00 99.00 999 1011.9  10.2 999.0  10.1 99.0 99.00 
2024 06 11 12 30 348  4.6  6.5 99.00 99.00 99.00 999 1012.0  10.2 999.0  10.1 99.0 99.00 
2024 06 11 12 40 347  4.6  5.9  2.02  7.69  6.06 299 1012.0  10.3 999.0  10.2 99.0 99.00 
2024 06 11 12 50 342  4.7  6.1 99.00 99.00 99.00 999 1012.0  10.3 999.0  10.2 99.0 99.00 
2024 06 11 13 00 333  6.0  8.0 99.00 99.00 99.00 999 1011.9  10.4 999.0  10.2 99.0 99.00 
2024 06 11 13 10 329  6.6  8.5  2.06  7.69  6.12 298 1011.9  10.4 999.0  10.2 99.0 99.00 
2024 06 11 13 20 337  5.9  7.6 99.00 99.00 99.00 999 1012.0  10.4 999.0  10.2 99.0 99.00 
2024 06 11 13 30 350  4.8  7.2 99.00 99.00 99.00 999 1012.2  10.4 999.0  10.2 99.0 99.00 
2024 06 11 13 40  25  2.0  3.0  1.98  7.69  5.95 306 1012.2  10.1 999.0   9.9 99.0 99.00 
2024 06 11 13 50  16  2.0  2.9 99.00 99.00 99.00 999 1012.3   9.8 999.0   9.7 99.0 99.00 
2024 06 11 14 00  11  2.2  3.3 99.00 99.00 99.00 999 1012.3   9.8 999.0   9.8 99.0 99.00 
2024 06 11 14 10  15  2.2  3.2  2.00  7.69  6.27 308 1012.4   9.9 999.0   9.9 99.0 99.00 
2024 06 11 14 20  18  1.9  2.7 99.00 99.00 99.00 999 1012.5   9.9 999.0   9.9 99.0 99.00 
2024 06 11 14 30  30  1.2  2.3 99.00 99.00 99.00 999 1012.4  10.1 999.0  10.1 99.0 99.00 
2024 06 11 14 40  67  0.8  1.9  1.89  8.33  6.22 301 1012.4  10.2 999.0  10.2 99.0 99.00 
2024 06 11 14 50  78  1.4  2.7 99.00 99.00 99.00 999 1012.4  10.1 999.0  10.1 99.0 99.00 
2024 06 11 15 00  66  1.7  3.2 99.00 99.00 99.00 999 1012.6  10.1 999.0  10.1 99.0 99.00 
2024 06 11 15 10  58  1.8  3.3  2.12  7.69  6.40 305 1012.7  10.0 999.0  10.0 99.0 99.00 
2024 06 11 15 20  53  1.9  3.0 99.00 99.00 99.00 999 1012.8   9.8 999.0   9.8 99.0 99.00 
2024 06 11 15 30  46  1.6  2.3 99.00 99.00 99.00 999 1012.8   9.8 999.0   9.8 99.0 99.00 
2024 06 11 15 40  52  1.5  2.5  1.99  8.33  6.40 303 1012.8   9.8 999.0   9.8 99.0 99.00 
2024 06 11 15 50  37  1.1  1.8 99.00 99.00 99.00 999 1012.9   9.8 999.0   9.8 99.0 99.00 
2024 06 11 16 00  22  0.4  1.4 99.00 99.00 99.00 999 1012.9   9.9 999.0   9.9 99.0 99.00 
2024 06 11 16 10   4  0.2  1.4  1.92  8.33  6.42 305 1012.9  10.2 999.0  10.2 99.0 99.00 
2024 06 11 16 20  65  0.2  0.8 99.00 99.00 99.00 999 1013.0  10.4 999.0  10.3 99.0 99.00 
2024 06 11 16 30 179  0.2  1.0 99.00 99.00 99.00 999 1013.0  10.5 999.0  10.4 99.0 99.00 
2024 06 11 16 40 313  0.9  2.2  2.02  9.09  6.37 295 1013.0  10.6 999.0  10.3 99.0 99.00 
2024 06 11 16 50   2  1.2  2.2 99.00 99.00 99.00 999 1013.0  10.8 999.0  10.4 99.0 99.00 
2024 06 11 17 00 348  1.6  4.0 99.00 99.00 99.00 999 1012.9  10.9 999.0  10.4 99.0 99.00 
2024 06 11 17 10 348  2.9  4.9  2.09  8.33  6.49 305 1012.8  10.9 999.0  10.3 99.0 99.00 
2024 06 11 17 20 344  2.8  3.9 99.00 99.00 99.00 999 1012.8  11.0 999.0  10.3 99.0 99.00 
2024 06 11 17 30 337  2.8  4.1 99.00 99.00 99.00 999 1012.9  11.0 999.0  10.2 99.0 99.00 
2024 06 11 17 40 335  2.9  3.9  1.76  8.33  6.18 303 1012.9  10.9 999.0  10.2 99.0 99.00 
2024 06 11 17 50 338  3.2  4.3 99.00 99.00 99.00 999 1013.0  10.9 999.0  10.2 99.0 99.00 
2024 06 11 18 00 335  3.5  5.4 99.00 99.00 99.00 999 1012.9  10.9 999.0  10.2 99.0 99.00 
2024 06 11 18 10 332  5.4  7.9  1.94  7.14  6.30 302 1012.9  11.1 999.0  10.1 99.0 99.00 
2024 06 11 18 20 327  7.1  8.8 99.00 99.00 99.00 999 1012.8  11.3 999.0  10.0 99.0 99.00 
2024 06 11 18 30 328  7.4  9.4 99.00 99.00 99.00 999 1012.8  11.3 999.0  10.0 99.0 99.00 
2024 06 11 18 40 329  7.7  9.6  1.90  7.69  6.12 315 1012.7  11.3 999.0  10.0 99.0 99.00 
2024 06 11 18 50 324  8.2 10.1 99.00 99.00 99.00 999 1012.8  11.3 999.0   9.9 99.0 99.00 
2024 06 11 19 00 333  7.1  8.7 99.00 99.00 99.00 999 1012.9  11.3 999.0   9.9 99.0 99.00 
2024 06 11 19 10 334  7.0  8.7  1.80  7.69  5.99 309 1012.9  11.3 999.0   9.9 99.0 99.00 
2024 06 11 19 20 331  7.1  9.0 99.00 99.00 99.00 999 1013.0  11.3 999.0   9.9 99.0 99.00 
2024 06 11 19 30 332  6.8  8.0 99.00 99.00 99.00 999 1013.0  11.4 999.0  10.0 99.0 99.00 
2024 06 11 19 40 332  6.8  8.6  1.95  7.69  5.92 310 1013.0  11.5 999.0   9.9 99.0 99.00 
2024 06 11 19 50 332  6.6  8.4 99.00 99.00 99.00 999 1013.0  11.6 999.0   9.9 99.0 99.00 
2024 06 11 20 00 331  7.0  9.3 99.00 99.00 99.00 999 1012.9  11.7 999.0   9.9 99.0 99.00 
2024 06 11 20 10 330  7.1  8.7  1.97  7.14  5.93 314 1012.8  11.8 999.0  10.0 99.0 99.00 
2024 06 11 20 20 329  7.4  9.1 99.00 99.00 99.00 999 1012.7  11.8 999.0   9.9 99.0 99.00 
2024 06 11 20 30 329  7.8  9.7 99.00 99.00 99.00 999 1012.6  11.9 999.0  10.0 99.0 99.00 
2024 06 11 20 40 328  7.8  9.5  1.89  7.69  5.69 300 1012.6  11.9 999.0  10.0 99.0 99.00 
2024 06 11 20 50 328  7.8  9.7 99.00 99.00 99.00 999 1012.5  11.9 999.0  10.1 99.0 99.00 
2024 06 11 21 00 326  8.0  9.8 99.00 99.00 99.00 999 1012.4  11.9 999.0  10.0 99.0 99.00 
2024 06 11 21 10 326  8.3 10.5  1.95  8.33  5.68 309 1012.3  12.0 999.0  10.1 99.0 99.00 
2024 06 11 21 20 327  8.6 10.5 99.00 99.00 99.00 999 1012.3  12.0 999.0  10.0 99.0 99.00 
2024 06 11 21 30 330  8.2  9.9 99.00 99.00 99.00 999 1012.2  12.1 999.0  10.2 99.0 99.00 
2024 06 11 21 40 329  9.0 11.3  2.03  7.14  5.65 313 1012.0  12.1 999.0  10.2 99.0 99.00 
2024 06 11 21 50 328  9.4 11.7 99.00 99.00 99.00 999 1011.9  12.1 999.0  10.3 99.0 99.00 
2024 06 11 22 00 328  9.8 12.1 99.00 99.00 99.00 999 1011.9  12.2 999.0  10.4 99.0 99.00 
2024 06 11 22 10 329  9.5 11.8  2.34  7.14  5.76 318 1011.8  12.2 999.0  10.5 99.0 99.00 
2024 06 11 22 20 327 10.3 13.3 99.00 99.00 99.00 999 1011.6  12.3 999.0  10.6 99.0 99.00 
2024 06 11 22 30 322 11.2 14.6 99.00 99.00 99.00 999 1011.3  12.3 999.0  10.7 99.0 99.00 
2024 06 11 22 40 322 11.7 14.7  2.51  7.14  5.84 315 1011.3  12.4 999.0  10.8 99.0 99.00 
2024 06 11 22 50 325 11.1 13.9 99.00 99.00 99.00 999 1011.2  12.3 999.0  10.8 99.0 99.00 
2024 06 11 23 00 320 12.3 15.8 99.00 99.00 99.00 999 1010.8  12.4 999.0  11.0 99.0 99.00 
2024 06 11 23 10 315 13.4 17.2  2.61  7.14  5.68 313 1010.4  12.3 999.0  11.0 99.0 99.00 
2024 06 11 23 20 311 14.0 17.8 99.00 99.00 99.00 999 1010.1  12.3 999.0  11.1 99.0 99.00 
2024 06 11 23 30 310 14.4 17.7 99.00 99.00 99.00 999 1010.0  12.3 999.0  11.2 99.0 99.00 
2024 06 11 23 40 309 14.5 17.8  2.90  6.67  5.85 318 1010.0  12.3 999.0  11.2 99.0 99.00 
2024 06 11 23 50 310 14.9 19.4 99.00 99.00 99.00 999 1009.8  12.3 999.0  11.2 99.0 99.00 
2024 06 12 00 00 309 14.4 18.5 99.00 99.00 99.00 999 1009.8  12.3 999.0  11.3 99.0 99.00 
2024 06 12 00 10 311 14.8 18.3  2.83  7.69  5.75 320 1009.8  12.3 999.0  11.3 99.0 99.00 
2024 06 12 00 20 310 15.0 18.0 99.00 99.00 99.00 999 1009.8  12.3 999.0  11.3 99.0 99.00 
2024 06 12 00 30 311 14.8 18.5 99.00 99.00 99.00 999 1009.8  12.3 999.0  11.3 99.0 99.00 
2024 06 12 00 40 311 15.0 18.3  3.06  7.69  6.07 316 1009.7  12.4 999.0  11.2 99.0 99.00 
2024 06 12 00 50 313 14.6 18.6 99.00 99.00 99.00 999 1009.6  12.4 999.0  11.2 99.0 99.00 
2024 06 12 01 00 314 14.2 17.8 99.00 99.00 99.00 999 1009.6  12.3 999.0  11.0 99.0 99.00 
2024 06 12 01 10 312 14.3 18.5  3.03  7.14  5.98 319 1009.4  12.3 999.0  11.1 99.0 99.00 
2024 06 12 01 20 312 14.5 18.1 99.00 99.00 99.00 999 1009.4  12.3 999.0  11.1 99.0 99.00 
2024 06 12 01 30 312 14.5 18.4 99.00 99.00 99.00 999 1009.3  12.3 999.0  11.1 99.0 99.00 
2024 06 12 01 40 310 15.0 19.5  2.97  7.69  5.83 322 1009.3  12.4 999.0  11.2 99.0 99.00 
2024 06 12 01 50 310 15.5 18.9 99.00 99.00 99.00 999 1009.2  12.4 999.0  11.2 99.0 99.00 
2024 06 12 02 00 311 15.5 19.3 99.00 99.00 99.00 999 1009.1  12.4 999.0  11.3 99.0 99.00 
2024 06 12 02 10 311 14.8 18.6  2.81  8.33  5.93 320 1009.3  12.3 999.0  11.2 99.0 99.00 
2024 06 12 02 20 311 14.7 17.8 99.00 99.00 99.00 999 1009.3  12.4 999.0  11.3 99.0 99.00 
2024 06 12 02 30 311 14.6 17.8 99.00 99.00 99.00 999 1009.3  12.4 999.0  11.3 99.0 99.00 
2024 06 12 02 40 311 14.8 17.7  2.67  8.33  5.90 313 1009.3  12.4 999.0  11.3 99.0 99.00 
2024 06 12 02 50 311 14.3 19.5 99.00 99.00 99.00 999 1009.3  12.3 999.0  11.3 99.0 99.00 
2024 06 12 03 00 310 14.8 18.3 99.00 99.00 99.00 999 1009.2  12.3 999.0  11.3 99.0 99.00 
2024 06 12 03 10 311 14.9 18.6  3.19  7.69  6.26 318 1009.2  12.3 999.0  11.3 99.0 99.00 
2024 06 12 03 20 310 14.4 18.4 99.00 99.00 99.00 999 1009.3  12.2 999.0  11.3 99.0 99.00 
2024 06 12 03 30 313 13.6 18.0 99.00 99.00 99.00 999 1009.5  12.1 999.0  11.3 99.0 99.00 
2024 06 12 03 40 319 13.0 16.3  3.12  8.33  6.21 321 1009.6  12.0 999.0  11.2 99.0 99.00 
2024 06 12 03 50 317 13.2 16.3 99.00 99.00 99.00 999 1009.7  12.0 999.0  11.2 99.0 99.00 
2024 06 12 04 00 316 13.2 16.7 99.00 99.00 99.00 999 1009.8  11.9 999.0  11.1 99.0 99.00 
2024 06 12 04 10 316 12.8 16.5  2.83  8.33  5.99 320 1009.9  11.9 999.0  11.1 99.0 99.00 
2024 06 12 04 20 317 13.1 16.8 99.00 99.00 99.00 999 1009.8  11.9 999.0  11.1 99.0 99.00 
2024 06 12 04 30 316 13.2 17.0 99.00 99.00 99.00 999 1009.8  11.8 999.0  11.0 99.0 99.00 
2024 06 12 04 40 314 13.7 17.7  2.72  8.33  5.92 311 1010.0  11.8 999.0  11.0 99.0 99.00 
2024 06 12 04 50 314 13.6 17.8 99.00 99.00 99.00 999 1010.0  11.7 999.0  10.9 99.0 99.00 
2024 06 12 05 00 315 13.2 16.2 99.00 99.00 99.00 999 1010.1  11.7 999.0  10.9 99.0 99.00 
2024 06 12 05 10 316 13.2 16.5  2.92  7.69  6.11 313 1010.2  11.7 999.0  10.9 99.0 99.00 
2024 06 12 05 20 316 13.1 16.2 99.00 99.00 99.00 999 1010.2  11.7 999.0  10.9 99.0 99.00 
2024 06 12 05 30 315 13.1 16.0 99.00 99.00 99.00 999 1010.4  11.6 999.0  10.8 99.0 99.00 
2024 06 12 05 40 317 12.8 15.6  2.95  8.33  6.30 313 1010.5  11.6 999.0  10.8 99.0 99.00 
2024 06 12 05 50 315 12.7 15.2 99.00 99.00 99.00 999 1010.3  11.5 999.0  10.7 99.0 99.00 
2024 06 12 06 00 317 12.9 16.2 99.00 99.00 99.00 999 1010.4  11.5 999.0  10.7 99.0 99.00 
2024 06 12 06 10 317 12.5 15.5  3.20  7.14  6.30 314 1010.3  11.5 999.0  10.7 99.0 99.00 
2024 06 12 06 20 314 12.7 16.4 99.00 99.00 99.00 999 1010.3  11.4 999.0  10.6 99.0 99.00 
2024 06 12 06 30 315 12.5 15.8 99.00 99.00 99.00 999 1010.2  11.4 999.0  10.6 99.0 99.00 
2024 06 12 06 40 314 12.5 15.1  3.06  8.33  6.27 317 1010.3  11.4 999.0  10.6 99.0 99.00 
2024 06 12 06 50 313 13.1 16.7 99.00 99.00 99.00 999 1010.1  11.4 999.0  10.6 99.0 99.00 
2024 06 12 07 00 314 13.0 16.5 99.00 99.00 99.00 999 1010.0  11.4 999.0  10.6 99.0 99.00 
2024 06 12 07 10 316 12.7 16.9  3.38  9.09  6.52 315 1010.0  11.3 999.0  10.4 99.0 99.00 
2024 06 12 07 20 316 12.6 16.2 99.00 99.00 99.00 999 1010.0  11.3 999.0  10.4 99.0 99.00 
2024 06 12 07 30 316 12.1 15.9 99.00 99.00 99.00 999 1010.0  11.3 999.0  10.3 99.0 99.00 
2024 06 12 07 40 316 12.2 15.1  3.06  8.33  6.51 322 1010.2  11.3 999.0  10.3 99.0 99.00 
2024 06 12 07 50 318 11.5 14.4 99.00 99.00 99.00 999 1010.1  11.3 999.0  10.3 99.0 99.00 
2024 06 12 08 00 314 12.2 16.1 99.00 99.00 99.00 999 1010.0  11.2 999.0  10.2 99.0 99.00 
2024 06 12 08 10 314 12.8 16.2  3.29  9.09  6.48 305 1010.0  11.3 999.0  10.2 99.0 99.00 
2024 06 12 08 20 315 12.8 15.2 99.00 99.00 99.00 999 1010.0  11.2 999.0  10.1 99.0 99.00 
2024 06 12 08 30 312 13.2 16.1 99.00 99.00 99.00 999 1009.8  11.2 999.0  10.1 99.0 99.00 
2024 06 12 08 40 313 13.3 16.5  3.21  8.33  6.42 318 1009.8  11.2 999.0  10.2 99.0 99.00 
2024 06 12 08 50 316 13.7 16.5 99.00 99.00 99.00 999 1009.7  11.2 999.0  10.2 99.0 99.00 
2024 06 12 09 00 315 13.9 19.0 99.00 99.00 99.00 999 1009.7  11.2 999.0  10.2 99.0 99.00 
2024 06 12 09 10 316 13.1 16.5  3.20  8.33  6.24 310 1009.9  11.1 999.0  10.2 99.0 99.00 
2024 06 12 09 20 319 12.7 15.6 99.00 99.00 99.00 999 1009.9  11.1 999.0  10.2 99.0 99.00 
2024 06 12 09 30 321 12.5 15.7 99.00 99.00 99.00 999 1009.9  11.1 999.0  10.3 99.0 99.00 
2024 06 12 09 40 320 12.9 16.0  3.18  8.33  6.33 321 1009.7  11.0 999.0  10.2 99.0 99.00 
2024 06 12 09 50 316 13.2 17.5 99.00 99.00 99.00 999 1009.5  11.0 999.0  10.2 99.0 99.00 
2024 06 12 10 00 314 13.4 17.2 99.00 99.00 99.00 999 1009.4  11.0 999.0  10.2 99.0 99.00 
2024 06 12 10 10 317 12.8 16.7  3.41  8.33  6.49 316 1009.5  10.9 999.0  10.1 99.0 99.00 
2024 06 12 10 20 316 13.3 17.3 99.00 99.00 99.00 999 1009.5  10.9 999.0  10.1 99.0 99.00 
2024 06 12 10 30 317 13.2 16.9 99.00 99.00 99.00 999 1009.4  10.9 999.0  10.1 99.0 99.00 
2024 06 12 10 40 318 13.1 16.8  3.48  7.69  6.62 316 1009.5  10.8 999.0  10.0 99.0 99.00 
2024 06 12 10 50 318 13.5 17.6 99.00 99.00 99.00 999 1009.3  10.8 999.0  10.1 99.0 99.00 
2024 06 12 11 00 316 13.8 17.9 99.00 99.00 99.00 999 1009.3  10.7 999.0  10.0 99.0 99.00 
2024 06 12 11 10 314 14.3 17.8  3.12  9.09  6.50 315 1009.3  10.7 999.0  10.0 99.0 99.00 
2024 06 12 11 20 315 13.7 17.5 99.00 99.00 99.00 999 1009.3  10.7 999.0  10.0 99.0 99.00 
2024 06 12 11 30 314 14.4 19.5 99.00 99.00 99.00 999 1009.2  10.7 999.0  10.0 99.0 99.00 
2024 06 12 11 40 313 14.5 18.4  2.96  7.14  6.23 320 1009.1  10.6 999.0  10.0 99.0 99.00 
2024 06 12 11 50 314 14.5 18.0 99.00 99.00 99.00 999 1009.3  10.6 999.0  10.0 99.0 99.00 
2024 06 12 12 00 314 14.3 18.3 99.00 99.00 99.00 999 1009.2  10.6 999.0   9.9 99.0 99.00 
2024 06 12 12 10 314 13.7 17.5  3.40  9.09  6.60 316 1009.2  10.5 999.0   9.9 99.0 99.00 
2024 06 12 12 20 316 13.7 16.9 99.00 99.00 99.00 999 1009.2  10.5 999.0   9.9 99.0 99.00 
2024 06 12 12 30 315 13.9 17.8 99.00 99.00 99.00 999 1009.4  10.5 999.0  10.0 99.0 99.00 
2024 06 12 12 40 316 14.1 18.4  3.27  7.69  6.47 320 1009.4  10.5 999.0   9.9 99.0 99.00 
2024 06 12 12 50 318 14.1 17.6 99.00 99.00 99.00 999 1009.6  10.6 999.0   9.9 99.0 99.00 
2024 06 12 13 00 319 13.2 16.4 99.00 99.00 99.00 999 1009.6  10.5 999.0   9.8 99.0 99.00 
2024 06 12 13 10 318 13.3 16.4  3.24  7.69  6.44 314 1009.7  10.5 999.0   9.8 99.0 99.00 
2024 06 12 13 20 319 13.1 16.3 99.00 99.00 99.00 999 1009.7  10.5 999.0   9.8 99.0 99.00 
2024 06 12 13 30 316 13.6 17.0 99.00 99.00 99.00 999 1009.8  10.6 999.0   9.9 99.0 99.00 
2024 06 12 13 40 317 13.3 16.9  3.36  7.69  6.73 317 1009.9  10.6 999.0   9.9 99.0 99.00 
2024 06 12 13 50 317 13.2 16.3 99.00 99.00 99.00 999 1009.9  10.6 999.0   9.9 99.0 99.00 
2024 06 12 14 00 317 13.0 15.8 99.00 99.00 99.00 999 1010.1  10.5 999.0   9.8 99.0 99.00 
2024 06 12 14 10 316 12.9 16.8  3.49 10.00  6.81 313 1010.1  10.5 999.0   9.8 99.0 99.00 
2024 06 12 14 20 317 12.6 16.1 99.00 99.00 99.00 999 1010.1  10.5 999.0   9.8 99.0 99.00 
2024 06 12 14 30 319 12.7 15.8 99.00 99.00 99.00 999 1010.2  10.5 999.0   9.8 99.0 99.00 
2024 06 12 14 40 320 12.5 15.5  3.22  9.09  6.65 322 1010.4  10.5 999.0   9.8 99.0 99.00 
2024 06 12 14 50 320 11.8 15.1 99.00 99.00 99.00 999 1010.6  10.5 999.0   9.8 99.0 99.00 
2024 06 12 15 00 323 11.6 14.8 99.00 99.00 99.00 999 1010.8  10.5 999.0   9.8 99.0 99.00 
2024 06 12 15 10 324 11.6 14.6  3.22 10.00  6.69 309 1010.9  10.6 999.0   9.8 99.0 99.00 
2024 06 12 15 20 324 11.5 15.1 99.00 99.00 99.00 999 1011.0  10.6 999.0   9.8 99.0 99.00 
2024 06 12 15 30 324 11.1 14.3 99.00 99.00 99.00 999 1011.1  10.6 999.0   9.8 99.0 99.00 
2024 06 12 15 40 326 11.3 14.1  3.40 10.00  6.77 315 1011.4  10.6 999.0   9.8 99.0 99.00 
2024 06 12 15 50 328 10.9 13.6 99.00 99.00 99.00 999 1011.5  10.6 999.0   9.8 99.0 99.00 
2024 06 12 16 00 328 10.6 13.5 99.00 99.00 99.00 999 1011.6  10.6 999.0   9.8 99.0 99.00 
2024 06 12 16 10 328 10.4 13.4  3.24  9.09  6.59 311 1011.7  10.6 999.0   9.8 99.0 99.00 
2024 06 12 16 20 329 10.1 13.2 99.00 99.00 99.00 999 1011.8  10.5 999.0   9.7 99.0 99.00 
2024 06 12 16 30 330  9.8 12.2 99.00 99.00 99.00 999 1011.8  10.5 999.0   9.8 99.0 99.00 
2024 06 12 16 40 328  9.9 12.5  3.07  9.09  6.69 317 1011.9  10.5 999.0   9.8 99.0 99.00 
2024 06 12 16 50 327 10.1 12.9 99.00 99.00 99.00 999 1012.0  10.5 999.0   9.8 99.0 99.00 
2024 06 12 17 00 327 10.5 13.1 99.00 99.00 99.00 999 1012.0  10.5 999.0   9.7 99.0 99.00 
2024 06 12 17 10 327 10.2 13.0  3.28 10.00  6.82 314 1012.1  10.5 999.0   9.7 99.0 99.00 
2024 06 12 17 20 327 10.3 13.7 99.00 99.00 99.00 999 1012.0  10.5 999.0   9.7 99.0 99.00 
2024 06 12 17 30 326 10.4 12.8 99.00 99.00 99.00 999 1012.0  10.5 999.0   9.7 99.0 99.00 
2024 06 12 17 40 326 10.2 13.2  3.24 10.00  6.98 310 1012.1  10.5 999.0   9.7 99.0 99.00 
2024 06 12 17 50 327 10.1 12.8 99.00 99.00 99.00 999 1012.2  10.5 999.0   9.7 99.0 99.00 
2024 06 12 18 00 328  9.9 12.5 99.00 99.00 99.00 999 1012.3  10.5 999.0   9.7 99.0 99.00 
2024 06 12 18 10 328 10.0 12.1  3.24 10.00  6.96 310 1012.4  10.5 999.0   9.7 99.0 99.00 
2024 06 12 18 20 328  9.8 12.1 99.00 99.00 99.00 999 1012.4  10.5 999.0   9.8 99.0 99.00 
2024 06 12 18 30 327 10.4 13.1 99.00 99.00 99.00 999 1012.4  10.5 999.0   9.8 99.0 99.00 
2024 06 12 18 40 327 10.1 12.6  2.84  9.09  6.53 317 1012.4  10.5 999.0   9.8 99.0 99.00 
2024 06 12 18 50 326 10.2 13.5 99.00 99.00 99.00 999 1012.6  10.5 999.0   9.8 99.0 99.00 
2024 06 12 19 00 325 10.2 12.5 99.00 99.00 99.00 999 1012.6  10.6 999.0   9.9 99.0 99.00 
2024 06 12 19 10 323 10.1 12.5  3.07  9.09  6.83 315 1012.6  10.5 999.0   9.8 99.0 99.00 
2024 06 12 19 20 323 10.3 12.9 99.00 99.00 99.00 999 1012.6  10.6 999.0   9.9 99.0 99.00 
2024 06 12 19 30 322  9.9 12.6 99.00 99.00 99.00 999 1012.7  10.5 999.0   9.8 99.0 99.00 
2024 06 12 19 40 323  9.9 12.6  3.07  9.09  6.71 318 1012.7  10.6 999.0   9.9 99.0 99.00 
2024 06 12 19 50 323  9.8 12.2 99.00 99.00 99.00 999 1012.8  10.6 999.0   9.9 99.0 99.00 
2024 06 12 20 00 324  9.9 12.6 99.00 99.00 99.00 999 1012.8  10.6 999.0   9.9 99.0 99.00 
2024 06 12 20 10 326  9.4 11.8  2.97 10.81  6.75 311 1012.8  10.7 999.0  10.0 99.0 99.00 
2024 06 12 20 20 328  8.8 10.9 99.00 99.00 99.00 999 1012.8  10.6 999.0   9.9 99.0 99.00 
2024 06 12 20 30 328  8.9 11.8 99.00 99.00 99.00 999 1012.8  10.7 999.0   9.9 99.0 99.00 
2024 06 12 20 40 327  8.8 11.0  2.89 10.00  6.85 312 1012.8  10.7 999.0   9.9 99.0 99.00 
2024 06 12 20 50 326  8.5 10.8 99.00 99.00 99.00 999 1012.8  10.7 999.0  10.0 99.0 99.00 
2024 06 12 21 00 326  8.6 10.8 99.00 99.00 99.00 999 1012.8  10.7 999.0   9.9 99.0 99.00 
2024 06 12 21 10 328  8.4 11.0  3.05 10.81  6.89 310 1012.8  10.7 999.0   9.9 99.0 99.00 
2024 06 12 21 20 328  8.1 10.5 99.00 99.00 99.00 999 1012.8  10.7 999.0   9.9 99.0 99.00 
2024 06 12 21 30 328  8.4 10.2 99.00 99.00 99.00 999 1012.7  10.8 999.0  10.0 99.0 99.00 
2024 06 12 21 40 325  8.1 10.8  2.89 10.00  6.86 295 1012.7  10.7 999.0   9.9 99.0 99.00 
2024 06 12 21 50 325  8.5 11.3 99.00 99.00 99.00 999 1012.6  10.7 999.0   9.9 99.0 99.00 
2024 06 12 22 00 324  8.6 10.9 99.00 99.00 99.00 999 1012.6  10.7 999.0   9.9 99.0 99.00 
2024 06 12 22 10 327  8.7 11.0  2.99 10.81  6.97 307 1012.5  10.7 999.0   9.9 99.0 99.00 
2024 06 12 22 20 328  8.7 11.0 99.00 99.00 99.00 999 1012.5  10.8 999.0  10.0 99.0 99.00 
2024 06 12 22 30 330  8.7 11.2 99.00 99.00 99.00 999 1012.3  10.8 999.0  10.0 99.0 99.00 
2024 06 12 22 40 330  8.4 10.5  2.94  9.09  6.90 313 1012.2  10.8 999.0  10.0 99.0 99.00 
2024 06 12 22 50 332  8.4 10.8 99.00 99.00 99.00 999 1012.2  10.8 999.0  10.0 99.0 99.00 
2024 06 12 23 00 331  8.4 10.3 99.00 99.00 99.00 999 1012.2  10.8 999.0  10.0 99.0 99.00 
2024 06 12 23 10 330  8.3 10.5  3.04 10.00  6.91 309 1012.1  10.8 999.0  10.0 99.0 99.00 
2024 06 12 23 20 326  8.5 10.9 99.00 99.00 99.00 999 1011.9  10.8 999.0  10.0 99.0 99.00 
2024 06 12 23 30 325  8.4 10.2 99.00 99.00 99.00 999 1011.9  10.8 999.0  10.0 99.0 99.00 
2024 06 12 23 40 327  8.0 10.3  2.92 10.81  6.93 307 1011.8  10.8 999.0  10.0 99.0 99.00 
2024 06 12 23 50 323  8.2 10.3 99.00 99.00 99.00 999 1011.7  10.7 999.0   9.9 99.0 99.00 
2024 06 13 00 00 323  8.5 11.0 99.00 99.00 99.00 999 1011.6  10.8 999.0  10.0 99.0 99.00 
2024 06 13 00 10 326  8.6 11.2  2.80 10.00  6.65 313 1011.6  10.7 999.0  10.0 99.0 99.00 
2024 06 13 00 20 327  8.8 11.0 99.00 99.00 99.00 999 1011.5  10.7 999.0  10.0 99.0 99.00 
2024 06 13 00 30 327  8.7 10.9 99.00 99.00 99.00 999 1011.5  10.7 999.0  10.0 99.0 99.00 
2024 06 13 00 40 326  8.7 10.7  2.77  9.09  7.02 309 1011.5  10.7 999.0  10.0 99.0 99.00 
2024 06 13 00 50 326  8.6 10.8 99.00 99.00 99.00 999 1011.4  10.7 999.0  10.0 99.0 99.00 
2024 06 13 01 00 325  8.5 10.7 99.00 99.00 99.00 999 1011.4  10.7 999.0  10.0 99.0 99.00 
2024 06 13 01 10 324  8.3 10.1  2.76 10.81  7.01 306 1011.4  10.7 999.0  10.0 99.0 99.00 
2024 06 13 01 20 325  8.6 10.9 99.00 99.00 99.00 999 1011.3  10.7 999.0   9.9 99.0 99.00 
2024 06 13 01 30 325  8.3 10.5 99.00 99.00 99.00 999 1011.2  10.7 999.0  10.0 99.0 99.00 
2024 06 13 01 40 326  8.2  9.9  2.60  9.09  6.73 314 1011.2  10.7 999.0  10.0 99.0 99.00 
2024 06 13 01 50 326  8.2 10.3 99.00 99.00 99.00 999 1011.2  10.7 999.0  10.0 99.0 99.00 
2024 06 13 02 00 326  7.9  9.8 99.00 99.00 99.00 999 1011.2  10.7 999.0  10.0 99.0 99.00 
2024 06 13 02 10 326  8.2 10.2  2.57 10.00  6.94 307 1011.2  10.7 999.0  10.0 99.0 99.00 
2024 06 13 02 20 325  8.2 10.1 99.00 99.00 99.00 999 1011.2  10.7 999.0  10.0 99.0 99.00 
2024 06 13 02 30 327  8.1  9.8 99.00 99.00 99.00 999 1011.2  10.6 999.0   9.9 99.0 99.00 
2024 06 13 02 40 325  8.4 10.6  2.69 10.81  7.02 301 1011.2  10.6 999.0   9.9 99.0 99.00 
2024 06 13 02 50 325  8.1 10.0 99.00 99.00 99.00 999 1011.2  10.5 999.0   9.8 99.0 99.00 
2024 06 13 03 00 323  7.7  9.7 99.00 99.00 99.00 999 1011.3  10.5 999.0  10.0 99.0 99.00 
2024 06 13 03 10 325  7.7  9.3  2.60 10.00  6.85 306 1011.4  10.5 999.0  10.0 99.0 99.00 
2024 06 13 03 20 325  7.5  9.7 99.00 99.00 99.00 999 1011.4  10.5 999.0  10.0 99.0 99.00 
2024 06 13 03 30 325  7.8  9.8 99.00 99.00 99.00 999 1011.4  10.4 999.0   9.9 99.0 99.00 
2024 06 13 03 40 327  7.7  9.6  2.77 10.00  7.14 314 1011.4  10.4 999.0   9.9 99.0 99.00 
2024 06 13 03 50 325  7.7  9.7 99.00 99.00 99.00 999 1011.4  10.4 999.0   9.9 99.0 99.00 
2024 06 13 04 00 325  8.1 10.0 99.00 99.00 99.00 999 1011.5  10.4 999.0   9.9 99.0 99.00 
2024 06 13 04 10 327  8.0 10.4  2.71 10.81  7.10 304 1011.6  10.4 999.0   9.9 99.0 99.00 
2024 06 13 04 20 327  8.0  9.8 99.00 99.00 99.00 999 1011.6  10.4 999.0   9.9 99.0 99.00 
2024 06 13 04 30 326  7.8  9.6 99.00 99.00 99.00 999 1011.6  10.3 999.0   9.8 99.0 99.00 
2024 06 13 04 40 326  7.5  9.2  2.81 10.81  7.31 306 1011.6  10.3 999.0   9.8 99.0 99.00 
2024 06 13 04 50 328  6.8  9.0 99.00 99.00 99.00 999 1011.8  10.2 999.0   9.8 99.0 99.00 
2024 06 13 05 00 326  6.2  8.3 99.00 99.00 99.00 999 1011.8  10.2 999.0   9.8 99.0 99.00 
2024 06 13 05 10 322  5.9  8.0  2.84 10.00  7.37 305 1011.9  10.2 999.0   9.8 99.0 99.00 
2024 06 13 05 20 321  5.6  7.3 99.00 99.00 99.00 999 1012.0  10.1 999.0   9.9 99.0 99.00 
2024 06 13 05 30 326  4.8  7.0 99.00 99.00 99.00 999 1012.0  10.1 999.0   9.9 99.0 99.00 
2024 06 13 05 40 330  4.5  6.0  2.99 10.81  7.66 302 1011.9  10.2 999.0  10.0 99.0 99.00 
2024 06 13 05 50 330  4.2  5.4 99.00 99.00 99.00 999 1012.0  10.3 999.0  10.1 99.0 99.00 
2024 06 13 06 00 330  4.6  6.0 99.00 99.00 99.00 999 1012.2  10.5 999.0  10.4 99.0 99.00 
2024 06 13 06 10 326  4.6  6.6  2.80 10.00  7.55 300 1012.1  10.4 999.0  10.3 99.0 99.00 
2024 06 13 06 20 324  4.6  6.1 99.00 99.00 99.00 999 1012.2  10.4 999.0  10.3 99.0 99.00 
2024 06 13 06 30 320  4.7  6.3 99.00 99.00 99.00 999 1012.2  10.2 999.0  10.1 99.0 99.00 
2024 06 13 06 40 323  4.6  5.8  2.52 10.81  7.15 302 1012.2  10.2 999.0  10.1 99.0 99.00 
2024 06 13 06 50 320  4.9  6.6 99.00 99.00 99.00 999 1012.3  10.3 999.0  10.2 99.0 99.00 
2024 06 13 07 00 320  5.0  6.7 99.00 99.00 99.00 999 1012.2  10.3 999.0  10.2 99.0 99.00 
2024 06 13 07 10 319  5.0  6.7  2.71  9.09  7.27 303 1012.2  10.4 999.0  10.3 99.0 99.00 
2024 06 13 07 20 320  5.1  6.4 99.00 99.00 99.00 999 1012.1  10.4 999.0  10.3 99.0 99.00 
2024 06 13 07 30 320  4.8  6.4 99.00 99.00 99.00 999 1012.2  10.4 999.0  10.3 99.0 99.00 
2024 06 13 07 40 324  4.3  5.9  3.02 10.00  7.79 310 1012.2  10.3 999.0  10.2 99.0 99.00 
2024 06 13 07 50 328  3.6  5.7 99.00 99.00 99.00 999 1012.2  10.3 999.0  10.2 99.0 99.00 
2024 06 13 08 00 330  3.5  5.8 99.00 99.00 99.00 999 1012.2  10.3 999.0  10.2 99.0 99.00 
2024 06 13 08 10 320  3.8  5.5  2.75 10.00  7.67 310 1012.2  10.3 999.0  10.2 99.0 99.00 
2024 06 13 08 20 316  3.3  5.3 99.00 99.00 99.00 999 1012.1  10.2 999.0  10.1 99.0 99.00 
2024 06 13 08 30 315  4.0  5.6 99.00 99.00 99.00 999 1012.0  10.2 999.0  10.1 99.0 99.00 
2024 06 13 08 40 320  4.0  6.4  2.63 10.00  7.39 307 1012.1  10.2 999.0  10.1 99.0 99.00 
2024 06 13 08 50 320  4.1  6.1 99.00 99.00 99.00 999 1012.2  10.2 999.0  10.2 99.0 99.00 
2024 06 13 09 00 329  4.2  5.8 99.00 99.00 99.00 999 1012.2  10.2 999.0  10.2 99.0 99.00 
2024 06 13 09 10 331  4.7  6.8  2.74 10.00  7.61 298 1012.2  10.1 999.0  10.1 99.0 99.00 
2024 06 13 09 20 332  5.9  8.2 99.00 99.00 99.00 999 1012.2  10.0 999.0  10.0 99.0 99.00 
2024 06 13 09 30 334  6.6  8.9 99.00 99.00 99.00 999 1012.3   9.9 999.0   9.9 99.0 99.00 
2024 06 13 09 40 339  6.2  7.9  2.66 10.00  7.63 306 1012.2   9.9 999.0   9.9 99.0 99.00 
2024 06 13 09 50 343  5.7  7.5 99.00 99.00 99.00 999 1012.2   9.9 999.0   9.9 99.0 99.00 
2024 06 13 10 00 337  5.5  7.1 99.00 99.00 99.00 999 1012.2  10.0 999.0  10.0 99.0 99.00 
2024 06 13 10 10 340  4.6  6.9  2.67 10.00  7.42 304 1012.2  10.0 999.0  10.0 99.0 99.00 
2024 06 13 10 20 333  4.1  5.8 99.00 99.00 99.00 999 1012.0  10.0 999.0  10.0 99.0 99.00 
2024 06 13 10 30 333  4.5  6.1 99.00 99.00 99.00 999 1012.0  10.1 999.0  10.1 99.0 99.00 
2024 06 13 10 40 330  5.2  7.4  2.49 10.00  7.35 303 1011.9   9.9 999.0   9.9 99.0 99.00 
2024 06 13 10 50 334  5.6  7.2 99.00 99.00 99.00 999 1012.0   9.8 999.0   9.8 99.0 99.00 
2024 06 13 11 00 340  5.0  6.8 99.00 99.00 99.00 999 1012.0   9.9 999.0   9.9 99.0 99.00 
2024 06 13 11 10 332  4.7  6.7  2.67  9.09  7.57 302 1012.1  10.0 999.0   9.9 99.0 99.00 
2024 06 13 11 20 328  5.5  7.1 99.00 99.00 99.00 999 1012.0  10.0 999.0   9.8 99.0 99.00 
2024 06 13 11 30 322  6.2  8.8 99.00 99.00 99.00 999 1012.0  10.0 999.0   9.8 99.0 99.00 
2024 06 13 11 40 318  6.0  8.4  2.76 10.00  7.48 301 1012.0  10.0 999.0   9.8 99.0 99.00 
2024 06 13 11 50 317  5.2  7.3 99.00 99.00 99.00 999 1012.0  10.0 999.0   9.8 99.0 99.00 
2024 06 13 12 00 318  4.7  6.5 99.00 99.00 99.00 999 1012.0  10.0 999.0   9.8 99.0 99.00 
2024 06 13 12 10 325  4.8  6.8  2.81 10.00  7.67 302 1012.2  10.1 999.0   9.9 99.0 99.00 
2024 06 13 12 20 322  6.0  7.9 99.00 99.00 99.00 999 1012.2  10.1 999.0   9.9 99.0 99.00 
2024 06 13 12 30 316  6.2  7.9 99.00 99.00 99.00 999 1012.2  10.0 999.0   9.8 99.0 99.00 
2024 06 13 12 40 318  6.3  8.5  2.64 10.81  7.33 301 1012.2  10.0 999.0   9.8 99.0 99.00 
2024 06 13 12 50 317  6.7  8.9 99.00 99.00 99.00 999 1012.3  10.0 999.0   9.6 99.0 99.00 
2024 06 13 13 00 322  6.9  9.0 99.00 99.00 99.00 999 1012.3  10.0 999.0   9.6 99.0 99.00 
2024 06 13 13 10 322  6.8  8.7  2.69 10.81  7.16 298 1012.3   9.9 999.0   9.6 99.0 99.00 
2024 06 13 13 20 324  6.9  9.0 99.00 99.00 99.00 999 1012.4   9.9 999.0   9.7 99.0 99.00 
2024 06 13 13 30 337  6.0  9.6 99.00 99.00 99.00 999 1012.7  10.0 999.0   9.8 99.0 99.00 
2024 06 13 13 40 324  6.7  9.6  2.58 10.81  6.84 300 1012.8   9.9 999.0   9.7 99.0 99.00 
2024 06 13 13 50 328  7.0  9.0 99.00 99.00 99.00 999 1012.9   9.7 999.0   9.5 99.0 99.00 
2024 06 13 14 00 325  6.9  9.6 99.00 99.00 99.00 999 1013.0   9.7 999.0   9.6 99.0 99.00 
2024 06 13 14 10 323  7.5  9.5  2.55  8.33  6.91 302 1013.1   9.7 999.0   9.6 99.0 99.00 
2024 06 13 14 20 325  7.4 10.0 99.00 99.00 99.00 999 1013.1   9.7 999.0   9.6 99.0 99.00 
2024 06 13 14 30 319  8.2 10.4 99.00 99.00 99.00 999 1013.1   9.6 999.0   9.5 99.0 99.00 
2024 06 13 14 40 321  8.3 10.2  2.62 10.00  6.69 294 1013.2   9.6 999.0   9.5 99.0 99.00 
2024 06 13 14 50 322  8.6 10.8 99.00 99.00 99.00 999 1013.3   9.7 999.0   9.6 99.0 99.00 
2024 06 13 15 00 331  8.1  9.8 99.00 99.00 99.00 999 1013.4   9.7 999.0   9.6 99.0 99.00 
2024 06 13 15 10 329  7.9 10.1  2.79 10.00  7.28 303 1013.7   9.7 999.0   9.6 99.0 99.00 
2024 06 13 15 20 325  8.2 10.0 99.00 99.00 99.00 999 1013.7   9.6 999.0   9.5 99.0 99.00 
2024 06 13 15 30 330  7.9 10.0 99.00 99.00 99.00 999 1013.8   9.6 999.0   9.5 99.0 99.00 
2024 06 13 15 40 332  7.7  9.5  2.57 10.00  6.79 303 1013.9   9.6 999.0   9.5 99.0 99.00 
2024 06 13 15 50 330  8.3 10.6 99.00 99.00 99.00 999 1013.9   9.6 999.0   9.6 99.0 99.00 
2024 06 13 16 00 331  8.6 10.5 99.00 99.00 99.00 999 1013.9   9.5 999.0   9.5 99.0 99.00 
2024 06 13 16 10 330  8.0 10.4  2.57 10.81  6.84 304 1014.0   9.6 999.0   9.6 99.0 99.00 
2024 06 13 16 20 328  7.7  9.8 99.00 99.00 99.00 999 1014.1   9.6 999.0   9.6 99.0 99.00 
2024 06 13 16 30 331  6.9  8.8 99.00 99.00 99.00 999 1014.2   9.6 999.0   9.6 99.0 99.00 
2024 06 13 16 40 329  6.3  8.1  2.75 10.00  7.26 312 1014.2   9.6 999.0   9.6 99.0 99.00 
2024 06 13 16 50 332  6.0  7.7 99.00 99.00 99.00 999 1014.4   9.6 999.0   9.6 99.0 99.00 
2024 06 13 17 00 324  6.1  7.9 99.00 99.00 99.00 999 1014.3   9.7 999.0   9.7 99.0 99.00 
2024 06 13 17 10 324  6.0  7.7  2.45  9.09  6.83 305 1014.3   9.7 999.0   9.7 99.0 99.00 
2024 06 13 17 20 326  5.6  7.4 99.00 99.00 99.00 999 1014.4   9.7 999.0   9.7 99.0 99.00 
2024 06 13 17 30 319  5.4  7.1 99.00 99.00 99.00 999 1014.4   9.6 999.0   9.6 99.0 99.00 
2024 06 13 17 40 315  5.8  7.5  2.42 10.81  7.08 304 1014.4   9.6 999.0   9.6 99.0 99.00 
2024 06 13 17 50 313  6.2  8.3 99.00 99.00 99.00 999 1014.4   9.6 999.0   9.6 99.0 99.00 
2024 06 13 18 00 311  5.4  7.4 99.00 99.00 99.00 999 1014.4   9.7 999.0   9.7 99.0 99.00 
2024 06 13 18 10 340  4.4  6.0  2.36  9.09  6.90 294 1014.5   9.8 999.0   9.8 99.0 99.00 
2024 06 13 18 20 347  4.7  6.3 99.00 99.00 99.00 999 1014.6  10.0 999.0   9.9 99.0 99.00 
2024 06 13 18 30 354  4.7  6.3 99.00 99.00 99.00 999 1014.9  10.2 999.0  10.0 99.0 99.00 
2024 06 13 18 40 329  5.9  7.7  2.43 10.81  7.17 300 1015.0  10.0 999.0   9.8 99.0 99.00 
2024 06 13 18 50 318  6.4  8.1 99.00 99.00 99.00 999 1015.0   9.8 999.0   9.7 99.0 99.00 
2024 06 13 19 00 313  6.7  8.3 99.00 99.00 99.00 999 1015.1   9.7 999.0   9.6 99.0 99.00 
2024 06 13 19 10 308  6.8  8.5  2.26 10.81  7.00 289 1015.2   9.7 999.0   9.6 99.0 99.00 
2024 06 13 19 20 312  6.2  8.1 99.00 99.00 99.00 999 1015.3   9.7 999.0   9.6 99.0 99.00 
2024 06 13 19 30 321  6.0  7.7 99.00 99.00 99.00 999 1015.4   9.8 999.0   9.7 99.0 99.00 
2024 06 13 19 40 319  6.2  8.9  2.35  9.09  7.46 302 1015.5   9.8 999.0   9.7 99.0 99.00 
2024 06 13 19 50 320  7.2  8.9 99.00 99.00 99.00 999 1015.5   9.8 999.0   9.7 99.0 99.00 
2024 06 13 20 00 321  6.8  8.7 99.00 99.00 99.00 999 1015.5   9.8 999.0   9.7 99.0 99.00 
2024 06 13 20 10 319  7.0  9.0  2.42 10.00  7.30 297 1015.6   9.8 999.0   9.7 99.0 99.00 
2024 06 13 20 20 320  7.5 10.1 99.00 99.00 99.00 999 1015.5   9.9 999.0   9.8 99.0 99.00 
2024 06 13 20 30 318  8.1 10.0 99.00 99.00 99.00 999 1015.6  10.0 999.0   9.8 99.0 99.00 
2024 06 13 20 40 322  8.7 10.5  2.44 10.81  7.18 298 1015.6  10.0 999.0   9.8 99.0 99.00 
2024 06 13 20 50 324  8.6 10.7 99.00 99.00 99.00 999 1015.6  10.1 999.0   9.9 99.0 99.00 
2024 06 13 21 00 322  8.0 10.5 99.00 99.00 99.00 999 1015.7  10.2 999.0   9.9 99.0 99.00 
2024 06 13 21 10 322  8.1 11.1  2.51 10.81  7.24 306 1015.7  10.2 999.0   9.9 99.0 99.00 
2024 06 13 21 20 322  8.8 11.4 99.00 99.00 99.00 999 1015.6  10.3 999.0   9.9 99.0 99.00 
2024 06 13 21 30 323  8.8 11.3 99.00 99.00 99.00 999 1015.5  10.3 999.0   9.9 99.0 99.00 
2024 06 13 21 40 322  9.1 11.8  2.61 10.00  7.14 297 1015.3  10.3 999.0   9.9 99.0 99.00 
2024 06 13 21 50 323  9.6 11.7 99.00 99.00 99.00 999 1015.2  10.3 999.0   9.9 99.0 99.00 
2024 06 13 22 00 322  9.0 12.1 99.00 99.00 99.00 999 1015.2  10.3 999.0   9.9 99.0 99.00 
2024 06 13 22 10 321  9.3 12.0  2.44 10.00  6.80 315 1015.0  10.4 999.0  10.0 99.0 99.00 
2024 06 13 22 20 320  8.8 11.5 99.00 99.00 99.00 999 1015.1  10.4 999.0  10.0 99.0 99.00 
2024 06 13 22 30 318  8.9 11.3 99.00 99.00 99.00 999 1015.1  10.5 999.0  10.1 99.0 99.00 
2024 06 13 22 40 315  9.0 11.0  2.60 10.00  6.81 296 1015.1  10.5 999.0  10.0 99.0 99.00 
2024 06 13 22 50 315  9.1 11.3 99.00 99.00 99.00 999 1015.0  10.6 999.0  10.1 99.0 99.00 
2024 06 13 23 00 314  9.1 11.3 99.00 99.00 99.00 999 1014.9  10.7 999.0  10.2 99.0 99.00 
2024 06 13 23 10 315  9.5 11.9  2.53 10.00  6.51 304 1014.8  10.7 999.0  10.2 99.0 99.00 
2024 06 13 23 20 314  9.1 11.2 99.00 99.00 99.00 999 1014.7  10.8 999.0  10.3 99.0 99.00 
2024 06 13 23 30 313  9.3 12.1 99.00 99.00 99.00 999 1014.7  10.8 999.0  10.3 99.0 99.00 
2024 06 13 23 40 316  9.3 11.6  2.84 10.00  6.85 301 1014.7  10.9 999.0  10.4 99.0 99.00 
2024 06 13 23 50 315  8.9 11.3 99.00 99.00 99.00 999 1014.7  10.9 999.0  10.4 99.0 99.00 
2024 06 14 00 00 313  9.0 11.8 99.00 99.00 99.00 999 1014.6  10.9 999.0  10.4 99.0 99.00 
2024 06 14 00 10 312 10.1 12.4  2.65 10.00  6.44 312 1014.5  11.0 999.0  10.5 99.0 99.00 
2024 06 14 00 20 312 10.5 12.9 99.00 99.00 99.00 999 1014.5  11.0 999.0  10.4 99.0 99.00 
2024 06 14 00 30 313 10.8 13.9 99.00 99.00 99.00 999 1014.3  11.1 999.0  10.4 99.0 99.00 
2024 06 14 00 40 312 10.7 13.5  2.64 10.00  6.21 302 1014.2  11.1 999.0  10.4 99.0 99.00 
2024 06 14 00 50 312 11.0 13.7 99.00 99.00 99.00 999 1014.1  11.0 999.0  10.4 99.0 99.00 
2024 06 14 01 00 311 11.4 14.1 99.00 99.00 99.00 999 1014.2  11.1 999.0  10.4 99.0 99.00 
2024 06 14 01 10 309 11.4 14.7  2.73  9.09  6.19 310 1014.1  11.1 999.0  10.4 99.0 99.00 
2024 06 14 01 20 308 11.5 15.4 99.00 99.00 99.00 999 1014.1  11.1 999.0  10.4 99.0 99.00 
2024 06 14 01 30 311 11.4 14.5 99.00 99.00 99.00 999 1014.1  11.1 999.0  10.4 99.0 99.00 
2024 06 14 01 40 310 12.3 15.4  2.89  9.09  6.36 315 1014.0  11.1 999.0  10.4 99.0 99.00 
2024 06 14 01 50 309 12.4 15.9 99.00 99.00 99.00 999 1014.0  11.2 999.0  10.5 99.0 99.00 
2024 06 14 02 00 309 12.4 15.9 99.00 99.00 99.00 999 1014.0  11.1 999.0  10.4 99.0 99.00 
2024 06 14 02 10 308 12.3 16.0  2.74 10.00  6.15 307 1014.1  11.1 999.0  10.4 99.0 99.00 
2024 06 14 02 20 306 13.1 16.4 99.00 99.00 99.00 999 1014.1  11.2 999.0  10.5 99.0 99.00 
2024 06 14 02 30 306 13.4 16.8 99.00 99.00 99.00 999 1014.2  11.2 999.0  10.4 99.0 99.00 
2024 06 14 02 40 306 13.3 17.5  2.96 10.81  6.30 299 1014.3  11.2 999.0  10.5 99.0 99.00 
2024 06 14 02 50 306 13.1 16.9 99.00 99.00 99.00 999 1014.4  11.1 999.0  10.3 99.0 99.00 
2024 06 14 03 00 306 13.0 16.9 99.00 99.00 99.00 999 1014.6  11.1 999.0  10.4 99.0 99.00 
2024 06 14 03 10 308 12.6 15.9  2.92  7.14  6.17 313 1014.7  11.1 999.0  10.4 99.0 99.00 
2024 06 14 03 20 310 12.8 16.2 99.00 99.00 99.00 999 1014.8  11.1 999.0  10.4 99.0 99.00 
2024 06 14 03 30 310 12.2 15.4 99.00 99.00 99.00 999 1014.8  11.1 999.0  10.4 99.0 99.00 
2024 06 14 03 40 308 12.9 16.4  2.86  9.09  6.16 314 1014.8  11.1 999.0  10.4 99.0 99.00 
2024 06 14 03 50 305 13.2 16.9 99.00 99.00 99.00 999 1014.7  11.1 999.0  10.4 99.0 99.00 
2024 06 14 04 00 307 13.1 16.5 99.00 99.00 99.00 999 1014.7  11.1 999.0  10.3 99.0 99.00 
2024 06 14 04 10 308 13.0 17.0  2.87 10.81  6.25 297 1014.8  11.1 999.0  10.3 99.0 99.00 
2024 06 14 04 20 309 13.2 16.9 99.00 99.00 99.00 999 1014.9  11.1 999.0  10.3 99.0 99.00 
2024 06 14 04 30 309 12.5 16.2 99.00 99.00 99.00 999 1014.9  11.0 999.0  10.2 99.0 99.00 
2024 06 14 04 40 307 12.8 15.8  2.91  9.09  6.07 299 1014.9  11.0 999.0  10.2 99.0 99.00 
2024 06 14 04 50 308 12.6 15.7 99.00 99.00 99.00 999 1015.0  11.0 999.0  10.2 99.0 99.00 
2024 06 14 05 00 308 12.3 16.0 99.00 99.00 99.00 999 1015.1  11.0 999.0  10.2 99.0 99.00 
2024 06 14 05 10 309 12.0 14.9  2.75 10.81  6.14 303 1015.3  11.0 999.0  10.2 99.0 99.00 
2024 06 14 05 20 311 11.5 14.4 99.00 99.00 99.00 999 1015.4  11.0 999.0  10.2 99.0 99.00 
2024 06 14 05 30 311 11.4 14.2 99.00 99.00 99.00 999 1015.4  10.9 999.0  10.1 99.0 99.00 
2024 06 14 05 40 311 11.7 14.7  2.71 10.00  6.16 315 1015.4  10.9 999.0  10.1 99.0 99.00 
2024 06 14 05 50 311 11.5 14.3 99.00 99.00 99.00 999 1015.4  10.9 999.0  10.1 99.0 99.00 
2024 06 14 06 00 313 10.9 13.7 99.00 99.00 99.00 999 1015.5  10.9 999.0  10.1 99.0 99.00 
2024 06 14 06 10 312 11.0 13.9  2.59  9.09  6.09 317 1015.6  10.9 999.0  10.1 99.0 99.00 
2024 06 14 06 20 315 10.4 13.7 99.00 99.00 99.00 999 1015.6  10.9 999.0  10.1 99.0 99.00 
2024 06 14 06 30 315 10.6 13.2 99.00 99.00 99.00 999 1015.7  10.9 999.0  10.1 99.0 99.00 
2024 06 14 06 40 317 10.4 13.0  2.66 10.00  6.54 302 1015.8  10.8 999.0  10.0 99.0 99.00 
2024 06 14 06 50 316 10.4 13.0 99.00 99.00 99.00 999 1015.8  10.8 999.0  10.0 99.0 99.00 
2024 06 14 07 00 315 10.4 13.6 99.00 99.00 99.00 999 1015.8  10.8 999.0  10.0 99.0 99.00 
2024 06 14 07 10 314 10.1 12.0  2.53  9.09  6.21 300 1015.8  10.8 999.0  10.1 99.0 99.00 
2024 06 14 07 20 314  9.8 11.9 99.00 99.00 99.00 999 1015.8  10.7 999.0  10.0 99.0 99.00 
2024 06 14 07 30 314  9.7 12.4 99.00 99.00 99.00 999 1015.7  10.7 999.0  10.0 99.0 99.00 
2024 06 14 07 40 316  9.9 12.8  2.60  8.33  6.19 315 1015.6  10.7 999.0   9.9 99.0 99.00 
2024 06 14 07 50 316 10.0 12.5 99.00 99.00 99.00 999 1015.5  10.7 999.0   9.9 99.0 99.00 
2024 06 14 08 00 316 10.4 13.3 99.00 99.00 99.00 999 1015.4  10.7 999.0   9.9 99.0 99.00 
2024 06 14 08 10 318 10.3 12.6  2.65 10.00  6.43 295 1015.4  10.7 999.0   9.9 99.0 99.00 
2024 06 14 08 20 321 10.1 12.8 99.00 99.00 99.00 999 1015.5  10.7 999.0   9.9 99.0 99.00 
2024 06 14 08 30 320  9.9 12.7 99.00 99.00 99.00 999 1015.4  10.7 999.0   9.9 99.0 99.00 
2024 06 14 08 40 320  9.6 12.1  2.57  9.09  6.35 311 1015.4  10.7 999.0   9.9 99.0 99.00 
2024 06 14 08 50 323  9.7 12.8 99.00 99.00 99.00 999 1015.3  10.7 999.0   9.9 99.0 99.00 
2024 06 14 09 00 321  9.7 12.3 99.00 99.00 99.00 999 1015.4  10.7 999.0   9.9 99.0 99.00 
2024 06 14 09 10 322  9.3 11.8  2.75  9.09  6.54 312 1015.3  10.7 999.0  10.0 99.0 99.00 
2024 06 14 09 20 323  9.7 12.2 99.00 99.00 99.00 999 1015.3  10.7 999.0   9.9 99.0 99.00 
2024 06 14 09 30 324  9.7 12.3 99.00 99.00 99.00 999 1015.3  10.7 999.0   9.9 99.0 99.00 
2024 06 14 09 40 326 10.1 13.7  2.90  9.09  6.71 309 1015.3  10.7 999.0   9.9 99.0 99.00 
2024 06 14 09 50 325 10.1 12.6 99.00 99.00 99.00 999 1015.3  10.6 999.0   9.9 99.0 99.00 
2024 06 14 10 00 322  9.8 12.1 99.00 99.00 99.00 999 1015.3  10.7 999.0  10.0 99.0 99.00 
2024 06 14 10 10 321  9.9 12.1  2.74 10.00  6.57 301 1015.2  10.6 999.0   9.9 99.0 99.00 
2024 06 14 10 20 320 10.1 12.6 99.00 99.00 99.00 999 1015.2  10.6 999.0   9.9 99.0 99.00 
2024 06 14 10 30 321 10.0 12.2 99.00 99.00 99.00 999 1015.1  10.6 999.0   9.9 99.0 99.00 
2024 06 14 10 40 323  9.9 12.3  2.67  8.33  6.22 306 1015.1  10.6 999.0   9.9 99.0 99.00 
2024 06 14 10 50 322  9.6 11.9 99.00 99.00 99.00 999 1015.1  10.6 999.0   9.9 99.0 99.00 
2024 06 14 11 00 324  9.6 11.8 99.00 99.00 99.00 999 1015.1  10.6 999.0   9.9 99.0 99.00 
2024 06 14 11 10 324  9.5 11.7  2.75  9.09  6.41 305 1015.2  10.6 999.0   9.9 99.0 99.00 
2024 06 14 11 20 323  9.3 12.1 99.00 99.00 99.00 999 1015.2  10.6 999.0   9.9 99.0 99.00 
2024 06 14 11 30 322  9.2 12.5 99.00 99.00 99.00 999 1015.4  10.5 999.0   9.8 99.0 99.00 
2024 06 14 11 40 323  9.4 11.9  2.62  8.33  6.41 302 1015.4  10.5 999.0   9.8 99.0 99.00 
2024 06 14 11 50 323  9.9 12.0 99.00 99.00 99.00 999 1015.4  10.5 999.0   9.8 99.0 99.00 
2024 06 14 12 00 324  9.5 12.7 99.00 99.00 99.00 999 1015.5  10.5 999.0   9.8 99.0 99.00 
2024 06 14 12 10 325  9.4 11.6  2.55 10.00  6.40 295 1015.8  10.5 999.0   9.8 99.0 99.00 
2024 06 14 12 20 325  9.5 12.3 99.00 99.00 99.00 999 1015.8  10.5 999.0   9.7 99.0 99.00 
2024 06 14 12 30 325  9.4 11.9 99.00 99.00 99.00 999 1015.8  10.6 999.0   9.8 99.0 99.00 
2024 06 14 12 40 324  9.5 12.3  2.61  8.33  6.34 312 1015.9  10.6 999.0   9.8 99.0 99.00 
2024 06 14 12 50 322 10.1 12.8 99.00 99.00 99.00 999 1015.8  10.6 999.0   9.8 99.0 99.00 
2024 06 14 13 00 321 10.3 13.3 99.00 99.00 99.00 999 1015.8  10.6 999.0   9.8 99.0 99.00 
2024 06 14 13 10 322 10.9 13.4  2.64  8.33  6.24 302 1015.8  10.6 999.0   9.8 99.0 99.00 
2024 06 14 13 20 326 10.4 12.6 99.00 99.00 99.00 999 1015.9  10.6 999.0   9.8 99.0 99.00 
2024 06 14 13 30 324 10.6 13.9 99.00 99.00 99.00 999 1015.8  10.6 999.0   9.8 99.0 99.00 
2024 06 14 13 40 325 10.7 13.7  2.70  7.14  6.28 303 1015.8  10.6 999.0   9.8 99.0 99.00 
2024 06 14 13 50 324 10.5 13.7 99.00 99.00 99.00 999 1015.8  10.6 999.0   9.7 99.0 99.00 
2024 06 14 14 00 325 10.3 12.8 99.00 99.00 99.00 999 1015.8  10.6 999.0   9.7 99.0 99.00 
2024 06 14 14 10 325 10.0 12.7  2.73  8.33  6.55 311 1015.8  10.6 999.0   9.8 99.0 99.00 
2024 06 14 14 20 325  9.8 12.0 99.00 99.00 99.00 999 1015.9  10.5 999.0   9.7 99.0 99.00 
2024 06 14 14 30 325  9.5 12.8 99.00 99.00 99.00 999 1016.1  10.5 999.0   9.7 99.0 99.00 
2024 06 14 14 40 326  9.4 11.5  2.58  8.33  6.21 311 1016.2  10.5 999.0   9.7 99.0 99.00 
2024 06 14 14 50 325  9.3 12.0 99.00 99.00 99.00 999 1016.3  10.5 999.0   9.7 99.0 99.00 
2024 06 14 15 00 325  9.2 11.8 99.00 99.00 99.00 999 1016.4  10.5 999.0   9.8 99.0 99.00 
2024 06 14 15 10 325  9.1 11.3  2.71  8.33  6.48 309 1016.6  10.5 999.0   9.7 99.0 99.00 
2024 06 14 15 20 323  9.0 11.1 99.00 99.00 99.00 999 1016.8  10.5 999.0   9.7 99.0 99.00 
2024 06 14 15 30 323  9.5 11.7 99.00 99.00 99.00 999 1016.8  10.5 999.0   9.7 99.0 99.00 
2024 06 14 15 40 323  9.4 11.5  2.50  8.33  6.42 312 1016.9  10.6 999.0   9.8 99.0 99.00 
2024 06 14 15 50 322  9.6 11.8 99.00 99.00 99.00 999 1017.0  10.6 999.0   9.8 99.0 99.00 
2024 06 14 16 00 321  9.8 12.1 99.00 99.00 99.00 999 1017.0  10.6 999.0   9.7 99.0 99.00 
2024 06 14 16 10 322  9.7 12.1  2.47  8.33  6.28 309 1017.0  10.6 999.0   9.7 99.0 99.00 
2024 06 14 16 20 324  9.5 12.2 99.00 99.00 99.00 999 1017.0  10.6 999.0   9.6 99.0 99.00 
2024 06 14 16 30 324  9.1 11.2 99.00 99.00 99.00 999 1017.1  10.7 999.0   9.7 99.0 99.00 
2024 06 14 16 40 321  9.3 12.7  2.50  8.33  6.25 313 1017.1  10.7 999.0   9.7 99.0 99.00 
2024 06 14 16 50 321  9.8 12.2 99.00 99.00 99.00 999 1017.0  10.7 999.0   9.6 99.0 99.00 
2024 06 14 17 00 322  9.6 12.6 99.00 99.00 99.00 999 1016.8  10.7 999.0   9.6 99.0 99.00 
2024 06 14 17 10 320  9.9 12.9  2.53  7.14  6.16 312 1016.8  10.8 999.0   9.6 99.0 99.00 
2024 06 14 17 20 318  9.8 12.6 99.00 99.00 99.00 999 1017.0  10.8 999.0   9.6 99.0 99.00 
2024 06 14 17 30 316 10.5 13.3 99.00 99.00 99.00 999 1016.9  10.7 999.0   9.4 99.0 99.00 
2024 06 14 17 40 316 10.3 13.1  2.70  8.33  6.17 306 1017.1  10.7 999.0   9.5 99.0 99.00 
2024 06 14 17 50 315 10.5 13.6 99.00 99.00 99.00 999 1017.1  10.8 999.0   9.5 99.0 99.00 
2024 06 14 18 00 315 10.6 13.6 99.00 99.00 99.00 999 1017.2  10.8 999.0   9.5 99.0 99.00 
2024 06 14 18 10 317 11.2 14.0  2.63  9.09  6.22 307 1017.2  10.9 999.0   9.6 99.0 99.00 
2024 06 14 18 20 317 11.2 13.7 99.00 99.00 99.00 999 1017.1  10.9 999.0   9.6 99.0 99.00 
2024 06 14 18 30 316 11.5 14.7 99.00 99.00 99.00 999 1017.1  10.9 999.0   9.6 99.0 99.00 
2024 06 14 18 40 314 11.5 14.1  2.81  7.69  6.23 314 1017.0  10.9 999.0   9.7 99.0 99.00 
2024 06 14 18 50 315 11.0 14.2 99.00 99.00 99.00 999 1017.0  10.9 999.0   9.7 99.0 99.00 
2024 06 14 19 00 313 11.1 13.6 99.00 99.00 99.00 999 1016.9  11.0 999.0   9.8 99.0 99.00 
2024 06 14 19 10 312 11.1 14.1  2.58  8.33  5.97 312 1016.9  11.0 999.0   9.7 99.0 99.00 
2024 06 14 19 20 314 12.0 15.2 99.00 99.00 99.00 999 1016.8  11.0 999.0   9.7 99.0 99.00 
2024 06 14 19 30 314 13.1 16.2 99.00 99.00 99.00 999 1016.6  11.1 999.0   9.7 99.0 99.00 
2024 06 14 19 40 311 13.4 17.4  2.89  7.69  6.18 321 1016.6  11.2 999.0   9.6 99.0 99.00 
2024 06 14 19 50 312 13.1 17.4 99.00 99.00 99.00 999 1016.7  11.2 999.0   9.6 99.0 99.00 
2024 06 14 20 00 312 13.2 16.4 99.00 99.00 99.00 999 1016.7  11.2 999.0   9.6 99.0 99.00 
2024 06 14 20 10 312 13.8 17.7  2.82  7.69  6.17 317 1016.7  11.3 999.0   9.6 99.0 99.00 
2024 06 14 20 20 314 13.1 16.1 99.00 99.00 99.00 999 1016.7  11.3 999.0   9.7 99.0 99.00 
2024 06 14 20 30 315 12.4 16.8 99.00 99.00 99.00 999 1016.8  11.3 999.0   9.6 99.0 99.00 
2024 06 14 20 40 314 12.1 15.0  2.77  7.69  6.08 317 1016.8  11.4 999.0   9.6 99.0 99.00 
2024 06 14 20 50 311 12.5 15.7 99.00 99.00 99.00 999 1016.7  11.4 999.0   9.6 99.0 99.00 
2024 06 14 21 00 311 13.0 16.3 99.00 99.00 99.00 999 1016.6  11.4 999.0   9.5 99.0 99.00 
2024 06 14 21 10 313 12.7 16.5  2.73  8.33  6.01 305 1016.6  11.4 999.0   9.5 99.0 99.00 
2024 06 14 21 20 310 13.7 17.0 99.00 99.00 99.00 999 1016.3  11.4 999.0   9.5 99.0 99.00 
2024 06 14 21 30 309 14.1 17.8 99.00 99.00 99.00 999 1016.3  11.4 999.0   9.6 99.0 99.00 
2024 06 14 21 40 309 13.8 18.9  2.75  7.69  5.98 314 1016.4  11.5 999.0   9.6 99.0 99.00 
2024 06 14 21 50 311 13.5 17.5 99.00 99.00 99.00 999 1016.4  11.6 999.0   9.7 99.0 99.00 
2024 06 14 22 00 313 13.3 17.4 99.00 99.00 99.00 999 1016.5  11.6 999.0   9.7 99.0 99.00 
2024 06 14 22 10 312 13.7 17.2  2.90  8.33  6.18 310 1016.4  11.6 999.0   9.6 99.0 99.00 
2024 06 14 22 20 312 13.6 16.7 99.00 99.00 99.00 999 1016.4  11.6 999.0   9.6 99.0 99.00 
2024 06 14 22 30 312 13.9 18.1 99.00 99.00 99.00 999 1016.3  11.7 999.0   9.6 99.0 99.00 
2024 06 14 22 40 311 14.0 17.7  2.85  6.67  5.88 320 1016.3  11.8 999.0   9.7 99.0 99.00 
2024 06 14 22 50 310 14.1 18.0 99.00 99.00 99.00 999 1016.3  11.8 999.0   9.7 99.0 99.00 
2024 06 14 23 00 307 15.0 18.6 99.00 99.00 99.00 999 1016.3  11.9 999.0   9.7 99.0 99.00 
2024 06 14 23 10 308 14.9 19.3  3.13  8.33  6.17 314 1016.4  11.8 999.0   9.7 99.0 99.00 
2024 06 14 23 20 308 14.8 18.9 99.00 99.00 99.00 999 1016.3  11.9 999.0   9.8 99.0 99.00 
2024 06 14 23 30 308 14.2 17.9 99.00 99.00 99.00 999 1016.4  11.8 999.0   9.8 99.0 99.00 
2024 06 14 23 40 308 14.3 17.5  3.10  8.33  6.15 312 1016.3  11.8 999.0   9.9 99.0 99.00 
2024 06 14 23 50 307 14.2 18.3 99.00 99.00 99.00 999 1016.4  11.7 999.0  10.1 99.0 99.00 
2024 06 15 00 00 306 14.3 18.0 99.00 99.00 99.00 999 1016.3  11.6 999.0  10.2 99.0 99.00 
2024 06 15 00 10 307 14.7 19.9  2.92  7.69  6.14 325 1016.2  11.7 999.0  10.3 99.0 99.00 
2024 06 15 00 20 305 14.7 18.9 99.00 99.00 99.00 999 1016.1  11.6 999.0  10.2 99.0 99.00 
2024 06 15 00 30 305 15.2 18.4 99.00 99.00 99.00 999 1016.0  11.8 999.0  10.2 99.0 99.00 
2024 06 15 00 40 305 15.2 19.2  2.87  8.33  6.09 316 1015.9  11.7 999.0  10.2 99.0 99.00 
2024 06 15 00 50 305 15.0 19.0 99.00 99.00 99.00 999 1015.9  11.7 999.0  10.3 99.0 99.00 
2024 06 15 01 00 304 15.6 19.4 99.00 99.00 99.00 999 1015.9  11.7 999.0  10.2 99.0 99.00 
2024 06 15 01 10 305 15.1 18.4  2.95  8.33  6.25 321 1016.1  11.6 999.0  10.3 99.0 99.00 
2024 06 15 01 20 307 14.4 18.5 99.00 99.00 99.00 999 1016.2  11.6 999.0  10.3 99.0 99.00 
2024 06 15 01 30 307 14.3 18.2 99.00 99.00 99.00 999 1016.4  11.6 999.0  10.4 99.0 99.00 
2024 06 15 01 40 306 14.2 17.5  2.91  7.14  6.01 326 1016.4  11.6 999.0  10.5 99.0 99.00 
2024 06 15 01 50 307 14.1 17.6 99.00 99.00 99.00 999 1016.6  11.6 999.0  10.5 99.0 99.00 
2024 06 15 02 00 305 13.9 17.0 99.00 99.00 99.00 999 1016.6  11.6 999.0  10.5 99.0 99.00 
2024 06 15 02 10 305 14.0 17.7  2.89  8.33  6.12 315 1016.6  11.6 999.0  10.5 99.0 99.00 
2024 06 15 02 20 307 14.2 18.4 99.00 99.00 99.00 999 1016.8  11.7 999.0  10.5 99.0 99.00 
2024 06 15 02 30 305 14.2 17.4 99.00 99.00 99.00 999 1016.9  11.6 999.0  10.5 99.0 99.00 
2024 06 15 02 40 306 13.8 16.5  2.68  8.33  5.98 319 1017.0  11.6 999.0  10.6 99.0 99.00 
2024 06 15 02 50 305 13.3 16.6 99.00 99.00 99.00 999 1017.2  11.6 999.0  10.6 99.0 99.00 
2024 06 15 03 00 305 13.1 16.2 99.00 99.00 99.00 999 1017.1  11.5 999.0  10.5 99.0 99.00 
2024 06 15 03 10 306 12.8 16.0  2.71  7.69  6.09 318 1017.1  11.4 999.0  10.6 99.0 99.00 
2024 06 15 03 20 307 12.5 15.4 99.00 99.00 99.00 999 1017.2  11.4 999.0  10.6 99.0 99.00 
2024 06 15 03 30 306 13.1 17.2 99.00 99.00 99.00 999 1017.2  11.4 999.0  10.6 99.0 99.00 
2024 06 15 03 40 310 13.1 16.4  2.70  7.14  6.09 321 1017.3  11.4 999.0  10.6 99.0 99.00 
2024 06 15 03 50 311 14.0 18.0 99.00 99.00 99.00 999 1017.3  11.5 999.0  10.8 99.0 99.00 
2024 06 15 04 00 312 14.2 18.0 99.00 99.00 99.00 999 1017.4  11.4 999.0  10.8 99.0 99.00 
2024 06 15 04 10 315 14.6 18.4  2.74  7.69  6.05 314 1017.4  11.4 999.0  10.9 99.0 99.00 
2024 06 15 04 20 314 14.1 18.5 99.00 99.00 99.00 999 1017.6  11.3 999.0  10.8 99.0 99.00 
2024 06 15 04 30 315 14.3 17.6 99.00 99.00 99.00 999 1017.5  11.3 999.0  10.9 99.0 99.00 
2024 06 15 04 40 315 14.1 17.2  2.90  7.69  6.14 321 1017.7  11.3 999.0  10.9 99.0 99.00 
2024 06 15 04 50 317 13.4 16.9 99.00 99.00 99.00 999 1018.0  11.3 999.0  10.9 99.0 99.00 
2024 06 15 05 00 314 13.4 16.9 99.00 99.00 99.00 999 1017.9  11.3 999.0  10.9 99.0 99.00 
2024 06 15 05 10 316 13.3 17.4  2.89  7.69  6.09 309 1018.0  11.4 999.0  11.0 99.0 99.00 
2024 06 15 05 20 317 12.8 15.7 99.00 99.00 99.00 999 1018.2  11.4 999.0  10.9 99.0 99.00 
2024 06 15 05 30 321 11.7 14.3 99.00 99.00 99.00 999 1018.5  11.3 999.0  10.8 99.0 99.00 
2024 06 15 05 40 321 11.0 14.3  2.54  7.14  5.89 325 1018.6  11.3 999.0  10.8 99.0 99.00 
2024 06 15 05 50 317 11.4 14.7 99.00 99.00 99.00 999 1018.3  11.3 999.0  10.8 99.0 99.00 
2024 06 15 06 00 315 12.2 15.7 99.00 99.00 99.00 999 1018.1  11.3 999.0  10.8 99.0 99.00 
2024 06 15 06 10 315 11.9 15.2  2.63  7.69  6.06 318 1018.0  11.2 999.0  10.7 99.0 99.00 
2024 06 15 06 20 312 12.2 15.5 99.00 99.00 99.00 999 1017.9  11.2 999.0  10.7 99.0 99.00 
2024 06 15 06 30 309 11.8 14.1 99.00 99.00 99.00 999 1018.0  11.2 999.0  10.7 99.0 99.00 
2024 06 15 06 40 308 12.1 14.9  2.58  7.69  6.15 319 1018.0  11.1 999.0  10.7 99.0 99.00 
2024 06 15 06 50 307 12.3 15.5 99.00 99.00 99.00 999 1018.0  11.1 999.0  10.7 99.0 99.00 
2024 06 15 07 00 308 12.5 15.0 99.00 99.00 99.00 999 1018.0  11.1 999.0  10.7 99.0 99.00 
2024 06 15 07 10 309 12.4 15.3  2.45 10.81  5.85 299 1018.0  11.1 999.0  10.6 99.0 99.00 
2024 06 15 07 20 309 12.1 15.2 99.00 99.00 99.00 999 1017.8  11.1 999.0  10.6 99.0 99.00 
2024 06 15 07 30 310 12.7 16.9 99.00 99.00 99.00 999 1017.7  11.1 999.0  10.6 99.0 99.00 
2024 06 15 07 40 312 12.6 15.9  2.40  7.14  5.86 314 1017.7  11.1 999.0  10.6 99.0 99.00 
2024 06 15 07 50 312 13.1 16.7 99.00 99.00 99.00 999 1017.8  11.1 999.0  10.6 99.0 99.00 
2024 06 15 08 00 312 13.0 16.3 99.00 99.00 99.00 999 1017.7  11.1 999.0  10.6 99.0 99.00 
2024 06 15 08 10 317 13.2 16.1  2.52  6.67  5.90 313 1017.6  11.1 999.0  10.6 99.0 99.00 
2024 06 15 08 20 315 12.9 16.9 99.00 99.00 99.00 999 1017.5  11.1 999.0  10.6 99.0 99.00 
2024 06 15 08 30 312 13.2 16.2 99.00 99.00 99.00 999 1017.4  11.0 999.0  10.5 99.0 99.00 
2024 06 15 08 40 313 12.6 16.3  2.62  6.25  5.81 315 1017.4  11.0 999.0  10.6 99.0 99.00 
2024 06 15 08 50 313 12.4 15.6 99.00 99.00 99.00 999 1017.3  11.0 999.0  10.6 99.0 99.00 
2024 06 15 09 00 311 12.5 15.5 99.00 99.00 99.00 999 1017.3  11.0 999.0  10.6 99.0 99.00 
2024 06 15 09 10 309 12.9 15.8  2.62  7.14  6.04 315 1017.3  11.0 999.0  10.6 99.0 99.00 
2024 06 15 09 20 314 13.2 15.7 99.00 99.00 99.00 999 1017.2  11.1 999.0  10.6 99.0 99.00 
2024 06 15 09 30 314 13.0 16.2 99.00 99.00 99.00 999 1017.2  11.1 999.0  10.6 99.0 99.00 
2024 06 15 09 40 313 13.3 17.0  2.57  7.14  5.77 323 1017.1  11.1 999.0  10.6 99.0 99.00 
2024 06 15 09 50 314 13.5 16.6 99.00 99.00 99.00 999 1017.2  11.1 999.0  10.6 99.0 99.00 
2024 06 15 10 00 315 12.9 16.3 99.00 99.00 99.00 999 1017.1  11.0 999.0  10.6 99.0 99.00 
2024 06 15 10 10 315 13.7 17.7  2.53  6.67  5.73 317 1017.0  11.0 999.0  10.5 99.0 99.00 
2024 06 15 10 20 314 13.4 17.3 99.00 99.00 99.00 999 1016.9  11.0 999.0  10.5 99.0 99.00 
2024 06 15 10 30 314 13.5 16.5 99.00 99.00 99.00 999 1017.0  11.0 999.0  10.5 99.0 99.00 
2024 06 15 10 40 315 13.4 16.1  2.78  6.67  6.03 313 1017.1  11.0 999.0  10.5 99.0 99.00 
2024 06 15 10 50 315 12.7 16.2 99.00 99.00 99.00 999 1017.1  11.0 999.0  10.4 99.0 99.00 
2024 06 15 11 00 314 12.7 15.4 99.00 99.00 99.00 999 1017.1  11.0 999.0  10.3 99.0 99.00 
2024 06 15 11 10 313 13.0 16.2  2.62  7.14  5.85 318 1017.0  11.0 999.0  10.3 99.0 99.00 
2024 06 15 11 20 314 13.0 17.3 99.00 99.00 99.00 999 1017.0  11.0 999.0  10.3 99.0 99.00 
2024 06 15 11 30 315 11.9 14.9 99.00 99.00 99.00 999 1017.1  11.0 999.0  10.3 99.0 99.00 
2024 06 15 11 40 315 11.8 15.6  2.62  7.69  5.90 309 1017.0  11.0 999.0  10.2 99.0 99.00 
2024 06 15 11 50 319 12.1 14.9 99.00 99.00 99.00 999 1016.9  11.1 999.0  10.2 99.0 99.00 
2024 06 15 12 00 317 11.5 14.5 99.00 99.00 99.00 999 1016.9  11.0 999.0  10.0 99.0 99.00 
2024 06 15 12 10 317 11.6 14.1  2.69  6.67  6.07 322 1016.8  11.0 999.0  10.0 99.0 99.00 
2024 06 15 12 20 317 11.2 14.8 99.00 99.00 99.00 999 1016.8  11.0 999.0  10.0 99.0 99.00 
2024 06 15 12 30 317 11.7 14.6 99.00 99.00 99.00 999 1016.8  11.0 999.0  10.0 99.0 99.00 
2024 06 15 12 40 315 11.8 14.3  2.55  6.67  5.87 313 1016.9  11.0 999.0   9.9 99.0 99.00 
2024 06 15 12 50 316 11.2 14.7 99.00 99.00 99.00 999 1016.8  11.0 999.0   9.9 99.0 99.00 
2024 06 15 13 00 317 11.6 14.7 99.00 99.00 99.00 999 1016.9  11.0 999.0   9.9 99.0 99.00 
2024 06 15 13 10 318 11.7 14.3  2.56  7.69  6.05 318 1016.8  11.1 999.0   9.8 99.0 99.00 
2024 06 15 13 20 318 12.0 14.9 99.00 99.00 99.00 999 1016.7  11.1 999.0   9.7 99.0 99.00 
2024 06 15 13 30 317 12.7 15.7 99.00 99.00 99.00 999 1016.6  11.2 999.0   9.8 99.0 99.00 
2024 06 15 13 40 317 12.5 15.7  2.67  7.69  5.90 310 1016.8  11.2 999.0   9.8 99.0 99.00 
2024 06 15 13 50 317 12.6 15.3 99.00 99.00 99.00 999 1016.9  11.2 999.0   9.6 99.0 99.00 
2024 06 15 14 00 318 12.4 16.0 99.00 99.00 99.00 999 1016.8  11.2 999.0   9.7 99.0 99.00 
2024 06 15 14 10 318 12.1 15.4  2.59  7.14  5.81 317 1016.9  11.2 999.0   9.6 99.0 99.00 
2024 06 15 14 20 318 12.4 15.8 99.00 99.00 99.00 999 1016.9  11.2 999.0   9.6 99.0 99.00 
2024 06 15 14 30 320 12.0 15.4 99.00 99.00 99.00 999 1017.1  11.3 999.0   9.7 99.0 99.00 
2024 06 15 14 40 320 12.4 15.1  2.79  6.67  6.07 323 1017.1  11.3 999.0   9.7 99.0 99.00 
2024 06 15 14 50 321 12.2 15.9 99.00 99.00 99.00 999 1017.1  11.3 999.0   9.6 99.0 99.00 
2024 06 15 15 00 320 12.5 15.8 99.00 99.00 99.00 999 1017.0  11.4 999.0   9.6 99.0 99.00 
2024 06 15 15 10 319 12.6 15.8  2.73  7.69  5.90 312 1017.2  11.4 999.0   9.6 99.0 99.00 
2024 06 15 15 20 318 12.4 16.1 99.00 99.00 99.00 999 1017.0  11.3 999.0   9.6 99.0 99.00 
2024 06 15 15 30 316 12.8 16.4 99.00 99.00 99.00 999 1017.1  11.4 999.0   9.6 99.0 99.00 
2024 06 15 15 40 315 13.0 17.4  2.78  7.14  5.92 319 1017.2  11.3 999.0   9.7 99.0 99.00 
2024 06 15 15 50 313 13.1 16.0 99.00 99.00 99.00 999 1017.4  11.3 999.0   9.7 99.0 99.00 
2024 06 15 16 00 312 13.0 16.7 99.00 99.00 99.00 999 1017.5  11.3 999.0   9.7 99.0 99.00 
2024 06 15 16 10 310 13.2 16.0  2.67  7.69  5.76 323 1017.6  11.2 999.0   9.7 99.0 99.00 
2024 06 15 16 20 309 13.0 15.6 99.00 99.00 99.00 999 1017.7  11.2 999.0   9.8 99.0 99.00 
2024 06 15 16 30 311 13.1 15.9 99.00 99.00 99.00 999 1017.7  11.3 999.0   9.9 99.0 99.00 
2024 06 15 16 40 310 13.2 16.8  2.47  6.67  5.63 316 1017.6  11.3 999.0   9.9 99.0 99.00 
2024 06 15 16 50 310 13.2 16.2 99.00 99.00 99.00 999 1017.7  11.3 999.0   9.7 99.0 99.00 
2024 06 15 17 00 309 13.2 16.4 99.00 99.00 99.00 999 1017.7  11.4 999.0   9.7 99.0 99.00 
2024 06 15 17 10 311 12.9 15.9  2.61  7.14  5.69 314 1017.7  11.5 999.0   9.7 99.0 99.00 
2024 06 15 17 20 312 13.2 16.7 99.00 99.00 99.00 999 1017.7  11.5 999.0   9.6 99.0 99.00 
2024 06 15 17 30 311 12.9 15.9 99.00 99.00 99.00 999 1017.9  11.5 999.0   9.6 99.0 99.00 
2024 06 15 17 40 312 12.4 16.5  2.47  7.14  5.75 318 1017.9  11.5 999.0   9.6 99.0 99.00 
2024 06 15 17 50 315 12.6 15.3 99.00 99.00 99.00 999 1017.8  11.6 999.0   9.6 99.0 99.00 
2024 06 15 18 00 317 12.6 15.3 99.00 99.00 99.00 999 1017.6  11.6 999.0   9.5 99.0 99.00 
2024 06 15 18 10 317 12.9 15.7  2.57  7.14  5.77 317 1017.6  11.6 999.0   9.5 99.0 99.00 
2024 06 15 18 20 316 12.8 16.2 99.00 99.00 99.00 999 1017.5  11.7 999.0   9.6 99.0 99.00 
2024 06 15 18 30 316 13.4 16.2 99.00 99.00 99.00 999 1017.4  11.8 999.0   9.7 99.0 99.00 
2024 06 15 18 40 316 13.4 17.9  2.53  7.14  5.70 319 1017.4  11.8 999.0   9.8 99.0 99.00 
2024 06 15 18 50 317 13.5 16.8 99.00 99.00 99.00 999 1017.5  11.8 999.0   9.8 99.0 99.00 
2024 06 15 19 00 319 13.6 16.8 99.00 99.00 99.00 999 1017.2  11.8 999.0  10.0 99.0 99.00 
2024 06 15 19 10 320 14.1 18.4  2.80  7.14  5.79 327 1017.2  11.8 999.0  10.2 99.0 99.00 
2024 06 15 19 20 319 13.8 17.9 99.00 99.00 99.00 999 1017.2  11.7 999.0  10.1 99.0 99.00 
2024 06 15 19 30 319 14.1 18.4 99.00 99.00 99.00 999 1017.1  11.8 999.0  10.2 99.0 99.00 
2024 06 15 19 40 320 14.1 17.3  2.74  7.14  5.55 324 1016.9  11.7 999.0  10.2 99.0 99.00 
2024 06 15 19 50 320 14.4 18.3 99.00 99.00 99.00 999 1016.7  11.7 999.0  10.3 99.0 99.00 
2024 06 15 20 00 321 14.2 17.8 99.00 99.00 99.00 999 1016.6  11.7 999.0  10.4 99.0 99.00 
2024 06 15 20 10 320 14.0 17.5  2.86  7.14  5.74 319 1016.5  11.7 999.0  10.4 99.0 99.00 
2024 06 15 20 20 320 14.0 17.9 99.00 99.00 99.00 999 1016.4  11.7 999.0  10.4 99.0 99.00 
2024 06 15 20 30 320 13.9 17.5 99.00 99.00 99.00 999 1016.2  11.7 999.0  10.4 99.0 99.00 
2024 06 15 20 40 319 13.9 17.4  2.90  6.67  5.82 324 1016.1  11.7 999.0  10.4 99.0 99.00 
2024 06 15 20 50 319 13.9 17.9 99.00 99.00 99.00 999 1015.9  11.7 999.0  10.3 99.0 99.00 
2024 06 15 21 00 319 13.9 18.0 99.00 99.00 99.00 999 1015.8  11.8 999.0  10.4 99.0 99.00 
2024 06 15 21 10 318 14.2 18.6  2.77  7.69  5.94 324 1015.6  11.8 999.0  10.3 99.0 99.00 
2024 06 15 21 20 317 14.5 17.8 99.00 99.00 99.00 999 1015.5  11.9 999.0  10.3 99.0 99.00 
2024 06 15 21 30 316 14.4 18.0 99.00 99.00 99.00 999 1015.5  11.9 999.0  10.1 99.0 99.00 
2024 06 15 21 40 317 14.1 17.9  2.71  7.14  5.63 318 1015.3  11.9 999.0  10.1 99.0 99.00 
2024 06 15 21 50 317 14.4 17.7 99.00 99.00 99.00 999 1015.2  12.0 999.0  10.2 99.0 99.00 
2024 06 15 22 00 317 14.6 18.8 99.00 99.00 99.00 999 1015.1  12.0 999.0  10.1 99.0 99.00 
2024 06 15 22 10 318 14.3 18.2  2.86  7.14  5.81 321 1015.1  12.0 999.0   9.9 99.0 99.00 
2024 06 15 22 20 316 14.8 18.6 99.00 99.00 99.00 999 1015.1  12.1 999.0   9.8 99.0 99.00 
2024 06 15 22 30 316 15.0 18.8 99.00 99.00 99.00 999 1014.9  12.1 999.0   9.6 99.0 99.00 
2024 06 15 22 40 317 14.5 19.0  2.98  7.14  5.91 326 1014.8  12.1 999.0   9.4 99.0 99.00 
2024 06 15 22 50 317 14.9 20.6 99.00 99.00 99.00 999 1014.6  12.1 999.0   9.4 99.0 99.00 
2024 06 15 23 00 316 15.2 18.9 99.00 99.00 99.00 999 1014.5  12.1 999.0   9.4 99.0 99.00 
2024 06 15 23 10 315 15.3 18.8  2.97  7.14  5.81 322 1014.4  12.0 999.0   9.4 99.0 99.00 
2024 06 15 23 20 316 15.2 18.6 99.00 99.00 99.00 999 1014.3  11.9 999.0   9.5 99.0 99.00 
2024 06 15 23 30 316 15.1 20.3 99.00 99.00 99.00 999 1014.4  11.9 999.0   9.6 99.0 99.00 
2024 06 15 23 40 317 15.3 19.6  2.87  6.67  5.83 324 1014.4  11.9 999.0   9.7 99.0 99.00 
2024 06 15 23 50 316 15.6 20.3 99.00 99.00 99.00 999 1014.4  11.9 999.0   9.8 99.0 99.00 
2024 06 16 00 00 316 15.1 19.3 99.00 99.00 99.00 999 1014.4  11.9 999.0   9.9 99.0 99.00 
2024 06 16 00 10 317 15.1 19.0  3.22  7.14  6.06 326 1014.4  11.9 999.0  10.0 99.0 99.00 
2024 06 16 00 20 315 15.6 19.2 99.00 99.00 99.00 999 1014.3  11.8 999.0   9.9 99.0 99.00 
2024 06 16 00 30 314 14.8 19.2 99.00 99.00 99.00 999 1014.3  11.8 999.0  10.0 99.0 99.00 
2024 06 16 00 40 315 15.6 19.5  3.05  7.14  5.83 326 1014.3  11.8 999.0  10.0 99.0 99.00 
2024 06 16 00 50 314 15.6 19.6 99.00 99.00 99.00 999 1014.2  11.8 999.0  10.0 99.0 99.00 
2024 06 16 01 00 314 15.2 19.2 99.00 99.00 99.00 999 1014.3  11.8 999.0  10.0 99.0 99.00 
2024 06 16 01 10 314 15.2 19.1  3.01  7.69  5.95 324 1014.2  11.8 999.0  10.0 99.0 99.00 
2024 06 16 01 20 315 15.1 18.9 99.00 99.00 99.00 999 1014.1  11.8 999.0  10.0 99.0 99.00 
2024 06 16 01 30 314 14.7 19.5 99.00 99.00 99.00 999 1014.0  11.7 999.0   9.9 99.0 99.00 
2024 06 16 01 40 315 15.4 19.7  3.09  7.14  5.90 326 1014.0  11.8 999.0   9.9 99.0 99.00 
2024 06 16 01 50 315 14.9 19.3 99.00 99.00 99.00 999 1014.0  11.7 999.0   9.8 99.0 99.00 
2024 06 16 02 00 315 15.0 19.1 99.00 99.00 99.00 999 1014.1  11.7 999.0   9.8 99.0 99.00 
2024 06 16 02 10 315 15.0 18.8  3.21  7.69  6.12 324 1014.0  11.7 999.0   9.9 99.0 99.00 
2024 06 16 02 20 313 15.2 18.7 99.00 99.00 99.00 999 1013.9  11.7 999.0   9.9 99.0 99.00 
2024 06 16 02 30 314 14.8 18.7 99.00 99.00 99.00 999 1013.8  11.6 999.0   9.8 99.0 99.00 
2024 06 16 02 40 314 14.8 19.7  3.19  7.14  5.96 321 1013.7  11.6 999.0   9.8 99.0 99.00 
2024 06 16 02 50 315 15.0 18.6 99.00 99.00 99.00 999 1013.9  11.6 999.0   9.8 99.0 99.00 
2024 06 16 03 00 317 14.7 18.6 99.00 99.00 99.00 999 1013.9  11.6 999.0   9.8 99.0 99.00 
2024 06 16 03 10 316 15.0 18.6  3.14  7.69  6.13 326 1013.9  11.6 999.0   9.8 99.0 99.00 
2024 06 16 03 20 314 14.9 20.9 99.00 99.00 99.00 999 1013.7  11.6 999.0   9.8 99.0 99.00 
2024 06 16 03 30 314 15.7 20.7 99.00 99.00 99.00 999 1013.6  11.6 999.0   9.8 99.0 99.00 
2024 06 16 03 40 313 15.9 20.3  3.08  7.14  6.03 328 1013.7  11.6 999.0   9.7 99.0 99.00 
2024 06 16 03 50 315 15.8 19.6 99.00 99.00 99.00 999 1013.7  11.6 999.0   9.7 99.0 99.00 
2024 06 16 04 00 316 15.3 19.3 99.00 99.00 99.00 999 1013.8  11.5 999.0   9.6 99.0 99.00 
2024 06 16 04 10 316 15.1 19.6  3.13  7.69  5.98 323 1013.8  11.5 999.0   9.6 99.0 99.00 
2024 06 16 04 20 315 15.0 19.1 99.00 99.00 99.00 999 1013.9  11.5 999.0   9.6 99.0 99.00 
2024 06 16 04 30 315 15.3 19.7 99.00 99.00 99.00 999 1013.8  11.5 999.0   9.6 99.0 99.00 
2024 06 16 04 40 315 15.3 19.3  3.26  8.33  6.10 323 1013.7  11.6 999.0   9.6 99.0 99.00 
2024 06 16 04 50 317 15.1 18.8 99.00 99.00 99.00 999 1013.8  11.6 999.0   9.6 99.0 99.00 
2024 06 16 05 00 317 14.9 19.6 99.00 99.00 99.00 999 1013.6  11.5 999.0   9.5 99.0 99.00 
2024 06 16 05 10 318 14.6 18.6  3.23  6.67  6.08 325 1013.6  11.4 999.0   9.5 99.0 99.00 
2024 06 16 05 20 317 14.5 18.7 99.00 99.00 99.00 999 1013.7  11.4 999.0   9.6 99.0 99.00 
2024 06 16 05 30 317 14.6 17.9 99.00 99.00 99.00 999 1013.7  11.4 999.0   9.6 99.0 99.00 
2024 06 16 05 40 318 14.5 17.7  3.28  7.69  6.30 324 1013.9  11.4 999.0   9.7 99.0 99.00 
2024 06 16 05 50 319 14.3 18.5 99.00 99.00 99.00 999 1013.8  11.3 999.0   9.7 99.0 99.00 
2024 06 16 06 00 319 14.3 17.4 99.00 99.00 99.00 999 1013.8  11.3 999.0   9.8 99.0 99.00 
2024 06 16 06 10 319 14.3 17.7  3.29  8.33  6.18 318 1013.9  11.2 999.0   9.8 99.0 99.00 
2024 06 16 06 20 319 13.9 17.0 99.00 99.00 99.00 999 1013.9  11.2 999.0   9.7 99.0 99.00 
2024 06 16 06 30 319 13.7 18.2 99.00 99.00 99.00 999 1013.8  11.2 999.0   9.6 99.0 99.00 
2024 06 16 06 40 317 13.8 17.3  3.41  8.33  6.37 326 1013.6  11.2 999.0   9.6 99.0 99.00 
2024 06 16 06 50 314 14.6 18.6 99.00 99.00 99.00 999 1013.5  11.2 999.0   9.6 99.0 99.00 
2024 06 16 07 00 314 14.6 17.4 99.00 99.00 99.00 999 1013.5  11.2 999.0   9.6 99.0 99.00 
2024 06 16 07 10 313 15.2 18.7  3.43  8.33  6.42 324 1013.5  11.2 999.0   9.6 99.0 99.00 
2024 06 16 07 20 313 15.2 19.5 99.00 99.00 99.00 999 1013.4  11.2 999.0   9.6 99.0 99.00 
2024 06 16 07 30 314 15.3 19.5 99.00 99.00 99.00 999 1013.3  11.2 999.0   9.6 99.0 99.00 
2024 06 16 07 40 317 14.5 19.1  3.23  8.33  6.39 326 1013.3  11.1 999.0   9.5 99.0 99.00 
2024 06 16 07 50 317 14.5 17.7 99.00 99.00 99.00 999 1013.3  11.1 999.0   9.5 99.0 99.00 
2024 06 16 08 00 316 14.3 17.6 99.00 99.00 99.00 999 1013.3  11.0 999.0   9.5 99.0 99.00 
2024 06 16 08 10 316 14.4 17.9  3.49  8.33  6.45 322 1013.4  11.0 999.0   9.5 99.0 99.00 
2024 06 16 08 20 317 14.4 18.4 99.00 99.00 99.00 999 1013.3  11.0 999.0   9.6 99.0 99.00 
2024 06 16 08 30 318 14.2 18.1 99.00 99.00 99.00 999 1013.3  11.0 999.0   9.5 99.0 99.00 
2024 06 16 08 40 319 13.3 16.8  3.38  8.33  6.52 322 1013.3  10.9 999.0   9.4 99.0 99.00 
2024 06 16 08 50 321 13.6 18.3 99.00 99.00 99.00 999 1013.2  11.0 999.0   9.5 99.0 99.00 
2024 06 16 09 00 324 13.2 16.9 99.00 99.00 99.00 999 1013.2  11.0 999.0   9.5 99.0 99.00 
2024 06 16 09 10 324 13.0 16.7  3.37  9.09  6.52 317 1013.1  10.9 999.0   9.5 99.0 99.00 
2024 06 16 09 20 321 14.0 18.8 99.00 99.00 99.00 999 1012.7  10.9 999.0   9.4 99.0 99.00 
2024 06 16 09 30 318 14.5 18.7 99.00 99.00 99.00 999 1012.6  10.9 999.0   9.4 99.0 99.00 
2024 06 16 09 40 317 14.3 18.0  3.35  9.09  6.39 318 1012.7  10.8 999.0   9.3 99.0 99.00 
2024 06 16 09 50 317 14.1 17.7 99.00 99.00 99.00 999 1012.7  10.8 999.0   9.3 99.0 99.00 
2024 06 16 10 00 317 13.9 17.6 99.00 99.00 99.00 999 1012.7  10.8 999.0   9.4 99.0 99.00 
2024 06 16 10 10 316 13.7 18.4  2.94  8.33  6.17 316 1012.6  10.8 999.0   9.4 99.0 99.00 
2024 06 16 10 20 315 13.6 17.4 99.00 99.00 99.00 999 1012.5  10.7 999.0   9.3 99.0 99.00 
2024 06 16 10 30 315 13.2 16.6 99.00 99.00 99.00 999 1012.6  10.7 999.0   9.2 99.0 99.00 
2024 06 16 10 40 316 13.0 16.2  3.00  9.09  6.20 319 1012.7  10.7 999.0   9.3 99.0 99.00 
2024 06 16 10 50 317 12.8 15.7 99.00 99.00 99.00 999 1012.7  10.7 999.0   9.3 99.0 99.00 
2024 06 16 11 00 317 12.7 16.9 99.00 99.00 99.00 999 1012.9  10.7 999.0   9.4 99.0 99.00 
2024 06 16 11 10 318 12.2 15.6  2.95  9.09  6.30 313 1013.0  10.6 999.0   9.3 99.0 99.00 
2024 06 16 11 20 319 12.2 15.3 99.00 99.00 99.00 999 1013.0  10.8 999.0   9.3 99.0 99.00 
2024 06 16 11 30 319 12.2 15.3 99.00 99.00 99.00 999 1012.9  10.7 999.0   9.3 99.0 99.00 
2024 06 16 11 40 320 12.1 15.2  3.19  8.33  6.41 318 1012.8  10.7 999.0   9.4 99.0 99.00 
2024 06 16 11 50 318 12.0 15.3 99.00 99.00 99.00 999 1012.9  10.7 999.0   9.4 99.0 99.00 
2024 06 16 12 00 320 11.5 14.7 99.00 99.00 99.00 999 1012.9  10.7 999.0   9.3 99.0 99.00 
2024 06 16 12 10 320 11.4 14.2  2.91  8.33  6.20 321 1013.0  10.7 999.0   9.3 99.0 99.00 
2024 06 16 12 20 320 11.2 13.9 99.00 99.00 99.00 999 1013.1  10.7 999.0   9.3 99.0 99.00 
2024 06 16 12 30 321 11.1 14.2 99.00 99.00 99.00 999 1013.0  10.7 999.0   9.3 99.0 99.00 
2024 06 16 12 40 325 10.5 13.8  2.94  8.33  6.22 320 1012.8  10.7 999.0   9.3 99.0 99.00 
2024 06 16 12 50 323 11.7 15.4 99.00 99.00 99.00 999 1012.7  10.8 999.0   9.3 99.0 99.00 
2024 06 16 13 00 322 12.0 15.6 99.00 99.00 99.00 999 1012.7  10.7 999.0   9.3 99.0 99.00 
2024 06 16 13 10 319 12.6 16.4  3.00  7.69  6.12 323 1012.7  10.7 999.0   9.4 99.0 99.00 
2024 06 16 13 20 319 13.0 16.9 99.00 99.00 99.00 999 1012.6  10.6 999.0   9.5 99.0 99.00 
2024 06 16 13 30 317 13.3 17.0 99.00 99.00 99.00 999 1012.6  10.6 999.0   9.4 99.0 99.00 
2024 06 16 13 40 314 13.2 17.9  3.06  7.69  6.09 327 1012.6  10.6 999.0   9.3 99.0 99.00 
2024 06 16 13 50 316 13.3 16.9 99.00 99.00 99.00 999 1012.6  10.7 999.0   9.3 99.0 99.00 
2024 06 16 14 00 316 13.2 16.7 99.00 99.00 99.00 999 1012.6  10.7 999.0   9.4 99.0 99.00 
2024 06 16 14 10 315 13.6 16.3  2.93  9.09  5.99 314 1012.6  10.7 999.0   9.4 99.0 99.00 
2024 06 16 14 20 316 13.6 16.8 99.00 99.00 99.00 999 1012.6  10.6 999.0   9.4 99.0 99.00 
2024 06 16 14 30 317 13.5 17.4 99.00 99.00 99.00 999 1012.5  10.6 999.0   9.4 99.0 99.00 
2024 06 16 14 40 316 13.3 17.4  2.81  7.69  5.97 321 1012.6  10.6 999.0   9.4 99.0 99.00 
2024 06 16 14 50 315 13.1 16.3 99.00 99.00 99.00 999 1012.7  10.5 999.0   9.4 99.0 99.00 
2024 06 16 15 00 313 13.0 16.0 99.00 99.00 99.00 999 1012.6  10.5 999.0   9.3 99.0 99.00 
2024 06 16 15 10 313 12.2 15.1  2.93  7.14  6.10 321 1012.6  10.7 999.0   9.3 99.0 99.00 
2024 06 16 15 20 312 12.2 15.0 99.00 99.00 99.00 999 1012.7  10.7 999.0   9.2 99.0 99.00 
2024 06 16 15 30 311 12.5 15.0 99.00 99.00 99.00 999 1012.7  10.8 999.0   9.2 99.0 99.00 
2024 06 16 15 40 312 12.4 15.5  2.63  8.33  5.93 318 1012.8  10.8 999.0   9.1 99.0 99.00 
2024 06 16 15 50 313 13.1 16.9 99.00 99.00 99.00 999 1012.8  10.8 999.0   9.0 99.0 99.00 
2024 06 16 16 00 311 12.9 15.8 99.00 99.00 99.00 999 1012.9  10.7 999.0   9.1 99.0 99.00 
2024 06 16 16 10 312 12.4 15.5  2.68  7.69  5.84 321 1012.9  10.6 999.0   9.2 99.0 99.00 
2024 06 16 16 20 311 12.8 16.7 99.00 99.00 99.00 999 1012.9  10.6 999.0   9.2 99.0 99.00 
2024 06 16 16 30 312 13.2 16.2 99.00 99.00 99.00 999 1012.8  10.6 999.0   9.2 99.0 99.00 
2024 06 16 16 40 313 12.6 15.4  2.75  9.09  5.85 310 1013.0  10.6 999.0   9.2 99.0 99.00 
2024 06 16 16 50 314 11.5 14.9 99.00 99.00 99.00 999 1013.1  10.7 999.0   9.2 99.0 99.00 
2024 06 16 17 00 310 12.1 15.3 99.00 99.00 99.00 999 1012.9  10.8 999.0   9.1 99.0 99.00 
2024 06 16 17 10 306 12.6 15.5  2.54  9.09  5.88 308 1012.9  10.9 999.0   9.2 99.0 99.00 
2024 06 16 17 20 305 13.4 16.5 99.00 99.00 99.00 999 1012.9  10.9 999.0   9.2 99.0 99.00 
2024 06 16 17 30 307 13.2 16.3 99.00 99.00 99.00 999 1013.0  10.8 999.0   9.2 99.0 99.00 
2024 06 16 17 40 307 12.5 14.9  2.54  7.69  5.64 319 1012.9  10.7 999.0   9.1 99.0 99.00 
2024 06 16 17 50 305 12.9 15.5 99.00 99.00 99.00 999 1013.0  10.7 999.0   9.2 99.0 99.00 
2024 06 16 18 00 305 12.6 16.1 99.00 99.00 99.00 999 1013.3  10.7 999.0   9.1 99.0 99.00 
2024 06 16 18 10 304 12.4 15.8  2.47  6.67  5.62 316 1013.3  10.7 999.0   9.2 99.0 99.00 
2024 06 16 18 20 304 12.6 15.9 99.00 99.00 99.00 999 1013.2  10.8 999.0   9.2 99.0 99.00 
2024 06 16 18 30 304 13.1 16.5 99.00 99.00 99.00 999 1013.1  10.8 999.0   9.2 99.0 99.00 
2024 06 16 18 40 304 12.8 15.5  2.55  7.69  5.71 317 1013.3  10.8 999.0   9.2 99.0 99.00 
2024 06 16 18 50 305 13.1 16.2 99.00 99.00 99.00 999 1013.2  10.8 999.0   9.2 99.0 99.00 
2024 06 16 19 00 306 13.0 16.0 99.00 99.00 99.00 999 1013.1  10.9 999.0   9.3 99.0 99.00 
2024 06 16 19 10 307 13.1 17.2  2.51  7.69  5.69 321 1013.2  11.0 999.0   9.3 99.0 99.00 
2024 06 16 19 20 310 12.7 15.5 99.00 99.00 99.00 999 1013.1  11.0 999.0   9.3 99.0 99.00 
2024 06 16 19 30 310 13.3 17.4 99.00 99.00 99.00 999 1012.9  11.0 999.0   9.3 99.0 99.00 
2024 06 16 19 40 309 14.3 18.5  2.58  7.14  5.71 325 1012.8  11.0 999.0   9.3 99.0 99.00 
2024 06 16 19 50 309 14.2 17.4 99.00 99.00 99.00 999 1012.9  11.0 999.0   9.2 99.0 99.00 
2024 06 16 20 00 310 14.0 17.3 99.00 99.00 99.00 999 1012.9  11.0 999.0   9.2 99.0 99.00 
2024 06 16 20 10 309 13.8 17.2  2.67  7.14  5.67 321 1012.9  11.1 999.0   9.3 99.0 99.00 
2024 06 16 20 20 308 14.3 17.8 99.00 99.00 99.00 999 1013.0  11.1 999.0   9.3 99.0 99.00 
2024 06 16 20 30 308 14.0 17.0 99.00 99.00 99.00 999 1013.1  11.1 999.0   9.3 99.0 99.00 
2024 06 16 20 40 309 13.6 16.9  2.59  7.14  5.64 327 1013.1  11.1 999.0   9.4 99.0 99.00 
2024 06 16 20 50 307 13.7 17.0 99.00 99.00 99.00 999 1013.1  11.1 999.0   9.4 99.0 99.00 
2024 06 16 21 00 307 13.6 16.9 99.00 99.00 99.00 999 1013.1  11.1 999.0   9.5 99.0 99.00 
2024 06 16 21 10 306 13.7 16.8  2.54  7.14  5.76 328 1013.1  11.1 999.0   9.5 99.0 99.00 
2024 06 16 21 20 304 14.5 17.8 99.00 99.00 99.00 999 1013.0  11.2 999.0   9.6 99.0 99.00 
2024 06 16 21 30 304 14.0 18.3 99.00 99.00 99.00 999 1013.1  11.2 999.0   9.6 99.0 99.00 
2024 06 16 21 40 306 14.2 18.5  2.57  7.14  5.57 318 1013.0  11.3 999.0   9.7 99.0 99.00 
2024 06 16 21 50 307 14.3 18.4 99.00 99.00 99.00 999 1013.0  11.4 999.0   9.6 99.0 99.00 
2024 06 16 22 00 309 14.1 17.9 99.00 99.00 99.00 999 1012.9  11.4 999.0   9.6 99.0 99.00 
2024 06 16 22 10 309 14.4 18.0  2.74  6.67  5.79 324 1012.9  11.5 999.0   9.7 99.0 99.00 
2024 06 16 22 20 311 14.3 18.3 99.00 99.00 99.00 999 1012.8  11.5 999.0   9.7 99.0 99.00 
2024 06 16 22 30 309 14.6 18.8 99.00 99.00 99.00 999 1012.7  11.5 999.0   9.7 99.0 99.00 
2024 06 16 22 40 307 14.4 19.0  2.61  6.67  5.53 320 1012.7  11.4 999.0   9.7 99.0 99.00 
2024 06 16 22 50 308 13.7 16.7 99.00 99.00 99.00 999 1012.6  11.3 999.0   9.8 99.0 99.00 
2024 06 16 23 00 306 13.6 16.9 99.00 99.00 99.00 999 1012.7  11.2 999.0   9.8 99.0 99.00 
2024 06 16 23 10 307 13.6 16.7  2.57  7.69  5.67 308 1012.7  11.2 999.0   9.9 99.0 99.00 
2024 06 16 23 20 308 13.2 16.0 99.00 99.00 99.00 999 1012.8  11.1 999.0   9.9 99.0 99.00 
2024 06 16 23 30 309 12.4 15.8 99.00 99.00 99.00 999 1012.8  11.1 999.0   9.9 99.0 99.00 
2024 06 16 23 40 306 13.3 17.1  2.48  6.67  5.48 322 1012.6  11.2 999.0  10.0 99.0 99.00 
2024 06 16 23 50 307 13.4 16.0 99.00 99.00 99.00 999 1012.6  11.2 999.0   9.9 99.0 99.00 
2024 06 17 00 00 307 13.3 17.3 99.00 99.00 99.00 999 1012.5  11.3 999.0  10.0 99.0 99.00 
2024 06 17 00 10 307 12.9 15.8  2.16  6.67  5.32 324 1012.5  11.3 999.0  10.0 99.0 99.00 
2024 06 17 00 20 309 13.2 16.4 99.00 99.00 99.00 999 1012.4  11.2 999.0   9.9 99.0 99.00 
2024 06 17 00 30 306 13.5 17.1 99.00 99.00 99.00 999 1012.4  11.2 999.0   9.9 99.0 99.00 
2024 06 17 00 40 304 13.4 16.1  2.34  8.33  5.42 308 1012.5  11.2 999.0   9.9 99.0 99.00 
2024 06 17 00 50 304 12.9 16.1 99.00 99.00 99.00 999 1012.5  11.3 999.0  10.0 99.0 99.00 
2024 06 17 01 00 304 13.3 17.2 99.00 99.00 99.00 999 1012.3  11.3 999.0  10.0 99.0 99.00 
2024 06 17 01 10 304 13.7 17.0  2.31  7.14  5.46 308 1012.3  11.3 999.0   9.9 99.0 99.00 
2024 06 17 01 20 303 13.0 15.7 99.00 99.00 99.00 999 1012.4  11.2 999.0   9.9 99.0 99.00 
2024 06 17 01 30 304 12.2 15.5 99.00 99.00 99.00 999 1012.6  11.1 999.0  10.0 99.0 99.00 
2024 06 17 01 40 304 12.1 14.7  2.20  5.88  5.26 328 1012.7  11.1 999.0  10.0 99.0 99.00 
2024 06 17 01 50 304 11.1 14.3 99.00 99.00 99.00 999 1012.8  11.0 999.0   9.9 99.0 99.00 
2024 06 17 02 00 304 11.1 13.8 99.00 99.00 99.00 999 1012.8  11.0 999.0   9.9 99.0 99.00 
2024 06 17 02 10 306 11.0 13.6  2.14  5.88  5.32 321 1012.7  11.0 999.0   9.9 99.0 99.00 
2024 06 17 02 20 307 11.4 14.6 99.00 99.00 99.00 999 1012.7  11.0 999.0   9.9 99.0 99.00 
2024 06 17 02 30 306 11.6 14.5 99.00 99.00 99.00 999 1012.8  11.0 999.0   9.9 99.0 99.00 
2024 06 17 02 40 303 11.0 13.9  2.04  9.09  5.44 311 1012.8  10.9 999.0   9.9 99.0 99.00 
2024 06 17 02 50 304 10.8 13.8 99.00 99.00 99.00 999 1012.7  10.9 999.0   9.9 99.0 99.00 
2024 06 17 03 00 307 11.3 13.9 99.00 99.00 99.00 999 1012.7  10.9 999.0   9.9 99.0 99.00 
2024 06 17 03 10 308 10.7 13.2  1.82  9.09  5.20 314 1012.6  10.9 999.0   9.9 99.0 99.00 
2024 06 17 03 20 306 11.3 13.5 99.00 99.00 99.00 999 1012.6  10.9 999.0   9.9 99.0 99.00 
2024 06 17 03 30 309 10.0 12.6 99.00 99.00 99.00 999 1012.8  10.8 999.0   9.9 99.0 99.00 
2024 06 17 03 40 312  9.1 11.3  1.92  9.09  5.59 303 1012.7  10.8 999.0  10.0 99.0 99.00 
2024 06 17 03 50 311 10.3 13.2 99.00 99.00 99.00 999 1012.8  10.8 999.0  10.0 99.0 99.00 
2024 06 17 04 00 310  9.9 12.2 99.00 99.00 99.00 999 1012.7  10.7 999.0   9.9 99.0 99.00 
2024 06 17 04 10 313  9.8 12.0  1.87  9.09  5.29 313 1012.8  10.7 999.0   9.9 99.0 99.00 
2024 06 17 04 20 313  9.7 11.9 99.00 99.00 99.00 999 1013.0  10.7 999.0   9.9 99.0 99.00 
2024 06 17 04 30 314  8.6 10.6 99.00 99.00 99.00 999 1013.0  10.7 999.0  10.0 99.0 99.00 
2024 06 17 04 40 312  8.4 10.3  1.78  9.09  5.34 314 1013.1  10.6 999.0   9.9 99.0 99.00 
2024 06 17 04 50 308  9.1 11.2 99.00 99.00 99.00 999 1013.0  10.6 999.0   9.9 99.0 99.00 
2024 06 17 05 00 309  9.8 12.7 99.00 99.00 99.00 999 1013.1  10.7 999.0  10.0 99.0 99.00 
2024 06 17 05 10 308  9.8 12.1  1.77  9.09  5.29 308 1013.1  10.7 999.0   9.9 99.0 99.00 
2024 06 17 05 20 309  8.9 11.2 99.00 99.00 99.00 999 1013.2  10.7 999.0   9.9 99.0 99.00 
2024 06 17 05 30 310  9.3 11.8 99.00 99.00 99.00 999 1013.1  10.7 999.0  10.0 99.0 99.00 
2024 06 17 05 40 309  9.5 11.8  1.65  8.33  5.46 315 1013.0  10.6 999.0   9.9 99.0 99.00 
2024 06 17 05 50 312  9.6 12.2 99.00 99.00 99.00 999 1012.9  10.6 999.0   9.9 99.0 99.00 
2024 06 17 06 00 314  9.9 11.8 99.00 99.00 99.00 999 1012.9  10.7 999.0   9.9 99.0 99.00 
2024 06 17 06 10 313  9.8 12.6  1.68  9.09  5.20 304 1012.9  10.7 999.0   9.9 99.0 99.00 
2024 06 17 06 20 311 10.0 12.8 99.00 99.00 99.00 999 1012.8  10.7 999.0   9.9 99.0 99.00 
2024 06 17 06 30 308 10.3 13.2 99.00 99.00 99.00 999 1012.8  10.8 999.0  10.0 99.0 99.00 
2024 06 17 06 40 306 10.6 12.8  1.72  5.88  5.03 319 1012.8  10.8 999.0  10.0 99.0 99.00 
2024 06 17 06 50 309 11.1 13.8 99.00 99.00 99.00 999 1012.8  10.8 999.0   9.8 99.0 99.00 
2024 06 17 07 00 309 11.1 13.9 99.00 99.00 99.00 999 1012.7  10.9 999.0   9.9 99.0 99.00 
2024 06 17 07 10 310 11.0 14.0  1.88  8.33  5.15 311 1012.8  10.9 999.0   9.9 99.0 99.00 
2024 06 17 07 20 309 11.2 13.6 99.00 99.00 99.00 999 1012.7  10.8 999.0   9.8 99.0 99.00 
2024 06 17 07 30 305 10.7 13.3 99.00 99.00 99.00 999 1012.7  10.7 999.0   9.9 99.0 99.00 
2024 06 17 07 40 304 10.3 12.6  1.79  5.00  4.96 324 1012.6  10.6 999.0   9.9 99.0 99.00 
2024 06 17 07 50 305  9.1 10.9 99.00 99.00 99.00 999 1012.7  10.5 999.0   9.9 99.0 99.00 
2024 06 17 08 00 304  8.8 10.8 99.00 99.00 99.00 999 1012.7  10.4 999.0   9.9 99.0 99.00 
2024 06 17 08 10 303  9.3 11.4  1.60  5.26  4.87 323 1012.6  10.5 999.0  10.0 99.0 99.00 
2024 06 17 08 20 304  9.5 11.7 99.00 99.00 99.00 999 1012.4  10.6 999.0  10.1 99.0 99.00 
2024 06 17 08 30 302  9.3 11.5 99.00 99.00 99.00 999 1012.5  10.7 999.0  10.2 99.0 99.00 
2024 06 17 08 40 304  9.7 11.9  1.62  9.09  4.99 312 1012.5  10.7 999.0  10.0 99.0 99.00 
2024 06 17 08 50 307  9.6 12.1 99.00 99.00 99.00 999 1012.3  10.8 999.0  10.1 99.0 99.00 
2024 06 17 09 00 309  9.8 12.2 99.00 99.00 99.00 999 1012.3  10.8 999.0  10.0 99.0 99.00 
2024 06 17 09 10 306  9.7 11.7  1.51  6.67  4.76 315 1012.3  10.8 999.0  10.0 99.0 99.00 
2024 06 17 09 20 303  9.9 12.0 99.00 99.00 99.00 999 1012.2  10.8 999.0  10.0 99.0 99.00 
2024 06 17 09 30 305 10.3 12.3 99.00 99.00 99.00 999 1012.1  10.7 999.0   9.9 99.0 99.00 
2024 06 17 09 40 307 10.3 12.8  1.60 17.39  4.99 233 1012.1  10.6 999.0   9.8 99.0 99.00 
2024 06 17 09 50 307  9.8 12.0 99.00 99.00 99.00 999 1012.0  10.5 999.0   9.8 99.0 99.00 
2024 06 17 10 00 307  9.8 12.0 99.00 99.00 99.00 999 1011.9  10.4 999.0   9.7 99.0 99.00 
2024 06 17 10 10 308  9.6 12.3  1.59 17.39  5.22 249 1011.9  10.4 999.0   9.6 99.0 99.00 
2024 06 17 10 20 310  9.2 11.7 99.00 99.00 99.00 999 1011.8  10.5 999.0   9.5 99.0 99.00 
2024 06 17 10 30 312  9.6 11.9 99.00 99.00 99.00 999 1011.7  10.5 999.0   9.5 99.0 99.00 
2024 06 17 10 40 313 10.3 12.0  1.56 17.39  4.98 238 1011.6  10.5 999.0   9.4 99.0 99.00 
2024 06 17 10 50 314 10.1 13.2 99.00 99.00 99.00 999 1011.4  10.6 999.0   9.3 99.0 99.00 
2024 06 17 11 00 315 10.9 13.3 99.00 99.00 99.00 999 1011.4  10.8 999.0   9.2 99.0 99.00 
2024 06 17 11 10 313 10.5 12.9  1.63  5.56  4.98 302 1011.4  10.6 999.0   9.1 99.0 99.00 
2024 06 17 11 20 313 10.8 13.8 99.00 99.00 99.00 999 1011.4  10.6 999.0   9.2 99.0 99.00 
2024 06 17 11 30 314 10.6 13.0 99.00 99.00 99.00 999 1011.5  10.6 999.0   9.2 99.0 99.00 
2024 06 17 11 40 315 10.6 13.6  1.70  5.26  4.96 314 1011.6  10.5 999.0   9.1 99.0 99.00 
2024 06 17 11 50 313  9.5 11.7 99.00 99.00 99.00 999 1011.7  10.4 999.0   9.1 99.0 99.00 
2024 06 17 12 00 313  9.5 11.7 99.00 99.00 99.00 999 1011.7  10.6 999.0   9.1 99.0 99.00 
2024 06 17 12 10 313  9.8 12.6  1.68 17.39  4.99 264 1011.7  10.7 999.0   8.9 99.0 99.00 
2024 06 17 12 20 312 11.2 14.2 99.00 99.00 99.00 999 1011.6  10.8 999.0   8.9 99.0 99.00 
2024 06 17 12 30 312 11.3 13.7 99.00 99.00 99.00 999 1011.7  10.7 999.0   8.9 99.0 99.00 
2024 06 17 12 40 312 11.8 14.9  1.74 17.39  5.33 251 1011.6  10.6 999.0   9.1 99.0 99.00 
2024 06 17 12 50 311 11.8 14.8 99.00 99.00 99.00 999 1011.8  10.5 999.0   9.2 99.0 99.00 
2024 06 17 13 00 309 11.6 14.0 99.00 99.00 99.00 999 1011.8  10.5 999.0   9.2 99.0 99.00 
2024 06 17 13 10 307 11.3 13.6  1.72 17.39  5.13 227 1011.8  10.6 999.0   9.2 99.0 99.00 
2024 06 17 13 20 309 11.7 14.0 99.00 99.00 99.00 999 1011.9  10.6 999.0   9.2 99.0 99.00 
2024 06 17 13 30 309 11.4 14.3 99.00 99.00 99.00 999 1011.8  10.5 999.0   9.1 99.0 99.00 
2024 06 17 13 40 310 11.7 14.9  1.79  5.88  5.07 324 1011.8  10.5 999.0   9.0 99.0 99.00 
2024 06 17 13 50 309 12.1 14.8 99.00 99.00 99.00 999 1011.9  10.6 999.0   9.1 99.0 99.00 
2024 06 17 14 00 311 11.7 14.4 99.00 99.00 99.00 999 1012.0  10.5 999.0   9.1 99.0 99.00 
2024 06 17 14 10 313 11.4 14.2  1.79  5.56  5.06 322 1012.0  10.4 999.0   9.1 99.0 99.00 
2024 06 17 14 20 313 10.5 12.7 99.00 99.00 99.00 999 1012.1  10.4 999.0   9.2 99.0 99.00 
2024 06 17 14 30 317 10.1 12.3 99.00 99.00 99.00 999 1012.4  10.6 999.0   9.1 99.0 99.00 
2024 06 17 14 40 326 10.0 12.6  1.73  5.56  5.04 330 1012.5  10.7 999.0   9.0 99.0 99.00 
2024 06 17 14 50 341  9.0 11.7 99.00 99.00 99.00 999 1013.0  10.9 999.0   9.0 99.0 99.00 
2024 06 17 15 00 342  8.9 11.8 99.00 99.00 99.00 999 1012.9  11.0 999.0   9.0 99.0 99.00 
2024 06 17 15 10 342  8.8 11.0  1.75 17.39  5.26 217 1013.0  11.0 999.0   8.9 99.0 99.00 
2024 06 17 15 20 334 10.0 12.8 99.00 99.00 99.00 999 1013.0  10.9 999.0   8.9 99.0 99.00 
2024 06 17 15 30 332 10.0 12.0 99.00 99.00 99.00 999 1013.3  10.8 999.0   9.1 99.0 99.00 
2024 06 17 15 40 334  9.4 11.8  1.91  5.56  5.20 329 1013.5  10.8 999.0   9.2 99.0 99.00 
2024 06 17 15 50 328 10.0 12.2 99.00 99.00 99.00 999 1013.5  10.8 999.0   9.2 99.0 99.00 
2024 06 17 16 00 324  9.5 11.4 99.00 99.00 99.00 999 1013.3  10.7 999.0   9.1 99.0 99.00 
2024 06 17 16 10 324  9.3 11.6  1.97  5.88  5.26 325 1013.1  10.7 999.0   9.2 99.0 99.00 
2024 06 17 16 20 323 10.0 12.5 99.00 99.00 99.00 999 1013.1  10.7 999.0   9.3 99.0 99.00 
2024 06 17 16 30 321 10.2 12.6 99.00 99.00 99.00 999 1013.1  10.6 999.0   9.3 99.0 99.00 
2024 06 17 16 40 319  9.5 11.6  1.92  6.25  5.38 316 1013.2  10.5 999.0   9.3 99.0 99.00 
2024 06 17 16 50 318  9.7 12.0 99.00 99.00 99.00 999 1013.2  10.6 999.0   9.3 99.0 99.00 
2024 06 17 17 00 318  9.7 11.7 99.00 99.00 99.00 999 1013.3  10.6 999.0   9.3 99.0 99.00 
2024 06 17 17 10 317  9.2 11.9  1.93  5.88  5.35 328 1013.3  10.6 999.0   9.3 99.0 99.00 
2024 06 17 17 20 315  9.3 11.8 99.00 99.00 99.00 999 1013.3  10.7 999.0   9.4 99.0 99.00 
2024 06 17 17 30 315  9.0 10.8 99.00 99.00 99.00 999 1013.3  10.7 999.0   9.4 99.0 99.00 
2024 06 17 17 40 313  8.7 10.7  1.76  6.67  5.13 326 1013.5  10.7 999.0   9.4 99.0 99.00 
2024 06 17 17 50 312  8.7 10.6 99.00 99.00 99.00 999 1013.6  10.6 999.0   9.5 99.0 99.00 
2024 06 17 18 00 313  8.6 10.3 99.00 99.00 99.00 999 1013.8  10.6 999.0   9.5 99.0 99.00 
2024 06 17 18 10 315  8.2 10.2  1.71 16.00  5.24 229 1013.7  10.6 999.0   9.4 99.0 99.00 
2024 06 17 18 20 316  8.1 10.0 99.00 99.00 99.00 999 1013.7  10.7 999.0   9.4 99.0 99.00 
2024 06 17 18 30 316  7.9  9.7 99.00 99.00 99.00 999 1013.7  10.7 999.0   9.4 99.0 99.00 
2024 06 17 18 40 317  7.8  9.5  1.56  7.69  5.05 304 1013.7  10.8 999.0   9.5 99.0 99.00 
2024 06 17 18 50 319  7.9  9.7 99.00 99.00 99.00 999 1013.6  10.8 999.0   9.4 99.0 99.00 
2024 06 17 19 00 320  7.8 10.5 99.00 99.00 99.00 999 1013.6  11.0 999.0   9.4 99.0 99.00 
2024 06 17 19 10 319  8.4 13.7  1.58  6.67  5.23 319 1013.5  11.1 999.0   9.3 99.0 99.00 
2024 06 17 19 20 318  6.1 12.2 99.00 99.00 99.00 999 1013.8  11.3 999.0   9.2 99.0 99.00 
2024 06 17 19 30 319  7.3 10.2 99.00 99.00 99.00 999 1013.6  11.0 999.0   9.4 99.0 99.00 
2024 06 17 19 40 319  7.9 10.7  1.47  8.33  5.15 308 1013.6  11.0 999.0   9.3 99.0 99.00 
2024 06 17 19 50 315  8.1 10.7 99.00 99.00 99.00 999 1013.8  11.2 999.0   9.3 99.0 99.00 
2024 06 17 20 00 315  7.9 10.7 99.00 99.00 99.00 999 1013.8  11.0 999.0   9.4 99.0 99.00 
2024 06 17 20 10 320  8.0  9.8  1.50  8.33  5.07 311 1013.8  11.1 999.0   9.3 99.0 99.00 
2024 06 17 20 20 317  7.9 10.6 99.00 99.00 99.00 999 1013.7  11.1 999.0   9.3 99.0 99.00 
2024 06 17 20 30 316  7.7  9.7 99.00 99.00 99.00 999 1013.8  11.1 999.0   9.3 99.0 99.00 
2024 06 17 20 40 315  8.3 10.1  1.62  8.33  5.33 315 1013.8  11.2 999.0   9.3 99.0 99.00 
2024 06 17 20 50 319  8.6 10.1 99.00 99.00 99.00 999 1013.8  11.1 999.0   9.3 99.0 99.00 
2024 06 17 21 00 320  8.9 10.5 99.00 99.00 99.00 999 1013.7  11.1 999.0   9.3 99.0 99.00 
2024 06 17 21 10 319  8.4 10.2  1.57 16.00  5.34 280 1013.7  11.1 999.0   9.3 99.0 99.00 
2024 06 17 21 20 320  8.5 11.4 99.00 99.00 99.00 999 1013.6  11.1 999.0   9.3 99.0 99.00 
2024 06 17 21 30 321  9.5 11.5 99.00 99.00 99.00 999 1013.4  11.1 999.0   9.3 99.0 99.00 
2024 06 17 21 40 321  9.3 11.0  1.60  6.25  5.17 328 1013.3  11.1 999.0   9.3 99.0 99.00 
2024 06 17 21 50 320  9.4 11.3 99.00 99.00 99.00 999 1013.3  11.1 999.0   9.2 99.0 99.00 
2024 06 17 22 00 320  9.4 11.2 99.00 99.00 99.00 999 1013.2  11.1 999.0   9.2 99.0 99.00 
2024 06 17 22 10 320  9.3 11.6  1.68  6.25  5.40 324 1013.1  11.2 999.0   9.2 99.0 99.00 
2024 06 17 22 20 319 10.4 13.1 99.00 99.00 99.00 999 1013.0  11.3 999.0   9.2 99.0 99.00 
2024 06 17 22 30 322 11.6 14.6 99.00 99.00 99.00 999 1012.6  11.4 999.0   9.0 99.0 99.00 
2024 06 17 22 40 323 11.8 15.0  1.95  8.33  5.50 311 1012.6  11.5 999.0   9.0 99.0 99.00 
2024 06 17 22 50 322 12.0 15.7 99.00 99.00 99.00 999 1012.6  11.5 999.0   9.0 99.0 99.00 
2024 06 17 23 00 320 12.2 14.6 99.00 99.00 99.00 999 1012.7  11.6 999.0   9.0 99.0 99.00 
2024 06 17 23 10 319 12.5 15.5  2.06  6.25  5.28 327 1012.6  11.7 999.0   8.8 99.0 99.00 
2024 06 17 23 20 321 12.2 15.2 99.00 99.00 99.00 999 1012.2  11.8 999.0   8.7 99.0 99.00 
2024 06 17 23 30 320 11.4 14.0 99.00 99.00 99.00 999 1012.2  11.8 999.0   8.7 99.0 99.00 
2024 06 17 23 40 319 11.7 14.4  2.13  6.67  5.51 319 1011.9  11.7 999.0   8.7 99.0 99.00 
2024 06 17 23 50 320 10.9 14.0 99.00 99.00 99.00 999 1011.7  11.7 999.0   8.8 99.0 99.00 
2024 06 18 00 00 317 10.9 14.3 99.00 99.00 99.00 999 1011.7  11.6 999.0   8.8 99.0 99.00 
2024 06 18 00 10 316 10.8 12.9  2.11  6.25  5.36 327 1011.5  11.6 999.0   9.0 99.0 99.00 
2024 06 18 00 20 317 11.0 13.7 99.00 99.00 99.00 999 1011.4  11.6 999.0   8.9 99.0 99.00 
2024 06 18 00 30 314 11.1 13.5 99.00 99.00 99.00 999 1011.2  11.6 999.0   9.0 99.0 99.00 
2024 06 18 00 40 314 10.7 13.2  1.92  7.14  5.07 319 1011.1  11.6 999.0   9.1 99.0 99.00 
2024 06 18 00 50 313 11.0 13.7 99.00 99.00 99.00 999 1010.9  11.6 999.0   9.1 99.0 99.00 
2024 06 18 01 00 313 10.8 13.2 99.00 99.00 99.00 999 1010.8  11.7 999.0   9.2 99.0 99.00 
2024 06 18 01 10 312 10.8 13.2  2.03  6.67  5.41 323 1010.8  11.7 999.0   9.2 99.0 99.00 
2024 06 18 01 20 311 10.9 13.1 99.00 99.00 99.00 999 1010.8  11.7 999.0   9.3 99.0 99.00 
2024 06 18 01 30 311 11.2 13.7 99.00 99.00 99.00 999 1010.7  11.7 999.0   9.3 99.0 99.00 
2024 06 18 01 40 309 10.9 12.7  2.18  6.67  5.40 322 1010.6  11.6 999.0   9.3 99.0 99.00 
2024 06 18 01 50 310 10.9 13.7 99.00 99.00 99.00 999 1010.7  11.6 999.0   9.5 99.0 99.00 
2024 06 18 02 00 311 11.2 13.7 99.00 99.00 99.00 999 1010.6  11.5 999.0   9.5 99.0 99.00 
2024 06 18 02 10 312 10.7 14.1  2.13  6.67  5.39 321 1010.6  11.4 999.0   9.6 99.0 99.00 
2024 06 18 02 20 314 10.2 12.3 99.00 99.00 99.00 999 1010.5  11.5 999.0   9.6 99.0 99.00 
2024 06 18 02 30 315  9.6 12.0 99.00 99.00 99.00 999 1010.5  11.7 999.0   9.6 99.0 99.00 
2024 06 18 02 40 315 10.0 12.3  2.11  7.14  5.47 309 1010.4  11.9 999.0   9.6 99.0 99.00 
2024 06 18 02 50 314 10.3 13.2 99.00 99.00 99.00 999 1010.3  11.8 999.0   9.6 99.0 99.00 
2024 06 18 03 00 314 10.9 13.9 99.00 99.00 99.00 999 1010.4  11.7 999.0   9.6 99.0 99.00 
2024 06 18 03 10 313 10.9 13.4  2.39  6.67  5.49 316 1010.3  11.5 999.0   9.6 99.0 99.00 
2024 06 18 03 20 313 11.0 13.9 99.00 99.00 99.00 999 1010.2  11.3 999.0   9.6 99.0 99.00 
2024 06 18 03 30 313 10.9 13.9 99.00 99.00 99.00 999 1010.3  11.3 999.0   9.6 99.0 99.00 
2024 06 18 03 40 313 11.2 13.4  2.34  8.33  5.79 313 1010.4  11.3 999.0   9.7 99.0 99.00 
2024 06 18 03 50 314 11.1 13.4 99.00 99.00 99.00 999 1010.3  11.3 999.0   9.7 99.0 99.00 
2024 06 18 04 00 316 10.8 13.4 99.00 99.00 99.00 999 1010.3  11.3 999.0   9.6 99.0 99.00 
2024 06 18 04 10 319 10.8 13.0  2.46  6.67  5.65 315 1010.3  11.3 999.0   9.7 99.0 99.00 
2024 06 18 04 20 319 10.5 12.8 99.00 99.00 99.00 999 1010.3  11.3 999.0   9.7 99.0 99.00 
2024 06 18 04 30 320 10.3 12.9 99.00 99.00 99.00 999 1010.1  11.2 999.0   9.6 99.0 99.00 
2024 06 18 04 40 319 10.6 13.1  2.36  6.25  5.65 320 1010.2  11.1 999.0   9.6 99.0 99.00 
2024 06 18 04 50 321 10.7 13.0 99.00 99.00 99.00 999 1010.2  11.1 999.0   9.7 99.0 99.00 
2024 06 18 05 00 320 10.5 12.8 99.00 99.00 99.00 999 1010.3  11.1 999.0   9.7 99.0 99.00 
2024 06 18 05 10 316 10.0 12.1  2.30  5.56  5.60 325 1010.3  11.1 999.0   9.6 99.0 99.00 
2024 06 18 05 20 316 10.0 12.7 99.00 99.00 99.00 999 1010.3  11.2 999.0   9.6 99.0 99.00 
2024 06 18 05 30 318  9.7 12.4 99.00 99.00 99.00 999 1010.3  11.1 999.0   9.5 99.0 99.00 
2024 06 18 05 40 317  9.9 12.9  2.25  8.33  5.64 313 1010.2  11.1 999.0   9.6 99.0 99.00 
2024 06 18 05 50 315 10.2 12.4 99.00 99.00 99.00 999 1010.2  11.1 999.0   9.6 99.0 99.00 
2024 06 18 06 00 314 10.1 12.6 99.00 99.00 99.00 999 1010.2  11.0 999.0   9.5 99.0 99.00 
2024 06 18 06 10 316 10.3 12.9  2.49  7.69  5.96 319 1010.0  11.1 999.0   9.5 99.0 99.00 
2024 06 18 06 20 318  9.9 12.2 99.00 99.00 99.00 999 1009.9  11.1 999.0   9.5 99.0 99.00 
2024 06 18 06 30 316 10.5 13.1 99.00 99.00 99.00 999 1009.8  11.2 999.0   9.5 99.0 99.00 
2024 06 18 06 40 316 10.4 13.2  2.32  8.33  5.53 312 1009.7  11.2 999.0   9.4 99.0 99.00 
2024 06 18 06 50 317 10.4 12.4 99.00 99.00 99.00 999 1009.6  11.2 999.0   9.4 99.0 99.00 
2024 06 18 07 00 316 10.1 12.5 99.00 99.00 99.00 999 1009.5  11.1 999.0   9.4 99.0 99.00 
2024 06 18 07 10 313 10.4 12.7  2.31  5.88  5.60 314 1009.5  11.1 999.0   9.5 99.0 99.00 
2024 06 18 07 20 312 10.7 13.1 99.00 99.00 99.00 999 1009.5  11.1 999.0   9.5 99.0 99.00 
2024 06 18 07 30 312 10.8 13.1 99.00 99.00 99.00 999 1009.5  11.0 999.0   9.4 99.0 99.00 
2024 06 18 07 40 313 10.7 12.9  2.15  6.25  5.58 314 1009.5  11.0 999.0   9.4 99.0 99.00 
2024 06 18 07 50 315 10.6 12.8 99.00 99.00 99.00 999 1009.5  11.0 999.0   9.4 99.0 99.00 
2024 06 18 08 00 313 10.4 13.7 99.00 99.00 99.00 999 1009.4  11.0 999.0   9.4 99.0 99.00 
2024 06 18 08 10 313 10.4 12.8  2.40  7.69  5.80 309 1009.3  11.0 999.0   9.4 99.0 99.00 
2024 06 18 08 20 313 10.0 12.4 99.00 99.00 99.00 999 1009.3  10.9 999.0   9.3 99.0 99.00 
2024 06 18 08 30 313  9.9 12.3 99.00 99.00 99.00 999 1009.3  10.9 999.0   9.3 99.0 99.00 
2024 06 18 08 40 312 10.3 12.3  2.36  7.69  5.78 314 1009.2  10.9 999.0   9.4 99.0 99.00 
2024 06 18 08 50 314 10.8 13.2 99.00 99.00 99.00 999 1009.2  10.9 999.0   9.3 99.0 99.00 
2024 06 18 09 00 314 10.7 13.5 99.00 99.00 99.00 999 1009.1  10.9 999.0   9.4 99.0 99.00 
2024 06 18 09 10 314 10.6 12.9  2.36  7.14  5.63 314 1009.1  10.9 999.0   9.5 99.0 99.00 
2024 06 18 09 20 312 10.8 13.2 99.00 99.00 99.00 999 1009.0  10.8 999.0   9.3 99.0 99.00 
2024 06 18 09 30 313 11.1 13.6 99.00 99.00 99.00 999 1009.0  10.8 999.0   9.4 99.0 99.00 
2024 06 18 09 40 312 11.0 13.1  2.40  7.69  5.81 315 1008.9  10.8 999.0   9.4 99.0 99.00 
2024 06 18 09 50 314 10.9 13.0 99.00 99.00 99.00 999 1008.9  10.7 999.0   9.4 99.0 99.00 
2024 06 18 10 00 315 10.6 12.7 99.00 99.00 99.00 999 1008.9  10.7 999.0   9.3 99.0 99.00 
2024 06 18 10 10 315 10.6 13.1  2.28  7.69  5.54 320 1008.9  10.8 999.0   9.4 99.0 99.00 
2024 06 18 10 20 318 10.8 13.4 99.00 99.00 99.00 999 1008.9  10.8 999.0   9.4 99.0 99.00 
2024 06 18 10 30 321 10.2 12.5 99.00 99.00 99.00 999 1009.0  10.8 999.0   9.4 99.0 99.00 
2024 06 18 10 40 317 10.1 12.6  2.35  7.69  5.67 319 1009.0  10.7 999.0   9.5 99.0 99.00 
2024 06 18 10 50 315  9.7 11.7 99.00 99.00 99.00 999 1009.1  10.6 999.0   9.5 99.0 99.00 
2024 06 18 11 00 316  9.9 12.4 99.00 99.00 99.00 999 1009.1  10.6 999.0   9.5 99.0 99.00 
2024 06 18 11 10 319  9.8 12.0  2.03  8.33  5.48 314 1009.0  10.5 999.0   9.5 99.0 99.00 
2024 06 18 11 20 321  9.6 11.7 99.00 99.00 99.00 999 1009.0  10.5 999.0   9.5 99.0 99.00 
2024 06 18 11 30 320 10.0 13.2 99.00 99.00 99.00 999 1009.0  10.5 999.0   9.4 99.0 99.00 
2024 06 18 11 40 319 10.0 13.0  2.00  8.33  5.32 314 1009.0  10.6 999.0   9.5 99.0 99.00 
2024 06 18 11 50 316  9.8 12.0 99.00 99.00 99.00 999 1009.1  10.5 999.0   9.5 99.0 99.00 
2024 06 18 12 00 314 10.3 12.8 99.00 99.00 99.00 999 1009.1  10.4 999.0   9.4 99.0 99.00 
2024 06 18 12 10 315 10.4 13.4  2.01  7.69  5.30 314 1009.0  10.5 999.0   9.5 99.0 99.00 
2024 06 18 12 20 320 10.4 13.1 99.00 99.00 99.00 999 1008.9  10.5 999.0   9.5 99.0 99.00 
2024 06 18 12 30 319 10.4 12.5 99.00 99.00 99.00 999 1009.1  10.4 999.0   9.5 99.0 99.00 
2024 06 18 12 40 317 10.0 12.4  2.02  7.69  5.30 314 1009.2  10.4 999.0   9.6 99.0 99.00 
2024 06 18 12 50 313 10.0 12.1 99.00 99.00 99.00 999 1009.2  10.4 999.0   9.6 99.0 99.00 
2024 06 18 13 00 314  9.8 11.8 99.00 99.00 99.00 999 1009.2  10.4 999.0   9.5 99.0 99.00 
2024 06 18 13 10 320  9.0 10.6  1.98  5.88  5.21 322 1009.2  10.5 999.0   9.5 99.0 99.00 
2024 06 18 13 20 317  9.6 11.9 99.00 99.00 99.00 999 1009.2  10.5 999.0   9.5 99.0 99.00 
2024 06 18 13 30 320  8.7 10.5 99.00 99.00 99.00 999 1009.3  10.5 999.0   9.5 99.0 99.00 
2024 06 18 13 40 321  8.2 10.0  1.90  6.67  5.24 319 1009.3  10.5 999.0   9.5 99.0 99.00 
2024 06 18 13 50 318  8.3 10.2 99.00 99.00 99.00 999 1009.3  10.5 999.0   9.5 99.0 99.00 
2024 06 18 14 00 315  8.1 10.3 99.00 99.00 99.00 999 1009.5  10.5 999.0   9.5 99.0 99.00 
2024 06 18 14 10 314  8.0  9.7  1.79  7.14  5.27 324 1009.5  10.5 999.0   9.5 99.0 99.00 
2024 06 18 14 20 314  8.2 10.3 99.00 99.00 99.00 999 1009.6  10.5 999.0   9.5 99.0 99.00 
2024 06 18 14 30 310  9.0 10.7 99.00 99.00 99.00 999 1009.5  10.4 999.0   9.6 99.0 99.00 
2024 06 18 14 40 311  9.4 11.3  1.86  6.25  5.26 322 1009.6  10.4 999.0   9.6 99.0 99.00 
2024 06 18 14 50 313  9.0 11.4 99.00 99.00 99.00 999 1009.7  10.4 999.0   9.6 99.0 99.00 
2024 06 18 15 00 314  8.8 10.6 99.00 99.00 99.00 999 1009.8  10.5 999.0   9.5 99.0 99.00 
2024 06 18 15 10 313  9.0 10.8  1.79  7.69  5.23 321 1009.8  10.6 999.0   9.6 99.0 99.00 
2024 06 18 15 20 313  9.3 12.3 99.00 99.00 99.00 999 1009.9  10.6 999.0   9.6 99.0 99.00 
2024 06 18 15 30 315  9.2 10.9 99.00 99.00 99.00 999 1010.0  10.5 999.0   9.5 99.0 99.00 
2024 06 18 15 40 317  9.0 11.3  1.75  7.69  5.22 324 1010.0  10.5 999.0   9.5 99.0 99.00 
2024 06 18 15 50 317  9.0 10.8 99.00 99.00 99.00 999 1010.0  10.5 999.0   9.5 99.0 99.00 
2024 06 18 16 00 318  9.0 10.8 99.00 99.00 99.00 999 1009.9  10.5 999.0   9.5 99.0 99.00 
2024 06 18 16 10 316  9.2 11.2  1.70  7.69  5.08 323 1009.9  10.5 999.0   9.5 99.0 99.00 
2024 06 18 16 20 311  9.9 12.0 99.00 99.00 99.00 999 1009.8  10.6 999.0   9.6 99.0 99.00 
2024 06 18 16 30 311  9.9 12.1 99.00 99.00 99.00 999 1009.8  10.6 999.0   9.6 99.0 99.00 
2024 06 18 16 40 311 10.1 11.7  1.75  6.67  5.17 327 1009.8  10.6 999.0   9.6 99.0 99.00 
2024 06 18 16 50 315  9.5 11.6 99.00 99.00 99.00 999 1009.9  10.6 999.0   9.6 99.0 99.00 
2024 06 18 17 00 315  9.5 11.5 99.00 99.00 99.00 999 1009.9  10.6 999.0   9.6 99.0 99.00 
2024 06 18 17 10 316  9.4 11.5  1.85  7.14  5.10 318 1009.9  10.6 999.0   9.6 99.0 99.00 
2024 06 18 17 20 313  9.6 12.6 99.00 99.00 99.00 999 1009.9  10.6 999.0   9.6 99.0 99.00 
2024 06 18 17 30 308 11.0 13.7 99.00 99.00 99.00 999 1009.9  10.6 999.0   9.6 99.0 99.00 
2024 06 18 17 40 307 10.8 13.8  1.81  7.69  5.15 319 1010.0  10.6 999.0   9.7 99.0 99.00 
2024 06 18 17 50 306 10.8 13.2 99.00 99.00 99.00 999 1010.1  10.6 999.0   9.7 99.0 99.00 
2024 06 18 18 00 305 10.9 13.3 99.00 99.00 99.00 999 1010.1  10.7 999.0   9.8 99.0 99.00 
2024 06 18 18 10 306 10.7 12.8  1.73  6.25  5.07 313 1010.2  10.7 999.0   9.7 99.0 99.00 
2024 06 18 18 20 308 10.1 12.7 99.00 99.00 99.00 999 1010.3  10.7 999.0   9.8 99.0 99.00 
2024 06 18 18 30 307 10.0 12.0 99.00 99.00 99.00 999 1010.4  10.7 999.0   9.9 99.0 99.00 
2024 06 18 18 40 308 10.0 12.1  1.75  7.14  5.27 316 1010.3  10.7 999.0   9.9 99.0 99.00 
2024 06 18 18 50 308 10.1 12.4 99.00 99.00 99.00 999 1010.4  10.7 999.0   9.9 99.0 99.00 
2024 06 18 19 00 309  9.8 12.1 99.00 99.00 99.00 999 1010.4  10.7 999.0   9.9 99.0 99.00 
2024 06 18 19 10 307 10.0 12.3  1.83  7.69  5.12 313 1010.5  10.8 999.0  10.0 99.0 99.00 
2024 06 18 19 20 305  9.9 12.3 99.00 99.00 99.00 999 1010.6  10.8 999.0  10.0 99.0 99.00 
2024 06 18 19 30 308 10.6 12.9 99.00 99.00 99.00 999 1010.6  10.8 999.0  10.0 99.0 99.00 
2024 06 18 19 40 312 10.6 13.2  1.68  7.14  5.03 322 1010.6  10.9 999.0  10.2 99.0 99.00 
2024 06 18 19 50 313 10.6 13.2 99.00 99.00 99.00 999 1010.6  10.9 999.0  10.1 99.0 99.00 
2024 06 18 20 00 318 10.6 13.1 99.00 99.00 99.00 999 1010.6  11.0 999.0  10.2 99.0 99.00 
2024 06 18 20 10 316 10.5 12.8  1.83  7.14  5.06 328 1010.6  11.0 999.0  10.2 99.0 99.00 
2024 06 18 20 20 316 10.8 13.2 99.00 99.00 99.00 999 1010.4  11.0 999.0  10.2 99.0 99.00 
2024 06 18 20 30 314 11.0 13.3 99.00 99.00 99.00 999 1010.5  11.0 999.0  10.2 99.0 99.00 
2024 06 18 20 40 313 10.8 13.5  1.86  6.25  5.18 316 1010.5  11.0 999.0  10.2 99.0 99.00 
2024 06 18 20 50 312 10.8 13.6 99.00 99.00 99.00 999 1010.4  11.0 999.0  10.2 99.0 99.00 
2024 06 18 21 00 310 11.0 13.6 99.00 99.00 99.00 999 1010.4  11.0 999.0  10.2 99.0 99.00 
2024 06 18 21 10 307 11.1 13.4  1.92  6.67  5.03 318 1010.6  11.0 999.0  10.2 99.0 99.00 
2024 06 18 21 20 304 11.4 13.8 99.00 99.00 99.00 999 1010.6  11.1 999.0  10.3 99.0 99.00 
2024 06 18 21 30 304 11.4 14.8 99.00 99.00 99.00 999 1010.5  11.1 999.0  10.3 99.0 99.00 
2024 06 18 21 40 308 11.2 13.7  1.96  6.25  5.13 323 1010.4  11.1 999.0  10.3 99.0 99.00 
2024 06 18 21 50 307 11.3 13.8 99.00 99.00 99.00 999 1010.4  11.1 999.0  10.2 99.0 99.00 
2024 06 18 22 00 307 11.5 13.9 99.00 99.00 99.00 999 1010.3  11.2 999.0  10.3 99.0 99.00 
2024 06 18 22 10 309 11.3 13.7  1.86  6.25  5.02 322 1010.2  11.1 999.0  10.1 99.0 99.00 
2024 06 18 22 20 308 10.9 13.1 99.00 99.00 99.00 999 1010.2  11.1 999.0  10.2 99.0 99.00 
2024 06 18 22 30 306 11.0 13.3 99.00 99.00 99.00 999 1010.2  11.1 999.0  10.2 99.0 99.00 
2024 06 18 22 40 306 10.8 13.2  1.88  5.88  5.18 324 1010.2  11.1 999.0  10.3 99.0 99.00 
2024 06 18 22 50 306 11.3 13.5 99.00 99.00 99.00 999 1010.0  11.1 999.0  10.2 99.0 99.00 
2024 06 18 23 00 304 11.6 14.2 99.00 99.00 99.00 999 1010.2  11.1 999.0  10.3 99.0 99.00 
2024 06 18 23 10 303 12.0 14.8  1.82  5.88  5.03 322 1010.1  11.2 999.0  10.4 99.0 99.00 
2024 06 18 23 20 304 12.0 14.3 99.00 99.00 99.00 999 1010.0  11.2 999.0  10.4 99.0 99.00 
2024 06 18 23 30 306 11.5 13.8 99.00 99.00 99.00 999 1010.0  11.2 999.0  10.4 99.0 99.00 
2024 06 18 23 40 306 11.7 14.2  1.71  5.88  4.94 324 1010.0  11.2 999.0  10.4 99.0 99.00 
2024 06 18 23 50 305 11.9 14.8 99.00 99.00 99.00 999 1009.9  11.2 999.0  10.5 99.0 99.00 
2024 06 19 00 00 310 12.5 15.9 99.00 99.00 99.00 999 1009.9  11.2 999.0  10.4 99.0 99.00 
2024 06 19 00 10 312 12.8 15.7  1.74  6.25  4.91 320 1009.8  11.3 999.0  10.5 99.0 99.00 
2024 06 19 00 20 314 12.5 15.2 99.00 99.00 99.00 999 1009.9  11.4 999.0  10.5 99.0 99.00 
2024 06 19 00 30 317 12.0 14.7 99.00 99.00 99.00 999 1009.8  11.4 999.0  10.5 99.0 99.00 
2024 06 19 00 40 319 11.8 14.7  1.84  5.26  4.95 321 1009.8  11.4 999.0  10.5 99.0 99.00 
2024 06 19 00 50 318 12.1 14.8 99.00 99.00 99.00 999 1009.8  11.4 999.0  10.4 99.0 99.00 
2024 06 19 01 00 316 12.0 14.6 99.00 99.00 99.00 999 1009.8  11.4 999.0  10.4 99.0 99.00 
2024 06 19 01 10 316 12.4 15.7  2.10  6.67  5.23 321 1009.8  11.4 999.0  10.4 99.0 99.00 
2024 06 19 01 20 315 12.2 15.3 99.00 99.00 99.00 999 1009.8  11.4 999.0  10.4 99.0 99.00 
2024 06 19 01 30 313 12.2 15.2 99.00 99.00 99.00 999 1009.8  11.4 999.0  10.4 99.0 99.00 
2024 06 19 01 40 312 11.8 14.4  2.05  5.88  5.09 317 1009.8  11.4 999.0  10.4 99.0 99.00 
2024 06 19 01 50 312 11.4 13.8 99.00 99.00 99.00 999 1009.8  11.3 999.0  10.3 99.0 99.00 
2024 06 19 02 00 312 11.4 13.8 99.00 99.00 99.00 999 1009.7  11.3 999.0  10.3 99.0 99.00 
2024 06 19 02 10 310 11.4 14.2  1.97  5.88  5.02 319 1009.7  11.3 999.0  10.3 99.0 99.00 
2024 06 19 02 20 309 11.2 13.9 99.00 99.00 99.00 999 1009.6  11.3 999.0  10.3 99.0 99.00 
2024 06 19 02 30 308 11.4 13.6 99.00 99.00 99.00 999 1009.5  11.3 999.0  10.3 99.0 99.00 
2024 06 19 02 40 306 11.0 13.2  1.88  5.88  4.94 315 1009.5  11.2 999.0  10.2 99.0 99.00 
2024 06 19 02 50 303 11.2 14.0 99.00 99.00 99.00 999 1009.5  11.2 999.0  10.3 99.0 99.00 
2024 06 19 03 00 302 11.3 13.5 99.00 99.00 99.00 999 1009.5  11.2 999.0  10.4 99.0 99.00 
2024 06 19 03 10 303 11.8 14.2  1.82  5.56  4.95 316 1009.5  11.2 999.0  10.3 99.0 99.00 
2024 06 19 03 20 302 11.8 14.4 99.00 99.00 99.00 999 1009.5  11.2 999.0  10.3 99.0 99.00 
2024 06 19 03 30 301 11.5 14.5 99.00 99.00 99.00 999 1009.8  11.1 999.0  10.3 99.0 99.00 
2024 06 19 03 40 300 11.5 14.2  1.84  5.88  5.05 328 1009.7  11.0 999.0  10.3 99.0 99.00 
2024 06 19 03 50 301 11.7 14.6 99.00 99.00 99.00 999 1009.7  11.0 999.0  10.3 99.0 99.00 
2024 06 19 04 00 301 11.6 13.9 99.00 99.00 99.00 999 1009.7  11.1 999.0  10.3 99.0 99.00 
2024 06 19 04 10 300 11.7 14.6  1.88 14.81  5.12 243 1009.9  11.1 999.0  10.3 99.0 99.00 
2024 06 19 04 20 300 11.6 13.8 99.00 99.00 99.00 999 1010.0  11.1 999.0  10.3 99.0 99.00 
2024 06 19 04 30 300 11.5 14.6 99.00 99.00 99.00 999 1010.1  11.1 999.0  10.3 99.0 99.00 
2024 06 19 04 40 299 11.6 14.1  1.96  5.56  5.00 311 1010.3  11.0 999.0  10.3 99.0 99.00 
2024 06 19 04 50 295 12.2 14.7 99.00 99.00 99.00 999 1010.3  11.0 999.0  10.3 99.0 99.00 
2024 06 19 05 00 296 12.2 14.9 99.00 99.00 99.00 999 1010.3  11.1 999.0  10.4 99.0 99.00 
2024 06 19 05 10 300 11.9 14.4  1.84  6.25  5.00 311 1010.5  11.1 999.0  10.3 99.0 99.00 
2024 06 19 05 20 300 11.5 14.6 99.00 99.00 99.00 999 1010.5  11.1 999.0  10.3 99.0 99.00 
2024 06 19 05 30 302 11.1 14.2 99.00 99.00 99.00 999 1010.6  11.2 999.0  10.4 99.0 99.00 
2024 06 19 05 40 300 10.8 13.3  1.81  5.56  5.03 318 1010.6  11.1 999.0  10.3 99.0 99.00 
2024 06 19 05 50 298 11.0 13.2 99.00 99.00 99.00 999 1010.7  11.1 999.0  10.4 99.0 99.00 
2024 06 19 06 00 296 11.3 14.2 99.00 99.00 99.00 999 1010.7  11.0 999.0  10.3 99.0 99.00 
2024 06 19 06 10 296 11.4 13.8  1.71  5.56  5.03 319 1010.6  11.0 999.0  10.4 99.0 99.00 
2024 06 19 06 20 298 11.3 14.6 99.00 99.00 99.00 999 1010.6  11.0 999.0  10.3 99.0 99.00 
2024 06 19 06 30 299 11.3 14.2 99.00 99.00 99.00 999 1010.6  11.0 999.0  10.3 99.0 99.00 
2024 06 19 06 40 303 11.2 13.9  1.66  5.56  4.84 317 1010.5  11.1 999.0  10.4 99.0 99.00 
2024 06 19 06 50 304 11.2 14.3 99.00 99.00 99.00 999 1010.4  11.1 999.0  10.4 99.0 99.00 
2024 06 19 07 00 307 10.9 13.1 99.00 99.00 99.00 999 1010.4  11.1 999.0  10.4 99.0 99.00 
2024 06 19 07 10 308 10.3 12.7  1.58  4.76  4.76 312 1010.5  11.0 999.0  10.3 99.0 99.00 
2024 06 19 07 20 306 10.3 12.7 99.00 99.00 99.00 999 1010.5  11.0 999.0  10.3 99.0 99.00 
2024 06 19 07 30 306 10.5 12.7 99.00 99.00 99.00 999 1010.5  11.0 999.0  10.3 99.0 99.00 
2024 06 19 07 40 306 10.1 12.0  1.62  5.26  4.82 313 1010.4  10.9 999.0  10.2 99.0 99.00 
2024 06 19 07 50 305 10.2 12.4 99.00 99.00 99.00 999 1010.4  10.9 999.0  10.2 99.0 99.00 
2024 06 19 08 00 306  9.9 11.9 99.00 99.00 99.00 999 1010.4  10.9 999.0  10.2 99.0 99.00 
2024 06 19 08 10 307  9.9 12.1  1.62  5.00  4.85 322 1010.4  10.9 999.0  10.2 99.0 99.00 
2024 06 19 08 20 307  9.8 12.2 99.00 99.00 99.00 999 1010.4  10.8 999.0  10.2 99.0 99.00 
2024 06 19 08 30 306  9.7 11.8 99.00 99.00 99.00 999 1010.4  10.8 999.0  10.3 99.0 99.00 
2024 06 19 08 40 305  9.5 11.2  1.62  6.67  4.89 303 1010.4  10.8 999.0  10.3 99.0 99.00 
2024 06 19 08 50 304  9.1 11.4 99.00 99.00 99.00 999 1010.4  10.7 999.0  10.3 99.0 99.00 
2024 06 19 09 00 305  9.4 12.0 99.00 99.00 99.00 999 1010.4  10.8 999.0  10.4 99.0 99.00 
2024 06 19 09 10 305  8.7 10.7  1.50 14.81  4.86 222 1010.4  10.7 999.0  10.3 99.0 99.00 
2024 06 19 09 20 306  8.9 11.0 99.00 99.00 99.00 999 1010.3  10.7 999.0  10.3 99.0 99.00 
2024 06 19 09 30 306  8.4 10.0 99.00 99.00 99.00 999 1010.3  10.7 999.0  10.3 99.0 99.00 
2024 06 19 09 40 307  8.2  9.9  1.51 14.81  4.79 247 1010.3  10.6 999.0  10.3 99.0 99.00 
2024 06 19 09 50 307  8.3 10.0 99.00 99.00 99.00 999 1010.2  10.6 999.0  10.4 99.0 99.00 
2024 06 19 10 00 305  8.8 11.5 99.00 99.00 99.00 999 1010.1  10.7 999.0  10.4 99.0 99.00 
2024 06 19 10 10 305  8.8 10.7  1.42 14.81  4.74 221 1010.1  10.8 999.0  10.4 99.0 99.00 
2024 06 19 10 20 307  8.8 10.5 99.00 99.00 99.00 999 1010.0  10.8 999.0  10.4 99.0 99.00 
2024 06 19 10 30 308  8.7 11.0 99.00 99.00 99.00 999 1010.0  10.8 999.0  10.4 99.0 99.00 
2024 06 19 10 40 307  8.7 10.5  1.32 14.81  4.73 237 1010.0  10.7 999.0  10.3 99.0 99.00 
2024 06 19 10 50 307  8.8 10.6 99.00 99.00 99.00 999 1010.0  10.7 999.0  10.3 99.0 99.00 
2024 06 19 11 00 309  9.0 10.7 99.00 99.00 99.00 999 1009.9  10.8 999.0  10.4 99.0 99.00 
2024 06 19 11 10 308  9.3 11.7  1.33  4.17  4.45 307 1009.8  10.8 999.0  10.4 99.0 99.00 
2024 06 19 11 20 309  9.2 11.1 99.00 99.00 99.00 999 1009.9  10.8 999.0  10.4 99.0 99.00 
2024 06 19 11 30 307  9.2 11.4 99.00 99.00 99.00 999 1009.9  10.7 999.0  10.3 99.0 99.00 
2024 06 19 11 40 308  8.9 11.2  1.48 14.81  4.68 207 1010.0  10.7 999.0  10.3 99.0 99.00 
2024 06 19 11 50 310  8.8 10.7 99.00 99.00 99.00 999 1010.1  10.7 999.0  10.3 99.0 99.00 
2024 06 19 12 00 310  9.0 10.9 99.00 99.00 99.00 999 1010.0  10.7 999.0  10.3 99.0 99.00 
2024 06 19 12 10 309  9.1 11.2  1.46  4.76  4.63 315 1010.1  10.7 999.0  10.3 99.0 99.00 
2024 06 19 12 20 309  9.1 11.6 99.00 99.00 99.00 999 1010.2  10.7 999.0  10.3 99.0 99.00 
2024 06 19 12 30 307  8.6 10.6 99.00 99.00 99.00 999 1010.3  10.7 999.0  10.3 99.0 99.00 
2024 06 19 12 40 308  8.7 10.5  1.46  4.55  4.69 313 1010.3  10.7 999.0  10.4 99.0 99.00 
2024 06 19 12 50 309  9.1 11.3 99.00 99.00 99.00 999 1010.3  10.7 999.0  10.4 99.0 99.00 
2024 06 19 13 00 311  9.2 12.0 99.00 99.00 99.00 999 1010.4  10.7 999.0  10.4 99.0 99.00 
2024 06 19 13 10 315  9.3 11.8  1.29  5.00  4.60 310 1010.4  10.7 999.0  10.5 99.0 99.00 
2024 06 19 13 20 316  9.1 11.2 99.00 99.00 99.00 999 1010.5  10.6 999.0  10.4 99.0 99.00 
2024 06 19 13 30 317  9.5 12.2 99.00 99.00 99.00 999 1010.5  10.6 999.0  10.4 99.0 99.00 
2024 06 19 13 40 319 10.1 12.7  1.39  6.67  4.61 297 1010.7  10.6 999.0  10.4 99.0 99.00 
2024 06 19 13 50 321 10.2 13.0 99.00 99.00 99.00 999 1010.7  10.5 999.0  10.4 99.0 99.00 
2024 06 19 14 00 321 10.2 12.8 99.00 99.00 99.00 999 1010.8  10.4 999.0  10.3 99.0 99.00 
2024 06 19 14 10 318 10.5 13.9  1.51  5.00  4.71 309 1011.0  10.4 999.0  10.3 99.0 99.00 
2024 06 19 14 20 317 10.1 12.7 99.00 99.00 99.00 999 1011.0  10.4 999.0  10.3 99.0 99.00 
2024 06 19 14 30 318  9.9 13.4 99.00 99.00 99.00 999 1011.1  10.3 999.0  10.3 99.0 99.00 
2024 06 19 14 40 321  9.5 11.8  1.56  5.26  4.67 308 1011.1  10.1 999.0  10.1 99.0 99.00 
2024 06 19 14 50 321  9.1 12.1 99.00 99.00 99.00 999 1011.2  10.0 999.0  10.0 99.0 99.00 
2024 06 19 15 00 323  8.7 10.7 99.00 99.00 99.00 999 1011.2   9.8 999.0   9.8 99.0 99.00 
2024 06 19 15 10 324  8.0  9.8  1.57  5.26  4.70 323 1011.4   9.8 999.0   9.8 99.0 99.00 
2024 06 19 15 20 321  8.1 10.6 99.00 99.00 99.00 999 1011.4   9.7 999.0   9.7 99.0 99.00 
2024 06 19 15 30 320  7.8  9.8 99.00 99.00 99.00 999 1011.5   9.7 999.0   9.7 99.0 99.00 
2024 06 19 15 40 317  7.5  9.4  1.46  5.56  4.62 320 1011.7   9.7 999.0   9.7 99.0 99.00 
2024 06 19 15 50 314  7.7  9.4 99.00 99.00 99.00 999 1011.8   9.6 999.0   9.6 99.0 99.00 
2024 06 19 16 00 315  8.1 10.2 99.00 99.00 99.00 999 1011.9   9.7 999.0   9.7 99.0 99.00 
2024 06 19 16 10 316  7.9  9.8  1.49  5.00  4.70 318 1012.0   9.7 999.0   9.7 99.0 99.00 
2024 06 19 16 20 313  7.9 10.7 99.00 99.00 99.00 999 1012.1   9.7 999.0   9.7 99.0 99.00 
2024 06 19 16 30 316  7.9 10.3 99.00 99.00 99.00 999 1012.2   9.7 999.0   9.7 99.0 99.00 
2024 06 19 16 40 318  8.1 10.2  1.44 13.79  4.88 285 1012.2   9.7 999.0   9.7 99.0 99.00 
2024 06 19 16 50 317  7.6  9.9 99.00 99.00 99.00 999 1012.3   9.7 999.0   9.7 99.0 99.00 
2024 06 19 17 00 316  7.9 10.0 99.00 99.00 99.00 999 1012.3   9.7 999.0   9.7 99.0 99.00 
2024 06 19 17 10 319  7.9  9.5  1.40 13.79  4.72 252 1012.2   9.6 999.0   9.6 99.0 99.00 
2024 06 19 17 20 321  7.5 10.2 99.00 99.00 99.00 999 1012.4   9.6 999.0   9.6 99.0 99.00 
2024 06 19 17 30 319  7.2  9.6 99.00 99.00 99.00 999 1012.5   9.6 999.0   9.6 99.0 99.00 
2024 06 19 17 40 319  7.3 10.1  1.35  5.56  4.58 319 1012.5   9.6 999.0   9.6 99.0 99.00 
2024 06 19 17 50 318  7.5  9.5 99.00 99.00 99.00 999 1012.6   9.7 999.0   9.7 99.0 99.00 
2024 06 19 18 00 317  6.6  8.0 99.00 99.00 99.00 999 1012.8   9.7 999.0   9.7 99.0 99.00 
2024 06 19 18 10 316  6.3  7.9  1.25 13.79  4.76 230 1012.8   9.8 999.0   9.8 99.0 99.00 
2024 06 19 18 20 317  6.5  8.9 99.00 99.00 99.00 999 1012.7   9.8 999.0   9.8 99.0 99.00 
2024 06 19 18 30 318  7.7 10.0 99.00 99.00 99.00 999 1012.8   9.9 999.0   9.9 99.0 99.00 
2024 06 19 18 40 320  7.2  8.8  1.22 14.81  4.73 249 1012.9   9.8 999.0   9.8 99.0 99.00 
2024 06 19 18 50 317  7.3  9.1 99.00 99.00 99.00 999 1013.0   9.8 999.0   9.8 99.0 99.00 
2024 06 19 19 00 320  6.8  8.7 99.00 99.00 99.00 999 1013.0   9.8 999.0   9.8 99.0 99.00 
2024 06 19 19 10 318  7.0  8.8  1.26  5.56  4.62 317 1013.0   9.9 999.0   9.9 99.0 99.00 
2024 06 19 19 20 317  6.9  8.6 99.00 99.00 99.00 999 1013.0   9.9 999.0   9.9 99.0 99.00 
2024 06 19 19 30 316  7.0  8.3 99.00 99.00 99.00 999 1013.0   9.9 999.0   9.9 99.0 99.00 
2024 06 19 19 40 314  6.7  8.8  1.20  4.76  4.52 322 1013.0  10.0 999.0  10.0 99.0 99.00 
2024 06 19 19 50 316  6.9  8.4 99.00 99.00 99.00 999 1013.0  10.0 999.0  10.0 99.0 99.00 
2024 06 19 20 00 316  7.2  9.5 99.00 99.00 99.00 999 1013.0  10.1 999.0  10.1 99.0 99.00 
2024 06 19 20 10 317  7.2  9.1  1.25  5.00  4.71 326 1013.0  10.2 999.0  10.2 99.0 99.00 
2024 06 19 20 20 317  6.7  8.7 99.00 99.00 99.00 999 1012.9  10.1 999.0  10.1 99.0 99.00 
2024 06 19 20 30 317  7.0  8.7 99.00 99.00 99.00 999 1012.8  10.2 999.0  10.2 99.0 99.00 
2024 06 19 20 40 316  7.1  9.4  1.17 13.79  4.54 174 1012.9  10.2 999.0  10.2 99.0 99.00 
2024 06 19 20 50 314  6.5  8.0 99.00 99.00 99.00 999 1013.0  10.2 999.0  10.2 99.0 99.00 
2024 06 19 21 00 313  6.8  8.6 99.00 99.00 99.00 999 1012.9  10.2 999.0  10.2 99.0 99.00 
2024 06 19 21 10 312  6.9  8.4  1.22  5.56  4.65 311 1013.0  10.3 999.0  10.3 99.0 99.00 
2024 06 19 21 20 309  6.6  8.3 99.00 99.00 99.00 999 1013.0  10.3 999.0  10.3 99.0 99.00 
2024 06 19 21 30 310  6.9  8.9 99.00 99.00 99.00 999 1012.9  10.4 999.0  10.4 99.0 99.00 
2024 06 19 21 40 311  6.4  8.4  1.14  5.56  4.70 319 1013.0  10.4 999.0  10.4 99.0 99.00 
2024 06 19 21 50 309  6.2  8.2 99.00 99.00 99.00 999 1013.0  10.5 999.0  10.5 99.0 99.00 
2024 06 19 22 00 306  5.7  7.0 99.00 99.00 99.00 999 1013.0  10.5 999.0  10.5 99.0 99.00 
2024 06 19 22 10 304  5.0  6.1  1.17 12.90  4.63 253 1013.0  10.5 999.0  10.5 99.0 99.00 
2024 06 19 22 20 299  4.8  6.2 99.00 99.00 99.00 999 1012.9  10.5 999.0  10.5 99.0 99.00 
2024 06 19 22 30 299  4.8  5.8 99.00 99.00 99.00 999 1012.8  10.5 999.0  10.4 99.0 99.00 
2024 06 19 22 40 298  4.6  5.4  1.07 13.79  4.70 274 1012.7  10.6 999.0  10.5 99.0 99.00 
2024 06 19 22 50 301  4.9  6.0 99.00 99.00 99.00 999 1012.6  10.6 999.0  10.5 99.0 99.00 
2024 06 19 23 00 300  5.2  6.1 99.00 99.00 99.00 999 1012.5  10.7 999.0  10.6 99.0 99.00 
2024 06 19 23 10 298  4.9  6.0  1.13 13.79  4.89 220 1012.5  10.8 999.0  10.7 99.0 99.00 
2024 06 19 23 20 299  4.7  5.9 99.00 99.00 99.00 999 1012.5  10.8 999.0  10.7 99.0 99.00 
2024 06 19 23 30 298  4.7  6.0 99.00 99.00 99.00 999 1012.5  10.8 999.0  10.7 99.0 99.00 
2024 06 19 23 40 298  5.0  6.5  1.08 13.79  4.88 242 1012.4  10.9 999.0  10.8 99.0 99.00 
2024 06 19 23 50 303  5.1  6.3 99.00 99.00 99.00 999 1012.4  11.0 999.0  10.8 99.0 99.00 
2024 06 20 00 00 301  5.5  6.7 99.00 99.00 99.00 999 1012.3  11.1 999.0  10.9 99.0 99.00 
2024 06 20 00 10 303  5.8  7.4  1.10 13.79  4.95 233 1012.3  11.1 999.0  10.9 99.0 99.00 
2024 06 20 00 20 303  5.8  7.0 99.00 99.00 99.00 999 1012.2  11.1 999.0  10.9 99.0 99.00 
2024 06 20 00 30 296  5.5  7.2 99.00 99.00 99.00 999 1012.2  11.1 999.0  10.9 99.0 99.00 
2024 06 20 00 40 298  5.8  8.2  0.98 13.79  4.84 179 1012.2  11.2 999.0  11.0 99.0 99.00 
2024 06 20 00 50 298  5.7  7.0 99.00 99.00 99.00 999 1012.1  11.2 999.0  11.0 99.0 99.00 
2024 06 20 01 00 295  5.6  7.7 99.00 99.00 99.00 999 1012.0  11.2 999.0  11.0 99.0 99.00 
2024 06 20 01 10 301  6.4  8.1  0.98 13.79  4.71 254 1011.9  11.3 999.0  11.1 99.0 99.00 
2024 06 20 01 20 301  6.5  8.6 99.00 99.00 99.00 999 1011.9  11.2 999.0  11.0 99.0 99.00 
2024 06 20 01 30 299  6.2  7.8 99.00 99.00 99.00 999 1011.8  11.2 999.0  11.0 99.0 99.00 
2024 06 20 01 40 299  6.7  8.5  1.06 13.79  4.81 215 1011.9  11.3 999.0  11.1 99.0 99.00 
2024 06 20 01 50 299  6.3  8.0 99.00 99.00 99.00 999 1011.9  11.2 999.0  11.0 99.0 99.00 
2024 06 20 02 00 301  6.9  8.5 99.00 99.00 99.00 999 1011.9  11.3 999.0  11.1 99.0 99.00 
2024 06 20 02 10 302  7.0  9.8  1.06 12.90  4.84 248 1011.9  11.3 999.0  11.1 99.0 99.00 
2024 06 20 02 20 305  7.1  8.9 99.00 99.00 99.00 999 1012.0  11.2 999.0  11.0 99.0 99.00 
2024 06 20 02 30 307  7.7 11.3 99.00 99.00 99.00 999 1012.1  11.2 999.0  11.0 99.0 99.00 
2024 06 20 02 40 309  8.0 11.5  1.04 16.00  4.57 131 1012.1  11.1 999.0  10.9 99.0 99.00 
2024 06 20 02 50 309  8.4 11.2 99.00 99.00 99.00 999 1012.1  11.0 999.0  10.8 99.0 99.00 
2024 06 20 03 00 310  8.6 10.3 99.00 99.00 99.00 999 1012.1  10.9 999.0  10.6 99.0 99.00 
2024 06 20 03 10 309  8.3 10.9  1.14 13.79  4.51 249 1012.1  10.8 999.0  10.5 99.0 99.00 
2024 06 20 03 20 309  8.9 12.4 99.00 99.00 99.00 999 1012.0  10.9 999.0  10.6 99.0 99.00 
2024 06 20 03 30 310  9.2 11.4 99.00 99.00 99.00 999 1011.9  10.8 999.0  10.5 99.0 99.00 
2024 06 20 03 40 309  8.3 10.7  1.16  5.00  4.46 326 1011.9  10.7 999.0  10.5 99.0 99.00 
2024 06 20 03 50 311  8.8 11.2 99.00 99.00 99.00 999 1011.9  10.6 999.0  10.4 99.0 99.00 
2024 06 20 04 00 310  9.1 11.6 99.00 99.00 99.00 999 1011.7  10.5 999.0  10.3 99.0 99.00 
2024 06 20 04 10 312  9.5 12.7  1.31  5.56  4.49 325 1011.7  10.4 999.0  10.3 99.0 99.00 
2024 06 20 04 20 312  8.1 10.8 99.00 99.00 99.00 999 1011.8  10.3 999.0  10.2 99.0 99.00 
2024 06 20 04 30 315  8.0 10.0 99.00 99.00 99.00 999 1011.8  10.3 999.0  10.3 99.0 99.00 
2024 06 20 04 40 312  7.6  9.8  1.35  5.00  4.66 315 1011.9  10.3 999.0  10.3 99.0 99.00 
2024 06 20 04 50 314  8.1 10.0 99.00 99.00 99.00 999 1012.1  10.3 999.0  10.3 99.0 99.00 
2024 06 20 05 00 313  7.9 10.0 99.00 99.00 99.00 999 1012.2  10.2 999.0  10.2 99.0 99.00 
2024 06 20 05 10 315  7.9 10.3  1.37  5.56  4.63 328 1012.3  10.2 999.0  10.2 99.0 99.00 
2024 06 20 05 20 315  7.9 10.5 99.00 99.00 99.00 999 1012.5  10.2 999.0  10.2 99.0 99.00 
2024 06 20 05 30 317  7.6  9.4 99.00 99.00 99.00 999 1012.8  10.2 999.0  10.2 99.0 99.00 
2024 06 20 05 40 317  8.3 10.4  1.29  5.56  4.53 310 1012.7  10.3 999.0  10.3 99.0 99.00 
2024 06 20 05 50 317  8.8 11.2 99.00 99.00 99.00 999 1012.7  10.4 999.0  10.4 99.0 99.00 
2024 06 20 06 00 317  8.4 11.0 99.00 99.00 99.00 999 1012.6  10.4 999.0  10.4 99.0 99.00 
2024 06 20 06 10 315  8.3 11.3  1.38  5.26  4.69 326 1012.4  10.4 999.0  10.4 99.0 99.00 
2024 06 20 06 20 315  8.3 12.2 99.00 99.00 99.00 999 1012.3  10.5 999.0  10.5 99.0 99.00 
2024 06 20 06 30 315  7.8  9.8 99.00 99.00 99.00 999 1012.3  10.4 999.0  10.4 99.0 99.00 
2024 06 20 06 40 315  7.7 10.2  1.34  5.00  4.65 318 1012.3  10.4 999.0  10.4 99.0 99.00 
2024 06 20 06 50 313  7.4  9.5 99.00 99.00 99.00 999 1012.3  10.5 999.0  10.5 99.0 99.00 
2024 06 20 07 00 313  6.9  8.8 99.00 99.00 99.00 999 1012.2  10.5 999.0  10.5 99.0 99.00 
2024 06 20 07 10 314  6.8  8.4  1.29  5.56  4.58 316 1012.5  10.4 999.0  10.4 99.0 99.00 
2024 06 20 07 20 314  7.2  9.4 99.00 99.00 99.00 999 1012.4  10.4 999.0  10.4 99.0 99.00 
2024 06 20 07 30 314  7.8  9.8 99.00 99.00 99.00 999 1012.4  10.4 999.0  10.4 99.0 99.00 
2024 06 20 07 40 316  7.8  9.4  1.19  4.76  4.47 310 1012.4  10.4 999.0  10.4 99.0 99.00 
2024 06 20 07 50 316  7.3  9.1 99.00 99.00 99.00 999 1012.2  10.2 999.0  10.2 99.0 99.00 
2024 06 20 08 00 313  6.4  7.8 99.00 99.00 99.00 999 1012.1  10.1 999.0  10.1 99.0 99.00 
2024 06 20 08 10 314  6.9  9.4  1.19 13.79  4.57 230 1012.0  10.0 999.0  10.0 99.0 99.00 
2024 06 20 08 20 312  7.7  9.5 99.00 99.00 99.00 999 1011.9   9.9 999.0   9.9 99.0 99.00 
2024 06 20 08 30 313  6.9  8.5 99.00 99.00 99.00 999 1011.8   9.8 999.0   9.8 99.0 99.00 
2024 06 20 08 40 310  7.1  8.6  1.20  4.76  4.65 313 1011.8   9.7 999.0   9.7 99.0 99.00 
2024 06 20 08 50 316  7.0  9.1 99.00 99.00 99.00 999 1011.7   9.5 999.0   9.5 99.0 99.00 
2024 06 20 09 00 311  7.8  9.4 99.00 99.00 99.00 999 1011.7   9.5 999.0   9.5 99.0 99.00 
2024 06 20 09 10 316  7.0  8.7  1.16  5.26  4.75 305 1011.7   9.4 999.0   9.4 99.0 99.00 
2024 06 20 09 20 318  7.1  9.8 99.00 99.00 99.00 999 1011.7   9.5 999.0   9.5 99.0 99.00 
2024 06 20 09 30 318  7.5  9.5 99.00 99.00 99.00 999 1011.7   9.6 999.0   9.6 99.0 99.00 
2024 06 20 09 40 318  7.3  9.2  1.20 13.79  4.85 189 1011.8   9.6 999.0   9.6 99.0 99.00 
2024 06 20 09 50 315  7.1  8.7 99.00 99.00 99.00 999 1011.8   9.6 999.0   9.6 99.0 99.00 
2024 06 20 10 00 315  7.8 10.7 99.00 99.00 99.00 999 1011.7   9.5 999.0   9.5 99.0 99.00 
2024 06 20 10 10 321  7.3  9.6  1.21 13.79  4.82 190 1011.8   9.4 999.0   9.4 99.0 99.00 
2024 06 20 10 20 318  8.0 10.0 99.00 99.00 99.00 999 1011.7   9.4 999.0   9.4 99.0 99.00 
2024 06 20 10 30 322  6.6  8.6 99.00 99.00 99.00 999 1011.7   9.3 999.0   9.3 99.0 99.00 
2024 06 20 10 40 324  7.4  9.2  1.24 13.79  4.93 187 1011.7   9.3 999.0   9.3 99.0 99.00 
2024 06 20 10 50 321  8.0 10.6 99.00 99.00 99.00 999 1011.5   9.3 999.0   9.3 99.0 99.00 
2024 06 20 11 00 325  7.5  9.7 99.00 99.00 99.00 999 1011.4   9.3 999.0   9.3 99.0 99.00 
2024 06 20 11 10 322  8.7 10.1  1.26  5.26  4.76 312 1011.4   9.4 999.0   9.4 99.0 99.00 
2024 06 20 11 20 322  7.8 10.0 99.00 99.00 99.00 999 1011.3   9.4 999.0   9.4 99.0 99.00 
2024 06 20 11 30 318  8.9 11.7 99.00 99.00 99.00 999 1011.2   9.4 999.0   9.4 99.0 99.00 
2024 06 20 11 40 324  9.7 12.3  1.30  5.56  4.86 306 1011.2   9.2 999.0   9.2 99.0 99.00 
2024 06 20 11 50 324  8.2 10.6 99.00 99.00 99.00 999 1011.1   9.1 999.0   9.1 99.0 99.00 
2024 06 20 12 00 321  9.0 11.7 99.00 99.00 99.00 999 1011.2   9.2 999.0   9.2 99.0 99.00 
2024 06 20 12 10 325  9.6 12.2  1.24  6.25  4.92 301 1011.2   9.0 999.0   9.0 99.0 99.00 
2024 06 20 12 20 324  9.1 11.5 99.00 99.00 99.00 999 1011.2   9.2 999.0   9.2 99.0 99.00 
2024 06 20 12 30 324  9.0 11.2 99.00 99.00 99.00 999 1011.4   9.3 999.0   9.3 99.0 99.00 
2024 06 20 12 40 325  9.6 12.2  1.24  6.25  4.98 307 1011.5   9.3 999.0   9.3 99.0 99.00 
2024 06 20 12 50 325  9.8 11.8 99.00 99.00 99.00 999 1011.5   9.4 999.0   9.4 99.0 99.00 
2024 06 20 13 00 328  9.4 11.3 99.00 99.00 99.00 999 1011.5   9.3 999.0   9.3 99.0 99.00 
2024 06 20 13 10 330  8.5 10.2  1.31  7.14  4.92 313 1011.6   9.2 999.0   9.2 99.0 99.00 
2024 06 20 13 20 333  8.7 10.9 99.00 99.00 99.00 999 1011.5   9.0 999.0   9.0 99.0 99.00 
2024 06 20 13 30 341  8.5 11.1 99.00 99.00 99.00 999 1011.5   8.8 999.0   8.8 99.0 99.00 
2024 06 20 13 40 350  8.2  9.7  1.46  7.14  5.14 314 1011.7   8.7 999.0   8.7 99.0 99.00 
2024 06 20 13 50 356  7.3  8.7 99.00 99.00 99.00 999 1011.8   8.7 999.0   8.7 99.0 99.00 
2024 06 20 14 00   4  6.4  8.0 99.00 99.00 99.00 999 1011.8   8.8 999.0   8.8 99.0 99.00 
2024 06 20 14 10   5  5.4  6.6  1.51  7.14  5.43 305 1011.9   8.8 999.0   8.8 99.0 99.00 
2024 06 20 14 20   2  4.2  5.4 99.00 99.00 99.00 999 1011.9   8.9 999.0   8.9 99.0 99.00 
2024 06 20 14 30 341  3.5  4.8 99.00 99.00 99.00 999 1011.9   9.1 999.0   9.1 99.0 99.00 
2024 06 20 14 40 330  6.5 10.0  1.48  6.25  5.49 307 1011.8   9.5 999.0   9.5 99.0 99.00 
2024 06 20 14 50 338  6.1  7.9 99.00 99.00 99.00 999 1011.9   9.4 999.0   9.4 99.0 99.00 
2024 06 20 15 00 333  6.3  8.1 99.00 99.00 99.00 999 1011.9   9.3 999.0   9.3 99.0 99.00 
2024 06 20 15 10 337  5.7  7.6  1.54  6.67  5.60 317 1011.9   9.2 999.0   9.2 99.0 99.00 
2024 06 20 15 20 335  6.3  7.9 99.00 99.00 99.00 999 1012.0   9.1 999.0   9.1 99.0 99.00 
2024 06 20 15 30 337  6.3  7.9 99.00 99.00 99.00 999 1012.0   9.1 999.0   9.1 99.0 99.00 
2024 06 20 15 40 335  5.2  6.6  1.52  7.14  5.56 309 1012.0   9.1 999.0   9.1 99.0 99.00 
2024 06 20 15 50 328  5.2  6.8 99.00 99.00 99.00 999 1012.0   9.0 999.0   9.0 99.0 99.00 
2024 06 20 16 00 323  5.9  7.8 99.00 99.00 99.00 999 1012.0   9.0 999.0   9.0 99.0 99.00 
2024 06 20 16 10 324  6.2  7.5  1.60  6.67  5.62 303 1012.2   9.0 999.0   9.0 99.0 99.00 
2024 06 20 16 20 327  5.5  6.8 99.00 99.00 99.00 999 1012.2   9.1 999.0   9.1 99.0 99.00 
2024 06 20 16 30 330  5.7  6.9 99.00 99.00 99.00 999 1012.3   9.0 999.0   9.0 99.0 99.00 
2024 06 20 16 40 334  5.8  7.0  1.52  6.25  5.71 302 1012.3   8.9 999.0   8.9 99.0 99.00 
2024 06 20 16 50 342  5.5  7.1 99.00 99.00 99.00 999 1012.4   8.8 999.0   8.8 99.0 99.00 
2024 06 20 17 00 345  4.9  6.3 99.00 99.00 99.00 999 1012.4   8.8 999.0   8.8 99.0 99.00 
2024 06 20 17 10 341  4.6  5.9  1.49  5.56  5.56 308 1012.5   8.9 999.0   8.9 99.0 99.00 
2024 06 20 17 20 333  5.2  7.7 99.00 99.00 99.00 999 1012.4   9.3 999.0   9.3 99.0 99.00 
2024 06 20 17 30 330  6.5  8.3 99.00 99.00 99.00 999 1012.3   9.6 999.0   9.6 99.0 99.00 
2024 06 20 17 40 330  6.4  7.6  1.59  7.14  5.58 305 1012.3   9.6 999.0   9.6 99.0 99.00 
2024 06 20 17 50 326  7.3  9.2 99.00 99.00 99.00 999 1012.2   9.7 999.0   9.7 99.0 99.00 
2024 06 20 18 00 325  8.0 10.5 99.00 99.00 99.00 999 1012.1   9.7 999.0   9.7 99.0 99.00 
2024 06 20 18 10 326  7.9  9.8  1.60  7.14  5.51 313 1012.2   9.7 999.0   9.7 99.0 99.00 
2024 06 20 18 20 326  7.9 10.0 99.00 99.00 99.00 999 1012.2   9.7 999.0   9.7 99.0 99.00 
2024 06 20 18 30 326  7.8  9.7 99.00 99.00 99.00 999 1012.2   9.7 999.0   9.7 99.0 99.00 
2024 06 20 18 40 325  8.3 10.5  1.58  7.14  5.17 309 1012.2   9.8 999.0   9.8 99.0 99.00 
2024 06 20 18 50 326  8.9 10.8 99.00 99.00 99.00 999 1012.2   9.8 999.0   9.8 99.0 99.00 
2024 06 20 19 00 326  8.6 11.2 99.00 99.00 99.00 999 1012.2   9.8 999.0   9.8 99.0 99.00 
2024 06 20 19 10 327  8.1  9.9  1.71  7.69  5.29 312 1012.1   9.8 999.0   9.8 99.0 99.00 
2024 06 20 19 20 326  8.1  9.8 99.00 99.00 99.00 999 1012.2   9.9 999.0   9.9 99.0 99.00 
2024 06 20 19 30 328  7.9  9.7 99.00 99.00 99.00 999 1012.2   9.9 999.0   9.9 99.0 99.00 
2024 06 20 19 40 327  8.3 10.3  1.68  7.14  5.47 314 1012.3  10.0 999.0  10.0 99.0 99.00 
2024 06 20 19 50 324  8.5 11.2 99.00 99.00 99.00 999 1012.3  10.1 999.0  10.1 99.0 99.00 
2024 06 20 20 00 326  8.8 10.8 99.00 99.00 99.00 999 1012.3  10.2 999.0  10.2 99.0 99.00 
2024 06 20 20 10 326  8.6 10.9  1.61  7.14  5.38 312 1012.2  10.2 999.0  10.1 99.0 99.00 
2024 06 20 20 20 325  8.7 10.7 99.00 99.00 99.00 999 1012.1  10.2 999.0  10.1 99.0 99.00 
2024 06 20 20 30 324  9.1 11.5 99.00 99.00 99.00 999 1012.0  10.3 999.0  10.2 99.0 99.00 
2024 06 20 20 40 323  9.1 11.9  1.65  6.67  5.21 312 1012.0  10.3 999.0  10.2 99.0 99.00 
2024 06 20 20 50 323  9.0 11.3 99.00 99.00 99.00 999 1012.2  10.4 999.0  10.3 99.0 99.00 
2024 06 20 21 00 324  9.1 12.3 99.00 99.00 99.00 999 1012.1  10.4 999.0  10.3 99.0 99.00 
2024 06 20 21 10 325  9.0 11.3  1.69  5.56  5.31 312 1011.9  10.4 999.0  10.3 99.0 99.00 
2024 06 20 21 20 321  9.4 11.8 99.00 99.00 99.00 999 1011.8  10.5 999.0  10.3 99.0 99.00 
2024 06 20 21 30 319  9.5 13.0 99.00 99.00 99.00 999 1011.6  10.5 999.0  10.3 99.0 99.00 
2024 06 20 21 40 321  9.9 12.8  1.80  6.25  5.30 316 1011.6  10.6 999.0  10.4 99.0 99.00 
2024 06 20 21 50 320  9.7 12.3 99.00 99.00 99.00 999 1011.5  10.7 999.0  10.5 99.0 99.00 
2024 06 20 22 00 319  9.2 11.8 99.00 99.00 99.00 999 1011.4  10.6 999.0  10.4 99.0 99.00 
2024 06 20 22 10 318  9.7 12.1  1.73  6.67  5.09 311 1011.3  10.6 999.0  10.4 99.0 99.00 
2024 06 20 22 20 319  9.7 11.8 99.00 99.00 99.00 999 1011.3  10.6 999.0  10.4 99.0 99.00 
2024 06 20 22 30 318  9.9 13.1 99.00 99.00 99.00 999 1011.2  10.6 999.0  10.4 99.0 99.00 
2024 06 20 22 40 318 10.3 12.9  1.84  5.26  5.09 319 1011.1  10.6 999.0  10.4 99.0 99.00 
2024 06 20 22 50 317 10.9 13.4 99.00 99.00 99.00 999 1011.2  10.7 999.0  10.5 99.0 99.00 
2024 06 20 23 00 315 10.7 13.1 99.00 99.00 99.00 999 1011.0  10.7 999.0  10.5 99.0 99.00 
2024 06 20 23 10 315 10.5 13.8  1.84  6.25  5.24 319 1011.0  10.7 999.0  10.5 99.0 99.00 
2024 06 20 23 20 317 10.6 13.6 99.00 99.00 99.00 999 1010.9  10.8 999.0  10.6 99.0 99.00 
2024 06 20 23 30 316 11.2 14.2 99.00 99.00 99.00 999 1010.8  10.9 999.0  10.7 99.0 99.00 
2024 06 20 23 40 315 11.9 15.4  2.01  5.88  5.21 324 1010.6  10.9 999.0  10.7 99.0 99.00 
2024 06 20 23 50 315 11.5 15.5 99.00 99.00 99.00 999 1010.6  10.9 999.0  10.7 99.0 99.00 
2024 06 21 00 00 316 12.5 16.0 99.00 99.00 99.00 999 1010.5  11.0 999.0  10.8 99.0 99.00 
2024 06 21 00 10 316 11.7 14.9  2.04  6.25  5.29 324 1010.4  10.9 999.0  10.7 99.0 99.00 
2024 06 21 00 20 314 11.9 15.4 99.00 99.00 99.00 999 1010.3  10.9 999.0  10.7 99.0 99.00 
2024 06 21 00 30 312 12.2 16.2 99.00 99.00 99.00 999 1010.2  11.0 999.0  10.8 99.0 99.00 
2024 06 21 00 40 313 12.4 15.1  2.00  5.88  5.19 323 1010.1  11.0 999.0  10.8 99.0 99.00 
2024 06 21 00 50 312 12.3 16.0 99.00 99.00 99.00 999 1010.0  10.9 999.0  10.7 99.0 99.00 
2024 06 21 01 00 313 12.3 15.3 99.00 99.00 99.00 999 1010.0  10.9 999.0  10.7 99.0 99.00 
2024 06 21 01 10 314 12.6 17.3  2.14  7.14  5.23 327 1009.9  10.9 999.0  10.7 99.0 99.00 
2024 06 21 01 20 313 13.1 16.9 99.00 99.00 99.00 999 1009.8  10.9 999.0  10.7 99.0 99.00 
2024 06 21 01 30 312 13.1 16.4 99.00 99.00 99.00 999 1009.8  10.9 999.0  10.7 99.0 99.00 
2024 06 21 01 40 313 13.0 16.5  2.34  6.25  5.44 322 1009.8  10.9 999.0  10.7 99.0 99.00 
2024 06 21 01 50 313 13.3 16.6 99.00 99.00 99.00 999 1009.8  11.0 999.0  10.8 99.0 99.00 
2024 06 21 02 00 315 13.2 16.7 99.00 99.00 99.00 999 1009.7  11.0 999.0  10.8 99.0 99.00 
2024 06 21 02 10 313 12.9 16.3  2.38  6.67  5.38 331 1009.7  11.0 999.0  10.8 99.0 99.00 
2024 06 21 02 20 314 13.3 16.9 99.00 99.00 99.00 999 1009.7  11.1 999.0  10.9 99.0 99.00 
2024 06 21 02 30 314 12.5 15.9 99.00 99.00 99.00 999 1009.6  11.0 999.0  10.8 99.0 99.00 
2024 06 21 02 40 315 12.8 16.3  2.35  5.88  5.34 327 1009.5  11.0 999.0  10.8 99.0 99.00 
2024 06 21 02 50 315 12.8 15.9 99.00 99.00 99.00 999 1009.5  11.0 999.0  10.8 99.0 99.00 
2024 06 21 03 00 314 12.7 16.7 99.00 99.00 99.00 999 1009.5  11.0 999.0  10.9 99.0 99.00 
2024 06 21 03 10 315 12.8 15.7  2.37  6.25  5.40 324 1009.5  11.0 999.0  10.8 99.0 99.00 
2024 06 21 03 20 315 12.9 16.5 99.00 99.00 99.00 999 1009.5  11.0 999.0  10.8 99.0 99.00 
2024 06 21 03 30 314 12.6 17.0 99.00 99.00 99.00 999 1009.4  10.9 999.0  10.7 99.0 99.00 
2024 06 21 03 40 315 13.3 16.5  2.25  6.25  5.32 321 1009.4  10.9 999.0  10.8 99.0 99.00 
2024 06 21 03 50 315 13.5 17.8 99.00 99.00 99.00 999 1009.3  10.9 999.0  10.8 99.0 99.00 
2024 06 21 04 00 315 13.0 16.3 99.00 99.00 99.00 999 1009.4  10.9 999.0  10.8 99.0 99.00 
2024 06 21 04 10 313 12.5 14.9  2.32  7.14  5.32 320 1009.4  10.8 999.0  10.7 99.0 99.00 
2024 06 21 04 20 314 12.7 15.8 99.00 99.00 99.00 999 1009.5  10.7 999.0  10.6 99.0 99.00 
2024 06 21 04 30 315 13.4 18.1 99.00 99.00 99.00 999 1009.5  10.7 999.0  10.6 99.0 99.00 
2024 06 21 04 40 313 12.8 16.0  2.19  6.25  5.40 329 1009.7  10.7 999.0  10.6 99.0 99.00 
2024 06 21 04 50 314 12.9 15.8 99.00 99.00 99.00 999 1009.8  10.7 999.0  10.7 99.0 99.00 
2024 06 21 05 00 314 12.8 16.0 99.00 99.00 99.00 999 1009.8  10.7 999.0  10.7 99.0 99.00 
2024 06 21 05 10 315 12.8 17.1  2.26  7.69  5.37 312 1010.0  10.7 999.0  10.7 99.0 99.00 
2024 06 21 05 20 315 12.7 15.9 99.00 99.00 99.00 999 1010.0  10.7 999.0  10.7 99.0 99.00 
2024 06 21 05 30 314 12.1 15.1 99.00 99.00 99.00 999 1010.0  10.7 999.0  10.7 99.0 99.00 
2024 06 21 05 40 316 12.3 15.2  2.13  6.25  5.35 320 1010.0  10.7 999.0  10.7 99.0 99.00 
2024 06 21 05 50 317 12.2 16.3 99.00 99.00 99.00 999 1010.0  10.6 999.0  10.6 99.0 99.00 
2024 06 21 06 00 317 12.2 15.4 99.00 99.00 99.00 999 1010.1  10.6 999.0  10.6 99.0 99.00 
2024 06 21 06 10 316 11.9 15.9  2.25  6.25  5.39 315 1010.1  10.6 999.0  10.6 99.0 99.00 
2024 06 21 06 20 317 12.1 15.1 99.00 99.00 99.00 999 1010.0  10.6 999.0  10.6 99.0 99.00 
2024 06 21 06 30 319 12.1 15.4 99.00 99.00 99.00 999 1010.0  10.6 999.0  10.6 99.0 99.00 
2024 06 21 06 40 319 11.8 14.6  2.08  6.67  5.19 316 1009.9  10.5 999.0  10.5 99.0 99.00 
2024 06 21 06 50 319 12.0 15.5 99.00 99.00 99.00 999 1009.9  10.5 999.0  10.5 99.0 99.00 
2024 06 21 07 00 318 12.3 15.8 99.00 99.00 99.00 999 1009.8  10.6 999.0  10.6 99.0 99.00 
2024 06 21 07 10 319 11.9 15.2  2.09  6.25  5.25 324 1009.7  10.6 999.0  10.6 99.0 99.00 
2024 06 21 07 20 320 12.1 15.1 99.00 99.00 99.00 999 1009.8  10.6 999.0  10.6 99.0 99.00 
2024 06 21 07 30 319 11.5 15.0 99.00 99.00 99.00 999 1009.8  10.6 999.0  10.5 99.0 99.00 
2024 06 21 07 40 320 11.8 14.6  2.19  7.14  5.42 311 1009.8  10.6 999.0  10.5 99.0 99.00 
2024 06 21 07 50 319 11.7 14.8 99.00 99.00 99.00 999 1009.8  10.6 999.0  10.5 99.0 99.00 
2024 06 21 08 00 319 11.7 16.3 99.00 99.00 99.00 999 1009.9  10.6 999.0  10.5 99.0 99.00 
2024 06 21 08 10 319 11.4 16.0  2.34  5.88  5.47 312 1009.7  10.6 999.0  10.5 99.0 99.00 
2024 06 21 08 20 320 11.7 15.4 99.00 99.00 99.00 999 1009.6  10.6 999.0  10.5 99.0 99.00 
2024 06 21 08 30 320 11.8 14.4 99.00 99.00 99.00 999 1009.5  10.6 999.0  10.5 99.0 99.00 
2024 06 21 08 40 321 11.0 13.4  2.18  7.69  5.39 313 1009.6  10.5 999.0  10.4 99.0 99.00 
2024 06 21 08 50 321 11.2 14.3 99.00 99.00 99.00 999 1009.6  10.5 999.0  10.4 99.0 99.00 
2024 06 21 09 00 321 10.9 13.2 99.00 99.00 99.00 999 1009.6  10.4 999.0  10.3 99.0 99.00 
2024 06 21 09 10 321 11.1 13.8  2.28  6.67  5.57 308 1009.6  10.4 999.0  10.3 99.0 99.00 
2024 06 21 09 20 321 11.6 14.5 99.00 99.00 99.00 999 1009.5  10.3 999.0  10.3 99.0 99.00 
2024 06 21 09 30 320 11.7 15.4 99.00 99.00 99.00 999 1009.4  10.3 999.0  10.3 99.0 99.00 
2024 06 21 09 40 321 11.6 15.0  2.38  7.14  5.72 309 1009.4  10.3 999.0  10.3 99.0 99.00 
2024 06 21 09 50 322 12.1 15.2 99.00 99.00 99.00 999 1009.2  10.3 999.0  10.3 99.0 99.00 
2024 06 21 10 00 323 11.7 15.3 99.00 99.00 99.00 999 1009.3  10.2 999.0  10.2 99.0 99.00 
2024 06 21 10 10 324 11.9 15.6  2.40  7.69  5.62 317 1009.3  10.2 999.0  10.2 99.0 99.00 
2024 06 21 10 20 324 11.8 15.2 99.00 99.00 99.00 999 1009.2  10.2 999.0  10.2 99.0 99.00 
2024 06 21 10 30 323 11.7 15.1 99.00 99.00 99.00 999 1009.2  10.2 999.0  10.2 99.0 99.00 
2024 06 21 10 40 325 11.7 15.1  2.29  7.69  5.62 313 1009.4  10.2 999.0  10.2 99.0 99.00 
2024 06 21 10 50 324 11.8 15.2 99.00 99.00 99.00 999 1009.2  10.2 999.0  10.2 99.0 99.00 
2024 06 21 11 00 322 12.0 14.8 99.00 99.00 99.00 999 1009.2  10.2 999.0  10.2 99.0 99.00 
2024 06 21 11 10 323 12.0 14.8  2.36  7.69  5.48 318 1009.2  10.2 999.0  10.2 99.0 99.00 
2024 06 21 11 20 324 11.9 15.5 99.00 99.00 99.00 999 1009.2  10.2 999.0  10.2 99.0 99.00 
2024 06 21 11 30 325 11.8 15.2 99.00 99.00 99.00 999 1009.2  10.2 999.0  10.2 99.0 99.00 
2024 06 21 11 40 326 11.7 14.8  2.28  7.69  5.52 320 1009.1  10.2 999.0  10.2 99.0 99.00 
2024 06 21 11 50 325 11.7 15.6 99.00 99.00 99.00 999 1009.2  10.2 999.0  10.2 99.0 99.00 
2024 06 21 12 00 328 11.4 14.3 99.00 99.00 99.00 999 1009.1  10.1 999.0  10.1 99.0 99.00 
2024 06 21 12 10 328 11.4 14.7  2.58  8.33  5.80 318 1009.2  10.1 999.0  10.1 99.0 99.00 
2024 06 21 12 20 330 11.2 13.7 99.00 99.00 99.00 999 1009.2  10.0 999.0  10.0 99.0 99.00 
2024 06 21 12 30 331 11.0 13.8 99.00 99.00 99.00 999 1009.2  10.0 999.0  10.0 99.0 99.00 
2024 06 21 12 40 332 11.4 13.7  2.44  8.33  5.68 307 1009.3  10.0 999.0  10.0 99.0 99.00 
2024 06 21 12 50 332 10.8 13.5 99.00 99.00 99.00 999 1009.2   9.9 999.0   9.9 99.0 99.00 
2024 06 21 13 00 333 10.5 14.0 99.00 99.00 99.00 999 1009.3   9.9 999.0   9.9 99.0 99.00 
2024 06 21 13 10 331 10.3 13.1  2.47  8.33  5.86 309 1009.5   9.9 999.0   9.9 99.0 99.00 
2024 06 21 13 20 330 10.3 13.2 99.00 99.00 99.00 999 1009.5   9.8 999.0   9.8 99.0 99.00 
2024 06 21 13 30 329  9.8 12.2 99.00 99.00 99.00 999 1009.7   9.8 999.0   9.8 99.0 99.00 
2024 06 21 13 40 328 10.0 12.2  2.22  7.69  5.59 313 1009.6   9.8 999.0   9.8 99.0 99.00 
2024 06 21 13 50 326  9.6 11.6 99.00 99.00 99.00 999 1009.6   9.7 999.0   9.7 99.0 99.00 
2024 06 21 14 00 325  9.4 11.8 99.00 99.00 99.00 999 1009.5   9.7 999.0   9.7 99.0 99.00 
2024 06 21 14 10 323  9.9 12.6  2.19  8.33  5.63 309 1009.5   9.7 999.0   9.7 99.0 99.00 
2024 06 21 14 20 323  9.9 13.0 99.00 99.00 99.00 999 1009.4   9.6 999.0   9.6 99.0 99.00 
2024 06 21 14 30 323  9.9 13.4 99.00 99.00 99.00 999 1009.5   9.6 999.0   9.6 99.0 99.00 
2024 06 21 14 40 325  9.5 11.7  2.28  8.33  5.96 308 1009.7   9.5 999.0   9.5 99.0 99.00 
2024 06 21 14 50 327  9.6 12.2 99.00 99.00 99.00 999 1009.8   9.5 999.0   9.5 99.0 99.00 
2024 06 21 15 00 330  9.7 12.0 99.00 99.00 99.00 999 1010.0   9.4 999.0   9.4 99.0 99.00 
2024 06 21 15 10 327  9.8 12.4  2.14  9.09  5.72 301 1010.0   9.3 999.0   9.3 99.0 99.00 
2024 06 21 15 20 326 10.8 13.4 99.00 99.00 99.00 999 1010.0   9.3 999.0   9.3 99.0 99.00 
2024 06 21 15 30 326 10.3 12.8 99.00 99.00 99.00 999 1010.0   9.4 999.0   9.4 99.0 99.00 
2024 06 21 15 40 328 10.7 13.3  2.23  7.69  5.67 311 1010.1   9.4 999.0   9.4 99.0 99.00 
2024 06 21 15 50 327 10.5 12.6 99.00 99.00 99.00 999 1010.1   9.3 999.0   9.3 99.0 99.00 
2024 06 21 16 00 325  9.9 11.9 99.00 99.00 99.00 999 1010.3   9.4 999.0   9.4 99.0 99.00 
2024 06 21 16 10 324  9.5 12.1  2.05  8.33  5.75 314 1010.3   9.4 999.0   9.4 99.0 99.00 
2024 06 21 16 20 327  8.9 11.1 99.00 99.00 99.00 999 1010.3   9.4 999.0   9.4 99.0 99.00 
2024 06 21 16 30 333  8.7 10.9 99.00 99.00 99.00 999 1010.3   9.3 999.0   9.3 99.0 99.00 
2024 06 21 16 40 335  7.8 10.3  2.33  8.33  6.08 302 1010.4   9.4 999.0   9.4 99.0 99.00 
2024 06 21 16 50 332  8.3 10.2 99.00 99.00 99.00 999 1010.4   9.5 999.0   9.5 99.0 99.00 
2024 06 21 17 00 329  8.3 10.3 99.00 99.00 99.00 999 1010.5   9.5 999.0   9.5 99.0 99.00 
2024 06 21 17 10 326  8.8 10.9  2.06  8.33  5.83 299 1010.3   9.5 999.0   9.5 99.0 99.00 
2024 06 21 17 20 324  8.4 11.1 99.00 99.00 99.00 999 1010.2   9.6 999.0   9.6 99.0 99.00 
2024 06 21 17 30 322  8.1 10.3 99.00 99.00 99.00 999 1010.3   9.6 999.0   9.6 99.0 99.00 
2024 06 21 17 40 322  8.5 11.1  2.05  7.69  5.87 305 1010.4   9.6 999.0   9.6 99.0 99.00 
2024 06 21 17 50 324  8.6 10.7 99.00 99.00 99.00 999 1010.3   9.6 999.0   9.6 99.0 99.00 
2024 06 21 18 00 325  8.9 10.8 99.00 99.00 99.00 999 1010.3   9.6 999.0   9.6 99.0 99.00 
2024 06 21 18 10 327  8.8 11.2  1.91  7.69  5.64 305 1010.4   9.6 999.0   9.6 99.0 99.00 
2024 06 21 18 20 332  8.2 11.2 99.00 99.00 99.00 999 1010.4   9.6 999.0   9.6 99.0 99.00 
2024 06 21 18 30 328  7.8 10.1 99.00 99.00 99.00 999 1010.4   9.7 999.0   9.7 99.0 99.00 
2024 06 21 18 40 327  7.7  9.1  1.85  8.33  5.74 302 1010.4   9.7 999.0   9.7 99.0 99.00 
2024 06 21 18 50 322  7.4  9.3 99.00 99.00 99.00 999 1010.4   9.8 999.0   9.8 99.0 99.00 
2024 06 21 19 00 324  8.3 10.4 99.00 99.00 99.00 999 1010.4   9.8 999.0   9.8 99.0 99.00 
2024 06 21 19 10 328  8.4 11.3  1.94  8.33  5.88 300 1010.5   9.7 999.0   9.7 99.0 99.00 
2024 06 21 19 20 331  7.8  9.7 99.00 99.00 99.00 999 1010.6   9.7 999.0   9.7 99.0 99.00 
2024 06 21 19 30 331  7.4  9.6 99.00 99.00 99.00 999 1010.8   9.7 999.0   9.7 99.0 99.00 
2024 06 21 19 40 327  7.7  9.5  1.67  7.69  5.63 303 1010.8   9.8 999.0   9.8 99.0 99.00 
2024 06 21 19 50 327  7.7  9.8 99.00 99.00 99.00 999 1010.8   9.9 999.0   9.9 99.0 99.00 
2024 06 21 20 00 326  7.9 10.1 99.00 99.00 99.00 999 1010.7   9.9 999.0   9.9 99.0 99.00 
2024 06 21 20 10 326  8.8 11.1  1.64  8.33  5.74 306 1010.7  10.0 999.0  10.0 99.0 99.00 
2024 06 21 20 20 326  8.6 10.8 99.00 99.00 99.00 999 1010.6  10.0 999.0  10.0 99.0 99.00 
2024 06 21 20 30 325  8.5 10.1 99.00 99.00 99.00 999 1010.6  10.0 999.0  10.0 99.0 99.00 
2024 06 21 20 40 325  8.4 10.6  1.73  9.09  5.68 295 1010.6  10.0 999.0  10.0 99.0 99.00 
2024 06 21 20 50 326  8.8 10.5 99.00 99.00 99.00 999 1010.5  10.1 999.0  10.1 99.0 99.00 
2024 06 21 21 00 326  8.3 10.2 99.00 99.00 99.00 999 1010.5  10.1 999.0  10.1 99.0 99.00 
2024 06 21 21 10 326  8.2 10.2  1.81  7.69  5.63 303 1010.5  10.2 999.0  10.2 99.0 99.00 
2024 06 21 21 20 323  8.2 10.4 99.00 99.00 99.00 999 1010.4  10.3 999.0  10.3 99.0 99.00 
2024 06 21 21 30 324  8.7 11.1 99.00 99.00 99.00 999 1010.3  10.4 999.0  10.4 99.0 99.00 
2024 06 21 21 40 323  8.7 11.2  1.71  7.69  5.48 299 1010.2  10.4 999.0  10.4 99.0 99.00 
2024 06 21 21 50 321  8.8 10.7 99.00 99.00 99.00 999 1010.1  10.5 999.0  10.5 99.0 99.00 
2024 06 21 22 00 319  9.8 12.6 99.00 99.00 99.00 999 1010.0  10.6 999.0  10.6 99.0 99.00 
2024 06 21 22 10 318  9.9 12.2  1.77  8.33  5.53 296 1009.9  10.6 999.0  10.5 99.0 99.00 
2024 06 21 22 20 318 10.1 12.7 99.00 99.00 99.00 999 1009.9  10.6 999.0  10.5 99.0 99.00 
2024 06 21 22 30 318  9.9 12.2 99.00 99.00 99.00 999 1009.8  10.6 999.0  10.5 99.0 99.00 
2024 06 21 22 40 318  9.8 12.9  1.70  8.33  5.25 303 1009.6  10.6 999.0  10.5 99.0 99.00 
2024 06 21 22 50 318 10.2 12.5 99.00 99.00 99.00 999 1009.5  10.7 999.0  10.6 99.0 99.00 
2024 06 21 23 00 317 10.3 12.6 99.00 99.00 99.00 999 1009.4  10.7 999.0  10.6 99.0 99.00 
2024 06 21 23 10 317 10.1 13.2  1.72  9.09  5.28 296 1009.4  10.7 999.0  10.6 99.0 99.00 
2024 06 21 23 20 319 10.6 13.0 99.00 99.00 99.00 999 1009.4  10.7 999.0  10.6 99.0 99.00 
2024 06 21 23 30 317 10.4 12.9 99.00 99.00 99.00 999 1009.4  10.8 999.0  10.7 99.0 99.00 
2024 06 21 23 40 316 10.2 12.6  1.84  8.33  5.35 299 1009.4  10.8 999.0  10.7 99.0 99.00 
2024 06 21 23 50 315 10.1 13.4 99.00 99.00 99.00 999 1009.4  10.8 999.0  10.7 99.0 99.00 
2024 06 22 00 00 316  9.8 12.7 99.00 99.00 99.00 999 1009.3  10.7 999.0  10.6 99.0 99.00 
2024 06 22 00 10 317 10.1 12.8  1.76  8.33  5.22 297 1009.0  10.8 999.0  10.7 99.0 99.00 
2024 06 22 00 20 317 10.3 12.6 99.00 99.00 99.00 999 1009.0  10.8 999.0  10.7 99.0 99.00 
2024 06 22 00 30 317 10.2 13.4 99.00 99.00 99.00 999 1009.0  10.8 999.0  10.7 99.0 99.00 
2024 06 22 00 40 316 10.2 12.7  2.03  8.33  5.41 286 1008.9  10.7 999.0  10.6 99.0 99.00 
2024 06 22 00 50 316 10.0 12.4 99.00 99.00 99.00 999 1008.6  10.7 999.0  10.6 99.0 99.00 
2024 06 22 01 00 314 10.5 13.0 99.00 99.00 99.00 999 1008.5  10.7 999.0  10.6 99.0 99.00 
2024 06 22 01 10 313 10.5 13.2  1.97  7.69  5.40 304 1008.4  10.7 999.0  10.6 99.0 99.00 
2024 06 22 01 20 314 10.9 13.3 99.00 99.00 99.00 999 1008.3  10.7 999.0  10.7 99.0 99.00 
2024 06 22 01 30 315 11.0 14.0 99.00 99.00 99.00 999 1008.2  10.6 999.0  10.6 99.0 99.00 
2024 06 22 01 40 313 10.4 13.0  2.03  8.33  5.42 299 1008.2  10.6 999.0  10.6 99.0 99.00 
2024 06 22 01 50 313 10.3 13.5 99.00 99.00 99.00 999 1008.3  10.6 999.0  10.6 99.0 99.00 
2024 06 22 02 00 315 10.2 13.7 99.00 99.00 99.00 999 1008.2  10.5 999.0  10.5 99.0 99.00 
2024 06 22 02 10 314 10.5 13.0  2.12  8.33  5.47 301 1008.1  10.5 999.0  10.5 99.0 99.00 
2024 06 22 02 20 316 10.2 13.2 99.00 99.00 99.00 999 1008.1  10.5 999.0  10.5 99.0 99.00 
2024 06 22 02 30 315 10.5 13.8 99.00 99.00 99.00 999 1008.1  10.6 999.0  10.6 99.0 99.00 
2024 06 22 02 40 316 10.5 13.4  2.11  7.69  5.55 320 1008.1  10.6 999.0  10.5 99.0 99.00 
2024 06 22 02 50 316 10.8 14.3 99.00 99.00 99.00 999 1008.0  10.6 999.0  10.5 99.0 99.00 
2024 06 22 03 00 317 10.5 13.4 99.00 99.00 99.00 999 1008.0  10.5 999.0  10.4 99.0 99.00 
2024 06 22 03 10 318 10.6 13.3  2.08  7.69  5.52 307 1008.1  10.5 999.0  10.5 99.0 99.00 
2024 06 22 03 20 319 10.1 12.7 99.00 99.00 99.00 999 1008.1  10.4 999.0  10.4 99.0 99.00 
2024 06 22 03 30 319 10.3 13.3 99.00 99.00 99.00 999 1008.0  10.5 999.0  10.5 99.0 99.00 
2024 06 22 03 40 320 10.4 13.4  2.17  6.25  5.38 304 1008.1  10.4 999.0  10.4 99.0 99.00 
2024 06 22 03 50 321 10.0 12.8 99.00 99.00 99.00 999 1008.1  10.4 999.0  10.4 99.0 99.00 
2024 06 22 04 00 322  9.9 13.3 99.00 99.00 99.00 999 1008.1  10.4 999.0  10.4 99.0 99.00 
2024 06 22 04 10 323  9.7 11.8  2.11  7.69  5.48 313 1008.1  10.3 999.0  10.3 99.0 99.00 
2024 06 22 04 20 322  9.6 12.4 99.00 99.00 99.00 999 1008.2  10.3 999.0  10.3 99.0 99.00 
2024 06 22 04 30 321  9.1 11.5 99.00 99.00 99.00 999 1008.2  10.3 999.0  10.3 99.0 99.00 
2024 06 22 04 40 323  9.0 11.2  2.11  8.33  5.54 301 1008.2  10.4 999.0  10.4 99.0 99.00 
2024 06 22 04 50 322  8.3 11.0 99.00 99.00 99.00 999 1008.3  10.4 999.0  10.3 99.0 99.00 
2024 06 22 05 00 323  8.2 10.6 99.00 99.00 99.00 999 1008.3  10.4 999.0  10.3 99.0 99.00 
2024 06 22 05 10 322  8.1  9.7  1.97  7.69  5.52 310 1008.3  10.5 999.0  10.4 99.0 99.00 
2024 06 22 05 20 321  8.3  9.9 99.00 99.00 99.00 999 1008.4  10.5 999.0  10.4 99.0 99.00 
2024 06 22 05 30 321  8.1 10.1 99.00 99.00 99.00 999 1008.4  10.5 999.0  10.4 99.0 99.00 
2024 06 22 05 40 320  8.0  9.7  1.86  6.25  5.34 304 1008.4  10.5 999.0  10.3 99.0 99.00 
2024 06 22 05 50 322  7.8  9.5 99.00 99.00 99.00 999 1008.4  10.5 999.0  10.3 99.0 99.00 
2024 06 22 06 00 322  7.7 10.0 99.00 99.00 99.00 999 1008.3  10.4 999.0  10.2 99.0 99.00 
2024 06 22 06 10 324  7.4  9.2  1.89  8.33  5.53 306 1008.4  10.4 999.0  10.2 99.0 99.00 
2024 06 22 06 20 325  7.2  8.7 99.00 99.00 99.00 999 1008.4  10.4 999.0  10.2 99.0 99.00 
2024 06 22 06 30 325  7.2  9.0 99.00 99.00 99.00 999 1008.2  10.4 999.0  10.2 99.0 99.00 
2024 06 22 06 40 324  7.2  9.1  1.86  8.33  5.56 307 1008.3  10.3 999.0  10.1 99.0 99.00 
2024 06 22 06 50 327  6.6  8.4 99.00 99.00 99.00 999 1008.4  10.3 999.0  10.1 99.0 99.00 
2024 06 22 07 00 330  6.2  8.0 99.00 99.00 99.00 999 1008.4  10.3 999.0  10.1 99.0 99.00 
2024 06 22 07 10 329  6.3  7.9  1.83  7.69  5.56 297 1008.4  10.3 999.0  10.1 99.0 99.00 
2024 06 22 07 20 328  6.0  7.4 99.00 99.00 99.00 999 1008.4  10.2 999.0  10.0 99.0 99.00 
2024 06 22 07 30 328  6.0  7.6 99.00 99.00 99.00 999 1008.5  10.2 999.0  10.0 99.0 99.00 
2024 06 22 07 40 326  6.4  8.1  1.92  8.33  5.75 306 1008.3  10.1 999.0   9.9 99.0 99.00 
2024 06 22 07 50 328  6.3  7.8 99.00 99.00 99.00 999 1008.4  10.1 999.0   9.9 99.0 99.00 
2024 06 22 08 00 331  6.3  7.5 99.00 99.00 99.00 999 1008.4  10.1 999.0   9.9 99.0 99.00 
2024 06 22 08 10 337  5.8  7.5  1.77  8.33  5.77 309 1008.6  10.0 999.0   9.8 99.0 99.00 
2024 06 22 08 20 341  5.0  6.0 99.00 99.00 99.00 999 1008.6   9.8 999.0   9.7 99.0 99.00 
2024 06 22 08 30 338  4.8  5.9 99.00 99.00 99.00 999 1008.5   9.7 999.0   9.6 99.0 99.00 
2024 06 22 08 40 337  4.6  5.7  1.74  7.69  5.81 285 1008.5   9.6 999.0   9.5 99.0 99.00 
2024 06 22 08 50 338  4.1  5.4 99.00 99.00 99.00 999 1008.5   9.6 999.0   9.5 99.0 99.00 
2024 06 22 09 00 337  3.6  4.8 99.00 99.00 99.00 999 1008.5   9.6 999.0   9.5 99.0 99.00 
2024 06 22 09 10 343  3.3  4.4  1.92  8.33  6.01 303 1008.5   9.5 999.0   9.5 99.0 99.00 
2024 06 22 09 20 352  2.3  3.8 99.00 99.00 99.00 999 1008.4   9.4 999.0   9.4 99.0 99.00 
2024 06 22 09 30 349  1.6  2.3 99.00 99.00 99.00 999 1008.4   9.4 999.0   9.4 99.0 99.00 
2024 06 22 09 40 337  1.5  2.6  1.59  8.33  5.68 299 1008.4   9.3 999.0   9.3 99.0 99.00 
2024 06 22 09 50 344  2.0  3.3 99.00 99.00 99.00 999 1008.3   9.4 999.0   9.4 99.0 99.00 
2024 06 22 10 00 359  1.6  2.7 99.00 99.00 99.00 999 1008.3   9.3 999.0   9.3 99.0 99.00 
2024 06 22 10 10   7  1.8  2.9  1.68  8.33  5.90 296 1008.3   9.2 999.0   9.2 99.0 99.00 
2024 06 22 10 20 359  2.6  3.9 99.00 99.00 99.00 999 1008.3   9.0 999.0   9.0 99.0 99.00 
2024 06 22 10 30   1  2.8  4.4 99.00 99.00 99.00 999 1008.3   8.9 999.0   8.9 99.0 99.00 
2024 06 22 10 40 356  2.3  3.2  1.50  8.33  6.00 298 1008.3   8.9 999.0   8.9 99.0 99.00 
2024 06 22 10 50   7  2.2  3.2 99.00 99.00 99.00 999 1008.3   9.0 999.0   9.0 99.0 99.00 
2024 06 22 11 00  32  2.5  3.4 99.00 99.00 99.00 999 1008.4   9.1 999.0   9.1 99.0 99.00 
2024 06 22 11 10  53  2.8  4.0  1.55  8.33  6.12 302 1008.3   9.1 999.0   9.1 99.0 99.00 
2024 06 22 11 20  55  3.2  4.3 99.00 99.00 99.00 999 1008.4   9.2 999.0   9.2 99.0 99.00 
2024 06 22 11 30  65  3.5  5.0 99.00 99.00 99.00 999 1008.5   9.4 999.0   9.4 99.0 99.00 
2024 06 22 11 40  73  3.0  4.8  1.44  7.69  5.82 294 1008.7   9.4 999.0   9.4 99.0 99.00 
2024 06 22 11 50  70  2.3  3.7 99.00 99.00 99.00 999 1008.9   9.5 999.0   9.5 99.0 99.00 
2024 06 22 12 00  60  2.1  3.2 99.00 99.00 99.00 999 1008.9   9.6 999.0   9.6 99.0 99.00 
2024 06 22 12 10  63  1.6  2.7  1.52  8.33  6.11 307 1009.0   9.6 999.0   9.6 99.0 99.00 
2024 06 22 12 20  68  1.4  2.5 99.00 99.00 99.00 999 1009.1   9.7 999.0   9.7 99.0 99.00 
2024 06 22 12 30  59  0.7  2.3 99.00 99.00 99.00 999 1009.2   9.7 999.0   9.7 99.0 99.00 
2024 06 22 12 40  74  0.2  0.9  1.60  7.69  6.23 304 1009.3   9.8 999.0   9.8 99.0 99.00 
2024 06 22 12 50  41  0.2  0.7 99.00 99.00 99.00 999 1009.4   9.8 999.0   9.8 99.0 99.00 
2024 06 22 13 00  43  0.6  2.0 99.00 99.00 99.00 999 1009.4   9.7 999.0   9.7 99.0 99.00 
2024 06 22 13 10  44  0.2  0.7  1.53  8.33  6.08 293 1009.5   9.8 999.0   9.8 99.0 99.00 
2024 06 22 13 20 314  0.1  0.7 99.00 99.00 99.00 999 1009.5   9.8 999.0   9.8 99.0 99.00 
2024 06 22 13 30 326  0.3  1.3 99.00 99.00 99.00 999 1009.5   9.7 999.0   9.7 99.0 99.00 
2024 06 22 13 40   3  0.2  0.9  1.38  8.33  5.84 302 1009.6   9.6 999.0   9.6 99.0 99.00 
2024 06 22 13 50 324  0.2  0.8 99.00 99.00 99.00 999 1009.6   9.6 999.0   9.6 99.0 99.00 
2024 06 22 14 00 286  0.6  1.4 99.00 99.00 99.00 999 1009.7   9.5 999.0   9.5 99.0 99.00 
2024 06 22 14 10 274  0.5  1.9  1.40  8.33  6.07 300 1009.8   9.5 999.0   9.5 99.0 99.00 
2024 06 22 14 20 274  0.6  1.8 99.00 99.00 99.00 999 1009.8   9.4 999.0   9.4 99.0 99.00 
2024 06 22 14 30 282  0.8  2.9 99.00 99.00 99.00 999 1009.8   9.4 999.0   9.4 99.0 99.00 
2024 06 22 14 40 287  1.8  2.9  1.41  7.69  6.27 293 1009.9   9.1 999.0   9.1 99.0 99.00 
2024 06 22 14 50 275  1.2  2.2 99.00 99.00 99.00 999 1009.9   9.1 999.0   9.1 99.0 99.00 
2024 06 22 15 00 307  2.1  3.2 99.00 99.00 99.00 999 1010.0   9.1 999.0   9.1 99.0 99.00 
2024 06 22 15 10 314  3.1  4.3  1.40  8.33  6.11 292 1009.9   9.1 999.0   9.1 99.0 99.00 
2024 06 22 15 20 320  3.3  4.6 99.00 99.00 99.00 999 1009.9   9.1 999.0   9.1 99.0 99.00 
2024 06 22 15 30 324  2.5  3.7 99.00 99.00 99.00 999 1010.0   9.2 999.0   9.2 99.0 99.00 
2024 06 22 15 40 320  2.2  3.0  1.38  8.33  6.15 307 1010.0   9.3 999.0   9.3 99.0 99.00 
2024 06 22 15 50 321  2.1  3.9 99.00 99.00 99.00 999 1010.0   9.3 999.0   9.3 99.0 99.00 
2024 06 22 16 00 317  3.0  4.1 99.00 99.00 99.00 999 1010.0   9.3 999.0   9.3 99.0 99.00 
2024 06 22 16 10 325  3.3  4.5  1.44  8.33  6.26 300 1010.0   9.3 999.0   9.3 99.0 99.00 
2024 06 22 16 20 330  3.7  5.0 99.00 99.00 99.00 999 1010.0   9.3 999.0   9.3 99.0 99.00 
2024 06 22 16 30 335  3.3  4.3 99.00 99.00 99.00 999 1010.0   9.4 999.0   9.4 99.0 99.00 
2024 06 22 16 40 331  2.9  4.0  1.31  7.69  6.15 295 1010.0   9.4 999.0   9.4 99.0 99.00 
2024 06 22 16 50 327  2.7  3.9 99.00 99.00 99.00 999 1010.0   9.4 999.0   9.4 99.0 99.00 
2024 06 22 17 00 320  2.8  3.9 99.00 99.00 99.00 999 1010.0   9.5 999.0   9.5 99.0 99.00 
2024 06 22 17 10 319  3.4  4.7  1.40  8.33  6.26 286 1010.1   9.5 999.0   9.5 99.0 99.00 
2024 06 22 17 20 322  3.7  4.8 99.00 99.00 99.00 999 1010.1   9.4 999.0   9.4 99.0 99.00 
2024 06 22 17 30 321  3.7  4.6 99.00 99.00 99.00 999 1010.2   9.5 999.0   9.5 99.0 99.00 
2024 06 22 17 40 327  3.7  4.9  1.46  7.69  6.39 304 1010.3   9.5 999.0   9.5 99.0 99.00 
2024 06 22 17 50 330  3.2  4.5 99.00 99.00 99.00 999 1010.5   9.5 999.0   9.5 99.0 99.00 
2024 06 22 18 00 327  2.9  3.9 99.00 99.00 99.00 999 1010.5   9.4 999.0   9.4 99.0 99.00 
2024 06 22 18 10 316  3.6  5.3  1.43  7.69  6.25 288 1010.6   9.3 999.0   9.3 99.0 99.00 
2024 06 22 18 20 326  3.5  4.8 99.00 99.00 99.00 999 1010.6   9.3 999.0   9.3 99.0 99.00 
2024 06 22 18 30 331  4.1  5.5 99.00 99.00 99.00 999 1010.6   9.2 999.0   9.2 99.0 99.00 
2024 06 22 18 40 333  4.4  5.5  1.41  8.33  6.40 308 1010.6   9.1 999.0   9.1 99.0 99.00 
2024 06 22 18 50 339  4.4  5.6 99.00 99.00 99.00 999 1010.6   9.1 999.0   9.1 99.0 99.00 
2024 06 22 19 00 345  4.0  5.1 99.00 99.00 99.00 999 1010.7   9.1 999.0   9.1 99.0 99.00 
2024 06 22 19 10 343  4.0  5.1  1.59  7.69  6.55 315 1010.7   9.1 999.0   9.1 99.0 99.00 
2024 06 22 19 20 340  3.6  4.8 99.00 99.00 99.00 999 1010.9   9.2 999.0   9.2 99.0 99.00 
2024 06 22 19 30 339  3.5  4.5 99.00 99.00 99.00 999 1010.9   9.2 999.0   9.2 99.0 99.00 
2024 06 22 19 40 342  3.2  4.3  1.58  7.69  6.64 311 1010.9   9.1 999.0   9.1 99.0 99.00 
2024 06 22 19 50 346  3.4  4.4 99.00 99.00 99.00 999 1010.9   9.1 999.0   9.1 99.0 99.00 
2024 06 22 20 00 346  3.7  4.6 99.00 99.00 99.00 999 1010.8   9.1 999.0   9.1 99.0 99.00 
2024 06 22 20 10 345  3.5  4.4  1.53  7.14  6.52 313 1010.9   9.1 999.0   9.1 99.0 99.00 
2024 06 22 20 20 344  3.2  4.3 99.00 99.00 99.00 999 1010.9   9.2 999.0   9.2 99.0 99.00 
2024 06 22 20 30 336  2.9  3.8 99.00 99.00 99.00 999 1010.9   9.4 999.0   9.4 99.0 99.00 
2024 06 22 20 40 325  3.7  5.8  1.42  7.69  6.24 312 1010.8   9.8 999.0   9.8 99.0 99.00 
2024 06 22 20 50 322  4.7  6.1 99.00 99.00 99.00 999 1010.8  10.2 999.0  10.2 99.0 99.00 
2024 06 22 21 00 320  5.3  6.6 99.00 99.00 99.00 999 1010.8  10.2 999.0  10.2 99.0 99.00 
2024 06 22 21 10 318  5.5  6.8  1.46  7.69  6.13 294 1010.8  10.3 999.0  10.3 99.0 99.00 
2024 06 22 21 20 317  5.9  7.4 99.00 99.00 99.00 999 1010.7  10.4 999.0  10.4 99.0 99.00 
2024 06 22 21 30 317  6.1  7.4 99.00 99.00 99.00 999 1010.6  10.5 999.0  10.4 99.0 99.00 
2024 06 22 21 40 317  6.7  8.2  1.72  7.69  6.23 308 1010.5  10.6 999.0  10.4 99.0 99.00 
2024 06 22 21 50 318  6.9  8.7 99.00 99.00 99.00 999 1010.4  10.7 999.0  10.3 99.0 99.00 
2024 06 22 22 00 318  7.3  8.7 99.00 99.00 99.00 999 1010.3  10.7 999.0  10.3 99.0 99.00 
2024 06 22 22 10 320  7.8  9.2  1.64  7.69  5.72 312 1010.3  10.8 999.0  10.3 99.0 99.00 
2024 06 22 22 20 321  8.0  9.6 99.00 99.00 99.00 999 1010.3  10.8 999.0  10.3 99.0 99.00 
2024 06 22 22 30 322  7.8  9.5 99.00 99.00 99.00 999 1010.3  10.8 999.0  10.3 99.0 99.00 
2024 06 22 22 40 322  8.0  9.8  1.69  7.14  5.69 307 1010.1  10.8 999.0  10.3 99.0 99.00 
2024 06 22 22 50 322  8.6 10.8 99.00 99.00 99.00 999 1010.0  10.9 999.0  10.4 99.0 99.00 
2024 06 22 23 00 322  8.5 10.2 99.00 99.00 99.00 999 1009.9  11.0 999.0  10.4 99.0 99.00 
2024 06 22 23 10 321  8.4 10.2  1.77  7.69  5.50 309 1010.0  11.0 999.0  10.3 99.0 99.00 
2024 06 22 23 20 321  8.3 10.3 99.00 99.00 99.00 999 1009.9  11.0 999.0  10.3 99.0 99.00 
2024 06 22 23 30 321  8.7 10.6 99.00 99.00 99.00 999 1009.7  11.1 999.0  10.4 99.0 99.00 
2024 06 22 23 40 319  8.7 10.8  1.69  8.33  5.35 306 1009.6  11.1 999.0  10.4 99.0 99.00 
2024 06 22 23 50 319  8.8 11.0 99.00 99.00 99.00 999 1009.5  11.1 999.0  10.4 99.0 99.00 
2024 06 23 00 00 320  8.8 10.5 99.00 99.00 99.00 999 1009.5  11.1 999.0  10.4 99.0 99.00 
2024 06 23 00 10 320  8.8 11.1  1.85  7.69  5.56 295 1009.5  11.2 999.0  10.5 99.0 99.00 
2024 06 23 00 20 322  8.5 10.3 99.00 99.00 99.00 999 1009.5  11.2 999.0  10.5 99.0 99.00 
2024 06 23 00 30 321  8.2 10.3 99.00 99.00 99.00 999 1009.4  11.3 999.0  10.5 99.0 99.00 
2024 06 23 00 40 321  7.8  9.4  1.77  8.33  5.37 296 1009.3  11.3 999.0  10.5 99.0 99.00 
2024 06 23 00 50 320  7.8  9.4 99.00 99.00 99.00 999 1009.3  11.3 999.0  10.5 99.0 99.00 
2024 06 23 01 00 321  7.7  9.6 99.00 99.00 99.00 999 1009.3  11.4 999.0  10.5 99.0 99.00 
2024 06 23 01 10 321  7.8  9.8  1.82  8.33  5.47 300 1009.2  11.4 999.0  10.4 99.0 99.00 
2024 06 23 01 20 322  7.7 10.0 99.00 99.00 99.00 999 1009.1  11.5 999.0  10.4 99.0 99.00 
2024 06 23 01 30 320  7.9  9.5 99.00 99.00 99.00 999 1009.0  11.5 999.0  10.4 99.0 99.00 
2024 06 23 01 40 318  8.0  9.9  1.95  8.33  5.57 293 1009.0  11.6 999.0  10.4 99.0 99.00 
2024 06 23 01 50 318  8.1 10.1 99.00 99.00 99.00 999 1008.9  11.6 999.0  10.3 99.0 99.00 
2024 06 23 02 00 319  7.8  9.4 99.00 99.00 99.00 999 1009.0  11.7 999.0  10.3 99.0 99.00 
2024 06 23 02 10 317  7.6  9.2  1.90  7.69  5.61 302 1009.0  11.7 999.0  10.4 99.0 99.00 
2024 06 23 02 20 321  7.1  9.0 99.00 99.00 99.00 999 1009.1  11.6 999.0  10.3 99.0 99.00 
2024 06 23 02 30 320  7.1  8.5 99.00 99.00 99.00 999 1009.1  11.6 999.0  10.3 99.0 99.00 
2024 06 23 02 40 322  6.9  8.4  1.80  8.33  5.59 299 1009.2  11.6 999.0  10.3 99.0 99.00 
2024 06 23 02 50 322  6.8  8.6 99.00 99.00 99.00 999 1009.3  11.6 999.0  10.3 99.0 99.00 
2024 06 23 03 00 318  7.2  8.8 99.00 99.00 99.00 999 1009.2  11.7 999.0  10.4 99.0 99.00 
2024 06 23 03 10 318  7.3  9.1  1.90  8.33  5.62 291 1009.1  11.6 999.0  10.3 99.0 99.00 
2024 06 23 03 20 319  7.3  8.9 99.00 99.00 99.00 999 1009.2  11.6 999.0  10.4 99.0 99.00 
2024 06 23 03 30 319  7.0  8.5 99.00 99.00 99.00 999 1009.2  11.5 999.0  10.4 99.0 99.00 
2024 06 23 03 40 320  6.8  8.2  1.98  8.33  5.85 298 1009.2  11.5 999.0  10.4 99.0 99.00 
2024 06 23 03 50 319  6.9  9.0 99.00 99.00 99.00 999 1009.2  11.5 999.0  10.4 99.0 99.00 
2024 06 23 04 00 320  6.9  8.7 99.00 99.00 99.00 999 1009.3  11.5 999.0  10.4 99.0 99.00 
2024 06 23 04 10 324  6.8  8.1  1.97  7.69  5.86 301 1009.3  11.5 999.0  10.4 99.0 99.00 
2024 06 23 04 20 323  6.9  8.4 99.00 99.00 99.00 999 1009.4  11.5 999.0  10.4 99.0 99.00 
2024 06 23 04 30 327  7.0  8.3 99.00 99.00 99.00 999 1009.5  11.6 999.0  10.4 99.0 99.00 
2024 06 23 04 40 329  7.3  9.1  1.81  8.33  5.60 295 1009.5  11.6 999.0  10.3 99.0 99.00 
2024 06 23 04 50 329  7.7  9.3 99.00 99.00 99.00 999 1009.6  11.5 999.0  10.3 99.0 99.00 
2024 06 23 05 00 328  8.2  9.8 99.00 99.00 99.00 999 1009.6  11.5 999.0  10.4 99.0 99.00 
2024 06 23 05 10 330  7.9  9.7  1.88  8.33  5.65 301 1009.8  11.4 999.0  10.3 99.0 99.00 
2024 06 23 05 20 331  7.5  9.7 99.00 99.00 99.00 999 1010.0  11.3 999.0  10.2 99.0 99.00 
2024 06 23 05 30 333  7.3  9.2 99.00 99.00 99.00 999 1010.0  11.3 999.0  10.2 99.0 99.00 
2024 06 23 05 40 331  7.6  9.5  1.96  8.33  5.66 293 1010.0  11.2 999.0  10.1 99.0 99.00 
2024 06 23 05 50 329  7.3  8.6 99.00 99.00 99.00 999 1010.0  11.1 999.0  10.1 99.0 99.00 
2024 06 23 06 00 327  7.5  9.4 99.00 99.00 99.00 999 1009.9  11.1 999.0  10.1 99.0 99.00 
2024 06 23 06 10 324  7.8  9.4  1.95  8.33  5.76 298 1009.9  11.1 999.0  10.2 99.0 99.00 
2024 06 23 06 20 327  7.5  8.9 99.00 99.00 99.00 999 1009.9  11.1 999.0  10.3 99.0 99.00 
2024 06 23 06 30 326  7.5  9.1 99.00 99.00 99.00 999 1010.0  11.1 999.0  10.3 99.0 99.00 
2024 06 23 06 40 329  7.3  9.0  1.89  8.33  5.79 302 1010.0  11.1 999.0  10.3 99.0 99.00 
2024 06 23 06 50 326  7.5  9.2 99.00 99.00 99.00 999 1009.9  11.1 999.0  10.3 99.0 99.00 
2024 06 23 07 00 329  7.1  9.0 99.00 99.00 99.00 999 1009.9  11.1 999.0  10.4 99.0 99.00 
2024 06 23 07 10 327  7.0  8.5  1.76  8.33  5.60 303 1009.9  11.1 999.0  10.4 99.0 99.00 
2024 06 23 07 20 328  6.8  8.3 99.00 99.00 99.00 999 1009.8  11.1 999.0  10.4 99.0 99.00 
2024 06 23 07 30 329  7.0  8.6 99.00 99.00 99.00 999 1009.8  11.1 999.0  10.4 99.0 99.00 
2024 06 23 07 40 330  7.1  8.5  1.82  8.33  5.67 302 1009.8  11.1 999.0  10.5 99.0 99.00 
2024 06 23 07 50 327  7.5  9.4 99.00 99.00 99.00 999 1009.7  11.1 999.0  10.6 99.0 99.00 
2024 06 23 08 00 328  7.3  9.2 99.00 99.00 99.00 999 1009.9  11.0 999.0  10.5 99.0 99.00 
2024 06 23 08 10 330  7.1  9.5  1.89  8.33  5.86 302 1009.8  10.9 999.0  10.4 99.0 99.00 
2024 06 23 08 20 332  7.2  8.6 99.00 99.00 99.00 999 1009.9  10.9 999.0  10.4 99.0 99.00 
2024 06 23 08 30 335  6.5  8.1 99.00 99.00 99.00 999 1010.0  10.8 999.0  10.4 99.0 99.00 
2024 06 23 08 40 333  6.6  8.0  1.81  7.69  5.71 306 1010.1  10.7 999.0  10.3 99.0 99.00 
2024 06 23 08 50 337  5.8  7.5 99.00 99.00 99.00 999 1010.2  10.6 999.0  10.2 99.0 99.00 
2024 06 23 09 00 334  5.9  7.4 99.00 99.00 99.00 999 1010.1  10.6 999.0  10.2 99.0 99.00 
2024 06 23 09 10 329  6.5  8.1  1.75  8.33  5.70 308 1010.0  10.6 999.0  10.2 99.0 99.00 
2024 06 23 09 20 330  6.5  7.8 99.00 99.00 99.00 999 1010.0  10.6 999.0  10.3 99.0 99.00 
2024 06 23 09 30 332  6.3  8.0 99.00 99.00 99.00 999 1010.1  10.6 999.0  10.4 99.0 99.00 
2024 06 23 09 40 331  6.1  7.9  1.70  7.69  5.51 313 1010.1  10.6 999.0  10.4 99.0 99.00 
2024 06 23 09 50 328  6.2  8.0 99.00 99.00 99.00 999 1010.2  10.5 999.0  10.3 99.0 99.00 
2024 06 23 10 00 323  6.6  8.1 99.00 99.00 99.00 999 1010.3  10.6 999.0  10.4 99.0 99.00 
2024 06 23 10 10 317  7.5  8.9  1.61  7.69  5.58 299 1010.1  10.6 999.0  10.5 99.0 99.00 
2024 06 23 10 20 319  7.9  9.8 99.00 99.00 99.00 999 1010.2  10.5 999.0  10.4 99.0 99.00 
2024 06 23 10 30 317  8.4 10.3 99.00 99.00 99.00 999 1010.1  10.5 999.0  10.4 99.0 99.00 
2024 06 23 10 40 318  8.8 11.2  1.67  7.69  5.43 301 1010.2  10.4 999.0  10.3 99.0 99.00 
2024 06 23 10 50 324  8.9 11.0 99.00 99.00 99.00 999 1010.4  10.4 999.0  10.4 99.0 99.00 
2024 06 23 11 00 328  8.4 10.5 99.00 99.00 99.00 999 1010.5  10.3 999.0  10.3 99.0 99.00 
2024 06 23 11 10 326  8.5 10.8  1.65  7.14  5.26 297 1010.5  10.3 999.0  10.3 99.0 99.00 
2024 06 23 11 20 325  8.5 10.4 99.00 99.00 99.00 999 1010.5  10.2 999.0  10.2 99.0 99.00 
2024 06 23 11 30 326  8.3 10.1 99.00 99.00 99.00 999 1010.5  10.2 999.0  10.2 99.0 99.00 
2024 06 23 11 40 323  8.2  9.8  1.69  7.69  5.31 308 1010.4  10.2 999.0  10.2 99.0 99.00 
2024 06 23 11 50 324  8.3 10.3 99.00 99.00 99.00 999 1010.6  10.2 999.0  10.2 99.0 99.00 
2024 06 23 12 00 325  8.5 10.8 99.00 99.00 99.00 999 1010.4  10.1 999.0  10.1 99.0 99.00 
2024 06 23 12 10 325  8.8 11.0  1.65  7.14  5.35 304 1010.5  10.1 999.0  10.1 99.0 99.00 
2024 06 23 12 20 326  9.3 11.3 99.00 99.00 99.00 999 1010.6  10.0 999.0  10.0 99.0 99.00 
2024 06 23 12 30 326  9.0 11.6 99.00 99.00 99.00 999 1010.7  10.0 999.0  10.0 99.0 99.00 
2024 06 23 12 40 322  8.7 10.5  1.64  7.69  5.12 304 1010.7   9.9 999.0   9.9 99.0 99.00 
2024 06 23 12 50 323  8.8 10.6 99.00 99.00 99.00 999 1010.8   9.7 999.0   9.7 99.0 99.00 
2024 06 23 13 00 325  8.2 10.0 99.00 99.00 99.00 999 1010.9   9.6 999.0   9.6 99.0 99.00 
2024 06 23 13 10 327  7.7  9.1  1.65  7.14  5.39 312 1011.1   9.7 999.0   9.7 99.0 99.00 
2024 06 23 13 20 330  7.7  9.2 99.00 99.00 99.00 999 1011.2   9.7 999.0   9.7 99.0 99.00 
2024 06 23 13 30 332  7.1  8.7 99.00 99.00 99.00 999 1011.4   9.6 999.0   9.6 99.0 99.00 
2024 06 23 13 40 334  7.0  8.3  1.55  7.69  5.40 302 1011.5   9.7 999.0   9.7 99.0 99.00 
2024 06 23 13 50 330  6.8  8.4 99.00 99.00 99.00 999 1011.6   9.8 999.0   9.8 99.0 99.00 
2024 06 23 14 00 328  6.4  8.2 99.00 99.00 99.00 999 1011.7   9.9 999.0   9.9 99.0 99.00 
2024 06 23 14 10 330  5.6  7.2  1.58  7.69  5.44 306 1011.9   9.9 999.0   9.9 99.0 99.00 
2024 06 23 14 20 324  5.9  7.6 99.00 99.00 99.00 999 1011.9  10.0 999.0  10.0 99.0 99.00 
2024 06 23 14 30 321  6.5  8.1 99.00 99.00 99.00 999 1011.9  10.0 999.0  10.0 99.0 99.00 
2024 06 23 14 40 322  6.6  8.3  1.46  7.69  5.47 300 1011.9   9.9 999.0   9.9 99.0 99.00 
2024 06 23 14 50 325  6.7  8.5 99.00 99.00 99.00 999 1012.0   9.9 999.0   9.9 99.0 99.00 
2024 06 23 15 00 326  6.9  8.5 99.00 99.00 99.00 999 1012.0   9.9 999.0   9.9 99.0 99.00 
2024 06 23 15 10 332  6.7  8.2  1.45  7.69  5.29 304 1012.2   9.9 999.0   9.9 99.0 99.00 
2024 06 23 15 20 331  6.5  8.4 99.00 99.00 99.00 999 1012.2   9.9 999.0   9.9 99.0 99.00 
2024 06 23 15 30 330  6.7  7.9 99.00 99.00 99.00 999 1012.4   9.9 999.0   9.9 99.0 99.00 
2024 06 23 15 40 325  6.7  8.1  1.47  7.14  5.36 302 1012.5   9.9 999.0   9.9 99.0 99.00 
2024 06 23 15 50 320  6.6  8.6 99.00 99.00 99.00 999 1012.7  10.1 999.0  10.1 99.0 99.00 
2024 06 23 16 00 315  6.5  7.8 99.00 99.00 99.00 999 1012.7  10.1 999.0  10.1 99.0 99.00 
2024 06 23 16 10 312  6.7  8.1  1.20  7.69  5.22 306 1012.6  10.1 999.0  10.1 99.0 99.00 
2024 06 23 16 20 311  7.0  8.4 99.00 99.00 99.00 999 1012.7  10.2 999.0  10.2 99.0 99.00 
2024 06 23 16 30 316  6.4  8.5 99.00 99.00 99.00 999 1012.8  10.2 999.0  10.2 99.0 99.00 
2024 06 23 16 40 314  6.3  7.9  1.47  7.69  5.79 313 1012.7  10.2 999.0  10.2 99.0 99.00 
2024 06 23 16 50 317  6.0  7.6 99.00 99.00 99.00 999 1012.7  10.2 999.0  10.2 99.0 99.00 
2024 06 23 17 00 319  6.0  7.0 99.00 99.00 99.00 999 1012.7  10.2 999.0  10.2 99.0 99.00 
2024 06 23 17 10 320  5.8  7.4  1.26  7.14  5.34 307 1012.8  10.3 999.0  10.3 99.0 99.00 
2024 06 23 17 20 316  6.3  8.5 99.00 99.00 99.00 999 1012.8  10.3 999.0  10.3 99.0 99.00 
2024 06 23 17 30 318  7.3  9.1 99.00 99.00 99.00 999 1012.8  10.3 999.0  10.3 99.0 99.00 
2024 06 23 17 40 320  6.8  9.3  1.47  7.14  5.49 302 1013.0  10.3 999.0  10.3 99.0 99.00 
2024 06 23 17 50 320  6.2  7.4 99.00 99.00 99.00 999 1012.9  10.3 999.0  10.3 99.0 99.00 
2024 06 23 18 00 321  6.6  8.1 99.00 99.00 99.00 999 1012.8  10.3 999.0  10.3 99.0 99.00 
2024 06 23 18 10 322  6.5  7.9  1.42  7.69  5.58 314 1012.9  10.3 999.0  10.3 99.0 99.00 
2024 06 23 18 20 324  6.7  8.0 99.00 99.00 99.00 999 1013.0  10.3 999.0  10.3 99.0 99.00 
2024 06 23 18 30 326  6.9  8.4 99.00 99.00 99.00 999 1013.1  10.3 999.0  10.3 99.0 99.00 
2024 06 23 18 40 327  6.9  9.1  1.53  7.69  5.77 317 1013.1  10.4 999.0  10.4 99.0 99.00 
2024 06 23 18 50 330  6.8  8.4 99.00 99.00 99.00 999 1013.1  10.4 999.0  10.4 99.0 99.00 
2024 06 23 19 00 331  6.9  8.3 99.00 99.00 99.00 999 1013.2  10.5 999.0  10.5 99.0 99.00 
2024 06 23 19 10 331  6.7  8.4  1.53  8.33  5.93 315 1013.2  10.5 999.0  10.5 99.0 99.00 
2024 06 23 19 20 331  6.5  7.9 99.00 99.00 99.00 999 1013.3  10.6 999.0  10.5 99.0 99.00 
2024 06 23 19 30 329  6.4  7.7 99.00 99.00 99.00 999 1013.2  10.6 999.0  10.5 99.0 99.00 
2024 06 23 19 40 325  6.8  8.1  1.51  8.33  5.90 317 1013.2  10.7 999.0  10.6 99.0 99.00 
2024 06 23 19 50 324  7.0  8.5 99.00 99.00 99.00 999 1013.2  10.7 999.0  10.6 99.0 99.00 
2024 06 23 20 00 318  7.3  9.0 99.00 99.00 99.00 999 1013.1  10.7 999.0  10.6 99.0 99.00 
2024 06 23 20 10 319  7.5  9.1  1.72  7.69  5.91 316 1012.9  10.7 999.0  10.6 99.0 99.00 
2024 06 23 20 20 320  7.4  8.9 99.00 99.00 99.00 999 1012.9  10.7 999.0  10.6 99.0 99.00 
2024 06 23 20 30 320  7.2  9.0 99.00 99.00 99.00 999 1012.9  10.7 999.0  10.5 99.0 99.00 
2024 06 23 20 40 320  7.2  8.6  1.62  7.69  5.92 321 1012.9  10.8 999.0  10.6 99.0 99.00 
2024 06 23 20 50 319  7.4  8.7 99.00 99.00 99.00 999 1012.9  10.8 999.0  10.6 99.0 99.00 
2024 06 23 21 00 320  7.4  8.9 99.00 99.00 99.00 999 1012.8  10.8 999.0  10.6 99.0 99.00 
2024 06 23 21 10 320  7.6  9.0  1.54  7.69  5.77 318 1012.7  10.8 999.0  10.6 99.0 99.00 
2024 06 23 21 20 319  7.9 10.3 99.00 99.00 99.00 999 1012.7  10.8 999.0  10.6 99.0 99.00 
2024 06 23 21 30 317  8.1 10.1 99.00 99.00 99.00 999 1012.6  10.9 999.0  10.6 99.0 99.00 
2024 06 23 21 40 317  8.4 10.0  1.63  8.33  5.92 319 1012.5  10.9 999.0  10.5 99.0 99.00 
2024 06 23 21 50 314  8.8 10.2 99.00 99.00 99.00 999 1012.4  11.0 999.0  10.6 99.0 99.00 
2024 06 23 22 00 315  8.6 10.3 99.00 99.00 99.00 999 1012.3  11.0 999.0  10.6 99.0 99.00 
2024 06 23 22 10 315  8.6 10.8  1.67  7.69  5.75 315 1012.3  11.0 999.0  10.6 99.0 99.00 
2024 06 23 22 20 316  8.5 10.0 99.00 99.00 99.00 999 1012.2  11.0 999.0  10.6 99.0 99.00 
2024 06 23 22 30 318  7.7  9.4 99.00 99.00 99.00 999 1012.2  11.0 999.0  10.6 99.0 99.00 
2024 06 23 22 40 316  8.1 10.1  1.82  8.33  5.79 318 1012.0  11.0 999.0  10.5 99.0 99.00 
2024 06 23 22 50 316  8.2 10.2 99.00 99.00 99.00 999 1011.9  11.0 999.0  10.5 99.0 99.00 
2024 06 23 23 00 315  8.2  9.6 99.00 99.00 99.00 999 1011.8  11.0 999.0  10.5 99.0 99.00 
2024 06 23 23 10 313  8.2  9.7  1.63  8.33  5.49 310 1011.9  11.1 999.0  10.6 99.0 99.00 
2024 06 23 23 20 313  8.1 10.2 99.00 99.00 99.00 999 1011.7  11.1 999.0  10.6 99.0 99.00 
2024 06 23 23 30 312  8.5 10.2 99.00 99.00 99.00 999 1011.7  11.1 999.0  10.6 99.0 99.00 
2024 06 23 23 40 313  8.2 10.4  1.74  7.69  5.53 318 1011.6  11.1 999.0  10.6 99.0 99.00 
2024 06 23 23 50 313  8.3  9.9 99.00 99.00 99.00 999 1011.6  11.2 999.0  10.7 99.0 99.00 
2024 06 24 00 00 316  8.1 10.4 99.00 99.00 99.00 999 1011.5  11.2 999.0  10.7 99.0 99.00 
2024 06 24 00 10 316  8.4 10.3  1.80  7.69  5.59 318 1011.4  11.2 999.0  10.7 99.0 99.00 
2024 06 24 00 20 318  8.5 10.4 99.00 99.00 99.00 999 1011.3  11.2 999.0  10.6 99.0 99.00 
2024 06 24 00 30 320  8.2 10.1 99.00 99.00 99.00 999 1011.2  11.2 999.0  10.5 99.0 99.00 
2024 06 24 00 40 322  7.9  9.8  1.77  7.14  5.41 316 1011.2  11.3 999.0  10.6 99.0 99.00 
2024 06 24 00 50 321  8.1 10.1 99.00 99.00 99.00 999 1011.1  11.3 999.0  10.6 99.0 99.00 
2024 06 24 01 00 317  8.1 10.5 99.00 99.00 99.00 999 1011.0  11.3 999.0  10.6 99.0 99.00 
2024 06 24 01 10 314  8.5 10.6  1.81  8.33  5.32 313 1010.9  11.3 999.0  10.6 99.0 99.00 
2024 06 24 01 20 314  8.6 10.7 99.00 99.00 99.00 999 1011.0  11.3 999.0  10.6 99.0 99.00 
2024 06 24 01 30 314  8.3 10.0 99.00 99.00 99.00 999 1011.0  11.3 999.0  10.6 99.0 99.00 
2024 06 24 01 40 313  8.5 10.9  1.75  7.69  5.45 317 1010.9  11.3 999.0  10.6 99.0 99.00 
2024 06 24 01 50 311  8.7 10.8 99.00 99.00 99.00 999 1010.9  11.3 999.0  10.6 99.0 99.00 
2024 06 24 02 00 312  8.5 10.5 99.00 99.00 99.00 999 1010.9  11.3 999.0  10.6 99.0 99.00 
2024 06 24 02 10 314  8.4 10.1  1.83  8.33  5.53 315 1010.9  11.3 999.0  10.6 99.0 99.00 
2024 06 24 02 20 311  8.7 11.1 99.00 99.00 99.00 999 1010.9  11.3 999.0  10.6 99.0 99.00 
2024 06 24 02 30 313  8.4 10.4 99.00 99.00 99.00 999 1010.9  11.3 999.0  10.6 99.0 99.00 
2024 06 24 02 40 314  8.4 11.5  1.78  7.69  5.46 315 1010.9  11.3 999.0  10.6 99.0 99.00 
2024 06 24 02 50 313  8.3  9.8 99.00 99.00 99.00 999 1010.9  11.3 999.0  10.5 99.0 99.00 
2024 06 24 03 00 313  8.1 11.2 99.00 99.00 99.00 999 1010.9  11.3 999.0  10.6 99.0 99.00 
2024 06 24 03 10 313  8.1 10.3  1.85  7.69  5.56 310 1010.8  11.2 999.0  10.5 99.0 99.00 
2024 06 24 03 20 313  7.9  9.7 99.00 99.00 99.00 999 1010.9  11.3 999.0  10.6 99.0 99.00 
2024 06 24 03 30 314  7.4  9.0 99.00 99.00 99.00 999 1010.9  11.2 999.0  10.5 99.0 99.00 
2024 06 24 03 40 313  7.9 10.2  1.82  7.69  5.56 317 1010.9  11.2 999.0  10.5 99.0 99.00 
2024 06 24 03 50 313  7.9 10.1 99.00 99.00 99.00 999 1010.9  11.3 999.0  10.5 99.0 99.00 
2024 06 24 04 00 314  8.1 10.1 99.00 99.00 99.00 999 1010.9  11.2 999.0  10.4 99.0 99.00 
2024 06 24 04 10 316  7.9 10.3  1.89  8.33  5.72 315 1011.0  11.2 999.0  10.5 99.0 99.00 
2024 06 24 04 20 315  7.6  9.7 99.00 99.00 99.00 999 1011.0  11.2 999.0  10.5 99.0 99.00 
2024 06 24 04 30 314  7.6  9.9 99.00 99.00 99.00 999 1011.1  11.1 999.0  10.4 99.0 99.00 
2024 06 24 04 40 314  7.7  9.6  1.98  8.33  5.91 309 1011.2  11.1 999.0  10.4 99.0 99.00 
2024 06 24 04 50 315  7.4  9.4 99.00 99.00 99.00 999 1011.3  11.1 999.0  10.4 99.0 99.00 
2024 06 24 05 00 314  7.2  9.2 99.00 99.00 99.00 999 1011.3  11.1 999.0  10.4 99.0 99.00 
2024 06 24 05 10 314  7.3  8.9  1.95  8.33  5.83 311 1011.3  11.1 999.0  10.4 99.0 99.00 
2024 06 24 05 20 314  7.0  8.9 99.00 99.00 99.00 999 1011.3  11.1 999.0  10.4 99.0 99.00 
2024 06 24 05 30 310  7.6  9.7 99.00 99.00 99.00 999 1011.2  11.1 999.0  10.4 99.0 99.00 
2024 06 24 05 40 313  7.8  9.7  2.00  8.33  6.00 313 1011.2  11.0 999.0  10.3 99.0 99.00 
2024 06 24 05 50 312  7.3  9.5 99.00 99.00 99.00 999 1011.3  11.0 999.0  10.3 99.0 99.00 
2024 06 24 06 00 315  6.9  8.6 99.00 99.00 99.00 999 1011.3  11.0 999.0  10.3 99.0 99.00 
2024 06 24 06 10 314  7.4  9.4  1.98  8.33  6.11 307 1011.3  10.9 999.0  10.2 99.0 99.00 
2024 06 24 06 20 314  7.5  9.6 99.00 99.00 99.00 999 1011.2  10.9 999.0  10.2 99.0 99.00 
2024 06 24 06 30 312  7.5  9.3 99.00 99.00 99.00 999 1011.4  10.9 999.0  10.2 99.0 99.00 
2024 06 24 06 40 316  7.7  9.8  1.94  8.33  6.04 311 1011.2  10.9 999.0  10.2 99.0 99.00 
2024 06 24 06 50 317  7.7  9.5 99.00 99.00 99.00 999 1011.3  10.9 999.0  10.2 99.0 99.00 
2024 06 24 07 00 319  7.5  9.1 99.00 99.00 99.00 999 1011.3  10.8 999.0  10.1 99.0 99.00 
2024 06 24 07 10 319  7.7 10.0  2.04  8.33  6.26 311 1011.3  10.8 999.0  10.1 99.0 99.00 
2024 06 24 07 20 318  7.3  9.2 99.00 99.00 99.00 999 1011.3  10.7 999.0  10.0 99.0 99.00 
2024 06 24 07 30 316  7.3  8.8 99.00 99.00 99.00 999 1011.3  10.7 999.0  10.1 99.0 99.00 
2024 06 24 07 40 317  7.4  9.4  1.94  8.33  6.07 310 1011.2  10.7 999.0  10.1 99.0 99.00 
2024 06 24 07 50 316  7.6  9.3 99.00 99.00 99.00 999 1011.2  10.6 999.0  10.1 99.0 99.00 
2024 06 24 08 00 318  6.9  9.0 99.00 99.00 99.00 999 1011.3  10.6 999.0  10.1 99.0 99.00 
2024 06 24 08 10 319  6.6  8.3  2.13 12.90  6.42 302 1011.4  10.6 999.0  10.1 99.0 99.00 
2024 06 24 08 20 319  6.7  8.5 99.00 99.00 99.00 999 1011.4  10.6 999.0  10.1 99.0 99.00 
2024 06 24 08 30 321  6.4  7.9 99.00 99.00 99.00 999 1011.4  10.5 999.0  10.0 99.0 99.00 
2024 06 24 08 40 317  6.7  8.3  1.99 12.12  6.62 298 1011.4  10.5 999.0  10.0 99.0 99.00 
2024 06 24 08 50 318  6.7  8.4 99.00 99.00 99.00 999 1011.4  10.5 999.0  10.0 99.0 99.00 
2024 06 24 09 00 318  6.4  7.9 99.00 99.00 99.00 999 1011.4  10.5 999.0  10.0 99.0 99.00 
2024 06 24 09 10 321  6.1  7.7  2.10 12.12  6.85 297 1011.4  10.4 999.0   9.9 99.0 99.00 
2024 06 24 09 20 319  6.5  8.2 99.00 99.00 99.00 999 1011.3  10.4 999.0   9.9 99.0 99.00 
2024 06 24 09 30 317  7.0  8.9 99.00 99.00 99.00 999 1011.3  10.4 999.0  10.0 99.0 99.00 
2024 06 24 09 40 318  7.1  8.9  2.14 12.12  6.61 304 1011.3  10.4 999.0  10.0 99.0 99.00 
2024 06 24 09 50 319  7.3  9.0 99.00 99.00 99.00 999 1011.3  10.4 999.0  10.0 99.0 99.00 
2024 06 24 10 00 321  7.0  8.8 99.00 99.00 99.00 999 1011.4  10.3 999.0   9.9 99.0 99.00 
2024 06 24 10 10 320  6.6  8.2  2.17 12.12  6.83 302 1011.4  10.3 999.0   9.9 99.0 99.00 
2024 06 24 10 20 319  6.9  8.7 99.00 99.00 99.00 999 1011.3  10.2 999.0   9.8 99.0 99.00 
2024 06 24 10 30 318  7.3  9.4 99.00 99.00 99.00 999 1011.2  10.3 999.0   9.9 99.0 99.00 
2024 06 24 10 40 323  6.5  8.2  2.30 11.43  7.05 298 1011.4  10.3 999.0   9.9 99.0 99.00 
2024 06 24 10 50 329  6.0  7.7 99.00 99.00 99.00 999 1011.5  10.2 999.0   9.9 99.0 99.00 
2024 06 24 11 00 328  6.1  7.4 99.00 99.00 99.00 999 1011.5  10.2 999.0  10.0 99.0 99.00 
2024 06 24 11 10 326  5.9  7.5  2.01 11.43  6.80 294 1011.6  10.2 999.0  10.0 99.0 99.00 
2024 06 24 11 20 324  5.7  7.1 99.00 99.00 99.00 999 1011.5  10.2 999.0  10.0 99.0 99.00 
2024 06 24 11 30 320  6.7  8.4 99.00 99.00 99.00 999 1011.4  10.2 999.0  10.0 99.0 99.00 
2024 06 24 11 40 318  6.8  8.2  2.10  8.33  6.80 311 1011.5  10.2 999.0  10.0 99.0 99.00 
2024 06 24 11 50 317  6.8  8.9 99.00 99.00 99.00 999 1011.5  10.1 999.0   9.9 99.0 99.00 
2024 06 24 12 00 321  6.6  8.5 99.00 99.00 99.00 999 1011.6  10.1 999.0   9.9 99.0 99.00 
2024 06 24 12 10 324  6.5  8.0  2.20 11.43  7.08 301 1011.6  10.1 999.0   9.9 99.0 99.00 
2024 06 24 12 20 326  6.2  8.0 99.00 99.00 99.00 999 1011.7  10.0 999.0   9.8 99.0 99.00 
2024 06 24 12 30 327  6.3  7.9 99.00 99.00 99.00 999 1011.7   9.9 999.0   9.8 99.0 99.00 
2024 06 24 12 40 327  6.4  7.8  2.21 10.81  7.20 298 1011.8   9.9 999.0   9.8 99.0 99.00 
2024 06 24 12 50 333  5.7  7.0 99.00 99.00 99.00 999 1011.9   9.8 999.0   9.7 99.0 99.00 
2024 06 24 13 00 340  4.5  5.9 99.00 99.00 99.00 999 1012.0   9.8 999.0   9.7 99.0 99.00 
2024 06 24 13 10 339  3.8  4.8  1.97 10.00  6.83 296 1012.0   9.9 999.0   9.9 99.0 99.00 
2024 06 24 13 20 332  3.8  4.9 99.00 99.00 99.00 999 1012.1   9.9 999.0   9.9 99.0 99.00 
2024 06 24 13 30 332  4.5  5.9 99.00 99.00 99.00 999 1012.2   9.8 999.0   9.8 99.0 99.00 
2024 06 24 13 40 331  4.6  5.8  2.06 11.43  7.13 303 1012.3   9.8 999.0   9.8 99.0 99.00 
2024 06 24 13 50 347  4.9  6.8 99.00 99.00 99.00 999 1012.5   9.9 999.0   9.9 99.0 99.00 
2024 06 24 14 00   9  4.0  5.4 99.00 99.00 99.00 999 1012.7   9.8 999.0   9.8 99.0 99.00 
2024 06 24 14 10 358  3.3  4.8  1.92  9.09  6.95 297 1012.7   9.8 999.0   9.8 99.0 99.00 
2024 06 24 14 20   4  2.4  3.3 99.00 99.00 99.00 999 1012.7   9.7 999.0   9.7 99.0 99.00 
2024 06 24 14 30 360  2.8  3.9 99.00 99.00 99.00 999 1012.9   9.6 999.0   9.6 99.0 99.00 
2024 06 24 14 40 358  2.5  4.0  2.13 11.43  7.50 300 1013.0   9.6 999.0   9.6 99.0 99.00 
2024 06 24 14 50  12  2.5  3.7 99.00 99.00 99.00 999 1013.1   9.6 999.0   9.6 99.0 99.00 
2024 06 24 15 00  23  1.8  3.2 99.00 99.00 99.00 999 1013.1   9.5 999.0   9.5 99.0 99.00 
2024 06 24 15 10 343  2.6  3.9  2.19 10.81  7.61 297 1013.2   9.6 999.0   9.6 99.0 99.00 
2024 06 24 15 20 352  2.4  3.9 99.00 99.00 99.00 999 1013.3   9.8 999.0   9.8 99.0 99.00 
2024 06 24 15 30 352  2.1  3.6 99.00 99.00 99.00 999 1013.4   9.8 999.0   9.8 99.0 99.00 
2024 06 24 15 40 359  2.0  3.4  2.15 12.12  7.70 296 1013.5   9.8 999.0   9.8 99.0 99.00 
2024 06 24 15 50 331  2.2  3.3 99.00 99.00 99.00 999 1013.5   9.9 999.0   9.9 99.0 99.00 
2024 06 24 16 00 335  2.3  3.4 99.00 99.00 99.00 999 1013.6   9.9 999.0   9.9 99.0 99.00 
2024 06 24 16 10 335  2.1  3.8  2.06 12.12  7.52 296 1013.6   9.9 999.0   9.9 99.0 99.00 
2024 06 24 16 20 314  2.9  5.0 99.00 99.00 99.00 999 1013.6   9.7 999.0   9.7 99.0 99.00 
2024 06 24 16 30 303  3.3  4.9 99.00 99.00 99.00 999 1013.6   9.4 999.0   9.4 99.0 99.00 
2024 06 24 16 40 314  2.8  5.1  2.02 11.43  7.47 298 1013.7   9.4 999.0   9.4 99.0 99.00 
2024 06 24 16 50 310  3.1  5.5 99.00 99.00 99.00 999 1013.6   9.6 999.0   9.6 99.0 99.00 
2024 06 24 17 00 307  3.4  5.1 99.00 99.00 99.00 999 1013.6   9.5 999.0   9.5 99.0 99.00 
2024 06 24 17 10 298  4.4  6.5  2.24 11.43  7.74 308 1013.6   9.3 999.0   9.3 99.0 99.00 
2024 06 24 17 20 293  4.8  6.9 99.00 99.00 99.00 999 1013.4   9.2 999.0   9.2 99.0 99.00 
2024 06 24 17 30 301  5.3  7.1 99.00 99.00 99.00 999 1013.3   9.1 999.0   9.1 99.0 99.00 
2024 06 24 17 40 301  4.4  6.0  2.10 11.43  7.49 314 1013.4   9.1 999.0   9.1 99.0 99.00 
2024 06 24 17 50 313  3.9  5.5 99.00 99.00 99.00 999 1013.5   9.0 999.0   9.0 99.0 99.00 
2024 06 24 18 00 330  3.9  5.4 99.00 99.00 99.00 999 1013.5   9.1 999.0   9.1 99.0 99.00 
2024 06 24 18 10 325  4.3  5.5  2.13  8.33  7.33 307 1013.5   9.3 999.0   9.3 99.0 99.00 
2024 06 24 18 20 331  4.6  6.4 99.00 99.00 99.00 999 1013.6   9.3 999.0   9.3 99.0 99.00 
2024 06 24 18 30 326  4.7  6.1 99.00 99.00 99.00 999 1013.7   9.4 999.0   9.4 99.0 99.00 
2024 06 24 18 40 330  4.6  6.3  2.24 10.81  7.74 309 1013.7   9.4 999.0   9.4 99.0 99.00 
2024 06 24 18 50 335  4.7  6.1 99.00 99.00 99.00 999 1013.7   9.5 999.0   9.5 99.0 99.00 
2024 06 24 19 00 336  4.8  6.4 99.00 99.00 99.00 999 1013.7   9.6 999.0   9.6 99.0 99.00 
2024 06 24 19 10 343  4.7  6.1  1.91 12.12  7.17 290 1013.8   9.5 999.0   9.5 99.0 99.00 
2024 06 24 19 20 344  4.4  5.9 99.00 99.00 99.00 999 1013.8   9.5 999.0   9.5 99.0 99.00 
2024 06 24 19 30 338  3.8  5.5 99.00 99.00 99.00 999 1013.8   9.7 999.0   9.7 99.0 99.00 
2024 06 24 19 40 330  4.8  6.3  2.26 11.43  8.18 304 1013.7   9.7 999.0   9.7 99.0 99.00 
2024 06 24 19 50 327  4.9  6.1 99.00 99.00 99.00 999 1013.7   9.7 999.0   9.7 99.0 99.00 
2024 06 24 20 00 334  4.9  6.8 99.00 99.00 99.00 999 1013.6   9.7 999.0   9.7 99.0 99.00 
2024 06 24 20 10 321  5.0  6.3  2.04 11.43  7.53 300 1013.6   9.7 999.0   9.7 99.0 99.00 
2024 06 24 20 20 322  4.9  6.3 99.00 99.00 99.00 999 1013.6   9.5 999.0   9.5 99.0 99.00 
2024 06 24 20 30 328  4.9  6.3 99.00 99.00 99.00 999 1013.5   9.5 999.0   9.5 99.0 99.00 
2024 06 24 20 40 328  5.2  6.8  2.22 11.43  7.94 306 1013.3   9.5 999.0   9.5 99.0 99.00 
2024 06 24 20 50 323  5.5  7.0 99.00 99.00 99.00 999 1013.3   9.5 999.0   9.5 99.0 99.00 
2024 06 24 21 00 323  5.1  6.6 99.00 99.00 99.00 999 1013.2   9.6 999.0   9.6 99.0 99.00 
2024 06 24 21 10 326  5.0  6.5  2.13  9.09  7.80 314 1013.3   9.5 999.0   9.5 99.0 99.00 
2024 06 24 21 20 321  4.6  5.8 99.00 99.00 99.00 999 1013.2   9.6 999.0   9.6 99.0 99.00 
2024 06 24 21 30 321  4.3  5.8 99.00 99.00 99.00 999 1013.2   9.6 999.0   9.6 99.0 99.00 
2024 06 24 21 40 323  3.2  4.8  2.36 11.43  8.29 309 1013.2   9.6 999.0   9.6 99.0 99.00 
2024 06 24 21 50 318  2.5  4.4 99.00 99.00 99.00 999 1013.2   9.6 999.0   9.6 99.0 99.00 
2024 06 24 22 00 317  1.8  2.9 99.00 99.00 99.00 999 1013.2   9.9 999.0   9.9 99.0 99.00 
2024 06 24 22 10 312  2.8  4.4  2.26 10.81  8.13 317 1013.2  10.2 999.0  10.2 99.0 99.00 
2024 06 24 22 20 314  3.4  4.9 99.00 99.00 99.00 999 1013.3  10.3 999.0  10.3 99.0 99.00 
2024 06 24 22 30 311  3.7  5.4 99.00 99.00 99.00 999 1013.1  10.4 999.0  10.4 99.0 99.00 
2024 06 24 22 40 309  3.7  5.1  2.23 11.43  7.97 303 1013.1  10.4 999.0  10.4 99.0 99.00 
2024 06 24 22 50 309  4.1  5.7 99.00 99.00 99.00 999 1013.0  10.5 999.0  10.5 99.0 99.00 
2024 06 24 23 00 314  4.0  5.8 99.00 99.00 99.00 999 1012.8  10.5 999.0  10.5 99.0 99.00 
2024 06 24 23 10 318  3.9  5.5  2.29 10.81  8.15 314 1012.8  10.6 999.0  10.6 99.0 99.00 
2024 06 24 23 20 320  3.8  5.3 99.00 99.00 99.00 999 1012.8  10.7 999.0  10.6 99.0 99.00 
2024 06 24 23 30 321  3.4  4.9 99.00 99.00 99.00 999 1012.8  10.7 999.0  10.6 99.0 99.00 
2024 06 24 23 40 321  3.2  4.5  2.27 10.81  7.99 306 1012.6  10.8 999.0  10.7 99.0 99.00 
2024 06 24 23 50 318  3.7  4.8 99.00 99.00 99.00 999 1012.6  10.8 999.0  10.6 99.0 99.00 
2024 06 25 00 00 317  3.7  5.2 99.00 99.00 99.00 999 1012.4  10.9 999.0  10.7 99.0 99.00 
2024 06 25 00 10 317  4.3  6.2  2.18 11.43  8.16 309 1012.4  10.9 999.0  10.7 99.0 99.00 
2024 06 25 00 20 317  4.1  5.9 99.00 99.00 99.00 999 1012.3  10.9 999.0  10.7 99.0 99.00 
2024 06 25 00 30 317  4.0  5.9 99.00 99.00 99.00 999 1012.4  10.9 999.0  10.7 99.0 99.00 
2024 06 25 00 40 313  4.0  5.8  2.29 11.43  8.32 310 1012.2  11.0 999.0  10.8 99.0 99.00 
2024 06 25 00 50 310  3.9  5.3 99.00 99.00 99.00 999 1012.2  11.0 999.0  10.8 99.0 99.00 
2024 06 25 01 00 309  4.3  5.4 99.00 99.00 99.00 999 1012.1  11.1 999.0  10.8 99.0 99.00 
2024 06 25 01 10 305  4.5  5.8  1.92  9.09  7.42 301 1011.9  11.1 999.0  10.7 99.0 99.00 
2024 06 25 01 20 306  5.2  6.4 99.00 99.00 99.00 999 1011.9  11.1 999.0  10.7 99.0 99.00 
2024 06 25 01 30 308  4.9  6.4 99.00 99.00 99.00 999 1012.0  11.1 999.0  10.7 99.0 99.00 
2024 06 25 01 40 305  4.0  5.6  2.09 11.43  7.75 309 1012.0  11.2 999.0  10.8 99.0 99.00 
2024 06 25 01 50 308  3.9  5.1 99.00 99.00 99.00 999 1012.0  11.3 999.0  10.9 99.0 99.00 
2024 06 25 02 00 311  4.9  6.1 99.00 99.00 99.00 999 1011.9  11.2 999.0  10.8 99.0 99.00 
2024 06 25 02 10 310  4.8  6.9  2.08 10.81  7.70 310 1011.8  11.2 999.0  10.8 99.0 99.00 
2024 06 25 02 20 314  5.3  6.9 99.00 99.00 99.00 999 1011.8  11.2 999.0  10.8 99.0 99.00 
2024 06 25 02 30 315  5.1  6.4 99.00 99.00 99.00 999 1011.9  11.1 999.0  10.7 99.0 99.00 
2024 06 25 02 40 312  4.7  6.0  2.15 10.81  7.65 309 1011.9  11.1 999.0  10.7 99.0 99.00 
2024 06 25 02 50 314  4.4  6.1 99.00 99.00 99.00 999 1012.1  11.1 999.0  10.7 99.0 99.00 
2024 06 25 03 00 313  4.3  5.6 99.00 99.00 99.00 999 1012.0  11.1 999.0  10.7 99.0 99.00 
2024 06 25 03 10 309  4.3  5.8  1.95 10.81  7.36 310 1012.0  11.1 999.0  10.7 99.0 99.00 
2024 06 25 03 20 309  4.4  6.1 99.00 99.00 99.00 999 1011.9  11.0 999.0  10.8 99.0 99.00 
2024 06 25 03 30 307  4.8  6.0 99.00 99.00 99.00 999 1011.9  10.9 999.0  10.7 99.0 99.00 
2024 06 25 03 40 312  5.0  6.9  2.17 11.43  7.58 305 1011.9  10.9 999.0  10.7 99.0 99.00 
2024 06 25 03 50 307  5.1  6.6 99.00 99.00 99.00 999 1011.9  10.9 999.0  10.7 99.0 99.00 
2024 06 25 04 00 303  5.0  6.5 99.00 99.00 99.00 999 1011.8  10.8 999.0  10.6 99.0 99.00 
2024 06 25 04 10 303  5.5  6.9  1.93 11.43  7.39 304 1011.9  10.8 999.0  10.6 99.0 99.00 
2024 06 25 04 20 305  5.7  7.4 99.00 99.00 99.00 999 1011.7  10.9 999.0  10.7 99.0 99.00 
2024 06 25 04 30 307  5.5  7.3 99.00 99.00 99.00 999 1011.8  10.9 999.0  10.7 99.0 99.00 
2024 06 25 04 40 306  5.3  6.6  2.13 10.81  7.60 309 1011.9  10.9 999.0  10.7 99.0 99.00 
2024 06 25 04 50 304  5.5  7.0 99.00 99.00 99.00 999 1011.9  10.9 999.0  10.7 99.0 99.00 
2024 06 25 05 00 307  5.5  6.9 99.00 99.00 99.00 999 1012.0  10.9 999.0  10.7 99.0 99.00 
2024 06 25 05 10 308  5.2  6.8  2.09 10.81  7.65 309 1012.0  10.9 999.0  10.6 99.0 99.00 
2024 06 25 05 20 311  4.8  6.4 99.00 99.00 99.00 999 1011.9  10.9 999.0  10.5 99.0 99.00 
2024 06 25 05 30 309  4.7  6.1 99.00 99.00 99.00 999 1012.0  10.9 999.0  10.6 99.0 99.00 
2024 06 25 05 40 308  4.3  5.9  2.09 11.43  7.55 300 1012.1  10.9 999.0  10.6 99.0 99.00 
2024 06 25 05 50 307  4.6  5.8 99.00 99.00 99.00 999 1012.1  10.8 999.0  10.6 99.0 99.00 
2024 06 25 06 00 305  4.3  6.0 99.00 99.00 99.00 999 1012.3  10.8 999.0  10.6 99.0 99.00 
2024 06 25 06 10 307  4.7  6.4  1.98 10.81  7.33 306 1011.9  10.8 999.0  10.6 99.0 99.00 
2024 06 25 06 20 312  5.1  7.4 99.00 99.00 99.00 999 1011.8  10.8 999.0  10.6 99.0 99.00 
2024 06 25 06 30 300  4.3  6.0 99.00 99.00 99.00 999 1012.1  10.8 999.0  10.6 99.0 99.00 
2024 06 25 06 40 307  4.4  6.0  2.17 11.43  7.72 305 1011.9  10.8 999.0  10.6 99.0 99.00 
2024 06 25 06 50 296  4.7  6.4 99.00 99.00 99.00 999 1012.1  10.8 999.0  10.6 99.0 99.00 
2024 06 25 07 00 295  5.0  6.8 99.00 99.00 99.00 999 1011.9  10.8 999.0  10.6 99.0 99.00 
2024 06 25 07 10 304  5.2  7.1  2.14 11.43  7.43 316 1011.7  10.7 999.0  10.5 99.0 99.00 
2024 06 25 07 20 308  5.3  7.2 99.00 99.00 99.00 999 1011.2  10.7 999.0  10.5 99.0 99.00 
2024 06 25 07 30 309  6.3  7.7 99.00 99.00 99.00 999 1011.0  10.6 999.0  10.5 99.0 99.00 
2024 06 25 07 40 307  6.9  8.2  2.04 10.81  7.10 302 1011.1  10.6 999.0  10.5 99.0 99.00 
2024 06 25 07 50 312  5.7  8.2 99.00 99.00 99.00 999 1011.4  10.6 999.0  10.5 99.0 99.00 
2024 06 25 08 00 326  5.5  7.1 99.00 99.00 99.00 999 1011.1  10.5 999.0  10.4 99.0 99.00 
2024 06 25 08 10 316  5.7  7.2  1.99 11.43  6.96 308 1011.4  10.5 999.0  10.4 99.0 99.00 
2024 06 25 08 20 315  4.9  6.7 99.00 99.00 99.00 999 1011.3  10.4 999.0  10.3 99.0 99.00 
2024 06 25 08 30 324  5.0  6.3 99.00 99.00 99.00 999 1011.1  10.4 999.0  10.3 99.0 99.00 
2024 06 25 08 40 317  5.2  6.5  2.01 11.43  7.14 299 1010.9  10.4 999.0  10.3 99.0 99.00 
2024 06 25 08 50 318  4.8  7.0 99.00 99.00 99.00 999 1011.2  10.4 999.0  10.3 99.0 99.00 
2024 06 25 09 00 316  4.0  5.9 99.00 99.00 99.00 999 1011.1  10.4 999.0  10.3 99.0 99.00 
2024 06 25 09 10 319  4.2  5.6  2.12 10.81  7.37 301 1011.1  10.4 999.0  10.3 99.0 99.00 
2024 06 25 09 20 323  3.4  4.7 99.00 99.00 99.00 999 1011.1  10.4 999.0  10.3 99.0 99.00 
2024 06 25 09 30 309  3.8  5.0 99.00 99.00 99.00 999 1011.0  10.4 999.0  10.3 99.0 99.00 
2024 06 25 09 40 310  3.9  5.3  2.15 10.81  7.42 301 1011.0  10.4 999.0  10.3 99.0 99.00 
2024 06 25 09 50 320  3.7  5.1 99.00 99.00 99.00 999 1010.8  10.4 999.0  10.3 99.0 99.00 
2024 06 25 10 00 316  3.7  4.9 99.00 99.00 99.00 999 1010.8  10.3 999.0  10.2 99.0 99.00 
2024 06 25 10 10 311  3.8  5.3  2.12 11.43  7.45 307 1011.0  10.3 999.0  10.2 99.0 99.00 
2024 06 25 10 20 311  3.4  4.6 99.00 99.00 99.00 999 1010.8  10.3 999.0  10.3 99.0 99.00 
2024 06 25 10 30 308  4.5  6.1 99.00 99.00 99.00 999 1010.8  10.2 999.0  10.2 99.0 99.00 
2024 06 25 10 40 309  5.1  6.6  2.02 10.81  7.32 305 1010.7  10.2 999.0  10.2 99.0 99.00 
2024 06 25 10 50 298  4.7  6.3 99.00 99.00 99.00 999 1011.0  10.2 999.0  10.2 99.0 99.00 
2024 06 25 11 00 304  5.2  6.8 99.00 99.00 99.00 999 1011.1  10.2 999.0  10.2 99.0 99.00 
2024 06 25 11 10 323  4.8  6.2  2.00 10.81  7.20 304 1011.1  10.1 999.0  10.1 99.0 99.00 
2024 06 25 11 20 341  3.9  5.6 99.00 99.00 99.00 999 1011.1  10.0 999.0  10.0 99.0 99.00 
2024 06 25 11 30 345  4.1  5.5 99.00 99.00 99.00 999 1010.9   9.8 999.0   9.8 99.0 99.00 
2024 06 25 11 40 350  5.3  6.8  1.76 10.81  6.62 311 1010.8   9.6 999.0   9.6 99.0 99.00 
2024 06 25 11 50 348  4.9  6.8 99.00 99.00 99.00 999 1011.2   9.7 999.0   9.7 99.0 99.00 
2024 06 25 12 00 335  4.2  5.5 99.00 99.00 99.00 999 1011.5   9.8 999.0   9.8 99.0 99.00 
2024 06 25 12 10 332  4.3  5.4  1.85 11.43  7.05 305 1011.3   9.7 999.0   9.7 99.0 99.00 
2024 06 25 12 20 323  3.9  5.6 99.00 99.00 99.00 999 1011.2   9.8 999.0   9.8 99.0 99.00 
2024 06 25 12 30 329  3.8  5.5 99.00 99.00 99.00 999 1011.0  10.0 999.0  10.0 99.0 99.00 
2024 06 25 12 40 335  4.7  5.8  1.72 10.81  7.12 296 1010.8   9.9 999.0   9.9 99.0 99.00 
2024 06 25 12 50 333  4.5  6.4 99.00 99.00 99.00 999 1010.9   9.9 999.0   9.9 99.0 99.00 
2024 06 25 13 00 358  3.4  4.8 99.00 99.00 99.00 999 1011.4  10.0 999.0  10.0 99.0 99.00 
2024 06 25 13 10  21  2.4  3.4  1.85 10.00  7.18 304 1011.7  10.1 999.0  10.1 99.0 99.00 
2024 06 25 13 20  18  2.0  3.4 99.00 99.00 99.00 999 1011.7  10.3 999.0  10.3 99.0 99.00 
2024 06 25 13 30 334  1.3  3.5 99.00 99.00 99.00 999 1011.7  10.3 999.0  10.3 99.0 99.00 
2024 06 25 13 40 331  3.4  4.9  1.69 10.81  7.29 306 1011.4  10.2 999.0  10.2 99.0 99.00 
2024 06 25 13 50 360  2.9  4.3 99.00 99.00 99.00 999 1011.2  10.1 999.0  10.1 99.0 99.00 
2024 06 25 14 00   4  3.3  4.6 99.00 99.00 99.00 999 1011.8  10.1 999.0  10.1 99.0 99.00 
2024 06 25 14 10 357  1.9  3.2  1.74 11.43  7.37 308 1012.1  10.0 999.0  10.0 99.0 99.00 
2024 06 25 14 20 329  2.2  4.0 99.00 99.00 99.00 999 1011.8  10.1 999.0  10.1 99.0 99.00 
2024 06 25 14 30 347  2.8  4.0 99.00 99.00 99.00 999 1011.9  10.0 999.0  10.0 99.0 99.00 
2024 06 25 14 40 314  2.0  3.4  1.79 10.81  7.20 312 1012.3  10.0 999.0  10.0 99.0 99.00 
2024 06 25 14 50 335  1.3  2.3 99.00 99.00 99.00 999 1012.2  10.0 999.0  10.0 99.0 99.00 
2024 06 25 15 00 297  1.8  4.2 99.00 99.00 99.00 999 1012.2  10.0 999.0  10.0 99.0 99.00 
2024 06 25 15 10 315  2.7  4.5  1.90 10.81  7.58 306 1012.2   9.9 999.0   9.9 99.0 99.00 
2024 06 25 15 20 336  2.7  4.5 99.00 99.00 99.00 999 1012.3   9.8 999.0   9.8 99.0 99.00 
2024 06 25 15 30 329  3.7  4.9 99.00 99.00 99.00 999 1012.4   9.8 999.0   9.8 99.0 99.00 
2024 06 25 15 40 314  3.6  5.0  1.73 10.81  7.04 309 1013.0   9.8 999.0   9.8 99.0 99.00 
2024 06 25 15 50 324  2.8  3.9 99.00 99.00 99.00 999 1013.0   9.7 999.0   9.7 99.0 99.00 
2024 06 25 16 00 346  2.9  4.8 99.00 99.00 99.00 999 1012.6   9.7 999.0   9.7 99.0 99.00 
2024 06 25 16 10 329  4.0  5.7  1.73 10.81  6.79 308 1012.7   9.7 999.0   9.7 99.0 99.00 
2024 06 25 16 20 325  4.1  5.9 99.00 99.00 99.00 999 1013.1   9.7 999.0   9.7 99.0 99.00 
2024 06 25 16 30 326  3.8  4.8 99.00 99.00 99.00 999 1013.6   9.7 999.0   9.7 99.0 99.00 
2024 06 25 16 40 336  3.2  4.3  1.67 10.81  6.89 300 1013.4   9.8 999.0   9.8 99.0 99.00 
2024 06 25 16 50 352  5.1  6.8 99.00 99.00 99.00 999 1012.5   9.8 999.0   9.8 99.0 99.00 
2024 06 25 17 00 359  5.5  7.0 99.00 99.00 99.00 999 1012.5   9.8 999.0   9.8 99.0 99.00 
2024 06 25 17 10 340  5.2  7.4  1.96 10.00  6.99 307 1013.3   9.8 999.0   9.8 99.0 99.00 
2024 06 25 17 20 328  4.4  5.8 99.00 99.00 99.00 999 1013.3   9.9 999.0   9.9 99.0 99.00 
2024 06 25 17 30 347  4.6  5.9 99.00 99.00 99.00 999 1012.9   9.8 999.0   9.8 99.0 99.00 
2024 06 25 17 40 344  4.1  5.5  1.90 10.00  7.08 296 1013.1   9.8 999.0   9.8 99.0 99.00 
2024 06 25 17 50 344  4.2  5.8 99.00 99.00 99.00 999 1012.9   9.8 999.0   9.8 99.0 99.00 
2024 06 25 18 00 344  4.2  5.6 99.00 99.00 99.00 999 1012.7   9.8 999.0   9.8 99.0 99.00 
2024 06 25 18 10   4  4.0  5.0  1.75 10.81  6.82 297 1013.1   9.9 999.0   9.9 99.0 99.00 
2024 06 25 18 20 338  4.1  5.1 99.00 99.00 99.00 999 1013.3   9.9 999.0   9.9 99.0 99.00 
2024 06 25 18 30 317  4.0  6.1 99.00 99.00 99.00 999 1013.3   9.9 999.0   9.9 99.0 99.00 
2024 06 25 18 40 307  4.9  6.2  1.63 10.81  6.74 305 1013.8   9.9 999.0   9.9 99.0 99.00 
2024 06 25 18 50 293  5.2  6.8 99.00 99.00 99.00 999 1013.8   9.9 999.0   9.9 99.0 99.00 
2024 06 25 19 00 308  5.5  7.0 99.00 99.00 99.00 999 1013.8   9.9 999.0   9.9 99.0 99.00 
2024 06 25 19 10 298  5.3  7.4  1.86 10.81  7.11 295 1014.3   9.9 999.0   9.9 99.0 99.00 
2024 06 25 19 20 305  5.2  6.5 99.00 99.00 99.00 999 1014.2  10.0 999.0  10.0 99.0 99.00 
2024 06 25 19 30 318  5.2  6.6 99.00 99.00 99.00 999 1014.2  10.0 999.0  10.0 99.0 99.00 
2024 06 25 19 40 320  5.8  7.2  1.65 10.81  6.89 300 1014.2  10.0 999.0  10.0 99.0 99.00 
2024 06 25 19 50 327  5.9  7.4 99.00 99.00 99.00 999 1014.0  10.0 999.0  10.0 99.0 99.00 
2024 06 25 20 00 329  5.1  6.6 99.00 99.00 99.00 999 1014.3  10.1 999.0  10.1 99.0 99.00 
2024 06 25 20 10 344  4.8  6.0  1.59 10.00  6.83 291 1014.1  10.1 999.0  10.1 99.0 99.00 
2024 06 25 20 20 333  4.5  5.9 99.00 99.00 99.00 999 1014.1  10.1 999.0  10.1 99.0 99.00 
2024 06 25 20 30 317  4.6  5.9 99.00 99.00 99.00 999 1014.1  10.1 999.0  10.1 99.0 99.00 
2024 06 25 20 40 324  4.4  5.7  1.73 10.81  7.00 301 1014.1  10.1 999.0  10.1 99.0 99.00 
2024 06 25 20 50 325  4.8  6.5 99.00 99.00 99.00 999 1014.1  10.1 999.0  10.1 99.0 99.00 
2024 06 25 21 00 334  4.4  5.9 99.00 99.00 99.00 999 1014.0  10.1 999.0  10.1 99.0 99.00 
2024 06 25 21 10 325  4.6  6.0  1.79 10.81  7.09 299 1014.1  10.1 999.0  10.1 99.0 99.00 
2024 06 25 21 20 306  4.7  6.1 99.00 99.00 99.00 999 1014.4  10.1 999.0  10.1 99.0 99.00 
2024 06 25 21 30 308  5.3  6.6 99.00 99.00 99.00 999 1014.3  10.1 999.0  10.1 99.0 99.00 
2024 06 25 21 40 308  5.5  7.3  1.73 10.81  6.97 285 1014.2  10.1 999.0  10.1 99.0 99.00 
2024 06 25 21 50 311  5.7  7.0 99.00 99.00 99.00 999 1014.2  10.1 999.0  10.1 99.0 99.00 
2024 06 25 22 00 310  5.2  6.8 99.00 99.00 99.00 999 1014.1  10.2 999.0  10.2 99.0 99.00 
2024 06 25 22 10 315  5.9  7.4  1.68 10.00  6.98 291 1014.2  10.2 999.0  10.2 99.0 99.00 
2024 06 25 22 20 323  5.7  7.1 99.00 99.00 99.00 999 1014.2  10.3 999.0  10.3 99.0 99.00 
2024 06 25 22 30 321  5.9  7.4 99.00 99.00 99.00 999 1013.9  10.3 999.0  10.3 99.0 99.00 
2024 06 25 22 40 323  6.3  7.9  1.68 10.81  6.93 303 1013.9  10.3 999.0  10.3 99.0 99.00 
2024 06 25 22 50 326  6.0  7.4 99.00 99.00 99.00 999 1013.9  10.4 999.0  10.4 99.0 99.00 
2024 06 25 23 00 327  5.3  7.0 99.00 99.00 99.00 999 1013.8  10.4 999.0  10.4 99.0 99.00 
2024 06 25 23 10 323  5.7  7.1  1.72 10.00  6.75 303 1013.8  10.5 999.0  10.5 99.0 99.00 
2024 06 25 23 20 324  6.4  8.1 99.00 99.00 99.00 999 1013.5  10.5 999.0  10.5 99.0 99.00 
2024 06 25 23 30 323  6.9  8.6 99.00 99.00 99.00 999 1013.7  10.5 999.0  10.5 99.0 99.00 
2024 06 25 23 40 323  6.3  8.1  1.61 10.00  6.34 309 1013.8  10.5 999.0  10.5 99.0 99.00 
2024 06 25 23 50 321  6.5  8.5 99.00 99.00 99.00 999 1013.9  10.5 999.0  10.5 99.0 99.00 
2024 06 26 00 00 322  6.4  8.6 99.00 99.00 99.00 999 1013.7  10.5 999.0  10.5 99.0 99.00 
2024 06 26 00 10 318  6.4  7.6  1.79 10.00  6.70 296 1013.8  10.4 999.0  10.4 99.0 99.00 
2024 06 26 00 20 314  6.6  8.4 99.00 99.00 99.00 999 1013.8  10.5 999.0  10.5 99.0 99.00 
2024 06 26 00 30 315  7.2  8.7 99.00 99.00 99.00 999 1013.6  10.5 999.0  10.5 99.0 99.00 
2024 06 26 00 40 316  7.6  9.6  1.66 10.00  6.16 289 1013.6  10.5 999.0  10.5 99.0 99.00 
2024 06 26 00 50 318  7.3  9.6 99.00 99.00 99.00 999 1013.5  10.5 999.0  10.5 99.0 99.00 
2024 06 26 01 00 317  7.6 10.0 99.00 99.00 99.00 999 1013.4  10.5 999.0  10.5 99.0 99.00 
2024 06 26 01 10 318  8.6 10.6  1.63 10.00  5.95 304 1013.3  10.5 999.0  10.5 99.0 99.00 
2024 06 26 01 20 319  8.4 10.5 99.00 99.00 99.00 999 1013.3  10.5 999.0  10.5 99.0 99.00 
2024 06 26 01 30 319  8.2 10.7 99.00 99.00 99.00 999 1013.4  10.5 999.0  10.5 99.0 99.00 
2024 06 26 01 40 320  8.4 10.3  1.79 10.00  5.99 301 1013.3  10.5 999.0  10.5 99.0 99.00 
2024 06 26 01 50 317  8.1 10.7 99.00 99.00 99.00 999 1013.4  10.6 999.0  10.6 99.0 99.00 
2024 06 26 02 00 317  9.3 11.7 99.00 99.00 99.00 999 1013.2  10.6 999.0  10.6 99.0 99.00 
2024 06 26 02 10 319  9.0 11.6  1.64 10.00  5.42 294 1013.4  10.7 999.0  10.7 99.0 99.00 
2024 06 26 02 20 315  8.6 10.8 99.00 99.00 99.00 999 1013.4  10.7 999.0  10.7 99.0 99.00 
2024 06 26 02 30 318  8.6 10.8 99.00 99.00 99.00 999 1013.6  10.7 999.0  10.7 99.0 99.00 
2024 06 26 02 40 317  8.0 10.2  1.61 10.00  5.45 300 1013.6  10.7 999.0  10.7 99.0 99.00 
2024 06 26 02 50 318  8.5 10.6 99.00 99.00 99.00 999 1013.7  10.7 999.0  10.7 99.0 99.00 
2024 06 26 03 00 318  8.5 10.8 99.00 99.00 99.00 999 1013.8  10.8 999.0  10.8 99.0 99.00 
2024 06 26 03 10 316  9.3 11.5  1.69 10.00  5.64 297 1013.7  10.8 999.0  10.8 99.0 99.00 
2024 06 26 03 20 315  8.8 11.5 99.00 99.00 99.00 999 1013.7  10.8 999.0  10.8 99.0 99.00 
2024 06 26 03 30 315  8.7 10.8 99.00 99.00 99.00 999 1013.7  10.8 999.0  10.8 99.0 99.00 
2024 06 26 03 40 314  8.5 10.8  1.68  9.09  5.28 297 1013.6  10.8 999.0  10.8 99.0 99.00 
2024 06 26 03 50 310  8.7 11.3 99.00 99.00 99.00 999 1013.6  10.8 999.0  10.8 99.0 99.00 
2024 06 26 04 00 307  8.9 11.2 99.00 99.00 99.00 999 1013.7  10.8 999.0  10.8 99.0 99.00 
2024 06 26 04 10 308  9.5 13.1  1.82 10.00  5.72 307 1013.9  10.8 999.0  10.8 99.0 99.00 
2024 06 26 04 20 308  9.5 12.1 99.00 99.00 99.00 999 1013.9  10.8 999.0  10.8 99.0 99.00 
2024 06 26 04 30 308  8.9 11.3 99.00 99.00 99.00 999 1013.9  10.8 999.0  10.8 99.0 99.00 
2024 06 26 04 40 308  9.5 11.7  1.69  9.09  5.41 306 1013.9  10.9 999.0  10.9 99.0 99.00 
2024 06 26 04 50 309  9.8 12.8 99.00 99.00 99.00 999 1014.0  10.9 999.0  10.9 99.0 99.00 
2024 06 26 05 00 309  9.7 12.5 99.00 99.00 99.00 999 1014.0  10.9 999.0  10.9 99.0 99.00 
2024 06 26 05 10 308  9.6 12.0  1.66  9.09  5.31 300 1014.2  11.0 999.0  11.0 99.0 99.00 
2024 06 26 05 20 309  9.1 11.3 99.00 99.00 99.00 999 1014.3  10.9 999.0  10.9 99.0 99.00 
2024 06 26 05 30 308  9.2 12.0 99.00 99.00 99.00 999 1014.4  11.0 999.0  11.0 99.0 99.00 
2024 06 26 05 40 308  9.1 11.1  1.69 10.00  5.31 296 1014.4  11.0 999.0  11.0 99.0 99.00 
2024 06 26 05 50 307  9.5 11.5 99.00 99.00 99.00 999 1014.5  11.1 999.0  11.1 99.0 99.00 
2024 06 26 06 00 306  9.4 11.6 99.00 99.00 99.00 999 1014.5  11.1 999.0  11.1 99.0 99.00 
2024 06 26 06 10 307  9.2 11.5  1.64 10.00  5.25 307 1014.6  11.0 999.0  11.0 99.0 99.00 
2024 06 26 06 20 307  9.3 11.6 99.00 99.00 99.00 999 1014.5  11.1 999.0  11.1 99.0 99.00 
2024 06 26 06 30 309  9.0 10.9 99.00 99.00 99.00 999 1014.6  11.0 999.0  11.0 99.0 99.00 
2024 06 26 06 40 309  9.2 12.1  1.79 10.00  5.42 301 1014.5  11.0 999.0  11.0 99.0 99.00 
2024 06 26 06 50 308  9.1 11.0 99.00 99.00 99.00 999 1014.5  11.1 999.0  11.1 99.0 99.00 
2024 06 26 07 00 309  8.9 11.2 99.00 99.00 99.00 999 1014.5  11.1 999.0  11.1 99.0 99.00 
2024 06 26 07 10 307  8.7 10.6  1.70 10.00  5.27 290 1014.6  11.1 999.0  11.1 99.0 99.00 
2024 06 26 07 20 308  8.7 11.0 99.00 99.00 99.00 999 1014.6  11.1 999.0  11.1 99.0 99.00 
2024 06 26 07 30 310  8.7 10.9 99.00 99.00 99.00 999 1014.7  11.1 999.0  11.1 99.0 99.00 
2024 06 26 07 40 309  8.7 10.9  1.72 10.00  5.37 296 1014.7  11.1 999.0  11.1 99.0 99.00 
2024 06 26 07 50 310  8.4 10.2 99.00 99.00 99.00 999 1014.7  11.0 999.0  11.0 99.0 99.00 
2024 06 26 08 00 310  8.3 10.1 99.00 99.00 99.00 999 1014.7  11.1 999.0  11.1 99.0 99.00 
2024 06 26 08 10 311  8.3 10.2  1.72  5.00  5.32 320 1014.7  11.0 999.0  11.0 99.0 99.00 
2024 06 26 08 20 312  8.2  9.7 99.00 99.00 99.00 999 1014.7  11.0 999.0  11.0 99.0 99.00 
2024 06 26 08 30 310  8.5 10.9 99.00 99.00 99.00 999 1014.6  11.0 999.0  11.0 99.0 99.00 
2024 06 26 08 40 310  9.3 11.5  1.56  5.00  5.11 325 1014.6  11.0 999.0  11.0 99.0 99.00 
2024 06 26 08 50 309  9.3 11.3 99.00 99.00 99.00 999 1014.6  11.0 999.0  11.0 99.0 99.00 
2024 06 26 09 00 310  9.0 11.5 99.00 99.00 99.00 999 1014.6  11.0 999.0  11.0 99.0 99.00 
2024 06 26 09 10 310  9.1 11.4  1.63  9.09  5.10 297 1014.6  11.0 999.0  11.0 99.0 99.00 
2024 06 26 09 20 310  8.9 11.2 99.00 99.00 99.00 999 1014.7  11.0 999.0  11.0 99.0 99.00 
2024 06 26 09 30 310  8.5 11.1 99.00 99.00 99.00 999 1014.8  11.0 999.0  11.0 99.0 99.00 
2024 06 26 09 40 307  8.2 10.5  1.58 10.00  4.99 281 1014.9  11.0 999.0  11.0 99.0 99.00 
2024 06 26 09 50 308  7.9  9.7 99.00 99.00 99.00 999 1015.0  11.0 999.0  11.0 99.0 99.00 
2024 06 26 10 00 310  8.1  9.8 99.00 99.00 99.00 999 1015.0  11.0 999.0  11.0 99.0 99.00 
2024 06 26 10 10 309  7.9  9.9  1.53 10.00  5.08 300 1015.1  11.0 999.0  11.0 99.0 99.00 
2024 06 26 10 20 307  7.7  9.0 99.00 99.00 99.00 999 1015.2  10.9 999.0  10.9 99.0 99.00 
2024 06 26 10 30 308  7.9 10.1 99.00 99.00 99.00 999 1015.2  10.9 999.0  10.9 99.0 99.00 
2024 06 26 10 40 307  7.8  9.7  1.50  8.33  5.11 289 1015.3  10.9 999.0  10.9 99.0 99.00 
2024 06 26 10 50 307  8.0  9.4 99.00 99.00 99.00 999 1015.3  11.0 999.0  11.0 99.0 99.00 
2024 06 26 11 00 307  7.8  9.5 99.00 99.00 99.00 999 1015.3  10.9 999.0  10.9 99.0 99.00 
2024 06 26 11 10 305  7.6  9.3  1.48 14.81  5.18 206 1015.4  10.9 999.0  10.9 99.0 99.00 
2024 06 26 11 20 305  8.1 10.2 99.00 99.00 99.00 999 1015.3  11.0 999.0  11.0 99.0 99.00 
2024 06 26 11 30 303  7.8 10.0 99.00 99.00 99.00 999 1015.3  10.9 999.0  10.9 99.0 99.00 
2024 06 26 11 40 302  8.0 10.3  1.40  9.09  5.05 303 1015.4  10.9 999.0  10.9 99.0 99.00 
2024 06 26 11 50 301  8.0  9.5 99.00 99.00 99.00 999 1015.4  10.9 999.0  10.9 99.0 99.00 
2024 06 26 12 00 299  7.9  9.5 99.00 99.00 99.00 999 1015.5  10.9 999.0  10.9 99.0 99.00 
2024 06 26 12 10 299  8.6 10.1  1.36  9.09  5.10 294 1015.5  11.0 999.0  11.0 99.0 99.00 
2024 06 26 12 20 300  8.6 11.0 99.00 99.00 99.00 999 1015.4  11.0 999.0  11.0 99.0 99.00 
2024 06 26 12 30 303  8.7 10.9 99.00 99.00 99.00 999 1015.4  11.0 999.0  11.0 99.0 99.00 
2024 06 26 12 40 306  8.6 10.0  1.38  5.00  5.02 323 1015.4  11.1 999.0  11.1 99.0 99.00 
2024 06 26 12 50 306  8.7 11.0 99.00 99.00 99.00 999 1015.5  11.2 999.0  11.2 99.0 99.00 
2024 06 26 13 00 304  8.5 10.3 99.00 99.00 99.00 999 1015.6  11.1 999.0  11.1 99.0 99.00 
2024 06 26 13 10 305  8.5 10.4  1.44 13.79  4.91 215 1015.6  11.1 999.0  11.1 99.0 99.00 
2024 06 26 13 20 307  8.8 10.7 99.00 99.00 99.00 999 1015.7  11.2 999.0  11.2 99.0 99.00 
2024 06 26 13 30 309  8.8 11.2 99.00 99.00 99.00 999 1015.7  11.2 999.0  11.1 99.0 99.00 
2024 06 26 13 40 310  8.8 11.0  1.38  4.76  4.87 310 1015.7  11.2 999.0  11.1 99.0 99.00 
2024 06 26 13 50 311  9.1 11.5 99.00 99.00 99.00 999 1015.7  11.2 999.0  11.1 99.0 99.00 
2024 06 26 14 00 311  9.6 12.2 99.00 99.00 99.00 999 1015.8  11.2 999.0  11.1 99.0 99.00 
2024 06 26 14 10 309  9.4 11.2  1.49 14.81  5.00 222 1015.9  11.2 999.0  11.1 99.0 99.00 
2024 06 26 14 20 311  9.7 11.8 99.00 99.00 99.00 999 1015.9  11.2 999.0  11.1 99.0 99.00 
2024 06 26 14 30 311  9.4 11.7 99.00 99.00 99.00 999 1016.0  11.2 999.0  11.1 99.0 99.00 
2024 06 26 14 40 313  8.7 10.9  1.39 10.00  4.85 281 1016.2  11.2 999.0  11.1 99.0 99.00 
2024 06 26 14 50 314  8.4 10.0 99.00 99.00 99.00 999 1016.2  11.2 999.0  11.1 99.0 99.00 
2024 06 26 15 00 309  7.7  9.6 99.00 99.00 99.00 999 1016.3  11.2 999.0  11.1 99.0 99.00 
2024 06 26 15 10 309  7.6  9.2  1.41  5.00  4.97 329 1016.3  11.1 999.0  11.0 99.0 99.00 
2024 06 26 15 20 306  7.0  8.5 99.00 99.00 99.00 999 1016.4  11.1 999.0  11.0 99.0 99.00 
2024 06 26 15 30 305  7.0  8.6 99.00 99.00 99.00 999 1016.4  11.1 999.0  11.0 99.0 99.00 
2024 06 26 15 40 305  7.1  9.1  1.32  5.00  4.81 327 1016.5  11.1 999.0  11.0 99.0 99.00 
2024 06 26 15 50 305  7.3  9.1 99.00 99.00 99.00 999 1016.5  11.1 999.0  11.0 99.0 99.00 
2024 06 26 16 00 302  7.1  8.9 99.00 99.00 99.00 999 1016.6  11.1 999.0  11.0 99.0 99.00 
2024 06 26 16 10 302  7.4  9.6  1.42 13.79  4.97 215 1016.6  11.1 999.0  11.0 99.0 99.00 
2024 06 26 16 20 302  7.3  8.8 99.00 99.00 99.00 999 1016.6  11.2 999.0  11.0 99.0 99.00 
2024 06 26 16 30 302  7.6  9.5 99.00 99.00 99.00 999 1016.6  11.2 999.0  11.0 99.0 99.00 
2024 06 26 16 40 301  8.3  9.9  1.36  9.09  4.93 287 1016.5  11.3 999.0  11.0 99.0 99.00 
2024 06 26 16 50 300  8.4 10.5 99.00 99.00 99.00 999 1016.4  11.4 999.0  11.0 99.0 99.00 
2024 06 26 17 00 303  8.2 10.0 99.00 99.00 99.00 999 1016.4  11.5 999.0  11.1 99.0 99.00 
2024 06 26 17 10 305  8.3 10.3  1.30  9.09  4.69 292 1016.4  11.6 999.0  11.1 99.0 99.00 
2024 06 26 17 20 307  8.2 10.3 99.00 99.00 99.00 999 1016.5  11.6 999.0  11.1 99.0 99.00 
2024 06 26 17 30 307  7.7  9.4 99.00 99.00 99.00 999 1016.6  11.6 999.0  11.1 99.0 99.00 
2024 06 26 17 40 305  7.9  9.8  1.38 13.79  4.83 206 1016.5  11.6 999.0  11.1 99.0 99.00 
2024 06 26 17 50 304  7.8  9.4 99.00 99.00 99.00 999 1016.5  11.6 999.0  11.1 99.0 99.00 
2024 06 26 18 00 305  8.0  9.9 99.00 99.00 99.00 999 1016.6  11.7 999.0  11.2 99.0 99.00 
2024 06 26 18 10 304  8.0 10.0  1.47 13.79  4.87 206 1016.6  11.7 999.0  11.2 99.0 99.00 
2024 06 26 18 20 305  8.3 10.1 99.00 99.00 99.00 999 1016.6  11.8 999.0  11.3 99.0 99.00 
2024 06 26 18 30 306  8.1  9.8 99.00 99.00 99.00 999 1016.6  11.8 999.0  11.2 99.0 99.00 
2024 06 26 18 40 303  8.0  9.7  1.45 13.79  4.71 217 1016.6  11.8 999.0  11.3 99.0 99.00 
2024 06 26 18 50 303  8.3  9.8 99.00 99.00 99.00 999 1016.5  11.7 999.0  11.2 99.0 99.00 
2024 06 26 19 00 301  8.6 10.6 99.00 99.00 99.00 999 1016.4  11.8 999.0  11.3 99.0 99.00 
2024 06 26 19 10 300  8.4 10.1  1.37 14.81  4.86 219 1016.4  11.8 999.0  11.3 99.0 99.00 
2024 06 26 19 20 300  8.6 10.7 99.00 99.00 99.00 999 1016.3  11.8 999.0  11.3 99.0 99.00 
2024 06 26 19 30 300  8.7 11.0 99.00 99.00 99.00 999 1016.3  11.8 999.0  11.2 99.0 99.00 
2024 06 26 19 40 301  8.9 11.3  1.38  4.55  4.70 320 1016.3  11.9 999.0  11.2 99.0 99.00 
2024 06 26 19 50 300  8.8 10.7 99.00 99.00 99.00 999 1016.3  11.9 999.0  11.2 99.0 99.00 
2024 06 26 20 00 300  8.6 10.3 99.00 99.00 99.00 999 1016.3  11.9 999.0  11.2 99.0 99.00 
2024 06 26 20 10 299  8.5 10.3  1.53  4.76  4.89 307 1016.3  12.0 999.0  11.3 99.0 99.00 
2024 06 26 20 20 298  8.8 10.8 99.00 99.00 99.00 999 1016.1  12.0 999.0  11.3 99.0 99.00 
2024 06 26 20 30 297  9.0 11.4 99.00 99.00 99.00 999 1016.0  11.9 999.0  11.2 99.0 99.00 
2024 06 26 20 40 298  9.0 10.8  1.49  5.00  4.75 316 1015.9  11.9 999.0  11.2 99.0 99.00 
2024 06 26 20 50 300  9.4 11.2 99.00 99.00 99.00 999 1015.9  11.9 999.0  11.2 99.0 99.00 
2024 06 26 21 00 299  9.3 11.0 99.00 99.00 99.00 999 1015.8  12.0 999.0  11.2 99.0 99.00 
2024 06 26 21 10 300  9.2 11.2  1.52  5.00  4.75 319 1015.9  12.0 999.0  11.2 99.0 99.00 
2024 06 26 21 20 302  9.0 11.0 99.00 99.00 99.00 999 1015.9  12.1 999.0  11.4 99.0 99.00 
2024 06 26 21 30 302  9.3 11.2 99.00 99.00 99.00 999 1015.8  12.0 999.0  11.3 99.0 99.00 
2024 06 26 21 40 301  9.4 12.0  1.57  5.00  4.79 315 1015.8  12.0 999.0  11.3 99.0 99.00 
2024 06 26 21 50 301  9.8 12.3 99.00 99.00 99.00 999 1015.8  12.1 999.0  11.5 99.0 99.00 
2024 06 26 22 00 300 10.1 12.7 99.00 99.00 99.00 999 1015.7  12.1 999.0  11.6 99.0 99.00 
2024 06 26 22 10 301 10.2 12.4  1.56  5.00  4.68 311 1015.6  12.1 999.0  11.6 99.0 99.00 
2024 06 26 22 20 300 10.4 12.4 99.00 99.00 99.00 999 1015.6  12.1 999.0  11.6 99.0 99.00 
2024 06 26 22 30 300 10.4 12.6 99.00 99.00 99.00 999 1015.7  12.1 999.0  11.7 99.0 99.00 
2024 06 26 22 40 299 10.5 12.5  1.69  5.26  4.75 320 1015.6  12.1 999.0  11.7 99.0 99.00 
2024 06 26 22 50 300 10.9 13.6 99.00 99.00 99.00 999 1015.4  12.1 999.0  11.7 99.0 99.00 
2024 06 26 23 00 299 10.7 13.0 99.00 99.00 99.00 999 1015.3  12.1 999.0  11.7 99.0 99.00 
2024 06 26 23 10 299 10.7 13.0  1.67  5.26  4.81 313 1015.5  12.1 999.0  11.7 99.0 99.00 
2024 06 26 23 20 301 10.3 12.8 99.00 99.00 99.00 999 1015.5  12.2 999.0  11.6 99.0 99.00 
2024 06 26 23 30 303 10.3 12.6 99.00 99.00 99.00 999 1015.4  12.2 999.0  11.4 99.0 99.00 
2024 06 26 23 40 304 11.0 14.2  1.74  5.56  4.85 320 1015.2  12.3 999.0  11.5 99.0 99.00 
2024 06 26 23 50 304 11.5 14.6 99.00 99.00 99.00 999 1015.3  12.3 999.0  11.5 99.0 99.00 
2024 06 27 00 00 304 11.3 14.3 99.00 99.00 99.00 999 1015.3  12.4 999.0  11.4 99.0 99.00 
2024 06 27 00 10 307 11.2 13.6  1.82  5.88  4.94 321 1015.2  12.4 999.0  11.4 99.0 99.00 
2024 06 27 00 20 308 11.2 14.4 99.00 99.00 99.00 999 1015.1  12.4 999.0  11.4 99.0 99.00 
2024 06 27 00 30 309 10.9 13.4 99.00 99.00 99.00 999 1015.0  12.4 999.0  11.3 99.0 99.00 
2024 06 27 00 40 307 11.7 14.7  1.99  5.56  5.04 315 1014.8  12.5 999.0  11.4 99.0 99.00 
2024 06 27 00 50 303 12.8 15.6 99.00 99.00 99.00 999 1014.5  12.5 999.0  11.3 99.0 99.00 
2024 06 27 01 00 301 13.4 16.5 99.00 99.00 99.00 999 1014.3  12.4 999.0  11.3 99.0 99.00 
2024 06 27 01 10 302 13.4 16.7  1.99  5.88  4.90 326 1014.4  12.4 999.0  11.4 99.0 99.00 
2024 06 27 01 20 302 13.4 16.2 99.00 99.00 99.00 999 1014.3  12.4 999.0  11.4 99.0 99.00 
2024 06 27 01 30 301 13.5 16.8 99.00 99.00 99.00 999 1014.3  12.4 999.0  11.4 99.0 99.00 
2024 06 27 01 40 303 13.3 16.9  2.18  5.88  5.02 318 1014.4  12.4 999.0  11.4 99.0 99.00 
2024 06 27 01 50 301 13.3 16.4 99.00 99.00 99.00 999 1014.4  12.4 999.0  11.4 99.0 99.00 
2024 06 27 02 00 303 13.1 16.0 99.00 99.00 99.00 999 1014.4  12.4 999.0  11.4 99.0 99.00 
2024 06 27 02 10 302 13.2 16.4  2.07  5.56  4.94 320 1014.5  12.4 999.0  11.4 99.0 99.00 
2024 06 27 02 20 302 13.3 16.8 99.00 99.00 99.00 999 1014.5  12.4 999.0  11.4 99.0 99.00 
2024 06 27 02 30 305 12.9 15.8 99.00 99.00 99.00 999 1014.6  12.3 999.0  11.3 99.0 99.00 
2024 06 27 02 40 304 13.0 16.9  2.05  5.88  4.97 322 1014.5  12.3 999.0  11.4 99.0 99.00 
2024 06 27 02 50 305 13.0 16.7 99.00 99.00 99.00 999 1014.6  12.3 999.0  11.3 99.0 99.00 
2024 06 27 03 00 306 13.2 16.2 99.00 99.00 99.00 999 1014.5  12.3 999.0  11.3 99.0 99.00 
2024 06 27 03 10 306 13.6 17.1  2.00  5.56  5.01 321 1014.5  12.3 999.0  11.2 99.0 99.00 
2024 06 27 03 20 307 13.7 17.9 99.00 99.00 99.00 999 1014.4  12.4 999.0  11.3 99.0 99.00 
2024 06 27 03 30 307 14.1 17.7 99.00 99.00 99.00 999 1014.5  12.4 999.0  11.3 99.0 99.00 
2024 06 27 03 40 307 14.1 17.3  2.21  5.88  5.02 320 1014.5  12.4 999.0  11.3 99.0 99.00 
2024 06 27 03 50 306 14.1 17.5 99.00 99.00 99.00 999 1014.6  12.4 999.0  11.4 99.0 99.00 
2024 06 27 04 00 305 13.8 16.8 99.00 99.00 99.00 999 1014.6  12.3 999.0  11.4 99.0 99.00 
2024 06 27 04 10 305 14.0 17.5  1.85  5.56  4.84 318 1014.7  12.2 999.0  11.3 99.0 99.00 
2024 06 27 04 20 306 13.8 17.0 99.00 99.00 99.00 999 1014.7  12.2 999.0  11.4 99.0 99.00 
2024 06 27 04 30 307 13.4 16.4 99.00 99.00 99.00 999 1014.9  12.1 999.0  11.3 99.0 99.00 
2024 06 27 04 40 307 13.6 17.2  2.13  5.56  5.08 321 1015.0  12.1 999.0  11.3 99.0 99.00 
2024 06 27 04 50 309 13.2 16.3 99.00 99.00 99.00 999 1015.2  12.1 999.0  11.3 99.0 99.00 
2024 06 27 05 00 309 12.6 14.8 99.00 99.00 99.00 999 1015.2  12.0 999.0  11.2 99.0 99.00 
2024 06 27 05 10 309 12.6 15.3  1.95  5.56  4.90 323 1015.3  12.0 999.0  11.2 99.0 99.00 
2024 06 27 05 20 309 11.9 14.9 99.00 99.00 99.00 999 1015.5  11.9 999.0  11.1 99.0 99.00 
2024 06 27 05 30 310 11.6 14.4 99.00 99.00 99.00 999 1015.5  11.9 999.0  11.2 99.0 99.00 
2024 06 27 05 40 310 12.1 14.9  1.91  5.88  5.00 325 1015.6  11.9 999.0  11.2 99.0 99.00 
2024 06 27 05 50 309 12.0 14.3 99.00 99.00 99.00 999 1015.4  11.8 999.0  11.1 99.0 99.00 
2024 06 27 06 00 309 12.3 15.0 99.00 99.00 99.00 999 1015.2  11.8 999.0  11.1 99.0 99.00 
2024 06 27 06 10 310 12.6 15.4  1.72  5.56  4.86 321 1015.4  11.8 999.0  11.1 99.0 99.00 
2024 06 27 06 20 309 12.0 15.6 99.00 99.00 99.00 999 1015.5  11.8 999.0  11.1 99.0 99.00 
2024 06 27 06 30 308 11.4 13.5 99.00 99.00 99.00 999 1015.5  11.7 999.0  11.0 99.0 99.00 
2024 06 27 06 40 307 10.9 13.1  1.77  5.26  4.73 326 1015.5  11.6 999.0  10.9 99.0 99.00 
2024 06 27 06 50 309 10.5 12.8 99.00 99.00 99.00 999 1015.6  11.6 999.0  10.9 99.0 99.00 
2024 06 27 07 00 307 10.4 12.1 99.00 99.00 99.00 999 1015.5  11.5 999.0  11.0 99.0 99.00 
2024 06 27 07 10 307  9.9 12.4  1.61  5.56  4.78 320 1015.5  11.5 999.0  11.0 99.0 99.00 
2024 06 27 07 20 307 10.1 12.2 99.00 99.00 99.00 999 1015.3  11.5 999.0  11.0 99.0 99.00 
2024 06 27 07 30 305 10.4 12.4 99.00 99.00 99.00 999 1015.2  11.4 999.0  10.9 99.0 99.00 
2024 06 27 07 40 305 10.1 12.4  1.47  5.00  4.65 321 1015.2  11.3 999.0  10.8 99.0 99.00 
2024 06 27 07 50 306  9.7 11.7 99.00 99.00 99.00 999 1015.2  11.4 999.0  10.9 99.0 99.00 
2024 06 27 08 00 307  9.6 11.5 99.00 99.00 99.00 999 1015.1  11.4 999.0  10.9 99.0 99.00 
2024 06 27 08 10 307  9.6 11.6  1.43  5.00  4.71 322 1015.2  11.4 999.0  10.9 99.0 99.00 
2024 06 27 08 20 305  9.5 11.7 99.00 99.00 99.00 999 1015.0  11.4 999.0  10.9 99.0 99.00 
2024 06 27 08 30 306 10.0 12.1 99.00 99.00 99.00 999 1014.9  11.4 999.0  10.9 99.0 99.00 
2024 06 27 08 40 307 10.3 12.3  1.34 13.79  4.71 242 1014.8  11.5 999.0  11.0 99.0 99.00 
2024 06 27 08 50 307 10.7 13.4 99.00 99.00 99.00 999 1014.6  11.5 999.0  11.0 99.0 99.00 
2024 06 27 09 00 307 10.4 12.3 99.00 99.00 99.00 999 1014.4  11.5 999.0  11.0 99.0 99.00 
2024 06 27 09 10 306  9.7 12.1  1.49 13.79  4.72 271 1014.5  11.4 999.0  11.1 99.0 99.00 
2024 06 27 09 20 306  9.4 11.8 99.00 99.00 99.00 999 1014.4  11.3 999.0  11.1 99.0 99.00 
2024 06 27 09 30 307  9.8 12.1 99.00 99.00 99.00 999 1014.4  11.4 999.0  11.2 99.0 99.00 
2024 06 27 09 40 309  9.9 12.5  1.58 13.79  4.90 224 1014.4  11.4 999.0  11.2 99.0 99.00 
2024 06 27 09 50 309  9.9 12.2 99.00 99.00 99.00 999 1014.4  11.5 999.0  11.3 99.0 99.00 
2024 06 27 10 00 310 10.7 13.8 99.00 99.00 99.00 999 1014.3  11.5 999.0  11.3 99.0 99.00 
2024 06 27 10 10 312 11.1 13.6  1.50  5.00  4.74 312 1014.3  11.4 999.0  11.2 99.0 99.00 
2024 06 27 10 20 313 11.6 15.7 99.00 99.00 99.00 999 1014.2  11.4 999.0  11.2 99.0 99.00 
2024 06 27 10 30 315 11.7 14.9 99.00 99.00 99.00 999 1014.2  11.4 999.0  11.3 99.0 99.00 
2024 06 27 10 40 313 11.6 14.6  1.54  5.26  4.65 308 1014.2  11.4 999.0  11.3 99.0 99.00 
2024 06 27 10 50 312 11.0 14.3 99.00 99.00 99.00 999 1014.3  11.3 999.0  11.2 99.0 99.00 
2024 06 27 11 00 313 10.3 13.2 99.00 99.00 99.00 999 1014.2  11.3 999.0  11.2 99.0 99.00 
2024 06 27 11 10 310 11.0 13.9  1.58  5.26  4.71 314 1014.0  11.3 999.0  11.2 99.0 99.00 
2024 06 27 11 20 310 11.3 14.1 99.00 99.00 99.00 999 1014.0  11.2 999.0  11.1 99.0 99.00 
2024 06 27 11 30 309 11.1 14.6 99.00 99.00 99.00 999 1014.0  11.1 999.0  11.0 99.0 99.00 
2024 06 27 11 40 310 10.8 13.1  1.76  5.56  4.86 316 1014.0  11.2 999.0  11.1 99.0 99.00 
2024 06 27 11 50 309 11.1 13.7 99.00 99.00 99.00 999 1013.9  11.2 999.0  11.1 99.0 99.00 
2024 06 27 12 00 309 11.2 14.2 99.00 99.00 99.00 999 1014.0  11.2 999.0  11.0 99.0 99.00 
2024 06 27 12 10 313 10.7 14.3  1.80  5.88  4.94 312 1014.1  11.2 999.0  11.0 99.0 99.00 
2024 06 27 12 20 313 10.9 13.2 99.00 99.00 99.00 999 1014.1  11.2 999.0  10.9 99.0 99.00 
2024 06 27 12 30 316 11.1 14.6 99.00 99.00 99.00 999 1014.1  11.2 999.0  10.8 99.0 99.00 
2024 06 27 12 40 317 11.5 14.8  1.87  5.88  4.95 308 1014.0  11.3 999.0  10.9 99.0 99.00 
2024 06 27 12 50 318 10.9 14.6 99.00 99.00 99.00 999 1014.0  11.3 999.0  10.9 99.0 99.00 
2024 06 27 13 00 318 11.0 13.6 99.00 99.00 99.00 999 1014.0  11.2 999.0  10.8 99.0 99.00 
2024 06 27 13 10 317 10.7 13.1  1.96  6.25  5.19 317 1013.9  11.2 999.0  10.8 99.0 99.00 
2024 06 27 13 20 316 11.1 14.0 99.00 99.00 99.00 999 1014.0  11.2 999.0  10.8 99.0 99.00 
2024 06 27 13 30 315 11.0 13.5 99.00 99.00 99.00 999 1013.8  11.1 999.0  10.8 99.0 99.00 
2024 06 27 13 40 316 11.3 14.6  2.10  6.25  5.31 310 1013.7  11.2 999.0  10.8 99.0 99.00 
2024 06 27 13 50 314 12.0 14.4 99.00 99.00 99.00 999 1013.6  11.3 999.0  10.9 99.0 99.00 
2024 06 27 14 00 315 12.2 15.1 99.00 99.00 99.00 999 1013.7  11.3 999.0  10.9 99.0 99.00 
2024 06 27 14 10 315 11.8 15.4  2.29  6.67  5.37 317 1013.6  11.2 999.0  10.8 99.0 99.00 
2024 06 27 14 20 314 11.8 14.6 99.00 99.00 99.00 999 1013.5  11.0 999.0  10.7 99.0 99.00 
2024 06 27 14 30 312 12.7 15.7 99.00 99.00 99.00 999 1013.4  11.0 999.0  10.8 99.0 99.00 
2024 06 27 14 40 310 12.8 16.2  2.16  6.67  5.26 317 1013.3  10.9 999.0  10.7 99.0 99.00 
2024 06 27 14 50 310 12.6 15.8 99.00 99.00 99.00 999 1013.4  10.9 999.0  10.8 99.0 99.00 
2024 06 27 15 00 309 12.3 15.5 99.00 99.00 99.00 999 1013.4  10.8 999.0  10.7 99.0 99.00 
2024 06 27 15 10 310 12.6 16.0  2.15  6.67  5.28 306 1013.4  10.8 999.0  10.7 99.0 99.00 
2024 06 27 15 20 309 12.5 15.4 99.00 99.00 99.00 999 1013.6  10.8 999.0  10.7 99.0 99.00 
2024 06 27 15 30 308 12.6 14.9 99.00 99.00 99.00 999 1013.6  10.8 999.0  10.7 99.0 99.00 
2024 06 27 15 40 308 12.4 15.5  2.12  5.88  5.11 311 1013.5  10.8 999.0  10.7 99.0 99.00 
2024 06 27 15 50 309 12.6 15.7 99.00 99.00 99.00 999 1013.5  10.8 999.0  10.7 99.0 99.00 
2024 06 27 16 00 308 12.5 15.7 99.00 99.00 99.00 999 1013.5  10.8 999.0  10.7 99.0 99.00 
2024 06 27 16 10 306 12.2 15.8  2.09  5.88  5.24 315 1013.5  10.8 999.0  10.7 99.0 99.00 
2024 06 27 16 20 307 12.5 15.7 99.00 99.00 99.00 999 1013.5  11.0 999.0  10.9 99.0 99.00 
2024 06 27 16 30 309 12.4 15.4 99.00 99.00 99.00 999 1013.5  11.0 999.0  10.8 99.0 99.00 
2024 06 27 16 40 310 12.4 16.6  2.02  6.25  5.07 315 1013.3  11.0 999.0  10.8 99.0 99.00 
2024 06 27 16 50 306 13.1 16.4 99.00 99.00 99.00 999 1013.3  11.1 999.0  10.9 99.0 99.00 
2024 06 27 17 00 308 13.2 16.4 99.00 99.00 99.00 999 1013.3  11.1 999.0  10.9 99.0 99.00 
2024 06 27 17 10 305 13.3 16.8  2.15  6.25  5.27 311 1013.3  11.1 999.0  10.9 99.0 99.00 
2024 06 27 17 20 304 13.2 16.4 99.00 99.00 99.00 999 1013.2  11.1 999.0  10.9 99.0 99.00 
2024 06 27 17 30 305 13.0 16.1 99.00 99.00 99.00 999 1013.3  11.1 999.0  10.9 99.0 99.00 
2024 06 27 17 40 305 12.7 15.5  2.15  5.88  5.16 316 1013.3  11.1 999.0  10.9 99.0 99.00 
2024 06 27 17 50 307 12.2 15.1 99.00 99.00 99.00 999 1013.4  11.2 999.0  10.9 99.0 99.00 
2024 06 27 18 00 307 12.3 15.6 99.00 99.00 99.00 999 1013.5  11.2 999.0  10.8 99.0 99.00 
2024 06 27 18 10 307 12.0 16.0  2.06  6.67  5.09 319 1013.5  11.2 999.0  10.8 99.0 99.00 
2024 06 27 18 20 307 12.1 14.8 99.00 99.00 99.00 999 1013.6  11.3 999.0  10.9 99.0 99.00 
2024 06 27 18 30 305 12.4 15.8 99.00 99.00 99.00 999 1013.5  11.3 999.0  10.9 99.0 99.00 
2024 06 27 18 40 305 12.2 15.3  1.97  5.56  5.03 313 1013.6  11.3 999.0  10.8 99.0 99.00 
2024 06 27 18 50 307 12.1 14.8 99.00 99.00 99.00 999 1013.6  11.4 999.0  10.9 99.0 99.00 
2024 06 27 19 00 308 11.4 14.1 99.00 99.00 99.00 999 1013.6  11.4 999.0  10.9 99.0 99.00 
2024 06 27 19 10 310 10.9 13.5  1.86  6.25  4.94 311 1013.5  11.4 999.0  10.9 99.0 99.00 
2024 06 27 19 20 308 11.0 13.3 99.00 99.00 99.00 999 1013.5  11.4 999.0  10.9 99.0 99.00 
2024 06 27 19 30 307 11.1 13.4 99.00 99.00 99.00 999 1013.4  11.4 999.0  11.0 99.0 99.00 
2024 06 27 19 40 308 11.0 13.4  2.00  5.56  5.18 313 1013.5  11.4 999.0  11.0 99.0 99.00 
2024 06 27 19 50 310 11.0 13.1 99.00 99.00 99.00 999 1013.5  11.4 999.0  10.9 99.0 99.00 
2024 06 27 20 00 310 10.5 12.9 99.00 99.00 99.00 999 1013.5  11.5 999.0  11.0 99.0 99.00 
2024 06 27 20 10 311 10.4 12.9  1.78  5.88  4.92 319 1013.4  11.4 999.0  10.9 99.0 99.00 
2024 06 27 20 20 310 10.9 13.2 99.00 99.00 99.00 999 1013.3  11.5 999.0  11.0 99.0 99.00 
2024 06 27 20 30 308 10.7 12.8 99.00 99.00 99.00 999 1013.3  11.5 999.0  11.0 99.0 99.00 
2024 06 27 20 40 309 10.5 12.8  1.71  6.67  4.84 313 1013.3  11.5 999.0  11.0 99.0 99.00 
2024 06 27 20 50 310 10.3 13.3 99.00 99.00 99.00 999 1013.3  11.6 999.0  11.0 99.0 99.00 
2024 06 27 21 00 311 10.4 13.1 99.00 99.00 99.00 999 1013.2  11.6 999.0  11.0 99.0 99.00 
2024 06 27 21 10 311 10.8 13.8  1.84  6.25  5.03 315 1013.0  11.6 999.0  11.1 99.0 99.00 
2024 06 27 21 20 312 11.7 14.9 99.00 99.00 99.00 999 1012.9  11.7 999.0  11.2 99.0 99.00 
2024 06 27 21 30 310 11.9 15.6 99.00 99.00 99.00 999 1012.7  11.7 999.0  11.2 99.0 99.00 
2024 06 27 21 40 304 13.1 17.4  1.98  6.67  5.02 321 1012.5  11.8 999.0  11.3 99.0 99.00 
2024 06 27 21 50 304 13.2 16.4 99.00 99.00 99.00 999 1012.5  11.8 999.0  11.3 99.0 99.00 
2024 06 27 22 00 304 13.0 15.8 99.00 99.00 99.00 999 1012.6  11.8 999.0  11.2 99.0 99.00 
2024 06 27 22 10 306 12.7 15.6  2.12  5.88  5.17 321 1012.5  11.8 999.0  11.2 99.0 99.00 
2024 06 27 22 20 307 12.4 15.5 99.00 99.00 99.00 999 1012.5  11.9 999.0  11.2 99.0 99.00 
2024 06 27 22 30 308 12.8 15.9 99.00 99.00 99.00 999 1012.3  11.9 999.0  11.2 99.0 99.00 
2024 06 27 22 40 307 12.9 16.0  2.04  6.67  5.18 318 1012.2  11.9 999.0  11.2 99.0 99.00 
2024 06 27 22 50 307 13.3 16.6 99.00 99.00 99.00 999 1012.2  12.0 999.0  11.4 99.0 99.00 
2024 06 27 23 00 308 12.7 15.2 99.00 99.00 99.00 999 1012.1  11.9 999.0  11.4 99.0 99.00 
2024 06 27 23 10 308 13.0 15.9  2.16  7.14  5.21 320 1011.9  12.0 999.0  11.5 99.0 99.00 
2024 06 27 23 20 307 13.4 16.8 99.00 99.00 99.00 999 1011.7  12.0 999.0  11.5 99.0 99.00 
2024 06 27 23 30 308 13.8 18.3 99.00 99.00 99.00 999 1011.5  12.0 999.0  11.5 99.0 99.00 
2024 06 27 23 40 309 13.7 17.7  2.26  5.88  5.28 321 1011.5  12.1 999.0  11.6 99.0 99.00 
2024 06 27 23 50 310 14.3 17.6 99.00 99.00 99.00 999 1011.4  12.1 999.0  11.6 99.0 99.00 
2024 06 28 00 00 308 14.8 18.4 99.00 99.00 99.00 999 1011.3  12.2 999.0  11.7 99.0 99.00 
2024 06 28 00 10 310 14.5 18.3  2.37  6.67  5.41 329 1011.2  12.2 999.0  11.7 99.0 99.00 
2024 06 28 00 20 310 15.0 19.8 99.00 99.00 99.00 999 1010.9  12.2 999.0  11.7 99.0 99.00 
2024 06 28 00 30 310 14.6 18.6 99.00 99.00 99.00 999 1010.8  12.2 999.0  11.7 99.0 99.00 
2024 06 28 00 40 310 14.8 18.4  2.49  6.25  5.49 333 1010.7  12.2 999.0  11.7 99.0 99.00 
2024 06 28 00 50 310 14.9 18.3 99.00 99.00 99.00 999 1010.7  12.2 999.0  11.7 99.0 99.00 
2024 06 28 01 00 313 14.3 18.5 99.00 99.00 99.00 999 1010.6  12.3 999.0  11.8 99.0 99.00 
2024 06 28 01 10 312 14.7 19.0  2.57  7.14  5.63 328 1010.5  12.4 999.0  11.7 99.0 99.00 
2024 06 28 01 20 313 14.7 18.5 99.00 99.00 99.00 999 1010.5  12.4 999.0  11.7 99.0 99.00 
2024 06 28 01 30 312 15.3 18.6 99.00 99.00 99.00 999 1010.3  12.4 999.0  11.7 99.0 99.00 
2024 06 28 01 40 311 15.0 19.0  2.44  6.67  5.33 331 1010.3  12.4 999.0  11.6 99.0 99.00 
2024 06 28 01 50 310 14.9 18.7 99.00 99.00 99.00 999 1010.4  12.4 999.0  11.6 99.0 99.00 
2024 06 28 02 00 310 14.7 18.3 99.00 99.00 99.00 999 1010.3  12.3 999.0  11.5 99.0 99.00 
2024 06 28 02 10 310 14.5 18.3  2.50  7.14  5.44 320 1010.2  12.3 999.0  11.6 99.0 99.00 
2024 06 28 02 20 310 14.9 18.5 99.00 99.00 99.00 999 1010.2  12.3 999.0  11.6 99.0 99.00 
2024 06 28 02 30 309 15.0 18.3 99.00 99.00 99.00 999 1010.2  12.3 999.0  11.6 99.0 99.00 
2024 06 28 02 40 305 14.9 18.0  2.51  7.14  5.42 327 1010.2  12.2 999.0  11.5 99.0 99.00 
2024 06 28 02 50 307 14.4 17.9 99.00 99.00 99.00 999 1010.3  12.2 999.0  11.6 99.0 99.00 
2024 06 28 03 00 309 14.2 17.9 99.00 99.00 99.00 999 1010.2  12.2 999.0  11.6 99.0 99.00 
2024 06 28 03 10 309 14.2 17.5  2.58  6.67  5.57 330 1010.2  12.2 999.0  11.7 99.0 99.00 
2024 06 28 03 20 309 13.9 17.0 99.00 99.00 99.00 999 1010.2  12.1 999.0  11.6 99.0 99.00 
2024 06 28 03 30 308 14.0 18.3 99.00 99.00 99.00 999 1010.0  12.0 999.0  11.5 99.0 99.00 
2024 06 28 03 40 311 14.1 18.4  2.63  7.14  5.57 324 1010.1  12.0 999.0  11.4 99.0 99.00 
2024 06 28 03 50 312 13.5 17.3 99.00 99.00 99.00 999 1010.1  12.0 999.0  11.3 99.0 99.00 
2024 06 28 04 00 314 12.9 15.9 99.00 99.00 99.00 999 1010.1  12.0 999.0  11.3 99.0 99.00 
2024 06 28 04 10 314 12.8 16.9  2.54  6.67  5.55 323 1010.1  12.0 999.0  11.3 99.0 99.00 
2024 06 28 04 20 313 12.6 15.7 99.00 99.00 99.00 999 1010.2  11.9 999.0  11.2 99.0 99.00 
2024 06 28 04 30 313 12.3 15.4 99.00 99.00 99.00 999 1010.2  11.9 999.0  11.2 99.0 99.00 
2024 06 28 04 40 313 12.3 16.0  2.28  7.14  5.42 322 1010.4  11.8 999.0  11.1 99.0 99.00 
2024 06 28 04 50 313 11.9 15.1 99.00 99.00 99.00 999 1010.4  11.8 999.0  11.1 99.0 99.00 
2024 06 28 05 00 314 11.5 14.4 99.00 99.00 99.00 999 1010.4  11.8 999.0  11.1 99.0 99.00 
2024 06 28 05 10 312 11.8 14.4  2.35  6.67  5.62 323 1010.3  11.8 999.0  11.1 99.0 99.00 
2024 06 28 05 20 311 12.0 14.7 99.00 99.00 99.00 999 1010.2  11.8 999.0  11.1 99.0 99.00 
2024 06 28 05 30 310 12.7 15.5 99.00 99.00 99.00 999 1010.1  11.8 999.0  11.1 99.0 99.00 
2024 06 28 05 40 312 12.6 15.6  2.40  7.14  5.68 319 1010.2  11.7 999.0  11.1 99.0 99.00 
2024 06 28 05 50 311 12.4 15.4 99.00 99.00 99.00 999 1010.0  11.6 999.0  11.1 99.0 99.00 
2024 06 28 06 00 311 12.7 15.5 99.00 99.00 99.00 999 1010.0  11.6 999.0  11.1 99.0 99.00 
2024 06 28 06 10 312 12.6 16.0  2.45  7.14  5.60 324 1009.8  11.6 999.0  11.0 99.0 99.00 
2024 06 28 06 20 312 13.1 17.2 99.00 99.00 99.00 999 1009.7  11.7 999.0  11.0 99.0 99.00 
2024 06 28 06 30 313 12.7 16.3 99.00 99.00 99.00 999 1009.6  11.6 999.0  11.0 99.0 99.00 
2024 06 28 06 40 314 12.8 15.9  2.76  7.69  5.93 309 1009.4  11.6 999.0  11.0 99.0 99.00 
2024 06 28 06 50 313 12.9 16.5 99.00 99.00 99.00 999 1009.4  11.6 999.0  11.0 99.0 99.00 
2024 06 28 07 00 311 12.9 15.9 99.00 99.00 99.00 999 1009.3  11.6 999.0  11.0 99.0 99.00 
2024 06 28 07 10 312 12.9 15.8  2.51  7.14  5.61 319 1009.2  11.5 999.0  11.0 99.0 99.00 
2024 06 28 07 20 314 12.4 14.8 99.00 99.00 99.00 999 1009.2  11.5 999.0  11.0 99.0 99.00 
2024 06 28 07 30 313 12.5 15.9 99.00 99.00 99.00 999 1009.2  11.4 999.0  10.9 99.0 99.00 
2024 06 28 07 40 316 11.9 14.5  2.46  7.14  5.76 322 1009.2  11.4 999.0  10.9 99.0 99.00 
2024 06 28 07 50 316 11.9 15.5 99.00 99.00 99.00 999 1009.3  11.4 999.0  10.9 99.0 99.00 
2024 06 28 08 00 313 12.2 15.4 99.00 99.00 99.00 999 1009.2  11.4 999.0  10.9 99.0 99.00 
2024 06 28 08 10 312 12.0 15.3  2.57  7.69  5.70 318 1009.1  11.4 999.0  10.9 99.0 99.00 
2024 06 28 08 20 312 11.7 14.5 99.00 99.00 99.00 999 1009.2  11.4 999.0  10.9 99.0 99.00 
2024 06 28 08 30 312 12.0 14.5 99.00 99.00 99.00 999 1009.0  11.4 999.0  10.9 99.0 99.00 
2024 06 28 08 40 313 12.2 15.3  2.29  7.14  5.62 321 1008.8  11.4 999.0  11.0 99.0 99.00 
2024 06 28 08 50 312 12.3 14.8 99.00 99.00 99.00 999 1008.8  11.3 999.0  10.9 99.0 99.00 
2024 06 28 09 00 313 11.5 15.2 99.00 99.00 99.00 999 1008.7  11.3 999.0  10.9 99.0 99.00 
2024 06 28 09 10 316 11.1 14.2  2.43  7.14  5.80 319 1008.7  11.3 999.0  10.9 99.0 99.00 
2024 06 28 09 20 315 11.1 13.2 99.00 99.00 99.00 999 1008.5  11.3 999.0  10.9 99.0 99.00 
2024 06 28 09 30 316 10.6 13.1 99.00 99.00 99.00 999 1008.4  11.3 999.0  10.8 99.0 99.00 
2024 06 28 09 40 315 10.9 14.2  2.37  7.14  5.69 319 1008.4  11.4 999.0  10.9 99.0 99.00 
2024 06 28 09 50 313 11.3 14.2 99.00 99.00 99.00 999 1008.3  11.3 999.0  10.8 99.0 99.00 
2024 06 28 10 00 313 11.5 14.5 99.00 99.00 99.00 999 1008.2  11.3 999.0  10.8 99.0 99.00 
2024 06 28 10 10 315 11.9 14.6  2.59  7.14  5.96 321 1008.1  11.3 999.0  10.8 99.0 99.00 
2024 06 28 10 20 315 11.7 14.4 99.00 99.00 99.00 999 1008.1  11.3 999.0  10.8 99.0 99.00 
2024 06 28 10 30 316 11.4 14.1 99.00 99.00 99.00 999 1008.1  11.3 999.0  10.8 99.0 99.00 
2024 06 28 10 40 319 11.3 13.8  2.59  7.69  6.04 321 1008.1  11.3 999.0  10.8 99.0 99.00 
2024 06 28 10 50 319 10.9 13.6 99.00 99.00 99.00 999 1008.1  11.3 999.0  10.8 99.0 99.00 
2024 06 28 11 00 320 10.6 13.7 99.00 99.00 99.00 999 1008.1  11.2 999.0  10.7 99.0 99.00 
2024 06 28 11 10 319 10.7 13.7  2.58  7.69  5.90 315 1008.0  11.2 999.0  10.8 99.0 99.00 
2024 06 28 11 20 318 11.1 14.1 99.00 99.00 99.00 999 1008.0  11.2 999.0  10.8 99.0 99.00 
2024 06 28 11 30 317 11.1 13.5 99.00 99.00 99.00 999 1008.0  11.2 999.0  10.8 99.0 99.00 
2024 06 28 11 40 319 11.1 13.5  2.54  7.69  5.87 316 1008.1  11.3 999.0  10.8 99.0 99.00 
2024 06 28 11 50 319 10.7 13.3 99.00 99.00 99.00 999 1008.1  11.2 999.0  10.7 99.0 99.00 
2024 06 28 12 00 318 10.7 13.3 99.00 99.00 99.00 999 1008.1  11.2 999.0  10.8 99.0 99.00 
2024 06 28 12 10 319 10.9 13.2  2.65  8.33  6.00 316 1008.2  11.2 999.0  10.8 99.0 99.00 
2024 06 28 12 20 320 10.9 13.2 99.00 99.00 99.00 999 1008.2  11.2 999.0  10.8 99.0 99.00 
2024 06 28 12 30 322 11.1 14.0 99.00 99.00 99.00 999 1008.2  11.2 999.0  10.8 99.0 99.00 
2024 06 28 12 40 324 10.3 13.0  2.45  7.69  5.77 325 1008.4  11.1 999.0  10.7 99.0 99.00 
2024 06 28 12 50 325  9.7 12.0 99.00 99.00 99.00 999 1008.4  11.1 999.0  10.7 99.0 99.00 
2024 06 28 13 00 327  9.5 12.0 99.00 99.00 99.00 999 1008.5  11.1 999.0  10.7 99.0 99.00 
2024 06 28 13 10 328  9.2 12.1  2.41  7.69  5.75 318 1008.6  11.0 999.0  10.6 99.0 99.00 
2024 06 28 13 20 330  9.1 11.9 99.00 99.00 99.00 999 1008.6  11.0 999.0  10.6 99.0 99.00 
2024 06 28 13 30 332  8.4 10.8 99.00 99.00 99.00 999 1008.8  11.0 999.0  10.6 99.0 99.00 
2024 06 28 13 40 334  8.1 10.0  2.46  7.14  5.97 318 1008.9  11.0 999.0  10.7 99.0 99.00 
2024 06 28 13 50 331  8.2 10.4 99.00 99.00 99.00 999 1009.0  11.0 999.0  10.6 99.0 99.00 
2024 06 28 14 00 331  8.2 10.3 99.00 99.00 99.00 999 1009.2  11.0 999.0  10.6 99.0 99.00 
2024 06 28 14 10 331  8.2 10.1  2.42  7.69  6.01 318 1009.3  11.0 999.0  10.6 99.0 99.00 
2024 06 28 14 20 331  7.9 10.0 99.00 99.00 99.00 999 1009.2  11.0 999.0  10.6 99.0 99.00 
2024 06 28 14 30 330  8.2 10.3 99.00 99.00 99.00 999 1009.3  11.0 999.0  10.7 99.0 99.00 
2024 06 28 14 40 330  8.1 10.3  2.28  7.69  5.94 319 1009.3  11.0 999.0  10.8 99.0 99.00 
2024 06 28 14 50 331  8.0 10.0 99.00 99.00 99.00 999 1009.4  11.0 999.0  10.8 99.0 99.00 
2024 06 28 15 00 329  8.2 10.2 99.00 99.00 99.00 999 1009.5  10.9 999.0  10.7 99.0 99.00 
2024 06 28 15 10 329  7.8 10.3  2.35  7.69  5.97 318 1009.6  10.9 999.0  10.7 99.0 99.00 
2024 06 28 15 20 329  7.4  9.1 99.00 99.00 99.00 999 1009.7  10.8 999.0  10.6 99.0 99.00 
2024 06 28 15 30 328  7.3  9.3 99.00 99.00 99.00 999 1009.8  10.8 999.0  10.6 99.0 99.00 
2024 06 28 15 40 328  7.0  9.0  2.34  8.33  6.18 316 1009.8  10.8 999.0  10.6 99.0 99.00 
2024 06 28 15 50 324  7.2  9.0 99.00 99.00 99.00 999 1009.8  10.8 999.0  10.6 99.0 99.00 
2024 06 28 16 00 323  7.4  9.2 99.00 99.00 99.00 999 1010.0  10.7 999.0  10.5 99.0 99.00 
2024 06 28 16 10 325  6.8  8.9  2.20  7.69  6.07 322 1010.0  10.7 999.0  10.5 99.0 99.00 
2024 06 28 16 20 326  6.6  8.1 99.00 99.00 99.00 999 1010.0  10.7 999.0  10.5 99.0 99.00 
2024 06 28 16 30 329  6.5  8.1 99.00 99.00 99.00 999 1009.9  10.7 999.0  10.5 99.0 99.00 
2024 06 28 16 40 329  6.3  8.1  2.31  7.69  6.09 324 1009.9  10.7 999.0  10.5 99.0 99.00 
2024 06 28 16 50 326  6.4  7.8 99.00 99.00 99.00 999 1009.8  10.7 999.0  10.5 99.0 99.00 
2024 06 28 17 00 325  6.5  8.1 99.00 99.00 99.00 999 1009.9  10.6 999.0  10.4 99.0 99.00 
2024 06 28 17 10 325  6.9  8.6  2.04  7.14  6.01 321 1009.8  10.7 999.0  10.5 99.0 99.00 
2024 06 28 17 20 328  7.3  9.6 99.00 99.00 99.00 999 1009.8  10.7 999.0  10.5 99.0 99.00 
2024 06 28 17 30 329  7.2  9.2 99.00 99.00 99.00 999 1009.9  10.7 999.0  10.5 99.0 99.00 
2024 06 28 17 40 327  7.1  9.0  2.12  7.69  5.80 325 1010.0  10.6 999.0  10.4 99.0 99.00 
2024 06 28 17 50 326  7.0  8.4 99.00 99.00 99.00 999 1010.1  10.6 999.0  10.4 99.0 99.00 
2024 06 28 18 00 324  7.2  8.9 99.00 99.00 99.00 999 1010.2  10.7 999.0  10.5 99.0 99.00 
2024 06 28 18 10 325  7.2  8.9  2.06  8.33  5.98 313 1010.1  10.7 999.0  10.5 99.0 99.00 
2024 06 28 18 20 327  7.3  8.9 99.00 99.00 99.00 999 1010.2  10.7 999.0  10.5 99.0 99.00 
2024 06 28 18 30 326  7.5  9.1 99.00 99.00 99.00 999 1010.3  10.8 999.0  10.6 99.0 99.00 
2024 06 28 18 40 326  7.5  9.2  2.05  7.69  5.95 319 1010.3  10.8 999.0  10.6 99.0 99.00 
2024 06 28 18 50 324  7.5  9.1 99.00 99.00 99.00 999 1010.4  10.8 999.0  10.6 99.0 99.00 
2024 06 28 19 00 323  7.3  8.8 99.00 99.00 99.00 999 1010.4  10.9 999.0  10.7 99.0 99.00 
2024 06 28 19 10 320  7.4  9.0  1.80  7.69  5.77 316 1010.5  10.9 999.0  10.7 99.0 99.00 
2024 06 28 19 20 319  7.6  9.4 99.00 99.00 99.00 999 1010.4  11.0 999.0  10.8 99.0 99.00 
2024 06 28 19 30 319  7.8  9.9 99.00 99.00 99.00 999 1010.5  11.0 999.0  10.7 99.0 99.00 
2024 06 28 19 40 322  7.8  9.7  1.91  7.14  5.76 318 1010.4  11.1 999.0  10.7 99.0 99.00 
2024 06 28 19 50 322  7.9  9.6 99.00 99.00 99.00 999 1010.3  11.1 999.0  10.7 99.0 99.00 
2024 06 28 20 00 319  8.1 10.5 99.00 99.00 99.00 999 1010.4  11.2 999.0  10.8 99.0 99.00 
2024 06 28 20 10 318  8.5 10.8  1.75  7.69  5.76 315 1010.4  11.2 999.0  10.8 99.0 99.00 
2024 06 28 20 20 319  8.5 10.1 99.00 99.00 99.00 999 1010.5  11.3 999.0  10.9 99.0 99.00 
2024 06 28 20 30 318  8.6 10.4 99.00 99.00 99.00 999 1010.4  11.3 999.0  10.9 99.0 99.00 
2024 06 28 20 40 318  8.6 10.7  1.97  7.69  5.75 318 1010.3  11.3 999.0  10.9 99.0 99.00 
2024 06 28 20 50 320  9.0 11.2 99.00 99.00 99.00 999 1010.1  11.3 999.0  10.9 99.0 99.00 
2024 06 28 21 00 320  9.5 11.6 99.00 99.00 99.00 999 1010.0  11.3 999.0  10.9 99.0 99.00 
2024 06 28 21 10 321  9.4 11.7  2.12  7.69  5.59 324 1010.0  11.4 999.0  11.0 99.0 99.00 
2024 06 28 21 20 320  9.3 11.3 99.00 99.00 99.00 999 1009.8  11.4 999.0  11.0 99.0 99.00 
2024 06 28 21 30 320  9.1 11.1 99.00 99.00 99.00 999 1009.8  11.4 999.0  11.0 99.0 99.00 
2024 06 28 21 40 321  9.2 11.4  2.27  7.69  5.67 317 1009.6  11.4 999.0  10.9 99.0 99.00 
2024 06 28 21 50 320  9.2 11.7 99.00 99.00 99.00 999 1009.5  11.4 999.0  10.9 99.0 99.00 
2024 06 28 22 00 319  9.3 11.8 99.00 99.00 99.00 999 1009.5  11.5 999.0  11.0 99.0 99.00 
2024 06 28 22 10 318  9.1 11.0  2.04  7.69  5.48 322 1009.4  11.5 999.0  10.8 99.0 99.00 
2024 06 28 22 20 318  9.2 11.1 99.00 99.00 99.00 999 1009.4  11.6 999.0  10.9 99.0 99.00 
2024 06 28 22 30 318  9.1 11.8 99.00 99.00 99.00 999 1009.4  11.6 999.0  10.9 99.0 99.00 
2024 06 28 22 40 317  9.4 11.9  2.13  7.69  5.69 314 1009.3  11.6 999.0  10.9 99.0 99.00 
2024 06 28 22 50 317  9.4 11.4 99.00 99.00 99.00 999 1009.2  11.6 999.0  10.9 99.0 99.00 
2024 06 28 23 00 316  9.5 12.2 99.00 99.00 99.00 999 1009.1  11.6 999.0  10.9 99.0 99.00 
2024 06 28 23 10 315  9.6 11.2  2.11  7.69  5.49 313 1009.0  11.6 999.0  10.9 99.0 99.00 
2024 06 28 23 20 316  8.9 11.6 99.00 99.00 99.00 999 1009.0  11.6 999.0  10.9 99.0 99.00 
2024 06 28 23 30 314  8.8 10.7 99.00 99.00 99.00 999 1009.0  11.6 999.0  10.9 99.0 99.00 
2024 06 28 23 40 316  8.9 11.2  2.07  7.69  5.53 315 1008.9  11.7 999.0  11.0 99.0 99.00 
2024 06 28 23 50 318  8.3 10.5 99.00 99.00 99.00 999 1008.7  11.6 999.0  10.9 99.0 99.00 
2024 06 29 00 00 315  8.5 10.3 99.00 99.00 99.00 999 1008.6  11.7 999.0  11.0 99.0 99.00 
2024 06 29 00 10 316  8.2 11.1  2.13  8.33  5.78 321 1008.6  11.7 999.0  10.9 99.0 99.00 
2024 06 29 00 20 316  8.3 10.0 99.00 99.00 99.00 999 1008.4  11.8 999.0  11.0 99.0 99.00 
2024 06 29 00 30 315  8.2 10.3 99.00 99.00 99.00 999 1008.4  11.8 999.0  11.0 99.0 99.00 
2024 06 29 00 40 312  8.1 10.3  2.08  7.69  5.81 317 1008.3  11.9 999.0  11.1 99.0 99.00 
2024 06 29 00 50 312  8.2 10.0 99.00 99.00 99.00 999 1008.2  11.8 999.0  11.0 99.0 99.00 
2024 06 29 01 00 312  8.6 10.6 99.00 99.00 99.00 999 1008.0  11.8 999.0  11.1 99.0 99.00 
2024 06 29 01 10 312  8.9 10.9  2.05  7.69  5.56 316 1008.0  11.8 999.0  11.1 99.0 99.00 
2024 06 29 01 20 314  8.7 10.8 99.00 99.00 99.00 999 1008.0  11.9 999.0  11.1 99.0 99.00 
2024 06 29 01 30 315  8.6 10.4 99.00 99.00 99.00 999 1007.9  11.9 999.0  11.1 99.0 99.00 
2024 06 29 01 40 318  8.7 10.8  2.05  7.69  5.84 317 1007.9  11.9 999.0  11.1 99.0 99.00 
2024 06 29 01 50 316  8.9 10.6 99.00 99.00 99.00 999 1007.9  11.9 999.0  11.1 99.0 99.00 
2024 06 29 02 00 314  8.9 11.3 99.00 99.00 99.00 999 1007.8  11.9 999.0  11.1 99.0 99.00 
2024 06 29 02 10 314  8.6 10.3  2.33  7.69  5.94 315 1007.9  11.9 999.0  11.1 99.0 99.00 
2024 06 29 02 20 316  8.6 11.1 99.00 99.00 99.00 999 1007.8  11.9 999.0  11.1 99.0 99.00 
2024 06 29 02 30 316  8.4 10.6 99.00 99.00 99.00 999 1007.9  12.0 999.0  11.2 99.0 99.00 
2024 06 29 02 40 317  8.5 10.8  2.22  8.33  5.69 310 1007.9  12.0 999.0  11.2 99.0 99.00 
2024 06 29 02 50 321  8.4 10.3 99.00 99.00 99.00 999 1008.1  12.1 999.0  11.3 99.0 99.00 
2024 06 29 03 00 325  7.8 10.1 99.00 99.00 99.00 999 1008.2  12.1 999.0  11.3 99.0 99.00 
2024 06 29 03 10 326  7.9 10.3  2.38  7.69  5.74 315 1008.2  12.1 999.0  11.3 99.0 99.00 
2024 06 29 03 20 326  7.8 10.2 99.00 99.00 99.00 999 1008.2  12.0 999.0  11.2 99.0 99.00 
2024 06 29 03 30 327  7.9 10.0 99.00 99.00 99.00 999 1008.2  11.9 999.0  11.1 99.0 99.00 
2024 06 29 03 40 325  8.6 11.2  2.57  7.69  6.10 320 1008.1  11.8 999.0  11.0 99.0 99.00 
2024 06 29 03 50 323  8.9 10.9 99.00 99.00 99.00 999 1008.1  11.8 999.0  11.1 99.0 99.00 
2024 06 29 04 00 324  9.0 10.8 99.00 99.00 99.00 999 1008.0  11.8 999.0  11.1 99.0 99.00 
2024 06 29 04 10 324  9.3 11.7  2.52  8.33  6.16 317 1007.9  11.8 999.0  11.1 99.0 99.00 
2024 06 29 04 20 324  9.3 11.7 99.00 99.00 99.00 999 1007.9  11.8 999.0  11.1 99.0 99.00 
2024 06 29 04 30 324  9.2 11.3 99.00 99.00 99.00 999 1008.0  11.7 999.0  10.9 99.0 99.00 
2024 06 29 04 40 327  9.1 12.5  2.69  8.33  6.09 317 1008.0  11.8 999.0  11.0 99.0 99.00 
2024 06 29 04 50 329  8.9 11.1 99.00 99.00 99.00 999 1008.1  11.8 999.0  11.0 99.0 99.00 
2024 06 29 05 00 330  8.6 10.5 99.00 99.00 99.00 999 1008.1  11.7 999.0  10.9 99.0 99.00 
2024 06 29 05 10 327  8.9 11.1  2.65  8.33  6.05 321 1008.2  11.6 999.0  10.8 99.0 99.00 
2024 06 29 05 20 327  8.7 10.7 99.00 99.00 99.00 999 1008.2  11.6 999.0  10.8 99.0 99.00 
2024 06 29 05 30 326  8.7 10.4 99.00 99.00 99.00 999 1008.3  11.6 999.0  10.8 99.0 99.00 
2024 06 29 05 40 326  8.4 10.5  2.52  7.14  5.92 317 1008.3  11.6 999.0  10.8 99.0 99.00 
2024 06 29 05 50 326  8.0 10.0 99.00 99.00 99.00 999 1008.4  11.5 999.0  10.7 99.0 99.00 
2024 06 29 06 00 329  7.5  9.3 99.00 99.00 99.00 999 1008.4  11.5 999.0  10.7 99.0 99.00 
2024 06 29 06 10 331  7.3  9.0  2.21  8.33  5.85 316 1008.4  11.4 999.0  10.6 99.0 99.00 
2024 06 29 06 20 333  6.9  8.9 99.00 99.00 99.00 999 1008.4  11.4 999.0  10.6 99.0 99.00 
2024 06 29 06 30 327  7.1  8.5 99.00 99.00 99.00 999 1008.3  11.4 999.0  10.6 99.0 99.00 
2024 06 29 06 40 326  7.1  9.0  2.42  7.69  6.09 313 1008.4  11.4 999.0  10.6 99.0 99.00 
2024 06 29 06 50 326  7.1  9.0 99.00 99.00 99.00 999 1008.4  11.4 999.0  10.6 99.0 99.00 
2024 06 29 07 00 323  7.3  9.2 99.00 99.00 99.00 999 1008.4  11.3 999.0  10.6 99.0 99.00 
2024 06 29 07 10 323  7.4  8.9  2.30  8.33  5.98 312 1008.4  11.2 999.0  10.5 99.0 99.00 
2024 06 29 07 20 326  7.2  9.0 99.00 99.00 99.00 999 1008.5  11.2 999.0  10.5 99.0 99.00 
2024 06 29 07 30 328  7.0  8.6 99.00 99.00 99.00 999 1008.6  11.2 999.0  10.5 99.0 99.00 
2024 06 29 07 40 331  6.7  8.5  2.24  8.33  6.14 307 1008.8  11.2 999.0  10.5 99.0 99.00 
2024 06 29 07 50 328  6.7  8.3 99.00 99.00 99.00 999 1008.7  11.2 999.0  10.5 99.0 99.00 
2024 06 29 08 00 328  6.9  8.7 99.00 99.00 99.00 999 1008.7  11.1 999.0  10.4 99.0 99.00 
2024 06 29 08 10 331  6.6  8.4  2.09  8.33  5.90 311 1008.7  11.1 999.0  10.6 99.0 99.00 
2024 06 29 08 20 333  6.6  8.4 99.00 99.00 99.00 999 1008.7  11.0 999.0  10.5 99.0 99.00 
2024 06 29 08 30 334  7.0  8.6 99.00 99.00 99.00 999 1008.7  11.0 999.0  10.4 99.0 99.00 
2024 06 29 08 40 334  7.0  8.9  2.20  8.33  6.14 321 1008.7  11.0 999.0  10.3 99.0 99.00 
2024 06 29 08 50 336  6.6  8.0 99.00 99.00 99.00 999 1008.7  11.0 999.0  10.3 99.0 99.00 
2024 06 29 09 00 335  6.4  8.4 99.00 99.00 99.00 999 1008.7  10.9 999.0  10.3 99.0 99.00 
2024 06 29 09 10 335  6.1  8.0  2.34  8.33  6.25 308 1008.8  10.9 999.0  10.4 99.0 99.00 
2024 06 29 09 20 330  6.6  8.3 99.00 99.00 99.00 999 1008.7  10.9 999.0  10.4 99.0 99.00 
2024 06 29 09 30 326  7.0  9.4 99.00 99.00 99.00 999 1008.5  10.9 999.0  10.4 99.0 99.00 
2024 06 29 09 40 327  8.1 10.8  2.31  8.33  6.14 311 1008.6  10.9 999.0  10.4 99.0 99.00 
2024 06 29 09 50 329  8.6 11.0 99.00 99.00 99.00 999 1008.6  10.9 999.0  10.4 99.0 99.00 
2024 06 29 10 00 332  8.5 10.2 99.00 99.00 99.00 999 1008.8  10.9 999.0  10.4 99.0 99.00 
2024 06 29 10 10 335  8.1 10.0  2.18  7.69  5.93 316 1008.9  10.8 999.0  10.3 99.0 99.00 
2024 06 29 10 20 336  7.6  9.5 99.00 99.00 99.00 999 1009.0  10.8 999.0  10.3 99.0 99.00 
2024 06 29 10 30 336  7.2  9.3 99.00 99.00 99.00 999 1009.2  10.7 999.0  10.2 99.0 99.00 
2024 06 29 10 40 332  6.3  7.9  2.06  7.69  6.06 306 1009.2  10.7 999.0  10.3 99.0 99.00 
2024 06 29 10 50 327  6.6  8.0 99.00 99.00 99.00 999 1009.1  10.6 999.0  10.2 99.0 99.00 
2024 06 29 11 00 327  6.8  8.6 99.00 99.00 99.00 999 1009.1  10.5 999.0  10.1 99.0 99.00 
2024 06 29 11 10 329  6.0  7.5  2.27  8.33  6.32 307 1009.2  10.4 999.0  10.0 99.0 99.00 
2024 06 29 11 20 336  5.0  6.4 99.00 99.00 99.00 999 1009.3  10.4 999.0  10.1 99.0 99.00 
2024 06 29 11 30 350  3.3  5.0 99.00 99.00 99.00 999 1009.2  10.3 999.0  10.1 99.0 99.00 
2024 06 29 11 40  16  3.2  4.2  2.08  8.33  6.17 305 1009.1  10.3 999.0  10.1 99.0 99.00 
2024 06 29 11 50   2  2.3  3.4 99.00 99.00 99.00 999 1009.3  10.2 999.0  10.0 99.0 99.00 
2024 06 29 12 00 351  2.4  3.3 99.00 99.00 99.00 999 1009.3  10.1 999.0  10.0 99.0 99.00 
2024 06 29 12 10 343  3.0  4.1  2.06  8.33  6.34 306 1009.4  10.1 999.0  10.0 99.0 99.00 
2024 06 29 12 20 335  3.5  4.9 99.00 99.00 99.00 999 1009.6  10.1 999.0  10.0 99.0 99.00 
2024 06 29 12 30 327  3.4  4.6 99.00 99.00 99.00 999 1009.8  10.1 999.0  10.0 99.0 99.00 
2024 06 29 12 40 324  2.9  4.3  2.14  8.33  6.33 305 1009.9  10.1 999.0  10.0 99.0 99.00 
2024 06 29 12 50 322  2.7  3.9 99.00 99.00 99.00 999 1010.0  10.1 999.0  10.0 99.0 99.00 
2024 06 29 13 00 328  2.8  4.2 99.00 99.00 99.00 999 1010.2  10.1 999.0  10.1 99.0 99.00 
2024 06 29 13 10 321  3.0  4.3  2.23  7.69  6.67 316 1010.4  10.1 999.0  10.0 99.0 99.00 
2024 06 29 13 20 334  3.2  4.2 99.00 99.00 99.00 999 1010.4  10.2 999.0  10.1 99.0 99.00 
2024 06 29 13 30 333  2.4  3.9 99.00 99.00 99.00 999 1010.5  10.3 999.0  10.2 99.0 99.00 
2024 06 29 13 40 325  2.8  4.0  2.08  9.09  6.52 297 1010.6  10.3 999.0  10.2 99.0 99.00 
2024 06 29 13 50 335  3.7  5.1 99.00 99.00 99.00 999 1010.7  10.3 999.0  10.2 99.0 99.00 
2024 06 29 14 00 335  3.9  5.2 99.00 99.00 99.00 999 1010.8  10.3 999.0  10.2 99.0 99.00 
2024 06 29 14 10 343  3.6  4.7  1.97  8.33  6.36 301 1010.9  10.4 999.0  10.3 99.0 99.00 
2024 06 29 14 20 357  2.8  4.2 99.00 99.00 99.00 999 1010.9  10.4 999.0  10.3 99.0 99.00 
2024 06 29 14 30  12  2.2  3.2 99.00 99.00 99.00 999 1010.8  10.4 999.0  10.3 99.0 99.00 
2024 06 29 14 40   9  2.0  2.8  1.99  7.69  6.59 312 1010.8  10.4 999.0  10.2 99.0 99.00 
2024 06 29 14 50  24  2.1  2.9 99.00 99.00 99.00 999 1010.8  10.4 999.0  10.2 99.0 99.00 
2024 06 29 15 00  33  1.9  2.6 99.00 99.00 99.00 999 1010.8  10.4 999.0  10.2 99.0 99.00 
2024 06 29 15 10  38  1.9  3.2  2.13  9.09  6.72 295 1010.9  10.5 999.0  10.3 99.0 99.00 
2024 06 29 15 20  69  2.5  4.4 99.00 99.00 99.00 999 1011.0  10.7 999.0  10.5 99.0 99.00 
2024 06 29 15 30  79  2.5  4.4 99.00 99.00 99.00 999 1011.0  10.9 999.0  10.6 99.0 99.00 
2024 06 29 15 40  83  2.2  3.6  2.11  8.33  6.66 306 1011.3  11.0 999.0  10.6 99.0 99.00 
2024 06 29 15 50  85  1.8  3.0 99.00 99.00 99.00 999 1011.4  11.2 999.0  10.8 99.0 99.00 
2024 06 29 16 00  91  1.7  2.9 99.00 99.00 99.00 999 1011.5  11.3 999.0  10.8 99.0 99.00 
2024 06 29 16 10  94  1.7  3.4  2.11  7.69  6.68 315 1011.6  11.2 999.0  10.7 99.0 99.00 
2024 06 29 16 20 108  2.1  3.8 99.00 99.00 99.00 999 1011.6  11.3 999.0  10.8 99.0 99.00 
2024 06 29 16 30 103  2.5  4.2 99.00 99.00 99.00 999 1011.7  11.3 999.0  10.8 99.0 99.00 
2024 06 29 16 40 106  1.6  3.0  2.23  7.69  6.83 319 1011.9  11.4 999.0  10.9 99.0 99.00 
2024 06 29 16 50 129  1.1  2.7 99.00 99.00 99.00 999 1012.0  11.6 999.0  11.1 99.0 99.00 
2024 06 29 17 00 152  0.8  2.4 99.00 99.00 99.00 999 1012.0  11.7 999.0  11.0 99.0 99.00 
2024 06 29 17 10 209  0.6  1.3  2.06  7.69  6.74 321 1012.2  11.7 999.0  11.0 99.0 99.00 
2024 06 29 17 20 209  0.9  1.9 99.00 99.00 99.00 999 1012.3  11.7 999.0  11.0 99.0 99.00 
2024 06 29 17 30 222  1.7  3.2 99.00 99.00 99.00 999 1012.5  11.7 999.0  11.2 99.0 99.00 
2024 06 29 17 40 211  1.9  3.2  2.23  8.33  6.87 301 1012.5  11.6 999.0  11.1 99.0 99.00 
2024 06 29 17 50 167  2.7  4.8 99.00 99.00 99.00 999 1012.6  11.6 999.0  11.1 99.0 99.00 
2024 06 29 18 00 188  3.5  5.2 99.00 99.00 99.00 999 1012.8  11.6 999.0  11.2 99.0 99.00 
2024 06 29 18 10 198  3.4  4.6  2.17  7.69  6.97 314 1013.0  11.6 999.0  11.3 99.0 99.00 
2024 06 29 18 20 192  3.4  4.8 99.00 99.00 99.00 999 1013.1  11.5 999.0  11.3 99.0 99.00 
2024 06 29 18 30 196  3.5  4.6 99.00 99.00 99.00 999 1013.4  11.5 999.0  11.3 99.0 99.00 
2024 06 29 18 40 206  3.5  5.0  1.93  7.69  6.58 310 1013.6  11.5 999.0  11.3 99.0 99.00 
2024 06 29 18 50 231  3.1  4.1 99.00 99.00 99.00 999 1013.7  11.4 999.0  11.2 99.0 99.00 
2024 06 29 19 00 243  2.8  4.0 99.00 99.00 99.00 999 1013.6  11.4 999.0  11.1 99.0 99.00 
2024 06 29 19 10 240  2.3  3.5  2.07  9.09  6.78 298 1013.7  11.5 999.0  11.1 99.0 99.00 
2024 06 29 19 20 258  1.4  2.2 99.00 99.00 99.00 999 1013.7  11.5 999.0  11.1 99.0 99.00 
2024 06 29 19 30 269  1.4  2.3 99.00 99.00 99.00 999 1013.7  11.5 999.0  11.1 99.0 99.00 
2024 06 29 19 40 251  0.6  1.7  1.89  9.09  6.49 295 1013.6  11.6 999.0  11.2 99.0 99.00 
2024 06 29 19 50 217  0.5  1.5 99.00 99.00 99.00 999 1013.7  11.8 999.0  11.3 99.0 99.00 
2024 06 29 20 00 212  1.0  1.8 99.00 99.00 99.00 999 1013.6  11.8 999.0  11.3 99.0 99.00 
2024 06 29 20 10 242  1.1  2.4  1.75  7.69  6.12 319 1013.7  11.8 999.0  11.3 99.0 99.00 
2024 06 29 20 20 272  1.5  2.5 99.00 99.00 99.00 999 1013.5  11.8 999.0  11.3 99.0 99.00 
2024 06 29 20 30 291  1.4  2.8 99.00 99.00 99.00 999 1013.6  11.9 999.0  11.2 99.0 99.00 
2024 06 29 20 40 322  1.9  3.3  1.95  8.33  6.46 301 1013.6  12.0 999.0  11.3 99.0 99.00 
2024 06 29 20 50 325  2.9  4.4 99.00 99.00 99.00 999 1013.6  11.9 999.0  11.2 99.0 99.00 
2024 06 29 21 00 320  4.1  5.3 99.00 99.00 99.00 999 1013.8  11.9 999.0  11.3 99.0 99.00 
2024 06 29 21 10 328  3.7  4.9  1.86  8.33  6.38 295 1013.6  11.9 999.0  11.4 99.0 99.00 
2024 06 29 21 20 323  4.2  5.9 99.00 99.00 99.00 999 1013.6  12.0 999.0  11.6 99.0 99.00 
2024 06 29 21 30 321  5.5  8.0 99.00 99.00 99.00 999 1013.5  12.1 999.0  11.6 99.0 99.00 
2024 06 29 21 40 320  5.9  8.0  1.72  8.33  6.34 307 1013.3  12.2 999.0  11.7 99.0 99.00 
2024 06 29 21 50 320  5.9  7.1 99.00 99.00 99.00 999 1013.2  12.1 999.0  11.6 99.0 99.00 
2024 06 29 22 00 322  6.1  7.4 99.00 99.00 99.00 999 1013.1  12.1 999.0  11.6 99.0 99.00 
2024 06 29 22 10 321  6.3  8.0  1.79  8.33  6.23 307 1013.0  12.1 999.0  11.6 99.0 99.00 
2024 06 29 22 20 320  6.8  8.4 99.00 99.00 99.00 999 1012.8  12.1 999.0  11.6 99.0 99.00 
2024 06 29 22 30 314  7.8  9.7 99.00 99.00 99.00 999 1012.6  12.1 999.0  11.6 99.0 99.00 
2024 06 29 22 40 318  7.7  9.6  1.65  7.14  6.00 313 1012.5  12.1 999.0  11.6 99.0 99.00 
2024 06 29 22 50 316  7.7  9.8 99.00 99.00 99.00 999 1012.4  12.0 999.0  11.4 99.0 99.00 
2024 06 29 23 00 315  7.8 10.1 99.00 99.00 99.00 999 1012.3  12.0 999.0  11.3 99.0 99.00 
2024 06 29 23 10 315  8.5 10.6  1.71  7.69  5.73 322 1012.2  12.2 999.0  11.4 99.0 99.00 
2024 06 29 23 20 314  8.8 10.8 99.00 99.00 99.00 999 1012.2  12.3 999.0  11.5 99.0 99.00 
2024 06 29 23 30 318  8.7 10.8 99.00 99.00 99.00 999 1012.2  12.3 999.0  11.5 99.0 99.00 
2024 06 29 23 40 321  8.5 10.2  1.81  7.69  5.62 301 1012.1  12.4 999.0  11.4 99.0 99.00 
2024 06 29 23 50 321  8.7 10.6 99.00 99.00 99.00 999 1011.9  12.6 999.0  11.5 99.0 99.00 
2024 06 30 00 00 313  9.5 11.7 99.00 99.00 99.00 999 1011.7  12.7 999.0  11.5 99.0 99.00 
2024 06 30 00 10 313  9.9 12.2  1.88  7.69  5.36 295 1011.7  12.9 999.0  11.6 99.0 99.00 
2024 06 30 00 20 320  9.9 12.2 99.00 99.00 99.00 999 1011.8  13.3 999.0  11.7 99.0 99.00 
2024 06 30 00 30 325  9.3 12.3 99.00 99.00 99.00 999 1011.7  13.5 999.0  11.8 99.0 99.00 
2024 06 30 00 40 317 10.3 13.6  2.08  7.14  5.36 307 1011.5  13.6 999.0  11.7 99.0 99.00 
2024 06 30 00 50 308 11.4 14.1 99.00 99.00 99.00 999 1011.4  13.7 999.0  11.7 99.0 99.00 
2024 06 30 01 00 309 11.8 14.1 99.00 99.00 99.00 999 1011.3  13.7 999.0  11.7 99.0 99.00 
2024 06 30 01 10 310 12.0 14.5  2.31  7.69  5.53 307 1011.2  13.9 999.0  11.7 99.0 99.00 
2024 06 30 01 20 314 11.0 13.2 99.00 99.00 99.00 999 1011.2  14.2 999.0  11.7 99.0 99.00 
2024 06 30 01 30 316 10.9 12.9 99.00 99.00 99.00 999 1011.1  14.4 999.0  11.7 99.0 99.00 
2024 06 30 01 40 311 11.5 13.9  2.41  7.14  5.48 312 1011.2  14.2 999.0  11.6 99.0 99.00 
2024 06 30 01 50 312 11.6 14.3 99.00 99.00 99.00 999 1011.4  14.1 999.0  11.6 99.0 99.00 
2024 06 30 02 00 308 11.7 14.3 99.00 99.00 99.00 999 1011.4  13.8 999.0  11.5 99.0 99.00 
2024 06 30 02 10 307 11.7 14.7  2.23  7.14  5.54 313 1011.5  13.6 999.0  11.5 99.0 99.00 
2024 06 30 02 20 309 11.6 14.9 99.00 99.00 99.00 999 1011.4  13.7 999.0  11.5 99.0 99.00 
2024 06 30 02 30 311 11.6 14.2 99.00 99.00 99.00 999 1011.5  13.9 999.0  11.6 99.0 99.00 
2024 06 30 02 40 312 11.9 15.3  2.28  7.69  5.49 322 1011.5  14.3 999.0  11.7 99.0 99.00 
2024 06 30 02 50 312 11.7 14.4 99.00 99.00 99.00 999 1011.7  14.4 999.0  11.8 99.0 99.00 
2024 06 30 03 00 309 11.9 14.2 99.00 99.00 99.00 999 1011.8  14.3 999.0  11.7 99.0 99.00 
2024 06 30 03 10 307 11.4 14.3  2.14  8.33  5.35 304 1011.8  13.9 999.0  11.7 99.0 99.00 
2024 06 30 03 20 306 12.2 14.8 99.00 99.00 99.00 999 1011.8  13.6 999.0  11.7 99.0 99.00 
2024 06 30 03 30 306 11.9 14.8 99.00 99.00 99.00 999 1011.9  13.3 999.0  11.5 99.0 99.00 
2024 06 30 03 40 307 12.2 14.9  2.20  7.69  5.30 309 1011.9  13.4 999.0  11.7 99.0 99.00 
2024 06 30 03 50 309 12.6 15.2 99.00 99.00 99.00 999 1011.9  13.5 999.0  11.7 99.0 99.00 
2024 06 30 04 00 309 13.2 17.0 99.00 99.00 99.00 999 1011.8  13.5 999.0  11.7 99.0 99.00 
2024 06 30 04 10 310 13.2 15.7  2.17  5.88  5.25 311 1012.0  13.3 999.0  11.7 99.0 99.00 
2024 06 30 04 20 310 12.8 16.0 99.00 99.00 99.00 999 1012.0  13.1 999.0  11.6 99.0 99.00 
2024 06 30 04 30 310 13.0 16.0 99.00 99.00 99.00 999 1012.0  12.9 999.0  11.5 99.0 99.00 
2024 06 30 04 40 310 12.9 16.4  2.22  6.25  5.26 324 1012.2  12.7 999.0  11.5 99.0 99.00 
2024 06 30 04 50 311 13.0 16.4 99.00 99.00 99.00 999 1012.2  12.7 999.0  11.6 99.0 99.00 
2024 06 30 05 00 312 13.2 16.2 99.00 99.00 99.00 999 1012.3  12.7 999.0  11.6 99.0 99.00 
2024 06 30 05 10 312 12.8 16.0  2.37  6.25  5.33 317 1012.4  12.7 999.0  11.6 99.0 99.00 
2024 06 30 05 20 313 12.5 15.4 99.00 99.00 99.00 999 1012.5  12.7 999.0  11.5 99.0 99.00 
2024 06 30 05 30 317 11.9 15.3 99.00 99.00 99.00 999 1012.5  12.7 999.0  11.5 99.0 99.00 
2024 06 30 05 40 315 12.5 15.2  2.21  7.69  5.40 307 1012.5  12.9 999.0  11.6 99.0 99.00 
2024 06 30 05 50 317 12.3 15.3 99.00 99.00 99.00 999 1012.5  13.3 999.0  11.7 99.0 99.00 
2024 06 30 06 00 317 11.2 14.1 99.00 99.00 99.00 999 1012.5  13.3 999.0  11.6 99.0 99.00 
2024 06 30 06 10 316 11.7 14.4  2.26  7.14  5.43 312 1012.6  13.0 999.0  11.6 99.0 99.00 
2024 06 30 06 20 317 11.0 13.7 99.00 99.00 99.00 999 1012.5  12.9 999.0  11.5 99.0 99.00 
2024 06 30 06 30 317 10.9 14.1 99.00 99.00 99.00 999 1012.5  13.3 999.0  11.6 99.0 99.00 
2024 06 30 06 40 316 11.0 13.7  2.14  7.14  5.30 309 1012.4  13.7 999.0  11.6 99.0 99.00 
2024 06 30 06 50 312 12.0 14.5 99.00 99.00 99.00 999 1012.5  13.9 999.0  11.7 99.0 99.00 
2024 06 30 07 00 312 12.3 15.2 99.00 99.00 99.00 999 1012.6  13.7 999.0  11.6 99.0 99.00 
2024 06 30 07 10 313 12.0 14.5  2.39  6.67  5.48 313 1012.7  13.5 999.0  11.5 99.0 99.00 
2024 06 30 07 20 314 11.3 13.7 99.00 99.00 99.00 999 1012.7  13.4 999.0  11.5 99.0 99.00 
2024 06 30 07 30 314 11.5 14.5 99.00 99.00 99.00 999 1012.8  13.4 999.0  11.5 99.0 99.00 
2024 06 30 07 40 313 11.7 13.8  2.18  7.14  5.37 305 1012.7  13.5 999.0  11.5 99.0 99.00 
2024 06 30 07 50 314 11.7 14.4 99.00 99.00 99.00 999 1012.7  13.3 999.0  11.5 99.0 99.00 
2024 06 30 08 00 313 11.6 14.1 99.00 99.00 99.00 999 1012.8  12.9 999.0  11.3 99.0 99.00 
2024 06 30 08 10 312 11.5 14.2  2.23  7.14  5.45 299 1012.7  12.7 999.0  11.3 99.0 99.00 
2024 06 30 08 20 310 12.1 15.1 99.00 99.00 99.00 999 1012.6  12.7 999.0  11.3 99.0 99.00 
2024 06 30 08 30 311 11.8 14.3 99.00 99.00 99.00 999 1012.7  12.7 999.0  11.2 99.0 99.00 
2024 06 30 08 40 313 11.5 14.0  2.26  6.67  5.41 315 1012.8  12.8 999.0  11.3 99.0 99.00 
2024 06 30 08 50 313 11.2 14.2 99.00 99.00 99.00 999 1012.9  13.0 999.0  11.3 99.0 99.00 
2024 06 30 09 00 312 11.2 14.1 99.00 99.00 99.00 999 1012.9  13.1 999.0  11.3 99.0 99.00 
2024 06 30 09 10 314 11.1 13.7  2.24  7.14  5.53 310 1013.0  12.9 999.0  11.2 99.0 99.00 
2024 06 30 09 20 313 11.1 14.1 99.00 99.00 99.00 999 1013.1  12.6 999.0  11.2 99.0 99.00 
2024 06 30 09 30 314 11.6 13.9 99.00 99.00 99.00 999 1013.1  12.5 999.0  11.2 99.0 99.00 
2024 06 30 09 40 314 11.7 14.7  2.23  7.14  5.35 311 1013.1  12.3 999.0  11.2 99.0 99.00 
2024 06 30 09 50 313 11.5 13.9 99.00 99.00 99.00 999 1013.2  12.3 999.0  11.2 99.0 99.00 
2024 06 30 10 00 309 11.6 14.5 99.00 99.00 99.00 999 1013.2  12.1 999.0  11.1 99.0 99.00 
2024 06 30 10 10 307 12.4 15.7  2.28  7.14  5.36 312 1013.3  12.1 999.0  11.1 99.0 99.00 
2024 06 30 10 20 308 11.3 13.8 99.00 99.00 99.00 999 1013.4  12.0 999.0  11.2 99.0 99.00 
2024 06 30 10 30 307 11.2 14.1 99.00 99.00 99.00 999 1013.5  11.9 999.0  11.1 99.0 99.00 
2024 06 30 10 40 305 11.1 13.9  2.19  7.14  5.42 311 1013.5  11.8 999.0  11.0 99.0 99.00 
2024 06 30 10 50 307 11.1 14.1 99.00 99.00 99.00 999 1013.7  11.9 999.0  11.1 99.0 99.00 
2024 06 30 11 00 309 10.3 12.2 99.00 99.00 99.00 999 1013.8  11.8 999.0  11.1 99.0 99.00 
2024 06 30 11 10 310  9.8 12.0  1.98  7.69  5.26 305 1013.8  11.6 999.0  11.0 99.0 99.00 
2024 06 30 11 20 310 10.0 12.5 99.00 99.00 99.00 999 1013.8  11.6 999.0  11.0 99.0 99.00 
2024 06 30 11 30 312 10.2 12.4 99.00 99.00 99.00 999 1013.8  11.8 999.0  11.1 99.0 99.00 
2024 06 30 11 40 311 10.6 13.0  2.06  6.25  5.36 311 1013.8  11.8 999.0  11.1 99.0 99.00 
2024 06 30 11 50 311 10.8 13.2 99.00 99.00 99.00 999 1013.9  11.8 999.0  11.1 99.0 99.00 
2024 06 30 12 00 312 10.6 12.4 99.00 99.00 99.00 999 1014.1  11.8 999.0  11.1 99.0 99.00 
2024 06 30 12 10 315 10.5 13.1  2.09  6.67  5.29 310 1014.0  11.8 999.0  11.1 99.0 99.00 
2024 06 30 12 20 315 10.6 13.4 99.00 99.00 99.00 999 1014.0  11.9 999.0  11.2 99.0 99.00 
2024 06 30 12 40 309 11.0 13.3 99.00 99.00 99.00 999 1014.1  11.9 999.0  11.2 99.0 99.00 
2024 06 30 12 50 308 11.4 15.2 99.00 99.00 99.00 999 1014.0  11.9 999.0  11.2 99.0 99.00 
2024 06 30 13 00 307 11.4 14.1 99.00 99.00 99.00 999 1014.2  11.9 999.0  11.2 99.0 99.00 
2024 06 30 13 10 306 11.7 14.3  2.12  6.67  5.14 314 1014.3  11.9 999.0  11.2 99.0 99.00 
2024 06 30 13 20 306 11.9 14.2 99.00 99.00 99.00 999 1014.4  11.9 999.0  11.3 99.0 99.00 
2024 06 30 13 30 308 11.6 14.0 99.00 99.00 99.00 999 1014.5  11.9 999.0  11.4 99.0 99.00 
2024 06 30 13 40 306 11.4 14.0  2.23  6.25  5.44 316 1014.6  11.9 999.0  11.4 99.0 99.00 
2024 06 30 13 50 305 11.4 13.9 99.00 99.00 99.00 999 1014.7  11.8 999.0  11.3 99.0 99.00 
2024 06 30 14 00 307 11.2 13.6 99.00 99.00 99.00 999 1014.7  11.8 999.0  11.3 99.0 99.00 
2024 06 30 14 10 306 11.5 14.0  2.00  6.67  5.22 313 1014.7  11.9 999.0  11.4 99.0 99.00 
2024 06 30 14 20 305 12.0 14.6 99.00 99.00 99.00 999 1014.7  11.9 999.0  11.4 99.0 99.00 
2024 06 30 14 30 304 11.9 15.0 99.00 99.00 99.00 999 1014.7  12.0 999.0  11.5 99.0 99.00 
2024 06 30 14 40 305 11.6 14.3  1.94  6.25  5.13 313 1014.9  12.0 999.0  11.5 99.0 99.00 
2024 06 30 14 50 301 11.9 14.8 99.00 99.00 99.00 999 1014.9  11.9 999.0  11.4 99.0 99.00 
2024 06 30 15 00 300 11.8 14.8 99.00 99.00 99.00 999 1015.0  11.9 999.0  11.5 99.0 99.00 
2024 06 30 15 10 301 11.7 14.1  2.03  6.25  5.12 320 1015.1  11.8 999.0  11.4 99.0 99.00 
2024 06 30 15 20 301 12.1 15.0 99.00 99.00 99.00 999 1015.1  11.7 999.0  11.3 99.0 99.00 
2024 06 30 15 30 304 12.0 14.4 99.00 99.00 99.00 999 1015.2  11.7 999.0  11.4 99.0 99.00 
2024 06 30 15 40 304 11.9 14.8  1.96  6.25  5.10 317 1015.2  11.7 999.0  11.4 99.0 99.00 
2024 06 30 15 50 306 11.8 14.1 99.00 99.00 99.00 999 1015.4  11.7 999.0  11.4 99.0 99.00 
2024 06 30 16 00 306 11.8 15.3 99.00 99.00 99.00 999 1015.4  11.7 999.0  11.5 99.0 99.00 
2024 06 30 16 10 306 11.7 14.3  2.06  6.25  5.14 314 1015.5  11.6 999.0  11.4 99.0 99.00 
2024 06 30 16 20 307 11.2 13.5 99.00 99.00 99.00 999 1015.5  11.6 999.0  11.4 99.0 99.00 
2024 06 30 16 30 305 11.6 14.3 99.00 99.00 99.00 999 1015.5  11.6 999.0  11.4 99.0 99.00 
2024 06 30 16 40 303 12.1 14.9  2.11  5.88  5.22 314 1015.6  11.6 999.0  11.4 99.0 99.00 
2024 06 30 16 50 299 11.5 14.6 99.00 99.00 99.00 999 1015.7  11.4 999.0  11.2 99.0 99.00 
2024 06 30 17 00 301 11.5 14.3 99.00 99.00 99.00 999 1015.8  11.4 999.0  11.2 99.0 99.00 
2024 06 30 17 10 301 11.6 14.3  2.11  6.67  5.28 311 1015.8  11.4 999.0  11.3 99.0 99.00 
2024 06 30 17 20 300 11.7 14.2 99.00 99.00 99.00 999 1015.8  11.4 999.0  11.3 99.0 99.00 
2024 06 30 17 30 300 12.2 14.7 99.00 99.00 99.00 999 1015.8  11.5 999.0  11.4 99.0 99.00 
2024 06 30 17 40 300 12.4 15.5  2.07  6.25  5.13 315 1015.9  11.4 999.0  11.3 99.0 99.00 
2024 06 30 17 50 302 12.5 15.2 99.00 99.00 99.00 999 1016.0  11.4 999.0  11.3 99.0 99.00 
2024 06 30 18 00 302 12.3 15.4 99.00 99.00 99.00 999 1016.1  11.3 999.0  11.3 99.0 99.00 
2024 06 30 18 10 303 12.1 15.2  2.18  6.25  5.13 310 1016.0  11.3 999.0  11.3 99.0 99.00 
2024 06 30 18 20 302 12.2 15.5 99.00 99.00 99.00 999 1016.1  11.4 999.0  11.4 99.0 99.00 
2024 06 30 18 30 303 12.1 15.0 99.00 99.00 99.00 999 1016.2  11.5 999.0  11.5 99.0 99.00 
2024 06 30 18 40 303 12.4 15.3  2.16  6.25  5.14 310 1016.2  11.6 999.0  11.5 99.0 99.00 
2024 06 30 18 50 304 12.4 15.3 99.00 99.00 99.00 999 1016.3  11.6 999.0  11.5 99.0 99.00 
2024 06 30 19 00 303 12.3 15.1 99.00 99.00 99.00 999 1016.2  11.7 999.0  11.6 99.0 99.00 
2024 06 30 19 10 304 12.2 15.4  2.21  6.67  5.38 307 1016.1  11.6 999.0  11.5 99.0 99.00 
2024 06 30 19 20 305 12.3 15.3 99.00 99.00 99.00 999 1016.2  11.6 999.0  11.5 99.0 99.00 
2024 06 30 19 30 306 12.5 15.2 99.00 99.00 99.00 999 1016.1  11.6 999.0  11.5 99.0 99.00 
2024 06 30 19 40 304 12.9 15.4  2.14  6.67  5.29 305 1016.0  11.6 999.0  11.5 99.0 99.00 
2024 06 30 19 50 303 13.2 16.1 99.00 99.00 99.00 999 1016.0  11.6 999.0  11.6 99.0 99.00 
2024 06 30 20 00 302 13.5 16.3 99.00 99.00 99.00 999 1015.9  11.5 999.0  11.5 99.0 99.00 
2024 06 30 20 10 302 13.8 18.5  2.14  5.56  5.10 314 1015.9  11.5 999.0  11.5 99.0 99.00 
2024 06 30 20 20 302 13.7 17.1 99.00 99.00 99.00 999 1015.8  11.5 999.0  11.5 99.0 99.00 
2024 06 30 20 30 302 14.0 17.2 99.00 99.00 99.00 999 1015.7  11.5 999.0  11.5 99.0 99.00 
2024 06 30 20 40 303 14.1 17.0  2.34  6.67  5.44 323 1015.7  11.5 999.0  11.5 99.0 99.00 
2024 06 30 20 50 304 14.1 17.3 99.00 99.00 99.00 999 1015.7  11.5 999.0  11.5 99.0 99.00 
2024 06 30 21 00 304 13.5 17.5 99.00 99.00 99.00 999 1015.8  11.5 999.0  11.5 99.0 99.00 
2024 06 30 21 10 306 13.2 16.9  2.09  6.67  5.15 315 1016.0  11.5 999.0  11.5 99.0 99.00 
2024 06 30 21 20 305 13.4 17.1 99.00 99.00 99.00 999 1015.8  11.6 999.0  11.6 99.0 99.00 
2024 06 30 21 30 303 13.3 16.7 99.00 99.00 99.00 999 1015.9  11.5 999.0  11.5 99.0 99.00 
2024 06 30 21 40 301 13.0 15.4  2.23  6.67  5.27 313 1015.8  11.6 999.0  11.6 99.0 99.00 
2024 06 30 21 50 300 12.9 16.0 99.00 99.00 99.00 999 1015.7  11.5 999.0  11.5 99.0 99.00 
2024 06 30 22 00 301 12.6 16.0 99.00 99.00 99.00 999 1015.8  11.5 999.0  11.5 99.0 99.00 
2024 06 30 22 10 301 12.3 15.2  2.14  6.25  5.10 323 1015.7  11.5 999.0  11.5 99.0 99.00 
2024 06 30 22 20 301 12.6 15.2 99.00 99.00 99.00 999 1015.6  11.6 999.0  11.6 99.0 99.00 
2024 06 30 22 30 301 12.6 15.3 99.00 99.00 99.00 999 1015.5  11.6 999.0  11.6 99.0 99.00 
2024 06 30 22 40 300 12.5 15.2  2.19  5.88  5.17 322 1015.3  11.6 999.0  11.6 99.0 99.00 
2024 06 30 22 50 300 12.7 15.4 99.00 99.00 99.00 999 1015.3  11.6 999.0  11.6 99.0 99.00 
2024 06 30 23 00 300 12.4 14.9 99.00 99.00 99.00 999 1015.3  11.6 999.0  11.6 99.0 99.00 
2024 06 30 23 10 303 11.9 15.2  2.13  6.67  5.27 314 1015.2  11.6 999.0  11.6 99.0 99.00 
2024 06 30 23 20 302 12.4 15.5 99.00 99.00 99.00 999 1015.0  11.7 999.0  11.7 99.0 99.00 
2024 06 30 23 30 303 13.3 16.7 99.00 99.00 99.00 999 1014.9  11.7 999.0  11.7 99.0 99.00 
2024 06 30 23 40 303 13.2 16.3  2.33  6.25  5.29 327 1014.7  11.7 999.0  11.7 99.0 99.00 
2024 06 30 23 50 303 13.4 16.6 99.00 99.00 99.00 999 1014.4  11.7 999.0  11.7 99.0 99.00 