#YY  MM DD hh mm WDIR WSPD GST  WVHT   DPD   APD MWD   PRES  ATMP  WTMP  DEWP  VIS  TIDE
#yr  mo dy hr mn degT m/s  m/s     m   sec   sec deg    hPa  degC  degC  degC  nmi    ft
2024 03 01 00 00 245  5.9  8.0 99.00 99.00 99.00 999 1014.2  11.5 999.0  10.1 99.0 99.00 
2024 03 01 00 10 240  5.9  7.6  3.36 11.43  7.46 305 1014.1  11.5 999.0  10.2 99.0 99.00 
2024 03 01 00 20 235  5.9  7.5 99.00 99.00 99.00 999 1014.0  11.6 999.0  10.4 99.0 99.00 
2024 03 01 00 30 240  5.8  7.4 99.00 99.00 99.00 999 1013.9  11.5 999.0  10.2 99.0 99.00 
2024 03 01 00 40 236  5.6  7.5  3.13 11.43  7.39 305 1013.9  11.6 999.0  10.1 99.0 99.00 
2024 03 01 00 50 239  6.1  7.9 99.00 99.00 99.00 999 1014.0  11.8 999.0   9.9 99.0 99.00 
2024 03 01 01 00 237  6.3  7.9 99.00 99.00 99.00 999 1014.0  11.9 999.0   9.8 99.0 99.00 
2024 03 01 01 10 248  6.3  9.4  3.10 10.81  7.58 304 1014.3  11.9 999.0   9.9 99.0 99.00 
2024 03 01 01 20 278  7.4  9.8 99.00 99.00 99.00 999 1014.4  11.2 999.0   9.5 99.0 99.00 
2024 03 01 01 30 265  6.6  8.9 99.00 99.00 99.00 999 1014.5  10.8 999.0   9.3 99.0 99.00 
2024 03 01 01 40 257  6.3  8.4  2.95 12.12  7.63 300 1014.4  10.6 999.0   9.3 99.0 99.00 
2024 03 01 01 50 240  4.7  6.6 99.00 99.00 99.00 999 1014.3  10.5 999.0   9.2 99.0 99.00 
2024 03 01 02 00 235  4.4  5.8 99.00 99.00 99.00 999 1014.4  10.7 999.0   9.2 99.0 99.00 
2024 03 01 02 10 232  4.2  5.7  2.88 12.12  7.47 309 1014.3  11.0 999.0   9.4 99.0 99.00 
2024 03 01 02 20 226  4.3  5.5 99.00 99.00 99.00 999 1014.3  11.2 999.0   9.4 99.0 99.00 
2024 03 01 02 30 227  4.2  5.5 99.00 99.00 99.00 999 1014.3  11.3 999.0   9.5 99.0 99.00 
2024 03 01 02 40 221  4.4  5.7  2.71 11.43  7.65 303 1014.3  11.5 999.0   9.7 99.0 99.00 
2024 03 01 02 50 221  4.4  5.5 99.00 99.00 99.00 999 1014.3  11.7 999.0  10.0 99.0 99.00 
2024 03 01 03 00 227  4.8  6.0 99.00 99.00 99.00 999 1014.4  11.8 999.0  10.0 99.0 99.00 
2024 03 01 03 10 235  6.1  8.4  2.78 10.81  7.69 302 1014.4  12.1 999.0   9.9 99.0 99.00 
2024 03 01 03 20 230  6.5  9.0 99.00 99.00 99.00 999 1014.4  11.8 999.0   9.0 99.0 99.00 
2024 03 01 03 30 228  5.7  7.9 99.00 99.00 99.00 999 1014.4  12.0 999.0   9.0 99.0 99.00 
2024 03 01 03 40 231  5.2  6.5  3.14 10.81  8.37 305 1014.4  12.2 999.0   9.7 99.0 99.00 
2024 03 01 03 50 249  6.2  8.5 99.00 99.00 99.00 999 1014.5  12.5 999.0   9.7 99.0 99.00 
2024 03 01 04 00 262  5.5  7.2 99.00 99.00 99.00 999 1014.5  12.5 999.0   9.7 99.0 99.00 
2024 03 01 04 10 250  6.8  9.0  2.76 11.43  7.88 295 1014.5  12.7 999.0   9.3 99.0 99.00 
2024 03 01 04 20 239  6.5  7.9 99.00 99.00 99.00 999 1014.4  12.7 999.0   9.0 99.0 99.00 
2024 03 01 04 30 240  7.4  9.2 99.00 99.00 99.00 999 1014.4  12.7 999.0   9.2 99.0 99.00 
2024 03 01 04 40 248  6.9  8.9  2.95 11.43  7.76 303 1014.5  12.6 999.0   9.4 99.0 99.00 
2024 03 01 04 50 246  6.9  8.6 99.00 99.00 99.00 999 1014.6  12.6 999.0   9.4 99.0 99.00 
2024 03 01 05 00 240  6.8  8.8 99.00 99.00 99.00 999 1014.6  12.6 999.0   9.4 99.0 99.00 
2024 03 01 05 10 236  6.4  7.9  3.39 11.43  8.44 304 1014.6  12.5 999.0   9.4 99.0 99.00 
2024 03 01 05 20 233  6.4  8.1 99.00 99.00 99.00 999 1014.6  12.6 999.0   9.6 99.0 99.00 
2024 03 01 05 30 228  7.1  9.2 99.00 99.00 99.00 999 1014.6  12.7 999.0   9.5 99.0 99.00 
2024 03 01 05 40 228  7.2  8.8  3.02 10.81  7.92 291 1014.6  12.7 999.0   9.3 99.0 99.00 
2024 03 01 05 50 227  7.2  9.5 99.00 99.00 99.00 999 1014.5  12.7 999.0   9.2 99.0 99.00 
2024 03 01 06 00 231  7.6  9.8 99.00 99.00 99.00 999 1014.5  12.7 999.0   9.3 99.0 99.00 
2024 03 01 06 10 235  7.5  9.1  3.41 10.81  8.18 301 1014.5  12.6 999.0   9.1 99.0 99.00 
2024 03 01 06 20 229  7.5  9.2 99.00 99.00 99.00 999 1014.5  12.6 999.0   9.2 99.0 99.00 
2024 03 01 06 30 229  7.6  9.4 99.00 99.00 99.00 999 1014.5  12.6 999.0   9.3 99.0 99.00 
2024 03 01 06 40 227  7.4  9.3  3.45 10.81  8.13 292 1014.5  12.6 999.0   9.4 99.0 99.00 
2024 03 01 06 50 236  7.6 10.6 99.00 99.00 99.00 999 1014.5  12.7 999.0   9.6 99.0 99.00 
2024 03 01 07 00 259  8.8 11.7 99.00 99.00 99.00 999 1014.5  11.5 999.0   9.7 99.0 99.00 
2024 03 01 07 10 247  8.4 11.6  3.16 10.81  7.64 298 1014.5  11.7 999.0   9.9 99.0 99.00 
2024 03 01 07 20 238  8.7 10.7 99.00 99.00 99.00 999 1014.5  11.8 999.0   9.7 99.0 99.00 
2024 03 01 07 30 231  8.2 10.6 99.00 99.00 99.00 999 1014.4  11.8 999.0   9.6 99.0 99.00 
2024 03 01 07 40 222  7.6  9.4  3.44 10.81  7.91 298 1014.3  11.9 999.0   9.8 99.0 99.00 
2024 03 01 07 50 222  7.8 10.0 99.00 99.00 99.00 999 1014.3  12.0 999.0   9.4 99.0 99.00 
2024 03 01 08 00 227  8.6 10.7 99.00 99.00 99.00 999 1014.4  12.2 999.0   9.0 99.0 99.00 
2024 03 01 08 10 224  8.2 10.1  3.49 14.81  8.22 310 1014.4  12.2 999.0   9.2 99.0 99.00 
2024 03 01 08 20 221  8.0  9.7 99.00 99.00 99.00 999 1014.3  12.2 999.0   9.5 99.0 99.00 
2024 03 01 08 30 222  7.2  9.8 99.00 99.00 99.00 999 1014.4  12.2 999.0   9.7 99.0 99.00 
2024 03 01 08 40 227  7.9 12.2  3.99 10.81  8.35 295 1014.5  11.2 999.0   9.2 99.0 99.00 
2024 03 01 08 50 220  7.6 10.0 99.00 99.00 99.00 999 1014.4  10.9 999.0   9.6 99.0 99.00 
2024 03 01 09 00 212  7.0  8.6 99.00 99.00 99.00 999 1014.4  11.2 999.0  10.0 99.0 99.00 
2024 03 01 09 10 209  6.9  8.9  3.67 12.90  8.25 301 1014.4  11.3 999.0  10.2 99.0 99.00 
2024 03 01 09 20 221  7.1  8.9 99.00 99.00 99.00 999 1014.5  11.5 999.0   9.5 99.0 99.00 
2024 03 01 09 30 210  7.8 10.1 99.00 99.00 99.00 999 1014.4  11.6 999.0   9.6 99.0 99.00 
2024 03 01 09 40 206  7.0  8.4  4.03 13.79  8.45 309 1014.3  11.5 999.0  10.0 99.0 99.00 
2024 03 01 09 50 206  6.6  9.1 99.00 99.00 99.00 999 1014.2  11.4 999.0  10.1 99.0 99.00 
2024 03 01 10 00 226  7.2  8.9 99.00 99.00 99.00 999 1014.1  11.6 999.0   9.4 99.0 99.00 
2024 03 01 10 10 238  7.3  9.2  4.08 12.12  8.52 304 1014.1  11.9 999.0   8.8 99.0 99.00 
2024 03 01 10 20 236  7.3  9.8 99.00 99.00 99.00 999 1013.8  12.0 999.0   9.1 99.0 99.00 
2024 03 01 10 30 241  6.8  8.7 99.00 99.00 99.00 999 1013.7  12.1 999.0   9.2 99.0 99.00 
2024 03 01 10 40 228  6.9  8.9  3.89 12.12  8.49 306 1013.6  12.2 999.0   9.3 99.0 99.00 
2024 03 01 10 50 225  8.9 13.6 99.00 99.00 99.00 999 1013.6  11.5 999.0   9.5 99.0 99.00 
2024 03 01 11 00 213  7.5  9.4 99.00 99.00 99.00 999 1013.4  11.5 999.0   9.6 99.0 99.00 
2024 03 01 11 10 214  7.8 10.2  4.21 12.12  8.60 307 1013.3  11.7 999.0   9.7 99.0 99.00 
2024 03 01 11 20 222  7.7  9.6 99.00 99.00 99.00 999 1013.1  11.6 999.0   8.7 99.0 99.00 
2024 03 01 11 30 217  7.1  8.6 99.00 99.00 99.00 999 1013.1  11.7 999.0   9.0 99.0 99.00 
2024 03 01 11 40 216  7.3  8.6  4.05 13.79  8.58 296 1013.1  11.8 999.0   9.1 99.0 99.00 
2024 03 01 11 50 213  6.9  9.1 99.00 99.00 99.00 999 1012.9  11.8 999.0   8.9 99.0 99.00 
2024 03 01 12 00 212  6.7  8.6 99.00 99.00 99.00 999 1012.8  11.9 999.0   9.4 99.0 99.00 
2024 03 01 12 10 213  7.3  8.9  4.22 10.81  8.76 296 1012.9  11.9 999.0   9.2 99.0 99.00 
2024 03 01 12 20 212  6.9  8.8 99.00 99.00 99.00 999 1012.8  12.0 999.0   9.4 99.0 99.00 
2024 03 01 12 30 210  6.4  8.7 99.00 99.00 99.00 999 1012.9  12.0 999.0   9.6 99.0 99.00 
2024 03 01 12 40 211  6.6  8.6  4.13 12.90  8.58 306 1013.1  11.9 999.0  10.0 99.0 99.00 
2024 03 01 12 50 225  7.4 10.8 99.00 99.00 99.00 999 1012.9  11.3 999.0  10.2 99.0 99.00 
2024 03 01 13 00 219  8.5 10.5 99.00 99.00 99.00 999 1012.8  11.1 999.0   9.9 99.0 99.00 
2024 03 01 13 10 217  7.7  9.4  3.90 11.43  8.41 298 1012.8  11.4 999.0  10.0 99.0 99.00 
2024 03 01 13 20 217  7.8  9.5 99.00 99.00 99.00 999 1012.7  11.7 999.0  10.1 99.0 99.00 
2024 03 01 13 30 213  8.8 11.5 99.00 99.00 99.00 999 1012.7  11.7 999.0  10.0 99.0 99.00 
2024 03 01 13 40 218  8.6 11.1  3.68 12.12  8.17 289 1012.6  11.6 999.0  10.0 99.0 99.00 
2024 03 01 13 50 225  8.1 11.3 99.00 99.00 99.00 999 1012.6  11.8 999.0   9.9 99.0 99.00 
2024 03 01 14 00 225  8.5 10.4 99.00 99.00 99.00 999 1012.6  12.0 999.0  10.0 99.0 99.00 
2024 03 01 14 10 215  8.9 11.8  3.36 12.12  8.03 288 1012.6  11.8 999.0  10.0 99.0 99.00 
2024 03 01 14 20 215  8.3 11.0 99.00 99.00 99.00 999 1012.5  12.0 999.0  10.2 99.0 99.00 
2024 03 01 14 30 213  9.2 11.6 99.00 99.00 99.00 999 1012.5  12.1 999.0  10.1 99.0 99.00 
2024 03 01 14 40 220  8.8 10.7  3.49 12.90  7.71 301 1012.5  12.2 999.0  10.1 99.0 99.00 
2024 03 01 14 50 210  9.0 12.0 99.00 99.00 99.00 999 1012.5  12.1 999.0  10.4 99.0 99.00 
2024 03 01 15 00 216  8.3 10.7 99.00 99.00 99.00 999 1012.3  12.1 999.0  10.1 99.0 99.00 
2024 03 01 15 10 214  8.1 10.4  3.64 12.90  8.10 291 1012.4  12.3 999.0  10.1 99.0 99.00 
2024 03 01 15 20 221  9.0 11.1 99.00 99.00 99.00 999 1012.4  12.4 999.0   9.5 99.0 99.00 
2024 03 01 15 30 223  9.0 11.5 99.00 99.00 99.00 999 1012.4  12.5 999.0   9.3 99.0 99.00 
2024 03 01 15 40 222  8.7 10.8  3.42 12.12  7.96 288 1012.6  12.6 999.0   9.5 99.0 99.00 
2024 03 01 15 50 222  9.0 11.4 99.00 99.00 99.00 999 1012.6  12.5 999.0   9.3 99.0 99.00 
2024 03 01 16 00 222  8.9 11.1 99.00 99.00 99.00 999 1012.6  12.5 999.0   9.5 99.0 99.00 
2024 03 01 16 10 222  8.9 11.0  3.56 12.12  7.82 305 1012.6  12.5 999.0   9.3 99.0 99.00 
2024 03 01 16 20 224  8.5 10.5 99.00 99.00 99.00 999 1012.7  12.6 999.0   9.4 99.0 99.00 
2024 03 01 16 30 221  8.7 10.8 99.00 99.00 99.00 999 1012.7  12.5 999.0   9.4 99.0 99.00 
2024 03 01 16 40 225  8.1 10.3  3.50 11.43  7.81 305 1012.7  12.6 999.0   9.6 99.0 99.00 
2024 03 01 16 50 215  8.0  9.8 99.00 99.00 99.00 999 1012.7  12.5 999.0   9.8 99.0 99.00 
2024 03 01 17 00 215  7.9  9.8 99.00 99.00 99.00 999 1012.7  12.4 999.0   9.9 99.0 99.00 
2024 03 01 17 10 224  6.9  9.4  3.88 12.90  8.61 288 1012.7  12.1 999.0   9.9 99.0 99.00 
2024 03 01 17 20 240  5.8 10.3 99.00 99.00 99.00 999 1012.6  11.1 999.0   9.2 99.0 99.00 
2024 03 01 17 30 209  8.9 11.0 99.00 99.00 99.00 999 1012.5  11.9 999.0   9.6 99.0 99.00 
2024 03 01 17 40 199  9.3 12.0  3.84 12.12  8.38 296 1012.6  12.0 999.0  10.2 99.0 99.00 
2024 03 01 17 50 204  8.4 11.5 99.00 99.00 99.00 999 1012.5  12.0 999.0  10.3 99.0 99.00 
2024 03 01 18 00 213  8.0  9.6 99.00 99.00 99.00 999 1012.5  12.0 999.0   9.6 99.0 99.00 
2024 03 01 18 10 214  8.0 10.0  3.85 13.79  8.55 292 1012.5  12.2 999.0   9.2 99.0 99.00 
2024 03 01 18 20 210  8.0  9.9 99.00 99.00 99.00 999 1012.4  12.2 999.0   9.0 99.0 99.00 
2024 03 01 18 30 202  8.1 10.2 99.00 99.00 99.00 999 1012.4  12.4 999.0   9.7 99.0 99.00 
2024 03 01 18 40 198  7.7  9.7  3.53 12.90  8.08 298 1012.3  12.4 999.0  10.1 99.0 99.00 
2024 03 01 18 50 205  8.7 11.3 99.00 99.00 99.00 999 1012.1  12.6 999.0  10.1 99.0 99.00 
2024 03 01 19 00 208 10.3 14.1 99.00 99.00 99.00 999 1011.9  12.8 999.0  10.2 99.0 99.00 
2024 03 01 19 10 207  9.8 12.2  3.71 12.90  8.46 298 1011.7  12.8 999.0  10.0 99.0 99.00 
2024 03 01 19 20 201  9.3 12.1 99.00 99.00 99.00 999 1011.6  12.9 999.0  10.2 99.0 99.00 
2024 03 01 19 30 201  9.6 11.9 99.00 99.00 99.00 999 1011.6  12.9 999.0  10.1 99.0 99.00 
2024 03 01 19 40 199  9.1 11.8  3.49 11.43  7.73 289 1011.4  12.9 999.0  10.7 99.0 99.00 
2024 03 01 19 50 201 10.4 12.9 99.00 99.00 99.00 999 1011.4  12.8 999.0  10.4 99.0 99.00 
2024 03 01 20 00 203 10.5 14.6 99.00 99.00 99.00 999 1011.4  12.7 999.0  10.4 99.0 99.00 
2024 03 01 20 10 199 11.2 14.9  4.10 13.79  8.34 301 1011.2  11.4 999.0   9.9 99.0 99.00 
2024 03 01 20 20 200  9.4 12.3 99.00 99.00 99.00 999 1011.2  10.8 999.0   9.5 99.0 99.00 
2024 03 01 20 30 203  8.3 11.1 99.00 99.00 99.00 999 1010.9  10.7 999.0   9.7 99.0 99.00 
2024 03 01 20 40 208  9.0 11.6  4.07 12.90  8.57 296 1010.7  10.8 999.0   9.9 99.0 99.00 
2024 03 01 20 50 213  8.8 13.3 99.00 99.00 99.00 999 1010.3  11.1 999.0  10.3 99.0 99.00 
2024 03 01 21 00 205 11.5 15.1 99.00 99.00 99.00 999 1010.0  11.9 999.0  10.5 99.0 99.00 
2024 03 01 21 10 203 12.1 14.9  3.98 13.79  8.32 288 1010.0  11.7 999.0  10.0 99.0 99.00 
2024 03 01 21 20 204 10.7 14.1 99.00 99.00 99.00 999 1009.9  10.9 999.0   9.5 99.0 99.00 
2024 03 01 21 30 201  8.7 11.0 99.00 99.00 99.00 999 1009.7  10.8 999.0   9.5 99.0 99.00 
2024 03 01 21 40 208  7.9 10.2  4.05 12.90  8.22 288 1009.4  11.0 999.0   9.8 99.0 99.00 
2024 03 01 21 50 207  7.7  9.5 99.00 99.00 99.00 999 1009.1  11.4 999.0  10.2 99.0 99.00 
2024 03 01 22 00 201  8.8 13.9 99.00 99.00 99.00 999 1008.9  12.0 999.0  10.6 99.0 99.00 
2024 03 01 22 10 199 11.6 13.6  3.94 13.79  8.22 291 1008.8  12.0 999.0  10.3 99.0 99.00 
2024 03 01 22 20 203 11.7 15.3 99.00 99.00 99.00 999 1008.5  11.9 999.0   9.8 99.0 99.00 
2024 03 01 22 30 200  9.8 12.9 99.00 99.00 99.00 999 1008.3  12.0 999.0  10.1 99.0 99.00 
2024 03 01 22 40 199 10.5 13.0  4.33 14.81  8.23 288 1008.1  12.2 999.0  10.1 99.0 99.00 
2024 03 01 22 50 201 11.3 14.6 99.00 99.00 99.00 999 1008.0  12.4 999.0  10.3 99.0 99.00 
2024 03 01 23 00 201 11.0 14.4 99.00 99.00 99.00 999 1008.0  12.1 999.0  10.5 99.0 99.00 
2024 03 01 23 10 199 11.0 14.3  4.03 12.90  7.79 292 1007.7  12.1 999.0  10.6 99.0 99.00 
2024 03 01 23 20 198 10.6 13.3 99.00 99.00 99.00 999 1007.5  12.1 999.0  10.6 99.0 99.00 
2024 03 01 23 30 201 10.7 14.1 99.00 99.00 99.00 999 1007.4  12.3 999.0  10.6 99.0 99.00 
2024 03 01 23 40 207 11.2 13.9  4.27 13.79  8.32 288 1007.3  12.5 999.0  10.6 99.0 99.00 
2024 03 01 23 50 204 11.3 15.1 99.00 99.00 99.00 999 1007.1  12.5 999.0  10.3 99.0 99.00 
2024 03 02 00 00 202 11.0 14.1 99.00 99.00 99.00 999 1006.9  12.6 999.0  10.7 99.0 99.00 
2024 03 02 00 10 205 11.8 14.5  4.55 13.79  8.28 292 1006.7  12.7 999.0  10.7 99.0 99.00 
2024 03 02 00 20 205 11.8 15.0 99.00 99.00 99.00 999 1006.6  12.8 999.0  10.7 99.0 99.00 
2024 03 02 00 30 205 12.4 15.8 99.00 99.00 99.00 999 1006.4  12.8 999.0  10.7 99.0 99.00 
2024 03 02 00 40 204 11.9 14.7  4.36 12.90  8.07 285 1006.2  12.8 999.0  10.9 99.0 99.00 
2024 03 02 00 50 204 12.8 16.3 99.00 99.00 99.00 999 1006.2  12.5 999.0  10.9 99.0 99.00 
2024 03 02 01 00 208 12.3 15.7 99.00 99.00 99.00 999 1006.2  12.5 999.0  10.9 99.0 99.00 
2024 03 02 01 10 206 11.5 15.3  4.69 12.90  8.52 286 1006.1  12.7 999.0  11.1 99.0 99.00 
2024 03 02 01 20 209 11.7 15.5 99.00 99.00 99.00 999 1006.0  12.8 999.0  11.1 99.0 99.00 
2024 03 02 01 30 209 12.0 15.3 99.00 99.00 99.00 999 1005.9  12.8 999.0  11.0 99.0 99.00 
2024 03 02 01 40 210 12.8 16.7  4.56 14.81  8.03 289 1005.8  12.5 999.0  10.9 99.0 99.00 
2024 03 02 01 50 217 11.1 14.1 99.00 99.00 99.00 999 1005.7  12.3 999.0  10.5 99.0 99.00 
2024 03 02 02 00 213 12.0 15.2 99.00 99.00 99.00 999 1005.6  12.6 999.0  10.1 99.0 99.00 
2024 03 02 02 10 212 11.4 14.1  5.02 13.79  8.49 290 1005.6  12.7 999.0  10.5 99.0 99.00 
2024 03 02 02 20 210 10.9 14.3 99.00 99.00 99.00 999 1005.4  12.5 999.0  10.3 99.0 99.00 
2024 03 02 02 30 211 11.4 14.6 99.00 99.00 99.00 999 1005.4  12.5 999.0  10.1 99.0 99.00 
2024 03 02 02 40 209 10.8 13.7  4.81 12.12  8.37 295 1005.3  12.5 999.0  10.6 99.0 99.00 
2024 03 02 02 50 209 11.3 13.7 99.00 99.00 99.00 999 1005.3  12.5 999.0  10.7 99.0 99.00 
2024 03 02 03 00 219 12.2 17.0 99.00 99.00 99.00 999 1005.6  11.9 999.0  10.5 99.0 99.00 
2024 03 02 03 10 236 11.0 14.4  5.15 14.81  8.76 295 1005.5  10.5 999.0   9.2 99.0 99.00 
2024 03 02 03 20 227 11.9 14.8 99.00 99.00 99.00 999 1005.2  11.3 999.0   9.8 99.0 99.00 
2024 03 02 03 30 225 11.8 14.9 99.00 99.00 99.00 999 1005.2  11.6 999.0   9.9 99.0 99.00 
2024 03 02 03 40 225 11.9 14.8  5.16 14.81  8.79 292 1005.4  12.0 999.0  10.1 99.0 99.00 
2024 03 02 03 50 230 12.4 16.6 99.00 99.00 99.00 999 1005.4  12.2 999.0  10.1 99.0 99.00 
2024 03 02 04 00 241 13.0 17.4 99.00 99.00 99.00 999 1005.3  11.9 999.0   8.9 99.0 99.00 
2024 03 02 04 10 239 13.2 17.2  4.98 14.81  8.45 289 1005.4  12.0 999.0   9.2 99.0 99.00 
2024 03 02 04 20 241 12.1 15.0 99.00 99.00 99.00 999 1005.3  12.0 999.0   9.6 99.0 99.00 
2024 03 02 04 30 242 11.9 15.9 99.00 99.00 99.00 999 1005.4  12.0 999.0   9.8 99.0 99.00 
2024 03 02 04 40 248 13.5 20.7  5.14 16.00  8.70 295 1005.8  11.0 999.0   9.3 99.0 99.00 
2024 03 02 04 50 255 11.6 15.1 99.00 99.00 99.00 999 1006.0  10.6 999.0   9.4 99.0 99.00 
2024 03 02 05 00 279 13.2 18.5 99.00 99.00 99.00 999 1006.1  10.1 999.0   9.1 99.0 99.00 
2024 03 02 05 10 274 11.0 14.8  4.93 14.81  8.17 302 1006.1  10.0 999.0   8.6 99.0 99.00 
2024 03 02 05 20 271 10.0 12.8 99.00 99.00 99.00 999 1006.3  10.3 999.0   8.7 99.0 99.00 
2024 03 02 05 30 270  9.0 11.9 99.00 99.00 99.00 999 1006.2  10.6 999.0   8.6 99.0 99.00 
2024 03 02 05 40 260  9.1 11.5  5.34 16.00  8.90 299 1006.2  10.8 999.0   8.4 99.0 99.00 
2024 03 02 05 50 257  9.2 12.2 99.00 99.00 99.00 999 1006.3  11.1 999.0   8.6 99.0 99.00 
2024 03 02 06 00 254 10.1 12.5 99.00 99.00 99.00 999 1006.1  11.2 999.0   8.6 99.0 99.00 
2024 03 02 06 10 252  9.4 12.1  5.14 14.81  8.92 296 1006.3  11.4 999.0   9.0 99.0 99.00 
2024 03 02 06 20 253 10.2 12.6 99.00 99.00 99.00 999 1006.2  11.5 999.0   8.7 99.0 99.00 
2024 03 02 06 30 252 10.4 13.2 99.00 99.00 99.00 999 1006.3  11.7 999.0   8.5 99.0 99.00 
2024 03 02 06 40 252 10.2 13.4  4.93 16.00  8.96 292 1006.3  11.8 999.0   8.4 99.0 99.00 
2024 03 02 06 50 249 10.6 13.7 99.00 99.00 99.00 999 1006.2  11.8 999.0   8.4 99.0 99.00 
2024 03 02 07 00 246 10.1 13.4 99.00 99.00 99.00 999 1006.1  11.6 999.0   8.6 99.0 99.00 
2024 03 02 07 10 248 10.5 14.0  4.80 16.00  8.28 293 1006.1  11.3 999.0   8.0 99.0 99.00 
2024 03 02 07 20 276 11.3 16.0 99.00 99.00 99.00 999 1006.1  11.4 999.0   8.6 99.0 99.00 
2024 03 02 07 30 280 10.4 13.2 99.00 99.00 99.00 999 1006.4  11.0 999.0   8.5 99.0 99.00 
2024 03 02 07 40 280 10.5 13.2  4.93 16.00  8.67 308 1006.6  11.0 999.0   8.4 99.0 99.00 
2024 03 02 07 50 278 10.5 13.5 99.00 99.00 99.00 999 1006.6  10.9 999.0   8.2 99.0 99.00 
2024 03 02 08 00 270 10.4 13.6 99.00 99.00 99.00 999 1006.5  11.0 999.0   7.9 99.0 99.00 
2024 03 02 08 10 284 12.9 17.4  5.23 16.00  8.64 294 1006.9   9.9 999.0   8.0 99.0 99.00 
2024 03 02 08 20 274 12.2 19.2 99.00 99.00 99.00 999 1006.9   9.7 999.0   7.4 99.0 99.00 
2024 03 02 08 30 261 11.7 14.6 99.00 99.00 99.00 999 1007.0  10.1 999.0   7.4 99.0 99.00 
2024 03 02 08 40 260 11.3 14.6  4.88 12.90  8.50 302 1006.8  10.2 999.0   7.0 99.0 99.00 
2024 03 02 08 50 265 10.1 13.3 99.00 99.00 99.00 999 1006.9  10.3 999.0   7.2 99.0 99.00 
2024 03 02 09 00 269 11.2 13.9 99.00 99.00 99.00 999 1007.0  10.1 999.0   6.4 99.0 99.00 
2024 03 02 09 10 269 10.6 14.9  4.97 14.81  8.72 303 1007.0  10.3 999.0   6.8 99.0 99.00 
2024 03 02 09 20 267 11.0 14.4 99.00 99.00 99.00 999 1006.9  10.4 999.0   6.6 99.0 99.00 
2024 03 02 09 30 270 10.9 13.6 99.00 99.00 99.00 999 1006.9  10.6 999.0   6.5 99.0 99.00 
2024 03 02 09 40 263 10.9 15.1  4.49 14.81  8.33 304 1006.8  10.7 999.0   6.5 99.0 99.00 
2024 03 02 09 50 272 12.6 16.9 99.00 99.00 99.00 999 1007.1  10.5 999.0   6.6 99.0 99.00 
2024 03 02 10 00 274 14.0 19.1 99.00 99.00 99.00 999 1007.3  10.3 999.0   5.6 99.0 99.00 
2024 03 02 10 10 263 12.1 18.1  5.22 14.81  8.63 300 1007.4   9.8 999.0   5.1 99.0 99.00 
2024 03 02 10 20 261 12.4 15.5 99.00 99.00 99.00 999 1007.3  10.2 999.0   5.2 99.0 99.00 
2024 03 02 10 30 267 12.2 16.7 99.00 99.00 99.00 999 1007.5  10.1 999.0   5.2 99.0 99.00 
2024 03 02 10 40 256  9.7 12.7  4.92 13.79  8.50 308 1007.0   9.7 999.0   4.4 99.0 99.00 
2024 03 02 10 50 258  9.9 12.3 99.00 99.00 99.00 999 1007.1  10.0 999.0   5.3 99.0 99.00 
2024 03 02 11 00 260 10.2 13.5 99.00 99.00 99.00 999 1007.2  10.1 999.0   6.5 99.0 99.00 
2024 03 02 11 10 262 10.2 12.9  4.87 16.00  8.68 302 1007.0  10.2 999.0   6.8 99.0 99.00 
2024 03 02 11 20 278 11.5 15.8 99.00 99.00 99.00 999 1007.1  10.4 999.0   5.5 99.0 99.00 
2024 03 02 11 30 276 11.8 15.2 99.00 99.00 99.00 999 1007.2  10.4 999.0   5.0 99.0 99.00 
2024 03 02 11 40 281 11.5 15.4  4.58 14.81  8.07 292 1007.2  10.4 999.0   5.0 99.0 99.00 
2024 03 02 11 50 282 10.4 13.8 99.00 99.00 99.00 999 1007.2  10.3 999.0   5.4 99.0 99.00 
2024 03 02 12 00 278 11.0 14.4 99.00 99.00 99.00 999 1007.3  10.3 999.0   5.3 99.0 99.00 
2024 03 02 12 10 267 11.2 14.6  4.80 16.00  8.05 297 1007.3  10.3 999.0   4.7 99.0 99.00 
2024 03 02 12 20 266 10.7 13.7 99.00 99.00 99.00 999 1007.3  10.3 999.0   5.1 99.0 99.00 
2024 03 02 12 30 264  9.9 14.1 99.00 99.00 99.00 999 1007.4  10.2 999.0   5.3 99.0 99.00 
2024 03 02 12 40 250 10.0 13.4  4.71 11.43  8.27 291 1007.4  10.0 999.0   5.5 99.0 99.00 
2024 03 02 12 50 251  9.8 13.5 99.00 99.00 99.00 999 1007.5   9.8 999.0   5.9 99.0 99.00 
2024 03 02 13 00 252  9.1 12.1 99.00 99.00 99.00 999 1007.5  10.0 999.0   5.7 99.0 99.00 
2024 03 02 13 10 271  9.7 13.7  4.79 14.81  8.73 304 1007.5  10.5 999.0   5.2 99.0 99.00 
2024 03 02 13 20 281 10.7 14.7 99.00 99.00 99.00 999 1007.7  10.6 999.0   4.1 99.0 99.00 
2024 03 02 13 30 273 11.3 14.5 99.00 99.00 99.00 999 1007.8  10.6 999.0   4.1 99.0 99.00 
2024 03 02 13 40 268 10.2 12.8  4.82 14.81  8.41 301 1007.9  10.6 999.0   4.5 99.0 99.00 
2024 03 02 13 50 263 10.5 13.8 99.00 99.00 99.00 999 1008.0  10.7 999.0   4.0 99.0 99.00 
2024 03 02 14 00 267 10.0 14.3 99.00 99.00 99.00 999 1008.1  10.7 999.0   4.0 99.0 99.00 
2024 03 02 14 10 267  9.7 13.3  4.89 13.79  8.68 298 1008.3  10.7 999.0   3.1 99.0 99.00 
2024 03 02 14 20 268  9.7 13.2 99.00 99.00 99.00 999 1008.2  10.6 999.0   2.9 99.0 99.00 
2024 03 02 14 30 268  9.9 12.3 99.00 99.00 99.00 999 1008.3  10.5 999.0   3.3 99.0 99.00 
2024 03 02 14 40 271  9.1 12.4  4.71 16.00  8.47 294 1008.4  10.4 999.0   3.7 99.0 99.00 
2024 03 02 14 50 266  8.3 11.9 99.00 99.00 99.00 999 1008.5  10.5 999.0   3.9 99.0 99.00 
2024 03 02 15 00 276  8.4 11.6 99.00 99.00 99.00 999 1008.7  10.5 999.0   4.3 99.0 99.00 
2024 03 02 15 10 278  8.7 11.2  4.53 14.81  8.86 291 1008.9  10.5 999.0   4.0 99.0 99.00 
2024 03 02 15 20 271  8.0 13.5 99.00 99.00 99.00 999 1009.2  10.2 999.0   0.8 99.0 99.00 
2024 03 02 15 30 239 10.9 15.1 99.00 99.00 99.00 999 1009.9   9.2 999.0   4.2 99.0 99.00 
2024 03 02 15 40 238 10.4 13.9  4.76 14.81  8.87 295 1010.2   7.9 999.0   5.5 99.0 99.00 
2024 03 02 15 50 227  8.8 11.2 99.00 99.00 99.00 999 1010.1   7.9 999.0   6.0 99.0 99.00 
2024 03 02 16 00 226  7.1 10.4 99.00 99.00 99.00 999 1010.1   8.1 999.0   5.8 99.0 99.00 
2024 03 02 16 10 230  6.4  9.5  4.43 12.12  8.41 279 1010.1   8.5 999.0   5.7 99.0 99.00 
2024 03 02 16 20 232  5.8  7.8 99.00 99.00 99.00 999 1010.1   8.7 999.0   5.3 99.0 99.00 
2024 03 02 16 30 231  5.3  7.6 99.00 99.00 99.00 999 1010.4   8.7 999.0   4.9 99.0 99.00 
2024 03 02 16 40 233  5.0  7.4  4.51 12.90  8.87 291 1010.4   9.0 999.0   5.0 99.0 99.00 
2024 03 02 16 50 246  5.1  7.6 99.00 99.00 99.00 999 1010.4   9.2 999.0   5.0 99.0 99.00 
2024 03 02 17 00 249  5.3  7.9 99.00 99.00 99.00 999 1010.4   9.2 999.0   4.8 99.0 99.00 
2024 03 02 17 10 240  4.8  7.4  4.76 14.81  9.06 300 1010.4   9.3 999.0   4.9 99.0 99.00 
2024 03 02 17 20 235  4.7  6.5 99.00 99.00 99.00 999 1010.5   9.2 999.0   4.8 99.0 99.00 
2024 03 02 17 30 232  4.7  6.8 99.00 99.00 99.00 999 1010.4   9.3 999.0   4.8 99.0 99.00 
2024 03 02 17 40 225  4.8  7.0  4.69 12.90  9.15 289 1010.4   9.4 999.0   4.9 99.0 99.00 
2024 03 02 17 50 229  5.0  7.4 99.00 99.00 99.00 999 1010.5   9.5 999.0   4.8 99.0 99.00 
2024 03 02 18 00 225  4.5  6.5 99.00 99.00 99.00 999 1010.6   9.5 999.0   4.9 99.0 99.00 
2024 03 02 18 10 229  4.8  7.3  4.74 14.81  9.07 302 1010.8   9.5 999.0   5.0 99.0 99.00 
2024 03 02 18 20 223  4.7  7.1 99.00 99.00 99.00 999 1010.8   9.6 999.0   5.4 99.0 99.00 
2024 03 02 18 30 217  4.6  6.5 99.00 99.00 99.00 999 1010.6   9.6 999.0   5.4 99.0 99.00 
2024 03 02 18 40 207  5.3  7.9  4.60 14.81  9.50 297 1010.4   9.7 999.0   5.3 99.0 99.00 
2024 03 02 18 50 204  6.8  9.0 99.00 99.00 99.00 999 1010.3   9.9 999.0   5.9 99.0 99.00 
2024 03 02 19 00 202  6.9  9.1 99.00 99.00 99.00 999 1010.3   9.9 999.0   6.1 99.0 99.00 
2024 03 02 19 10 206  6.4  8.2  4.38 13.79  9.18 296 1010.4  10.0 999.0   6.3 99.0 99.00 
2024 03 02 19 20 206  5.9  8.1 99.00 99.00 99.00 999 1010.3  10.0 999.0   6.3 99.0 99.00 
2024 03 02 19 30 203  6.4  8.5 99.00 99.00 99.00 999 1010.3  10.1 999.0   6.3 99.0 99.00 
2024 03 02 19 40 211  6.5  9.0  4.59 13.79  9.30 287 1010.1  10.2 999.0   6.1 99.0 99.00 
2024 03 02 19 50 216  7.4  9.6 99.00 99.00 99.00 999 1010.0  10.3 999.0   6.1 99.0 99.00 
2024 03 02 20 00 213  7.3  9.2 99.00 99.00 99.00 999 1009.9  10.2 999.0   5.8 99.0 99.00 
2024 03 02 20 10 209  6.1  8.0  4.52 14.81  9.41 297 1009.6  10.2 999.0   6.1 99.0 99.00 
2024 03 02 20 20 207  6.3  8.6 99.00 99.00 99.00 999 1009.3  10.3 999.0   6.2 99.0 99.00 
2024 03 02 20 30 223  7.6 10.3 99.00 99.00 99.00 999 1009.2  10.8 999.0   6.2 99.0 99.00 
2024 03 02 20 40 228  9.1 11.7  4.93 12.90  9.51 291 1008.9  10.9 999.0   5.8 99.0 99.00 
2024 03 02 20 50 229  9.6 12.1 99.00 99.00 99.00 999 1008.9  11.0 999.0   5.8 99.0 99.00 
2024 03 02 21 00 219  9.5 11.9 99.00 99.00 99.00 999 1008.8  11.1 999.0   6.3 99.0 99.00 
2024 03 02 21 10 220  9.6 11.5  4.48 12.12  9.09 290 1008.6  11.1 999.0   6.6 99.0 99.00 
2024 03 02 21 20 215 11.4 14.3 99.00 99.00 99.00 999 1008.7  10.9 999.0   7.4 99.0 99.00 
2024 03 02 21 30 213 11.7 14.3 99.00 99.00 99.00 999 1008.7  10.5 999.0   7.3 99.0 99.00 
2024 03 02 21 40 212 10.6 14.1  4.82 12.12  8.86 295 1008.5  10.4 999.0   6.9 99.0 99.00 
2024 03 02 21 50 217 10.2 13.1 99.00 99.00 99.00 999 1008.3  10.3 999.0   6.4 99.0 99.00 
2024 03 02 22 00 212 10.2 12.8 99.00 99.00 99.00 999 1008.3  10.3 999.0   5.8 99.0 99.00 
2024 03 02 22 10 212  9.8 12.3  4.87 13.79  9.05 294 1008.1  10.3 999.0   6.2 99.0 99.00 
2024 03 02 22 20 210  9.8 12.4 99.00 99.00 99.00 999 1007.9  10.2 999.0   6.4 99.0 99.00 
2024 03 02 22 30 209 10.1 12.7 99.00 99.00 99.00 999 1007.6  10.3 999.0   6.6 99.0 99.00 
2024 03 02 22 40 207  9.3 12.3  4.40 14.81  8.35 287 1007.4  10.6 999.0   7.2 99.0 99.00 
2024 03 02 22 50 206  9.4 12.1 99.00 99.00 99.00 999 1007.2  10.6 999.0   7.5 99.0 99.00 
2024 03 02 23 00 211  9.9 12.7 99.00 99.00 99.00 999 1007.1  10.6 999.0   7.3 99.0 99.00 
2024 03 02 23 10 212  9.8 12.6  4.96 11.43  8.83 293 1007.1  10.6 999.0   7.5 99.0 99.00 
2024 03 02 23 20 210  9.2 11.8 99.00 99.00 99.00 999 1007.2  10.4 999.0   7.4 99.0 99.00 
2024 03 02 23 30 234  8.7 10.8 99.00 99.00 99.00 999 1007.3  10.1 999.0   7.4 99.0 99.00 
2024 03 02 23 40 239  7.2 10.6  4.31 12.90  8.55 296 1007.2   9.7 999.0   7.7 99.0 99.00 
2024 03 02 23 50 226  7.7 11.0 99.00 99.00 99.00 999 1007.4   9.9 999.0   7.9 99.0 99.00 
2024 03 03 00 00 250  8.5 10.9 99.00 99.00 99.00 999 1007.7   9.5 999.0   7.8 99.0 99.00 
2024 03 03 00 10 270  9.0 13.2  4.60 12.12  8.48 294 1007.4   8.3 999.0   7.0 99.0 99.00 
2024 03 03 00 20 262  3.7  8.6 99.00 99.00 99.00 999 1006.9   8.2 999.0   7.1 99.0 99.00 
2024 03 03 00 30 272  4.9  7.7 99.00 99.00 99.00 999 1007.0   8.6 999.0   7.3 99.0 99.00 
2024 03 03 00 40 276  6.7  9.5  4.42 14.81  8.73 286 1007.3   9.1 999.0   7.7 99.0 99.00 
2024 03 03 00 50 272  7.5  9.7 99.00 99.00 99.00 999 1007.3   9.3 999.0   7.6 99.0 99.00 
2024 03 03 01 00 268  6.7  8.7 99.00 99.00 99.00 999 1007.2   9.6 999.0   7.6 99.0 99.00 
2024 03 03 01 10 263  7.0  9.7  4.67 13.79  8.89 300 1007.3   9.8 999.0   7.6 99.0 99.00 
2024 03 03 01 20 261  7.6 10.1 99.00 99.00 99.00 999 1007.4   9.8 999.0   7.5 99.0 99.00 
2024 03 03 01 30 261  9.0 11.1 99.00 99.00 99.00 999 1007.6  10.0 999.0   7.3 99.0 99.00 
2024 03 03 01 40 259  9.4 12.4  4.84 14.81  9.10 298 1007.8  10.3 999.0   7.7 99.0 99.00 
2024 03 03 01 50 264  9.7 12.3 99.00 99.00 99.00 999 1007.8  10.4 999.0   7.6 99.0 99.00 
2024 03 03 02 00 262  9.7 13.1 99.00 99.00 99.00 999 1007.7  10.6 999.0   7.7 99.0 99.00 
2024 03 03 02 10 264 10.1 13.2  4.06 12.12  8.00 293 1007.7  10.6 999.0   7.4 99.0 99.00 
2024 03 03 02 20 267  9.8 12.6 99.00 99.00 99.00 999 1007.9  10.7 999.0   7.2 99.0 99.00 
2024 03 03 02 30 264  9.9 12.4 99.00 99.00 99.00 999 1007.8  10.7 999.0   7.1 99.0 99.00 
2024 03 03 02 40 264 10.3 13.7  4.38 12.90  8.34 291 1008.0  10.6 999.0   7.1 99.0 99.00 
2024 03 03 02 50 253  9.8 12.0 99.00 99.00 99.00 999 1008.1  10.2 999.0   7.1 99.0 99.00 
2024 03 03 03 00 252  8.7 11.2 99.00 99.00 99.00 999 1008.2  10.1 999.0   7.3 99.0 99.00 
2024 03 03 03 10 254  8.6 11.6  3.92 13.79  8.08 287 1008.3  10.5 999.0   7.9 99.0 99.00 
2024 03 03 03 20 256  9.1 11.6 99.00 99.00 99.00 999 1008.5  10.5 999.0   7.8 99.0 99.00 
2024 03 03 03 30 261  9.0 11.4 99.00 99.00 99.00 999 1008.6  10.6 999.0   7.3 99.0 99.00 
2024 03 03 03 40 258  9.1 12.6  3.88 13.79  8.08 296 1008.5  10.7 999.0   7.2 99.0 99.00 
2024 03 03 03 50 261 11.3 17.8 99.00 99.00 99.00 999 1008.8  10.3 999.0   6.5 99.0 99.00 
2024 03 03 04 00 266 12.2 15.3 99.00 99.00 99.00 999 1009.4   9.1 999.0   7.0 99.0 99.00 
2024 03 03 04 10 277  9.4 12.2  4.20 13.79  8.25 296 1009.2   8.9 999.0   6.9 99.0 99.00 
2024 03 03 04 20 267  7.6 10.1 99.00 99.00 99.00 999 1009.2   9.2 999.0   6.3 99.0 99.00 
2024 03 03 04 30 267  7.0  9.4 99.00 99.00 99.00 999 1009.4   9.5 999.0   6.0 99.0 99.00 
2024 03 03 04 40 272  6.8  9.1  3.99 13.79  8.03 305 1009.5   9.7 999.0   6.3 99.0 99.00 
2024 03 03 04 50 266  7.3  9.2 99.00 99.00 99.00 999 1009.7   9.9 999.0   6.6 99.0 99.00 
2024 03 03 05 00 268  8.3 11.3 99.00 99.00 99.00 999 1009.8  10.1 999.0   6.6 99.0 99.00 
2024 03 03 05 10 270  8.6 11.3  3.84 12.90  8.13 294 1009.8  10.3 999.0   6.7 99.0 99.00 
2024 03 03 05 20 270  8.5 11.0 99.00 99.00 99.00 999 1009.9  10.5 999.0   6.7 99.0 99.00 
2024 03 03 05 30 268  8.1 10.7 99.00 99.00 99.00 999 1010.0  10.6 999.0   7.0 99.0 99.00 
2024 03 03 05 40 263  8.1 10.1  3.74 13.79  8.30 305 1010.1  10.6 999.0   7.1 99.0 99.00 
2024 03 03 05 50 284  9.8 14.4 99.00 99.00 99.00 999 1010.3  10.3 999.0   6.5 99.0 99.00 
2024 03 03 06 00 289  9.3 12.2 99.00 99.00 99.00 999 1010.5  10.1 999.0   6.5 99.0 99.00 
2024 03 03 06 10 267  9.5 14.1  4.05 13.79  8.60 308 1010.4   9.7 999.0   6.0 99.0 99.00 
2024 03 03 06 20 268  9.0 11.3 99.00 99.00 99.00 999 1010.5   9.8 999.0   5.7 99.0 99.00 
2024 03 03 06 30 268  8.7 12.2 99.00 99.00 99.00 999 1010.6  10.2 999.0   6.5 99.0 99.00 
2024 03 03 06 40 300 12.0 16.2  3.92 13.79  8.16 303 1010.8   9.5 999.0   6.4 99.0 99.00 
2024 03 03 06 50 305 10.4 14.2 99.00 99.00 99.00 999 1010.9   9.2 999.0   6.4 99.0 99.00 
2024 03 03 07 00 293  8.3 12.0 99.00 99.00 99.00 999 1011.1   9.5 999.0   5.3 99.0 99.00 
2024 03 03 07 10 279  8.0 10.5  4.01 13.79  8.45 307 1011.2   9.8 999.0   6.3 99.0 99.00 
2024 03 03 07 20 275  7.4 10.4 99.00 99.00 99.00 999 1011.2   9.8 999.0   6.3 99.0 99.00 
2024 03 03 07 30 276  7.5 11.3 99.00 99.00 99.00 999 1011.1  10.2 999.0   6.8 99.0 99.00 
2024 03 03 07 40 277 10.0 12.9  3.85 13.79  8.15 306 1011.3  10.5 999.0   5.7 99.0 99.00 
2024 03 03 07 50 280  9.9 12.9 99.00 99.00 99.00 999 1011.3  10.5 999.0   5.5 99.0 99.00 
2024 03 03 08 00 280  9.5 12.3 99.00 99.00 99.00 999 1011.3  10.6 999.0   5.7 99.0 99.00 
2024 03 03 08 10 285  9.0 11.0  3.75 13.79  8.00 305 1011.4  10.6 999.0   5.9 99.0 99.00 
2024 03 03 08 20 283  8.7 11.7 99.00 99.00 99.00 999 1011.5  10.6 999.0   5.7 99.0 99.00 
2024 03 03 08 30 281  7.7  9.9 99.00 99.00 99.00 999 1011.5  10.7 999.0   6.0 99.0 99.00 
2024 03 03 08 40 286  8.8 13.0  3.99 13.79  8.23 313 1011.6  10.7 999.0   5.8 99.0 99.00 
2024 03 03 08 50 296  8.5 12.8 99.00 99.00 99.00 999 1011.6   9.7 999.0   5.8 99.0 99.00 
2024 03 03 09 00 285  7.8 10.2 99.00 99.00 99.00 999 1011.7  10.3 999.0   5.9 99.0 99.00 
2024 03 03 09 10 276  9.3 14.1  4.27 13.79  8.72 307 1011.9  10.6 999.0   5.9 99.0 99.00 
2024 03 03 09 20 272  9.2 11.8 99.00 99.00 99.00 999 1011.9  10.3 999.0   6.0 99.0 99.00 
2024 03 03 09 30 296  7.7 10.5 99.00 99.00 99.00 999 1012.0  10.3 999.0   6.6 99.0 99.00 
2024 03 03 09 40 310  6.0  8.1  4.04 13.79  8.58 304 1012.0  10.0 999.0   6.9 99.0 99.00 
2024 03 03 09 50 288  7.6 11.6 99.00 99.00 99.00 999 1011.9  10.4 999.0   6.0 99.0 99.00 
2024 03 03 10 00 290  9.4 12.4 99.00 99.00 99.00 999 1011.9  10.8 999.0   5.4 99.0 99.00 
2024 03 03 10 10 283  9.1 12.0  3.83 12.90  8.24 299 1011.9  10.8 999.0   5.7 99.0 99.00 
2024 03 03 10 20 276  8.9 11.6 99.00 99.00 99.00 999 1012.0  10.7 999.0   5.4 99.0 99.00 
2024 03 03 10 30 276  8.4 10.6 99.00 99.00 99.00 999 1012.0  10.7 999.0   5.7 99.0 99.00 
2024 03 03 10 40 275  9.0 11.5  4.10 13.79  8.50 303 1012.0  10.6 999.0   5.6 99.0 99.00 
2024 03 03 10 50 270  8.6 11.6 99.00 99.00 99.00 999 1012.0  10.6 999.0   5.9 99.0 99.00 
2024 03 03 11 00 272  8.8 11.3 99.00 99.00 99.00 999 1012.1  10.6 999.0   5.9 99.0 99.00 
2024 03 03 11 10 274  8.7 12.0  4.21 14.81  8.32 294 1012.1  10.6 999.0   6.2 99.0 99.00 
2024 03 03 11 20 278  8.6 11.0 99.00 99.00 99.00 999 1012.1  10.6 999.0   5.4 99.0 99.00 
2024 03 03 11 30 275  8.5 10.7 99.00 99.00 99.00 999 1012.2  10.7 999.0   5.2 99.0 99.00 
2024 03 03 11 40 269  8.7 12.2  4.18 13.79  8.54 303 1012.3  10.4 999.0   5.7 99.0 99.00 
2024 03 03 11 50 266  8.3 10.7 99.00 99.00 99.00 999 1012.3  10.4 999.0   5.7 99.0 99.00 
2024 03 03 12 00 268  8.1 10.1 99.00 99.00 99.00 999 1012.4  10.5 999.0   5.8 99.0 99.00 
2024 03 03 12 10 268  7.8 10.7  4.21 13.79  8.71 307 1012.4  10.5 999.0   5.4 99.0 99.00 
2024 03 03 12 20 265  7.9 10.6 99.00 99.00 99.00 999 1012.4  10.5 999.0   5.8 99.0 99.00 
2024 03 03 12 30 261  7.0 10.2 99.00 99.00 99.00 999 1012.3  10.5 999.0   5.8 99.0 99.00 
2024 03 03 12 40 271  8.3 10.8  3.65 13.79  8.19 298 1012.3  10.6 999.0   5.3 99.0 99.00 
2024 03 03 12 50 268  8.4 10.8 99.00 99.00 99.00 999 1012.4  10.7 999.0   5.2 99.0 99.00 
2024 03 03 13 00 252  8.2 11.4 99.00 99.00 99.00 999 1012.5  10.4 999.0   6.5 99.0 99.00 
2024 03 03 13 10 256  7.6 10.6  3.82 12.90  8.35 303 1012.6  10.2 999.0   6.6 99.0 99.00 
2024 03 03 13 20 260  7.8  9.7 99.00 99.00 99.00 999 1012.7  10.3 999.0   6.3 99.0 99.00 
2024 03 03 13 30 258  7.3  9.3 99.00 99.00 99.00 999 1012.8  10.2 999.0   6.1 99.0 99.00 
2024 03 03 13 40 262  6.8  8.8  3.78 14.81  8.38 306 1012.9  10.4 999.0   6.2 99.0 99.00 
2024 03 03 13 50 261  7.1  9.2 99.00 99.00 99.00 999 1013.0  10.4 999.0   5.8 99.0 99.00 
2024 03 03 14 00 258  6.7  9.5 99.00 99.00 99.00 999 1013.1  10.6 999.0   5.9 99.0 99.00 
2024 03 03 14 10 267  7.6 10.7  3.72 12.12  8.28 300 1013.1  10.7 999.0   5.4 99.0 99.00 
2024 03 03 14 20 270  7.6 10.3 99.00 99.00 99.00 999 1013.2  10.7 999.0   5.7 99.0 99.00 
2024 03 03 14 30 270  6.8  9.4 99.00 99.00 99.00 999 1013.3  10.6 999.0   5.6 99.0 99.00 
2024 03 03 14 40 270  6.8 10.8  4.42 13.79  9.24 304 1013.4  10.7 999.0   5.6 99.0 99.00 
2024 03 03 14 50 269  6.7  9.9 99.00 99.00 99.00 999 1013.7  10.8 999.0   5.5 99.0 99.00 
2024 03 03 15 00 268  6.0  8.4 99.00 99.00 99.00 999 1013.7  10.8 999.0   5.5 99.0 99.00 
2024 03 03 15 10 253  6.2  8.5  3.73 12.12  8.38 297 1013.9  10.8 999.0   5.9 99.0 99.00 
2024 03 03 15 20 258  6.1  8.1 99.00 99.00 99.00 999 1013.9  10.7 999.0   5.3 99.0 99.00 
2024 03 03 15 30 278  6.6 10.7 99.00 99.00 99.00 999 1014.2  10.9 999.0   6.2 99.0 99.00 
2024 03 03 15 40 264  6.4  9.7  3.89 12.12  8.87 294 1014.4  10.1 999.0   6.1 99.0 99.00 
2024 03 03 15 50 251  5.6  8.9 99.00 99.00 99.00 999 1014.4   9.9 999.0   5.8 99.0 99.00 
2024 03 03 16 00 225  5.0  6.9 99.00 99.00 99.00 999 1014.4   9.8 999.0   5.4 99.0 99.00 
2024 03 03 16 10 219  3.5  5.1  3.74 12.12  8.57 300 1014.5   9.9 999.0   5.5 99.0 99.00 
2024 03 03 16 20 241  4.3  7.2 99.00 99.00 99.00 999 1014.6  10.4 999.0   6.2 99.0 99.00 
2024 03 03 16 30 260  6.4  8.4 99.00 99.00 99.00 999 1014.8  10.8 999.0   6.1 99.0 99.00 
2024 03 03 16 40 257  6.8  9.1  3.84 11.43  8.80 296 1014.9  11.0 999.0   5.3 99.0 99.00 
2024 03 03 16 50 259  7.1  9.2 99.00 99.00 99.00 999 1015.0  11.1 999.0   5.7 99.0 99.00 
2024 03 03 17 00 256  7.0  9.3 99.00 99.00 99.00 999 1015.0  11.1 999.0   5.6 99.0 99.00 
2024 03 03 17 10 260  7.0  8.6  3.63 12.90  8.53 309 1015.2  11.1 999.0   5.5 99.0 99.00 
2024 03 03 17 20 254  6.8  8.7 99.00 99.00 99.00 999 1015.3  11.2 999.0   5.9 99.0 99.00 
2024 03 03 17 30 251  6.9  9.4 99.00 99.00 99.00 999 1015.4  11.1 999.0   5.9 99.0 99.00 
2024 03 03 17 40 258  6.9  9.4  3.65 10.00  8.53 285 1015.6  11.1 999.0   5.8 99.0 99.00 
2024 03 03 17 50 258  7.2  9.4 99.00 99.00 99.00 999 1015.8  11.1 999.0   6.2 99.0 99.00 
2024 03 03 18 00 252 10.0 13.0 99.00 99.00 99.00 999 1015.9  10.5 999.0   7.5 99.0 99.00 
2024 03 03 18 10 247  9.2 12.4  3.70 12.12  8.81 301 1016.1   9.8 999.0   7.5 99.0 99.00 
2024 03 03 18 20 237  7.1  9.6 99.00 99.00 99.00 999 1016.2   9.8 999.0   6.9 99.0 99.00 
2024 03 03 18 30 245  5.4  7.1 99.00 99.00 99.00 999 1016.2  10.0 999.0   6.5 99.0 99.00 
2024 03 03 18 40 242  4.4  6.7  3.94 12.90  9.04 298 1015.6  10.3 999.0   6.2 99.0 99.00 
2024 03 03 18 50 218  3.7  5.2 99.00 99.00 99.00 999 1015.9  10.5 999.0   5.6 99.0 99.00 
2024 03 03 19 00 235  5.1  7.2 99.00 99.00 99.00 999 1016.2  10.6 999.0   5.5 99.0 99.00 
2024 03 03 19 10 232  5.5  7.6  3.95 11.43  8.94 289 1016.2  10.7 999.0   5.7 99.0 99.00 
2024 03 03 19 20 233  5.8  7.5 99.00 99.00 99.00 999 1016.1  10.8 999.0   5.8 99.0 99.00 
2024 03 03 19 30 229  5.9  7.8 99.00 99.00 99.00 999 1016.3  10.8 999.0   5.8 99.0 99.00 
2024 03 03 19 40 222  5.5  7.0  3.28 13.79  8.51 303 1016.2  10.8 999.0   6.2 99.0 99.00 
2024 03 03 19 50 218  5.9  7.3 99.00 99.00 99.00 999 1016.3  10.8 999.0   6.6 99.0 99.00 
2024 03 03 20 00 223  6.0  8.6 99.00 99.00 99.00 999 1016.3  10.9 999.0   6.5 99.0 99.00 
2024 03 03 20 10 224  6.4  7.9  3.47 13.79  8.49 299 1016.1  11.0 999.0   6.2 99.0 99.00 
2024 03 03 20 20 222  6.4  8.3 99.00 99.00 99.00 999 1016.0  11.0 999.0   6.8 99.0 99.00 
2024 03 03 20 30 223  6.3  8.4 99.00 99.00 99.00 999 1015.9  11.0 999.0   6.5 99.0 99.00 
2024 03 03 20 40 227  6.6  8.5  3.30 10.81  8.20 294 1015.7  11.2 999.0   6.7 99.0 99.00 
2024 03 03 20 50 223  6.7  8.6 99.00 99.00 99.00 999 1015.7  11.2 999.0   7.0 99.0 99.00 
2024 03 03 21 00 220  6.8  9.7 99.00 99.00 99.00 999 1015.5  11.3 999.0   7.1 99.0 99.00 
2024 03 03 21 10 226  7.4  9.5  3.49 11.43  8.35 306 1015.4  11.3 999.0   6.9 99.0 99.00 
2024 03 03 21 20 227  7.8 10.2 99.00 99.00 99.00 999 1015.4  11.1 999.0   7.3 99.0 99.00 
2024 03 03 21 30 221  7.5  9.2 99.00 99.00 99.00 999 1015.3  10.9 999.0   7.4 99.0 99.00 
2024 03 03 21 40 216  7.6  9.7  3.65 12.12  8.53 306 1015.2  10.8 999.0   7.5 99.0 99.00 
2024 03 03 21 50 222  7.0  9.0 99.00 99.00 99.00 999 1015.3  10.8 999.0   7.5 99.0 99.00 
2024 03 03 22 00 236  6.7 10.4 99.00 99.00 99.00 999 1015.3  10.7 999.0   7.6 99.0 99.00 
2024 03 03 22 10 262  8.0 13.2  3.48 10.81  8.40 293 1015.5  10.0 999.0   8.0 99.0 99.00 
2024 03 03 22 20 257  7.3 10.4 99.00 99.00 99.00 999 1015.3   9.7 999.0   7.8 99.0 99.00 
2024 03 03 22 30 261  7.7  9.9 99.00 99.00 99.00 999 1015.3  10.3 999.0   7.0 99.0 99.00 
2024 03 03 22 40 269  8.0 10.1  3.20 12.12  7.82 310 1015.2  10.7 999.0   7.4 99.0 99.00 
2024 03 03 22 50 266  8.2 11.0 99.00 99.00 99.00 999 1015.2  11.0 999.0   7.4 99.0 99.00 
2024 03 03 23 00 269  8.0 10.1 99.00 99.00 99.00 999 1015.1  11.0 999.0   7.7 99.0 99.00 
2024 03 03 23 10 275  7.9 11.0  3.38 13.79  7.92 305 1015.2  11.0 999.0   7.6 99.0 99.00 
2024 03 03 23 20 277  7.9 10.3 99.00 99.00 99.00 999 1015.1  11.0 999.0   7.5 99.0 99.00 
2024 03 03 23 30 280  7.8  9.8 99.00 99.00 99.00 999 1015.1  11.0 999.0   7.6 99.0 99.00 
2024 03 03 23 40 281  8.0 10.2  3.75 13.79  8.04 311 1015.2  11.0 999.0   7.4 99.0 99.00 
2024 03 03 23 50 282  7.1  9.2 99.00 99.00 99.00 999 1015.1  11.0 999.0   7.6 99.0 99.00 
2024 03 04 00 00 999 99.0 99.0 99.00 99.00 99.00 999 1015.3 999.0 999.0 999.0 99.0 99.00 
2024 03 04 00 10 282  8.0 10.3 99.00 99.00 99.00 999 1015.1  11.1 999.0   7.2 99.0 99.00 
2024 03 04 00 20 281  7.9 10.2 99.00 99.00 99.00 999 1015.0  11.1 999.0   7.2 99.0 99.00 
2024 03 04 00 30 285  8.3 13.9 99.00 99.00 99.00 999 1015.1  11.1 999.0   7.5 99.0 99.00 
2024 03 04 00 40 305  8.4 13.1  3.63 12.12  8.29 303 1015.2  10.0 999.0   6.6 99.0 99.00 
2024 03 04 00 50 288  7.0  9.6 99.00 99.00 99.00 999 1015.2  10.6 999.0   7.2 99.0 99.00 
2024 03 04 01 00 280  7.6  9.9 99.00 99.00 99.00 999 1015.2  11.1 999.0   7.4 99.0 99.00 
2024 03 04 01 10 282  7.3 10.9  3.71 12.90  8.52 308 1015.3  11.2 999.0   7.6 99.0 99.00 
2024 03 04 01 20 296  8.5 11.6 99.00 99.00 99.00 999 1015.4  11.2 999.0   8.0 99.0 99.00 
2024 03 04 01 30 290  8.4 11.2 99.00 99.00 99.00 999 1015.4  11.2 999.0   7.5 99.0 99.00 
2024 03 04 01 40 284  9.2 11.5  3.09 13.79  7.53 302 1015.4  11.2 999.0   6.9 99.0 99.00 
2024 03 04 01 50 281  9.2 11.2 99.00 99.00 99.00 999 1015.5  11.2 999.0   7.1 99.0 99.00 
2024 03 04 02 00 283  9.5 11.7 99.00 99.00 99.00 999 1015.5  11.0 999.0   6.9 99.0 99.00 
2024 03 04 02 10 281  9.8 12.9  3.20 12.12  7.65 303 1015.6  11.0 999.0   6.5 99.0 99.00 
2024 03 04 02 20 283  9.4 12.5 99.00 99.00 99.00 999 1015.8  11.0 999.0   6.4 99.0 99.00 
2024 03 04 02 30 282  9.4 12.2 99.00 99.00 99.00 999 1015.8  11.0 999.0   6.8 99.0 99.00 
2024 03 04 02 40 289  9.2 11.7  3.21 11.43  7.52 304 1015.9  11.1 999.0   6.7 99.0 99.00 
2024 03 04 02 50 288  8.8 11.2 99.00 99.00 99.00 999 1016.1  11.0 999.0   6.8 99.0 99.00 
2024 03 04 03 00 283  8.7 11.3 99.00 99.00 99.00 999 1016.2  11.0 999.0   6.8 99.0 99.00 
2024 03 04 03 10 288  8.1 10.7  3.68 12.12  8.29 303 1016.2  11.0 999.0   6.6 99.0 99.00 
2024 03 04 03 20 303  8.4 10.9 99.00 99.00 99.00 999 1016.3  10.9 999.0   6.7 99.0 99.00 
2024 03 04 03 30 300  7.4  9.7 99.00 99.00 99.00 999 1016.3  10.7 999.0   6.4 99.0 99.00 
2024 03 04 03 40 286  7.2 10.2  3.42 12.90  8.24 310 1016.3  10.9 999.0   6.7 99.0 99.00 
2024 03 04 03 50 294  8.8 12.2 99.00 99.00 99.00 999 1016.4  11.0 999.0   6.7 99.0 99.00 
2024 03 04 04 00 299  8.3 10.9 99.00 99.00 99.00 999 1016.5  10.7 999.0   6.7 99.0 99.00 
2024 03 04 04 10 293  8.3 10.6  3.13 13.79  7.80 312 1016.6  10.7 999.0   6.2 99.0 99.00 
2024 03 04 04 20 294  8.0 10.4 99.00 99.00 99.00 999 1016.7  10.7 999.0   5.8 99.0 99.00 
2024 03 04 04 30 293  8.4 10.8 99.00 99.00 99.00 999 1016.8  10.7 999.0   5.6 99.0 99.00 
2024 03 04 04 40 286  8.5 10.8  2.96 12.12  7.53 302 1017.0  10.8 999.0   5.6 99.0 99.00 
2024 03 04 04 50 287  8.6 11.3 99.00 99.00 99.00 999 1017.1  10.8 999.0   5.8 99.0 99.00 
2024 03 04 05 00 289  7.9 10.2 99.00 99.00 99.00 999 1017.3  10.8 999.0   5.9 99.0 99.00 
2024 03 04 05 10 293  7.9 10.3  2.98 11.43  7.69 301 1017.3  10.8 999.0   6.1 99.0 99.00 
2024 03 04 05 20 288  8.5 10.5 99.00 99.00 99.00 999 1017.4  10.8 999.0   5.9 99.0 99.00 
2024 03 04 05 30 292  7.6 10.4 99.00 99.00 99.00 999 1017.4  10.8 999.0   5.9 99.0 99.00 
2024 03 04 05 40 290  7.1  9.4  2.96 12.90  7.67 316 1017.5  10.7 999.0   5.7 99.0 99.00 
2024 03 04 05 50 291  7.0  9.1 99.00 99.00 99.00 999 1017.7  10.8 999.0   6.1 99.0 99.00 
2024 03 04 06 00 294  6.0  8.6 99.00 99.00 99.00 999 1017.8  10.8 999.0   6.0 99.0 99.00 
2024 03 04 06 10 294  6.1  8.6  3.21 12.12  8.23 303 1017.9  10.8 999.0   6.1 99.0 99.00 
2024 03 04 06 20 291  6.4  8.4 99.00 99.00 99.00 999 1017.9  10.9 999.0   5.9 99.0 99.00 
2024 03 04 06 30 294  5.9  8.0 99.00 99.00 99.00 999 1018.0  10.9 999.0   6.1 99.0 99.00 
2024 03 04 06 40 299  5.7  7.6  2.93 12.90  8.10 307 1018.1  10.9 999.0   6.3 99.0 99.00 
2024 03 04 06 50 298  6.3  8.6 99.00 99.00 99.00 999 1018.2  11.0 999.0   5.8 99.0 99.00 
2024 03 04 07 00 303  6.3  8.3 99.00 99.00 99.00 999 1018.2  10.9 999.0   6.3 99.0 99.00 
2024 03 04 07 10 305  5.9  7.5  2.97 12.90  8.41 309 1018.2  10.7 999.0   6.3 99.0 99.00 
2024 03 04 07 20 300  6.0  8.1 99.00 99.00 99.00 999 1018.2  10.7 999.0   6.2 99.0 99.00 
2024 03 04 07 30 292  5.9  8.3 99.00 99.00 99.00 999 1018.3  10.8 999.0   6.0 99.0 99.00 
2024 03 04 07 40 289  5.7  7.5  2.89 12.90  8.32 310 1018.4  10.8 999.0   5.7 99.0 99.00 
2024 03 04 07 50 294  5.5  7.4 99.00 99.00 99.00 999 1018.5  10.8 999.0   5.7 99.0 99.00 
2024 03 04 08 00 290  5.5  7.2 99.00 99.00 99.00 999 1018.5  10.8 999.0   5.5 99.0 99.00 
2024 03 04 08 10 288  5.1  8.1  3.03 12.12  8.60 309 1018.6  10.8 999.0   5.5 99.0 99.00 
2024 03 04 08 20 287  4.9  7.2 99.00 99.00 99.00 999 1018.6  10.8 999.0   5.5 99.0 99.00 
2024 03 04 08 30 284  4.3  6.2 99.00 99.00 99.00 999 1018.6  10.8 999.0   5.7 99.0 99.00 
2024 03 04 08 40 287  4.4  6.5  2.93 12.12  8.56 310 1018.6  10.9 999.0   6.0 99.0 99.00 
2024 03 04 08 50 289  5.1  6.9 99.00 99.00 99.00 999 1018.5  10.9 999.0   5.3 99.0 99.00 
2024 03 04 09 00 299  4.8  6.8 99.00 99.00 99.00 999 1018.6  10.8 999.0   5.1 99.0 99.00 
2024 03 04 09 10 310  4.6  6.3  2.91 12.12  8.63 316 1018.6  10.9 999.0   5.7 99.0 99.00 
2024 03 04 09 20 344  4.3  6.4 99.00 99.00 99.00 999 1018.8  10.6 999.0   6.5 99.0 99.00 
2024 03 04 09 30  15  5.1  6.7 99.00 99.00 99.00 999 1018.8  10.4 999.0   7.1 99.0 99.00 
2024 03 04 09 40  30  4.6  6.2  2.58 12.90  7.97 305 1018.9  10.2 999.0   7.2 99.0 99.00 
2024 03 04 09 50  43  4.1  5.8 99.00 99.00 99.00 999 1018.8  10.1 999.0   7.2 99.0 99.00 
2024 03 04 10 00  43  4.1  5.5 99.00 99.00 99.00 999 1018.8  10.0 999.0   7.2 99.0 99.00 
2024 03 04 10 10  47  3.7  5.5  2.99 12.12  8.56 310 1018.7  10.0 999.0   7.0 99.0 99.00 
2024 03 04 10 20  44  3.1  4.9 99.00 99.00 99.00 999 1018.7  10.0 999.0   6.8 99.0 99.00 
2024 03 04 10 30  44  2.9  4.7 99.00 99.00 99.00 999 1018.6  10.1 999.0   6.7 99.0 99.00 
2024 03 04 10 40  47  2.7  4.5  2.74 12.90  8.19 314 1018.5  10.1 999.0   6.7 99.0 99.00 
2024 03 04 10 50  55  3.3  5.1 99.00 99.00 99.00 999 1018.4  10.0 999.0   6.7 99.0 99.00 
2024 03 04 11 00  57  3.2  6.0 99.00 99.00 99.00 999 1018.4  10.0 999.0   6.7 99.0 99.00 
2024 03 04 11 10  64  2.8  4.4  2.69 10.81  8.40 303 1018.4   9.9 999.0   6.6 99.0 99.00 
2024 03 04 11 20  59  2.6  4.2 99.00 99.00 99.00 999 1018.4  10.0 999.0   6.7 99.0 99.00 
2024 03 04 11 30  50  2.2  4.2 99.00 99.00 99.00 999 1018.4   9.9 999.0   6.6 99.0 99.00 
2024 03 04 11 40  81  3.3  5.8  2.94 12.12  8.49 302 1018.4   9.9 999.0   6.9 99.0 99.00 
2024 03 04 11 50  91  3.1  5.4 99.00 99.00 99.00 999 1018.5   9.9 999.0   6.8 99.0 99.00 
2024 03 04 12 00  83  3.6  6.4 99.00 99.00 99.00 999 1018.5   9.9 999.0   6.9 99.0 99.00 
2024 03 04 12 10  96  2.8  4.9  2.93 11.43  8.75 305 1018.6   9.9 999.0   6.7 99.0 99.00 
2024 03 04 12 20 119  2.1  4.3 99.00 99.00 99.00 999 1018.6   9.9 999.0   6.4 99.0 99.00 
2024 03 04 12 30  95  2.2  4.6 99.00 99.00 99.00 999 1018.6  10.1 999.0   6.8 99.0 99.00 
2024 03 04 12 40  98  2.8  6.1  3.12 12.12  8.84 309 1018.6  10.0 999.0   6.5 99.0 99.00 
2024 03 04 12 50  93  1.7  4.3 99.00 99.00 99.00 999 1018.7  10.1 999.0   6.3 99.0 99.00 
2024 03 04 13 00  98  2.4  5.0 99.00 99.00 99.00 999 1018.7  10.2 999.0   6.8 99.0 99.00 
2024 03 04 13 10 106  2.8  4.8  2.66 11.43  8.19 300 1018.6  10.1 999.0   6.6 99.0 99.00 
2024 03 04 13 20  97  2.8  5.3 99.00 99.00 99.00 999 1018.6  10.2 999.0   6.8 99.0 99.00 
2024 03 04 13 30  95  3.0  5.2 99.00 99.00 99.00 999 1018.7  10.2 999.0   6.7 99.0 99.00 
2024 03 04 13 40 107  2.9  5.5  2.69 10.00  8.41 293 1018.8  10.3 999.0   6.7 99.0 99.00 
2024 03 04 13 50 104  2.4  4.8 99.00 99.00 99.00 999 1018.9  10.4 999.0   6.8 99.0 99.00 
2024 03 04 14 00 113  2.0  3.9 99.00 99.00 99.00 999 1019.0  10.4 999.0   6.6 99.0 99.00 
2024 03 04 14 10 138  1.8  4.8  2.73 12.12  8.39 304 1018.9  10.6 999.0   6.8 99.0 99.00 
2024 03 04 14 20 142  1.9  3.4 99.00 99.00 99.00 999 1019.1  10.6 999.0   6.7 99.0 99.00 
2024 03 04 14 30 160  1.9  4.5 99.00 99.00 99.00 999 1019.1  10.6 999.0   6.5 99.0 99.00 
2024 03 04 14 40 144  1.8  3.9  2.62 12.12  8.11 310 1019.1  10.6 999.0   6.5 99.0 99.00 
2024 03 04 14 50 153  2.3  5.0 99.00 99.00 99.00 999 1019.2  10.6 999.0   6.8 99.0 99.00 
2024 03 04 15 00 200  3.1  5.8 99.00 99.00 99.00 999 1019.3  10.3 999.0   6.2 99.0 99.00 
2024 03 04 15 10 205  2.0  4.1  2.69 12.90  7.98 310 1019.5  10.3 999.0   6.5 99.0 99.00 
2024 03 04 15 20 243  2.4  4.5 99.00 99.00 99.00 999 1019.5  10.3 999.0   6.2 99.0 99.00 
2024 03 04 15 30 258  2.5  4.5 99.00 99.00 99.00 999 1019.6  10.4 999.0   6.2 99.0 99.00 
2024 03 04 15 40 252  1.5  3.7  2.48 12.12  7.73 305 1019.6  10.4 999.0   6.1 99.0 99.00 
2024 03 04 15 50 253  1.0  2.4 99.00 99.00 99.00 999 1019.7  10.5 999.0   6.0 99.0 99.00 
2024 03 04 16 00 287  0.4  1.4 99.00 99.00 99.00 999 1019.9  10.6 999.0   6.0 99.0 99.00 
2024 03 04 16 10 242  0.6  1.6  2.52 10.81  7.78 293 1019.9  11.0 999.0   6.2 99.0 99.00 
2024 03 04 16 20 197  1.0  2.4 99.00 99.00 99.00 999 1019.9  11.1 999.0   6.4 99.0 99.00 
2024 03 04 16 30 197  1.3  3.0 99.00 99.00 99.00 999 1019.9  11.0 999.0   6.1 99.0 99.00 
2024 03 04 16 40 180  1.2  3.7  2.69 12.12  7.96 311 1020.0  11.1 999.0   6.2 99.0 99.00 
2024 03 04 16 50 146  1.3  3.5 99.00 99.00 99.00 999 1020.1  11.1 999.0   6.2 99.0 99.00 
2024 03 04 17 00 152  1.6  3.5 99.00 99.00 99.00 999 1020.3  11.0 999.0   6.1 99.0 99.00 
2024 03 04 17 10 151  1.4  3.1  2.49 10.81  7.81 302 1020.4  11.2 999.0   6.2 99.0 99.00 
2024 03 04 17 20 151  1.5  4.0 99.00 99.00 99.00 999 1020.3  11.3 999.0   6.4 99.0 99.00 
2024 03 04 17 30 135  1.9  3.5 99.00 99.00 99.00 999 1020.4  11.3 999.0   6.6 99.0 99.00 
2024 03 04 17 40 149  2.4  4.5  2.69 12.12  8.09 307 1020.4  11.2 999.0   6.6 99.0 99.00 
2024 03 04 17 50 142  2.3  4.4 99.00 99.00 99.00 999 1020.6  11.3 999.0   6.9 99.0 99.00 
2024 03 04 18 00 111  2.9  5.9 99.00 99.00 99.00 999 1020.7  11.2 999.0   8.4 99.0 99.00 
2024 03 04 18 10  99  3.7  6.2  2.65 12.12  8.03 310 1020.7  10.9 999.0   8.5 99.0 99.00 
2024 03 04 18 20 109  3.2  6.0 99.00 99.00 99.00 999 1020.7  10.9 999.0   8.1 99.0 99.00 
2024 03 04 18 30 120  3.3  5.9 99.00 99.00 99.00 999 1020.8  11.0 999.0   7.8 99.0 99.00 
2024 03 04 18 40 148  2.4  4.3  2.55 12.12  8.02 317 1020.7  11.2 999.0   7.4 99.0 99.00 
2024 03 04 18 50 175  3.4  6.4 99.00 99.00 99.00 999 1020.7  11.4 999.0   7.9 99.0 99.00 
2024 03 04 19 00 182  4.1  6.4 99.00 99.00 99.00 999 1020.8  11.5 999.0   8.5 99.0 99.00 
2024 03 04 19 10 168  4.9  7.1  2.36 12.12  7.75 316 1020.8  11.3 999.0   8.6 99.0 99.00 
2024 03 04 19 20 163  4.1  6.1 99.00 99.00 99.00 999 1020.8  11.2 999.0   8.4 99.0 99.00 
2024 03 04 19 30 174  4.2  6.1 99.00 99.00 99.00 999 1020.8  11.3 999.0   8.8 99.0 99.00 
2024 03 04 19 40 194  5.3  6.4  2.35 12.12  7.59 307 1020.7  11.6 999.0   8.6 99.0 99.00 
2024 03 04 19 50 203  5.2  7.0 99.00 99.00 99.00 999 1020.8  11.7 999.0   8.7 99.0 99.00 
2024 03 04 20 00 204  4.6  6.8 99.00 99.00 99.00 999 1020.7  11.8 999.0   8.6 99.0 99.00 
2024 03 04 20 10 200  4.6  5.9  2.45 10.81  7.79 304 1020.6  11.8 999.0   8.5 99.0 99.00 
2024 03 04 20 20 194  4.8  6.3 99.00 99.00 99.00 999 1020.5  11.8 999.0   8.5 99.0 99.00 
2024 03 04 20 30 191  5.3  6.6 99.00 99.00 99.00 999 1020.4  11.8 999.0   8.6 99.0 99.00 
2024 03 04 20 40 186  5.2  7.3  2.48 11.43  7.76 310 1020.3  11.8 999.0   8.7 99.0 99.00 
2024 03 04 20 50 194  5.1  7.1 99.00 99.00 99.00 999 1020.2  11.8 999.0   8.7 99.0 99.00 
2024 03 04 21 00 193  4.9  6.4 99.00 99.00 99.00 999 1020.1  11.8 999.0   8.7 99.0 99.00 
2024 03 04 21 10 187  4.5  7.0  2.61 11.43  8.08 305 1020.1  11.8 999.0   8.6 99.0 99.00 
2024 03 04 21 20 190  4.8  6.8 99.00 99.00 99.00 999 1019.9  11.9 999.0   8.8 99.0 99.00 
2024 03 04 21 30 197  5.5  7.0 99.00 99.00 99.00 999 1019.8  11.8 999.0   9.0 99.0 99.00 
2024 03 04 21 40 196  5.5  7.1  2.53 12.12  8.12 306 1019.7  11.6 999.0   9.1 99.0 99.00 
2024 03 04 21 50 200  5.9  7.7 99.00 99.00 99.00 999 1019.7  11.4 999.0   9.0 99.0 99.00 
2024 03 04 22 00 190  5.4  7.3 99.00 99.00 99.00 999 1019.6  11.2 999.0   9.4 99.0 99.00 
2024 03 04 22 10 176  5.0  6.2  2.37 10.81  7.88 299 1019.6  10.9 999.0   9.5 99.0 99.00 
2024 03 04 22 20 163  4.8  6.4 99.00 99.00 99.00 999 1019.5  10.8 999.0   9.5 99.0 99.00 
2024 03 04 22 30 151  4.4  6.0 99.00 99.00 99.00 999 1019.4  10.8 999.0   9.5 99.0 99.00 
2024 03 04 22 40 155  4.1  6.1  2.18 12.12  7.78 301 1019.4  10.8 999.0   9.6 99.0 99.00 
2024 03 04 22 50 161  4.5  6.8 99.00 99.00 99.00 999 1019.4  10.7 999.0   9.6 99.0 99.00 
2024 03 04 23 00 199  6.2  8.9 99.00 99.00 99.00 999 1019.2  10.9 999.0   9.9 99.0 99.00 
2024 03 04 23 10 203  5.8  7.1  2.18 12.12  7.63 310 1019.2  10.9 999.0  10.2 99.0 99.00 
2024 03 04 23 20 192  5.3  6.7 99.00 99.00 99.00 999 1019.2  10.7 999.0   9.9 99.0 99.00 
2024 03 04 23 30 181  5.0  6.6 99.00 99.00 99.00 999 1019.2  10.9 999.0  10.1 99.0 99.00 
2024 03 04 23 40 165  4.5  6.1  1.94 11.43  7.41 301 1019.1  10.8 999.0  10.1 99.0 99.00 
2024 03 04 23 50 163  4.2  5.6 99.00 99.00 99.00 999 1018.9  10.9 999.0  10.2 99.0 99.00 
2024 03 05 00 00 156  4.0  5.7 99.00 99.00 99.00 999 1018.8  11.0 999.0  10.1 99.0 99.00 
2024 03 05 00 10 162  3.9  5.3  2.28 12.12  8.13 303 1018.7  11.2 999.0  10.2 99.0 99.00 
2024 03 05 00 20 167  5.5  7.9 99.00 99.00 99.00 999 1018.7  11.6 999.0  10.3 99.0 99.00 
2024 03 05 00 30 161  5.4  7.8 99.00 99.00 99.00 999 1018.7  11.7 999.0  10.5 99.0 99.00 
2024 03 05 00 40 155  5.4  7.1  2.13 11.43  7.86 301 1018.5  11.7 999.0  10.6 99.0 99.00 
2024 03 05 00 50 154  4.9  6.8 99.00 99.00 99.00 999 1018.5  11.7 999.0  10.6 99.0 99.00 
2024 03 05 01 00 162  4.9  7.3 99.00 99.00 99.00 999 1018.4  12.0 999.0  10.8 99.0 99.00 
2024 03 05 01 10 191  7.5 10.2  2.38 10.81  8.18 301 1018.3  12.1 999.0  10.7 99.0 99.00 
2024 03 05 01 20 196  6.4  9.7 99.00 99.00 99.00 999 1018.3  11.3 999.0  10.5 99.0 99.00 
2024 03 05 01 30 181  5.0  6.5 99.00 99.00 99.00 999 1018.2  11.5 999.0  10.5 99.0 99.00 
2024 03 05 01 40 173  5.2  6.6  2.16 10.81  7.88 302 1018.1  12.0 999.0  11.0 99.0 99.00 
2024 03 05 01 50 197  6.2  8.6 99.00 99.00 99.00 999 1018.1  12.0 999.0  10.4 99.0 99.00 
2024 03 05 02 00 188  6.9  8.5 99.00 99.00 99.00 999 1018.0  12.4 999.0  10.7 99.0 99.00 
2024 03 05 02 10 188  6.9  8.8  2.40 11.43  7.96 296 1018.0  12.5 999.0  10.7 99.0 99.00 
2024 03 05 02 20 181  7.4  9.4 99.00 99.00 99.00 999 1017.8  12.5 999.0  10.6 99.0 99.00 
2024 03 05 02 30 181  7.1  9.2 99.00 99.00 99.00 999 1017.8  12.5 999.0  10.8 99.0 99.00 
2024 03 05 02 40 183  7.4  9.4  2.13 11.43  7.21 299 1017.8  12.5 999.0  10.9 99.0 99.00 
2024 03 05 02 50 178  7.4  9.6 99.00 99.00 99.00 999 1017.8  12.4 999.0  10.9 99.0 99.00 
2024 03 05 03 00 178  7.3  9.7 99.00 99.00 99.00 999 1017.9  12.2 999.0  11.0 99.0 99.00 
2024 03 05 03 10 179  7.0  8.6  1.93 11.43  6.85 309 1017.9  12.0 999.0  11.1 99.0 99.00 
2024 03 05 03 20 190  8.0 11.1 99.00 99.00 99.00 999 1017.9  12.0 999.0  11.2 99.0 99.00 
2024 03 05 03 30 176  7.1 10.5 99.00 99.00 99.00 999 1017.8  11.8 999.0  11.0 99.0 99.00 
2024 03 05 03 40 190  7.8 11.1  2.14 10.00  7.13 297 1017.8  11.9 999.0  11.1 99.0 99.00 
2024 03 05 03 50 189  7.6  9.9 99.00 99.00 99.00 999 1017.8  11.9 999.0  11.1 99.0 99.00 
2024 03 05 04 00 189  8.0 10.1 99.00 99.00 99.00 999 1017.7  12.3 999.0  11.3 99.0 99.00 
2024 03 05 04 10 190  8.2 10.3  2.12 11.43  6.94 306 1017.6  12.4 999.0  11.1 99.0 99.00 
2024 03 05 04 20 190  8.1  9.9 99.00 99.00 99.00 999 1017.6  12.5 999.0  11.2 99.0 99.00 
2024 03 05 04 30 186  8.0  9.7 99.00 99.00 99.00 999 1017.6  12.4 999.0  11.0 99.0 99.00 
2024 03 05 04 40 189  8.2 10.1  2.05 10.81  6.43 307 1017.6  12.5 999.0  11.0 99.0 99.00 
2024 03 05 04 50 186  8.4 10.6 99.00 99.00 99.00 999 1017.7  12.6 999.0  11.0 99.0 99.00 
2024 03 05 05 00 184  8.4 10.8 99.00 99.00 99.00 999 1017.6  12.7 999.0  11.0 99.0 99.00 
2024 03 05 05 10 183  8.7 11.1  2.30 11.43  6.72 298 1017.5  12.7 999.0  11.0 99.0 99.00 
2024 03 05 05 20 187  8.6 10.8 99.00 99.00 99.00 999 1017.5  12.7 999.0  11.2 99.0 99.00 
2024 03 05 05 30 188  8.6 10.6 99.00 99.00 99.00 999 1017.6  12.5 999.0  11.2 99.0 99.00 
2024 03 05 05 40 185  8.8 10.5  2.16 11.43  6.48 298 1017.6  12.4 999.0  11.1 99.0 99.00 
2024 03 05 05 50 190  9.2 10.9 99.00 99.00 99.00 999 1017.7  12.5 999.0  11.3 99.0 99.00 
2024 03 05 06 00 192  8.1 10.5 99.00 99.00 99.00 999 1017.7  12.3 999.0  11.5 99.0 99.00 
2024 03 05 06 10 193  8.5 11.2  2.09 10.00  6.27 296 1017.6  12.4 999.0  11.3 99.0 99.00 
2024 03 05 06 20 192  8.8 11.2 99.00 99.00 99.00 999 1017.5  12.5 999.0  11.3 99.0 99.00 
2024 03 05 06 30 192  8.8 10.7 99.00 99.00 99.00 999 1017.5  12.5 999.0  11.3 99.0 99.00 
2024 03 05 06 40 189  8.8 10.8  2.41 10.00  6.83 300 1017.5  12.5 999.0  11.3 99.0 99.00 
2024 03 05 06 50 192  9.3 11.3 99.00 99.00 99.00 999 1017.6  12.5 999.0  11.2 99.0 99.00 
2024 03 05 07 00 191  9.1 11.1 99.00 99.00 99.00 999 1017.6  12.5 999.0  11.4 99.0 99.00 
2024 03 05 07 10 193  9.1 11.0  2.26 10.81  6.52 297 1017.4  12.5 999.0  11.4 99.0 99.00 
2024 03 05 07 20 189  8.6 11.0 99.00 99.00 99.00 999 1017.4  12.4 999.0  11.4 99.0 99.00 
2024 03 05 07 30 190  8.8 11.1 99.00 99.00 99.00 999 1017.4  12.4 999.0  11.4 99.0 99.00 
2024 03 05 07 40 186  8.8 11.7  2.17 10.81  6.20 296 1017.4  12.4 999.0  11.3 99.0 99.00 
2024 03 05 07 50 187  8.9 11.0 99.00 99.00 99.00 999 1017.3  12.4 999.0  11.3 99.0 99.00 
2024 03 05 08 00 184  8.6 10.7 99.00 99.00 99.00 999 1017.4  12.3 999.0  11.4 99.0 99.00 
2024 03 05 08 10 187  8.4 10.9  2.35 10.81  6.64 297 1017.4  12.4 999.0  11.6 99.0 99.00 
2024 03 05 08 20 183  8.0 10.0 99.00 99.00 99.00 999 1017.4  12.4 999.0  11.7 99.0 99.00 
2024 03 05 08 30 180  7.9  9.9 99.00 99.00 99.00 999 1017.3  12.3 999.0  11.6 99.0 99.00 
2024 03 05 08 40 181  7.7  9.7  2.10  9.09  6.00 289 1017.3  12.3 999.0  11.6 99.0 99.00 
2024 03 05 08 50 184  7.7  9.7 99.00 99.00 99.00 999 1017.2  12.3 999.0  11.6 99.0 99.00 
2024 03 05 09 00 184  7.7  9.5 99.00 99.00 99.00 999 1017.2  12.4 999.0  11.7 99.0 99.00 
2024 03 05 09 10 187  7.3  9.1  2.14 11.43  6.27 301 1017.3  12.5 999.0  11.7 99.0 99.00 
2024 03 05 09 20 187  6.8  8.2 99.00 99.00 99.00 999 1017.3  12.6 999.0  11.8 99.0 99.00 
2024 03 05 09 30 188  6.5  8.5 99.00 99.00 99.00 999 1017.2  12.4 999.0  11.7 99.0 99.00 
2024 03 05 09 40 182  5.7  8.3  2.16 11.43  6.48 311 1017.0  12.4 999.0  11.9 99.0 99.00 
2024 03 05 09 50 188  7.6 10.3 99.00 99.00 99.00 999 1017.0  12.3 999.0  11.9 99.0 99.00 
2024 03 05 10 00 188  6.8  8.4 99.00 99.00 99.00 999 1016.9  12.3 999.0  11.9 99.0 99.00 
2024 03 05 10 10 192  6.9  8.5  2.01 10.00  6.33 295 1016.9  12.3 999.0  11.8 99.0 99.00 
2024 03 05 10 20 200  6.8  8.3 99.00 99.00 99.00 999 1016.8  12.4 999.0  11.9 99.0 99.00 
2024 03 05 10 30 201  6.7  8.3 99.00 99.00 99.00 999 1016.8  12.4 999.0  11.7 99.0 99.00 
2024 03 05 10 40 198  6.7  8.5  1.88 10.00  5.97 302 1016.7  12.5 999.0  11.8 99.0 99.00 
2024 03 05 10 50 199  6.5  8.3 99.00 99.00 99.00 999 1016.5  12.5 999.0  11.9 99.0 99.00 
2024 03 05 11 00 198  6.2  8.1 99.00 99.00 99.00 999 1016.4  12.4 999.0  11.7 99.0 99.00 
2024 03 05 11 10 197  6.2  7.7  2.00 14.81  6.27 263 1016.3  12.6 999.0  11.9 99.0 99.00 
2024 03 05 11 20 199  6.1  7.4 99.00 99.00 99.00 999 1016.2  12.5 999.0  11.8 99.0 99.00 
2024 03 05 11 30 199  6.2  7.6 99.00 99.00 99.00 999 1016.1  12.5 999.0  11.8 99.0 99.00 
2024 03 05 11 40 198  5.8  7.0  1.93 14.81  6.28 275 1016.1  12.5 999.0  11.7 99.0 99.00 
2024 03 05 11 50 193  5.8  7.0 99.00 99.00 99.00 999 1016.0  12.5 999.0  11.7 99.0 99.00 
2024 03 05 12 00 194  5.1  6.8 99.00 99.00 99.00 999 1015.9  12.6 999.0  11.8 99.0 99.00 
2024 03 05 12 10 189  5.6  6.9  1.93 16.00  6.42 232 1015.9  12.6 999.0  11.8 99.0 99.00 
2024 03 05 12 20 187  5.8  7.2 99.00 99.00 99.00 999 1015.8  12.6 999.0  11.9 99.0 99.00 
2024 03 05 12 30 186  5.9  7.3 99.00 99.00 99.00 999 1015.8  12.5 999.0  11.8 99.0 99.00 
2024 03 05 12 40 184  5.6  7.1  1.85 10.00  6.21 301 1015.9  12.5 999.0  11.8 99.0 99.00 
2024 03 05 12 50 185  5.6  6.7 99.00 99.00 99.00 999 1016.0  12.5 999.0  11.8 99.0 99.00 
2024 03 05 13 00 180  5.5  6.8 99.00 99.00 99.00 999 1015.9  12.5 999.0  11.7 99.0 99.00 
2024 03 05 13 10 175  5.5  6.8  1.91 14.81  6.49 261 1016.0  12.6 999.0  11.9 99.0 99.00 
2024 03 05 13 20 171  5.4  6.8 99.00 99.00 99.00 999 1016.0  12.6 999.0  11.9 99.0 99.00 
2024 03 05 13 30 169  5.3  6.9 99.00 99.00 99.00 999 1016.0  12.6 999.0  11.9 99.0 99.00 
2024 03 05 13 40 166  4.9  6.1  1.81 10.81  6.44 314 1016.0  12.7 999.0  12.0 99.0 99.00 
2024 03 05 13 50 182  5.2  7.3 99.00 99.00 99.00 999 1016.0  12.5 999.0  11.8 99.0 99.00 
2024 03 05 14 00 197  5.3  7.0 99.00 99.00 99.00 999 1016.0  11.9 999.0  11.5 99.0 99.00 
2024 03 05 14 10 210  4.5  5.8  1.85 14.81  6.51 242 1015.9  11.9 999.0  11.5 99.0 99.00 
2024 03 05 14 20 189  4.3  5.8 99.00 99.00 99.00 999 1015.9  12.1 999.0  11.7 99.0 99.00 
2024 03 05 14 30 178  5.5  7.1 99.00 99.00 99.00 999 1015.8  12.3 999.0  11.7 99.0 99.00 
2024 03 05 14 40 182  5.7  7.3  1.77 10.81  6.36 298 1015.8  12.5 999.0  11.7 99.0 99.00 
2024 03 05 14 50 180  5.4  6.7 99.00 99.00 99.00 999 1015.8  12.5 999.0  11.7 99.0 99.00 
2024 03 05 15 00 178  5.3  7.0 99.00 99.00 99.00 999 1015.9  12.6 999.0  11.8 99.0 99.00 
2024 03 05 15 10 175  5.7  7.2  1.88 14.81  6.61 287 1015.9  12.6 999.0  11.7 99.0 99.00 
2024 03 05 15 20 173  5.6  7.0 99.00 99.00 99.00 999 1015.9  12.6 999.0  11.8 99.0 99.00 
2024 03 05 15 30 172  5.6  7.4 99.00 99.00 99.00 999 1015.9  12.6 999.0  11.8 99.0 99.00 
2024 03 05 15 40 174  5.6  7.2  1.78 10.81  6.52 298 1016.0  12.7 999.0  11.8 99.0 99.00 
2024 03 05 15 50 176  5.6  7.0 99.00 99.00 99.00 999 1016.1  12.8 999.0  11.9 99.0 99.00 
2024 03 05 16 00 179  6.2  7.5 99.00 99.00 99.00 999 1016.1  12.8 999.0  11.8 99.0 99.00 
2024 03 05 16 10 174  6.0  8.0  1.77 10.81  6.56 310 1016.2  12.9 999.0  11.9 99.0 99.00 
2024 03 05 16 20 174  6.4  8.0 99.00 99.00 99.00 999 1016.2  12.9 999.0  11.9 99.0 99.00 
2024 03 05 16 30 165  6.0  7.8 99.00 99.00 99.00 999 1016.3  12.8 999.0  12.0 99.0 99.00 
2024 03 05 16 40 164  6.2  7.7  1.68 14.81  6.48 252 1016.3  12.8 999.0  12.0 99.0 99.00 
2024 03 05 16 50 164  6.0  7.5 99.00 99.00 99.00 999 1016.4  12.8 999.0  12.0 99.0 99.00 
2024 03 05 17 00 171  6.4  8.1 99.00 99.00 99.00 999 1016.4  12.8 999.0  11.9 99.0 99.00 
2024 03 05 17 10 175  6.5  7.8  1.71 10.81  6.20 303 1016.4  12.8 999.0  12.0 99.0 99.00 
2024 03 05 17 20 173  6.0  7.6 99.00 99.00 99.00 999 1016.5  12.7 999.0  11.8 99.0 99.00 
2024 03 05 17 30 164  6.1  8.0 99.00 99.00 99.00 999 1016.4  12.9 999.0  12.0 99.0 99.00 
2024 03 05 17 40 163  6.6  8.7  1.63 10.00  6.25 295 1016.5  12.9 999.0  11.9 99.0 99.00 
2024 03 05 17 50 168  6.5  8.5 99.00 99.00 99.00 999 1016.4  12.8 999.0  11.8 99.0 99.00 
2024 03 05 18 00 167  6.8  9.1 99.00 99.00 99.00 999 1016.3  12.9 999.0  11.9 99.0 99.00 
2024 03 05 18 10 170  7.8  9.4  1.67 14.81  6.17 251 1016.3  12.5 999.0  11.5 99.0 99.00 
2024 03 05 18 20 161  7.6  9.7 99.00 99.00 99.00 999 1016.4  12.5 999.0  11.5 99.0 99.00 
2024 03 05 18 30 162  6.6  8.1 99.00 99.00 99.00 999 1016.3  12.5 999.0  11.4 99.0 99.00 
2024 03 05 18 40 170  6.9  9.7  1.72 10.81  6.36 292 1016.3  12.6 999.0  11.6 99.0 99.00 
2024 03 05 18 50 164  6.7  8.3 99.00 99.00 99.00 999 1016.3  12.6 999.0  11.6 99.0 99.00 
2024 03 05 19 00 158  6.6  8.5 99.00 99.00 99.00 999 1016.3  12.6 999.0  11.6 99.0 99.00 
2024 03 05 19 10 157  7.0  9.0  1.56 14.81  6.16 281 1016.2  12.7 999.0  11.7 99.0 99.00 
2024 03 05 19 20 155  6.5  8.3 99.00 99.00 99.00 999 1016.3  12.7 999.0  11.8 99.0 99.00 
2024 03 05 19 30 157  6.6  8.2 99.00 99.00 99.00 999 1016.2  12.8 999.0  12.0 99.0 99.00 
2024 03 05 19 40 159  6.1  7.8  1.61 14.81  6.16 258 1016.3  12.8 999.0  11.9 99.0 99.00 
2024 03 05 19 50 161  6.6  8.5 99.00 99.00 99.00 999 1016.2  12.9 999.0  11.8 99.0 99.00 
2024 03 05 20 00 161  6.8  8.3 99.00 99.00 99.00 999 1016.1  12.9 999.0  11.7 99.0 99.00 
2024 03 05 20 10 164  7.2  9.2  1.53 14.81  6.26 250 1016.0  13.0 999.0  11.8 99.0 99.00 
2024 03 05 20 20 165  7.5  9.2 99.00 99.00 99.00 999 1016.0  12.9 999.0  11.8 99.0 99.00 
2024 03 05 20 30 172  7.4  9.1 99.00 99.00 99.00 999 1015.9  12.9 999.0  11.8 99.0 99.00 
2024 03 05 20 40 178  6.8  9.1  1.59 14.81  5.94 290 1015.8  12.9 999.0  11.8 99.0 99.00 
2024 03 05 20 50 181  7.7  9.8 99.00 99.00 99.00 999 1015.8  12.8 999.0  11.6 99.0 99.00 
2024 03 05 21 00 182  8.4 10.6 99.00 99.00 99.00 999 1015.8  12.2 999.0  11.2 99.0 99.00 
2024 03 05 21 10 181  6.0  8.7  1.63 14.81  6.00 289 1015.6  11.8 999.0  11.2 99.0 99.00 
2024 03 05 21 20 163  5.0  6.4 99.00 99.00 99.00 999 1015.6  11.8 999.0  11.3 99.0 99.00 
2024 03 05 21 30 173  5.1  6.9 99.00 99.00 99.00 999 1015.4  12.0 999.0  11.4 99.0 99.00 
2024 03 05 21 40 169  5.3  7.6  1.63 10.00  6.36 317 1015.3  12.3 999.0  11.7 99.0 99.00 
2024 03 05 21 50 167  5.9  7.6 99.00 99.00 99.00 999 1015.3  12.5 999.0  11.8 99.0 99.00 
2024 03 05 22 00 166  5.7  7.2 99.00 99.00 99.00 999 1015.2  12.6 999.0  11.9 99.0 99.00 
2024 03 05 22 10 168  6.5  8.0  1.64 10.00  6.05 314 1015.1  12.7 999.0  12.0 99.0 99.00 
2024 03 05 22 20 167  6.7  8.4 99.00 99.00 99.00 999 1015.1  12.8 999.0  12.0 99.0 99.00 
2024 03 05 22 30 165  6.6  8.4 99.00 99.00 99.00 999 1014.9  12.9 999.0  12.1 99.0 99.00 
2024 03 05 22 40 170  6.4  8.3  1.57 10.00  6.04 319 1014.8  12.9 999.0  12.0 99.0 99.00 
2024 03 05 22 50 172  6.3  7.6 99.00 99.00 99.00 999 1014.8  13.0 999.0  12.1 99.0 99.00 
2024 03 05 23 00 171  6.2  7.4 99.00 99.00 99.00 999 1014.7  13.0 999.0  12.2 99.0 99.00 
2024 03 05 23 10 170  6.0  7.6  1.59 14.81  6.02 253 1014.6  13.1 999.0  12.3 99.0 99.00 
2024 03 05 23 20 170  6.0  7.6 99.00 99.00 99.00 999 1014.5  13.1 999.0  12.1 99.0 99.00 
2024 03 05 23 30 166  5.8  7.5 99.00 99.00 99.00 999 1014.4  13.1 999.0  12.1 99.0 99.00 
2024 03 05 23 40 163  5.9  7.4  1.48 10.00  5.81 296 1014.3  13.1 999.0  12.1 99.0 99.00 
2024 03 05 23 50 165  6.1  7.5 99.00 99.00 99.00 999 1014.2  13.2 999.0  12.2 99.0 99.00 
2024 03 06 00 00 162  5.8  7.3 99.00 99.00 99.00 999 1014.1  13.2 999.0  12.2 99.0 99.00 
2024 03 06 00 10 164  5.8  7.3  1.65 14.81  6.29 255 1014.1  13.2 999.0  12.2 99.0 99.00 
2024 03 06 00 20 162  6.0  7.4 99.00 99.00 99.00 999 1013.9  13.2 999.0  12.2 99.0 99.00 
2024 03 06 00 30 162  6.1  7.7 99.00 99.00 99.00 999 1013.9  13.2 999.0  12.2 99.0 99.00 
2024 03 06 00 40 159  6.2  8.5  1.49 14.81  6.06 226 1013.9  13.1 999.0  12.2 99.0 99.00 
2024 03 06 00 50 156  5.3  6.8 99.00 99.00 99.00 999 1013.9  13.1 999.0  12.3 99.0 99.00 
2024 03 06 01 00 155  5.2  7.1 99.00 99.00 99.00 999 1013.8  13.1 999.0  12.3 99.0 99.00 
2024 03 06 01 10 153  5.4  6.9  1.53 14.81  6.05 250 1013.7  13.2 999.0  12.5 99.0 99.00 
2024 03 06 01 20 153  5.7  7.3 99.00 99.00 99.00 999 1013.7  13.1 999.0  12.4 99.0 99.00 
2024 03 06 01 30 152  6.1  7.7 99.00 99.00 99.00 999 1013.5  13.2 999.0  12.4 99.0 99.00 
2024 03 06 01 40 154  6.4  8.0  1.57 13.79  6.03 259 1013.4  13.2 999.0  12.5 99.0 99.00 
2024 03 06 01 50 155  7.0  8.7 99.00 99.00 99.00 999 1013.3  13.1 999.0  12.4 99.0 99.00 
2024 03 06 02 00 153  7.0  9.2 99.00 99.00 99.00 999 1013.2  13.1 999.0  12.4 99.0 99.00 
2024 03 06 02 10 158  6.6  8.1  1.51 14.81  5.81 188 1013.3  13.1 999.0  12.4 99.0 99.00 
2024 03 06 02 20 159  6.9  8.5 99.00 99.00 99.00 999 1013.2  13.1 999.0  12.3 99.0 99.00 
2024 03 06 02 30 161  7.2  9.4 99.00 99.00 99.00 999 1013.2  13.1 999.0  12.3 99.0 99.00 
2024 03 06 02 40 162  7.4  9.5  1.51 14.81  5.70 233 1013.3  13.2 999.0  12.4 99.0 99.00 
2024 03 06 02 50 164  7.3  8.9 99.00 99.00 99.00 999 1013.3  13.2 999.0  12.4 99.0 99.00 
2024 03 06 03 00 161  7.4  9.2 99.00 99.00 99.00 999 1013.3  13.2 999.0  12.5 99.0 99.00 
2024 03 06 03 10 161  7.4  9.8  1.68 14.81  5.85 257 1013.3  13.2 999.0  12.5 99.0 99.00 
2024 03 06 03 20 160  7.7  9.5 99.00 99.00 99.00 999 1013.3  13.2 999.0  12.5 99.0 99.00 
2024 03 06 03 30 160  7.4  9.0 99.00 99.00 99.00 999 1013.4  13.1 999.0  12.4 99.0 99.00 
2024 03 06 03 40 162  7.6  9.5  1.60 14.81  5.49 282 1013.3  13.1 999.0  12.4 99.0 99.00 
2024 03 06 03 50 160  7.6  9.3 99.00 99.00 99.00 999 1013.2  13.1 999.0  12.4 99.0 99.00 
2024 03 06 04 00 161  7.8  9.5 99.00 99.00 99.00 999 1013.1  13.1 999.0  12.6 99.0 99.00 
2024 03 06 04 10 162  7.4  8.8  1.70 14.81  5.73 256 1013.1  13.1 999.0  12.6 99.0 99.00 
2024 03 06 04 20 165  7.4  8.9 99.00 99.00 99.00 999 1013.2  13.2 999.0  12.7 99.0 99.00 
2024 03 06 04 30 167  7.6  9.5 99.00 99.00 99.00 999 1013.2  13.2 999.0  12.7 99.0 99.00 
2024 03 06 04 40 164  7.4  9.1  1.58 10.00  5.57 299 1013.2  13.2 999.0  12.7 99.0 99.00 
2024 03 06 04 50 166  7.4  9.2 99.00 99.00 99.00 999 1013.1  13.2 999.0  12.7 99.0 99.00 
2024 03 06 05 00 165  7.7  9.6 99.00 99.00 99.00 999 1013.0  13.1 999.0  12.6 99.0 99.00 
2024 03 06 05 10 164  7.4  9.2  1.60  9.09  5.34 298 1013.0  13.2 999.0  12.7 99.0 99.00 
2024 03 06 05 20 162  7.2  8.9 99.00 99.00 99.00 999 1013.0  13.2 999.0  12.7 99.0 99.00 
2024 03 06 05 30 162  7.0  8.8 99.00 99.00 99.00 999 1012.9  13.2 999.0  12.7 99.0 99.00 
2024 03 06 05 40 163  7.1  9.1  1.77 10.00  5.81 288 1013.0  13.2 999.0  12.7 99.0 99.00 
2024 03 06 05 50 166  7.1  8.5 99.00 99.00 99.00 999 1013.0  13.1 999.0  12.6 99.0 99.00 
2024 03 06 06 00 167  6.4  8.1 99.00 99.00 99.00 999 1013.1  13.2 999.0  12.7 99.0 99.00 
2024 03 06 06 10 170  6.3  7.6  1.73 14.81  5.73 235 1013.1  13.2 999.0  12.7 99.0 99.00 
2024 03 06 06 20 173  5.9  7.5 99.00 99.00 99.00 999 1013.1  13.2 999.0  12.7 99.0 99.00 
2024 03 06 06 30 173  6.0  7.4 99.00 99.00 99.00 999 1013.1  13.2 999.0  12.7 99.0 99.00 
2024 03 06 06 40 173  5.8  7.0  1.82 14.81  6.17 259 1013.1  13.2 999.0  12.7 99.0 99.00 
2024 03 06 06 50 175  6.0  7.4 99.00 99.00 99.00 999 1013.1  13.2 999.0  12.7 99.0 99.00 
2024 03 06 07 00 175  5.5  6.9 99.00 99.00 99.00 999 1013.1  13.2 999.0  12.7 99.0 99.00 
2024 03 06 07 10 170  5.4  7.0  1.62 14.81  6.05 263 1013.1  13.2 999.0  12.7 99.0 99.00 
2024 03 06 07 20 174  5.1  6.4 99.00 99.00 99.00 999 1013.1  13.2 999.0  12.7 99.0 99.00 
2024 03 06 07 30 179  5.3  6.6 99.00 99.00 99.00 999 1013.1  13.2 999.0  12.8 99.0 99.00 
2024 03 06 07 40 176  5.0  6.3  1.65 13.79  6.08 259 1013.0  13.2 999.0  12.8 99.0 99.00 
2024 03 06 07 50 176  4.6  5.9 99.00 99.00 99.00 999 1013.0  13.2 999.0  12.7 99.0 99.00 
2024 03 06 08 00 174  4.7  6.0 99.00 99.00 99.00 999 1012.9  13.2 999.0  12.7 99.0 99.00 
2024 03 06 08 10 171  4.4  5.4  1.59 14.81  6.15 265 1012.9  13.2 999.0  12.7 99.0 99.00 
2024 03 06 08 20 167  4.2  5.6 99.00 99.00 99.00 999 1012.9  13.2 999.0  12.7 99.0 99.00 
2024 03 06 08 30 158  4.0  5.1 99.00 99.00 99.00 999 1012.9  13.2 999.0  12.7 99.0 99.00 
2024 03 06 08 40 159  3.6  4.8  1.54 14.81  6.17 278 1012.9  13.3 999.0  12.8 99.0 99.00 
2024 03 06 08 50 162  3.8  5.3 99.00 99.00 99.00 999 1012.9  13.2 999.0  12.7 99.0 99.00 
2024 03 06 09 00 153  3.9  5.0 99.00 99.00 99.00 999 1012.9  13.2 999.0  12.7 99.0 99.00 
2024 03 06 09 10 153  4.1  5.8  1.60 14.81  6.18 275 1012.9  13.2 999.0  12.7 99.0 99.00 
2024 03 06 09 20 150  3.8  5.3 99.00 99.00 99.00 999 1012.8  13.2 999.0  12.7 99.0 99.00 
2024 03 06 09 30 155  4.2  5.5 99.00 99.00 99.00 999 1012.7  13.2 999.0  12.7 99.0 99.00 
2024 03 06 09 40 158  4.5  5.8  1.65 13.79  6.30 277 1012.6  13.2 999.0  12.7 99.0 99.00 
2024 03 06 09 50 157  4.4  5.6 99.00 99.00 99.00 999 1012.6  13.2 999.0  12.8 99.0 99.00 
2024 03 06 10 00 154  4.2  5.3 99.00 99.00 99.00 999 1012.5  13.2 999.0  12.8 99.0 99.00 
2024 03 06 10 10 149  3.9  5.4  1.60 14.81  6.49 264 1012.2  13.1 999.0  12.7 99.0 99.00 
2024 03 06 10 20 145  3.5  4.6 99.00 99.00 99.00 999 1012.1  13.1 999.0  12.7 99.0 99.00 
2024 03 06 10 30 154  3.4  4.4 99.00 99.00 99.00 999 1012.0  13.1 999.0  12.7 99.0 99.00 
2024 03 06 10 40 151  3.1  4.2  1.63 14.81  6.36 279 1011.8  13.1 999.0  12.7 99.0 99.00 
2024 03 06 10 50 147  3.2  4.5 99.00 99.00 99.00 999 1011.7  13.1 999.0  12.7 99.0 99.00 
2024 03 06 11 00 145  3.5  4.9 99.00 99.00 99.00 999 1011.7  13.1 999.0  12.7 99.0 99.00 
2024 03 06 11 10 143  3.4  4.5  1.57 14.81  6.42 275 1011.6  13.1 999.0  12.7 99.0 99.00 
2024 03 06 11 20 134  3.4  4.5 99.00 99.00 99.00 999 1011.5  13.1 999.0  12.7 99.0 99.00 
2024 03 06 11 30 129  3.8  5.7 99.00 99.00 99.00 999 1011.4  13.1 999.0  12.7 99.0 99.00 
2024 03 06 11 40 129  4.2  5.3  1.60 13.79  6.39 289 1011.4  13.1 999.0  12.7 99.0 99.00 
2024 03 06 11 50 133  4.3  5.8 99.00 99.00 99.00 999 1011.2  13.1 999.0  12.7 99.0 99.00 
2024 03 06 12 00 129  4.2  5.5 99.00 99.00 99.00 999 1011.1  13.1 999.0  12.7 99.0 99.00 
2024 03 06 12 10 134  4.5  5.9  1.50 14.81  6.44 270 1011.1  13.1 999.0  12.7 99.0 99.00 
2024 03 06 12 20 130  4.4  5.8 99.00 99.00 99.00 999 1011.0  13.0 999.0  12.6 99.0 99.00 
2024 03 06 12 30 126  4.3  5.6 99.00 99.00 99.00 999 1011.0  13.0 999.0  12.6 99.0 99.00 
2024 03 06 12 40 133  4.0  5.2  1.46 13.79  6.23 277 1011.0  13.0 999.0  12.6 99.0 99.00 
2024 03 06 12 50 134  3.9  5.2 99.00 99.00 99.00 999 1011.0  13.0 999.0  12.6 99.0 99.00 
2024 03 06 13 00 132  4.2  5.6 99.00 99.00 99.00 999 1010.9  13.0 999.0  12.6 99.0 99.00 
2024 03 06 13 10 129  4.5  6.4  1.49 13.79  6.43 285 1010.9  13.1 999.0  12.7 99.0 99.00 
2024 03 06 13 20 129  4.4  6.5 99.00 99.00 99.00 999 1011.0  13.0 999.0  12.6 99.0 99.00 
2024 03 06 13 30 132  4.0  5.1 99.00 99.00 99.00 999 1011.0  12.9 999.0  12.5 99.0 99.00 
2024 03 06 13 40 134  4.2  5.4  1.47 13.79  6.37 270 1011.0  12.9 999.0  12.5 99.0 99.00 
2024 03 06 13 50 131  3.8  5.0 99.00 99.00 99.00 999 1011.0  12.9 999.0  12.5 99.0 99.00 
2024 03 06 14 00 131  3.8  4.9 99.00 99.00 99.00 999 1011.0  12.9 999.0  12.5 99.0 99.00 
2024 03 06 14 10 130  4.0  5.1  1.56 14.81  6.80 285 1011.0  12.9 999.0  12.4 99.0 99.00 
2024 03 06 14 20 126  3.9  5.1 99.00 99.00 99.00 999 1011.0  12.9 999.0  12.4 99.0 99.00 
2024 03 06 14 30 133  4.1  5.5 99.00 99.00 99.00 999 1011.1  12.9 999.0  12.4 99.0 99.00 
2024 03 06 14 40 138  4.2  5.2  1.50 14.81  7.00 289 1011.2  12.9 999.0  12.4 99.0 99.00 
2024 03 06 14 50 137  4.2  5.6 99.00 99.00 99.00 999 1011.3  12.9 999.0  12.2 99.0 99.00 
2024 03 06 15 00 134  3.8  4.9 99.00 99.00 99.00 999 1011.3  12.9 999.0  12.2 99.0 99.00 
2024 03 06 15 10 107  3.4  4.8  1.60 13.79  7.01 281 1011.3  12.9 999.0  12.3 99.0 99.00 
2024 03 06 15 20 103  3.8  5.2 99.00 99.00 99.00 999 1011.4  12.8 999.0  12.3 99.0 99.00 
2024 03 06 15 30 100  4.0  5.3 99.00 99.00 99.00 999 1011.5  12.7 999.0  12.0 99.0 99.00 
2024 03 06 15 40  97  4.1  5.4  1.45 16.00  7.04 285 1011.6  12.7 999.0  11.9 99.0 99.00 
2024 03 06 15 50  94  4.3  5.6 99.00 99.00 99.00 999 1011.7  12.7 999.0  11.9 99.0 99.00 
2024 03 06 16 00  99  4.3  5.9 99.00 99.00 99.00 999 1011.8  12.7 999.0  11.9 99.0 99.00 
2024 03 06 16 10 101  4.0  5.3  1.44 14.81  6.78 293 1011.9  12.8 999.0  12.0 99.0 99.00 
2024 03 06 16 20  97  4.1  5.1 99.00 99.00 99.00 999 1012.0  12.8 999.0  12.0 99.0 99.00 
2024 03 06 16 30  98  3.7  5.1 99.00 99.00 99.00 999 1012.1  12.8 999.0  12.0 99.0 99.00 
2024 03 06 16 40 104  3.6  5.3  1.51 14.81  7.27 289 1012.3  12.8 999.0  12.0 99.0 99.00 
2024 03 06 16 50 108  4.1  6.0 99.00 99.00 99.00 999 1012.4  12.8 999.0  11.9 99.0 99.00 
2024 03 06 17 00 120  5.1  6.5 99.00 99.00 99.00 999 1012.5  12.8 999.0  12.0 99.0 99.00 
2024 03 06 17 10 125  5.0  6.3  1.42 13.79  6.74 270 1012.6  12.7 999.0  11.9 99.0 99.00 
2024 03 06 17 20 130  4.5  6.0 99.00 99.00 99.00 999 1012.8  12.7 999.0  12.0 99.0 99.00 
2024 03 06 17 30 145  3.9  5.5 99.00 99.00 99.00 999 1012.9  12.7 999.0  12.0 99.0 99.00 
2024 03 06 17 40 209  3.8  6.0  1.56 16.00  7.23 279 1013.1  11.8 999.0  11.1 99.0 99.00 
2024 03 06 17 50 299  2.6  4.5 99.00 99.00 99.00 999 1013.1  11.5 999.0  10.8 99.0 99.00 
2024 03 06 18 00 357  1.2  3.7 99.00 99.00 99.00 999 1013.3  11.1 999.0  10.4 99.0 99.00 
2024 03 06 18 10 126  0.8  2.0  1.48 13.79  6.86 260 1013.2  10.9 999.0  10.1 99.0 99.00 
2024 03 06 18 20 141  0.5  1.8 99.00 99.00 99.00 999 1013.3  10.9 999.0  10.2 99.0 99.00 
2024 03 06 18 30 102  1.4  2.8 99.00 99.00 99.00 999 1013.3  10.9 999.0  10.2 99.0 99.00 
2024 03 06 18 40 113  1.6  3.0  1.54 14.81  7.61 293 1013.3  10.9 999.0  10.3 99.0 99.00 
2024 03 06 18 50  90  1.6  2.9 99.00 99.00 99.00 999 1013.3  11.0 999.0  10.5 99.0 99.00 
2024 03 06 19 00  87  1.8  2.9 99.00 99.00 99.00 999 1013.3  10.9 999.0  10.3 99.0 99.00 
2024 03 06 19 10 107  2.4  3.7  1.54 14.81  7.31 259 1013.4  10.9 999.0  10.3 99.0 99.00 
2024 03 06 19 20 121  2.7  3.9 99.00 99.00 99.00 999 1013.4  10.8 999.0  10.2 99.0 99.00 
2024 03 06 19 30 125  1.8  3.4 99.00 99.00 99.00 999 1013.4  10.7 999.0   9.8 99.0 99.00 
2024 03 06 19 40   8  0.1  1.1  1.46 13.79  7.25 277 1013.3  10.9 999.0   9.9 99.0 99.00 
2024 03 06 19 50 301  1.5  3.0 99.00 99.00 99.00 999 1013.2  10.9 999.0   9.9 99.0 99.00 
2024 03 06 20 00 297  2.9  4.5 99.00 99.00 99.00 999 1013.0  11.0 999.0  10.1 99.0 99.00 
2024 03 06 20 10 300  4.0  5.0  1.53 14.81  7.44 272 1012.9  11.0 999.0  10.2 99.0 99.00 
2024 03 06 20 20 294  4.3  5.4 99.00 99.00 99.00 999 1012.8  11.2 999.0  10.3 99.0 99.00 
2024 03 06 20 30 292  5.1  6.6 99.00 99.00 99.00 999 1012.7  11.4 999.0  10.4 99.0 99.00 
2024 03 06 20 40 297  5.9  7.5  1.46  8.33  7.08 288 1012.7  11.6 999.0  10.7 99.0 99.00 
2024 03 06 20 50 303  6.4  8.1 99.00 99.00 99.00 999 1012.7  11.6 999.0  10.9 99.0 99.00 
2024 03 06 21 00 316  6.9  8.6 99.00 99.00 99.00 999 1012.5  11.6 999.0  10.9 99.0 99.00 
2024 03 06 21 10 319  7.9  9.5  1.48 14.81  7.05 278 1012.5  11.6 999.0  10.8 99.0 99.00 
2024 03 06 21 20 322  7.5  9.4 99.00 99.00 99.00 999 1012.5  11.7 999.0  10.8 99.0 99.00 
2024 03 06 21 30 326  8.1  9.6 99.00 99.00 99.00 999 1012.4  11.6 999.0  10.5 99.0 99.00 
2024 03 06 21 40 325  7.9  9.3  1.71 13.79  6.58 281 1012.3  11.6 999.0  10.3 99.0 99.00 
2024 03 06 21 50 326  8.3  9.7 99.00 99.00 99.00 999 1012.3  11.7 999.0  10.3 99.0 99.00 
2024 03 06 22 00 322  8.5 10.3 99.00 99.00 99.00 999 1012.1  11.6 999.0  10.1 99.0 99.00 
2024 03 06 22 10 322  8.2 10.0  1.68 14.81  6.08 290 1012.0  11.7 999.0  10.2 99.0 99.00 
2024 03 06 22 20 322  8.4 10.2 99.00 99.00 99.00 999 1012.0  11.7 999.0  10.2 99.0 99.00 
2024 03 06 22 30 325  8.2 10.2 99.00 99.00 99.00 999 1012.0  11.7 999.0  10.2 99.0 99.00 
2024 03 06 22 40 323  8.8 11.1  1.92 14.81  6.13 284 1012.1  11.7 999.0  10.1 99.0 99.00 
2024 03 06 22 50 319  9.1 11.0 99.00 99.00 99.00 999 1012.0  11.6 999.0   9.9 99.0 99.00 
2024 03 06 23 00 324  9.1 11.2 99.00 99.00 99.00 999 1012.1  11.6 999.0   9.8 99.0 99.00 
2024 03 06 23 10 321  8.9 10.5  2.00 14.81  5.90 288 1012.0  11.6 999.0   9.8 99.0 99.00 
2024 03 06 23 20 322  8.6 10.6 99.00 99.00 99.00 999 1012.0  11.7 999.0   9.9 99.0 99.00 
2024 03 06 23 30 323  8.4 10.4 99.00 99.00 99.00 999 1011.9  11.7 999.0   9.8 99.0 99.00 
2024 03 06 23 40 318  8.7 10.7  2.02  8.33  5.95 306 1011.8  11.8 999.0   9.9 99.0 99.00 
2024 03 06 23 50 322  9.2 11.9 99.00 99.00 99.00 999 1011.8  11.8 999.0   9.8 99.0 99.00 
2024 03 07 00 00 326  9.3 11.6 99.00 99.00 99.00 999 1011.8  11.9 999.0  10.1 99.0 99.00 
2024 03 07 00 10 320 10.0 12.2  2.13  8.33  5.99 307 1011.7  11.9 999.0  10.2 99.0 99.00 
2024 03 07 00 20 321  9.6 11.9 99.00 99.00 99.00 999 1011.9  11.9 999.0  10.2 99.0 99.00 
2024 03 07 00 30 323  9.8 12.3 99.00 99.00 99.00 999 1011.7  11.8 999.0  10.1 99.0 99.00 
2024 03 07 00 40 322 10.5 13.1  2.16  8.33  5.86 306 1011.7  11.8 999.0   9.9 99.0 99.00 
2024 03 07 00 50 324 10.5 12.8 99.00 99.00 99.00 999 1011.6  11.9 999.0  10.1 99.0 99.00 
2024 03 07 01 00 319 10.6 12.6 99.00 99.00 99.00 999 1011.6  12.0 999.0  10.3 99.0 99.00 
2024 03 07 01 10 319 10.8 13.4  2.27  9.09  5.92 313 1011.5  11.9 999.0  10.3 99.0 99.00 
2024 03 07 01 20 321 10.9 13.7 99.00 99.00 99.00 999 1011.6  11.8 999.0  10.1 99.0 99.00 
2024 03 07 01 30 321 10.6 13.2 99.00 99.00 99.00 999 1011.7  11.8 999.0  10.1 99.0 99.00 
2024 03 07 01 40 321 10.3 13.2  2.27 13.79  5.82 276 1011.7  11.8 999.0  10.1 99.0 99.00 
2024 03 07 01 50 319 10.4 12.7 99.00 99.00 99.00 999 1011.7  11.8 999.0  10.0 99.0 99.00 
2024 03 07 02 00 321 10.2 12.7 99.00 99.00 99.00 999 1011.8  11.8 999.0  10.0 99.0 99.00 
2024 03 07 02 10 320 10.4 12.3  2.30 12.90  5.65 306 1011.8  11.8 999.0   9.9 99.0 99.00 
2024 03 07 02 20 318 10.7 12.9 99.00 99.00 99.00 999 1011.8  11.8 999.0   9.8 99.0 99.00 
2024 03 07 02 30 317 11.1 13.6 99.00 99.00 99.00 999 1011.8  11.8 999.0   9.9 99.0 99.00 
2024 03 07 02 40 318 11.0 13.4  2.33  8.33  5.86 311 1011.9  11.8 999.0   9.9 99.0 99.00 
2024 03 07 02 50 317 10.8 13.4 99.00 99.00 99.00 999 1011.9  11.8 999.0  10.0 99.0 99.00 
2024 03 07 03 00 321 11.5 13.6 99.00 99.00 99.00 999 1011.8  11.7 999.0   9.8 99.0 99.00 
2024 03 07 03 10 318 12.3 15.1  2.50  6.25  5.89 317 1011.8  11.7 999.0   9.8 99.0 99.00 
2024 03 07 03 20 314 12.3 15.5 99.00 99.00 99.00 999 1011.7  11.7 999.0   9.8 99.0 99.00 
2024 03 07 03 30 313 12.4 15.5 99.00 99.00 99.00 999 1011.7  11.7 999.0   9.7 99.0 99.00 
2024 03 07 03 40 313 12.3 15.4  2.52  9.09  5.90 312 1011.7  11.6 999.0   9.7 99.0 99.00 
2024 03 07 03 50 317 12.0 15.3 99.00 99.00 99.00 999 1011.9  11.7 999.0   9.7 99.0 99.00 
2024 03 07 04 00 314 12.2 14.6 99.00 99.00 99.00 999 1011.9  11.6 999.0   9.8 99.0 99.00 
2024 03 07 04 10 315 12.1 15.2  2.54  7.14  5.96 313 1011.9  11.7 999.0   9.9 99.0 99.00 
2024 03 07 04 20 316 12.4 15.8 99.00 99.00 99.00 999 1012.1  11.8 999.0   9.9 99.0 99.00 
2024 03 07 04 30 317 12.8 15.5 99.00 99.00 99.00 999 1012.2  11.7 999.0   9.8 99.0 99.00 
2024 03 07 04 40 317 12.9 15.7  2.62  8.33  5.98 319 1012.1  11.7 999.0   9.7 99.0 99.00 
2024 03 07 04 50 317 12.8 16.1 99.00 99.00 99.00 999 1012.3  11.6 999.0   9.5 99.0 99.00 
2024 03 07 05 00 321 11.9 14.8 99.00 99.00 99.00 999 1012.5  11.6 999.0   9.3 99.0 99.00 
2024 03 07 05 10 319 12.0 15.4  2.81 11.43  6.26 307 1012.5  11.7 999.0   9.4 99.0 99.00 
2024 03 07 05 20 319 11.7 14.8 99.00 99.00 99.00 999 1012.6  11.8 999.0   9.7 99.0 99.00 
2024 03 07 05 30 320 11.2 14.6 99.00 99.00 99.00 999 1012.7  11.8 999.0   9.9 99.0 99.00 
2024 03 07 05 40 322 11.6 14.2  2.92  9.09  6.52 318 1012.8  11.7 999.0   9.8 99.0 99.00 
2024 03 07 05 50 323 11.7 14.6 99.00 99.00 99.00 999 1012.8  11.7 999.0   9.8 99.0 99.00 
2024 03 07 06 00 324 11.3 13.9 99.00 99.00 99.00 999 1012.9  11.7 999.0   9.8 99.0 99.00 
2024 03 07 06 10 320 11.0 13.9  2.96 11.43  6.71 321 1013.0  11.8 999.0  10.1 99.0 99.00 
2024 03 07 06 20 320 11.4 14.6 99.00 99.00 99.00 999 1013.0  11.8 999.0  10.0 99.0 99.00 
2024 03 07 06 30 319 11.4 14.3 99.00 99.00 99.00 999 1013.1  11.8 999.0  10.1 99.0 99.00 
2024 03 07 06 40 317 12.0 14.4  2.84 12.12  6.38 311 1013.1  11.8 999.0  10.1 99.0 99.00 
2024 03 07 06 50 316 12.6 15.7 99.00 99.00 99.00 999 1013.2  11.7 999.0  10.0 99.0 99.00 
2024 03 07 07 00 318 12.4 16.4 99.00 99.00 99.00 999 1013.2  11.7 999.0  10.0 99.0 99.00 
2024 03 07 07 10 317 13.2 16.7  3.14  9.09  6.48 324 1013.2  11.6 999.0   9.8 99.0 99.00 
2024 03 07 07 20 317 13.1 15.9 99.00 99.00 99.00 999 1013.2  11.6 999.0   9.7 99.0 99.00 
2024 03 07 07 30 320 13.2 16.2 99.00 99.00 99.00 999 1013.1  11.5 999.0   9.5 99.0 99.00 
2024 03 07 07 40 323 13.1 16.6  3.08  9.09  6.60 320 1013.2  11.5 999.0   9.5 99.0 99.00 
2024 03 07 07 50 320 13.1 15.8 99.00 99.00 99.00 999 1013.2  11.4 999.0   9.3 99.0 99.00 
2024 03 07 08 00 317 12.8 15.4 99.00 99.00 99.00 999 1013.3  11.4 999.0   9.2 99.0 99.00 
2024 03 07 08 10 322 12.8 16.3  3.24  9.09  6.73 320 1013.3  11.4 999.0   9.1 99.0 99.00 
2024 03 07 08 20 324 12.7 16.3 99.00 99.00 99.00 999 1013.4  11.4 999.0   9.0 99.0 99.00 
2024 03 07 08 30 323 12.8 16.1 99.00 99.00 99.00 999 1013.3  11.4 999.0   9.0 99.0 99.00 
2024 03 07 08 40 321 12.7 16.1  3.15 10.00  6.66 322 1013.3  11.4 999.0   8.9 99.0 99.00 
2024 03 07 08 50 324 12.7 15.7 99.00 99.00 99.00 999 1013.4  11.4 999.0   8.8 99.0 99.00 
2024 03 07 09 00 324 12.7 15.6 99.00 99.00 99.00 999 1013.4  11.4 999.0   8.8 99.0 99.00 
2024 03 07 09 10 324 13.0 16.1  3.30 10.00  6.82 319 1013.3  11.4 999.0   8.7 99.0 99.00 
2024 03 07 09 20 323 12.1 15.4 99.00 99.00 99.00 999 1013.4  11.4 999.0   9.2 99.0 99.00 
2024 03 07 09 30 320 12.9 16.0 99.00 99.00 99.00 999 1013.4  11.3 999.0   9.0 99.0 99.00 
2024 03 07 09 40 321 12.5 16.0  3.07  9.09  6.61 319 1013.5  11.3 999.0   9.0 99.0 99.00 
2024 03 07 09 50 324 13.3 15.9 99.00 99.00 99.00 999 1013.4  11.2 999.0   8.7 99.0 99.00 
2024 03 07 10 00 323 12.4 15.4 99.00 99.00 99.00 999 1013.4  11.2 999.0   8.9 99.0 99.00 
2024 03 07 10 10 323 12.5 15.9  3.22  9.09  6.67 322 1013.4  11.1 999.0   8.9 99.0 99.00 
2024 03 07 10 20 323 13.6 16.8 99.00 99.00 99.00 999 1013.3  11.0 999.0   8.6 99.0 99.00 
2024 03 07 10 30 326 13.3 16.3 99.00 99.00 99.00 999 1013.2  10.9 999.0   8.6 99.0 99.00 
2024 03 07 10 40 324 13.2 17.1  3.30 10.81  6.83 322 1013.3  10.9 999.0   8.5 99.0 99.00 
2024 03 07 10 50 321 12.8 15.9 99.00 99.00 99.00 999 1013.2  11.0 999.0   8.7 99.0 99.00 
2024 03 07 11 00 322 13.7 17.8 99.00 99.00 99.00 999 1013.2  10.8 999.0   8.5 99.0 99.00 
2024 03 07 11 10 323 14.5 17.9  3.11 10.81  6.63 316 1013.2  10.8 999.0   8.3 99.0 99.00 
2024 03 07 11 20 325 13.9 17.9 99.00 99.00 99.00 999 1013.1  11.0 999.0   8.6 99.0 99.00 
2024 03 07 11 30 324 14.0 17.3 99.00 99.00 99.00 999 1013.1  11.0 999.0   8.6 99.0 99.00 
2024 03 07 11 40 328 13.9 17.1  3.43 10.00  6.90 317 1013.2  10.9 999.0   8.5 99.0 99.00 
2024 03 07 11 50 328 13.5 18.0 99.00 99.00 99.00 999 1013.2  11.0 999.0   8.6 99.0 99.00 
2024 03 07 12 00 326 13.3 16.7 99.00 99.00 99.00 999 1013.2  11.0 999.0   8.6 99.0 99.00 
2024 03 07 12 10 324 13.2 16.2  3.53 10.00  7.01 322 1013.4  11.0 999.0   8.7 99.0 99.00 
2024 03 07 12 20 326 13.4 16.9 99.00 99.00 99.00 999 1013.4  11.0 999.0   8.6 99.0 99.00 
2024 03 07 12 30 328 13.7 18.0 99.00 99.00 99.00 999 1013.5  11.0 999.0   8.6 99.0 99.00 
2024 03 07 12 40 331 13.3 16.7  3.41 10.00  6.95 323 1013.7  11.0 999.0   8.7 99.0 99.00 
2024 03 07 12 50 328 13.1 16.9 99.00 99.00 99.00 999 1013.7  11.0 999.0   8.6 99.0 99.00 
2024 03 07 13 00 327 12.6 16.8 99.00 99.00 99.00 999 1013.7  11.0 999.0   8.6 99.0 99.00 
2024 03 07 13 10 324 12.9 17.0  3.53 10.00  6.96 312 1013.7  11.1 999.0   8.8 99.0 99.00 
2024 03 07 13 20 328 13.0 16.8 99.00 99.00 99.00 999 1013.9  11.0 999.0   8.6 99.0 99.00 
2024 03 07 13 30 332 13.0 16.9 99.00 99.00 99.00 999 1014.2  11.0 999.0   8.6 99.0 99.00 
2024 03 07 13 40 331 12.1 16.5  3.38  9.09  6.97 324 1014.1  11.1 999.0   8.8 99.0 99.00 
2024 03 07 13 50 327 13.1 18.3 99.00 99.00 99.00 999 1014.3  11.1 999.0   8.4 99.0 99.00 
2024 03 07 14 00 328 13.9 18.4 99.00 99.00 99.00 999 1014.3  11.0 999.0   8.1 99.0 99.00 
2024 03 07 14 10 323 14.4 17.9  3.74 10.00  7.14 316 1014.3  11.0 999.0   7.8 99.0 99.00 
2024 03 07 14 20 322 14.1 17.8 99.00 99.00 99.00 999 1014.4  11.1 999.0   7.9 99.0 99.00 
2024 03 07 14 30 322 14.0 17.3 99.00 99.00 99.00 999 1014.4  11.1 999.0   8.0 99.0 99.00 
2024 03 07 14 40 322 14.4 18.3  3.99  8.33  7.38 316 1014.4  11.0 999.0   7.8 99.0 99.00 
2024 03 07 14 50 325 13.7 17.5 99.00 99.00 99.00 999 1014.5  11.0 999.0   7.9 99.0 99.00 
2024 03 07 15 00 320 13.9 17.5 99.00 99.00 99.00 999 1014.6  11.0 999.0   7.8 99.0 99.00 
2024 03 07 15 10 320 14.1 17.6  3.73 10.00  7.11 321 1014.6  11.0 999.0   7.8 99.0 99.00 
2024 03 07 15 20 324 14.1 18.1 99.00 99.00 99.00 999 1014.8  11.0 999.0   8.0 99.0 99.00 
2024 03 07 15 30 324 13.3 16.7 99.00 99.00 99.00 999 1015.1  10.9 999.0   8.1 99.0 99.00 
2024 03 07 15 40 323 12.9 16.0  3.76 10.00  6.98 316 1015.3  10.9 999.0   8.2 99.0 99.00 
2024 03 07 15 50 323 13.2 16.5 99.00 99.00 99.00 999 1015.5  10.8 999.0   7.9 99.0 99.00 
2024 03 07 16 00 322 13.5 17.0 99.00 99.00 99.00 999 1015.5  10.7 999.0   7.7 99.0 99.00 
2024 03 07 16 10 324 13.4 17.0  3.91  9.09  7.04 319 1015.7  10.8 999.0   7.7 99.0 99.00 
2024 03 07 16 20 323 13.1 16.9 99.00 99.00 99.00 999 1015.5  10.8 999.0   7.7 99.0 99.00 
2024 03 07 16 30 322 12.8 16.0 99.00 99.00 99.00 999 1015.8  10.9 999.0   7.8 99.0 99.00 
2024 03 07 16 40 325 12.6 16.1  3.52  9.09  6.70 321 1015.9  10.9 999.0   7.9 99.0 99.00 
2024 03 07 16 50 322 13.5 17.0 99.00 99.00 99.00 999 1015.8  10.8 999.0   7.5 99.0 99.00 
2024 03 07 17 00 321 13.7 17.5 99.00 99.00 99.00 999 1016.0  10.8 999.0   7.5 99.0 99.00 
2024 03 07 17 10 324 13.6 17.2  3.31 10.00  6.73 314 1016.2  10.8 999.0   7.3 99.0 99.00 
2024 03 07 17 20 322 13.8 18.6 99.00 99.00 99.00 999 1016.3  10.8 999.0   7.2 99.0 99.00 
2024 03 07 17 30 323 14.2 17.9 99.00 99.00 99.00 999 1016.3  10.8 999.0   6.8 99.0 99.00 
2024 03 07 17 40 321 13.8 17.4  3.23  9.09  6.53 320 1016.5  10.8 999.0   7.1 99.0 99.00 
2024 03 07 17 50 323 13.6 17.7 99.00 99.00 99.00 999 1016.7  10.8 999.0   7.2 99.0 99.00 
2024 03 07 18 00 324 13.5 17.9 99.00 99.00 99.00 999 1017.0  10.7 999.0   7.1 99.0 99.00 
2024 03 07 18 10 324 12.6 16.2  3.38  9.09  6.64 316 1017.2  10.8 999.0   7.5 99.0 99.00 
2024 03 07 18 20 321 13.3 16.9 99.00 99.00 99.00 999 1017.1  10.8 999.0   7.3 99.0 99.00 
2024 03 07 18 30 324 14.0 17.3 99.00 99.00 99.00 999 1017.2  10.7 999.0   7.1 99.0 99.00 
2024 03 07 18 40 317 14.2 17.1  3.22 10.00  6.52 313 1017.0  10.8 999.0   7.3 99.0 99.00 
2024 03 07 18 50 320 13.9 17.7 99.00 99.00 99.00 999 1017.1  10.9 999.0   7.5 99.0 99.00 
2024 03 07 19 00 320 14.2 18.0 99.00 99.00 99.00 999 1017.2  10.8 999.0   7.4 99.0 99.00 
2024 03 07 19 10 325 13.6 17.1  3.20  9.09  6.25 321 1017.0  10.9 999.0   7.6 99.0 99.00 
2024 03 07 19 20 324 14.7 18.3 99.00 99.00 99.00 999 1017.1  10.9 999.0   7.4 99.0 99.00 
2024 03 07 19 30 325 14.0 17.0 99.00 99.00 99.00 999 1017.1  10.9 999.0   7.4 99.0 99.00 
2024 03 07 19 40 324 13.3 16.6  3.17  8.33  6.35 316 1017.1  11.0 999.0   7.8 99.0 99.00 
2024 03 07 19 50 323 13.5 17.2 99.00 99.00 99.00 999 1017.1  11.0 999.0   7.8 99.0 99.00 
2024 03 07 20 00 325 14.0 17.5 99.00 99.00 99.00 999 1017.0  11.0 999.0   7.6 99.0 99.00 
2024 03 07 20 10 322 13.7 16.6  3.34  9.09  6.48 316 1016.9  11.1 999.0   7.7 99.0 99.00 
2024 03 07 20 20 322 13.2 16.7 99.00 99.00 99.00 999 1017.0  11.2 999.0   7.9 99.0 99.00 
2024 03 07 20 30 322 12.7 16.3 99.00 99.00 99.00 999 1017.0  11.3 999.0   8.2 99.0 99.00 
2024 03 07 20 40 322 13.0 16.0  3.13  8.33  6.45 320 1017.0  11.3 999.0   8.0 99.0 99.00 
2024 03 07 20 50 321 12.9 16.2 99.00 99.00 99.00 999 1016.9  11.4 999.0   8.0 99.0 99.00 
2024 03 07 21 00 320 13.3 16.5 99.00 99.00 99.00 999 1016.9  11.4 999.0   7.8 99.0 99.00 
2024 03 07 21 10 318 13.0 16.2  3.16  6.67  6.32 321 1017.0  11.4 999.0   7.9 99.0 99.00 
2024 03 07 21 20 321 12.6 16.0 99.00 99.00 99.00 999 1017.0  11.5 999.0   8.0 99.0 99.00 
2024 03 07 21 30 318 11.9 15.3 99.00 99.00 99.00 999 1017.0  11.6 999.0   8.1 99.0 99.00 
2024 03 07 21 40 316 12.5 15.2  3.35 10.00  6.59 303 1016.9  11.5 999.0   8.0 99.0 99.00 
2024 03 07 21 50 315 12.2 15.3 99.00 99.00 99.00 999 1017.0  11.6 999.0   8.2 99.0 99.00 
2024 03 07 22 00 316 12.1 15.2 99.00 99.00 99.00 999 1017.0  11.7 999.0   8.3 99.0 99.00 
2024 03 07 22 10 315 12.8 16.6  3.19  8.33  6.47 320 1017.0  11.7 999.0   8.3 99.0 99.00 
2024 03 07 22 20 317 13.7 16.7 99.00 99.00 99.00 999 1017.1  11.7 999.0   8.1 99.0 99.00 
2024 03 07 22 30 317 13.7 17.3 99.00 99.00 99.00 999 1017.1  11.7 999.0   8.2 99.0 99.00 
2024 03 07 22 40 317 13.9 18.1  3.18  9.09  6.44 320 1017.1  11.7 999.0   8.4 99.0 99.00 
2024 03 07 22 50 319 13.9 17.8 99.00 99.00 99.00 999 1017.2  11.7 999.0   8.3 99.0 99.00 
2024 03 07 23 00 318 13.6 16.6 99.00 99.00 99.00 999 1017.2  11.8 999.0   8.6 99.0 99.00 
2024 03 07 23 10 320 13.5 17.4  2.99  7.69  6.21 321 1017.2  11.8 999.0   8.7 99.0 99.00 
2024 03 07 23 20 319 13.9 17.3 99.00 99.00 99.00 999 1017.2  11.8 999.0   8.5 99.0 99.00 
2024 03 07 23 30 319 12.6 16.4 99.00 99.00 99.00 999 1017.2  11.9 999.0   9.1 99.0 99.00 
2024 03 07 23 40 322 13.6 16.8  3.17  8.33  6.34 325 1017.1  11.8 999.0   8.5 99.0 99.00 
2024 03 07 23 50 322 13.3 17.9 99.00 99.00 99.00 999 1017.1  11.9 999.0   8.6 99.0 99.00 
2024 03 08 00 00 322 13.1 16.3 99.00 99.00 99.00 999 1017.2  12.0 999.0   8.8 99.0 99.00 
2024 03 08 00 10 319 13.3 16.7  3.25 10.00  6.48 311 1017.2  11.9 999.0   9.0 99.0 99.00 
2024 03 08 00 20 321 13.4 17.3 99.00 99.00 99.00 999 1017.2  11.9 999.0   8.9 99.0 99.00 
2024 03 08 00 30 322 12.7 16.3 99.00 99.00 99.00 999 1017.2  11.9 999.0   9.0 99.0 99.00 
2024 03 08 00 40 319 13.0 16.5  3.23  7.69  6.45 326 1017.2  11.9 999.0   9.0 99.0 99.00 
2024 03 08 00 50 318 12.9 16.8 99.00 99.00 99.00 999 1017.3  12.0 999.0   8.9 99.0 99.00 
2024 03 08 01 00 317 13.8 17.3 99.00 99.00 99.00 999 1017.3  11.9 999.0   8.8 99.0 99.00 
2024 03 08 01 10 316 13.5 16.8  3.45  9.09  6.48 319 1017.3  12.0 999.0   8.9 99.0 99.00 
2024 03 08 01 20 315 13.1 16.8 99.00 99.00 99.00 999 1017.5  12.0 999.0   9.1 99.0 99.00 
2024 03 08 01 30 317 13.0 16.8 99.00 99.00 99.00 999 1017.6  12.0 999.0   9.0 99.0 99.00 
2024 03 08 01 40 315 12.8 16.2  3.28  9.09  6.51 319 1017.8  12.0 999.0   9.3 99.0 99.00 
2024 03 08 01 50 314 13.9 17.5 99.00 99.00 99.00 999 1017.8  11.9 999.0   9.0 99.0 99.00 
2024 03 08 02 00 318 13.6 17.2 99.00 99.00 99.00 999 1017.8  12.0 999.0   9.0 99.0 99.00 
2024 03 08 02 10 319 13.0 16.3  3.33  9.09  6.56 316 1018.0  12.0 999.0   9.1 99.0 99.00 
2024 03 08 02 20 319 12.8 15.9 99.00 99.00 99.00 999 1018.0  12.0 999.0   9.3 99.0 99.00 
2024 03 08 02 30 320 12.5 16.3 99.00 99.00 99.00 999 1018.1  12.0 999.0   9.3 99.0 99.00 
2024 03 08 02 40 319 12.6 15.8  3.25  8.33  6.37 321 1018.3  12.0 999.0   9.2 99.0 99.00 
2024 03 08 02 50 321 13.1 17.0 99.00 99.00 99.00 999 1018.3  12.0 999.0   9.0 99.0 99.00 
2024 03 08 03 00 319 12.8 16.2 99.00 99.00 99.00 999 1018.3  12.1 999.0   9.3 99.0 99.00 
2024 03 08 03 10 320 12.9 15.9  3.02  8.33  6.41 323 1018.4  12.1 999.0   9.4 99.0 99.00 
2024 03 08 03 20 322 12.5 16.0 99.00 99.00 99.00 999 1018.4  12.1 999.0   9.5 99.0 99.00 
2024 03 08 03 30 323 12.5 15.2 99.00 99.00 99.00 999 1018.6  12.0 999.0   9.3 99.0 99.00 
2024 03 08 03 40 323 12.2 15.4  3.03  9.09  6.43 316 1018.5  12.1 999.0   9.6 99.0 99.00 
2024 03 08 03 50 323 12.2 14.9 99.00 99.00 99.00 999 1018.6  12.0 999.0   9.6 99.0 99.00 
2024 03 08 04 00 325 11.6 14.7 99.00 99.00 99.00 999 1018.6  12.1 999.0   9.7 99.0 99.00 
2024 03 08 04 10 325 12.2 14.8  2.99  8.33  6.36 324 1018.7  12.0 999.0   9.4 99.0 99.00 
2024 03 08 04 20 325 11.8 14.6 99.00 99.00 99.00 999 1018.7  12.1 999.0   9.5 99.0 99.00 
2024 03 08 04 30 325 11.6 14.3 99.00 99.00 99.00 999 1018.9  12.1 999.0   9.5 99.0 99.00 
2024 03 08 04 40 325 11.3 13.9  2.89  8.33  6.26 319 1019.0  12.2 999.0   9.6 99.0 99.00 
2024 03 08 04 50 324 11.5 13.8 99.00 99.00 99.00 999 1019.1  12.2 999.0   9.5 99.0 99.00 
2024 03 08 05 00 323 11.1 13.8 99.00 99.00 99.00 999 1019.3  12.2 999.0   9.6 99.0 99.00 
2024 03 08 05 10 321 11.0 13.2  2.58  8.33  6.12 319 1019.4  12.2 999.0   9.6 99.0 99.00 
2024 03 08 05 20 324 10.9 13.4 99.00 99.00 99.00 999 1019.4  12.2 999.0   9.5 99.0 99.00 
2024 03 08 05 30 325 10.3 12.5 99.00 99.00 99.00 999 1019.4  12.2 999.0   9.5 99.0 99.00 
2024 03 08 05 40 325 10.4 12.6  2.50 10.00  6.05 310 1019.5  12.2 999.0   9.5 99.0 99.00 
2024 03 08 05 50 324 10.2 12.8 99.00 99.00 99.00 999 1019.7  12.2 999.0   9.5 99.0 99.00 
2024 03 08 06 00 323 10.7 13.0 99.00 99.00 99.00 999 1019.8  12.2 999.0   9.4 99.0 99.00 
2024 03 08 06 10 320 10.3 13.0  2.26  8.33  5.98 312 1019.9  12.2 999.0   9.7 99.0 99.00 
2024 03 08 06 20 320  9.5 12.1 99.00 99.00 99.00 999 1019.9  12.2 999.0   9.8 99.0 99.00 
2024 03 08 06 30 321 10.1 12.4 99.00 99.00 99.00 999 1019.8  12.2 999.0   9.7 99.0 99.00 
2024 03 08 06 40 321 10.8 12.8  2.29  8.33  6.03 316 1019.8  12.2 999.0   9.6 99.0 99.00 
2024 03 08 06 50 323 10.1 12.6 99.00 99.00 99.00 999 1019.9  12.2 999.0   9.8 99.0 99.00 
2024 03 08 07 00 327  9.4 11.7 99.00 99.00 99.00 999 1020.0  12.2 999.0  10.0 99.0 99.00 
2024 03 08 07 10 322  9.9 12.1  2.39  9.09  6.08 313 1020.0  12.1 999.0   9.7 99.0 99.00 
2024 03 08 07 20 323  9.3 11.7 99.00 99.00 99.00 999 1020.0  12.1 999.0   9.6 99.0 99.00 
2024 03 08 07 30 327 10.1 12.7 99.00 99.00 99.00 999 1020.0  12.0 999.0   9.4 99.0 99.00 
2024 03 08 07 40 327  9.4 12.0  2.14  9.09  6.06 308 1020.2  12.1 999.0   9.5 99.0 99.00 
2024 03 08 07 50 322  9.3 12.0 99.00 99.00 99.00 999 1020.2  12.0 999.0   9.7 99.0 99.00 
2024 03 08 08 00 326  9.7 12.3 99.00 99.00 99.00 999 1020.2  12.0 999.0   9.4 99.0 99.00 
2024 03 08 08 10 328  9.6 11.7  2.26  9.09  6.03 307 1020.2  12.0 999.0   9.3 99.0 99.00 
2024 03 08 08 20 327  9.7 12.2 99.00 99.00 99.00 999 1020.2  12.0 999.0   9.3 99.0 99.00 
2024 03 08 08 30 327  9.9 12.2 99.00 99.00 99.00 999 1020.2  12.0 999.0   9.1 99.0 99.00 
2024 03 08 08 40 326  9.3 11.7  2.37  8.33  6.09 317 1020.3  12.0 999.0   9.2 99.0 99.00 
2024 03 08 08 50 325  9.4 11.6 99.00 99.00 99.00 999 1020.2  12.0 999.0   9.1 99.0 99.00 
2024 03 08 09 00 327  9.4 11.6 99.00 99.00 99.00 999 1020.2  12.0 999.0   8.9 99.0 99.00 
2024 03 08 09 10 323  9.6 11.6  2.23  9.09  6.09 306 1020.4  12.0 999.0   8.4 99.0 99.00 
2024 03 08 09 20 325  9.6 11.1 99.00 99.00 99.00 999 1020.3  12.0 999.0   8.2 99.0 99.00 
2024 03 08 09 30 322  8.8 11.2 99.00 99.00 99.00 999 1020.5  12.1 999.0   8.4 99.0 99.00 
2024 03 08 09 40 322  8.8 10.7  2.04  8.33  5.94 316 1020.5  12.0 999.0   8.1 99.0 99.00 
2024 03 08 09 50 324  9.1 11.1 99.00 99.00 99.00 999 1020.5  12.0 999.0   8.0 99.0 99.00 
2024 03 08 10 00 325  9.2 11.6 99.00 99.00 99.00 999 1020.5  12.0 999.0   8.1 99.0 99.00 
2024 03 08 10 10 324  9.0 11.1  2.17  7.69  5.92 317 1020.4  12.0 999.0   8.3 99.0 99.00 
2024 03 08 10 20 324  9.2 11.0 99.00 99.00 99.00 999 1020.5  11.9 999.0   8.5 99.0 99.00 
2024 03 08 10 30 322  9.0 11.2 99.00 99.00 99.00 999 1020.5  11.9 999.0   8.6 99.0 99.00 
2024 03 08 10 40 324  8.5 10.9  2.13  7.69  6.05 312 1020.4  11.9 999.0   8.9 99.0 99.00 
2024 03 08 10 50 328  8.3 10.2 99.00 99.00 99.00 999 1020.3  11.9 999.0   8.8 99.0 99.00 
2024 03 08 11 00 328  7.8 10.2 99.00 99.00 99.00 999 1020.3  11.9 999.0   9.0 99.0 99.00 
2024 03 08 11 10 330  8.1 10.1  2.02  8.33  5.76 310 1020.2  11.7 999.0   8.4 99.0 99.00 
2024 03 08 11 20 331  7.7  9.5 99.00 99.00 99.00 999 1020.2  11.8 999.0   8.5 99.0 99.00 
2024 03 08 11 30 330  7.4  8.8 99.00 99.00 99.00 999 1020.1  11.8 999.0   8.6 99.0 99.00 
2024 03 08 11 40 328  7.4  9.2  1.97  7.14  5.86 308 1020.1  11.7 999.0   8.7 99.0 99.00 
2024 03 08 11 50 326  6.9  8.6 99.00 99.00 99.00 999 1020.2  11.8 999.0   8.9 99.0 99.00 
2024 03 08 12 00 321  7.2  9.0 99.00 99.00 99.00 999 1020.2  11.8 999.0   8.9 99.0 99.00 
2024 03 08 12 10 321  7.2  9.1  2.07  8.33  6.25 305 1020.2  11.7 999.0   8.9 99.0 99.00 
2024 03 08 12 20 322  7.1  8.3 99.00 99.00 99.00 999 1020.3  11.7 999.0   9.0 99.0 99.00 
2024 03 08 12 30 323  7.2  8.7 99.00 99.00 99.00 999 1020.4  11.7 999.0   9.0 99.0 99.00 
2024 03 08 12 40 322  7.2  8.6  1.88 12.12  5.93 291 1020.5  11.7 999.0   8.9 99.0 99.00 
2024 03 08 12 50 326  6.5  8.2 99.00 99.00 99.00 999 1020.6  11.8 999.0   9.1 99.0 99.00 
2024 03 08 13 00 331  6.0  7.7 99.00 99.00 99.00 999 1020.6  11.8 999.0   9.1 99.0 99.00 
2024 03 08 13 10 328  6.0  8.1  1.81  7.14  5.97 314 1020.7  11.8 999.0   9.2 99.0 99.00 
2024 03 08 13 20 329  6.1  7.6 99.00 99.00 99.00 999 1020.8  11.8 999.0   8.9 99.0 99.00 
2024 03 08 13 30 327  5.6  6.8 99.00 99.00 99.00 999 1020.8  11.8 999.0   9.0 99.0 99.00 
2024 03 08 13 40 322  5.8  7.0  1.86  7.69  6.00 314 1020.8  11.8 999.0   8.9 99.0 99.00 
2024 03 08 13 50 316  5.7  7.2 99.00 99.00 99.00 999 1021.0  11.8 999.0   9.2 99.0 99.00 
2024 03 08 14 00 314  6.0  7.9 99.00 99.00 99.00 999 1021.2  11.8 999.0   9.3 99.0 99.00 
2024 03 08 14 10 313  6.2  7.5  1.73  7.14  5.99 316 1021.3  11.8 999.0   9.1 99.0 99.00 
2024 03 08 14 20 313  6.4  8.1 99.00 99.00 99.00 999 1021.3  11.7 999.0   8.9 99.0 99.00 
2024 03 08 14 30 314  6.3  7.8 99.00 99.00 99.00 999 1021.4  11.7 999.0   8.9 99.0 99.00 
2024 03 08 14 40 316  6.2  7.5  1.82 12.12  5.95 293 1021.4  11.7 999.0   8.9 99.0 99.00 
2024 03 08 14 50 323  5.8  7.3 99.00 99.00 99.00 999 1021.4  11.7 999.0   8.8 99.0 99.00 
2024 03 08 15 00 329  5.2  6.4 99.00 99.00 99.00 999 1021.5  11.7 999.0   8.9 99.0 99.00 
2024 03 08 15 10 334  4.8  5.9  1.59  7.69  5.75 298 1021.5  11.7 999.0   8.8 99.0 99.00 
2024 03 08 15 20 328  5.0  6.2 99.00 99.00 99.00 999 1021.7  11.7 999.0   8.7 99.0 99.00 
2024 03 08 15 30 320  5.6  6.9 99.00 99.00 99.00 999 1021.9  11.7 999.0   8.8 99.0 99.00 
2024 03 08 15 40 320  5.6  6.9  1.59 12.90  5.81 298 1022.0  11.7 999.0   8.9 99.0 99.00 
2024 03 08 15 50 328  4.9  6.2 99.00 99.00 99.00 999 1022.1  11.8 999.0   9.1 99.0 99.00 
2024 03 08 16 00 332  4.5  5.6 99.00 99.00 99.00 999 1022.1  11.8 999.0   9.2 99.0 99.00 
2024 03 08 16 10 333  4.2  5.5  1.57 12.90  6.00 277 1022.3  11.8 999.0   9.2 99.0 99.00 
2024 03 08 16 20 334  3.7  5.0 99.00 99.00 99.00 999 1022.3  11.9 999.0   9.4 99.0 99.00 
2024 03 08 16 30 341  3.3  4.5 99.00 99.00 99.00 999 1022.2  11.9 999.0   9.4 99.0 99.00 
2024 03 08 16 40 342  2.7  4.0  1.60 12.90  6.38 276 1022.4  12.0 999.0   9.5 99.0 99.00 
2024 03 08 16 50 331  2.7  3.9 99.00 99.00 99.00 999 1022.5  11.9 999.0   9.5 99.0 99.00 
2024 03 08 17 00 323  3.3  4.9 99.00 99.00 99.00 999 1022.4  11.9 999.0   9.5 99.0 99.00 
2024 03 08 17 10 322  4.1  5.1  1.52 12.12  6.09 291 1022.4  12.0 999.0   9.5 99.0 99.00 
2024 03 08 17 20 322  3.7  4.9 99.00 99.00 99.00 999 1022.4  11.9 999.0   9.6 99.0 99.00 
2024 03 08 17 30 322  3.6  4.7 99.00 99.00 99.00 999 1022.5  12.0 999.0   9.7 99.0 99.00 
2024 03 08 17 40 319  3.6  4.8  1.44 11.43  6.05 293 1022.5  11.9 999.0   9.6 99.0 99.00 
2024 03 08 17 50 319  3.7  4.9 99.00 99.00 99.00 999 1022.4  11.9 999.0   9.6 99.0 99.00 
2024 03 08 18 00 320  3.5  4.8 99.00 99.00 99.00 999 1022.4  12.0 999.0   9.8 99.0 99.00 
2024 03 08 18 10 324  3.7  4.5  1.50 12.90  6.41 277 1022.5  11.9 999.0   9.7 99.0 99.00 
2024 03 08 18 20 326  3.6  4.4 99.00 99.00 99.00 999 1022.5  12.0 999.0   9.8 99.0 99.00 
2024 03 08 18 30 323  3.2  4.1 99.00 99.00 99.00 999 1022.5  12.0 999.0   9.8 99.0 99.00 
2024 03 08 18 40 323  3.2  4.3  1.47 12.90  6.45 285 1022.5  11.9 999.0   9.6 99.0 99.00 
2024 03 08 18 50 320  3.5  4.8 99.00 99.00 99.00 999 1022.7  12.0 999.0   9.8 99.0 99.00 
2024 03 08 19 00 319  3.7  5.2 99.00 99.00 99.00 999 1022.7  12.0 999.0   9.9 99.0 99.00 
2024 03 08 19 10 324  3.4  4.4  1.43 12.90  6.59 285 1022.7  12.0 999.0   9.9 99.0 99.00 
2024 03 08 19 20 331  2.7  3.8 99.00 99.00 99.00 999 1022.7  12.0 999.0  10.0 99.0 99.00 
2024 03 08 19 30 325  2.7  4.0 99.00 99.00 99.00 999 1022.7  12.0 999.0   9.9 99.0 99.00 
2024 03 08 19 40 327  2.4  3.5  1.43 12.90  6.95 299 1022.6  12.0 999.0   9.9 99.0 99.00 
2024 03 08 19 50 325  2.7  3.5 99.00 99.00 99.00 999 1022.6  12.0 999.0   9.9 99.0 99.00 
2024 03 08 20 00 332  2.7  3.5 99.00 99.00 99.00 999 1022.5  11.9 999.0   9.8 99.0 99.00 
2024 03 08 20 10 324  2.7  3.5  1.40 12.90  6.98 292 1022.3  11.9 999.0   9.7 99.0 99.00 
2024 03 08 20 20 326  2.8  3.7 99.00 99.00 99.00 999 1022.2  11.9 999.0   9.7 99.0 99.00 
2024 03 08 20 30 320  2.7  3.8 99.00 99.00 99.00 999 1022.1  12.0 999.0   9.8 99.0 99.00 
2024 03 08 20 40 316  2.9  3.8  1.32 12.12  7.10 291 1022.1  11.9 999.0   9.8 99.0 99.00 
2024 03 08 20 50 312  2.8  4.2 99.00 99.00 99.00 999 1022.1  11.9 999.0   9.8 99.0 99.00 
2024 03 08 21 00 303  2.9  3.9 99.00 99.00 99.00 999 1022.0  12.0 999.0   9.9 99.0 99.00 
2024 03 08 21 10 306  2.5  3.5  1.25 11.43  6.98 290 1021.9  12.0 999.0   9.9 99.0 99.00 
2024 03 08 21 20 297  2.8  3.8 99.00 99.00 99.00 999 1021.9  12.1 999.0  10.0 99.0 99.00 
2024 03 08 21 30 299  3.3  4.4 99.00 99.00 99.00 999 1021.8  12.1 999.0  10.1 99.0 99.00 
2024 03 08 21 40 294  4.1  6.6  1.32 12.12  7.32 299 1021.7  12.3 999.0  10.3 99.0 99.00 
2024 03 08 21 50 301  4.1  5.3 99.00 99.00 99.00 999 1021.6  12.2 999.0  10.2 99.0 99.00 
2024 03 08 22 00 301  4.3  5.4 99.00 99.00 99.00 999 1021.5  12.2 999.0  10.2 99.0 99.00 
2024 03 08 22 10 303  4.6  5.7  1.33 12.90  7.79 298 1021.5  12.1 999.0  10.0 99.0 99.00 
2024 03 08 22 20 305  4.4  5.6 99.00 99.00 99.00 999 1021.5  12.2 999.0  10.1 99.0 99.00 
2024 03 08 22 30 304  4.5  5.8 99.00 99.00 99.00 999 1021.3  12.2 999.0  10.0 99.0 99.00 
2024 03 08 22 40 308  4.7  5.9  1.33 12.90  7.49 296 1021.3  12.2 999.0  10.1 99.0 99.00 
2024 03 08 22 50 305  4.7  5.8 99.00 99.00 99.00 999 1021.3  12.2 999.0  10.1 99.0 99.00 
2024 03 08 23 00 301  4.7  5.8 99.00 99.00 99.00 999 1021.3  12.2 999.0  10.0 99.0 99.00 
2024 03 08 23 10 301  4.6  5.6  1.26 12.90  7.15 304 1021.1  12.2 999.0  10.1 99.0 99.00 
2024 03 08 23 20 302  4.6  5.9 99.00 99.00 99.00 999 1021.0  12.2 999.0  10.1 99.0 99.00 
2024 03 08 23 30 302  4.3  5.5 99.00 99.00 99.00 999 1020.9  12.3 999.0  10.3 99.0 99.00 
2024 03 08 23 40 304  4.5  5.5  1.32 12.90  7.42 315 1020.9  12.3 999.0  10.3 99.0 99.00 
2024 03 08 23 50 300  4.6  5.7 99.00 99.00 99.00 999 1020.8  12.2 999.0  10.2 99.0 99.00 
2024 03 09 00 00 299  4.9  6.0 99.00 99.00 99.00 999 1020.8  12.2 999.0  10.2 99.0 99.00 
2024 03 09 00 10 299  5.0  6.1  1.39 12.12  7.59 298 1020.7  12.2 999.0  10.2 99.0 99.00 
2024 03 09 00 20 296  5.0  6.3 99.00 99.00 99.00 999 1020.6  12.2 999.0  10.2 99.0 99.00 
2024 03 09 00 30 297  4.9  6.3 99.00 99.00 99.00 999 1020.6  12.2 999.0  10.1 99.0 99.00 
2024 03 09 00 40 303  4.7  6.2  1.34 12.12  7.17 291 1020.5  12.2 999.0  10.2 99.0 99.00 
2024 03 09 00 50 300  4.5  5.7 99.00 99.00 99.00 999 1020.5  12.2 999.0  10.1 99.0 99.00 
2024 03 09 01 00 304  4.7  5.9 99.00 99.00 99.00 999 1020.4  12.1 999.0  10.0 99.0 99.00 
2024 03 09 01 10 305  4.5  5.6  1.52 12.12  7.84 299 1020.4  12.1 999.0  10.0 99.0 99.00 
2024 03 09 01 20 310  4.7  5.6 99.00 99.00 99.00 999 1020.3  12.0 999.0   9.9 99.0 99.00 
2024 03 09 01 30 306  4.6  5.8 99.00 99.00 99.00 999 1020.4  12.1 999.0  10.0 99.0 99.00 
2024 03 09 01 40 313  4.2  5.4  1.41 12.12  7.69 303 1020.3  12.1 999.0   9.9 99.0 99.00 
2024 03 09 01 50 314  3.9  5.1 99.00 99.00 99.00 999 1020.4  12.1 999.0   9.9 99.0 99.00 
2024 03 09 02 00 315  4.1  5.4 99.00 99.00 99.00 999 1020.3  12.0 999.0   9.9 99.0 99.00 
2024 03 09 02 10 315  4.1  5.2  1.32 12.12  7.32 301 1020.4  12.0 999.0   9.8 99.0 99.00 
2024 03 09 02 20 313  4.2  5.7 99.00 99.00 99.00 999 1020.4  12.0 999.0   9.9 99.0 99.00 
2024 03 09 02 30 309  4.3  5.4 99.00 99.00 99.00 999 1020.5  12.0 999.0  10.0 99.0 99.00 
2024 03 09 02 40 309  4.5  5.6  1.40 12.12  7.80 304 1020.5  11.9 999.0   9.8 99.0 99.00 
2024 03 09 02 50 304  4.9  6.0 99.00 99.00 99.00 999 1020.5  11.9 999.0   9.7 99.0 99.00 
2024 03 09 03 00 304  4.8  6.0 99.00 99.00 99.00 999 1020.5  11.9 999.0   9.7 99.0 99.00 
2024 03 09 03 10 299  4.9  6.1  1.29 11.43  7.30 303 1020.5  12.0 999.0   9.8 99.0 99.00 
2024 03 09 03 20 295  4.9  5.9 99.00 99.00 99.00 999 1020.5  11.9 999.0   9.8 99.0 99.00 
2024 03 09 03 30 297  4.9  6.1 99.00 99.00 99.00 999 1020.4  11.9 999.0   9.8 99.0 99.00 
2024 03 09 03 40 300  5.1  6.3  1.47 12.12  7.94 302 1020.4  11.9 999.0   9.8 99.0 99.00 
2024 03 09 03 50 299  5.1  6.5 99.00 99.00 99.00 999 1020.6  11.9 999.0   9.9 99.0 99.00 
2024 03 09 04 00 290  5.2  6.4 99.00 99.00 99.00 999 1020.7  11.9 999.0   9.9 99.0 99.00 
2024 03 09 04 10 294  5.3  6.6  1.33 12.12  7.32 309 1020.7  11.8 999.0   9.7 99.0 99.00 
2024 03 09 04 20 294  4.8  6.5 99.00 99.00 99.00 999 1020.7  11.9 999.0   9.8 99.0 99.00 
2024 03 09 04 30 290  4.5  6.1 99.00 99.00 99.00 999 1020.7  11.9 999.0   9.7 99.0 99.00 
2024 03 09 04 40 292  4.8  6.0  1.37 12.90  7.36 297 1020.8  12.0 999.0   9.7 99.0 99.00 
2024 03 09 04 50 294  4.3  6.0 99.00 99.00 99.00 999 1020.9  12.1 999.0   9.9 99.0 99.00 
2024 03 09 05 00 280  5.2  6.9 99.00 99.00 99.00 999 1020.9  12.0 999.0   9.5 99.0 99.00 
2024 03 09 05 10 281  4.8  6.3  1.37 12.12  7.45 304 1021.0  12.1 999.0   9.5 99.0 99.00 
2024 03 09 05 20 282  4.4  6.0 99.00 99.00 99.00 999 1021.0  12.1 999.0   9.5 99.0 99.00 
2024 03 09 05 30 276  5.7  7.1 99.00 99.00 99.00 999 1021.1  12.1 999.0   9.4 99.0 99.00 
2024 03 09 05 40 274  5.1  6.5  1.50 12.12  7.88 298 1021.2  12.1 999.0   9.5 99.0 99.00 
2024 03 09 05 50 278  5.0  6.9 99.00 99.00 99.00 999 1021.3  12.1 999.0   9.4 99.0 99.00 
2024 03 09 06 00 271  5.7  6.8 99.00 99.00 99.00 999 1021.2  12.0 999.0   9.4 99.0 99.00 
2024 03 09 06 10 275  4.6  5.9  1.30 12.12  7.26 302 1021.1  12.1 999.0   9.5 99.0 99.00 
2024 03 09 06 20 276  4.2  5.6 99.00 99.00 99.00 999 1021.0  12.1 999.0   9.7 99.0 99.00 
2024 03 09 06 30 281  3.9  5.5 99.00 99.00 99.00 999 1021.0  12.0 999.0   9.9 99.0 99.00 
2024 03 09 06 40 265  4.1  5.3  1.41 12.12  7.58 303 1021.0  11.9 999.0   9.7 99.0 99.00 
2024 03 09 06 50 255  4.4  5.6 99.00 99.00 99.00 999 1021.0  11.9 999.0   9.9 99.0 99.00 
2024 03 09 07 00 256  4.1  5.7 99.00 99.00 99.00 999 1021.1  11.8 999.0   9.5 99.0 99.00 
2024 03 09 07 10 237  3.7  5.1  1.32 10.81  7.12 299 1021.1  11.8 999.0   9.1 99.0 99.00 
2024 03 09 07 20 251  3.7  4.7 99.00 99.00 99.00 999 1021.1  11.9 999.0   9.1 99.0 99.00 
2024 03 09 07 30 252  3.9  5.4 99.00 99.00 99.00 999 1021.1  11.8 999.0   8.9 99.0 99.00 
2024 03 09 07 40 253  3.7  4.6  1.39 12.12  7.31 307 1021.2  11.8 999.0   8.9 99.0 99.00 
2024 03 09 07 50 253  2.8  3.8 99.00 99.00 99.00 999 1021.2  11.9 999.0   9.0 99.0 99.00 
2024 03 09 08 00 246  3.0  4.0 99.00 99.00 99.00 999 1021.1  11.8 999.0   8.7 99.0 99.00 
2024 03 09 08 10 244  2.0  3.2  1.48 11.43  7.45 310 1021.0  11.9 999.0   8.9 99.0 99.00 
2024 03 09 08 20 227  1.6  2.5 99.00 99.00 99.00 999 1020.9  11.9 999.0   8.8 99.0 99.00 
2024 03 09 08 30 219  1.8  3.1 99.00 99.00 99.00 999 1021.0  11.9 999.0   8.9 99.0 99.00 
2024 03 09 08 40 218  1.7  2.5  1.44 12.90  7.48 278 1021.0  12.0 999.0   9.1 99.0 99.00 
2024 03 09 08 50 213  1.8  2.6 99.00 99.00 99.00 999 1021.0  12.0 999.0   9.2 99.0 99.00 
2024 03 09 09 00 202  1.4  2.1 99.00 99.00 99.00 999 1021.0  12.0 999.0   9.2 99.0 99.00 
2024 03 09 09 10 214  2.2  3.2  1.28 11.43  7.29 311 1021.1  12.0 999.0   9.3 99.0 99.00 
2024 03 09 09 20 237  3.6  4.6 99.00 99.00 99.00 999 1021.1  12.1 999.0   9.3 99.0 99.00 
2024 03 09 09 30 230  3.7  4.8 99.00 99.00 99.00 999 1021.1  12.1 999.0   9.1 99.0 99.00 
2024 03 09 09 40 227  3.8  5.5  1.45 12.90  8.07 288 1021.0  12.1 999.0   9.0 99.0 99.00 
2024 03 09 09 50 220  4.5  5.5 99.00 99.00 99.00 999 1021.1  12.0 999.0   8.5 99.0 99.00 
2024 03 09 10 00 224  4.2  5.8 99.00 99.00 99.00 999 1021.1  12.1 999.0   8.6 99.0 99.00 
2024 03 09 10 10 219  4.5  5.6  1.40 12.12  7.77 303 1021.1  12.1 999.0   8.7 99.0 99.00 
2024 03 09 10 20 218  4.4  5.3 99.00 99.00 99.00 999 1021.1  12.1 999.0   9.0 99.0 99.00 
2024 03 09 10 30 218  4.0  5.0 99.00 99.00 99.00 999 1021.1  12.0 999.0   8.9 99.0 99.00 
2024 03 09 10 40 211  3.5  4.6  1.37 12.12  7.60 291 1021.0  12.0 999.0   8.6 99.0 99.00 
2024 03 09 10 50 208  3.9  6.2 99.00 99.00 99.00 999 1020.8  11.8 999.0   8.6 99.0 99.00 
2024 03 09 11 00 208  4.1  5.5 99.00 99.00 99.00 999 1020.8  11.6 999.0   9.1 99.0 99.00 
2024 03 09 11 10 182  3.1  5.1  1.30 11.43  7.10 302 1020.8  11.4 999.0   9.0 99.0 99.00 
2024 03 09 11 20 172  2.3  3.8 99.00 99.00 99.00 999 1020.8  11.6 999.0   9.3 99.0 99.00 
2024 03 09 11 30 189  2.8  3.9 99.00 99.00 99.00 999 1020.8  11.5 999.0   9.5 99.0 99.00 
2024 03 09 11 40 185  2.3  3.2  1.40 11.43  7.68 315 1020.7  11.5 999.0   9.5 99.0 99.00 
2024 03 09 11 50 190  3.5  4.6 99.00 99.00 99.00 999 1020.7  11.6 999.0   9.5 99.0 99.00 
2024 03 09 12 00 185  4.0  5.2 99.00 99.00 99.00 999 1020.6  11.7 999.0   9.6 99.0 99.00 
2024 03 09 12 10 190  3.8  5.6  1.42 11.43  7.54 305 1020.6  11.6 999.0   9.4 99.0 99.00 
2024 03 09 12 20 188  4.2  6.1 99.00 99.00 99.00 999 1020.5  11.6 999.0   9.3 99.0 99.00 
2024 03 09 12 30 175  4.7  6.6 99.00 99.00 99.00 999 1020.3  11.5 999.0   9.3 99.0 99.00 
2024 03 09 12 40 178  4.2  6.1  1.35 11.43  7.63 302 1020.5  11.6 999.0   9.5 99.0 99.00 
2024 03 09 12 50 189  4.3  6.3 99.00 99.00 99.00 999 1020.5  11.5 999.0   9.7 99.0 99.00 
2024 03 09 13 00 186  5.6  7.0 99.00 99.00 99.00 999 1020.2  11.5 999.0  10.1 99.0 99.00 
2024 03 09 13 10 175  5.4  6.6  1.15 10.81  6.80 300 1020.2  11.3 999.0  10.3 99.0 99.00 
2024 03 09 13 20 174  4.8  6.1 99.00 99.00 99.00 999 1020.3  11.3 999.0  10.3 99.0 99.00 
2024 03 09 13 30 171  5.4  6.8 99.00 99.00 99.00 999 1020.2  11.3 999.0  10.2 99.0 99.00 
2024 03 09 13 40 174  5.8  7.1  1.29 11.43  6.96 301 1020.2  11.3 999.0  10.3 99.0 99.00 
2024 03 09 13 50 164  5.6  7.0 99.00 99.00 99.00 999 1020.1  11.4 999.0  10.4 99.0 99.00 
2024 03 09 14 00 158  5.7  7.2 99.00 99.00 99.00 999 1020.1  11.4 999.0  10.3 99.0 99.00 
2024 03 09 14 10 159  5.4  7.1  1.33 12.12  7.20 298 1020.1  11.5 999.0  10.4 99.0 99.00 
2024 03 09 14 20 155  5.7  7.4 99.00 99.00 99.00 999 1020.0  11.5 999.0  10.3 99.0 99.00 
2024 03 09 14 30 157  5.5  7.0 99.00 99.00 99.00 999 1020.0  11.7 999.0  10.6 99.0 99.00 
2024 03 09 14 40 160  5.9  7.5  1.43 11.43  7.39 296 1020.1  11.7 999.0  10.4 99.0 99.00 
2024 03 09 14 50 160  5.7  6.9 99.00 99.00 99.00 999 1020.2  11.9 999.0  10.6 99.0 99.00 
2024 03 09 15 00 179  6.8  8.3 99.00 99.00 99.00 999 1020.3  12.1 999.0  10.6 99.0 99.00 
2024 03 09 15 10 182  6.8  8.6  1.14 10.81  6.32 304 1020.3  12.2 999.0  10.6 99.0 99.00 
2024 03 09 15 20 184  7.2  9.1 99.00 99.00 99.00 999 1020.4  12.2 999.0  10.6 99.0 99.00 
2024 03 09 15 30 183  6.8  8.9 99.00 99.00 99.00 999 1020.3  12.3 999.0  10.8 99.0 99.00 
2024 03 09 15 40 186  7.1  8.6  1.22 12.12  6.22 273 1020.3  12.1 999.0  10.8 99.0 99.00 
2024 03 09 15 50 183  6.8  8.2 99.00 99.00 99.00 999 1020.3  12.1 999.0  10.7 99.0 99.00 
2024 03 09 16 00 183  7.3  8.7 99.00 99.00 99.00 999 1020.4  12.2 999.0  10.7 99.0 99.00 
2024 03 09 16 10 184  7.3  9.0  1.37 12.12  6.33 292 1020.5  12.3 999.0  10.8 99.0 99.00 
2024 03 09 16 20 189  7.3  9.4 99.00 99.00 99.00 999 1020.6  12.0 999.0  10.9 99.0 99.00 
2024 03 09 16 30 276  7.8 12.2 99.00 99.00 99.00 999 1020.6  11.3 999.0  10.7 99.0 99.00 
2024 03 09 16 40 310  9.9 11.7  1.47 11.43  6.20 297 1021.0  10.8 999.0  10.3 99.0 99.00 
2024 03 09 16 50 312  9.2 11.7 99.00 99.00 99.00 999 1021.2  10.6 999.0  10.2 99.0 99.00 
2024 03 09 17 00 307  8.9 11.2 99.00 99.00 99.00 999 1021.5  10.4 999.0   9.9 99.0 99.00 
2024 03 09 17 10 304  8.8 10.8  1.41 12.12  5.96 302 1021.6  10.0 999.0   9.3 99.0 99.00 
2024 03 09 17 20 307  7.2  9.1 99.00 99.00 99.00 999 1021.6  10.1 999.0   9.5 99.0 99.00 
2024 03 09 17 30 314  6.4  7.8 99.00 99.00 99.00 999 1021.6  10.0 999.0   9.5 99.0 99.00 
2024 03 09 17 40 316  6.0  7.7  1.41 13.79  5.84 289 1021.7   9.9 999.0   9.5 99.0 99.00 
2024 03 09 17 50 327  4.3  5.8 99.00 99.00 99.00 999 1021.8   9.9 999.0   9.5 99.0 99.00 
2024 03 09 18 00 335  3.4  5.0 99.00 99.00 99.00 999 1021.7   9.8 999.0   9.4 99.0 99.00 
2024 03 09 18 10 355  2.9  3.7  1.50 11.43  6.19 290 1021.6  10.1 999.0   9.6 99.0 99.00 
2024 03 09 18 20   7  3.2  4.4 99.00 99.00 99.00 999 1021.5  10.2 999.0   9.6 99.0 99.00 
2024 03 09 18 30   9  3.3  4.4 99.00 99.00 99.00 999 1021.7  10.4 999.0   9.6 99.0 99.00 
2024 03 09 18 40   1  2.8  3.8  1.73 12.12  6.81 295 1021.7  10.6 999.0   9.7 99.0 99.00 
2024 03 09 18 50 352  2.3  3.5 99.00 99.00 99.00 999 1021.6  10.7 999.0   9.8 99.0 99.00 
2024 03 09 19 00 345  2.3  3.3 99.00 99.00 99.00 999 1021.7  10.7 999.0   9.6 99.0 99.00 
2024 03 09 19 10 352  1.7  2.6  1.53 10.81  6.25 305 1021.7  10.9 999.0   9.9 99.0 99.00 
2024 03 09 19 20 334  1.8  3.2 99.00 99.00 99.00 999 1021.6  10.9 999.0   9.8 99.0 99.00 
2024 03 09 19 30 340  1.7  2.5 99.00 99.00 99.00 999 1021.6  11.1 999.0   9.8 99.0 99.00 
2024 03 09 19 40 321  1.4  2.5  1.60 12.90  6.51 280 1021.6  11.1 999.0   9.8 99.0 99.00 
2024 03 09 19 50 321  0.9  2.1 99.00 99.00 99.00 999 1021.6  11.2 999.0   9.8 99.0 99.00 
2024 03 09 20 00 324  0.7  1.7 99.00 99.00 99.00 999 1021.6  11.4 999.0  10.0 99.0 99.00 
2024 03 09 20 10 338  0.8  1.6  1.73 12.12  6.79 287 1021.6  11.4 999.0  10.0 99.0 99.00 
2024 03 09 20 20 304  0.4  1.4 99.00 99.00 99.00 999 1021.4  11.6 999.0  10.1 99.0 99.00 
2024 03 09 20 30 269  0.1  0.8 99.00 99.00 99.00 999 1021.2  11.9 999.0  10.3 99.0 99.00 
2024 03 09 20 40 224  0.2  0.8  1.70 12.90  6.84 292 1021.2  12.1 999.0  10.4 99.0 99.00 
2024 03 09 20 50 200  0.4  1.3 99.00 99.00 99.00 999 1021.1  12.0 999.0  10.2 99.0 99.00 
2024 03 09 21 00 255  0.8  1.8 99.00 99.00 99.00 999 1021.0  11.9 999.0  10.1 99.0 99.00 
2024 03 09 21 10 243  1.1  2.3  1.69 12.90  7.12 297 1021.0  11.7 999.0   9.9 99.0 99.00 
2024 03 09 21 20 237  1.4  2.5 99.00 99.00 99.00 999 1020.9  11.7 999.0   9.9 99.0 99.00 
2024 03 09 21 30 245  1.5  2.6 99.00 99.00 99.00 999 1020.9  11.8 999.0  10.0 99.0 99.00 
2024 03 09 21 40 255  1.8  3.2  1.77 10.81  7.17 298 1020.9  11.8 999.0  10.1 99.0 99.00 
2024 03 09 21 50 261  2.0  3.4 99.00 99.00 99.00 999 1021.0  11.8 999.0  10.1 99.0 99.00 
2024 03 09 22 00 261  2.3  3.9 99.00 99.00 99.00 999 1020.9  11.8 999.0  10.2 99.0 99.00 
2024 03 09 22 10 245  2.3  3.7  1.83 12.90  7.56 299 1020.5  11.8 999.0  10.2 99.0 99.00 
2024 03 09 22 20 241  2.4  3.4 99.00 99.00 99.00 999 1020.4  11.8 999.0  10.0 99.0 99.00 
2024 03 09 22 30 236  2.5  3.5 99.00 99.00 99.00 999 1020.4  11.9 999.0  10.2 99.0 99.00 
2024 03 09 22 40 238  3.0  4.2  1.99 12.90  7.87 300 1020.4  11.9 999.0  10.2 99.0 99.00 
2024 03 09 22 50 239  3.4  4.5 99.00 99.00 99.00 999 1020.4  11.8 999.0  10.2 99.0 99.00 
2024 03 09 23 00 236  3.5  4.8 99.00 99.00 99.00 999 1020.2  11.9 999.0  10.2 99.0 99.00 
2024 03 09 23 10 231  3.6  5.0  2.21 12.12  8.45 310 1020.3  11.9 999.0  10.2 99.0 99.00 
2024 03 09 23 20 234  3.7  5.0 99.00 99.00 99.00 999 1020.2  12.1 999.0  10.4 99.0 99.00 
2024 03 09 23 30 233  3.5  5.0 99.00 99.00 99.00 999 1020.2  12.1 999.0  10.4 99.0 99.00 
2024 03 09 23 40 230  3.7  4.8  1.96 10.81  8.09 304 1020.2  12.0 999.0  10.2 99.0 99.00 
2024 03 09 23 50 230  3.6  4.9 99.00 99.00 99.00 999 1020.1  12.1 999.0  10.3 99.0 99.00 
2024 03 10 00 00 233  3.5  4.9 99.00 99.00 99.00 999 1020.0  12.1 999.0  10.2 99.0 99.00 
2024 03 10 00 10 243  3.8  5.1  2.22 12.90  8.63 312 1020.2  12.1 999.0  10.2 99.0 99.00 
2024 03 10 00 20 242  3.7  5.0 99.00 99.00 99.00 999 1020.0  12.1 999.0  10.1 99.0 99.00 
2024 03 10 00 30 245  3.9  5.5 99.00 99.00 99.00 999 1020.0  12.1 999.0  10.2 99.0 99.00 
2024 03 10 00 40 246  3.8  5.2  2.45 11.43  8.96 305 1020.0  12.1 999.0  10.2 99.0 99.00 
2024 03 10 00 50 246  4.0  5.1 99.00 99.00 99.00 999 1020.0  12.1 999.0  10.2 99.0 99.00 
2024 03 10 01 00 242  3.9  5.3 99.00 99.00 99.00 999 1019.9  12.0 999.0  10.1 99.0 99.00 
2024 03 10 01 10 236  3.6  5.0  2.24 12.12  8.71 298 1019.8  12.0 999.0  10.2 99.0 99.00 
2024 03 10 01 20 237  3.3  4.7 99.00 99.00 99.00 999 1019.8  12.0 999.0  10.2 99.0 99.00 
2024 03 10 01 30 238  3.4  4.8 99.00 99.00 99.00 999 1019.8  12.0 999.0  10.1 99.0 99.00 
2024 03 10 01 40 238  3.4  4.7  2.62 12.90  9.22 309 1019.8  12.0 999.0  10.2 99.0 99.00 
2024 03 10 01 50 239  3.2  4.3 99.00 99.00 99.00 999 1019.7  12.1 999.0  10.3 99.0 99.00 
2024 03 10 02 00 240  3.2  4.6 99.00 99.00 99.00 999 1019.7  12.1 999.0  10.3 99.0 99.00 
2024 03 10 02 10 246  3.2  4.3  2.48 12.90  8.75 303 1019.8  12.1 999.0  10.2 99.0 99.00 
2024 03 10 02 20 247  3.3  5.0 99.00 99.00 99.00 999 1019.8  12.1 999.0  10.1 99.0 99.00 
2024 03 10 02 30 250  3.2  4.4 99.00 99.00 99.00 999 1019.9  12.1 999.0  10.1 99.0 99.00 
2024 03 10 02 40 251  3.4  4.7  2.48 12.90  8.62 302 1019.9  12.1 999.0  10.1 99.0 99.00 
2024 03 10 02 50 255  3.7  5.1 99.00 99.00 99.00 999 1019.9  12.1 999.0  10.1 99.0 99.00 
2024 03 10 03 00 252  3.7  4.9 99.00 99.00 99.00 999 1020.1  12.1 999.0  10.1 99.0 99.00 
2024 03 10 03 10 251  3.7  5.4  2.72 12.12  9.03 299 1020.1  12.1 999.0  10.1 99.0 99.00 
2024 03 10 03 20 241  3.5  4.8 99.00 99.00 99.00 999 1020.0  12.2 999.0  10.1 99.0 99.00 
2024 03 10 03 30 245  3.6  4.9 99.00 99.00 99.00 999 1020.0  12.2 999.0  10.0 99.0 99.00 
2024 03 10 03 40 259  3.6  5.3  2.79 11.43  9.00 292 1020.1  12.2 999.0   9.9 99.0 99.00 
2024 03 10 03 50 260  3.7  5.3 99.00 99.00 99.00 999 1020.1  12.2 999.0   9.9 99.0 99.00 
2024 03 10 04 00 261  3.3  4.8 99.00 99.00 99.00 999 1020.1  12.2 999.0  10.0 99.0 99.00 
2024 03 10 04 10 257  3.3  5.0  2.82 12.12  8.97 303 1020.1  12.2 999.0  10.0 99.0 99.00 
2024 03 10 04 20 260  3.1  4.7 99.00 99.00 99.00 999 1020.2  12.2 999.0  10.1 99.0 99.00 
2024 03 10 04 30 255  2.9  4.0 99.00 99.00 99.00 999 1020.2  12.2 999.0  10.1 99.0 99.00 
2024 03 10 04 40 249  3.2  4.7  2.64 12.90  8.96 306 1020.1  12.1 999.0   9.8 99.0 99.00 
2024 03 10 04 50 244  2.9  4.1 99.00 99.00 99.00 999 1020.2  12.2 999.0   9.7 99.0 99.00 
2024 03 10 05 00 246  2.9  4.0 99.00 99.00 99.00 999 1020.2  12.2 999.0   9.7 99.0 99.00 
2024 03 10 05 10 244  2.9  3.9  2.82 12.12  8.78 308 1020.3  12.2 999.0   9.6 99.0 99.00 
2024 03 10 05 20 243  3.0  4.3 99.00 99.00 99.00 999 1020.3  12.2 999.0   9.3 99.0 99.00 
2024 03 10 05 30 246  2.9  4.3 99.00 99.00 99.00 999 1020.2  12.3 999.0   9.2 99.0 99.00 
2024 03 10 05 40 243  2.8  4.1  2.87 11.43  8.97 295 1020.3  12.4 999.0   9.3 99.0 99.00 
2024 03 10 05 50 241  2.7  4.3 99.00 99.00 99.00 999 1020.2  12.3 999.0   9.4 99.0 99.00 
2024 03 10 06 00 239  2.5  4.1 99.00 99.00 99.00 999 1020.2  12.3 999.0   9.3 99.0 99.00 
2024 03 10 06 10 231  2.4  3.7  2.97 11.43  8.90 304 1020.1  12.3 999.0   9.4 99.0 99.00 
2024 03 10 06 20 233  2.5  4.0 99.00 99.00 99.00 999 1020.0  12.3 999.0   9.4 99.0 99.00 
2024 03 10 06 30 229  2.3  3.4 99.00 99.00 99.00 999 1020.0  12.3 999.0   9.4 99.0 99.00 
2024 03 10 06 40 219  2.3  3.2  2.79 11.43  8.73 304 1020.0  12.3 999.0   9.5 99.0 99.00 
2024 03 10 06 50 225  2.2  3.3 99.00 99.00 99.00 999 1020.0  12.3 999.0   9.4 99.0 99.00 
2024 03 10 07 00 218  2.4  3.4 99.00 99.00 99.00 999 1019.9  12.2 999.0   9.2 99.0 99.00 
2024 03 10 07 10 197  2.3  3.3  2.91 11.43  8.64 301 1019.8  12.2 999.0   9.4 99.0 99.00 
2024 03 10 07 20 184  2.2  3.7 99.00 99.00 99.00 999 1019.8  12.3 999.0   9.5 99.0 99.00 
2024 03 10 07 30 186  2.4  3.9 99.00 99.00 99.00 999 1019.8  12.2 999.0   9.4 99.0 99.00 
2024 03 10 07 40 188  2.3  3.7  3.00 12.12  9.03 300 1019.7  12.2 999.0   9.4 99.0 99.00 
2024 03 10 07 50 187  2.3  3.3 99.00 99.00 99.00 999 1019.7  12.2 999.0   9.4 99.0 99.00 
2024 03 10 08 00 180  2.5  4.3 99.00 99.00 99.00 999 1019.6  12.2 999.0   9.4 99.0 99.00 
2024 03 10 08 10 182  2.5  4.4  2.66 11.43  8.52 300 1019.7  12.2 999.0   9.4 99.0 99.00 
2024 03 10 08 20 170  2.3  4.2 99.00 99.00 99.00 999 1019.7  12.2 999.0   9.4 99.0 99.00 
2024 03 10 08 30 180  2.8  4.6 99.00 99.00 99.00 999 1019.6  12.2 999.0   9.5 99.0 99.00 
2024 03 10 08 40 182  2.8  4.5  2.88 10.81  8.38 296 1019.6  12.2 999.0   9.5 99.0 99.00 
2024 03 10 08 50 195  2.9  4.2 99.00 99.00 99.00 999 1019.7  12.2 999.0   9.5 99.0 99.00 
2024 03 10 09 00 195  2.9  4.0 99.00 99.00 99.00 999 1019.7  12.3 999.0   9.6 99.0 99.00 
2024 03 10 09 10 197  3.3  4.5  3.04 10.00  8.92 292 1019.6  12.3 999.0   9.7 99.0 99.00 
2024 03 10 09 20 189  3.2  5.0 99.00 99.00 99.00 999 1019.7  12.2 999.0   9.5 99.0 99.00 
2024 03 10 09 30 186  3.2  5.0 99.00 99.00 99.00 999 1019.7  12.2 999.0   9.6 99.0 99.00 
2024 03 10 09 40 191  3.5  5.3  3.01 11.43  8.65 299 1019.6  12.2 999.0   9.7 99.0 99.00 
2024 03 10 09 50 188  3.5  5.0 99.00 99.00 99.00 999 1019.5  12.2 999.0   9.7 99.0 99.00 
2024 03 10 10 00 192  3.4  4.6 99.00 99.00 99.00 999 1019.4  12.2 999.0   9.7 99.0 99.00 
2024 03 10 10 10 192  3.7  5.1  2.89 10.81  8.68 297 1019.4  12.2 999.0   9.7 99.0 99.00 
2024 03 10 10 20 191  3.7  5.1 99.00 99.00 99.00 999 1019.3  12.2 999.0   9.7 99.0 99.00 
2024 03 10 10 30 202  3.6  5.3 99.00 99.00 99.00 999 1019.3  12.2 999.0   9.7 99.0 99.00 
2024 03 10 10 40 209  3.8  5.1  2.61 11.43  8.28 293 1019.2  12.2 999.0   9.5 99.0 99.00 
2024 03 10 10 50 204  3.6  4.6 99.00 99.00 99.00 999 1019.1  12.3 999.0   9.7 99.0 99.00 
2024 03 10 11 00 213  3.3  4.2 99.00 99.00 99.00 999 1019.0  12.3 999.0   9.7 99.0 99.00 
2024 03 10 11 10 216  3.7  5.0  3.02 11.43  8.92 294 1018.9  12.2 999.0   9.4 99.0 99.00 
2024 03 10 11 20 216  3.4  4.6 99.00 99.00 99.00 999 1018.8  12.3 999.0   9.5 99.0 99.00 
2024 03 10 11 30 211  3.2  4.4 99.00 99.00 99.00 999 1018.7  12.3 999.0   9.6 99.0 99.00 
2024 03 10 11 40 210  3.0  4.2  2.83 10.81  8.92 287 1018.6  12.3 999.0   9.6 99.0 99.00 
2024 03 10 11 50 196  3.1  4.6 99.00 99.00 99.00 999 1018.5  12.3 999.0   9.4 99.0 99.00 
2024 03 10 12 00 199  3.3  4.5 99.00 99.00 99.00 999 1018.4  12.3 999.0   9.4 99.0 99.00 
2024 03 10 12 10 194  3.4  4.3  2.63 10.00  8.69 290 1018.4  12.3 999.0   9.4 99.0 99.00 
2024 03 10 12 20 192  3.4  4.8 99.00 99.00 99.00 999 1018.4  12.3 999.0   9.6 99.0 99.00 
2024 03 10 12 30 193  3.7  4.9 99.00 99.00 99.00 999 1018.3  12.3 999.0   9.5 99.0 99.00 
2024 03 10 12 40 194  3.7  5.3  2.69 10.81  8.85 297 1018.4  12.3 999.0   9.6 99.0 99.00 
2024 03 10 12 50 194  3.8  5.0 99.00 99.00 99.00 999 1018.3  12.3 999.0   9.7 99.0 99.00 
2024 03 10 13 00 194  3.8  5.1 99.00 99.00 99.00 999 1018.3  12.3 999.0   9.6 99.0 99.00 
2024 03 10 13 10 197  3.6  5.1  2.49 10.81  8.69 296 1018.3  12.3 999.0   9.7 99.0 99.00 
2024 03 10 13 20 197  3.5  5.1 99.00 99.00 99.00 999 1018.4  12.3 999.0   9.8 99.0 99.00 
2024 03 10 13 30 198  3.2  4.4 99.00 99.00 99.00 999 1018.5  12.3 999.0   9.8 99.0 99.00 
2024 03 10 13 40 209  3.7  4.8  2.92 16.00  9.33 293 1018.4  12.4 999.0  10.0 99.0 99.00 
2024 03 10 13 50 205  3.9  4.9 99.00 99.00 99.00 999 1018.2  12.4 999.0  10.0 99.0 99.00 
2024 03 10 14 00 204  4.1  5.5 99.00 99.00 99.00 999 1018.4  12.4 999.0   9.5 99.0 99.00 
2024 03 10 14 10 210  4.0  5.3  3.10 16.00  9.70 279 1018.5  12.5 999.0   9.6 99.0 99.00 
2024 03 10 14 20 210  4.0  5.1 99.00 99.00 99.00 999 1018.6  12.5 999.0   9.5 99.0 99.00 
2024 03 10 14 30 207  4.1  5.6 99.00 99.00 99.00 999 1018.6  12.5 999.0   9.6 99.0 99.00 
2024 03 10 14 40 206  4.0  5.2  2.95 16.00  9.32 297 1018.8  12.5 999.0   9.5 99.0 99.00 
2024 03 10 14 50 208  3.6  5.0 99.00 99.00 99.00 999 1018.8  12.6 999.0   9.7 99.0 99.00 
2024 03 10 15 00 207  3.8  5.1 99.00 99.00 99.00 999 1018.8  12.5 999.0   9.5 99.0 99.00 
2024 03 10 15 10 201  3.7  5.0  2.71 11.43  9.09 296 1018.8  12.6 999.0   9.7 99.0 99.00 
2024 03 10 15 20 201  4.1  5.4 99.00 99.00 99.00 999 1019.0  12.6 999.0   9.8 99.0 99.00 
2024 03 10 15 30 205  4.2  5.4 99.00 99.00 99.00 999 1019.1  12.6 999.0   9.9 99.0 99.00 
2024 03 10 15 40 201  3.7  4.7  3.25 16.00  9.92 298 1019.2  12.6 999.0   9.8 99.0 99.00 
2024 03 10 15 50 197  4.0  5.1 99.00 99.00 99.00 999 1019.2  12.6 999.0   9.8 99.0 99.00 
2024 03 10 16 00 189  4.0  5.4 99.00 99.00 99.00 999 1019.2  12.6 999.0   9.8 99.0 99.00 
2024 03 10 16 10 188  4.2  5.5  3.04 16.00  9.02 297 1019.1  12.7 999.0  10.0 99.0 99.00 
2024 03 10 16 20 184  4.1  5.2 99.00 99.00 99.00 999 1019.2  12.7 999.0  10.0 99.0 99.00 
2024 03 10 16 30 185  4.1  5.4 99.00 99.00 99.00 999 1019.2  12.7 999.0  10.1 99.0 99.00 
2024 03 10 16 40 185  4.0  5.6  3.01 16.00  9.38 298 1019.2  12.8 999.0  10.3 99.0 99.00 
2024 03 10 16 50 177  4.6  5.8 99.00 99.00 99.00 999 1019.1  12.8 999.0  10.2 99.0 99.00 
2024 03 10 17 00 183  4.3  5.6 99.00 99.00 99.00 999 1019.2  12.9 999.0  10.5 99.0 99.00 
2024 03 10 17 10 182  4.4  5.4  2.90 14.81  9.22 292 1019.2  12.8 999.0  10.4 99.0 99.00 
2024 03 10 17 20 183  4.3  5.6 99.00 99.00 99.00 999 1019.2  12.7 999.0   9.9 99.0 99.00 
2024 03 10 17 30 181  4.6  6.0 99.00 99.00 99.00 999 1019.1  12.8 999.0   9.8 99.0 99.00 
2024 03 10 17 40 174  5.2  7.1  3.05 16.00  9.15 303 1018.8  12.8 999.0  10.0 99.0 99.00 
2024 03 10 17 50 166  5.7  7.8 99.00 99.00 99.00 999 1018.9  12.8 999.0  10.3 99.0 99.00 
2024 03 10 18 00 163  5.9  7.8 99.00 99.00 99.00 999 1018.8  12.8 999.0  10.4 99.0 99.00 
2024 03 10 18 10 162  6.2  8.3  3.60 14.81  9.62 295 1018.7  12.7 999.0  10.3 99.0 99.00 
2024 03 10 18 20 164  6.3  8.6 99.00 99.00 99.00 999 1018.7  12.7 999.0  10.3 99.0 99.00 
2024 03 10 18 30 166  6.2  8.1 99.00 99.00 99.00 999 1018.7  12.8 999.0  10.4 99.0 99.00 
2024 03 10 18 40 172  5.9  7.9  3.29 14.81  9.27 300 1018.7  12.8 999.0  10.4 99.0 99.00 
2024 03 10 18 50 176  6.4  8.1 99.00 99.00 99.00 999 1018.8  12.8 999.0  10.1 99.0 99.00 
2024 03 10 19 00 179  6.2  8.0 99.00 99.00 99.00 999 1018.8  12.8 999.0  10.2 99.0 99.00 
2024 03 10 19 10 179  6.4  8.0  3.40 12.12  9.31 292 1018.9  12.8 999.0  10.1 99.0 99.00 
2024 03 10 19 20 182  6.2  8.9 99.00 99.00 99.00 999 1018.8  12.9 999.0  10.2 99.0 99.00 
2024 03 10 19 30 178  6.5  8.2 99.00 99.00 99.00 999 1018.6  12.8 999.0  10.1 99.0 99.00 
2024 03 10 19 40 177  6.5  8.8  3.17 14.81  9.18 291 1018.5  12.9 999.0  10.3 99.0 99.00 
2024 03 10 19 50 174  6.7  9.0 99.00 99.00 99.00 999 1018.3  12.9 999.0  10.2 99.0 99.00 
2024 03 10 20 00 173  6.7  8.5 99.00 99.00 99.00 999 1018.2  12.8 999.0  10.2 99.0 99.00 
2024 03 10 20 10 173  6.7  9.4  3.20 14.81  9.06 289 1018.0  12.9 999.0  10.3 99.0 99.00 
2024 03 10 20 20 169  7.3  9.8 99.00 99.00 99.00 999 1017.9  12.9 999.0  10.4 99.0 99.00 
2024 03 10 20 30 172  7.1  9.3 99.00 99.00 99.00 999 1017.9  12.9 999.0  10.5 99.0 99.00 
2024 03 10 20 40 173  6.9  9.2  3.49 13.79  9.31 295 1017.9  12.9 999.0  10.6 99.0 99.00 
2024 03 10 20 50 181  6.5  8.6 99.00 99.00 99.00 999 1018.0  12.9 999.0  10.7 99.0 99.00 
2024 03 10 21 00 182  7.2  9.5 99.00 99.00 99.00 999 1017.6  12.9 999.0  10.6 99.0 99.00 
2024 03 10 21 10 177  7.0 10.2  4.10 12.90 10.09 288 1017.6  12.9 999.0  10.6 99.0 99.00 
2024 03 10 21 20 178  7.3  9.0 99.00 99.00 99.00 999 1017.6  12.9 999.0  10.6 99.0 99.00 
2024 03 10 21 30 179  7.5 10.1 99.00 99.00 99.00 999 1017.5  12.9 999.0  10.3 99.0 99.00 
2024 03 10 21 40 175  7.2  9.2  3.67 13.79  9.54 295 1017.2  13.0 999.0  10.5 99.0 99.00 
2024 03 10 21 50 173  7.6  9.9 99.00 99.00 99.00 999 1017.2  12.9 999.0  10.5 99.0 99.00 
2024 03 10 22 00 177  7.8 10.0 99.00 99.00 99.00 999 1017.1  12.9 999.0  10.5 99.0 99.00 
2024 03 10 22 10 177  7.5  9.7  3.72 12.90  9.19 289 1017.1  12.9 999.0  10.6 99.0 99.00 
2024 03 10 22 20 175  7.7 10.2 99.00 99.00 99.00 999 1016.9  12.9 999.0  10.7 99.0 99.00 
2024 03 10 22 30 176  7.8 10.1 99.00 99.00 99.00 999 1016.8  12.9 999.0  10.7 99.0 99.00 
2024 03 10 22 40 177  8.0 10.5  3.99 12.90  9.46 295 1016.7  12.9 999.0  10.8 99.0 99.00 
2024 03 10 22 50 177  7.7  9.7 99.00 99.00 99.00 999 1016.6  12.9 999.0  10.9 99.0 99.00 
2024 03 10 23 00 176  7.8 10.1 99.00 99.00 99.00 999 1016.5  12.9 999.0  11.0 99.0 99.00 
2024 03 10 23 10 178  7.7 10.1  4.12 13.79  9.32 297 1016.6  13.0 999.0  11.2 99.0 99.00 
2024 03 10 23 20 176  7.7  9.9 99.00 99.00 99.00 999 1016.5  12.9 999.0  11.2 99.0 99.00 
2024 03 10 23 30 181  7.9 10.1 99.00 99.00 99.00 999 1016.4  12.9 999.0  11.3 99.0 99.00 
2024 03 10 23 40 183  8.3 10.5  4.40 12.12  9.62 292 1016.2  12.9 999.0  11.3 99.0 99.00 
2024 03 10 23 50 180  7.8 10.2 99.00 99.00 99.00 999 1016.2  12.9 999.0  11.3 99.0 99.00 
2024 03 11 00 00 183  7.8  9.9 99.00 99.00 99.00 999 1016.2  13.0 999.0  11.4 99.0 99.00 
2024 03 11 00 10 181  8.0 11.3  3.88 12.90  9.21 294 1015.9  13.0 999.0  11.5 99.0 99.00 
2024 03 11 00 20 183  8.4 10.7 99.00 99.00 99.00 999 1015.8  12.9 999.0  11.4 99.0 99.00 
2024 03 11 00 30 184  8.4 10.7 99.00 99.00 99.00 999 1015.7  13.0 999.0  11.6 99.0 99.00 
2024 03 11 00 40 184  8.6 11.3  3.74 12.12  9.01 293 1015.7  13.0 999.0  11.6 99.0 99.00 
2024 03 11 00 50 184  8.6 11.0 99.00 99.00 99.00 999 1015.4  13.0 999.0  11.6 99.0 99.00 
2024 03 11 01 00 184  8.9 12.0 99.00 99.00 99.00 999 1015.4  12.9 999.0  11.6 99.0 99.00 
2024 03 11 01 10 184  8.6 11.3  4.03 12.90  9.12 285 1015.2  12.9 999.0  11.6 99.0 99.00 
2024 03 11 01 20 185  8.6 10.8 99.00 99.00 99.00 999 1015.2  13.0 999.0  11.7 99.0 99.00 
2024 03 11 01 30 187  8.2 11.2 99.00 99.00 99.00 999 1015.2  13.0 999.0  11.8 99.0 99.00 
2024 03 11 01 40 192  8.4 10.8  4.32 12.90  9.67 287 1015.3  12.9 999.0  11.8 99.0 99.00 
2024 03 11 01 50 195  7.0  8.9 99.00 99.00 99.00 999 1015.4  12.8 999.0  11.9 99.0 99.00 
2024 03 11 02 00 301  8.0 11.5 99.00 99.00 99.00 999 1015.5  11.4 999.0  10.6 99.0 99.00 
2024 03 11 02 10 331  8.2 11.6  4.15 14.81  9.11 293 1015.9  10.5 999.0  10.0 99.0 99.00 
2024 03 11 02 20 327  8.2 11.1 99.00 99.00 99.00 999 1015.8  10.8 999.0  10.3 99.0 99.00 
2024 03 11 02 30 336  8.7 11.2 99.00 99.00 99.00 999 1016.0  10.7 999.0  10.2 99.0 99.00 
2024 03 11 02 40 333  8.4 10.7  4.27 12.12  9.31 296 1015.9  10.5 999.0   9.9 99.0 99.00 
2024 03 11 02 50 337  8.1 10.2 99.00 99.00 99.00 999 1015.9  10.5 999.0   9.8 99.0 99.00 
2024 03 11 03 00 337  8.1 10.6 99.00 99.00 99.00 999 1015.7  10.5 999.0   9.8 99.0 99.00 
2024 03 11 03 10 346  8.1 10.7  4.11 12.90  9.21 294 1015.8  10.4 999.0   9.7 99.0 99.00 
2024 03 11 03 20 345  7.1  9.4 99.00 99.00 99.00 999 1015.8  10.4 999.0   9.7 99.0 99.00 
2024 03 11 03 30 346  6.8  8.9 99.00 99.00 99.00 999 1015.8  10.2 999.0   9.3 99.0 99.00 
2024 03 11 03 40 348  5.9  7.5  3.71 13.79  8.50 297 1015.9  10.2 999.0   9.2 99.0 99.00 
2024 03 11 03 50 351  5.3  7.0 99.00 99.00 99.00 999 1016.2  10.3 999.0   9.1 99.0 99.00 
2024 03 11 04 00 350  4.1  6.3 99.00 99.00 99.00 999 1016.4  10.4 999.0   9.1 99.0 99.00 
2024 03 11 04 10 359  3.6  5.1  3.50 12.12  8.33 295 1016.2  10.4 999.0   9.1 99.0 99.00 
2024 03 11 04 20   9  3.5  5.4 99.00 99.00 99.00 999 1016.2  10.5 999.0   9.2 99.0 99.00 
2024 03 11 04 30   6  3.2  4.4 99.00 99.00 99.00 999 1016.2  10.5 999.0   9.1 99.0 99.00 
2024 03 11 04 40  14  2.9  4.4  3.56 12.90  8.86 300 1016.1  10.6 999.0   9.1 99.0 99.00 
2024 03 11 04 50  12  2.8  4.5 99.00 99.00 99.00 999 1016.1  10.7 999.0   9.2 99.0 99.00 
2024 03 11 05 00  11  2.1  4.4 99.00 99.00 99.00 999 1016.1  10.7 999.0   9.1 99.0 99.00 
2024 03 11 05 10  17  1.7  3.4  4.06 14.81  9.54 296 1016.2  10.7 999.0   9.0 99.0 99.00 
2024 03 11 05 20  12  0.9  3.0 99.00 99.00 99.00 999 1016.4  10.9 999.0   9.1 99.0 99.00 
2024 03 11 05 30 330  0.7  2.6 99.00 99.00 99.00 999 1016.4  11.0 999.0   9.1 99.0 99.00 
2024 03 11 05 40 318  1.2  3.3  4.10 14.81  9.77 291 1016.5  11.0 999.0   8.9 99.0 99.00 
2024 03 11 05 50 297  2.2  4.8 99.00 99.00 99.00 999 1016.6  11.0 999.0   8.7 99.0 99.00 
2024 03 11 06 00 303  2.0  4.5 99.00 99.00 99.00 999 1016.8  11.1 999.0   8.9 99.0 99.00 
2024 03 11 06 10 284  2.5  4.5  3.87 13.79  9.75 291 1016.9  11.1 999.0   9.0 99.0 99.00 
2024 03 11 06 20 298  3.0  5.2 99.00 99.00 99.00 999 1016.9  11.1 999.0   9.1 99.0 99.00 
2024 03 11 06 30 290  3.2  5.7 99.00 99.00 99.00 999 1016.9  11.1 999.0   9.1 99.0 99.00 
2024 03 11 06 40 289  3.1  5.5  4.16 14.81  9.88 295 1017.0  11.2 999.0   9.2 99.0 99.00 
2024 03 11 06 50 286  3.4  5.9 99.00 99.00 99.00 999 1017.0  11.2 999.0   9.0 99.0 99.00 
2024 03 11 07 00 296  3.9  6.0 99.00 99.00 99.00 999 1017.0  11.2 999.0   9.0 99.0 99.00 
2024 03 11 07 10 303  4.2  6.4  3.87 14.81  9.73 298 1017.0  11.3 999.0   9.2 99.0 99.00 
2024 03 11 07 20 302  4.8  7.3 99.00 99.00 99.00 999 1017.0  11.3 999.0   9.1 99.0 99.00 
2024 03 11 07 30 304  5.2  7.6 99.00 99.00 99.00 999 1017.1  11.3 999.0   9.1 99.0 99.00 
2024 03 11 07 40 303  5.3  7.3  4.12 14.81 10.09 297 1017.0  11.3 999.0   9.2 99.0 99.00 
2024 03 11 07 50 300  5.4  7.4 99.00 99.00 99.00 999 1016.9  11.3 999.0   9.2 99.0 99.00 
2024 03 11 08 00 302  5.4  7.4 99.00 99.00 99.00 999 1016.8  11.3 999.0   9.3 99.0 99.00 
2024 03 11 08 10 302  5.4  7.5  3.92 14.81  9.91 288 1016.6  11.2 999.0   9.2 99.0 99.00 
2024 03 11 08 20 302  5.4  8.1 99.00 99.00 99.00 999 1016.6  11.2 999.0   9.2 99.0 99.00 
2024 03 11 08 30 306  5.1  7.5 99.00 99.00 99.00 999 1016.6  11.3 999.0   9.3 99.0 99.00 
2024 03 11 08 40 305  5.0  7.9  4.77 14.81 11.10 300 1016.6  11.3 999.0   9.4 99.0 99.00 
2024 03 11 08 50 306  5.3  7.8 99.00 99.00 99.00 999 1016.6  11.2 999.0   9.2 99.0 99.00 
2024 03 11 09 00 302  5.3  7.5 99.00 99.00 99.00 999 1016.6  11.2 999.0   9.2 99.0 99.00 
2024 03 11 09 10 299  4.9  6.8  4.23 13.79 10.39 300 1016.4  11.3 999.0   9.4 99.0 99.00 
2024 03 11 09 20 307  4.7  7.2 99.00 99.00 99.00 999 1016.3  11.2 999.0   9.1 99.0 99.00 
2024 03 11 09 30 306  4.6  6.5 99.00 99.00 99.00 999 1016.3  11.2 999.0   9.0 99.0 99.00 
2024 03 11 09 40 301  5.1  7.2  4.31 13.79 10.90 299 1016.4  11.3 999.0   9.1 99.0 99.00 
2024 03 11 09 50 309  4.8  7.2 99.00 99.00 99.00 999 1016.4  11.3 999.0   9.1 99.0 99.00 
2024 03 11 10 00 307  4.9  8.0 99.00 99.00 99.00 999 1016.4  11.3 999.0   9.1 99.0 99.00 
2024 03 11 10 10 308  4.6  6.9  4.93 14.81 11.36 298 1016.3  11.3 999.0   9.0 99.0 99.00 
2024 03 11 10 20 309  4.2  6.4 99.00 99.00 99.00 999 1016.2  11.4 999.0   9.2 99.0 99.00 
2024 03 11 10 30 311  3.9  5.9 99.00 99.00 99.00 999 1016.0  11.3 999.0   9.0 99.0 99.00 
2024 03 11 10 40 311  3.7  5.9  4.24 14.81 11.08 294 1016.1  11.4 999.0   9.1 99.0 99.00 
2024 03 11 10 50 316  3.6  5.9 99.00 99.00 99.00 999 1015.9  11.4 999.0   9.0 99.0 99.00 
2024 03 11 11 00 314  3.4  5.7 99.00 99.00 99.00 999 1016.0  11.4 999.0   9.2 99.0 99.00 
2024 03 11 11 10 319  3.5  5.7  4.52 14.81 11.22 292 1016.1  11.3 999.0   9.0 99.0 99.00 
2024 03 11 11 20 319  3.9  6.1 99.00 99.00 99.00 999 1016.2  11.4 999.0   9.1 99.0 99.00 
2024 03 11 11 30 313  3.9  6.1 99.00 99.00 99.00 999 1016.1  11.4 999.0   9.2 99.0 99.00 
2024 03 11 11 40 307  3.7  5.7  4.58 14.81 11.19 299 1016.0  11.4 999.0   9.2 99.0 99.00 
2024 03 11 11 50 311  3.7  6.4 99.00 99.00 99.00 999 1016.1  11.3 999.0   9.1 99.0 99.00 
2024 03 11 12 00 309  3.7  6.2 99.00 99.00 99.00 999 1016.3  11.4 999.0   9.2 99.0 99.00 
2024 03 11 12 10 314  4.0  6.5  4.44 13.79 11.17 298 1016.4  11.4 999.0   9.3 99.0 99.00 
2024 03 11 12 20 314  4.0  6.7 99.00 99.00 99.00 999 1016.4  11.4 999.0   9.3 99.0 99.00 
2024 03 11 12 30 317  4.0  6.5 99.00 99.00 99.00 999 1016.4  11.3 999.0   9.0 99.0 99.00 
2024 03 11 12 40 314  3.5  6.0  5.28 16.00 12.11 290 1016.5  11.4 999.0   9.3 99.0 99.00 
2024 03 11 12 50 305  3.8  6.2 99.00 99.00 99.00 999 1016.7  11.4 999.0   9.3 99.0 99.00 
2024 03 11 13 00 314  4.1  6.1 99.00 99.00 99.00 999 1016.8  11.4 999.0   9.4 99.0 99.00 
2024 03 11 13 10 310  4.4  7.0  4.76 14.81 11.55 290 1017.0  11.4 999.0   9.3 99.0 99.00 
2024 03 11 13 20 313  3.9  6.9 99.00 99.00 99.00 999 1017.0  11.4 999.0   9.3 99.0 99.00 
2024 03 11 13 30 314  3.3  5.2 99.00 99.00 99.00 999 1017.0  11.4 999.0   9.3 99.0 99.00 
2024 03 11 13 40 317  3.6  5.9  4.04 16.00 10.61 293 1017.3  11.5 999.0   9.6 99.0 99.00 
2024 03 11 13 50 313  3.8  6.3 99.00 99.00 99.00 999 1017.3  11.4 999.0   9.4 99.0 99.00 
2024 03 11 14 00 309  3.6  6.4 99.00 99.00 99.00 999 1017.1  11.4 999.0   9.2 99.0 99.00 
2024 03 11 14 10 314  3.2  5.5  4.94 16.00 11.61 295 1017.2  11.4 999.0   9.0 99.0 99.00 
2024 03 11 14 20 315  2.9  5.1 99.00 99.00 99.00 999 1017.2  11.4 999.0   9.0 99.0 99.00 
2024 03 11 14 30 314  2.6  5.3 99.00 99.00 99.00 999 1017.2  11.4 999.0   8.9 99.0 99.00 
2024 03 11 14 40 307  2.5  5.2  4.88 17.39 11.47 297 1017.2  11.4 999.0   9.0 99.0 99.00 
2024 03 11 14 50 308  2.4  4.3 99.00 99.00 99.00 999 1017.4  11.5 999.0   9.2 99.0 99.00 
2024 03 11 15 00 304  2.2  4.8 99.00 99.00 99.00 999 1017.5  11.5 999.0   9.1 99.0 99.00 
2024 03 11 15 10 313  2.5  5.1  5.09 17.39 11.97 291 1017.7  11.5 999.0   8.9 99.0 99.00 
2024 03 11 15 20 310  2.0  4.5 99.00 99.00 99.00 999 1017.5  11.6 999.0   9.1 99.0 99.00 
2024 03 11 15 30 318  2.0  4.1 99.00 99.00 99.00 999 1017.8  11.7 999.0   9.3 99.0 99.00 
2024 03 11 15 40 309  2.2  5.0  4.34 16.00 10.63 291 1018.0  11.7 999.0   9.3 99.0 99.00 
2024 03 11 15 50 308  2.0  4.5 99.00 99.00 99.00 999 1018.0  11.8 999.0   9.3 99.0 99.00 
2024 03 11 16 00 301  1.9  4.4 99.00 99.00 99.00 999 1018.4  11.9 999.0   9.3 99.0 99.00 
2024 03 11 16 10 299  1.8  4.2  4.61 17.39 11.46 298 1018.3  11.9 999.0   9.3 99.0 99.00 
2024 03 11 16 20 284  1.9  4.5 99.00 99.00 99.00 999 1018.4  11.9 999.0   9.1 99.0 99.00 
2024 03 11 16 30 271  1.6  4.1 99.00 99.00 99.00 999 1018.4  12.0 999.0   9.2 99.0 99.00 
2024 03 11 16 40 267  1.7  3.9  4.63 16.00 10.87 295 1018.4  12.1 999.0   9.1 99.0 99.00 
2024 03 11 16 50 266  1.1  3.1 99.00 99.00 99.00 999 1018.4  12.2 999.0   9.1 99.0 99.00 
2024 03 11 17 00 262  0.9  2.6 99.00 99.00 99.00 999 1018.5  12.3 999.0   9.0 99.0 99.00 
2024 03 11 17 10  96  1.4  4.4  4.50 14.81 10.93 290 1018.5  12.3 999.0   9.8 99.0 99.00 
2024 03 11 17 20 105  4.0  7.6 99.00 99.00 99.00 999 1018.5  11.5 999.0  10.0 99.0 99.00 
2024 03 11 17 30 107  4.0  8.6 99.00 99.00 99.00 999 1018.5  11.1 999.0   9.8 99.0 99.00 
2024 03 11 17 40 107  3.8  6.8  4.70 14.81 10.92 294 1018.6  11.0 999.0   9.7 99.0 99.00 
2024 03 11 17 50 111  3.6  7.6 99.00 99.00 99.00 999 1018.7  11.1 999.0   9.9 99.0 99.00 
2024 03 11 18 00 112  3.3  6.6 99.00 99.00 99.00 999 1018.7  11.2 999.0  10.0 99.0 99.00 
2024 03 11 18 10 125  3.1  6.1  4.40 16.00 10.56 290 1018.9  11.3 999.0  10.0 99.0 99.00 
2024 03 11 18 20 132  2.9  6.2 99.00 99.00 99.00 999 1018.9  11.4 999.0   9.9 99.0 99.00 
2024 03 11 18 30 135  2.7  7.4 99.00 99.00 99.00 999 1019.0  11.6 999.0  10.0 99.0 99.00 
2024 03 11 18 40 140  2.6  5.3  4.93 16.00 10.65 300 1019.0  11.7 999.0  10.0 99.0 99.00 
2024 03 11 18 50 143  2.4  7.5 99.00 99.00 99.00 999 1019.2  11.8 999.0  10.0 99.0 99.00 
2024 03 11 19 00 142  2.3  4.3 99.00 99.00 99.00 999 1019.1  11.9 999.0  10.1 99.0 99.00 
2024 03 11 19 10 150  2.0  6.1  3.98 16.00 10.27 291 1019.3  11.9 999.0   9.9 99.0 99.00 
2024 03 11 19 20 171  1.7  3.6 99.00 99.00 99.00 999 1019.3  12.1 999.0   9.9 99.0 99.00 
2024 03 11 19 30 189  2.3  3.9 99.00 99.00 99.00 999 1019.4  12.1 999.0   9.8 99.0 99.00 
2024 03 11 19 40 220  2.5  3.8  4.45 16.00 10.27 297 1019.3  12.2 999.0   9.0 99.0 99.00 
2024 03 11 19 50 237  2.5  4.6 99.00 99.00 99.00 999 1019.4  12.4 999.0   8.9 99.0 99.00 
2024 03 11 20 00 232  3.4  5.0 99.00 99.00 99.00 999 1019.2  12.3 999.0   8.6 99.0 99.00 
2024 03 11 20 10 232  3.5  5.3  3.95 16.00  9.81 287 1019.2  12.4 999.0   8.6 99.0 99.00 
2024 03 11 20 20 228  3.5  5.4 99.00 99.00 99.00 999 1019.3  12.4 999.0   8.6 99.0 99.00 
2024 03 11 20 30 227  3.6  5.4 99.00 99.00 99.00 999 1019.3  12.5 999.0   8.6 99.0 99.00 
2024 03 11 20 40 233  3.4  5.5  4.41 14.81 10.53 286 1019.5  12.5 999.0   8.7 99.0 99.00 
2024 03 11 20 50 230  2.9  5.1 99.00 99.00 99.00 999 1019.3  12.5 999.0   8.9 99.0 99.00 
2024 03 11 21 00 224  3.3  4.7 99.00 99.00 99.00 999 1019.3  12.5 999.0   8.8 99.0 99.00 
2024 03 11 21 10 218  3.6  5.4  3.99 12.90  9.73 287 1019.1  12.6 999.0   9.1 99.0 99.00 
2024 03 11 21 20 225  4.6  5.9 99.00 99.00 99.00 999 1019.0  12.5 999.0   8.6 99.0 99.00 
2024 03 11 21 30 222  4.3  5.9 99.00 99.00 99.00 999 1018.9  12.6 999.0   8.6 99.0 99.00 
2024 03 11 21 40 225  4.1  5.7  4.31 13.79 10.34 288 1018.8  12.5 999.0   8.6 99.0 99.00 
2024 03 11 21 50 224  3.6  5.1 99.00 99.00 99.00 999 1018.9  12.5 999.0   8.7 99.0 99.00 
2024 03 11 22 00 228  3.6  5.3 99.00 99.00 99.00 999 1019.0  12.6 999.0   9.0 99.0 99.00 
2024 03 11 22 10 228  3.6  5.0  3.80 14.81 10.07 284 1018.9  12.6 999.0   8.9 99.0 99.00 
2024 03 11 22 20 226  3.1  4.5 99.00 99.00 99.00 999 1018.9  12.5 999.0   8.9 99.0 99.00 
2024 03 11 22 30 223  3.5  4.9 99.00 99.00 99.00 999 1018.9  12.6 999.0   8.9 99.0 99.00 
2024 03 11 22 40 222  3.6  5.5  4.39 13.79 10.60 285 1018.8  12.6 999.0   8.9 99.0 99.00 
2024 03 11 22 50 218  3.3  4.9 99.00 99.00 99.00 999 1018.9  12.6 999.0   9.0 99.0 99.00 
2024 03 11 23 00 218  3.4  4.9 99.00 99.00 99.00 999 1018.9  12.6 999.0   9.1 99.0 99.00 
2024 03 11 23 10 204  3.7  5.3  3.92 14.81 10.27 283 1018.7  12.5 999.0   9.1 99.0 99.00 
2024 03 11 23 20 194  3.6  5.0 99.00 99.00 99.00 999 1018.7  12.5 999.0   9.1 99.0 99.00 
2024 03 11 23 30 200  3.3  4.5 99.00 99.00 99.00 999 1018.8  12.6 999.0   9.4 99.0 99.00 
2024 03 11 23 40 202  3.4  4.9  3.38 16.00  9.92 290 1018.8  12.6 999.0   9.5 99.0 99.00 
2024 03 11 23 50 209  4.4  5.4 99.00 99.00 99.00 999 1018.8  12.6 999.0   9.2 99.0 99.00 
2024 03 12 00 00 208  4.2  5.6 99.00 99.00 99.00 999 1018.7  12.6 999.0   9.2 99.0 99.00 
2024 03 12 00 10 201  4.1  5.2  3.50 13.79  9.85 287 1018.6  12.6 999.0   9.5 99.0 99.00 
2024 03 12 00 20 201  4.3  5.4 99.00 99.00 99.00 999 1018.6  12.5 999.0   9.3 99.0 99.00 
2024 03 12 00 30 201  4.1  5.6 99.00 99.00 99.00 999 1018.8  12.6 999.0   9.4 99.0 99.00 
2024 03 12 00 40 218  3.8  5.1  3.25 14.81 10.04 293 1019.3  12.6 999.0   9.4 99.0 99.00 
2024 03 12 00 50 212  3.5  4.7 99.00 99.00 99.00 999 1019.0  12.6 999.0   9.7 99.0 99.00 
2024 03 12 01 00 199  3.5  5.0 99.00 99.00 99.00 999 1018.9  12.6 999.0   9.8 99.0 99.00 
2024 03 12 01 10 197  3.7  5.0  3.23 14.81 10.00 297 1018.8  12.6 999.0   9.8 99.0 99.00 
2024 03 12 01 20 197  3.7  5.0 99.00 99.00 99.00 999 1019.1  12.6 999.0   9.6 99.0 99.00 
2024 03 12 01 30 203  4.3  5.7 99.00 99.00 99.00 999 1019.0  12.7 999.0   9.5 99.0 99.00 
2024 03 12 01 40 193  4.2  5.5  3.54 13.79 10.38 286 1018.7  12.7 999.0   9.5 99.0 99.00 
2024 03 12 01 50 195  4.5  5.6 99.00 99.00 99.00 999 1019.2  12.7 999.0   9.6 99.0 99.00 
2024 03 12 02 00 202  4.9  5.9 99.00 99.00 99.00 999 1019.0  12.7 999.0  10.0 99.0 99.00 
2024 03 12 02 10 192  4.5  5.6  3.46 14.81 10.36 294 1019.0  12.6 999.0  10.1 99.0 99.00 
2024 03 12 02 20 199  4.8  6.4 99.00 99.00 99.00 999 1019.2  12.5 999.0   9.9 99.0 99.00 
2024 03 12 02 30 204  4.9  6.2 99.00 99.00 99.00 999 1019.4  12.5 999.0   9.8 99.0 99.00 
2024 03 12 02 40 204  4.8  6.3  2.90 14.81  9.36 295 1019.4  12.5 999.0   9.8 99.0 99.00 
2024 03 12 02 50 194  4.6  6.4 99.00 99.00 99.00 999 1019.1  12.5 999.0  10.0 99.0 99.00 
2024 03 12 03 00 184  5.4  6.6 99.00 99.00 99.00 999 1019.1  12.4 999.0  10.0 99.0 99.00 
2024 03 12 03 10 186  5.4  7.7  3.12 13.79  9.65 295 1019.0  12.4 999.0  10.0 99.0 99.00 
2024 03 12 03 20 196  5.7  8.3 99.00 99.00 99.00 999 1018.9  12.4 999.0   9.7 99.0 99.00 
2024 03 12 03 30 199  6.2  8.5 99.00 99.00 99.00 999 1018.9  12.0 999.0  10.2 99.0 99.00 
2024 03 12 03 40 191  5.6  7.9  2.99 14.81  9.76 293 1018.8  11.9 999.0  10.0 99.0 99.00 
2024 03 12 03 50 185  5.9  7.6 99.00 99.00 99.00 999 1018.8  12.0 999.0   9.8 99.0 99.00 
2024 03 12 04 00 180  5.5  6.9 99.00 99.00 99.00 999 1018.8  12.0 999.0   9.9 99.0 99.00 
2024 03 12 04 10 185  6.7  9.5  3.00 14.81  9.40 300 1018.9  12.2 999.0  10.2 99.0 99.00 
2024 03 12 04 20 183  6.5  8.2 99.00 99.00 99.00 999 1018.8  12.1 999.0  10.3 99.0 99.00 
2024 03 12 04 30 177  6.4  8.1 99.00 99.00 99.00 999 1018.8  12.1 999.0  10.0 99.0 99.00 
2024 03 12 04 40 180  6.1  8.0  3.32 13.79  9.49 297 1018.9  12.2 999.0  10.4 99.0 99.00 
2024 03 12 04 50 183  6.2  7.9 99.00 99.00 99.00 999 1018.9  12.2 999.0  10.4 99.0 99.00 
2024 03 12 05 00 179  6.4  8.0 99.00 99.00 99.00 999 1018.7  12.1 999.0  10.3 99.0 99.00 
2024 03 12 05 10 170  6.3  8.2  3.20 13.79  9.32 303 1018.6  12.2 999.0  10.5 99.0 99.00 
2024 03 12 05 20 175  6.4  8.6 99.00 99.00 99.00 999 1018.7  12.2 999.0  10.7 99.0 99.00 
2024 03 12 05 30 183  6.9  8.8 99.00 99.00 99.00 999 1018.5  12.1 999.0  10.9 99.0 99.00 
2024 03 12 05 40 181  7.0  9.2  3.34 14.81  9.63 287 1018.6  12.1 999.0  10.8 99.0 99.00 
2024 03 12 05 50 182  7.3  9.5 99.00 99.00 99.00 999 1018.8  12.1 999.0  10.8 99.0 99.00 
2024 03 12 06 00 182  7.3  9.2 99.00 99.00 99.00 999 1018.9  12.1 999.0  10.7 99.0 99.00 
2024 03 12 06 10 179  7.1  8.9  3.37 13.79  9.58 293 1019.0  12.1 999.0  10.9 99.0 99.00 
2024 03 12 06 20 178  7.1  9.2 99.00 99.00 99.00 999 1019.0  12.1 999.0  11.0 99.0 99.00 
2024 03 12 06 30 176  7.4  9.1 99.00 99.00 99.00 999 1019.0  12.0 999.0  11.0 99.0 99.00 
2024 03 12 06 40 175  7.1  9.1  3.21 12.90  8.72 288 1019.0  12.0 999.0  11.1 99.0 99.00 
2024 03 12 06 50 174  7.5  9.8 99.00 99.00 99.00 999 1018.9  11.8 999.0  11.0 99.0 99.00 
2024 03 12 07 00 170  7.7  9.7 99.00 99.00 99.00 999 1018.7  11.8 999.0  11.1 99.0 99.00 
2024 03 12 07 10 164  7.5  9.3  3.04 13.79  8.40 287 1018.4  11.7 999.0  11.1 99.0 99.00 
2024 03 12 07 20 168  8.2 10.6 99.00 99.00 99.00 999 1018.4  11.7 999.0  11.2 99.0 99.00 
2024 03 12 07 30 166  7.7  9.9 99.00 99.00 99.00 999 1018.4  11.7 999.0  11.2 99.0 99.00 
2024 03 12 07 40 168  7.4 10.1  3.17 14.81  8.80 282 1018.2  11.8 999.0  11.4 99.0 99.00 
2024 03 12 07 50 170  7.7 10.0 99.00 99.00 99.00 999 1018.4  11.9 999.0  11.5 99.0 99.00 
2024 03 12 08 00 170  7.9  9.7 99.00 99.00 99.00 999 1018.4  11.9 999.0  11.5 99.0 99.00 
2024 03 12 08 10 174  8.0 10.4  2.97 14.81  8.33 284 1018.3  11.9 999.0  11.5 99.0 99.00 
2024 03 12 08 20 172  8.1 10.7 99.00 99.00 99.00 999 1018.1  11.9 999.0  11.7 99.0 99.00 
2024 03 12 08 30 172  8.3 10.6 99.00 99.00 99.00 999 1017.9  11.9 999.0  11.7 99.0 99.00 
2024 03 12 08 40 172  8.0 10.7  2.98 13.79  8.16 295 1018.0  12.0 999.0  11.8 99.0 99.00 
2024 03 12 08 50 170  8.6 10.7 99.00 99.00 99.00 999 1017.7  12.0 999.0  11.8 99.0 99.00 
2024 03 12 09 00 176  8.2 11.1 99.00 99.00 99.00 999 1017.9  12.2 999.0  12.0 99.0 99.00 
2024 03 12 09 10 176  8.3 10.1  3.22 13.79  8.13 290 1017.8  12.2 999.0  12.0 99.0 99.00 
2024 03 12 09 20 177  8.2 10.1 99.00 99.00 99.00 999 1017.8  12.2 999.0  12.1 99.0 99.00 
2024 03 12 09 30 179  8.3 10.7 99.00 99.00 99.00 999 1017.6  12.3 999.0  12.2 99.0 99.00 
2024 03 12 09 40 178  8.7 10.7  3.15 13.79  7.75 295 1017.3  12.3 999.0  12.2 99.0 99.00 
2024 03 12 09 50 178  8.7 11.0 99.00 99.00 99.00 999 1017.4  12.3 999.0  12.2 99.0 99.00 
2024 03 12 10 00 180  8.4 10.5 99.00 99.00 99.00 999 1017.4  12.4 999.0  12.3 99.0 99.00 
2024 03 12 10 10 183  7.9 10.0  2.88 12.90  7.37 288 1017.2  12.5 999.0  12.4 99.0 99.00 
2024 03 12 10 20 186  7.9  9.7 99.00 99.00 99.00 999 1017.5  12.5 999.0  12.4 99.0 99.00 
2024 03 12 10 30 192  7.7  9.8 99.00 99.00 99.00 999 1017.3  12.6 999.0  12.5 99.0 99.00 
2024 03 12 10 40 194  7.8 10.6  3.18 13.79  7.74 290 1017.5  12.6 999.0  12.5 99.0 99.00 
2024 03 12 10 50 202  7.4  9.6 99.00 99.00 99.00 999 1017.2  12.6 999.0  12.5 99.0 99.00 
2024 03 12 11 00 204  7.5  9.2 99.00 99.00 99.00 999 1017.2  12.7 999.0  12.6 99.0 99.00 
2024 03 12 11 10 206  7.6 11.3  3.22 13.79  7.95 282 1017.1  12.7 999.0  12.6 99.0 99.00 
2024 03 12 11 20 210  7.2  8.9 99.00 99.00 99.00 999 1017.0  12.7 999.0  12.6 99.0 99.00 
2024 03 12 11 30 213  7.0  8.4 99.00 99.00 99.00 999 1017.0  12.8 999.0  12.7 99.0 99.00 
2024 03 12 11 40 217  6.6  8.7  3.20 10.81  7.87 289 1017.0  12.8 999.0  12.7 99.0 99.00 
2024 03 12 11 50 226  6.4  8.4 99.00 99.00 99.00 999 1017.3  12.9 999.0  12.8 99.0 99.00 
2024 03 12 12 00 249  5.1  7.1 99.00 99.00 99.00 999 1017.5  12.9 999.0  12.8 99.0 99.00 
2024 03 12 12 10 257  4.9  6.4  3.23 12.12  8.00 290 1017.6  12.9 999.0  12.8 99.0 99.00 
2024 03 12 12 20 262  5.2  6.9 99.00 99.00 99.00 999 1017.5  12.9 999.0  12.8 99.0 99.00 
2024 03 12 12 30 271  5.8  8.0 99.00 99.00 99.00 999 1017.4  12.9 999.0  12.8 99.0 99.00 
2024 03 12 12 40 281  6.1  7.6  3.08 12.90  7.89 282 1017.4  12.8 999.0  12.7 99.0 99.00 
2024 03 12 12 50 279  5.7  7.9 99.00 99.00 99.00 999 1017.4  12.7 999.0  12.6 99.0 99.00 
2024 03 12 13 00 284  5.6  7.4 99.00 99.00 99.00 999 1017.5  12.7 999.0  12.6 99.0 99.00 
2024 03 12 13 10 287  6.1  9.1  2.56 13.79  7.67 289 1017.7  12.7 999.0  12.6 99.0 99.00 
2024 03 12 13 20 291  7.7  9.7 99.00 99.00 99.00 999 1018.0  12.6 999.0  12.5 99.0 99.00 
2024 03 12 13 30 292  6.9  9.4 99.00 99.00 99.00 999 1018.0  12.5 999.0  12.4 99.0 99.00 
2024 03 12 13 40 293  6.6  8.5  2.97 14.81  8.39 284 1018.0  12.5 999.0  12.4 99.0 99.00 
2024 03 12 13 50 296  6.4  8.4 99.00 99.00 99.00 999 1018.2  12.5 999.0  12.3 99.0 99.00 
2024 03 12 14 00 296  6.3  8.0 99.00 99.00 99.00 999 1018.5  12.5 999.0  12.3 99.0 99.00 
2024 03 12 14 10 295  6.4  8.4  2.96 13.79  8.62 290 1018.5  12.5 999.0  12.1 99.0 99.00 
2024 03 12 14 20 296  6.2  8.0 99.00 99.00 99.00 999 1018.5  12.4 999.0  12.0 99.0 99.00 
2024 03 12 14 30 295  6.0  7.7 99.00 99.00 99.00 999 1018.7  12.4 999.0  12.0 99.0 99.00 
2024 03 12 14 40 296  6.1  8.0  2.85 13.79  8.13 278 1019.0  12.4 999.0  12.0 99.0 99.00 
2024 03 12 14 50 296  6.4  8.4 99.00 99.00 99.00 999 1019.2  12.4 999.0  12.0 99.0 99.00 
2024 03 12 15 00 300  6.9  8.8 99.00 99.00 99.00 999 1019.3  12.4 999.0  11.9 99.0 99.00 
2024 03 12 15 10 302  6.7  8.8  2.55 11.43  8.10 291 1019.2  12.3 999.0  11.7 99.0 99.00 
2024 03 12 15 20 304  5.9  7.6 99.00 99.00 99.00 999 1019.1  12.4 999.0  11.7 99.0 99.00 
2024 03 12 15 30 303  5.7  7.4 99.00 99.00 99.00 999 1019.6  12.4 999.0  11.7 99.0 99.00 
2024 03 12 15 40 307  5.2  7.1  3.02 13.79  8.45 291 1019.5  12.5 999.0  11.8 99.0 99.00 
2024 03 12 15 50 307  5.4  6.9 99.00 99.00 99.00 999 1019.7  12.5 999.0  11.7 99.0 99.00 
2024 03 12 16 00 307  5.2  6.9 99.00 99.00 99.00 999 1019.5  12.6 999.0  11.8 99.0 99.00 
2024 03 12 16 10 308  4.3  5.9  3.00 11.43  8.54 299 1019.4  12.5 999.0  11.7 99.0 99.00 
2024 03 12 16 20 314  3.9  5.1 99.00 99.00 99.00 999 1019.6  12.6 999.0  11.8 99.0 99.00 
2024 03 12 16 30 310  4.2  6.0 99.00 99.00 99.00 999 1020.1  12.6 999.0  11.8 99.0 99.00 
2024 03 12 16 40 307  4.1  5.5  3.04 13.79  8.59 295 1020.0  12.7 999.0  11.9 99.0 99.00 
2024 03 12 16 50 306  3.8  5.3 99.00 99.00 99.00 999 1020.2  12.7 999.0  11.9 99.0 99.00 
2024 03 12 17 00 304  4.0  5.8 99.00 99.00 99.00 999 1020.5  12.7 999.0  11.9 99.0 99.00 
2024 03 12 17 10 298  4.3  5.8  2.94 10.00  8.27 294 1020.6  12.8 999.0  12.0 99.0 99.00 
2024 03 12 17 20 296  4.0  5.5 99.00 99.00 99.00 999 1020.6  12.8 999.0  12.1 99.0 99.00 
2024 03 12 17 30 294  3.8  5.6 99.00 99.00 99.00 999 1020.9  12.7 999.0  12.0 99.0 99.00 
2024 03 12 17 40 293  4.4  6.4  3.08 13.79  8.76 305 1021.2  12.8 999.0  12.1 99.0 99.00 
2024 03 12 17 50 297  5.2  7.4 99.00 99.00 99.00 999 1021.4  12.8 999.0  12.1 99.0 99.00 
2024 03 12 18 00 296  6.1  8.1 99.00 99.00 99.00 999 1021.7  12.7 999.0  12.0 99.0 99.00 
2024 03 12 18 10 303  6.1  8.1  2.99 13.79  8.79 310 1021.6  12.6 999.0  11.6 99.0 99.00 
2024 03 12 18 20 305  6.0  8.0 99.00 99.00 99.00 999 1021.5  12.6 999.0  11.6 99.0 99.00 
2024 03 12 18 30 307  6.2  8.2 99.00 99.00 99.00 999 1021.5  12.6 999.0  11.5 99.0 99.00 
2024 03 12 18 40 307  6.0  7.8  3.19 13.79  8.91 297 1021.7  12.6 999.0  11.4 99.0 99.00 
2024 03 12 18 50 307  6.0  7.8 99.00 99.00 99.00 999 1021.8  12.7 999.0  11.5 99.0 99.00 
2024 03 12 19 00 306  5.8  7.7 99.00 99.00 99.00 999 1021.8  12.7 999.0  11.4 99.0 99.00 
2024 03 12 19 10 309  5.8  7.8  2.94 13.79  8.59 301 1021.9  12.7 999.0  11.3 99.0 99.00 
2024 03 12 19 20 307  5.8  7.5 99.00 99.00 99.00 999 1022.1  12.7 999.0  11.3 99.0 99.00 
2024 03 12 19 30 309  5.2  7.1 99.00 99.00 99.00 999 1021.9  12.8 999.0  11.4 99.0 99.00 
2024 03 12 19 40 307  5.1  6.8  3.02 13.79  8.98 290 1022.2  12.9 999.0  11.5 99.0 99.00 
2024 03 12 19 50 306  5.0  6.8 99.00 99.00 99.00 999 1022.1  12.8 999.0  11.5 99.0 99.00 
2024 03 12 20 00 302  4.4  5.9 99.00 99.00 99.00 999 1022.0  12.9 999.0  11.6 99.0 99.00 
2024 03 12 20 10 302  4.0  5.5  2.63 12.90  8.34 289 1022.1  12.9 999.0  11.6 99.0 99.00 
2024 03 12 20 20 299  4.3  6.4 99.00 99.00 99.00 999 1022.2  12.9 999.0  11.6 99.0 99.00 
2024 03 12 20 30 288  4.1  6.3 99.00 99.00 99.00 999 1022.0  12.8 999.0  11.6 99.0 99.00 
2024 03 12 20 40 286  3.4  4.9  2.68 13.79  8.58 289 1021.9  12.8 999.0  11.8 99.0 99.00 
2024 03 12 20 50 287  3.3  5.5 99.00 99.00 99.00 999 1021.9  12.8 999.0  11.8 99.0 99.00 
2024 03 12 21 00 296  4.3  5.9 99.00 99.00 99.00 999 1021.9  12.8 999.0  11.5 99.0 99.00 
2024 03 12 21 10 302  5.0  6.6  2.84 12.90  8.84 299 1022.1  12.8 999.0  11.3 99.0 99.00 
2024 03 12 21 20 301  5.1  6.5 99.00 99.00 99.00 999 1022.0  12.8 999.0  11.3 99.0 99.00 
2024 03 12 21 30 299  5.2  6.9 99.00 99.00 99.00 999 1021.9  12.8 999.0  11.4 99.0 99.00 
2024 03 12 21 40 301  5.7  7.2  2.72 10.81  8.55 283 1021.8  12.8 999.0  11.5 99.0 99.00 
2024 03 12 21 50 297  5.8  7.6 99.00 99.00 99.00 999 1021.8  12.8 999.0  11.5 99.0 99.00 
2024 03 12 22 00 297  6.3  8.4 99.00 99.00 99.00 999 1021.8  12.8 999.0  11.5 99.0 99.00 
2024 03 12 22 10 299  6.4  8.3 99.00 99.00 99.00 999 1021.8  12.8 999.0  11.5 99.0 99.00 
2024 03 12 22 20 299  6.3  8.4 99.00 99.00 99.00 999 1021.7  12.8 999.0  11.4 99.0 99.00 
2024 03 12 22 30 300  6.8  9.0 99.00 99.00 99.00 999 1021.8  12.8 999.0  11.3 99.0 99.00 
2024 03 12 22 40 300  6.9  8.7  2.50 12.90  8.17 293 1021.8  12.8 999.0  11.3 99.0 99.00 
2024 03 12 22 50 301  7.0  9.5 99.00 99.00 99.00 999 1021.9  12.8 999.0  11.3 99.0 99.00 
2024 03 12 23 00 300  6.4  8.5 99.00 99.00 99.00 999 1022.0  12.9 999.0  11.5 99.0 99.00 
2024 03 12 23 10 300  7.5  9.1  2.57 12.90  8.17 285 1021.9  12.9 999.0  11.4 99.0 99.00 
2024 03 12 23 20 303  7.1  9.3 99.00 99.00 99.00 999 1022.0  12.9 999.0  11.4 99.0 99.00 
2024 03 12 23 30 304  7.2  9.7 99.00 99.00 99.00 999 1022.1  12.9 999.0  11.4 99.0 99.00 
2024 03 12 23 40 307  8.0  9.8  3.12 12.90  8.83 287 1022.2  12.8 999.0  11.2 99.0 99.00 
2024 03 12 23 50 306  8.2 10.2 99.00 99.00 99.00 999 1022.2  12.8 999.0  11.2 99.0 99.00 
2024 03 13 00 00 307  7.7  9.7 99.00 99.00 99.00 999 1022.3  12.9 999.0  11.4 99.0 99.00 
2024 03 13 00 10 309  7.5  9.7  2.73 11.43  8.12 301 1022.2  12.7 999.0  10.7 99.0 99.00 
2024 03 13 00 20 308  7.5  9.5 99.00 99.00 99.00 999 1022.2  12.8 999.0  10.7 99.0 99.00 
2024 03 13 00 30 308  6.6  8.5 99.00 99.00 99.00 999 1022.1  12.9 999.0  11.0 99.0 99.00 
2024 03 13 00 40 309  6.7  8.9  2.95 12.12  8.41 297 1022.1  12.9 999.0  11.2 99.0 99.00 
2024 03 13 00 50 312  6.7  8.9 99.00 99.00 99.00 999 1022.0  12.9 999.0  11.3 99.0 99.00 
2024 03 13 01 00 312  6.9  9.2 99.00 99.00 99.00 999 1022.0  12.8 999.0  11.2 99.0 99.00 
2024 03 13 01 10 310  6.9  8.7  2.89 16.00  8.52 310 1022.0  12.8 999.0  11.2 99.0 99.00 
2024 03 13 01 20 310  7.3 10.2 99.00 99.00 99.00 999 1021.9  12.7 999.0  11.1 99.0 99.00 
2024 03 13 01 30 311  7.7  9.7 99.00 99.00 99.00 999 1022.0  12.7 999.0  10.9 99.0 99.00 
2024 03 13 01 40 311  8.5 11.2  2.81 10.81  8.12 295 1022.0  12.7 999.0  10.9 99.0 99.00 
2024 03 13 01 50 312  8.0 10.9 99.00 99.00 99.00 999 1022.1  12.7 999.0  11.1 99.0 99.00 
2024 03 13 02 00 309  8.7 10.7 99.00 99.00 99.00 999 1022.1  12.5 999.0  10.9 99.0 99.00 
2024 03 13 02 10 311  8.8 10.9  2.76 12.90  7.78 292 1022.0  12.5 999.0  11.0 99.0 99.00 
2024 03 13 02 20 311  8.7 11.0 99.00 99.00 99.00 999 1022.0  12.5 999.0  11.0 99.0 99.00 
2024 03 13 02 30 312  8.8 11.4 99.00 99.00 99.00 999 1022.0  12.4 999.0  10.6 99.0 99.00 
2024 03 13 02 40 317  9.1 12.0  2.96 10.81  8.22 299 1022.5  12.5 999.0  10.8 99.0 99.00 
2024 03 13 02 50 318  9.5 12.1 99.00 99.00 99.00 999 1022.6  12.4 999.0  10.7 99.0 99.00 
2024 03 13 03 00 320  9.6 12.1 99.00 99.00 99.00 999 1022.9  12.4 999.0  10.6 99.0 99.00 
2024 03 13 03 10 322  9.7 12.1  2.93 17.39  7.69 290 1023.0  12.3 999.0  10.4 99.0 99.00 
2024 03 13 03 20 321  9.4 11.4 99.00 99.00 99.00 999 1022.9  12.3 999.0  10.3 99.0 99.00 
2024 03 13 03 30 322  8.6 11.5 99.00 99.00 99.00 999 1023.0  12.3 999.0  10.4 99.0 99.00 
2024 03 13 03 40 325  9.1 11.2  3.00 10.81  7.60 294 1023.1  12.3 999.0  10.2 99.0 99.00 
2024 03 13 03 50 323  8.9 11.4 99.00 99.00 99.00 999 1023.1  12.3 999.0  10.1 99.0 99.00 
2024 03 13 04 00 323  9.4 11.8 99.00 99.00 99.00 999 1023.2  12.3 999.0  10.1 99.0 99.00 
2024 03 13 04 10 327  9.6 11.8  3.03 10.81  7.77 302 1023.3  12.3 999.0   9.9 99.0 99.00 
2024 03 13 04 20 323  9.6 11.6 99.00 99.00 99.00 999 1023.3  12.3 999.0  10.1 99.0 99.00 
2024 03 13 04 30 326  9.5 11.6 99.00 99.00 99.00 999 1023.4  12.3 999.0  10.0 99.0 99.00 
2024 03 13 04 40 326 10.1 12.9  3.09 11.43  7.87 298 1023.5  12.2 999.0   9.7 99.0 99.00 
2024 03 13 04 50 326  9.9 12.3 99.00 99.00 99.00 999 1023.5  12.2 999.0   9.7 99.0 99.00 
2024 03 13 05 00 324  9.8 12.1 99.00 99.00 99.00 999 1023.5  12.2 999.0   9.9 99.0 99.00 
2024 03 13 05 10 324  9.9 12.3  3.07 10.81  7.79 305 1023.6  12.1 999.0   9.6 99.0 99.00 
2024 03 13 05 20 323 10.1 12.7 99.00 99.00 99.00 999 1023.6  12.1 999.0   9.5 99.0 99.00 
2024 03 13 05 30 320 10.3 12.9 99.00 99.00 99.00 999 1023.7  12.1 999.0   9.3 99.0 99.00 
2024 03 13 05 40 317 10.5 13.9  3.18 11.43  7.80 300 1023.6  12.1 999.0   9.3 99.0 99.00 
2024 03 13 05 50 319 10.6 14.2 99.00 99.00 99.00 999 1023.4  12.1 999.0   9.2 99.0 99.00 
2024 03 13 06 00 318 10.9 13.9 99.00 99.00 99.00 999 1023.4  12.1 999.0   9.1 99.0 99.00 
2024 03 13 06 10 319 10.4 13.2  3.43 12.12  7.95 303 1023.4  12.1 999.0   9.4 99.0 99.00 
2024 03 13 06 20 323 10.3 12.7 99.00 99.00 99.00 999 1023.4  12.0 999.0   9.6 99.0 99.00 
2024 03 13 06 30 321 10.7 13.1 99.00 99.00 99.00 999 1023.4  11.9 999.0   9.2 99.0 99.00 
2024 03 13 06 40 321 10.4 12.9  3.08 12.90  7.22 310 1023.4  11.9 999.0   9.4 99.0 99.00 
2024 03 13 06 50 322 10.3 12.7 99.00 99.00 99.00 999 1023.5  11.9 999.0   9.4 99.0 99.00 
2024 03 13 07 00 321 10.9 13.7 99.00 99.00 99.00 999 1023.5  11.9 999.0   9.2 99.0 99.00 
2024 03 13 07 10 323 10.3 13.3  3.27 10.81  7.68 309 1023.4  11.9 999.0   9.5 99.0 99.00 
2024 03 13 07 20 323 10.8 13.2 99.00 99.00 99.00 999 1023.3  11.8 999.0   9.3 99.0 99.00 
2024 03 13 07 30 325 10.7 13.2 99.00 99.00 99.00 999 1023.2  11.7 999.0   9.2 99.0 99.00 
2024 03 13 07 40 327 10.5 12.7  3.33 14.81  8.02 313 1023.3  11.8 999.0   9.3 99.0 99.00 
2024 03 13 07 50 326 10.3 13.2 99.00 99.00 99.00 999 1023.2  11.8 999.0   9.3 99.0 99.00 
2024 03 13 08 00 327 10.8 13.8 99.00 99.00 99.00 999 1023.3  11.8 999.0   9.2 99.0 99.00 
2024 03 13 08 10 328 10.6 12.8  3.50 13.79  8.03 303 1023.4  11.8 999.0   9.4 99.0 99.00 
2024 03 13 08 20 327 11.0 13.9 99.00 99.00 99.00 999 1023.4  11.7 999.0   9.4 99.0 99.00 
2024 03 13 08 30 326 10.3 13.1 99.00 99.00 99.00 999 1023.3  11.7 999.0   9.4 99.0 99.00 
2024 03 13 08 40 326 10.7 12.9  3.05 11.43  7.47 311 1023.3  11.7 999.0   9.2 99.0 99.00 
2024 03 13 08 50 323 11.0 13.5 99.00 99.00 99.00 999 1023.2  11.8 999.0   9.3 99.0 99.00 
2024 03 13 09 00 326 10.8 13.7 99.00 99.00 99.00 999 1023.4  11.8 999.0   9.4 99.0 99.00 
2024 03 13 09 10 328 10.5 12.8  3.10 13.79  7.59 305 1023.3  11.8 999.0   9.4 99.0 99.00 
2024 03 13 09 20 325 10.8 14.3 99.00 99.00 99.00 999 1023.3  11.7 999.0   9.1 99.0 99.00 
2024 03 13 09 30 328 10.6 13.5 99.00 99.00 99.00 999 1023.3  11.8 999.0   9.1 99.0 99.00 
2024 03 13 09 40 328 11.5 14.2  3.53 12.90  8.31 306 1023.2  11.7 999.0   8.1 99.0 99.00 
2024 03 13 09 50 329 11.8 14.2 99.00 99.00 99.00 999 1023.2  11.7 999.0   8.0 99.0 99.00 
2024 03 13 10 00 325 11.8 14.9 99.00 99.00 99.00 999 1022.9  11.8 999.0   8.2 99.0 99.00 
2024 03 13 10 10 324 12.7 16.5  3.46 12.12  7.68 311 1022.8  11.7 999.0   8.2 99.0 99.00 
2024 03 13 10 20 324 12.2 14.9 99.00 99.00 99.00 999 1022.7  11.6 999.0   8.6 99.0 99.00 
2024 03 13 10 30 322 11.5 14.3 99.00 99.00 99.00 999 1022.7  11.5 999.0   8.9 99.0 99.00 
2024 03 13 10 40 323 12.2 14.8  3.30 13.79  8.02 302 1022.7  11.5 999.0   8.7 99.0 99.00 
2024 03 13 10 50 322 11.6 14.7 99.00 99.00 99.00 999 1022.6  11.5 999.0   8.8 99.0 99.00 
2024 03 13 11 00 323 12.3 15.4 99.00 99.00 99.00 999 1022.6  11.4 999.0   8.2 99.0 99.00 
2024 03 13 11 10 324 12.2 15.7  3.48 13.79  7.83 305 1022.7  11.5 999.0   8.1 99.0 99.00 
2024 03 13 11 20 324 11.5 15.3 99.00 99.00 99.00 999 1022.6  11.6 999.0   8.6 99.0 99.00 
2024 03 13 11 30 326 11.9 14.5 99.00 99.00 99.00 999 1022.5  11.4 999.0   8.5 99.0 99.00 
2024 03 13 11 40 326 11.6 14.3  3.69 16.00  7.96 307 1022.5  11.4 999.0   8.5 99.0 99.00 
2024 03 13 11 50 325 12.0 14.5 99.00 99.00 99.00 999 1022.4  11.2 999.0   8.4 99.0 99.00 
2024 03 13 12 00 326 12.1 14.3 99.00 99.00 99.00 999 1022.5  11.3 999.0   8.5 99.0 99.00 
2024 03 13 12 10 325 12.2 15.6  3.81 13.79  8.01 316 1022.6  11.4 999.0   8.4 99.0 99.00 
2024 03 13 12 20 329 13.0 16.5 99.00 99.00 99.00 999 1022.6  11.3 999.0   8.0 99.0 99.00 
2024 03 13 12 30 328 12.3 15.9 99.00 99.00 99.00 999 1022.5  11.4 999.0   8.1 99.0 99.00 
2024 03 13 12 40 329 13.8 17.1  3.51 12.12  7.31 310 1022.7  11.3 999.0   7.5 99.0 99.00 
2024 03 13 12 50 331 13.3 16.3 99.00 99.00 99.00 999 1022.8  11.2 999.0   7.6 99.0 99.00 
2024 03 13 13 00 329 12.7 16.3 99.00 99.00 99.00 999 1022.9  11.3 999.0   8.1 99.0 99.00 
2024 03 13 13 10 332 13.4 17.2  4.11 13.79  8.16 307 1022.8  11.1 999.0   8.1 99.0 99.00 
2024 03 13 13 20 333 13.3 17.4 99.00 99.00 99.00 999 1022.8  11.2 999.0   8.1 99.0 99.00 
2024 03 13 13 30 334 13.5 17.3 99.00 99.00 99.00 999 1022.8  11.2 999.0   8.1 99.0 99.00 
2024 03 13 13 40 330 13.2 16.7  4.13 14.81  7.97 308 1022.7  11.2 999.0   8.2 99.0 99.00 
2024 03 13 13 50 332 13.3 16.8 99.00 99.00 99.00 999 1022.8  11.2 999.0   8.0 99.0 99.00 
2024 03 13 14 00 331 13.1 17.2 99.00 99.00 99.00 999 1022.8  11.2 999.0   8.1 99.0 99.00 
2024 03 13 14 10 336 13.1 17.1  4.01 14.81  7.80 316 1023.0  11.2 999.0   8.1 99.0 99.00 
2024 03 13 14 20 335 13.8 16.4 99.00 99.00 99.00 999 1023.2  11.1 999.0   7.8 99.0 99.00 
2024 03 13 14 30 336 13.4 16.2 99.00 99.00 99.00 999 1023.3  11.1 999.0   7.9 99.0 99.00 
2024 03 13 14 40 335 13.8 18.1  4.36 14.81  8.30 317 1023.3  11.1 999.0   7.6 99.0 99.00 
2024 03 13 14 50 333 14.3 18.9 99.00 99.00 99.00 999 1023.5  11.1 999.0   7.4 99.0 99.00 
2024 03 13 15 00 332 13.8 17.2 99.00 99.00 99.00 999 1023.6  11.1 999.0   7.5 99.0 99.00 
2024 03 13 15 10 339 12.4 15.2  4.11 13.79  7.97 319 1023.8  11.1 999.0   7.3 99.0 99.00 
2024 03 13 15 20 344 11.1 15.8 99.00 99.00 99.00 999 1023.9  11.0 999.0   6.8 99.0 99.00 
2024 03 13 15 30 348  9.6 12.3 99.00 99.00 99.00 999 1024.0  10.8 999.0   6.8 99.0 99.00 
2024 03 13 15 40 351  9.8 12.3  4.26 13.79  8.43 319 1024.2  10.6 999.0   6.5 99.0 99.00 
2024 03 13 15 50 352  9.6 11.7 99.00 99.00 99.00 999 1024.1  10.6 999.0   6.4 99.0 99.00 
2024 03 13 16 00 351  9.5 12.1 99.00 99.00 99.00 999 1024.3  10.6 999.0   6.3 99.0 99.00 
2024 03 13 16 10 351  9.9 12.2  4.34 14.81  9.02 316 1024.3  10.5 999.0   6.1 99.0 99.00 
2024 03 13 16 20 346  9.8 11.9 99.00 99.00 99.00 999 1024.3  10.5 999.0   6.0 99.0 99.00 
2024 03 13 16 30 331  9.9 12.5 99.00 99.00 99.00 999 1024.2  10.6 999.0   6.2 99.0 99.00 
2024 03 13 16 40 328 10.1 12.6  4.24 13.79  8.95 312 1024.2  10.6 999.0   6.2 99.0 99.00 
2024 03 13 16 50 326 10.5 13.4 99.00 99.00 99.00 999 1024.2  10.6 999.0   6.2 99.0 99.00 
2024 03 13 17 00 324 10.6 13.6 99.00 99.00 99.00 999 1024.2  10.8 999.0   6.4 99.0 99.00 
2024 03 13 17 10 324 10.7 14.1  4.40 14.81  9.33 311 1024.0  10.8 999.0   6.1 99.0 99.00 
2024 03 13 17 20 322 10.0 13.4 99.00 99.00 99.00 999 1024.1  10.8 999.0   6.4 99.0 99.00 
2024 03 13 17 30 325  9.8 13.3 99.00 99.00 99.00 999 1024.2  10.9 999.0   6.2 99.0 99.00 
2024 03 13 17 40 328  9.5 11.7  3.91 13.79  8.75 315 1024.2  11.0 999.0   6.3 99.0 99.00 
2024 03 13 17 50 331 10.1 12.8 99.00 99.00 99.00 999 1024.1  11.1 999.0   6.5 99.0 99.00 
2024 03 13 18 00 330 10.3 13.2 99.00 99.00 99.00 999 1024.2  11.2 999.0   6.5 99.0 99.00 
2024 03 13 18 10 333  9.8 12.5  4.05 14.81  9.14 318 1024.2  11.4 999.0   7.0 99.0 99.00 
2024 03 13 18 20 330 10.8 13.7 99.00 99.00 99.00 999 1024.1  11.4 999.0   7.1 99.0 99.00 
2024 03 13 18 30 325 11.6 13.9 99.00 99.00 99.00 999 1024.1  11.4 999.0   7.0 99.0 99.00 
2024 03 13 18 40 325 11.8 14.8  4.15 13.79  9.05 309 1024.1  11.4 999.0   7.0 99.0 99.00 
2024 03 13 18 50 326 12.0 15.3 99.00 99.00 99.00 999 1024.0  11.5 999.0   7.3 99.0 99.00 
2024 03 13 19 00 330 11.8 14.7 99.00 99.00 99.00 999 1024.0  11.5 999.0   7.2 99.0 99.00 
2024 03 13 19 10 326 11.4 15.1  4.35 13.79  9.12 310 1024.0  11.6 999.0   7.6 99.0 99.00 
2024 03 13 19 20 327 10.7 13.8 99.00 99.00 99.00 999 1024.0  11.7 999.0   8.0 99.0 99.00 
2024 03 13 19 30 324 10.9 13.9 99.00 99.00 99.00 999 1024.0  11.8 999.0   8.0 99.0 99.00 
2024 03 13 19 40 323 10.8 13.3  3.93 13.79  8.32 304 1023.7  11.8 999.0   8.2 99.0 99.00 
2024 03 13 19 50 325 10.7 13.3 99.00 99.00 99.00 999 1023.6  11.8 999.0   8.3 99.0 99.00 
2024 03 13 20 00 324 10.5 13.6 99.00 99.00 99.00 999 1023.5  11.8 999.0   8.5 99.0 99.00 
2024 03 13 20 10 326 11.1 14.7  4.60 13.79  9.06 307 1023.3  11.7 999.0   8.2 99.0 99.00 
2024 03 13 20 20 323 10.9 14.6 99.00 99.00 99.00 999 1023.2  11.8 999.0   8.4 99.0 99.00 
2024 03 13 20 30 323 10.8 13.8 99.00 99.00 99.00 999 1023.0  11.9 999.0   8.7 99.0 99.00 
2024 03 13 20 40 320 11.5 15.1  4.12 14.81  8.82 307 1023.0  11.8 999.0   8.5 99.0 99.00 
2024 03 13 20 50 324 11.8 14.7 99.00 99.00 99.00 999 1023.0  11.9 999.0   8.8 99.0 99.00 
2024 03 13 21 00 323 12.3 16.0 99.00 99.00 99.00 999 1022.8  11.9 999.0   8.7 99.0 99.00 
2024 03 13 21 10 320 12.3 15.9  3.99 14.81  8.50 305 1022.7  11.9 999.0   8.8 99.0 99.00 
2024 03 13 21 20 321 12.2 15.2 99.00 99.00 99.00 999 1022.4  11.9 999.0   8.8 99.0 99.00 
2024 03 13 21 30 320 11.7 15.1 99.00 99.00 99.00 999 1022.3  11.9 999.0   9.0 99.0 99.00 
2024 03 13 21 40 318 11.7 15.0  4.35 14.81  8.68 305 1021.9  11.9 999.0   8.8 99.0 99.00 
2024 03 13 21 50 318 11.8 15.2 99.00 99.00 99.00 999 1021.9  12.0 999.0   9.0 99.0 99.00 
2024 03 13 22 00 321 12.3 16.4 99.00 99.00 99.00 999 1021.7  12.0 999.0   8.9 99.0 99.00 
2024 03 13 22 10 319 11.7 16.0  4.56 13.79  8.69 307 1021.6  12.1 999.0   9.2 99.0 99.00 
2024 03 13 22 20 319 12.9 15.8 99.00 99.00 99.00 999 1021.5  12.0 999.0   8.9 99.0 99.00 
2024 03 13 22 30 320 12.8 15.5 99.00 99.00 99.00 999 1021.4  12.0 999.0   8.7 99.0 99.00 
2024 03 13 22 40 318 12.1 15.2  4.00 13.79  8.32 311 1021.4  12.1 999.0   9.0 99.0 99.00 
2024 03 13 22 50 318 11.7 14.9 99.00 99.00 99.00 999 1021.3  12.2 999.0   9.1 99.0 99.00 
2024 03 13 23 00 317 12.3 15.6 99.00 99.00 99.00 999 1021.1  12.2 999.0   9.1 99.0 99.00 
2024 03 13 23 10 318 13.1 17.9  4.27 14.81  8.37 307 1021.0  12.2 999.0   9.2 99.0 99.00 
2024 03 13 23 20 319 13.6 17.5 99.00 99.00 99.00 999 1021.0  12.2 999.0   9.1 99.0 99.00 
2024 03 13 23 30 319 13.3 17.0 99.00 99.00 99.00 999 1021.0  12.2 999.0   9.2 99.0 99.00 
2024 03 13 23 40 319 13.5 17.5  4.35 14.81  8.38 305 1020.9  12.2 999.0   9.2 99.0 99.00 
2024 03 13 23 50 319 13.5 16.6 99.00 99.00 99.00 999 1020.9  12.3 999.0   9.4 99.0 99.00 
2024 03 14 00 00 319 13.0 16.9 99.00 99.00 99.00 999 1020.8  12.3 999.0   9.5 99.0 99.00 
2024 03 14 00 10 319 12.8 16.0  4.14 14.81  8.02 314 1020.8  12.3 999.0   9.6 99.0 99.00 
2024 03 14 00 20 320 13.8 17.4 99.00 99.00 99.00 999 1020.6  12.3 999.0   9.5 99.0 99.00 
2024 03 14 00 30 318 13.4 17.0 99.00 99.00 99.00 999 1020.5  12.3 999.0   9.6 99.0 99.00 
2024 03 14 00 40 317 13.5 16.9  4.08 13.79  7.62 317 1020.3  12.3 999.0   9.5 99.0 99.00 
2024 03 14 00 50 317 13.8 17.4 99.00 99.00 99.00 999 1020.3  12.3 999.0   9.4 99.0 99.00 
2024 03 14 01 00 317 12.7 17.3 99.00 99.00 99.00 999 1020.4  12.3 999.0   9.6 99.0 99.00 
2024 03 14 01 10 318 13.4 16.8  3.86 14.81  7.48 314 1020.2  12.3 999.0   9.7 99.0 99.00 
2024 03 14 01 20 319 13.4 18.3 99.00 99.00 99.00 999 1020.2  12.3 999.0   9.8 99.0 99.00 
2024 03 14 01 30 318 14.2 17.4 99.00 99.00 99.00 999 1020.0  12.3 999.0   9.7 99.0 99.00 
2024 03 14 01 40 321 14.3 18.3  4.16 13.79  7.62 316 1020.0  12.2 999.0   9.7 99.0 99.00 
2024 03 14 01 50 321 14.3 17.7 99.00 99.00 99.00 999 1020.0  12.2 999.0   9.8 99.0 99.00 
2024 03 14 02 00 320 14.1 17.9 99.00 99.00 99.00 999 1020.1  12.2 999.0   9.9 99.0 99.00 
2024 03 14 02 10 322 12.8 16.7  4.12 13.79  7.68 315 1020.2  12.2 999.0  10.1 99.0 99.00 
2024 03 14 02 20 322 13.4 17.0 99.00 99.00 99.00 999 1020.1  12.2 999.0  10.1 99.0 99.00 
2024 03 14 02 30 323 14.2 16.8 99.00 99.00 99.00 999 1020.1  12.1 999.0  10.0 99.0 99.00 
2024 03 14 02 40 323 13.4 16.7  4.30 10.00  7.62 311 1020.1  12.2 999.0  10.1 99.0 99.00 
2024 03 14 02 50 323 13.2 16.6 99.00 99.00 99.00 999 1020.1  12.2 999.0  10.2 99.0 99.00 
2024 03 14 03 00 323 12.8 16.4 99.00 99.00 99.00 999 1020.0  12.2 999.0  10.3 99.0 99.00 
2024 03 14 03 10 322 12.5 15.3  3.98 13.79  7.46 307 1020.2  12.2 999.0  10.4 99.0 99.00 
2024 03 14 03 20 322 12.6 15.5 99.00 99.00 99.00 999 1020.1  12.2 999.0  10.5 99.0 99.00 
2024 03 14 03 30 322 12.6 15.7 99.00 99.00 99.00 999 1020.1  12.2 999.0  10.5 99.0 99.00 
2024 03 14 03 40 321 12.5 15.9  3.85 12.12  7.43 323 1020.0  12.2 999.0  10.5 99.0 99.00 
2024 03 14 03 50 322 12.4 15.7 99.00 99.00 99.00 999 1020.1  12.2 999.0  10.5 99.0 99.00 
2024 03 14 04 00 323 11.6 15.0 99.00 99.00 99.00 999 1020.2  12.3 999.0  10.6 99.0 99.00 
2024 03 14 04 10 323 10.8 14.2  3.96 14.81  7.51 312 1020.2  12.3 999.0  10.7 99.0 99.00 
2024 03 14 04 20 322 11.3 14.0 99.00 99.00 99.00 999 1020.1  12.2 999.0  10.5 99.0 99.00 
2024 03 14 04 30 322 11.5 14.5 99.00 99.00 99.00 999 1020.0  12.2 999.0  10.5 99.0 99.00 
2024 03 14 04 40 322 10.7 13.7  3.80 12.12  7.72 316 1020.1  12.3 999.0  10.6 99.0 99.00 
2024 03 14 04 50 323 10.5 12.8 99.00 99.00 99.00 999 1020.2  12.3 999.0  10.6 99.0 99.00 
2024 03 14 05 00 322 10.1 12.7 99.00 99.00 99.00 999 1020.1  12.4 999.0  10.7 99.0 99.00 
2024 03 14 05 10 322 10.0 12.7  3.86 14.81  7.90 310 1020.1  12.4 999.0  10.7 99.0 99.00 
2024 03 14 05 20 325  9.7 12.4 99.00 99.00 99.00 999 1020.1  12.4 999.0  10.7 99.0 99.00 
2024 03 14 05 30 325  9.4 11.8 99.00 99.00 99.00 999 1020.2  12.4 999.0  10.7 99.0 99.00 
2024 03 14 05 40 326 10.0 12.1  3.52 13.79  7.70 306 1020.0  12.4 999.0  10.7 99.0 99.00 
2024 03 14 05 50 327  9.8 12.5 99.00 99.00 99.00 999 1020.0  12.4 999.0  10.7 99.0 99.00 
2024 03 14 06 00 326 10.0 12.7 99.00 99.00 99.00 999 1020.0  12.4 999.0  10.6 99.0 99.00 
2024 03 14 06 10 325  9.6 12.3  3.26 14.81  7.87 311 1020.1  12.4 999.0  10.6 99.0 99.00 
2024 03 14 06 20 323  9.4 11.8 99.00 99.00 99.00 999 1020.1  12.4 999.0  10.7 99.0 99.00 
2024 03 14 06 30 325  9.6 12.0 99.00 99.00 99.00 999 1020.1  12.4 999.0  10.8 99.0 99.00 
2024 03 14 06 40 326  9.6 12.0  3.33 13.79  7.74 319 1020.0  12.3 999.0  10.7 99.0 99.00 
2024 03 14 06 50 327  9.4 11.7 99.00 99.00 99.00 999 1020.0  12.4 999.0  10.9 99.0 99.00 
2024 03 14 07 00 328  9.3 11.2 99.00 99.00 99.00 999 1020.0  12.3 999.0  10.8 99.0 99.00 
2024 03 14 07 10 327  8.9 11.8  3.40 13.79  8.06 316 1019.9  12.3 999.0  10.7 99.0 99.00 
2024 03 14 07 20 328  8.6 10.7 99.00 99.00 99.00 999 1019.9  12.4 999.0  10.8 99.0 99.00 
2024 03 14 07 30 326  8.3 10.8 99.00 99.00 99.00 999 1019.9  12.4 999.0  10.8 99.0 99.00 
2024 03 14 07 40 325  8.4 11.1  3.06 13.79  7.70 316 1019.9  12.3 999.0  10.7 99.0 99.00 
2024 03 14 07 50 329  8.2 11.0 99.00 99.00 99.00 999 1020.0  12.3 999.0  10.7 99.0 99.00 
2024 03 14 08 00 330  8.5 10.6 99.00 99.00 99.00 999 1019.9  12.3 999.0  10.7 99.0 99.00 
2024 03 14 08 10 329  8.4 10.9  3.52 13.79  8.46 299 1019.8  12.3 999.0  10.7 99.0 99.00 
2024 03 14 08 20 330  8.6 11.0 99.00 99.00 99.00 999 1019.6  12.3 999.0  10.7 99.0 99.00 
2024 03 14 08 30 328  7.8 10.0 99.00 99.00 99.00 999 1019.5  12.3 999.0  10.8 99.0 99.00 
2024 03 14 08 40 327  7.9 11.0  3.65 13.79  8.70 313 1019.5  12.3 999.0  10.8 99.0 99.00 
2024 03 14 08 50 328  8.5 10.7 99.00 99.00 99.00 999 1019.5  12.3 999.0  10.8 99.0 99.00 
2024 03 14 09 00 328  7.9 10.2 99.00 99.00 99.00 999 1019.5  12.3 999.0  10.9 99.0 99.00 
2024 03 14 09 10 331  8.7 10.7  3.26 13.79  8.10 311 1019.5  12.2 999.0  10.7 99.0 99.00 
2024 03 14 09 20 333  8.6 10.7 99.00 99.00 99.00 999 1019.4  12.2 999.0  10.7 99.0 99.00 
2024 03 14 09 30 336  8.2 10.6 99.00 99.00 99.00 999 1019.4  12.3 999.0  10.8 99.0 99.00 
2024 03 14 09 40 333  8.3 10.5  3.60 12.90  8.51 312 1019.4  12.4 999.0  10.8 99.0 99.00 
2024 03 14 09 50 331  7.9 10.6 99.00 99.00 99.00 999 1019.2  12.4 999.0  10.9 99.0 99.00 
2024 03 14 10 00 333  7.5  9.3 99.00 99.00 99.00 999 1019.3  12.4 999.0  10.8 99.0 99.00 
2024 03 14 10 10 340  6.6  8.6  3.77 13.79  8.59 309 1019.3  12.5 999.0  11.0 99.0 99.00 
2024 03 14 10 20 332  7.2  9.2 99.00 99.00 99.00 999 1019.1  12.5 999.0  10.9 99.0 99.00 
2024 03 14 10 30 335  7.2  9.2 99.00 99.00 99.00 999 1019.1  12.5 999.0  10.9 99.0 99.00 
2024 03 14 10 40 336  6.9  9.4  3.84 13.79  9.20 301 1019.0  12.5 999.0  10.9 99.0 99.00 
2024 03 14 10 50 335  6.9  9.8 99.00 99.00 99.00 999 1019.0  12.5 999.0  10.9 99.0 99.00 
2024 03 14 11 00 331  7.1  9.6 99.00 99.00 99.00 999 1018.9  12.5 999.0  10.9 99.0 99.00 
2024 03 14 11 10 328  7.4  9.6  3.48 12.12  8.41 296 1018.9  12.5 999.0  11.0 99.0 99.00 
2024 03 14 11 20 329  7.2  9.8 99.00 99.00 99.00 999 1018.9  12.5 999.0  11.0 99.0 99.00 
2024 03 14 11 30 324  7.5  9.7 99.00 99.00 99.00 999 1018.8  12.4 999.0  10.9 99.0 99.00 
2024 03 14 11 40 328  7.0  8.9  3.47 11.43  8.77 298 1018.7  12.4 999.0  10.9 99.0 99.00 
2024 03 14 11 50 334  6.2  8.9 99.00 99.00 99.00 999 1018.7  12.4 999.0  10.9 99.0 99.00 
2024 03 14 12 00 335  6.2  8.9 99.00 99.00 99.00 999 1018.5  12.6 999.0  11.0 99.0 99.00 
2024 03 14 12 10 331  7.1  9.4  3.69 12.90  9.47 301 1018.4  12.5 999.0  10.9 99.0 99.00 
2024 03 14 12 20 329  6.6  8.5 99.00 99.00 99.00 999 1018.5  12.5 999.0  10.8 99.0 99.00 
2024 03 14 12 30 329  6.2  8.4 99.00 99.00 99.00 999 1018.5  12.6 999.0  11.0 99.0 99.00 
2024 03 14 12 40 332  6.0  8.2  3.58 12.90  8.96 304 1018.5  12.6 999.0  11.0 99.0 99.00 
2024 03 14 12 50 332  6.4  8.4 99.00 99.00 99.00 999 1018.5  12.6 999.0  11.0 99.0 99.00 
2024 03 14 13 00 330  6.3  8.2 99.00 99.00 99.00 999 1018.6  12.6 999.0  11.0 99.0 99.00 
2024 03 14 13 10 324  6.5  8.5  3.47 12.12  9.03 302 1018.5  12.6 999.0  11.0 99.0 99.00 
2024 03 14 13 20 324  6.3  8.7 99.00 99.00 99.00 999 1018.5  12.6 999.0  10.9 99.0 99.00 
2024 03 14 13 30 326  6.2  8.2 99.00 99.00 99.00 999 1018.6  12.6 999.0  10.9 99.0 99.00 
2024 03 14 13 40 329  6.0  7.7  3.64 12.90  8.96 300 1018.6  12.6 999.0  11.0 99.0 99.00 
2024 03 14 13 50 329  5.3  7.2 99.00 99.00 99.00 999 1018.7  12.5 999.0  11.0 99.0 99.00 
2024 03 14 14 00 329  5.4  7.4 99.00 99.00 99.00 999 1018.8  12.4 999.0  10.9 99.0 99.00 
2024 03 14 14 10 335  5.2  7.6  3.57 12.90  8.92 296 1018.9  12.4 999.0  10.6 99.0 99.00 
2024 03 14 14 20 333  5.2  7.2 99.00 99.00 99.00 999 1018.7  12.5 999.0  10.8 99.0 99.00 
2024 03 14 14 30 332  5.8  7.4 99.00 99.00 99.00 999 1018.7  12.4 999.0  10.8 99.0 99.00 
2024 03 14 14 40 339  5.2  7.0  3.38 12.12  8.69 302 1018.9  12.5 999.0  10.9 99.0 99.00 
2024 03 14 14 50 340  5.5  7.9 99.00 99.00 99.00 999 1018.7  12.5 999.0  11.0 99.0 99.00 
2024 03 14 15 00 341  5.8  7.9 99.00 99.00 99.00 999 1018.6  12.5 999.0  10.9 99.0 99.00 
2024 03 14 15 10 343  5.8  7.4  3.48 11.43  8.83 305 1018.6  12.5 999.0  10.9 99.0 99.00 
2024 03 14 15 20 340  5.8  8.0 99.00 99.00 99.00 999 1018.5  12.6 999.0  11.0 99.0 99.00 
2024 03 14 15 30 336  6.6  8.6 99.00 99.00 99.00 999 1018.3  12.5 999.0  10.8 99.0 99.00 
2024 03 14 15 40 336  6.6  9.1  3.53 12.12  8.99 308 1018.5  12.7 999.0  10.8 99.0 99.00 
2024 03 14 15 50 339  5.4  7.7 99.00 99.00 99.00 999 1018.5  12.8 999.0  10.8 99.0 99.00 
2024 03 14 16 00 338  5.9  7.7 99.00 99.00 99.00 999 1018.6  12.7 999.0  10.9 99.0 99.00 
2024 03 14 16 10 335  5.8  7.7  3.23 12.12  8.47 309 1018.4  12.6 999.0  10.8 99.0 99.00 
2024 03 14 16 20 337  5.6  7.2 99.00 99.00 99.00 999 1018.3  12.6 999.0  11.0 99.0 99.00 
2024 03 14 16 30 357  4.7  6.9 99.00 99.00 99.00 999 1018.6  12.7 999.0  11.2 99.0 99.00 
2024 03 14 16 40  12  2.7  4.7  3.28 12.90  8.59 306 1018.5  12.7 999.0  11.0 99.0 99.00 
2024 03 14 16 50  19  3.1  4.5 99.00 99.00 99.00 999 1018.4  12.7 999.0  10.7 99.0 99.00 
2024 03 14 17 00   5  2.6  4.5 99.00 99.00 99.00 999 1018.4  12.8 999.0  10.9 99.0 99.00 
2024 03 14 17 10  33  1.9  3.6  3.21 12.90  8.58 301 1018.5  13.1 999.0  10.9 99.0 99.00 
2024 03 14 17 20  51  2.2  4.3 99.00 99.00 99.00 999 1018.5  13.4 999.0  10.6 99.0 99.00 
2024 03 14 17 30  45  2.9  5.0 99.00 99.00 99.00 999 1018.3  13.3 999.0   8.7 99.0 99.00 
2024 03 14 17 40  55  5.6  7.9  3.12 10.81  8.88 312 1018.2  14.5 999.0   5.6 99.0 99.00 
2024 03 14 17 50  61  5.5  8.1 99.00 99.00 99.00 999 1018.3  14.8 999.0   6.2 99.0 99.00 
2024 03 14 18 00  62  4.0  6.5 99.00 99.00 99.00 999 1018.4  15.0 999.0   5.0 99.0 99.00 
2024 03 14 18 10  95  1.5  4.3  2.88 12.90  8.58 303 1018.4  16.0 999.0   0.9 99.0 99.00 
2024 03 14 18 20 122  1.1  3.2 99.00 99.00 99.00 999 1018.3  16.0 999.0   3.0 99.0 99.00 
2024 03 14 18 30  62  3.3  7.6 99.00 99.00 99.00 999 1018.2  15.7 999.0   3.5 99.0 99.00 
2024 03 14 18 40  32  5.2  6.9  3.17 17.39  9.19 283 1018.1  16.0 999.0   1.8 99.0 99.00 
2024 03 14 18 50  28  3.9  6.0 99.00 99.00 99.00 999 1018.1  16.0 999.0   3.1 99.0 99.00 
2024 03 14 19 00  32  3.2  4.3 99.00 99.00 99.00 999 1018.2  15.8 999.0   3.9 99.0 99.00 
2024 03 14 19 10  22  4.2  5.6  3.15 14.81  9.01 308 1018.0  15.6 999.0   5.4 99.0 99.00 
2024 03 14 19 20   3  4.5  6.0 99.00 99.00 99.00 999 1017.8  15.1 999.0   6.6 99.0 99.00 
2024 03 14 19 30 353  5.0  6.4 99.00 99.00 99.00 999 1017.6  15.5 999.0   5.8 99.0 99.00 
2024 03 14 19 40 337  5.1  6.7  2.78 16.00  9.00 302 1017.5  15.2 999.0   6.9 99.0 99.00 
2024 03 14 19 50 333  4.8  7.2 99.00 99.00 99.00 999 1017.4  15.6 999.0   5.1 99.0 99.00 
2024 03 14 20 00 334  2.8  6.5 99.00 99.00 99.00 999 1017.6  16.2 999.0   4.1 99.0 99.00 
2024 03 14 20 10 199  1.8  4.5  2.70 10.81  8.65 317 1017.6  16.0 999.0   5.9 99.0 99.00 
2024 03 14 20 20 244  1.7  4.6 99.00 99.00 99.00 999 1017.2  16.6 999.0   2.0 99.0 99.00 
2024 03 14 20 30 313  2.3  5.9 99.00 99.00 99.00 999 1017.0  16.8 999.0   2.3 99.0 99.00 
2024 03 14 20 40 358  3.6  5.9  2.95 12.12  8.84 310 1016.6  16.5 999.0   3.0 99.0 99.00 
2024 03 14 20 50   4  4.7  6.1 99.00 99.00 99.00 999 1016.4  16.1 999.0   4.5 99.0 99.00 
2024 03 14 21 00   9  5.0  6.0 99.00 99.00 99.00 999 1016.2  15.9 999.0   5.6 99.0 99.00 
2024 03 14 21 10   5  4.8  6.2  2.71 13.79  8.83 306 1016.0  15.8 999.0   6.4 99.0 99.00 
2024 03 14 21 20 339  3.7  5.1 99.00 99.00 99.00 999 1015.9  15.3 999.0   7.9 99.0 99.00 
2024 03 14 21 30 307  4.0  6.1 99.00 99.00 99.00 999 1015.9  15.0 999.0   8.6 99.0 99.00 
2024 03 14 21 40 305  4.1  6.1  2.81 14.81  8.77 303 1015.9  15.2 999.0   7.9 99.0 99.00 
2024 03 14 21 50 322  4.3  7.1 99.00 99.00 99.00 999 1015.7  16.0 999.0   5.4 99.0 99.00 
2024 03 14 22 00  14  4.4  8.4 99.00 99.00 99.00 999 1015.5  17.5 999.0   1.5 99.0 99.00 
2024 03 14 22 10  39  5.3  8.0  2.91 11.43  8.77 304 1015.4  16.9 999.0   4.0 99.0 99.00 
2024 03 14 22 20 359  4.3  8.5 99.00 99.00 99.00 999 1015.4  17.3 999.0   4.0 99.0 99.00 
2024 03 14 22 30 282  3.1  6.4 99.00 99.00 99.00 999 1015.5  14.5 999.0  10.1 99.0 99.00 
2024 03 14 22 40 277  3.6  7.4  2.64 13.79  8.65 298 1015.4  14.4 999.0   9.5 99.0 99.00 
2024 03 14 22 50 272  3.6  5.5 99.00 99.00 99.00 999 1015.2  14.8 999.0   9.0 99.0 99.00 
2024 03 14 23 00 312  3.7  6.6 99.00 99.00 99.00 999 1015.1  15.5 999.0   7.1 99.0 99.00 
2024 03 14 23 10 347  4.3  5.8  2.59 12.12  8.39 307 1014.8  15.7 999.0   6.8 99.0 99.00 
2024 03 14 23 20  12  4.0  6.4 99.00 99.00 99.00 999 1014.9  17.1 999.0   3.3 99.0 99.00 
2024 03 14 23 30 297  3.4  7.4 99.00 99.00 99.00 999 1014.9  15.7 999.0   9.1 99.0 99.00 
2024 03 14 23 40 287  4.8  7.2  2.87 16.00  8.75 301 1014.9  14.5 999.0   9.8 99.0 99.00 
2024 03 14 23 50 294  4.9  7.6 99.00 99.00 99.00 999 1014.8  14.4 999.0  10.1 99.0 99.00 
2024 03 15 00 00 305  5.0  7.1 99.00 99.00 99.00 999 1014.8  14.0 999.0  10.6 99.0 99.00 
2024 03 15 00 10 323  4.6  6.1  2.66 16.00  8.48 290 1014.6  13.9 999.0  10.5 99.0 99.00 
2024 03 15 00 20 336  4.2  6.1 99.00 99.00 99.00 999 1014.5  13.9 999.0  10.5 99.0 99.00 
2024 03 15 00 30 334  4.6  6.2 99.00 99.00 99.00 999 1014.4  13.9 999.0  10.0 99.0 99.00 
2024 03 15 00 40 297  4.0  6.1  2.78 16.00  8.70 299 1014.5  14.3 999.0  10.2 99.0 99.00 
2024 03 15 00 50 264  3.9  7.4 99.00 99.00 99.00 999 1014.6  14.4 999.0   9.4 99.0 99.00 
2024 03 15 01 00 282  4.1  6.6 99.00 99.00 99.00 999 1014.5  14.5 999.0  10.6 99.0 99.00 
2024 03 15 01 10 316  6.1  7.9  2.52 13.79  8.32 301 1014.4  13.9 999.0  10.5 99.0 99.00 
2024 03 15 01 20 327  5.6  7.1 99.00 99.00 99.00 999 1014.3  13.9 999.0  10.4 99.0 99.00 
2024 03 15 01 30 329  5.2  6.6 99.00 99.00 99.00 999 1014.3  13.9 999.0  10.1 99.0 99.00 
2024 03 15 01 40 328  5.0  6.4  2.59 16.00  8.97 292 1014.4  14.1 999.0   9.9 99.0 99.00 
2024 03 15 01 50 335  4.6  6.1 99.00 99.00 99.00 999 1014.2  14.2 999.0   9.7 99.0 99.00 
2024 03 15 02 00 342  4.9  6.0 99.00 99.00 99.00 999 1014.1  14.4 999.0   9.3 99.0 99.00 
2024 03 15 02 10 345  5.3  6.3  2.59 12.90  9.11 291 1014.3  14.4 999.0   9.3 99.0 99.00 
2024 03 15 02 20 342  6.2  8.0 99.00 99.00 99.00 999 1014.3  14.5 999.0   8.9 99.0 99.00 
2024 03 15 02 30 346  6.5  9.4 99.00 99.00 99.00 999 1014.2  14.9 999.0   7.6 99.0 99.00 
2024 03 15 02 40 341  5.8  8.4  2.45 12.90  8.92 298 1014.2  15.0 999.0   8.1 99.0 99.00 
2024 03 15 02 50 336  4.7  6.9 99.00 99.00 99.00 999 1014.2  14.5 999.0   9.0 99.0 99.00 
2024 03 15 03 00 333  5.4  7.3 99.00 99.00 99.00 999 1014.2  14.7 999.0   8.8 99.0 99.00 
2024 03 15 03 10 352  5.8  7.8  2.57 14.81  9.01 299 1014.2  14.8 999.0   9.3 99.0 99.00 
2024 03 15 03 20 348  5.9  7.3 99.00 99.00 99.00 999 1014.2  14.6 999.0   9.7 99.0 99.00 
2024 03 15 03 30 343  6.0  7.6 99.00 99.00 99.00 999 1014.3  14.4 999.0   9.9 99.0 99.00 
2024 03 15 03 40 339  6.3  8.1  2.70 14.81  9.45 302 1014.4  14.3 999.0   9.7 99.0 99.00 
2024 03 15 03 50 338  5.8  7.3 99.00 99.00 99.00 999 1014.5  14.4 999.0   9.8 99.0 99.00 
2024 03 15 04 00 334  5.6  7.4 99.00 99.00 99.00 999 1014.6  14.5 999.0   9.4 99.0 99.00 
2024 03 15 04 10 346  5.0  7.0  2.69 14.81  9.19 303 1014.5  14.3 999.0  10.2 99.0 99.00 
2024 03 15 04 20 348  5.3  6.5 99.00 99.00 99.00 999 1014.6  14.1 999.0  10.2 99.0 99.00 
2024 03 15 04 30 346  5.2  6.7 99.00 99.00 99.00 999 1014.6  14.2 999.0  10.2 99.0 99.00 
2024 03 15 04 40 348  4.8  6.3  2.49 16.00  9.27 293 1014.6  14.3 999.0  10.0 99.0 99.00 
2024 03 15 04 50 349  4.6  5.9 99.00 99.00 99.00 999 1014.5  14.4 999.0  10.1 99.0 99.00 
2024 03 15 05 00 342  4.5  5.6 99.00 99.00 99.00 999 1014.6  14.2 999.0  10.4 99.0 99.00 
2024 03 15 05 10 343  4.2  5.3  2.48 16.00  9.03 295 1014.6  14.3 999.0  10.1 99.0 99.00 
2024 03 15 05 20 334  4.2  5.4 99.00 99.00 99.00 999 1014.7  14.7 999.0   9.7 99.0 99.00 
2024 03 15 05 30 333  4.6  6.0 99.00 99.00 99.00 999 1014.6  14.8 999.0   9.6 99.0 99.00 
2024 03 15 05 40 335  4.8  6.1  2.73 12.90  9.53 284 1014.5  15.0 999.0   9.3 99.0 99.00 
2024 03 15 05 50 334  4.0  5.4 99.00 99.00 99.00 999 1014.6  14.7 999.0   9.8 99.0 99.00 
2024 03 15 06 00 335  3.5  4.5 99.00 99.00 99.00 999 1014.6  14.5 999.0  10.0 99.0 99.00 
2024 03 15 06 10 334  3.1  4.4  2.13 12.12  8.90 309 1014.7  14.6 999.0   9.8 99.0 99.00 
2024 03 15 06 20 326  3.7  5.0 99.00 99.00 99.00 999 1014.5  14.5 999.0  10.0 99.0 99.00 
2024 03 15 06 30 331  3.7  5.0 99.00 99.00 99.00 999 1014.5  15.0 999.0   9.2 99.0 99.00 
2024 03 15 06 40 350  3.8  5.8  2.26 16.00  9.26 280 1014.3  15.7 999.0   7.9 99.0 99.00 
2024 03 15 06 50   8  5.5  6.5 99.00 99.00 99.00 999 1014.2  16.5 999.0   6.2 99.0 99.00 
2024 03 15 07 00   8  6.1  7.7 99.00 99.00 99.00 999 1014.2  16.6 999.0   5.9 99.0 99.00 
2024 03 15 07 10   7  5.9  7.4  2.31 13.79  9.27 303 1014.2  17.3 999.0   4.2 99.0 99.00 
2024 03 15 07 20   1  5.2  6.7 99.00 99.00 99.00 999 1014.2  17.1 999.0   5.0 99.0 99.00 
2024 03 15 07 30 344  4.8  6.3 99.00 99.00 99.00 999 1014.1  16.6 999.0   5.7 99.0 99.00 
2024 03 15 07 40 339  4.4  6.1  2.45 14.81  9.39 296 1014.0  16.7 999.0   5.8 99.0 99.00 
2024 03 15 07 50 343  3.3  5.6 99.00 99.00 99.00 999 1014.0  16.7 999.0   5.5 99.0 99.00 
2024 03 15 08 00 332  3.6  5.1 99.00 99.00 99.00 999 1014.0  15.9 999.0   7.3 99.0 99.00 
2024 03 15 08 10 344  4.0  5.3  2.31 12.90  9.49 303 1013.9  16.7 999.0   5.1 99.0 99.00 
2024 03 15 08 20 355  4.3  5.3 99.00 99.00 99.00 999 1013.8  16.7 999.0   5.3 99.0 99.00 
2024 03 15 08 30   9  4.9  6.0 99.00 99.00 99.00 999 1013.8  16.3 999.0   6.6 99.0 99.00 
2024 03 15 08 40  24  5.4  7.6  2.25 12.90  9.31 304 1013.7  17.1 999.0   4.2 99.0 99.00 
2024 03 15 08 50  21  5.7  7.6 99.00 99.00 99.00 999 1013.6  17.6 999.0   3.2 99.0 99.00 
2024 03 15 09 00  19  4.7  6.0 99.00 99.00 99.00 999 1013.6  17.9 999.0   2.5 99.0 99.00 
2024 03 15 09 10  17  4.6  5.5  2.37 12.12  9.30 301 1013.6  17.5 999.0   3.6 99.0 99.00 
2024 03 15 09 20  14  4.5  5.4 99.00 99.00 99.00 999 1013.4  17.9 999.0   1.8 99.0 99.00 
2024 03 15 09 30  22  3.6  6.1 99.00 99.00 99.00 999 1013.2  18.3 999.0   0.4 99.0 99.00 
2024 03 15 09 40  32  2.7  3.9  2.35 12.12  9.27 302 1013.1  18.2 999.0   0.8 99.0 99.00 
2024 03 15 09 50  23  2.2  3.3 99.00 99.00 99.00 999 1013.0  18.2 999.0   0.0 99.0 99.00 
2024 03 15 10 00  21  2.5  3.5 99.00 99.00 99.00 999 1012.9  16.9 999.0   4.6 99.0 99.00 
2024 03 15 10 10 349  1.8  3.3  2.21 10.81  8.81 302 1012.8  15.8 999.0   7.4 99.0 99.00 
2024 03 15 10 20 309  2.5  4.3 99.00 99.00 99.00 999 1012.6  14.7 999.0   8.8 99.0 99.00 
2024 03 15 10 30 312  2.8  4.7 99.00 99.00 99.00 999 1012.5  14.7 999.0   8.7 99.0 99.00 
2024 03 15 10 40 307  2.4  3.7  2.48 12.90  9.51 307 1012.4  14.6 999.0   8.6 99.0 99.00 
2024 03 15 10 50 313  2.2  4.5 99.00 99.00 99.00 999 1012.1  15.4 999.0   6.9 99.0 99.00 
2024 03 15 11 00 327  2.0  3.5 99.00 99.00 99.00 999 1011.9  15.9 999.0   6.2 99.0 99.00 
2024 03 15 11 10 334  1.9  3.2  2.13 14.81  8.84 295 1011.9  15.8 999.0   6.3 99.0 99.00 
2024 03 15 11 20 332  2.7  4.3 99.00 99.00 99.00 999 1011.9  16.4 999.0   4.9 99.0 99.00 
2024 03 15 11 30 294  2.8  4.4 99.00 99.00 99.00 999 1011.7  16.2 999.0   5.2 99.0 99.00 
2024 03 15 11 40 265  2.9  4.4  2.13 12.12  8.62 301 1011.6  15.5 999.0   6.9 99.0 99.00 
2024 03 15 11 50 281  2.5  4.7 99.00 99.00 99.00 999 1011.6  16.5 999.0   4.4 99.0 99.00 
2024 03 15 12 00 344  1.5  3.4 99.00 99.00 99.00 999 1011.6  16.6 999.0   5.3 99.0 99.00 
2024 03 15 12 10  19  2.8  4.6  2.35 10.81  8.68 306 1011.7  16.2 999.0   6.4 99.0 99.00 
2024 03 15 12 20 324  2.4  4.1 99.00 99.00 99.00 999 1011.6  15.7 999.0   7.1 99.0 99.00 
2024 03 15 12 30 311  2.4  4.2 99.00 99.00 99.00 999 1011.5  15.9 999.0   6.2 99.0 99.00 
2024 03 15 12 40 298  2.9  4.4  2.15 13.79  7.54 293 1011.4  15.7 999.0   6.6 99.0 99.00 
2024 03 15 12 50 337  1.8  4.3 99.00 99.00 99.00 999 1011.5  15.6 999.0   7.1 99.0 99.00 
2024 03 15 13 00   8  4.2  7.2 99.00 99.00 99.00 999 1011.4  15.9 999.0   6.2 99.0 99.00 
2024 03 15 13 10  15  4.7  7.7  2.31 12.12  7.75 304 1011.4  15.8 999.0   6.4 99.0 99.00 
2024 03 15 13 20  11  6.6  8.9 99.00 99.00 99.00 999 1011.2  16.1 999.0   5.9 99.0 99.00 
2024 03 15 13 30   6  8.0 10.4 99.00 99.00 99.00 999 1011.1  16.1 999.0   5.6 99.0 99.00 
2024 03 15 13 40   1  7.7  9.8  2.16 12.12  7.47 313 1011.0  15.8 999.0   6.1 99.0 99.00 
2024 03 15 13 50 357  7.5  9.7 99.00 99.00 99.00 999 1011.2  16.1 999.0   5.4 99.0 99.00 
2024 03 15 14 00 349  6.8  8.9 99.00 99.00 99.00 999 1011.1  15.8 999.0   6.1 99.0 99.00 
2024 03 15 14 10 352  6.5  7.8  2.15 10.81  7.78 300 1011.1  15.7 999.0   6.2 99.0 99.00 
2024 03 15 14 20 354  7.1  8.5 99.00 99.00 99.00 999 1011.1  15.9 999.0   5.5 99.0 99.00 
2024 03 15 14 30   3  7.2  8.9 99.00 99.00 99.00 999 1011.0  16.0 999.0   5.3 99.0 99.00 
2024 03 15 14 40   4  8.0  9.8  2.21 11.43  7.83 303 1010.9  16.0 999.0   5.4 99.0 99.00 
2024 03 15 14 50  11  8.7 10.6 99.00 99.00 99.00 999 1010.9  16.2 999.0   4.9 99.0 99.00 
2024 03 15 15 00  13  8.6 10.3 99.00 99.00 99.00 999 1010.9  16.2 999.0   5.0 99.0 99.00 
2024 03 15 15 10  16  8.5 10.3  2.00 13.79  7.34 291 1010.9  15.8 999.0   5.8 99.0 99.00 
2024 03 15 15 20  20  8.6 10.7 99.00 99.00 99.00 999 1010.8  15.8 999.0   5.6 99.0 99.00 
2024 03 15 15 30  24  9.9 12.1 99.00 99.00 99.00 999 1010.5  16.1 999.0   5.0 99.0 99.00 
2024 03 15 15 40  21 10.9 13.6  2.11 12.12  7.18 306 1010.5  16.5 999.0   3.4 99.0 99.00 
2024 03 15 15 50  23 10.2 13.9 99.00 99.00 99.00 999 1010.7  16.6 999.0   3.5 99.0 99.00 
2024 03 15 16 00  25  9.7 13.7 99.00 99.00 99.00 999 1010.7  16.6 999.0   3.2 99.0 99.00 
2024 03 15 16 10  27  9.5 12.3  2.15 10.81  7.56 304 1010.8  17.0 999.0   2.3 99.0 99.00 
2024 03 15 16 20  29 10.5 13.4 99.00 99.00 99.00 999 1010.9  17.1 999.0   2.0 99.0 99.00 
2024 03 15 16 30  34 10.1 13.0 99.00 99.00 99.00 999 1011.1  17.0 999.0   2.6 99.0 99.00 
2024 03 15 16 40  26 10.0 11.8  1.99 12.90  7.41 312 1010.7  16.9 999.0   2.4 99.0 99.00 
2024 03 15 16 50  26  9.7 11.3 99.00 99.00 99.00 999 1010.9  17.1 999.0   1.8 99.0 99.00 
2024 03 15 17 00  20  9.0 11.2 99.00 99.00 99.00 999 1010.7  16.9 999.0   2.8 99.0 99.00 
2024 03 15 17 10  17  9.6 11.8  2.08 10.81  7.75 315 1010.6  17.3 999.0   1.8 99.0 99.00 
2024 03 15 17 20  10  8.9 11.0 99.00 99.00 99.00 999 1010.6  17.1 999.0   2.7 99.0 99.00 
2024 03 15 17 30   3  8.5 10.9 99.00 99.00 99.00 999 1010.5  17.0 999.0   2.9 99.0 99.00 
2024 03 15 17 40   1  7.9  9.4  2.25 19.05  8.75 308 1010.4  16.8 999.0   3.9 99.0 99.00 
2024 03 15 17 50 357  8.6 10.5 99.00 99.00 99.00 999 1010.1  17.0 999.0   3.1 99.0 99.00 
2024 03 15 18 00 353  9.4 12.0 99.00 99.00 99.00 999 1009.9  16.4 999.0   4.5 99.0 99.00 
2024 03 15 18 10 352  9.4 11.7  1.98 10.00  7.59 306 1010.0  16.5 999.0   4.4 99.0 99.00 
2024 03 15 18 20 353  9.0 11.0 99.00 99.00 99.00 999 1009.9  16.5 999.0   4.4 99.0 99.00 
2024 03 15 18 30 356  7.8  9.8 99.00 99.00 99.00 999 1010.2  16.4 999.0   4.8 99.0 99.00 
2024 03 15 18 40 358  5.5  7.0  1.94 19.05  7.66 286 1010.6  16.7 999.0   4.5 99.0 99.00 
2024 03 15 18 50   7  5.3  6.9 99.00 99.00 99.00 999 1010.4  16.6 999.0   5.0 99.0 99.00 
2024 03 15 19 00   4  7.9 10.1 99.00 99.00 99.00 999 1009.9  16.5 999.0   5.2 99.0 99.00 
2024 03 15 19 10 360  7.9 10.0  1.95 19.05  7.86 301 1010.0  16.4 999.0   5.2 99.0 99.00 
2024 03 15 19 20  10  3.5  6.9 99.00 99.00 99.00 999 1010.6  16.6 999.0   5.3 99.0 99.00 
2024 03 15 19 30  16  4.1  5.9 99.00 99.00 99.00 999 1010.1  16.4 999.0   6.1 99.0 99.00 
2024 03 15 19 40   6  6.0  7.6  2.00 19.05  8.56 305 1010.0  16.3 999.0   6.0 99.0 99.00 
2024 03 15 19 50   6  4.0  5.8 99.00 99.00 99.00 999 1010.3  16.2 999.0   6.4 99.0 99.00 
2024 03 15 20 00   6  4.1  4.9 99.00 99.00 99.00 999 1009.9  16.5 999.0   6.0 99.0 99.00 
2024 03 15 20 10 357  5.8  7.7  2.02 13.79  8.55 305 1009.6  16.4 999.0   6.1 99.0 99.00 
2024 03 15 20 20 344  5.6  7.5 99.00 99.00 99.00 999 1009.6  16.5 999.0   6.4 99.0 99.00 
2024 03 15 20 30 349  3.5  5.1 99.00 99.00 99.00 999 1009.5  16.9 999.0   5.5 99.0 99.00 
2024 03 15 20 40 328  3.9  6.3  2.17 19.05  9.11 293 1009.3  17.0 999.0   5.9 99.0 99.00 
2024 03 15 20 50 324  4.9  6.8 99.00 99.00 99.00 999 1009.2  17.0 999.0   6.1 99.0 99.00 
2024 03 15 21 00 338  4.6  7.1 99.00 99.00 99.00 999 1009.2  17.1 999.0   6.2 99.0 99.00 
2024 03 15 21 10 351  4.6  5.8  1.80 12.12  8.21 296 1008.9  15.6 999.0   8.7 99.0 99.00 
2024 03 15 21 20 344  4.5  6.1 99.00 99.00 99.00 999 1009.1  15.3 999.0   9.2 99.0 99.00 
2024 03 15 21 30 299  4.4  5.5 99.00 99.00 99.00 999 1009.4  15.2 999.0   9.6 99.0 99.00 
2024 03 15 21 40 274  4.2  6.0  1.80 19.05  8.19 312 1009.4  14.8 999.0   9.7 99.0 99.00 
2024 03 15 21 50 301  4.5  5.7 99.00 99.00 99.00 999 1009.1  15.1 999.0   8.6 99.0 99.00 
2024 03 15 22 00 324  4.9  6.3 99.00 99.00 99.00 999 1009.0  15.3 999.0   8.3 99.0 99.00 
2024 03 15 22 10 335  4.8  6.0  1.68 19.05  7.86 304 1009.1  15.3 999.0   8.7 99.0 99.00 
2024 03 15 22 20 335  3.8  6.4 99.00 99.00 99.00 999 1009.1  15.6 999.0   8.1 99.0 99.00 
2024 03 15 22 30 311  4.0  5.6 99.00 99.00 99.00 999 1009.2  15.5 999.0   8.4 99.0 99.00 
2024 03 15 22 40 292  4.4  5.8  1.88 19.05  9.16 298 1009.1  15.3 999.0   8.8 99.0 99.00 
2024 03 15 22 50 314  3.7  4.9 99.00 99.00 99.00 999 1008.9  15.0 999.0   9.2 99.0 99.00 
2024 03 15 23 00 316  3.7  4.9 99.00 99.00 99.00 999 1008.8  15.3 999.0   8.5 99.0 99.00 
2024 03 15 23 10 304  3.9  5.4  2.01 19.05  9.66 295 1008.8  15.1 999.0   9.2 99.0 99.00 
2024 03 15 23 20 283  4.6  6.6 99.00 99.00 99.00 999 1008.8  14.9 999.0   9.7 99.0 99.00 
2024 03 15 23 30 278  4.5  5.9 99.00 99.00 99.00 999 1008.7  14.7 999.0  10.2 99.0 99.00 
2024 03 15 23 40 293  4.6  5.8  1.95 19.05  9.63 299 1008.7  14.7 999.0  10.0 99.0 99.00 
2024 03 15 23 50 298  3.7  5.0 99.00 99.00 99.00 999 1008.7  14.8 999.0  10.3 99.0 99.00 
2024 03 16 00 00 308  4.0  5.7 99.00 99.00 99.00 999 1008.7  14.7 999.0   9.7 99.0 99.00 
2024 03 16 00 10 298  4.5  5.9  2.00 17.39  9.88 292 1008.8  14.7 999.0   9.8 99.0 99.00 
2024 03 16 00 20 294  4.0  5.8 99.00 99.00 99.00 999 1008.8  14.5 999.0  10.2 99.0 99.00 
2024 03 16 00 30 293  4.1  5.5 99.00 99.00 99.00 999 1008.7  14.5 999.0  10.1 99.0 99.00 
2024 03 16 00 40 306  4.9  6.1  1.79 19.05  9.37 297 1008.8  14.6 999.0   9.3 99.0 99.00 
2024 03 16 00 50 288  4.6  5.8 99.00 99.00 99.00 999 1008.8  14.6 999.0   9.9 99.0 99.00 
2024 03 16 01 00 297  4.7  6.0 99.00 99.00 99.00 999 1008.9  14.4 999.0  10.4 99.0 99.00 
2024 03 16 01 10 297  4.2  5.5  1.91 17.39  9.27 292 1009.0  14.3 999.0  10.3 99.0 99.00 
2024 03 16 01 20 291  4.6  5.6 99.00 99.00 99.00 999 1009.0  14.3 999.0  10.6 99.0 99.00 
2024 03 16 01 30 298  3.7  5.1 99.00 99.00 99.00 999 1009.3  14.4 999.0  10.9 99.0 99.00 
2024 03 16 01 40 312  3.3  4.5  1.79 10.81  8.63 299 1009.4  14.3 999.0  10.7 99.0 99.00 
2024 03 16 01 50 325  3.3  5.1 99.00 99.00 99.00 999 1009.6  14.1 999.0  10.5 99.0 99.00 
2024 03 16 02 00 314  2.3  3.4 99.00 99.00 99.00 999 1009.7  14.2 999.0  10.5 99.0 99.00 
2024 03 16 02 10 312  2.4  3.9  1.87 17.39  8.84 296 1009.8  14.2 999.0  10.7 99.0 99.00 
2024 03 16 02 20 307  2.2  3.6 99.00 99.00 99.00 999 1010.0  14.1 999.0  10.6 99.0 99.00 
2024 03 16 02 30 279  2.1  3.2 99.00 99.00 99.00 999 1010.0  14.0 999.0  10.8 99.0 99.00 
2024 03 16 02 40 302  2.6  4.5  2.19 17.39  9.82 286 1010.1  13.8 999.0  10.6 99.0 99.00 
2024 03 16 02 50 285  2.2  3.5 99.00 99.00 99.00 999 1010.2  13.8 999.0  10.8 99.0 99.00 
2024 03 16 03 00 301  2.4  3.4 99.00 99.00 99.00 999 1010.4  13.7 999.0  11.0 99.0 99.00 
2024 03 16 03 10 293  2.2  3.7  1.91 17.39  9.49 296 1010.4  13.6 999.0  11.2 99.0 99.00 
2024 03 16 03 20 298  2.4  3.6 99.00 99.00 99.00 999 1010.6  13.5 999.0  11.1 99.0 99.00 
2024 03 16 03 30 295  2.1  3.2 99.00 99.00 99.00 999 1010.6  13.5 999.0  11.2 99.0 99.00 
2024 03 16 03 40 298  2.1  2.9  1.70 17.39  9.20 299 1010.9  13.4 999.0  11.2 99.0 99.00 
2024 03 16 03 50 293  2.3  3.4 99.00 99.00 99.00 999 1011.0  13.4 999.0  11.1 99.0 99.00 
2024 03 16 04 00 300  2.2  3.7 99.00 99.00 99.00 999 1011.1  13.5 999.0  11.1 99.0 99.00 
2024 03 16 04 10 277  1.8  2.9  1.94 17.39  9.55 289 1011.2  13.4 999.0  11.2 99.0 99.00 
2024 03 16 04 20 261  2.1  3.1 99.00 99.00 99.00 999 1011.3  13.3 999.0  11.4 99.0 99.00 
2024 03 16 04 30 290  1.7  2.8 99.00 99.00 99.00 999 1011.3  13.2 999.0  11.4 99.0 99.00 
2024 03 16 04 40 277  1.4  2.6  1.96 17.39 10.05 287 1011.4  13.2 999.0  11.4 99.0 99.00 
2024 03 16 04 50 293  1.4  2.4 99.00 99.00 99.00 999 1011.4  13.2 999.0  11.4 99.0 99.00 
2024 03 16 05 00 273  1.2  2.2 99.00 99.00 99.00 999 1011.5  13.2 999.0  11.4 99.0 99.00 
2024 03 16 05 10 272  1.8  2.9  1.92 17.39  9.63 290 1011.5  13.1 999.0  11.5 99.0 99.00 
2024 03 16 05 20 303  0.6  1.3 99.00 99.00 99.00 999 1011.6  13.1 999.0  11.5 99.0 99.00 
2024 03 16 05 30 245  1.2  2.2 99.00 99.00 99.00 999 1011.6  13.1 999.0  11.5 99.0 99.00 
2024 03 16 05 40 263  0.7  2.4  1.93 17.39  9.52 289 1011.8  13.1 999.0  11.6 99.0 99.00 
2024 03 16 05 50 252  0.9  2.5 99.00 99.00 99.00 999 1011.7  13.0 999.0  11.7 99.0 99.00 
2024 03 16 06 00 259  0.7  2.6 99.00 99.00 99.00 999 1011.7  13.0 999.0  11.7 99.0 99.00 
2024 03 16 06 10 291  0.8  1.8  1.70 17.39  8.99 278 1011.7  12.9 999.0  11.6 99.0 99.00 
2024 03 16 06 20 287  1.3  2.2 99.00 99.00 99.00 999 1011.7  12.9 999.0  11.7 99.0 99.00 
2024 03 16 06 30 304  1.2  2.1 99.00 99.00 99.00 999 1011.6  12.9 999.0  11.8 99.0 99.00 
2024 03 16 06 40 316  1.1  1.9  1.90 17.39  9.49 290 1011.6  12.9 999.0  11.8 99.0 99.00 
2024 03 16 06 50 301  1.5  2.5 99.00 99.00 99.00 999 1011.7  12.8 999.0  11.8 99.0 99.00 
2024 03 16 07 00 312  1.3  2.2 99.00 99.00 99.00 999 1011.8  12.8 999.0  11.8 99.0 99.00 
2024 03 16 07 10 321  1.4  2.5  2.03 17.39 10.39 291 1011.9  12.8 999.0  11.8 99.0 99.00 
2024 03 16 07 20 314  2.1  2.9 99.00 99.00 99.00 999 1011.9  12.8 999.0  11.9 99.0 99.00 
2024 03 16 07 30 311  2.1  3.1 99.00 99.00 99.00 999 1012.0  12.7 999.0  11.9 99.0 99.00 
2024 03 16 07 40 322  1.7  2.5  1.92 17.39 10.06 291 1012.0  12.7 999.0  11.9 99.0 99.00 
2024 03 16 07 50 343  1.7  2.8 99.00 99.00 99.00 999 1012.1  12.7 999.0  11.9 99.0 99.00 
2024 03 16 08 00 312  2.0  2.9 99.00 99.00 99.00 999 1012.2  12.7 999.0  11.9 99.0 99.00 
2024 03 16 08 10 343  1.6  2.4  1.82 17.39  9.56 291 1012.3  12.7 999.0  11.9 99.0 99.00 
2024 03 16 08 20 335  1.6  2.4 99.00 99.00 99.00 999 1012.3  12.6 999.0  11.8 99.0 99.00 
2024 03 16 08 30 315  1.9  2.9 99.00 99.00 99.00 999 1012.4  12.7 999.0  11.9 99.0 99.00 
2024 03 16 08 40 325  1.5  2.7  1.82 17.39  9.50 286 1012.4  12.7 999.0  11.9 99.0 99.00 
2024 03 16 08 50 311  1.8  2.8 99.00 99.00 99.00 999 1012.6  12.7 999.0  11.9 99.0 99.00 
2024 03 16 09 00 298  1.1  2.2 99.00 99.00 99.00 999 1012.6  12.7 999.0  11.9 99.0 99.00 
2024 03 16 09 10 313  1.3  2.3  1.68 17.39  9.04 292 1012.6  12.7 999.0  11.9 99.0 99.00 
2024 03 16 09 20 302  1.3  2.6 99.00 99.00 99.00 999 1012.5  12.7 999.0  12.0 99.0 99.00 
2024 03 16 09 30 318  1.5  2.3 99.00 99.00 99.00 999 1012.6  12.7 999.0  12.0 99.0 99.00 
2024 03 16 09 40 326  1.3  3.0  1.94 16.00 10.20 288 1012.7  12.6 999.0  11.9 99.0 99.00 
2024 03 16 09 50 330  1.5  2.3 99.00 99.00 99.00 999 1012.6  12.6 999.0  11.9 99.0 99.00 
2024 03 16 10 00 333  1.7  2.7 99.00 99.00 99.00 999 1012.6  12.6 999.0  11.9 99.0 99.00 
2024 03 16 10 10 336  1.8  2.8  1.81 16.00  9.47 298 1012.6  12.6 999.0  12.0 99.0 99.00 
2024 03 16 10 20 337  1.9  2.9 99.00 99.00 99.00 999 1012.7  12.5 999.0  12.0 99.0 99.00 
2024 03 16 10 30 331  1.2  1.9 99.00 99.00 99.00 999 1012.7  12.5 999.0  12.0 99.0 99.00 
2024 03 16 10 40 325  1.4  2.3  1.94 16.00  9.84 295 1012.7  12.5 999.0  12.0 99.0 99.00 
2024 03 16 10 50 347  0.9  1.9 99.00 99.00 99.00 999 1012.7  12.5 999.0  12.0 99.0 99.00 
2024 03 16 11 00  17  1.1  1.7 99.00 99.00 99.00 999 1012.8  12.5 999.0  12.0 99.0 99.00 
2024 03 16 11 10  89  2.0  4.9  1.73 17.39  9.29 282 1013.0  12.5 999.0  12.0 99.0 99.00 
2024 03 16 11 20 186  2.0  4.6 99.00 99.00 99.00 999 1013.0  12.5 999.0  12.0 99.0 99.00 
2024 03 16 11 30 171  2.3  3.8 99.00 99.00 99.00 999 1013.0  12.6 999.0  12.1 99.0 99.00 
2024 03 16 11 40 188  1.8  2.8  2.09 16.00 10.65 296 1012.9  12.5 999.0  12.0 99.0 99.00 
2024 03 16 11 50 177  1.9  3.3 99.00 99.00 99.00 999 1013.1  12.5 999.0  12.0 99.0 99.00 
2024 03 16 12 00 167  1.5  2.7 99.00 99.00 99.00 999 1013.2  12.6 999.0  12.1 99.0 99.00 
2024 03 16 12 10 173  1.4  2.5  2.13 16.00 10.60 301 1013.2  12.6 999.0  12.1 99.0 99.00 
2024 03 16 12 20 201  2.3  3.8 99.00 99.00 99.00 999 1013.6  12.6 999.0  12.1 99.0 99.00 
2024 03 16 12 30 204  2.2  3.3 99.00 99.00 99.00 999 1013.7  12.6 999.0  12.2 99.0 99.00 
2024 03 16 12 40 192  1.9  2.7  1.83 17.39 10.07 283 1013.8  12.6 999.0  12.2 99.0 99.00 
2024 03 16 12 50 183  2.0  3.0 99.00 99.00 99.00 999 1013.9  12.6 999.0  12.2 99.0 99.00 
2024 03 16 13 00 184  2.0  2.9 99.00 99.00 99.00 999 1013.9  12.6 999.0  12.2 99.0 99.00 
2024 03 16 13 10 173  1.8  3.1  1.90 17.39 10.10 295 1013.9  12.6 999.0  12.2 99.0 99.00 
2024 03 16 13 20 190  1.8  3.0 99.00 99.00 99.00 999 1013.9  12.6 999.0  12.2 99.0 99.00 
2024 03 16 13 30 173  1.9  3.0 99.00 99.00 99.00 999 1013.9  12.6 999.0  12.2 99.0 99.00 
2024 03 16 13 40 158  1.6  2.6  1.92 16.00  9.97 288 1014.0  12.5 999.0  12.1 99.0 99.00 
2024 03 16 13 50 159  0.8  1.8 99.00 99.00 99.00 999 1014.1  12.5 999.0  12.1 99.0 99.00 
2024 03 16 14 00 138  0.7  2.9 99.00 99.00 99.00 999 1014.1  12.5 999.0  12.1 99.0 99.00 
2024 03 16 14 10 132  0.7  2.0  2.00 16.00 10.36 296 1014.2  12.5 999.0  12.1 99.0 99.00 
2024 03 16 14 20 133  0.7  2.4 99.00 99.00 99.00 999 1014.4  12.4 999.0  12.0 99.0 99.00 
2024 03 16 14 30 106  1.0  2.7 99.00 99.00 99.00 999 1014.7  12.4 999.0  12.0 99.0 99.00 
2024 03 16 14 40  77  0.3  1.9  2.38 16.00 11.40 289 1014.8  12.4 999.0  12.0 99.0 99.00 
2024 03 16 14 50  84  0.7  2.3 99.00 99.00 99.00 999 1015.1  12.5 999.0  12.1 99.0 99.00 
2024 03 16 15 00  60  0.5  1.8 99.00 99.00 99.00 999 1015.1  12.6 999.0  12.2 99.0 99.00 
2024 03 16 15 10  97  0.7  2.3  1.88 16.00 10.21 299 1015.2  12.7 999.0  12.2 99.0 99.00 
2024 03 16 15 20 104  1.7  3.7 99.00 99.00 99.00 999 1015.3  12.7 999.0  12.2 99.0 99.00 
2024 03 16 15 30 100  1.9  4.1 99.00 99.00 99.00 999 1015.4  12.9 999.0  12.4 99.0 99.00 
2024 03 16 15 40 123  3.0  5.1  1.89 16.00 10.23 302 1015.5  12.8 999.0  12.3 99.0 99.00 
2024 03 16 15 50 138  2.6  4.1 99.00 99.00 99.00 999 1015.6  12.8 999.0  12.2 99.0 99.00 
2024 03 16 16 00 146  2.5  4.1 99.00 99.00 99.00 999 1015.6  12.9 999.0  12.2 99.0 99.00 
2024 03 16 16 10 150  2.5  3.6  1.72 14.81  9.77 285 1015.6  13.0 999.0  12.3 99.0 99.00 
2024 03 16 16 20 138  2.3  3.5 99.00 99.00 99.00 999 1015.8  13.0 999.0  12.3 99.0 99.00 
2024 03 16 16 30 149  1.9  3.4 99.00 99.00 99.00 999 1016.0  13.1 999.0  12.4 99.0 99.00 
2024 03 16 16 40 145  1.7  2.8  1.78 16.00 10.26 278 1016.0  13.3 999.0  12.6 99.0 99.00 
2024 03 16 16 50 143  2.0  3.3 99.00 99.00 99.00 999 1016.1  13.3 999.0  12.6 99.0 99.00 
2024 03 16 17 00 152  3.3  4.5 99.00 99.00 99.00 999 1016.1  13.3 999.0  12.6 99.0 99.00 
2024 03 16 17 10 148  4.4  5.9  1.92 16.00 10.67 291 1016.1  13.3 999.0  12.6 99.0 99.00 
2024 03 16 17 20 143  4.7  6.1 99.00 99.00 99.00 999 1016.2  13.3 999.0  12.6 99.0 99.00 
2024 03 16 17 30 144  4.8  6.5 99.00 99.00 99.00 999 1016.2  13.4 999.0  12.7 99.0 99.00 
2024 03 16 17 40 142  4.9  6.7  1.80 16.00  9.58 291 1016.3  13.4 999.0  12.7 99.0 99.00 
2024 03 16 17 50 140  4.7  6.3 99.00 99.00 99.00 999 1016.5  13.4 999.0  12.7 99.0 99.00 
2024 03 16 18 00 143  4.7  6.2 99.00 99.00 99.00 999 1016.6  13.4 999.0  12.7 99.0 99.00 
2024 03 16 18 10 146  4.4  5.7  1.76 16.00  9.36 287 1016.7  13.4 999.0  12.7 99.0 99.00 
2024 03 16 18 20 149  5.3  7.2 99.00 99.00 99.00 999 1016.7  13.4 999.0  12.7 99.0 99.00 
2024 03 16 18 30 149  5.0  6.9 99.00 99.00 99.00 999 1016.7  13.5 999.0  12.8 99.0 99.00 
2024 03 16 18 40 152  5.0  6.6  1.70 16.00  9.09 284 1016.6  13.4 999.0  12.6 99.0 99.00 
2024 03 16 18 50 154  4.9  6.3 99.00 99.00 99.00 999 1016.6  13.4 999.0  12.6 99.0 99.00 
2024 03 16 19 00 155  4.8  7.0 99.00 99.00 99.00 999 1016.7  13.4 999.0  12.5 99.0 99.00 
2024 03 16 19 10 154  4.3  5.8  1.84 16.00  9.94 291 1016.7  13.4 999.0  12.6 99.0 99.00 
2024 03 16 19 20 158  4.5  5.8 99.00 99.00 99.00 999 1016.7  13.5 999.0  12.6 99.0 99.00 
2024 03 16 19 30 150  3.7  4.8 99.00 99.00 99.00 999 1016.6  13.5 999.0  12.7 99.0 99.00 
2024 03 16 19 40 139  3.2  4.7  1.98 16.00 10.34 275 1016.7  13.6 999.0  12.8 99.0 99.00 
2024 03 16 19 50 143  3.5  4.9 99.00 99.00 99.00 999 1016.7  13.5 999.0  12.8 99.0 99.00 
2024 03 16 20 00 149  3.6  4.6 99.00 99.00 99.00 999 1016.7  13.5 999.0  12.8 99.0 99.00 
2024 03 16 20 10 150  3.5  4.9  1.59 14.81  9.47 272 1016.7  13.5 999.0  12.8 99.0 99.00 
2024 03 16 20 20 156  3.3  4.3 99.00 99.00 99.00 999 1016.8  13.5 999.0  12.8 99.0 99.00 
2024 03 16 20 30 159  3.3  4.3 99.00 99.00 99.00 999 1016.8  13.5 999.0  12.8 99.0 99.00 
2024 03 16 20 40 161  3.2  4.5  1.45 16.00  9.16 299 1016.8  13.6 999.0  12.9 99.0 99.00 
2024 03 16 20 50 169  2.9  4.0 99.00 99.00 99.00 999 1016.9  13.6 999.0  12.9 99.0 99.00 
2024 03 16 21 00 172  2.7  3.5 99.00 99.00 99.00 999 1016.9  13.6 999.0  12.9 99.0 99.00 
2024 03 16 21 10 173  2.7  3.4  1.58 14.81  9.84 283 1016.8  13.6 999.0  13.0 99.0 99.00 
2024 03 16 21 20 176  2.6  3.3 99.00 99.00 99.00 999 1016.8  13.6 999.0  12.9 99.0 99.00 
2024 03 16 21 30 182  2.9  3.7 99.00 99.00 99.00 999 1016.8  13.6 999.0  12.9 99.0 99.00 
2024 03 16 21 40 183  3.0  3.9  1.61 14.81  9.74 287 1016.7  13.6 999.0  12.9 99.0 99.00 
2024 03 16 21 50 190  3.3  4.3 99.00 99.00 99.00 999 1016.6  13.6 999.0  12.9 99.0 99.00 
2024 03 16 22 00 188  3.2  3.9 99.00 99.00 99.00 999 1016.5  13.6 999.0  12.8 99.0 99.00 
2024 03 16 22 10 187  2.8  3.6  1.62 16.00  9.99 282 1016.6  13.6 999.0  12.8 99.0 99.00 
2024 03 16 22 20 186  2.5  3.4 99.00 99.00 99.00 999 1016.6  13.7 999.0  12.9 99.0 99.00 
2024 03 16 22 30 188  2.1  3.0 99.00 99.00 99.00 999 1016.7  13.7 999.0  12.9 99.0 99.00 
2024 03 16 22 40 199  2.2  2.9  1.68 16.00 10.38 293 1016.7  13.8 999.0  13.0 99.0 99.00 
2024 03 16 22 50 213  2.3  3.4 99.00 99.00 99.00 999 1016.7  13.8 999.0  13.0 99.0 99.00 
2024 03 16 23 00 219  2.2  2.9 99.00 99.00 99.00 999 1016.7  13.9 999.0  13.1 99.0 99.00 
2024 03 16 23 10 230  2.3  3.5  1.47 17.39 10.06 277 1016.7  13.8 999.0  13.0 99.0 99.00 
2024 03 16 23 20 240  3.2  5.0 99.00 99.00 99.00 999 1016.7  13.6 999.0  12.7 99.0 99.00 
2024 03 16 23 30 244  2.7  4.2 99.00 99.00 99.00 999 1016.7  13.5 999.0  12.4 99.0 99.00 
2024 03 16 23 40 242  2.5  3.6  1.80 14.81 11.02 276 1016.7  13.7 999.0  12.5 99.0 99.00 
2024 03 16 23 50 243  1.8  2.6 99.00 99.00 99.00 999 1016.6  13.8 999.0  12.6 99.0 99.00 
2024 03 17 00 00 263  1.8  2.7 99.00 99.00 99.00 999 1016.6  13.8 999.0  12.6 99.0 99.00 
2024 03 17 00 10 263  1.6  2.3  1.39 16.00  9.59 290 1016.5  13.9 999.0  12.7 99.0 99.00 
2024 03 17 00 20 275  1.2  2.1 99.00 99.00 99.00 999 1016.4  14.0 999.0  12.8 99.0 99.00 
2024 03 17 00 30 275  2.2  3.8 99.00 99.00 99.00 999 1016.6  13.8 999.0  12.7 99.0 99.00 
2024 03 17 00 40 260  3.0  4.6  1.72 14.81 10.59 265 1016.6  13.5 999.0  12.5 99.0 99.00 
2024 03 17 00 50 263  2.4  3.3 99.00 99.00 99.00 999 1016.6  13.7 999.0  12.6 99.0 99.00 
2024 03 17 01 00 280  2.5  4.4 99.00 99.00 99.00 999 1016.6  13.6 999.0  12.6 99.0 99.00 
2024 03 17 01 10 287  4.2  5.5  1.46 14.81  9.28 264 1016.7  13.3 999.0  12.4 99.0 99.00 
2024 03 17 01 20 297  4.7  6.5 99.00 99.00 99.00 999 1016.9  12.9 999.0  12.3 99.0 99.00 
2024 03 17 01 30 301  4.6  6.1 99.00 99.00 99.00 999 1017.0  12.6 999.0  12.2 99.0 99.00 
2024 03 17 01 40 289  4.9  7.0  1.61 16.00  9.90 278 1017.1  12.4 999.0  12.0 99.0 99.00 
2024 03 17 01 50 290  4.6  6.2 99.00 99.00 99.00 999 1017.3  12.0 999.0  11.6 99.0 99.00 
2024 03 17 02 00 297  4.9  6.3 99.00 99.00 99.00 999 1017.4  11.8 999.0  11.4 99.0 99.00 
2024 03 17 02 10 313  4.3  5.9  1.63 14.81  9.98 265 1017.4  11.6 999.0  11.1 99.0 99.00 
2024 03 17 02 20 313  3.9  5.7 99.00 99.00 99.00 999 1017.4  11.7 999.0  11.2 99.0 99.00 
2024 03 17 02 30 316  4.1  5.6 99.00 99.00 99.00 999 1017.5  11.7 999.0  11.2 99.0 99.00 
2024 03 17 02 40 310  4.3  5.8  1.62 14.81  9.72 293 1017.6  11.5 999.0  11.0 99.0 99.00 
2024 03 17 02 50 315  4.2  5.6 99.00 99.00 99.00 999 1017.7  11.4 999.0  10.9 99.0 99.00 
2024 03 17 03 00 314  3.9  5.8 99.00 99.00 99.00 999 1017.8  11.2 999.0  10.7 99.0 99.00 
2024 03 17 03 10 315  3.3  5.0  1.68 16.00  9.83 284 1017.9  11.0 999.0  10.6 99.0 99.00 
2024 03 17 03 20 306  2.9  4.1 99.00 99.00 99.00 999 1018.1  10.9 999.0  10.5 99.0 99.00 
2024 03 17 03 30 296  3.2  4.2 99.00 99.00 99.00 999 1018.1  11.1 999.0  10.7 99.0 99.00 
2024 03 17 03 40 299  3.4  4.3  1.57 16.00  9.76 287 1018.1  11.1 999.0  10.6 99.0 99.00 
2024 03 17 03 50 305  3.5  4.9 99.00 99.00 99.00 999 1018.1  11.1 999.0  10.7 99.0 99.00 
2024 03 17 04 00 304  4.0  5.2 99.00 99.00 99.00 999 1018.1  11.1 999.0  10.7 99.0 99.00 
2024 03 17 04 10 305  4.3  5.4  1.64 17.39 10.33 283 1018.3  11.0 999.0  10.6 99.0 99.00 
2024 03 17 04 20 306  4.3  5.5 99.00 99.00 99.00 999 1018.3  11.1 999.0  10.8 99.0 99.00 
2024 03 17 04 30 305  5.0  6.1 99.00 99.00 99.00 999 1018.3  11.1 999.0  10.9 99.0 99.00 
2024 03 17 04 40 309  5.1  6.5  1.54 16.00  9.92 274 1018.4  11.0 999.0  10.8 99.0 99.00 
2024 03 17 04 50 312  5.1  6.7 99.00 99.00 99.00 999 1018.3  10.6 999.0  10.4 99.0 99.00 
2024 03 17 05 00 314  5.4  6.6 99.00 99.00 99.00 999 1018.3  10.5 999.0  10.4 99.0 99.00 
2024 03 17 05 10 321  4.4  5.8  1.59 17.39  9.97 295 1018.5  10.6 999.0  10.5 99.0 99.00 
2024 03 17 05 20 322  4.1  5.8 99.00 99.00 99.00 999 1018.6  10.5 999.0  10.4 99.0 99.00 
2024 03 17 05 30 324  4.2  5.6 99.00 99.00 99.00 999 1018.7  10.3 999.0  10.2 99.0 99.00 
2024 03 17 05 40 322  4.4  6.4  1.40 16.00  8.79 270 1018.7  10.0 999.0   9.9 99.0 99.00 
2024 03 17 05 50 324  4.0  5.3 99.00 99.00 99.00 999 1018.7  10.0 999.0  10.0 99.0 99.00 
2024 03 17 06 00 316  3.0  4.6 99.00 99.00 99.00 999 1018.8   9.9 999.0   9.9 99.0 99.00 
2024 03 17 06 10 316  2.9  4.3  1.73 16.00  9.94 275 1018.8   9.7 999.0   9.7 99.0 99.00 
2024 03 17 06 20 313  2.7  4.3 99.00 99.00 99.00 999 1018.6   9.8 999.0   9.8 99.0 99.00 
2024 03 17 06 30 310  3.1  4.5 99.00 99.00 99.00 999 1018.6   9.8 999.0   9.8 99.0 99.00 
2024 03 17 06 40 312  3.3  4.8  1.75 14.81 10.35 287 1018.6   9.7 999.0   9.7 99.0 99.00 
2024 03 17 06 50 314  2.9  4.3 99.00 99.00 99.00 999 1018.8   9.7 999.0   9.7 99.0 99.00 
2024 03 17 07 00 308  2.4  4.0 99.00 99.00 99.00 999 1018.9   9.8 999.0   9.8 99.0 99.00 
2024 03 17 07 10 324  2.8  4.0  1.56 16.00  9.43 281 1019.1   9.8 999.0   9.8 99.0 99.00 
2024 03 17 07 20 314  2.4  3.9 99.00 99.00 99.00 999 1019.1   9.9 999.0   9.9 99.0 99.00 
2024 03 17 07 30 314  2.9  4.6 99.00 99.00 99.00 999 1019.0   9.8 999.0   9.8 99.0 99.00 
2024 03 17 07 40 305  3.2  5.4  1.61 14.81  9.57 290 1019.0   9.8 999.0   9.8 99.0 99.00 
2024 03 17 07 50 298  3.5  5.3 99.00 99.00 99.00 999 1019.0   9.9 999.0   9.9 99.0 99.00 
2024 03 17 08 00 290  4.2  6.2 99.00 99.00 99.00 999 1019.0   9.9 999.0   9.9 99.0 99.00 
2024 03 17 08 10 288  4.1  5.8  1.79 14.81 10.03 285 1018.9   9.8 999.0   9.8 99.0 99.00 
2024 03 17 08 20 304  3.8  5.4 99.00 99.00 99.00 999 1019.0   9.8 999.0   9.8 99.0 99.00 
2024 03 17 08 30 312  3.3  4.9 99.00 99.00 99.00 999 1019.1   9.8 999.0   9.8 99.0 99.00 
2024 03 17 08 40 318  3.4  5.6  1.62 14.81  9.44 284 1019.1   9.8 999.0   9.8 99.0 99.00 
2024 03 17 08 50 306  3.9  5.6 99.00 99.00 99.00 999 1019.1   9.8 999.0   9.8 99.0 99.00 
2024 03 17 09 00 322  3.7  5.6 99.00 99.00 99.00 999 1019.2   9.9 999.0   9.9 99.0 99.00 
2024 03 17 09 10 330  3.8  5.3  1.59 14.81  9.68 279 1019.2   9.9 999.0   9.9 99.0 99.00 
2024 03 17 09 20 332  3.8  5.8 99.00 99.00 99.00 999 1019.2  10.0 999.0  10.0 99.0 99.00 
2024 03 17 09 30 333  3.0  4.7 99.00 99.00 99.00 999 1019.1   9.9 999.0   9.9 99.0 99.00 
2024 03 17 09 40 334  2.7  4.1  1.75 16.00  9.74 282 1019.2   9.9 999.0   9.8 99.0 99.00 
2024 03 17 09 50 327  2.4  4.1 99.00 99.00 99.00 999 1019.2  10.0 999.0   9.9 99.0 99.00 
2024 03 17 10 00 320  2.3  3.8 99.00 99.00 99.00 999 1019.2  10.0 999.0   9.9 99.0 99.00 
2024 03 17 10 10 303  1.8  3.4  1.93 16.00 10.68 289 1019.2  10.2 999.0  10.1 99.0 99.00 
2024 03 17 10 20 311  1.3  2.5 99.00 99.00 99.00 999 1019.0  10.5 999.0  10.4 99.0 99.00 
2024 03 17 10 30 315  1.4  2.4 99.00 99.00 99.00 999 1018.9  10.8 999.0  10.7 99.0 99.00 
2024 03 17 10 40 273  1.8  3.0  1.86 14.81 10.19 277 1018.8  10.9 999.0  10.7 99.0 99.00 
2024 03 17 10 50 302  3.3  5.5 99.00 99.00 99.00 999 1018.6  11.2 999.0  11.0 99.0 99.00 
2024 03 17 11 00 303  3.7  4.9 99.00 99.00 99.00 999 1018.6  11.4 999.0  11.0 99.0 99.00 
2024 03 17 11 10 303  4.4  5.4  1.44 16.00  8.72 280 1018.6  11.4 999.0  11.0 99.0 99.00 
2024 03 17 11 20 307  4.5  6.1 99.00 99.00 99.00 999 1018.7  11.4 999.0  10.9 99.0 99.00 
2024 03 17 11 30 308  4.6  6.2 99.00 99.00 99.00 999 1018.7  11.4 999.0  10.9 99.0 99.00 
2024 03 17 11 40 308  5.0  6.9  1.82 13.79 10.12 288 1018.6  11.5 999.0  11.0 99.0 99.00 
2024 03 17 11 50 306  4.5  6.0 99.00 99.00 99.00 999 1018.5  11.6 999.0  11.2 99.0 99.00 
2024 03 17 12 00 316  5.4  6.6 99.00 99.00 99.00 999 1018.5  11.5 999.0  11.0 99.0 99.00 
2024 03 17 12 10 318  5.8  7.3  1.31 14.81  7.98 277 1018.6  11.6 999.0  11.1 99.0 99.00 
2024 03 17 12 20 313  5.9  7.6 99.00 99.00 99.00 999 1018.7  11.6 999.0  11.1 99.0 99.00 
2024 03 17 12 30 308  6.4  8.0 99.00 99.00 99.00 999 1018.7  11.5 999.0  11.0 99.0 99.00 
2024 03 17 12 40 313  6.5  8.7  1.65 14.81  9.02 286 1018.6  11.5 999.0  10.9 99.0 99.00 
2024 03 17 12 50 317  6.6  7.9 99.00 99.00 99.00 999 1018.6  11.5 999.0  11.0 99.0 99.00 
2024 03 17 13 00 318  6.4  8.1 99.00 99.00 99.00 999 1018.7  11.6 999.0  11.1 99.0 99.00 
2024 03 17 13 10 320  6.6  8.4  1.78 14.81  8.40 278 1018.7  11.5 999.0  10.9 99.0 99.00 
2024 03 17 13 20 323  6.9  9.2 99.00 99.00 99.00 999 1018.7  11.5 999.0  10.9 99.0 99.00 
2024 03 17 13 30 324  7.2  8.5 99.00 99.00 99.00 999 1018.6  11.4 999.0  10.8 99.0 99.00 
2024 03 17 13 40 328  7.0  8.6  1.68 14.81  7.61 289 1018.6  11.3 999.0  10.8 99.0 99.00 
2024 03 17 13 50 327  6.9  8.6 99.00 99.00 99.00 999 1018.6  10.6 999.0  10.2 99.0 99.00 
2024 03 17 14 00 330  6.9  8.5 99.00 99.00 99.00 999 1018.6  10.4 999.0  10.0 99.0 99.00 
2024 03 17 14 10 327  6.4  7.9  1.87 14.81  8.15 271 1018.6  10.7 999.0  10.3 99.0 99.00 
2024 03 17 14 20 327  6.4  8.1 99.00 99.00 99.00 999 1018.7  10.9 999.0  10.5 99.0 99.00 
2024 03 17 14 30 328  6.2  7.7 99.00 99.00 99.00 999 1018.9  11.0 999.0  10.5 99.0 99.00 
2024 03 17 14 40 328  6.1  8.0  1.58 13.79  7.04 290 1018.9  11.1 999.0  10.7 99.0 99.00 
2024 03 17 14 50 322  6.2  7.5 99.00 99.00 99.00 999 1018.9  11.2 999.0  10.7 99.0 99.00 
2024 03 17 15 00 317  6.5  7.8 99.00 99.00 99.00 999 1019.0  11.2 999.0  10.7 99.0 99.00 
2024 03 17 15 10 316  6.6  8.1  1.94 14.81  7.91 275 1018.9  11.3 999.0  10.8 99.0 99.00 
2024 03 17 15 20 321  7.0  8.5 99.00 99.00 99.00 999 1018.9  11.3 999.0  10.7 99.0 99.00 
2024 03 17 15 30 324  7.0  8.5 99.00 99.00 99.00 999 1019.0  11.2 999.0  10.5 99.0 99.00 
2024 03 17 15 40 326  7.0  8.5  1.72 16.00  6.88 289 1019.0  11.3 999.0  10.6 99.0 99.00 
2024 03 17 15 50 327  6.8  8.6 99.00 99.00 99.00 999 1019.0  11.3 999.0  10.6 99.0 99.00 
2024 03 17 16 00 329  6.8  8.4 99.00 99.00 99.00 999 1019.0  11.3 999.0  10.5 99.0 99.00 
2024 03 17 16 10 328  6.4  8.2  1.73 14.81  6.91 298 1019.1  11.5 999.0  10.7 99.0 99.00 
2024 03 17 16 20 328  6.8  8.4 99.00 99.00 99.00 999 1019.1  11.4 999.0  10.6 99.0 99.00 
2024 03 17 16 30 333  6.1  7.4 99.00 99.00 99.00 999 1019.1  11.5 999.0  10.7 99.0 99.00 
2024 03 17 16 40 337  6.0  7.1  1.73 13.79  6.93 276 1019.2  11.5 999.0  10.7 99.0 99.00 
2024 03 17 16 50 334  5.8  7.1 99.00 99.00 99.00 999 1019.2  11.5 999.0  10.6 99.0 99.00 
2024 03 17 17 00 334  5.5  6.9 99.00 99.00 99.00 999 1019.2  11.6 999.0  10.6 99.0 99.00 
2024 03 17 17 10 334  5.2  6.5  1.57 13.79  6.55 282 1019.3  11.6 999.0  10.6 99.0 99.00 
2024 03 17 17 20 325  5.1  6.1 99.00 99.00 99.00 999 1019.4  11.6 999.0  10.6 99.0 99.00 
2024 03 17 17 30 321  5.1  6.3 99.00 99.00 99.00 999 1019.4  11.6 999.0  10.6 99.0 99.00 
2024 03 17 17 40 319  5.1  6.3  1.48 14.81  6.60 290 1019.4  11.8 999.0  10.7 99.0 99.00 
2024 03 17 17 50 317  4.9  6.4 99.00 99.00 99.00 999 1019.5  11.8 999.0  10.7 99.0 99.00 
2024 03 17 18 00 315  5.1  6.6 99.00 99.00 99.00 999 1019.6  11.9 999.0  10.8 99.0 99.00 
2024 03 17 18 10 312  5.2  6.8  1.58 13.79  7.38 279 1019.7  12.0 999.0  10.9 99.0 99.00 
2024 03 17 18 20 312  5.5  6.6 99.00 99.00 99.00 999 1019.7  12.0 999.0  10.9 99.0 99.00 
2024 03 17 18 30 308  5.9  7.4 99.00 99.00 99.00 999 1019.7  12.1 999.0  11.0 99.0 99.00 
2024 03 17 18 40 309  6.7  8.1  1.70 14.81  7.71 288 1019.7  12.1 999.0  11.0 99.0 99.00 
2024 03 17 18 50 312  7.2  9.0 99.00 99.00 99.00 999 1019.6  12.0 999.0  10.8 99.0 99.00 
2024 03 17 19 00 317  7.3  8.9 99.00 99.00 99.00 999 1019.6  12.0 999.0  10.8 99.0 99.00 
2024 03 17 19 10 315  7.2  8.6  1.48 14.81  7.05 277 1019.6  12.0 999.0  10.7 99.0 99.00 
2024 03 17 19 20 315  7.3  9.1 99.00 99.00 99.00 999 1019.5  12.1 999.0  10.9 99.0 99.00 
2024 03 17 19 30 318  7.2  8.5 99.00 99.00 99.00 999 1019.5  12.1 999.0  10.9 99.0 99.00 
2024 03 17 19 40 320  7.2  8.7  1.58 14.81  7.11 284 1019.5  12.1 999.0  11.0 99.0 99.00 
2024 03 17 19 50 318  7.2  8.7 99.00 99.00 99.00 999 1019.4  12.1 999.0  11.1 99.0 99.00 
2024 03 17 20 00 319  7.0  8.7 99.00 99.00 99.00 999 1019.4  12.1 999.0  11.1 99.0 99.00 
2024 03 17 20 10 322  7.2  8.7  1.73 13.79  7.32 277 1019.3  12.1 999.0  11.1 99.0 99.00 
2024 03 17 20 20 318  7.2  8.6 99.00 99.00 99.00 999 1019.2  12.2 999.0  11.2 99.0 99.00 
2024 03 17 20 30 317  7.1  8.6 99.00 99.00 99.00 999 1019.2  12.2 999.0  11.2 99.0 99.00 
2024 03 17 20 40 314  7.3  8.6  1.49 13.79  6.67 273 1019.2  12.2 999.0  11.2 99.0 99.00 
2024 03 17 20 50 311  7.3  8.6 99.00 99.00 99.00 999 1019.2  12.3 999.0  11.3 99.0 99.00 
2024 03 17 21 00 311  7.5  9.1 99.00 99.00 99.00 999 1019.2  12.3 999.0  11.3 99.0 99.00 
2024 03 17 21 10 308  7.5  9.0  1.71 13.79  6.95 292 1019.1  12.4 999.0  11.4 99.0 99.00 
2024 03 17 21 20 305  6.9  8.4 99.00 99.00 99.00 999 1019.1  12.4 999.0  11.4 99.0 99.00 
2024 03 17 21 30 304  7.0  8.5 99.00 99.00 99.00 999 1018.9  12.4 999.0  11.6 99.0 99.00 
2024 03 17 21 40 307  7.5  8.8  1.83 14.81  7.05 285 1018.9  12.4 999.0  11.5 99.0 99.00 
2024 03 17 21 50 304  7.8  9.4 99.00 99.00 99.00 999 1018.8  12.4 999.0  11.4 99.0 99.00 
2024 03 17 22 00 303  7.7  9.6 99.00 99.00 99.00 999 1018.8  12.4 999.0  11.5 99.0 99.00 
2024 03 17 22 10 302  7.8  9.8  1.83 13.79  6.79 306 1018.7  12.4 999.0  11.5 99.0 99.00 
2024 03 17 22 20 303  8.1 10.2 99.00 99.00 99.00 999 1018.6  12.4 999.0  11.5 99.0 99.00 
2024 03 17 22 30 302  8.7 10.2 99.00 99.00 99.00 999 1018.6  12.4 999.0  11.6 99.0 99.00 
2024 03 17 22 40 298  8.5 10.6  1.69 13.79  5.84 272 1018.5  12.5 999.0  11.7 99.0 99.00 
2024 03 17 22 50 300  9.3 11.4 99.00 99.00 99.00 999 1018.4  12.4 999.0  11.6 99.0 99.00 
2024 03 17 23 00 299  9.1 10.7 99.00 99.00 99.00 999 1018.4  12.4 999.0  11.6 99.0 99.00 
2024 03 17 23 10 302  9.5 11.7  1.96 13.79  6.67 297 1018.3  12.4 999.0  11.6 99.0 99.00 
2024 03 17 23 20 301  9.6 12.1 99.00 99.00 99.00 999 1018.3  12.3 999.0  11.5 99.0 99.00 
2024 03 17 23 30 303  9.7 11.8 99.00 99.00 99.00 999 1018.2  12.3 999.0  11.5 99.0 99.00 
2024 03 17 23 40 304  9.5 11.7  1.78 13.79  5.69 284 1018.1  12.3 999.0  11.5 99.0 99.00 
2024 03 17 23 50 304  9.2 11.3 99.00 99.00 99.00 999 1018.2  12.4 999.0  11.6 99.0 99.00 
2024 03 18 00 00 306  9.5 12.0 99.00 99.00 99.00 999 1018.1  12.3 999.0  11.5 99.0 99.00 
2024 03 18 00 10 307  9.8 12.5  1.93 13.79  6.07 299 1018.1  12.3 999.0  11.5 99.0 99.00 
2024 03 18 00 20 304  9.8 11.8 99.00 99.00 99.00 999 1018.0  12.3 999.0  11.5 99.0 99.00 
2024 03 18 00 30 306 10.0 12.4 99.00 99.00 99.00 999 1018.0  12.2 999.0  11.4 99.0 99.00 
2024 03 18 00 40 304 10.0 12.6  1.86 12.90  5.75 285 1017.9  12.2 999.0  11.4 99.0 99.00 
2024 03 18 00 50 304 10.0 12.0 99.00 99.00 99.00 999 1017.9  12.2 999.0  11.3 99.0 99.00 
2024 03 18 01 00 304  9.8 12.1 99.00 99.00 99.00 999 1017.9  12.2 999.0  11.4 99.0 99.00 
2024 03 18 01 10 304 10.1 11.9  1.96 13.79  6.05 287 1017.7  12.2 999.0  11.4 99.0 99.00 
2024 03 18 01 20 306 10.1 12.5 99.00 99.00 99.00 999 1017.6  12.2 999.0  11.4 99.0 99.00 
2024 03 18 01 30 305 10.5 12.7 99.00 99.00 99.00 999 1017.7  12.1 999.0  11.2 99.0 99.00 
2024 03 18 01 40 305 10.7 12.6  1.93 14.81  5.75 274 1017.7  12.1 999.0  11.3 99.0 99.00 
2024 03 18 01 50 308 10.3 12.5 99.00 99.00 99.00 999 1017.7  12.1 999.0  11.3 99.0 99.00 
2024 03 18 02 00 305 10.5 12.7 99.00 99.00 99.00 999 1017.8  12.0 999.0  11.2 99.0 99.00 
2024 03 18 02 10 306 10.7 13.0  1.92 13.79  5.67 281 1017.7  12.0 999.0  11.2 99.0 99.00 
2024 03 18 02 20 306 10.7 13.0 99.00 99.00 99.00 999 1017.7  12.0 999.0  11.2 99.0 99.00 
2024 03 18 02 30 304 10.6 12.9 99.00 99.00 99.00 999 1017.7  11.9 999.0  11.1 99.0 99.00 
2024 03 18 02 40 305 10.8 13.7  2.01 14.81  5.50 282 1017.7  11.9 999.0  11.1 99.0 99.00 
2024 03 18 02 50 306 10.8 13.1 99.00 99.00 99.00 999 1017.7  11.9 999.0  11.1 99.0 99.00 
2024 03 18 03 00 308 10.8 13.4 99.00 99.00 99.00 999 1017.7  11.9 999.0  11.0 99.0 99.00 
2024 03 18 03 10 307 11.0 13.8  2.26 13.79  5.96 286 1017.7  11.9 999.0  11.1 99.0 99.00 
2024 03 18 03 20 306 10.8 14.0 99.00 99.00 99.00 999 1017.7  11.9 999.0  11.0 99.0 99.00 
2024 03 18 03 30 305 10.5 13.3 99.00 99.00 99.00 999 1017.8  11.9 999.0  11.0 99.0 99.00 
2024 03 18 03 40 306 10.9 13.0  2.04 12.90  5.47 299 1017.8  11.9 999.0  11.0 99.0 99.00 
2024 03 18 03 50 307 10.7 13.0 99.00 99.00 99.00 999 1017.9  11.9 999.0  10.9 99.0 99.00 
2024 03 18 04 00 999 99.0 99.0 99.00 99.00 99.00 999 1018.0 999.0 999.0 999.0 99.0 99.00 
2024 03 18 04 10 304  9.5 11.8 99.00 99.00 99.00 999 1018.0  12.0 999.0  11.0 99.0 99.00 
2024 03 18 04 20 304  9.5 12.0 99.00 99.00 99.00 999 1018.1  12.0 999.0  11.0 99.0 99.00 
2024 03 18 04 30 304  9.4 11.6 99.00 99.00 99.00 999 1018.2  12.0 999.0  11.0 99.0 99.00 
2024 03 18 04 40 303  9.5 12.2  2.29 13.79  5.82 283 1018.2  11.9 999.0  10.9 99.0 99.00 
2024 03 18 04 50 308  9.1 11.1 99.00 99.00 99.00 999 1018.3  12.0 999.0  11.0 99.0 99.00 
2024 03 18 05 00 309  8.7 11.3 99.00 99.00 99.00 999 1018.5  12.0 999.0  11.0 99.0 99.00 
2024 03 18 05 10 308  8.7 11.0  2.11 12.90  5.71 295 1018.5  12.0 999.0  11.0 99.0 99.00 
2024 03 18 05 20 306  8.7 10.8 99.00 99.00 99.00 999 1018.4  12.0 999.0  11.1 99.0 99.00 
2024 03 18 05 30 307  9.1 11.0 99.00 99.00 99.00 999 1018.5  11.9 999.0  10.9 99.0 99.00 
2024 03 18 05 40 309  8.8 11.1  1.94 12.90  5.77 282 1018.4  12.0 999.0  11.0 99.0 99.00 
2024 03 18 05 50 309  8.8 10.8 99.00 99.00 99.00 999 1018.5  12.0 999.0  11.0 99.0 99.00 
2024 03 18 06 00 308  8.7 10.3 99.00 99.00 99.00 999 1018.5  11.9 999.0  10.9 99.0 99.00 
2024 03 18 06 10 310  8.3 10.4  1.91 13.79  5.61 298 1018.5  12.0 999.0  11.0 99.0 99.00 
2024 03 18 06 20 309  8.4 10.1 99.00 99.00 99.00 999 1018.5  11.9 999.0  10.9 99.0 99.00 
2024 03 18 06 30 310  7.8  9.8 99.00 99.00 99.00 999 1018.6  12.0 999.0  11.1 99.0 99.00 
2024 03 18 06 40 315  7.9  9.9  1.83 12.90  5.80 293 1018.5  11.9 999.0  11.0 99.0 99.00 
2024 03 18 06 50 314  8.0  9.8 99.00 99.00 99.00 999 1018.5  11.9 999.0  11.0 99.0 99.00 
2024 03 18 07 00 311  8.2  9.9 99.00 99.00 99.00 999 1018.4  11.9 999.0  11.0 99.0 99.00 
2024 03 18 07 10 310  8.1 10.0  1.77 13.79  5.68 294 1018.4  11.9 999.0  11.1 99.0 99.00 
2024 03 18 07 20 309  8.4 10.2 99.00 99.00 99.00 999 1018.3  11.9 999.0  11.1 99.0 99.00 
2024 03 18 07 30 306  8.1 10.3 99.00 99.00 99.00 999 1018.3  11.8 999.0  11.0 99.0 99.00 
2024 03 18 07 40 305  8.2  9.5  1.63 13.79  5.48 290 1018.4  11.7 999.0  10.9 99.0 99.00 
2024 03 18 07 50 307  8.4 10.3 99.00 99.00 99.00 999 1018.4  11.7 999.0  10.9 99.0 99.00 
2024 03 18 08 00 306  8.1  9.6 99.00 99.00 99.00 999 1018.5  11.7 999.0  10.9 99.0 99.00 
2024 03 18 08 10 305  7.6  9.7  1.70 12.90  6.08 298 1018.4  11.7 999.0  10.9 99.0 99.00 
2024 03 18 08 20 306  8.0  9.8 99.00 99.00 99.00 999 1018.4  11.7 999.0  10.9 99.0 99.00 
2024 03 18 08 30 308  8.3 10.0 99.00 99.00 99.00 999 1018.5  11.6 999.0  10.8 99.0 99.00 
2024 03 18 08 40 306  7.9  9.8  1.79 13.79  6.38 282 1018.6  11.6 999.0  10.8 99.0 99.00 
2024 03 18 08 50 309  7.6  9.3 99.00 99.00 99.00 999 1018.7  11.6 999.0  10.8 99.0 99.00 
2024 03 18 09 00 307  7.9 10.5 99.00 99.00 99.00 999 1018.7  11.5 999.0  10.7 99.0 99.00 
2024 03 18 09 10 307  8.0 11.0  1.74 13.79  6.15 297 1018.7  11.4 999.0  10.6 99.0 99.00 
2024 03 18 09 20 309  8.0  9.5 99.00 99.00 99.00 999 1018.7  11.4 999.0  10.6 99.0 99.00 
2024 03 18 09 30 310  8.0 10.2 99.00 99.00 99.00 999 1018.6  11.3 999.0  10.5 99.0 99.00 
2024 03 18 09 40 310  8.2 10.3  1.92 13.79  6.73 288 1018.7  11.3 999.0  10.5 99.0 99.00 
2024 03 18 09 50 311  8.0 10.1 99.00 99.00 99.00 999 1018.7  11.3 999.0  10.5 99.0 99.00 
2024 03 18 10 00 316  8.1 10.6 99.00 99.00 99.00 999 1018.7  11.2 999.0  10.4 99.0 99.00 
2024 03 18 10 10 310  8.2 10.0  1.76 13.79  6.31 288 1018.7  11.2 999.0  10.4 99.0 99.00 
2024 03 18 10 20 308  7.6  9.8 99.00 99.00 99.00 999 1018.7  11.2 999.0  10.4 99.0 99.00 
2024 03 18 10 30 310  7.7 10.2 99.00 99.00 99.00 999 1018.8  11.2 999.0  10.4 99.0 99.00 
2024 03 18 10 40 315  7.4  9.6  1.96 13.79  6.94 292 1018.8  11.2 999.0  10.4 99.0 99.00 
2024 03 18 10 50 316  7.2 10.2 99.00 99.00 99.00 999 1018.8  11.1 999.0  10.3 99.0 99.00 
2024 03 18 11 00 318  7.1  9.4 99.00 99.00 99.00 999 1018.6  11.3 999.0  10.5 99.0 99.00 
2024 03 18 11 10 307  7.3  8.7  1.70 13.79  6.36 286 1018.6  11.3 999.0  10.5 99.0 99.00 
2024 03 18 11 20 308  6.9  9.1 99.00 99.00 99.00 999 1018.6  11.2 999.0  10.4 99.0 99.00 
2024 03 18 11 30 319  6.8  9.5 99.00 99.00 99.00 999 1018.7  11.1 999.0  10.3 99.0 99.00 
2024 03 18 11 40 310  6.1  8.5  1.88 12.90  6.89 283 1018.8  11.2 999.0  10.4 99.0 99.00 
2024 03 18 11 50 315  6.2  8.2 99.00 99.00 99.00 999 1018.8  11.1 999.0  10.3 99.0 99.00 
2024 03 18 12 00 306  6.1  8.1 99.00 99.00 99.00 999 1018.7  11.1 999.0  10.3 99.0 99.00 
2024 03 18 12 10 300  5.9  8.5  1.87 13.79  6.97 287 1018.6  11.1 999.0  10.4 99.0 99.00 
2024 03 18 12 20 303  6.0  8.1 99.00 99.00 99.00 999 1018.6  11.2 999.0  10.5 99.0 99.00 
2024 03 18 12 30 309  5.5  7.4 99.00 99.00 99.00 999 1018.6  11.2 999.0  10.5 99.0 99.00 
2024 03 18 12 40 306  5.5  7.1  1.69 13.79  6.79 287 1018.8  11.1 999.0  10.4 99.0 99.00 
2024 03 18 12 50 328  5.2  7.2 99.00 99.00 99.00 999 1018.9  11.1 999.0  10.4 99.0 99.00 
2024 03 18 13 00 318  4.6  6.3 99.00 99.00 99.00 999 1019.1  11.0 999.0  10.3 99.0 99.00 
2024 03 18 13 10 315  4.1  5.9  1.94 13.79  7.79 287 1019.0  10.9 999.0  10.2 99.0 99.00 
2024 03 18 13 20 305  3.5  5.6 99.00 99.00 99.00 999 1019.1  11.1 999.0  10.4 99.0 99.00 
2024 03 18 13 30 297  3.9  5.7 99.00 99.00 99.00 999 1019.1  11.2 999.0  10.5 99.0 99.00 
2024 03 18 13 40 300  3.2  6.4  1.59 12.12  7.19 304 1019.1  11.2 999.0  10.5 99.0 99.00 
2024 03 18 13 50 293  3.8  6.3 99.00 99.00 99.00 999 1019.1  11.1 999.0  10.4 99.0 99.00 
2024 03 18 14 00 299  3.6  5.7 99.00 99.00 99.00 999 1019.1  11.3 999.0  10.6 99.0 99.00 
2024 03 18 14 10 305  3.1  5.3  1.69 12.90  7.43 286 1019.2  11.1 999.0  10.4 99.0 99.00 
2024 03 18 14 20 308  3.2  5.6 99.00 99.00 99.00 999 1019.3  11.2 999.0  10.5 99.0 99.00 
2024 03 18 14 30 297  3.2  5.0 99.00 99.00 99.00 999 1019.4  11.2 999.0  10.5 99.0 99.00 
2024 03 18 14 40 316  2.5  4.6  1.57 12.12  7.23 296 1019.5  11.2 999.0  10.5 99.0 99.00 
2024 03 18 14 50 335  2.8  4.3 99.00 99.00 99.00 999 1019.6  11.2 999.0  10.5 99.0 99.00 
2024 03 18 15 00 324  2.6  4.5 99.00 99.00 99.00 999 1019.7  11.2 999.0  10.5 99.0 99.00 
2024 03 18 15 10 338  1.8  3.2  1.61 12.90  7.66 289 1019.8  11.2 999.0  10.5 99.0 99.00 
2024 03 18 15 20 316  2.6  4.5 99.00 99.00 99.00 999 1019.9  11.2 999.0  10.5 99.0 99.00 
2024 03 18 15 30 352  1.3  2.6 99.00 99.00 99.00 999 1020.0  11.2 999.0  10.5 99.0 99.00 
2024 03 18 15 40 338  0.5  1.4  1.70 12.90  7.88 281 1020.1  11.3 999.0  10.6 99.0 99.00 
2024 03 18 15 50 264  0.2  1.4 99.00 99.00 99.00 999 1020.2  11.4 999.0  10.7 99.0 99.00 
2024 03 18 16 00 268  0.8  1.8 99.00 99.00 99.00 999 1020.3  11.5 999.0  10.8 99.0 99.00 
2024 03 18 16 10 288  0.7  2.0  1.70 12.90  8.07 289 1020.3  11.5 999.0  10.8 99.0 99.00 
2024 03 18 16 20 242  0.6  1.9 99.00 99.00 99.00 999 1020.5  11.6 999.0  10.9 99.0 99.00 
2024 03 18 16 30 241  0.6  2.1 99.00 99.00 99.00 999 1020.5  11.7 999.0  11.0 99.0 99.00 
2024 03 18 16 40 281  2.0  3.9  1.55 11.43  7.51 279 1020.5  11.6 999.0  10.9 99.0 99.00 
2024 03 18 16 50 291  2.0  3.3 99.00 99.00 99.00 999 1020.6  11.6 999.0  10.9 99.0 99.00 
2024 03 18 17 00 277  2.2  3.6 99.00 99.00 99.00 999 1020.6  11.6 999.0  10.9 99.0 99.00 
2024 03 18 17 10 285  1.7  2.7  1.50 12.90  7.66 285 1020.6  11.6 999.0  10.9 99.0 99.00 
2024 03 18 17 20 296  1.7  3.4 99.00 99.00 99.00 999 1020.6  11.6 999.0  10.9 99.0 99.00 
2024 03 18 17 30 292  1.9  3.0 99.00 99.00 99.00 999 1020.6  11.6 999.0  10.8 99.0 99.00 
2024 03 18 17 40 289  2.4  3.4  1.63 12.90  7.62 283 1020.6  11.6 999.0  10.8 99.0 99.00 
2024 03 18 17 50 294  2.0  3.0 99.00 99.00 99.00 999 1020.7  11.7 999.0  10.9 99.0 99.00 
2024 03 18 18 00 296  2.4  3.5 99.00 99.00 99.00 999 1020.6  11.7 999.0  10.8 99.0 99.00 
2024 03 18 18 10 294  2.8  4.5 99.00 99.00 99.00 999 1020.6  11.6 999.0  10.8 99.0 99.00 
2024 03 18 18 30 282  2.5  4.0 99.00 99.00 99.00 999 1020.8  11.7 999.0  10.8 99.0 99.00 
2024 03 18 18 40 280  2.2  3.2  1.49 12.90  7.33 283 1020.7  11.6 999.0  10.7 99.0 99.00 
2024 03 18 18 50 280  2.2  3.4 99.00 99.00 99.00 999 1020.6  11.8 999.0  10.8 99.0 99.00 
2024 03 18 19 00 271  2.3  3.5 99.00 99.00 99.00 999 1020.6  11.8 999.0  10.7 99.0 99.00 
2024 03 18 19 10 262  2.3  3.5  1.71 12.12  8.23 290 1020.6  11.8 999.0  10.7 99.0 99.00 
2024 03 18 19 20 267  2.1  3.8 99.00 99.00 99.00 999 1020.5  11.8 999.0  10.6 99.0 99.00 
2024 03 18 19 30 277  2.0  3.5 99.00 99.00 99.00 999 1020.5  11.8 999.0  10.6 99.0 99.00 
2024 03 18 19 40 280  2.3  3.7  1.61 12.90  8.44 285 1020.4  11.8 999.0  10.6 99.0 99.00 
2024 03 18 19 50 276  3.0  4.5 99.00 99.00 99.00 999 1020.4  11.9 999.0  10.9 99.0 99.00 
2024 03 18 20 10 294  3.1  4.4  1.40 12.12  7.53 270 1020.2  11.9 999.0  10.8 99.0 99.00 
2024 03 18 20 20 316  3.2  4.4 99.00 99.00 99.00 999 1020.2  11.9 999.0  10.8 99.0 99.00 
2024 03 18 20 30 325  3.1  4.6 99.00 99.00 99.00 999 1020.1  11.9 999.0  10.8 99.0 99.00 
2024 03 18 20 40 321  3.8  5.0  1.51 12.12  8.30 291 1020.0  11.7 999.0  10.6 99.0 99.00 
2024 03 18 20 50 324  3.6  5.0 99.00 99.00 99.00 999 1020.0  11.8 999.0  10.7 99.0 99.00 
2024 03 18 21 00 320  4.5  5.4 99.00 99.00 99.00 999 1020.0  11.8 999.0  10.7 99.0 99.00 
2024 03 18 21 10 316  3.9  5.3  1.39 12.12  8.11 290 1019.9  11.6 999.0  10.5 99.0 99.00 
2024 03 18 21 20 326  4.5  6.5 99.00 99.00 99.00 999 1019.7  11.8 999.0  10.8 99.0 99.00 
2024 03 18 21 30 316  5.1  6.5 99.00 99.00 99.00 999 1019.6  11.6 999.0  10.8 99.0 99.00 
2024 03 18 21 40 315  5.1  6.3  1.65 12.12  8.55 286 1019.5  11.4 999.0  10.6 99.0 99.00 
2024 03 18 21 50 313  5.0  6.8 99.00 99.00 99.00 999 1019.4  11.3 999.0  10.4 99.0 99.00 
2024 03 18 22 00 320  4.9  6.6 99.00 99.00 99.00 999 1019.4  11.2 999.0  10.3 99.0 99.00 
2024 03 18 22 10 306  5.2  6.3  1.50 12.12  8.37 284 1019.3  11.0 999.0  10.2 99.0 99.00 
2024 03 18 22 20 313  5.0  6.7 99.00 99.00 99.00 999 1019.3  11.0 999.0  10.1 99.0 99.00 
2024 03 18 22 30 316  5.3  7.5 99.00 99.00 99.00 999 1019.2  10.9 999.0  10.1 99.0 99.00 
2024 03 18 22 40 309  5.4  7.1  1.73 12.90  9.00 301 1019.1  11.2 999.0  10.4 99.0 99.00 
2024 03 18 22 50 311  5.5  6.9 99.00 99.00 99.00 999 1019.1  11.1 999.0  10.3 99.0 99.00 
2024 03 18 23 00 316  5.8  7.2 99.00 99.00 99.00 999 1019.1  11.3 999.0  10.5 99.0 99.00 
2024 03 18 23 10 312  5.5  7.0  1.59 12.12  8.54 302 1019.0  11.3 999.0  10.4 99.0 99.00 
2024 03 18 23 20 314  5.9  7.8 99.00 99.00 99.00 999 1018.9  11.3 999.0  10.5 99.0 99.00 
2024 03 18 23 30 313  5.7  7.2 99.00 99.00 99.00 999 1018.9  11.5 999.0  10.7 99.0 99.00 
2024 03 18 23 40 313  5.8  7.0  1.47 12.12  8.16 298 1018.7  11.6 999.0  10.7 99.0 99.00 
2024 03 18 23 50 321  6.0  8.0 99.00 99.00 99.00 999 1018.6  11.6 999.0  10.7 99.0 99.00 
2024 03 19 00 00 314  6.2  7.6 99.00 99.00 99.00 999 1018.6  11.6 999.0  10.7 99.0 99.00 
2024 03 19 00 10 315  5.6  7.0 99.00 99.00 99.00 999 1018.5  11.7 999.0  10.8 99.0 99.00 
2024 03 19 00 20 312  6.0  7.6 99.00 99.00 99.00 999 1018.4  11.7 999.0  10.8 99.0 99.00 
2024 03 19 00 30 999 99.0 99.0 99.00 99.00 99.00 999 1018.3 999.0 999.0 999.0 99.0 99.00 
2024 03 19 00 40 316  6.3  7.7 99.00 99.00 99.00 999 1018.3  11.7 999.0  10.9 99.0 99.00 
2024 03 19 00 50 314  6.3  8.0 99.00 99.00 99.00 999 1018.1  11.7 999.0  10.9 99.0 99.00 
2024 03 19 01 00 312  6.7  8.9 99.00 99.00 99.00 999 1018.0  11.7 999.0  10.9 99.0 99.00 
2024 03 19 01 10 314  6.6  8.5  1.57 17.39  7.79 293 1018.0  11.7 999.0  10.9 99.0 99.00 
2024 03 19 01 20 312  6.9  8.7 99.00 99.00 99.00 999 1017.8  11.7 999.0  10.9 99.0 99.00 
2024 03 19 01 30 315  7.2  8.6 99.00 99.00 99.00 999 1017.8  11.6 999.0  10.8 99.0 99.00 
2024 03 19 01 40 307  6.8  8.3  1.63 12.12  7.65 293 1017.8  11.6 999.0  10.8 99.0 99.00 
2024 03 19 01 50 304  7.0  8.6 99.00 99.00 99.00 999 1017.8  11.7 999.0  11.0 99.0 99.00 
2024 03 19 02 00 313  7.0  8.3 99.00 99.00 99.00 999 1017.9  11.6 999.0  10.9 99.0 99.00 
2024 03 19 02 10 304  7.0  8.7  1.56 12.12  7.64 298 1017.8  11.6 999.0  10.9 99.0 99.00 
2024 03 19 02 20 310  7.4  9.3 99.00 99.00 99.00 999 1017.8  11.5 999.0  10.8 99.0 99.00 
2024 03 19 02 30 304  7.5  9.2 99.00 99.00 99.00 999 1017.8  11.5 999.0  10.8 99.0 99.00 
2024 03 19 02 40 305  7.2  9.0  1.72 12.12  7.70 284 1018.0  11.5 999.0  10.8 99.0 99.00 
2024 03 19 02 50 311  7.1  8.7 99.00 99.00 99.00 999 1017.9  11.6 999.0  10.9 99.0 99.00 
2024 03 19 03 00 304  7.1  8.9 99.00 99.00 99.00 999 1017.9  11.5 999.0  10.9 99.0 99.00 
2024 03 19 03 10 307  7.4  9.2  1.69 17.39  7.28 310 1018.0  11.4 999.0  10.8 99.0 99.00 
2024 03 19 03 20 310  7.5  9.6 99.00 99.00 99.00 999 1018.0  11.4 999.0  10.8 99.0 99.00 
2024 03 19 03 30 310  7.7  9.5 99.00 99.00 99.00 999 1018.1  11.3 999.0  10.7 99.0 99.00 
2024 03 19 03 40 309  7.6  9.4  1.72 17.39  6.86 297 1018.1  11.4 999.0  10.8 99.0 99.00 
2024 03 19 03 50 312  7.6  9.3 99.00 99.00 99.00 999 1018.1  11.2 999.0  10.6 99.0 99.00 
2024 03 19 04 00 302  7.1  9.2 99.00 99.00 99.00 999 1018.3  11.4 999.0  10.8 99.0 99.00 
2024 03 19 04 10 301  7.1  9.1  1.83 17.39  7.20 298 1018.4  11.3 999.0  10.7 99.0 99.00 
2024 03 19 04 20 309  7.3  8.9 99.00 99.00 99.00 999 1018.5  11.3 999.0  10.8 99.0 99.00 
2024 03 19 04 30 305  6.9  8.5 99.00 99.00 99.00 999 1018.6  11.2 999.0  10.7 99.0 99.00 
2024 03 19 04 40 296  7.9  9.6  1.92 17.39  7.17 302 1018.7  11.2 999.0  10.7 99.0 99.00 
2024 03 19 04 50 303  7.6 10.3 99.00 99.00 99.00 999 1018.7  11.1 999.0  10.6 99.0 99.00 
2024 03 19 05 00 303  7.5  9.1 99.00 99.00 99.00 999 1018.6  11.2 999.0  10.6 99.0 99.00 
2024 03 19 05 10 310  7.1  9.3  1.88 17.39  7.11 308 1018.6  11.3 999.0  10.8 99.0 99.00 
2024 03 19 05 20 300  7.3  9.6 99.00 99.00 99.00 999 1018.8  11.3 999.0  10.8 99.0 99.00 
2024 03 19 05 30 306  7.7 10.1 99.00 99.00 99.00 999 1018.9  11.2 999.0  10.7 99.0 99.00 
2024 03 19 05 40 308  7.3  9.8  1.99 17.39  6.81 304 1018.9  11.2 999.0  10.6 99.0 99.00 
2024 03 19 05 50 310  7.5  9.2 99.00 99.00 99.00 999 1018.9  11.3 999.0  10.8 99.0 99.00 
2024 03 19 06 00 312  7.6 10.3 99.00 99.00 99.00 999 1018.9  11.3 999.0  10.8 99.0 99.00 
2024 03 19 06 10 312  7.8  9.3  1.92 17.39  6.84 286 1018.9  11.1 999.0  10.5 99.0 99.00 
2024 03 19 06 20 313  7.8  9.4 99.00 99.00 99.00 999 1018.9  11.1 999.0  10.5 99.0 99.00 
2024 03 19 06 30 306  7.9 10.5 99.00 99.00 99.00 999 1018.9  11.1 999.0  10.5 99.0 99.00 
2024 03 19 06 40 300  7.7  9.2  1.69 11.43  6.20 298 1018.9  11.1 999.0  10.5 99.0 99.00 
2024 03 19 06 50 309  7.6  9.6 99.00 99.00 99.00 999 1019.0  11.1 999.0  10.5 99.0 99.00 
2024 03 19 07 00 312  7.6  9.8 99.00 99.00 99.00 999 1019.0  11.1 999.0  10.5 99.0 99.00 
2024 03 19 07 10 307  8.0 10.1  1.78 17.39  6.50 299 1019.0  11.0 999.0  10.4 99.0 99.00 
2024 03 19 07 20 302  7.2  9.1 99.00 99.00 99.00 999 1019.0  11.0 999.0  10.4 99.0 99.00 
2024 03 19 07 30 303  7.1  9.2 99.00 99.00 99.00 999 1018.9  11.2 999.0  10.6 99.0 99.00 
2024 03 19 07 40 314  7.4  9.1  1.88 17.39  7.00 304 1018.9  11.1 999.0  10.5 99.0 99.00 
2024 03 19 07 50 313  7.5  9.4 99.00 99.00 99.00 999 1018.8  11.2 999.0  10.6 99.0 99.00 
2024 03 19 08 00 300  7.6  9.4 99.00 99.00 99.00 999 1018.9  11.2 999.0  10.6 99.0 99.00 
2024 03 19 08 10 297  7.6  9.7  1.85 17.39  6.54 311 1018.9  11.1 999.0  10.5 99.0 99.00 
2024 03 19 08 20 306  7.3  9.4 99.00 99.00 99.00 999 1018.9  11.2 999.0  10.6 99.0 99.00 
2024 03 19 08 30 313  7.8  9.5 99.00 99.00 99.00 999 1018.9  11.1 999.0  10.5 99.0 99.00 
2024 03 19 08 40 303  7.2  9.1  1.72 17.39  6.47 295 1018.9  11.1 999.0  10.4 99.0 99.00 
2024 03 19 08 50 305  7.1  9.1 99.00 99.00 99.00 999 1019.0  11.1 999.0  10.4 99.0 99.00 
2024 03 19 09 00 302  7.1  9.0 99.00 99.00 99.00 999 1018.9  11.3 999.0  10.7 99.0 99.00 
2024 03 19 09 10 310  6.9  9.0  1.84 17.39  6.82 302 1018.9  11.2 999.0  10.5 99.0 99.00 
2024 03 19 09 20 301  7.0  9.8 99.00 99.00 99.00 999 1018.9  11.3 999.0  10.7 99.0 99.00 
2024 03 19 09 30 303  7.1  9.6 99.00 99.00 99.00 999 1018.9  11.3 999.0  10.7 99.0 99.00 
2024 03 19 09 40 315  6.6  8.9  1.75 17.39  6.51 308 1018.9  11.4 999.0  10.8 99.0 99.00 
2024 03 19 09 50 314  6.6  9.1 99.00 99.00 99.00 999 1018.9  11.0 999.0  10.4 99.0 99.00 
2024 03 19 10 00 305  6.6  8.6 99.00 99.00 99.00 999 1018.9  11.2 999.0  10.6 99.0 99.00 
2024 03 19 10 10 311  6.7  8.7  1.98 17.39  6.97 297 1018.8  11.0 999.0  10.3 99.0 99.00 
2024 03 19 10 20 312  6.9  8.9 99.00 99.00 99.00 999 1018.9  11.0 999.0  10.3 99.0 99.00 
2024 03 19 10 30 308  6.5  8.4 99.00 99.00 99.00 999 1018.8  11.1 999.0  10.4 99.0 99.00 
2024 03 19 10 40 301  7.0  9.0  1.75 17.39  6.34 307 1018.8  11.0 999.0  10.3 99.0 99.00 
2024 03 19 10 50 300  6.5  8.7 99.00 99.00 99.00 999 1018.8  10.8 999.0  10.1 99.0 99.00 
2024 03 19 11 00 294  7.1  8.7 99.00 99.00 99.00 999 1018.8  11.0 999.0  10.2 99.0 99.00 
2024 03 19 11 10 309  7.1  9.1  1.86 17.39  6.81 304 1018.6  10.9 999.0  10.1 99.0 99.00 
2024 03 19 11 20 312  7.2  9.0 99.00 99.00 99.00 999 1018.5  11.0 999.0  10.2 99.0 99.00 
2024 03 19 11 30 305  6.5  8.9 99.00 99.00 99.00 999 1018.4  11.0 999.0  10.2 99.0 99.00 
2024 03 19 11 40 306  6.6  8.1  1.96 17.39  7.36 292 1018.6  11.2 999.0  10.4 99.0 99.00 
2024 03 19 11 50 300  6.6  8.6 99.00 99.00 99.00 999 1018.5  11.1 999.0  10.3 99.0 99.00 
2024 03 19 12 00 303  7.2  9.4 99.00 99.00 99.00 999 1018.6  11.0 999.0  10.1 99.0 99.00 
2024 03 19 12 10 307  7.0  8.8  1.67 17.39  6.56 301 1018.6  10.9 999.0  10.0 99.0 99.00 
2024 03 19 12 20 310  6.6  8.6 99.00 99.00 99.00 999 1018.6  11.0 999.0  10.1 99.0 99.00 
2024 03 19 12 30 309  7.1  9.3 99.00 99.00 99.00 999 1018.6  11.1 999.0  10.2 99.0 99.00 
2024 03 19 12 40 318  6.8  9.0  1.80 17.39  7.12 291 1018.5  11.0 999.0  10.0 99.0 99.00 
2024 03 19 12 50 309  6.5  8.3 99.00 99.00 99.00 999 1018.7  11.2 999.0  10.2 99.0 99.00 
2024 03 19 13 00 318  6.2  8.4 99.00 99.00 99.00 999 1018.7  11.3 999.0  10.4 99.0 99.00 
2024 03 19 13 10 315  6.7  8.9  1.84 17.39  7.09 302 1018.6  11.2 999.0  10.3 99.0 99.00 
2024 03 19 13 20 308  6.6  8.6 99.00 99.00 99.00 999 1018.6  11.0 999.0  10.0 99.0 99.00 
2024 03 19 13 30 304  6.7  8.7 99.00 99.00 99.00 999 1018.6  11.1 999.0  10.1 99.0 99.00 
2024 03 19 13 40 309  6.8  9.6  1.91 17.39  7.15 297 1018.6  11.0 999.0  10.0 99.0 99.00 
2024 03 19 13 50 307  6.6  8.9 99.00 99.00 99.00 999 1018.6  11.0 999.0  10.0 99.0 99.00 
2024 03 19 14 00 309  6.1  8.2 99.00 99.00 99.00 999 1018.6  11.1 999.0  10.1 99.0 99.00 
2024 03 19 14 10 318  6.4  8.2  1.78 17.39  6.86 309 1018.6  11.1 999.0  10.1 99.0 99.00 
2024 03 19 14 20 310  6.5  8.4 99.00 99.00 99.00 999 1018.5  11.1 999.0  10.0 99.0 99.00 
2024 03 19 14 30 306  6.8  8.6 99.00 99.00 99.00 999 1018.6  11.1 999.0  10.1 99.0 99.00 
2024 03 19 14 40 318  6.3  8.5  1.88 17.39  7.54 281 1018.8  11.0 999.0   9.9 99.0 99.00 
2024 03 19 14 50 320  5.6  7.4 99.00 99.00 99.00 999 1018.9  11.0 999.0   9.9 99.0 99.00 
2024 03 19 15 00 327  6.4  8.3 99.00 99.00 99.00 999 1019.0  11.0 999.0   9.9 99.0 99.00 
2024 03 19 15 10 318  6.2  8.2  1.72 17.39  7.24 291 1018.9  11.1 999.0  10.0 99.0 99.00 
2024 03 19 15 20 322  6.3  7.9 99.00 99.00 99.00 999 1019.0  10.9 999.0   9.8 99.0 99.00 
2024 03 19 15 30 322  5.8  7.5 99.00 99.00 99.00 999 1019.2  11.0 999.0   9.9 99.0 99.00 
2024 03 19 15 40 313  5.3  7.8  1.87 17.39  7.49 287 1019.3  11.1 999.0  10.0 99.0 99.00 
2024 03 19 15 50 303  5.9  7.5 99.00 99.00 99.00 999 1019.3  11.1 999.0  10.0 99.0 99.00 
2024 03 19 16 00 311  5.3  7.4 99.00 99.00 99.00 999 1019.4  11.0 999.0   9.8 99.0 99.00 
2024 03 19 16 10 319  5.4  7.3  1.68 16.00  7.05 286 1019.4  11.0 999.0   9.8 99.0 99.00 
2024 03 19 16 20 306  5.8  7.8 99.00 99.00 99.00 999 1019.4  11.1 999.0   9.9 99.0 99.00 
2024 03 19 16 30 326  5.2  6.7 99.00 99.00 99.00 999 1019.4  11.2 999.0  10.0 99.0 99.00 
2024 03 19 16 40 317  5.7  7.6  1.63 17.39  7.28 295 1019.5  11.2 999.0  10.0 99.0 99.00 
2024 03 19 16 50 314  5.7  7.6 99.00 99.00 99.00 999 1019.5  11.1 999.0   9.8 99.0 99.00 
2024 03 19 17 00 322  5.5  7.6 99.00 99.00 99.00 999 1019.6  11.0 999.0   9.7 99.0 99.00 
2024 03 19 17 10 324  5.3  7.1  1.80 17.39  8.09 285 1019.6  11.2 999.0   9.9 99.0 99.00 
2024 03 19 17 20 326  5.8  7.5 99.00 99.00 99.00 999 1019.7  11.2 999.0   9.9 99.0 99.00 
2024 03 19 17 30 328  5.6  7.2 99.00 99.00 99.00 999 1019.9  11.1 999.0   9.8 99.0 99.00 
2024 03 19 17 40 326  5.2  6.8  1.70 17.39  7.89 297 1019.8  11.3 999.0  10.0 99.0 99.00 
2024 03 19 17 50 315  5.2  7.7 99.00 99.00 99.00 999 1019.8  11.3 999.0  10.0 99.0 99.00 
2024 03 19 18 00 326  5.4  7.4 99.00 99.00 99.00 999 1019.9  11.3 999.0   9.9 99.0 99.00 
2024 03 19 18 10 313  5.4  7.0  1.68 17.39  7.92 301 1019.9  11.4 999.0  10.1 99.0 99.00 
2024 03 19 18 20 310  5.7  7.9 99.00 99.00 99.00 999 1020.0  11.3 999.0   9.9 99.0 99.00 
2024 03 19 18 30 308  5.2  6.8 99.00 99.00 99.00 999 1019.9  11.3 999.0   9.8 99.0 99.00 
2024 03 19 18 40 320  5.2  7.4  1.61 16.00  7.88 308 1020.0  11.4 999.0   9.9 99.0 99.00 
2024 03 19 18 50 320  5.1  6.9 99.00 99.00 99.00 999 1020.1  11.3 999.0   9.8 99.0 99.00 
2024 03 19 19 00 326  4.8  6.4 99.00 99.00 99.00 999 1020.0  11.3 999.0   9.8 99.0 99.00 
2024 03 19 19 10 315  4.9  6.1  1.46 16.00  7.54 295 1019.9  11.4 999.0   9.8 99.0 99.00 
2024 03 19 19 20 326  4.9  6.5 99.00 99.00 99.00 999 1019.8  11.4 999.0   9.8 99.0 99.00 
2024 03 19 19 30 312  4.6  6.5 99.00 99.00 99.00 999 1019.7  11.5 999.0  10.0 99.0 99.00 
2024 03 19 19 40 317  4.2  6.3  1.92 16.00  8.93 298 1019.7  11.5 999.0  10.0 99.0 99.00 
2024 03 19 19 50 320  5.0  6.4 99.00 99.00 99.00 999 1019.7  11.4 999.0   9.8 99.0 99.00 
2024 03 19 20 00 301  4.7  6.0 99.00 99.00 99.00 999 1019.6  11.5 999.0   9.9 99.0 99.00 
2024 03 19 20 10 320  5.2  7.1  1.53 16.00  7.78 295 1019.5  11.5 999.0  10.0 99.0 99.00 
2024 03 19 20 20 301  5.1  6.5 99.00 99.00 99.00 999 1019.5  11.4 999.0   9.8 99.0 99.00 
2024 03 19 20 30 301  5.2  6.7 99.00 99.00 99.00 999 1019.4  11.6 999.0  10.0 99.0 99.00 
2024 03 19 20 40 313  5.3  6.7  1.59 16.00  7.90 313 1019.4  11.6 999.0  10.0 99.0 99.00 
2024 03 19 20 50 309  5.4  7.1 99.00 99.00 99.00 999 1019.3  11.6 999.0  10.0 99.0 99.00 
2024 03 19 21 00 314  5.5  7.0 99.00 99.00 99.00 999 1019.2  11.6 999.0  10.1 99.0 99.00 
2024 03 19 21 10 306  6.2  7.8  1.60 16.00  8.35 290 1019.0  11.6 999.0  10.0 99.0 99.00 
2024 03 19 21 20 312  6.0  7.5 99.00 99.00 99.00 999 1019.0  11.7 999.0  10.1 99.0 99.00 
2024 03 19 21 30 310  6.4  7.6 99.00 99.00 99.00 999 1018.9  11.7 999.0  10.1 99.0 99.00 
2024 03 19 21 40 311  6.4  7.6  1.34 16.00  7.17 302 1018.8  11.7 999.0  10.1 99.0 99.00 
2024 03 19 21 50 311  6.7  8.0 99.00 99.00 99.00 999 1018.8  11.7 999.0  10.1 99.0 99.00 
2024 03 19 22 00 310  6.4  8.1 99.00 99.00 99.00 999 1018.7  11.7 999.0  10.1 99.0 99.00 
2024 03 19 22 10 309  6.6  8.1  1.67 16.00  8.01 299 1018.6  11.8 999.0  10.2 99.0 99.00 
2024 03 19 22 20 308  6.8  8.0 99.00 99.00 99.00 999 1018.5  11.8 999.0  10.2 99.0 99.00 
2024 03 19 22 30 304  6.6  8.3 99.00 99.00 99.00 999 1018.4  11.8 999.0  10.2 99.0 99.00 
2024 03 19 22 40 304  7.1  9.0  1.53 16.00  7.59 298 1018.5  11.8 999.0  10.2 99.0 99.00 
2024 03 19 22 50 303  6.8  9.0 99.00 99.00 99.00 999 1018.4  11.9 999.0  10.3 99.0 99.00 
2024 03 19 23 00 307  7.1  8.8 99.00 99.00 99.00 999 1018.3  11.9 999.0  10.3 99.0 99.00 
2024 03 19 23 10 310  6.6  7.9  1.62 16.00  7.49 274 1018.4  11.9 999.0  10.3 99.0 99.00 
2024 03 19 23 20 307  6.3  7.7 99.00 99.00 99.00 999 1018.4  12.0 999.0  10.4 99.0 99.00 
2024 03 19 23 30 304  6.8  8.6 99.00 99.00 99.00 999 1018.3  12.0 999.0  10.3 99.0 99.00 
2024 03 19 23 40 307  6.3  8.0  1.63 16.00  7.18 308 1018.2  12.0 999.0  10.3 99.0 99.00 
2024 03 19 23 50 304  6.4  7.6 99.00 99.00 99.00 999 1018.0  12.0 999.0  10.3 99.0 99.00 
2024 03 20 00 00 301  6.5  7.9 99.00 99.00 99.00 999 1018.1  12.0 999.0  10.3 99.0 99.00 
2024 03 20 00 10 305  6.6  8.0  1.51 16.00  6.87 293 1018.0  12.0 999.0  10.3 99.0 99.00 
2024 03 20 00 20 303  6.5  8.0 99.00 99.00 99.00 999 1017.9  12.0 999.0  10.3 99.0 99.00 
2024 03 20 00 30 308  6.8  8.2 99.00 99.00 99.00 999 1017.8  11.9 999.0  10.2 99.0 99.00 
2024 03 20 00 40 307  6.8  8.4  1.51 16.00  6.86 281 1017.8  12.0 999.0  10.4 99.0 99.00 
2024 03 20 00 50 304  7.1  8.5 99.00 99.00 99.00 999 1017.8  12.0 999.0  10.4 99.0 99.00 
2024 03 20 01 00 303  7.5  8.8 99.00 99.00 99.00 999 1017.7  12.0 999.0  10.4 99.0 99.00 
2024 03 20 01 10 305  7.4  9.2  1.79 16.00  7.46 299 1017.6  12.0 999.0  10.4 99.0 99.00 
2024 03 20 01 20 303  7.5  9.1 99.00 99.00 99.00 999 1017.5  12.0 999.0  10.4 99.0 99.00 
2024 03 20 01 30 304  7.6  8.9 99.00 99.00 99.00 999 1017.6  11.9 999.0  10.3 99.0 99.00 
2024 03 20 01 40 303  7.7  9.3  1.71 16.00  6.98 284 1017.7  12.0 999.0  10.4 99.0 99.00 
2024 03 20 01 50 304  8.1  9.6 99.00 99.00 99.00 999 1017.7  11.9 999.0  10.3 99.0 99.00 
2024 03 20 02 00 306  7.9  9.5 99.00 99.00 99.00 999 1017.5  11.9 999.0  10.3 99.0 99.00 
2024 03 20 02 10 308  8.1 10.1  1.64 16.00  6.40 299 1017.6  11.9 999.0  10.3 99.0 99.00 
2024 03 20 02 20 308  7.8  9.8 99.00 99.00 99.00 999 1017.5  11.9 999.0  10.4 99.0 99.00 
2024 03 20 02 30 309  7.5  9.1 99.00 99.00 99.00 999 1017.6  11.9 999.0  10.4 99.0 99.00 
2024 03 20 02 40 312  7.4  9.1  1.79 16.00  7.05 308 1017.5  11.8 999.0  10.3 99.0 99.00 
2024 03 20 02 50 312  7.5  9.4 99.00 99.00 99.00 999 1017.5  11.8 999.0  10.3 99.0 99.00 
2024 03 20 03 00 315  7.4  9.1 99.00 99.00 99.00 999 1017.4  11.7 999.0  10.2 99.0 99.00 
2024 03 20 03 10 314  7.3  8.9  1.83 16.00  6.87 303 1017.4  11.7 999.0  10.2 99.0 99.00 
2024 03 20 03 20 316  7.4  9.0 99.00 99.00 99.00 999 1017.4  11.7 999.0  10.2 99.0 99.00 
2024 03 20 03 30 313  7.1  8.8 99.00 99.00 99.00 999 1017.5  11.7 999.0  10.3 99.0 99.00 
2024 03 20 03 40 310  7.0  8.6  1.72 14.81  6.48 297 1017.6  11.7 999.0  10.3 99.0 99.00 
2024 03 20 03 50 309  6.9  8.7 99.00 99.00 99.00 999 1017.7  11.7 999.0  10.3 99.0 99.00 
2024 03 20 04 00 307  7.1  8.4 99.00 99.00 99.00 999 1017.7  11.7 999.0  10.2 99.0 99.00 
2024 03 20 04 10 308  6.7  8.1  1.76 16.00  6.74 294 1017.7  11.7 999.0  10.3 99.0 99.00 
2024 03 20 04 20 311  7.3  8.9 99.00 99.00 99.00 999 1017.6  11.6 999.0  10.1 99.0 99.00 
2024 03 20 04 30 310  7.2  9.1 99.00 99.00 99.00 999 1017.8  11.6 999.0  10.1 99.0 99.00 
2024 03 20 04 40 299  7.5  9.2  1.86 16.00  7.12 293 1018.0  11.6 999.0  10.1 99.0 99.00 
2024 03 20 04 50 302  7.4  9.4 99.00 99.00 99.00 999 1017.9  11.7 999.0  10.2 99.0 99.00 
2024 03 20 05 00 303  7.5  9.5 99.00 99.00 99.00 999 1017.9  11.7 999.0  10.2 99.0 99.00 
2024 03 20 05 10 305  7.9  9.6  2.09 16.00  7.51 296 1017.9  11.6 999.0  10.1 99.0 99.00 
2024 03 20 05 20 307  7.9  9.5 99.00 99.00 99.00 999 1018.0  11.6 999.0  10.1 99.0 99.00 
2024 03 20 05 30 308  8.1 10.1 99.00 99.00 99.00 999 1018.1  11.6 999.0  10.2 99.0 99.00 
2024 03 20 05 40 307  7.9  9.6  1.82 16.00  6.78 289 1018.2  11.6 999.0  10.2 99.0 99.00 
2024 03 20 05 50 308  7.9  9.6 99.00 99.00 99.00 999 1018.3  11.6 999.0  10.2 99.0 99.00 
2024 03 20 06 00 308  7.7  9.9 99.00 99.00 99.00 999 1018.4  11.7 999.0  10.4 99.0 99.00 
2024 03 20 06 10 304  8.0  9.7  1.79 16.00  6.89 290 1018.3  11.6 999.0  10.3 99.0 99.00 
2024 03 20 06 20 308  8.0 10.0 99.00 99.00 99.00 999 1018.5  11.6 999.0  10.2 99.0 99.00 
2024 03 20 06 30 307  7.8  9.4 99.00 99.00 99.00 999 1018.5  11.6 999.0  10.2 99.0 99.00 
2024 03 20 06 40 309  7.4  9.5  1.87 16.00  6.84 280 1018.5  11.6 999.0  10.3 99.0 99.00 
2024 03 20 06 50 310  8.1  9.8 99.00 99.00 99.00 999 1018.4  11.6 999.0  10.2 99.0 99.00 
2024 03 20 07 00 305  8.1  9.8 99.00 99.00 99.00 999 1018.3  11.6 999.0  10.2 99.0 99.00 
2024 03 20 07 10 306  8.0  9.7  2.14 16.00  7.81 302 1018.4  11.6 999.0  10.2 99.0 99.00 
2024 03 20 07 20 307  7.7  9.5 99.00 99.00 99.00 999 1018.4  11.6 999.0  10.2 99.0 99.00 
2024 03 20 07 30 309  8.0  9.8 99.00 99.00 99.00 999 1018.4  11.5 999.0  10.1 99.0 99.00 
2024 03 20 07 40 308  7.6  9.4  1.68 16.00  6.26 286 1018.5  11.6 999.0  10.2 99.0 99.00 
2024 03 20 07 50 310  7.9  9.8 99.00 99.00 99.00 999 1018.4  11.5 999.0  10.0 99.0 99.00 
2024 03 20 08 00 308  7.7  9.2 99.00 99.00 99.00 999 1018.5  11.5 999.0   9.9 99.0 99.00 
2024 03 20 08 10 303  7.5  9.2  1.78 16.00  6.32 293 1018.4  11.5 999.0  10.0 99.0 99.00 
2024 03 20 08 20 303  7.3  9.1 99.00 99.00 99.00 999 1018.3  11.5 999.0   9.9 99.0 99.00 
2024 03 20 08 30 309  7.1  8.6 99.00 99.00 99.00 999 1018.3  11.5 999.0  10.0 99.0 99.00 
2024 03 20 08 40 302  7.5  8.9  1.69 14.81  6.33 297 1018.4  11.5 999.0  10.0 99.0 99.00 
2024 03 20 08 50 305  7.4  8.9 99.00 99.00 99.00 999 1018.3  11.4 999.0   9.9 99.0 99.00 
2024 03 20 09 00 300  7.4  9.1 99.00 99.00 99.00 999 1018.3  11.5 999.0  10.0 99.0 99.00 
2024 03 20 09 10 305  8.0 10.0  1.78 14.81  7.13 303 1018.3  11.5 999.0  10.0 99.0 99.00 
2024 03 20 09 20 305  8.2 10.1 99.00 99.00 99.00 999 1018.3  11.4 999.0   9.9 99.0 99.00 
2024 03 20 09 30 306  8.2 10.2 99.00 99.00 99.00 999 1018.3  11.5 999.0  10.0 99.0 99.00 
2024 03 20 09 40 307  8.2 10.2  1.54 14.81  5.76 274 1018.4  11.4 999.0   9.8 99.0 99.00 
2024 03 20 09 50 310  8.0  9.7 99.00 99.00 99.00 999 1018.3  11.4 999.0   9.9 99.0 99.00 
2024 03 20 10 00 312  8.3 10.2 99.00 99.00 99.00 999 1018.3  11.4 999.0   9.8 99.0 99.00 
2024 03 20 10 10 312  8.3 10.0  1.97 16.00  7.49 296 1018.3  11.3 999.0   9.7 99.0 99.00 
2024 03 20 10 20 315  7.9  9.8 99.00 99.00 99.00 999 1018.1  11.4 999.0   9.9 99.0 99.00 
2024 03 20 10 30 315  8.2  9.7 99.00 99.00 99.00 999 1018.0  11.4 999.0   9.8 99.0 99.00 
2024 03 20 10 40 321  8.0  9.7  1.71 16.00  6.51 297 1017.9  11.3 999.0   9.8 99.0 99.00 
2024 03 20 10 50 321  8.0  9.5 99.00 99.00 99.00 999 1017.8  11.3 999.0   9.7 99.0 99.00 
2024 03 20 11 00 319  7.8  9.3 99.00 99.00 99.00 999 1017.7  11.3 999.0   9.7 99.0 99.00 
2024 03 20 11 10 321  7.7  9.2  1.80 14.81  7.04 294 1017.5  11.3 999.0   9.7 99.0 99.00 
2024 03 20 11 20 319  7.8  9.3 99.00 99.00 99.00 999 1017.3  11.2 999.0   9.6 99.0 99.00 
2024 03 20 11 30 317  7.3  8.9 99.00 99.00 99.00 999 1017.5  11.3 999.0   9.8 99.0 99.00 
2024 03 20 11 40 319  7.1  8.4  1.79 14.81  6.96 289 1017.4  11.2 999.0   9.7 99.0 99.00 
2024 03 20 11 50 315  7.1  9.0 99.00 99.00 99.00 999 1017.4  11.2 999.0   9.7 99.0 99.00 
2024 03 20 12 00 315  7.2  8.4 99.00 99.00 99.00 999 1017.4  11.2 999.0   9.7 99.0 99.00 
2024 03 20 12 10 316  6.7  8.5  1.78 16.00  6.77 309 1017.3  11.2 999.0   9.8 99.0 99.00 
2024 03 20 12 20 324  6.4  8.1 99.00 99.00 99.00 999 1017.2  11.2 999.0   9.9 99.0 99.00 
2024 03 20 12 30 325  6.5  8.1 99.00 99.00 99.00 999 1017.3  11.0 999.0   9.6 99.0 99.00 
2024 03 20 12 40 316  6.4  7.9  1.69 14.81  7.15 291 1017.5  11.1 999.0   9.7 99.0 99.00 
2024 03 20 12 50 313  6.3  7.5 99.00 99.00 99.00 999 1017.5  11.1 999.0   9.7 99.0 99.00 
2024 03 20 13 00 315  6.5  7.7 99.00 99.00 99.00 999 1017.5  11.1 999.0   9.7 99.0 99.00 
2024 03 20 13 10 311  6.1  7.3  1.71 14.81  7.18 284 1017.7  11.0 999.0   9.6 99.0 99.00 
2024 03 20 13 20 311  6.3  8.0 99.00 99.00 99.00 999 1017.7  11.0 999.0   9.6 99.0 99.00 
2024 03 20 13 30 307  6.3  7.9 99.00 99.00 99.00 999 1017.6  11.0 999.0   9.5 99.0 99.00 
2024 03 20 13 40 309  6.5  8.0  1.66 14.81  6.76 301 1017.6  11.0 999.0   9.5 99.0 99.00 
2024 03 20 13 50 312  6.2  8.2 99.00 99.00 99.00 999 1017.6  11.1 999.0   9.7 99.0 99.00 
2024 03 20 14 00 315  6.7  8.0 99.00 99.00 99.00 999 1017.7  11.0 999.0   9.4 99.0 99.00 
2024 03 20 14 10 314  6.4  8.2  1.71 14.81  7.19 300 1017.7  11.1 999.0   9.5 99.0 99.00 
2024 03 20 14 20 312  6.0  7.7 99.00 99.00 99.00 999 1017.8  11.0 999.0   9.5 99.0 99.00 
2024 03 20 14 30 313  5.8  7.2 99.00 99.00 99.00 999 1018.0  11.1 999.0   9.6 99.0 99.00 
2024 03 20 14 40 313  6.1  7.7  1.53 14.81  6.79 291 1018.1  11.1 999.0   9.6 99.0 99.00 
2024 03 20 14 50 311  5.7  6.9 99.00 99.00 99.00 999 1018.2  11.1 999.0   9.6 99.0 99.00 
2024 03 20 15 00 318  5.5  7.0 99.00 99.00 99.00 999 1018.2  11.1 999.0   9.5 99.0 99.00 
2024 03 20 15 10 313  4.8  6.0  1.63 13.79  7.36 297 1018.3  11.2 999.0   9.6 99.0 99.00 
2024 03 20 15 20 320  5.0  6.3 99.00 99.00 99.00 999 1018.3  11.2 999.0   9.5 99.0 99.00 
2024 03 20 15 30 319  5.1  6.3 99.00 99.00 99.00 999 1018.4  11.3 999.0   9.5 99.0 99.00 
2024 03 20 15 40 317  5.0  6.3  1.54 13.79  7.30 277 1018.5  11.3 999.0   9.6 99.0 99.00 
2024 03 20 15 50 314  4.7  5.8 99.00 99.00 99.00 999 1018.6  11.3 999.0   9.4 99.0 99.00 
2024 03 20 16 00 315  4.6  5.7 99.00 99.00 99.00 999 1018.8  11.4 999.0   9.5 99.0 99.00 
2024 03 20 16 10 314  4.8  5.9  1.63 14.81  7.52 293 1018.8  11.4 999.0   9.5 99.0 99.00 
2024 03 20 16 20 316  4.4  5.5 99.00 99.00 99.00 999 1018.9  11.4 999.0   9.5 99.0 99.00 
2024 03 20 16 30 309  4.2  5.4 99.00 99.00 99.00 999 1019.0  11.5 999.0   9.6 99.0 99.00 
2024 03 20 16 40 302  4.4  5.5  1.62 14.81  7.86 267 1019.0  11.3 999.0   9.3 99.0 99.00 
2024 03 20 16 50 300  4.3  5.5 99.00 99.00 99.00 999 1019.0  11.4 999.0   9.4 99.0 99.00 
2024 03 20 17 00 307  4.2  5.2 99.00 99.00 99.00 999 1019.0  11.5 999.0   9.6 99.0 99.00 
2024 03 20 17 10 306  4.6  5.9  1.34 10.81  7.12 298 1019.1  11.5 999.0   9.6 99.0 99.00 
2024 03 20 17 20 307  4.7  5.9 99.00 99.00 99.00 999 1019.2  11.4 999.0   9.5 99.0 99.00 
2024 03 20 17 30 306  4.7  5.8 99.00 99.00 99.00 999 1019.4  11.5 999.0   9.5 99.0 99.00 
2024 03 20 17 40 304  4.6  6.0  1.59 14.81  7.81 301 1019.4  11.4 999.0   9.4 99.0 99.00 
2024 03 20 17 50 305  4.4  5.8 99.00 99.00 99.00 999 1019.4  11.5 999.0   9.5 99.0 99.00 
2024 03 20 18 00 304  4.1  5.3 99.00 99.00 99.00 999 1019.6  11.6 999.0   9.7 99.0 99.00 
2024 03 20 18 10 301  4.2  5.7  1.55 14.81  8.27 296 1019.6  11.5 999.0   9.5 99.0 99.00 
2024 03 20 18 20 300  4.1  5.1 99.00 99.00 99.00 999 1019.6  11.6 999.0   9.6 99.0 99.00 
2024 03 20 18 30 304  4.4  5.8 99.00 99.00 99.00 999 1019.7  11.6 999.0   9.5 99.0 99.00 
2024 03 20 18 40 299  4.3  5.5  1.56 14.81  8.22 268 1019.7  11.5 999.0   9.4 99.0 99.00 
2024 03 20 18 50 316  3.8  5.2 99.00 99.00 99.00 999 1019.6  11.7 999.0   9.8 99.0 99.00 
2024 03 20 19 00 320  3.2  4.7 99.00 99.00 99.00 999 1019.6  11.6 999.0   9.7 99.0 99.00 
2024 03 20 19 10 316  3.1  4.4  1.53 14.81  8.43 277 1019.6  11.6 999.0   9.5 99.0 99.00 
2024 03 20 19 20 312  3.1  4.4 99.00 99.00 99.00 999 1019.5  11.7 999.0   9.6 99.0 99.00 
2024 03 20 19 30 326  2.9  4.3 99.00 99.00 99.00 999 1019.5  11.7 999.0   9.8 99.0 99.00 
2024 03 20 19 40 312  2.7  3.7  1.41 14.81  8.04 279 1019.5  11.6 999.0   9.6 99.0 99.00 
2024 03 20 19 50 328  2.5  3.5 99.00 99.00 99.00 999 1019.4  11.6 999.0   9.8 99.0 99.00 
2024 03 20 20 00 320  2.3  3.3 99.00 99.00 99.00 999 1019.3  11.7 999.0   9.8 99.0 99.00 
2024 03 20 20 10 321  2.2  3.3  1.41 14.81  8.21 288 1019.3  11.7 999.0   9.8 99.0 99.00 
2024 03 20 20 20 310  2.8  4.2 99.00 99.00 99.00 999 1019.4  11.7 999.0   9.8 99.0 99.00 
2024 03 20 20 30 296  2.6  3.7 99.00 99.00 99.00 999 1019.2  11.6 999.0   9.8 99.0 99.00 
2024 03 20 20 40 288  2.8  4.0  1.50 14.81  8.78 292 1019.2  11.7 999.0   9.9 99.0 99.00 
2024 03 20 20 50 285  3.3  4.5 99.00 99.00 99.00 999 1019.2  11.7 999.0   9.8 99.0 99.00 
2024 03 20 21 00 285  3.7  4.8 99.00 99.00 99.00 999 1019.1  11.8 999.0   9.6 99.0 99.00 
2024 03 20 21 10 288  3.6  4.8  1.41 14.81  8.89 304 1019.0  11.9 999.0   9.7 99.0 99.00 
2024 03 20 21 20 284  3.8  4.9 99.00 99.00 99.00 999 1018.9  11.9 999.0   9.5 99.0 99.00 
2024 03 20 21 30 284  3.4  4.5 99.00 99.00 99.00 999 1018.8  12.0 999.0   9.6 99.0 99.00 
2024 03 20 21 40 284  3.3  4.2  1.25 13.79  8.59 292 1018.7  12.0 999.0   9.5 99.0 99.00 
2024 03 20 21 50 282  3.6  4.6 99.00 99.00 99.00 999 1018.7  11.9 999.0   9.4 99.0 99.00 
2024 03 20 22 00 283  3.4  4.5 99.00 99.00 99.00 999 1018.6  12.0 999.0   9.5 99.0 99.00 
2024 03 20 22 10 283  3.1  4.2  1.42 12.90  9.66 289 1018.4  12.0 999.0   9.5 99.0 99.00 
2024 03 20 22 20 288  2.9  3.8 99.00 99.00 99.00 999 1018.3  12.0 999.0   9.6 99.0 99.00 
2024 03 20 22 30 287  2.8  3.9 99.00 99.00 99.00 999 1018.3  12.0 999.0   9.4 99.0 99.00 
2024 03 20 22 40 286  3.2  4.3  1.38 13.79  9.71 297 1018.3  12.0 999.0   9.4 99.0 99.00 
2024 03 20 22 50 285  2.9  4.1 99.00 99.00 99.00 999 1018.2  12.1 999.0   9.5 99.0 99.00 
2024 03 20 23 00 287  2.6  3.7 99.00 99.00 99.00 999 1018.2  12.1 999.0   9.6 99.0 99.00 
2024 03 20 23 10 281  3.2  4.4  1.59 14.81 10.87 289 1018.3  12.1 999.0   9.7 99.0 99.00 
2024 03 20 23 20 277  3.7  4.8 99.00 99.00 99.00 999 1018.3  12.1 999.0   9.9 99.0 99.00 
2024 03 20 23 30 279  4.2  5.3 99.00 99.00 99.00 999 1018.2  12.1 999.0   9.8 99.0 99.00 
2024 03 20 23 40 283  4.2  5.3  1.49 14.81 10.32 297 1018.2  12.1 999.0   9.9 99.0 99.00 
2024 03 20 23 50 283  4.3  5.7 99.00 99.00 99.00 999 1018.3  12.1 999.0   9.9 99.0 99.00 
2024 03 21 00 00 284  4.4  5.3 99.00 99.00 99.00 999 1018.3  12.1 999.0   9.9 99.0 99.00 
2024 03 21 00 10 284  4.5  5.6  1.25 14.81 10.06 293 1018.2  12.1 999.0   9.9 99.0 99.00 
2024 03 21 00 20 287  4.5  6.0 99.00 99.00 99.00 999 1018.2  12.1 999.0   9.9 99.0 99.00 
2024 03 21 00 30 285  4.2  5.9 99.00 99.00 99.00 999 1018.2  12.1 999.0   9.9 99.0 99.00 
2024 03 21 00 40 282  4.0  4.9  1.26 14.81 10.07 292 1018.2  12.1 999.0   9.9 99.0 99.00 
2024 03 21 00 50 283  4.0  5.0 99.00 99.00 99.00 999 1018.2  12.1 999.0   9.9 99.0 99.00 
2024 03 21 01 00 285  4.1  5.4 99.00 99.00 99.00 999 1018.3  12.2 999.0  10.1 99.0 99.00 
2024 03 21 01 10 287  4.2  5.3  1.36 14.81 10.00 274 1018.2  12.2 999.0  10.1 99.0 99.00 
2024 03 21 01 20 285  4.0  5.4 99.00 99.00 99.00 999 1018.1  12.3 999.0  10.1 99.0 99.00 
2024 03 21 01 30 290  3.7  4.9 99.00 99.00 99.00 999 1018.1  12.3 999.0  10.1 99.0 99.00 
2024 03 21 01 40 289  3.8  4.8  1.47 13.79 10.27 291 1018.1  12.2 999.0  10.1 99.0 99.00 
2024 03 21 01 50 293  3.4  4.5 99.00 99.00 99.00 999 1018.1  12.2 999.0  10.2 99.0 99.00 
2024 03 21 02 00 292  3.8  4.6 99.00 99.00 99.00 999 1018.1  12.2 999.0  10.2 99.0 99.00 
2024 03 21 02 10 291  4.0  4.8  1.30 14.81 10.08 266 1018.1  12.2 999.0  10.2 99.0 99.00 
2024 03 21 02 20 291  3.7  5.0 99.00 99.00 99.00 999 1018.1  12.2 999.0  10.2 99.0 99.00 
2024 03 21 02 30 287  4.0  4.8 99.00 99.00 99.00 999 1018.2  12.2 999.0  10.3 99.0 99.00 
2024 03 21 02 40 291  3.8  4.8  1.32 13.79 10.02 296 1018.1  12.2 999.0  10.3 99.0 99.00 
2024 03 21 02 50 289  3.7  4.9 99.00 99.00 99.00 999 1018.2  12.2 999.0  10.3 99.0 99.00 
2024 03 21 03 00 291  3.6  4.9 99.00 99.00 99.00 999 1018.3  12.2 999.0  10.4 99.0 99.00 
2024 03 21 03 10 291  3.8  4.9  1.28 13.79 10.30 303 1018.3  12.2 999.0  10.3 99.0 99.00 
2024 03 21 03 20 295  3.3  4.1 99.00 99.00 99.00 999 1018.5  12.3 999.0  10.5 99.0 99.00 
2024 03 21 03 30 291  3.5  4.4 99.00 99.00 99.00 999 1018.5  12.3 999.0  10.5 99.0 99.00 
2024 03 21 03 40 292  3.7  5.0  1.36 12.90 10.52 285 1018.6  12.4 999.0  10.7 99.0 99.00 
2024 03 21 03 50 290  3.9  4.9 99.00 99.00 99.00 999 1018.7  12.4 999.0  10.7 99.0 99.00 
2024 03 21 04 00 290  3.8  4.6 99.00 99.00 99.00 999 1018.8  12.4 999.0  10.7 99.0 99.00 
2024 03 21 04 10 296  3.3  4.1  1.36 13.79 10.81 287 1018.9  12.4 999.0  10.7 99.0 99.00 
2024 03 21 04 20 299  3.0  3.7 99.00 99.00 99.00 999 1018.9  12.4 999.0  10.7 99.0 99.00 
2024 03 21 04 30 306  3.1  3.9 99.00 99.00 99.00 999 1018.9  12.4 999.0  10.8 99.0 99.00 
2024 03 21 04 40 310  2.8  3.6  1.25 13.79 10.02 276 1018.9  12.4 999.0  10.8 99.0 99.00 
2024 03 21 04 50 322  2.5  3.3 99.00 99.00 99.00 999 1019.0  12.4 999.0  10.8 99.0 99.00 
2024 03 21 05 00 317  2.8  3.8 99.00 99.00 99.00 999 1019.1  12.4 999.0  10.8 99.0 99.00 
2024 03 21 05 10 316  2.8  3.6  1.26 14.81 10.09 280 1019.1  12.4 999.0  10.8 99.0 99.00 
2024 03 21 05 20 321  2.4  3.2 99.00 99.00 99.00 999 1019.2  12.4 999.0  10.9 99.0 99.00 
2024 03 21 05 30 320  2.6  3.5 99.00 99.00 99.00 999 1019.2  12.4 999.0  10.9 99.0 99.00 
2024 03 21 05 40 314  2.5  3.4  1.30 12.90 10.30 296 1019.3  12.3 999.0  10.8 99.0 99.00 
2024 03 21 05 50 314  2.6  3.3 99.00 99.00 99.00 999 1019.3  12.4 999.0  10.9 99.0 99.00 
2024 03 21 06 00 324  2.5  3.1 99.00 99.00 99.00 999 1019.3  12.4 999.0  10.9 99.0 99.00 
2024 03 21 06 10 324  2.2  2.8  1.27 13.79 10.42 266 1019.3  12.4 999.0  10.8 99.0 99.00 
2024 03 21 06 20 318  1.9  2.5 99.00 99.00 99.00 999 1019.3  12.4 999.0  10.8 99.0 99.00 
2024 03 21 06 30 311  1.6  2.4 99.00 99.00 99.00 999 1019.3  12.5 999.0  10.9 99.0 99.00 
2024 03 21 06 40 306  1.5  2.2  1.39 13.79 10.71 275 1019.3  12.5 999.0  10.9 99.0 99.00 
2024 03 21 06 50 312  1.7  2.4 99.00 99.00 99.00 999 1019.4  12.5 999.0  10.9 99.0 99.00 
2024 03 21 07 00 322  1.2  1.9 99.00 99.00 99.00 999 1019.4  12.5 999.0  10.9 99.0 99.00 
2024 03 21 07 10 330  1.1  1.7  1.28 13.79 10.49 269 1019.4  12.5 999.0  10.9 99.0 99.00 
2024 03 21 07 20 360  1.1  1.8 99.00 99.00 99.00 999 1019.3  12.6 999.0  11.0 99.0 99.00 
2024 03 21 07 30 352  0.7  1.5 99.00 99.00 99.00 999 1019.3  12.6 999.0  11.0 99.0 99.00 
2024 03 21 07 40 325  0.5  0.9  1.24 13.79 10.53 291 1019.3  12.6 999.0  11.0 99.0 99.00 
2024 03 21 07 50   4  0.8  1.6 99.00 99.00 99.00 999 1019.1  12.5 999.0  10.9 99.0 99.00 
2024 03 21 08 00  37  0.4  1.2 99.00 99.00 99.00 999 1019.2  12.5 999.0  10.9 99.0 99.00 
2024 03 21 08 10  59  0.5  1.2  1.42 12.90 10.78 285 1019.1  12.5 999.0  10.9 99.0 99.00 
2024 03 21 08 20  51  1.1  1.7 99.00 99.00 99.00 999 1019.1  12.4 999.0  10.9 99.0 99.00 
2024 03 21 08 30  34  0.8  1.4 99.00 99.00 99.00 999 1019.2  12.4 999.0  10.9 99.0 99.00 
2024 03 21 08 40  50  0.6  1.2  1.26 13.79 10.34 285 1019.4  12.4 999.0  10.9 99.0 99.00 
2024 03 21 08 50  71  0.0  0.4 99.00 99.00 99.00 999 1019.3  12.5 999.0  11.0 99.0 99.00 
2024 03 21 09 00  67  0.1  0.7 99.00 99.00 99.00 999 1019.3  12.5 999.0  11.0 99.0 99.00 
2024 03 21 09 10  63  0.0  0.4  1.04 13.79  9.35 274 1019.3  12.5 999.0  11.0 99.0 99.00 
2024 03 21 09 20  90  0.2  0.9 99.00 99.00 99.00 999 1019.2  12.5 999.0  11.0 99.0 99.00 
2024 03 21 09 30 138  0.6  1.3 99.00 99.00 99.00 999 1019.2  12.5 999.0  11.1 99.0 99.00 
2024 03 21 09 40 140  0.6  1.3  1.27 12.90 10.20 285 1019.1  12.5 999.0  11.1 99.0 99.00 
2024 03 21 09 50 123  1.0  1.7 99.00 99.00 99.00 999 1019.1  12.5 999.0  11.1 99.0 99.00 
2024 03 21 10 00 153  1.1  1.7 99.00 99.00 99.00 999 1019.1  12.6 999.0  11.3 99.0 99.00 
2024 03 21 10 10 176  1.2  1.8  1.19 13.79 10.00 263 1018.9  12.6 999.0  11.4 99.0 99.00 
2024 03 21 10 20 163  1.6  2.4 99.00 99.00 99.00 999 1018.9  12.5 999.0  11.4 99.0 99.00 
2024 03 21 10 30 173  1.5  2.1 99.00 99.00 99.00 999 1018.9  12.5 999.0  11.5 99.0 99.00 
2024 03 21 10 40 182  1.9  2.6  1.16 13.79  9.71 268 1018.9  12.5 999.0  11.6 99.0 99.00 
2024 03 21 10 50 187  1.6  2.9 99.00 99.00 99.00 999 1018.8  12.5 999.0  11.7 99.0 99.00 
2024 03 21 11 00 191  1.3  2.0 99.00 99.00 99.00 999 1018.7  12.4 999.0  11.7 99.0 99.00 
2024 03 21 11 10 196  2.0  3.0  1.30 13.79 10.75 256 1018.7  12.4 999.0  11.7 99.0 99.00 
2024 03 21 11 20 193  2.4  3.1 99.00 99.00 99.00 999 1018.6  12.3 999.0  11.6 99.0 99.00 
2024 03 21 11 30 193  2.6  3.3 99.00 99.00 99.00 999 1018.6  12.3 999.0  11.6 99.0 99.00 
2024 03 21 11 40 188  2.6  3.3  1.19 19.05 10.47 249 1018.6  12.4 999.0  11.8 99.0 99.00 
2024 03 21 11 50 180  2.1  2.8 99.00 99.00 99.00 999 1018.6  12.3 999.0  11.8 99.0 99.00 
2024 03 21 12 00 180  1.9  2.4 99.00 99.00 99.00 999 1018.7  12.3 999.0  11.8 99.0 99.00 
2024 03 21 12 10 171  1.7  2.3  1.25 19.05 11.25 235 1018.7  12.4 999.0  11.9 99.0 99.00 
2024 03 21 12 20 164  1.5  2.2 99.00 99.00 99.00 999 1018.8  12.4 999.0  11.9 99.0 99.00 
2024 03 21 12 30 156  1.3  2.0 99.00 99.00 99.00 999 1018.9  12.5 999.0  12.0 99.0 99.00 
2024 03 21 12 40 160  1.7  2.5  1.10 17.39 10.05 233 1018.9  12.5 999.0  12.0 99.0 99.00 
2024 03 21 12 50 140  2.0  2.9 99.00 99.00 99.00 999 1018.9  12.5 999.0  12.1 99.0 99.00 
2024 03 21 13 00 132  2.4  3.3 99.00 99.00 99.00 999 1018.8  12.4 999.0  12.0 99.0 99.00 
2024 03 21 13 10 140  2.2  3.2  1.26 19.05 10.64 253 1018.9  12.4 999.0  12.0 99.0 99.00 
2024 03 21 13 20 128  2.0  2.5 99.00 99.00 99.00 999 1019.1  12.3 999.0  11.9 99.0 99.00 
2024 03 21 13 30 131  2.0  2.9 99.00 99.00 99.00 999 1019.2  12.4 999.0  12.0 99.0 99.00 
2024 03 21 13 40 149  2.2  2.8  1.34 19.05 10.30 223 1019.2  12.3 999.0  11.9 99.0 99.00 
2024 03 21 13 50 138  2.3  3.0 99.00 99.00 99.00 999 1019.2  12.3 999.0  11.9 99.0 99.00 
2024 03 21 14 00 116  2.3  3.0 99.00 99.00 99.00 999 1019.3  12.3 999.0  11.9 99.0 99.00 
2024 03 21 14 10 113  2.6  3.5  1.26 17.39  9.83 225 1019.2  12.3 999.0  11.9 99.0 99.00 
2024 03 21 14 20 113  2.6  3.5 99.00 99.00 99.00 999 1019.4  12.3 999.0  11.9 99.0 99.00 
2024 03 21 14 30 117  2.5  3.2 99.00 99.00 99.00 999 1019.4  12.3 999.0  11.9 99.0 99.00 
2024 03 21 14 40 130  2.7  3.5  1.32 13.79  9.71 245 1019.5  12.4 999.0  12.0 99.0 99.00 
2024 03 21 14 50 122  3.0  3.9 99.00 99.00 99.00 999 1019.7  12.4 999.0  12.0 99.0 99.00 
2024 03 21 15 00 130  3.1  3.8 99.00 99.00 99.00 999 1019.9  12.4 999.0  12.0 99.0 99.00 
2024 03 21 15 10 136  3.2  4.0  1.15 21.05  8.90 260 1019.9  12.4 999.0  12.0 99.0 99.00 
2024 03 21 15 20 134  3.2  4.2 99.00 99.00 99.00 999 1020.0  12.4 999.0  12.0 99.0 99.00 
2024 03 21 15 30 133  3.2  4.0 99.00 99.00 99.00 999 1020.1  12.4 999.0  11.9 99.0 99.00 
2024 03 21 15 40 127  2.9  3.9  1.26 19.05  8.84 282 1020.1  12.5 999.0  12.0 99.0 99.00 
2024 03 21 15 50 124  3.0  3.9 99.00 99.00 99.00 999 1020.1  12.6 999.0  12.2 99.0 99.00 
2024 03 21 16 00 133  3.0  4.1 99.00 99.00 99.00 999 1020.2  12.6 999.0  12.1 99.0 99.00 
2024 03 21 16 10 123  2.9  4.0  1.24 19.05  8.79 258 1020.1  12.7 999.0  12.1 99.0 99.00 
2024 03 21 16 20 120  3.8  4.8 99.00 99.00 99.00 999 1020.0  12.7 999.0  12.0 99.0 99.00 
2024 03 21 16 30 129  3.2  4.4 99.00 99.00 99.00 999 1020.1  12.7 999.0  12.0 99.0 99.00 
2024 03 21 16 40 125  2.5  3.7  1.35 13.79  8.93 271 1020.1  12.8 999.0  12.1 99.0 99.00 
2024 03 21 16 50 127  2.2  3.3 99.00 99.00 99.00 999 1020.2  13.0 999.0  12.3 99.0 99.00 
2024 03 21 17 00 136  2.0  3.0 99.00 99.00 99.00 999 1020.4  13.0 999.0  12.2 99.0 99.00 
2024 03 21 17 10 129  2.1  2.9  1.63 19.05 10.51 273 1020.4  13.0 999.0  12.2 99.0 99.00 
2024 03 21 17 20 130  2.7  3.7 99.00 99.00 99.00 999 1020.5  13.0 999.0  12.2 99.0 99.00 
2024 03 21 17 30 134  2.6  3.8 99.00 99.00 99.00 999 1020.6  13.0 999.0  12.2 99.0 99.00 
2024 03 21 17 40 128  2.9  3.7  1.46 19.05  9.78 269 1020.7  13.0 999.0  12.2 99.0 99.00 
2024 03 21 17 50 124  2.6  3.4 99.00 99.00 99.00 999 1020.7  13.0 999.0  12.3 99.0 99.00 
2024 03 21 18 00 122  2.6  3.5 99.00 99.00 99.00 999 1020.8  13.0 999.0  12.3 99.0 99.00 
2024 03 21 18 10 125  2.5  3.5  1.33 19.05  9.27 267 1020.9  13.0 999.0  12.3 99.0 99.00 
2024 03 21 18 20 124  2.4  3.2 99.00 99.00 99.00 999 1020.9  13.1 999.0  12.4 99.0 99.00 
2024 03 21 18 30 121  2.3  3.0 99.00 99.00 99.00 999 1020.9  13.2 999.0  12.5 99.0 99.00 
2024 03 21 18 40 118  2.2  3.2  1.48 19.05  9.76 321 1020.9  13.2 999.0  12.5 99.0 99.00 
2024 03 21 18 50 115  2.1  2.9 99.00 99.00 99.00 999 1020.9  13.3 999.0  12.6 99.0 99.00 
2024 03 21 19 00 125  1.9  2.7 99.00 99.00 99.00 999 1021.0  13.3 999.0  12.6 99.0 99.00 
2024 03 21 19 10 132  1.6  2.3  1.60 19.05 10.19 286 1021.0  13.4 999.0  12.6 99.0 99.00 
2024 03 21 19 20 137  1.4  2.1 99.00 99.00 99.00 999 1021.1  13.5 999.0  12.7 99.0 99.00 
2024 03 21 19 30 144  1.4  2.2 99.00 99.00 99.00 999 1021.0  13.5 999.0  12.7 99.0 99.00 
2024 03 21 19 40 145  1.5  2.3  1.58 19.05 10.36 284 1021.0  13.5 999.0  12.5 99.0 99.00 
2024 03 21 19 50 170  2.2  3.2 99.00 99.00 99.00 999 1021.1  13.5 999.0  12.6 99.0 99.00 
2024 03 21 20 00 165  2.2  3.3 99.00 99.00 99.00 999 1021.0  13.5 999.0  12.7 99.0 99.00 
2024 03 21 20 10 160  2.1  2.8  1.56 17.39 10.18 276 1020.9  13.5 999.0  12.7 99.0 99.00 
2024 03 21 20 20 155  1.9  2.7 99.00 99.00 99.00 999 1020.9  13.6 999.0  12.8 99.0 99.00 
2024 03 21 20 30 172  2.4  3.2 99.00 99.00 99.00 999 1020.9  13.5 999.0  12.5 99.0 99.00 
2024 03 21 20 40 174  2.5  3.2  1.27 17.39  9.27 233 1020.8  13.5 999.0  12.4 99.0 99.00 
2024 03 21 20 50 172  2.3  3.0 99.00 99.00 99.00 999 1020.8  13.6 999.0  12.6 99.0 99.00 
2024 03 21 21 00 174  2.3  2.8 99.00 99.00 99.00 999 1020.6  13.5 999.0  12.5 99.0 99.00 
2024 03 21 21 10 182  2.3  3.1  1.45 19.05 10.16 286 1020.5  13.5 999.0  12.6 99.0 99.00 
2024 03 21 21 20 179  2.4  3.0 99.00 99.00 99.00 999 1020.4  13.6 999.0  12.8 99.0 99.00 
2024 03 21 21 30 177  2.5  3.1 99.00 99.00 99.00 999 1020.3  13.5 999.0  12.7 99.0 99.00 
2024 03 21 21 40 178  2.5  3.2  1.52 17.39 10.82 267 1020.2  13.5 999.0  12.7 99.0 99.00 
2024 03 21 21 50 183  2.7  3.5 99.00 99.00 99.00 999 1020.1  13.6 999.0  12.8 99.0 99.00 
2024 03 21 22 00 187  3.0  3.9 99.00 99.00 99.00 999 1020.0  13.5 999.0  12.7 99.0 99.00 
2024 03 21 22 10 191  3.3  3.9  1.40 19.05 10.28 294 1020.0  13.5 999.0  12.7 99.0 99.00 
2024 03 21 22 20 197  3.0  3.9 99.00 99.00 99.00 999 1019.8  13.5 999.0  12.6 99.0 99.00 
2024 03 21 22 30 201  2.7  3.4 99.00 99.00 99.00 999 1019.8  13.6 999.0  12.6 99.0 99.00 
2024 03 21 22 40 205  2.6  3.5  1.44 19.05 10.21 267 1019.7  13.6 999.0  12.6 99.0 99.00 
2024 03 21 22 50 204  2.8  3.4 99.00 99.00 99.00 999 1019.7  13.6 999.0  12.4 99.0 99.00 
2024 03 21 23 00 202  2.6  3.3 99.00 99.00 99.00 999 1019.7  13.6 999.0  12.3 99.0 99.00 
2024 03 21 23 10 201  2.6  3.2  1.33 17.39  9.52 253 1019.6  13.6 999.0  12.3 99.0 99.00 
2024 03 21 23 20 202  2.8  3.4 99.00 99.00 99.00 999 1019.6  13.7 999.0  12.4 99.0 99.00 
2024 03 21 23 30 199  2.8  3.5 99.00 99.00 99.00 999 1019.5  13.6 999.0  12.3 99.0 99.00 
2024 03 21 23 40 202  2.6  3.4  1.34 17.39  9.65 290 1019.4  13.7 999.0  12.5 99.0 99.00 
2024 03 21 23 50 198  2.8  3.3 99.00 99.00 99.00 999 1019.4  13.6 999.0  12.4 99.0 99.00 
2024 03 22 00 00 192  3.0  3.9 99.00 99.00 99.00 999 1019.3  13.5 999.0  12.4 99.0 99.00 
2024 03 22 00 10 190  3.1  3.8  1.51 17.39 10.34 278 1019.2  13.5 999.0  12.4 99.0 99.00 
2024 03 22 00 20 188  3.0  3.8 99.00 99.00 99.00 999 1019.2  13.5 999.0  12.5 99.0 99.00 
2024 03 22 00 30 182  2.9  3.6 99.00 99.00 99.00 999 1019.0  13.4 999.0  12.4 99.0 99.00 
2024 03 22 00 40 170  2.6  3.7  1.27 17.39  9.17 286 1019.0  13.5 999.0  12.5 99.0 99.00 
2024 03 22 00 50 161  2.4  3.3 99.00 99.00 99.00 999 1018.9  13.5 999.0  12.5 99.0 99.00 
2024 03 22 01 00 153  2.6  3.6 99.00 99.00 99.00 999 1018.7  13.6 999.0  12.5 99.0 99.00 
2024 03 22 01 10 156  2.6  3.3  1.59 17.39 10.91 282 1018.7  13.6 999.0  12.7 99.0 99.00 
2024 03 22 01 20 158  2.5  3.3 99.00 99.00 99.00 999 1018.7  13.5 999.0  12.7 99.0 99.00 
2024 03 22 01 30 164  2.4  3.3 99.00 99.00 99.00 999 1018.8  13.5 999.0  12.7 99.0 99.00 
2024 03 22 01 40 169  2.5  3.0  1.59 17.39 10.77 295 1018.8  13.5 999.0  12.7 99.0 99.00 
2024 03 22 01 50 174  2.6  3.4 99.00 99.00 99.00 999 1019.0  13.5 999.0  12.8 99.0 99.00 
2024 03 22 02 00 180  3.0  3.8 99.00 99.00 99.00 999 1019.0  13.3 999.0  12.6 99.0 99.00 
2024 03 22 02 10 193  3.1  3.8  1.40 17.39  9.74 280 1018.9  13.4 999.0  12.7 99.0 99.00 
2024 03 22 02 20 192  3.0  3.5 99.00 99.00 99.00 999 1019.0  13.3 999.0  12.6 99.0 99.00 
2024 03 22 02 30 196  2.6  3.3 99.00 99.00 99.00 999 1019.1  13.2 999.0  12.5 99.0 99.00 
2024 03 22 02 40 204  2.6  3.3  1.55 17.39 10.61 289 1018.9  13.2 999.0  12.6 99.0 99.00 
2024 03 22 02 50 195  2.2  2.9 99.00 99.00 99.00 999 1018.9  13.2 999.0  12.7 99.0 99.00 
2024 03 22 03 00 192  1.9  2.6 99.00 99.00 99.00 999 1019.0  13.2 999.0  12.7 99.0 99.00 
2024 03 22 03 10 198  2.0  2.8  1.51 17.39 10.29 288 1018.9  13.1 999.0  12.6 99.0 99.00 
2024 03 22 03 20 195  2.2  3.2 99.00 99.00 99.00 999 1018.9  13.1 999.0  12.6 99.0 99.00 
2024 03 22 03 30 195  2.2  3.3 99.00 99.00 99.00 999 1019.0  13.0 999.0  12.5 99.0 99.00 
2024 03 22 03 40 181  2.1  3.2  1.57 17.39 10.71 288 1018.9  13.0 999.0  12.5 99.0 99.00 
2024 03 22 03 50 159  1.5  2.2 99.00 99.00 99.00 999 1018.8  13.0 999.0  12.5 99.0 99.00 
2024 03 22 04 00 144  2.0  2.8 99.00 99.00 99.00 999 1018.6  13.0 999.0  12.5 99.0 99.00 
2024 03 22 04 10 147  2.4  3.5  1.49 17.39  9.90 262 1018.7  12.9 999.0  12.4 99.0 99.00 
2024 03 22 04 20 140  2.2  3.2 99.00 99.00 99.00 999 1018.7  13.0 999.0  12.5 99.0 99.00 
2024 03 22 04 30 133  2.5  3.6 99.00 99.00 99.00 999 1018.8  12.9 999.0  12.4 99.0 99.00 
2024 03 22 04 40 148  2.4  3.7  1.33 17.39  9.69 272 1018.9  13.0 999.0  12.5 99.0 99.00 
2024 03 22 04 50 147  2.7  3.8 99.00 99.00 99.00 999 1018.8  13.0 999.0  12.5 99.0 99.00 
2024 03 22 05 00 149  3.2  4.0 99.00 99.00 99.00 999 1018.9  12.9 999.0  12.4 99.0 99.00 
2024 03 22 05 10 152  3.0  4.1  1.46 17.39  9.93 269 1018.9  12.9 999.0  12.4 99.0 99.00 
2024 03 22 05 20 152  2.5  3.9 99.00 99.00 99.00 999 1018.8  12.8 999.0  12.4 99.0 99.00 
2024 03 22 05 30 135  2.2  3.4 99.00 99.00 99.00 999 1018.7  13.0 999.0  12.5 99.0 99.00 
2024 03 22 05 40 135  2.4  3.4  1.28 17.39  9.22 295 1018.4  13.0 999.0  12.5 99.0 99.00 
2024 03 22 05 50 135  2.4  3.3 99.00 99.00 99.00 999 1018.4  13.0 999.0  12.5 99.0 99.00 
2024 03 22 06 00 141  2.3  3.2 99.00 99.00 99.00 999 1018.5  12.9 999.0  12.4 99.0 99.00 
2024 03 22 06 10 129  2.4  3.0  1.44 17.39  9.84 295 1018.5  12.9 999.0  12.4 99.0 99.00 
2024 03 22 06 20 125  2.6  3.4 99.00 99.00 99.00 999 1018.6  12.9 999.0  12.4 99.0 99.00 
2024 03 22 06 30 140  2.4  3.3 99.00 99.00 99.00 999 1018.5  12.8 999.0  12.3 99.0 99.00 
2024 03 22 06 40 127  2.4  3.2  1.36 17.39  9.35 272 1018.5  12.8 999.0  12.3 99.0 99.00 
2024 03 22 06 50 111  3.3  4.8 99.00 99.00 99.00 999 1018.3  12.8 999.0  12.4 99.0 99.00 
2024 03 22 07 00 108  3.1  4.2 99.00 99.00 99.00 999 1018.2  12.8 999.0  12.4 99.0 99.00 
2024 03 22 07 10 102  3.2  4.1  1.48 16.00  9.90 291 1018.2  12.8 999.0  12.4 99.0 99.00 
2024 03 22 07 20 109  2.2  3.5 99.00 99.00 99.00 999 1018.2  12.8 999.0  12.4 99.0 99.00 
2024 03 22 07 30 117  2.2  3.0 99.00 99.00 99.00 999 1018.1  12.9 999.0  12.4 99.0 99.00 
2024 03 22 07 40 112  2.7  3.7  1.27 16.00  9.30 248 1018.0  12.9 999.0  12.4 99.0 99.00 
2024 03 22 07 50 110  2.9  3.8 99.00 99.00 99.00 999 1018.1  12.9 999.0  12.4 99.0 99.00 
2024 03 22 08 00 111  2.7  3.8 99.00 99.00 99.00 999 1018.2  12.9 999.0  12.4 99.0 99.00 
2024 03 22 08 10 121  2.6  3.7  1.45 16.00 10.16 254 1018.4  12.9 999.0  12.4 99.0 99.00 
2024 03 22 08 20 127  2.6  3.6 99.00 99.00 99.00 999 1018.4  13.0 999.0  12.6 99.0 99.00 
2024 03 22 08 30 128  3.3  4.8 99.00 99.00 99.00 999 1018.4  13.0 999.0  12.5 99.0 99.00 
2024 03 22 08 40 117  4.0  5.0  1.69 16.00 11.42 252 1018.2  13.0 999.0  12.6 99.0 99.00 
2024 03 22 08 50 114  4.6  5.8 99.00 99.00 99.00 999 1018.1  13.0 999.0  12.6 99.0 99.00 
2024 03 22 09 00 126  3.6  5.3 99.00 99.00 99.00 999 1018.3  13.0 999.0  12.6 99.0 99.00 
2024 03 22 09 10 127  3.7  4.7  1.21 17.39  9.35 266 1018.3  13.1 999.0  12.7 99.0 99.00 
2024 03 22 09 20 128  3.5  4.8 99.00 99.00 99.00 999 1018.2  13.1 999.0  12.7 99.0 99.00 
2024 03 22 09 30 134  4.0  4.9 99.00 99.00 99.00 999 1018.2  13.1 999.0  12.7 99.0 99.00 
2024 03 22 09 40 125  4.9  6.0  1.38 16.00 10.21 280 1017.8  13.1 999.0  12.7 99.0 99.00 
2024 03 22 09 50 120  5.0  6.1 99.00 99.00 99.00 999 1017.7  13.1 999.0  12.7 99.0 99.00 
2024 03 22 10 00 124  4.6  5.7 99.00 99.00 99.00 999 1017.8  13.1 999.0  12.7 99.0 99.00 
2024 03 22 10 10 127  4.1  5.5  1.47 16.00 10.58 258 1017.8  13.1 999.0  12.7 99.0 99.00 
2024 03 22 10 20 126  4.6  6.0 99.00 99.00 99.00 999 1017.6  13.1 999.0  12.7 99.0 99.00 
2024 03 22 10 30 128  4.3  5.5 99.00 99.00 99.00 999 1017.5  13.1 999.0  12.7 99.0 99.00 
2024 03 22 10 40 120  4.8  5.9  1.26 16.00  9.57 296 1017.1  13.1 999.0  12.7 99.0 99.00 
2024 03 22 10 50 121  4.8  6.0 99.00 99.00 99.00 999 1017.1  13.1 999.0  12.7 99.0 99.00 
2024 03 22 11 00 120  4.7  5.9 99.00 99.00 99.00 999 1017.0  13.1 999.0  12.7 99.0 99.00 
2024 03 22 11 10 115  5.3  6.5  1.08 16.00  8.11 285 1016.7  13.0 999.0  12.6 99.0 99.00 
2024 03 22 11 20 119  4.9  6.5 99.00 99.00 99.00 999 1016.9  13.0 999.0  12.6 99.0 99.00 
2024 03 22 11 30 117  4.8  6.8 99.00 99.00 99.00 999 1016.6  13.0 999.0  12.6 99.0 99.00 
2024 03 22 11 40 123  4.3  5.5  1.45 17.39  9.65 259 1016.7  13.1 999.0  12.7 99.0 99.00 
2024 03 22 11 50 122  4.4  5.6 99.00 99.00 99.00 999 1016.6  13.0 999.0  12.6 99.0 99.00 
2024 03 22 12 00 121  4.8  6.1 99.00 99.00 99.00 999 1016.4  13.0 999.0  12.6 99.0 99.00 
2024 03 22 12 10 122  5.4  7.0  1.63 16.00  9.62 268 1016.4  13.0 999.0  12.6 99.0 99.00 
2024 03 22 12 20 124  5.6  7.0 99.00 99.00 99.00 999 1016.2  13.0 999.0  12.6 99.0 99.00 
2024 03 22 12 30 128  5.7  7.5 99.00 99.00 99.00 999 1016.3  13.0 999.0  12.6 99.0 99.00 
2024 03 22 12 40 128  6.5  7.9  1.19 16.00  7.66 270 1016.1  13.1 999.0  12.7 99.0 99.00 
2024 03 22 12 50 123  6.4  8.2 99.00 99.00 99.00 999 1016.0  13.1 999.0  12.7 99.0 99.00 
2024 03 22 13 00 127  6.5  8.1 99.00 99.00 99.00 999 1016.1  13.1 999.0  12.7 99.0 99.00 
2024 03 22 13 10 133  6.5  7.9  1.45 16.00  7.99 264 1016.1  13.1 999.0  12.7 99.0 99.00 
2024 03 22 13 20 136  6.4  8.1 99.00 99.00 99.00 999 1016.4  13.1 999.0  12.7 99.0 99.00 
2024 03 22 13 30 138  6.6  8.3 99.00 99.00 99.00 999 1016.2  13.2 999.0  12.8 99.0 99.00 
2024 03 22 13 40 141  6.7  8.2  1.39 17.39  7.40 274 1016.2  13.2 999.0  12.8 99.0 99.00 
2024 03 22 13 50 141  6.6  8.1 99.00 99.00 99.00 999 1016.1  13.2 999.0  12.8 99.0 99.00 
2024 03 22 14 00 142  6.5  7.7 99.00 99.00 99.00 999 1016.0  13.2 999.0  12.8 99.0 99.00 
2024 03 22 14 10 142  6.9  8.5  1.51 16.00  7.06 274 1016.0  13.2 999.0  12.8 99.0 99.00 
2024 03 22 14 20 142  7.1  8.7 99.00 99.00 99.00 999 1015.9  13.3 999.0  12.9 99.0 99.00 
2024 03 22 14 30 141  7.3  9.4 99.00 99.00 99.00 999 1015.8  13.3 999.0  12.9 99.0 99.00 
2024 03 22 14 40 141  7.1  8.5  1.58 16.00  7.08 254 1015.8  13.3 999.0  12.9 99.0 99.00 
2024 03 22 14 50 142  7.4  9.0 99.00 99.00 99.00 999 1015.7  13.2 999.0  12.8 99.0 99.00 
2024 03 22 15 00 139  7.5  9.1 99.00 99.00 99.00 999 1015.6  13.2 999.0  12.8 99.0 99.00 
2024 03 22 15 10 138  7.5  9.3  1.39 16.00  6.06 255 1015.5  13.2 999.0  12.8 99.0 99.00 
2024 03 22 15 20 143  7.7  9.4 99.00 99.00 99.00 999 1015.7  13.2 999.0  12.8 99.0 99.00 
2024 03 22 15 30 145  7.1  8.7 99.00 99.00 99.00 999 1015.9  13.2 999.0  12.9 99.0 99.00 
2024 03 22 15 40 146  7.1  8.9  1.70 16.00  6.75 255 1015.9  13.2 999.0  13.0 99.0 99.00 
2024 03 22 15 50 140  7.0  8.4 99.00 99.00 99.00 999 1015.7  13.2 999.0  13.0 99.0 99.00 
2024 03 22 16 00 140  7.0  8.5 99.00 99.00 99.00 999 1015.9  13.2 999.0  13.0 99.0 99.00 
2024 03 22 16 10 142  6.6  8.1  1.49 16.00  6.27 249 1015.8  13.3 999.0  13.1 99.0 99.00 
2024 03 22 16 20 142  6.8  8.2 99.00 99.00 99.00 999 1015.6  13.2 999.0  13.0 99.0 99.00 
2024 03 22 16 30 143  7.0  8.9 99.00 99.00 99.00 999 1015.6  13.2 999.0  13.0 99.0 99.00 
2024 03 22 16 40 147  6.9  8.4  1.82 16.00  7.00 276 1015.7  13.2 999.0  13.0 99.0 99.00 
2024 03 22 16 50 155  6.8  8.6 99.00 99.00 99.00 999 1015.8  13.2 999.0  13.0 99.0 99.00 
2024 03 22 17 00 156  6.8  8.1 99.00 99.00 99.00 999 1015.7  13.2 999.0  13.0 99.0 99.00 
2024 03 22 17 10 156  7.3  9.0  1.51 16.00  5.97 268 1015.6  13.3 999.0  13.1 99.0 99.00 
2024 03 22 17 20 157  8.3  9.8 99.00 99.00 99.00 999 1015.4  13.3 999.0  13.1 99.0 99.00 
2024 03 22 17 30 158  8.2 10.3 99.00 99.00 99.00 999 1015.4  13.3 999.0  13.1 99.0 99.00 
2024 03 22 17 40 159  8.0  9.7  1.68 17.39  6.11 245 1015.3  13.3 999.0  13.1 99.0 99.00 
2024 03 22 17 50 156  7.5  9.3 99.00 99.00 99.00 999 1015.2  13.4 999.0  13.1 99.0 99.00 
2024 03 22 18 00 155  8.4 10.3 99.00 99.00 99.00 999 1015.1  13.4 999.0  13.0 99.0 99.00 
2024 03 22 18 10 158  8.2 10.0  1.64 16.00  5.98 278 1015.2  13.4 999.0  13.0 99.0 99.00 
2024 03 22 18 20 162  7.8 10.2 99.00 99.00 99.00 999 1015.2  13.4 999.0  13.1 99.0 99.00 
2024 03 22 18 30 160  8.0  9.5 99.00 99.00 99.00 999 1015.2  13.4 999.0  13.2 99.0 99.00 
2024 03 22 18 40 162  7.9 10.0  1.68 16.00  5.64 294 1015.0  13.4 999.0  13.2 99.0 99.00 
2024 03 22 18 50 161  7.7  9.4 99.00 99.00 99.00 999 1014.8  13.4 999.0  13.2 99.0 99.00 
2024 03 22 19 00 160  8.2 10.5 99.00 99.00 99.00 999 1014.8  13.4 999.0  13.2 99.0 99.00 
2024 03 22 19 10 163  8.2 10.7  1.61 16.00  5.39 314 1014.7  13.4 999.0  13.2 99.0 99.00 
2024 03 22 19 20 160  7.9  9.6 99.00 99.00 99.00 999 1014.6  13.4 999.0  13.2 99.0 99.00 
2024 03 22 19 30 161  8.4 10.2 99.00 99.00 99.00 999 1014.5  13.4 999.0  13.2 99.0 99.00 
2024 03 22 19 40 163  8.0  9.6  1.95 16.00  6.10 246 1014.4  13.4 999.0  13.2 99.0 99.00 
2024 03 22 19 50 164  8.7 10.7 99.00 99.00 99.00 999 1014.2  13.4 999.0  13.2 99.0 99.00 
2024 03 22 20 00 170  8.6 11.1 99.00 99.00 99.00 999 1014.2  13.4 999.0  13.3 99.0 99.00 
2024 03 22 20 10 173  8.0 10.2  2.11 16.00  6.63 269 1014.1  13.4 999.0  13.3 99.0 99.00 
2024 03 22 20 20 168  8.7 10.9 99.00 99.00 99.00 999 1014.0  13.4 999.0  13.3 99.0 99.00 
2024 03 22 20 30 168  8.4 10.5 99.00 99.00 99.00 999 1013.9  13.4 999.0  13.3 99.0 99.00 
2024 03 22 20 40 166  8.5 10.3  1.78 16.00  5.74 270 1013.8  13.4 999.0  13.3 99.0 99.00 
2024 03 22 20 50 168  8.5 10.5 99.00 99.00 99.00 999 1013.7  13.4 999.0  13.3 99.0 99.00 
2024 03 22 21 00 168  8.7 11.2 99.00 99.00 99.00 999 1013.5  13.4 999.0  13.3 99.0 99.00 
2024 03 22 21 10 168  8.8 10.4  1.93 16.00  6.07 267 1013.3  13.4 999.0  13.3 99.0 99.00 
2024 03 22 21 20 172  8.9 10.8 99.00 99.00 99.00 999 1013.3  13.4 999.0  13.3 99.0 99.00 
2024 03 22 21 30 176  9.0 11.5 99.00 99.00 99.00 999 1013.2  13.4 999.0  13.3 99.0 99.00 
2024 03 22 21 40 177  8.8 10.9  1.90 16.00  5.93 304 1013.2  13.4 999.0  13.3 99.0 99.00 
2024 03 22 21 50 190  7.9  9.9 99.00 99.00 99.00 999 1013.2  13.3 999.0  13.2 99.0 99.00 
2024 03 22 22 00 226  5.3  8.1 99.00 99.00 99.00 999 1013.1  12.4 999.0  12.3 99.0 99.00 
2024 03 22 22 10 219  4.4  5.8  1.80 14.81  5.91 274 1012.9  12.2 999.0  12.1 99.0 99.00 
2024 03 22 22 20 228  5.2  7.8 99.00 99.00 99.00 999 1012.6  12.1 999.0  12.0 99.0 99.00 
2024 03 22 22 30 226  5.0  6.8 99.00 99.00 99.00 999 1012.8  12.1 999.0  12.0 99.0 99.00 
2024 03 22 22 40 230  5.5  7.6  2.17 16.00  6.84 263 1012.8  12.1 999.0  12.0 99.0 99.00 
2024 03 22 22 50 240  5.5  7.5 99.00 99.00 99.00 999 1012.5  12.0 999.0  11.9 99.0 99.00 
2024 03 22 23 00 246  6.2  8.7 99.00 99.00 99.00 999 1012.5  11.8 999.0  11.7 99.0 99.00 
2024 03 22 23 10 257  6.9  8.2  1.94 16.00  6.61 253 1012.5  11.2 999.0  11.1 99.0 99.00 
2024 03 22 23 20 261  7.2  8.6 99.00 99.00 99.00 999 1012.4  11.3 999.0  11.2 99.0 99.00 
2024 03 22 23 30 261  7.2  9.0 99.00 99.00 99.00 999 1012.3  11.3 999.0  11.2 99.0 99.00 
2024 03 22 23 40 259  6.5  8.9  1.78 16.00  6.48 262 1012.1  11.1 999.0  10.9 99.0 99.00 
2024 03 22 23 50 255  4.9  6.4 99.00 99.00 99.00 999 1011.8  11.0 999.0  10.8 99.0 99.00 
2024 03 23 00 00 250  5.3  6.8 99.00 99.00 99.00 999 1012.1  11.1 999.0  10.8 99.0 99.00 
2024 03 23 00 10 242  4.6  6.3  1.75 14.81  6.46 292 1012.0  11.1 999.0  10.8 99.0 99.00 
2024 03 23 00 20 236  5.0  6.1 99.00 99.00 99.00 999 1012.0  11.2 999.0  10.9 99.0 99.00 
2024 03 23 00 30 241  4.8  6.0 99.00 99.00 99.00 999 1011.8  11.3 999.0  11.1 99.0 99.00 
2024 03 23 00 40 234  5.0  6.0  1.90 16.00  7.21 267 1011.8  11.4 999.0  11.2 99.0 99.00 
2024 03 23 00 50 232  4.7  6.0 99.00 99.00 99.00 999 1011.7  11.5 999.0  11.3 99.0 99.00 
2024 03 23 01 00 238  4.9  6.4 99.00 99.00 99.00 999 1011.6  11.6 999.0  11.3 99.0 99.00 
2024 03 23 01 10 233  4.5  5.7  1.64 14.81  6.93 285 1011.7  11.6 999.0  11.2 99.0 99.00 
2024 03 23 01 20 254  4.2  5.5 99.00 99.00 99.00 999 1011.1  11.6 999.0  11.0 99.0 99.00 
2024 03 23 01 30 251  3.2  4.4 99.00 99.00 99.00 999 1011.3  11.5 999.0  10.8 99.0 99.00 
2024 03 23 01 40 237  3.0  3.9  1.78 14.81  7.27 273 1011.6  11.7 999.0  10.9 99.0 99.00 
2024 03 23 01 50 231  3.3  4.6 99.00 99.00 99.00 999 1011.7  12.0 999.0  11.4 99.0 99.00 
2024 03 23 02 00 227  3.6  4.6 99.00 99.00 99.00 999 1011.8  12.1 999.0  11.6 99.0 99.00 
2024 03 23 02 10 226  3.7  4.6  1.74 16.00  7.05 279 1011.8  12.2 999.0  11.6 99.0 99.00 
2024 03 23 02 20 223  3.9  5.0 99.00 99.00 99.00 999 1011.7  12.3 999.0  11.8 99.0 99.00 
2024 03 23 02 30 231  4.2  5.4 99.00 99.00 99.00 999 1011.7  12.4 999.0  11.9 99.0 99.00 
2024 03 23 02 40 245  4.3  5.5  1.93 14.81  7.38 276 1011.5  12.6 999.0  12.1 99.0 99.00 
2024 03 23 02 50 261  5.3  6.9 99.00 99.00 99.00 999 1011.4  12.3 999.0  11.4 99.0 99.00 
2024 03 23 03 00 271  5.3  6.5 99.00 99.00 99.00 999 1011.2  12.4 999.0  10.5 99.0 99.00 
2024 03 23 03 10 271  5.0  6.8  1.80 16.00  6.85 278 1011.2  12.7 999.0  10.5 99.0 99.00 
2024 03 23 03 20 266  4.5  5.7 99.00 99.00 99.00 999 1011.3  12.8 999.0  10.6 99.0 99.00 
2024 03 23 03 30 265  4.3  5.8 99.00 99.00 99.00 999 1011.3  12.9 999.0  10.8 99.0 99.00 
2024 03 23 03 40 266  3.9  5.3  1.90 14.81  7.01 281 1011.3  12.9 999.0  10.9 99.0 99.00 
2024 03 23 03 50 262  3.9  5.6 99.00 99.00 99.00 999 1011.2  12.9 999.0  10.8 99.0 99.00 
2024 03 23 04 00 262  3.8  5.3 99.00 99.00 99.00 999 1011.3  12.9 999.0  10.6 99.0 99.00 
2024 03 23 04 10 260  4.0  5.8  1.85 14.81  7.11 293 1011.4  12.9 999.0  10.6 99.0 99.00 
2024 03 23 04 20 258  5.6  8.4 99.00 99.00 99.00 999 1011.3  12.9 999.0  10.3 99.0 99.00 
2024 03 23 04 30 262  6.0  7.6 99.00 99.00 99.00 999 1011.4  13.0 999.0  10.4 99.0 99.00 
2024 03 23 04 40 267  5.3  6.7  1.75 13.79  6.39 300 1011.5  12.9 999.0  10.4 99.0 99.00 
2024 03 23 04 50 277  5.0  7.2 99.00 99.00 99.00 999 1011.6  12.8 999.0  10.2 99.0 99.00 
2024 03 23 05 00 267  5.5  7.6 99.00 99.00 99.00 999 1011.4  12.9 999.0  10.2 99.0 99.00 
2024 03 23 05 10 267  6.2  8.4  1.95 16.00  6.69 284 1011.4  12.9 999.0   9.9 99.0 99.00 
2024 03 23 05 20 264  5.6  7.4 99.00 99.00 99.00 999 1011.4  12.9 999.0   9.9 99.0 99.00 
2024 03 23 05 30 258  5.5  6.9 99.00 99.00 99.00 999 1011.5  12.9 999.0   9.9 99.0 99.00 
2024 03 23 05 40 255  5.3  7.3  1.75 13.79  6.33 279 1011.4  12.9 999.0  10.2 99.0 99.00 
2024 03 23 05 50 255  5.8  7.2 99.00 99.00 99.00 999 1011.3  12.9 999.0  10.0 99.0 99.00 
2024 03 23 06 00 253  5.3  7.1 99.00 99.00 99.00 999 1011.3  12.9 999.0  10.1 99.0 99.00 
2024 03 23 06 10 256  6.0  7.7  1.95 13.79  6.65 275 1011.2  12.9 999.0   9.8 99.0 99.00 
2024 03 23 06 20 257  6.0  7.3 99.00 99.00 99.00 999 1011.2  12.9 999.0   9.8 99.0 99.00 
2024 03 23 06 30 252  5.5  6.8 99.00 99.00 99.00 999 1011.1  12.9 999.0  10.1 99.0 99.00 
2024 03 23 06 40 248  5.8  8.0  2.09 14.81  6.85 277 1011.1  12.9 999.0  10.2 99.0 99.00 
2024 03 23 06 50 249  5.8  7.8 99.00 99.00 99.00 999 1011.0  12.9 999.0  10.2 99.0 99.00 
2024 03 23 07 00 249  5.8  8.2 99.00 99.00 99.00 999 1010.9  12.9 999.0  10.3 99.0 99.00 
2024 03 23 07 10 254  6.7  8.9  2.39 14.81  7.30 287 1010.9  12.7 999.0   9.9 99.0 99.00 
2024 03 23 07 20 252  6.7  9.0 99.00 99.00 99.00 999 1010.8  12.7 999.0   9.8 99.0 99.00 
2024 03 23 07 30 244  6.0  8.4 99.00 99.00 99.00 999 1010.7  12.7 999.0  10.1 99.0 99.00 
2024 03 23 07 40 243  6.4  8.7  2.49 10.00  6.97 274 1010.7  12.7 999.0  10.2 99.0 99.00 
2024 03 23 07 50 245  7.2  9.9 99.00 99.00 99.00 999 1010.7  12.7 999.0  10.1 99.0 99.00 
2024 03 23 08 00 247  7.4  9.5 99.00 99.00 99.00 999 1010.7  12.7 999.0   9.8 99.0 99.00 
2024 03 23 08 10 250  7.0  9.3  2.69 10.00  7.37 274 1010.7  12.7 999.0  10.2 99.0 99.00 
2024 03 23 08 20 249  7.1  8.9 99.00 99.00 99.00 999 1010.6  12.7 999.0  10.4 99.0 99.00 
2024 03 23 08 30 251  6.9  9.6 99.00 99.00 99.00 999 1010.6  12.6 999.0  10.4 99.0 99.00 
2024 03 23 08 40 244  6.9  9.4  2.76 10.00  7.40 275 1010.6  12.6 999.0  10.4 99.0 99.00 
2024 03 23 08 50 244  6.4  8.8 99.00 99.00 99.00 999 1010.6  12.5 999.0  10.6 99.0 99.00 
2024 03 23 09 00 242  7.7 10.4 99.00 99.00 99.00 999 1010.6  12.5 999.0  10.1 99.0 99.00 
2024 03 23 09 10 243  8.2 10.3  2.96 10.00  7.44 262 1010.5  12.6 999.0  10.0 99.0 99.00 
2024 03 23 09 20 247  7.8 10.2 99.00 99.00 99.00 999 1010.5  12.6 999.0  10.1 99.0 99.00 
2024 03 23 09 30 248  7.2  9.2 99.00 99.00 99.00 999 1010.4  12.6 999.0  10.2 99.0 99.00 
2024 03 23 09 40 244  7.4  9.5  3.10 10.00  7.64 275 1010.4  12.6 999.0  10.1 99.0 99.00 
2024 03 23 09 50 247  7.8  9.8 99.00 99.00 99.00 999 1010.4  12.6 999.0  10.1 99.0 99.00 
2024 03 23 10 00 246  7.3 10.2 99.00 99.00 99.00 999 1010.4  12.7 999.0  10.5 99.0 99.00 
2024 03 23 10 10 241  7.1  9.1  3.40 10.00  7.91 272 1010.4  12.6 999.0  10.5 99.0 99.00 
2024 03 23 10 20 247  7.2  9.0 99.00 99.00 99.00 999 1010.4  12.5 999.0  10.5 99.0 99.00 
2024 03 23 10 30 241  7.1  9.5 99.00 99.00 99.00 999 1010.3  12.5 999.0  10.6 99.0 99.00 
2024 03 23 10 40 242  7.6  9.7  3.34 11.43  7.80 273 1010.2  12.3 999.0  10.1 99.0 99.00 
2024 03 23 10 50 246  7.3  9.3 99.00 99.00 99.00 999 1010.3  12.4 999.0  10.1 99.0 99.00 
2024 03 23 11 00 243  6.9  9.2 99.00 99.00 99.00 999 1010.1  12.4 999.0  10.2 99.0 99.00 
2024 03 23 11 10 240  7.0  9.2  3.52 11.43  7.90 273 1010.1  12.4 999.0  10.1 99.0 99.00 
2024 03 23 11 20 242  6.4  8.2 99.00 99.00 99.00 999 1010.0  12.4 999.0  10.2 99.0 99.00 
2024 03 23 11 30 239  6.6  8.9 99.00 99.00 99.00 999 1009.9  12.5 999.0  10.2 99.0 99.00 
2024 03 23 11 40 235  6.7  9.0  3.42 11.43  7.99 278 1009.9  12.5 999.0  10.2 99.0 99.00 
2024 03 23 11 50 232  7.0 10.8 99.00 99.00 99.00 999 1009.8  12.4 999.0  10.2 99.0 99.00 
2024 03 23 12 00 233  6.2  9.6 99.00 99.00 99.00 999 1009.8  11.6 999.0  10.2 99.0 99.00 
2024 03 23 12 10 241  5.5  7.6  3.26 12.12  7.70 270 1009.8  12.0 999.0  10.2 99.0 99.00 
2024 03 23 12 20 244  6.9  9.1 99.00 99.00 99.00 999 1009.8  12.2 999.0   9.9 99.0 99.00 
2024 03 23 12 30 248  5.5  7.7 99.00 99.00 99.00 999 1010.0  12.4 999.0  10.3 99.0 99.00 
2024 03 23 12 40 243  5.3  7.5  3.07 10.00  7.73 270 1010.0  12.3 999.0  10.3 99.0 99.00 
2024 03 23 12 50 236  5.9  8.1 99.00 99.00 99.00 999 1009.9  12.4 999.0  10.3 99.0 99.00 
2024 03 23 13 00 238  7.0  9.8 99.00 99.00 99.00 999 1010.0  12.4 999.0  10.3 99.0 99.00 
2024 03 23 13 10 226  8.1 10.5  3.35 11.43  7.96 269 1010.0  11.6 999.0   9.8 99.0 99.00 
2024 03 23 13 20 221  7.3  9.1 99.00 99.00 99.00 999 1010.1  11.2 999.0   9.7 99.0 99.00 
2024 03 23 13 30 221  6.1  8.4 99.00 99.00 99.00 999 1010.1  11.4 999.0  10.0 99.0 99.00 
2024 03 23 13 40 223  4.9  6.4  3.12 12.12  7.99 274 1010.1  11.6 999.0  10.2 99.0 99.00 
2024 03 23 13 50 228  4.7  6.8 99.00 99.00 99.00 999 1010.1  11.7 999.0  10.4 99.0 99.00 
2024 03 23 14 00 227  4.5  6.4 99.00 99.00 99.00 999 1010.1  11.5 999.0  10.0 99.0 99.00 
2024 03 23 14 10 220  4.1  5.8  3.09 10.81  7.99 271 1010.0  11.9 999.0  10.5 99.0 99.00 
2024 03 23 14 20 233  5.7  8.7 99.00 99.00 99.00 999 1010.0  11.6 999.0  10.1 99.0 99.00 
2024 03 23 14 30 245  5.5  8.1 99.00 99.00 99.00 999 1010.0  11.8 999.0   9.9 99.0 99.00 
2024 03 23 14 40 248  5.7  8.1  2.88 10.00  7.55 280 1010.0  12.0 999.0  10.1 99.0 99.00 
2024 03 23 14 50 248  6.2  8.6 99.00 99.00 99.00 999 1010.0  11.8 999.0  10.1 99.0 99.00 
2024 03 23 15 00 247  4.9  6.7 99.00 99.00 99.00 999 1010.1  11.9 999.0  10.0 99.0 99.00 
2024 03 23 15 10 242  6.4  8.9  2.92 10.81  7.56 275 1010.2  11.9 999.0   9.7 99.0 99.00 
2024 03 23 15 20 245  5.1  7.2 99.00 99.00 99.00 999 1010.2  12.1 999.0  10.2 99.0 99.00 
2024 03 23 15 30 248  5.3  7.4 99.00 99.00 99.00 999 1010.3  12.0 999.0   9.9 99.0 99.00 
2024 03 23 15 40 246  5.7  7.4  3.05 12.12  7.80 269 1010.3  12.1 999.0   9.9 99.0 99.00 
2024 03 23 15 50 247  5.8  7.6 99.00 99.00 99.00 999 1010.3  12.2 999.0  10.0 99.0 99.00 
2024 03 23 16 00 246  5.0  6.8 99.00 99.00 99.00 999 1010.3  12.4 999.0  10.4 99.0 99.00 
2024 03 23 16 10 239  5.0  6.5  2.81 12.12  7.27 280 1010.3  12.3 999.0  10.4 99.0 99.00 
2024 03 23 16 20 235  4.8  6.4 99.00 99.00 99.00 999 1010.3  12.3 999.0  10.5 99.0 99.00 
2024 03 23 16 30 236  4.9  6.8 99.00 99.00 99.00 999 1010.2  12.3 999.0  10.5 99.0 99.00 
2024 03 23 16 40 256  6.4  9.8  3.18 11.43  7.90 278 1010.4  12.1 999.0   9.8 99.0 99.00 
2024 03 23 16 50 261  7.7 10.5 99.00 99.00 99.00 999 1010.6  11.1 999.0   9.4 99.0 99.00 
2024 03 23 17 00 253  5.0  7.6 99.00 99.00 99.00 999 1010.5  10.8 999.0   9.0 99.0 99.00 
2024 03 23 17 10 254  4.2  5.9  2.96 12.12  7.49 274 1010.5  11.2 999.0   9.2 99.0 99.00 
2024 03 23 17 20 243  3.8  5.4 99.00 99.00 99.00 999 1010.7  11.4 999.0   9.6 99.0 99.00 
2024 03 23 17 30 232  3.2  4.6 99.00 99.00 99.00 999 1010.7  11.5 999.0   9.8 99.0 99.00 
2024 03 23 17 40 213  3.2  4.6  3.09 12.12  7.48 275 1010.8  11.6 999.0  10.1 99.0 99.00 
2024 03 23 17 50 218  3.3  4.8 99.00 99.00 99.00 999 1010.8  11.7 999.0  10.3 99.0 99.00 
2024 03 23 18 00 221  4.1  6.3 99.00 99.00 99.00 999 1010.9  11.7 999.0  10.1 99.0 99.00 
2024 03 23 18 10 230  4.8  6.5  3.13 10.81  7.65 279 1010.8  11.7 999.0   9.6 99.0 99.00 
2024 03 23 18 20 224  4.5  6.0 99.00 99.00 99.00 999 1010.8  12.0 999.0   9.9 99.0 99.00 
2024 03 23 18 30 218  6.0  8.3 99.00 99.00 99.00 999 1010.8  12.0 999.0   9.8 99.0 99.00 
2024 03 23 18 40 215  5.8  7.1  3.01 10.81  7.92 280 1010.8  11.9 999.0   9.5 99.0 99.00 
2024 03 23 18 50 217  5.5  7.2 99.00 99.00 99.00 999 1010.7  12.2 999.0  10.0 99.0 99.00 
2024 03 23 19 00 225  6.3 10.6 99.00 99.00 99.00 999 1010.6  12.2 999.0  10.1 99.0 99.00 
2024 03 23 19 10 224  5.9  9.0  3.11 10.81  7.86 280 1010.6  11.4 999.0   9.3 99.0 99.00 
2024 03 23 19 20 233  6.1  8.4 99.00 99.00 99.00 999 1010.6  11.9 999.0   9.6 99.0 99.00 
2024 03 23 19 30 228  6.4  8.4 99.00 99.00 99.00 999 1010.6  12.1 999.0   9.2 99.0 99.00 
2024 03 23 19 40 234  5.3  6.5  3.08 12.12  7.90 281 1010.6  12.2 999.0   9.3 99.0 99.00 
2024 03 23 19 50 237  5.2  7.7 99.00 99.00 99.00 999 1010.7  12.4 999.0  10.0 99.0 99.00 
2024 03 23 20 00 226  4.6  6.4 99.00 99.00 99.00 999 1010.5  12.2 999.0  10.3 99.0 99.00 
2024 03 23 20 10 219  4.7  7.0  2.96 11.43  7.78 276 1010.4  12.3 999.0  10.5 99.0 99.00 
2024 03 23 20 20 228  5.2  6.9 99.00 99.00 99.00 999 1010.4  12.5 999.0  10.7 99.0 99.00 
2024 03 23 20 30 234  6.0  8.4 99.00 99.00 99.00 999 1010.3  12.5 999.0  10.4 99.0 99.00 
2024 03 23 20 40 239  6.5  8.9  2.97 10.81  7.72 280 1010.2  12.6 999.0  10.3 99.0 99.00 
2024 03 23 20 50 240  7.6 10.1 99.00 99.00 99.00 999 1010.2  12.6 999.0  10.4 99.0 99.00 
2024 03 23 21 00 243  7.3  9.6 99.00 99.00 99.00 999 1010.1  12.5 999.0  10.4 99.0 99.00 
2024 03 23 21 10 243  6.5  8.5  2.96 10.81  7.57 266 1010.0  12.5 999.0  10.4 99.0 99.00 
2024 03 23 21 20 240  6.3  8.0 99.00 99.00 99.00 999 1009.9  12.5 999.0  10.5 99.0 99.00 
2024 03 23 21 30 251  6.4  8.3 99.00 99.00 99.00 999 1009.9  12.5 999.0  10.4 99.0 99.00 
2024 03 23 21 40 254  7.0  9.6  3.21 11.43  7.98 280 1009.8  12.6 999.0  10.3 99.0 99.00 
2024 03 23 21 50 246  7.4  9.1 99.00 99.00 99.00 999 1009.6  12.5 999.0  10.5 99.0 99.00 
2024 03 23 22 00 248  7.1  9.2 99.00 99.00 99.00 999 1009.6  12.5 999.0  10.3 99.0 99.00 
2024 03 23 22 10 248  6.8  9.3  3.11 10.00  7.74 274 1009.5  12.6 999.0  10.7 99.0 99.00 
2024 03 23 22 20 246  6.8  9.1 99.00 99.00 99.00 999 1009.5  12.6 999.0  10.8 99.0 99.00 
2024 03 23 22 30 253  6.8  8.6 99.00 99.00 99.00 999 1009.5  12.6 999.0  10.8 99.0 99.00 
2024 03 23 22 40 255  6.9  9.0  3.03 12.12  7.59 278 1009.4  12.6 999.0  10.6 99.0 99.00 
2024 03 23 22 50 256  7.2  9.0 99.00 99.00 99.00 999 1009.3  12.6 999.0  10.6 99.0 99.00 
2024 03 23 23 00 252  7.2  9.0 99.00 99.00 99.00 999 1009.3  12.6 999.0  10.7 99.0 99.00 
2024 03 23 23 10 253  7.4  9.4  2.91 10.81  7.48 277 1009.2  12.4 999.0  10.5 99.0 99.00 
2024 03 23 23 20 258  7.3  9.2 99.00 99.00 99.00 999 1009.2  12.6 999.0  10.9 99.0 99.00 
2024 03 23 23 30 267  8.0 10.6 99.00 99.00 99.00 999 1009.3  12.2 999.0  10.3 99.0 99.00 
2024 03 23 23 40 268  7.4  9.5  2.75 10.81  7.48 277 1009.2  12.4 999.0  10.4 99.0 99.00 
2024 03 23 23 50 266  6.9  8.9 99.00 99.00 99.00 999 1009.2  12.6 999.0  10.8 99.0 99.00 
2024 03 24 00 00 266  7.3  9.3 99.00 99.00 99.00 999 1009.2  12.6 999.0  10.8 99.0 99.00 
2024 03 24 00 10 261  7.2  9.1  2.71 10.81  7.50 276 1009.1  12.7 999.0  10.9 99.0 99.00 
2024 03 24 00 20 269  7.7 10.1 99.00 99.00 99.00 999 1009.0  12.7 999.0  10.6 99.0 99.00 
2024 03 24 00 30 274  8.0 10.5 99.00 99.00 99.00 999 1009.0  12.7 999.0  10.3 99.0 99.00 
2024 03 24 00 40 276  8.0 10.1  2.72 12.90  7.39 284 1008.8  12.7 999.0  10.3 99.0 99.00 
2024 03 24 00 50 275  8.3 11.0 99.00 99.00 99.00 999 1008.8  12.7 999.0  10.3 99.0 99.00 
2024 03 24 01 00 277  7.3  9.5 99.00 99.00 99.00 999 1008.8  12.7 999.0  10.4 99.0 99.00 
2024 03 24 01 10 276  7.0 10.0  2.64 10.00  7.38 280 1008.9  12.8 999.0  10.8 99.0 99.00 
2024 03 24 01 20 276  8.2 10.4 99.00 99.00 99.00 999 1008.9  12.6 999.0  10.4 99.0 99.00 
2024 03 24 01 30 277  8.0 10.0 99.00 99.00 99.00 999 1008.9  12.6 999.0  10.5 99.0 99.00 
2024 03 24 01 40 276  8.3 11.8  2.57 12.12  7.35 287 1009.0  12.5 999.0  10.6 99.0 99.00 
2024 03 24 01 50 277  8.3 10.7 99.00 99.00 99.00 999 1008.9  12.4 999.0  10.5 99.0 99.00 
2024 03 24 02 00 279  8.6 10.7 99.00 99.00 99.00 999 1008.9  12.4 999.0  10.5 99.0 99.00 
2024 03 24 02 10 281  8.7 10.8  2.58 10.81  7.29 278 1008.9  12.4 999.0  10.3 99.0 99.00 
2024 03 24 02 20 283  8.9 10.8 99.00 99.00 99.00 999 1008.9  12.4 999.0  10.3 99.0 99.00 
2024 03 24 02 30 282  8.2 10.8 99.00 99.00 99.00 999 1008.9  12.4 999.0  10.4 99.0 99.00 
2024 03 24 02 40 277  8.7 10.6  2.55 10.00  7.00 284 1008.9  12.2 999.0  10.1 99.0 99.00 
2024 03 24 02 50 279  7.9 10.2 99.00 99.00 99.00 999 1008.9  12.0 999.0   9.9 99.0 99.00 
2024 03 24 03 00 282  8.2 10.7 99.00 99.00 99.00 999 1008.9  12.0 999.0  10.0 99.0 99.00 
2024 03 24 03 10 285  8.3 10.9  2.62 13.79  7.04 275 1008.8  12.0 999.0   9.8 99.0 99.00 
2024 03 24 03 20 286  8.1 10.4 99.00 99.00 99.00 999 1008.8  12.0 999.0  10.0 99.0 99.00 
2024 03 24 03 30 278  8.3 11.7 99.00 99.00 99.00 999 1008.8  12.0 999.0  10.0 99.0 99.00 
2024 03 24 03 40 288  9.0 14.1  2.87 10.81  7.19 286 1008.9  11.7 999.0  10.1 99.0 99.00 
2024 03 24 03 50 283  8.3 10.8 99.00 99.00 99.00 999 1008.8  12.0 999.0  10.2 99.0 99.00 
2024 03 24 04 00 282  9.3 13.2 99.00 99.00 99.00 999 1008.9  11.8 999.0  10.2 99.0 99.00 
2024 03 24 04 10 285  9.3 11.9  2.68 10.81  6.94 282 1009.0  11.1 999.0   9.4 99.0 99.00 
2024 03 24 04 20 285  8.4 11.4 99.00 99.00 99.00 999 1009.0  11.3 999.0   9.8 99.0 99.00 
2024 03 24 04 30 281  7.8 10.5 99.00 99.00 99.00 999 1009.0  11.4 999.0   9.9 99.0 99.00 
2024 03 24 04 40 285  7.9 10.1  2.84 12.90  7.28 279 1009.0  11.6 999.0   9.7 99.0 99.00 
2024 03 24 04 50 281  8.3 10.5 99.00 99.00 99.00 999 1009.0  11.7 999.0  10.1 99.0 99.00 
2024 03 24 05 00 279  7.5 10.0 99.00 99.00 99.00 999 1009.0  11.7 999.0  10.3 99.0 99.00 
2024 03 24 05 10 278  7.5  9.4  2.68 10.00  7.02 294 1009.0  11.8 999.0  10.4 99.0 99.00 
2024 03 24 05 20 281  8.2 10.3 99.00 99.00 99.00 999 1008.9  11.9 999.0  10.2 99.0 99.00 
2024 03 24 05 30 285  8.1 10.6 99.00 99.00 99.00 999 1008.9  12.0 999.0  10.1 99.0 99.00 
2024 03 24 05 40 280  9.2 12.1  2.98 10.00  7.16 287 1008.8  12.1 999.0  10.4 99.0 99.00 
2024 03 24 05 50 298  9.2 12.1 99.00 99.00 99.00 999 1008.7  11.8 999.0  10.1 99.0 99.00 
2024 03 24 06 00 302  8.3 11.0 99.00 99.00 99.00 999 1008.6  11.4 999.0   9.7 99.0 99.00 
2024 03 24 06 10 291  8.5 10.6  2.78 10.81  6.99 285 1008.7  11.7 999.0  10.1 99.0 99.00 
2024 03 24 06 20 291  8.9 12.1 99.00 99.00 99.00 999 1008.7  11.7 999.0  10.0 99.0 99.00 
2024 03 24 06 30 291  8.3 10.7 99.00 99.00 99.00 999 1008.7  11.7 999.0  10.1 99.0 99.00 
2024 03 24 06 40 295  7.8  9.7  2.93 10.81  7.07 285 1008.7  11.7 999.0  10.1 99.0 99.00 
2024 03 24 06 50 298  8.5 13.6 99.00 99.00 99.00 999 1008.7  11.7 999.0  10.2 99.0 99.00 
2024 03 24 07 00 302  8.9 12.7 99.00 99.00 99.00 999 1008.7  10.7 999.0   9.3 99.0 99.00 
2024 03 24 07 10 292  7.6 10.4  2.71 11.43  6.82 287 1008.6  10.7 999.0   9.5 99.0 99.00 
2024 03 24 07 20 284  7.0  8.9 99.00 99.00 99.00 999 1008.5  11.2 999.0   9.8 99.0 99.00 
2024 03 24 07 30 289  7.3  9.5 99.00 99.00 99.00 999 1008.6  11.5 999.0  10.2 99.0 99.00 
2024 03 24 07 40 294  7.0  9.8  2.67 12.90  7.00 290 1008.5  11.2 999.0   9.9 99.0 99.00 
2024 03 24 07 50 289  7.8 10.7 99.00 99.00 99.00 999 1008.5  11.5 999.0  10.1 99.0 99.00 
2024 03 24 08 00 294  8.6 11.6 99.00 99.00 99.00 999 1008.4  11.6 999.0   9.9 99.0 99.00 
2024 03 24 08 10 296  9.5 12.1  3.10 10.81  7.45 294 1008.4  11.7 999.0   9.9 99.0 99.00 
2024 03 24 08 20 293  8.3 10.8 99.00 99.00 99.00 999 1008.4  11.7 999.0   9.9 99.0 99.00 
2024 03 24 08 30 300  9.8 12.5 99.00 99.00 99.00 999 1008.5  11.8 999.0  10.1 99.0 99.00 
2024 03 24 08 40 303  9.8 12.6  2.90  9.09  6.97 299 1008.5  11.7 999.0  10.0 99.0 99.00 
2024 03 24 08 50 302 10.3 12.9 99.00 99.00 99.00 999 1008.5  11.8 999.0   9.5 99.0 99.00 
2024 03 24 09 00 306  9.6 12.0 99.00 99.00 99.00 999 1008.6  11.9 999.0   9.7 99.0 99.00 
2024 03 24 09 10 301  9.7 11.7  3.17 10.81  7.26 293 1008.7  11.9 999.0  10.0 99.0 99.00 
2024 03 24 09 20 295  8.6 11.5 99.00 99.00 99.00 999 1008.8  11.6 999.0   9.7 99.0 99.00 
2024 03 24 09 30 301  8.7 11.1 99.00 99.00 99.00 999 1008.9  11.8 999.0   9.8 99.0 99.00 
2024 03 24 09 40 304  8.3 10.7  2.92 10.81  6.87 291 1008.9  11.9 999.0  10.0 99.0 99.00 
2024 03 24 09 50 301  9.2 11.4 99.00 99.00 99.00 999 1008.9  12.0 999.0   9.9 99.0 99.00 
2024 03 24 10 00 303  9.4 11.7 99.00 99.00 99.00 999 1009.0  12.1 999.0   9.8 99.0 99.00 
2024 03 24 10 10 303  9.6 11.7  3.20 11.43  7.09 300 1008.9  12.1 999.0   9.6 99.0 99.00 
2024 03 24 10 20 307 10.0 12.7 99.00 99.00 99.00 999 1008.9  12.1 999.0   9.5 99.0 99.00 
2024 03 24 10 30 308  9.2 11.6 99.00 99.00 99.00 999 1008.9  12.2 999.0   9.7 99.0 99.00 
2024 03 24 10 40 307  9.3 11.6  3.32 10.81  7.22 296 1008.9  12.1 999.0   9.7 99.0 99.00 
2024 03 24 10 50 309  9.8 12.7 99.00 99.00 99.00 999 1008.9  12.1 999.0   9.3 99.0 99.00 
2024 03 24 11 00 318  8.9 12.9 99.00 99.00 99.00 999 1009.0  12.0 999.0   9.7 99.0 99.00 
2024 03 24 11 10 324  7.8 10.5  3.91 10.81  7.98 298 1008.9  11.5 999.0   9.8 99.0 99.00 
2024 03 24 11 20 318  7.7 10.1 99.00 99.00 99.00 999 1008.9  11.6 999.0   9.6 99.0 99.00 
2024 03 24 11 30 315  8.4 11.0 99.00 99.00 99.00 999 1009.0  11.7 999.0   9.6 99.0 99.00 
2024 03 24 11 40 320  9.1 11.9  3.68 10.81  7.76 298 1009.0  11.4 999.0   9.5 99.0 99.00 
2024 03 24 11 50 325  9.1 11.9 99.00 99.00 99.00 999 1009.2  11.1 999.0   9.4 99.0 99.00 
2024 03 24 12 00 326  8.2 11.1 99.00 99.00 99.00 999 1009.2  11.2 999.0   9.7 99.0 99.00 
2024 03 24 12 10 327  7.6  9.8  3.95 12.12  7.89 302 1009.2  11.1 999.0   9.6 99.0 99.00 
2024 03 24 12 20 322  7.9 10.0 99.00 99.00 99.00 999 1009.3  11.2 999.0   9.3 99.0 99.00 
2024 03 24 12 30 324  7.7  9.7 99.00 99.00 99.00 999 1009.4  11.3 999.0   9.1 99.0 99.00 
2024 03 24 12 40 322  7.2  9.7  3.68 10.81  7.97 293 1009.5  11.4 999.0   9.1 99.0 99.00 
2024 03 24 12 50 320  6.6  8.6 99.00 99.00 99.00 999 1009.5  11.5 999.0   9.5 99.0 99.00 
2024 03 24 13 00 317  6.8  8.5 99.00 99.00 99.00 999 1009.6  11.4 999.0   9.4 99.0 99.00 
2024 03 24 13 10 315  6.4  8.3  3.43 11.43  7.63 295 1009.6  11.5 999.0   9.6 99.0 99.00 
2024 03 24 13 20 310  6.5  8.2 99.00 99.00 99.00 999 1009.7  11.6 999.0   9.7 99.0 99.00 
2024 03 24 13 30 302  7.1 10.9 99.00 99.00 99.00 999 1009.9  11.5 999.0  10.0 99.0 99.00 
2024 03 24 13 40 301  7.3  9.7  3.52 11.43  8.03 291 1009.9  11.1 999.0  10.0 99.0 99.00 
2024 03 24 13 50 302  6.8  9.0 99.00 99.00 99.00 999 1010.1  10.9 999.0   9.3 99.0 99.00 
2024 03 24 14 00 300  7.0  9.1 99.00 99.00 99.00 999 1010.2  11.0 999.0   9.7 99.0 99.00 
2024 03 24 14 10 338  7.3  9.6  3.19 12.90  7.58 297 1010.4  10.7 999.0   9.4 99.0 99.00 
2024 03 24 14 20 340  6.8 10.3 99.00 99.00 99.00 999 1010.4  10.5 999.0   9.2 99.0 99.00 
2024 03 24 14 30 334  5.5  7.8 99.00 99.00 99.00 999 1010.6  10.7 999.0   9.6 99.0 99.00 
2024 03 24 14 40 329  7.0  9.1  3.53 11.43  7.96 302 1010.8  11.2 999.0   9.9 99.0 99.00 
2024 03 24 14 50 340  5.8  7.5 99.00 99.00 99.00 999 1010.8  10.9 999.0   9.5 99.0 99.00 
2024 03 24 15 00 332  6.0  8.4 99.00 99.00 99.00 999 1011.0  11.1 999.0   9.6 99.0 99.00 
2024 03 24 15 10 322  7.3 11.7  3.68 12.12  8.21 300 1011.2  11.1 999.0   9.5 99.0 99.00 
2024 03 24 15 20 335  7.6 10.0 99.00 99.00 99.00 999 1011.3  10.8 999.0   9.5 99.0 99.00 
2024 03 24 15 30 328  7.7  9.5 99.00 99.00 99.00 999 1011.3  10.8 999.0   9.2 99.0 99.00 
2024 03 24 15 40 325  7.7  9.6  3.06 12.90  7.40 306 1011.5  11.1 999.0   9.1 99.0 99.00 
2024 03 24 15 50 322  8.2 10.2 99.00 99.00 99.00 999 1011.7  11.2 999.0   9.0 99.0 99.00 
2024 03 24 16 00 322  8.8 11.6 99.00 99.00 99.00 999 1011.8  11.2 999.0   9.1 99.0 99.00 
2024 03 24 16 10 325  8.2 10.5  3.46 12.90  7.76 288 1011.7  11.2 999.0   9.2 99.0 99.00 
2024 03 24 16 20 323  7.4  9.5 99.00 99.00 99.00 999 1011.8  11.2 999.0   9.3 99.0 99.00 
2024 03 24 16 30 322  7.5  9.2 99.00 99.00 99.00 999 1011.8  11.2 999.0   9.2 99.0 99.00 
2024 03 24 16 40 321  7.4  9.7  3.45 12.12  7.89 291 1011.9  11.3 999.0   9.2 99.0 99.00 
2024 03 24 16 50 321  8.1 10.3 99.00 99.00 99.00 999 1011.9  11.3 999.0   9.2 99.0 99.00 
2024 03 24 17 00 320  7.9  9.7 99.00 99.00 99.00 999 1012.0  11.3 999.0   9.2 99.0 99.00 
2024 03 24 17 10 318  8.3 10.4  3.60 11.43  8.02 304 1012.2  11.3 999.0   9.3 99.0 99.00 
2024 03 24 17 20 317  7.8  9.6 99.00 99.00 99.00 999 1012.3  11.2 999.0   9.2 99.0 99.00 
2024 03 24 17 30 320  8.0 10.2 99.00 99.00 99.00 999 1012.5  11.3 999.0   9.0 99.0 99.00 
2024 03 24 17 40 323  8.0 10.3  3.47 12.12  7.77 294 1012.5  11.4 999.0   9.2 99.0 99.00 
2024 03 24 17 50 324  8.5 10.6 99.00 99.00 99.00 999 1012.8  11.4 999.0   9.1 99.0 99.00 
2024 03 24 18 00 324  7.9 10.2 99.00 99.00 99.00 999 1013.1  11.4 999.0   9.3 99.0 99.00 
2024 03 24 18 10 320  7.8  9.8  3.48 12.12  7.91 298 1013.2  11.3 999.0   9.1 99.0 99.00 
2024 03 24 18 20 325  7.4  9.2 99.00 99.00 99.00 999 1013.3  11.4 999.0   9.1 99.0 99.00 
2024 03 24 18 30 324  7.8 10.1 99.00 99.00 99.00 999 1013.4  11.4 999.0   9.2 99.0 99.00 
2024 03 24 18 40 319  7.3  9.5  3.33 11.43  7.91 299 1013.5  11.4 999.0   9.6 99.0 99.00 
2024 03 24 18 50 314  8.4 10.7 99.00 99.00 99.00 999 1013.5  11.4 999.0   9.6 99.0 99.00 
2024 03 24 19 00 309  8.4 10.7 99.00 99.00 99.00 999 1013.5  11.4 999.0   9.7 99.0 99.00 
2024 03 24 19 10 310  8.8 10.8  3.34 11.43  7.57 302 1013.5  11.4 999.0   9.7 99.0 99.00 
2024 03 24 19 20 314  9.1 12.1 99.00 99.00 99.00 999 1013.5  11.4 999.0   9.6 99.0 99.00 
2024 03 24 19 30 316  9.2 11.8 99.00 99.00 99.00 999 1013.5  11.6 999.0   9.6 99.0 99.00 
2024 03 24 19 40 318  9.6 12.1  3.10 12.12  7.43 294 1013.4  11.7 999.0   9.8 99.0 99.00 
2024 03 24 19 50 317  9.8 12.1 99.00 99.00 99.00 999 1013.4  11.8 999.0   9.9 99.0 99.00 
2024 03 24 20 00 319 10.0 12.9 99.00 99.00 99.00 999 1013.6  11.7 999.0   9.9 99.0 99.00 
2024 03 24 20 10 320  9.2 11.8  3.64 12.12  7.98 299 1013.6  11.6 999.0  10.1 99.0 99.00 
2024 03 24 20 20 320  9.7 12.2 99.00 99.00 99.00 999 1013.5  11.8 999.0  10.2 99.0 99.00 
2024 03 24 20 30 324  9.3 12.0 99.00 99.00 99.00 999 1013.4  11.8 999.0  10.2 99.0 99.00 
2024 03 24 20 40 324  9.6 12.2  3.60 11.43  7.77 301 1013.4  11.8 999.0  10.0 99.0 99.00 
2024 03 24 20 50 319 10.0 12.5 99.00 99.00 99.00 999 1013.3  12.0 999.0  10.0 99.0 99.00 
2024 03 24 21 00 317 11.8 15.0 99.00 99.00 99.00 999 1013.2  12.1 999.0  10.1 99.0 99.00 
2024 03 24 21 10 315 11.0 14.4  3.46 11.43  7.41 302 1013.2  12.1 999.0  10.3 99.0 99.00 
2024 03 24 21 20 313 10.9 13.9 99.00 99.00 99.00 999 1013.3  12.0 999.0  10.3 99.0 99.00 
2024 03 24 21 30 311 10.2 14.2 99.00 99.00 99.00 999 1013.3  12.0 999.0  10.4 99.0 99.00 
2024 03 24 21 40 311 10.5 13.7  3.76 11.43  7.62 302 1013.2  12.0 999.0  10.4 99.0 99.00 
2024 03 24 21 50 313 10.6 13.4 99.00 99.00 99.00 999 1013.1  12.0 999.0  10.4 99.0 99.00 
2024 03 24 22 00 317 10.7 13.7 99.00 99.00 99.00 999 1013.0  12.1 999.0  10.5 99.0 99.00 
2024 03 24 22 10 313 11.1 14.6  3.73 11.43  7.58 306 1012.9  11.9 999.0  10.0 99.0 99.00 
2024 03 24 22 20 311 11.7 14.8 99.00 99.00 99.00 999 1012.9  12.1 999.0  10.1 99.0 99.00 
2024 03 24 22 30 313 11.4 14.2 99.00 99.00 99.00 999 1012.8  12.1 999.0  10.3 99.0 99.00 
2024 03 24 22 40 308 11.1 13.8  3.34 10.81  7.04 302 1012.9  12.2 999.0  10.6 99.0 99.00 
2024 03 24 22 50 305 11.3 14.4 99.00 99.00 99.00 999 1012.9  12.2 999.0  10.7 99.0 99.00 
2024 03 24 23 00 311 11.6 14.9 99.00 99.00 99.00 999 1013.0  12.2 999.0  10.5 99.0 99.00 
2024 03 24 23 10 312 12.5 15.5  4.03 11.43  7.41 306 1012.9  12.2 999.0  10.2 99.0 99.00 
2024 03 24 23 20 312 12.1 14.7 99.00 99.00 99.00 999 1013.1  12.3 999.0  10.3 99.0 99.00 
2024 03 24 23 30 310 11.9 15.3 99.00 99.00 99.00 999 1013.0  12.3 999.0  10.3 99.0 99.00 
2024 03 24 23 40 309 12.3 16.3  3.50 11.43  6.94 304 1012.8  12.3 999.0  10.4 99.0 99.00 
2024 03 24 23 50 309 12.6 16.3 99.00 99.00 99.00 999 1012.9  12.3 999.0  10.3 99.0 99.00 
2024 03 25 00 00 309 13.0 16.4 99.00 99.00 99.00 999 1012.9  12.3 999.0  10.3 99.0 99.00 
2024 03 25 00 10 309 13.1 16.2  3.32 10.81  6.72 303 1012.9  12.2 999.0  10.2 99.0 99.00 
2024 03 25 00 20 309 12.5 16.2 99.00 99.00 99.00 999 1012.9  12.3 999.0  10.4 99.0 99.00 
2024 03 25 00 30 311 12.3 16.2 99.00 99.00 99.00 999 1013.0  12.3 999.0  10.4 99.0 99.00 
2024 03 25 00 40 313 13.1 16.2  3.52 11.43  6.88 303 1013.0  12.2 999.0  10.1 99.0 99.00 
2024 03 25 00 50 315 13.5 17.5 99.00 99.00 99.00 999 1013.1  12.2 999.0  10.1 99.0 99.00 
2024 03 25 01 00 313 13.6 17.5 99.00 99.00 99.00 999 1013.2  12.2 999.0  10.1 99.0 99.00 
2024 03 25 01 10 314 13.9 17.0  3.66 10.00  6.91 306 1013.3  12.2 999.0  10.1 99.0 99.00 
2024 03 25 01 20 314 14.1 17.7 99.00 99.00 99.00 999 1013.5  12.2 999.0  10.0 99.0 99.00 
2024 03 25 01 30 316 13.8 16.8 99.00 99.00 99.00 999 1013.6  12.3 999.0  10.2 99.0 99.00 
2024 03 25 01 40 314 13.2 16.3  3.47 10.81  6.74 308 1013.8  12.3 999.0  10.4 99.0 99.00 
2024 03 25 01 50 315 13.3 16.5 99.00 99.00 99.00 999 1013.9  12.2 999.0  10.3 99.0 99.00 
2024 03 25 02 00 316 13.0 16.5 99.00 99.00 99.00 999 1013.7  12.2 999.0  10.3 99.0 99.00 
2024 03 25 02 10 315 12.8 16.2  3.69 10.81  7.03 311 1013.9  12.2 999.0  10.3 99.0 99.00 
2024 03 25 02 20 316 13.2 16.4 99.00 99.00 99.00 999 1013.9  12.1 999.0  10.1 99.0 99.00 
2024 03 25 02 30 319 12.3 16.0 99.00 99.00 99.00 999 1013.9  12.2 999.0  10.3 99.0 99.00 
2024 03 25 02 40 321 12.4 15.6  3.50 10.81  6.84 308 1013.9  12.1 999.0  10.3 99.0 99.00 
2024 03 25 02 50 319 12.3 15.2 99.00 99.00 99.00 999 1013.9  12.1 999.0  10.5 99.0 99.00 
2024 03 25 03 00 319 13.0 15.9 99.00 99.00 99.00 999 1013.8  12.1 999.0  10.3 99.0 99.00 
2024 03 25 03 10 320 12.8 15.5  3.41 10.81  6.75 310 1013.9  12.1 999.0  10.3 99.0 99.00 
2024 03 25 03 20 319 12.7 15.5 99.00 99.00 99.00 999 1013.8  12.0 999.0  10.1 99.0 99.00 
2024 03 25 03 30 322 12.4 15.4 99.00 99.00 99.00 999 1013.9  12.0 999.0  10.1 99.0 99.00 
2024 03 25 03 40 321 11.7 15.1  3.39 10.81  6.79 311 1014.0  12.0 999.0  10.2 99.0 99.00 
2024 03 25 03 50 318 12.1 15.3 99.00 99.00 99.00 999 1014.1  12.0 999.0  10.1 99.0 99.00 
2024 03 25 04 00 319 11.8 14.3 99.00 99.00 99.00 999 1014.0  12.0 999.0  10.2 99.0 99.00 
2024 03 25 04 10 321 11.5 15.2  3.40 11.43  6.87 316 1014.1  11.9 999.0  10.1 99.0 99.00 
2024 03 25 04 20 318 12.4 15.4 99.00 99.00 99.00 999 1014.3  11.9 999.0  10.1 99.0 99.00 
2024 03 25 04 30 318 12.6 15.7 99.00 99.00 99.00 999 1014.4  11.9 999.0  10.0 99.0 99.00 
2024 03 25 04 40 321 11.8 15.9  3.15 10.81  6.79 307 1014.6  12.0 999.0  10.0 99.0 99.00 
2024 03 25 04 50 321 11.8 15.2 99.00 99.00 99.00 999 1014.8  12.0 999.0   9.9 99.0 99.00 
2024 03 25 05 00 319 11.5 15.1 99.00 99.00 99.00 999 1014.7  12.0 999.0  10.0 99.0 99.00 
2024 03 25 05 10 322 11.1 14.4  3.06 10.81  6.61 313 1014.6  12.0 999.0  10.0 99.0 99.00 
2024 03 25 05 20 322 10.6 13.7 99.00 99.00 99.00 999 1014.6  12.0 999.0  10.1 99.0 99.00 
2024 03 25 05 30 320 10.5 13.6 99.00 99.00 99.00 999 1014.8  12.0 999.0  10.1 99.0 99.00 
2024 03 25 05 40 317 11.0 13.7  3.21 10.81  6.75 310 1014.7  12.0 999.0  10.1 99.0 99.00 
2024 03 25 05 50 315 11.2 14.5 99.00 99.00 99.00 999 1014.7  11.9 999.0   9.9 99.0 99.00 
2024 03 25 06 00 320 10.9 14.1 99.00 99.00 99.00 999 1014.5  11.9 999.0   9.8 99.0 99.00 
2024 03 25 06 10 316 11.7 14.3  3.23 10.00  6.82 313 1014.4  11.9 999.0   9.8 99.0 99.00 
2024 03 25 06 20 315 11.7 15.3 99.00 99.00 99.00 999 1014.2  11.8 999.0   9.6 99.0 99.00 
2024 03 25 06 30 315 11.7 14.9 99.00 99.00 99.00 999 1014.3  11.8 999.0   9.6 99.0 99.00 
2024 03 25 06 40 315 11.1 13.7  3.22  9.09  6.61 303 1014.2  11.8 999.0   9.7 99.0 99.00 
2024 03 25 06 50 316 10.6 13.0 99.00 99.00 99.00 999 1014.2  11.8 999.0   9.7 99.0 99.00 
2024 03 25 07 00 316 10.9 13.7 99.00 99.00 99.00 999 1014.2  11.8 999.0   9.6 99.0 99.00 
2024 03 25 07 10 315 10.6 13.0  3.02 10.00  6.55 306 1014.6  11.9 999.0   9.8 99.0 99.00 
2024 03 25 07 20 319 11.0 14.3 99.00 99.00 99.00 999 1014.7  11.8 999.0   9.8 99.0 99.00 
2024 03 25 07 30 316 11.8 14.6 99.00 99.00 99.00 999 1014.7  11.8 999.0   9.7 99.0 99.00 
2024 03 25 07 40 316 11.9 14.6  2.88 10.00  6.51 309 1014.7  11.8 999.0   9.7 99.0 99.00 
2024 03 25 07 50 314 11.9 14.5 99.00 99.00 99.00 999 1014.7  11.8 999.0   9.8 99.0 99.00 
2024 03 25 08 00 313 11.2 13.6 99.00 99.00 99.00 999 1014.5  11.8 999.0   9.8 99.0 99.00 
2024 03 25 08 10 313 11.8 14.8  2.71 10.81  6.20 311 1014.8  11.8 999.0   9.6 99.0 99.00 
2024 03 25 08 20 313 11.1 13.3 99.00 99.00 99.00 999 1015.0  11.8 999.0   9.7 99.0 99.00 
2024 03 25 08 30 314 11.3 14.3 99.00 99.00 99.00 999 1015.2  11.8 999.0   9.7 99.0 99.00 
2024 03 25 08 40 313 10.5 12.8  2.80  9.09  6.45 310 1015.1  11.8 999.0   9.8 99.0 99.00 
2024 03 25 08 50 314 10.3 13.1 99.00 99.00 99.00 999 1015.3  11.8 999.0  10.0 99.0 99.00 
2024 03 25 09 00 311 10.5 12.8 99.00 99.00 99.00 999 1015.2  11.8 999.0   9.8 99.0 99.00 
2024 03 25 09 10 313 11.0 14.3  2.67 10.00  6.42 315 1015.4  11.8 999.0   9.7 99.0 99.00 
2024 03 25 09 20 314 10.7 14.2 99.00 99.00 99.00 999 1015.4  11.8 999.0   9.8 99.0 99.00 
2024 03 25 09 30 315 11.4 13.6 99.00 99.00 99.00 999 1015.6  11.8 999.0   9.7 99.0 99.00 
2024 03 25 09 40 316 10.6 13.3  2.61  8.33  6.20 296 1015.6  11.8 999.0   9.9 99.0 99.00 
2024 03 25 09 50 318 10.8 14.0 99.00 99.00 99.00 999 1015.6  11.8 999.0   9.7 99.0 99.00 
2024 03 25 10 00 315 10.6 13.7 99.00 99.00 99.00 999 1015.6  11.8 999.0   9.6 99.0 99.00 
2024 03 25 10 10 312 10.8 13.1  2.70 10.81  6.40 316 1015.7  11.8 999.0   9.4 99.0 99.00 
2024 03 25 10 20 315  9.9 13.1 99.00 99.00 99.00 999 1015.5  11.8 999.0   9.6 99.0 99.00 
2024 03 25 10 30 317 10.5 13.1 99.00 99.00 99.00 999 1015.4  11.8 999.0   9.5 99.0 99.00 
2024 03 25 10 40 316 10.5 13.0  2.52 10.00  6.20 311 1015.3  11.7 999.0   9.4 99.0 99.00 
2024 03 25 10 50 317 10.4 13.3 99.00 99.00 99.00 999 1015.2  11.8 999.0   9.6 99.0 99.00 
2024 03 25 11 00 315 10.8 13.1 99.00 99.00 99.00 999 1015.3  11.7 999.0   9.7 99.0 99.00 
2024 03 25 11 10 316 10.7 13.8  2.64 10.00  6.32 316 1015.0  11.7 999.0   9.6 99.0 99.00 
2024 03 25 11 20 319 10.2 12.6 99.00 99.00 99.00 999 1014.7  11.7 999.0   9.6 99.0 99.00 
2024 03 25 11 30 316 10.5 12.8 99.00 99.00 99.00 999 1014.8  11.6 999.0   9.5 99.0 99.00 
2024 03 25 11 40 315  9.7 12.5  2.81 10.00  6.59 314 1014.6  11.7 999.0   9.7 99.0 99.00 
2024 03 25 11 50 316 10.0 12.2 99.00 99.00 99.00 999 1014.5  11.6 999.0   9.5 99.0 99.00 
2024 03 25 12 00 315  9.8 12.4 99.00 99.00 99.00 999 1014.5  11.6 999.0   9.6 99.0 99.00 
2024 03 25 12 10 317 10.0 12.2  2.85 10.00  6.71 310 1014.6  11.6 999.0   9.7 99.0 99.00 
2024 03 25 12 20 317 10.1 12.9 99.00 99.00 99.00 999 1014.7  11.6 999.0   9.5 99.0 99.00 
2024 03 25 12 30 317 10.6 12.6 99.00 99.00 99.00 999 1014.8  11.6 999.0   9.3 99.0 99.00 
2024 03 25 12 40 318 10.1 12.3  2.57  8.33  6.33 302 1014.6  11.7 999.0   9.4 99.0 99.00 
2024 03 25 12 50 321  9.4 11.8 99.00 99.00 99.00 999 1014.6  11.7 999.0   9.5 99.0 99.00 
2024 03 25 13 00 317  9.6 11.3 99.00 99.00 99.00 999 1014.6  11.7 999.0   9.7 99.0 99.00 
2024 03 25 13 10 318  9.2 11.7  2.64  9.09  6.27 314 1014.7  11.6 999.0   9.6 99.0 99.00 
2024 03 25 13 20 318  9.2 12.6 99.00 99.00 99.00 999 1014.5  11.6 999.0   9.6 99.0 99.00 
2024 03 25 13 30 318  9.3 11.6 99.00 99.00 99.00 999 1014.4  11.6 999.0   9.7 99.0 99.00 
2024 03 25 13 40 318  8.5 11.3  2.57 10.00  6.36 320 1014.5  11.6 999.0   9.9 99.0 99.00 
2024 03 25 13 50 319  8.9 11.0 99.00 99.00 99.00 999 1014.5  11.5 999.0   9.8 99.0 99.00 
2024 03 25 14 00 319  8.8 10.7 99.00 99.00 99.00 999 1014.4  11.5 999.0   9.7 99.0 99.00 
2024 03 25 14 10 319  8.9 10.4  2.50 10.00  6.49 308 1014.5  11.5 999.0   9.6 99.0 99.00 
2024 03 25 14 20 317  8.7 10.9 99.00 99.00 99.00 999 1014.7  11.5 999.0   9.5 99.0 99.00 
2024 03 25 14 30 318  8.6 10.8 99.00 99.00 99.00 999 1014.7  11.5 999.0   9.4 99.0 99.00 
2024 03 25 14 40 320  8.3 10.5  2.43  9.09  6.63 308 1014.9  11.5 999.0   9.4 99.0 99.00 
2024 03 25 14 50 320  8.3 10.2 99.00 99.00 99.00 999 1015.0  11.6 999.0   9.5 99.0 99.00 
2024 03 25 15 00 317  8.1  9.7 99.00 99.00 99.00 999 1015.2  11.6 999.0   9.6 99.0 99.00 
2024 03 25 15 10 317  8.0  9.8  2.15  8.33  6.28 304 1015.2  11.6 999.0   9.5 99.0 99.00 
2024 03 25 15 20 320  7.5  8.9 99.00 99.00 99.00 999 1015.3  11.6 999.0   9.6 99.0 99.00 
2024 03 25 15 30 315  7.7  9.8 99.00 99.00 99.00 999 1015.4  11.5 999.0   9.5 99.0 99.00 
2024 03 25 15 40 317  7.9  9.5  2.13  9.09  6.25 313 1015.5  11.5 999.0   9.4 99.0 99.00 
2024 03 25 15 50 315  7.7  9.5 99.00 99.00 99.00 999 1015.7  11.6 999.0   9.7 99.0 99.00 
2024 03 25 16 00 315  7.9  9.8 99.00 99.00 99.00 999 1015.9  11.6 999.0   9.6 99.0 99.00 
2024 03 25 16 10 316  7.8  9.8  2.34  9.09  6.60 310 1016.0  11.7 999.0   9.8 99.0 99.00 
2024 03 25 16 20 315  7.6  9.4 99.00 99.00 99.00 999 1015.8  11.7 999.0   9.8 99.0 99.00 
2024 03 25 16 30 315  7.6  9.7 99.00 99.00 99.00 999 1016.1  11.7 999.0   9.8 99.0 99.00 
2024 03 25 16 40 315  7.6  9.7  2.33 10.00  6.66 302 1016.3  11.8 999.0   9.9 99.0 99.00 
2024 03 25 16 50 317  7.7  9.7 99.00 99.00 99.00 999 1016.4  11.8 999.0   9.9 99.0 99.00 
2024 03 25 17 00 318  8.1  9.8 99.00 99.00 99.00 999 1016.4  11.8 999.0   9.9 99.0 99.00 
2024 03 25 17 10 316  8.2 10.2  2.12  9.09  6.34 307 1016.6  11.7 999.0   9.8 99.0 99.00 
2024 03 25 17 20 314  7.7 10.5 99.00 99.00 99.00 999 1016.7  11.8 999.0   9.9 99.0 99.00 
2024 03 25 17 30 313  8.1 10.2 99.00 99.00 99.00 999 1016.7  11.8 999.0   9.8 99.0 99.00 
2024 03 25 17 40 317  7.9  9.7  2.11  8.33  6.20 307 1016.5  11.8 999.0   9.8 99.0 99.00 
2024 03 25 17 50 316  7.5  9.4 99.00 99.00 99.00 999 1016.5  11.8 999.0   9.8 99.0 99.00 
2024 03 25 18 00 314  7.7  9.5 99.00 99.00 99.00 999 1016.5  11.8 999.0   9.7 99.0 99.00 
2024 03 25 18 10 309  7.3  9.4  2.12 16.00  6.26 312 1016.5  11.8 999.0   9.8 99.0 99.00 
2024 03 25 18 20 315  7.6  9.4 99.00 99.00 99.00 999 1016.7  11.8 999.0   9.8 99.0 99.00 
2024 03 25 18 30 312  7.1  8.8 99.00 99.00 99.00 999 1016.7  11.9 999.0  10.0 99.0 99.00 
2024 03 25 18 40 312  7.8  9.6  2.16  9.09  6.27 301 1016.7  11.8 999.0   9.8 99.0 99.00 
2024 03 25 18 50 311  8.1  9.7 99.00 99.00 99.00 999 1016.8  11.8 999.0   9.7 99.0 99.00 
2024 03 25 19 00 310  8.1  9.8 99.00 99.00 99.00 999 1016.6  11.8 999.0   9.7 99.0 99.00 
2024 03 25 19 10 312  7.8  9.8  2.01 14.81  6.22 287 1016.6  11.8 999.0   9.7 99.0 99.00 
2024 03 25 19 20 310  8.2  9.7 99.00 99.00 99.00 999 1016.7  11.8 999.0   9.4 99.0 99.00 
2024 03 25 19 30 308  8.6 10.7 99.00 99.00 99.00 999 1016.7  11.8 999.0   9.5 99.0 99.00 
2024 03 25 19 40 309  8.5 10.3  2.04 14.81  6.44 285 1016.7  11.9 999.0   9.7 99.0 99.00 
2024 03 25 19 50 308  8.6 10.3 99.00 99.00 99.00 999 1016.5  11.8 999.0   9.6 99.0 99.00 
2024 03 25 20 00 307  8.1  9.7 99.00 99.00 99.00 999 1016.3  11.8 999.0   9.7 99.0 99.00 
2024 03 25 20 10 302  8.3 10.0  2.14 14.81  6.60 289 1016.4  11.8 999.0   9.6 99.0 99.00 
2024 03 25 20 20 306  8.5 10.2 99.00 99.00 99.00 999 1016.3  11.8 999.0   9.5 99.0 99.00 
2024 03 25 20 30 308  8.2 10.0 99.00 99.00 99.00 999 1016.4  11.8 999.0   9.5 99.0 99.00 
2024 03 25 20 40 307  8.3 10.1  2.05 14.81  6.32 291 1016.3  11.9 999.0   9.6 99.0 99.00 
2024 03 25 20 50 306  8.0  9.6 99.00 99.00 99.00 999 1016.1  11.9 999.0   9.6 99.0 99.00 
2024 03 25 21 00 303  7.7  9.4 99.00 99.00 99.00 999 1016.0  11.8 999.0   9.4 99.0 99.00 
2024 03 25 21 10 303  8.3  9.8  2.02  9.09  6.29 300 1015.8  11.9 999.0   9.4 99.0 99.00 
2024 03 25 21 20 301  8.2 10.0 99.00 99.00 99.00 999 1015.8  11.9 999.0   9.6 99.0 99.00 
2024 03 25 21 30 299  8.0  9.7 99.00 99.00 99.00 999 1015.8  11.9 999.0   9.6 99.0 99.00 
2024 03 25 21 40 300  7.9  9.8  1.89 14.81  6.07 293 1015.9  11.9 999.0   9.7 99.0 99.00 
2024 03 25 21 50 302  8.1 10.0 99.00 99.00 99.00 999 1015.9  11.9 999.0   9.7 99.0 99.00 
2024 03 25 22 00 301  8.4 10.0 99.00 99.00 99.00 999 1015.8  11.9 999.0   9.7 99.0 99.00 
2024 03 25 22 10 297  8.1 10.1  2.03 14.81  6.31 291 1015.6  11.9 999.0   9.7 99.0 99.00 
2024 03 25 22 20 301  8.1 10.0 99.00 99.00 99.00 999 1015.6  11.9 999.0   9.8 99.0 99.00 
2024 03 25 22 30 303  8.1  9.8 99.00 99.00 99.00 999 1015.8  11.9 999.0   9.6 99.0 99.00 
2024 03 25 22 40 304  8.3 10.4  1.99 14.81  6.16 293 1015.6  11.9 999.0   9.7 99.0 99.00 
2024 03 25 22 50 302  8.7 10.7 99.00 99.00 99.00 999 1015.6  11.9 999.0   9.7 99.0 99.00 
2024 03 25 23 00 301  8.8 10.3 99.00 99.00 99.00 999 1015.8  11.9 999.0   9.8 99.0 99.00 
2024 03 25 23 10 301  8.7 10.6  1.97 14.81  6.24 299 1015.8  11.9 999.0   9.6 99.0 99.00 
2024 03 25 23 20 302  8.7 11.0 99.00 99.00 99.00 999 1015.7  11.9 999.0   9.6 99.0 99.00 
2024 03 25 23 30 304  8.7 10.6 99.00 99.00 99.00 999 1015.5  11.9 999.0   9.6 99.0 99.00 
2024 03 25 23 40 304  8.6 10.7  1.88 16.00  5.95 295 1015.4  12.0 999.0   9.7 99.0 99.00 
2024 03 25 23 50 304  7.9  9.4 99.00 99.00 99.00 999 1015.5  12.0 999.0   9.9 99.0 99.00 
2024 03 26 00 00 301  8.5 10.9 99.00 99.00 99.00 999 1015.3  11.9 999.0   9.7 99.0 99.00 
2024 03 26 00 10 301  9.3 11.1  1.93 14.81  6.10 292 1015.3  12.0 999.0   9.9 99.0 99.00 
2024 03 26 00 20 302  9.3 11.6 99.00 99.00 99.00 999 1015.5  12.0 999.0   9.9 99.0 99.00 
2024 03 26 00 30 301  9.6 11.9 99.00 99.00 99.00 999 1015.6  12.0 999.0  10.0 99.0 99.00 
2024 03 26 00 40 300  9.7 11.8  1.96 14.81  6.13 293 1015.5  11.9 999.0   9.8 99.0 99.00 
2024 03 26 00 50 303  9.7 11.8 99.00 99.00 99.00 999 1015.6  12.0 999.0   9.9 99.0 99.00 
2024 03 26 01 00 305  9.9 12.5 99.00 99.00 99.00 999 1015.8  12.0 999.0   9.9 99.0 99.00 
2024 03 26 01 10 305 10.0 12.2  1.92 14.81  6.00 295 1015.8  12.0 999.0   9.9 99.0 99.00 
2024 03 26 01 20 304 10.2 12.5 99.00 99.00 99.00 999 1016.0  12.0 999.0  10.0 99.0 99.00 
2024 03 26 01 30 304  9.4 11.2 99.00 99.00 99.00 999 1016.0  12.1 999.0  10.2 99.0 99.00 
2024 03 26 01 40 304  9.5 12.0  1.93 14.81  5.87 306 1016.1  12.0 999.0  10.1 99.0 99.00 
2024 03 26 01 50 301  9.2 11.6 99.00 99.00 99.00 999 1016.0  12.0 999.0  10.2 99.0 99.00 
2024 03 26 02 00 303  9.4 11.7 99.00 99.00 99.00 999 1016.1  12.0 999.0  10.2 99.0 99.00 
2024 03 26 02 10 301  9.2 11.4  1.88 14.81  5.81 304 1015.9  12.0 999.0  10.2 99.0 99.00 
2024 03 26 02 20 303  9.0 11.3 99.00 99.00 99.00 999 1016.1  12.0 999.0  10.4 99.0 99.00 
2024 03 26 02 30 304  9.0 11.1 99.00 99.00 99.00 999 1016.1  11.9 999.0  10.2 99.0 99.00 
2024 03 26 02 40 301  8.3 10.7  1.93 14.81  6.03 296 1015.9  12.0 999.0  10.4 99.0 99.00 
2024 03 26 02 50 299  8.5 10.5 99.00 99.00 99.00 999 1015.8  11.9 999.0  10.3 99.0 99.00 
2024 03 26 03 00 298  7.9  9.8 99.00 99.00 99.00 999 1015.7  11.9 999.0  10.4 99.0 99.00 
2024 03 26 03 10 298  8.5 10.2  1.90 14.81  6.20 299 1015.7  11.9 999.0  10.4 99.0 99.00 
2024 03 26 03 20 299  8.5 10.9 99.00 99.00 99.00 999 1015.8  11.9 999.0  10.4 99.0 99.00 
2024 03 26 03 30 301  8.7 10.4 99.00 99.00 99.00 999 1016.0  11.9 999.0  10.5 99.0 99.00 
2024 03 26 03 40 297  8.7 10.7  1.79 14.81  6.07 309 1015.9  11.9 999.0  10.5 99.0 99.00 
2024 03 26 03 50 297  8.5 10.6 99.00 99.00 99.00 999 1016.1  11.9 999.0  10.6 99.0 99.00 
2024 03 26 04 00 299  8.6 10.8 99.00 99.00 99.00 999 1016.3  11.9 999.0  10.7 99.0 99.00 
2024 03 26 04 10 300  8.6 10.9  1.79 16.00  5.98 304 1016.4  11.9 999.0  10.8 99.0 99.00 
2024 03 26 04 20 298  8.0  9.8 99.00 99.00 99.00 999 1016.4  11.9 999.0  11.0 99.0 99.00 
2024 03 26 04 30 300  7.9  9.7 99.00 99.00 99.00 999 1016.5  11.9 999.0  11.1 99.0 99.00 
2024 03 26 04 40 306  7.6  9.6  1.78 14.81  6.18 312 1016.5  11.8 999.0  11.1 99.0 99.00 
2024 03 26 04 50 312  7.6  9.6 99.00 99.00 99.00 999 1016.4  11.8 999.0  11.1 99.0 99.00 
2024 03 26 05 00 311  7.4  9.8 99.00 99.00 99.00 999 1016.3  11.7 999.0  11.0 99.0 99.00 
2024 03 26 05 10 312  7.4  9.6  1.74 14.81  6.14 283 1016.7  11.6 999.0  10.9 99.0 99.00 
2024 03 26 05 20 313  7.3  9.0 99.00 99.00 99.00 999 1016.4  11.7 999.0  10.9 99.0 99.00 
2024 03 26 05 30 318  7.2  9.1 99.00 99.00 99.00 999 1016.7  11.7 999.0  10.9 99.0 99.00 
2024 03 26 05 40 320  7.3  9.2  1.54 14.81  5.69 311 1016.7  11.7 999.0  10.9 99.0 99.00 
2024 03 26 05 50 314  7.3  9.2 99.00 99.00 99.00 999 1016.8  11.6 999.0  10.7 99.0 99.00 
2024 03 26 06 00 312  7.9  9.9 99.00 99.00 99.00 999 1016.8  11.7 999.0  10.7 99.0 99.00 
2024 03 26 06 10 318  7.3  9.2  1.81 14.81  6.55 306 1016.9  11.7 999.0  10.6 99.0 99.00 
2024 03 26 06 20 321  8.1 11.6 99.00 99.00 99.00 999 1017.1  11.7 999.0  10.7 99.0 99.00 
2024 03 26 06 30 321  8.5 10.3 99.00 99.00 99.00 999 1017.2  11.6 999.0  10.6 99.0 99.00 
2024 03 26 06 40 319  8.1 10.3  1.63 13.79  5.84 293 1017.3  11.7 999.0  10.9 99.0 99.00 
2024 03 26 06 50 314  8.1 10.3 99.00 99.00 99.00 999 1017.3  11.4 999.0  10.9 99.0 99.00 
2024 03 26 07 00 312  7.6  9.5 99.00 99.00 99.00 999 1017.2  11.5 999.0  11.1 99.0 99.00 
2024 03 26 07 10 317  8.8 10.8  1.76 14.81  6.13 304 1017.4  11.4 999.0  10.8 99.0 99.00 
2024 03 26 07 20 306  8.5 10.3 99.00 99.00 99.00 999 1017.4  11.4 999.0  10.9 99.0 99.00 
2024 03 26 07 30 313  8.7 11.0 99.00 99.00 99.00 999 1017.2  11.4 999.0  10.9 99.0 99.00 
2024 03 26 07 40 310  8.6 10.8  1.76 12.90  6.10 296 1017.3  11.5 999.0  10.9 99.0 99.00 
2024 03 26 07 50 314  9.0 11.5 99.00 99.00 99.00 999 1017.2  11.3 999.0  10.9 99.0 99.00 
2024 03 26 08 00 320  9.0 11.5 99.00 99.00 99.00 999 1017.3  11.3 999.0  10.9 99.0 99.00 
2024 03 26 08 10 316 10.4 13.0  1.86 14.81  6.07 296 1017.3  11.3 999.0  10.8 99.0 99.00 
2024 03 26 08 20 313 10.0 12.7 99.00 99.00 99.00 999 1017.4  11.3 999.0  10.7 99.0 99.00 
2024 03 26 08 30 313 10.5 13.2 99.00 99.00 99.00 999 1017.4  11.2 999.0  10.8 99.0 99.00 
2024 03 26 08 40 312 10.7 13.2  1.98 13.79  6.16 300 1017.3  11.1 999.0  10.7 99.0 99.00 
2024 03 26 08 50 319 10.9 14.0 99.00 99.00 99.00 999 1017.2  11.0 999.0  10.6 99.0 99.00 
2024 03 26 09 00 319 10.5 13.2 99.00 99.00 99.00 999 1017.2  10.9 999.0  10.5 99.0 99.00 
2024 03 26 09 10 318 10.3 12.7  2.03 14.81  5.86 292 1017.2  10.8 999.0  10.4 99.0 99.00 
2024 03 26 09 20 315 10.0 12.5 99.00 99.00 99.00 999 1017.2  11.0 999.0  10.5 99.0 99.00 
2024 03 26 09 30 315 10.3 12.6 99.00 99.00 99.00 999 1017.2  11.0 999.0  10.2 99.0 99.00 
2024 03 26 09 40 317 10.4 12.7  1.93 14.81  5.71 301 1017.3  11.1 999.0  10.0 99.0 99.00 
2024 03 26 09 50 317 10.3 12.8 99.00 99.00 99.00 999 1017.2  11.3 999.0  10.0 99.0 99.00 
2024 03 26 10 00 320  9.5 12.5 99.00 99.00 99.00 999 1017.2  11.4 999.0  10.1 99.0 99.00 
2024 03 26 10 10 317  9.2 12.2  2.00 12.90  5.75 295 1017.1  11.4 999.0   9.8 99.0 99.00 
2024 03 26 10 20 319  9.3 11.7 99.00 99.00 99.00 999 1017.0  11.5 999.0   9.6 99.0 99.00 
2024 03 26 10 30 318  8.8 11.0 99.00 99.00 99.00 999 1016.9  11.5 999.0   9.5 99.0 99.00 
2024 03 26 10 40 319  9.5 11.4  2.17 13.79  5.88 286 1016.9  11.4 999.0   9.3 99.0 99.00 
2024 03 26 10 50 316  9.3 11.6 99.00 99.00 99.00 999 1016.9  11.4 999.0   9.1 99.0 99.00 
2024 03 26 11 00 315  9.4 11.5 99.00 99.00 99.00 999 1016.9  11.5 999.0   9.3 99.0 99.00 
2024 03 26 11 10 311  9.6 12.0  1.99 13.79  5.53 299 1016.9  11.4 999.0   9.1 99.0 99.00 
2024 03 26 11 20 313  9.8 11.7 99.00 99.00 99.00 999 1016.8  11.3 999.0   8.8 99.0 99.00 
2024 03 26 11 30 315  9.5 11.7 99.00 99.00 99.00 999 1016.9  11.4 999.0   9.0 99.0 99.00 
2024 03 26 11 40 319  9.5 11.6  2.08 12.12  5.74 294 1017.0  11.4 999.0   9.0 99.0 99.00 
2024 03 26 11 50 313  9.6 11.6 99.00 99.00 99.00 999 1017.0  11.4 999.0   9.0 99.0 99.00 
2024 03 26 12 00 314  9.3 11.3 99.00 99.00 99.00 999 1017.1  11.4 999.0   9.0 99.0 99.00 
2024 03 26 12 10 313  9.8 12.9  2.03 12.90  5.65 304 1017.2  11.3 999.0   8.9 99.0 99.00 
2024 03 26 12 20 316  9.4 11.3 99.00 99.00 99.00 999 1017.2  11.3 999.0   8.8 99.0 99.00 
2024 03 26 12 30 322  9.5 11.5 99.00 99.00 99.00 999 1017.1  11.3 999.0   8.7 99.0 99.00 
2024 03 26 12 40 318  9.2 11.5  2.16 13.79  5.95 303 1017.0  11.4 999.0   8.9 99.0 99.00 
2024 03 26 12 50 319  9.3 12.3 99.00 99.00 99.00 999 1017.1  11.4 999.0   9.0 99.0 99.00 
2024 03 26 13 00 318  9.6 11.7 99.00 99.00 99.00 999 1017.2  11.4 999.0   9.0 99.0 99.00 
2024 03 26 13 10 319  9.4 12.1  2.15 13.79  5.86 300 1017.2  11.4 999.0   9.0 99.0 99.00 
2024 03 26 13 20 318  8.9 11.4 99.00 99.00 99.00 999 1017.2  11.5 999.0   9.1 99.0 99.00 
2024 03 26 13 30 318  9.7 12.6 99.00 99.00 99.00 999 1017.2  11.4 999.0   8.9 99.0 99.00 
2024 03 26 13 40 320  8.9 11.1  2.09 13.79  5.68 284 1017.5  11.5 999.0   9.1 99.0 99.00 
2024 03 26 13 50 318  9.3 11.9 99.00 99.00 99.00 999 1017.7  11.4 999.0   9.0 99.0 99.00 
2024 03 26 14 00 316  9.3 11.6 99.00 99.00 99.00 999 1017.8  11.5 999.0   9.1 99.0 99.00 
2024 03 26 14 10 314  9.0 11.2  1.94 13.79  5.72 286 1018.1  11.5 999.0   9.2 99.0 99.00 
2024 03 26 14 20 313  9.0 11.2 99.00 99.00 99.00 999 1018.1  11.5 999.0   9.2 99.0 99.00 
2024 03 26 14 30 313  8.6 11.6 99.00 99.00 99.00 999 1018.3  11.6 999.0   9.3 99.0 99.00 
2024 03 26 14 40 313  8.8 10.7  2.02 13.79  5.95 299 1018.5  11.5 999.0   9.1 99.0 99.00 
2024 03 26 14 50 315  8.6 10.9 99.00 99.00 99.00 999 1018.6  11.6 999.0   9.3 99.0 99.00 
2024 03 26 15 00 319  9.0 11.1 99.00 99.00 99.00 999 1018.8  11.6 999.0   9.1 99.0 99.00 
2024 03 26 15 10 319  9.4 12.3  2.01 14.81  5.85 312 1018.9  11.6 999.0   9.0 99.0 99.00 
2024 03 26 15 20 314  9.8 12.1 99.00 99.00 99.00 999 1019.0  11.7 999.0   9.1 99.0 99.00 
2024 03 26 15 30 317  9.5 11.7 99.00 99.00 99.00 999 1019.0  11.7 999.0   9.2 99.0 99.00 
2024 03 26 15 40 323  9.4 12.1  2.04 14.81  5.98 288 1019.1  11.7 999.0   9.4 99.0 99.00 
2024 03 26 15 50 323  9.2 11.6 99.00 99.00 99.00 999 1019.1  11.6 999.0   9.4 99.0 99.00 
2024 03 26 16 00 325  8.7 10.5 99.00 99.00 99.00 999 1019.2  11.6 999.0   9.4 99.0 99.00 
2024 03 26 16 10 321  8.8 11.1  2.08 13.79  6.12 304 1019.3  11.6 999.0   9.2 99.0 99.00 
2024 03 26 16 20 325  8.6 10.7 99.00 99.00 99.00 999 1019.5  11.6 999.0   9.3 99.0 99.00 
2024 03 26 16 30 327  8.9 11.3 99.00 99.00 99.00 999 1019.4  11.6 999.0   9.3 99.0 99.00 
2024 03 26 16 40 327  8.0 10.6  2.14 13.79  6.30 302 1019.3  11.6 999.0   9.5 99.0 99.00 
2024 03 26 16 50 329  8.1  9.9 99.00 99.00 99.00 999 1019.4  11.6 999.0   9.7 99.0 99.00 
2024 03 26 17 00 330  8.1 10.3 99.00 99.00 99.00 999 1019.5  11.5 999.0   9.5 99.0 99.00 
2024 03 26 17 10 331  7.6  9.8  1.90 12.12  5.90 304 1019.6  11.5 999.0   9.6 99.0 99.00 
2024 03 26 17 20 329  7.3  9.0 99.00 99.00 99.00 999 1019.9  11.5 999.0   9.4 99.0 99.00 
2024 03 26 17 30 323  7.6  9.7 99.00 99.00 99.00 999 1020.0  11.5 999.0   9.3 99.0 99.00 
2024 03 26 17 40 320  7.6  9.6  2.10 13.79  6.62 301 1020.0  11.6 999.0   9.4 99.0 99.00 
2024 03 26 17 50 319  8.0 10.6 99.00 99.00 99.00 999 1020.0  11.5 999.0   9.3 99.0 99.00 
2024 03 26 18 00 316  8.0  9.5 99.00 99.00 99.00 999 1020.1  11.5 999.0   9.3 99.0 99.00 
2024 03 26 18 10 315  8.0  9.7  1.92 14.81  5.97 293 1020.2  11.5 999.0   9.3 99.0 99.00 
2024 03 26 18 20 314  7.9 10.3 99.00 99.00 99.00 999 1020.4  11.6 999.0   9.3 99.0 99.00 
2024 03 26 18 30 315  7.8  9.6 99.00 99.00 99.00 999 1020.5  11.6 999.0   9.2 99.0 99.00 
2024 03 26 18 40 313  8.2 10.3  2.12 13.79  6.49 290 1020.6  11.7 999.0   9.2 99.0 99.00 
2024 03 26 18 50 311  7.8  9.7 99.00 99.00 99.00 999 1020.5  11.7 999.0   9.3 99.0 99.00 
2024 03 26 19 00 307  8.2 10.0 99.00 99.00 99.00 999 1020.6  11.7 999.0   9.4 99.0 99.00 
2024 03 26 19 10 311  8.3 10.3  2.01 14.81  6.23 283 1020.6  11.6 999.0   9.3 99.0 99.00 
2024 03 26 19 20 310  8.1  9.7 99.00 99.00 99.00 999 1020.6  11.6 999.0   9.1 99.0 99.00 
2024 03 26 19 30 306  8.0  9.8 99.00 99.00 99.00 999 1020.5  11.7 999.0   9.1 99.0 99.00 
2024 03 26 19 40 309  8.0  9.8  1.89 13.79  5.97 313 1020.4  11.7 999.0   9.0 99.0 99.00 
2024 03 26 19 50 307  8.0 10.3 99.00 99.00 99.00 999 1020.4  11.7 999.0   9.1 99.0 99.00 
2024 03 26 20 00 309  8.2 10.1 99.00 99.00 99.00 999 1020.5  11.7 999.0   9.2 99.0 99.00 
2024 03 26 20 10 307  8.2 10.3  2.10 12.12  6.90 302 1020.5  11.7 999.0   9.2 99.0 99.00 
2024 03 26 20 20 307  8.3 10.0 99.00 99.00 99.00 999 1020.6  11.7 999.0   9.1 99.0 99.00 
2024 03 26 20 30 305  8.0  9.8 99.00 99.00 99.00 999 1020.4  11.8 999.0   9.4 99.0 99.00 
2024 03 26 20 40 305  7.4  9.4  2.10 13.79  6.55 295 1020.5  11.8 999.0   9.4 99.0 99.00 
2024 03 26 20 50 303  7.5  9.2 99.00 99.00 99.00 999 1020.5  11.8 999.0   9.3 99.0 99.00 
2024 03 26 21 00 301  7.9 10.2 99.00 99.00 99.00 999 1020.6  11.8 999.0   9.3 99.0 99.00 
2024 03 26 21 10 304  7.8 10.2  2.07 12.12  6.64 294 1020.4  11.8 999.0   9.4 99.0 99.00 
2024 03 26 21 20 306  7.9  9.7 99.00 99.00 99.00 999 1020.4  11.8 999.0   9.5 99.0 99.00 
2024 03 26 21 30 304  7.8  9.9 99.00 99.00 99.00 999 1020.2  11.8 999.0   9.6 99.0 99.00 
2024 03 26 21 40 307  7.8 10.0  2.13 12.12  6.95 302 1020.2  11.8 999.0   9.4 99.0 99.00 
2024 03 26 21 50 309  7.2  9.4 99.00 99.00 99.00 999 1020.1  11.9 999.0   9.5 99.0 99.00 
2024 03 26 22 00 305  7.1  9.0 99.00 99.00 99.00 999 1019.9  11.9 999.0   9.5 99.0 99.00 
2024 03 26 22 10 307  6.6  7.9  2.00 19.05  6.67 293 1020.0  11.9 999.0   9.4 99.0 99.00 
2024 03 26 22 20 306  6.5  7.8 99.00 99.00 99.00 999 1019.9  12.0 999.0   9.6 99.0 99.00 
2024 03 26 22 30 304  6.7  8.5 99.00 99.00 99.00 999 1019.8  11.9 999.0   9.5 99.0 99.00 
2024 03 26 22 40 299  6.4  8.2  2.13 13.79  7.06 293 1019.7  12.0 999.0   9.7 99.0 99.00 
2024 03 26 22 50 297  6.4  8.1 99.00 99.00 99.00 999 1019.8  12.0 999.0   9.8 99.0 99.00 
2024 03 26 23 00 300  6.1  7.8 99.00 99.00 99.00 999 1019.9  12.0 999.0  10.0 99.0 99.00 
2024 03 26 23 10 294  6.7  8.7  2.14 19.05  7.14 271 1019.9  11.9 999.0   9.8 99.0 99.00 
2024 03 26 23 20 293  6.9  8.8 99.00 99.00 99.00 999 1019.9  12.0 999.0   9.7 99.0 99.00 
2024 03 26 23 30 290  7.3  9.0 99.00 99.00 99.00 999 1019.8  12.0 999.0   9.6 99.0 99.00 
2024 03 26 23 40 290  7.2  9.2  2.09 19.05  6.89 307 1020.0  12.0 999.0   9.6 99.0 99.00 
2024 03 26 23 50 288  7.8  9.5 99.00 99.00 99.00 999 1019.9  12.0 999.0   9.7 99.0 99.00 
2024 03 27 00 00 288  7.7  9.6 99.00 99.00 99.00 999 1020.1  12.0 999.0   9.7 99.0 99.00 
2024 03 27 00 10 290  7.7  9.2  2.07 12.90  6.95 293 1020.0  12.0 999.0   9.6 99.0 99.00 
2024 03 27 00 20 293  7.4  9.3 99.00 99.00 99.00 999 1020.1  12.0 999.0   9.4 99.0 99.00 
2024 03 27 00 30 292  7.1  9.1 99.00 99.00 99.00 999 1020.0  12.1 999.0   9.6 99.0 99.00 
2024 03 27 00 40 291  7.2  8.5  2.08 19.05  7.05 293 1020.0  12.1 999.0   9.5 99.0 99.00 
2024 03 27 00 50 292  6.9  8.3 99.00 99.00 99.00 999 1020.0  12.1 999.0   9.5 99.0 99.00 
2024 03 27 01 00 297  6.5  8.2 99.00 99.00 99.00 999 1020.0  12.1 999.0   9.6 99.0 99.00 
2024 03 27 01 10 297  6.6  8.2  1.91 12.90  6.38 294 1020.0  12.1 999.0   9.5 99.0 99.00 
2024 03 27 01 20 300  6.5  7.8 99.00 99.00 99.00 999 1020.0  12.1 999.0   9.4 99.0 99.00 
2024 03 27 01 30 294  6.5  8.1 99.00 99.00 99.00 999 1019.9  12.1 999.0   9.5 99.0 99.00 
2024 03 27 01 40 295  6.3  8.0  1.91 19.05  6.44 291 1019.7  12.1 999.0   9.5 99.0 99.00 
2024 03 27 01 50 299  6.1  7.6 99.00 99.00 99.00 999 1019.7  12.1 999.0   9.5 99.0 99.00 
2024 03 27 02 00 295  5.9  7.5 99.00 99.00 99.00 999 1019.7  12.0 999.0   9.5 99.0 99.00 
2024 03 27 02 10 295  5.8  7.5  2.12 19.05  7.03 289 1019.7  11.9 999.0   9.4 99.0 99.00 
2024 03 27 02 20 294  5.6  7.2 99.00 99.00 99.00 999 1019.7  11.9 999.0   9.3 99.0 99.00 
2024 03 27 02 30 292  5.5  6.9 99.00 99.00 99.00 999 1019.7  11.9 999.0   9.5 99.0 99.00 
2024 03 27 02 40 293  5.7  6.9  1.90 12.90  7.00 298 1019.7  11.9 999.0   9.3 99.0 99.00 
2024 03 27 02 50 294  5.4  7.0 99.00 99.00 99.00 999 1019.9  11.9 999.0   9.2 99.0 99.00 
2024 03 27 03 00 294  5.5  6.7 99.00 99.00 99.00 999 1019.9  11.9 999.0   9.3 99.0 99.00 
2024 03 27 03 10 294  5.1  6.9  1.89 19.05  7.04 298 1019.9  11.9 999.0   9.3 99.0 99.00 
2024 03 27 03 20 297  5.4  6.8 99.00 99.00 99.00 999 1020.0  11.8 999.0   9.1 99.0 99.00 
2024 03 27 03 30 302  4.6  5.9 99.00 99.00 99.00 999 1020.1  11.9 999.0   9.4 99.0 99.00 
2024 03 27 03 40 303  4.5  5.7  2.05 19.05  7.80 291 1020.2  11.9 999.0   9.3 99.0 99.00 
2024 03 27 03 50 301  4.0  5.4 99.00 99.00 99.00 999 1020.2  11.9 999.0   9.2 99.0 99.00 
2024 03 27 04 00 303  4.0  5.0 99.00 99.00 99.00 999 1020.4  11.9 999.0   9.1 99.0 99.00 
2024 03 27 04 10 300  4.0  5.4  2.17 19.05  8.01 286 1020.5  11.9 999.0   9.3 99.0 99.00 
2024 03 27 04 20 296  4.0  5.5 99.00 99.00 99.00 999 1020.6  11.9 999.0   9.3 99.0 99.00 
2024 03 27 04 30 292  4.3  5.5 99.00 99.00 99.00 999 1020.6  11.9 999.0   9.4 99.0 99.00 
2024 03 27 04 40 285  4.1  5.8  1.99 19.05  7.67 292 1020.6  11.8 999.0   9.2 99.0 99.00 
2024 03 27 04 50 281  3.9  5.3 99.00 99.00 99.00 999 1020.6  11.9 999.0   9.4 99.0 99.00 
2024 03 27 05 00 279  4.1  5.3 99.00 99.00 99.00 999 1020.6  11.9 999.0   9.4 99.0 99.00 
2024 03 27 05 10 279  4.4  5.8  1.97 19.05  7.92 304 1020.6  11.8 999.0   9.3 99.0 99.00 
2024 03 27 05 20 279  4.0  5.3 99.00 99.00 99.00 999 1020.6  11.8 999.0   9.3 99.0 99.00 
2024 03 27 05 30 278  4.1  5.3 99.00 99.00 99.00 999 1020.6  11.8 999.0   9.3 99.0 99.00 
2024 03 27 05 40 279  3.8  5.0  2.11 19.05  8.50 287 1020.7  11.8 999.0   9.4 99.0 99.00 
2024 03 27 05 50 277  3.4  4.9 99.00 99.00 99.00 999 1020.7  11.8 999.0   9.3 99.0 99.00 
2024 03 27 06 00 278  3.1  4.4 99.00 99.00 99.00 999 1020.7  11.8 999.0   9.4 99.0 99.00 
2024 03 27 06 10 276  2.9  4.2  1.97 17.39  7.95 271 1020.7  11.9 999.0   9.5 99.0 99.00 
2024 03 27 06 20 283  2.6  3.7 99.00 99.00 99.00 999 1020.7  11.8 999.0   9.4 99.0 99.00 
2024 03 27 06 30 280  2.6  3.6 99.00 99.00 99.00 999 1020.8  11.9 999.0   9.5 99.0 99.00 
2024 03 27 06 40 282  2.9  4.3  2.03 17.39  8.35 298 1020.9  11.9 999.0   9.6 99.0 99.00 
2024 03 27 06 50 287  2.9  4.3 99.00 99.00 99.00 999 1020.9  11.8 999.0   9.6 99.0 99.00 
2024 03 27 07 00 288  2.8  4.4 99.00 99.00 99.00 999 1020.9  11.8 999.0   9.5 99.0 99.00 
2024 03 27 07 10 290  2.5  3.5  2.04 19.05  8.22 275 1020.9  11.9 999.0   9.6 99.0 99.00 
2024 03 27 07 20 297  2.5  3.8 99.00 99.00 99.00 999 1021.1  11.9 999.0   9.7 99.0 99.00 
2024 03 27 07 30 297  2.3  3.5 99.00 99.00 99.00 999 1021.0  11.9 999.0   9.8 99.0 99.00 
2024 03 27 07 40 295  2.6  3.7  2.07 17.39  8.66 275 1021.0  11.8 999.0   9.6 99.0 99.00 
2024 03 27 07 50 289  2.6  3.7 99.00 99.00 99.00 999 1021.0  11.9 999.0   9.7 99.0 99.00 
2024 03 27 08 00 290  2.7  3.7 99.00 99.00 99.00 999 1021.0  11.9 999.0   9.8 99.0 99.00 
2024 03 27 08 10 297  2.6  3.9  2.01 17.39  8.82 278 1020.9  11.9 999.0   9.8 99.0 99.00 
2024 03 27 08 20 288  2.6  3.9 99.00 99.00 99.00 999 1021.0  12.0 999.0   9.9 99.0 99.00 
2024 03 27 08 30 266  3.5  5.8 99.00 99.00 99.00 999 1021.0  11.9 999.0   9.6 99.0 99.00 
2024 03 27 08 40 288  3.0  4.5  2.52 17.39 10.04 279 1021.0  11.9 999.0   9.4 99.0 99.00 
2024 03 27 08 50 254  3.5  4.6 99.00 99.00 99.00 999 1020.9  11.9 999.0   9.4 99.0 99.00 
2024 03 27 09 00 278  2.7  5.0 99.00 99.00 99.00 999 1020.9  11.9 999.0   9.4 99.0 99.00 
2024 03 27 09 10 269  2.4  3.9  1.98 17.39  8.90 299 1020.8  12.0 999.0   9.7 99.0 99.00 
2024 03 27 09 20 247  2.0  3.7 99.00 99.00 99.00 999 1020.7  12.0 999.0   9.7 99.0 99.00 
2024 03 27 09 30 252  2.0  4.5 99.00 99.00 99.00 999 1020.5  12.0 999.0   9.6 99.0 99.00 
2024 03 27 09 40 244  2.3  3.5  2.40 17.39  9.98 287 1020.4  12.0 999.0   9.7 99.0 99.00 
2024 03 27 09 50 254  1.4  3.0 99.00 99.00 99.00 999 1020.3  11.9 999.0   9.5 99.0 99.00 
2024 03 27 10 00 228  0.8  1.4 99.00 99.00 99.00 999 1020.1  12.1 999.0   9.6 99.0 99.00 
2024 03 27 10 10 244  0.4  1.3  2.03 17.39  9.09 287 1020.1  12.1 999.0   9.7 99.0 99.00 
2024 03 27 10 20 201  1.1  2.3 99.00 99.00 99.00 999 1020.0  12.1 999.0   9.9 99.0 99.00 
2024 03 27 10 30 185  1.9  2.6 99.00 99.00 99.00 999 1020.0  12.0 999.0   9.9 99.0 99.00 
2024 03 27 10 40 182  2.6  4.0  2.21 17.39  9.62 287 1020.0  12.1 999.0  10.1 99.0 99.00 
2024 03 27 10 50 154  2.1  3.5 99.00 99.00 99.00 999 1019.9  12.0 999.0  10.1 99.0 99.00 
2024 03 27 11 00 166  2.6  3.8 99.00 99.00 99.00 999 1019.8  12.0 999.0  10.1 99.0 99.00 
2024 03 27 11 10 163  2.9  4.1  2.17 17.39  9.49 281 1019.7  12.0 999.0  10.1 99.0 99.00 
2024 03 27 11 20 154  3.0  4.3 99.00 99.00 99.00 999 1019.6  12.0 999.0  10.1 99.0 99.00 
2024 03 27 11 30 150  3.2  4.6 99.00 99.00 99.00 999 1019.5  12.0 999.0  10.2 99.0 99.00 
2024 03 27 11 40 151  3.6  5.0  2.22 17.39  9.83 279 1019.4  12.0 999.0  10.2 99.0 99.00 
2024 03 27 11 50 146  3.7  5.3 99.00 99.00 99.00 999 1019.3  12.0 999.0  10.2 99.0 99.00 
2024 03 27 12 00 146  4.2  5.7 99.00 99.00 99.00 999 1019.3  11.9 999.0  10.1 99.0 99.00 
2024 03 27 12 10 143  4.4  5.7  2.21 17.39  9.61 287 1019.4  11.9 999.0  10.2 99.0 99.00 
2024 03 27 12 20 142  4.5  6.0 99.00 99.00 99.00 999 1019.3  11.9 999.0  10.3 99.0 99.00 
2024 03 27 12 30 138  4.6  6.6 99.00 99.00 99.00 999 1019.3  12.0 999.0  10.4 99.0 99.00 
2024 03 27 12 40 135  4.7  6.5  2.34 17.39 10.44 277 1019.4  12.0 999.0  10.5 99.0 99.00 
2024 03 27 12 50 136  5.2  7.1 99.00 99.00 99.00 999 1019.4  11.9 999.0  10.4 99.0 99.00 
2024 03 27 13 00 134  5.5  7.5 99.00 99.00 99.00 999 1019.3  11.9 999.0  10.4 99.0 99.00 
2024 03 27 13 10 134  5.3  7.2  2.06 16.00  9.43 284 1019.4  11.9 999.0  10.4 99.0 99.00 
2024 03 27 13 20 139  5.7  7.5 99.00 99.00 99.00 999 1019.4  11.9 999.0  10.4 99.0 99.00 
2024 03 27 13 30 140  5.6  7.1 99.00 99.00 99.00 999 1019.2  11.9 999.0  10.5 99.0 99.00 
2024 03 27 13 40 145  5.9  8.1  1.82 16.00  8.99 268 1019.3  11.9 999.0  10.5 99.0 99.00 
2024 03 27 13 50 147  5.8  7.5 99.00 99.00 99.00 999 1019.5  11.9 999.0  10.5 99.0 99.00 
2024 03 27 14 00 146  6.1  7.9 99.00 99.00 99.00 999 1019.5  11.9 999.0  10.5 99.0 99.00 
2024 03 27 14 10 149  6.2  8.2  1.92 16.00  9.05 281 1019.4  11.9 999.0  10.6 99.0 99.00 
2024 03 27 14 20 146  6.4  8.5 99.00 99.00 99.00 999 1019.2  11.9 999.0  10.6 99.0 99.00 
2024 03 27 14 30 144  6.7  8.5 99.00 99.00 99.00 999 1019.1  11.9 999.0  10.6 99.0 99.00 
2024 03 27 14 40 148  7.0  8.5  1.85 17.39  8.63 279 1019.0  12.0 999.0  10.7 99.0 99.00 
2024 03 27 14 50 152  7.0  8.6 99.00 99.00 99.00 999 1019.1  12.0 999.0  10.7 99.0 99.00 
2024 03 27 15 00 153  6.6  8.8 99.00 99.00 99.00 999 1019.2  12.1 999.0  10.8 99.0 99.00 
2024 03 27 15 10 157  7.1  9.1  2.05 16.00  9.14 285 1019.2  12.1 999.0  10.8 99.0 99.00 
2024 03 27 15 20 159  6.8  8.9 99.00 99.00 99.00 999 1019.3  12.2 999.0  11.0 99.0 99.00 
2024 03 27 15 30 162  7.4  9.0 99.00 99.00 99.00 999 1019.3  12.2 999.0  11.0 99.0 99.00 
2024 03 27 15 40 164  7.5  9.0  2.00 16.00  8.87 285 1019.4  12.2 999.0  11.0 99.0 99.00 
2024 03 27 15 50 167  7.5  9.1 99.00 99.00 99.00 999 1019.4  12.2 999.0  11.1 99.0 99.00 
2024 03 27 16 00 163  7.7  9.7 99.00 99.00 99.00 999 1019.5  12.1 999.0  11.0 99.0 99.00 
2024 03 27 16 10 162  7.7  9.7  1.91 16.00  7.90 285 1019.6  12.1 999.0  11.0 99.0 99.00 
2024 03 27 16 20 160  7.3  9.1 99.00 99.00 99.00 999 1019.6  12.2 999.0  11.2 99.0 99.00 
2024 03 27 16 30 159  7.5  9.1 99.00 99.00 99.00 999 1019.5  12.1 999.0  11.1 99.0 99.00 
2024 03 27 16 40 162  7.3  9.5  2.24 16.00  8.26 278 1019.7  12.0 999.0  11.1 99.0 99.00 
2024 03 27 16 50 163  7.4  9.0 99.00 99.00 99.00 999 1019.6  11.9 999.0  11.2 99.0 99.00 
2024 03 27 17 00 162  7.9  9.9 99.00 99.00 99.00 999 1019.6  11.9 999.0  11.2 99.0 99.00 
2024 03 27 17 10 163  8.5 10.5  2.21 16.00  7.55 294 1019.5  11.9 999.0  11.2 99.0 99.00 
2024 03 27 17 20 161  8.6 10.8 99.00 99.00 99.00 999 1019.4  11.9 999.0  11.4 99.0 99.00 
2024 03 27 17 30 162  8.7 11.0 99.00 99.00 99.00 999 1019.4  11.9 999.0  11.5 99.0 99.00 
2024 03 27 17 40 162  9.3 11.2  2.31 16.00  7.42 274 1019.5  11.8 999.0  11.4 99.0 99.00 
2024 03 27 17 50 161  9.0 11.8 99.00 99.00 99.00 999 1019.5  11.8 999.0  11.5 99.0 99.00 
2024 03 27 18 00 162  8.6 11.2 99.00 99.00 99.00 999 1019.6  11.7 999.0  11.5 99.0 99.00 
2024 03 27 18 10 163  8.2 10.9  2.48 16.00  8.07 281 1019.7  11.8 999.0  11.6 99.0 99.00 
2024 03 27 18 20 169  8.7 11.5 99.00 99.00 99.00 999 1019.5  11.9 999.0  11.7 99.0 99.00 
2024 03 27 18 30 168  9.1 12.2 99.00 99.00 99.00 999 1019.6  11.9 999.0  11.7 99.0 99.00 
2024 03 27 18 40 168  9.4 11.8  2.67 16.00  8.04 291 1019.5  12.0 999.0  11.8 99.0 99.00 
2024 03 27 18 50 167  8.7 10.6 99.00 99.00 99.00 999 1019.6  12.1 999.0  11.9 99.0 99.00 
2024 03 27 19 00 169  8.8 10.8 99.00 99.00 99.00 999 1019.5  12.1 999.0  12.0 99.0 99.00 
2024 03 27 19 10 169  8.8 11.2  2.23 16.00  6.74 285 1019.5  12.1 999.0  12.0 99.0 99.00 
2024 03 27 19 20 170  8.8 10.5 99.00 99.00 99.00 999 1019.5  12.2 999.0  12.1 99.0 99.00 
2024 03 27 19 30 173  8.4 11.0 99.00 99.00 99.00 999 1019.4  12.3 999.0  12.2 99.0 99.00 
2024 03 27 19 40 174  8.6 11.2  2.33 16.00  6.80 273 1019.3  12.3 999.0  12.2 99.0 99.00 
2024 03 27 19 50 179  8.3 10.6 99.00 99.00 99.00 999 1019.4  12.4 999.0  12.3 99.0 99.00 
2024 03 27 20 00 183  8.1 10.5 99.00 99.00 99.00 999 1019.3  12.4 999.0  12.3 99.0 99.00 
2024 03 27 20 10 185  7.5  9.0  2.53 16.00  6.99 277 1019.2  12.4 999.0  12.3 99.0 99.00 
2024 03 27 20 20 184  7.6  9.1 99.00 99.00 99.00 999 1019.2  12.5 999.0  12.4 99.0 99.00 
2024 03 27 20 30 184  7.6  9.1 99.00 99.00 99.00 999 1019.2  12.6 999.0  12.5 99.0 99.00 
2024 03 27 20 40 187  7.7  9.5  2.29 16.00  6.83 278 1019.1  12.7 999.0  12.6 99.0 99.00 
2024 03 27 20 50 187  7.6  9.5 99.00 99.00 99.00 999 1019.0  12.7 999.0  12.6 99.0 99.00 
2024 03 27 21 00 185  7.4  9.0 99.00 99.00 99.00 999 1018.9  12.7 999.0  12.6 99.0 99.00 
2024 03 27 21 10 185  7.1  8.9  2.68 16.00  7.96 270 1018.8  12.7 999.0  12.6 99.0 99.00 
2024 03 27 21 20 186  7.2  8.6 99.00 99.00 99.00 999 1018.8  12.7 999.0  12.6 99.0 99.00 
2024 03 27 21 30 185  7.0  8.9 99.00 99.00 99.00 999 1018.7  12.8 999.0  12.7 99.0 99.00 
2024 03 27 21 40 186  7.2  9.0  2.38 16.00  7.35 260 1018.5  12.8 999.0  12.7 99.0 99.00 
2024 03 27 21 50 186  6.7  8.1 99.00 99.00 99.00 999 1018.4  12.8 999.0  12.7 99.0 99.00 
2024 03 27 22 00 182  7.1  8.6 99.00 99.00 99.00 999 1018.2  12.8 999.0  12.7 99.0 99.00 
2024 03 27 22 10 183  7.2  9.1  2.32 14.81  7.06 283 1018.1  12.8 999.0  12.7 99.0 99.00 
2024 03 27 22 20 186  7.4  9.0 99.00 99.00 99.00 999 1018.0  12.8 999.0  12.7 99.0 99.00 
2024 03 27 22 30 188  6.8  8.4 99.00 99.00 99.00 999 1017.9  12.8 999.0  12.6 99.0 99.00 
2024 03 27 22 40 188  6.7  8.1  2.39 14.81  7.33 273 1017.8  12.8 999.0  12.6 99.0 99.00 
2024 03 27 22 50 189  6.6  8.2 99.00 99.00 99.00 999 1017.7  12.9 999.0  12.7 99.0 99.00 
2024 03 27 23 00 189  6.3  7.9 99.00 99.00 99.00 999 1017.7  12.8 999.0  12.5 99.0 99.00 
2024 03 27 23 10 190  6.6  8.0  2.36 16.00  7.86 279 1017.6  12.8 999.0  12.5 99.0 99.00 
2024 03 27 23 20 189  6.7  8.2 99.00 99.00 99.00 999 1017.5  12.8 999.0  12.4 99.0 99.00 
2024 03 27 23 30 188  6.9  8.3 99.00 99.00 99.00 999 1017.3  12.9 999.0  12.5 99.0 99.00 
2024 03 27 23 40 190  7.2  8.6  2.16 14.81  6.93 280 1017.1  12.9 999.0  12.5 99.0 99.00 
2024 03 27 23 50 189  7.3  9.0 99.00 99.00 99.00 999 1016.9  12.9 999.0  12.5 99.0 99.00 
2024 03 28 00 00 190  7.1  8.7 99.00 99.00 99.00 999 1016.8  12.9 999.0  12.5 99.0 99.00 
2024 03 28 00 10 190  7.4  9.0  2.25 14.81  7.56 286 1016.8  13.0 999.0  12.6 99.0 99.00 
2024 03 28 00 20 191  7.4  9.0 99.00 99.00 99.00 999 1016.6  12.9 999.0  12.5 99.0 99.00 
2024 03 28 00 30 190  7.5  9.3 99.00 99.00 99.00 999 1016.5  12.9 999.0  12.5 99.0 99.00 
2024 03 28 00 40 192  7.5  8.9  2.32 16.00  7.28 277 1016.4  12.9 999.0  12.6 99.0 99.00 
2024 03 28 00 50 189  7.4  8.8 99.00 99.00 99.00 999 1016.3  12.9 999.0  12.7 99.0 99.00 
2024 03 28 01 00 190  7.3  8.9 99.00 99.00 99.00 999 1016.2  12.9 999.0  12.7 99.0 99.00 
2024 03 28 01 10 191  7.4  9.1  2.39 14.81  7.55 289 1016.1  12.9 999.0  12.7 99.0 99.00 
2024 03 28 01 20 192  6.7  8.1 99.00 99.00 99.00 999 1016.0  12.8 999.0  12.6 99.0 99.00 
2024 03 28 01 30 192  7.1  8.8 99.00 99.00 99.00 999 1015.8  12.9 999.0  12.6 99.0 99.00 
2024 03 28 01 40 192  7.3  8.7  2.45 14.81  7.69 292 1015.8  12.9 999.0  12.5 99.0 99.00 
2024 03 28 01 50 194  7.6  9.2 99.00 99.00 99.00 999 1015.8  12.9 999.0  12.6 99.0 99.00 
2024 03 28 02 00 194  7.7  9.8 99.00 99.00 99.00 999 1015.7  12.9 999.0  12.7 99.0 99.00 
2024 03 28 02 10 198  7.7  9.6  2.47 14.81  8.15 294 1015.8  12.9 999.0  12.7 99.0 99.00 
2024 03 28 02 20 202  7.8 10.7 99.00 99.00 99.00 999 1015.8  12.9 999.0  12.7 99.0 99.00 
2024 03 28 02 30 256  7.6 11.9 99.00 99.00 99.00 999 1015.9  12.5 999.0  12.4 99.0 99.00 
2024 03 28 02 40 263  8.2 10.0  2.21 16.00  7.42 285 1016.0  12.1 999.0  12.0 99.0 99.00 
2024 03 28 02 50 259  7.2  9.1 99.00 99.00 99.00 999 1016.0  12.0 999.0  11.9 99.0 99.00 
2024 03 28 03 00 252  6.1  7.7 99.00 99.00 99.00 999 1016.0  12.2 999.0  12.1 99.0 99.00 
2024 03 28 03 10 264  5.9  7.6  2.54 16.00  7.98 287 1016.2  12.2 999.0  12.1 99.0 99.00 
2024 03 28 03 20 267  6.0  7.3 99.00 99.00 99.00 999 1016.1  12.3 999.0  12.2 99.0 99.00 
2024 03 28 03 30 276  5.8  7.3 99.00 99.00 99.00 999 1016.1  12.3 999.0  12.2 99.0 99.00 
2024 03 28 03 40 290  6.1  8.0  2.41 14.81  7.65 277 1016.1  12.3 999.0  12.1 99.0 99.00 
2024 03 28 03 50 288  6.3  8.3 99.00 99.00 99.00 999 1016.2  12.3 999.0  12.1 99.0 99.00 
2024 03 28 04 00 289  5.9  8.1 99.00 99.00 99.00 999 1016.0  12.2 999.0  11.8 99.0 99.00 
2024 03 28 04 10 291  5.5  7.1  2.49 14.81  7.91 288 1016.1  12.2 999.0  11.8 99.0 99.00 
2024 03 28 04 20 290  5.2  6.6 99.00 99.00 99.00 999 1016.1  12.2 999.0  11.7 99.0 99.00 
2024 03 28 04 30 285  5.2  6.5 99.00 99.00 99.00 999 1016.2  12.2 999.0  11.6 99.0 99.00 
2024 03 28 04 40 282  4.8  6.2  2.30 14.81  7.64 290 1016.4  12.3 999.0  11.8 99.0 99.00 
2024 03 28 04 50 279  4.8  6.1 99.00 99.00 99.00 999 1016.6  12.3 999.0  11.8 99.0 99.00 
2024 03 28 05 00 276  4.3  6.4 99.00 99.00 99.00 999 1016.6  12.3 999.0  11.8 99.0 99.00 
2024 03 28 05 10 276  4.2  5.5  2.22 14.81  7.55 272 1016.6  12.3 999.0  11.8 99.0 99.00 
2024 03 28 05 20 274  3.8  5.2 99.00 99.00 99.00 999 1016.5  12.3 999.0  11.7 99.0 99.00 
2024 03 28 05 30 274  3.8  5.3 99.00 99.00 99.00 999 1016.5  12.3 999.0  11.7 99.0 99.00 
2024 03 28 05 40 273  3.7  5.5  2.48 14.81  8.23 286 1016.6  12.3 999.0  11.8 99.0 99.00 
2024 03 28 05 50 268  3.1  4.6 99.00 99.00 99.00 999 1016.4  12.3 999.0  11.8 99.0 99.00 
2024 03 28 06 00 259  2.7  4.0 99.00 99.00 99.00 999 1016.5  12.3 999.0  11.8 99.0 99.00 
2024 03 28 06 10 257  2.9  4.0  2.31 16.00  7.66 300 1016.5  12.3 999.0  11.8 99.0 99.00 
2024 03 28 06 20 255  3.1  4.2 99.00 99.00 99.00 999 1016.5  12.3 999.0  11.8 99.0 99.00 
2024 03 28 06 30 253  3.4  4.7 99.00 99.00 99.00 999 1016.5  12.3 999.0  11.9 99.0 99.00 
2024 03 28 06 40 248  3.5  5.0  2.39 14.81  7.65 285 1016.6  12.3 999.0  11.9 99.0 99.00 
2024 03 28 06 50 242  4.1  5.7 99.00 99.00 99.00 999 1016.6  12.4 999.0  12.0 99.0 99.00 
2024 03 28 07 00 246  4.4  5.8 99.00 99.00 99.00 999 1016.7  12.4 999.0  11.9 99.0 99.00 
2024 03 28 07 10 252  4.9  6.3  2.17 14.81  7.64 291 1016.7  12.3 999.0  11.8 99.0 99.00 
2024 03 28 07 20 257  4.9  6.4 99.00 99.00 99.00 999 1016.7  12.3 999.0  11.8 99.0 99.00 
2024 03 28 07 30 260  4.7  6.3 99.00 99.00 99.00 999 1016.7  12.2 999.0  11.5 99.0 99.00 
2024 03 28 07 40 264  4.7  6.5  2.32 12.90  7.64 291 1016.7  12.2 999.0  11.3 99.0 99.00 
2024 03 28 07 50 260  4.7  6.3 99.00 99.00 99.00 999 1016.8  12.3 999.0  11.2 99.0 99.00 
2024 03 28 08 00 257  5.1  6.6 99.00 99.00 99.00 999 1016.9  12.4 999.0  11.3 99.0 99.00 
2024 03 28 08 10 255  5.0  6.9  2.45 14.81  8.38 296 1016.9  12.5 999.0  11.4 99.0 99.00 
2024 03 28 08 20 252  5.0  6.5 99.00 99.00 99.00 999 1016.8  12.5 999.0  11.3 99.0 99.00 
2024 03 28 08 30 251  5.3  7.0 99.00 99.00 99.00 999 1016.9  12.5 999.0  11.4 99.0 99.00 
2024 03 28 08 40 250  5.4  7.1  2.32 13.79  7.97 290 1016.8  12.5 999.0  11.2 99.0 99.00 
2024 03 28 08 50 247  5.0  6.5 99.00 99.00 99.00 999 1016.9  12.6 999.0  11.3 99.0 99.00 
2024 03 28 09 00 268  5.9  8.6 99.00 99.00 99.00 999 1017.3  12.1 999.0  10.4 99.0 99.00 
2024 03 28 09 10 283  5.0  7.7  2.35 14.81  7.55 287 1017.2  11.2 999.0   9.6 99.0 99.00 
2024 03 28 09 20 282  5.3  6.6 99.00 99.00 99.00 999 1017.3  11.3 999.0  10.0 99.0 99.00 
2024 03 28 09 30 273  5.0  6.7 99.00 99.00 99.00 999 1017.3  11.4 999.0  10.1 99.0 99.00 
2024 03 28 09 40 265  5.3  6.9  2.35 14.81  7.86 280 1017.2  11.5 999.0  10.1 99.0 99.00 
2024 03 28 09 50 265  5.2  6.6 99.00 99.00 99.00 999 1017.2  11.5 999.0  10.2 99.0 99.00 
2024 03 28 10 00 261  5.0  6.4 99.00 99.00 99.00 999 1017.3  11.6 999.0  10.4 99.0 99.00 
2024 03 28 10 10 252  5.6  7.4  2.29 14.81  7.36 284 1017.2  11.7 999.0  10.4 99.0 99.00 
2024 03 28 10 20 247  5.6  7.6 99.00 99.00 99.00 999 1017.1  11.8 999.0  10.4 99.0 99.00 
2024 03 28 10 30 247  5.0  6.5 99.00 99.00 99.00 999 1017.0  11.9 999.0  10.5 99.0 99.00 
2024 03 28 10 40 249  4.3  5.8  2.19 14.81  7.16 269 1017.0  12.0 999.0  10.6 99.0 99.00 
2024 03 28 10 50 249  3.8  4.9 99.00 99.00 99.00 999 1017.1  12.1 999.0  10.7 99.0 99.00 
2024 03 28 11 00 247  4.2  6.0 99.00 99.00 99.00 999 1017.0  12.1 999.0  10.7 99.0 99.00 
2024 03 28 11 10 257  5.9  8.2  2.39 14.81  7.77 278 1017.0  12.1 999.0  10.5 99.0 99.00 
2024 03 28 11 20 281  6.3  8.5 99.00 99.00 99.00 999 1017.0  12.2 999.0  10.3 99.0 99.00 
2024 03 28 11 30 286  6.2  8.0 99.00 99.00 99.00 999 1017.2  12.2 999.0  10.2 99.0 99.00 
2024 03 28 11 40 288  5.9  7.5  2.60 13.79  8.13 289 1017.2  12.2 999.0  10.2 99.0 99.00 
2024 03 28 11 50 288  5.0  6.6 99.00 99.00 99.00 999 1017.3  12.3 999.0  10.4 99.0 99.00 
2024 03 28 12 00 288  5.6  7.5 99.00 99.00 99.00 999 1017.4  12.2 999.0  10.1 99.0 99.00 
2024 03 28 12 10 292  5.6  7.4  2.46 13.79  7.94 281 1017.5  12.2 999.0   9.7 99.0 99.00 
2024 03 28 12 20 300  6.2  8.4 99.00 99.00 99.00 999 1017.5  12.0 999.0   9.4 99.0 99.00 
2024 03 28 12 30 304  5.7  7.6 99.00 99.00 99.00 999 1017.5  11.6 999.0   9.1 99.0 99.00 
2024 03 28 12 40 300  5.1  6.7  2.51 13.79  7.90 290 1017.5  11.6 999.0   9.1 99.0 99.00 
2024 03 28 12 50 297  4.8  6.2 99.00 99.00 99.00 999 1017.6  11.8 999.0   9.4 99.0 99.00 
2024 03 28 13 00 300  5.6  7.5 99.00 99.00 99.00 999 1017.7  11.7 999.0   9.6 99.0 99.00 
2024 03 28 13 10 301  5.0  6.7  2.60 13.79  7.81 280 1017.7  11.4 999.0   9.7 99.0 99.00 
2024 03 28 13 20 286  4.4  6.0 99.00 99.00 99.00 999 1017.7  11.4 999.0   9.4 99.0 99.00 
2024 03 28 13 30 269  4.2  5.5 99.00 99.00 99.00 999 1017.8  11.7 999.0   9.6 99.0 99.00 
2024 03 28 13 40 271  4.5  6.1  2.42 12.90  7.61 284 1017.9  11.7 999.0   9.4 99.0 99.00 
2024 03 28 13 50 272  4.2  6.0 99.00 99.00 99.00 999 1017.9  11.8 999.0   9.5 99.0 99.00 
2024 03 28 14 00 268  3.6  5.3 99.00 99.00 99.00 999 1017.9  11.9 999.0   9.8 99.0 99.00 
2024 03 28 14 10 267  3.8  5.5  2.77 11.43  8.07 294 1017.9  12.0 999.0   9.8 99.0 99.00 
2024 03 28 14 20 266  4.1  5.4 99.00 99.00 99.00 999 1018.0  12.1 999.0   9.8 99.0 99.00 
2024 03 28 14 30 293  5.0  7.4 99.00 99.00 99.00 999 1018.0  11.8 999.0   9.4 99.0 99.00 
2024 03 28 14 40 293  4.4  5.8  2.28 14.81  7.48 274 1018.1  11.9 999.0   9.4 99.0 99.00 
2024 03 28 14 50 294  4.6  6.0 99.00 99.00 99.00 999 1018.2  11.9 999.0   9.3 99.0 99.00 
2024 03 28 15 00 295  4.2  5.7 99.00 99.00 99.00 999 1018.3  12.1 999.0   9.4 99.0 99.00 
2024 03 28 15 10 293  4.5  6.6  2.70 14.81  8.34 276 1018.3  12.1 999.0   8.9 99.0 99.00 
2024 03 28 15 20 294  4.3  6.3 99.00 99.00 99.00 999 1018.3  12.2 999.0   8.9 99.0 99.00 
2024 03 28 15 30 300  4.1  5.6 99.00 99.00 99.00 999 1018.3  12.3 999.0   9.0 99.0 99.00 
2024 03 28 15 40 297  3.6  5.3  2.86 13.79  8.28 287 1018.2  12.3 999.0   9.1 99.0 99.00 
2024 03 28 15 50 293  3.3  5.1 99.00 99.00 99.00 999 1018.3  12.3 999.0   8.9 99.0 99.00 
2024 03 28 16 00 297  3.1  4.6 99.00 99.00 99.00 999 1018.3  12.4 999.0   8.8 99.0 99.00 
2024 03 28 16 10 293  3.1  4.9  2.97 13.79  8.34 301 1018.4  12.4 999.0   8.2 99.0 99.00 
2024 03 28 16 20 282  2.6  5.0 99.00 99.00 99.00 999 1018.5  12.5 999.0   8.4 99.0 99.00 
2024 03 28 16 30 272  2.7  5.2 99.00 99.00 99.00 999 1018.6  12.5 999.0   8.4 99.0 99.00 
2024 03 28 16 40 269  2.4  4.0  3.21 13.79  8.59 291 1018.6  12.5 999.0   8.4 99.0 99.00 
2024 03 28 16 50 260  2.4  4.4 99.00 99.00 99.00 999 1018.7  12.6 999.0   8.8 99.0 99.00 
2024 03 28 17 00 256  3.7  8.1 99.00 99.00 99.00 999 1018.9  12.4 999.0   8.8 99.0 99.00 
2024 03 28 17 10 279  4.7  7.0  3.55 13.79  9.15 291 1019.1  11.6 999.0   9.1 99.0 99.00 
2024 03 28 17 20 247  3.5  5.5 99.00 99.00 99.00 999 1019.3  11.5 999.0   8.3 99.0 99.00 
2024 03 28 17 30 241  2.1  3.9 99.00 99.00 99.00 999 1019.2  11.8 999.0   8.0 99.0 99.00 
2024 03 28 17 40 238  1.6  3.0  3.42 14.81  9.12 291 1019.3  12.1 999.0   8.3 99.0 99.00 
2024 03 28 17 50 255  1.9  3.7 99.00 99.00 99.00 999 1019.2  12.2 999.0   8.4 99.0 99.00 
2024 03 28 18 00 261  1.6  3.1 99.00 99.00 99.00 999 1019.4  12.4 999.0   8.6 99.0 99.00 
2024 03 28 18 10 283  3.0  5.6  3.82 13.79  9.47 295 1019.4  12.2 999.0   8.9 99.0 99.00 
2024 03 28 18 20 333  3.5  5.5 99.00 99.00 99.00 999 1019.3  12.0 999.0   9.1 99.0 99.00 
2024 03 28 18 30 351  2.2  3.9 99.00 99.00 99.00 999 1019.2  12.0 999.0   9.0 99.0 99.00 
2024 03 28 18 40   1  1.7  3.9  3.95 14.81  9.42 298 1019.2  12.1 999.0   9.0 99.0 99.00 
2024 03 28 18 50  10  1.5  2.6 99.00 99.00 99.00 999 1019.2  12.2 999.0   8.9 99.0 99.00 
2024 03 28 19 00 359  1.3  4.1 99.00 99.00 99.00 999 1019.2  12.3 999.0   9.0 99.0 99.00 
2024 03 28 19 10  52  0.4  2.4  4.23 14.81  9.62 295 1019.2  12.8 999.0   9.3 99.0 99.00 
2024 03 28 19 20 154  0.7  3.2 99.00 99.00 99.00 999 1019.1  12.8 999.0   9.1 99.0 99.00 
2024 03 28 19 30 210  1.3  3.1 99.00 99.00 99.00 999 1019.1  12.5 999.0   8.9 99.0 99.00 
2024 03 28 19 40 200  1.4  3.2  3.93 13.79  9.13 306 1019.0  12.4 999.0   8.9 99.0 99.00 
2024 03 28 19 50 204  1.3  2.8 99.00 99.00 99.00 999 1019.0  12.4 999.0   8.8 99.0 99.00 
2024 03 28 20 00 212  1.7  3.7 99.00 99.00 99.00 999 1018.9  12.3 999.0   8.8 99.0 99.00 
2024 03 28 20 10 220  1.2  2.7  3.98 13.79  9.42 304 1018.8  12.3 999.0   8.7 99.0 99.00 
2024 03 28 20 20 205  1.4  3.8 99.00 99.00 99.00 999 1018.8  12.3 999.0   8.8 99.0 99.00 
2024 03 28 20 30 207  2.3  3.5 99.00 99.00 99.00 999 1018.8  12.2 999.0   8.8 99.0 99.00 
2024 03 28 20 40 201  2.3  3.9  4.06 13.79  9.23 301 1018.8  12.2 999.0   9.0 99.0 99.00 
2024 03 28 20 50 197  2.7  4.3 99.00 99.00 99.00 999 1018.7  12.2 999.0   9.0 99.0 99.00 
2024 03 28 21 00 199  2.9  4.8 99.00 99.00 99.00 999 1018.7  12.2 999.0   9.1 99.0 99.00 
2024 03 28 21 10 198  2.8  4.0  3.76 13.79  9.31 292 1018.6  12.1 999.0   9.0 99.0 99.00 
2024 03 28 21 20 195  3.0  4.6 99.00 99.00 99.00 999 1018.5  12.2 999.0   9.1 99.0 99.00 
2024 03 28 21 30 195  3.0  4.8 99.00 99.00 99.00 999 1018.5  12.2 999.0   9.1 99.0 99.00 
2024 03 28 21 40 196  3.2  5.1  4.20 14.81  9.99 299 1018.4  12.2 999.0   9.1 99.0 99.00 
2024 03 28 21 50 202  3.6  5.6 99.00 99.00 99.00 999 1018.3  12.3 999.0   9.3 99.0 99.00 
2024 03 28 22 00 204  3.6  5.0 99.00 99.00 99.00 999 1018.2  12.3 999.0   9.3 99.0 99.00 
2024 03 28 22 10 206  3.4  5.0  4.73 13.79 10.20 293 1018.1  12.4 999.0   9.3 99.0 99.00 
2024 03 28 22 20 220  2.8  4.3 99.00 99.00 99.00 999 1018.1  12.5 999.0   9.0 99.0 99.00 
2024 03 28 22 30 232  2.9  4.6 99.00 99.00 99.00 999 1018.0  12.5 999.0   9.3 99.0 99.00 
2024 03 28 22 40 238  3.2  4.9  4.31 12.12  9.90 291 1018.0  12.5 999.0   9.4 99.0 99.00 
2024 03 28 22 50 233  3.2  4.9 99.00 99.00 99.00 999 1017.9  12.6 999.0   9.4 99.0 99.00 
2024 03 28 23 00 233  3.4  5.4 99.00 99.00 99.00 999 1017.9  12.6 999.0   9.4 99.0 99.00 
2024 03 28 23 10 243  4.1  5.6  3.85 12.90  9.47 304 1017.7  12.6 999.0   9.0 99.0 99.00 
2024 03 28 23 20 251  4.1  6.8 99.00 99.00 99.00 999 1017.6  12.6 999.0   8.5 99.0 99.00 
2024 03 28 23 30 249  4.0  6.1 99.00 99.00 99.00 999 1017.6  12.6 999.0   8.6 99.0 99.00 
2024 03 28 23 40 252  3.7  5.8  4.30 12.90  9.96 297 1017.5  12.6 999.0   9.0 99.0 99.00 
2024 03 28 23 50 254  3.6  5.9 99.00 99.00 99.00 999 1017.4  12.6 999.0   9.0 99.0 99.00 
2024 03 29 00 00 253  3.8  5.9 99.00 99.00 99.00 999 1017.4  12.6 999.0   9.0 99.0 99.00 
2024 03 29 00 10 253  4.0  6.1  4.16 13.79  9.79 299 1017.4  12.5 999.0   9.0 99.0 99.00 
2024 03 29 00 20 252  3.9  6.2 99.00 99.00 99.00 999 1017.3  12.6 999.0   9.1 99.0 99.00 
2024 03 29 00 30 257  3.6  6.0 99.00 99.00 99.00 999 1017.3  12.6 999.0   9.1 99.0 99.00 
2024 03 29 00 40 262  3.6  5.6  4.33 13.79 10.27 295 1017.3  12.6 999.0   9.5 99.0 99.00 
2024 03 29 00 50 263  3.6  5.9 99.00 99.00 99.00 999 1017.3  12.7 999.0   9.4 99.0 99.00 
2024 03 29 01 00 261  3.6  5.8 99.00 99.00 99.00 999 1017.2  12.7 999.0   9.3 99.0 99.00 
2024 03 29 01 10 264  3.4  5.5  3.92 14.81  9.55 293 1017.1  12.6 999.0   9.2 99.0 99.00 
2024 03 29 01 20 269  3.2  5.3 99.00 99.00 99.00 999 1017.0  12.6 999.0   9.3 99.0 99.00 
2024 03 29 01 30 254  2.4  4.6 99.00 99.00 99.00 999 1016.8  12.7 999.0   9.5 99.0 99.00 
2024 03 29 01 40 247  2.1  4.0  3.97 13.79  9.74 292 1016.7  12.5 999.0   9.1 99.0 99.00 
2024 03 29 01 50 265  2.2  3.9 99.00 99.00 99.00 999 1016.8  12.5 999.0   9.0 99.0 99.00 
2024 03 29 02 00 263  2.4  4.5 99.00 99.00 99.00 999 1016.7  12.4 999.0   9.0 99.0 99.00 
2024 03 29 02 10 263  2.4  4.1  3.99 13.79  9.96 294 1016.6  12.4 999.0   9.1 99.0 99.00 
2024 03 29 02 20 259  2.1  3.8 99.00 99.00 99.00 999 1016.5  12.4 999.0   9.2 99.0 99.00 
2024 03 29 02 30 246  2.4  4.3 99.00 99.00 99.00 999 1016.4  12.3 999.0   9.1 99.0 99.00 
2024 03 29 02 40 235  2.8  5.3  3.90 13.79  9.73 289 1016.4  12.3 999.0   9.1 99.0 99.00 
2024 03 29 02 50 230  3.3  5.0 99.00 99.00 99.00 999 1016.2  12.2 999.0   8.6 99.0 99.00 
2024 03 29 03 00 232  2.9  4.7 99.00 99.00 99.00 999 1016.0  12.2 999.0   8.7 99.0 99.00 
2024 03 29 03 10 239  2.9  4.3  4.01 14.81  9.75 296 1015.9  12.2 999.0   8.8 99.0 99.00 
2024 03 29 03 20 238  2.9  4.7 99.00 99.00 99.00 999 1015.9  12.1 999.0   8.9 99.0 99.00 
2024 03 29 03 30 238  2.9  4.8 99.00 99.00 99.00 999 1015.9  12.1 999.0   8.8 99.0 99.00 
2024 03 29 03 40 232  2.8  4.0  3.80 13.79  9.96 293 1015.9  12.1 999.0   8.8 99.0 99.00 
2024 03 29 03 50 235  2.7  4.2 99.00 99.00 99.00 999 1016.1  12.2 999.0   9.0 99.0 99.00 
2024 03 29 04 00 230  2.8  4.0 99.00 99.00 99.00 999 1016.1  12.1 999.0   9.0 99.0 99.00 
2024 03 29 04 10 232  2.9  5.2  4.34 12.90 10.16 290 1016.1  12.2 999.0   9.2 99.0 99.00 
2024 03 29 04 20 234  2.7  4.6 99.00 99.00 99.00 999 1016.0  12.1 999.0   9.1 99.0 99.00 
2024 03 29 04 30 233  2.5  4.0 99.00 99.00 99.00 999 1016.0  12.1 999.0   9.1 99.0 99.00 
2024 03 29 04 40 227  2.2  3.7  4.34 13.79 10.25 295 1016.0  12.2 999.0   9.1 99.0 99.00 
2024 03 29 04 50 215  2.0  3.3 99.00 99.00 99.00 999 1015.8  12.2 999.0   9.2 99.0 99.00 
2024 03 29 05 00 205  1.7  3.5 99.00 99.00 99.00 999 1015.8  12.2 999.0   9.4 99.0 99.00 
2024 03 29 05 10 212  2.1  3.3  4.11 13.79  9.98 301 1015.7  12.2 999.0   9.4 99.0 99.00 
2024 03 29 05 20 207  2.5  3.5 99.00 99.00 99.00 999 1015.6  12.2 999.0   9.4 99.0 99.00 
2024 03 29 05 30 200  2.7  3.5 99.00 99.00 99.00 999 1015.4  12.2 999.0   9.2 99.0 99.00 
2024 03 29 05 40 205  2.9  4.5  3.74 14.81  9.67 294 1015.2  12.2 999.0   9.3 99.0 99.00 
2024 03 29 05 50 205  3.0  4.2 99.00 99.00 99.00 999 1015.1  12.1 999.0   9.2 99.0 99.00 
2024 03 29 06 00 213  2.9  4.3 99.00 99.00 99.00 999 1014.9  12.1 999.0   9.1 99.0 99.00 
2024 03 29 06 10 215  2.8  4.1  3.93 12.90  9.66 291 1014.8  12.1 999.0   9.2 99.0 99.00 
2024 03 29 06 20 214  2.9  4.0 99.00 99.00 99.00 999 1014.6  12.1 999.0   9.3 99.0 99.00 
2024 03 29 06 30 206  2.8  4.4 99.00 99.00 99.00 999 1014.5  12.1 999.0   9.3 99.0 99.00 
2024 03 29 06 40 204  2.8  4.2  4.19 13.79  9.96 301 1014.3  12.0 999.0   9.0 99.0 99.00 
2024 03 29 06 50 202  2.6  4.0 99.00 99.00 99.00 999 1014.1  12.0 999.0   9.1 99.0 99.00 
2024 03 29 07 00 194  3.0  4.2 99.00 99.00 99.00 999 1014.0  12.0 999.0   9.2 99.0 99.00 
2024 03 29 07 10 197  3.2  4.8  4.31 12.90 10.01 293 1013.8  12.0 999.0   9.2 99.0 99.00 
2024 03 29 07 20 197  3.1  4.6 99.00 99.00 99.00 999 1013.7  12.0 999.0   9.3 99.0 99.00 
2024 03 29 07 30 196  2.8  4.7 99.00 99.00 99.00 999 1013.7  12.1 999.0   9.5 99.0 99.00 
2024 03 29 07 40 194  3.0  5.1  4.33 14.81 10.42 295 1013.5  12.0 999.0   9.3 99.0 99.00 
2024 03 29 07 50 189  3.0  4.4 99.00 99.00 99.00 999 1013.4  12.1 999.0   9.5 99.0 99.00 
2024 03 29 08 00 186  3.0  6.0 99.00 99.00 99.00 999 1013.2  12.1 999.0   9.6 99.0 99.00 
2024 03 29 08 10 181  3.2  5.3  4.23 13.79  9.98 302 1013.1  12.1 999.0   9.7 99.0 99.00 
2024 03 29 08 20 180  3.0  4.8 99.00 99.00 99.00 999 1013.0  12.1 999.0   9.6 99.0 99.00 
2024 03 29 08 30 186  3.1  5.3 99.00 99.00 99.00 999 1012.8  12.1 999.0   9.5 99.0 99.00 
2024 03 29 08 40 179  3.1  4.8  3.95 13.79  9.43 298 1012.7  12.1 999.0   9.4 99.0 99.00 
2024 03 29 08 50 178  3.4  5.9 99.00 99.00 99.00 999 1012.6  12.1 999.0   9.4 99.0 99.00 
2024 03 29 09 00 178  3.7  5.8 99.00 99.00 99.00 999 1012.4  12.1 999.0   9.2 99.0 99.00 
2024 03 29 09 10 179  4.0  6.5  4.97 13.79 10.43 299 1012.4  12.1 999.0   9.3 99.0 99.00 
2024 03 29 09 20 175  4.1  6.9 99.00 99.00 99.00 999 1012.3  12.1 999.0   9.4 99.0 99.00 
2024 03 29 09 30 179  4.4  7.4 99.00 99.00 99.00 999 1012.1  12.2 999.0   9.7 99.0 99.00 
2024 03 29 09 40 175  4.4  6.9  4.45 13.79 10.23 294 1012.0  12.1 999.0   9.6 99.0 99.00 
2024 03 29 09 50 175  4.6  6.4 99.00 99.00 99.00 999 1011.8  12.1 999.0   9.6 99.0 99.00 
2024 03 29 10 00 173  4.6  6.9 99.00 99.00 99.00 999 1011.6  12.1 999.0   9.6 99.0 99.00 
2024 03 29 10 10 168  4.5  6.4  4.00 13.79  9.78 294 1011.4  12.1 999.0   9.6 99.0 99.00 
2024 03 29 10 20 163  4.7  6.9 99.00 99.00 99.00 999 1011.1  12.1 999.0   9.5 99.0 99.00 
2024 03 29 10 30 161  4.8  7.5 99.00 99.00 99.00 999 1010.9  12.0 999.0   9.4 99.0 99.00 
2024 03 29 10 40 161  5.0  7.5  4.35 13.79 10.08 290 1010.9  12.0 999.0   9.4 99.0 99.00 
2024 03 29 10 50 160  5.1  8.1 99.00 99.00 99.00 999 1010.7  12.1 999.0   9.7 99.0 99.00 
2024 03 29 11 00 162  5.2  8.0 99.00 99.00 99.00 999 1010.6  12.0 999.0   9.6 99.0 99.00 
2024 03 29 11 10 158  5.2  8.7  4.10 14.81  9.87 298 1010.3  12.0 999.0   9.4 99.0 99.00 
2024 03 29 11 20 158  5.4  8.4 99.00 99.00 99.00 999 1010.2  12.0 999.0   9.6 99.0 99.00 
2024 03 29 11 30 156  6.1  8.7 99.00 99.00 99.00 999 1010.1  12.0 999.0   9.8 99.0 99.00 
2024 03 29 11 40 154  6.2 10.1  4.05 13.79 10.22 297 1009.8  12.0 999.0   9.9 99.0 99.00 
2024 03 29 11 50 155  6.2  9.6 99.00 99.00 99.00 999 1009.6  12.0 999.0   9.7 99.0 99.00 
2024 03 29 12 00 150  6.8 10.7 99.00 99.00 99.00 999 1009.3  12.1 999.0   9.8 99.0 99.00 
2024 03 29 12 10 146  7.3 11.2  4.61 12.90 10.48 296 1009.2  12.1 999.0  10.0 99.0 99.00 
2024 03 29 12 20 149  7.1 10.2 99.00 99.00 99.00 999 1009.0  12.1 999.0  10.1 99.0 99.00 
2024 03 29 12 30 147  7.8 11.1 99.00 99.00 99.00 999 1008.7  12.0 999.0  10.2 99.0 99.00 
2024 03 29 12 40 141  8.8 12.6  4.03 13.79  9.52 292 1008.6  11.7 999.0  10.1 99.0 99.00 
2024 03 29 12 50 143  8.7 13.6 99.00 99.00 99.00 999 1008.3  11.7 999.0  10.2 99.0 99.00 
2024 03 29 13 00 148  8.2 14.4 99.00 99.00 99.00 999 1008.6  11.4 999.0   9.7 99.0 99.00 
2024 03 29 13 10 140  5.8 12.6  4.01 13.79  9.61 301 1008.4  10.1 999.0   8.3 99.0 99.00 
2024 03 29 13 20 144  7.6 11.2 99.00 99.00 99.00 999 1008.0  11.2 999.0   9.3 99.0 99.00 
2024 03 29 13 30 147  8.7 13.6 99.00 99.00 99.00 999 1007.8  11.5 999.0   9.6 99.0 99.00 
2024 03 29 13 40 163  8.7 12.3  4.09 13.79  9.50 293 1007.9  11.1 999.0   9.4 99.0 99.00 
2024 03 29 13 50 156  9.0 12.5 99.00 99.00 99.00 999 1007.8  10.4 999.0   8.5 99.0 99.00 
2024 03 29 14 00 148  7.9 11.5 99.00 99.00 99.00 999 1007.7  10.5 999.0   8.1 99.0 99.00 
2024 03 29 14 10 148  8.1 11.1  3.28 13.79  8.43 294 1007.5  10.5 999.0   8.7 99.0 99.00 
2024 03 29 14 20 146  9.3 13.0 99.00 99.00 99.00 999 1007.5  10.7 999.0   8.7 99.0 99.00 
2024 03 29 14 30 142  9.5 12.8 99.00 99.00 99.00 999 1007.4  11.0 999.0   8.3 99.0 99.00 
2024 03 29 14 40 161  9.6 15.2  3.41 12.90  8.58 290 1007.6  11.2 999.0   8.9 99.0 99.00 
2024 03 29 14 50 182 10.1 13.7 99.00 99.00 99.00 999 1007.5  10.3 999.0   8.9 99.0 99.00 
2024 03 29 15 00 171  9.4 12.1 99.00 99.00 99.00 999 1007.2  10.3 999.0   8.4 99.0 99.00 
2024 03 29 15 10 162  8.8 11.5  3.35 13.79  8.29 291 1007.0  10.4 999.0   8.0 99.0 99.00 
2024 03 29 15 20 149  8.3 11.3 99.00 99.00 99.00 999 1006.9  10.7 999.0   8.7 99.0 99.00 
2024 03 29 15 30 135  9.1 12.6 99.00 99.00 99.00 999 1006.6  10.5 999.0   9.0 99.0 99.00 
2024 03 29 15 40 129  8.8 12.2  3.46 12.90  8.43 292 1006.2  10.5 999.0   8.9 99.0 99.00 
2024 03 29 15 50 126  9.0 11.8 99.00 99.00 99.00 999 1006.1  10.6 999.0   9.0 99.0 99.00 
2024 03 29 16 00 125  9.4 13.9 99.00 99.00 99.00 999 1006.0  10.6 999.0   8.9 99.0 99.00 
2024 03 29 16 10 135 10.3 15.4  3.20 12.90  7.98 288 1005.7  10.8 999.0   8.8 99.0 99.00 
2024 03 29 16 20 123 11.0 14.6 99.00 99.00 99.00 999 1005.4  10.6 999.0   9.0 99.0 99.00 
2024 03 29 16 30 121 10.6 14.5 99.00 99.00 99.00 999 1005.0  10.8 999.0   9.2 99.0 99.00 
2024 03 29 16 40 123 11.6 16.3  3.32 12.90  8.34 294 1004.8  10.8 999.0   9.1 99.0 99.00 
2024 03 29 16 50 122 12.2 17.5 99.00 99.00 99.00 999 1004.8  10.8 999.0   9.2 99.0 99.00 
2024 03 29 17 00 125 12.1 16.2 99.00 99.00 99.00 999 1004.7  10.9 999.0   9.2 99.0 99.00 
2024 03 29 17 10 126 12.1 15.9  3.06 13.79  7.23 293 1004.6  10.8 999.0   9.2 99.0 99.00 
2024 03 29 17 20 130 11.8 15.2 99.00 99.00 99.00 999 1004.6  10.7 999.0   9.3 99.0 99.00 
2024 03 29 17 30 130 12.2 15.7 99.00 99.00 99.00 999 1004.5  10.6 999.0   9.4 99.0 99.00 
2024 03 29 17 40 132 11.9 16.2  3.35 12.90  7.62 288 1004.5  10.6 999.0   9.3 99.0 99.00 
2024 03 29 17 50 132 11.8 15.7 99.00 99.00 99.00 999 1004.4  10.6 999.0   9.5 99.0 99.00 
2024 03 29 18 00 130 12.3 16.4 99.00 99.00 99.00 999 1004.4  10.4 999.0   9.4 99.0 99.00 
2024 03 29 18 10 126 11.7 16.4  3.57 12.90  7.50 289 1004.5  10.4 999.0   9.4 99.0 99.00 
2024 03 29 18 20 119 11.6 15.2 99.00 99.00 99.00 999 1004.3  10.3 999.0   9.4 99.0 99.00 
2024 03 29 18 30 126 12.2 15.9 99.00 99.00 99.00 999 1004.2  10.3 999.0   9.4 99.0 99.00 
2024 03 29 18 40 125 12.9 17.5  3.20 12.90  7.10 292 1004.0  10.4 999.0   9.3 99.0 99.00 
2024 03 29 18 50 124 13.6 18.2 99.00 99.00 99.00 999 1003.8  10.3 999.0   9.1 99.0 99.00 
2024 03 29 19 00 122 13.2 16.7 99.00 99.00 99.00 999 1004.0  10.4 999.0   9.3 99.0 99.00 
2024 03 29 19 10 124 12.4 16.9  3.12 12.90  6.54 277 1003.7  10.4 999.0   9.3 99.0 99.00 
2024 03 29 19 20 116 11.9 15.9 99.00 99.00 99.00 999 1003.3  10.5 999.0   9.6 99.0 99.00 
2024 03 29 19 30 108 12.3 16.0 99.00 99.00 99.00 999 1003.2  10.2 999.0   9.5 99.0 99.00 
2024 03 29 19 40 102 12.0 16.0  3.07 12.90  6.59 283 1002.8  10.1 999.0   9.5 99.0 99.00 
2024 03 29 19 50 105 12.7 16.3 99.00 99.00 99.00 999 1002.4  10.1 999.0   9.4 99.0 99.00 
2024 03 29 20 00 109 12.8 17.0 99.00 99.00 99.00 999 1002.3  10.3 999.0   9.5 99.0 99.00 
2024 03 29 20 10 110 13.1 17.1  2.91 12.90  6.36 279 1001.9  10.5 999.0   9.7 99.0 99.00 
2024 03 29 20 20 109 13.4 17.1 99.00 99.00 99.00 999 1002.2  10.5 999.0   9.5 99.0 99.00 
2024 03 29 20 30 107 12.3 16.2 99.00 99.00 99.00 999 1002.0  10.6 999.0   9.7 99.0 99.00 
2024 03 29 20 40 112 12.4 15.6  2.90 12.90  6.21 290 1001.8  10.7 999.0   9.9 99.0 99.00 
2024 03 29 20 50 111 12.1 15.5 99.00 99.00 99.00 999 1001.7  10.8 999.0   9.9 99.0 99.00 
2024 03 29 21 00 108 12.6 16.2 99.00 99.00 99.00 999 1001.5  10.8 999.0   9.5 99.0 99.00 
2024 03 29 21 10 105 12.8 16.7  2.79 12.90  5.97 295 1001.3  10.8 999.0   9.4 99.0 99.00 
2024 03 29 21 20 104 12.1 15.7 99.00 99.00 99.00 999 1001.4  10.8 999.0   9.4 99.0 99.00 
2024 03 29 21 30 104 10.9 14.6 99.00 99.00 99.00 999 1001.2  10.8 999.0   9.4 99.0 99.00 
2024 03 29 21 40 112 10.7 13.9  2.69 12.90  6.08 282 1000.9  11.0 999.0   9.8 99.0 99.00 
2024 03 29 21 50 113 11.4 14.7 99.00 99.00 99.00 999 1000.7  11.0 999.0   9.9 99.0 99.00 
2024 03 29 22 00 118 11.7 14.9 99.00 99.00 99.00 999 1000.3  11.2 999.0   9.9 99.0 99.00 
2024 03 29 22 10 127 12.6 15.9  2.79 13.79  6.09 274 1000.2  11.2 999.0  10.0 99.0 99.00 
2024 03 29 22 20 122 12.5 15.6 99.00 99.00 99.00 999 1000.1  11.4 999.0  10.5 99.0 99.00 
2024 03 29 22 30 124 11.1 15.0 99.00 99.00 99.00 999 1000.2  11.3 999.0  10.7 99.0 99.00 
2024 03 29 22 40 121 11.0 15.1  2.66  6.67  5.80 172 1000.0  11.2 999.0  10.7 99.0 99.00 
2024 03 29 22 50 114 10.3 13.1 99.00 99.00 99.00 999  999.8  10.8 999.0  10.4 99.0 99.00 
2024 03 29 23 00 122 11.7 16.9 99.00 99.00 99.00 999  999.5  11.1 999.0  10.6 99.0 99.00 
2024 03 29 23 10 130 12.8 16.5  2.95 12.90  6.30 274  999.6  11.4 999.0  10.6 99.0 99.00 
2024 03 29 23 20 131 12.9 17.0 99.00 99.00 99.00 999  999.5  11.5 999.0  10.6 99.0 99.00 
2024 03 29 23 30 132 13.4 16.2 99.00 99.00 99.00 999  999.5  11.5 999.0  10.4 99.0 99.00 
2024 03 29 23 40 122 11.6 15.8  2.90  7.69  6.07 189  999.3  11.3 999.0  10.5 99.0 99.00 
2024 03 29 23 50 119 11.9 17.3 99.00 99.00 99.00 999  999.3  11.1 999.0  10.3 99.0 99.00 
2024 03 30 00 00 120 11.7 15.7 99.00 99.00 99.00 999  999.2  11.2 999.0  10.4 99.0 99.00 
2024 03 30 00 10 120 10.6 13.3  2.88 12.90  6.37 273  999.2  11.5 999.0  10.7 99.0 99.00 
2024 03 30 00 20 121 10.7 14.0 99.00 99.00 99.00 999  999.1  11.6 999.0  10.8 99.0 99.00 
2024 03 30 00 30 116 10.0 13.7 99.00 99.00 99.00 999  998.9  11.4 999.0  10.7 99.0 99.00 
2024 03 30 00 40 116 10.4 13.1  2.93 12.90  6.61 269  998.8  11.3 999.0  10.6 99.0 99.00 
2024 03 30 00 50 122  9.5 12.8 99.00 99.00 99.00 999  998.8  11.7 999.0  11.0 99.0 99.00 
2024 03 30 01 00 132 10.4 13.2 99.00 99.00 99.00 999  998.7  11.9 999.0  11.2 99.0 99.00 
2024 03 30 01 10 130 10.4 13.7  2.73  7.69  6.50 177  998.8  11.8 999.0  11.1 99.0 99.00 
2024 03 30 01 20 138 10.3 13.2 99.00 99.00 99.00 999  998.7  12.0 999.0  11.2 99.0 99.00 
2024 03 30 01 30 135 10.2 13.0 99.00 99.00 99.00 999  998.8  12.1 999.0  11.1 99.0 99.00 
2024 03 30 01 40 127  9.6 12.2  2.82  7.69  6.44 185  998.8  12.0 999.0  11.1 99.0 99.00 
2024 03 30 01 50 127  9.3 11.3 99.00 99.00 99.00 999  998.7  11.9 999.0  11.2 99.0 99.00 
2024 03 30 02 00 131  9.7 12.8 99.00 99.00 99.00 999  998.8  12.0 999.0  11.2 99.0 99.00 
2024 03 30 02 10 127  9.6 12.2  3.03  7.69  6.66 202  998.7  11.8 999.0  11.0 99.0 99.00 
2024 03 30 02 20 127  9.5 12.2 99.00 99.00 99.00 999  998.8  11.9 999.0  11.1 99.0 99.00 
2024 03 30 02 30 127  9.2 11.7 99.00 99.00 99.00 999  998.8  12.0 999.0  11.1 99.0 99.00 
2024 03 30 02 40 127  9.4 12.6  3.07  7.69  6.95 183  998.8  12.0 999.0  11.2 99.0 99.00 
2024 03 30 02 50 125  9.7 12.2 99.00 99.00 99.00 999  998.9  11.9 999.0  10.9 99.0 99.00 
2024 03 30 03 00 127  8.8 11.5 99.00 99.00 99.00 999  998.9  11.7 999.0  10.4 99.0 99.00 
2024 03 30 03 10 128  8.0 10.5  2.83  7.69  6.81 200  999.0  11.9 999.0  10.6 99.0 99.00 
2024 03 30 03 20 121  8.3 10.5 99.00 99.00 99.00 999  999.0  12.0 999.0  11.0 99.0 99.00 
2024 03 30 03 30 131  7.9 10.3 99.00 99.00 99.00 999  999.0  12.0 999.0  10.8 99.0 99.00 
2024 03 30 03 40 126  7.8  9.8  3.04 12.12  7.00 279  999.0  12.1 999.0  10.8 99.0 99.00 
2024 03 30 03 50 118  7.9 10.6 99.00 99.00 99.00 999  999.0  12.0 999.0  10.8 99.0 99.00 
2024 03 30 04 00 126  8.5 11.7 99.00 99.00 99.00 999  999.2  12.1 999.0  10.8 99.0 99.00 
2024 03 30 04 10 155  8.3 10.4  2.92 11.43  6.95 278  999.4  11.8 999.0  10.0 99.0 99.00 
2024 03 30 04 20 151  7.5 10.1 99.00 99.00 99.00 999  999.4  11.9 999.0  10.4 99.0 99.00 
2024 03 30 04 30 151  7.4 10.3 99.00 99.00 99.00 999  999.5  11.7 999.0  10.3 99.0 99.00 
2024 03 30 04 40 144  7.1  9.5  3.01 11.43  7.26 276  999.6  11.8 999.0  10.5 99.0 99.00 
2024 03 30 04 50 140  7.6  9.7 99.00 99.00 99.00 999  999.6  11.9 999.0  10.6 99.0 99.00 
2024 03 30 05 00 133  7.8 10.1 99.00 99.00 99.00 999  999.6  11.6 999.0  10.2 99.0 99.00 
2024 03 30 05 10 131  7.7 10.3  2.70  9.09  7.04 236  999.7  11.6 999.0  10.3 99.0 99.00 
2024 03 30 05 20 129  7.8 11.2 99.00 99.00 99.00 999 1000.0  11.7 999.0  10.5 99.0 99.00 
2024 03 30 05 30 135  8.5 10.8 99.00 99.00 99.00 999 1000.0  11.9 999.0  10.3 99.0 99.00 
2024 03 30 05 40 132  8.9 11.2  3.18  9.09  7.46 238 1000.0  11.8 999.0  10.0 99.0 99.00 
2024 03 30 05 50 129  7.8 10.4 99.00 99.00 99.00 999 1000.1  11.8 999.0  10.2 99.0 99.00 
2024 03 30 06 00 126  7.5 10.2 99.00 99.00 99.00 999 1000.2  11.8 999.0  10.1 99.0 99.00 
2024 03 30 06 10 119  7.1  9.2  3.29 12.12  7.50 268 1000.1  11.9 999.0  10.2 99.0 99.00 
2024 03 30 06 20 114  7.9 11.1 99.00 99.00 99.00 999 1000.1  12.1 999.0  10.7 99.0 99.00 
2024 03 30 06 30 117  8.1 11.7 99.00 99.00 99.00 999 1000.0  12.1 999.0  10.8 99.0 99.00 
2024 03 30 06 40 121  8.2 10.7  3.00 12.12  7.32 263 1000.1  12.1 999.0  10.9 99.0 99.00 
2024 03 30 06 50 114  8.1 10.6 99.00 99.00 99.00 999 1000.1  12.0 999.0  10.8 99.0 99.00 
2024 03 30 07 00 118  7.6  9.8 99.00 99.00 99.00 999 1000.1  12.0 999.0  10.9 99.0 99.00 
2024 03 30 07 10 115  7.6 10.2  3.48 11.43  7.87 272 1000.1  12.0 999.0  10.9 99.0 99.00 
2024 03 30 07 20 104  8.3 12.0 99.00 99.00 99.00 999 1000.3  11.6 999.0  10.2 99.0 99.00 
2024 03 30 07 30  95  7.8 11.3 99.00 99.00 99.00 999 1000.4  11.6 999.0  10.3 99.0 99.00 
2024 03 30 07 40 113  7.8 11.5  3.37 11.43  7.77 262 1000.4  11.8 999.0  10.2 99.0 99.00 
2024 03 30 07 50 112  8.8 12.1 99.00 99.00 99.00 999 1000.4  11.9 999.0  10.2 99.0 99.00 
2024 03 30 08 00 110  8.9 12.4 99.00 99.00 99.00 999 1000.4  11.9 999.0  10.5 99.0 99.00 
2024 03 30 08 10  99  8.4 11.6  3.26 11.43  7.69 261 1000.5  11.6 999.0  10.2 99.0 99.00 
2024 03 30 08 20  95  7.9 11.1 99.00 99.00 99.00 999 1000.6  11.6 999.0  10.1 99.0 99.00 
2024 03 30 08 30  93  8.0 11.6 99.00 99.00 99.00 999 1000.6  11.5 999.0  10.0 99.0 99.00 
2024 03 30 08 40  85  8.7 11.7  3.71 12.12  8.10 264 1000.5  11.3 999.0  10.1 99.0 99.00 
2024 03 30 08 50  81  8.6 12.5 99.00 99.00 99.00 999 1000.6  11.2 999.0  10.1 99.0 99.00 
2024 03 30 09 00  82  8.3 11.3 99.00 99.00 99.00 999 1000.5  11.0 999.0  10.0 99.0 99.00 
2024 03 30 09 10  86  8.2 11.2  3.37 12.90  7.76 263 1000.5  11.0 999.0  10.0 99.0 99.00 
2024 03 30 09 20  88  8.2 11.2 99.00 99.00 99.00 999 1000.6  11.0 999.0  10.0 99.0 99.00 
2024 03 30 09 30  88  8.3 10.9 99.00 99.00 99.00 999 1000.5  11.0 999.0  10.0 99.0 99.00 
2024 03 30 09 40  84  8.5 11.3  3.31 12.12  7.96 266 1000.4  11.0 999.0  10.1 99.0 99.00 
2024 03 30 09 50  82  9.0 12.2 99.00 99.00 99.00 999 1000.3  10.8 999.0   9.9 99.0 99.00 
2024 03 30 10 00  87  9.3 12.4 99.00 99.00 99.00 999 1000.4  10.7 999.0   9.7 99.0 99.00 
2024 03 30 10 10  89  9.3 12.1  3.31 12.90  7.77 273 1000.5  10.8 999.0   9.7 99.0 99.00 
2024 03 30 10 20  88  9.3 12.6 99.00 99.00 99.00 999 1000.6  10.7 999.0   9.6 99.0 99.00 
2024 03 30 10 30  90  9.0 12.0 99.00 99.00 99.00 999 1000.6  10.8 999.0   9.7 99.0 99.00 
2024 03 30 10 40  90  8.8 11.9  3.10 12.12  7.61 258 1000.6  10.9 999.0   9.6 99.0 99.00 
2024 03 30 10 50  86  8.2 11.1 99.00 99.00 99.00 999 1000.6  10.9 999.0   9.8 99.0 99.00 
2024 03 30 11 00  81  8.1 11.1 99.00 99.00 99.00 999 1000.5  10.8 999.0   9.7 99.0 99.00 
2024 03 30 11 10  79  8.0 11.3  3.16 12.90  7.54 264 1000.6  10.7 999.0   9.7 99.0 99.00 
2024 03 30 11 20  77  7.9 10.5 99.00 99.00 99.00 999 1000.6  10.6 999.0   9.5 99.0 99.00 
2024 03 30 11 30  80  8.2 10.7 99.00 99.00 99.00 999 1000.5  10.6 999.0   9.3 99.0 99.00 
2024 03 30 11 40  81  8.0 11.0  3.10 12.90  7.60 271 1000.5  10.7 999.0   9.3 99.0 99.00 
2024 03 30 11 50  81  7.8 11.2 99.00 99.00 99.00 999 1000.5  10.7 999.0   9.4 99.0 99.00 
2024 03 30 12 00  78  8.2 12.0 99.00 99.00 99.00 999 1000.6  10.6 999.0   9.3 99.0 99.00 
2024 03 30 12 10  82  8.2 11.3  3.03 12.90  7.41 267 1000.7  10.5 999.0   9.1 99.0 99.00 
2024 03 30 12 20  82  8.3 10.7 99.00 99.00 99.00 999 1000.8  10.6 999.0   9.2 99.0 99.00 
2024 03 30 12 30  80  8.5 12.1 99.00 99.00 99.00 999 1000.9  10.6 999.0   9.2 99.0 99.00 
2024 03 30 12 40  78  9.4 13.1  3.13 11.43  7.78 275 1000.9  10.6 999.0   9.1 99.0 99.00 
2024 03 30 12 50  74  9.0 11.9 99.00 99.00 99.00 999 1001.0  10.6 999.0   9.0 99.0 99.00 
2024 03 30 13 00  76  9.6 12.6 99.00 99.00 99.00 999 1001.0  10.6 999.0   8.9 99.0 99.00 
2024 03 30 13 10  76  9.3 12.2  2.83 12.90  7.35 261 1001.1  10.6 999.0   8.8 99.0 99.00 
2024 03 30 13 20  75  9.0 12.1 99.00 99.00 99.00 999 1001.3  10.6 999.0   8.8 99.0 99.00 
2024 03 30 13 30  75  8.6 11.6 99.00 99.00 99.00 999 1001.4  10.6 999.0   8.8 99.0 99.00 
2024 03 30 13 40  75  8.9 12.1  3.06 12.90  7.94 284 1001.5  10.5 999.0   8.6 99.0 99.00 
2024 03 30 13 50  75  8.4 11.0 99.00 99.00 99.00 999 1001.7  10.5 999.0   8.7 99.0 99.00 
2024 03 30 14 00  72  8.2 11.0 99.00 99.00 99.00 999 1001.7  10.5 999.0   8.8 99.0 99.00 
2024 03 30 14 10  71  8.2 10.8  2.51 12.90  7.26 276 1001.9  10.6 999.0   8.8 99.0 99.00 
2024 03 30 14 20  72  8.0 10.3 99.00 99.00 99.00 999 1002.1  10.7 999.0   8.8 99.0 99.00 
2024 03 30 14 30  72  8.4 11.5 99.00 99.00 99.00 999 1002.2  10.8 999.0   8.8 99.0 99.00 
2024 03 30 14 40  75  7.9 10.7  2.62 11.43  7.38 278 1002.3  10.9 999.0   8.8 99.0 99.00 
2024 03 30 14 50  77  7.9 10.4 99.00 99.00 99.00 999 1002.5  10.9 999.0   8.8 99.0 99.00 
2024 03 30 15 00  74  8.1  9.9 99.00 99.00 99.00 999 1002.6  10.9 999.0   8.8 99.0 99.00 
2024 03 30 15 10  75  7.5 10.3  2.60 12.90  7.39 269 1002.8  10.9 999.0   8.9 99.0 99.00 
2024 03 30 15 20  72  7.9 10.5 99.00 99.00 99.00 999 1002.9  10.7 999.0   8.8 99.0 99.00 
2024 03 30 15 30  67  7.4 10.1 99.00 99.00 99.00 999 1003.0  10.9 999.0   9.0 99.0 99.00 
2024 03 30 15 40  61  7.0 10.0  2.57 12.12  7.72 284 1003.0  11.0 999.0   9.0 99.0 99.00 
2024 03 30 15 50  60  7.0 10.5 99.00 99.00 99.00 999 1003.1  11.1 999.0   8.9 99.0 99.00 
2024 03 30 16 00  57  7.5  9.8 99.00 99.00 99.00 999 1003.2  11.2 999.0   9.0 99.0 99.00 
2024 03 30 16 10  58  8.1 10.3  2.74 12.90  7.82 272 1003.3  11.1 999.0   8.8 99.0 99.00 
2024 03 30 16 20  59  7.9 10.4 99.00 99.00 99.00 999 1003.5  11.3 999.0   8.9 99.0 99.00 
2024 03 30 16 30  62  7.4  9.7 99.00 99.00 99.00 999 1003.6  11.4 999.0   9.1 99.0 99.00 
2024 03 30 16 40  60  7.5  9.5  2.35 12.12  7.36 278 1003.7  11.4 999.0   8.9 99.0 99.00 
2024 03 30 16 50  63  7.5  9.8 99.00 99.00 99.00 999 1003.8  11.5 999.0   8.9 99.0 99.00 
2024 03 30 17 00  61  7.2  9.6 99.00 99.00 99.00 999 1003.8  11.6 999.0   8.9 99.0 99.00 
2024 03 30 17 10  63  7.0  9.6  2.55 12.12  7.78 277 1004.0  11.7 999.0   9.0 99.0 99.00 
2024 03 30 17 20  67  6.7  9.4 99.00 99.00 99.00 999 1004.0  11.8 999.0   8.9 99.0 99.00 
2024 03 30 17 30  65  5.9  8.2 99.00 99.00 99.00 999 1004.1  11.8 999.0   9.1 99.0 99.00 
2024 03 30 17 40  63  5.8  8.2  2.49 12.90  7.74 263 1004.1  11.9 999.0   9.2 99.0 99.00 
2024 03 30 17 50  66  5.5  7.8 99.00 99.00 99.00 999 1004.2  12.0 999.0   9.4 99.0 99.00 
2024 03 30 18 00  64  5.0  7.7 99.00 99.00 99.00 999 1004.2  12.0 999.0   9.4 99.0 99.00 
2024 03 30 18 10  64  5.0  7.0  3.02 12.90  8.87 274 1004.2  12.1 999.0   9.5 99.0 99.00 
2024 03 30 18 20  64  4.9  6.8 99.00 99.00 99.00 999 1004.2  12.2 999.0   9.7 99.0 99.00 
2024 03 30 18 30  65  4.6  6.3 99.00 99.00 99.00 999 1004.3  12.2 999.0   9.8 99.0 99.00 
2024 03 30 18 40  61  4.3  6.5  2.82 12.12  8.46 280 1004.3  12.3 999.0   9.8 99.0 99.00 
2024 03 30 18 50  63  4.0  5.8 99.00 99.00 99.00 999 1004.3  12.5 999.0  10.0 99.0 99.00 
2024 03 30 19 00  69  4.1  6.8 99.00 99.00 99.00 999 1004.3  12.6 999.0   9.7 99.0 99.00 
2024 03 30 19 10  82  4.1  6.2  2.73 12.90  8.47 277 1004.3  12.7 999.0   9.6 99.0 99.00 
2024 03 30 19 20  77  4.0  6.3 99.00 99.00 99.00 999 1004.3  12.7 999.0   9.2 99.0 99.00 
2024 03 30 19 30  71  3.2  4.9 99.00 99.00 99.00 999 1004.4  12.8 999.0   9.5 99.0 99.00 
2024 03 30 19 40  78  2.7  4.5  2.76 12.12  8.73 280 1004.4  12.9 999.0   9.9 99.0 99.00 
2024 03 30 19 50  69  2.8  4.7 99.00 99.00 99.00 999 1004.3  13.0 999.0   9.5 99.0 99.00 
2024 03 30 20 00  75  2.6  4.8 99.00 99.00 99.00 999 1004.3  13.1 999.0   9.8 99.0 99.00 
2024 03 30 20 10  69  3.0  5.6  2.81 11.43  8.68 279 1004.2  13.1 999.0   9.7 99.0 99.00 
2024 03 30 20 20  55  2.4  4.3 99.00 99.00 99.00 999 1004.2  13.3 999.0  10.1 99.0 99.00 
2024 03 30 20 30  52  1.4  3.1 99.00 99.00 99.00 999 1004.1  13.4 999.0  10.6 99.0 99.00 
2024 03 30 20 40  43  0.9  2.3  2.87 12.12  8.82 286 1004.0  13.5 999.0  10.7 99.0 99.00 
2024 03 30 20 50   9  1.3  3.0 99.00 99.00 99.00 999 1004.0  13.5 999.0  10.3 99.0 99.00 
2024 03 30 21 00 331  1.1  2.2 99.00 99.00 99.00 999 1004.0  13.5 999.0  10.5 99.0 99.00 
2024 03 30 21 10 307  1.6  3.4  2.80 11.43  9.12 282 1004.0  13.5 999.0  10.4 99.0 99.00 
2024 03 30 21 20 309  1.6  3.0 99.00 99.00 99.00 999 1004.0  13.6 999.0  10.1 99.0 99.00 
2024 03 30 21 30 303  1.7  3.2 99.00 99.00 99.00 999 1003.9  13.6 999.0  10.0 99.0 99.00 
2024 03 30 21 40 299  1.8  3.6  2.80 11.43  9.13 279 1003.8  13.8 999.0  10.2 99.0 99.00 
2024 03 30 21 50 314  4.5  6.8 99.00 99.00 99.00 999 1003.9  13.5 999.0  10.4 99.0 99.00 
2024 03 30 22 00 310  4.2  6.0 99.00 99.00 99.00 999 1003.9  13.2 999.0  10.5 99.0 99.00 
2024 03 30 22 10 312  4.4  6.2  2.75 11.43  8.93 285 1004.0  13.1 999.0  10.1 99.0 99.00 
2024 03 30 22 20 319  4.8  7.1 99.00 99.00 99.00 999 1004.0  13.2 999.0  10.3 99.0 99.00 
2024 03 30 22 30 320  5.3  7.0 99.00 99.00 99.00 999 1004.1  13.0 999.0  10.5 99.0 99.00 
2024 03 30 22 40 323  6.1  8.1  2.76 11.43  9.28 284 1004.1  12.9 999.0  10.7 99.0 99.00 
2024 03 30 22 50 322  6.2  8.4 99.00 99.00 99.00 999 1003.9  12.8 999.0  10.4 99.0 99.00 
2024 03 30 23 00 318  6.8  8.9 99.00 99.00 99.00 999 1003.9  12.9 999.0   9.8 99.0 99.00 
2024 03 30 23 10 320  6.8  9.2  2.82 12.12  9.31 282 1003.9  13.1 999.0   9.8 99.0 99.00 
2024 03 30 23 20 322  7.3  9.1 99.00 99.00 99.00 999 1003.9  13.0 999.0   9.5 99.0 99.00 
2024 03 30 23 30 324  7.6 10.0 99.00 99.00 99.00 999 1004.0  13.0 999.0   9.9 99.0 99.00 
2024 03 30 23 40 327  7.8 10.2  3.35 11.43  9.27 282 1004.0  12.9 999.0  10.0 99.0 99.00 
2024 03 30 23 50 328  8.7 11.0 99.00 99.00 99.00 999 1004.1  12.8 999.0   9.6 99.0 99.00 
2024 03 31 00 00 329  8.9 11.1 99.00 99.00 99.00 999 1004.1  12.7 999.0   9.6 99.0 99.00 
2024 03 31 00 10 327  8.7 11.7  2.93 12.12  8.55 285 1004.2  12.7 999.0   9.9 99.0 99.00 
2024 03 31 00 20 324  8.2 11.2 99.00 99.00 99.00 999 1004.0  12.7 999.0  10.3 99.0 99.00 
2024 03 31 00 30 322  7.6 10.0 99.00 99.00 99.00 999 1004.1  12.7 999.0  10.5 99.0 99.00 
2024 03 31 00 40 318  7.2  8.7  3.03 11.43  8.72 289 1004.2  12.6 999.0  10.5 99.0 99.00 
2024 03 31 00 50 319  6.6  8.3 99.00 99.00 99.00 999 1004.2  12.7 999.0  10.7 99.0 99.00 
2024 03 31 01 00 318  7.2  9.7 99.00 99.00 99.00 999 1004.3  12.6 999.0  10.7 99.0 99.00 
2024 03 31 01 10 322  8.3 11.1  3.44 12.12  9.09 289 1004.3  12.5 999.0  10.6 99.0 99.00 
2024 03 31 01 20 319  8.1 10.8 99.00 99.00 99.00 999 1004.3  12.5 999.0  10.5 99.0 99.00 
2024 03 31 01 30 319  8.5 10.8 99.00 99.00 99.00 999 1004.2  12.5 999.0  10.6 99.0 99.00 
2024 03 31 01 40 317  7.8 10.1  2.79 11.43  8.26 294 1004.4  12.3 999.0   9.9 99.0 99.00 
2024 03 31 01 50 319  7.6  9.7 99.00 99.00 99.00 999 1004.4  12.5 999.0   9.9 99.0 99.00 
2024 03 31 02 00 320  7.4  9.5 99.00 99.00 99.00 999 1004.6  12.5 999.0  10.2 99.0 99.00 
2024 03 31 02 10 321  6.8  8.9  3.11 11.43  8.51 297 1004.6  12.4 999.0  10.3 99.0 99.00 
2024 03 31 02 20 317  6.4  8.7 99.00 99.00 99.00 999 1004.6  12.4 999.0  10.4 99.0 99.00 
2024 03 31 02 30 322  6.1  8.1 99.00 99.00 99.00 999 1004.8  12.4 999.0  10.4 99.0 99.00 
2024 03 31 02 40 326  6.0  7.9  2.74 12.12  7.78 284 1004.7  12.4 999.0  10.3 99.0 99.00 
2024 03 31 02 50 328  6.4  8.4 99.00 99.00 99.00 999 1004.6  12.5 999.0  10.5 99.0 99.00 
2024 03 31 03 00 325  6.3  8.3 99.00 99.00 99.00 999 1004.6  12.4 999.0  10.3 99.0 99.00 
2024 03 31 03 10 328  5.7  7.6  3.23 11.43  8.64 293 1004.6  12.5 999.0  10.4 99.0 99.00 
2024 03 31 03 20 329  5.4  7.5 99.00 99.00 99.00 999 1004.8  12.5 999.0  10.3 99.0 99.00 
2024 03 31 03 30 336  5.7  7.6 99.00 99.00 99.00 999 1005.1  12.5 999.0  10.2 99.0 99.00 
2024 03 31 03 40 339  5.3  6.9  2.91 11.43  8.49 304 1005.1  12.6 999.0  10.3 99.0 99.00 
2024 03 31 03 50 340  4.6  6.4 99.00 99.00 99.00 999 1005.2  12.6 999.0  10.4 99.0 99.00 
2024 03 31 04 00 343  5.0  6.5 99.00 99.00 99.00 999 1005.3  12.6 999.0  10.6 99.0 99.00 
2024 03 31 04 10 349  4.1  5.9  2.98 12.12  8.78 294 1005.4  12.7 999.0  10.7 99.0 99.00 
2024 03 31 04 20 342  3.4  5.1 99.00 99.00 99.00 999 1005.4  12.7 999.0  10.9 99.0 99.00 
2024 03 31 04 30 335  3.0  4.3 99.00 99.00 99.00 999 1005.6  12.6 999.0  11.0 99.0 99.00 
2024 03 31 04 40 339  3.6  5.1  3.00 12.12  9.01 287 1005.7  12.5 999.0  10.7 99.0 99.00 
2024 03 31 04 50 340  3.8  5.6 99.00 99.00 99.00 999 1005.8  12.6 999.0  10.7 99.0 99.00 
2024 03 31 05 00 336  4.2  5.6 99.00 99.00 99.00 999 1006.0  12.6 999.0  10.6 99.0 99.00 
2024 03 31 05 10 334  4.3  5.8  2.71 11.43  8.56 297 1006.2  12.6 999.0  10.6 99.0 99.00 
2024 03 31 05 20 334  3.4  5.3 99.00 99.00 99.00 999 1006.3  12.6 999.0  10.7 99.0 99.00 
2024 03 31 05 30 330  4.2  7.2 99.00 99.00 99.00 999 1006.4  12.6 999.0  10.7 99.0 99.00 
2024 03 31 05 40 325  5.4  7.2  2.98 12.12  9.15 288 1006.3  12.4 999.0  10.6 99.0 99.00 
2024 03 31 05 50 326  4.9  6.3 99.00 99.00 99.00 999 1006.3  12.4 999.0  10.9 99.0 99.00 
2024 03 31 06 00 327  4.7  6.6 99.00 99.00 99.00 999 1006.2  12.3 999.0  10.9 99.0 99.00 
2024 03 31 06 10 329  4.4  6.0  2.85 12.12  9.13 302 1006.1  12.3 999.0  11.0 99.0 99.00 
2024 03 31 06 20 331  4.1  6.1 99.00 99.00 99.00 999 1006.0  12.2 999.0  11.0 99.0 99.00 
2024 03 31 06 30 339  3.7  5.1 99.00 99.00 99.00 999 1006.1  12.2 999.0  10.9 99.0 99.00 
2024 03 31 06 40 337  3.4  5.0  3.14 12.12  9.55 297 1006.3  12.3 999.0  11.0 99.0 99.00 
2024 03 31 06 50 328  3.8  5.5 99.00 99.00 99.00 999 1006.3  12.3 999.0  11.1 99.0 99.00 
2024 03 31 07 00 329  3.8  5.4 99.00 99.00 99.00 999 1006.4  12.3 999.0  11.2 99.0 99.00 
2024 03 31 07 10 331  4.0  5.5  2.59 12.12  8.85 293 1006.5  12.2 999.0  11.1 99.0 99.00 
2024 03 31 07 20 333  4.2  6.2 99.00 99.00 99.00 999 1006.7  12.2 999.0  11.1 99.0 99.00 
2024 03 31 07 30 340  3.9  5.6 99.00 99.00 99.00 999 1006.6  12.2 999.0  11.1 99.0 99.00 
2024 03 31 07 40 345  2.8  4.0  2.99 12.12  9.34 291 1006.6  12.2 999.0  11.1 99.0 99.00 
2024 03 31 07 50 337  2.0  3.5 99.00 99.00 99.00 999 1006.5  12.2 999.0  11.1 99.0 99.00 
2024 03 31 08 00 335  2.2  3.6 99.00 99.00 99.00 999 1006.5  12.2 999.0  11.1 99.0 99.00 
2024 03 31 08 10 321  2.2  3.5  2.85 11.43  9.36 300 1006.6  12.2 999.0  11.1 99.0 99.00 
2024 03 31 08 20 310  2.8  4.5 99.00 99.00 99.00 999 1006.6  12.2 999.0  11.1 99.0 99.00 
2024 03 31 08 30 309  3.3  5.2 99.00 99.00 99.00 999 1006.8  12.2 999.0  11.2 99.0 99.00 
2024 03 31 08 40 305  3.4  5.3  2.50 12.12  8.67 290 1006.7  12.2 999.0  11.2 99.0 99.00 
2024 03 31 08 50 312  3.4  5.0 99.00 99.00 99.00 999 1006.9  12.2 999.0  11.4 99.0 99.00 
2024 03 31 09 00 303  3.5  5.1 99.00 99.00 99.00 999 1006.9  12.2 999.0  11.4 99.0 99.00 
2024 03 31 09 10 304  3.5  5.3  2.53 12.12  8.86 288 1006.8  12.2 999.0  11.4 99.0 99.00 
2024 03 31 09 20 310  3.3  4.6 99.00 99.00 99.00 999 1007.0  12.2 999.0  11.4 99.0 99.00 
2024 03 31 09 30 306  3.7  5.1 99.00 99.00 99.00 999 1006.9  12.2 999.0  11.4 99.0 99.00 
2024 03 31 09 40 303  2.9  4.6  2.64 11.43  8.95 298 1006.9  12.2 999.0  11.4 99.0 99.00 
2024 03 31 09 50 303  2.4  4.5 99.00 99.00 99.00 999 1006.9  12.3 999.0  11.5 99.0 99.00 
2024 03 31 10 00 295  1.6  3.1 99.00 99.00 99.00 999 1006.8  12.3 999.0  11.5 99.0 99.00 
2024 03 31 10 10 305  1.6  2.8  2.73 11.43  9.03 295 1007.0  12.3 999.0  11.5 99.0 99.00 
2024 03 31 10 20 301  2.0  3.8 99.00 99.00 99.00 999 1006.9  12.3 999.0  11.6 99.0 99.00 
2024 03 31 10 30 298  1.6  3.2 99.00 99.00 99.00 999 1006.8  12.4 999.0  11.7 99.0 99.00 
2024 03 31 10 40 309  1.4  2.7  2.70 12.12  8.91 289 1006.8  12.4 999.0  11.7 99.0 99.00 
2024 03 31 10 50 306  1.0  2.7 99.00 99.00 99.00 999 1006.8  12.4 999.0  11.7 99.0 99.00 
2024 03 31 11 00 317  0.4  1.8 99.00 99.00 99.00 999 1006.7  12.4 999.0  11.7 99.0 99.00 
2024 03 31 11 10 261  0.2  1.8  2.65 11.43  8.91 293 1006.7  12.4 999.0  11.7 99.0 99.00 
2024 03 31 11 20 221  0.1  1.0 99.00 99.00 99.00 999 1006.8  12.4 999.0  11.7 99.0 99.00 
2024 03 31 11 30 245  0.2  1.5 99.00 99.00 99.00 999 1006.8  12.5 999.0  11.8 99.0 99.00 
2024 03 31 11 40 173  0.2  1.5  2.97 11.43  9.25 293 1006.9  12.4 999.0  11.7 99.0 99.00 
2024 03 31 11 50 167  0.3  1.8 99.00 99.00 99.00 999 1007.0  12.4 999.0  11.7 99.0 99.00 
2024 03 31 12 00 178  0.4  1.5 99.00 99.00 99.00 999 1007.0  12.4 999.0  11.7 99.0 99.00 
2024 03 31 12 10 201  0.6  1.9  2.52 11.43  8.73 288 1007.0  12.3 999.0  11.6 99.0 99.00 
2024 03 31 12 20 203  0.6  1.6 99.00 99.00 99.00 999 1007.1  12.3 999.0  11.6 99.0 99.00 
2024 03 31 12 30 202  0.7  1.7 99.00 99.00 99.00 999 1007.2  12.2 999.0  11.7 99.0 99.00 
2024 03 31 12 40 206  0.8  1.8  2.74 11.43  8.65 290 1007.3  12.2 999.0  11.7 99.0 99.00 
2024 03 31 12 50 217  0.5  1.7 99.00 99.00 99.00 999 1007.3  12.2 999.0  11.7 99.0 99.00 
2024 03 31 13 00 239  0.4  1.7 99.00 99.00 99.00 999 1007.4  12.2 999.0  11.7 99.0 99.00 
2024 03 31 13 10 236  0.4  1.7  3.27 11.43  9.23 293 1007.4  12.2 999.0  11.7 99.0 99.00 
2024 03 31 13 20 200  0.3  2.1 99.00 99.00 99.00 999 1007.5  12.2 999.0  11.7 99.0 99.00 
2024 03 31 13 30 223  0.6  2.0 99.00 99.00 99.00 999 1007.6  12.1 999.0  11.6 99.0 99.00 
2024 03 31 13 40 241  0.8  1.7  2.98 11.43  8.98 293 1007.7  12.1 999.0  11.6 99.0 99.00 
2024 03 31 13 50 258  1.0  2.7 99.00 99.00 99.00 999 1007.9  12.1 999.0  11.6 99.0 99.00 
2024 03 31 14 00 277  1.8  4.0 99.00 99.00 99.00 999 1008.0  12.1 999.0  11.7 99.0 99.00 
2024 03 31 14 10 279  2.4  4.5  3.04 11.43  8.68 295 1008.1  11.9 999.0  11.4 99.0 99.00 
2024 03 31 14 20 275  1.8  3.4 99.00 99.00 99.00 999 1008.0  11.8 999.0  11.3 99.0 99.00 
2024 03 31 14 30 264  1.6  3.4 99.00 99.00 99.00 999 1008.0  11.8 999.0  11.2 99.0 99.00 
2024 03 31 14 40 256  1.3  2.9  3.08 10.81  8.78 305 1008.1  11.8 999.0  11.1 99.0 99.00 
2024 03 31 14 50 284  1.3  3.0 99.00 99.00 99.00 999 1008.3  11.9 999.0  11.2 99.0 99.00 
2024 03 31 15 00 313  1.2  3.1 99.00 99.00 99.00 999 1008.5  12.1 999.0  11.4 99.0 99.00 
2024 03 31 15 10 322  1.4  3.4  3.17 11.43  8.72 296 1008.6  12.2 999.0  11.4 99.0 99.00 
2024 03 31 15 20 327  1.8  3.8 99.00 99.00 99.00 999 1008.7  11.9 999.0  11.1 99.0 99.00 
2024 03 31 15 30 313  1.6  3.8 99.00 99.00 99.00 999 1008.8  11.9 999.0  10.9 99.0 99.00 
2024 03 31 15 40 317  1.6  3.9  3.46 11.43  8.91 294 1009.1  11.8 999.0  10.8 99.0 99.00 
2024 03 31 15 50 335  1.6  3.7 99.00 99.00 99.00 999 1009.2  11.8 999.0  10.8 99.0 99.00 
2024 03 31 16 00 332  1.8  4.4 99.00 99.00 99.00 999 1009.2  11.8 999.0  10.8 99.0 99.00 
2024 03 31 16 10 305  2.9  5.1  3.25 10.81  8.51 306 1009.2  11.8 999.0  10.8 99.0 99.00 
2024 03 31 16 20 307  3.4  5.5 99.00 99.00 99.00 999 1009.3  11.6 999.0  10.6 99.0 99.00 
2024 03 31 16 30 320  2.6  5.0 99.00 99.00 99.00 999 1009.3  11.6 999.0  10.5 99.0 99.00 
2024 03 31 16 40 322  2.9  4.8  3.82 10.81  8.91 302 1009.4  11.6 999.0  10.4 99.0 99.00 
2024 03 31 16 50 320  3.2  5.9 99.00 99.00 99.00 999 1009.4  11.7 999.0  10.4 99.0 99.00 
2024 03 31 17 00 320  3.4  6.3 99.00 99.00 99.00 999 1009.5  11.7 999.0  10.5 99.0 99.00 
2024 03 31 17 10 303  4.1  5.9  3.40 11.43  8.45 297 1009.7  11.7 999.0  10.7 99.0 99.00 
2024 03 31 17 20 308  4.5  6.4 99.00 99.00 99.00 999 1009.8  11.8 999.0  10.7 99.0 99.00 
2024 03 31 17 30 326  4.9  7.7 99.00 99.00 99.00 999 1009.9  11.7 999.0  10.4 99.0 99.00 
2024 03 31 17 40 333  4.8  7.0  3.40 10.81  8.24 295 1010.0  11.8 999.0  10.5 99.0 99.00 
2024 03 31 17 50 333  4.9  7.3 99.00 99.00 99.00 999 1010.1  11.7 999.0  10.4 99.0 99.00 
2024 03 31 18 00 329  4.8  6.7 99.00 99.00 99.00 999 1010.1  11.7 999.0  10.4 99.0 99.00 
2024 03 31 18 10 329  4.6  6.3  3.40 11.43  8.28 293 1010.2  11.7 999.0  10.3 99.0 99.00 
2024 03 31 18 20 329  4.4  6.5 99.00 99.00 99.00 999 1010.1  11.6 999.0  10.0 99.0 99.00 
2024 03 31 18 30 331  4.1  6.3 99.00 99.00 99.00 999 1010.1  11.7 999.0  10.1 99.0 99.00 
2024 03 31 18 40 328  4.3  6.1  3.70 10.81  8.60 303 1010.1  11.7 999.0  10.1 99.0 99.00 
2024 03 31 18 50 323  3.3  5.9 99.00 99.00 99.00 999 1010.0  11.9 999.0  10.5 99.0 99.00 
2024 03 31 19 00 318  3.2  5.2 99.00 99.00 99.00 999 1010.0  12.0 999.0  10.7 99.0 99.00 
2024 03 31 19 10 314  3.8  6.1  3.69 10.81  8.58 311 1010.0  12.1 999.0  10.9 99.0 99.00 
2024 03 31 19 20 311  4.4  6.8 99.00 99.00 99.00 999 1009.9  12.1 999.0  10.9 99.0 99.00 
2024 03 31 19 30 315  5.1  7.1 99.00 99.00 99.00 999 1009.9  12.1 999.0  10.7 99.0 99.00 
2024 03 31 19 40 313  5.1  6.9  3.62 11.43  8.70 305 1009.8  12.2 999.0  10.8 99.0 99.00 
2024 03 31 19 50 309  6.1  8.6 99.00 99.00 99.00 999 1009.6  12.2 999.0  10.9 99.0 99.00 
2024 03 31 20 00 315  6.5  9.2 99.00 99.00 99.00 999 1009.6  12.2 999.0  10.9 99.0 99.00 
2024 03 31 20 10 315  7.1  9.9  3.54 11.43  8.34 312 1009.6  12.1 999.0  10.8 99.0 99.00 
2024 03 31 20 20 317  7.4 10.3 99.00 99.00 99.00 999 1009.6  12.1 999.0  10.7 99.0 99.00 
2024 03 31 20 30 317  7.7 10.5 99.00 99.00 99.00 999 1009.5  12.1 999.0  10.7 99.0 99.00 
2024 03 31 20 40 316  9.0 12.0  3.36 11.43  8.08 308 1009.4  12.2 999.0  10.7 99.0 99.00 
2024 03 31 20 50 320  9.1 11.6 99.00 99.00 99.00 999 1009.3  12.1 999.0  10.6 99.0 99.00 
2024 03 31 21 00 314 10.1 13.2 99.00 99.00 99.00 999 1009.2  12.0 999.0  10.5 99.0 99.00 
2024 03 31 21 10 314 10.5 13.3  3.46 11.43  7.91 307 1009.1  12.0 999.0  10.4 99.0 99.00 
2024 03 31 21 20 314 10.3 12.8 99.00 99.00 99.00 999 1008.9  12.0 999.0  10.3 99.0 99.00 
2024 03 31 21 30 314 10.1 13.3 99.00 99.00 99.00 999 1008.7  11.9 999.0  10.2 99.0 99.00 
2024 03 31 21 40 314  9.7 13.0  3.44 10.81  7.49 311 1008.6  12.0 999.0  10.2 99.0 99.00 
2024 03 31 21 50 312  9.4 12.2 99.00 99.00 99.00 999 1008.6  12.0 999.0  10.3 99.0 99.00 
2024 03 31 22 00 309  9.8 12.5 99.00 99.00 99.00 999 1008.5  12.0 999.0  10.3 99.0 99.00 
2024 03 31 22 10 308 10.4 13.1  3.68 11.43  7.70 304 1008.3  12.0 999.0  10.2 99.0 99.00 
2024 03 31 22 20 308 10.4 13.0 99.00 99.00 99.00 999 1008.1  12.0 999.0  10.2 99.0 99.00 
2024 03 31 22 30 307 10.7 13.7 99.00 99.00 99.00 999 1007.9  12.0 999.0  10.2 99.0 99.00 
2024 03 31 22 40 307 11.0 14.0  3.55 10.81  7.49 306 1007.9  12.0 999.0  10.3 99.0 99.00 
2024 03 31 22 50 310 11.5 14.4 99.00 99.00 99.00 999 1007.8  12.0 999.0  10.1 99.0 99.00 
2024 03 31 23 00 309 10.1 13.6 99.00 99.00 99.00 999 1007.7  12.1 999.0  10.3 99.0 99.00 
2024 03 31 23 10 308 11.1 14.4  3.34 11.43  7.11 313 1007.4  12.1 999.0  10.3 99.0 99.00 
2024 03 31 23 20 309 12.2 15.5 99.00 99.00 99.00 999 1007.2  12.0 999.0  10.1 99.0 99.00 
2024 03 31 23 30 310 12.3 15.5 99.00 99.00 99.00 999 1007.1  12.1 999.0  10.2 99.0 99.00 
2024 03 31 23 40 311 11.8 15.0  3.40 11.43  6.87 308 1007.1  12.1 999.0  10.2 99.0 99.00 
2024 03 31 23 50 313 12.7 16.1 99.00 99.00 99.00 999 1006.9  12.0 999.0  10.1 99.0 99.00 