#YY  MM DD hh mm WDIR WSPD GST  WVHT   DPD   APD MWD   PRES  ATMP  WTMP  DEWP  VIS  TIDE
#yr  mo dy hr mn degT m/s  m/s     m   sec   sec deg    hPa  degC  degC  degC  nmi    ft
2024 04 01 00 00 312 13.3 17.4 99.00 99.00 99.00 999 1006.8  12.0 999.0  10.1 99.0 99.00 
2024 04 01 00 10 311 13.9 16.9  3.60 10.81  7.18 311 1006.6  12.0 999.0  10.0 99.0 99.00 
2024 04 01 00 20 311 13.6 17.2 99.00 99.00 99.00 999 1006.5  12.0 999.0  10.1 99.0 99.00 
2024 04 01 00 30 312 13.7 17.8 99.00 99.00 99.00 999 1006.4  12.0 999.0  10.1 99.0 99.00 
2024 04 01 00 40 312 13.9 17.1  3.67 11.43  7.19 309 1006.3  12.0 999.0  10.1 99.0 99.00 
2024 04 01 00 50 310 13.0 16.4 99.00 99.00 99.00 999 1006.3  12.0 999.0  10.2 99.0 99.00 
2024 04 01 01 00 311 14.2 17.8 99.00 99.00 99.00 999 1006.0  11.9 999.0  10.1 99.0 99.00 
2024 04 01 01 10 312 14.2 18.8  3.78 10.81  7.11 313 1005.9  11.9 999.0  10.1 99.0 99.00 
2024 04 01 01 20 313 13.7 17.2 99.00 99.00 99.00 999 1005.9  11.9 999.0  10.1 99.0 99.00 
2024 04 01 01 30 314 14.5 18.3 99.00 99.00 99.00 999 1006.0  11.9 999.0  10.1 99.0 99.00 
2024 04 01 01 40 314 13.9 18.8  3.99 11.43  7.25 310 1006.1  11.9 999.0  10.1 99.0 99.00 
2024 04 01 01 50 314 13.5 17.9 99.00 99.00 99.00 999 1006.1  11.9 999.0  10.1 99.0 99.00 
2024 04 01 02 00 315 13.4 17.5 99.00 99.00 99.00 999 1006.1  11.9 999.0  10.1 99.0 99.00 
2024 04 01 02 10 316 13.7 17.2  3.80 10.81  7.16 311 1006.2  11.9 999.0  10.1 99.0 99.00 
2024 04 01 02 20 317 13.3 16.9 99.00 99.00 99.00 999 1006.2  11.9 999.0  10.1 99.0 99.00 
2024 04 01 02 30 318 13.2 16.4 99.00 99.00 99.00 999 1006.3  11.9 999.0  10.1 99.0 99.00 
2024 04 01 02 40 320 12.9 17.0  3.89 10.81  7.09 316 1006.4  11.9 999.0  10.1 99.0 99.00 
2024 04 01 02 50 321 12.6 17.2 99.00 99.00 99.00 999 1006.5  12.0 999.0  10.3 99.0 99.00 
2024 04 01 03 00 321 12.1 15.4 99.00 99.00 99.00 999 1006.8  12.0 999.0  10.3 99.0 99.00 
2024 04 01 03 10 322 11.7 14.9  3.64 10.81  7.11 315 1007.1  12.0 999.0  10.4 99.0 99.00 
2024 04 01 03 20 322 11.5 14.5 99.00 99.00 99.00 999 1007.3  12.1 999.0  10.5 99.0 99.00 
2024 04 01 03 30 322 11.4 15.0 99.00 99.00 99.00 999 1007.4  12.1 999.0  10.6 99.0 99.00 
2024 04 01 03 40 322 11.3 14.6  3.84 10.81  7.39 312 1007.4  12.1 999.0  10.6 99.0 99.00 
2024 04 01 03 50 323 10.8 14.1 99.00 99.00 99.00 999 1007.5  12.1 999.0  10.6 99.0 99.00 
2024 04 01 04 00 325 10.2 13.2 99.00 99.00 99.00 999 1007.8  12.1 999.0  10.7 99.0 99.00 
2024 04 01 04 10 325 10.1 12.9  3.50 10.00  7.23 307 1007.9  12.1 999.0  10.7 99.0 99.00 
2024 04 01 04 20 327 10.1 13.4 99.00 99.00 99.00 999 1008.2  12.1 999.0  10.7 99.0 99.00 
2024 04 01 04 30 330  9.3 14.1 99.00 99.00 99.00 999 1008.4  12.2 999.0  10.8 99.0 99.00 
2024 04 01 04 40 329  9.3 12.1  3.49  9.09  7.12 315 1008.6  12.2 999.0  10.8 99.0 99.00 
2024 04 01 04 50 331  8.8 12.0 99.00 99.00 99.00 999 1009.0  12.3 999.0  10.8 99.0 99.00 
2024 04 01 05 00 331  8.6 11.5 99.00 99.00 99.00 999 1009.1  12.3 999.0  10.8 99.0 99.00 
2024 04 01 05 10 330  8.3 10.9  3.73 10.81  7.46 304 1009.2  12.2 999.0  10.7 99.0 99.00 
2024 04 01 05 20 330  8.3 11.0 99.00 99.00 99.00 999 1009.4  12.2 999.0  10.7 99.0 99.00 
2024 04 01 05 30 329  7.8 10.9 99.00 99.00 99.00 999 1009.5  12.2 999.0  10.8 99.0 99.00 
2024 04 01 05 40 330  7.6 10.2  3.39 10.00  7.55 312 1009.6  12.2 999.0  10.8 99.0 99.00 
2024 04 01 05 50 334  6.9  9.4 99.00 99.00 99.00 999 1009.6  12.3 999.0  11.0 99.0 99.00 
2024 04 01 06 00 332  7.3  9.7 99.00 99.00 99.00 999 1009.8  12.2 999.0  10.9 99.0 99.00 
2024 04 01 06 10 332  7.0  9.2  3.59 10.00  7.60 313 1009.9  12.2 999.0  10.9 99.0 99.00 
2024 04 01 06 20 332  6.8  8.6 99.00 99.00 99.00 999 1010.1  12.2 999.0  10.9 99.0 99.00 
2024 04 01 06 30 331  6.5  8.5 99.00 99.00 99.00 999 1010.1  12.2 999.0  10.9 99.0 99.00 
2024 04 01 06 40 330  6.1  8.0  3.74 10.81  7.94 307 1010.3  12.2 999.0  10.9 99.0 99.00 
2024 04 01 06 50 331  5.8  8.1 99.00 99.00 99.00 999 1010.6  12.2 999.0  10.9 99.0 99.00 
2024 04 01 07 00 330  5.6  8.2 99.00 99.00 99.00 999 1010.5  12.3 999.0  11.0 99.0 99.00 
2024 04 01 07 10 333  5.8  8.0  3.52 10.00  7.77 310 1010.5  12.3 999.0  11.0 99.0 99.00 
2024 04 01 07 20 337  5.8  7.6 99.00 99.00 99.00 999 1010.8  12.2 999.0  10.9 99.0 99.00 
2024 04 01 07 30 338  5.7  7.5 99.00 99.00 99.00 999 1010.8  12.2 999.0  10.9 99.0 99.00 
2024 04 01 07 40 340  5.3  7.7  3.76 10.81  8.19 309 1010.8  12.2 999.0  10.9 99.0 99.00 
2024 04 01 07 50 335  5.1  7.0 99.00 99.00 99.00 999 1010.9  12.2 999.0  11.0 99.0 99.00 
2024 04 01 08 00 335  5.0  6.7 99.00 99.00 99.00 999 1010.9  12.2 999.0  11.1 99.0 99.00 
2024 04 01 08 10 335  4.6  6.7  3.16 10.00  7.94 309 1010.9  12.2 999.0  11.2 99.0 99.00 
2024 04 01 08 20 330  4.0  6.3 99.00 99.00 99.00 999 1011.0  12.1 999.0  11.1 99.0 99.00 
2024 04 01 08 30 333  4.1  6.2 99.00 99.00 99.00 999 1011.1  12.1 999.0  11.1 99.0 99.00 
2024 04 01 08 40 327  4.4  6.6  3.23 10.00  7.92 308 1011.1  12.1 999.0  11.1 99.0 99.00 
2024 04 01 08 50 326  4.7  6.8 99.00 99.00 99.00 999 1011.2  12.0 999.0  11.0 99.0 99.00 
2024 04 01 09 00 328  5.4  7.7 99.00 99.00 99.00 999 1011.3  12.0 999.0  11.0 99.0 99.00 
2024 04 01 09 10 323  5.3  6.9  3.39 10.81  7.96 297 1011.4  12.1 999.0  11.1 99.0 99.00 
2024 04 01 09 20 329  4.6  6.4 99.00 99.00 99.00 999 1011.3  12.1 999.0  11.1 99.0 99.00 
2024 04 01 09 30 324  4.2  6.2 99.00 99.00 99.00 999 1011.4  12.1 999.0  11.1 99.0 99.00 
2024 04 01 09 40 315  4.6  6.5  2.95 10.81  7.82 302 1011.5  12.1 999.0  11.1 99.0 99.00 
2024 04 01 09 50 317  5.4  7.2 99.00 99.00 99.00 999 1011.6  12.0 999.0  11.0 99.0 99.00 
2024 04 01 10 00 317  5.6  7.1 99.00 99.00 99.00 999 1011.6  12.1 999.0  11.1 99.0 99.00 
2024 04 01 10 10 319  5.7  7.5  2.86 10.81  7.67 298 1011.6  12.1 999.0  11.0 99.0 99.00 
2024 04 01 10 20 323  5.6  7.4 99.00 99.00 99.00 999 1011.6  12.1 999.0  11.0 99.0 99.00 
2024 04 01 10 30 323  5.5  7.7 99.00 99.00 99.00 999 1011.8  12.2 999.0  11.1 99.0 99.00 
2024 04 01 10 40 307  5.1  6.9  3.02 10.00  7.73 308 1012.0  12.2 999.0  11.1 99.0 99.00 
2024 04 01 10 50 297  4.8  6.8 99.00 99.00 99.00 999 1012.0  12.2 999.0  11.2 99.0 99.00 
2024 04 01 11 00 312  5.9  7.6 99.00 99.00 99.00 999 1012.0  12.1 999.0  11.1 99.0 99.00 
2024 04 01 11 10 321  6.0  7.6  2.75 10.00  7.54 298 1012.0  12.1 999.0  11.1 99.0 99.00 
2024 04 01 11 20 329  5.2  6.9 99.00 99.00 99.00 999 1012.1  12.1 999.0  11.0 99.0 99.00 
2024 04 01 11 30 335  5.4  7.0 99.00 99.00 99.00 999 1012.3  12.2 999.0  10.9 99.0 99.00 
2024 04 01 11 40 339  5.6  7.6  2.85 10.00  7.45 305 1012.3  12.2 999.0  10.8 99.0 99.00 
2024 04 01 11 50 341  4.9  6.9 99.00 99.00 99.00 999 1012.5  12.3 999.0  10.8 99.0 99.00 
2024 04 01 12 00 337  4.5  5.9 99.00 99.00 99.00 999 1012.7  12.3 999.0  10.8 99.0 99.00 
2024 04 01 12 10 332  4.2  5.9  2.80 10.00  7.51 302 1012.8  12.3 999.0  11.0 99.0 99.00 
2024 04 01 12 20 330  4.5  6.3 99.00 99.00 99.00 999 1012.9  12.3 999.0  11.0 99.0 99.00 
2024 04 01 12 30 335  4.6  5.9 99.00 99.00 99.00 999 1013.0  12.3 999.0  10.9 99.0 99.00 
2024 04 01 12 40 341  4.7  6.1  2.85 10.00  7.63 308 1013.1  12.3 999.0  10.9 99.0 99.00 
2024 04 01 12 50 341  5.0  6.2 99.00 99.00 99.00 999 1013.1  12.3 999.0  10.9 99.0 99.00 
2024 04 01 13 00 350  5.4  6.8 99.00 99.00 99.00 999 1013.2  12.4 999.0  10.8 99.0 99.00 
2024 04 01 13 10 359  5.6  6.9  2.60 10.00  7.47 308 1013.4  12.5 999.0  10.7 99.0 99.00 
2024 04 01 13 20   1  5.3  6.8 99.00 99.00 99.00 999 1013.6  12.5 999.0  10.6 99.0 99.00 
2024 04 01 13 30 356  4.9  6.5 99.00 99.00 99.00 999 1013.7  12.6 999.0  10.8 99.0 99.00 
2024 04 01 13 40 357  4.7  6.0  2.62 10.00  7.42 306 1013.9  12.5 999.0  10.8 99.0 99.00 
2024 04 01 13 50 356  4.3  5.7 99.00 99.00 99.00 999 1014.1  12.6 999.0  10.7 99.0 99.00 
2024 04 01 14 00   1  4.2  5.6 99.00 99.00 99.00 999 1014.2  13.0 999.0   9.9 99.0 99.00 
2024 04 01 14 10 359  3.5  4.9  2.61 10.00  7.34 313 1014.3  13.4 999.0   9.8 99.0 99.00 
2024 04 01 14 20 355  2.8  4.2 99.00 99.00 99.00 999 1014.5  13.6 999.0   9.7 99.0 99.00 
2024 04 01 14 30 359  2.2  3.6 99.00 99.00 99.00 999 1014.6  13.8 999.0   9.9 99.0 99.00 
2024 04 01 14 40 318  2.2  4.4  2.55 10.00  7.34 308 1014.6  13.6 999.0  10.5 99.0 99.00 
2024 04 01 14 50 303  3.5  6.0 99.00 99.00 99.00 999 1014.8  13.3 999.0   9.8 99.0 99.00 
2024 04 01 15 00 306  3.4  5.1 99.00 99.00 99.00 999 1014.9  13.6 999.0   9.8 99.0 99.00 
2024 04 01 15 10 299  3.5  5.3  2.63 10.00  7.38 301 1015.1  13.7 999.0   9.7 99.0 99.00 
2024 04 01 15 20 291  3.6  6.5 99.00 99.00 99.00 999 1015.2  13.7 999.0   9.9 99.0 99.00 
2024 04 01 15 30 277  5.2  7.4 99.00 99.00 99.00 999 1015.4  13.2 999.0  10.6 99.0 99.00 
2024 04 01 15 40 281  4.0  6.4  2.44  9.09  7.19 301 1015.6  13.1 999.0  10.2 99.0 99.00 
2024 04 01 15 50 318  3.4  5.7 99.00 99.00 99.00 999 1015.7  14.1 999.0   8.2 99.0 99.00 
2024 04 01 16 00 317  4.7  6.0 99.00 99.00 99.00 999 1015.7  14.0 999.0   9.4 99.0 99.00 
2024 04 01 16 10 323  4.8  6.3  2.40 10.00  7.21 300 1015.9  13.2 999.0  10.5 99.0 99.00 
2024 04 01 16 20 325  4.2  6.3 99.00 99.00 99.00 999 1015.9  12.9 999.0  10.5 99.0 99.00 
2024 04 01 16 30 320  3.3  5.6 99.00 99.00 99.00 999 1016.2  13.0 999.0  10.6 99.0 99.00 
2024 04 01 16 40 307  1.4  2.8  2.62 10.00  7.71 310 1016.3  13.2 999.0  10.9 99.0 99.00 
2024 04 01 16 50 312  3.4  5.4 99.00 99.00 99.00 999 1016.4  12.9 999.0  10.8 99.0 99.00 
2024 04 01 17 00 306  3.3  4.8 99.00 99.00 99.00 999 1016.7  12.8 999.0  10.7 99.0 99.00 
2024 04 01 17 10 304  2.1  4.0  2.44 10.00  7.45 309 1016.9  12.8 999.0  10.6 99.0 99.00 
2024 04 01 17 20 182  1.0  2.9 99.00 99.00 99.00 999 1017.1  13.1 999.0  10.8 99.0 99.00 
2024 04 01 17 30 309  2.8  6.6 99.00 99.00 99.00 999 1017.0  13.1 999.0  10.1 99.0 99.00 
2024 04 01 17 40 312  4.4  5.9  2.30  9.09  7.27 310 1017.1  13.3 999.0   9.8 99.0 99.00 
2024 04 01 17 50 307  4.3  5.8 99.00 99.00 99.00 999 1017.1  13.3 999.0  10.1 99.0 99.00 
2024 04 01 18 00 305  3.6  5.4 99.00 99.00 99.00 999 1017.4  13.3 999.0  10.1 99.0 99.00 
2024 04 01 18 10 319  2.6  4.1  2.40  9.09  7.54 311 1017.7  13.5 999.0   9.8 99.0 99.00 
2024 04 01 18 20 322  1.8  3.6 99.00 99.00 99.00 999 1017.9  13.8 999.0   9.9 99.0 99.00 
2024 04 01 18 30 344  0.7  1.8 99.00 99.00 99.00 999 1017.9  13.9 999.0  10.1 99.0 99.00 
2024 04 01 18 40 304  0.8  2.5  2.16 10.00  7.30 308 1018.1  14.0 999.0  10.3 99.0 99.00 
2024 04 01 18 50 314  1.1  2.8 99.00 99.00 99.00 999 1018.3  13.9 999.0  10.1 99.0 99.00 
2024 04 01 19 00 299  0.9  2.3 99.00 99.00 99.00 999 1018.2  14.0 999.0  10.3 99.0 99.00 
2024 04 01 19 10 318  1.8  4.1  2.21  9.09  7.41 307 1018.3  13.7 999.0  10.5 99.0 99.00 
2024 04 01 19 20 294  1.1  2.5 99.00 99.00 99.00 999 1018.4  13.7 999.0  10.9 99.0 99.00 
2024 04 01 19 30 286  1.1  2.3 99.00 99.00 99.00 999 1018.4  13.6 999.0  10.8 99.0 99.00 
2024 04 01 19 40 304  2.2  4.0  2.44 10.00  7.47 306 1018.3  13.4 999.0  10.7 99.0 99.00 
2024 04 01 19 50 305  2.9  4.5 99.00 99.00 99.00 999 1018.3  13.3 999.0  10.8 99.0 99.00 
2024 04 01 20 00 307  2.4  3.7 99.00 99.00 99.00 999 1018.4  13.2 999.0  11.0 99.0 99.00 
2024 04 01 20 10 301  1.2  2.9  2.23  9.09  7.31 307 1018.5  13.3 999.0  11.3 99.0 99.00 
2024 04 01 20 20 204  0.8  1.6 99.00 99.00 99.00 999 1018.5  13.5 999.0  11.4 99.0 99.00 
2024 04 01 20 30 276  1.9  3.8 99.00 99.00 99.00 999 1018.6  13.4 999.0  11.4 99.0 99.00 
2024 04 01 20 40 256  2.1  3.2  2.10 10.00  7.43 308 1018.7  13.3 999.0  11.5 99.0 99.00 
2024 04 01 20 50 272  2.0  3.3 99.00 99.00 99.00 999 1018.6  13.4 999.0  11.7 99.0 99.00 
2024 04 01 21 00 276  2.1  3.1 99.00 99.00 99.00 999 1018.7  13.4 999.0  11.8 99.0 99.00 
2024 04 01 21 10 238  1.7  2.7  1.83 10.00  7.24 304 1018.8  13.4 999.0  11.9 99.0 99.00 
2024 04 01 21 20 256  2.0  3.1 99.00 99.00 99.00 999 1018.8  13.4 999.0  12.0 99.0 99.00 
2024 04 01 21 30 250  2.1  3.0 99.00 99.00 99.00 999 1018.9  13.4 999.0  12.1 99.0 99.00 
2024 04 01 21 40 246  2.0  2.8  1.85 10.00  7.36 299 1018.9  13.4 999.0  12.1 99.0 99.00 
2024 04 01 21 50 242  2.1  3.3 99.00 99.00 99.00 999 1018.9  13.4 999.0  12.1 99.0 99.00 
2024 04 01 22 00 246  2.5  3.7 99.00 99.00 99.00 999 1018.8  13.4 999.0  12.1 99.0 99.00 
2024 04 01 22 10 243  3.0  3.9  1.81 10.00  7.33 310 1018.8  13.4 999.0  12.1 99.0 99.00 
2024 04 01 22 20 246  2.5  3.4 99.00 99.00 99.00 999 1018.9  13.4 999.0  12.2 99.0 99.00 
2024 04 01 22 30 242  2.6  3.4 99.00 99.00 99.00 999 1018.9  13.4 999.0  12.3 99.0 99.00 
2024 04 01 22 40 239  2.8  3.8  1.71  9.09  7.17 306 1018.8  13.4 999.0  12.3 99.0 99.00 
2024 04 01 22 50 245  2.8  3.9 99.00 99.00 99.00 999 1018.8  13.4 999.0  12.3 99.0 99.00 
2024 04 01 23 00 245  3.1  4.0 99.00 99.00 99.00 999 1018.8  13.4 999.0  12.3 99.0 99.00 
2024 04 01 23 10 242  3.2  4.1  1.64  9.09  7.05 304 1018.7  13.5 999.0  12.4 99.0 99.00 
2024 04 01 23 20 248  3.6  4.6 99.00 99.00 99.00 999 1018.7  13.4 999.0  12.3 99.0 99.00 
2024 04 01 23 30 259  3.5  4.5 99.00 99.00 99.00 999 1018.9  13.4 999.0  12.3 99.0 99.00 
2024 04 01 23 40 253  3.6  4.5  1.80  8.33  7.29 309 1018.9  13.4 999.0  12.3 99.0 99.00 
2024 04 01 23 50 261  3.6  4.7 99.00 99.00 99.00 999 1018.9  13.4 999.0  12.3 99.0 99.00 
2024 04 02 00 00 256  3.3  4.5 99.00 99.00 99.00 999 1018.9  13.5 999.0  12.4 99.0 99.00 
2024 04 02 00 10 266  3.6  4.7  1.73  9.09  7.21 317 1018.7  13.5 999.0  12.4 99.0 99.00 
2024 04 02 00 20 263  3.4  4.6 99.00 99.00 99.00 999 1018.6  13.4 999.0  12.3 99.0 99.00 
2024 04 02 00 30 263  3.2  4.3 99.00 99.00 99.00 999 1018.7  13.5 999.0  12.3 99.0 99.00 
2024 04 02 00 40 254  3.2  4.4  1.75  8.33  7.41 314 1018.8  13.5 999.0  12.3 99.0 99.00 
2024 04 02 00 50 255  2.8  3.9 99.00 99.00 99.00 999 1018.9  13.5 999.0  12.3 99.0 99.00 
2024 04 02 01 00 254  2.9  3.9 99.00 99.00 99.00 999 1019.1  13.5 999.0  12.3 99.0 99.00 
2024 04 02 01 10 247  2.9  3.8  1.67  9.09  7.28 315 1019.3  13.5 999.0  12.4 99.0 99.00 
2024 04 02 01 20 255  2.9  3.9 99.00 99.00 99.00 999 1019.3  13.5 999.0  12.4 99.0 99.00 
2024 04 02 01 30 256  2.9  4.2 99.00 99.00 99.00 999 1019.4  13.4 999.0  12.3 99.0 99.00 
2024 04 02 01 40 258  2.9  3.9  1.65  9.09  7.16 312 1019.4  13.4 999.0  12.3 99.0 99.00 
2024 04 02 01 50 270  2.9  4.3 99.00 99.00 99.00 999 1019.5  13.4 999.0  12.3 99.0 99.00 
2024 04 02 02 00 268  2.7  3.8 99.00 99.00 99.00 999 1019.5  13.3 999.0  12.2 99.0 99.00 
2024 04 02 02 10 271  2.4  3.6  1.74 12.12  7.20 274 1019.6  13.2 999.0  12.1 99.0 99.00 
2024 04 02 02 20 275  2.9  4.3 99.00 99.00 99.00 999 1019.7  13.1 999.0  12.1 99.0 99.00 
2024 04 02 02 30 277  2.8  4.4 99.00 99.00 99.00 999 1019.7  13.0 999.0  12.1 99.0 99.00 
2024 04 02 02 40 278  2.7  3.9  1.62  9.09  7.01 307 1019.8  12.9 999.0  12.1 99.0 99.00 
2024 04 02 02 50 284  2.6  3.8 99.00 99.00 99.00 999 1019.8  12.8 999.0  12.0 99.0 99.00 
2024 04 02 03 00 289  3.0  4.5 99.00 99.00 99.00 999 1020.0  12.8 999.0  12.0 99.0 99.00 
2024 04 02 03 10 281  3.0  4.1  1.79  8.33  7.30 303 1020.2  12.7 999.0  11.9 99.0 99.00 
2024 04 02 03 20 279  3.0  4.2 99.00 99.00 99.00 999 1020.2  12.7 999.0  11.9 99.0 99.00 
2024 04 02 03 30 284  3.2  4.2 99.00 99.00 99.00 999 1020.5  12.6 999.0  11.8 99.0 99.00 
2024 04 02 03 40 288  3.2  4.4  1.58 10.81  6.93 292 1020.5  12.6 999.0  11.8 99.0 99.00 
2024 04 02 03 50 291  3.6  4.7 99.00 99.00 99.00 999 1020.6  12.6 999.0  11.9 99.0 99.00 
2024 04 02 04 00 290  3.9  5.6 99.00 99.00 99.00 999 1020.7  12.6 999.0  11.9 99.0 99.00 
2024 04 02 04 10 291  3.7  5.0  1.69 10.81  6.97 285 1020.8  12.6 999.0  11.9 99.0 99.00 
2024 04 02 04 20 286  3.6  4.9 99.00 99.00 99.00 999 1021.0  12.6 999.0  11.9 99.0 99.00 
2024 04 02 04 30 290  3.9  5.1 99.00 99.00 99.00 999 1021.1  12.6 999.0  11.9 99.0 99.00 
2024 04 02 04 40 288  3.7  4.9  1.70 10.00  6.92 296 1021.3  12.6 999.0  11.9 99.0 99.00 
2024 04 02 04 50 289  3.7  5.0 99.00 99.00 99.00 999 1021.3  12.6 999.0  11.9 99.0 99.00 
2024 04 02 05 00 288  3.7  5.2 99.00 99.00 99.00 999 1021.4  12.5 999.0  11.8 99.0 99.00 
2024 04 02 05 10 288  3.3  4.6  1.76  9.09  6.96 299 1021.5  12.5 999.0  11.8 99.0 99.00 
2024 04 02 05 20 287  3.5  5.1 99.00 99.00 99.00 999 1021.6  12.5 999.0  11.8 99.0 99.00 
2024 04 02 05 30 291  3.8  5.1 99.00 99.00 99.00 999 1021.5  12.5 999.0  11.8 99.0 99.00 
2024 04 02 05 40 289  3.7  5.0  1.80 10.00  6.85 296 1021.4  12.5 999.0  11.8 99.0 99.00 
2024 04 02 05 50 290  3.3  4.8 99.00 99.00 99.00 999 1021.4  12.5 999.0  11.8 99.0 99.00 
2024 04 02 06 00 289  2.8  4.0 99.00 99.00 99.00 999 1021.4  12.5 999.0  12.0 99.0 99.00 
2024 04 02 06 10 285  3.3  4.4  1.69  9.09  6.60 303 1021.3  12.4 999.0  11.9 99.0 99.00 
2024 04 02 06 20 289  3.2  4.8 99.00 99.00 99.00 999 1021.3  12.4 999.0  11.9 99.0 99.00 
2024 04 02 06 30 290  3.4  4.6 99.00 99.00 99.00 999 1021.3  12.4 999.0  11.9 99.0 99.00 
2024 04 02 06 40 293  3.5  4.4  1.73  8.33  6.76 306 1021.3  12.4 999.0  11.9 99.0 99.00 
2024 04 02 06 50 291  3.6  4.8 99.00 99.00 99.00 999 1021.4  12.4 999.0  11.9 99.0 99.00 
2024 04 02 07 00 292  3.2  4.6 99.00 99.00 99.00 999 1021.4  12.4 999.0  11.9 99.0 99.00 
2024 04 02 07 10 289  2.9  4.1  1.60  9.09  6.35 312 1021.5  12.4 999.0  11.9 99.0 99.00 
2024 04 02 07 20 289  3.2  4.3 99.00 99.00 99.00 999 1021.4  12.4 999.0  11.9 99.0 99.00 
2024 04 02 07 30 288  2.9  3.7 99.00 99.00 99.00 999 1021.5  12.3 999.0  11.8 99.0 99.00 
2024 04 02 07 40 290  2.9  4.5  1.66  8.33  6.50 303 1021.5  12.3 999.0  11.8 99.0 99.00 
2024 04 02 07 50 285  2.5  3.4 99.00 99.00 99.00 999 1021.4  12.3 999.0  11.8 99.0 99.00 
2024 04 02 08 00 285  2.7  3.9 99.00 99.00 99.00 999 1021.4  12.3 999.0  11.8 99.0 99.00 
2024 04 02 08 10 285  3.0  4.0  1.80  8.33  6.78 303 1021.4  12.3 999.0  11.8 99.0 99.00 
2024 04 02 08 20 282  2.8  3.8 99.00 99.00 99.00 999 1021.4  12.3 999.0  11.8 99.0 99.00 
2024 04 02 08 30 289  3.0  3.9 99.00 99.00 99.00 999 1021.3  12.3 999.0  11.9 99.0 99.00 
2024 04 02 08 40 296  3.1  4.1  1.60  8.33  6.48 310 1021.3  12.3 999.0  11.9 99.0 99.00 
2024 04 02 08 50 293  3.1  4.2 99.00 99.00 99.00 999 1021.5  12.3 999.0  11.9 99.0 99.00 
2024 04 02 09 00 290  3.2  4.4 99.00 99.00 99.00 999 1021.4  12.2 999.0  11.8 99.0 99.00 
2024 04 02 09 10 292  2.9  4.2  1.64  8.33  6.50 298 1021.4  12.2 999.0  11.8 99.0 99.00 
2024 04 02 09 20 295  3.0  4.4 99.00 99.00 99.00 999 1021.4  12.2 999.0  11.8 99.0 99.00 
2024 04 02 09 30 289  3.0  4.2 99.00 99.00 99.00 999 1021.3  12.2 999.0  11.8 99.0 99.00 
2024 04 02 09 40 287  2.6  3.7  1.58  8.33  6.49 299 1021.3  12.2 999.0  11.8 99.0 99.00 
2024 04 02 09 50 287  2.7  3.8 99.00 99.00 99.00 999 1021.3  12.2 999.0  11.8 99.0 99.00 
2024 04 02 10 00 287  2.6  3.5 99.00 99.00 99.00 999 1021.2  12.2 999.0  11.8 99.0 99.00 
2024 04 02 10 10 289  2.6  3.8  1.57 11.43  6.74 278 1021.2  12.2 999.0  11.8 99.0 99.00 
2024 04 02 10 20 286  2.4  3.3 99.00 99.00 99.00 999 1021.2  12.2 999.0  11.8 99.0 99.00 
2024 04 02 10 30 284  2.7  3.7 99.00 99.00 99.00 999 1021.2  12.2 999.0  11.8 99.0 99.00 
2024 04 02 10 40 288  2.5  3.6  1.52  8.33  6.64 306 1021.2  12.2 999.0  11.8 99.0 99.00 
2024 04 02 10 50 291  2.2  3.3 99.00 99.00 99.00 999 1021.2  12.2 999.0  11.8 99.0 99.00 
2024 04 02 11 00 287  1.8  2.8 99.00 99.00 99.00 999 1021.2  12.2 999.0  11.8 99.0 99.00 
2024 04 02 11 10 293  2.0  2.9  1.70  7.69  7.09 313 1021.2  12.2 999.0  11.8 99.0 99.00 
2024 04 02 11 20 295  2.0  2.8 99.00 99.00 99.00 999 1021.2  12.1 999.0  11.7 99.0 99.00 
2024 04 02 11 30 296  1.6  2.8 99.00 99.00 99.00 999 1021.3  12.1 999.0  11.7 99.0 99.00 
2024 04 02 11 40 283  1.1  2.0  1.53  7.69  6.69 312 1021.3  12.1 999.0  11.7 99.0 99.00 
2024 04 02 11 50 271  0.8  1.8 99.00 99.00 99.00 999 1021.3  12.1 999.0  11.7 99.0 99.00 
2024 04 02 12 00 260  0.4  1.0 99.00 99.00 99.00 999 1021.4  12.1 999.0  11.7 99.0 99.00 
2024 04 02 12 10 260  0.5  1.1  1.58 13.79  7.00 292 1021.4  12.1 999.0  11.7 99.0 99.00 
2024 04 02 12 20 255  0.9  1.4 99.00 99.00 99.00 999 1021.5  12.1 999.0  11.7 99.0 99.00 
2024 04 02 12 30 251  0.7  1.3 99.00 99.00 99.00 999 1021.7  12.1 999.0  11.9 99.0 99.00 
2024 04 02 12 40 236  0.8  1.6  1.59  7.69  6.77 311 1021.7  12.1 999.0  11.9 99.0 99.00 
2024 04 02 12 50 219  0.7  1.5 99.00 99.00 99.00 999 1021.8  12.1 999.0  11.9 99.0 99.00 
2024 04 02 13 00 201  0.7  1.4 99.00 99.00 99.00 999 1021.8  12.1 999.0  11.9 99.0 99.00 
2024 04 02 13 10 194  0.8  1.3  1.60 10.81  7.16 293 1021.9  12.1 999.0  11.9 99.0 99.00 
2024 04 02 13 20 196  0.9  1.5 99.00 99.00 99.00 999 1021.9  12.1 999.0  11.9 99.0 99.00 
2024 04 02 13 30 194  1.1  2.4 99.00 99.00 99.00 999 1022.1  12.0 999.0  11.8 99.0 99.00 
2024 04 02 13 40 184  1.4  2.3  1.52 10.00  6.95 289 1022.1  12.0 999.0  11.8 99.0 99.00 
2024 04 02 13 50 180  2.3  3.5 99.00 99.00 99.00 999 1022.3  11.9 999.0  11.7 99.0 99.00 
2024 04 02 14 00 169  2.3  3.4 99.00 99.00 99.00 999 1022.4  11.9 999.0  11.6 99.0 99.00 
2024 04 02 14 10 192  2.2  3.5  1.57 11.43  7.16 289 1022.6  11.9 999.0  11.6 99.0 99.00 
2024 04 02 14 20 179  1.8  3.4 99.00 99.00 99.00 999 1022.7  11.8 999.0  11.5 99.0 99.00 
2024 04 02 14 30 190  2.3  3.8 99.00 99.00 99.00 999 1022.9  11.8 999.0  11.5 99.0 99.00 
2024 04 02 14 40 173  2.0  3.1  1.48 12.90  7.09 292 1023.0  11.8 999.0  11.5 99.0 99.00 
2024 04 02 14 50 190  2.4  4.4 99.00 99.00 99.00 999 1023.2  11.7 999.0  11.5 99.0 99.00 
2024 04 02 15 00 183  2.8  4.4 99.00 99.00 99.00 999 1023.3  11.7 999.0  11.5 99.0 99.00 
2024 04 02 15 10 175  1.8  3.8  1.66 13.79  7.62 287 1023.5  11.7 999.0  11.5 99.0 99.00 
2024 04 02 15 20 178  2.2  3.7 99.00 99.00 99.00 999 1023.6  11.7 999.0  11.5 99.0 99.00 
2024 04 02 15 30 189  2.0  3.7 99.00 99.00 99.00 999 1023.8  11.7 999.0  11.5 99.0 99.00 
2024 04 02 15 40 193  2.5  3.9  1.61 13.79  7.47 302 1023.9  11.7 999.0  11.4 99.0 99.00 
2024 04 02 15 50 180  1.2  2.3 99.00 99.00 99.00 999 1024.0  11.7 999.0  11.3 99.0 99.00 
2024 04 02 16 00 161  2.1  4.3 99.00 99.00 99.00 999 1024.2  11.9 999.0  11.5 99.0 99.00 
2024 04 02 16 10 172  2.2  4.0  1.70 13.79  7.85 304 1024.3  11.8 999.0  11.4 99.0 99.00 
2024 04 02 16 20 155  2.6  3.8 99.00 99.00 99.00 999 1024.4  11.9 999.0  11.5 99.0 99.00 
2024 04 02 16 30 171  2.8  4.2 99.00 99.00 99.00 999 1024.6  11.9 999.0  11.5 99.0 99.00 
2024 04 02 16 40 151  3.1  5.2  1.54 13.79  7.73 302 1024.7  11.9 999.0  11.5 99.0 99.00 
2024 04 02 16 50 158  3.0  4.9 99.00 99.00 99.00 999 1024.9  11.9 999.0  11.4 99.0 99.00 
2024 04 02 17 00 156  3.0  4.4 99.00 99.00 99.00 999 1025.0  11.9 999.0  11.4 99.0 99.00 
2024 04 02 17 10 163  3.1  4.8  1.55 14.81  7.62 300 1025.1  12.0 999.0  11.5 99.0 99.00 
2024 04 02 17 20 170  3.2  4.5 99.00 99.00 99.00 999 1025.2  12.0 999.0  11.5 99.0 99.00 
2024 04 02 17 30 169  2.8  4.4 99.00 99.00 99.00 999 1025.2  12.0 999.0  11.5 99.0 99.00 
2024 04 02 17 40 177  2.6  4.4  1.52 12.90  7.69 293 1025.4  12.0 999.0  11.5 99.0 99.00 
2024 04 02 17 50 173  2.6  3.8 99.00 99.00 99.00 999 1025.5  12.0 999.0  11.5 99.0 99.00 
2024 04 02 18 00 172  3.0  4.5 99.00 99.00 99.00 999 1025.6  12.1 999.0  11.6 99.0 99.00 
2024 04 02 18 10 167  2.8  4.0  1.41 13.79  7.53 312 1025.6  12.0 999.0  11.5 99.0 99.00 
2024 04 02 18 20 161  3.1  5.0 99.00 99.00 99.00 999 1025.6  12.0 999.0  11.4 99.0 99.00 
2024 04 02 18 30 157  2.9  4.1 99.00 99.00 99.00 999 1025.7  12.1 999.0  11.4 99.0 99.00 
2024 04 02 18 40 162  2.7  4.1  1.61 13.79  7.86 282 1025.7  12.1 999.0  11.4 99.0 99.00 
2024 04 02 18 50 154  2.9  4.4 99.00 99.00 99.00 999 1025.7  12.0 999.0  11.3 99.0 99.00 
2024 04 02 19 00 147  2.6  4.0 99.00 99.00 99.00 999 1025.7  12.1 999.0  11.3 99.0 99.00 
2024 04 02 19 10 166  3.1  4.2  1.55 12.12  7.91 286 1025.6  12.2 999.0  11.4 99.0 99.00 
2024 04 02 19 20 156  2.8  4.1 99.00 99.00 99.00 999 1025.6  12.1 999.0  11.3 99.0 99.00 
2024 04 02 19 30 154  2.3  3.9 99.00 99.00 99.00 999 1025.6  12.3 999.0  11.5 99.0 99.00 
2024 04 02 19 40 151  2.8  5.0  1.55 12.12  8.00 297 1025.7  12.2 999.0  11.4 99.0 99.00 
2024 04 02 19 50 151  3.1  4.4 99.00 99.00 99.00 999 1025.6  12.3 999.0  11.5 99.0 99.00 
2024 04 02 20 00 141  2.5  3.6 99.00 99.00 99.00 999 1025.6  12.3 999.0  11.3 99.0 99.00 
2024 04 02 20 10 153  2.9  4.4  1.41 12.90  7.40 286 1025.6  12.4 999.0  11.4 99.0 99.00 
2024 04 02 20 20 167  3.3  4.4 99.00 99.00 99.00 999 1025.7  12.3 999.0  11.3 99.0 99.00 
2024 04 02 20 30 162  3.4  5.0 99.00 99.00 99.00 999 1025.6  12.4 999.0  11.4 99.0 99.00 
2024 04 02 20 40 167  3.4  4.6  1.47 13.79  8.05 306 1025.7  12.4 999.0  11.4 99.0 99.00 
2024 04 02 20 50 171  3.0  4.4 99.00 99.00 99.00 999 1025.7  12.5 999.0  11.5 99.0 99.00 
2024 04 02 21 00 186  3.5  5.1 99.00 99.00 99.00 999 1025.7  12.4 999.0  11.4 99.0 99.00 
2024 04 02 21 10 188  3.8  5.1  1.30 12.12  7.61 278 1025.7  12.4 999.0  11.4 99.0 99.00 
2024 04 02 21 20 193  3.7  4.9 99.00 99.00 99.00 999 1025.6  12.3 999.0  11.2 99.0 99.00 
2024 04 02 21 30 198  3.7  5.0 99.00 99.00 99.00 999 1025.7  12.4 999.0  11.3 99.0 99.00 
2024 04 02 21 40 194  3.7  4.9  1.52 13.79  8.64 290 1025.7  12.4 999.0  11.3 99.0 99.00 
2024 04 02 21 50 203  3.7  4.4 99.00 99.00 99.00 999 1025.7  12.4 999.0  11.3 99.0 99.00 
2024 04 02 22 00 192  3.4  4.3 99.00 99.00 99.00 999 1025.7  12.5 999.0  11.4 99.0 99.00 
2024 04 02 22 10 203  3.2  4.1  1.34 13.79  8.11 289 1025.7  12.5 999.0  11.3 99.0 99.00 
2024 04 02 22 20 200  3.1  4.6 99.00 99.00 99.00 999 1025.6  12.6 999.0  11.3 99.0 99.00 
2024 04 02 22 30 204  2.6  4.1 99.00 99.00 99.00 999 1025.6  12.7 999.0  11.4 99.0 99.00 
2024 04 02 22 40 205  2.7  3.5  1.46 13.79  8.44 304 1025.6  12.6 999.0  11.3 99.0 99.00 
2024 04 02 22 50 228  2.7  3.9 99.00 99.00 99.00 999 1025.7  12.7 999.0  11.5 99.0 99.00 
2024 04 02 23 00 233  2.7  4.4 99.00 99.00 99.00 999 1025.7  12.7 999.0  11.5 99.0 99.00 
2024 04 02 23 10 237  2.7  3.5  1.48 12.90  8.45 301 1025.7  12.6 999.0  11.5 99.0 99.00 
2024 04 02 23 20 234  2.7  4.1 99.00 99.00 99.00 999 1025.7  12.6 999.0  11.3 99.0 99.00 
2024 04 02 23 30 232  2.1  3.5 99.00 99.00 99.00 999 1025.6  12.6 999.0  11.3 99.0 99.00 
2024 04 02 23 40 232  2.2  3.5  1.61 12.90  8.94 292 1025.6  12.7 999.0  11.4 99.0 99.00 
2024 04 02 23 50 238  2.0  3.5 99.00 99.00 99.00 999 1025.6  12.6 999.0  11.3 99.0 99.00 
2024 04 03 00 00 244  2.0  3.5 99.00 99.00 99.00 999 1025.5  12.6 999.0  11.3 99.0 99.00 
2024 04 03 00 10 238  2.0  2.9  1.57 12.90  8.58 299 1025.5  12.6 999.0  11.5 99.0 99.00 
2024 04 03 00 20 244  1.1  2.0 99.00 99.00 99.00 999 1025.5  12.7 999.0  11.6 99.0 99.00 
2024 04 03 00 30 240  2.8  4.5 99.00 99.00 99.00 999 1025.5  12.5 999.0  11.4 99.0 99.00 
2024 04 03 00 40 204  1.4  2.4  1.59 12.90  8.61 291 1025.5  12.5 999.0  11.4 99.0 99.00 
2024 04 03 00 50 225  1.3  3.4 99.00 99.00 99.00 999 1025.5  12.7 999.0  11.6 99.0 99.00 
2024 04 03 01 00 219  1.3  2.7 99.00 99.00 99.00 999 1025.4  12.6 999.0  11.5 99.0 99.00 
2024 04 03 01 10 250  1.9  3.8  1.71 12.90  8.79 283 1025.4  12.5 999.0  11.4 99.0 99.00 
2024 04 03 01 20 263  1.8  3.2 99.00 99.00 99.00 999 1025.4  12.5 999.0  11.4 99.0 99.00 
2024 04 03 01 30 230  2.0  3.7 99.00 99.00 99.00 999 1025.5  12.5 999.0  11.5 99.0 99.00 
2024 04 03 01 40 248  1.6  3.7  1.61 12.90  8.54 286 1025.5  12.4 999.0  11.4 99.0 99.00 
2024 04 03 01 50 236  2.3  4.1 99.00 99.00 99.00 999 1025.6  12.2 999.0  11.2 99.0 99.00 
2024 04 03 02 00 264  1.8  3.3 99.00 99.00 99.00 999 1025.5  12.3 999.0  11.3 99.0 99.00 
2024 04 03 02 10 244  2.2  3.6  1.66 12.12  8.45 298 1025.4  12.3 999.0  11.4 99.0 99.00 
2024 04 03 02 20 265  2.2  3.4 99.00 99.00 99.00 999 1025.4  12.1 999.0  11.3 99.0 99.00 
2024 04 03 02 30 236  2.3  3.8 99.00 99.00 99.00 999 1025.4  12.1 999.0  11.3 99.0 99.00 
2024 04 03 02 40 235  1.9  3.2  1.67 12.90  8.73 288 1025.6  11.9 999.0  11.1 99.0 99.00 
2024 04 03 02 50 266  1.8  3.1 99.00 99.00 99.00 999 1025.7  11.9 999.0  11.1 99.0 99.00 
2024 04 03 03 00 324  1.0  2.3 99.00 99.00 99.00 999 1025.7  11.9 999.0  11.1 99.0 99.00 
2024 04 03 03 10 294  1.3  2.8  1.67 12.90  8.59 298 1025.7  11.8 999.0  11.0 99.0 99.00 
2024 04 03 03 20 350  0.8  2.0 99.00 99.00 99.00 999 1025.7  11.8 999.0  10.9 99.0 99.00 
2024 04 03 03 30 296  0.8  2.5 99.00 99.00 99.00 999 1025.6  11.8 999.0  11.0 99.0 99.00 
2024 04 03 03 40 271  0.7  1.5  1.63 12.90  8.25 296 1025.7  11.9 999.0  11.1 99.0 99.00 
2024 04 03 03 50 333  0.6  1.6 99.00 99.00 99.00 999 1025.7  11.9 999.0  11.1 99.0 99.00 
2024 04 03 04 00 338  1.1  3.3 99.00 99.00 99.00 999 1025.7  11.9 999.0  11.1 99.0 99.00 
2024 04 03 04 10 349  1.7  3.3  1.57 12.90  8.42 301 1025.8  11.9 999.0  11.1 99.0 99.00 
2024 04 03 04 20 317  2.0  4.6 99.00 99.00 99.00 999 1025.9  11.9 999.0  11.1 99.0 99.00 
2024 04 03 04 30 336  2.6  4.1 99.00 99.00 99.00 999 1025.8  11.8 999.0  11.1 99.0 99.00 
2024 04 03 04 40 326  2.3  4.3  1.48 12.90  8.31 287 1025.9  11.7 999.0  11.0 99.0 99.00 
2024 04 03 04 50 325  2.2  3.8 99.00 99.00 99.00 999 1026.0  11.6 999.0  10.9 99.0 99.00 
2024 04 03 05 00 328  3.1  5.4 99.00 99.00 99.00 999 1026.0  11.6 999.0  10.9 99.0 99.00 
2024 04 03 05 10 326  3.6  5.9  1.61 12.90  8.56 305 1026.0  11.6 999.0  10.9 99.0 99.00 
2024 04 03 05 20 329  2.6  5.1 99.00 99.00 99.00 999 1026.0  11.6 999.0  10.8 99.0 99.00 
2024 04 03 05 30 328  3.8  5.1 99.00 99.00 99.00 999 1025.9  11.4 999.0  10.5 99.0 99.00 
2024 04 03 05 40 329  2.5  4.7  1.73 12.12  9.03 291 1025.9  11.5 999.0  10.5 99.0 99.00 
2024 04 03 05 50 330  3.5  5.5 99.00 99.00 99.00 999 1025.8  11.6 999.0  10.6 99.0 99.00 
2024 04 03 06 00 338  2.0  3.5 99.00 99.00 99.00 999 1025.8  11.6 999.0  10.5 99.0 99.00 
2024 04 03 06 10 327  3.3  5.5  1.78 12.90  9.02 295 1025.8  11.7 999.0  10.7 99.0 99.00 
2024 04 03 06 20 325  3.9  5.3 99.00 99.00 99.00 999 1025.8  11.7 999.0  10.7 99.0 99.00 
2024 04 03 06 30 319  2.7  4.4 99.00 99.00 99.00 999 1025.8  11.6 999.0  10.6 99.0 99.00 
2024 04 03 06 40 326  3.4  5.0  1.74 12.90  9.02 293 1025.7  11.7 999.0  10.7 99.0 99.00 
2024 04 03 06 50 334  3.2  5.6 99.00 99.00 99.00 999 1025.7  11.6 999.0  10.6 99.0 99.00 
2024 04 03 07 00 330  3.2  4.7 99.00 99.00 99.00 999 1025.6  11.6 999.0  10.6 99.0 99.00 
2024 04 03 07 10 329  3.8  6.0  1.44 12.90  7.99 300 1025.7  11.5 999.0  10.5 99.0 99.00 
2024 04 03 07 20 328  3.3  5.5 99.00 99.00 99.00 999 1025.5  11.4 999.0  10.4 99.0 99.00 
2024 04 03 07 30 318  4.1  6.0 99.00 99.00 99.00 999 1025.6  11.5 999.0  10.6 99.0 99.00 
2024 04 03 07 40 308  4.7  7.1  1.38 12.12  7.83 297 1025.5  11.5 999.0  10.8 99.0 99.00 
2024 04 03 07 50 331  4.5  6.5 99.00 99.00 99.00 999 1025.4  11.3 999.0  10.6 99.0 99.00 
2024 04 03 08 00 314  4.6  6.4 99.00 99.00 99.00 999 1025.4  11.4 999.0  10.8 99.0 99.00 
2024 04 03 08 10 311  5.1  6.8  1.49 12.90  7.87 303 1025.4  11.2 999.0  10.7 99.0 99.00 
2024 04 03 08 20 316  4.5  6.0 99.00 99.00 99.00 999 1025.3  11.2 999.0  10.7 99.0 99.00 
2024 04 03 08 30 313  5.3  7.5 99.00 99.00 99.00 999 1025.2  11.2 999.0  10.8 99.0 99.00 
2024 04 03 08 40 317  5.4  7.9  1.66 12.90  7.97 297 1025.2  11.1 999.0  10.7 99.0 99.00 
2024 04 03 08 50 319  4.9  8.0 99.00 99.00 99.00 999 1025.1  11.2 999.0  10.8 99.0 99.00 
2024 04 03 09 00 318  5.6  8.6 99.00 99.00 99.00 999 1024.9  11.1 999.0  10.7 99.0 99.00 
2024 04 03 09 10 313  5.4  7.4  1.55 12.12  7.60 293 1024.8  11.2 999.0  10.8 99.0 99.00 
2024 04 03 09 20 321  5.7  7.7 99.00 99.00 99.00 999 1024.7  11.2 999.0  10.7 99.0 99.00 
2024 04 03 09 30 310  6.4  8.5 99.00 99.00 99.00 999 1024.4  11.3 999.0  10.8 99.0 99.00 
2024 04 03 09 40 322  7.4  9.5  1.52 12.90  6.73 292 1024.3  11.3 999.0  10.7 99.0 99.00 
2024 04 03 09 50 322  7.5  9.4 99.00 99.00 99.00 999 1024.1  11.4 999.0  10.7 99.0 99.00 
2024 04 03 10 00 310  7.1  9.4 99.00 99.00 99.00 999 1024.0  11.4 999.0  10.7 99.0 99.00 
2024 04 03 10 10 312  7.5  9.7  1.55 12.90  6.20 297 1023.9  11.4 999.0  10.8 99.0 99.00 
2024 04 03 10 20 313  7.4  9.4 99.00 99.00 99.00 999 1023.8  11.3 999.0  10.6 99.0 99.00 
2024 04 03 10 30 315  8.3 10.2 99.00 99.00 99.00 999 1023.7  11.3 999.0  10.6 99.0 99.00 
2024 04 03 10 40 318  7.9  9.6  1.59 12.90  5.88 282 1023.4  11.3 999.0  10.6 99.0 99.00 
2024 04 03 10 50 323  7.2  8.9 99.00 99.00 99.00 999 1023.4  11.4 999.0  10.7 99.0 99.00 
2024 04 03 11 00 333  7.4  9.5 99.00 99.00 99.00 999 1023.4  11.2 999.0  10.5 99.0 99.00 
2024 04 03 11 10 332  7.9 10.4  1.69 12.90  5.90 291 1023.4  11.2 999.0  10.6 99.0 99.00 
2024 04 03 11 20 334  6.7  8.4 99.00 99.00 99.00 999 1023.4  11.2 999.0  10.7 99.0 99.00 
2024 04 03 11 30 327  7.1 10.2 99.00 99.00 99.00 999 1023.2  11.2 999.0  10.7 99.0 99.00 
2024 04 03 11 40 336  7.5 10.2  1.78 12.90  6.49 297 1023.1  11.0 999.0  10.5 99.0 99.00 
2024 04 03 11 50 342  7.3  8.9 99.00 99.00 99.00 999 1023.0  11.1 999.0  10.6 99.0 99.00 
2024 04 03 12 00 339  7.6 10.1 99.00 99.00 99.00 999 1023.0  11.1 999.0  10.5 99.0 99.00 
2024 04 03 12 10 329  8.1 10.1  1.78 12.12  6.32 287 1022.9  11.1 999.0  10.3 99.0 99.00 
2024 04 03 12 20 323  7.8  9.9 99.00 99.00 99.00 999 1022.9  11.1 999.0  10.4 99.0 99.00 
2024 04 03 12 30 324  8.1 10.0 99.00 99.00 99.00 999 1022.9  11.1 999.0  10.4 99.0 99.00 
2024 04 03 12 40 323  8.3 10.2  1.61 12.90  6.03 282 1022.7  11.0 999.0  10.3 99.0 99.00 
2024 04 03 12 50 329  7.1  9.0 99.00 99.00 99.00 999 1022.8  11.0 999.0  10.3 99.0 99.00 
2024 04 03 13 00 329  6.8  8.7 99.00 99.00 99.00 999 1022.9  11.0 999.0  10.3 99.0 99.00 
2024 04 03 13 10 340  5.9  7.4  1.66 11.43  5.97 301 1022.8  11.0 999.0  10.3 99.0 99.00 
2024 04 03 13 20 332  5.5  7.7 99.00 99.00 99.00 999 1022.9  11.0 999.0  10.3 99.0 99.00 
2024 04 03 13 30 328  6.2  7.7 99.00 99.00 99.00 999 1022.9  11.0 999.0  10.5 99.0 99.00 
2024 04 03 13 40 322  5.9  8.1  1.75 12.90  6.64 295 1022.8  11.1 999.0  10.6 99.0 99.00 
2024 04 03 13 50 318  6.2  9.4 99.00 99.00 99.00 999 1022.8  11.1 999.0  10.7 99.0 99.00 
2024 04 03 14 00 316  7.0  9.1 99.00 99.00 99.00 999 1022.7  11.0 999.0  10.6 99.0 99.00 
2024 04 03 14 10 316  7.8 10.1  1.72 12.12  6.17 287 1022.9  10.9 999.0  10.6 99.0 99.00 
2024 04 03 14 20 322  6.6  9.6 99.00 99.00 99.00 999 1022.7  10.9 999.0  10.5 99.0 99.00 
2024 04 03 14 30 316  7.8 10.3 99.00 99.00 99.00 999 1022.7  10.9 999.0  10.4 99.0 99.00 
2024 04 03 14 40 318  7.2  9.2  1.64 11.43  5.92 288 1022.7  10.9 999.0  10.4 99.0 99.00 
2024 04 03 14 50 323  7.2  9.3 99.00 99.00 99.00 999 1022.6  11.0 999.0  10.5 99.0 99.00 
2024 04 03 15 00 327  7.0  9.5 99.00 99.00 99.00 999 1022.6  10.9 999.0  10.4 99.0 99.00 
2024 04 03 15 10 316  7.4  9.4  1.76 11.43  6.24 295 1022.4  10.8 999.0  10.2 99.0 99.00 
2024 04 03 15 20 310  7.7  9.7 99.00 99.00 99.00 999 1022.4  10.9 999.0  10.2 99.0 99.00 
2024 04 03 15 30 323  7.5  9.4 99.00 99.00 99.00 999 1022.4  10.9 999.0  10.1 99.0 99.00 
2024 04 03 15 40 318  6.9  9.1  1.75 12.12  6.16 291 1022.5  11.1 999.0  10.1 99.0 99.00 
2024 04 03 15 50 318  7.2  9.5 99.00 99.00 99.00 999 1022.4  11.2 999.0  10.2 99.0 99.00 
2024 04 03 16 00 323  7.5  9.2 99.00 99.00 99.00 999 1022.4  11.2 999.0  10.1 99.0 99.00 
2024 04 03 16 10 320  7.4  9.1  1.90 12.12  6.31 298 1022.4  11.2 999.0  10.1 99.0 99.00 
2024 04 03 16 20 317  7.3  9.4 99.00 99.00 99.00 999 1022.3  11.3 999.0  10.3 99.0 99.00 
2024 04 03 16 30 316  7.5  9.6 99.00 99.00 99.00 999 1022.3  11.2 999.0  10.3 99.0 99.00 
2024 04 03 16 40 324  7.6  9.7  1.74 12.90  6.01 307 1022.2  11.1 999.0  10.1 99.0 99.00 
2024 04 03 16 50 325  7.2  9.1 99.00 99.00 99.00 999 1022.3  11.2 999.0  10.3 99.0 99.00 
2024 04 03 17 00 321  7.4  9.7 99.00 99.00 99.00 999 1022.3  11.1 999.0  10.1 99.0 99.00 
2024 04 03 17 10 323  7.8  9.8  1.73 12.12  5.85 293 1022.3  11.2 999.0  10.2 99.0 99.00 
2024 04 03 17 20 321  7.7  9.7 99.00 99.00 99.00 999 1022.2  11.3 999.0  10.2 99.0 99.00 
2024 04 03 17 30 318  7.0  8.7 99.00 99.00 99.00 999 1022.2  11.4 999.0  10.3 99.0 99.00 
2024 04 03 17 40 322  6.8  8.5  1.88 11.43  6.11 288 1022.1  11.5 999.0  10.5 99.0 99.00 
2024 04 03 17 50 313  6.4  8.1 99.00 99.00 99.00 999 1022.1  11.6 999.0  10.6 99.0 99.00 
2024 04 03 18 00 309  7.7 10.1 99.00 99.00 99.00 999 1022.0  11.7 999.0  10.6 99.0 99.00 
2024 04 03 18 10 312  8.0 10.2  1.78 12.90  5.93 302 1021.9  11.8 999.0  10.6 99.0 99.00 
2024 04 03 18 20 312  7.8 10.0 99.00 99.00 99.00 999 1021.8  11.8 999.0  10.6 99.0 99.00 
2024 04 03 18 30 319  8.5 10.5 99.00 99.00 99.00 999 1021.9  11.8 999.0  10.6 99.0 99.00 
2024 04 03 18 40 328  8.4 10.6  1.92 11.43  6.07 292 1021.8  11.6 999.0  10.4 99.0 99.00 
2024 04 03 18 50 322  8.6 10.7 99.00 99.00 99.00 999 1021.7  11.5 999.0  10.2 99.0 99.00 
2024 04 03 19 00 317  8.8 11.4 99.00 99.00 99.00 999 1021.6  11.5 999.0  10.3 99.0 99.00 
2024 04 03 19 10 317  9.6 12.0  1.98 11.43  5.94 297 1021.5  11.7 999.0  10.6 99.0 99.00 
2024 04 03 19 20 312 10.5 13.1 99.00 99.00 99.00 999 1021.3  11.7 999.0  10.7 99.0 99.00 
2024 04 03 19 30 312 10.7 13.7 99.00 99.00 99.00 999 1021.2  11.6 999.0  10.6 99.0 99.00 
2024 04 03 19 40 311 10.4 13.4  2.06 12.12  5.77 292 1021.0  11.6 999.0  10.7 99.0 99.00 
2024 04 03 19 50 311 10.8 14.3 99.00 99.00 99.00 999 1020.8  11.5 999.0  10.7 99.0 99.00 
2024 04 03 20 00 311 11.1 13.5 99.00 99.00 99.00 999 1020.6  11.4 999.0  10.6 99.0 99.00 
2024 04 03 20 10 304 11.6 15.2  2.21 12.90  5.75 300 1020.5  11.4 999.0  10.6 99.0 99.00 
2024 04 03 20 20 306 11.5 14.9 99.00 99.00 99.00 999 1020.3  11.5 999.0  10.7 99.0 99.00 
2024 04 03 20 30 305 11.9 14.7 99.00 99.00 99.00 999 1020.2  11.5 999.0  10.6 99.0 99.00 
2024 04 03 20 40 308 12.1 15.1  2.38  6.25  5.82 304 1020.2  11.3 999.0  10.3 99.0 99.00 
2024 04 03 20 50 311 11.9 15.0 99.00 99.00 99.00 999 1020.0  11.4 999.0  10.3 99.0 99.00 
2024 04 03 21 00 311 11.5 13.8 99.00 99.00 99.00 999 1019.7  11.5 999.0  10.4 99.0 99.00 
2024 04 03 21 10 309 11.7 14.8  2.35  6.25  5.54 303 1019.7  11.5 999.0  10.4 99.0 99.00 
2024 04 03 21 20 308 12.1 14.4 99.00 99.00 99.00 999 1019.5  11.5 999.0  10.3 99.0 99.00 
2024 04 03 21 30 308 11.8 15.4 99.00 99.00 99.00 999 1019.4  11.5 999.0  10.3 99.0 99.00 
2024 04 03 21 40 310 11.9 14.9  2.34  6.67  5.68 313 1019.3  11.5 999.0  10.2 99.0 99.00 
2024 04 03 21 50 307 12.1 14.9 99.00 99.00 99.00 999 1019.2  11.4 999.0  10.0 99.0 99.00 
2024 04 03 22 00 309 11.9 15.2 99.00 99.00 99.00 999 1019.1  11.5 999.0  10.1 99.0 99.00 
2024 04 03 22 10 305 12.5 15.8  2.67  6.67  5.84 313 1018.9  11.4 999.0  10.0 99.0 99.00 
2024 04 03 22 20 309 11.9 14.6 99.00 99.00 99.00 999 1018.8  11.4 999.0  10.1 99.0 99.00 
2024 04 03 22 30 304 11.6 14.4 99.00 99.00 99.00 999 1018.7  11.3 999.0  10.0 99.0 99.00 
2024 04 03 22 40 308 11.8 15.2  2.60  6.67  5.74 314 1018.4  11.2 999.0   9.8 99.0 99.00 
2024 04 03 22 50 310 11.2 14.1 99.00 99.00 99.00 999 1018.3  11.4 999.0  10.0 99.0 99.00 
2024 04 03 23 00 307 11.5 14.3 99.00 99.00 99.00 999 1018.1  11.3 999.0   9.8 99.0 99.00 
2024 04 03 23 10 308 11.9 14.5  2.74  6.67  5.79 318 1018.1  11.2 999.0   9.6 99.0 99.00 
2024 04 03 23 20 307 12.0 15.0 99.00 99.00 99.00 999 1018.1  11.3 999.0   9.7 99.0 99.00 
2024 04 03 23 30 306 12.4 15.5 99.00 99.00 99.00 999 1018.1  11.2 999.0   9.6 99.0 99.00 
2024 04 03 23 40 307 11.6 14.6  2.44  7.14  5.67 318 1018.0  11.3 999.0   9.5 99.0 99.00 
2024 04 03 23 50 306 12.1 15.4 99.00 99.00 99.00 999 1018.0  11.3 999.0   9.4 99.0 99.00 
2024 04 04 00 00 308 12.0 15.2 99.00 99.00 99.00 999 1017.7  11.3 999.0   9.4 99.0 99.00 
2024 04 04 00 10 308 12.0 14.8  2.68  7.14  5.74 317 1017.8  11.3 999.0   9.4 99.0 99.00 
2024 04 04 00 20 305 12.1 15.1 99.00 99.00 99.00 999 1017.8  11.3 999.0   9.4 99.0 99.00 
2024 04 04 00 30 308 12.4 15.3 99.00 99.00 99.00 999 1017.7  11.2 999.0   9.3 99.0 99.00 
2024 04 04 00 40 306 11.7 14.7  2.82  7.14  5.99 318 1017.5  11.3 999.0   9.4 99.0 99.00 
2024 04 04 00 50 305 12.1 14.7 99.00 99.00 99.00 999 1017.5  11.2 999.0   9.1 99.0 99.00 
2024 04 04 01 00 306 12.4 15.4 99.00 99.00 99.00 999 1017.5  11.2 999.0   8.8 99.0 99.00 
2024 04 04 01 10 307 12.0 14.6  2.45  7.14  5.70 320 1017.4  11.3 999.0   8.8 99.0 99.00 
2024 04 04 01 20 310 12.0 14.3 99.00 99.00 99.00 999 1017.3  11.2 999.0   8.4 99.0 99.00 
2024 04 04 01 30 306 11.8 14.8 99.00 99.00 99.00 999 1017.3  11.3 999.0   8.3 99.0 99.00 
2024 04 04 01 40 309 10.9 13.7  2.45  7.69  5.68 323 1017.3  11.3 999.0   8.6 99.0 99.00 
2024 04 04 01 50 310 11.1 14.2 99.00 99.00 99.00 999 1017.3  11.2 999.0   8.2 99.0 99.00 
2024 04 04 02 00 308 11.0 13.3 99.00 99.00 99.00 999 1017.1  11.2 999.0   8.1 99.0 99.00 
2024 04 04 02 10 306 10.8 13.2  2.56  7.69  5.76 314 1017.1  11.2 999.0   8.1 99.0 99.00 
2024 04 04 02 20 305 10.4 12.9 99.00 99.00 99.00 999 1016.9  11.1 999.0   8.1 99.0 99.00 
2024 04 04 02 30 305 10.3 13.1 99.00 99.00 99.00 999 1016.9  11.1 999.0   8.2 99.0 99.00 
2024 04 04 02 40 305 10.8 13.7  2.25  7.69  5.65 318 1016.8  11.0 999.0   8.2 99.0 99.00 
2024 04 04 02 50 308 11.1 13.7 99.00 99.00 99.00 999 1016.7  10.9 999.0   8.0 99.0 99.00 
2024 04 04 03 00 305 11.0 13.7 99.00 99.00 99.00 999 1016.7  10.9 999.0   7.7 99.0 99.00 
2024 04 04 03 10 306 10.8 13.9  2.33 12.12  5.75 299 1016.6  10.9 999.0   7.6 99.0 99.00 
2024 04 04 03 20 306 10.1 12.9 99.00 99.00 99.00 999 1016.5  10.9 999.0   7.6 99.0 99.00 
2024 04 04 03 30 304 10.2 13.2 99.00 99.00 99.00 999 1016.5  10.9 999.0   7.8 99.0 99.00 
2024 04 04 03 40 301 10.3 12.9  2.31  6.67  5.80 321 1016.6  10.8 999.0   7.4 99.0 99.00 
2024 04 04 03 50 298 10.3 13.2 99.00 99.00 99.00 999 1016.5  10.8 999.0   6.8 99.0 99.00 
2024 04 04 04 00 297 10.0 12.7 99.00 99.00 99.00 999 1016.5  10.8 999.0   6.9 99.0 99.00 
2024 04 04 04 10 294  9.7 11.9  2.35  7.69  5.81 318 1016.5  10.7 999.0   6.4 99.0 99.00 
2024 04 04 04 20 293  9.8 12.1 99.00 99.00 99.00 999 1016.5  10.6 999.0   6.0 99.0 99.00 
2024 04 04 04 30 290  9.9 12.6 99.00 99.00 99.00 999 1016.5  10.7 999.0   4.9 99.0 99.00 
2024 04 04 04 40 295  8.6 10.8  2.26  7.69  5.79 309 1016.4  10.8 999.0   5.0 99.0 99.00 
2024 04 04 04 50 292  8.5 11.0 99.00 99.00 99.00 999 1016.3  10.7 999.0   5.0 99.0 99.00 
2024 04 04 05 00 292  8.0 10.7 99.00 99.00 99.00 999 1016.1  10.7 999.0   5.6 99.0 99.00 
2024 04 04 05 10 293  8.4 10.5  2.18  7.69  5.77 306 1016.1  10.6 999.0   5.6 99.0 99.00 
2024 04 04 05 20 291  8.7 11.0 99.00 99.00 99.00 999 1016.1  10.6 999.0   5.5 99.0 99.00 
2024 04 04 05 30 284  9.4 11.7 99.00 99.00 99.00 999 1015.8  10.6 999.0   5.3 99.0 99.00 
2024 04 04 05 40 290  9.1 11.4  2.14  7.14  5.84 309 1015.8  10.6 999.0   5.4 99.0 99.00 
2024 04 04 05 50 288  8.2 10.3 99.00 99.00 99.00 999 1015.6  10.6 999.0   5.6 99.0 99.00 
2024 04 04 06 00 292  8.6 10.7 99.00 99.00 99.00 999 1015.6  10.5 999.0   5.2 99.0 99.00 
2024 04 04 06 10 292  8.0  9.9  2.14  7.69  5.98 310 1015.5  10.6 999.0   5.6 99.0 99.00 
2024 04 04 06 20 287  8.0 10.3 99.00 99.00 99.00 999 1015.4  10.5 999.0   5.4 99.0 99.00 
2024 04 04 06 30 292  7.8  9.8 99.00 99.00 99.00 999 1015.3  10.5 999.0   5.5 99.0 99.00 
2024 04 04 06 40 295  7.3  9.1  2.12  7.14  6.02 317 1015.2  10.6 999.0   6.0 99.0 99.00 
2024 04 04 06 50 294  7.2  9.0 99.00 99.00 99.00 999 1015.1  10.5 999.0   6.0 99.0 99.00 
2024 04 04 07 00 287  7.2  9.0 99.00 99.00 99.00 999 1015.0  10.5 999.0   6.1 99.0 99.00 
2024 04 04 07 10 282  7.0  8.7  1.96 11.43  6.01 296 1014.9  10.6 999.0   6.4 99.0 99.00 
2024 04 04 07 20 279  6.8  9.6 99.00 99.00 99.00 999 1014.8  10.5 999.0   6.6 99.0 99.00 
2024 04 04 07 30 277  6.7  8.7 99.00 99.00 99.00 999 1014.6  10.5 999.0   6.3 99.0 99.00 
2024 04 04 07 40 277  6.9  9.2  1.97  7.14  6.07 305 1014.5  10.6 999.0   6.5 99.0 99.00 
2024 04 04 07 50 274  7.1  9.1 99.00 99.00 99.00 999 1014.3  10.5 999.0   6.0 99.0 99.00 
2024 04 04 08 00 275  6.6  8.1 99.00 99.00 99.00 999 1014.2  10.5 999.0   6.0 99.0 99.00 
2024 04 04 08 10 277  6.1  7.9  2.01  7.14  6.07 309 1014.0  10.5 999.0   6.3 99.0 99.00 
2024 04 04 08 20 266  6.2  8.0 99.00 99.00 99.00 999 1013.9  10.5 999.0   6.3 99.0 99.00 
2024 04 04 08 30 269  6.3  8.1 99.00 99.00 99.00 999 1013.8  10.5 999.0   6.2 99.0 99.00 
2024 04 04 08 40 272  6.0  7.6  1.86  7.69  6.05 314 1013.6  10.4 999.0   6.1 99.0 99.00 
2024 04 04 08 50 265  4.9  6.5 99.00 99.00 99.00 999 1013.3  10.5 999.0   6.5 99.0 99.00 
2024 04 04 09 00 259  5.2  7.0 99.00 99.00 99.00 999 1013.2  10.5 999.0   6.5 99.0 99.00 
2024 04 04 09 10 261  5.0  6.4  1.97  7.69  6.30 309 1012.9  10.5 999.0   6.6 99.0 99.00 
2024 04 04 09 20 251  4.2  5.5 99.00 99.00 99.00 999 1012.7  10.5 999.0   6.6 99.0 99.00 
2024 04 04 09 30 249  4.4  6.2 99.00 99.00 99.00 999 1012.5  10.5 999.0   6.7 99.0 99.00 
2024 04 04 09 40 246  3.8  5.3  1.98 10.81  6.51 295 1012.3  10.5 999.0   6.6 99.0 99.00 
2024 04 04 09 50 235  3.8  5.0 99.00 99.00 99.00 999 1012.0  10.6 999.0   6.5 99.0 99.00 
2024 04 04 10 00 227  4.1  5.5 99.00 99.00 99.00 999 1011.7  10.6 999.0   6.4 99.0 99.00 
2024 04 04 10 10 222  4.1  5.6  1.98 10.81  6.56 301 1011.5  10.6 999.0   6.2 99.0 99.00 
2024 04 04 10 20 212  4.0  5.4 99.00 99.00 99.00 999 1011.3  10.6 999.0   6.2 99.0 99.00 
2024 04 04 10 30 207  4.6  6.3 99.00 99.00 99.00 999 1011.1  10.6 999.0   6.1 99.0 99.00 
2024 04 04 10 40 207  6.8  8.8  1.94 10.81  6.49 299 1010.8  10.3 999.0   7.7 99.0 99.00 
2024 04 04 10 50 201  5.9  7.1 99.00 99.00 99.00 999 1010.5   9.8 999.0   6.8 99.0 99.00 
2024 04 04 11 00 190  5.2  6.5 99.00 99.00 99.00 999 1010.4  10.0 999.0   6.3 99.0 99.00 
2024 04 04 11 10 193  5.1  6.9  1.80 10.00  6.31 297 1010.1  10.2 999.0   6.6 99.0 99.00 
2024 04 04 11 20 189  5.4  6.9 99.00 99.00 99.00 999 1010.0  10.3 999.0   7.3 99.0 99.00 
2024 04 04 11 30 192  6.1  8.4 99.00 99.00 99.00 999 1009.9  10.2 999.0   7.5 99.0 99.00 
2024 04 04 11 40 220  9.6 12.3  1.87 10.81  6.46 294 1009.7   9.1 999.0   7.2 99.0 99.00 
2024 04 04 11 50 205  6.8 10.2 99.00 99.00 99.00 999 1009.5   8.6 999.0   7.2 99.0 99.00 
2024 04 04 12 00 195  4.7  7.1 99.00 99.00 99.00 999 1009.1   8.7 999.0   7.3 99.0 99.00 
2024 04 04 12 10 198  4.8  6.4  1.79  8.33  6.31 299 1009.0   8.5 999.0   6.8 99.0 99.00 
2024 04 04 12 20 203  4.8  6.9 99.00 99.00 99.00 999 1008.7   8.6 999.0   7.0 99.0 99.00 
2024 04 04 12 30 188  4.7  6.1 99.00 99.00 99.00 999 1008.5   8.8 999.0   7.5 99.0 99.00 
2024 04 04 12 40 212  8.0 14.8  1.77 10.81  6.62 289 1008.5   8.7 999.0   7.5 99.0 99.00 
2024 04 04 12 50 256  9.6 12.8 99.00 99.00 99.00 999 1008.5   8.2 999.0   7.1 99.0 99.00 
2024 04 04 13 00 271 10.0 12.1 99.00 99.00 99.00 999 1008.4   8.1 999.0   6.7 99.0 99.00 
2024 04 04 13 10 288  9.0 11.7  1.99 10.81  6.32 292 1008.3   7.8 999.0   6.4 99.0 99.00 
2024 04 04 13 20 288  8.7 10.8 99.00 99.00 99.00 999 1008.4   7.8 999.0   6.6 99.0 99.00 
2024 04 04 13 30 281  8.4 11.3 99.00 99.00 99.00 999 1008.2   7.9 999.0   6.7 99.0 99.00 
2024 04 04 13 40 284  8.6 10.9  1.89 10.81  6.11 278 1008.0   7.8 999.0   6.3 99.0 99.00 
2024 04 04 13 50 299  5.4  7.2 99.00 99.00 99.00 999 1008.0   7.7 999.0   5.9 99.0 99.00 
2024 04 04 14 00 280  5.8  7.9 99.00 99.00 99.00 999 1007.9   7.9 999.0   5.8 99.0 99.00 
2024 04 04 14 10 278  4.4  5.7  1.88 11.43  6.33 284 1008.0   8.1 999.0   5.8 99.0 99.00 
2024 04 04 14 20 281  4.2  7.7 99.00 99.00 99.00 999 1007.9   8.4 999.0   6.1 99.0 99.00 
2024 04 04 14 30 279  6.8 10.3 99.00 99.00 99.00 999 1007.9   8.2 999.0   6.4 99.0 99.00 
2024 04 04 14 40 258  4.6  7.1  1.96 10.00  6.44 299 1007.7   7.8 999.0   6.2 99.0 99.00 
2024 04 04 14 50 248  4.3  8.7 99.00 99.00 99.00 999 1007.7   8.0 999.0   6.3 99.0 99.00 
2024 04 04 15 00 288  6.7  8.8 99.00 99.00 99.00 999 1007.6   8.2 999.0   6.1 99.0 99.00 
2024 04 04 15 10 287  5.3  6.5  2.04 10.81  6.62 292 1007.8   8.3 999.0   6.0 99.0 99.00 
2024 04 04 15 20 269  9.3 15.0 99.00 99.00 99.00 999 1008.1   8.0 999.0   6.2 99.0 99.00 
2024 04 04 15 30 280 10.0 13.4 99.00 99.00 99.00 999 1007.9   7.3 999.0   5.9 99.0 99.00 
2024 04 04 15 40 294  8.1 11.9  1.98 10.00  6.11 298 1007.8   7.5 999.0   5.7 99.0 99.00 
2024 04 04 15 50 294  6.8  9.0 99.00 99.00 99.00 999 1007.6   7.9 999.0   5.8 99.0 99.00 
2024 04 04 16 00 292  6.8  9.2 99.00 99.00 99.00 999 1007.8   8.2 999.0   5.7 99.0 99.00 
2024 04 04 16 10 286  6.4  8.7  2.09 10.81  6.02 287 1007.7   8.5 999.0   5.8 99.0 99.00 
2024 04 04 16 20 287  6.4  8.9 99.00 99.00 99.00 999 1007.6   8.6 999.0   5.4 99.0 99.00 
2024 04 04 16 30 285  5.9  7.9 99.00 99.00 99.00 999 1007.6   8.8 999.0   5.2 99.0 99.00 
2024 04 04 16 40 283  6.2  9.9  2.39 10.81  6.67 284 1007.6   9.0 999.0   5.4 99.0 99.00 
2024 04 04 16 50 278 10.2 13.2 99.00 99.00 99.00 999 1007.8   8.1 999.0   5.8 99.0 99.00 
2024 04 04 17 00 295  6.2  9.0 99.00 99.00 99.00 999 1007.7   7.7 999.0   5.4 99.0 99.00 
2024 04 04 17 10 281  7.4  9.5  2.17 11.43  6.04 295 1007.6   8.5 999.0   5.4 99.0 99.00 
2024 04 04 17 20 281  6.3  8.1 99.00 99.00 99.00 999 1007.7   8.7 999.0   5.3 99.0 99.00 
2024 04 04 17 30 277  6.4  8.7 99.00 99.00 99.00 999 1007.7   8.9 999.0   5.5 99.0 99.00 
2024 04 04 17 40 281  6.3  8.1  2.40 10.00  6.64 290 1007.6   9.0 999.0   5.4 99.0 99.00 
2024 04 04 17 50 286  6.8  8.8 99.00 99.00 99.00 999 1007.6   9.0 999.0   5.4 99.0 99.00 
2024 04 04 18 00 272  5.6  8.1 99.00 99.00 99.00 999 1007.7   8.9 999.0   5.2 99.0 99.00 
2024 04 04 18 10 271  5.1  7.6  2.31 10.81  6.53 292 1007.7   8.9 999.0   4.7 99.0 99.00 
2024 04 04 18 20 307  3.7  7.4 99.00 99.00 99.00 999 1007.6   8.9 999.0   5.5 99.0 99.00 
2024 04 04 18 30 337  2.7  4.7 99.00 99.00 99.00 999 1007.5   8.7 999.0   5.9 99.0 99.00 
2024 04 04 18 40 354  3.1  4.5  2.33 10.00  6.55 293 1007.4   8.6 999.0   5.7 99.0 99.00 
2024 04 04 18 50  13  2.6  4.0 99.00 99.00 99.00 999 1007.5   8.7 999.0   6.0 99.0 99.00 
2024 04 04 19 00  32  1.8  3.5 99.00 99.00 99.00 999 1007.4   8.8 999.0   5.8 99.0 99.00 
2024 04 04 19 10  67  1.7  4.5  2.25 10.81  6.75 287 1007.2   9.0 999.0   5.6 99.0 99.00 
2024 04 04 19 20 111  1.2  3.0 99.00 99.00 99.00 999 1007.1   9.3 999.0   5.7 99.0 99.00 
2024 04 04 19 30 110  2.1  4.9 99.00 99.00 99.00 999 1006.9   9.4 999.0   5.8 99.0 99.00 
2024 04 04 19 40 157  2.6  6.2  2.40 10.00  7.17 294 1007.0   9.3 999.0   5.8 99.0 99.00 
2024 04 04 19 50 337  5.9  9.8 99.00 99.00 99.00 999 1006.9   8.1 999.0   5.3 99.0 99.00 
2024 04 04 20 00 340  5.5  7.3 99.00 99.00 99.00 999 1006.9   7.3 999.0   4.7 99.0 99.00 
2024 04 04 20 10 357  3.0  4.5  2.39 10.81  7.41 300 1006.9   7.5 999.0   4.8 99.0 99.00 
2024 04 04 20 20  12  3.4  4.7 99.00 99.00 99.00 999 1006.8   7.7 999.0   5.0 99.0 99.00 
2024 04 04 20 30 359  3.2  4.4 99.00 99.00 99.00 999 1006.7   8.1 999.0   5.2 99.0 99.00 
2024 04 04 20 40  34  3.4  5.3  2.56 10.81  7.73 289 1006.6   8.1 999.0   5.2 99.0 99.00 
2024 04 04 20 50  46  3.2  5.0 99.00 99.00 99.00 999 1006.6   8.1 999.0   5.1 99.0 99.00 
2024 04 04 21 00  29  3.0  4.3 99.00 99.00 99.00 999 1006.4   8.2 999.0   5.0 99.0 99.00 
2024 04 04 21 10  30  3.2  4.6  2.87 10.81  8.19 296 1006.3   8.4 999.0   5.3 99.0 99.00 
2024 04 04 21 20  50  3.0  5.5 99.00 99.00 99.00 999 1006.5   8.3 999.0   5.3 99.0 99.00 
2024 04 04 21 30  88  2.7  4.9 99.00 99.00 99.00 999 1006.8   8.4 999.0   5.5 99.0 99.00 
2024 04 04 21 40 174  2.4  4.6  2.85 10.00  8.40 298 1006.9   7.8 999.0   4.6 99.0 99.00 
2024 04 04 21 50  82  2.4  5.0 99.00 99.00 99.00 999 1006.6   7.6 999.0   4.2 99.0 99.00 
2024 04 04 22 00  41  2.6  5.7 99.00 99.00 99.00 999 1006.5   7.9 999.0   4.5 99.0 99.00 
2024 04 04 22 10  35  2.8  5.0  2.86 11.43  8.53 292 1006.5   8.0 999.0   4.5 99.0 99.00 
2024 04 04 22 20  81  3.1  7.2 99.00 99.00 99.00 999 1006.5   8.3 999.0   4.7 99.0 99.00 
2024 04 04 22 30 144  3.3  6.8 99.00 99.00 99.00 999 1006.5   8.0 999.0   3.9 99.0 99.00 
2024 04 04 22 40 189  4.1  8.0  2.84 10.81  8.46 301 1006.5   7.9 999.0   3.9 99.0 99.00 
2024 04 04 22 50 191  5.8  9.2 99.00 99.00 99.00 999 1006.5   7.9 999.0   3.9 99.0 99.00 
2024 04 04 23 00 147  4.1  7.7 99.00 99.00 99.00 999 1006.4   8.1 999.0   4.0 99.0 99.00 
2024 04 04 23 10 126  3.8  8.7  3.24 11.43  8.79 293 1006.4   8.3 999.0   3.9 99.0 99.00 
2024 04 04 23 20 121  3.6  7.2 99.00 99.00 99.00 999 1006.4   8.3 999.0   3.6 99.0 99.00 
2024 04 04 23 30 117  2.3  5.5 99.00 99.00 99.00 999 1006.4   8.4 999.0   3.1 99.0 99.00 
2024 04 04 23 40  89  2.9  5.2  3.09 10.81  8.66 292 1006.3   8.6 999.0   3.1 99.0 99.00 
2024 04 04 23 50  69  2.6  5.3 99.00 99.00 99.00 999 1006.4   8.5 999.0   3.5 99.0 99.00 
2024 04 05 00 00  56  2.3  4.7 99.00 99.00 99.00 999 1006.5   8.6 999.0   3.7 99.0 99.00 
2024 04 05 00 10  57  2.4  4.9  3.26 12.12  8.83 292 1006.4   8.8 999.0   4.2 99.0 99.00 
2024 04 05 00 20  58  2.6  4.9 99.00 99.00 99.00 999 1006.4   8.9 999.0   4.4 99.0 99.00 
2024 04 05 00 30  60  1.7  4.6 99.00 99.00 99.00 999 1006.5   9.1 999.0   4.1 99.0 99.00 
2024 04 05 00 40  16  1.9  3.7  3.47 10.81  8.85 290 1006.6   9.3 999.0   4.4 99.0 99.00 
2024 04 05 00 50   6  2.4  4.0 99.00 99.00 99.00 999 1006.7   9.2 999.0   4.5 99.0 99.00 
2024 04 05 01 00 358  2.2  4.3 99.00 99.00 99.00 999 1006.7   9.2 999.0   4.2 99.0 99.00 
2024 04 05 01 10 297  2.4  4.5  4.17 12.12  9.47 292 1006.7   9.1 999.0   3.7 99.0 99.00 
2024 04 05 01 20 335  1.5  3.7 99.00 99.00 99.00 999 1006.9   9.2 999.0   3.5 99.0 99.00 
2024 04 05 01 30 322  1.8  3.6 99.00 99.00 99.00 999 1006.9   9.3 999.0   3.8 99.0 99.00 
2024 04 05 01 40 320  2.7  4.9  3.61 12.12  9.01 295 1007.0   9.2 999.0   3.8 99.0 99.00 
2024 04 05 01 50 306  3.0  5.6 99.00 99.00 99.00 999 1007.0   9.1 999.0   4.0 99.0 99.00 
2024 04 05 02 00 316  3.4  5.9 99.00 99.00 99.00 999 1007.0   9.1 999.0   4.7 99.0 99.00 
2024 04 05 02 10 318  4.0  6.8  3.64 12.90  8.89 290 1007.1   9.0 999.0   5.2 99.0 99.00 
2024 04 05 02 20 339  3.3  5.5 99.00 99.00 99.00 999 1007.2   9.0 999.0   4.9 99.0 99.00 
2024 04 05 02 30 329  4.5  7.6 99.00 99.00 99.00 999 1007.2   9.3 999.0   5.1 99.0 99.00 
2024 04 05 02 40 317  6.4  9.3  3.58 12.90  8.78 294 1007.2   9.2 999.0   5.5 99.0 99.00 
2024 04 05 02 50 317  6.9  9.5 99.00 99.00 99.00 999 1007.3   9.2 999.0   6.0 99.0 99.00 
2024 04 05 03 00 329  6.3  8.4 99.00 99.00 99.00 999 1007.5   8.8 999.0   6.0 99.0 99.00 
2024 04 05 03 10 329  6.5  8.6  4.16 12.90  9.51 293 1007.6   8.8 999.0   6.3 99.0 99.00 
2024 04 05 03 20 331  6.1  8.2 99.00 99.00 99.00 999 1007.8   8.7 999.0   6.1 99.0 99.00 
2024 04 05 03 30 330  6.0  8.1 99.00 99.00 99.00 999 1007.7   8.7 999.0   6.4 99.0 99.00 
2024 04 05 03 40 329  6.0  8.3  4.24 12.12  9.43 287 1007.9   8.8 999.0   6.5 99.0 99.00 
2024 04 05 03 50 324  6.4  9.1 99.00 99.00 99.00 999 1008.1   8.7 999.0   6.1 99.0 99.00 
2024 04 05 04 00 316  6.4  8.9 99.00 99.00 99.00 999 1008.2   8.7 999.0   6.0 99.0 99.00 
2024 04 05 04 10 314  6.3  8.3  3.72 12.90  8.97 283 1008.3   8.7 999.0   5.7 99.0 99.00 
2024 04 05 04 20 312  6.1  8.7 99.00 99.00 99.00 999 1008.4   8.7 999.0   5.8 99.0 99.00 
2024 04 05 04 30 314  6.1  8.6 99.00 99.00 99.00 999 1008.5   8.7 999.0   5.7 99.0 99.00 
2024 04 05 04 40 316  6.0  8.2  3.85 12.12  9.20 288 1008.8   8.6 999.0   5.5 99.0 99.00 
2024 04 05 04 50 325  5.3  7.6 99.00 99.00 99.00 999 1009.0   8.7 999.0   5.7 99.0 99.00 
2024 04 05 05 00 326  5.7  7.9 99.00 99.00 99.00 999 1009.2   8.7 999.0   5.7 99.0 99.00 
2024 04 05 05 10 327  6.5  9.1  4.01 13.79  9.24 292 1009.4   8.9 999.0   6.0 99.0 99.00 
2024 04 05 05 20 319  7.1  9.6 99.00 99.00 99.00 999 1009.4   9.0 999.0   6.4 99.0 99.00 
2024 04 05 05 30 316  6.1  9.5 99.00 99.00 99.00 999 1009.4   8.5 999.0   5.7 99.0 99.00 
2024 04 05 05 40 325  4.3  7.6  4.29 13.79  9.56 300 1009.3   8.2 999.0   5.9 99.0 99.00 
2024 04 05 05 50 344  3.3  6.8 99.00 99.00 99.00 999 1009.1   8.2 999.0   5.9 99.0 99.00 
2024 04 05 06 00 328  3.6  6.8 99.00 99.00 99.00 999 1009.2   8.3 999.0   5.8 99.0 99.00 
2024 04 05 06 10 324  5.2  8.1  4.26 13.79  9.61 295 1009.3   8.7 999.0   5.9 99.0 99.00 
2024 04 05 06 20 321  6.5  9.3 99.00 99.00 99.00 999 1009.4   8.8 999.0   5.7 99.0 99.00 
2024 04 05 06 30 321  6.8  9.0 99.00 99.00 99.00 999 1009.4   9.0 999.0   6.2 99.0 99.00 
2024 04 05 06 40 327  7.4 10.2  4.48 13.79  9.53 300 1009.5   9.0 999.0   5.9 99.0 99.00 
2024 04 05 06 50 329  7.6  9.8 99.00 99.00 99.00 999 1009.6   9.0 999.0   5.7 99.0 99.00 
2024 04 05 07 00 334  7.4  9.8 99.00 99.00 99.00 999 1009.6   9.0 999.0   5.7 99.0 99.00 
2024 04 05 07 10 332  7.4 10.3  4.26 12.12  9.46 291 1009.6   8.9 999.0   5.6 99.0 99.00 
2024 04 05 07 20 330  6.8  9.2 99.00 99.00 99.00 999 1009.7   8.9 999.0   5.7 99.0 99.00 
2024 04 05 07 30 336  6.1  8.6 99.00 99.00 99.00 999 1009.6   8.9 999.0   5.6 99.0 99.00 
2024 04 05 07 40 331  5.3  7.7  4.63 12.90  9.46 291 1009.7   8.9 999.0   5.8 99.0 99.00 
2024 04 05 07 50 335  5.0  7.3 99.00 99.00 99.00 999 1009.6   8.8 999.0   5.6 99.0 99.00 
2024 04 05 08 00 343  3.9  6.1 99.00 99.00 99.00 999 1009.6   8.8 999.0   5.8 99.0 99.00 
2024 04 05 08 10 324  3.8  6.5  4.37 13.79  9.38 295 1009.6   8.9 999.0   6.0 99.0 99.00 
2024 04 05 08 20 326  3.3  6.4 99.00 99.00 99.00 999 1009.4   8.8 999.0   5.9 99.0 99.00 
2024 04 05 08 30 318  3.7  6.3 99.00 99.00 99.00 999 1009.4   8.9 999.0   6.1 99.0 99.00 
2024 04 05 08 40 310  4.0  6.9  4.75 12.90  9.25 290 1009.4   9.0 999.0   6.3 99.0 99.00 
2024 04 05 08 50 313  4.7  8.3 99.00 99.00 99.00 999 1009.2   9.2 999.0   6.4 99.0 99.00 
2024 04 05 09 00 318  5.8  8.5 99.00 99.00 99.00 999 1009.1   9.5 999.0   6.8 99.0 99.00 
2024 04 05 09 10 311  6.6  9.3  4.62 13.79  8.96 302 1009.1   9.6 999.0   6.9 99.0 99.00 
2024 04 05 09 20 314  6.5  9.1 99.00 99.00 99.00 999 1009.1   9.7 999.0   7.1 99.0 99.00 
2024 04 05 09 30 315  6.6  9.4 99.00 99.00 99.00 999 1008.9   9.8 999.0   7.2 99.0 99.00 
2024 04 05 09 40 321  6.7  9.8  4.25 12.12  8.86 298 1008.8  10.0 999.0   7.3 99.0 99.00 
2024 04 05 09 50 325  8.3 10.8 99.00 99.00 99.00 999 1008.9  10.1 999.0   6.9 99.0 99.00 
2024 04 05 10 00 327  8.7 11.5 99.00 99.00 99.00 999 1008.8  10.2 999.0   6.8 99.0 99.00 
2024 04 05 10 10 327  9.0 12.3  4.93 12.90  8.96 292 1008.7  10.2 999.0   6.7 99.0 99.00 
2024 04 05 10 20 330  8.8 10.9 99.00 99.00 99.00 999 1008.7  10.2 999.0   6.9 99.0 99.00 
2024 04 05 10 30 326  9.3 12.6 99.00 99.00 99.00 999 1008.5  10.3 999.0   7.0 99.0 99.00 
2024 04 05 10 40 325  9.9 13.1  4.56 11.43  8.69 296 1008.5  10.4 999.0   6.8 99.0 99.00 
2024 04 05 10 50 331 10.5 13.3 99.00 99.00 99.00 999 1008.5  10.4 999.0   6.8 99.0 99.00 
2024 04 05 11 00 330 10.0 13.4 99.00 99.00 99.00 999 1008.5  10.3 999.0   6.9 99.0 99.00 
2024 04 05 11 10 329 10.2 13.6  4.68 11.43  8.73 294 1008.6  10.3 999.0   6.8 99.0 99.00 
2024 04 05 11 20 325 10.6 13.4 99.00 99.00 99.00 999 1008.5  10.2 999.0   6.6 99.0 99.00 
2024 04 05 11 30 323 10.1 12.8 99.00 99.00 99.00 999 1008.5  10.2 999.0   6.7 99.0 99.00 
2024 04 05 11 40 329 10.5 14.1  4.78 10.81  8.62 298 1008.4  10.2 999.0   6.8 99.0 99.00 
2024 04 05 11 50 330 10.4 13.7 99.00 99.00 99.00 999 1008.5  10.2 999.0   6.8 99.0 99.00 
2024 04 05 12 00 328 10.6 13.2 99.00 99.00 99.00 999 1008.4  10.3 999.0   6.9 99.0 99.00 
2024 04 05 12 10 327 10.9 13.4  4.68 13.79  8.56 304 1008.5  10.3 999.0   6.9 99.0 99.00 
2024 04 05 12 20 325 11.5 14.4 99.00 99.00 99.00 999 1008.5  10.3 999.0   6.7 99.0 99.00 
2024 04 05 12 30 324 12.3 16.2 99.00 99.00 99.00 999 1008.6  10.3 999.0   6.4 99.0 99.00 
2024 04 05 12 40 327 12.4 16.1  4.92 12.90  8.63 303 1008.7  10.3 999.0   6.4 99.0 99.00 
2024 04 05 12 50 325 11.9 14.9 99.00 99.00 99.00 999 1008.8  10.4 999.0   6.5 99.0 99.00 
2024 04 05 13 00 327 11.7 14.8 99.00 99.00 99.00 999 1008.9  10.3 999.0   6.4 99.0 99.00 
2024 04 05 13 10 328 11.4 14.3  4.49 13.79  8.15 312 1009.0  10.3 999.0   6.3 99.0 99.00 
2024 04 05 13 20 329 11.9 15.0 99.00 99.00 99.00 999 1009.1  10.2 999.0   6.0 99.0 99.00 
2024 04 05 13 30 331 11.4 14.4 99.00 99.00 99.00 999 1009.2  10.2 999.0   6.2 99.0 99.00 
2024 04 05 13 40 331 12.0 15.0  4.30 11.43  7.94 304 1009.4  10.1 999.0   6.1 99.0 99.00 
2024 04 05 13 50 330 11.6 16.0 99.00 99.00 99.00 999 1009.5  10.2 999.0   6.3 99.0 99.00 
2024 04 05 14 00 328 11.8 15.5 99.00 99.00 99.00 999 1009.6  10.1 999.0   6.1 99.0 99.00 
2024 04 05 14 10 325 12.1 16.2  4.26 12.90  7.79 308 1009.7  10.2 999.0   6.3 99.0 99.00 
2024 04 05 14 20 328 12.4 15.1 99.00 99.00 99.00 999 1009.7  10.2 999.0   6.3 99.0 99.00 
2024 04 05 14 30 324 12.3 16.3 99.00 99.00 99.00 999 1009.9  10.2 999.0   6.2 99.0 99.00 
2024 04 05 14 40 324 12.0 15.5  4.69 12.90  8.18 314 1010.0  10.2 999.0   6.3 99.0 99.00 
2024 04 05 14 50 325 11.7 15.2 99.00 99.00 99.00 999 1010.1  10.3 999.0   6.5 99.0 99.00 
2024 04 05 15 00 324 12.0 15.3 99.00 99.00 99.00 999 1010.3  10.3 999.0   6.4 99.0 99.00 
2024 04 05 15 10 322 12.7 17.3  4.64 12.12  8.12 309 1010.4  10.3 999.0   6.6 99.0 99.00 
2024 04 05 15 20 319 12.3 15.8 99.00 99.00 99.00 999 1010.6  10.2 999.0   6.3 99.0 99.00 
2024 04 05 15 30 319 13.3 16.3 99.00 99.00 99.00 999 1010.6  10.2 999.0   5.8 99.0 99.00 
2024 04 05 15 40 318 12.9 16.3  4.45 13.79  7.78 317 1010.7  10.2 999.0   5.5 99.0 99.00 
2024 04 05 15 50 316 12.5 16.8 99.00 99.00 99.00 999 1010.8  10.3 999.0   5.9 99.0 99.00 
2024 04 05 16 00 319 12.9 16.7 99.00 99.00 99.00 999 1010.9  10.3 999.0   5.7 99.0 99.00 
2024 04 05 16 10 322 12.9 16.0  4.30 13.79  7.95 301 1011.0  10.4 999.0   5.5 99.0 99.00 
2024 04 05 16 20 320 13.0 16.0 99.00 99.00 99.00 999 1011.2  10.4 999.0   5.5 99.0 99.00 
2024 04 05 16 30 319 12.5 15.4 99.00 99.00 99.00 999 1011.3  10.5 999.0   6.0 99.0 99.00 
2024 04 05 16 40 320 13.2 16.0  4.22 12.90  7.91 306 1011.4  10.4 999.0   6.0 99.0 99.00 
2024 04 05 16 50 321 13.2 16.8 99.00 99.00 99.00 999 1011.6  10.3 999.0   5.7 99.0 99.00 
2024 04 05 17 00 323 12.5 15.5 99.00 99.00 99.00 999 1011.7  10.3 999.0   5.8 99.0 99.00 
2024 04 05 17 10 320 12.2 16.0  4.18 12.90  7.68 307 1011.9  10.4 999.0   5.6 99.0 99.00 
2024 04 05 17 20 321 12.3 15.2 99.00 99.00 99.00 999 1012.0  10.4 999.0   5.3 99.0 99.00 
2024 04 05 17 30 317 12.2 15.3 99.00 99.00 99.00 999 1012.2  10.4 999.0   5.4 99.0 99.00 
2024 04 05 17 40 320 12.2 15.9  4.37 12.90  7.86 311 1012.3  10.3 999.0   5.8 99.0 99.00 
2024 04 05 17 50 323 12.3 15.5 99.00 99.00 99.00 999 1012.4  10.3 999.0   5.8 99.0 99.00 
2024 04 05 18 00 318 12.2 15.5 99.00 99.00 99.00 999 1012.6  10.3 999.0   5.3 99.0 99.00 
2024 04 05 18 10 324 11.8 14.8  4.38 12.12  8.10 306 1012.6  10.4 999.0   5.4 99.0 99.00 
2024 04 05 18 20 324 11.3 15.1 99.00 99.00 99.00 999 1012.8  10.5 999.0   5.9 99.0 99.00 
2024 04 05 18 30 318 12.2 15.5 99.00 99.00 99.00 999 1013.0  10.3 999.0   6.3 99.0 99.00 
2024 04 05 18 40 318 11.9 15.4  4.45 12.12  8.18 307 1013.1  10.3 999.0   6.2 99.0 99.00 
2024 04 05 18 50 319 12.2 14.8 99.00 99.00 99.00 999 1013.1  10.3 999.0   6.2 99.0 99.00 
2024 04 05 19 00 319 12.3 14.8 99.00 99.00 99.00 999 1013.3  10.2 999.0   6.3 99.0 99.00 
2024 04 05 19 10 321 11.6 14.6  4.18 12.90  8.09 313 1013.4  10.1 999.0   6.5 99.0 99.00 
2024 04 05 19 20 320 11.5 14.8 99.00 99.00 99.00 999 1013.4  10.1 999.0   6.3 99.0 99.00 
2024 04 05 19 30 317 12.0 14.8 99.00 99.00 99.00 999 1013.4  10.1 999.0   6.3 99.0 99.00 
2024 04 05 19 40 312 11.2 15.4  4.13 10.81  7.81 312 1013.5  10.2 999.0   6.6 99.0 99.00 
2024 04 05 19 50 317 11.5 14.2 99.00 99.00 99.00 999 1013.5  10.1 999.0   6.5 99.0 99.00 
2024 04 05 20 00 313 11.7 14.6 99.00 99.00 99.00 999 1013.7  10.0 999.0   6.4 99.0 99.00 
2024 04 05 20 10 310 10.8 14.4  4.10 12.12  7.87 315 1013.7  10.1 999.0   6.5 99.0 99.00 
2024 04 05 20 20 308 11.7 14.6 99.00 99.00 99.00 999 1013.8  10.1 999.0   6.2 99.0 99.00 
2024 04 05 20 30 307 11.8 14.9 99.00 99.00 99.00 999 1013.8  10.2 999.0   6.3 99.0 99.00 
2024 04 05 20 40 309 11.6 14.9  4.27 12.12  7.87 305 1013.9  10.2 999.0   6.4 99.0 99.00 
2024 04 05 20 50 311 11.7 14.7 99.00 99.00 99.00 999 1013.9  10.2 999.0   6.4 99.0 99.00 
2024 04 05 21 00 308 11.9 14.8 99.00 99.00 99.00 999 1013.8  10.2 999.0   6.4 99.0 99.00 
2024 04 05 21 10 311 12.1 15.3  4.05 12.12  7.70 313 1013.9  10.3 999.0   6.2 99.0 99.00 
2024 04 05 21 20 313 12.4 15.7 99.00 99.00 99.00 999 1014.1  10.3 999.0   6.2 99.0 99.00 
2024 04 05 21 30 310 12.4 15.3 99.00 99.00 99.00 999 1014.3  10.4 999.0   6.5 99.0 99.00 
2024 04 05 21 40 311 13.1 16.7  4.45 12.90  8.11 313 1014.3  10.4 999.0   6.2 99.0 99.00 
2024 04 05 21 50 308 12.9 15.8 99.00 99.00 99.00 999 1014.4  10.5 999.0   6.3 99.0 99.00 
2024 04 05 22 00 308 12.6 15.4 99.00 99.00 99.00 999 1014.4  10.5 999.0   6.6 99.0 99.00 
2024 04 05 22 10 310 12.6 16.4  4.12 12.12  7.75 315 1014.6  10.5 999.0   6.6 99.0 99.00 
2024 04 05 22 20 312 12.3 15.6 99.00 99.00 99.00 999 1014.8  10.5 999.0   6.7 99.0 99.00 
2024 04 05 22 30 313 12.2 15.1 99.00 99.00 99.00 999 1014.7  10.5 999.0   6.7 99.0 99.00 
2024 04 05 22 40 309 12.4 15.3  3.72 11.43  7.58 309 1014.8  10.6 999.0   6.7 99.0 99.00 
2024 04 05 22 50 313 12.3 15.5 99.00 99.00 99.00 999 1014.9  10.6 999.0   6.3 99.0 99.00 
2024 04 05 23 00 309 12.1 15.3 99.00 99.00 99.00 999 1015.0  10.6 999.0   6.5 99.0 99.00 
2024 04 05 23 10 308 12.2 15.7  4.25 11.43  7.68 308 1015.0  10.6 999.0   6.3 99.0 99.00 
2024 04 05 23 20 306 12.6 16.1 99.00 99.00 99.00 999 1015.1  10.6 999.0   6.4 99.0 99.00 
2024 04 05 23 30 306 12.7 15.8 99.00 99.00 99.00 999 1015.2  10.6 999.0   6.6 99.0 99.00 
2024 04 05 23 40 307 12.3 15.7  4.06 12.12  7.33 311 1015.3  10.6 999.0   7.0 99.0 99.00 
2024 04 05 23 50 308 12.6 16.5 99.00 99.00 99.00 999 1015.4  10.5 999.0   6.7 99.0 99.00 
2024 04 06 00 00 311 12.4 14.8 99.00 99.00 99.00 999 1015.5  10.5 999.0   6.6 99.0 99.00 
2024 04 06 00 10 313 12.5 15.4  4.23 11.43  7.65 309 1015.5  10.5 999.0   6.4 99.0 99.00 
2024 04 06 00 20 310 12.4 16.5 99.00 99.00 99.00 999 1015.6  10.5 999.0   6.6 99.0 99.00 
2024 04 06 00 30 311 12.8 15.8 99.00 99.00 99.00 999 1015.7  10.5 999.0   6.4 99.0 99.00 
2024 04 06 00 40 310 12.9 15.8  3.98 11.43  7.66 311 1015.7  10.6 999.0   6.0 99.0 99.00 
2024 04 06 00 50 310 12.6 15.5 99.00 99.00 99.00 999 1015.7  10.6 999.0   6.3 99.0 99.00 
2024 04 06 01 00 312 12.0 15.8 99.00 99.00 99.00 999 1015.8  10.7 999.0   6.3 99.0 99.00 
2024 04 06 01 10 308 12.5 15.2  4.08 11.43  7.50 315 1015.9  10.6 999.0   6.2 99.0 99.00 
2024 04 06 01 20 313 11.9 14.7 99.00 99.00 99.00 999 1016.0  10.6 999.0   6.3 99.0 99.00 
2024 04 06 01 30 315 11.9 15.0 99.00 99.00 99.00 999 1016.1  10.6 999.0   6.4 99.0 99.00 
2024 04 06 01 40 313 11.5 14.6  4.08 11.43  7.47 310 1016.3  10.6 999.0   6.5 99.0 99.00 
2024 04 06 01 50 312 11.2 14.1 99.00 99.00 99.00 999 1016.5  10.7 999.0   6.7 99.0 99.00 
2024 04 06 02 00 312 11.2 13.7 99.00 99.00 99.00 999 1016.6  10.7 999.0   6.7 99.0 99.00 
2024 04 06 02 10 312 11.3 14.6  3.78 10.81  7.17 307 1016.6  10.7 999.0   6.9 99.0 99.00 
2024 04 06 02 20 309 11.6 14.3 99.00 99.00 99.00 999 1016.5  10.7 999.0   6.9 99.0 99.00 
2024 04 06 02 30 312 11.6 14.6 99.00 99.00 99.00 999 1016.7  10.6 999.0   6.6 99.0 99.00 
2024 04 06 02 40 312 11.4 14.1  3.75 11.43  7.13 311 1016.8  10.7 999.0   6.8 99.0 99.00 
2024 04 06 02 50 313 10.8 13.5 99.00 99.00 99.00 999 1017.0  10.7 999.0   7.0 99.0 99.00 
2024 04 06 03 00 314 10.8 14.0 99.00 99.00 99.00 999 1017.1  10.7 999.0   7.1 99.0 99.00 
2024 04 06 03 10 318 11.0 14.6  3.66 11.43  7.19 310 1017.3  10.7 999.0   7.0 99.0 99.00 
2024 04 06 03 20 319 10.5 13.2 99.00 99.00 99.00 999 1017.4  10.7 999.0   6.9 99.0 99.00 
2024 04 06 03 30 314 11.1 14.3 99.00 99.00 99.00 999 1017.5  10.7 999.0   6.7 99.0 99.00 
2024 04 06 03 40 320 11.1 14.6  3.68 12.12  7.31 309 1017.5  10.7 999.0   6.2 99.0 99.00 
2024 04 06 03 50 323 11.7 14.3 99.00 99.00 99.00 999 1017.8  10.7 999.0   6.0 99.0 99.00 
2024 04 06 04 00 325 10.5 13.6 99.00 99.00 99.00 999 1018.1  10.8 999.0   6.7 99.0 99.00 
2024 04 06 04 10 322 10.8 13.2  3.44 12.12  6.89 310 1018.3  10.7 999.0   6.6 99.0 99.00 
2024 04 06 04 20 323 11.0 13.6 99.00 99.00 99.00 999 1018.4  10.7 999.0   6.6 99.0 99.00 
2024 04 06 04 30 321 10.7 13.1 99.00 99.00 99.00 999 1018.6  10.7 999.0   6.8 99.0 99.00 
2024 04 06 04 40 326 11.0 13.5  3.52 11.43  7.04 302 1018.8  10.7 999.0   6.7 99.0 99.00 
2024 04 06 04 50 319 11.1 13.6 99.00 99.00 99.00 999 1018.9  10.7 999.0   6.8 99.0 99.00 
2024 04 06 05 00 321 10.4 13.1 99.00 99.00 99.00 999 1019.0  10.8 999.0   7.2 99.0 99.00 
2024 04 06 05 10 329 10.3 12.6  3.19 12.12  6.93 315 1019.1  10.7 999.0   7.0 99.0 99.00 
2024 04 06 05 20 327 10.0 12.4 99.00 99.00 99.00 999 1019.2  10.7 999.0   6.9 99.0 99.00 
2024 04 06 05 30 328  9.2 11.8 99.00 99.00 99.00 999 1019.4  10.7 999.0   7.1 99.0 99.00 
2024 04 06 05 40 320  9.4 11.8  3.15 11.43  6.75 312 1019.5  10.7 999.0   7.0 99.0 99.00 
2024 04 06 05 50 323  9.8 12.3 99.00 99.00 99.00 999 1019.5  10.7 999.0   6.8 99.0 99.00 
2024 04 06 06 00 322  9.4 11.9 99.00 99.00 99.00 999 1019.7  10.7 999.0   7.1 99.0 99.00 
2024 04 06 06 10 321  9.1 11.1  3.00 11.43  6.70 312 1019.7  10.6 999.0   7.2 99.0 99.00 
2024 04 06 06 20 324  9.0 11.7 99.00 99.00 99.00 999 1019.9  10.7 999.0   7.5 99.0 99.00 
2024 04 06 06 30 323  9.1 11.8 99.00 99.00 99.00 999 1020.0  10.7 999.0   7.5 99.0 99.00 
2024 04 06 06 40 324  9.8 11.9  2.85 11.43  6.60 310 1020.0  10.7 999.0   7.2 99.0 99.00 
2024 04 06 06 50 323  9.4 12.0 99.00 99.00 99.00 999 1020.2  10.7 999.0   7.4 99.0 99.00 
2024 04 06 07 00 319  8.8 11.2 99.00 99.00 99.00 999 1020.3  10.7 999.0   7.5 99.0 99.00 
2024 04 06 07 10 317  9.1 11.2  2.84 11.43  6.70 308 1020.4  10.7 999.0   7.4 99.0 99.00 
2024 04 06 07 20 317  9.7 12.2 99.00 99.00 99.00 999 1020.4  10.7 999.0   7.1 99.0 99.00 
2024 04 06 07 30 318  9.8 11.8 99.00 99.00 99.00 999 1020.4  10.7 999.0   7.0 99.0 99.00 
2024 04 06 07 40 318  9.9 12.6  2.76 11.43  6.68 311 1020.5  10.8 999.0   6.8 99.0 99.00 
2024 04 06 07 50 321  9.4 11.7 99.00 99.00 99.00 999 1020.7  10.8 999.0   6.9 99.0 99.00 
2024 04 06 08 00 325  8.9 10.9 99.00 99.00 99.00 999 1020.9  10.8 999.0   7.2 99.0 99.00 
2024 04 06 08 10 328  9.3 11.4  2.66 11.43  6.52 316 1021.0  10.8 999.0   7.3 99.0 99.00 
2024 04 06 08 20 326  9.1 11.3 99.00 99.00 99.00 999 1021.1  10.7 999.0   7.1 99.0 99.00 
2024 04 06 08 30 328  8.6 10.9 99.00 99.00 99.00 999 1021.2  10.7 999.0   7.2 99.0 99.00 
2024 04 06 08 40 330  8.6 11.1  2.73 11.43  6.79 307 1021.3  10.7 999.0   7.3 99.0 99.00 
2024 04 06 08 50 329  8.3 10.8 99.00 99.00 99.00 999 1021.4  10.7 999.0   7.2 99.0 99.00 
2024 04 06 09 00 327  8.7 10.7 99.00 99.00 99.00 999 1021.5  10.7 999.0   7.3 99.0 99.00 
2024 04 06 09 10 321  8.8 11.3  2.81 11.43  6.82 318 1021.5  10.7 999.0   7.4 99.0 99.00 
2024 04 06 09 20 323  9.4 11.5 99.00 99.00 99.00 999 1021.5  10.7 999.0   7.0 99.0 99.00 
2024 04 06 09 30 320  8.9 11.5 99.00 99.00 99.00 999 1021.5  10.7 999.0   7.0 99.0 99.00 
2024 04 06 09 40 323  9.2 11.7  2.80 11.43  6.72 313 1021.6  10.7 999.0   6.7 99.0 99.00 
2024 04 06 09 50 327  8.1 10.1 99.00 99.00 99.00 999 1021.6  10.7 999.0   7.4 99.0 99.00 
2024 04 06 10 00 330  8.3 10.6 99.00 99.00 99.00 999 1021.7  10.6 999.0   7.4 99.0 99.00 
2024 04 06 10 10 329  8.5 10.7  2.86 11.43  7.00 325 1021.8  10.6 999.0   7.3 99.0 99.00 
2024 04 06 10 20 328  8.8 10.6 99.00 99.00 99.00 999 1021.9  10.5 999.0   7.1 99.0 99.00 
2024 04 06 10 30 326  8.9 11.6 99.00 99.00 99.00 999 1021.9  10.5 999.0   6.9 99.0 99.00 
2024 04 06 10 40 326  8.6 11.0  2.76 12.12  7.21 325 1022.0  10.5 999.0   7.0 99.0 99.00 
2024 04 06 10 50 323  8.4 10.6 99.00 99.00 99.00 999 1022.1  10.4 999.0   6.9 99.0 99.00 
2024 04 06 11 00 327  8.5 10.6 99.00 99.00 99.00 999 1022.1  10.4 999.0   6.8 99.0 99.00 
2024 04 06 11 10 326  7.8 10.2  2.61 11.43  6.97 310 1022.2  10.4 999.0   6.8 99.0 99.00 
2024 04 06 11 20 324  7.9  9.6 99.00 99.00 99.00 999 1022.3  10.4 999.0   6.7 99.0 99.00 
2024 04 06 11 30 324  7.9 10.0 99.00 99.00 99.00 999 1022.4  10.4 999.0   6.6 99.0 99.00 
2024 04 06 11 40 323  7.6  9.9  2.50 11.43  7.03 319 1022.4  10.4 999.0   6.9 99.0 99.00 
2024 04 06 11 50 325  7.8  9.7 99.00 99.00 99.00 999 1022.6  10.4 999.0   6.7 99.0 99.00 
2024 04 06 12 00 323  7.6  9.7 99.00 99.00 99.00 999 1022.7  10.3 999.0   6.7 99.0 99.00 
2024 04 06 12 10 322  7.1  9.4  2.67 11.43  7.16 309 1022.8  10.4 999.0   6.8 99.0 99.00 
2024 04 06 12 20 322  7.3  9.4 99.00 99.00 99.00 999 1022.9  10.3 999.0   6.5 99.0 99.00 
2024 04 06 12 30 325  6.8  8.8 99.00 99.00 99.00 999 1023.0  10.3 999.0   6.5 99.0 99.00 
2024 04 06 12 40 329  6.4  8.0  2.49 11.43  7.30 316 1023.1  10.4 999.0   6.9 99.0 99.00 
2024 04 06 12 50 327  6.7  8.9 99.00 99.00 99.00 999 1023.2  10.3 999.0   6.7 99.0 99.00 
2024 04 06 13 00 320  6.8  9.2 99.00 99.00 99.00 999 1023.3  10.3 999.0   6.6 99.0 99.00 
2024 04 06 13 10 323  6.2  7.5  2.23 11.43  7.04 317 1023.5  10.3 999.0   6.9 99.0 99.00 
2024 04 06 13 20 325  6.6  8.4 99.00 99.00 99.00 999 1023.6  10.3 999.0   6.7 99.0 99.00 
2024 04 06 13 30 330  6.5  8.4 99.00 99.00 99.00 999 1023.8  10.3 999.0   6.7 99.0 99.00 
2024 04 06 13 40 324  6.5  8.2  2.44 11.43  7.19 310 1023.8  10.3 999.0   6.6 99.0 99.00 
2024 04 06 13 50 328  6.1  7.9 99.00 99.00 99.00 999 1023.9  10.3 999.0   6.8 99.0 99.00 
2024 04 06 14 00 328  5.8  7.5 99.00 99.00 99.00 999 1024.0  10.3 999.0   6.8 99.0 99.00 
2024 04 06 14 10 331  5.9  7.7  2.26 10.81  7.17 305 1024.0  10.3 999.0   6.7 99.0 99.00 
2024 04 06 14 20 329  6.2  8.1 99.00 99.00 99.00 999 1024.3  10.4 999.0   6.8 99.0 99.00 
2024 04 06 14 30 326  6.3  8.5 99.00 99.00 99.00 999 1024.5  10.4 999.0   6.8 99.0 99.00 
2024 04 06 14 40 329  6.2  8.0  2.69 10.81  7.76 321 1024.6  10.4 999.0   6.7 99.0 99.00 
2024 04 06 14 50 325  6.0  7.8 99.00 99.00 99.00 999 1024.6  10.4 999.0   6.6 99.0 99.00 
2024 04 06 15 00 327  5.5  7.5 99.00 99.00 99.00 999 1024.8  10.5 999.0   6.9 99.0 99.00 
2024 04 06 15 10 328  5.6  7.5  2.31 10.81  7.41 311 1025.0  10.5 999.0   7.0 99.0 99.00 
2024 04 06 15 20 329  5.3  6.8 99.00 99.00 99.00 999 1025.1  10.4 999.0   7.0 99.0 99.00 
2024 04 06 15 30 328  4.8  6.4 99.00 99.00 99.00 999 1025.1  10.4 999.0   7.0 99.0 99.00 
2024 04 06 15 40 321  4.9  6.8  2.45 10.81  7.59 314 1025.2  10.5 999.0   7.0 99.0 99.00 
2024 04 06 15 50 321  5.2  6.8 99.00 99.00 99.00 999 1025.2  10.4 999.0   6.8 99.0 99.00 
2024 04 06 16 00 318  5.1  6.7 99.00 99.00 99.00 999 1025.2  10.4 999.0   6.6 99.0 99.00 
2024 04 06 16 10 327  4.8  6.6  2.44 10.81  7.63 317 1025.4  10.5 999.0   6.9 99.0 99.00 
2024 04 06 16 20 329  4.9  6.6 99.00 99.00 99.00 999 1025.4  10.5 999.0   6.8 99.0 99.00 
2024 04 06 16 30 330  4.7  6.9 99.00 99.00 99.00 999 1025.5  10.5 999.0   6.6 99.0 99.00 
2024 04 06 16 40 326  4.2  5.4  2.55 10.81  7.76 314 1025.6  10.5 999.0   6.4 99.0 99.00 
2024 04 06 16 50 325  3.9  5.6 99.00 99.00 99.00 999 1025.8  10.6 999.0   6.4 99.0 99.00 
2024 04 06 17 00 324  3.9  5.5 99.00 99.00 99.00 999 1025.9  10.6 999.0   6.3 99.0 99.00 
2024 04 06 17 10 320  4.1  6.0  2.46 10.81  7.74 305 1026.0  10.6 999.0   6.3 99.0 99.00 
2024 04 06 17 20 319  4.1  5.6 99.00 99.00 99.00 999 1026.2  10.6 999.0   6.5 99.0 99.00 
2024 04 06 17 30 317  4.3  5.8 99.00 99.00 99.00 999 1026.2  10.6 999.0   6.5 99.0 99.00 
2024 04 06 17 40 318  4.5  5.9  2.21 10.81  7.28 316 1026.3  10.5 999.0   6.3 99.0 99.00 
2024 04 06 17 50 314  3.9  5.3 99.00 99.00 99.00 999 1026.6  10.5 999.0   6.4 99.0 99.00 
2024 04 06 18 00 310  3.7  5.0 99.00 99.00 99.00 999 1026.6  10.6 999.0   6.6 99.0 99.00 
2024 04 06 18 10 306  3.6  6.1  2.23 10.00  7.26 314 1026.8  10.6 999.0   6.4 99.0 99.00 
2024 04 06 18 20 306  3.2  4.8 99.00 99.00 99.00 999 1026.8  10.6 999.0   6.4 99.0 99.00 
2024 04 06 18 30 308  3.5  5.3 99.00 99.00 99.00 999 1026.8  10.7 999.0   6.4 99.0 99.00 
2024 04 06 18 40 299  3.2  4.8  2.35 10.00  7.50 311 1026.9  10.7 999.0   6.3 99.0 99.00 
2024 04 06 18 50 301  2.8  4.2 99.00 99.00 99.00 999 1026.9  10.8 999.0   6.7 99.0 99.00 
2024 04 06 19 00 299  3.0  4.6 99.00 99.00 99.00 999 1026.9  10.7 999.0   6.4 99.0 99.00 
2024 04 06 19 10 292  2.7  4.0  2.24 10.81  7.39 309 1026.9  10.7 999.0   6.7 99.0 99.00 
2024 04 06 19 20 297  2.9  4.3 99.00 99.00 99.00 999 1026.9  10.8 999.0   6.7 99.0 99.00 
2024 04 06 19 30 290  2.8  4.2 99.00 99.00 99.00 999 1027.0  10.8 999.0   6.7 99.0 99.00 
2024 04 06 19 40 288  3.3  4.3  1.96 10.00  6.92 307 1027.0  10.8 999.0   6.7 99.0 99.00 
2024 04 06 19 50 288  3.1  4.4 99.00 99.00 99.00 999 1027.0  10.9 999.0   6.9 99.0 99.00 
2024 04 06 20 00 277  3.3  4.6 99.00 99.00 99.00 999 1026.9  10.8 999.0   6.9 99.0 99.00 
2024 04 06 20 10 277  3.4  4.8  2.17 10.00  7.36 310 1027.0  10.8 999.0   6.9 99.0 99.00 
2024 04 06 20 20 266  3.5  4.9 99.00 99.00 99.00 999 1027.0  10.9 999.0   7.2 99.0 99.00 
2024 04 06 20 30 271  3.8  5.0 99.00 99.00 99.00 999 1027.0  10.9 999.0   7.2 99.0 99.00 
2024 04 06 20 40 266  3.7  4.8  2.05 10.00  7.03 309 1027.0  10.9 999.0   7.3 99.0 99.00 
2024 04 06 20 50 263  3.9  5.4 99.00 99.00 99.00 999 1027.0  11.0 999.0   7.4 99.0 99.00 
2024 04 06 21 00 269  4.1  5.6 99.00 99.00 99.00 999 1027.0  11.0 999.0   7.4 99.0 99.00 
2024 04 06 21 10 269  4.3  5.8  1.92 10.00  6.84 305 1027.0  11.0 999.0   7.5 99.0 99.00 
2024 04 06 21 20 266  4.4  6.0 99.00 99.00 99.00 999 1026.9  11.0 999.0   7.2 99.0 99.00 
2024 04 06 21 30 268  4.6  6.3 99.00 99.00 99.00 999 1026.8  11.1 999.0   6.9 99.0 99.00 
2024 04 06 21 40 264  4.9  6.1  1.95 10.00  7.05 313 1026.7  11.1 999.0   6.9 99.0 99.00 
2024 04 06 21 50 264  4.7  6.0 99.00 99.00 99.00 999 1026.7  11.2 999.0   6.9 99.0 99.00 
2024 04 06 22 00 259  4.6  5.5 99.00 99.00 99.00 999 1026.6  11.2 999.0   6.9 99.0 99.00 
2024 04 06 22 10 255  4.8  6.0  1.73 10.00  6.98 297 1026.6  11.2 999.0   6.9 99.0 99.00 
2024 04 06 22 20 255  4.8  6.1 99.00 99.00 99.00 999 1026.5  11.3 999.0   7.0 99.0 99.00 
2024 04 06 22 30 256  4.9  5.9 99.00 99.00 99.00 999 1026.5  11.3 999.0   7.0 99.0 99.00 
2024 04 06 22 40 259  4.9  6.0  1.72 10.81  6.83 300 1026.3  11.3 999.0   7.0 99.0 99.00 
2024 04 06 22 50 262  5.2  6.1 99.00 99.00 99.00 999 1026.3  11.3 999.0   6.8 99.0 99.00 
2024 04 06 23 00 261  4.8  6.0 99.00 99.00 99.00 999 1026.3  11.4 999.0   7.0 99.0 99.00 
2024 04 06 23 10 266  4.9  6.2  1.70 10.81  7.08 290 1026.2  11.4 999.0   6.8 99.0 99.00 
2024 04 06 23 20 269  4.7  5.8 99.00 99.00 99.00 999 1026.2  11.4 999.0   6.8 99.0 99.00 
2024 04 06 23 30 267  4.6  5.8 99.00 99.00 99.00 999 1026.2  11.5 999.0   6.8 99.0 99.00 
2024 04 06 23 40 274  4.4  5.8  1.57 10.81  6.88 302 1026.2  11.5 999.0   6.8 99.0 99.00 
2024 04 06 23 50 272  4.3  5.3 99.00 99.00 99.00 999 1026.1  11.6 999.0   6.8 99.0 99.00 
2024 04 07 00 00 275  4.3  5.9 99.00 99.00 99.00 999 1026.1  11.6 999.0   6.9 99.0 99.00 
2024 04 07 00 10 282  4.3  5.4  1.66 10.00  6.96 311 1025.9  11.6 999.0   7.0 99.0 99.00 
2024 04 07 00 20 278  4.7  6.0 99.00 99.00 99.00 999 1025.8  11.5 999.0   7.1 99.0 99.00 
2024 04 07 00 30 276  4.4  5.8 99.00 99.00 99.00 999 1025.7  11.6 999.0   7.3 99.0 99.00 
2024 04 07 00 40 278  4.4  5.9  1.56 10.00  7.01 315 1025.6  11.5 999.0   7.4 99.0 99.00 
2024 04 07 00 50 278  4.4  5.5 99.00 99.00 99.00 999 1025.6  11.5 999.0   7.2 99.0 99.00 
2024 04 07 01 00 279  4.1  5.3 99.00 99.00 99.00 999 1025.4  11.5 999.0   7.1 99.0 99.00 
2024 04 07 01 10 288  4.2  5.5  1.63 10.81  7.19 305 1025.4  11.5 999.0   7.1 99.0 99.00 
2024 04 07 01 20 286  4.5  5.8 99.00 99.00 99.00 999 1025.4  11.4 999.0   7.0 99.0 99.00 
2024 04 07 01 30 286  4.8  6.1 99.00 99.00 99.00 999 1025.5  11.4 999.0   7.0 99.0 99.00 
2024 04 07 01 40 285  4.9  6.2  1.60 10.00  7.20 310 1025.5  11.4 999.0   7.2 99.0 99.00 
2024 04 07 01 50 286  4.5  6.0 99.00 99.00 99.00 999 1025.4  11.4 999.0   7.3 99.0 99.00 
2024 04 07 02 00 283  4.6  5.6 99.00 99.00 99.00 999 1025.4  11.4 999.0   7.5 99.0 99.00 
2024 04 07 02 10 279  4.5  5.8  1.48  9.09  7.03 303 1025.3  11.4 999.0   7.6 99.0 99.00 
2024 04 07 02 20 277  4.9  6.1 99.00 99.00 99.00 999 1025.3  11.3 999.0   7.5 99.0 99.00 
2024 04 07 02 30 285  4.8  6.3 99.00 99.00 99.00 999 1025.2  11.4 999.0   7.6 99.0 99.00 
2024 04 07 02 40 284  4.4  5.6  1.54 10.81  7.16 318 1025.1  11.4 999.0   7.7 99.0 99.00 
2024 04 07 02 50 286  4.6  6.1 99.00 99.00 99.00 999 1025.2  11.4 999.0   7.7 99.0 99.00 
2024 04 07 03 00 294  5.0  6.3 99.00 99.00 99.00 999 1025.2  11.4 999.0   7.8 99.0 99.00 
2024 04 07 03 10 294  5.0  6.8  1.47 10.00  7.15 309 1025.2  11.5 999.0   7.9 99.0 99.00 
2024 04 07 03 20 297  4.7  6.0 99.00 99.00 99.00 999 1025.1  11.4 999.0   8.1 99.0 99.00 
2024 04 07 03 30 301  4.6  6.1 99.00 99.00 99.00 999 1025.1  11.5 999.0   8.2 99.0 99.00 
2024 04 07 03 40 303  5.0  6.5  1.49 10.00  7.29 309 1025.1  11.5 999.0   8.2 99.0 99.00 
2024 04 07 03 50 307  5.0  6.1 99.00 99.00 99.00 999 1025.1  11.5 999.0   8.3 99.0 99.00 
2024 04 07 04 00 310  5.0  6.2 99.00 99.00 99.00 999 1025.1  11.4 999.0   8.2 99.0 99.00 
2024 04 07 04 10 316  5.2  6.4  1.49 10.81  7.05 308 1025.2  11.4 999.0   8.1 99.0 99.00 
2024 04 07 04 20 314  5.2  6.3 99.00 99.00 99.00 999 1025.2  11.4 999.0   8.3 99.0 99.00 
2024 04 07 04 30 314  5.8  7.6 99.00 99.00 99.00 999 1025.2  11.4 999.0   8.0 99.0 99.00 
2024 04 07 04 40 316  5.8  7.6  1.45 10.81  6.77 313 1025.2  11.4 999.0   7.8 99.0 99.00 
2024 04 07 04 50 319  5.8  7.6 99.00 99.00 99.00 999 1025.2  11.4 999.0   7.9 99.0 99.00 
2024 04 07 05 00 316  5.7  7.7 99.00 99.00 99.00 999 1025.2  11.4 999.0   7.9 99.0 99.00 
2024 04 07 05 10 312  5.5  7.0  1.75 10.00  7.37 313 1025.1  11.4 999.0   7.9 99.0 99.00 
2024 04 07 05 20 317  5.3  6.7 99.00 99.00 99.00 999 1025.0  11.4 999.0   8.1 99.0 99.00 
2024 04 07 05 30 318  5.4  6.6 99.00 99.00 99.00 999 1025.0  11.4 999.0   7.9 99.0 99.00 
2024 04 07 05 40 319  5.4  6.6  1.55 10.00  6.68 313 1025.0  11.4 999.0   7.9 99.0 99.00 
2024 04 07 05 50 323  5.4  6.5 99.00 99.00 99.00 999 1024.9  11.4 999.0   7.9 99.0 99.00 
2024 04 07 06 00 326  5.3  6.6 99.00 99.00 99.00 999 1024.8  11.4 999.0   8.1 99.0 99.00 
2024 04 07 06 10 337  4.5  5.6  1.49 10.00  6.84 312 1024.7  11.4 999.0   8.6 99.0 99.00 
2024 04 07 06 20 337  4.5  5.6 99.00 99.00 99.00 999 1024.7  11.2 999.0   8.5 99.0 99.00 
2024 04 07 06 30 334  4.3  5.4 99.00 99.00 99.00 999 1024.7  11.2 999.0   8.6 99.0 99.00 
2024 04 07 06 40 337  4.1  5.1  1.40 10.00  6.70 310 1024.6  11.1 999.0   8.6 99.0 99.00 
2024 04 07 06 50 339  4.1  5.1 99.00 99.00 99.00 999 1024.6  11.1 999.0   8.4 99.0 99.00 
2024 04 07 07 00 339  4.2  5.4 99.00 99.00 99.00 999 1024.6  11.1 999.0   8.3 99.0 99.00 
2024 04 07 07 10 332  4.3  5.3  1.43 10.00  7.09 305 1024.5  11.0 999.0   8.2 99.0 99.00 
2024 04 07 07 20 324  4.3  5.8 99.00 99.00 99.00 999 1024.6  11.0 999.0   8.2 99.0 99.00 
2024 04 07 07 30 327  4.7  6.0 99.00 99.00 99.00 999 1024.5  11.1 999.0   8.4 99.0 99.00 
2024 04 07 07 40 325  4.9  6.3  1.66 10.00  7.41 307 1024.4  11.1 999.0   8.1 99.0 99.00 
2024 04 07 07 50 328  4.7  6.1 99.00 99.00 99.00 999 1024.4  11.2 999.0   8.1 99.0 99.00 
2024 04 07 08 00 330  5.2  6.2 99.00 99.00 99.00 999 1024.4  11.2 999.0   7.6 99.0 99.00 
2024 04 07 08 10 328  5.2  6.2  1.62 10.00  7.54 300 1024.5  11.2 999.0   7.5 99.0 99.00 
2024 04 07 08 20 326  4.9  6.1 99.00 99.00 99.00 999 1024.5  11.2 999.0   7.5 99.0 99.00 
2024 04 07 08 30 324  5.0  6.2 99.00 99.00 99.00 999 1024.4  11.2 999.0   7.6 99.0 99.00 
2024 04 07 08 40 325  4.9  6.0  1.49 10.00  7.35 305 1024.3  11.2 999.0   7.8 99.0 99.00 
2024 04 07 08 50 325  4.6  5.8 99.00 99.00 99.00 999 1024.2  11.2 999.0   7.9 99.0 99.00 
2024 04 07 09 00 328  4.4  5.5 99.00 99.00 99.00 999 1024.2  11.2 999.0   7.9 99.0 99.00 
2024 04 07 09 10 323  4.6  5.9  1.63 10.81  7.71 308 1024.0  11.3 999.0   8.1 99.0 99.00 
2024 04 07 09 20 319  4.5  5.5 99.00 99.00 99.00 999 1024.0  11.2 999.0   8.0 99.0 99.00 
2024 04 07 09 30 320  4.6  5.9 99.00 99.00 99.00 999 1023.9  11.2 999.0   8.1 99.0 99.00 
2024 04 07 09 40 327  5.0  6.1  1.78 10.00  7.78 310 1023.8  11.2 999.0   8.1 99.0 99.00 
2024 04 07 09 50 318  4.8  5.9 99.00 99.00 99.00 999 1023.8  11.2 999.0   8.2 99.0 99.00 
2024 04 07 10 00 320  4.9  6.3 99.00 99.00 99.00 999 1023.7  11.2 999.0   8.3 99.0 99.00 
2024 04 07 10 10 319  4.9  6.0  1.65 10.00  7.68 297 1023.6  11.2 999.0   8.3 99.0 99.00 
2024 04 07 10 20 315  4.9  6.4 99.00 99.00 99.00 999 1023.6  11.2 999.0   8.5 99.0 99.00 
2024 04 07 10 30 311  5.1  6.5 99.00 99.00 99.00 999 1023.6  11.2 999.0   8.5 99.0 99.00 
2024 04 07 10 40 315  5.3  6.5  1.71 10.00  7.68 305 1023.7  11.2 999.0   8.6 99.0 99.00 
2024 04 07 10 50 317  6.0  7.6 99.00 99.00 99.00 999 1023.6  11.2 999.0   8.7 99.0 99.00 
2024 04 07 11 00 317  6.3  7.8 99.00 99.00 99.00 999 1023.5  11.2 999.0   8.8 99.0 99.00 
2024 04 07 11 10 322  5.9  7.6  1.95 10.00  7.57 301 1023.5  11.1 999.0   8.7 99.0 99.00 
2024 04 07 11 20 325  6.0  7.6 99.00 99.00 99.00 999 1023.4  11.1 999.0   8.6 99.0 99.00 
2024 04 07 11 30 321  5.9  7.3 99.00 99.00 99.00 999 1023.4  11.0 999.0   8.4 99.0 99.00 
2024 04 07 11 40 323  6.2  7.6  1.81 10.00  7.56 303 1023.3  11.0 999.0   8.2 99.0 99.00 
2024 04 07 11 50 317  6.2  7.8 99.00 99.00 99.00 999 1023.2  11.0 999.0   8.3 99.0 99.00 
2024 04 07 12 00 320  6.0  7.4 99.00 99.00 99.00 999 1023.2  11.0 999.0   8.1 99.0 99.00 
2024 04 07 12 10 320  6.3  7.6  1.92 10.00  7.55 301 1023.1  11.1 999.0   8.1 99.0 99.00 
2024 04 07 12 20 319  6.3  8.3 99.00 99.00 99.00 999 1023.2  11.1 999.0   8.2 99.0 99.00 
2024 04 07 12 30 319  6.4  8.1 99.00 99.00 99.00 999 1023.0  11.2 999.0   8.5 99.0 99.00 
2024 04 07 12 40 322  6.6  8.5  1.76 10.00  7.03 298 1023.2  11.2 999.0   8.6 99.0 99.00 
2024 04 07 12 50 323  6.7  8.1 99.00 99.00 99.00 999 1023.3  11.2 999.0   8.7 99.0 99.00 
2024 04 07 13 00 324  6.7  8.5 99.00 99.00 99.00 999 1023.2  11.1 999.0   8.6 99.0 99.00 
2024 04 07 13 10 324  6.8  8.5  1.69 10.00  6.83 301 1023.2  11.1 999.0   8.7 99.0 99.00 
2024 04 07 13 20 327  6.7  7.9 99.00 99.00 99.00 999 1023.2  11.0 999.0   8.6 99.0 99.00 
2024 04 07 13 30 328  6.6  8.1 99.00 99.00 99.00 999 1023.2  11.0 999.0   8.8 99.0 99.00 
2024 04 07 13 40 328  6.6  8.4  1.66  9.09  6.76 299 1023.2  10.9 999.0   8.5 99.0 99.00 
2024 04 07 13 50 324  6.6  8.1 99.00 99.00 99.00 999 1023.1  10.9 999.0   8.5 99.0 99.00 
2024 04 07 14 00 319  6.6  8.1 99.00 99.00 99.00 999 1023.2  11.0 999.0   8.3 99.0 99.00 
2024 04 07 14 10 325  6.7  8.3  1.73  9.09  6.96 309 1023.2  11.0 999.0   8.1 99.0 99.00 
2024 04 07 14 20 329  7.0  8.5 99.00 99.00 99.00 999 1023.3  11.0 999.0   7.9 99.0 99.00 
2024 04 07 14 30 327  6.9  8.5 99.00 99.00 99.00 999 1023.4  11.0 999.0   8.0 99.0 99.00 
2024 04 07 14 40 326  7.1  8.6  1.67  9.09  6.67 299 1023.5  11.1 999.0   8.2 99.0 99.00 
2024 04 07 14 50 326  7.0  8.5 99.00 99.00 99.00 999 1023.5  11.1 999.0   8.2 99.0 99.00 
2024 04 07 15 00 324  7.3  8.9 99.00 99.00 99.00 999 1023.5  11.1 999.0   8.0 99.0 99.00 
2024 04 07 15 10 325  7.4  9.5  1.61  9.09  6.52 303 1023.6  11.1 999.0   7.9 99.0 99.00 
2024 04 07 15 20 327  7.4  9.0 99.00 99.00 99.00 999 1023.8  11.1 999.0   7.9 99.0 99.00 
2024 04 07 15 30 326  7.1  8.6 99.00 99.00 99.00 999 1023.8  11.1 999.0   8.1 99.0 99.00 
2024 04 07 15 40 325  6.8  8.9  1.53 14.81  6.29 296 1023.7  11.1 999.0   8.2 99.0 99.00 
2024 04 07 15 50 328  7.0  8.6 99.00 99.00 99.00 999 1023.7  11.1 999.0   8.1 99.0 99.00 
2024 04 07 16 00 328  6.9  8.4 99.00 99.00 99.00 999 1023.8  11.1 999.0   8.0 99.0 99.00 
2024 04 07 16 10 328  6.5  8.4  1.73 10.00  6.70 304 1023.8  11.1 999.0   8.3 99.0 99.00 
2024 04 07 16 20 325  7.4  9.0 99.00 99.00 99.00 999 1023.8  11.1 999.0   8.2 99.0 99.00 
2024 04 07 16 30 323  7.4  9.4 99.00 99.00 99.00 999 1023.8  11.0 999.0   8.2 99.0 99.00 
2024 04 07 16 40 323  7.1  8.5  1.62 14.81  6.37 277 1023.8  11.0 999.0   8.3 99.0 99.00 
2024 04 07 16 50 321  7.5  8.8 99.00 99.00 99.00 999 1023.6  11.0 999.0   8.3 99.0 99.00 
2024 04 07 17 00 321  7.9  9.5 99.00 99.00 99.00 999 1023.6  11.0 999.0   8.3 99.0 99.00 
2024 04 07 17 10 323  7.6  9.3  1.74 14.81  6.34 308 1023.8  11.0 999.0   8.5 99.0 99.00 
2024 04 07 17 20 319  8.1  9.8 99.00 99.00 99.00 999 1023.7  10.9 999.0   8.5 99.0 99.00 
2024 04 07 17 30 317  8.1 10.2 99.00 99.00 99.00 999 1023.7  10.9 999.0   8.4 99.0 99.00 
2024 04 07 17 40 314  8.2 10.2  1.69 14.81  6.02 295 1023.7  10.9 999.0   8.5 99.0 99.00 
2024 04 07 17 50 315  8.5 10.7 99.00 99.00 99.00 999 1023.7  10.9 999.0   8.6 99.0 99.00 
2024 04 07 18 00 316  8.7 11.3 99.00 99.00 99.00 999 1023.8  10.9 999.0   8.6 99.0 99.00 
2024 04 07 18 10 315  9.0 10.9  1.67  9.09  5.93 303 1023.8  10.9 999.0   8.5 99.0 99.00 
2024 04 07 18 20 309  9.2 11.0 99.00 99.00 99.00 999 1023.8  10.9 999.0   8.7 99.0 99.00 
2024 04 07 18 30 310  9.2 11.1 99.00 99.00 99.00 999 1023.7  10.9 999.0   8.9 99.0 99.00 
2024 04 07 18 40 309  9.1 11.2  1.81 12.90  6.03 298 1023.8  11.0 999.0   9.0 99.0 99.00 
2024 04 07 18 50 310  8.9 11.3 99.00 99.00 99.00 999 1023.8  11.0 999.0   9.1 99.0 99.00 
2024 04 07 19 00 311  9.5 11.4 99.00 99.00 99.00 999 1023.7  10.9 999.0   8.9 99.0 99.00 
2024 04 07 19 10 311  9.6 11.9  1.78 12.12  5.69 305 1023.6  11.0 999.0   8.9 99.0 99.00 
2024 04 07 19 20 312  9.5 11.6 99.00 99.00 99.00 999 1023.5  11.0 999.0   9.0 99.0 99.00 
2024 04 07 19 30 310  9.7 11.7 99.00 99.00 99.00 999 1023.5  11.0 999.0   8.9 99.0 99.00 
2024 04 07 19 40 313  9.8 11.6  1.84 14.81  5.99 293 1023.5  11.0 999.0   8.9 99.0 99.00 
2024 04 07 19 50 312  9.3 11.6 99.00 99.00 99.00 999 1023.4  11.1 999.0   9.0 99.0 99.00 
2024 04 07 20 00 310  9.8 12.0 99.00 99.00 99.00 999 1023.4  11.1 999.0   8.8 99.0 99.00 
2024 04 07 20 10 310  9.6 11.6  1.88 10.00  5.74 310 1023.3  11.1 999.0   8.8 99.0 99.00 
2024 04 07 20 20 313 10.1 12.2 99.00 99.00 99.00 999 1023.2  11.2 999.0   8.7 99.0 99.00 
2024 04 07 20 30 313  9.8 12.6 99.00 99.00 99.00 999 1023.1  11.2 999.0   8.8 99.0 99.00 
2024 04 07 20 40 312 10.4 13.1  1.88 10.00  5.38 302 1023.1  11.2 999.0   8.7 99.0 99.00 
2024 04 07 20 50 312 10.6 13.2 99.00 99.00 99.00 999 1023.0  11.2 999.0   8.6 99.0 99.00 
2024 04 07 21 00 309 10.4 12.6 99.00 99.00 99.00 999 1022.9  11.2 999.0   8.8 99.0 99.00 
2024 04 07 21 10 310 10.8 12.8  2.01 13.79  5.55 301 1022.7  11.2 999.0   8.8 99.0 99.00 
2024 04 07 21 20 312 10.7 13.4 99.00 99.00 99.00 999 1022.6  11.3 999.0   8.8 99.0 99.00 
2024 04 07 21 30 312 11.0 13.6 99.00 99.00 99.00 999 1022.6  11.2 999.0   8.7 99.0 99.00 
2024 04 07 21 40 312 11.1 14.3  1.98 14.81  5.43 300 1022.4  11.2 999.0   8.7 99.0 99.00 
2024 04 07 21 50 314 11.4 14.3 99.00 99.00 99.00 999 1022.3  11.2 999.0   8.6 99.0 99.00 
2024 04 07 22 00 313 11.3 14.2 99.00 99.00 99.00 999 1022.2  11.3 999.0   8.7 99.0 99.00 
2024 04 07 22 10 313 11.1 13.6  2.15 13.79  5.94 309 1022.1  11.3 999.0   8.7 99.0 99.00 
2024 04 07 22 20 314 11.4 13.7 99.00 99.00 99.00 999 1021.9  11.3 999.0   8.5 99.0 99.00 
2024 04 07 22 30 312 11.5 14.3 99.00 99.00 99.00 999 1021.9  11.3 999.0   8.4 99.0 99.00 
2024 04 07 22 40 313 10.9 13.6  2.24  5.56  5.67 310 1021.8  11.4 999.0   8.5 99.0 99.00 
2024 04 07 22 50 312 11.5 13.9 99.00 99.00 99.00 999 1021.6  11.4 999.0   8.4 99.0 99.00 
2024 04 07 23 00 312 12.1 15.1 99.00 99.00 99.00 999 1021.6  11.3 999.0   8.2 99.0 99.00 
2024 04 07 23 10 311 11.9 14.3  2.17 12.90  5.56 309 1021.5  11.3 999.0   8.4 99.0 99.00 
2024 04 07 23 20 313 10.9 14.2 99.00 99.00 99.00 999 1021.5  11.3 999.0   8.6 99.0 99.00 
2024 04 07 23 30 313 11.4 14.2 99.00 99.00 99.00 999 1021.4  11.3 999.0   8.7 99.0 99.00 
2024 04 07 23 40 313 11.9 14.7  2.30 14.81  5.77 310 1021.4  11.3 999.0   8.6 99.0 99.00 
2024 04 07 23 50 315 11.8 15.0 99.00 99.00 99.00 999 1021.1  11.3 999.0   8.7 99.0 99.00 
2024 04 08 00 00 313 12.1 14.9 99.00 99.00 99.00 999 1021.0  11.3 999.0   8.8 99.0 99.00 
2024 04 08 00 10 314 12.1 15.1  2.43 14.81  5.66 320 1021.0  11.3 999.0   8.9 99.0 99.00 
2024 04 08 00 20 316 11.8 15.1 99.00 99.00 99.00 999 1021.0  11.3 999.0   9.0 99.0 99.00 
2024 04 08 00 30 315 11.9 14.9 99.00 99.00 99.00 999 1021.1  11.3 999.0   9.1 99.0 99.00 
2024 04 08 00 40 316 12.3 16.4  2.37  5.88  5.75 310 1021.0  11.3 999.0   9.0 99.0 99.00 
2024 04 08 00 50 314 11.8 14.7 99.00 99.00 99.00 999 1020.8  11.3 999.0   9.2 99.0 99.00 
2024 04 08 01 00 318 12.6 16.1 99.00 99.00 99.00 999 1020.8  11.3 999.0   9.1 99.0 99.00 
2024 04 08 01 10 317 12.2 15.5  2.52  6.25  5.82 312 1020.8  11.3 999.0   9.1 99.0 99.00 
2024 04 08 01 20 316 12.6 16.7 99.00 99.00 99.00 999 1020.8  11.3 999.0   8.9 99.0 99.00 
2024 04 08 01 30 317 12.4 16.0 99.00 99.00 99.00 999 1020.7  11.3 999.0   9.0 99.0 99.00 
2024 04 08 01 40 317 13.1 16.3  2.49  6.25  5.78 323 1020.5  11.3 999.0   9.0 99.0 99.00 
2024 04 08 01 50 318 13.3 18.0 99.00 99.00 99.00 999 1020.5  11.3 999.0   9.0 99.0 99.00 
2024 04 08 02 00 315 12.9 16.7 99.00 99.00 99.00 999 1020.5  11.3 999.0   9.0 99.0 99.00 
2024 04 08 02 10 315 12.7 17.2  2.51  6.25  5.62 315 1020.3  11.3 999.0   9.1 99.0 99.00 
2024 04 08 02 20 317 13.1 16.3 99.00 99.00 99.00 999 1020.2  11.2 999.0   9.0 99.0 99.00 
2024 04 08 02 30 318 12.8 15.5 99.00 99.00 99.00 999 1020.2  11.2 999.0   9.0 99.0 99.00 
2024 04 08 02 40 315 13.2 16.9  2.76  6.25  6.10 313 1020.1  11.2 999.0   8.9 99.0 99.00 
2024 04 08 02 50 317 14.4 17.7 99.00 99.00 99.00 999 1020.0  11.2 999.0   8.5 99.0 99.00 
2024 04 08 03 00 320 13.1 17.0 99.00 99.00 99.00 999 1020.1  11.3 999.0   8.9 99.0 99.00 
2024 04 08 03 10 320 13.8 16.8  2.83  6.67  6.06 316 1020.1  11.2 999.0   8.7 99.0 99.00 
2024 04 08 03 20 318 14.0 17.5 99.00 99.00 99.00 999 1020.1  11.2 999.0   8.7 99.0 99.00 
2024 04 08 03 30 320 13.5 18.0 99.00 99.00 99.00 999 1020.2  11.3 999.0   8.9 99.0 99.00 
2024 04 08 03 40 319 14.0 17.4  2.80  6.67  6.07 316 1020.3  11.2 999.0   8.8 99.0 99.00 
2024 04 08 03 50 320 14.2 18.0 99.00 99.00 99.00 999 1020.3  11.2 999.0   8.8 99.0 99.00 
2024 04 08 04 00 321 14.5 18.1 99.00 99.00 99.00 999 1020.3  11.2 999.0   8.6 99.0 99.00 
2024 04 08 04 10 319 14.1 17.9  2.96  6.25  6.05 322 1020.5  11.2 999.0   8.6 99.0 99.00 
2024 04 08 04 20 319 13.8 17.8 99.00 99.00 99.00 999 1020.6  11.2 999.0   8.7 99.0 99.00 
2024 04 08 04 30 320 14.4 18.5 99.00 99.00 99.00 999 1020.5  11.2 999.0   8.7 99.0 99.00 
2024 04 08 04 40 321 14.2 18.1  2.97  6.67  6.00 322 1020.5  11.2 999.0   8.8 99.0 99.00 
2024 04 08 04 50 319 14.0 17.2 99.00 99.00 99.00 999 1020.6  11.2 999.0   8.9 99.0 99.00 
2024 04 08 05 00 319 13.8 17.0 99.00 99.00 99.00 999 1020.6  11.2 999.0   8.9 99.0 99.00 
2024 04 08 05 10 320 14.1 17.3  2.87  6.25  5.92 321 1020.6  11.1 999.0   8.8 99.0 99.00 
2024 04 08 05 20 321 13.6 16.9 99.00 99.00 99.00 999 1020.7  11.1 999.0   8.9 99.0 99.00 
2024 04 08 05 30 321 13.3 16.1 99.00 99.00 99.00 999 1020.5  11.1 999.0   8.9 99.0 99.00 
2024 04 08 05 40 320 13.7 17.2  2.81  7.14  6.17 313 1020.6  11.1 999.0   8.8 99.0 99.00 
2024 04 08 05 50 322 13.6 17.6 99.00 99.00 99.00 999 1020.6  11.1 999.0   8.9 99.0 99.00 
2024 04 08 06 00 321 13.1 16.9 99.00 99.00 99.00 999 1020.7  11.1 999.0   8.9 99.0 99.00 
2024 04 08 06 10 322 13.2 16.6  2.96  7.14  6.27 310 1020.6  11.1 999.0   8.9 99.0 99.00 
2024 04 08 06 20 322 12.2 15.7 99.00 99.00 99.00 999 1020.7  11.2 999.0   9.1 99.0 99.00 
2024 04 08 06 30 321 11.9 15.3 99.00 99.00 99.00 999 1020.8  11.1 999.0   9.2 99.0 99.00 
2024 04 08 06 40 319 11.7 14.8  2.71  6.67  6.14 317 1020.8  11.1 999.0   9.2 99.0 99.00 
2024 04 08 06 50 321 12.3 15.2 99.00 99.00 99.00 999 1020.7  11.1 999.0   9.2 99.0 99.00 
2024 04 08 07 00 321 12.6 15.6 99.00 99.00 99.00 999 1020.7  11.1 999.0   9.2 99.0 99.00 
2024 04 08 07 10 323 12.5 15.2  2.96  7.14  6.32 310 1020.6  11.1 999.0   9.3 99.0 99.00 
2024 04 08 07 20 324 12.0 15.2 99.00 99.00 99.00 999 1020.5  11.2 999.0   9.5 99.0 99.00 
2024 04 08 07 30 323 11.6 14.8 99.00 99.00 99.00 999 1020.5  11.1 999.0   9.4 99.0 99.00 
2024 04 08 07 40 324 11.6 14.2  2.92  7.69  6.35 316 1020.4  11.1 999.0   9.4 99.0 99.00 
2024 04 08 07 50 323 11.6 13.9 99.00 99.00 99.00 999 1020.5  11.1 999.0   9.4 99.0 99.00 
2024 04 08 08 00 322 11.6 14.1 99.00 99.00 99.00 999 1020.3  11.1 999.0   9.4 99.0 99.00 
2024 04 08 08 10 323 11.3 14.0  2.82  7.14  6.45 312 1020.3  11.1 999.0   9.3 99.0 99.00 
2024 04 08 08 20 322 11.6 14.4 99.00 99.00 99.00 999 1020.3  11.1 999.0   9.1 99.0 99.00 
2024 04 08 08 30 324 11.3 14.7 99.00 99.00 99.00 999 1020.3  11.1 999.0   9.0 99.0 99.00 
2024 04 08 08 40 322 11.9 14.8  3.07  7.69  6.36 318 1020.2  11.2 999.0   8.9 99.0 99.00 
2024 04 08 08 50 321 11.5 14.2 99.00 99.00 99.00 999 1020.2  11.2 999.0   9.0 99.0 99.00 
2024 04 08 09 00 322 11.8 15.4 99.00 99.00 99.00 999 1020.1  11.1 999.0   8.9 99.0 99.00 
2024 04 08 09 10 322 11.7 14.1  2.72  8.33  6.16 319 1019.9  11.1 999.0   8.9 99.0 99.00 
2024 04 08 09 20 322 12.1 14.8 99.00 99.00 99.00 999 1019.8  11.1 999.0   8.9 99.0 99.00 
2024 04 08 09 30 321 12.3 15.1 99.00 99.00 99.00 999 1019.7  11.1 999.0   8.8 99.0 99.00 
2024 04 08 09 40 321 12.3 14.8  2.92  7.14  6.19 325 1019.5  11.0 999.0   8.6 99.0 99.00 
2024 04 08 09 50 321 12.2 15.1 99.00 99.00 99.00 999 1019.4  10.4 999.0   8.6 99.0 99.00 
2024 04 08 10 00 321 12.0 15.1 99.00 99.00 99.00 999 1019.4  10.6 999.0   8.6 99.0 99.00 
2024 04 08 10 10 320 12.5 15.1  2.66  7.69  5.97 313 1019.3  10.8 999.0   8.5 99.0 99.00 
2024 04 08 10 20 319 12.4 15.6 99.00 99.00 99.00 999 1019.2  10.9 999.0   8.7 99.0 99.00 
2024 04 08 10 30 320 11.8 14.8 99.00 99.00 99.00 999 1019.1  11.0 999.0   8.8 99.0 99.00 
2024 04 08 10 40 319 11.5 14.3  2.75  7.14  6.13 319 1019.1  11.0 999.0   9.0 99.0 99.00 
2024 04 08 10 50 319 12.8 15.5 99.00 99.00 99.00 999 1018.9  10.9 999.0   8.7 99.0 99.00 
2024 04 08 11 00 319 11.9 15.2 99.00 99.00 99.00 999 1018.8  10.9 999.0   8.7 99.0 99.00 
2024 04 08 11 10 321 12.3 15.5  2.93  7.14  6.17 322 1018.8  10.9 999.0   8.5 99.0 99.00 
2024 04 08 11 20 320 12.4 16.7 99.00 99.00 99.00 999 1018.7  11.0 999.0   8.6 99.0 99.00 
2024 04 08 11 30 322 11.7 14.8 99.00 99.00 99.00 999 1018.6  11.0 999.0   8.8 99.0 99.00 
2024 04 08 11 40 323 11.8 14.8  2.72  6.67  6.05 319 1018.6  10.9 999.0   8.6 99.0 99.00 
2024 04 08 11 50 322 12.4 15.4 99.00 99.00 99.00 999 1018.7  10.9 999.0   8.2 99.0 99.00 
2024 04 08 12 00 322 12.0 15.1 99.00 99.00 99.00 999 1018.7  11.0 999.0   8.4 99.0 99.00 
2024 04 08 12 10 321 11.8 14.6  2.60  6.67  5.97 319 1018.7  10.9 999.0   8.4 99.0 99.00 
2024 04 08 12 20 321 12.1 14.8 99.00 99.00 99.00 999 1018.8  10.9 999.0   8.4 99.0 99.00 
2024 04 08 12 30 322 11.5 14.8 99.00 99.00 99.00 999 1018.8  10.9 999.0   8.5 99.0 99.00 
2024 04 08 12 40 322 11.7 15.1  2.64  6.67  6.05 313 1018.9  10.9 999.0   8.4 99.0 99.00 
2024 04 08 12 50 321 11.9 14.8 99.00 99.00 99.00 999 1018.9  10.9 999.0   8.4 99.0 99.00 
2024 04 08 13 00 319 11.6 14.8 99.00 99.00 99.00 999 1019.0  10.9 999.0   8.5 99.0 99.00 
2024 04 08 13 10 320 11.7 15.0  2.70  7.14  5.94 313 1019.0  10.8 999.0   8.3 99.0 99.00 
2024 04 08 13 20 318 11.8 15.1 99.00 99.00 99.00 999 1019.1  10.9 999.0   8.5 99.0 99.00 
2024 04 08 13 30 320 12.2 14.8 99.00 99.00 99.00 999 1019.2  10.8 999.0   8.3 99.0 99.00 
2024 04 08 13 40 320 12.1 15.1  2.46  6.67  5.79 320 1019.3  10.9 999.0   8.4 99.0 99.00 
2024 04 08 13 50 319 12.4 16.0 99.00 99.00 99.00 999 1019.2  10.9 999.0   8.4 99.0 99.00 
2024 04 08 14 00 319 12.8 16.2 99.00 99.00 99.00 999 1019.4  10.9 999.0   8.4 99.0 99.00 
2024 04 08 14 10 320 12.4 15.7  2.37 12.90  5.63 309 1019.5  10.8 999.0   8.3 99.0 99.00 
2024 04 08 14 20 319 12.3 15.6 99.00 99.00 99.00 999 1019.6  10.9 999.0   8.4 99.0 99.00 
2024 04 08 14 30 318 12.3 15.0 99.00 99.00 99.00 999 1019.7  10.8 999.0   8.4 99.0 99.00 
2024 04 08 14 40 319 12.0 15.2  2.47  6.67  5.99 314 1019.7  10.9 999.0   8.4 99.0 99.00 
2024 04 08 14 50 320 11.8 14.8 99.00 99.00 99.00 999 1019.8  10.9 999.0   8.3 99.0 99.00 
2024 04 08 15 00 319 11.9 15.1 99.00 99.00 99.00 999 1019.9  10.9 999.0   8.2 99.0 99.00 
2024 04 08 15 10 320 11.6 14.5  2.54  8.33  6.00 313 1019.9  10.9 999.0   8.4 99.0 99.00 
2024 04 08 15 20 321 11.1 14.3 99.00 99.00 99.00 999 1019.9  11.0 999.0   8.6 99.0 99.00 
2024 04 08 15 30 320 11.3 14.3 99.00 99.00 99.00 999 1019.9  10.9 999.0   8.5 99.0 99.00 
2024 04 08 15 40 321 11.0 13.9  2.38  7.69  5.97 316 1020.0  10.9 999.0   8.4 99.0 99.00 
2024 04 08 15 50 321 11.2 14.1 99.00 99.00 99.00 999 1020.0  11.0 999.0   8.4 99.0 99.00 
2024 04 08 16 00 319 11.5 14.2 99.00 99.00 99.00 999 1020.0  10.9 999.0   8.3 99.0 99.00 
2024 04 08 16 10 320 11.2 13.8  2.56  7.14  6.09 311 1020.1  11.0 999.0   8.5 99.0 99.00 
2024 04 08 16 20 320 11.5 14.2 99.00 99.00 99.00 999 1020.2  11.0 999.0   8.5 99.0 99.00 
2024 04 08 16 30 318 11.5 14.8 99.00 99.00 99.00 999 1020.2  11.0 999.0   8.5 99.0 99.00 
2024 04 08 16 40 317 11.2 14.6  2.35  7.14  5.92 318 1020.2  11.0 999.0   8.5 99.0 99.00 
2024 04 08 16 50 318 11.3 13.9 99.00 99.00 99.00 999 1020.1  11.0 999.0   8.5 99.0 99.00 
2024 04 08 17 00 316 11.5 13.9 99.00 99.00 99.00 999 1020.2  11.0 999.0   8.4 99.0 99.00 
2024 04 08 17 10 317 11.2 14.7  2.44 10.81  5.94 319 1020.2  11.0 999.0   8.5 99.0 99.00 
2024 04 08 17 20 317 11.3 14.1 99.00 99.00 99.00 999 1020.3  11.0 999.0   8.5 99.0 99.00 
2024 04 08 17 30 318 11.8 14.6 99.00 99.00 99.00 999 1020.3  11.0 999.0   8.5 99.0 99.00 
2024 04 08 17 40 318 11.5 14.5  2.55  8.33  5.97 319 1020.4  11.0 999.0   8.4 99.0 99.00 
2024 04 08 17 50 315 11.3 14.1 99.00 99.00 99.00 999 1020.4  11.1 999.0   8.6 99.0 99.00 
2024 04 08 18 00 316 11.2 13.9 99.00 99.00 99.00 999 1020.5  11.1 999.0   8.4 99.0 99.00 
2024 04 08 18 10 314 11.3 13.7  2.38  8.33  5.95 313 1020.5  11.1 999.0   8.4 99.0 99.00 
2024 04 08 18 20 316 10.4 13.4 99.00 99.00 99.00 999 1020.4  11.1 999.0   8.6 99.0 99.00 
2024 04 08 18 30 315 11.0 13.7 99.00 99.00 99.00 999 1020.4  11.1 999.0   8.6 99.0 99.00 
2024 04 08 18 40 316 10.9 13.6  2.52 12.12  6.08 315 1020.4  11.1 999.0   8.5 99.0 99.00 
2024 04 08 18 50 314 10.9 13.7 99.00 99.00 99.00 999 1020.4  11.1 999.0   8.6 99.0 99.00 
2024 04 08 19 00 314 10.6 13.3 99.00 99.00 99.00 999 1020.5  11.1 999.0   8.5 99.0 99.00 
2024 04 08 19 10 315 10.4 13.8  2.69 10.81  6.14 314 1020.4  11.2 999.0   8.6 99.0 99.00 
2024 04 08 19 20 316 10.4 12.7 99.00 99.00 99.00 999 1020.3  11.2 999.0   8.7 99.0 99.00 
2024 04 08 19 30 316 10.7 13.1 99.00 99.00 99.00 999 1020.3  11.2 999.0   8.8 99.0 99.00 
2024 04 08 19 40 316 10.7 14.1  2.74  7.14  6.30 319 1020.3  11.2 999.0   8.9 99.0 99.00 
2024 04 08 19 50 315 11.2 14.8 99.00 99.00 99.00 999 1020.2  11.2 999.0   8.9 99.0 99.00 
2024 04 08 20 00 317 10.8 13.6 99.00 99.00 99.00 999 1020.2  11.2 999.0   9.1 99.0 99.00 
2024 04 08 20 10 316 11.2 13.7  2.80  8.33  6.25 320 1020.2  11.2 999.0   9.3 99.0 99.00 
2024 04 08 20 20 316 11.3 13.5 99.00 99.00 99.00 999 1020.2  11.2 999.0   9.3 99.0 99.00 
2024 04 08 20 30 315 11.4 15.0 99.00 99.00 99.00 999 1020.1  11.2 999.0   9.4 99.0 99.00 
2024 04 08 20 40 315 11.9 14.8  2.67  7.69  6.07 318 1020.2  11.2 999.0   9.2 99.0 99.00 
2024 04 08 20 50 314 11.8 14.3 99.00 99.00 99.00 999 1020.2  11.2 999.0   9.3 99.0 99.00 
2024 04 08 21 00 313 11.6 14.3 99.00 99.00 99.00 999 1020.1  11.2 999.0   9.3 99.0 99.00 
2024 04 08 21 10 313 11.8 14.8  2.80  5.88  6.08 322 1020.0  11.2 999.0   9.3 99.0 99.00 
2024 04 08 21 20 311 12.3 14.9 99.00 99.00 99.00 999 1020.0  11.2 999.0   9.4 99.0 99.00 
2024 04 08 21 30 311 11.9 15.3 99.00 99.00 99.00 999 1020.0  11.1 999.0   9.3 99.0 99.00 
2024 04 08 21 40 315 11.6 14.2  2.80  9.09  6.22 313 1020.2  11.2 999.0   9.4 99.0 99.00 
2024 04 08 21 50 315 11.6 14.4 99.00 99.00 99.00 999 1020.0  11.2 999.0   9.4 99.0 99.00 
2024 04 08 22 00 312 10.9 14.2 99.00 99.00 99.00 999 1020.0  11.2 999.0   9.4 99.0 99.00 
2024 04 08 22 10 311 11.4 14.4  2.81  8.33  6.12 316 1019.8  11.2 999.0   9.4 99.0 99.00 
2024 04 08 22 20 313 11.6 14.8 99.00 99.00 99.00 999 1019.7  11.2 999.0   9.3 99.0 99.00 
2024 04 08 22 30 312 12.0 14.9 99.00 99.00 99.00 999 1019.6  11.3 999.0   9.4 99.0 99.00 
2024 04 08 22 40 313 11.6 14.5  2.86  7.69  6.11 317 1019.6  11.3 999.0   9.4 99.0 99.00 
2024 04 08 22 50 312 11.5 13.9 99.00 99.00 99.00 999 1019.4  11.3 999.0   9.4 99.0 99.00 
2024 04 08 23 00 312 11.4 14.4 99.00 99.00 99.00 999 1019.4  11.4 999.0   9.4 99.0 99.00 
2024 04 08 23 10 312 10.8 13.3  3.03  6.67  6.25 319 1019.4  11.4 999.0   9.5 99.0 99.00 
2024 04 08 23 20 313 11.4 14.1 99.00 99.00 99.00 999 1019.3  11.3 999.0   9.4 99.0 99.00 
2024 04 08 23 30 312 11.6 14.4 99.00 99.00 99.00 999 1019.3  11.3 999.0   9.4 99.0 99.00 
2024 04 08 23 40 312 11.8 14.3  2.84  7.69  6.26 317 1019.3  11.4 999.0   9.4 99.0 99.00 
2024 04 08 23 50 311 11.2 14.3 99.00 99.00 99.00 999 1019.3  11.4 999.0   9.3 99.0 99.00 
2024 04 09 00 00 314 11.5 14.3 99.00 99.00 99.00 999 1019.3  11.4 999.0   9.2 99.0 99.00 
2024 04 09 00 10 313 11.6 15.9  2.97  9.09  6.20 313 1019.3  11.5 999.0   9.3 99.0 99.00 
2024 04 09 00 20 314 11.9 15.5 99.00 99.00 99.00 999 1019.3  11.5 999.0   9.2 99.0 99.00 
2024 04 09 00 30 315 11.9 14.9 99.00 99.00 99.00 999 1019.3  11.5 999.0   9.2 99.0 99.00 
2024 04 09 00 40 313 11.5 14.6  3.18  7.69  6.31 319 1019.3  11.5 999.0   9.3 99.0 99.00 
2024 04 09 00 50 314 12.0 15.4 99.00 99.00 99.00 999 1019.3  11.5 999.0   9.2 99.0 99.00 
2024 04 09 01 00 314 12.1 15.8 99.00 99.00 99.00 999 1019.2  11.5 999.0   9.2 99.0 99.00 
2024 04 09 01 10 313 12.3 16.0  2.92  8.33  6.10 317 1019.2  11.5 999.0   9.1 99.0 99.00 
2024 04 09 01 20 313 12.4 15.6 99.00 99.00 99.00 999 1019.0  11.5 999.0   9.1 99.0 99.00 
2024 04 09 01 30 313 12.5 15.6 99.00 99.00 99.00 999 1019.0  11.5 999.0   9.1 99.0 99.00 
2024 04 09 01 40 313 12.5 16.2  3.08  8.33  6.16 312 1018.9  11.5 999.0   9.3 99.0 99.00 
2024 04 09 01 50 313 12.5 16.1 99.00 99.00 99.00 999 1018.9  11.5 999.0   9.4 99.0 99.00 
2024 04 09 02 00 312 12.5 15.8 99.00 99.00 99.00 999 1018.8  11.5 999.0   9.5 99.0 99.00 
2024 04 09 02 10 313 12.7 16.4  3.22  8.33  6.32 315 1018.7  11.5 999.0   9.6 99.0 99.00 
2024 04 09 02 20 314 12.6 16.5 99.00 99.00 99.00 999 1018.8  11.5 999.0   9.6 99.0 99.00 
2024 04 09 02 30 315 12.7 16.8 99.00 99.00 99.00 999 1018.8  11.4 999.0   9.5 99.0 99.00 
2024 04 09 02 40 315 12.0 15.6  3.06  7.69  6.28 313 1018.9  11.4 999.0   9.6 99.0 99.00 
2024 04 09 02 50 315 11.7 15.0 99.00 99.00 99.00 999 1018.8  11.4 999.0   9.6 99.0 99.00 
2024 04 09 03 00 315 12.3 15.1 99.00 99.00 99.00 999 1018.8  11.4 999.0   9.7 99.0 99.00 
2024 04 09 03 10 316 12.9 16.8  3.11  7.14  6.33 322 1018.7  11.4 999.0   9.7 99.0 99.00 
2024 04 09 03 20 316 12.8 16.1 99.00 99.00 99.00 999 1018.8  11.4 999.0   9.8 99.0 99.00 
2024 04 09 03 30 315 13.1 16.7 99.00 99.00 99.00 999 1018.9  11.4 999.0   9.8 99.0 99.00 
2024 04 09 03 40 316 12.7 16.5  2.79  7.14  5.98 320 1019.0  11.4 999.0   9.9 99.0 99.00 
2024 04 09 03 50 315 12.7 15.9 99.00 99.00 99.00 999 1019.1  11.4 999.0  10.0 99.0 99.00 
2024 04 09 04 00 315 12.6 15.4 99.00 99.00 99.00 999 1019.2  11.3 999.0   9.9 99.0 99.00 
2024 04 09 04 10 316 12.5 15.5  2.94  8.33  6.21 316 1019.4  11.3 999.0   9.9 99.0 99.00 
2024 04 09 04 20 317 12.5 15.1 99.00 99.00 99.00 999 1019.4  11.3 999.0  10.0 99.0 99.00 
2024 04 09 04 30 315 12.3 15.4 99.00 99.00 99.00 999 1019.4  11.3 999.0  10.0 99.0 99.00 
2024 04 09 04 40 316 12.4 15.4  2.70  8.33  6.07 319 1019.6  11.3 999.0  10.0 99.0 99.00 
2024 04 09 04 50 314 12.3 15.7 99.00 99.00 99.00 999 1019.7  11.3 999.0  10.0 99.0 99.00 
2024 04 09 05 00 313 12.0 14.6 99.00 99.00 99.00 999 1019.7  11.3 999.0  10.0 99.0 99.00 
2024 04 09 05 10 313 12.2 15.4  2.59  7.69  5.97 308 1019.7  11.3 999.0  10.1 99.0 99.00 
2024 04 09 05 20 313 12.7 15.4 99.00 99.00 99.00 999 1019.7  11.3 999.0  10.1 99.0 99.00 
2024 04 09 05 30 314 12.2 15.7 99.00 99.00 99.00 999 1019.7  11.3 999.0  10.2 99.0 99.00 
2024 04 09 05 40 314 12.5 15.4  2.50  7.69  5.97 314 1019.7  11.3 999.0  10.2 99.0 99.00 
2024 04 09 05 50 314 11.9 14.2 99.00 99.00 99.00 999 1019.7  11.3 999.0  10.2 99.0 99.00 
2024 04 09 06 00 313 11.5 14.1 99.00 99.00 99.00 999 1019.7  11.2 999.0  10.1 99.0 99.00 
2024 04 09 06 10 313 11.3 14.3  2.63  8.33  6.05 310 1019.6  11.2 999.0  10.1 99.0 99.00 
2024 04 09 06 20 314 11.8 14.5 99.00 99.00 99.00 999 1019.7  11.2 999.0  10.1 99.0 99.00 
2024 04 09 06 30 313 11.8 15.3 99.00 99.00 99.00 999 1019.7  11.2 999.0  10.1 99.0 99.00 
2024 04 09 06 40 313 11.5 14.3  2.72  9.09  6.15 314 1019.6  11.2 999.0  10.1 99.0 99.00 
2024 04 09 06 50 315 11.7 14.6 99.00 99.00 99.00 999 1019.7  11.2 999.0  10.1 99.0 99.00 
2024 04 09 07 00 314 11.6 15.7 99.00 99.00 99.00 999 1019.6  11.2 999.0  10.1 99.0 99.00 
2024 04 09 07 10 315 12.0 14.9  2.78  8.33  6.19 315 1019.7  11.2 999.0  10.1 99.0 99.00 
2024 04 09 07 20 313 11.7 14.7 99.00 99.00 99.00 999 1019.7  11.1 999.0  10.1 99.0 99.00 
2024 04 09 07 30 315 11.4 14.4 99.00 99.00 99.00 999 1019.7  11.1 999.0  10.1 99.0 99.00 
2024 04 09 07 40 314 11.4 14.2  2.78  9.09  6.28 317 1019.8  11.1 999.0  10.1 99.0 99.00 
2024 04 09 07 50 316 11.5 14.4 99.00 99.00 99.00 999 1019.8  11.1 999.0  10.0 99.0 99.00 
2024 04 09 08 00 315 11.4 13.9 99.00 99.00 99.00 999 1019.9  11.1 999.0  10.0 99.0 99.00 
2024 04 09 08 10 315 10.9 13.2  2.67  7.69  6.15 322 1019.9  11.1 999.0  10.0 99.0 99.00 
2024 04 09 08 20 317 10.7 13.2 99.00 99.00 99.00 999 1019.9  11.1 999.0  10.0 99.0 99.00 
2024 04 09 08 30 316 10.6 13.3 99.00 99.00 99.00 999 1019.8  11.1 999.0  10.0 99.0 99.00 
2024 04 09 08 40 315 11.0 13.7  2.75  8.33  6.32 319 1019.7  11.1 999.0  10.0 99.0 99.00 
2024 04 09 08 50 316 11.2 13.8 99.00 99.00 99.00 999 1019.7  11.1 999.0  10.0 99.0 99.00 
2024 04 09 09 00 316 10.8 13.3 99.00 99.00 99.00 999 1019.6  11.1 999.0  10.0 99.0 99.00 
2024 04 09 09 10 320 10.5 13.0  2.92  8.33  6.51 313 1019.5  11.1 999.0  10.0 99.0 99.00 
2024 04 09 09 20 320 10.3 12.9 99.00 99.00 99.00 999 1019.4  11.1 999.0   9.9 99.0 99.00 
2024 04 09 09 30 319  9.5 11.5 99.00 99.00 99.00 999 1019.5  11.2 999.0   9.9 99.0 99.00 
2024 04 09 09 40 317  8.6 10.9  2.83  8.33  6.49 313 1019.5  11.2 999.0   9.8 99.0 99.00 
2024 04 09 09 50 319  8.5 11.0 99.00 99.00 99.00 999 1019.4  11.3 999.0   9.9 99.0 99.00 
2024 04 09 10 00 320  8.4 11.6 99.00 99.00 99.00 999 1019.4  11.3 999.0   9.9 99.0 99.00 
2024 04 09 10 10 316  8.6 11.2  2.55  8.33  6.32 315 1019.4  11.3 999.0   9.8 99.0 99.00 
2024 04 09 10 20 316  8.6 11.9 99.00 99.00 99.00 999 1019.5  11.2 999.0   9.9 99.0 99.00 
2024 04 09 10 30 317  8.6 11.4 99.00 99.00 99.00 999 1019.4  11.1 999.0  10.0 99.0 99.00 
2024 04 09 10 40 317  8.9 11.0  2.37  7.14  6.04 315 1019.6  11.1 999.0  10.1 99.0 99.00 
2024 04 09 10 50 321  9.0 11.2 99.00 99.00 99.00 999 1019.5  11.1 999.0  10.1 99.0 99.00 
2024 04 09 11 00 323  9.1 10.6 99.00 99.00 99.00 999 1019.6  11.1 999.0  10.1 99.0 99.00 
2024 04 09 11 10 324  9.4 12.6  2.58 11.43  6.27 313 1019.6  11.1 999.0  10.1 99.0 99.00 
2024 04 09 11 20 324  9.2 11.7 99.00 99.00 99.00 999 1019.7  11.1 999.0  10.1 99.0 99.00 
2024 04 09 11 30 325  9.3 11.5 99.00 99.00 99.00 999 1019.7  11.0 999.0  10.0 99.0 99.00 
2024 04 09 11 40 325  9.3 11.5  2.48  7.69  6.24 316 1019.6  11.0 999.0  10.0 99.0 99.00 
2024 04 09 11 50 325  9.3 11.3 99.00 99.00 99.00 999 1019.6  11.0 999.0  10.0 99.0 99.00 
2024 04 09 12 00 322  9.0 11.3 99.00 99.00 99.00 999 1019.7  11.0 999.0  10.0 99.0 99.00 
2024 04 09 12 10 324  9.0 11.1  2.55  7.14  6.17 317 1019.7  11.0 999.0  10.0 99.0 99.00 
2024 04 09 12 20 324  9.1 11.5 99.00 99.00 99.00 999 1019.7  11.0 999.0  10.0 99.0 99.00 
2024 04 09 12 30 326  9.1 11.3 99.00 99.00 99.00 999 1019.6  11.0 999.0  10.0 99.0 99.00 
2024 04 09 12 40 326  9.2 11.3  2.42 10.81  6.24 320 1019.6  11.0 999.0  10.0 99.0 99.00 
2024 04 09 12 50 325  8.8 11.3 99.00 99.00 99.00 999 1019.7  11.0 999.0  10.0 99.0 99.00 
2024 04 09 13 00 326  8.6 10.8 99.00 99.00 99.00 999 1019.8  11.0 999.0  10.0 99.0 99.00 
2024 04 09 13 10 327  8.3 11.0  2.34 12.12  6.12 308 1019.9  11.0 999.0  10.0 99.0 99.00 
2024 04 09 13 20 328  8.2 10.0 99.00 99.00 99.00 999 1020.0  11.0 999.0  10.0 99.0 99.00 
2024 04 09 13 30 328  7.4  9.7 99.00 99.00 99.00 999 1020.2  11.0 999.0  10.0 99.0 99.00 
2024 04 09 13 40 328  7.8  9.7  2.38 11.43  6.30 314 1020.2  11.0 999.0  10.0 99.0 99.00 
2024 04 09 13 50 327  8.0  9.8 99.00 99.00 99.00 999 1020.3  11.0 999.0  10.0 99.0 99.00 
2024 04 09 14 00 326  7.6  9.3 99.00 99.00 99.00 999 1020.6  11.0 999.0  10.1 99.0 99.00 
2024 04 09 14 10 328  7.9 10.0  2.47 10.81  6.36 307 1020.7  10.9 999.0  10.1 99.0 99.00 
2024 04 09 14 20 331  7.9  9.7 99.00 99.00 99.00 999 1020.7  10.9 999.0  10.1 99.0 99.00 
2024 04 09 14 30 331  8.1 10.2 99.00 99.00 99.00 999 1020.8  10.9 999.0  10.1 99.0 99.00 
2024 04 09 14 40 333  8.0 10.2  2.42 10.00  6.31 313 1020.9  10.9 999.0  10.1 99.0 99.00 
2024 04 09 14 50 334  7.8  9.8 99.00 99.00 99.00 999 1021.1  10.9 999.0  10.2 99.0 99.00 
2024 04 09 15 00 331  7.7  9.8 99.00 99.00 99.00 999 1021.2  11.0 999.0  10.3 99.0 99.00 
2024 04 09 15 10 328  8.0 10.0  2.48  7.14  6.18 307 1021.3  11.0 999.0  10.3 99.0 99.00 
2024 04 09 15 20 328  7.8  9.6 99.00 99.00 99.00 999 1021.4  11.0 999.0  10.3 99.0 99.00 
2024 04 09 15 30 328  7.7 10.1 99.00 99.00 99.00 999 1021.5  11.0 999.0  10.3 99.0 99.00 
2024 04 09 15 40 327  7.8 10.0  2.36 10.81  6.26 309 1021.5  11.0 999.0  10.3 99.0 99.00 
2024 04 09 15 50 326  7.7  9.6 99.00 99.00 99.00 999 1021.5  11.0 999.0  10.3 99.0 99.00 
2024 04 09 16 00 326  8.1 10.8 99.00 99.00 99.00 999 1021.5  11.0 999.0  10.3 99.0 99.00 
2024 04 09 16 10 327  8.0  9.8  2.50  7.69  6.38 311 1021.5  11.0 999.0  10.3 99.0 99.00 
2024 04 09 16 20 329  7.9  9.8 99.00 99.00 99.00 999 1021.5  11.0 999.0  10.3 99.0 99.00 
2024 04 09 16 30 328  7.9 10.1 99.00 99.00 99.00 999 1021.5  11.0 999.0  10.3 99.0 99.00 
2024 04 09 16 40 327  8.2 10.3  2.40 12.12  6.33 302 1021.5  11.0 999.0  10.3 99.0 99.00 
2024 04 09 16 50 325  8.4 10.5 99.00 99.00 99.00 999 1021.6  10.9 999.0  10.2 99.0 99.00 
2024 04 09 17 00 325  8.6 10.6 99.00 99.00 99.00 999 1021.6  10.9 999.0  10.2 99.0 99.00 
2024 04 09 17 10 324  9.0 11.2  2.43  9.09  6.27 302 1021.5  10.9 999.0  10.2 99.0 99.00 
2024 04 09 17 20 323  8.9 10.8 99.00 99.00 99.00 999 1021.6  10.9 999.0  10.2 99.0 99.00 
2024 04 09 17 30 322  9.0 11.2 99.00 99.00 99.00 999 1021.6  10.9 999.0  10.2 99.0 99.00 
2024 04 09 17 40 322  8.5 10.6  2.48 10.00  6.33 313 1021.7  10.9 999.0  10.2 99.0 99.00 
2024 04 09 17 50 320  8.6 10.6 99.00 99.00 99.00 999 1021.6  10.9 999.0  10.2 99.0 99.00 
2024 04 09 18 00 319  8.3 10.6 99.00 99.00 99.00 999 1021.8  10.9 999.0  10.2 99.0 99.00 
2024 04 09 18 10 318  8.3 10.6  2.44 10.81  6.52 317 1021.7  11.0 999.0  10.3 99.0 99.00 
2024 04 09 18 20 317  8.4 10.4 99.00 99.00 99.00 999 1021.8  11.0 999.0  10.3 99.0 99.00 
2024 04 09 18 30 317  8.3 10.3 99.00 99.00 99.00 999 1021.8  11.0 999.0  10.3 99.0 99.00 
2024 04 09 18 40 317  8.4 10.2  2.48 10.81  6.47 311 1021.8  11.0 999.0  10.3 99.0 99.00 
2024 04 09 18 50 320  8.2  9.9 99.00 99.00 99.00 999 1021.8  11.0 999.0  10.3 99.0 99.00 
2024 04 09 19 00 321  7.9  9.8 99.00 99.00 99.00 999 1021.8  11.0 999.0  10.3 99.0 99.00 
2024 04 09 19 10 322  8.0 10.2  2.67  8.33  6.68 307 1021.8  11.1 999.0  10.4 99.0 99.00 
2024 04 09 19 20 321  7.8  9.9 99.00 99.00 99.00 999 1021.8  11.1 999.0  10.4 99.0 99.00 
2024 04 09 19 30 321  7.5  9.2 99.00 99.00 99.00 999 1021.6  11.1 999.0  10.4 99.0 99.00 
2024 04 09 19 40 320  7.2  9.5  2.53 12.12  6.71 309 1021.6  11.1 999.0  10.4 99.0 99.00 
2024 04 09 19 50 321  7.2  9.0 99.00 99.00 99.00 999 1021.5  11.1 999.0  10.4 99.0 99.00 
2024 04 09 20 00 321  7.3  9.5 99.00 99.00 99.00 999 1021.5  11.1 999.0  10.4 99.0 99.00 
2024 04 09 20 10 321  6.8  8.6  2.51 11.43  6.82 308 1021.4  11.1 999.0  10.4 99.0 99.00 
2024 04 09 20 20 320  6.5  7.9 99.00 99.00 99.00 999 1021.4  11.1 999.0  10.4 99.0 99.00 
2024 04 09 20 30 314  6.8  8.8 99.00 99.00 99.00 999 1021.5  11.2 999.0  10.5 99.0 99.00 
2024 04 09 20 40 314  6.1  7.6  2.46  7.69  6.54 306 1021.5  11.2 999.0  10.5 99.0 99.00 
2024 04 09 20 50 317  6.2  7.6 99.00 99.00 99.00 999 1021.5  11.2 999.0  10.5 99.0 99.00 
2024 04 09 21 00 317  6.1  7.9 99.00 99.00 99.00 999 1021.6  11.2 999.0  10.5 99.0 99.00 
2024 04 09 21 10 314  6.4  8.2  2.43  7.69  6.53 310 1021.4  11.3 999.0  10.6 99.0 99.00 
2024 04 09 21 20 315  6.8  8.4 99.00 99.00 99.00 999 1021.3  11.3 999.0  10.6 99.0 99.00 
2024 04 09 21 30 317  7.2  9.0 99.00 99.00 99.00 999 1021.1  11.3 999.0  10.5 99.0 99.00 
2024 04 09 21 40 317  6.7  8.6  2.19 11.43  6.25 310 1021.2  11.3 999.0  10.5 99.0 99.00 
2024 04 09 21 50 316  6.5  8.1 99.00 99.00 99.00 999 1021.2  11.4 999.0  10.6 99.0 99.00 
2024 04 09 22 00 315  6.5  7.9 99.00 99.00 99.00 999 1021.2  11.4 999.0  10.6 99.0 99.00 
2024 04 09 22 10 318  6.4  8.5  2.19  8.33  6.28 306 1021.1  11.4 999.0  10.6 99.0 99.00 
2024 04 09 22 20 313  7.4  9.6 99.00 99.00 99.00 999 1020.9  11.4 999.0  10.6 99.0 99.00 
2024 04 09 22 30 312  8.2  9.8 99.00 99.00 99.00 999 1020.8  11.4 999.0  10.5 99.0 99.00 
2024 04 09 22 40 312  7.9 10.3  2.29 11.43  6.28 307 1020.8  11.4 999.0  10.6 99.0 99.00 
2024 04 09 22 50 310  7.5  9.5 99.00 99.00 99.00 999 1020.7  11.5 999.0  10.7 99.0 99.00 
2024 04 09 23 00 309  7.5  9.5 99.00 99.00 99.00 999 1020.5  11.5 999.0  10.7 99.0 99.00 
2024 04 09 23 10 309  7.6  9.7  2.25 10.81  6.61 308 1020.5  11.5 999.0  10.7 99.0 99.00 
2024 04 09 23 20 311  7.3  9.2 99.00 99.00 99.00 999 1020.4  11.5 999.0  10.6 99.0 99.00 
2024 04 09 23 30 314  7.3  9.5 99.00 99.00 99.00 999 1020.3  11.5 999.0  10.5 99.0 99.00 
2024 04 09 23 40 314  7.2  9.4  2.51 10.81  6.62 303 1020.2  11.5 999.0  10.5 99.0 99.00 
2024 04 09 23 50 312  7.1  9.2 99.00 99.00 99.00 999 1020.1  11.5 999.0  10.5 99.0 99.00 
2024 04 10 00 00 312  7.6 10.0 99.00 99.00 99.00 999 1019.9  11.5 999.0  10.5 99.0 99.00 
2024 04 10 00 10 312  8.3 10.7  2.58 10.81  6.10 314 1019.7  11.5 999.0  10.5 99.0 99.00 
2024 04 10 00 20 310  9.3 12.0 99.00 99.00 99.00 999 1019.6  11.5 999.0  10.5 99.0 99.00 
2024 04 10 00 30 309  9.6 12.7 99.00 99.00 99.00 999 1019.4  11.5 999.0  10.4 99.0 99.00 
2024 04 10 00 40 309 10.6 13.1  2.64 11.43  6.33 306 1019.4  11.5 999.0  10.4 99.0 99.00 
2024 04 10 00 50 307 10.1 12.5 99.00 99.00 99.00 999 1019.4  11.5 999.0  10.4 99.0 99.00 
2024 04 10 01 00 306 10.3 12.7 99.00 99.00 99.00 999 1019.4  11.5 999.0  10.5 99.0 99.00 
2024 04 10 01 10 306 10.3 12.9  2.66 11.43  6.19 315 1019.4  11.5 999.0  10.5 99.0 99.00 
2024 04 10 01 20 307 10.4 12.9 99.00 99.00 99.00 999 1019.5  11.5 999.0  10.5 99.0 99.00 
2024 04 10 01 30 306  9.9 12.2 99.00 99.00 99.00 999 1019.5  11.5 999.0  10.5 99.0 99.00 
2024 04 10 01 40 308 10.2 12.7  2.68 11.43  6.15 314 1019.4  11.5 999.0  10.5 99.0 99.00 
2024 04 10 01 50 309 10.7 13.1 99.00 99.00 99.00 999 1019.3  11.5 999.0  10.5 99.0 99.00 
2024 04 10 02 00 309 11.5 14.1 99.00 99.00 99.00 999 1019.1  11.5 999.0  10.5 99.0 99.00 
2024 04 10 02 10 310 11.6 14.3  2.59  6.67  6.12 317 1019.1  11.5 999.0  10.5 99.0 99.00 
2024 04 10 02 20 311 11.4 14.1 99.00 99.00 99.00 999 1019.1  11.5 999.0  10.5 99.0 99.00 
2024 04 10 02 30 309 11.6 14.3 99.00 99.00 99.00 999 1019.1  11.5 999.0  10.5 99.0 99.00 
2024 04 10 02 40 310 11.3 14.2  2.51  6.25  6.04 311 1019.3  11.5 999.0  10.5 99.0 99.00 
2024 04 10 02 50 312 11.0 13.4 99.00 99.00 99.00 999 1019.4  11.4 999.0  10.3 99.0 99.00 
2024 04 10 03 00 312 10.9 13.6 99.00 99.00 99.00 999 1019.5  11.4 999.0  10.3 99.0 99.00 
2024 04 10 03 10 311 10.8 13.2  2.60  7.14  6.19 316 1019.5  11.4 999.0  10.3 99.0 99.00 
2024 04 10 03 20 311 10.8 13.1 99.00 99.00 99.00 999 1019.6  11.4 999.0  10.4 99.0 99.00 
2024 04 10 03 30 309 11.0 13.8 99.00 99.00 99.00 999 1019.5  11.4 999.0  10.4 99.0 99.00 
2024 04 10 03 40 309 11.4 13.9  2.56 11.43  6.12 300 1019.7  11.4 999.0  10.4 99.0 99.00 
2024 04 10 03 50 311 10.9 13.6 99.00 99.00 99.00 999 1019.7  11.4 999.0  10.4 99.0 99.00 
2024 04 10 04 00 313 10.9 13.2 99.00 99.00 99.00 999 1019.7  11.4 999.0  10.4 99.0 99.00 
2024 04 10 04 10 315 10.8 13.6  2.77  8.33  6.32 305 1019.9  11.4 999.0  10.5 99.0 99.00 
2024 04 10 04 20 313 10.5 13.0 99.00 99.00 99.00 999 1020.0  11.4 999.0  10.5 99.0 99.00 
2024 04 10 04 30 313 10.3 12.9 99.00 99.00 99.00 999 1020.2  11.3 999.0  10.4 99.0 99.00 
2024 04 10 04 40 312 10.2 12.6  2.61 10.81  6.27 313 1020.2  11.3 999.0  10.4 99.0 99.00 
2024 04 10 04 50 311 10.5 14.0 99.00 99.00 99.00 999 1020.2  11.3 999.0  10.4 99.0 99.00 
2024 04 10 05 00 307 10.8 13.0 99.00 99.00 99.00 999 1020.1  11.3 999.0  10.5 99.0 99.00 
2024 04 10 05 10 305 11.1 14.0  2.80 11.43  6.53 308 1020.1  11.3 999.0  10.5 99.0 99.00 
2024 04 10 05 20 305 11.2 14.5 99.00 99.00 99.00 999 1020.1  11.3 999.0  10.5 99.0 99.00 
2024 04 10 05 30 309 10.9 13.1 99.00 99.00 99.00 999 1020.2  11.3 999.0  10.5 99.0 99.00 
2024 04 10 05 40 312 10.8 13.3  2.87  9.09  6.53 312 1020.1  11.3 999.0  10.5 99.0 99.00 
2024 04 10 05 50 313 10.5 12.9 99.00 99.00 99.00 999 1020.0  11.3 999.0  10.5 99.0 99.00 
2024 04 10 06 00 313 10.4 12.9 99.00 99.00 99.00 999 1019.9  11.2 999.0  10.5 99.0 99.00 
2024 04 10 06 10 311 10.5 13.4  2.69 17.39  6.46 310 1019.9  11.2 999.0  10.5 99.0 99.00 
2024 04 10 06 20 309 10.9 13.2 99.00 99.00 99.00 999 1019.9  11.2 999.0  10.5 99.0 99.00 
2024 04 10 06 30 308 10.6 13.2 99.00 99.00 99.00 999 1020.0  11.2 999.0  10.5 99.0 99.00 
2024 04 10 06 40 309  9.9 12.4  2.53  7.69  6.36 314 1020.0  11.2 999.0  10.5 99.0 99.00 
2024 04 10 06 50 309 10.3 12.8 99.00 99.00 99.00 999 1019.8  11.2 999.0  10.5 99.0 99.00 
2024 04 10 07 00 311 10.3 12.8 99.00 99.00 99.00 999 1019.7  11.1 999.0  10.4 99.0 99.00 
2024 04 10 07 10 312 10.2 12.6  2.81 11.43  6.70 310 1019.6  11.1 999.0  10.5 99.0 99.00 
2024 04 10 07 20 313  9.6 11.6 99.00 99.00 99.00 999 1019.6  11.1 999.0  10.6 99.0 99.00 
2024 04 10 07 30 314  9.6 12.0 99.00 99.00 99.00 999 1019.6  11.0 999.0  10.5 99.0 99.00 
2024 04 10 07 40 315  9.7 12.1  2.55 12.12  6.40 308 1019.6  11.0 999.0  10.5 99.0 99.00 
2024 04 10 07 50 315  9.8 12.4 99.00 99.00 99.00 999 1019.6  11.0 999.0  10.5 99.0 99.00 
2024 04 10 08 00 315  9.6 11.5 99.00 99.00 99.00 999 1019.6  11.0 999.0  10.5 99.0 99.00 
2024 04 10 08 10 315  9.4 12.0  2.67 11.43  6.77 312 1019.5  10.9 999.0  10.4 99.0 99.00 
2024 04 10 08 20 314  9.3 11.8 99.00 99.00 99.00 999 1019.5  10.9 999.0  10.4 99.0 99.00 
2024 04 10 08 30 316  9.1 11.7 99.00 99.00 99.00 999 1019.4  10.9 999.0  10.4 99.0 99.00 
2024 04 10 08 40 315  8.3 10.5  2.66  9.09  6.94 310 1019.4  10.9 999.0  10.4 99.0 99.00 
2024 04 10 08 50 314  8.4 10.4 99.00 99.00 99.00 999 1019.4  10.9 999.0  10.4 99.0 99.00 
2024 04 10 09 00 312  8.3 10.3 99.00 99.00 99.00 999 1019.4  10.9 999.0  10.4 99.0 99.00 
2024 04 10 09 10 311  7.8 10.0  2.59 12.12  7.10 307 1019.3  10.9 999.0  10.4 99.0 99.00 
2024 04 10 09 20 314  7.5  9.6 99.00 99.00 99.00 999 1019.2  10.9 999.0  10.4 99.0 99.00 
2024 04 10 09 30 320  7.3  9.3 99.00 99.00 99.00 999 1019.2  10.9 999.0  10.4 99.0 99.00 
2024 04 10 09 40 320  7.2  9.3  2.65 11.43  7.02 310 1019.2  10.9 999.0  10.4 99.0 99.00 
2024 04 10 09 50 326  6.7  8.7 99.00 99.00 99.00 999 1019.2  10.8 999.0  10.3 99.0 99.00 
2024 04 10 10 00 329  6.1  7.9 99.00 99.00 99.00 999 1019.3  10.8 999.0  10.3 99.0 99.00 
2024 04 10 10 10 331  5.5  7.1  2.81 11.43  7.30 308 1019.3  10.8 999.0  10.3 99.0 99.00 
2024 04 10 10 20 330  5.2  7.1 99.00 99.00 99.00 999 1019.4  10.8 999.0  10.3 99.0 99.00 
2024 04 10 10 30 329  4.7  6.5 99.00 99.00 99.00 999 1019.3  10.8 999.0  10.3 99.0 99.00 
2024 04 10 10 40 327  4.5  5.9  2.74 12.12  7.21 311 1019.3  10.8 999.0  10.3 99.0 99.00 
2024 04 10 10 50 332  4.6  6.7 99.00 99.00 99.00 999 1019.2  10.7 999.0  10.2 99.0 99.00 
2024 04 10 11 00 333  4.8  6.4 99.00 99.00 99.00 999 1019.2  10.7 999.0  10.2 99.0 99.00 
2024 04 10 11 10 330  5.1  6.5  2.46  7.69  6.70 313 1019.2  10.7 999.0  10.2 99.0 99.00 
2024 04 10 11 20 331  4.6  6.4 99.00 99.00 99.00 999 1019.3  10.7 999.0  10.2 99.0 99.00 
2024 04 10 11 30 332  4.1  5.8 99.00 99.00 99.00 999 1019.3  10.7 999.0  10.2 99.0 99.00 
2024 04 10 11 40 327  4.5  6.1  2.66 11.43  7.01 300 1019.3  10.7 999.0  10.2 99.0 99.00 
2024 04 10 11 50 324  5.5  7.3 99.00 99.00 99.00 999 1019.2  10.7 999.0  10.2 99.0 99.00 
2024 04 10 12 00 325  6.0  8.1 99.00 99.00 99.00 999 1019.1  10.7 999.0  10.3 99.0 99.00 
2024 04 10 12 10 322  5.8  7.8  2.68 10.81  7.22 310 1019.1  10.6 999.0  10.2 99.0 99.00 
2024 04 10 12 20 319  5.7  7.6 99.00 99.00 99.00 999 1019.1  10.6 999.0  10.2 99.0 99.00 
2024 04 10 12 30 317  5.7  7.2 99.00 99.00 99.00 999 1019.2  10.6 999.0  10.2 99.0 99.00 
2024 04 10 12 40 308  6.3  8.2  2.52 11.43  7.01 303 1019.1  10.6 999.0  10.2 99.0 99.00 
2024 04 10 12 50 314  6.1  8.1 99.00 99.00 99.00 999 1019.1  10.6 999.0  10.2 99.0 99.00 
2024 04 10 13 00 323  6.0  7.7 99.00 99.00 99.00 999 1019.2  10.6 999.0  10.2 99.0 99.00 
2024 04 10 13 10 326  6.3  8.1  2.54  8.33  6.76 307 1019.2  10.6 999.0  10.2 99.0 99.00 
2024 04 10 13 20 331  6.0  7.4 99.00 99.00 99.00 999 1019.2  10.5 999.0  10.1 99.0 99.00 
2024 04 10 13 30 331  5.8  7.9 99.00 99.00 99.00 999 1019.2  10.4 999.0  10.0 99.0 99.00 
2024 04 10 13 40 332  5.3  7.4  2.71 11.43  7.37 306 1019.3  10.4 999.0  10.0 99.0 99.00 
2024 04 10 13 50 335  4.3  6.2 99.00 99.00 99.00 999 1019.3  10.2 999.0   9.9 99.0 99.00 
2024 04 10 14 00 340  4.3  6.1 99.00 99.00 99.00 999 1019.4   9.9 999.0   9.7 99.0 99.00 
2024 04 10 14 10 347  3.9  5.0  2.77 11.43  7.36 306 1019.4   9.7 999.0   9.5 99.0 99.00 
2024 04 10 14 20 356  3.2  5.0 99.00 99.00 99.00 999 1019.4   9.4 999.0   9.3 99.0 99.00 
2024 04 10 14 30  18  2.0  2.9 99.00 99.00 99.00 999 1019.5   9.2 999.0   9.1 99.0 99.00 
2024 04 10 14 40  28  1.4  3.0  2.59 16.00  7.23 293 1019.5   9.1 999.0   9.0 99.0 99.00 
2024 04 10 14 50  61  0.9  2.6 99.00 99.00 99.00 999 1019.7   9.2 999.0   9.1 99.0 99.00 
2024 04 10 15 00  88  1.5  3.5 99.00 99.00 99.00 999 1019.8   9.1 999.0   9.0 99.0 99.00 
2024 04 10 15 10 102  1.8  4.0  2.58 16.00  7.48 290 1019.7   9.1 999.0   9.0 99.0 99.00 
2024 04 10 15 20 111  1.8  4.1 99.00 99.00 99.00 999 1019.9   9.2 999.0   9.1 99.0 99.00 
2024 04 10 15 30 101  1.9  3.8 99.00 99.00 99.00 999 1019.9   9.2 999.0   9.1 99.0 99.00 
2024 04 10 15 40 103  1.8  4.0  2.55 10.81  7.29 305 1020.0   9.3 999.0   9.2 99.0 99.00 
2024 04 10 15 50 109  1.5  4.2 99.00 99.00 99.00 999 1020.1   9.3 999.0   9.2 99.0 99.00 
2024 04 10 16 00 113  1.6  3.5 99.00 99.00 99.00 999 1020.1   9.3 999.0   9.2 99.0 99.00 
2024 04 10 16 10  98  1.2  3.0  2.75 16.00  7.81 285 1020.2   9.4 999.0   9.3 99.0 99.00 
2024 04 10 16 20  96  1.0  3.0 99.00 99.00 99.00 999 1020.2   9.4 999.0   9.3 99.0 99.00 
2024 04 10 16 30 103  0.5  2.7 99.00 99.00 99.00 999 1020.2   9.6 999.0   9.5 99.0 99.00 
2024 04 10 16 40  47  0.2  0.9  2.61 16.00  7.76 302 1020.3   9.6 999.0   9.5 99.0 99.00 
2024 04 10 16 50 335  0.3  1.8 99.00 99.00 99.00 999 1020.2   9.7 999.0   9.5 99.0 99.00 
2024 04 10 17 00 326  1.0  2.4 99.00 99.00 99.00 999 1020.4   9.5 999.0   9.3 99.0 99.00 
2024 04 10 17 10 318  1.6  2.8  2.34 16.00  7.37 286 1020.6   9.3 999.0   9.1 99.0 99.00 
2024 04 10 17 20 321  1.3  2.5 99.00 99.00 99.00 999 1020.6   9.3 999.0   9.1 99.0 99.00 
2024 04 10 17 30 332  1.4  2.5 99.00 99.00 99.00 999 1020.7   9.2 999.0   9.0 99.0 99.00 
2024 04 10 17 40 339  1.3  2.8  2.43 16.00  7.41 310 1020.8   9.2 999.0   9.0 99.0 99.00 
2024 04 10 17 50   9  1.1  2.5 99.00 99.00 99.00 999 1020.8   9.2 999.0   9.0 99.0 99.00 
2024 04 10 18 00  21  0.9  2.3 99.00 99.00 99.00 999 1020.8   9.2 999.0   9.0 99.0 99.00 
2024 04 10 18 10  17  0.7  1.4  2.63 16.00  7.88 307 1020.9   9.3 999.0   9.1 99.0 99.00 
2024 04 10 18 20 352  0.6  1.4 99.00 99.00 99.00 999 1020.9   9.4 999.0   9.2 99.0 99.00 
2024 04 10 18 30 327  0.9  2.0 99.00 99.00 99.00 999 1020.8   9.4 999.0   9.2 99.0 99.00 
2024 04 10 18 40 332  0.9  2.3  2.42 16.00  7.83 308 1020.9   9.4 999.0   9.2 99.0 99.00 
2024 04 10 18 50 346  0.7  2.2 99.00 99.00 99.00 999 1020.8   9.6 999.0   9.4 99.0 99.00 
2024 04 10 19 00 344  0.6  1.5 99.00 99.00 99.00 999 1020.8   9.9 999.0   9.7 99.0 99.00 
2024 04 10 19 10 351  0.8  1.7  2.28 16.00  7.81 306 1020.8  10.0 999.0   9.8 99.0 99.00 
2024 04 10 19 20 353  0.7  1.8 99.00 99.00 99.00 999 1020.7  10.1 999.0   9.7 99.0 99.00 
2024 04 10 19 30 344  1.1  2.3 99.00 99.00 99.00 999 1020.6  10.2 999.0   9.8 99.0 99.00 
2024 04 10 19 40 337  1.4  3.0  2.26 11.43  7.81 317 1020.6  10.4 999.0  10.0 99.0 99.00 
2024 04 10 19 50 328  2.5  4.0 99.00 99.00 99.00 999 1020.5  10.4 999.0  10.0 99.0 99.00 
2024 04 10 20 00 331  2.7  3.9 99.00 99.00 99.00 999 1020.5  10.4 999.0  10.0 99.0 99.00 
2024 04 10 20 10 328  3.1  4.4  2.53 16.00  8.20 304 1020.5  10.2 999.0   9.8 99.0 99.00 
2024 04 10 20 20 332  3.0  4.9 99.00 99.00 99.00 999 1020.5   9.9 999.0   9.5 99.0 99.00 
2024 04 10 20 30 338  3.0  4.3 99.00 99.00 99.00 999 1020.4   9.8 999.0   9.5 99.0 99.00 
2024 04 10 20 40 338  2.7  4.2  2.72 16.00  8.73 306 1020.4   9.9 999.0   9.7 99.0 99.00 
2024 04 10 20 50 343  2.6  4.0 99.00 99.00 99.00 999 1020.3  10.0 999.0   9.8 99.0 99.00 
2024 04 10 21 00 341  2.4  3.8 99.00 99.00 99.00 999 1020.3  10.2 999.0   9.9 99.0 99.00 
2024 04 10 21 10 330  2.2  3.6  2.61 11.43  8.33 307 1020.1  10.3 999.0   9.9 99.0 99.00 
2024 04 10 21 20 318  2.3  5.5 99.00 99.00 99.00 999 1020.0  10.7 999.0  10.3 99.0 99.00 
2024 04 10 21 30 322  4.6  6.2 99.00 99.00 99.00 999 1019.9  11.3 999.0  10.9 99.0 99.00 
2024 04 10 21 40 319  4.8  6.1  2.39 16.00  8.05 302 1019.8  11.3 999.0  10.9 99.0 99.00 
2024 04 10 21 50 320  5.0  6.6 99.00 99.00 99.00 999 1019.6  11.3 999.0  10.9 99.0 99.00 
2024 04 10 22 00 322  5.5  7.1 99.00 99.00 99.00 999 1019.5  11.3 999.0  10.9 99.0 99.00 
2024 04 10 22 10 322  5.9  7.7  2.56 16.00  8.71 310 1019.5  11.3 999.0  10.8 99.0 99.00 
2024 04 10 22 20 320  6.1  8.0 99.00 99.00 99.00 999 1019.5  11.3 999.0  10.8 99.0 99.00 
2024 04 10 22 30 319  6.7  8.2 99.00 99.00 99.00 999 1019.4  11.2 999.0  10.7 99.0 99.00 
2024 04 10 22 40 319  6.8  8.7  2.57 14.81  8.45 308 1019.2  11.2 999.0  10.7 99.0 99.00 
2024 04 10 22 50 321  7.2  9.1 99.00 99.00 99.00 999 1019.0  11.2 999.0  10.7 99.0 99.00 
2024 04 10 23 00 323  6.9  9.1 99.00 99.00 99.00 999 1018.9  11.3 999.0  10.8 99.0 99.00 
2024 04 10 23 10 322  7.1  8.8  2.67 14.81  8.29 315 1018.7  11.3 999.0  10.8 99.0 99.00 
2024 04 10 23 20 322  7.4  9.5 99.00 99.00 99.00 999 1018.5  11.3 999.0  10.8 99.0 99.00 
2024 04 10 23 30 319  7.6  9.4 99.00 99.00 99.00 999 1018.5  11.3 999.0  10.8 99.0 99.00 
2024 04 10 23 40 317  7.7  9.6  2.68 16.00  8.04 311 1018.5  11.3 999.0  10.8 99.0 99.00 
2024 04 10 23 50 315  7.6  9.5 99.00 99.00 99.00 999 1018.4  11.3 999.0  10.7 99.0 99.00 
2024 04 11 00 00 315  7.9  9.9 99.00 99.00 99.00 999 1018.4  11.3 999.0  10.7 99.0 99.00 
2024 04 11 00 10 317  8.3 10.5  2.58 14.81  7.80 307 1018.3  11.3 999.0  10.6 99.0 99.00 
2024 04 11 00 20 317  8.6 10.7 99.00 99.00 99.00 999 1018.2  11.3 999.0  10.6 99.0 99.00 
2024 04 11 00 30 317  8.5 10.9 99.00 99.00 99.00 999 1018.2  11.3 999.0  10.6 99.0 99.00 
2024 04 11 00 40 318  8.7 10.7  2.47 14.81  7.32 310 1018.1  11.3 999.0  10.6 99.0 99.00 
2024 04 11 00 50 319  9.0 11.0 99.00 99.00 99.00 999 1018.0  11.3 999.0  10.6 99.0 99.00 
2024 04 11 01 00 318  9.1 11.2 99.00 99.00 99.00 999 1017.9  11.3 999.0  10.6 99.0 99.00 
2024 04 11 01 10 318  9.1 11.3  2.50 14.81  7.40 312 1017.8  11.3 999.0  10.5 99.0 99.00 
2024 04 11 01 20 319  9.2 11.5 99.00 99.00 99.00 999 1017.6  11.3 999.0  10.6 99.0 99.00 
2024 04 11 01 30 320  9.1 11.2 99.00 99.00 99.00 999 1017.5  11.2 999.0  10.5 99.0 99.00 
2024 04 11 01 40 318  9.7 12.0  3.04 13.79  7.68 313 1017.4  11.2 999.0  10.4 99.0 99.00 
2024 04 11 01 50 316  9.8 12.2 99.00 99.00 99.00 999 1017.3  11.2 999.0  10.4 99.0 99.00 
2024 04 11 02 00 316  9.8 12.2 99.00 99.00 99.00 999 1017.2  11.2 999.0  10.4 99.0 99.00 
2024 04 11 02 10 317  9.3 12.3  3.00 12.90  7.31 308 1017.2  11.2 999.0  10.4 99.0 99.00 
2024 04 11 02 20 316  9.4 11.6 99.00 99.00 99.00 999 1017.2  11.2 999.0  10.4 99.0 99.00 
2024 04 11 02 30 317  9.3 11.4 99.00 99.00 99.00 999 1017.1  11.2 999.0  10.5 99.0 99.00 
2024 04 11 02 40 317  9.2 11.6  2.75 14.81  6.92 305 1017.0  11.2 999.0  10.5 99.0 99.00 
2024 04 11 02 50 317  9.2 11.6 99.00 99.00 99.00 999 1017.0  11.1 999.0  10.4 99.0 99.00 
2024 04 11 03 00 315  9.8 12.1 99.00 99.00 99.00 999 1017.1  11.1 999.0  10.4 99.0 99.00 
2024 04 11 03 10 315  9.4 11.4  2.71 14.81  6.94 313 1017.1  11.1 999.0  10.4 99.0 99.00 
2024 04 11 03 20 315  9.4 11.5 99.00 99.00 99.00 999 1017.2  11.1 999.0  10.4 99.0 99.00 
2024 04 11 03 30 315  8.8 10.9 99.00 99.00 99.00 999 1017.2  11.1 999.0  10.4 99.0 99.00 
2024 04 11 03 40 315  8.8 11.0  2.86 14.81  6.87 314 1017.3  11.1 999.0  10.4 99.0 99.00 
2024 04 11 03 50 315  9.0 11.1 99.00 99.00 99.00 999 1017.3  11.2 999.0  10.5 99.0 99.00 
2024 04 11 04 00 315  9.4 11.6 99.00 99.00 99.00 999 1017.2  11.2 999.0  10.5 99.0 99.00 
2024 04 11 04 10 315  9.4 11.6  2.85 13.79  6.99 315 1017.2  11.2 999.0  10.5 99.0 99.00 
2024 04 11 04 20 317  9.4 11.8 99.00 99.00 99.00 999 1017.2  11.2 999.0  10.4 99.0 99.00 
2024 04 11 04 30 317  9.3 11.8 99.00 99.00 99.00 999 1017.2  11.2 999.0  10.4 99.0 99.00 
2024 04 11 04 40 318  9.6 12.2  2.86 14.81  6.94 317 1017.2  11.2 999.0  10.4 99.0 99.00 
2024 04 11 04 50 318  9.6 12.3 99.00 99.00 99.00 999 1017.2  11.2 999.0  10.4 99.0 99.00 
2024 04 11 05 00 317  9.5 12.1 99.00 99.00 99.00 999 1017.1  11.2 999.0  10.5 99.0 99.00 
2024 04 11 05 10 319  9.7 12.2  2.73 13.79  6.93 302 1017.1  11.2 999.0  10.5 99.0 99.00 
2024 04 11 05 20 321  9.3 12.0 99.00 99.00 99.00 999 1017.1  11.2 999.0  10.5 99.0 99.00 
2024 04 11 05 30 321  9.4 12.1 99.00 99.00 99.00 999 1017.1  11.2 999.0  10.5 99.0 99.00 
2024 04 11 05 40 319  9.6 12.0  2.74 14.81  6.87 296 1016.9  11.1 999.0  10.4 99.0 99.00 
2024 04 11 05 50 318  9.6 12.2 99.00 99.00 99.00 999 1016.9  11.1 999.0  10.4 99.0 99.00 
2024 04 11 06 00 317  9.2 11.6 99.00 99.00 99.00 999 1016.9  11.1 999.0  10.4 99.0 99.00 
2024 04 11 06 10 315  9.8 12.4  2.81 12.12  7.03 317 1016.7  11.1 999.0  10.4 99.0 99.00 
2024 04 11 06 20 315  9.9 12.2 99.00 99.00 99.00 999 1016.7  11.1 999.0  10.4 99.0 99.00 
2024 04 11 06 30 317  9.3 11.7 99.00 99.00 99.00 999 1016.7  11.1 999.0  10.4 99.0 99.00 
2024 04 11 06 40 318  9.2 11.2  2.92 14.81  7.03 307 1016.7  11.1 999.0  10.4 99.0 99.00 
2024 04 11 06 50 320  8.9 11.2 99.00 99.00 99.00 999 1016.6  11.1 999.0  10.4 99.0 99.00 
2024 04 11 07 00 318  8.7 10.7 99.00 99.00 99.00 999 1016.5  11.1 999.0  10.4 99.0 99.00 
2024 04 11 07 10 315  9.4 11.7  2.90 11.43  6.99 316 1016.3  11.1 999.0  10.4 99.0 99.00 
2024 04 11 07 20 314  9.6 12.1 99.00 99.00 99.00 999 1016.3  11.1 999.0  10.4 99.0 99.00 
2024 04 11 07 30 314  9.8 12.4 99.00 99.00 99.00 999 1016.1  11.1 999.0  10.4 99.0 99.00 
2024 04 11 07 40 314  9.6 12.2  3.01 13.79  7.27 309 1016.1  11.1 999.0  10.4 99.0 99.00 
2024 04 11 07 50 316  9.5 11.9 99.00 99.00 99.00 999 1016.2  11.0 999.0  10.3 99.0 99.00 
2024 04 11 08 00 319  9.0 11.1 99.00 99.00 99.00 999 1016.1  11.0 999.0  10.3 99.0 99.00 
2024 04 11 08 10 319  8.7 10.8  2.65 12.90  6.76 314 1016.1  11.0 999.0  10.3 99.0 99.00 
2024 04 11 08 20 319  8.8 10.6 99.00 99.00 99.00 999 1016.1  11.0 999.0  10.3 99.0 99.00 
2024 04 11 08 30 320  8.6 10.6 99.00 99.00 99.00 999 1016.0  11.0 999.0  10.3 99.0 99.00 
2024 04 11 08 40 320  8.2 10.5  2.98 13.79  7.31 299 1015.9  11.0 999.0  10.3 99.0 99.00 
2024 04 11 08 50 319  8.9 11.3 99.00 99.00 99.00 999 1015.9  11.0 999.0  10.3 99.0 99.00 
2024 04 11 09 00 319  9.0 11.6 99.00 99.00 99.00 999 1015.8  11.0 999.0  10.3 99.0 99.00 
2024 04 11 09 10 320  8.9 11.2  3.12 13.79  7.13 301 1015.8  10.9 999.0  10.2 99.0 99.00 
2024 04 11 09 20 318  9.2 11.2 99.00 99.00 99.00 999 1015.6  10.9 999.0  10.2 99.0 99.00 
2024 04 11 09 30 316  9.9 12.1 99.00 99.00 99.00 999 1015.5  10.9 999.0  10.2 99.0 99.00 
2024 04 11 09 40 316  9.5 11.9  2.90 12.90  7.13 305 1015.5  10.9 999.0  10.2 99.0 99.00 
2024 04 11 09 50 317  9.6 12.0 99.00 99.00 99.00 999 1015.5  10.9 999.0  10.2 99.0 99.00 
2024 04 11 10 00 318  9.5 11.7 99.00 99.00 99.00 999 1015.6  10.9 999.0  10.2 99.0 99.00 
2024 04 11 10 10 321  9.2 11.3  2.84 13.79  7.24 312 1015.6  10.9 999.0  10.2 99.0 99.00 
2024 04 11 10 20 321  9.1 11.6 99.00 99.00 99.00 999 1015.6  10.9 999.0  10.2 99.0 99.00 
2024 04 11 10 30 322  8.8 11.3 99.00 99.00 99.00 999 1015.5  10.9 999.0  10.2 99.0 99.00 
2024 04 11 10 40 321  9.2 12.2  2.71 12.12  6.89 307 1015.4  10.9 999.0  10.2 99.0 99.00 
2024 04 11 10 50 321  9.4 11.5 99.00 99.00 99.00 999 1015.3  10.9 999.0  10.2 99.0 99.00 
2024 04 11 11 00 323  9.1 11.6 99.00 99.00 99.00 999 1015.3  10.8 999.0  10.1 99.0 99.00 
2024 04 11 11 10 323  9.0 11.3  2.67 12.90  6.71 295 1015.3  10.8 999.0  10.1 99.0 99.00 
2024 04 11 11 20 323  9.0 11.0 99.00 99.00 99.00 999 1015.3  10.8 999.0  10.1 99.0 99.00 
2024 04 11 11 30 323  8.7 11.1 99.00 99.00 99.00 999 1015.2  10.8 999.0  10.1 99.0 99.00 
2024 04 11 11 40 322  9.1 11.7  2.75 13.79  6.83 296 1015.2  10.8 999.0  10.1 99.0 99.00 
2024 04 11 11 50 321  9.1 11.1 99.00 99.00 99.00 999 1015.2  10.8 999.0  10.1 99.0 99.00 
2024 04 11 12 00 321  9.1 11.1 99.00 99.00 99.00 999 1015.0  10.7 999.0  10.0 99.0 99.00 
2024 04 11 12 10 322  9.1 11.5  2.78 12.90  7.08 309 1014.9  10.7 999.0  10.0 99.0 99.00 
2024 04 11 12 20 321  8.8 10.6 99.00 99.00 99.00 999 1014.9  10.7 999.0  10.0 99.0 99.00 
2024 04 11 12 30 322  8.6 10.6 99.00 99.00 99.00 999 1014.9  10.7 999.0  10.0 99.0 99.00 
2024 04 11 12 40 323  8.4 10.6  2.67 12.12  6.73 307 1014.9  10.7 999.0  10.0 99.0 99.00 
2024 04 11 12 50 322  8.2 10.0 99.00 99.00 99.00 999 1014.9  10.7 999.0  10.0 99.0 99.00 
2024 04 11 13 00 322  8.3 10.1 99.00 99.00 99.00 999 1014.9  10.7 999.0  10.0 99.0 99.00 
2024 04 11 13 10 324  8.5 10.8  2.75 13.79  6.74 301 1014.8  10.7 999.0  10.0 99.0 99.00 
2024 04 11 13 20 324  8.7 10.8 99.00 99.00 99.00 999 1014.9  10.7 999.0  10.0 99.0 99.00 
2024 04 11 13 30 324  8.6 10.8 99.00 99.00 99.00 999 1014.8  10.7 999.0  10.0 99.0 99.00 
2024 04 11 13 40 325  8.7 10.9  2.59 13.79  6.70 309 1014.8  10.7 999.0  10.0 99.0 99.00 
2024 04 11 13 50 326  8.7 11.1 99.00 99.00 99.00 999 1014.7  10.7 999.0  10.0 99.0 99.00 
2024 04 11 14 00 326  8.5 10.6 99.00 99.00 99.00 999 1014.8  10.7 999.0  10.0 99.0 99.00 
2024 04 11 14 10 327  8.5 10.6  2.68 12.90  6.69 300 1014.9  10.7 999.0  10.0 99.0 99.00 
2024 04 11 14 20 327  8.1 10.2 99.00 99.00 99.00 999 1014.9  10.7 999.0  10.1 99.0 99.00 
2024 04 11 14 30 327  8.2 10.1 99.00 99.00 99.00 999 1015.0  10.7 999.0  10.0 99.0 99.00 
2024 04 11 14 40 327  8.5 11.0  2.78 12.12  6.82 303 1015.0  10.7 999.0  10.0 99.0 99.00 
2024 04 11 14 50 324  8.6 11.2 99.00 99.00 99.00 999 1014.9  10.7 999.0  10.0 99.0 99.00 
2024 04 11 15 00 325  8.7 10.9 99.00 99.00 99.00 999 1014.9  10.7 999.0  10.0 99.0 99.00 
2024 04 11 15 10 324  8.8 10.8  2.65 10.81  6.62 302 1015.1  10.7 999.0  10.0 99.0 99.00 
2024 04 11 15 20 323  8.8 10.9 99.00 99.00 99.00 999 1015.0  10.7 999.0  10.0 99.0 99.00 
2024 04 11 15 30 324  8.9 11.9 99.00 99.00 99.00 999 1015.1  10.7 999.0  10.0 99.0 99.00 
2024 04 11 15 40 327  8.4 10.3  2.73 12.90  6.62 310 1015.0  10.7 999.0  10.0 99.0 99.00 
2024 04 11 15 50 326  8.2 10.1 99.00 99.00 99.00 999 1015.1  10.7 999.0  10.0 99.0 99.00 
2024 04 11 16 00 327  8.7 10.7 99.00 99.00 99.00 999 1015.0  10.7 999.0  10.0 99.0 99.00 
2024 04 11 16 10 325  8.7 11.1  2.85 12.12  6.80 294 1014.9  10.7 999.0  10.0 99.0 99.00 
2024 04 11 16 20 325  8.7 10.6 99.00 99.00 99.00 999 1014.8  10.7 999.0  10.0 99.0 99.00 
2024 04 11 16 30 324  8.7 10.7 99.00 99.00 99.00 999 1014.9  10.7 999.0  10.0 99.0 99.00 
2024 04 11 16 40 323  8.6 10.7  2.75 12.90  6.83 303 1014.9  10.7 999.0   9.9 99.0 99.00 
2024 04 11 16 50 323  8.4 10.8 99.00 99.00 99.00 999 1015.0  10.7 999.0   9.9 99.0 99.00 
2024 04 11 17 00 323  8.6 10.7 99.00 99.00 99.00 999 1015.0  10.7 999.0   9.9 99.0 99.00 
2024 04 11 17 10 322  8.7 10.9  2.71 11.43  6.48 290 1015.0  10.7 999.0   9.9 99.0 99.00 
2024 04 11 17 20 322  8.5 10.8 99.00 99.00 99.00 999 1015.0  10.8 999.0  10.0 99.0 99.00 
2024 04 11 17 30 322  8.2 10.2 99.00 99.00 99.00 999 1015.1  10.8 999.0  10.0 99.0 99.00 
2024 04 11 17 40 325  8.4 10.3  2.51 10.81  6.63 297 1015.1  10.8 999.0  10.0 99.0 99.00 
2024 04 11 17 50 325  8.4 10.5 99.00 99.00 99.00 999 1015.0  10.8 999.0  10.0 99.0 99.00 
2024 04 11 18 00 322  8.4 11.0 99.00 99.00 99.00 999 1015.0  10.9 999.0  10.1 99.0 99.00 
2024 04 11 18 10 322  8.4 10.3  2.53 11.43  6.35 296 1014.9  10.9 999.0  10.1 99.0 99.00 
2024 04 11 18 20 320  8.2 10.3 99.00 99.00 99.00 999 1014.9  10.9 999.0  10.1 99.0 99.00 
2024 04 11 18 30 321  7.7 10.1 99.00 99.00 99.00 999 1014.9  10.9 999.0  10.1 99.0 99.00 
2024 04 11 18 40 321  7.8  9.7  2.49 12.12  6.47 299 1014.8  11.0 999.0  10.2 99.0 99.00 
2024 04 11 18 50 319  8.5 10.6 99.00 99.00 99.00 999 1014.7  11.0 999.0  10.2 99.0 99.00 
2024 04 11 19 00 322  8.1 10.3 99.00 99.00 99.00 999 1014.6  10.9 999.0  10.1 99.0 99.00 
2024 04 11 19 10 322  8.7 10.7  2.45 12.90  6.39 310 1014.6  11.0 999.0  10.1 99.0 99.00 
2024 04 11 19 20 319  8.6 11.0 99.00 99.00 99.00 999 1014.5  11.0 999.0  10.1 99.0 99.00 
2024 04 11 19 30 319  8.7 11.2 99.00 99.00 99.00 999 1014.4  11.0 999.0  10.1 99.0 99.00 
2024 04 11 19 40 318  8.6 11.1  2.59 12.12  6.45 300 1014.2  11.0 999.0  10.2 99.0 99.00 
2024 04 11 19 50 318  8.8 10.9 99.00 99.00 99.00 999 1014.1  11.0 999.0  10.2 99.0 99.00 
2024 04 11 20 00 320  8.6 11.2 99.00 99.00 99.00 999 1014.0  11.0 999.0  10.2 99.0 99.00 
2024 04 11 20 10 320  9.0 11.0  2.61 12.90  6.75 311 1014.0  11.0 999.0  10.2 99.0 99.00 
2024 04 11 20 20 319  9.0 11.6 99.00 99.00 99.00 999 1013.9  11.0 999.0  10.1 99.0 99.00 
2024 04 11 20 30 320  8.8 11.1 99.00 99.00 99.00 999 1013.7  11.0 999.0  10.2 99.0 99.00 
2024 04 11 20 40 320  8.9 11.7  2.58 12.90  6.56 308 1013.6  11.0 999.0  10.1 99.0 99.00 
2024 04 11 20 50 321  9.2 11.3 99.00 99.00 99.00 999 1013.4  11.0 999.0  10.1 99.0 99.00 
2024 04 11 21 00 321  9.3 11.8 99.00 99.00 99.00 999 1013.3  11.0 999.0  10.0 99.0 99.00 
2024 04 11 21 10 320  9.2 11.6  2.75 12.90  6.76 301 1013.0  11.0 999.0  10.0 99.0 99.00 
2024 04 11 21 20 316  9.5 11.6 99.00 99.00 99.00 999 1013.0  11.0 999.0  10.0 99.0 99.00 
2024 04 11 21 30 313  9.5 11.8 99.00 99.00 99.00 999 1012.8  11.0 999.0  10.0 99.0 99.00 
2024 04 11 21 40 313  9.6 11.9  2.83 12.90  6.82 306 1012.8  11.0 999.0  10.0 99.0 99.00 
2024 04 11 21 50 314  9.4 11.8 99.00 99.00 99.00 999 1012.7  11.0 999.0  10.0 99.0 99.00 
2024 04 11 22 00 312 10.1 13.2 99.00 99.00 99.00 999 1012.6  11.0 999.0  10.0 99.0 99.00 
2024 04 11 22 10 313 10.0 12.6  2.56 12.90  6.16 305 1012.4  11.0 999.0  10.0 99.0 99.00 
2024 04 11 22 20 311 11.3 13.8 99.00 99.00 99.00 999 1012.3  11.0 999.0  10.0 99.0 99.00 
2024 04 11 22 30 311 11.2 14.2 99.00 99.00 99.00 999 1012.3  11.1 999.0  10.1 99.0 99.00 
2024 04 11 22 40 311 11.6 14.1  2.66 12.90  6.36 308 1012.1  11.1 999.0  10.0 99.0 99.00 
2024 04 11 22 50 312 12.0 14.9 99.00 99.00 99.00 999 1011.9  11.1 999.0  10.0 99.0 99.00 
2024 04 11 23 00 311 12.3 15.1 99.00 99.00 99.00 999 1011.7  11.1 999.0  10.0 99.0 99.00 
2024 04 11 23 10 310 12.0 16.0  2.78 12.90  6.11 308 1011.5  11.1 999.0  10.0 99.0 99.00 
2024 04 11 23 20 310 11.9 15.4 99.00 99.00 99.00 999 1011.3  11.1 999.0  10.1 99.0 99.00 
2024 04 11 23 30 310 12.7 16.2 99.00 99.00 99.00 999 1011.3  11.1 999.0  10.0 99.0 99.00 
2024 04 11 23 40 310 12.7 15.5  2.75 12.90  6.11 298 1011.1  11.1 999.0   9.9 99.0 99.00 
2024 04 11 23 50 309 12.9 16.3 99.00 99.00 99.00 999 1011.0  11.1 999.0   9.8 99.0 99.00 
2024 04 12 00 00 309 13.0 16.5 99.00 99.00 99.00 999 1010.9  11.0 999.0   9.7 99.0 99.00 
2024 04 12 00 10 309 12.9 16.4  2.79  7.14  6.16 309 1010.8  11.0 999.0   9.7 99.0 99.00 
2024 04 12 00 20 310 12.8 15.7 99.00 99.00 99.00 999 1010.8  11.0 999.0   9.7 99.0 99.00 
2024 04 12 00 30 310 12.5 16.4 99.00 99.00 99.00 999 1010.7  11.0 999.0   9.7 99.0 99.00 
2024 04 12 00 40 309 12.1 15.5  2.74  6.67  6.02 323 1010.6  11.0 999.0   9.6 99.0 99.00 
2024 04 12 00 50 309 12.2 15.0 99.00 99.00 99.00 999 1010.5  11.0 999.0   9.6 99.0 99.00 
2024 04 12 01 00 307 12.4 15.7 99.00 99.00 99.00 999 1010.4  11.0 999.0   9.6 99.0 99.00 
2024 04 12 01 10 308 12.7 15.9  2.69  7.14  6.04 316 1010.3  11.0 999.0   9.6 99.0 99.00 
2024 04 12 01 20 307 13.0 16.7 99.00 99.00 99.00 999 1010.1  11.0 999.0   9.6 99.0 99.00 
2024 04 12 01 30 309 13.1 16.0 99.00 99.00 99.00 999 1010.1  11.0 999.0   9.6 99.0 99.00 
2024 04 12 01 40 309 12.9 16.5  2.88  6.67  6.10 323 1009.9  11.0 999.0   9.6 99.0 99.00 
2024 04 12 01 50 307 13.3 16.6 99.00 99.00 99.00 999 1009.8  11.0 999.0   9.5 99.0 99.00 
2024 04 12 02 00 307 13.3 17.1 99.00 99.00 99.00 999 1009.7  11.0 999.0   9.5 99.0 99.00 
2024 04 12 02 10 307 13.3 17.7  2.91  7.14  6.16 317 1009.6  10.9 999.0   9.5 99.0 99.00 
2024 04 12 02 20 310 13.5 16.7 99.00 99.00 99.00 999 1009.5  10.9 999.0   9.5 99.0 99.00 
2024 04 12 02 30 310 13.7 17.4 99.00 99.00 99.00 999 1009.4  10.9 999.0   9.5 99.0 99.00 
2024 04 12 02 40 309 13.8 17.0  3.13  7.14  6.25 316 1009.5  10.8 999.0   9.4 99.0 99.00 
2024 04 12 02 50 308 13.5 16.8 99.00 99.00 99.00 999 1009.3  10.8 999.0   9.5 99.0 99.00 
2024 04 12 03 00 308 13.8 17.1 99.00 99.00 99.00 999 1009.3  10.8 999.0   9.5 99.0 99.00 
2024 04 12 03 10 308 13.4 16.4  3.13  7.14  6.14 318 1009.4  10.7 999.0   9.4 99.0 99.00 
2024 04 12 03 20 309 13.0 16.2 99.00 99.00 99.00 999 1009.6  10.7 999.0   9.4 99.0 99.00 
2024 04 12 03 30 309 12.6 15.3 99.00 99.00 99.00 999 1009.6  10.7 999.0   9.4 99.0 99.00 
2024 04 12 03 40 307 13.0 16.5  2.98  6.67  6.19 319 1009.6  10.7 999.0   9.4 99.0 99.00 
2024 04 12 03 50 310 12.6 15.9 99.00 99.00 99.00 999 1009.8  10.7 999.0   9.4 99.0 99.00 
2024 04 12 04 00 311 12.0 14.7 99.00 99.00 99.00 999 1009.8  10.7 999.0   9.4 99.0 99.00 
2024 04 12 04 10 312 12.0 14.9  2.72  6.67  6.13 321 1009.8  10.7 999.0   9.4 99.0 99.00 
2024 04 12 04 20 310 12.1 15.2 99.00 99.00 99.00 999 1009.8  10.7 999.0   9.4 99.0 99.00 
2024 04 12 04 30 309 12.5 16.0 99.00 99.00 99.00 999 1009.8  10.7 999.0   9.4 99.0 99.00 
2024 04 12 04 40 312 12.0 15.1  2.70  7.14  6.12 316 1009.9  10.7 999.0   9.4 99.0 99.00 
2024 04 12 04 50 314 12.2 15.3 99.00 99.00 99.00 999 1009.9  10.7 999.0   9.4 99.0 99.00 
2024 04 12 05 00 315 12.3 15.4 99.00 99.00 99.00 999 1009.8  10.6 999.0   9.4 99.0 99.00 
2024 04 12 05 10 314 12.1 14.4  2.59  7.14  6.12 320 1009.7  10.6 999.0   9.5 99.0 99.00 
2024 04 12 05 20 314 12.1 15.2 99.00 99.00 99.00 999 1009.7  10.5 999.0   9.4 99.0 99.00 
2024 04 12 05 30 314 11.9 14.8 99.00 99.00 99.00 999 1009.5  10.5 999.0   9.4 99.0 99.00 
2024 04 12 05 40 314 11.7 14.4  2.47  6.25  5.97 325 1009.4  10.5 999.0   9.5 99.0 99.00 
2024 04 12 05 50 314 11.8 14.6 99.00 99.00 99.00 999 1009.4  10.4 999.0   9.3 99.0 99.00 
2024 04 12 06 00 314 11.9 15.2 99.00 99.00 99.00 999 1009.2  10.4 999.0   9.3 99.0 99.00 
2024 04 12 06 10 315 11.4 14.2  2.42  7.14  5.89 325 1009.2  10.4 999.0   9.4 99.0 99.00 
2024 04 12 06 20 315 11.1 13.5 99.00 99.00 99.00 999 1009.1  10.4 999.0   9.4 99.0 99.00 
2024 04 12 06 30 315 10.5 13.5 99.00 99.00 99.00 999 1009.0  10.4 999.0   9.4 99.0 99.00 
2024 04 12 06 40 313 10.5 12.9  2.46  7.69  6.04 313 1009.0  10.4 999.0   9.3 99.0 99.00 
2024 04 12 06 50 314 11.4 14.0 99.00 99.00 99.00 999 1008.8  10.4 999.0   9.3 99.0 99.00 
2024 04 12 07 00 315 11.3 14.2 99.00 99.00 99.00 999 1008.7  10.4 999.0   9.4 99.0 99.00 
2024 04 12 07 10 315 10.9 13.4  2.29  7.14  5.78 323 1008.7  10.4 999.0   9.4 99.0 99.00 
2024 04 12 07 20 314 10.9 14.3 99.00 99.00 99.00 999 1008.6  10.4 999.0   9.5 99.0 99.00 
2024 04 12 07 30 315 10.8 14.1 99.00 99.00 99.00 999 1008.5  10.3 999.0   9.5 99.0 99.00 
2024 04 12 07 40 313 10.6 13.4  2.27  5.88  5.80 323 1008.4  10.3 999.0   9.5 99.0 99.00 
2024 04 12 07 50 312 10.5 13.3 99.00 99.00 99.00 999 1008.3  10.3 999.0   9.5 99.0 99.00 
2024 04 12 08 00 311 10.2 13.2 99.00 99.00 99.00 999 1008.3  10.3 999.0   9.5 99.0 99.00 
2024 04 12 08 10 311 10.3 13.3  2.18 12.90  5.88 309 1008.2  10.3 999.0   9.5 99.0 99.00 
2024 04 12 08 20 311 10.6 13.0 99.00 99.00 99.00 999 1008.2  10.2 999.0   9.4 99.0 99.00 
2024 04 12 08 30 312 10.5 12.9 99.00 99.00 99.00 999 1008.2  10.2 999.0   9.3 99.0 99.00 
2024 04 12 08 40 312 10.2 12.4  2.24  7.14  5.81 317 1008.2  10.2 999.0   9.4 99.0 99.00 
2024 04 12 08 50 311 10.0 13.0 99.00 99.00 99.00 999 1008.2  10.2 999.0   9.4 99.0 99.00 
2024 04 12 09 00 311 10.3 12.6 99.00 99.00 99.00 999 1008.1  10.2 999.0   9.4 99.0 99.00 
2024 04 12 09 10 310 10.6 13.3  2.14 13.79  5.79 318 1008.0  10.2 999.0   9.4 99.0 99.00 
2024 04 12 09 20 308 10.3 13.0 99.00 99.00 99.00 999 1007.8  10.3 999.0   9.5 99.0 99.00 
2024 04 12 09 30 309 11.0 13.4 99.00 99.00 99.00 999 1007.6  10.2 999.0   9.3 99.0 99.00 
2024 04 12 09 40 309 10.6 13.7  2.04 12.12  5.65 303 1007.6  10.3 999.0   9.3 99.0 99.00 
2024 04 12 09 50 309 10.5 13.6 99.00 99.00 99.00 999 1007.6  10.3 999.0   9.3 99.0 99.00 
2024 04 12 10 00 309 10.4 13.3 99.00 99.00 99.00 999 1007.4  10.3 999.0   9.3 99.0 99.00 
2024 04 12 10 10 311 10.0 12.5  2.00 10.81  5.62 305 1007.4  10.3 999.0   9.3 99.0 99.00 
2024 04 12 10 20 310  9.9 12.6 99.00 99.00 99.00 999 1007.3  10.3 999.0   9.3 99.0 99.00 
2024 04 12 10 30 310 10.1 12.5 99.00 99.00 99.00 999 1007.4  10.3 999.0   9.3 99.0 99.00 
2024 04 12 10 40 311  9.4 12.1  1.93 12.90  5.52 321 1007.3  10.3 999.0   9.3 99.0 99.00 
2024 04 12 10 50 311  9.3 11.6 99.00 99.00 99.00 999 1007.3  10.3 999.0   9.3 99.0 99.00 
2024 04 12 11 00 310  9.1 11.1 99.00 99.00 99.00 999 1007.2  10.3 999.0   9.3 99.0 99.00 
2024 04 12 11 10 310  9.1 11.2  1.94 11.43  5.66 289 1007.1  10.3 999.0   9.3 99.0 99.00 
2024 04 12 11 20 311  9.2 11.5 99.00 99.00 99.00 999 1007.0  10.3 999.0   9.3 99.0 99.00 
2024 04 12 11 30 310  8.6 10.8 99.00 99.00 99.00 999 1007.0  10.3 999.0   9.3 99.0 99.00 
2024 04 12 11 40 309  8.6 10.5  1.89 12.90  5.67 290 1006.8  10.3 999.0   9.3 99.0 99.00 
2024 04 12 11 50 306  8.4 10.9 99.00 99.00 99.00 999 1006.7  10.4 999.0   9.4 99.0 99.00 
2024 04 12 12 00 307  8.4 10.2 99.00 99.00 99.00 999 1006.8  10.4 999.0   9.4 99.0 99.00 
2024 04 12 12 10 307  7.9  9.8  1.87 12.90  5.51 312 1006.7  10.4 999.0   9.4 99.0 99.00 
2024 04 12 12 20 306  7.9  9.8 99.00 99.00 99.00 999 1006.6  10.4 999.0   9.5 99.0 99.00 
2024 04 12 12 30 308  7.6  9.4 99.00 99.00 99.00 999 1006.6  10.4 999.0   9.6 99.0 99.00 
2024 04 12 12 40 309  7.0  8.6  1.85 12.12  5.96 309 1006.5  10.4 999.0   9.6 99.0 99.00 
2024 04 12 12 50 307  6.8  8.2 99.00 99.00 99.00 999 1006.5  10.3 999.0   9.6 99.0 99.00 
2024 04 12 13 00 308  6.6  8.1 99.00 99.00 99.00 999 1006.5  10.3 999.0   9.6 99.0 99.00 
2024 04 12 13 10 307  6.3  7.9  1.64 12.90  5.63 293 1006.5  10.3 999.0   9.6 99.0 99.00 
2024 04 12 13 20 307  6.4  8.1 99.00 99.00 99.00 999 1006.7  10.3 999.0   9.6 99.0 99.00 
2024 04 12 13 30 306  6.4  7.9 99.00 99.00 99.00 999 1006.6  10.3 999.0   9.6 99.0 99.00 
2024 04 12 13 40 305  6.3  7.9  1.68 12.12  6.02 306 1006.7  10.4 999.0   9.7 99.0 99.00 
2024 04 12 13 50 306  6.1  7.9 99.00 99.00 99.00 999 1006.8  10.4 999.0   9.7 99.0 99.00 
2024 04 12 14 00 306  5.7  7.4 99.00 99.00 99.00 999 1006.8  10.4 999.0   9.7 99.0 99.00 
2024 04 12 14 10 308  5.3  6.8  1.62 10.00  5.85 304 1006.9  10.4 999.0   9.9 99.0 99.00 
2024 04 12 14 20 308  5.2  6.6 99.00 99.00 99.00 999 1007.0  10.3 999.0   9.8 99.0 99.00 
2024 04 12 14 30 307  5.2  6.4 99.00 99.00 99.00 999 1007.0  10.3 999.0   9.8 99.0 99.00 
2024 04 12 14 40 307  4.9  6.1  1.63 12.12  6.09 302 1007.0  10.3 999.0   9.8 99.0 99.00 
2024 04 12 14 50 307  4.9  6.3 99.00 99.00 99.00 999 1007.0  10.2 999.0   9.7 99.0 99.00 
2024 04 12 15 00 309  4.7  6.0 99.00 99.00 99.00 999 1006.9  10.3 999.0   9.8 99.0 99.00 
2024 04 12 15 10 310  4.8  6.0  1.60 12.12  6.08 300 1006.8  10.2 999.0   9.7 99.0 99.00 
2024 04 12 15 20 310  4.1  5.3 99.00 99.00 99.00 999 1006.7  10.3 999.0   9.8 99.0 99.00 
2024 04 12 15 30 323  4.1  5.2 99.00 99.00 99.00 999 1006.5  10.3 999.0   9.7 99.0 99.00 
2024 04 12 15 40 318  3.8  4.9  1.48 12.12  6.28 298 1006.4  10.3 999.0   9.6 99.0 99.00 
2024 04 12 15 50 311  3.5  4.5 99.00 99.00 99.00 999 1006.3  10.3 999.0   9.6 99.0 99.00 
2024 04 12 16 00 304  3.4  4.4 99.00 99.00 99.00 999 1006.4  10.3 999.0   9.6 99.0 99.00 
2024 04 12 16 10 298  3.1  4.2  1.40 11.43  6.27 291 1006.5  10.3 999.0   9.6 99.0 99.00 
2024 04 12 16 20 303  3.2  4.1 99.00 99.00 99.00 999 1006.5  10.4 999.0   9.7 99.0 99.00 
2024 04 12 16 30 298  3.2  4.2 99.00 99.00 99.00 999 1006.6  10.4 999.0   9.6 99.0 99.00 
2024 04 12 16 40 290  2.7  3.8  1.37 11.43  6.60 308 1006.7  10.5 999.0   9.8 99.0 99.00 
2024 04 12 16 50 284  3.0  4.0 99.00 99.00 99.00 999 1006.8  10.5 999.0   9.7 99.0 99.00 
2024 04 12 17 00 284  3.0  3.9 99.00 99.00 99.00 999 1006.9  10.5 999.0   9.7 99.0 99.00 
2024 04 12 17 10 281  2.7  3.7  1.40 11.43  6.55 287 1007.0  10.7 999.0   9.9 99.0 99.00 
2024 04 12 17 20 279  2.5  3.5 99.00 99.00 99.00 999 1007.0  10.7 999.0   9.9 99.0 99.00 
2024 04 12 17 30 285  1.5  2.5 99.00 99.00 99.00 999 1007.0  10.8 999.0  10.0 99.0 99.00 
2024 04 12 17 40 279  1.2  1.9  1.38 12.12  6.67 289 1007.1  10.9 999.0  10.1 99.0 99.00 
2024 04 12 17 50 287  0.9  1.9 99.00 99.00 99.00 999 1007.1  11.0 999.0  10.1 99.0 99.00 
2024 04 12 18 00 267  0.3  1.1 99.00 99.00 99.00 999 1007.3  11.3 999.0  10.3 99.0 99.00 
2024 04 12 18 10 251  0.4  1.7  1.29 12.12  6.64 290 1007.5  11.4 999.0  10.3 99.0 99.00 
2024 04 12 18 20 216  0.3  0.9 99.00 99.00 99.00 999 1007.5  11.6 999.0  10.4 99.0 99.00 
2024 04 12 18 30 223  0.5  1.2 99.00 99.00 99.00 999 1007.6  11.6 999.0  10.4 99.0 99.00 
2024 04 12 18 40 192  1.1  2.3  1.27 10.81  6.49 295 1007.7  11.5 999.0  10.4 99.0 99.00 
2024 04 12 18 50 194  1.1  2.1 99.00 99.00 99.00 999 1007.8  11.6 999.0  10.6 99.0 99.00 
2024 04 12 19 00 196  1.4  2.2 99.00 99.00 99.00 999 1007.8  11.7 999.0  10.7 99.0 99.00 
2024 04 12 19 10 200  1.6  2.4  1.39 11.43  7.34 303 1007.9  11.6 999.0  10.6 99.0 99.00 
2024 04 12 19 20 191  1.7  2.4 99.00 99.00 99.00 999 1007.8  11.6 999.0  10.5 99.0 99.00 
2024 04 12 19 30 188  2.1  3.0 99.00 99.00 99.00 999 1007.9  11.6 999.0  10.6 99.0 99.00 
2024 04 12 19 40 192  2.7  3.5  1.31 11.43  7.25 302 1007.9  11.6 999.0  10.6 99.0 99.00 
2024 04 12 19 50 194  2.9  3.7 99.00 99.00 99.00 999 1008.1  11.5 999.0  10.6 99.0 99.00 
2024 04 12 20 00 206  3.2  3.9 99.00 99.00 99.00 999 1008.2  11.6 999.0  10.7 99.0 99.00 
2024 04 12 20 10 205  3.4  4.3  1.34 10.81  7.47 299 1008.1  11.6 999.0  10.6 99.0 99.00 
2024 04 12 20 20 207  3.8  4.5 99.00 99.00 99.00 999 1008.1  11.6 999.0  10.6 99.0 99.00 
2024 04 12 20 30 205  3.8  4.7 99.00 99.00 99.00 999 1008.1  11.6 999.0  10.6 99.0 99.00 
2024 04 12 20 40 200  3.3  4.0  1.21 11.43  7.35 292 1008.2  11.7 999.0  10.7 99.0 99.00 
2024 04 12 20 50 202  3.0  3.9 99.00 99.00 99.00 999 1008.1  11.6 999.0  10.6 99.0 99.00 
2024 04 12 21 00 197  2.4  3.3 99.00 99.00 99.00 999 1008.1  11.8 999.0  10.7 99.0 99.00 
2024 04 12 21 10 193  2.8  3.9  1.12 13.79  7.09 265 1008.2  11.8 999.0  10.7 99.0 99.00 
2024 04 12 21 20 185  3.1  3.8 99.00 99.00 99.00 999 1008.3  11.8 999.0  10.7 99.0 99.00 
2024 04 12 21 30 174  3.1  4.0 99.00 99.00 99.00 999 1008.3  11.8 999.0  10.7 99.0 99.00 
2024 04 12 21 40 169  3.9  6.2  1.26 12.90  7.60 298 1008.3  11.7 999.0  10.5 99.0 99.00 
2024 04 12 21 50 179  4.6  6.3 99.00 99.00 99.00 999 1008.3  11.7 999.0  10.3 99.0 99.00 
2024 04 12 22 00 176  4.0  5.0 99.00 99.00 99.00 999 1008.2  11.7 999.0  10.3 99.0 99.00 
2024 04 12 22 10 168  3.9  5.4  1.24 12.12  7.51 308 1008.1  11.8 999.0  10.4 99.0 99.00 
2024 04 12 22 20 163  4.3  5.7 99.00 99.00 99.00 999 1008.0  11.8 999.0  10.2 99.0 99.00 
2024 04 12 22 30 156  4.4  5.9 99.00 99.00 99.00 999 1008.0  11.9 999.0  10.6 99.0 99.00 
2024 04 12 22 40 166  5.4  6.8  1.08 11.43  7.10 281 1007.9  11.8 999.0  10.6 99.0 99.00 
2024 04 12 22 50 165  5.7  7.1 99.00 99.00 99.00 999 1007.8  11.7 999.0  10.3 99.0 99.00 
2024 04 12 23 00 162  6.7  8.6 99.00 99.00 99.00 999 1007.6  11.6 999.0  10.2 99.0 99.00 
2024 04 12 23 10 159  6.0  8.1  1.16 10.00  7.11 301 1007.6  11.6 999.0  10.3 99.0 99.00 
2024 04 12 23 20 157  5.7  7.0 99.00 99.00 99.00 999 1007.5  11.6 999.0  10.3 99.0 99.00 
2024 04 12 23 30 157  6.0  7.7 99.00 99.00 99.00 999 1007.6  11.6 999.0  10.4 99.0 99.00 
2024 04 12 23 40 165  6.7  9.0  1.12 10.81  6.72 293 1007.6  11.6 999.0  10.4 99.0 99.00 
2024 04 12 23 50 163  7.2  9.5 99.00 99.00 99.00 999 1007.5  11.4 999.0  10.3 99.0 99.00 
2024 04 13 00 00 159  6.7  8.2 99.00 99.00 99.00 999 1007.6  11.2 999.0  10.3 99.0 99.00 
2024 04 13 00 10 159  6.6  8.7  1.12 10.00  6.28 290 1007.5  11.2 999.0  10.5 99.0 99.00 
2024 04 13 00 20 160  7.0  8.6 99.00 99.00 99.00 999 1007.5  11.1 999.0  10.6 99.0 99.00 
2024 04 13 00 30 159  6.3  7.7 99.00 99.00 99.00 999 1007.5  11.0 999.0  10.6 99.0 99.00 
2024 04 13 00 40 154  6.3  7.7  1.17 10.81  5.98 294 1007.5  10.9 999.0  10.5 99.0 99.00 
2024 04 13 00 50 153  6.2  7.4 99.00 99.00 99.00 999 1007.4  10.8 999.0  10.4 99.0 99.00 
2024 04 13 01 00 151  5.8  6.9 99.00 99.00 99.00 999 1007.4  10.8 999.0  10.6 99.0 99.00 
2024 04 13 01 10 138  5.5  6.6  1.10 10.81  5.68 278 1007.2  10.8 999.0  10.6 99.0 99.00 
2024 04 13 01 20 140  5.4  6.9 99.00 99.00 99.00 999 1007.2  10.9 999.0  10.7 99.0 99.00 
2024 04 13 01 30 144  5.6  7.1 99.00 99.00 99.00 999 1007.1  10.9 999.0  10.5 99.0 99.00 
2024 04 13 01 40 137  5.9  7.3  1.17 12.12  6.09 301 1007.1  10.9 999.0  10.5 99.0 99.00 
2024 04 13 01 50 134  5.9  7.3 99.00 99.00 99.00 999 1007.1  10.9 999.0  10.5 99.0 99.00 
2024 04 13 02 00 139  6.1  7.9 99.00 99.00 99.00 999 1007.0  10.9 999.0  10.5 99.0 99.00 
2024 04 13 02 10 149  6.5  8.1  1.09 11.43  5.67 297 1007.0  10.9 999.0  10.4 99.0 99.00 
2024 04 13 02 20 143  6.8  8.8 99.00 99.00 99.00 999 1006.9  10.9 999.0  10.4 99.0 99.00 
2024 04 13 02 30 147  7.4  9.6 99.00 99.00 99.00 999 1006.9  11.1 999.0  10.6 99.0 99.00 
2024 04 13 02 40 157  8.4 10.6  1.18 11.43  5.37 300 1006.9  11.1 999.0  10.6 99.0 99.00 
2024 04 13 02 50 156  8.8 11.2 99.00 99.00 99.00 999 1006.9  11.1 999.0  10.6 99.0 99.00 
2024 04 13 03 00 154  8.9 10.7 99.00 99.00 99.00 999 1006.8  11.1 999.0  10.6 99.0 99.00 
2024 04 13 03 10 154  8.8 10.6  1.23 12.12  4.96 294 1006.8  11.1 999.0  10.6 99.0 99.00 
2024 04 13 03 20 153  8.2 10.3 99.00 99.00 99.00 999 1006.9  11.2 999.0  10.7 99.0 99.00 
2024 04 13 03 30 149  8.2  9.8 99.00 99.00 99.00 999 1007.0  11.3 999.0  10.8 99.0 99.00 
2024 04 13 03 40 147  8.0  9.8  1.26  4.00  4.61 163 1007.0  11.3 999.0  10.8 99.0 99.00 
2024 04 13 03 50 150  8.2  9.8 99.00 99.00 99.00 999 1007.1  11.3 999.0  10.8 99.0 99.00 
2024 04 13 04 00 151  8.5 10.8 99.00 99.00 99.00 999 1007.2  11.4 999.0  10.7 99.0 99.00 
2024 04 13 04 10 152  8.7 10.5  1.31 12.12  4.80 268 1007.3  11.4 999.0  10.7 99.0 99.00 
2024 04 13 04 20 148  8.6 10.3 99.00 99.00 99.00 999 1007.4  11.5 999.0  10.8 99.0 99.00 
2024 04 13 04 30 147  8.8 10.7 99.00 99.00 99.00 999 1007.4  11.5 999.0  11.0 99.0 99.00 
2024 04 13 04 40 149  8.8 11.1  1.32  4.55  4.83 192 1007.6  11.5 999.0  10.9 99.0 99.00 
2024 04 13 04 50 156  9.4 11.6 99.00 99.00 99.00 999 1007.5  11.4 999.0  10.8 99.0 99.00 
2024 04 13 05 00 150  9.1 11.3 99.00 99.00 99.00 999 1007.4  11.3 999.0  10.8 99.0 99.00 
2024 04 13 05 10 143  8.3 10.2  1.51  5.00  4.95 163 1007.5  11.3 999.0  10.8 99.0 99.00 
2024 04 13 05 20 146  8.1  9.9 99.00 99.00 99.00 999 1007.4  11.3 999.0  10.7 99.0 99.00 
2024 04 13 05 30 144  8.1 10.2 99.00 99.00 99.00 999 1007.4  11.4 999.0  10.8 99.0 99.00 
2024 04 13 05 40 141  7.8 10.1  1.60  4.76  4.95 175 1007.4  11.3 999.0  10.8 99.0 99.00 
2024 04 13 05 50 144  9.2 12.3 99.00 99.00 99.00 999 1007.3  11.4 999.0  10.9 99.0 99.00 
2024 04 13 06 00 192  8.9 14.8 99.00 99.00 99.00 999 1007.6  10.6 999.0  10.1 99.0 99.00 
2024 04 13 06 10 190  6.4  8.0  1.58  5.56  4.91 175 1007.6  10.5 999.0  10.1 99.0 99.00 
2024 04 13 06 20 177  6.3  8.1 99.00 99.00 99.00 999 1007.6  10.4 999.0  10.2 99.0 99.00 
2024 04 13 06 30 171  6.2  7.7 99.00 99.00 99.00 999 1007.6  10.3 999.0  10.1 99.0 99.00 
2024 04 13 06 40 169  5.9  7.4  1.73  5.26  5.17 197 1007.6  10.2 999.0  10.0 99.0 99.00 
2024 04 13 06 50 166  5.8  7.1 99.00 99.00 99.00 999 1007.7  10.2 999.0  10.0 99.0 99.00 
2024 04 13 07 00 167  6.2  8.0 99.00 99.00 99.00 999 1007.6  10.2 999.0  10.1 99.0 99.00 
2024 04 13 07 10 155  5.7  7.6  1.62  5.56  5.23 192 1007.7  10.1 999.0  10.0 99.0 99.00 
2024 04 13 07 20 154  5.5  6.9 99.00 99.00 99.00 999 1007.6  10.1 999.0  10.0 99.0 99.00 
2024 04 13 07 30 151  5.4  6.6 99.00 99.00 99.00 999 1007.6  10.1 999.0  10.0 99.0 99.00 
2024 04 13 07 40 157  5.4  7.0  1.70  5.56  5.17 178 1007.5  10.1 999.0  10.0 99.0 99.00 
2024 04 13 07 50 159  5.9  7.4 99.00 99.00 99.00 999 1007.5  10.3 999.0  10.2 99.0 99.00 
2024 04 13 08 00 178  5.6  7.9 99.00 99.00 99.00 999 1007.7  10.3 999.0  10.2 99.0 99.00 
2024 04 13 08 10 208  6.4  8.0  1.70  5.26  5.24 207 1007.9   9.6 999.0   9.4 99.0 99.00 
2024 04 13 08 20 206  5.4  6.7 99.00 99.00 99.00 999 1007.8   9.3 999.0   9.1 99.0 99.00 
2024 04 13 08 30 194  5.2  6.4 99.00 99.00 99.00 999 1007.8   9.3 999.0   9.1 99.0 99.00 
2024 04 13 08 40 192  4.5  6.0  1.71  5.88  5.38 177 1007.7   9.2 999.0   9.0 99.0 99.00 
2024 04 13 08 50 180  3.6  4.6 99.00 99.00 99.00 999 1007.7   9.2 999.0   9.0 99.0 99.00 
2024 04 13 09 00 173  3.8  5.1 99.00 99.00 99.00 999 1007.9   9.2 999.0   9.0 99.0 99.00 
2024 04 13 09 10 175  3.8  4.9  1.75  5.88  5.51 176 1007.9   9.3 999.0   9.1 99.0 99.00 
2024 04 13 09 20 173  3.4  4.7 99.00 99.00 99.00 999 1007.9   9.3 999.0   9.1 99.0 99.00 
2024 04 13 09 30 171  3.7  4.6 99.00 99.00 99.00 999 1007.9   9.4 999.0   9.2 99.0 99.00 
2024 04 13 09 40 192  4.6  7.4  1.76  5.88  5.58 176 1008.1   9.6 999.0   9.4 99.0 99.00 
2024 04 13 09 50 221  6.7  8.4 99.00 99.00 99.00 999 1008.1   9.3 999.0   8.8 99.0 99.00 
2024 04 13 10 00 218  6.6  8.2 99.00 99.00 99.00 999 1008.4   9.2 999.0   8.4 99.0 99.00 
2024 04 13 10 10 215  6.4  7.7  1.73  5.56  5.63 197 1008.5   9.3 999.0   8.5 99.0 99.00 
2024 04 13 10 20 219  6.2  7.9 99.00 99.00 99.00 999 1008.7   9.3 999.0   8.6 99.0 99.00 
2024 04 13 10 30 202  6.5  8.6 99.00 99.00 99.00 999 1008.7   8.9 999.0   7.6 99.0 99.00 
2024 04 13 10 40 192  5.3  7.0  1.65  5.88  5.52 180 1008.8   8.7 999.0   7.1 99.0 99.00 
2024 04 13 10 50 167  4.3  5.8 99.00 99.00 99.00 999 1008.4   8.7 999.0   7.2 99.0 99.00 
2024 04 13 11 00 144  3.7  4.8 99.00 99.00 99.00 999 1008.3   8.7 999.0   7.3 99.0 99.00 
2024 04 13 11 10 128  3.9  5.5  1.70  5.88  5.86 194 1008.4   8.8 999.0   7.4 99.0 99.00 
2024 04 13 11 20 112  5.2  7.1 99.00 99.00 99.00 999 1008.4   9.1 999.0   7.8 99.0 99.00 
2024 04 13 11 30 117  6.1  8.0 99.00 99.00 99.00 999 1008.6   9.3 999.0   8.1 99.0 99.00 
2024 04 13 11 40 113  7.5  9.2  1.75  6.25  5.86 163 1008.3   9.3 999.0   8.1 99.0 99.00 
2024 04 13 11 50 115  7.6  9.6 99.00 99.00 99.00 999 1008.2   9.5 999.0   8.4 99.0 99.00 
2024 04 13 12 00 111  9.1 11.7 99.00 99.00 99.00 999 1008.0   9.4 999.0   8.1 99.0 99.00 
2024 04 13 12 10 105  8.4 12.1  1.63  6.25  5.67 157 1007.6   9.4 999.0   7.6 99.0 99.00 
2024 04 13 12 20 101  9.1 11.1 99.00 99.00 99.00 999 1007.5   9.8 999.0   7.4 99.0 99.00 
2024 04 13 12 30 103  9.4 12.2 99.00 99.00 99.00 999 1007.9  10.1 999.0   7.1 99.0 99.00 
2024 04 13 12 40 106  8.9 11.6  1.66  6.25  5.74 167 1008.1  10.2 999.0   7.4 99.0 99.00 
2024 04 13 12 50 114  8.1 10.8 99.00 99.00 99.00 999 1008.0  10.2 999.0   7.3 99.0 99.00 
2024 04 13 13 00 107  9.4 11.7 99.00 99.00 99.00 999 1008.0  10.0 999.0   7.4 99.0 99.00 
2024 04 13 13 10 107  9.2 11.4  1.70  5.88  5.69 168 1008.5   9.9 999.0   7.6 99.0 99.00 
2024 04 13 13 20 109  8.7 11.3 99.00 99.00 99.00 999 1008.4  10.0 999.0   7.6 99.0 99.00 
2024 04 13 13 30 109  8.9 11.4 99.00 99.00 99.00 999 1008.5   9.9 999.0   7.3 99.0 99.00 
2024 04 13 13 40 120  9.7 12.6  1.62 12.12  5.60 289 1008.8  10.0 999.0   7.1 99.0 99.00 
2024 04 13 13 50 124  9.2 11.8 99.00 99.00 99.00 999 1008.6   9.9 999.0   7.0 99.0 99.00 
2024 04 13 14 00 109  9.9 12.5 99.00 99.00 99.00 999 1008.7   9.8 999.0   7.0 99.0 99.00 
2024 04 13 14 10  99  8.4 11.1  1.80  5.88  5.72 179 1008.8   9.8 999.0   7.2 99.0 99.00 
2024 04 13 14 20 119  9.2 12.4 99.00 99.00 99.00 999 1008.7  10.2 999.0   7.4 99.0 99.00 
2024 04 13 14 30 125 10.9 13.6 99.00 99.00 99.00 999 1008.9  10.1 999.0   7.3 99.0 99.00 
2024 04 13 14 40 125 10.6 13.3  1.86 12.12  5.68 290 1008.7   9.9 999.0   7.3 99.0 99.00 
2024 04 13 14 50 121 10.2 13.3 99.00 99.00 99.00 999 1008.7   9.9 999.0   7.1 99.0 99.00 
2024 04 13 15 00 115  9.6 12.2 99.00 99.00 99.00 999 1009.0  10.0 999.0   7.4 99.0 99.00 
2024 04 13 15 10 116  9.1 11.5  1.87 11.43  5.70 287 1008.9  10.0 999.0   7.6 99.0 99.00 
2024 04 13 15 20 115  9.3 11.8 99.00 99.00 99.00 999 1008.8  10.0 999.0   7.7 99.0 99.00 
2024 04 13 15 30 109 10.1 12.6 99.00 99.00 99.00 999 1008.8  10.1 999.0   7.5 99.0 99.00 
2024 04 13 15 40 103 10.0 13.2  1.98 10.81  5.81 295 1009.2   9.9 999.0   7.6 99.0 99.00 
2024 04 13 15 50 104  9.9 12.7 99.00 99.00 99.00 999 1009.1   9.8 999.0   7.5 99.0 99.00 
2024 04 13 16 00  99  9.7 12.5 99.00 99.00 99.00 999 1009.0   9.8 999.0   7.6 99.0 99.00 
2024 04 13 16 10 105 10.3 14.7  2.04 11.43  5.89 289 1009.2   9.8 999.0   7.6 99.0 99.00 
2024 04 13 16 20 110  9.9 13.2 99.00 99.00 99.00 999 1009.2   9.8 999.0   7.7 99.0 99.00 
2024 04 13 16 30 112 10.5 13.3 99.00 99.00 99.00 999 1008.9   9.8 999.0   7.6 99.0 99.00 
2024 04 13 16 40 114 10.7 13.6  2.22 12.12  6.07 285 1009.2   9.9 999.0   7.6 99.0 99.00 
2024 04 13 16 50 114 10.9 13.6 99.00 99.00 99.00 999 1009.3   9.8 999.0   7.5 99.0 99.00 
2024 04 13 17 00 111 11.3 14.4 99.00 99.00 99.00 999 1009.2   9.7 999.0   7.5 99.0 99.00 
2024 04 13 17 10 115 11.8 15.2  2.45 12.90  6.31 303 1009.4   9.9 999.0   7.5 99.0 99.00 
2024 04 13 17 20 114 11.2 14.4 99.00 99.00 99.00 999 1009.4   9.8 999.0   7.7 99.0 99.00 
2024 04 13 17 30 117 11.4 14.8 99.00 99.00 99.00 999 1009.6  10.0 999.0   7.7 99.0 99.00 
2024 04 13 17 40 120 11.5 14.7  2.48 10.81  6.13 284 1009.7  10.0 999.0   7.7 99.0 99.00 
2024 04 13 17 50 120 11.9 14.6 99.00 99.00 99.00 999 1009.7  10.0 999.0   7.6 99.0 99.00 
2024 04 13 18 00 120 11.9 14.9 99.00 99.00 99.00 999 1009.8  10.2 999.0   7.6 99.0 99.00 
2024 04 13 18 10 122 11.8 14.9  2.61 12.90  6.14 302 1009.8  10.2 999.0   7.5 99.0 99.00 
2024 04 13 18 20 124 11.5 14.7 99.00 99.00 99.00 999 1009.9  10.3 999.0   7.7 99.0 99.00 
2024 04 13 18 30 123 11.4 14.5 99.00 99.00 99.00 999 1010.0  10.4 999.0   7.7 99.0 99.00 
2024 04 13 18 40 126 11.5 14.3  2.83 12.90  6.31 283 1010.0  10.3 999.0   7.7 99.0 99.00 
2024 04 13 18 50 127 11.3 14.4 99.00 99.00 99.00 999 1010.0  10.3 999.0   7.8 99.0 99.00 
2024 04 13 19 00 127 11.2 14.7 99.00 99.00 99.00 999 1010.0  10.5 999.0   8.0 99.0 99.00 
2024 04 13 19 10 137 12.4 15.4  2.93  6.67  6.44 178 1009.9  10.5 999.0   8.1 99.0 99.00 
2024 04 13 19 20 136 11.8 16.0 99.00 99.00 99.00 999 1009.9  10.4 999.0   8.2 99.0 99.00 
2024 04 13 19 30 133 11.6 15.6 99.00 99.00 99.00 999 1010.1  10.3 999.0   8.3 99.0 99.00 
2024 04 13 19 40 135 13.2 16.6  2.87  6.67  6.28 180 1010.1   9.8 999.0   8.5 99.0 99.00 
2024 04 13 19 50 137 12.6 16.4 99.00 99.00 99.00 999 1010.2   9.7 999.0   8.8 99.0 99.00 
2024 04 13 20 00 135 12.6 16.8 99.00 99.00 99.00 999 1010.3   9.7 999.0   8.9 99.0 99.00 
2024 04 13 20 10 135 11.3 14.9  2.97  7.14  6.29 176 1010.4   9.9 999.0   9.2 99.0 99.00 
2024 04 13 20 20 134 12.3 14.9 99.00 99.00 99.00 999 1010.6   9.8 999.0   9.2 99.0 99.00 
2024 04 13 20 30 140 11.3 16.9 99.00 99.00 99.00 999 1010.4   9.8 999.0   9.3 99.0 99.00 
2024 04 13 20 40 140 12.7 16.3  3.18 12.90  6.44 301 1010.4  10.0 999.0   9.3 99.0 99.00 
2024 04 13 20 50 137 11.8 15.6 99.00 99.00 99.00 999 1010.6  10.0 999.0   9.3 99.0 99.00 
2024 04 13 21 00 142 11.2 14.6 99.00 99.00 99.00 999 1010.5  10.1 999.0   9.3 99.0 99.00 
2024 04 13 21 10 142 12.7 17.1  2.99  7.14  6.39 178 1010.5  10.1 999.0   9.2 99.0 99.00 
2024 04 13 21 20 139 12.9 16.5 99.00 99.00 99.00 999 1010.6  10.1 999.0   9.2 99.0 99.00 
2024 04 13 21 30 138 12.7 16.2 99.00 99.00 99.00 999 1010.7  10.0 999.0   9.2 99.0 99.00 
2024 04 13 21 40 137 11.6 15.0  3.56 12.90  6.65 297 1010.7  10.0 999.0   9.2 99.0 99.00 
2024 04 13 21 50 136 11.4 15.2 99.00 99.00 99.00 999 1010.7  10.0 999.0   9.1 99.0 99.00 
2024 04 13 22 00 136 11.6 14.6 99.00 99.00 99.00 999 1010.6  10.2 999.0   9.2 99.0 99.00 
2024 04 13 22 10 140 11.3 14.5  3.45 12.90  6.73 292 1010.7  10.3 999.0   9.3 99.0 99.00 
2024 04 13 22 20 140 11.3 15.6 99.00 99.00 99.00 999 1010.6  10.3 999.0   9.4 99.0 99.00 
2024 04 13 22 30 139 10.8 13.7 99.00 99.00 99.00 999 1010.8  10.3 999.0   9.4 99.0 99.00 
2024 04 13 22 40 140 10.8 13.7  3.53 12.12  7.12 289 1010.9  10.4 999.0   9.4 99.0 99.00 
2024 04 13 22 50 145 10.8 14.2 99.00 99.00 99.00 999 1010.9  10.5 999.0   9.6 99.0 99.00 
2024 04 13 23 00 142 10.5 13.8 99.00 99.00 99.00 999 1010.9  10.4 999.0   9.6 99.0 99.00 
2024 04 13 23 10 143 10.3 13.7  3.40 12.12  6.77 290 1010.9  10.5 999.0   9.6 99.0 99.00 
2024 04 13 23 20 142 10.6 13.7 99.00 99.00 99.00 999 1010.8  10.6 999.0   9.6 99.0 99.00 
2024 04 13 23 30 140  9.9 13.4 99.00 99.00 99.00 999 1010.8  10.7 999.0   9.7 99.0 99.00 
2024 04 13 23 40 136  9.4 12.0  3.12 11.43  6.77 291 1010.8  10.7 999.0   9.7 99.0 99.00 
2024 04 13 23 50 130  9.2 13.1 99.00 99.00 99.00 999 1010.9  10.8 999.0   9.8 99.0 99.00 
2024 04 14 00 00 129  9.2 13.4 99.00 99.00 99.00 999 1010.9  10.8 999.0   9.8 99.0 99.00 
2024 04 14 00 10 126  9.8 12.6  3.06 11.43  7.04 283 1011.0  10.8 999.0   9.8 99.0 99.00 
2024 04 14 00 20 127  9.8 12.4 99.00 99.00 99.00 999 1011.1  10.9 999.0   9.8 99.0 99.00 
2024 04 14 00 30 128 10.2 13.4 99.00 99.00 99.00 999 1011.1  10.9 999.0   9.7 99.0 99.00 
2024 04 14 00 40 129  9.3 12.6  3.04 12.12  6.95 292 1011.2  11.0 999.0   9.8 99.0 99.00 
2024 04 14 00 50 130  9.2 12.0 99.00 99.00 99.00 999 1011.3  11.0 999.0   9.8 99.0 99.00 
2024 04 14 01 00 130  9.3 12.1 99.00 99.00 99.00 999 1011.4  11.0 999.0   9.9 99.0 99.00 
2024 04 14 01 10 110  9.6 12.9  3.08 12.90  6.95 292 1011.4  10.3 999.0   9.3 99.0 99.00 
2024 04 14 01 20 103 10.8 15.1 99.00 99.00 99.00 999 1011.3   9.6 999.0   8.6 99.0 99.00 
2024 04 14 01 30  95 11.5 15.4 99.00 99.00 99.00 999 1011.3   9.4 999.0   8.4 99.0 99.00 
2024 04 14 01 40  98 12.4 16.3  3.10 12.12  6.94 290 1011.4   9.5 999.0   8.3 99.0 99.00 
2024 04 14 01 50  97 11.6 15.5 99.00 99.00 99.00 999 1011.5   9.5 999.0   8.4 99.0 99.00 
2024 04 14 02 00  95 11.9 15.4 99.00 99.00 99.00 999 1011.5   9.4 999.0   8.2 99.0 99.00 
2024 04 14 02 10  97 11.5 14.9  3.07 12.12  6.82 294 1011.5   9.4 999.0   8.3 99.0 99.00 
2024 04 14 02 20  93 11.3 14.9 99.00 99.00 99.00 999 1011.5   9.4 999.0   8.3 99.0 99.00 
2024 04 14 02 30  93 11.7 15.4 99.00 99.00 99.00 999 1011.6   9.3 999.0   8.1 99.0 99.00 
2024 04 14 02 40  91 11.4 15.0  3.07 12.12  6.78 297 1011.7   9.4 999.0   8.1 99.0 99.00 
2024 04 14 02 50  92 11.6 15.2 99.00 99.00 99.00 999 1011.9   9.4 999.0   8.1 99.0 99.00 
2024 04 14 03 00  89 11.6 14.5 99.00 99.00 99.00 999 1012.0   9.3 999.0   8.0 99.0 99.00 
2024 04 14 03 10  90 11.6 14.9  2.75 12.12  6.56 294 1012.0   9.3 999.0   8.0 99.0 99.00 
2024 04 14 03 20  88 11.6 15.1 99.00 99.00 99.00 999 1012.1   9.4 999.0   8.0 99.0 99.00 
2024 04 14 03 30  87 11.8 14.9 99.00 99.00 99.00 999 1012.2   9.4 999.0   8.1 99.0 99.00 
2024 04 14 03 40  83 12.2 15.7  2.77 10.81  6.45 296 1012.2   9.4 999.0   8.0 99.0 99.00 
2024 04 14 03 50  82 11.7 16.3 99.00 99.00 99.00 999 1012.3   9.5 999.0   8.2 99.0 99.00 
2024 04 14 04 00  82 12.0 15.7 99.00 99.00 99.00 999 1012.5   9.4 999.0   8.1 99.0 99.00 
2024 04 14 04 10  80 12.2 15.3  3.00 12.12  6.93 304 1012.5   9.4 999.0   8.1 99.0 99.00 
2024 04 14 04 20  78 13.0 17.0 99.00 99.00 99.00 999 1012.4   9.3 999.0   7.9 99.0 99.00 
2024 04 14 04 30  80 12.5 16.5 99.00 99.00 99.00 999 1012.6   9.4 999.0   8.0 99.0 99.00 
2024 04 14 04 40  81 12.2 15.4  2.94 11.43  6.66 305 1012.6   9.4 999.0   8.0 99.0 99.00 
2024 04 14 04 50  82 11.8 15.1 99.00 99.00 99.00 999 1012.5   9.4 999.0   8.0 99.0 99.00 
2024 04 14 05 00  82 11.7 15.9 99.00 99.00 99.00 999 1012.7   9.4 999.0   8.1 99.0 99.00 
2024 04 14 05 10  83 11.6 15.3  3.15 12.12  6.98 305 1012.7   9.3 999.0   8.0 99.0 99.00 
2024 04 14 05 20  83 11.7 14.8 99.00 99.00 99.00 999 1012.7   9.3 999.0   8.0 99.0 99.00 
2024 04 14 05 30  84 10.8 14.0 99.00 99.00 99.00 999 1012.7   9.4 999.0   8.1 99.0 99.00 
2024 04 14 05 40  80 11.3 14.7  3.08 12.12  6.97 310 1012.6   9.3 999.0   8.0 99.0 99.00 
2024 04 14 05 50  79 11.6 14.6 99.00 99.00 99.00 999 1012.7   9.2 999.0   7.8 99.0 99.00 
2024 04 14 06 00  78 11.4 14.9 99.00 99.00 99.00 999 1012.9   9.2 999.0   7.8 99.0 99.00 
2024 04 14 06 10  75 11.9 14.9  2.83 11.43  6.68 316 1013.1   9.2 999.0   7.6 99.0 99.00 
2024 04 14 06 20  72 11.5 14.4 99.00 99.00 99.00 999 1013.3   9.3 999.0   7.5 99.0 99.00 
2024 04 14 06 30  69 10.5 14.6 99.00 99.00 99.00 999 1013.5   9.4 999.0   7.6 99.0 99.00 
2024 04 14 06 40  71 10.8 13.9  2.84 12.12  6.60 310 1013.6   9.4 999.0   7.4 99.0 99.00 
2024 04 14 06 50  73 10.4 13.8 99.00 99.00 99.00 999 1013.8   9.5 999.0   7.4 99.0 99.00 
2024 04 14 07 00  65 10.3 12.8 99.00 99.00 99.00 999 1014.0   9.6 999.0   7.4 99.0 99.00 
2024 04 14 07 10  59  9.5 12.3  2.93 11.43  7.25 314 1014.2   9.6 999.0   7.4 99.0 99.00 
2024 04 14 07 20  50  9.0 11.8 99.00 99.00 99.00 999 1014.4   9.6 999.0   7.5 99.0 99.00 
2024 04 14 07 30  45  9.3 11.6 99.00 99.00 99.00 999 1014.4   9.6 999.0   7.5 99.0 99.00 
2024 04 14 07 40  45  9.1 11.7  2.90 11.43  7.28 314 1014.5   9.7 999.0   7.7 99.0 99.00 
2024 04 14 07 50  47  9.7 12.8 99.00 99.00 99.00 999 1014.4   9.6 999.0   7.4 99.0 99.00 
2024 04 14 08 00  48  9.1 11.5 99.00 99.00 99.00 999 1014.4   9.7 999.0   7.5 99.0 99.00 
2024 04 14 08 10  53  8.9 11.0  2.83 11.43  7.29 308 1014.4   9.7 999.0   7.5 99.0 99.00 
2024 04 14 08 20  60  9.6 12.9 99.00 99.00 99.00 999 1014.5   9.7 999.0   7.2 99.0 99.00 
2024 04 14 08 30  63  9.4 11.7 99.00 99.00 99.00 999 1014.5   9.8 999.0   7.4 99.0 99.00 
2024 04 14 08 40  61  8.8 11.4  2.99 11.43  7.74 308 1014.3   9.7 999.0   7.2 99.0 99.00 
2024 04 14 08 50  62  8.1 10.3 99.00 99.00 99.00 999 1014.2   9.8 999.0   7.3 99.0 99.00 
2024 04 14 09 00  69  8.4 11.3 99.00 99.00 99.00 999 1014.1   9.8 999.0   7.4 99.0 99.00 
2024 04 14 09 10  71  9.1 11.1  2.89 11.43  7.73 311 1013.8   9.7 999.0   7.2 99.0 99.00 
2024 04 14 09 20  71  8.6 11.3 99.00 99.00 99.00 999 1013.8   9.7 999.0   7.4 99.0 99.00 
2024 04 14 09 30  75  9.4 12.1 99.00 99.00 99.00 999 1013.8   9.6 999.0   7.3 99.0 99.00 
2024 04 14 09 40  71  9.1 11.6  2.91 11.43  7.54 311 1014.1   9.4 999.0   7.1 99.0 99.00 
2024 04 14 09 50  67  8.6 10.8 99.00 99.00 99.00 999 1014.3   9.3 999.0   7.0 99.0 99.00 
2024 04 14 10 00  62  8.1 10.6 99.00 99.00 99.00 999 1014.4   9.3 999.0   7.1 99.0 99.00 
2024 04 14 10 10  58  8.3 10.6  2.80 10.81  7.59 308 1014.5   9.3 999.0   7.1 99.0 99.00 
2024 04 14 10 20  61  8.0  9.9 99.00 99.00 99.00 999 1014.4   9.3 999.0   7.2 99.0 99.00 
2024 04 14 10 30  60  8.2  9.8 99.00 99.00 99.00 999 1014.7   9.3 999.0   7.1 99.0 99.00 
2024 04 14 10 40  59  8.0  9.8  2.37 10.81  7.15 309 1014.9   9.4 999.0   7.0 99.0 99.00 
2024 04 14 10 50  57  7.3  9.6 99.00 99.00 99.00 999 1015.0   9.5 999.0   7.1 99.0 99.00 
2024 04 14 11 00  48  7.5  9.2 99.00 99.00 99.00 999 1014.9   9.5 999.0   7.1 99.0 99.00 
2024 04 14 11 10  50  7.5  9.6  2.72 11.43  7.84 308 1015.1   9.5 999.0   7.1 99.0 99.00 
2024 04 14 11 20  44  7.3  9.5 99.00 99.00 99.00 999 1015.0   9.4 999.0   7.2 99.0 99.00 
2024 04 14 11 30  44  8.0 10.2 99.00 99.00 99.00 999 1015.2   9.3 999.0   7.1 99.0 99.00 
2024 04 14 11 40  49  6.9  9.1  2.72 11.43  7.90 307 1015.3   9.4 999.0   7.1 99.0 99.00 
2024 04 14 11 50  58  6.4  7.9 99.00 99.00 99.00 999 1015.4   9.4 999.0   6.9 99.0 99.00 
2024 04 14 12 00  65  5.7  7.6 99.00 99.00 99.00 999 1015.4   9.5 999.0   7.1 99.0 99.00 
2024 04 14 12 10  76  6.1  7.9  2.45 10.81  7.54 316 1015.4   9.6 999.0   7.2 99.0 99.00 
2024 04 14 12 20  74  5.8  7.5 99.00 99.00 99.00 999 1015.8   9.4 999.0   7.1 99.0 99.00 
2024 04 14 12 30  67  5.9  7.6 99.00 99.00 99.00 999 1016.1   9.4 999.0   7.0 99.0 99.00 
2024 04 14 12 40  73  5.6  7.2  2.24 11.43  7.53 298 1016.4   9.3 999.0   7.1 99.0 99.00 
2024 04 14 12 50  73  5.8  7.7 99.00 99.00 99.00 999 1016.5   9.1 999.0   6.9 99.0 99.00 
2024 04 14 13 00  76  5.3  6.8 99.00 99.00 99.00 999 1016.6   9.1 999.0   7.0 99.0 99.00 
2024 04 14 13 10  73  5.2  6.9  2.47 10.81  8.12 306 1016.7   9.1 999.0   6.9 99.0 99.00 
2024 04 14 13 20  74  4.8  6.4 99.00 99.00 99.00 999 1016.8   9.1 999.0   7.0 99.0 99.00 
2024 04 14 13 30  79  5.1  7.2 99.00 99.00 99.00 999 1016.8   9.1 999.0   7.0 99.0 99.00 
2024 04 14 13 40  74  5.1  6.6  2.24 10.81  7.82 311 1017.2   9.2 999.0   7.1 99.0 99.00 
2024 04 14 13 50  73  4.3  6.8 99.00 99.00 99.00 999 1017.6   9.1 999.0   6.9 99.0 99.00 
2024 04 14 14 00  65  4.1  6.0 99.00 99.00 99.00 999 1017.9   9.2 999.0   6.9 99.0 99.00 
2024 04 14 14 10  64  4.0  5.4  2.34 11.43  8.33 307 1018.1   9.3 999.0   7.0 99.0 99.00 
2024 04 14 14 20  58  3.8  5.3 99.00 99.00 99.00 999 1018.2   9.3 999.0   7.0 99.0 99.00 
2024 04 14 14 30  48  3.5  4.4 99.00 99.00 99.00 999 1018.3   9.5 999.0   7.2 99.0 99.00 
2024 04 14 14 40  47  3.1  4.4  2.17 11.43  7.98 298 1018.5   9.7 999.0   7.4 99.0 99.00 
2024 04 14 14 50  46  3.4  4.6 99.00 99.00 99.00 999 1018.7   9.7 999.0   7.3 99.0 99.00 
2024 04 14 15 00  41  3.7  5.1 99.00 99.00 99.00 999 1019.0   9.9 999.0   7.4 99.0 99.00 
2024 04 14 15 10  42  5.2  7.4  2.24 10.81  8.36 302 1019.1  10.0 999.0   7.3 99.0 99.00 
2024 04 14 15 20  38  6.0  7.4 99.00 99.00 99.00 999 1019.2  10.1 999.0   7.4 99.0 99.00 
2024 04 14 15 30  42  5.6  7.5 99.00 99.00 99.00 999 1019.2  10.0 999.0   7.4 99.0 99.00 
2024 04 14 15 40  48  5.4  7.0  2.33 10.81  8.21 299 1019.1  10.0 999.0   7.5 99.0 99.00 
2024 04 14 15 50  57  5.2  6.3 99.00 99.00 99.00 999 1018.8   9.9 999.0   7.5 99.0 99.00 
2024 04 14 16 00  64  4.7  6.5 99.00 99.00 99.00 999 1018.6   9.8 999.0   7.3 99.0 99.00 
2024 04 14 16 10  55  4.2  5.3  2.29 10.81  8.30 305 1018.7   9.9 999.0   7.2 99.0 99.00 
2024 04 14 16 20  58  4.3  6.1 99.00 99.00 99.00 999 1018.8   9.9 999.0   7.3 99.0 99.00 
2024 04 14 16 30  53  4.5  6.4 99.00 99.00 99.00 999 1018.9  10.0 999.0   7.2 99.0 99.00 
2024 04 14 16 40  54  4.3  5.4  2.24 10.81  8.32 308 1019.0  10.0 999.0   7.2 99.0 99.00 
2024 04 14 16 50  56  4.2  5.3 99.00 99.00 99.00 999 1019.2  10.0 999.0   7.3 99.0 99.00 
2024 04 14 17 00  47  4.0  4.9 99.00 99.00 99.00 999 1019.4  10.1 999.0   7.6 99.0 99.00 
2024 04 14 17 10  37  4.0  5.2  1.99 10.81  8.26 298 1019.6  10.1 999.0   7.7 99.0 99.00 
2024 04 14 17 20  22  3.7  4.9 99.00 99.00 99.00 999 1020.0  10.1 999.0   7.8 99.0 99.00 
2024 04 14 17 30  14  3.6  4.8 99.00 99.00 99.00 999 1020.2  10.1 999.0   7.8 99.0 99.00 
2024 04 14 17 40  20  3.7  4.9  2.36 10.81  8.64 303 1020.4  10.0 999.0   7.8 99.0 99.00 
2024 04 14 17 50  16  3.6  4.5 99.00 99.00 99.00 999 1020.5  10.0 999.0   7.9 99.0 99.00 
2024 04 14 18 00   3  3.4  4.5 99.00 99.00 99.00 999 1020.7  10.0 999.0   8.1 99.0 99.00 
2024 04 14 18 10 349  3.0  4.3  2.08 10.00  8.42 297 1020.8  10.0 999.0   8.1 99.0 99.00 
2024 04 14 18 20 335  3.0  4.2 99.00 99.00 99.00 999 1020.8  10.0 999.0   8.0 99.0 99.00 
2024 04 14 18 30 328  2.9  4.5 99.00 99.00 99.00 999 1020.9  10.0 999.0   7.9 99.0 99.00 
2024 04 14 18 40 324  2.9  4.2  2.33 10.81  8.75 303 1020.9   9.9 999.0   7.7 99.0 99.00 
2024 04 14 18 50 337  2.8  4.1 99.00 99.00 99.00 999 1020.8  10.0 999.0   7.8 99.0 99.00 
2024 04 14 19 00 332  2.3  3.7 99.00 99.00 99.00 999 1020.9  10.0 999.0   7.8 99.0 99.00 
2024 04 14 19 10 314  2.4  3.5  1.81 10.81  8.07 302 1020.9  10.1 999.0   8.0 99.0 99.00 
2024 04 14 19 20 300  2.8  4.1 99.00 99.00 99.00 999 1020.8  10.1 999.0   8.0 99.0 99.00 
2024 04 14 19 30 295  3.0  4.1 99.00 99.00 99.00 999 1020.8  10.1 999.0   8.0 99.0 99.00 
2024 04 14 19 40 291  3.2  4.2  1.81 10.81  8.18 293 1020.8  10.2 999.0   8.2 99.0 99.00 
2024 04 14 19 50 287  3.3  4.7 99.00 99.00 99.00 999 1020.8  10.1 999.0   8.1 99.0 99.00 
2024 04 14 20 00 289  3.1  4.3 99.00 99.00 99.00 999 1020.8  10.2 999.0   8.1 99.0 99.00 
2024 04 14 20 10 288  2.9  4.3  2.12 10.00  8.61 304 1020.8  10.3 999.0   8.3 99.0 99.00 
2024 04 14 20 20 292  2.7  4.2 99.00 99.00 99.00 999 1020.8  10.3 999.0   8.3 99.0 99.00 
2024 04 14 20 30 293  3.0  3.9 99.00 99.00 99.00 999 1020.8  10.4 999.0   8.4 99.0 99.00 
2024 04 14 20 40 294  2.9  4.0  1.90 10.81  8.60 305 1020.8  10.4 999.0   8.4 99.0 99.00 
2024 04 14 20 50 291  2.9  3.8 99.00 99.00 99.00 999 1020.9  10.5 999.0   8.5 99.0 99.00 
2024 04 14 21 00 289  2.9  4.0 99.00 99.00 99.00 999 1020.9  10.5 999.0   8.5 99.0 99.00 
2024 04 14 21 10 285  3.2  4.4  1.80 10.81  8.23 293 1020.9  10.5 999.0   8.5 99.0 99.00 
2024 04 14 21 20 283  3.9  5.5 99.00 99.00 99.00 999 1021.0  10.6 999.0   8.7 99.0 99.00 
2024 04 14 21 30 282  4.4  5.6 99.00 99.00 99.00 999 1021.0  10.5 999.0   8.7 99.0 99.00 
2024 04 14 21 40 284  4.6  6.0  2.03 10.00  8.83 303 1020.9  10.5 999.0   8.6 99.0 99.00 
2024 04 14 21 50 285  4.1  5.3 99.00 99.00 99.00 999 1020.7  10.6 999.0   8.7 99.0 99.00 
2024 04 14 22 00 282  3.9  5.4 99.00 99.00 99.00 999 1020.7  10.6 999.0   8.6 99.0 99.00 
2024 04 14 22 10 282  3.8  5.1  1.71 10.00  8.42 314 1020.8  10.7 999.0   8.5 99.0 99.00 
2024 04 14 22 20 277  4.1  5.4 99.00 99.00 99.00 999 1020.9  10.8 999.0   8.6 99.0 99.00 
2024 04 14 22 30 280  4.1  5.4 99.00 99.00 99.00 999 1020.8  10.8 999.0   8.5 99.0 99.00 
2024 04 14 22 40 278  4.0  5.6  1.73 10.00  8.27 308 1020.7  10.8 999.0   8.5 99.0 99.00 
2024 04 14 22 50 282  4.3  5.4 99.00 99.00 99.00 999 1020.6  10.9 999.0   8.5 99.0 99.00 
2024 04 14 23 00 275  4.1  5.3 99.00 99.00 99.00 999 1020.5  10.9 999.0   8.7 99.0 99.00 
2024 04 14 23 10 272  4.2  5.6  1.90 10.00  8.70 315 1020.5  10.9 999.0   9.0 99.0 99.00 
2024 04 14 23 20 273  3.9  5.0 99.00 99.00 99.00 999 1020.5  10.9 999.0   9.1 99.0 99.00 
2024 04 14 23 30 267  3.6  4.8 99.00 99.00 99.00 999 1020.4  10.9 999.0   9.0 99.0 99.00 
2024 04 14 23 40 260  3.7  5.0  1.97 10.00  8.72 315 1020.4  11.0 999.0   9.1 99.0 99.00 
2024 04 14 23 50 261  4.0  5.5 99.00 99.00 99.00 999 1020.3  11.1 999.0   9.2 99.0 99.00 
2024 04 15 00 00 266  3.6  4.6 99.00 99.00 99.00 999 1020.3  11.1 999.0   9.2 99.0 99.00 
2024 04 15 00 10 268  4.2  5.6  2.02 10.00  8.42 312 1020.4  11.2 999.0   9.4 99.0 99.00 
2024 04 15 00 20 265  3.9  5.5 99.00 99.00 99.00 999 1020.5  11.0 999.0   9.3 99.0 99.00 
2024 04 15 00 30 270  3.4  5.2 99.00 99.00 99.00 999 1020.6  10.7 999.0   9.4 99.0 99.00 
2024 04 15 00 40 276  2.8  4.2  2.01 10.00  8.64 315 1020.5  10.7 999.0   9.5 99.0 99.00 
2024 04 15 00 50 289  2.7  3.7 99.00 99.00 99.00 999 1020.6  10.7 999.0   9.6 99.0 99.00 
2024 04 15 01 00 300  1.9  2.9 99.00 99.00 99.00 999 1020.6  10.7 999.0   9.6 99.0 99.00 
2024 04 15 01 10 318  1.7  2.9  1.89 10.00  8.40 310 1020.5  10.7 999.0   9.6 99.0 99.00 
2024 04 15 01 20 324  1.6  3.1 99.00 99.00 99.00 999 1020.5  10.7 999.0   9.6 99.0 99.00 
2024 04 15 01 30 321  1.1  2.5 99.00 99.00 99.00 999 1020.3  10.7 999.0   9.7 99.0 99.00 
2024 04 15 01 40 313  0.8  2.0  1.93 10.00  8.35 318 1020.4  10.6 999.0   9.7 99.0 99.00 
2024 04 15 01 50 318  0.5  1.7 99.00 99.00 99.00 999 1020.2  10.5 999.0   9.8 99.0 99.00 
2024 04 15 02 00 355  0.2  1.1 99.00 99.00 99.00 999 1020.2  10.5 999.0   9.8 99.0 99.00 
2024 04 15 02 10  42  0.4  1.3  1.87 10.00  8.39 319 1020.2  10.4 999.0   9.7 99.0 99.00 
2024 04 15 02 20  50  0.5  2.0 99.00 99.00 99.00 999 1020.1  10.4 999.0   9.8 99.0 99.00 
2024 04 15 02 30 347  0.9  1.8 99.00 99.00 99.00 999 1020.2  10.4 999.0   9.8 99.0 99.00 
2024 04 15 02 40   7  0.7  1.4  1.90 10.00  8.21 312 1020.2  10.4 999.0   9.9 99.0 99.00 
2024 04 15 02 50 329  0.9  1.9 99.00 99.00 99.00 999 1020.2  10.3 999.0   9.8 99.0 99.00 
2024 04 15 03 00 357  1.4  3.0 99.00 99.00 99.00 999 1020.3  10.3 999.0   9.8 99.0 99.00 
2024 04 15 03 10 350  2.2  3.7  1.94 10.00  8.12 315 1020.2  10.3 999.0   9.8 99.0 99.00 
2024 04 15 03 20 345  1.8  3.5 99.00 99.00 99.00 999 1020.2  10.3 999.0   9.8 99.0 99.00 
2024 04 15 03 30 328  1.7  3.0 99.00 99.00 99.00 999 1020.3  10.3 999.0   9.8 99.0 99.00 
2024 04 15 03 40 323  2.1  3.5  1.90 10.81  7.80 300 1020.4  10.3 999.0   9.8 99.0 99.00 
2024 04 15 03 50 315  3.0  5.1 99.00 99.00 99.00 999 1020.6  10.4 999.0   9.9 99.0 99.00 
2024 04 15 04 00 320  3.3  4.6 99.00 99.00 99.00 999 1020.7  10.4 999.0   9.9 99.0 99.00 
2024 04 15 04 10 325  3.7  6.0  1.82  9.09  7.68 303 1020.8  10.3 999.0   9.8 99.0 99.00 
2024 04 15 04 20 330  4.0  5.3 99.00 99.00 99.00 999 1020.9  10.3 999.0   9.8 99.0 99.00 
2024 04 15 04 30 333  3.8  5.4 99.00 99.00 99.00 999 1021.0  10.4 999.0   9.9 99.0 99.00 
2024 04 15 04 40 331  4.7  6.3  1.98 10.00  7.56 300 1020.9  10.3 999.0   9.8 99.0 99.00 
2024 04 15 04 50 328  4.7  6.2 99.00 99.00 99.00 999 1021.0  10.4 999.0   9.7 99.0 99.00 
2024 04 15 05 00 323  5.3  7.2 99.00 99.00 99.00 999 1020.9  10.4 999.0   9.7 99.0 99.00 
2024 04 15 05 10 323  6.1  8.3  1.94 10.00  7.06 302 1020.9  10.5 999.0   9.8 99.0 99.00 
2024 04 15 05 20 324  6.6  8.8 99.00 99.00 99.00 999 1021.0  10.5 999.0   9.7 99.0 99.00 
2024 04 15 05 30 323  7.4  9.5 99.00 99.00 99.00 999 1021.0  10.6 999.0   9.7 99.0 99.00 
2024 04 15 05 40 323  7.9 10.7  1.88 10.00  6.55 309 1020.9  10.6 999.0   9.8 99.0 99.00 
2024 04 15 05 50 325  8.5 10.5 99.00 99.00 99.00 999 1020.9  10.6 999.0   9.7 99.0 99.00 
2024 04 15 06 00 327  8.3 10.5 99.00 99.00 99.00 999 1020.8  10.7 999.0   9.6 99.0 99.00 
2024 04 15 06 10 328  8.8 10.9  2.13  8.33  6.47 298 1020.9  10.8 999.0   9.6 99.0 99.00 
2024 04 15 06 20 321  8.4 10.5 99.00 99.00 99.00 999 1020.8  10.7 999.0   9.8 99.0 99.00 
2024 04 15 06 30 320  7.9 10.1 99.00 99.00 99.00 999 1020.8  10.7 999.0   9.9 99.0 99.00 
2024 04 15 06 40 322  7.9 10.2  2.13 10.00  6.24 305 1020.8  10.6 999.0   9.8 99.0 99.00 
2024 04 15 06 50 323  8.3 10.6 99.00 99.00 99.00 999 1020.6  10.6 999.0   9.6 99.0 99.00 
2024 04 15 07 00 319  9.0 11.2 99.00 99.00 99.00 999 1020.5  10.6 999.0   9.6 99.0 99.00 
2024 04 15 07 10 320  9.5 11.6  2.16  9.09  6.10 306 1020.6  10.6 999.0   9.6 99.0 99.00 
2024 04 15 07 20 320  9.3 11.2 99.00 99.00 99.00 999 1020.5  10.6 999.0   9.6 99.0 99.00 
2024 04 15 07 30 324  9.2 11.5 99.00 99.00 99.00 999 1020.5  10.6 999.0   9.6 99.0 99.00 
2024 04 15 07 40 321  8.6 10.6  2.28 10.00  6.34 311 1020.5  10.7 999.0   9.6 99.0 99.00 
2024 04 15 07 50 320  8.8 10.7 99.00 99.00 99.00 999 1020.4  10.7 999.0   9.4 99.0 99.00 
2024 04 15 08 00 318  8.7 10.7 99.00 99.00 99.00 999 1020.3  10.7 999.0   9.4 99.0 99.00 
2024 04 15 08 10 322  8.1 10.4  2.06 10.00  6.15 303 1020.3  10.7 999.0   9.5 99.0 99.00 
2024 04 15 08 20 325  7.8  9.9 99.00 99.00 99.00 999 1020.5  10.7 999.0   9.6 99.0 99.00 
2024 04 15 08 30 326  8.0  9.7 99.00 99.00 99.00 999 1020.5  10.7 999.0   9.6 99.0 99.00 
2024 04 15 08 40 326  8.3 10.7  2.10 10.00  6.13 313 1020.5  10.7 999.0   9.6 99.0 99.00 
2024 04 15 08 50 325  8.7 11.3 99.00 99.00 99.00 999 1020.5  10.7 999.0   9.6 99.0 99.00 
2024 04 15 09 00 326  8.7 11.2 99.00 99.00 99.00 999 1020.4  10.7 999.0   9.6 99.0 99.00 
2024 04 15 09 10 327  8.3 10.7  2.05  9.09  6.15 302 1020.3  10.7 999.0   9.7 99.0 99.00 
2024 04 15 09 20 330  8.5 10.6 99.00 99.00 99.00 999 1020.2  10.7 999.0   9.6 99.0 99.00 
2024 04 15 09 30 330  8.8 10.6 99.00 99.00 99.00 999 1020.3  10.6 999.0   9.5 99.0 99.00 
2024 04 15 09 40 330  8.7 10.3  2.02  9.09  5.95 304 1020.3  10.5 999.0   9.4 99.0 99.00 
2024 04 15 09 50 330  8.2 11.2 99.00 99.00 99.00 999 1020.4  10.5 999.0   9.5 99.0 99.00 
2024 04 15 10 00 330  7.5 10.3 99.00 99.00 99.00 999 1020.5  10.5 999.0   9.6 99.0 99.00 
2024 04 15 10 10 333  7.8 10.0  1.90  7.69  5.91 292 1020.5  10.4 999.0   9.5 99.0 99.00 
2024 04 15 10 20 327  7.7  9.7 99.00 99.00 99.00 999 1020.5  10.5 999.0   9.6 99.0 99.00 
2024 04 15 10 30 323  8.1  9.8 99.00 99.00 99.00 999 1020.4  10.4 999.0   9.5 99.0 99.00 
2024 04 15 10 40 323  7.9  9.7  2.02 10.00  6.11 305 1020.5  10.5 999.0   9.5 99.0 99.00 
2024 04 15 10 50 324  8.0 10.1 99.00 99.00 99.00 999 1020.3  10.4 999.0   9.4 99.0 99.00 
2024 04 15 11 00 330  7.4  9.1 99.00 99.00 99.00 999 1020.2  10.4 999.0   9.3 99.0 99.00 
2024 04 15 11 10 328  7.9  9.6  1.97 10.00  5.94 303 1020.2  10.4 999.0   9.1 99.0 99.00 
2024 04 15 11 20 325  7.6  9.8 99.00 99.00 99.00 999 1020.4  10.5 999.0   9.0 99.0 99.00 
2024 04 15 11 30 325  7.9  9.7 99.00 99.00 99.00 999 1020.4  10.6 999.0   8.9 99.0 99.00 
2024 04 15 11 40 322  7.8 10.2  1.89  8.33  5.94 312 1020.4  10.7 999.0   9.2 99.0 99.00 
2024 04 15 11 50 321  8.2 10.7 99.00 99.00 99.00 999 1020.4  10.6 999.0   9.3 99.0 99.00 
2024 04 15 12 00 322  8.7 10.5 99.00 99.00 99.00 999 1020.4  10.5 999.0   9.2 99.0 99.00 
2024 04 15 12 10 324  8.4 10.6  1.95 10.00  5.87 303 1020.3  10.5 999.0   9.1 99.0 99.00 
2024 04 15 12 20 327  7.9  9.5 99.00 99.00 99.00 999 1020.4  10.5 999.0   9.0 99.0 99.00 
2024 04 15 12 30 328  8.2 10.2 99.00 99.00 99.00 999 1020.4  10.5 999.0   8.7 99.0 99.00 
2024 04 15 12 40 328  7.9  9.7  2.01 10.00  6.26 307 1020.5  10.6 999.0   8.9 99.0 99.00 
2024 04 15 12 50 326  7.6  9.1 99.00 99.00 99.00 999 1020.6  10.5 999.0   8.8 99.0 99.00 
2024 04 15 13 00 323  7.5  9.0 99.00 99.00 99.00 999 1020.7  10.5 999.0   8.8 99.0 99.00 
2024 04 15 13 10 322  7.4  9.1  1.85  9.09  5.80 311 1020.8  10.5 999.0   8.9 99.0 99.00 
2024 04 15 13 20 322  7.1  8.8 99.00 99.00 99.00 999 1021.0  10.4 999.0   8.8 99.0 99.00 
2024 04 15 13 30 323  8.0 10.0 99.00 99.00 99.00 999 1021.3  10.4 999.0   8.7 99.0 99.00 
2024 04 15 13 40 328  8.3 10.3  1.93  8.33  5.98 303 1021.3  10.5 999.0   8.8 99.0 99.00 
2024 04 15 13 50 331  8.3 10.3 99.00 99.00 99.00 999 1021.4  10.5 999.0   8.8 99.0 99.00 
2024 04 15 14 00 333  8.0 10.5 99.00 99.00 99.00 999 1021.5  10.6 999.0   8.9 99.0 99.00 
2024 04 15 14 10 333  8.6 10.3  1.88  9.09  5.88 308 1021.6  10.6 999.0   8.7 99.0 99.00 
2024 04 15 14 20 332  8.9 11.0 99.00 99.00 99.00 999 1021.8  10.7 999.0   8.7 99.0 99.00 
2024 04 15 14 30 335  8.8 10.5 99.00 99.00 99.00 999 1021.8  10.7 999.0   8.6 99.0 99.00 
2024 04 15 14 40 334  8.4 11.1  2.05 10.00  5.96 309 1022.0  10.7 999.0   8.6 99.0 99.00 
2024 04 15 14 50 332  8.7 11.0 99.00 99.00 99.00 999 1022.2  10.7 999.0   8.7 99.0 99.00 
2024 04 15 15 00 331  8.8 11.4 99.00 99.00 99.00 999 1022.3  10.7 999.0   8.8 99.0 99.00 
2024 04 15 15 10 333  8.4 10.3  1.97 10.00  6.16 310 1022.3  10.7 999.0   8.8 99.0 99.00 
2024 04 15 15 20 332  8.5 10.3 99.00 99.00 99.00 999 1022.4  10.7 999.0   8.7 99.0 99.00 
2024 04 15 15 30 330  8.0 10.5 99.00 99.00 99.00 999 1022.5  10.8 999.0   8.9 99.0 99.00 
2024 04 15 15 40 330  8.8 11.1  1.93  8.33  6.02 300 1022.6  10.7 999.0   8.8 99.0 99.00 
2024 04 15 15 50 330  8.2 10.0 99.00 99.00 99.00 999 1022.7  10.8 999.0   9.0 99.0 99.00 
2024 04 15 16 00 332  7.9  9.8 99.00 99.00 99.00 999 1022.7  10.8 999.0   9.0 99.0 99.00 
2024 04 15 16 10 337  7.7  9.5  1.96 12.12  6.05 316 1022.9  10.8 999.0   9.0 99.0 99.00 
2024 04 15 16 20 337  8.2  9.8 99.00 99.00 99.00 999 1022.9  10.8 999.0   9.0 99.0 99.00 
2024 04 15 16 30 334  8.0  9.8 99.00 99.00 99.00 999 1022.9  10.8 999.0   9.0 99.0 99.00 
2024 04 15 16 40 331  8.0 10.2  2.01 10.00  5.93 309 1022.9  10.9 999.0   9.2 99.0 99.00 
2024 04 15 16 50 335  8.5 10.7 99.00 99.00 99.00 999 1023.1  10.9 999.0   9.2 99.0 99.00 
2024 04 15 17 00 338  8.2 10.2 99.00 99.00 99.00 999 1023.0  10.9 999.0   9.2 99.0 99.00 
2024 04 15 17 10 339  7.5 10.0  2.05 11.43  6.05 317 1023.3  10.9 999.0   9.3 99.0 99.00 
2024 04 15 17 20 339  8.2  9.9 99.00 99.00 99.00 999 1023.3  10.9 999.0   9.2 99.0 99.00 
2024 04 15 17 30 340  7.7  9.1 99.00 99.00 99.00 999 1023.2  10.9 999.0   9.3 99.0 99.00 
2024 04 15 17 40 342  6.9  8.5  2.06 10.00  6.03 307 1023.3  10.9 999.0   9.4 99.0 99.00 
2024 04 15 17 50 341  7.0  8.9 99.00 99.00 99.00 999 1023.4  11.0 999.0   9.5 99.0 99.00 
2024 04 15 18 00 341  6.8  8.6 99.00 99.00 99.00 999 1023.4  11.0 999.0   9.6 99.0 99.00 
2024 04 15 18 10 339  6.9  8.6  1.99  7.14  5.79 306 1023.3  11.0 999.0   9.6 99.0 99.00 
2024 04 15 18 20 335  6.7  8.5 99.00 99.00 99.00 999 1023.3  11.0 999.0   9.6 99.0 99.00 
2024 04 15 18 30 330  6.9  8.8 99.00 99.00 99.00 999 1023.4  11.0 999.0   9.6 99.0 99.00 
2024 04 15 18 40 328  6.9  8.7  1.95 10.00  6.04 304 1023.4  11.0 999.0   9.6 99.0 99.00 
2024 04 15 18 50 327  6.8  8.7 99.00 99.00 99.00 999 1023.4  11.1 999.0   9.7 99.0 99.00 
2024 04 15 19 00 324  6.6  9.1 99.00 99.00 99.00 999 1023.4  11.1 999.0   9.7 99.0 99.00 
2024 04 15 19 10 322  6.7  8.8  2.04  9.09  6.24 307 1023.4  11.1 999.0   9.7 99.0 99.00 
2024 04 15 19 20 322  6.6  8.5 99.00 99.00 99.00 999 1023.4  11.1 999.0   9.8 99.0 99.00 
2024 04 15 19 30 323  6.5  8.3 99.00 99.00 99.00 999 1023.3  11.1 999.0   9.8 99.0 99.00 
2024 04 15 19 40 321  6.6  8.2  1.98  9.09  6.13 305 1023.4  11.1 999.0   9.8 99.0 99.00 
2024 04 15 19 50 319  6.4  8.1 99.00 99.00 99.00 999 1023.4  11.1 999.0   9.8 99.0 99.00 
2024 04 15 20 00 321  5.9  7.7 99.00 99.00 99.00 999 1023.3  11.2 999.0   9.9 99.0 99.00 
2024 04 15 20 10 330  5.8  7.2  2.05 11.43  6.22 300 1023.2  11.2 999.0   9.9 99.0 99.00 
2024 04 15 20 20 330  5.9  7.5 99.00 99.00 99.00 999 1023.0  11.2 999.0   9.9 99.0 99.00 
2024 04 15 20 30 327  5.8  7.1 99.00 99.00 99.00 999 1023.0  11.2 999.0   9.9 99.0 99.00 
2024 04 15 20 40 330  6.0  7.5  2.04 11.43  6.36 311 1022.9  11.2 999.0   9.8 99.0 99.00 
2024 04 15 20 50 331  6.0  7.5 99.00 99.00 99.00 999 1022.8  11.2 999.0   9.8 99.0 99.00 
2024 04 15 21 00 331  6.7  8.3 99.00 99.00 99.00 999 1022.9  11.2 999.0   9.7 99.0 99.00 
2024 04 15 21 10 332  6.5  8.6  1.96  7.14  6.36 304 1022.8  11.3 999.0   9.8 99.0 99.00 
2024 04 15 21 20 331  6.0  7.5 99.00 99.00 99.00 999 1022.8  11.3 999.0   9.9 99.0 99.00 
2024 04 15 21 30 328  6.1  7.7 99.00 99.00 99.00 999 1022.8  11.3 999.0   9.8 99.0 99.00 
2024 04 15 21 40 325  6.7  8.6  2.08  8.33  6.35 300 1022.8  11.3 999.0   9.7 99.0 99.00 
2024 04 15 21 50 321  6.7  8.1 99.00 99.00 99.00 999 1022.8  11.3 999.0   9.8 99.0 99.00 
2024 04 15 22 00 319  6.9  8.5 99.00 99.00 99.00 999 1022.8  11.3 999.0   9.8 99.0 99.00 
2024 04 15 22 10 320  7.1  9.2  2.00  7.69  6.29 312 1022.7  11.3 999.0   9.8 99.0 99.00 
2024 04 15 22 20 320  7.2  9.6 99.00 99.00 99.00 999 1022.7  11.3 999.0   9.7 99.0 99.00 
2024 04 15 22 30 322  6.9  9.3 99.00 99.00 99.00 999 1022.4  11.3 999.0   9.8 99.0 99.00 
2024 04 15 22 40 323  7.0  9.1  2.07 11.43  6.31 315 1022.4  11.3 999.0   9.7 99.0 99.00 
2024 04 15 22 50 324  6.8  8.7 99.00 99.00 99.00 999 1022.3  11.3 999.0   9.8 99.0 99.00 
2024 04 15 23 00 321  6.5  8.2 99.00 99.00 99.00 999 1022.2  11.4 999.0   9.9 99.0 99.00 
2024 04 15 23 10 318  7.1  9.1  2.02  7.69  6.15 308 1022.1  11.4 999.0  10.0 99.0 99.00 
2024 04 15 23 20 323  6.7  8.7 99.00 99.00 99.00 999 1022.0  11.4 999.0   9.9 99.0 99.00 
2024 04 15 23 30 324  7.1  9.2 99.00 99.00 99.00 999 1021.9  11.4 999.0   9.8 99.0 99.00 
2024 04 15 23 40 321  7.4  9.9  1.99  8.33  6.11 314 1021.9  11.4 999.0   9.9 99.0 99.00 
2024 04 15 23 50 319  7.7  9.7 99.00 99.00 99.00 999 1021.9  11.4 999.0  10.0 99.0 99.00 
2024 04 16 00 00 317  8.1 10.2 99.00 99.00 99.00 999 1022.0  11.4 999.0  10.0 99.0 99.00 
2024 04 16 00 10 316  8.7 10.7  1.97  7.14  6.02 308 1021.9  11.4 999.0  10.0 99.0 99.00 
2024 04 16 00 20 319  8.4 10.2 99.00 99.00 99.00 999 1021.7  11.4 999.0  10.1 99.0 99.00 
2024 04 16 00 30 320  8.3 10.0 99.00 99.00 99.00 999 1021.6  11.4 999.0  10.1 99.0 99.00 
2024 04 16 00 40 324  8.2  9.8  2.10 12.12  6.22 295 1021.5  11.3 999.0  10.0 99.0 99.00 
2024 04 16 00 50 324  7.9  9.8 99.00 99.00 99.00 999 1021.5  11.3 999.0  10.1 99.0 99.00 
2024 04 16 01 00 323  8.1 10.1 99.00 99.00 99.00 999 1021.5  11.3 999.0  10.1 99.0 99.00 
2024 04 16 01 10 319  8.2 10.7  2.04  8.33  6.05 314 1021.5  11.4 999.0  10.2 99.0 99.00 
2024 04 16 01 20 318  8.0 10.0 99.00 99.00 99.00 999 1021.5  11.4 999.0  10.3 99.0 99.00 
2024 04 16 01 30 316  8.4 10.2 99.00 99.00 99.00 999 1021.5  11.4 999.0  10.3 99.0 99.00 
2024 04 16 01 40 317  8.1  9.9  2.07 11.43  6.13 311 1021.4  11.4 999.0  10.2 99.0 99.00 
2024 04 16 01 50 318  8.0  9.9 99.00 99.00 99.00 999 1021.4  11.4 999.0  10.2 99.0 99.00 
2024 04 16 02 00 320  8.3 10.9 99.00 99.00 99.00 999 1021.2  11.4 999.0  10.1 99.0 99.00 
2024 04 16 02 10 319  8.9 11.1  2.04  8.33  5.98 314 1021.1  11.3 999.0  10.0 99.0 99.00 
2024 04 16 02 20 320  9.2 11.4 99.00 99.00 99.00 999 1021.0  11.3 999.0  10.1 99.0 99.00 
2024 04 16 02 30 318  9.9 13.1 99.00 99.00 99.00 999 1021.1  11.2 999.0   9.9 99.0 99.00 
2024 04 16 02 40 318 10.1 12.6  2.27 11.43  6.11 316 1021.0  11.2 999.0  10.1 99.0 99.00 
2024 04 16 02 50 319  9.8 12.1 99.00 99.00 99.00 999 1021.0  11.2 999.0  10.1 99.0 99.00 
2024 04 16 03 00 318  9.7 12.1 99.00 99.00 99.00 999 1021.0  11.2 999.0  10.0 99.0 99.00 
2024 04 16 03 10 319  9.7 12.3  2.15  8.33  5.87 315 1021.0  11.2 999.0  10.0 99.0 99.00 
2024 04 16 03 20 319  9.2 11.4 99.00 99.00 99.00 999 1021.0  11.2 999.0  10.0 99.0 99.00 
2024 04 16 03 30 320  9.0 11.4 99.00 99.00 99.00 999 1021.0  11.2 999.0   9.9 99.0 99.00 
2024 04 16 03 40 322  8.9 11.8  2.19 10.81  5.98 300 1021.2  11.2 999.0   9.9 99.0 99.00 
2024 04 16 03 50 327  8.6 10.8 99.00 99.00 99.00 999 1021.2  11.2 999.0   9.9 99.0 99.00 
2024 04 16 04 00 328  9.1 11.8 99.00 99.00 99.00 999 1021.2  11.2 999.0  10.0 99.0 99.00 
2024 04 16 04 10 327  9.9 12.9  2.40  6.25  6.02 309 1021.3  11.2 999.0   9.9 99.0 99.00 
2024 04 16 04 20 326  9.2 11.4 99.00 99.00 99.00 999 1021.2  11.2 999.0  10.1 99.0 99.00 
2024 04 16 04 30 324  9.7 13.0 99.00 99.00 99.00 999 1021.0  11.2 999.0  10.1 99.0 99.00 
2024 04 16 04 40 323 10.0 12.6  2.52  7.69  6.18 316 1021.0  11.2 999.0  10.1 99.0 99.00 
2024 04 16 04 50 321 10.7 12.8 99.00 99.00 99.00 999 1021.0  11.1 999.0  10.0 99.0 99.00 
2024 04 16 05 00 320 10.5 13.8 99.00 99.00 99.00 999 1021.0  11.1 999.0  10.0 99.0 99.00 
2024 04 16 05 10 319 10.2 12.9  2.66  7.14  6.38 313 1020.9  11.1 999.0  10.1 99.0 99.00 
2024 04 16 05 20 317 10.4 12.7 99.00 99.00 99.00 999 1020.9  11.1 999.0  10.1 99.0 99.00 
2024 04 16 05 30 315 10.3 13.3 99.00 99.00 99.00 999 1021.0  11.1 999.0  10.1 99.0 99.00 
2024 04 16 05 40 313 10.8 14.5  2.76 10.81  6.26 314 1021.0  11.1 999.0  10.1 99.0 99.00 
2024 04 16 05 50 314 10.7 13.6 99.00 99.00 99.00 999 1020.8  11.1 999.0  10.1 99.0 99.00 
2024 04 16 06 00 312 10.4 12.5 99.00 99.00 99.00 999 1020.8  11.1 999.0  10.1 99.0 99.00 
2024 04 16 06 10 313 10.6 13.8  2.54  8.33  6.41 320 1020.8  11.1 999.0  10.1 99.0 99.00 
2024 04 16 06 20 315 10.4 13.1 99.00 99.00 99.00 999 1020.7  11.1 999.0  10.1 99.0 99.00 
2024 04 16 06 30 317 10.2 12.6 99.00 99.00 99.00 999 1020.8  11.1 999.0  10.1 99.0 99.00 
2024 04 16 06 40 317 10.2 12.9  2.66 10.00  6.52 316 1020.6  11.1 999.0  10.1 99.0 99.00 
2024 04 16 06 50 319  9.9 12.8 99.00 99.00 99.00 999 1020.7  11.1 999.0  10.1 99.0 99.00 
2024 04 16 07 00 322 10.0 12.7 99.00 99.00 99.00 999 1020.6  11.1 999.0  10.1 99.0 99.00 
2024 04 16 07 10 327  9.8 12.7  2.71 10.00  6.46 321 1020.7  11.1 999.0  10.1 99.0 99.00 
2024 04 16 07 20 332  9.8 12.0 99.00 99.00 99.00 999 1020.7  11.2 999.0  10.1 99.0 99.00 
2024 04 16 07 30 332  9.8 12.6 99.00 99.00 99.00 999 1020.6  11.2 999.0  10.0 99.0 99.00 
2024 04 16 07 40 331  9.7 12.3  2.80  9.09  6.65 320 1020.5  11.3 999.0  10.0 99.0 99.00 
2024 04 16 07 50 326 10.0 12.6 99.00 99.00 99.00 999 1020.5  11.3 999.0  10.0 99.0 99.00 
2024 04 16 08 00 321 10.2 12.1 99.00 99.00 99.00 999 1020.4  11.2 999.0   9.9 99.0 99.00 
2024 04 16 08 10 324  9.4 11.8  2.66  9.09  6.66 324 1020.3  11.2 999.0  10.1 99.0 99.00 
2024 04 16 08 20 320  9.5 11.6 99.00 99.00 99.00 999 1020.1  11.2 999.0  10.0 99.0 99.00 
2024 04 16 08 30 319  9.2 11.8 99.00 99.00 99.00 999 1020.2  11.2 999.0   9.9 99.0 99.00 
2024 04 16 08 40 320  8.9 11.3  2.60  9.09  6.53 318 1020.2  11.2 999.0  10.0 99.0 99.00 
2024 04 16 08 50 320  9.4 12.0 99.00 99.00 99.00 999 1020.2  11.1 999.0  10.0 99.0 99.00 
2024 04 16 09 00 321  9.3 11.5 99.00 99.00 99.00 999 1020.1  11.1 999.0  10.0 99.0 99.00 
2024 04 16 09 10 323  9.0 11.3  2.64 10.00  6.77 312 1020.0  11.1 999.0  10.0 99.0 99.00 
2024 04 16 09 20 322  9.3 12.1 99.00 99.00 99.00 999 1020.0  11.1 999.0  10.1 99.0 99.00 
2024 04 16 09 30 320  9.4 11.6 99.00 99.00 99.00 999 1019.9  11.0 999.0  10.0 99.0 99.00 
2024 04 16 09 40 319  8.8 10.9  2.51 10.81  6.59 309 1019.9  11.0 999.0  10.0 99.0 99.00 
2024 04 16 09 50 321  8.6 11.0 99.00 99.00 99.00 999 1019.9  11.0 999.0  10.1 99.0 99.00 
2024 04 16 10 00 319  8.2 10.3 99.00 99.00 99.00 999 1019.9  10.9 999.0  10.1 99.0 99.00 
2024 04 16 10 10 321  7.9 10.1  2.65  9.09  6.77 319 1019.8  10.9 999.0  10.1 99.0 99.00 
2024 04 16 10 20 323  7.4  9.6 99.00 99.00 99.00 999 1019.7  10.9 999.0  10.1 99.0 99.00 
2024 04 16 10 30 325  6.9  9.1 99.00 99.00 99.00 999 1019.8  10.9 999.0  10.1 99.0 99.00 
2024 04 16 10 40 326  6.9  8.7  2.68  9.09  6.95 316 1019.8  10.9 999.0  10.1 99.0 99.00 
2024 04 16 10 50 330  6.7  8.3 99.00 99.00 99.00 999 1019.9  10.9 999.0  10.1 99.0 99.00 
2024 04 16 11 00 330  6.3  8.4 99.00 99.00 99.00 999 1020.0  10.8 999.0  10.0 99.0 99.00 
2024 04 16 11 10 332  5.9  7.7  2.63  9.09  7.04 318 1020.0  10.8 999.0  10.0 99.0 99.00 
2024 04 16 11 20 332  5.5  7.0 99.00 99.00 99.00 999 1020.1  10.8 999.0  10.0 99.0 99.00 
2024 04 16 11 30 334  5.6  7.1 99.00 99.00 99.00 999 1020.0  10.8 999.0  10.1 99.0 99.00 
2024 04 16 11 40 333  5.6  7.2  2.58  9.09  7.01 318 1020.0  10.8 999.0  10.1 99.0 99.00 
2024 04 16 11 50 336  5.3  7.4 99.00 99.00 99.00 999 1019.9  10.8 999.0  10.1 99.0 99.00 
2024 04 16 12 00 335  4.7  6.4 99.00 99.00 99.00 999 1019.9  10.8 999.0  10.1 99.0 99.00 
2024 04 16 12 10 329  5.8  7.7  2.46  8.33  6.89 318 1020.1  10.7 999.0   9.9 99.0 99.00 
2024 04 16 12 20 330  6.8  9.2 99.00 99.00 99.00 999 1020.0  10.8 999.0  10.0 99.0 99.00 
2024 04 16 12 30 337  7.4  9.6 99.00 99.00 99.00 999 1020.0  10.8 999.0  10.0 99.0 99.00 
2024 04 16 12 40 339  7.4  9.5  2.21  8.33  6.45 319 1020.1  10.8 999.0  10.0 99.0 99.00 
2024 04 16 12 50 341  7.3  9.1 99.00 99.00 99.00 999 1020.1  10.7 999.0   9.9 99.0 99.00 
2024 04 16 13 00 341  7.1  8.6 99.00 99.00 99.00 999 1020.1  10.7 999.0   9.9 99.0 99.00 
2024 04 16 13 10 346  6.0  8.2  2.35  9.09  6.77 311 1020.1  10.7 999.0  10.0 99.0 99.00 
2024 04 16 13 20 341  5.6  7.1 99.00 99.00 99.00 999 1020.4  10.7 999.0   9.9 99.0 99.00 
2024 04 16 13 30 332  5.1  6.8 99.00 99.00 99.00 999 1020.5  10.7 999.0   9.9 99.0 99.00 
2024 04 16 13 40 330  5.0  6.6  2.55  9.09  7.10 315 1020.4  10.7 999.0  10.0 99.0 99.00 
2024 04 16 13 50 333  4.7  6.5 99.00 99.00 99.00 999 1020.4  10.7 999.0   9.9 99.0 99.00 
2024 04 16 14 00 337  4.1  5.9 99.00 99.00 99.00 999 1020.4  10.7 999.0   9.9 99.0 99.00 
2024 04 16 14 10 340  4.2  5.6  2.55  9.09  7.12 311 1020.5  10.8 999.0  10.0 99.0 99.00 
2024 04 16 14 20 353  3.3  4.8 99.00 99.00 99.00 999 1020.4  10.8 999.0  10.0 99.0 99.00 
2024 04 16 14 30  12  2.1  3.7 99.00 99.00 99.00 999 1020.2  11.0 999.0  10.3 99.0 99.00 
2024 04 16 14 40  20  1.5  2.7  2.39  8.33  6.87 311 1020.3  11.1 999.0  10.4 99.0 99.00 
2024 04 16 14 50  18  1.1  2.3 99.00 99.00 99.00 999 1020.5  11.1 999.0  10.4 99.0 99.00 
2024 04 16 15 00 353  1.0  2.4 99.00 99.00 99.00 999 1020.7  11.2 999.0  10.5 99.0 99.00 
2024 04 16 15 10  17  0.4  1.5  2.23 10.00  6.80 311 1020.6  11.4 999.0  10.6 99.0 99.00 
2024 04 16 15 20 108  1.4  3.0 99.00 99.00 99.00 999 1020.4  11.4 999.0  10.6 99.0 99.00 
2024 04 16 15 30 134  1.3  3.7 99.00 99.00 99.00 999 1020.4  11.2 999.0  10.6 99.0 99.00 
2024 04 16 15 40 144  1.4  3.4  2.28  9.09  7.10 317 1020.5  11.3 999.0  10.7 99.0 99.00 
2024 04 16 15 50 152  1.6  3.4 99.00 99.00 99.00 999 1020.4  11.3 999.0  10.7 99.0 99.00 
2024 04 16 16 00 143  2.2  4.3 99.00 99.00 99.00 999 1020.5  11.4 999.0  10.8 99.0 99.00 
2024 04 16 16 10 148  2.1  4.2  2.25 10.00  7.11 309 1020.6  11.4 999.0  10.9 99.0 99.00 
2024 04 16 16 20 184  2.0  3.9 99.00 99.00 99.00 999 1020.7  11.4 999.0  10.9 99.0 99.00 
2024 04 16 16 30 220  2.2  3.5 99.00 99.00 99.00 999 1020.8  11.4 999.0  10.9 99.0 99.00 
2024 04 16 16 40 256  3.3  5.0  2.25  9.09  7.31 313 1021.1  11.2 999.0  10.7 99.0 99.00 
2024 04 16 16 50 278  3.9  5.3 99.00 99.00 99.00 999 1021.3  11.0 999.0  10.4 99.0 99.00 
2024 04 16 17 00 303  3.5  5.1 99.00 99.00 99.00 999 1021.2  10.9 999.0  10.2 99.0 99.00 
2024 04 16 17 10 315  3.8  5.4  2.44  9.09  7.38 309 1021.3  10.9 999.0  10.2 99.0 99.00 
2024 04 16 17 20 348  2.9  4.9 99.00 99.00 99.00 999 1021.1  10.9 999.0  10.1 99.0 99.00 
2024 04 16 17 30 357  3.0  4.2 99.00 99.00 99.00 999 1021.4  11.0 999.0  10.2 99.0 99.00 
2024 04 16 17 40 355  2.6  4.2  2.28  9.09  7.04 315 1021.3  11.1 999.0  10.3 99.0 99.00 
2024 04 16 17 50 355  1.9  3.7 99.00 99.00 99.00 999 1021.4  11.2 999.0  10.5 99.0 99.00 
2024 04 16 18 00 325  2.4  4.0 99.00 99.00 99.00 999 1021.5  11.2 999.0  10.5 99.0 99.00 
2024 04 16 18 10 330  2.7  4.2  2.34  9.09  7.39 317 1021.4  11.2 999.0  10.5 99.0 99.00 
2024 04 16 18 20 334  2.2  3.4 99.00 99.00 99.00 999 1021.4  11.2 999.0  10.7 99.0 99.00 
2024 04 16 18 30 350  1.6  3.0 99.00 99.00 99.00 999 1021.2  11.3 999.0  10.8 99.0 99.00 
2024 04 16 18 40 348  1.0  2.3  2.40  9.09  7.40 312 1021.3  11.4 999.0  10.9 99.0 99.00 
2024 04 16 18 50 289  1.7  2.7 99.00 99.00 99.00 999 1021.4  11.3 999.0  10.8 99.0 99.00 
2024 04 16 19 00 282  2.5  4.0 99.00 99.00 99.00 999 1021.3  11.2 999.0  10.7 99.0 99.00 
2024 04 16 19 10 284  3.3  4.9  2.32  9.09  7.24 312 1021.1  10.9 999.0  10.2 99.0 99.00 
2024 04 16 19 20 297  3.5  4.9 99.00 99.00 99.00 999 1021.1  11.0 999.0  10.2 99.0 99.00 
2024 04 16 19 30 302  3.4  4.9 99.00 99.00 99.00 999 1021.1  11.0 999.0  10.2 99.0 99.00 
2024 04 16 19 40 310  3.4  4.9  2.20 10.00  7.09 318 1021.0  11.0 999.0  10.2 99.0 99.00 
2024 04 16 19 50 325  3.2  4.5 99.00 99.00 99.00 999 1020.8  11.0 999.0  10.2 99.0 99.00 
2024 04 16 20 00 323  3.7  5.4 99.00 99.00 99.00 999 1020.8  11.1 999.0  10.3 99.0 99.00 
2024 04 16 20 10 325  4.4  5.8  2.14 10.00  7.26 310 1020.9  11.2 999.0  10.4 99.0 99.00 
2024 04 16 20 20 318  4.9  6.5 99.00 99.00 99.00 999 1020.9  11.3 999.0  10.5 99.0 99.00 
2024 04 16 20 30 317  5.7  7.6 99.00 99.00 99.00 999 1020.8  11.2 999.0  10.4 99.0 99.00 
2024 04 16 20 40 320  6.5  8.4  2.09  9.09  7.11 316 1020.8  11.3 999.0  10.5 99.0 99.00 
2024 04 16 20 50 322  6.5  8.4 99.00 99.00 99.00 999 1020.8  11.3 999.0  10.5 99.0 99.00 
2024 04 16 21 00 324  6.1  7.9 99.00 99.00 99.00 999 1020.8  11.3 999.0  10.5 99.0 99.00 
2024 04 16 21 10 323  6.0  7.3  2.23  9.09  7.23 315 1020.5  11.3 999.0  10.3 99.0 99.00 
2024 04 16 21 20 323  5.8  7.3 99.00 99.00 99.00 999 1020.6  11.4 999.0  10.4 99.0 99.00 
2024 04 16 21 30 319  6.2  8.4 99.00 99.00 99.00 999 1020.5  11.4 999.0  10.4 99.0 99.00 
2024 04 16 21 40 318  6.8  8.4  2.11  9.09  7.00 312 1020.4  11.4 999.0  10.4 99.0 99.00 
2024 04 16 21 50 320  6.7  9.0 99.00 99.00 99.00 999 1020.3  11.4 999.0  10.4 99.0 99.00 
2024 04 16 22 00 323  6.7  8.7 99.00 99.00 99.00 999 1020.2  11.4 999.0  10.4 99.0 99.00 
2024 04 16 22 10 323  7.2  8.9  2.19 10.00  6.92 312 1020.2  11.3 999.0  10.3 99.0 99.00 
2024 04 16 22 20 323  7.6  9.2 99.00 99.00 99.00 999 1020.0  11.4 999.0  10.3 99.0 99.00 
2024 04 16 22 30 322  7.9  9.8 99.00 99.00 99.00 999 1019.9  11.4 999.0  10.3 99.0 99.00 
2024 04 16 22 40 325  7.9 10.9  2.28  9.09  6.88 316 1019.7  11.4 999.0  10.2 99.0 99.00 
2024 04 16 22 50 328  8.2 10.0 99.00 99.00 99.00 999 1019.5  11.5 999.0  10.2 99.0 99.00 
2024 04 16 23 00 329  7.7  9.6 99.00 99.00 99.00 999 1019.5  11.5 999.0  10.2 99.0 99.00 
2024 04 16 23 10 327  7.5  9.5  2.52 10.00  6.82 317 1019.3  11.5 999.0  10.2 99.0 99.00 
2024 04 16 23 20 328  7.6  9.4 99.00 99.00 99.00 999 1019.1  11.5 999.0  10.2 99.0 99.00 
2024 04 16 23 30 324  7.9 10.0 99.00 99.00 99.00 999 1019.1  11.4 999.0  10.1 99.0 99.00 
2024 04 16 23 40 325  7.5  9.2  2.50 10.81  6.96 307 1019.1  11.5 999.0  10.1 99.0 99.00 
2024 04 16 23 50 326  7.2  9.5 99.00 99.00 99.00 999 1019.0  11.5 999.0  10.1 99.0 99.00 
2024 04 17 00 00 331  6.4  7.9 99.00 99.00 99.00 999 1018.9  11.6 999.0  10.1 99.0 99.00 
2024 04 17 00 10 330  7.1  9.5  2.27  9.09  6.44 323 1018.9  11.6 999.0  10.0 99.0 99.00 
2024 04 17 00 20 329  7.7  9.7 99.00 99.00 99.00 999 1018.8  11.6 999.0   9.8 99.0 99.00 
2024 04 17 00 30 329  8.0 10.2 99.00 99.00 99.00 999 1018.7  11.7 999.0   9.9 99.0 99.00 
2024 04 17 00 40 327  8.5 10.5  2.30 10.00  6.49 320 1018.7  11.7 999.0   9.9 99.0 99.00 
2024 04 17 00 50 327  8.5 10.8 99.00 99.00 99.00 999 1018.6  11.7 999.0   9.8 99.0 99.00 
2024 04 17 01 00 328  9.3 12.3 99.00 99.00 99.00 999 1018.3  11.8 999.0   9.8 99.0 99.00 
2024 04 17 01 10 324 10.8 13.9  2.60  9.09  6.28 323 1018.2  11.7 999.0   9.7 99.0 99.00 
2024 04 17 01 20 322 10.8 13.3 99.00 99.00 99.00 999 1018.1  11.8 999.0   9.9 99.0 99.00 
2024 04 17 01 30 323 10.4 12.9 99.00 99.00 99.00 999 1018.1  11.8 999.0   9.9 99.0 99.00 
2024 04 17 01 40 324 10.0 13.0  2.48  9.09  6.11 323 1018.1  11.8 999.0   9.9 99.0 99.00 
2024 04 17 01 50 323 10.0 12.9 99.00 99.00 99.00 999 1017.9  11.8 999.0   9.9 99.0 99.00 
2024 04 17 02 00 318 11.3 15.0 99.00 99.00 99.00 999 1017.6  11.7 999.0   9.9 99.0 99.00 
2024 04 17 02 10 318 12.0 14.7  2.64 10.00  5.96 321 1017.5  11.7 999.0   9.9 99.0 99.00 
2024 04 17 02 20 318 12.0 14.6 99.00 99.00 99.00 999 1017.5  11.6 999.0   9.8 99.0 99.00 
2024 04 17 02 30 318 12.4 15.6 99.00 99.00 99.00 999 1017.4  11.6 999.0   9.9 99.0 99.00 
2024 04 17 02 40 319 12.3 14.9  3.02 10.00  6.36 323 1017.2  11.6 999.0   9.8 99.0 99.00 
2024 04 17 02 50 318 12.4 16.2 99.00 99.00 99.00 999 1017.1  11.5 999.0   9.8 99.0 99.00 
2024 04 17 03 00 317 12.4 15.3 99.00 99.00 99.00 999 1017.3  11.5 999.0   9.9 99.0 99.00 
2024 04 17 03 10 315 12.3 14.8  2.79 10.00  6.32 316 1017.3  11.5 999.0   9.9 99.0 99.00 
2024 04 17 03 20 316 12.0 15.1 99.00 99.00 99.00 999 1017.4  11.5 999.0   9.9 99.0 99.00 
2024 04 17 03 30 318 12.0 15.1 99.00 99.00 99.00 999 1017.7  11.5 999.0   9.9 99.0 99.00 
2024 04 17 03 40 318 11.7 14.4  2.77 10.00  6.16 319 1017.8  11.5 999.0   9.9 99.0 99.00 
2024 04 17 03 50 323 11.1 14.1 99.00 99.00 99.00 999 1017.9  11.5 999.0   9.9 99.0 99.00 
2024 04 17 04 00 321 11.3 13.9 99.00 99.00 99.00 999 1017.9  11.5 999.0   9.9 99.0 99.00 
2024 04 17 04 10 318 11.4 14.3  2.63 10.00  6.14 319 1017.9  11.5 999.0   9.9 99.0 99.00 
2024 04 17 04 20 320 10.6 13.4 99.00 99.00 99.00 999 1018.2  11.5 999.0   9.9 99.0 99.00 
2024 04 17 04 30 323 10.3 13.1 99.00 99.00 99.00 999 1018.3  11.5 999.0   9.9 99.0 99.00 
2024 04 17 04 40 322 10.1 12.9  2.65  9.09  6.49 319 1018.4  11.5 999.0   9.9 99.0 99.00 
2024 04 17 04 50 320  9.8 12.2 99.00 99.00 99.00 999 1018.3  11.5 999.0  10.0 99.0 99.00 
2024 04 17 05 00 320 10.2 12.5 99.00 99.00 99.00 999 1018.3  11.5 999.0   9.9 99.0 99.00 
2024 04 17 05 10 319  9.9 12.2  2.52 10.00  6.26 324 1018.2  11.5 999.0  10.0 99.0 99.00 
2024 04 17 05 20 320 10.1 12.2 99.00 99.00 99.00 999 1018.2  11.5 999.0   9.9 99.0 99.00 
2024 04 17 05 30 319 10.2 12.5 99.00 99.00 99.00 999 1018.2  11.5 999.0   9.9 99.0 99.00 
2024 04 17 05 40 318 10.9 13.4  2.56  9.09  6.39 320 1018.1  11.5 999.0   9.9 99.0 99.00 
2024 04 17 05 50 318 10.6 13.2 99.00 99.00 99.00 999 1018.0  11.4 999.0   9.8 99.0 99.00 
2024 04 17 06 00 319 10.6 12.8 99.00 99.00 99.00 999 1018.0  11.4 999.0   9.9 99.0 99.00 
2024 04 17 06 10 320 10.6 13.2  2.50 10.00  6.14 320 1018.0  11.4 999.0   9.8 99.0 99.00 
2024 04 17 06 20 320 10.7 14.2 99.00 99.00 99.00 999 1018.1  11.4 999.0   9.8 99.0 99.00 
2024 04 17 06 30 319 10.6 13.6 99.00 99.00 99.00 999 1018.2  11.4 999.0   9.8 99.0 99.00 
2024 04 17 06 40 320 10.8 13.8  2.66 10.00  6.44 320 1018.3  11.4 999.0   9.8 99.0 99.00 
2024 04 17 06 50 321 10.9 13.4 99.00 99.00 99.00 999 1018.2  11.4 999.0   9.8 99.0 99.00 
2024 04 17 07 00 321 11.0 13.8 99.00 99.00 99.00 999 1018.2  11.3 999.0   9.7 99.0 99.00 
2024 04 17 07 10 325 10.2 13.8  2.54  9.09  6.55 322 1018.3  11.3 999.0   9.7 99.0 99.00 
2024 04 17 07 20 326 10.1 13.1 99.00 99.00 99.00 999 1018.2  11.4 999.0   9.6 99.0 99.00 
2024 04 17 07 30 327  9.9 12.3 99.00 99.00 99.00 999 1018.2  11.4 999.0   9.5 99.0 99.00 
2024 04 17 07 40 327  9.6 12.3  2.93  9.09  6.85 321 1018.3  11.4 999.0   9.6 99.0 99.00 
2024 04 17 07 50 322 10.5 13.4 99.00 99.00 99.00 999 1018.2  11.3 999.0   9.6 99.0 99.00 
2024 04 17 08 00 318 11.5 14.6 99.00 99.00 99.00 999 1018.0  11.3 999.0   9.6 99.0 99.00 
2024 04 17 08 10 318 11.4 14.2  2.91  9.09  6.57 319 1018.0  11.2 999.0   9.6 99.0 99.00 
2024 04 17 08 20 317 11.5 14.6 99.00 99.00 99.00 999 1018.1  11.2 999.0   9.5 99.0 99.00 
2024 04 17 08 30 318 11.5 14.4 99.00 99.00 99.00 999 1018.0  11.2 999.0   9.5 99.0 99.00 
2024 04 17 08 40 319 11.3 14.4  2.99 10.00  6.82 320 1018.0  11.2 999.0   9.6 99.0 99.00 
2024 04 17 08 50 321 11.1 14.1 99.00 99.00 99.00 999 1017.9  11.2 999.0   9.6 99.0 99.00 
2024 04 17 09 00 322 11.1 13.5 99.00 99.00 99.00 999 1017.8  11.2 999.0   9.6 99.0 99.00 
2024 04 17 09 10 322 11.2 13.7  2.86 10.00  6.65 318 1017.7  11.1 999.0   9.5 99.0 99.00 
2024 04 17 09 20 321 11.8 14.8 99.00 99.00 99.00 999 1017.6  11.1 999.0   9.4 99.0 99.00 
2024 04 17 09 30 321 11.7 14.9 99.00 99.00 99.00 999 1017.5  11.1 999.0   9.5 99.0 99.00 
2024 04 17 09 40 320 11.4 14.7  3.01  9.09  6.57 314 1017.3  11.1 999.0   9.5 99.0 99.00 
2024 04 17 09 50 317 11.8 15.0 99.00 99.00 99.00 999 1017.5  11.2 999.0   9.4 99.0 99.00 
2024 04 17 10 00 321 11.2 13.9 99.00 99.00 99.00 999 1017.3  11.2 999.0   9.3 99.0 99.00 
2024 04 17 10 10 323 11.1 14.0  3.00  9.09  6.60 316 1017.2  11.1 999.0   9.4 99.0 99.00 
2024 04 17 10 20 324 11.1 13.9 99.00 99.00 99.00 999 1017.0  11.1 999.0   9.5 99.0 99.00 
2024 04 17 10 30 323 11.4 14.1 99.00 99.00 99.00 999 1017.1  11.1 999.0   9.5 99.0 99.00 
2024 04 17 10 40 323 10.8 13.6  2.87  9.09  6.46 325 1017.1  11.0 999.0   9.4 99.0 99.00 
2024 04 17 10 50 323 10.5 12.7 99.00 99.00 99.00 999 1017.3  11.1 999.0   9.5 99.0 99.00 
2024 04 17 11 00 322 10.3 12.9 99.00 99.00 99.00 999 1017.1  11.1 999.0   9.5 99.0 99.00 
2024 04 17 11 10 323 10.3 12.9  2.78  9.09  6.49 318 1017.1  11.1 999.0   9.3 99.0 99.00 
2024 04 17 11 20 323 10.3 12.4 99.00 99.00 99.00 999 1017.2  11.1 999.0   9.3 99.0 99.00 
2024 04 17 11 30 324 10.5 12.8 99.00 99.00 99.00 999 1017.1  11.1 999.0   9.3 99.0 99.00 
2024 04 17 11 40 323 10.8 13.1  2.90  9.09  6.65 318 1017.0  11.1 999.0   9.3 99.0 99.00 
2024 04 17 11 50 320 10.1 12.7 99.00 99.00 99.00 999 1017.0  11.1 999.0   9.3 99.0 99.00 
2024 04 17 12 00 319 10.0 12.2 99.00 99.00 99.00 999 1017.0  11.1 999.0   9.3 99.0 99.00 
2024 04 17 12 10 315 10.4 13.2  2.72  8.33  6.44 315 1016.9  11.1 999.0   9.4 99.0 99.00 
2024 04 17 12 20 318 10.7 13.7 99.00 99.00 99.00 999 1016.9  11.1 999.0   9.3 99.0 99.00 
2024 04 17 12 30 320 10.4 13.0 99.00 99.00 99.00 999 1016.8  11.0 999.0   9.4 99.0 99.00 
2024 04 17 12 40 318 10.7 13.0  2.74  9.09  6.41 317 1017.0  11.0 999.0   9.4 99.0 99.00 
2024 04 17 12 50 320 11.0 13.3 99.00 99.00 99.00 999 1016.8  10.9 999.0   9.4 99.0 99.00 
2024 04 17 13 00 322 11.0 13.6 99.00 99.00 99.00 999 1016.7  10.9 999.0   9.4 99.0 99.00 
2024 04 17 13 10 321 10.3 12.6  2.88  9.09  6.40 317 1016.8  10.9 999.0   9.5 99.0 99.00 
2024 04 17 13 20 321 10.5 12.8 99.00 99.00 99.00 999 1016.9  10.8 999.0   9.4 99.0 99.00 
2024 04 17 13 30 321 10.7 14.3 99.00 99.00 99.00 999 1016.8  10.8 999.0   9.4 99.0 99.00 
2024 04 17 13 40 325 10.6 14.2  2.64  9.09  6.30 328 1016.7  10.8 999.0   9.3 99.0 99.00 
2024 04 17 13 50 324 11.4 13.8 99.00 99.00 99.00 999 1016.7  10.8 999.0   9.4 99.0 99.00 
2024 04 17 14 00 323 11.4 14.4 99.00 99.00 99.00 999 1017.0  10.8 999.0   9.4 99.0 99.00 
2024 04 17 14 10 320 11.3 14.1  2.75  9.09  6.38 316 1017.3  10.8 999.0   9.4 99.0 99.00 
2024 04 17 14 20 320 11.0 14.2 99.00 99.00 99.00 999 1017.2  10.8 999.0   9.4 99.0 99.00 
2024 04 17 14 30 319 10.8 14.2 99.00 99.00 99.00 999 1017.4  10.8 999.0   9.4 99.0 99.00 
2024 04 17 14 40 319 10.7 14.1  3.05 10.00  6.56 309 1017.4  10.8 999.0   9.4 99.0 99.00 
2024 04 17 14 50 323 10.8 12.9 99.00 99.00 99.00 999 1017.4  10.8 999.0   9.4 99.0 99.00 
2024 04 17 15 00 323 10.6 12.9 99.00 99.00 99.00 999 1017.4  10.8 999.0   9.4 99.0 99.00 
2024 04 17 15 10 324 10.2 12.7  2.91  8.33  6.50 316 1017.6  10.8 999.0   9.5 99.0 99.00 
2024 04 17 15 20 323  9.8 13.1 99.00 99.00 99.00 999 1017.5  10.8 999.0   9.5 99.0 99.00 
2024 04 17 15 30 323  9.5 11.7 99.00 99.00 99.00 999 1017.7  10.8 999.0   9.5 99.0 99.00 
2024 04 17 15 40 326  9.0 13.4  2.96  9.09  6.60 318 1017.9  10.8 999.0   9.5 99.0 99.00 
2024 04 17 15 50 329  8.9 11.2 99.00 99.00 99.00 999 1017.8  10.8 999.0   9.5 99.0 99.00 
2024 04 17 16 00 327  8.7 11.1 99.00 99.00 99.00 999 1017.8  10.8 999.0   9.6 99.0 99.00 
2024 04 17 16 10 327  8.8 10.9  2.64  7.69  6.12 317 1017.8  10.8 999.0   9.7 99.0 99.00 
2024 04 17 16 20 324  8.4 10.8 99.00 99.00 99.00 999 1017.9  10.8 999.0   9.7 99.0 99.00 
2024 04 17 16 30 326  8.7 10.6 99.00 99.00 99.00 999 1018.1  10.8 999.0   9.7 99.0 99.00 
2024 04 17 16 40 330  8.3  9.9  2.68 10.00  6.42 311 1018.2  10.8 999.0   9.7 99.0 99.00 
2024 04 17 16 50 331  8.3 10.5 99.00 99.00 99.00 999 1018.3  10.9 999.0   9.8 99.0 99.00 
2024 04 17 17 00 332  8.2 10.6 99.00 99.00 99.00 999 1018.4  10.9 999.0   9.8 99.0 99.00 
2024 04 17 17 10 332  8.0 10.1  2.73  9.09  6.35 316 1018.4  10.9 999.0   9.9 99.0 99.00 
2024 04 17 17 20 334  7.7  9.4 99.00 99.00 99.00 999 1018.5  10.9 999.0   9.8 99.0 99.00 
2024 04 17 17 30 333  7.4  9.6 99.00 99.00 99.00 999 1018.5  11.0 999.0  10.0 99.0 99.00 
2024 04 17 17 40 333  7.4  9.2  2.64  9.09  6.52 315 1018.5  11.0 999.0  10.0 99.0 99.00 
2024 04 17 17 50 331  7.6  9.7 99.00 99.00 99.00 999 1018.4  11.0 999.0  10.0 99.0 99.00 
2024 04 17 18 00 331  7.5  9.7 99.00 99.00 99.00 999 1018.5  11.0 999.0  10.0 99.0 99.00 
2024 04 17 18 10 332  7.4  9.4  2.53 10.00  6.42 317 1018.4  11.0 999.0  10.0 99.0 99.00 
2024 04 17 18 20 334  7.5  9.5 99.00 99.00 99.00 999 1018.5  11.0 999.0  10.0 99.0 99.00 
2024 04 17 18 30 333  7.1  8.7 99.00 99.00 99.00 999 1018.4  11.0 999.0  10.0 99.0 99.00 
2024 04 17 18 40 333  7.3  9.4  2.39  9.09  6.58 315 1018.4  11.0 999.0  10.0 99.0 99.00 
2024 04 17 18 50 329  7.4  9.3 99.00 99.00 99.00 999 1018.3  11.0 999.0  10.0 99.0 99.00 
2024 04 17 19 00 326  7.6  9.6 99.00 99.00 99.00 999 1018.2  11.0 999.0  10.0 99.0 99.00 
2024 04 17 19 10 325  7.5  9.5  2.34  9.09  6.54 315 1018.1  11.1 999.0  10.0 99.0 99.00 
2024 04 17 19 20 326  7.5  9.6 99.00 99.00 99.00 999 1018.0  11.1 999.0  10.0 99.0 99.00 
2024 04 17 19 30 325  7.4  9.2 99.00 99.00 99.00 999 1018.0  11.1 999.0   9.9 99.0 99.00 
2024 04 17 19 40 325  7.3  9.6  2.32  8.33  6.52 313 1017.9  11.2 999.0  10.0 99.0 99.00 
2024 04 17 19 50 326  7.0  8.7 99.00 99.00 99.00 999 1017.8  11.2 999.0  10.1 99.0 99.00 
2024 04 17 20 00 325  7.4  9.0 99.00 99.00 99.00 999 1017.7  11.2 999.0  10.1 99.0 99.00 
2024 04 17 20 10 324  7.8  9.3  2.35  8.33  6.65 315 1017.7  11.1 999.0  10.0 99.0 99.00 
2024 04 17 20 20 321  7.7 10.1 99.00 99.00 99.00 999 1017.7  11.1 999.0  10.0 99.0 99.00 
2024 04 17 20 30 320  7.7  9.9 99.00 99.00 99.00 999 1017.6  11.1 999.0  10.0 99.0 99.00 
2024 04 17 20 40 321  7.8  9.7  2.48  8.33  6.81 313 1017.6  11.2 999.0   9.9 99.0 99.00 
2024 04 17 20 50 323  7.6  9.4 99.00 99.00 99.00 999 1017.6  11.2 999.0   9.9 99.0 99.00 
2024 04 17 21 00 323  7.2  9.4 99.00 99.00 99.00 999 1017.6  11.3 999.0   9.9 99.0 99.00 
2024 04 17 21 10 321  7.6  9.8  2.35 17.39  6.51 208 1017.5  11.3 999.0   9.9 99.0 99.00 
2024 04 17 21 20 325  7.4  9.6 99.00 99.00 99.00 999 1017.3  11.3 999.0   9.8 99.0 99.00 
2024 04 17 21 30 325  7.7  9.6 99.00 99.00 99.00 999 1017.2  11.3 999.0   9.8 99.0 99.00 
2024 04 17 21 40 323  8.0 10.1  2.23  9.09  6.25 318 1017.2  11.3 999.0   9.7 99.0 99.00 
2024 04 17 21 50 320  8.4 10.5 99.00 99.00 99.00 999 1017.1  11.3 999.0   9.6 99.0 99.00 
2024 04 17 22 00 328  8.6 10.6 99.00 99.00 99.00 999 1016.9  11.4 999.0   9.6 99.0 99.00 
2024 04 17 22 10 324  9.0 11.3  2.37  9.09  6.23 318 1016.9  11.4 999.0   9.5 99.0 99.00 
2024 04 17 22 20 323  8.5 10.3 99.00 99.00 99.00 999 1016.9  11.4 999.0   9.5 99.0 99.00 
2024 04 17 22 30 323  8.7 11.1 99.00 99.00 99.00 999 1016.8  11.4 999.0   9.4 99.0 99.00 
2024 04 17 22 40 325  8.9 11.2  2.36 17.39  6.28 230 1016.6  11.4 999.0   9.3 99.0 99.00 
2024 04 17 22 50 326  8.7 11.3 99.00 99.00 99.00 999 1016.5  11.4 999.0   9.3 99.0 99.00 
2024 04 17 23 00 324  8.8 11.1 99.00 99.00 99.00 999 1016.4  11.4 999.0   9.3 99.0 99.00 
2024 04 17 23 10 323  8.9 11.5  2.48  9.09  6.16 324 1016.3  11.4 999.0   9.2 99.0 99.00 
2024 04 17 23 20 321  8.8 11.1 99.00 99.00 99.00 999 1016.2  11.4 999.0   9.1 99.0 99.00 
2024 04 17 23 30 322  8.9 11.3 99.00 99.00 99.00 999 1016.0  11.4 999.0   9.1 99.0 99.00 
2024 04 17 23 40 323  9.2 11.4  2.42  9.09  6.19 321 1015.8  11.4 999.0   9.0 99.0 99.00 
2024 04 17 23 50 322  9.4 12.1 99.00 99.00 99.00 999 1015.8  11.4 999.0   9.0 99.0 99.00 
2024 04 18 00 00 321  9.4 11.6 99.00 99.00 99.00 999 1015.7  11.5 999.0   9.1 99.0 99.00 
2024 04 18 00 10 323  9.1 11.5  2.47  9.09  6.33 318 1015.5  11.4 999.0   9.1 99.0 99.00 
2024 04 18 00 20 325  9.0 11.3 99.00 99.00 99.00 999 1015.5  11.4 999.0   9.1 99.0 99.00 
2024 04 18 00 30 328  9.1 11.7 99.00 99.00 99.00 999 1015.3  11.4 999.0   9.0 99.0 99.00 
2024 04 18 00 40 328  9.4 11.3  2.59  8.33  6.24 320 1015.3  11.4 999.0   9.0 99.0 99.00 
2024 04 18 00 50 327  9.2 11.3 99.00 99.00 99.00 999 1015.3  11.4 999.0   9.1 99.0 99.00 
2024 04 18 01 00 327  9.4 12.1 99.00 99.00 99.00 999 1015.1  11.4 999.0   9.0 99.0 99.00 
2024 04 18 01 10 326  9.2 12.1  2.50  9.09  6.11 321 1015.1  11.4 999.0   9.1 99.0 99.00 
2024 04 18 01 20 323  9.3 12.5 99.00 99.00 99.00 999 1015.1  11.4 999.0   9.1 99.0 99.00 
2024 04 18 01 30 321  9.0 11.4 99.00 99.00 99.00 999 1015.0  11.4 999.0   9.2 99.0 99.00 
2024 04 18 01 40 320  9.4 12.0  2.72  8.33  6.13 320 1014.9  11.3 999.0   9.1 99.0 99.00 
2024 04 18 01 50 317  9.3 12.0 99.00 99.00 99.00 999 1014.8  11.3 999.0   9.1 99.0 99.00 
2024 04 18 02 00 315  9.6 12.1 99.00 99.00 99.00 999 1014.8  11.2 999.0   9.1 99.0 99.00 
2024 04 18 02 10 316  9.5 12.1  2.58  9.09  6.18 323 1014.7  11.2 999.0   9.2 99.0 99.00 
2024 04 18 02 20 314 10.0 12.4 99.00 99.00 99.00 999 1014.7  11.2 999.0   9.2 99.0 99.00 
2024 04 18 02 30 316  9.8 12.6 99.00 99.00 99.00 999 1014.6  11.1 999.0   9.2 99.0 99.00 
2024 04 18 02 40 315  9.9 12.3  2.37  7.14  6.11 321 1014.4  11.1 999.0   9.2 99.0 99.00 
2024 04 18 02 50 317  9.9 12.1 99.00 99.00 99.00 999 1014.5  11.1 999.0   9.2 99.0 99.00 
2024 04 18 03 00 318  9.6 12.1 99.00 99.00 99.00 999 1014.4  11.1 999.0   9.3 99.0 99.00 
2024 04 18 03 10 320  9.8 12.0  2.42 17.39  6.05 186 1014.4  11.0 999.0   9.2 99.0 99.00 
2024 04 18 03 20 320  9.6 12.1 99.00 99.00 99.00 999 1014.5  11.1 999.0   9.3 99.0 99.00 
2024 04 18 03 30 318  9.7 11.7 99.00 99.00 99.00 999 1014.6  11.1 999.0   9.3 99.0 99.00 
2024 04 18 03 40 320  9.2 11.6  2.39  6.67  5.90 319 1014.6  11.1 999.0   9.3 99.0 99.00 
2024 04 18 03 50 320  8.5 10.6 99.00 99.00 99.00 999 1014.8  11.1 999.0   9.4 99.0 99.00 
2024 04 18 04 00 318  8.9 10.8 99.00 99.00 99.00 999 1014.8  11.0 999.0   9.4 99.0 99.00 
2024 04 18 04 10 318  9.3 11.7  2.54  9.09  6.14 323 1014.8  11.0 999.0   9.4 99.0 99.00 
2024 04 18 04 20 318  9.0 11.0 99.00 99.00 99.00 999 1014.8  11.0 999.0   9.4 99.0 99.00 
2024 04 18 04 30 316  8.5 10.3 99.00 99.00 99.00 999 1014.7  11.0 999.0   9.4 99.0 99.00 
2024 04 18 04 40 321  8.3 10.2  2.40 17.39  6.36 215 1014.8  11.0 999.0   9.5 99.0 99.00 
2024 04 18 04 50 322  8.0  9.9 99.00 99.00 99.00 999 1014.8  11.1 999.0   9.7 99.0 99.00 
2024 04 18 05 00 317  8.4 10.6 99.00 99.00 99.00 999 1014.8  11.0 999.0   9.6 99.0 99.00 
2024 04 18 05 10 314  8.5 10.7  2.50 17.39  6.65 212 1014.8  11.0 999.0   9.6 99.0 99.00 
2024 04 18 05 20 315  7.7 10.8 99.00 99.00 99.00 999 1015.0  11.0 999.0   9.6 99.0 99.00 
2024 04 18 05 30 311  7.8 10.0 99.00 99.00 99.00 999 1015.0  11.1 999.0   9.7 99.0 99.00 
2024 04 18 05 40 313  7.6  9.5  2.20  9.09  6.30 315 1015.1  11.0 999.0   9.7 99.0 99.00 
2024 04 18 05 50 314  7.6  9.6 99.00 99.00 99.00 999 1015.1  11.0 999.0   9.7 99.0 99.00 
2024 04 18 06 00 315  7.8  9.7 99.00 99.00 99.00 999 1015.0  11.0 999.0   9.7 99.0 99.00 
2024 04 18 06 10 318  7.6  9.6  2.25  9.09  6.33 322 1015.0  11.0 999.0   9.7 99.0 99.00 
2024 04 18 06 20 319  7.5  9.4 99.00 99.00 99.00 999 1015.0  11.0 999.0   9.8 99.0 99.00 
2024 04 18 06 30 318  7.3  9.1 99.00 99.00 99.00 999 1014.9  11.0 999.0   9.9 99.0 99.00 
2024 04 18 06 40 317  6.9  8.9  2.10 17.39  6.25 202 1014.9  11.0 999.0   9.9 99.0 99.00 
2024 04 18 06 50 312  7.0  8.9 99.00 99.00 99.00 999 1014.7  11.0 999.0   9.9 99.0 99.00 
2024 04 18 07 00 315  6.5  8.1 99.00 99.00 99.00 999 1014.8  11.0 999.0   9.9 99.0 99.00 
2024 04 18 07 10 314  6.1  8.4  2.06 16.00  6.21 192 1014.7  11.0 999.0  10.0 99.0 99.00 
2024 04 18 07 20 313  6.4  8.1 99.00 99.00 99.00 999 1014.7  10.9 999.0   9.9 99.0 99.00 
2024 04 18 07 30 313  6.0  7.8 99.00 99.00 99.00 999 1014.7  10.9 999.0   9.9 99.0 99.00 
2024 04 18 07 40 312  6.3  8.4  2.09 17.39  6.54 200 1014.6  10.9 999.0   9.9 99.0 99.00 
2024 04 18 07 50 313  6.7  8.5 99.00 99.00 99.00 999 1014.6  10.9 999.0   9.9 99.0 99.00 
2024 04 18 08 00 314  6.9  8.6 99.00 99.00 99.00 999 1014.5  10.9 999.0   9.9 99.0 99.00 
2024 04 18 08 10 316  7.1  8.8  2.05  9.09  6.61 319 1014.4  10.9 999.0  10.0 99.0 99.00 
2024 04 18 08 20 319  7.2  8.7 99.00 99.00 99.00 999 1014.4  10.9 999.0  10.0 99.0 99.00 
2024 04 18 08 30 318  6.8  8.7 99.00 99.00 99.00 999 1014.4  10.9 999.0  10.0 99.0 99.00 
2024 04 18 08 40 317  6.8  8.4  2.05  9.09  6.55 314 1014.4  10.9 999.0  10.1 99.0 99.00 
2024 04 18 08 50 316  6.8  8.2 99.00 99.00 99.00 999 1014.3  10.9 999.0  10.1 99.0 99.00 
2024 04 18 09 00 316  6.4  7.9 99.00 99.00 99.00 999 1014.2  10.9 999.0  10.1 99.0 99.00 
2024 04 18 09 10 316  5.8  7.7  1.99 17.39  6.67 207 1014.1  10.9 999.0  10.1 99.0 99.00 
2024 04 18 09 20 317  5.9  7.6 99.00 99.00 99.00 999 1014.1  10.8 999.0  10.0 99.0 99.00 
2024 04 18 09 30 315  5.9  7.6 99.00 99.00 99.00 999 1014.1  10.8 999.0  10.0 99.0 99.00 
2024 04 18 09 40 317  5.3  6.8  2.04 16.00  6.88 215 1014.0  10.8 999.0  10.1 99.0 99.00 
2024 04 18 09 50 317  5.1  7.0 99.00 99.00 99.00 999 1013.9  10.8 999.0  10.1 99.0 99.00 
2024 04 18 10 00 316  5.1  6.6 99.00 99.00 99.00 999 1013.9  10.8 999.0  10.1 99.0 99.00 
2024 04 18 10 10 316  5.0  6.3  2.05  9.09  6.67 328 1013.9  10.8 999.0  10.2 99.0 99.00 
2024 04 18 10 20 313  4.8  6.6 99.00 99.00 99.00 999 1013.8  10.8 999.0  10.3 99.0 99.00 
2024 04 18 10 30 311  5.0  6.6 99.00 99.00 99.00 999 1013.8  10.8 999.0  10.3 99.0 99.00 
2024 04 18 10 40 312  5.7  7.4  2.11 17.39  6.75 212 1013.7  10.7 999.0  10.2 99.0 99.00 
2024 04 18 10 50 314  5.6  7.2 99.00 99.00 99.00 999 1013.7  10.7 999.0  10.2 99.0 99.00 
2024 04 18 11 00 315  5.6  7.4 99.00 99.00 99.00 999 1013.7  10.7 999.0  10.2 99.0 99.00 
2024 04 18 11 10 318  5.6  7.2  2.10 17.39  7.10 203 1013.7  10.7 999.0  10.2 99.0 99.00 
2024 04 18 11 20 317  5.7  7.3 99.00 99.00 99.00 999 1013.6  10.7 999.0  10.3 99.0 99.00 
2024 04 18 11 30 320  5.5  6.9 99.00 99.00 99.00 999 1013.6  10.7 999.0  10.3 99.0 99.00 
2024 04 18 11 40 329  5.1  6.4  2.01  8.33  6.80 319 1013.5  10.7 999.0  10.3 99.0 99.00 
2024 04 18 11 50 335  5.1  6.6 99.00 99.00 99.00 999 1013.6  10.7 999.0  10.3 99.0 99.00 
2024 04 18 12 00 335  5.8  7.7 99.00 99.00 99.00 999 1013.6  10.6 999.0  10.1 99.0 99.00 
2024 04 18 12 10 335  5.4  6.8  2.04 16.00  6.82 212 1013.5  10.6 999.0  10.1 99.0 99.00 
2024 04 18 12 20 334  5.8  7.4 99.00 99.00 99.00 999 1013.5  10.6 999.0  10.0 99.0 99.00 
2024 04 18 12 30 337  5.7  7.2 99.00 99.00 99.00 999 1013.5  10.6 999.0   9.9 99.0 99.00 
2024 04 18 12 40 338  5.8  7.0  1.94 16.00  6.57 205 1013.4  10.6 999.0   9.9 99.0 99.00 
2024 04 18 12 50 343  5.4  6.8 99.00 99.00 99.00 999 1013.2  10.7 999.0  10.0 99.0 99.00 
2024 04 18 13 00 341  4.9  6.2 99.00 99.00 99.00 999 1013.3  10.8 999.0  10.3 99.0 99.00 
2024 04 18 13 10 342  4.4  5.8  2.05  9.09  6.80 320 1013.4  10.9 999.0  10.4 99.0 99.00 
2024 04 18 13 20 341  3.9  5.0 99.00 99.00 99.00 999 1013.5  10.9 999.0  10.4 99.0 99.00 
2024 04 18 13 30 338  3.7  5.0 99.00 99.00 99.00 999 1013.5  10.9 999.0  10.4 99.0 99.00 
2024 04 18 13 40 346  3.6  4.8  2.00  9.09  6.72 322 1013.6  11.0 999.0  10.5 99.0 99.00 
2024 04 18 13 50 357  2.8  3.8 99.00 99.00 99.00 999 1013.6  11.0 999.0  10.6 99.0 99.00 
2024 04 18 14 00 351  2.8  3.9 99.00 99.00 99.00 999 1013.7  11.1 999.0  10.7 99.0 99.00 
2024 04 18 14 10   8  2.8  4.0  2.03  9.09  7.05 318 1013.9  11.1 999.0  10.7 99.0 99.00 
2024 04 18 14 20  26  2.2  3.6 99.00 99.00 99.00 999 1013.9  11.1 999.0  10.7 99.0 99.00 
2024 04 18 14 30  46  2.0  2.9 99.00 99.00 99.00 999 1014.0  11.2 999.0  10.8 99.0 99.00 
2024 04 18 14 40  64  1.7  2.6  2.03 16.00  7.23 183 1014.0  11.3 999.0  10.8 99.0 99.00 
2024 04 18 14 50  93  2.3  3.9 99.00 99.00 99.00 999 1014.2  11.3 999.0  10.8 99.0 99.00 
2024 04 18 15 00 111  2.2  3.7 99.00 99.00 99.00 999 1014.0  11.3 999.0  10.8 99.0 99.00 
2024 04 18 15 10  98  2.4  3.9  1.95 16.00  7.10 202 1014.0  11.3 999.0  10.8 99.0 99.00 
2024 04 18 15 20 105  2.5  4.1 99.00 99.00 99.00 999 1014.0  11.3 999.0  10.8 99.0 99.00 
2024 04 18 15 30 115  2.8  4.8 99.00 99.00 99.00 999 1014.0  11.2 999.0  10.7 99.0 99.00 
2024 04 18 15 40 123  2.9  4.3  1.87 16.00  7.29 186 1014.2  11.2 999.0  10.7 99.0 99.00 
2024 04 18 15 50 133  2.7  4.1 99.00 99.00 99.00 999 1014.1  11.1 999.0  10.6 99.0 99.00 
2024 04 18 16 00 129  2.3  3.9 99.00 99.00 99.00 999 1014.2  11.1 999.0  10.6 99.0 99.00 
2024 04 18 16 10 130  2.3  3.9  1.94 16.00  7.26 189 1014.2  11.1 999.0  10.6 99.0 99.00 
2024 04 18 16 20 139  1.9  3.5 99.00 99.00 99.00 999 1014.3  11.2 999.0  10.7 99.0 99.00 
2024 04 18 16 30 150  1.8  3.3 99.00 99.00 99.00 999 1014.3  11.2 999.0  10.7 99.0 99.00 
2024 04 18 16 40 141  1.9  3.4  1.97  9.09  7.28 321 1014.3  11.3 999.0  10.7 99.0 99.00 
2024 04 18 16 50 146  2.0  3.2 99.00 99.00 99.00 999 1014.2  11.2 999.0  10.7 99.0 99.00 
2024 04 18 17 00 160  1.8  3.1 99.00 99.00 99.00 999 1014.4  11.3 999.0  10.8 99.0 99.00 
2024 04 18 17 10 167  1.9  3.9  1.91 16.00  7.73 194 1014.4  11.2 999.0  10.7 99.0 99.00 
2024 04 18 17 20 170  1.7  2.9 99.00 99.00 99.00 999 1014.5  11.2 999.0  10.7 99.0 99.00 
2024 04 18 17 30 200  1.4  2.6 99.00 99.00 99.00 999 1014.6  11.2 999.0  10.7 99.0 99.00 
2024 04 18 17 40 204  0.8  1.7  1.92 10.00  7.34 327 1014.6  11.3 999.0  10.8 99.0 99.00 
2024 04 18 17 50 213  1.9  3.3 99.00 99.00 99.00 999 1014.7  11.0 999.0  10.5 99.0 99.00 
2024 04 18 18 00 234  2.2  3.0 99.00 99.00 99.00 999 1014.7  10.7 999.0  10.3 99.0 99.00 
2024 04 18 18 10 235  1.7  2.7  1.90 10.00  7.53 326 1014.8  10.8 999.0  10.5 99.0 99.00 
2024 04 18 18 20 233  2.2  3.5 99.00 99.00 99.00 999 1014.9  10.8 999.0  10.5 99.0 99.00 
2024 04 18 18 30 229  2.2  3.1 99.00 99.00 99.00 999 1014.9  10.7 999.0  10.5 99.0 99.00 
2024 04 18 18 40 209  2.0  3.0  1.78 10.00  7.11 326 1014.8  10.7 999.0  10.5 99.0 99.00 
2024 04 18 18 50 208  1.9  2.9 99.00 99.00 99.00 999 1014.9  10.5 999.0  10.3 99.0 99.00 
2024 04 18 19 00 214  1.3  2.3 99.00 99.00 99.00 999 1014.8  10.5 999.0  10.3 99.0 99.00 
2024 04 18 19 10 246  0.5  1.5  1.84 16.00  7.38 194 1014.7  10.6 999.0  10.4 99.0 99.00 
2024 04 18 19 20 315  0.1  0.8 99.00 99.00 99.00 999 1014.7  11.1 999.0  10.8 99.0 99.00 
2024 04 18 19 30 101  0.1  0.9 99.00 99.00 99.00 999 1014.7  11.2 999.0  10.7 99.0 99.00 
2024 04 18 19 40 316  0.7  1.9  1.82 16.00  7.51 205 1014.7  11.2 999.0  10.5 99.0 99.00 
2024 04 18 19 50 294  1.0  2.0 99.00 99.00 99.00 999 1014.7  10.9 999.0  10.2 99.0 99.00 
2024 04 18 20 00  33  0.4  1.2 99.00 99.00 99.00 999 1014.5  10.9 999.0  10.2 99.0 99.00 
2024 04 18 20 10  69  0.7  1.5  1.83 16.00  7.33 214 1014.5  11.0 999.0  10.3 99.0 99.00 
2024 04 18 20 20  99  0.8  1.7 99.00 99.00 99.00 999 1014.4  11.1 999.0  10.4 99.0 99.00 
2024 04 18 20 30  94  1.1  2.5 99.00 99.00 99.00 999 1014.4  11.2 999.0  10.5 99.0 99.00 
2024 04 18 20 40  80  1.3  2.4  1.87  9.09  7.62 327 1014.4  11.2 999.0  10.5 99.0 99.00 
2024 04 18 20 50  79  0.9  1.7 99.00 99.00 99.00 999 1014.4  11.3 999.0  10.6 99.0 99.00 
2024 04 18 21 00  76  0.6  1.7 99.00 99.00 99.00 999 1014.5  11.5 999.0  10.8 99.0 99.00 
2024 04 18 21 10  50  0.4  1.5  1.86 16.00  7.68 199 1014.4  11.6 999.0  10.8 99.0 99.00 
2024 04 18 21 20  71  0.2  1.2 99.00 99.00 99.00 999 1014.4  11.9 999.0  11.1 99.0 99.00 
2024 04 18 21 30  54  0.1  1.1 99.00 99.00 99.00 999 1014.4  12.1 999.0  11.2 99.0 99.00 
2024 04 18 21 40 258  0.1  1.1  1.70 16.00  7.32 199 1014.4  12.3 999.0  11.2 99.0 99.00 
2024 04 18 21 50 277  0.4  1.4 99.00 99.00 99.00 999 1014.3  12.4 999.0  11.3 99.0 99.00 
2024 04 18 22 00 317  0.5  1.5 99.00 99.00 99.00 999 1014.3  12.6 999.0  11.5 99.0 99.00 
2024 04 18 22 10 330  0.9  1.9  1.71 16.00  7.57 205 1014.3  12.7 999.0  11.6 99.0 99.00 
2024 04 18 22 20 288  0.9  2.2 99.00 99.00 99.00 999 1014.3  13.0 999.0  11.9 99.0 99.00 
2024 04 18 22 30 303  0.7  1.7 99.00 99.00 99.00 999 1014.2  13.2 999.0  12.0 99.0 99.00 
2024 04 18 22 40 326  1.6  3.0  1.57 16.00  7.57 197 1014.1  13.3 999.0  12.0 99.0 99.00 
2024 04 18 22 50 332  2.3  3.3 99.00 99.00 99.00 999 1014.0  13.2 999.0  11.8 99.0 99.00 
2024 04 18 23 00 330  2.8  4.7 99.00 99.00 99.00 999 1013.8  13.3 999.0  11.9 99.0 99.00 
2024 04 18 23 10 328  3.5  4.6  1.63 16.00  7.57 211 1013.7  13.2 999.0  12.1 99.0 99.00 
2024 04 18 23 20 324  3.3  4.3 99.00 99.00 99.00 999 1013.7  13.1 999.0  12.1 99.0 99.00 
2024 04 18 23 30 328  3.4  4.6 99.00 99.00 99.00 999 1013.7  13.0 999.0  12.0 99.0 99.00 
2024 04 18 23 40 325  3.6  4.8  1.67 16.00  7.77 193 1013.6  12.8 999.0  11.8 99.0 99.00 
2024 04 18 23 50 319  3.6  4.4 99.00 99.00 99.00 999 1013.7  12.5 999.0  11.5 99.0 99.00 
2024 04 19 00 00 307  3.2  4.1 99.00 99.00 99.00 999 1013.8  12.4 999.0  11.4 99.0 99.00 
2024 04 19 00 10 311  3.0  4.0  1.55 16.00  7.67 181 1013.8  12.3 999.0  11.5 99.0 99.00 
2024 04 19 00 20 317  2.8  3.9 99.00 99.00 99.00 999 1013.7  12.3 999.0  11.5 99.0 99.00 
2024 04 19 00 30 317  2.4  3.5 99.00 99.00 99.00 999 1013.5  12.4 999.0  11.5 99.0 99.00 
2024 04 19 00 40 319  2.3  3.4  1.54 16.00  7.35 197 1013.5  12.3 999.0  11.4 99.0 99.00 
2024 04 19 00 50 321  2.7  3.8 99.00 99.00 99.00 999 1013.4  12.3 999.0  11.4 99.0 99.00 
2024 04 19 01 00 326  2.9  3.8 99.00 99.00 99.00 999 1013.4  12.3 999.0  11.5 99.0 99.00 
2024 04 19 01 10 317  2.9  3.8  1.56 16.00  7.73 200 1013.4  12.4 999.0  11.6 99.0 99.00 
2024 04 19 01 20 310  2.7  3.5 99.00 99.00 99.00 999 1013.4  12.3 999.0  11.5 99.0 99.00 
2024 04 19 01 30 302  2.8  3.8 99.00 99.00 99.00 999 1013.3  12.3 999.0  11.5 99.0 99.00 
2024 04 19 01 40 307  3.0  4.0  1.61 16.00  7.86 201 1013.2  12.3 999.0  11.5 99.0 99.00 
2024 04 19 01 50 305  2.5  3.7 99.00 99.00 99.00 999 1013.2  12.3 999.0  11.5 99.0 99.00 
2024 04 19 02 00 298  2.7  3.8 99.00 99.00 99.00 999 1013.4  12.2 999.0  11.4 99.0 99.00 
2024 04 19 02 10 300  2.4  3.4  1.59 16.00  8.13 205 1013.4  12.2 999.0  11.4 99.0 99.00 
2024 04 19 02 20 298  2.1  2.8 99.00 99.00 99.00 999 1013.4  12.1 999.0  11.3 99.0 99.00 
2024 04 19 02 30 299  2.4  3.3 99.00 99.00 99.00 999 1013.3  12.0 999.0  11.2 99.0 99.00 
2024 04 19 02 40 309  2.6  3.3  1.44 16.00  7.65 206 1013.3  11.9 999.0  11.2 99.0 99.00 
2024 04 19 02 50 300  2.4  3.3 99.00 99.00 99.00 999 1013.3  11.8 999.0  11.1 99.0 99.00 
2024 04 19 03 00 299  2.8  3.7 99.00 99.00 99.00 999 1013.3  11.7 999.0  11.0 99.0 99.00 
2024 04 19 03 10 300  2.8  3.6  1.35 16.00  7.58 207 1013.4  11.7 999.0  11.2 99.0 99.00 
2024 04 19 03 20 294  2.4  3.1 99.00 99.00 99.00 999 1013.6  11.6 999.0  11.1 99.0 99.00 
2024 04 19 03 30 288  2.1  3.1 99.00 99.00 99.00 999 1013.6  11.6 999.0  11.1 99.0 99.00 
2024 04 19 03 40 273  1.8  2.5  1.32 16.00  7.53 209 1013.6  11.7 999.0  11.2 99.0 99.00 
2024 04 19 03 50 279  2.2  2.9 99.00 99.00 99.00 999 1013.7  11.7 999.0  11.2 99.0 99.00 
2024 04 19 04 00 287  2.2  2.9 99.00 99.00 99.00 999 1013.8  11.7 999.0  11.2 99.0 99.00 
2024 04 19 04 10 304  2.0  2.7  1.37 14.81  7.81 185 1013.7  11.6 999.0  11.1 99.0 99.00 
2024 04 19 04 20 314  1.7  2.4 99.00 99.00 99.00 999 1013.7  11.6 999.0  11.1 99.0 99.00 
2024 04 19 04 30 328  1.8  2.4 99.00 99.00 99.00 999 1013.8  11.6 999.0  11.1 99.0 99.00 
2024 04 19 04 40 330  1.9  2.9  1.21 16.00  7.52 203 1013.9  11.5 999.0  11.0 99.0 99.00 
2024 04 19 04 50 326  1.3  2.1 99.00 99.00 99.00 999 1013.9  11.6 999.0  11.1 99.0 99.00 
2024 04 19 05 00 315  1.2  2.0 99.00 99.00 99.00 999 1013.9  11.6 999.0  11.1 99.0 99.00 
2024 04 19 05 10 291  0.9  1.7  1.33 16.00  8.29 203 1014.0  11.7 999.0  11.2 99.0 99.00 
2024 04 19 05 20 263  0.9  1.6 99.00 99.00 99.00 999 1014.1  11.6 999.0  11.1 99.0 99.00 
2024 04 19 05 30 259  1.0  1.7 99.00 99.00 99.00 999 1014.1  11.6 999.0  11.1 99.0 99.00 
2024 04 19 05 40 278  1.0  1.6  1.16 14.81  7.24 205 1014.0  11.6 999.0  11.1 99.0 99.00 
2024 04 19 05 50 273  1.0  1.4 99.00 99.00 99.00 999 1014.0  11.6 999.0  11.1 99.0 99.00 
2024 04 19 06 00 257  1.2  1.9 99.00 99.00 99.00 999 1014.2  11.5 999.0  11.0 99.0 99.00 
2024 04 19 06 10 249  1.5  2.0  1.21 14.81  7.71 183 1014.2  11.5 999.0  11.0 99.0 99.00 
2024 04 19 06 20 250  1.5  2.2 99.00 99.00 99.00 999 1014.2  11.5 999.0  11.0 99.0 99.00 
2024 04 19 06 30 240  1.7  2.4 99.00 99.00 99.00 999 1014.2  11.5 999.0  11.0 99.0 99.00 
2024 04 19 06 40 261  1.8  2.3  1.14 14.81  7.22 185 1014.1  11.5 999.0  11.0 99.0 99.00 
2024 04 19 06 50 272  1.8  2.4 99.00 99.00 99.00 999 1014.1  11.5 999.0  11.0 99.0 99.00 
2024 04 19 07 00 278  1.7  2.6 99.00 99.00 99.00 999 1014.2  11.5 999.0  11.0 99.0 99.00 
2024 04 19 07 10 286  1.2  1.8  1.27 16.00  7.86 208 1014.1  11.5 999.0  11.0 99.0 99.00 
2024 04 19 07 20 281  1.1  2.2 99.00 99.00 99.00 999 1014.2  11.5 999.0  11.0 99.0 99.00 
2024 04 19 07 30 283  1.4  2.6 99.00 99.00 99.00 999 1014.2  11.4 999.0  10.9 99.0 99.00 
2024 04 19 07 40 295  1.6  2.5  1.21 16.00  7.72 200 1014.2  11.3 999.0  10.8 99.0 99.00 
2024 04 19 07 50 302  1.5  2.3 99.00 99.00 99.00 999 1014.2  11.3 999.0  10.8 99.0 99.00 
2024 04 19 08 00 306  1.9  2.8 99.00 99.00 99.00 999 1014.2  11.2 999.0  10.8 99.0 99.00 
2024 04 19 08 10 306  1.6  2.7  1.20 16.00  7.49 203 1014.1  11.1 999.0  10.7 99.0 99.00 
2024 04 19 08 20 289  1.4  2.3 99.00 99.00 99.00 999 1014.1  11.0 999.0  10.6 99.0 99.00 
2024 04 19 08 30 288  1.3  2.3 99.00 99.00 99.00 999 1014.1  11.0 999.0  10.6 99.0 99.00 
2024 04 19 08 40  89  0.1  1.4  1.25 14.81  7.77 204 1014.2  11.0 999.0  10.5 99.0 99.00 
2024 04 19 08 50 317  0.6  2.0 99.00 99.00 99.00 999 1014.2  11.0 999.0  10.5 99.0 99.00 
2024 04 19 09 00 299  1.2  2.3 99.00 99.00 99.00 999 1014.2  11.0 999.0  10.5 99.0 99.00 
2024 04 19 09 10 277  1.2  2.7  1.15 16.00  7.07 200 1014.2  11.0 999.0  10.5 99.0 99.00 
2024 04 19 09 20 215  1.2  3.0 99.00 99.00 99.00 999 1014.1  11.0 999.0  10.5 99.0 99.00 
2024 04 19 09 30 224  0.7  1.9 99.00 99.00 99.00 999 1014.1  11.1 999.0  10.5 99.0 99.00 
2024 04 19 09 40 271  1.4  2.9  1.13 14.81  7.09 205 1013.9  11.1 999.0  10.4 99.0 99.00 
2024 04 19 09 50 237  1.0  2.8 99.00 99.00 99.00 999 1013.9  11.0 999.0  10.3 99.0 99.00 
2024 04 19 10 00 299  0.3  1.9 99.00 99.00 99.00 999 1013.8  11.2 999.0  10.5 99.0 99.00 
2024 04 19 10 10 292  0.7  2.3  1.27 14.81  7.46 203 1013.8  11.1 999.0  10.4 99.0 99.00 
2024 04 19 10 20 185  0.8  2.3 99.00 99.00 99.00 999 1013.7  11.0 999.0  10.2 99.0 99.00 
2024 04 19 10 30   5  0.4  1.2 99.00 99.00 99.00 999 1013.8  11.1 999.0  10.3 99.0 99.00 
2024 04 19 10 40   3  0.8  2.3  1.31 16.00  7.24 205 1013.7  11.1 999.0  10.3 99.0 99.00 
2024 04 19 10 50 152  0.8  2.1 99.00 99.00 99.00 999 1013.8  11.0 999.0  10.2 99.0 99.00 
2024 04 19 11 00 212  1.1  2.4 99.00 99.00 99.00 999 1013.7  11.0 999.0  10.2 99.0 99.00 
2024 04 19 11 10  96  0.5  1.7  1.14 14.81  6.90 199 1013.6  11.0 999.0  10.2 99.0 99.00 
2024 04 19 11 20 137  1.3  3.2 99.00 99.00 99.00 999 1013.6  10.9 999.0  10.1 99.0 99.00 
2024 04 19 11 30 168  1.2  2.8 99.00 99.00 99.00 999 1013.7  10.9 999.0  10.1 99.0 99.00 
2024 04 19 11 40 199  1.7  3.0  1.24 14.81  7.30 188 1013.7  10.9 999.0  10.1 99.0 99.00 
2024 04 19 11 50 141  1.0  2.4 99.00 99.00 99.00 999 1013.6  10.9 999.0  10.0 99.0 99.00 
2024 04 19 12 00 182  1.0  2.0 99.00 99.00 99.00 999 1013.6  11.0 999.0  10.1 99.0 99.00 
2024 04 19 12 10 177  1.8  4.1  1.20 14.81  7.14 195 1013.6  11.0 999.0  10.1 99.0 99.00 
2024 04 19 12 20 114  0.2  1.3 99.00 99.00 99.00 999 1013.8  11.1 999.0  10.2 99.0 99.00 
2024 04 19 12 30 199  2.4  3.9 99.00 99.00 99.00 999 1013.9  11.0 999.0  10.1 99.0 99.00 
2024 04 19 12 40 176  2.2  3.8  1.15 14.81  7.12 203 1013.9  10.8 999.0   9.9 99.0 99.00 
2024 04 19 12 50 129  1.6  2.5 99.00 99.00 99.00 999 1014.0  10.9 999.0   9.9 99.0 99.00 
2024 04 19 13 00 182  1.9  3.1 99.00 99.00 99.00 999 1014.0  11.0 999.0  10.1 99.0 99.00 
2024 04 19 13 10 187  2.6  3.8  1.26 14.81  7.26 193 1013.9  10.9 999.0   9.9 99.0 99.00 
2024 04 19 13 20 189  2.1  3.8 99.00 99.00 99.00 999 1014.0  10.8 999.0   9.8 99.0 99.00 
2024 04 19 13 30 180  2.0  3.8 99.00 99.00 99.00 999 1014.2  11.0 999.0  10.0 99.0 99.00 
2024 04 19 13 40 190  3.0  4.0  1.06 14.81  6.70 205 1014.2  10.9 999.0   9.9 99.0 99.00 
2024 04 19 13 50 164  2.4  4.0 99.00 99.00 99.00 999 1014.4  10.7 999.0   9.7 99.0 99.00 
2024 04 19 14 00 164  1.2  2.7 99.00 99.00 99.00 999 1014.4  10.9 999.0   9.8 99.0 99.00 
2024 04 19 14 10 188  2.0  3.5  1.25 14.81  7.28 210 1014.5  10.9 999.0   9.9 99.0 99.00 
2024 04 19 14 20 159  1.8  3.9 99.00 99.00 99.00 999 1014.6  10.9 999.0   9.9 99.0 99.00 
2024 04 19 14 30 206  2.0  3.7 99.00 99.00 99.00 999 1014.6  10.8 999.0   9.7 99.0 99.00 
2024 04 19 14 40 191  1.8  3.4  1.18 14.81  7.03 186 1014.7  10.9 999.0   9.9 99.0 99.00 
2024 04 19 14 50 187  1.7  2.7 99.00 99.00 99.00 999 1014.7  10.9 999.0   9.8 99.0 99.00 
2024 04 19 15 00 169  1.5  3.0 99.00 99.00 99.00 999 1015.0  11.0 999.0   9.9 99.0 99.00 
2024 04 19 15 10 166  2.3  4.1  1.21 16.00  6.97 202 1015.1  11.0 999.0   9.9 99.0 99.00 
2024 04 19 15 20 149  2.1  4.2 99.00 99.00 99.00 999 1015.0  11.0 999.0   9.9 99.0 99.00 
2024 04 19 15 30 163  2.5  4.6 99.00 99.00 99.00 999 1014.9  11.0 999.0   9.9 99.0 99.00 
2024 04 19 15 40 162  2.3  4.2  1.25 14.81  7.27 209 1014.9  11.0 999.0   9.9 99.0 99.00 
2024 04 19 15 50 168  2.7  4.5 99.00 99.00 99.00 999 1014.8  11.0 999.0   9.9 99.0 99.00 
2024 04 19 16 00 171  3.4  4.9 99.00 99.00 99.00 999 1014.9  10.9 999.0   9.8 99.0 99.00 
2024 04 19 16 10 146  2.9  4.3  1.21 14.81  7.18 208 1014.9  10.9 999.0   9.8 99.0 99.00 
2024 04 19 16 20 175  3.0  4.8 99.00 99.00 99.00 999 1014.9  11.0 999.0   9.9 99.0 99.00 
2024 04 19 16 30 171  3.1  4.8 99.00 99.00 99.00 999 1015.1  10.9 999.0   9.8 99.0 99.00 
2024 04 19 16 40 180  2.0  3.7  1.18 14.81  7.11 195 1015.2  11.1 999.0   9.8 99.0 99.00 
2024 04 19 16 50 172  2.2  3.7 99.00 99.00 99.00 999 1015.3  11.2 999.0   9.9 99.0 99.00 
2024 04 19 17 00 171  2.9  4.2 99.00 99.00 99.00 999 1015.4  11.1 999.0   9.8 99.0 99.00 
2024 04 19 17 10 160  1.9  3.3  1.22 14.81  6.92 198 1015.6  11.2 999.0   9.9 99.0 99.00 
2024 04 19 17 20 153  2.3  4.0 99.00 99.00 99.00 999 1015.4  11.3 999.0  10.0 99.0 99.00 
2024 04 19 17 30 162  2.5  4.3 99.00 99.00 99.00 999 1015.5  11.3 999.0  10.0 99.0 99.00 
2024 04 19 17 40 153  2.4  4.2  1.12 14.81  6.86 172 1015.6  11.3 999.0   9.9 99.0 99.00 
2024 04 19 17 50 152  3.0  4.6 99.00 99.00 99.00 999 1015.5  11.4 999.0  10.0 99.0 99.00 
2024 04 19 18 00 168  2.7  4.1 99.00 99.00 99.00 999 1015.6  11.4 999.0  10.0 99.0 99.00 
2024 04 19 18 10 163  2.4  3.4  1.20 13.79  7.47 190 1015.6  11.5 999.0  10.1 99.0 99.00 
2024 04 19 18 20 172  2.9  4.6 99.00 99.00 99.00 999 1015.7  11.6 999.0  10.2 99.0 99.00 
2024 04 19 18 30 183  2.1  3.7 99.00 99.00 99.00 999 1015.8  11.6 999.0  10.2 99.0 99.00 
2024 04 19 18 40 159  2.3  3.4  1.09 14.81  6.95 210 1015.8  11.8 999.0  10.4 99.0 99.00 
2024 04 19 18 50 182  2.3  3.8 99.00 99.00 99.00 999 1015.9  11.7 999.0  10.3 99.0 99.00 
2024 04 19 19 00 176  1.8  2.8 99.00 99.00 99.00 999 1015.9  11.8 999.0  10.3 99.0 99.00 
2024 04 19 19 10 186  2.3  3.4  1.21 14.81  7.61 165 1015.8  11.8 999.0  10.3 99.0 99.00 
2024 04 19 19 20 169  2.2  3.2 99.00 99.00 99.00 999 1015.8  11.9 999.0  10.4 99.0 99.00 
2024 04 19 19 30 170  2.0  3.0 99.00 99.00 99.00 999 1015.6  11.9 999.0  10.4 99.0 99.00 
2024 04 19 19 40 169  2.2  3.0  1.12 14.81  7.32 201 1015.7  11.9 999.0  10.5 99.0 99.00 
2024 04 19 19 50 174  2.0  3.2 99.00 99.00 99.00 999 1015.7  12.0 999.0  10.4 99.0 99.00 
2024 04 19 20 00 188  2.4  3.8 99.00 99.00 99.00 999 1015.7  12.0 999.0  10.4 99.0 99.00 
2024 04 19 20 10 170  1.3  2.5  1.09 13.79  7.14 170 1015.6  12.1 999.0  10.5 99.0 99.00 
2024 04 19 20 20 157  2.1  3.1 99.00 99.00 99.00 999 1015.4  12.1 999.0  10.5 99.0 99.00 
2024 04 19 20 30 164  1.9  2.8 99.00 99.00 99.00 999 1015.4  12.3 999.0  10.7 99.0 99.00 
2024 04 19 20 40 153  1.8  2.7  1.14 14.81  7.66 193 1015.3  12.3 999.0  10.7 99.0 99.00 
2024 04 19 20 50 147  2.4  3.4 99.00 99.00 99.00 999 1015.2  12.2 999.0  10.6 99.0 99.00 
2024 04 19 21 00 143  2.7  3.4 99.00 99.00 99.00 999 1015.3  12.2 999.0  10.7 99.0 99.00 
2024 04 19 21 10 148  2.5  3.4  1.17 14.81  7.98 209 1015.3  12.3 999.0  10.8 99.0 99.00 
2024 04 19 21 20 159  2.8  3.7 99.00 99.00 99.00 999 1015.3  12.3 999.0  10.9 99.0 99.00 
2024 04 19 21 30 172  2.6  3.4 99.00 99.00 99.00 999 1015.4  12.3 999.0  10.8 99.0 99.00 
2024 04 19 21 40 177  2.4  3.4  1.26 14.81  8.52 197 1015.3  12.4 999.0  10.9 99.0 99.00 
2024 04 19 21 50 185  2.6  3.4 99.00 99.00 99.00 999 1015.3  12.5 999.0  11.0 99.0 99.00 
2024 04 19 22 00 188  2.4  3.2 99.00 99.00 99.00 999 1015.3  12.5 999.0  11.1 99.0 99.00 
2024 04 19 22 10 191  2.7  3.4  1.04 14.81  7.59 197 1015.3  12.5 999.0  11.1 99.0 99.00 
2024 04 19 22 20 198  2.8  3.7 99.00 99.00 99.00 999 1015.3  12.6 999.0  11.2 99.0 99.00 
2024 04 19 22 30 207  2.7  3.4 99.00 99.00 99.00 999 1015.3  12.6 999.0  11.3 99.0 99.00 
2024 04 19 22 40 218  2.7  4.0  1.08 14.81  7.45 211 1015.3  12.6 999.0  11.3 99.0 99.00 
2024 04 19 22 50 218  3.2  4.4 99.00 99.00 99.00 999 1015.3  12.5 999.0  11.2 99.0 99.00 
2024 04 19 23 00 239  3.0  4.2 99.00 99.00 99.00 999 1015.2  12.5 999.0  11.2 99.0 99.00 
2024 04 19 23 10 250  2.7  4.5  1.15 14.81  8.56 198 1015.2  12.4 999.0  11.1 99.0 99.00 
2024 04 19 23 20 262  2.5  4.4 99.00 99.00 99.00 999 1015.1  12.5 999.0  11.2 99.0 99.00 
2024 04 19 23 30 266  1.9  3.0 99.00 99.00 99.00 999 1015.0  12.5 999.0  11.1 99.0 99.00 
2024 04 19 23 40 277  2.1  2.7  1.01 14.81  7.33 209 1015.0  12.6 999.0  11.2 99.0 99.00 
2024 04 19 23 50 278  3.1  4.6 99.00 99.00 99.00 999 1015.0  12.5 999.0  11.2 99.0 99.00 
2024 04 20 00 00 280  3.3  5.6 99.00 99.00 99.00 999 1014.9  12.4 999.0  11.2 99.0 99.00 
2024 04 20 00 10 295  2.6  3.9  0.96 14.81  6.95 209 1014.9  12.4 999.0  11.1 99.0 99.00 
2024 04 20 00 20 317  2.4  3.9 99.00 99.00 99.00 999 1014.8  12.3 999.0  11.0 99.0 99.00 
2024 04 20 00 30 305  1.6  3.3 99.00 99.00 99.00 999 1014.7  12.3 999.0  11.0 99.0 99.00 
2024 04 20 00 40 304  2.3  3.5  0.92 14.81  7.08 193 1014.8  12.1 999.0  10.8 99.0 99.00 
2024 04 20 00 50 301  2.7  4.4 99.00 99.00 99.00 999 1014.7  11.9 999.0  10.8 99.0 99.00 
2024 04 20 01 00 305  2.0  3.2 99.00 99.00 99.00 999 1014.6  11.9 999.0  10.8 99.0 99.00 
2024 04 20 01 10 323  2.1  3.2  0.92 13.79  7.09 196 1014.4  11.9 999.0  10.9 99.0 99.00 
2024 04 20 01 20 323  2.0  3.5 99.00 99.00 99.00 999 1014.5  11.9 999.0  10.8 99.0 99.00 
2024 04 20 01 30 307  2.3  4.2 99.00 99.00 99.00 999 1014.5  11.8 999.0  10.7 99.0 99.00 
2024 04 20 01 40 311  2.2  4.3  1.01 13.79  7.88 191 1014.4  11.8 999.0  10.7 99.0 99.00 
2024 04 20 01 50 303  2.6  3.7 99.00 99.00 99.00 999 1014.4  11.6 999.0  10.6 99.0 99.00 
2024 04 20 02 00 324  1.8  3.4 99.00 99.00 99.00 999 1014.3  11.5 999.0  10.5 99.0 99.00 
2024 04 20 02 10 325  1.6  3.5  0.92 13.79  7.32 217 1014.3  11.4 999.0  10.4 99.0 99.00 
2024 04 20 02 20 318  2.5  4.0 99.00 99.00 99.00 999 1014.3  11.4 999.0  10.4 99.0 99.00 
2024 04 20 02 30 309  2.3  3.8 99.00 99.00 99.00 999 1014.3  11.3 999.0  10.3 99.0 99.00 
2024 04 20 02 40 291  2.6  4.2  0.94 14.81  7.34 201 1014.3  11.3 999.0  10.4 99.0 99.00 
2024 04 20 02 50 303  2.7  4.3 99.00 99.00 99.00 999 1014.3  11.1 999.0  10.2 99.0 99.00 
2024 04 20 03 00 317  2.3  3.9 99.00 99.00 99.00 999 1014.2  11.1 999.0  10.3 99.0 99.00 
2024 04 20 03 10 283  2.9  4.6  1.04 13.79  8.00 195 1014.3  11.0 999.0  10.2 99.0 99.00 
2024 04 20 03 20 303  3.0  4.4 99.00 99.00 99.00 999 1014.5  10.9 999.0  10.1 99.0 99.00 
2024 04 20 03 30 308  2.7  4.5 99.00 99.00 99.00 999 1014.6  10.9 999.0  10.1 99.0 99.00 
2024 04 20 03 40 308  3.1  4.7  1.07 14.81  7.73 207 1014.7  10.8 999.0  10.0 99.0 99.00 
2024 04 20 03 50 317  2.5  4.7 99.00 99.00 99.00 999 1014.7  10.7 999.0  10.0 99.0 99.00 
2024 04 20 04 00 314  2.4  4.1 99.00 99.00 99.00 999 1014.9  10.7 999.0  10.0 99.0 99.00 
2024 04 20 04 10 297  3.9  5.6  1.09 14.81  7.79 204 1015.2  10.6 999.0   9.9 99.0 99.00 
2024 04 20 04 20 298  4.7  6.5 99.00 99.00 99.00 999 1015.2  10.4 999.0   9.9 99.0 99.00 
2024 04 20 04 30 318  4.0  5.1 99.00 99.00 99.00 999 1015.2  10.2 999.0   9.7 99.0 99.00 
2024 04 20 04 40 310  3.8  4.9  0.96 14.81  6.88 202 1015.4  10.4 999.0  10.0 99.0 99.00 
2024 04 20 04 50 321  4.5  6.0 99.00 99.00 99.00 999 1015.4  10.5 999.0  10.1 99.0 99.00 
2024 04 20 05 00 320  3.7  5.0 99.00 99.00 99.00 999 1015.3  10.5 999.0  10.1 99.0 99.00 
2024 04 20 05 10 320  4.0  5.3  1.08 13.79  7.66 193 1015.5  10.5 999.0  10.1 99.0 99.00 
2024 04 20 05 20 314  4.5  5.8 99.00 99.00 99.00 999 1015.6  10.4 999.0  10.0 99.0 99.00 
2024 04 20 05 30 307  4.1  5.4 99.00 99.00 99.00 999 1015.5  10.5 999.0  10.1 99.0 99.00 
2024 04 20 05 40 302  4.1  6.3  1.06 14.81  7.56 207 1015.6  10.6 999.0  10.2 99.0 99.00 
2024 04 20 05 50 300  4.4  6.1 99.00 99.00 99.00 999 1015.6  10.6 999.0  10.2 99.0 99.00 
2024 04 20 06 00 306  4.4  5.8 99.00 99.00 99.00 999 1015.6  10.4 999.0  10.0 99.0 99.00 
2024 04 20 06 10 309  4.1  5.3  1.05 13.79  7.23 196 1015.4  10.4 999.0  10.0 99.0 99.00 
2024 04 20 06 20 317  4.3  6.0 99.00 99.00 99.00 999 1015.6  10.6 999.0  10.2 99.0 99.00 
2024 04 20 06 30 305  4.8  6.2 99.00 99.00 99.00 999 1015.6  10.7 999.0  10.3 99.0 99.00 
2024 04 20 06 40 319  4.7  6.8  1.02 13.79  7.10 196 1015.6  10.7 999.0  10.3 99.0 99.00 
2024 04 20 06 50 317  4.0  5.9 99.00 99.00 99.00 999 1015.6  10.6 999.0  10.2 99.0 99.00 
2024 04 20 07 00 321  4.0  5.9 99.00 99.00 99.00 999 1015.3  10.6 999.0  10.2 99.0 99.00 
2024 04 20 07 10 324  4.2  5.1  0.98 13.79  7.04 194 1015.4  10.6 999.0  10.2 99.0 99.00 
2024 04 20 07 20 335  3.6  4.5 99.00 99.00 99.00 999 1015.3  10.4 999.0  10.0 99.0 99.00 
2024 04 20 07 30 326  3.7  5.0 99.00 99.00 99.00 999 1015.4  10.3 999.0   9.9 99.0 99.00 
2024 04 20 07 40 318  3.9  5.3  0.94 13.79  6.66 210 1015.6  10.2 999.0   9.8 99.0 99.00 
2024 04 20 07 50 314  3.8  5.3 99.00 99.00 99.00 999 1015.6  10.2 999.0   9.8 99.0 99.00 
2024 04 20 08 00 313  4.3  6.0 99.00 99.00 99.00 999 1015.6  10.3 999.0   9.9 99.0 99.00 
2024 04 20 08 10 319  3.9  5.1  1.03 13.79  6.69 205 1015.5  10.1 999.0   9.7 99.0 99.00 
2024 04 20 08 20 317  3.6  4.9 99.00 99.00 99.00 999 1015.5  10.0 999.0   9.6 99.0 99.00 
2024 04 20 08 30 305  4.3  5.9 99.00 99.00 99.00 999 1015.6  10.1 999.0   9.7 99.0 99.00 
2024 04 20 08 40 302  4.8  6.0  1.02 14.81  6.68 201 1015.7  10.1 999.0   9.7 99.0 99.00 
2024 04 20 08 50 299  5.3  6.6 99.00 99.00 99.00 999 1015.8  10.2 999.0   9.8 99.0 99.00 
2024 04 20 09 00 311  4.7  6.1 99.00 99.00 99.00 999 1015.7  10.4 999.0  10.0 99.0 99.00 
2024 04 20 09 10 322  4.2  5.6  1.00 13.79  6.24 193 1015.6  10.6 999.0  10.2 99.0 99.00 
2024 04 20 09 20 330  3.9  5.0 99.00 99.00 99.00 999 1015.5  10.7 999.0  10.3 99.0 99.00 
2024 04 20 09 30 328  3.9  4.9 99.00 99.00 99.00 999 1015.5  10.5 999.0  10.1 99.0 99.00 
2024 04 20 09 40 317  3.5  6.0  1.01 13.79  6.18 207 1015.9  10.4 999.0  10.0 99.0 99.00 
2024 04 20 09 50 298  4.7  6.3 99.00 99.00 99.00 999 1015.8  10.5 999.0  10.1 99.0 99.00 
2024 04 20 10 00 295  4.4  6.0 99.00 99.00 99.00 999 1015.7  10.7 999.0  10.3 99.0 99.00 
2024 04 20 10 10 292  4.7  6.1  1.07 14.81  6.46 204 1015.8  10.6 999.0  10.2 99.0 99.00 
2024 04 20 10 20 301  5.3  7.2 99.00 99.00 99.00 999 1016.0  10.7 999.0  10.3 99.0 99.00 
2024 04 20 10 30 306  5.3  6.9 99.00 99.00 99.00 999 1016.2  10.8 999.0  10.4 99.0 99.00 
2024 04 20 10 40 305  6.4  8.0  0.89 14.81  5.31 183 1016.3  10.8 999.0  10.3 99.0 99.00 
2024 04 20 10 50 310  7.2  9.4 99.00 99.00 99.00 999 1016.3  10.8 999.0  10.3 99.0 99.00 
2024 04 20 11 00 309  6.6  8.7 99.00 99.00 99.00 999 1016.1  10.9 999.0  10.4 99.0 99.00 
2024 04 20 11 10 317  6.8  8.2  1.04 14.81  5.63 215 1016.1  10.8 999.0  10.3 99.0 99.00 
2024 04 20 11 20 310  6.7  8.6 99.00 99.00 99.00 999 1016.2  10.7 999.0  10.2 99.0 99.00 
2024 04 20 11 30 316  6.2  7.7 99.00 99.00 99.00 999 1016.1  10.7 999.0  10.2 99.0 99.00 
2024 04 20 11 40 320  5.7  7.1  1.11 13.79  5.65 209 1016.0  10.6 999.0  10.1 99.0 99.00 
2024 04 20 11 50 316  5.6  7.0 99.00 99.00 99.00 999 1016.0  10.6 999.0  10.1 99.0 99.00 
2024 04 20 12 00 308  6.1  7.5 99.00 99.00 99.00 999 1016.1  10.5 999.0  10.0 99.0 99.00 
2024 04 20 12 10 310  6.0  7.9  1.00 13.79  5.33 180 1016.1  10.5 999.0  10.0 99.0 99.00 
2024 04 20 12 20 304  5.8  7.2 99.00 99.00 99.00 999 1016.1  10.6 999.0  10.1 99.0 99.00 
2024 04 20 12 30 304  5.9  8.0 99.00 99.00 99.00 999 1016.2  10.7 999.0  10.2 99.0 99.00 
2024 04 20 12 40 303  5.9  7.1  1.07 13.79  5.43 192 1016.2  10.9 999.0  10.5 99.0 99.00 
2024 04 20 12 50 306  5.2  6.6 99.00 99.00 99.00 999 1016.3  11.1 999.0  10.7 99.0 99.00 
2024 04 20 13 00 302  5.6  7.1 99.00 99.00 99.00 999 1016.2  11.2 999.0  10.8 99.0 99.00 
2024 04 20 13 10 310  5.0  6.1  1.01 14.81  5.26 210 1016.3  11.3 999.0  10.9 99.0 99.00 
2024 04 20 13 20 315  4.7  5.9 99.00 99.00 99.00 999 1016.4  11.3 999.0  10.9 99.0 99.00 
2024 04 20 13 30 322  4.7  6.5 99.00 99.00 99.00 999 1016.5  11.2 999.0  10.8 99.0 99.00 
2024 04 20 13 40 317  4.9  6.6  1.00 14.81  5.68 199 1016.6  11.2 999.0  10.8 99.0 99.00 
2024 04 20 13 50 313  5.5  7.1 99.00 99.00 99.00 999 1016.7  11.1 999.0  10.7 99.0 99.00 
2024 04 20 14 00 316  5.2  6.5 99.00 99.00 99.00 999 1016.8  11.1 999.0  10.7 99.0 99.00 
2024 04 20 14 10 316  5.2  6.6  1.08 13.79  6.24 211 1016.9  11.2 999.0  10.8 99.0 99.00 
2024 04 20 14 20 320  5.8  7.5 99.00 99.00 99.00 999 1017.0  11.2 999.0  10.8 99.0 99.00 
2024 04 20 14 30 323  5.3  6.6 99.00 99.00 99.00 999 1017.2  11.1 999.0  10.7 99.0 99.00 
2024 04 20 14 40 320  4.8  5.8  1.08 14.81  5.84 189 1017.4  11.1 999.0  10.7 99.0 99.00 
2024 04 20 14 50 330  3.9  4.9 99.00 99.00 99.00 999 1017.5  11.2 999.0  10.7 99.0 99.00 
2024 04 20 15 00 328  3.9  4.9 99.00 99.00 99.00 999 1017.8  11.2 999.0  10.8 99.0 99.00 
2024 04 20 15 10 329  4.1  5.0  1.02 13.79  5.87 208 1017.9  11.2 999.0  10.7 99.0 99.00 
2024 04 20 15 20 330  4.3  5.8 99.00 99.00 99.00 999 1018.0  11.1 999.0  10.6 99.0 99.00 
2024 04 20 15 30 334  4.7  5.8 99.00 99.00 99.00 999 1018.2  11.0 999.0  10.6 99.0 99.00 
2024 04 20 15 40 324  4.7  6.3  1.05 13.79  5.79 216 1018.2  11.1 999.0  10.7 99.0 99.00 
2024 04 20 15 50 315  5.4  6.6 99.00 99.00 99.00 999 1018.3  11.2 999.0  10.7 99.0 99.00 
2024 04 20 16 00 316  6.0  7.5 99.00 99.00 99.00 999 1018.4  11.1 999.0  10.6 99.0 99.00 
2024 04 20 16 10 319  6.1  7.6  0.93 14.81  5.34 202 1018.6  11.2 999.0  10.8 99.0 99.00 
2024 04 20 16 20 311  6.2  7.7 99.00 99.00 99.00 999 1018.5  11.1 999.0  10.6 99.0 99.00 
2024 04 20 16 30 316  5.3  6.6 99.00 99.00 99.00 999 1018.6  11.2 999.0  10.7 99.0 99.00 
2024 04 20 16 40 319  5.2  6.1  0.96 13.79  5.79 197 1018.6  11.2 999.0  10.7 99.0 99.00 
2024 04 20 16 50 325  5.6  7.1 99.00 99.00 99.00 999 1018.6  11.2 999.0  10.7 99.0 99.00 
2024 04 20 17 00 326  5.5  6.5 99.00 99.00 99.00 999 1018.7  11.0 999.0  10.7 99.0 99.00 
2024 04 20 17 10 325  5.2  6.5  0.97 13.79  5.35 175 1018.9  11.0 999.0  10.8 99.0 99.00 
2024 04 20 17 20 319  4.9  6.0 99.00 99.00 99.00 999 1019.0  11.2 999.0  11.0 99.0 99.00 
2024 04 20 17 30 316  4.6  5.8 99.00 99.00 99.00 999 1019.1  11.3 999.0  11.1 99.0 99.00 
2024 04 20 17 40 312  4.7  6.0  1.03 13.79  5.76 202 1019.2  11.5 999.0  11.3 99.0 99.00 
2024 04 20 17 50 306  4.6  5.9 99.00 99.00 99.00 999 1019.4  11.6 999.0  11.4 99.0 99.00 
2024 04 20 18 00 305  4.8  6.0 99.00 99.00 99.00 999 1019.6  11.7 999.0  11.3 99.0 99.00 
2024 04 20 18 10 309  5.5  6.8  1.01 12.90  5.95 215 1019.7  11.6 999.0  11.2 99.0 99.00 
2024 04 20 18 20 310  5.8  7.5 99.00 99.00 99.00 999 1019.7  11.6 999.0  11.2 99.0 99.00 
2024 04 20 18 30 310  6.4  7.9 99.00 99.00 99.00 999 1019.8  11.4 999.0  11.0 99.0 99.00 
2024 04 20 18 40 308  6.4  8.1  0.96 13.79  5.27 220 1019.9  11.4 999.0  11.0 99.0 99.00 
2024 04 20 18 50 303  6.9  8.2 99.00 99.00 99.00 999 1019.8  11.4 999.0  11.0 99.0 99.00 
2024 04 20 19 00 303  6.6  8.8 99.00 99.00 99.00 999 1019.8  11.5 999.0  11.1 99.0 99.00 
2024 04 20 19 10 301  6.9  8.8  1.00 12.90  5.12 196 1019.9  11.2 999.0  10.8 99.0 99.00 
2024 04 20 19 20 297  7.2  8.7 99.00 99.00 99.00 999 1019.8  10.7 999.0  10.5 99.0 99.00 
2024 04 20 19 30 293  7.2  8.9 99.00 99.00 99.00 999 1019.7  10.7 999.0  10.4 99.0 99.00 
2024 04 20 19 40 291  7.6  9.3  1.10 13.79  4.96 209 1019.7  10.8 999.0  10.4 99.0 99.00 
2024 04 20 19 50 294  7.4  8.6 99.00 99.00 99.00 999 1019.6  10.9 999.0  10.4 99.0 99.00 
2024 04 20 20 00 297  6.8  8.2 99.00 99.00 99.00 999 1019.7  11.1 999.0  10.4 99.0 99.00 
2024 04 20 20 10 298  6.6  8.1  1.00 14.81  4.90 234 1019.5  11.2 999.0  10.1 99.0 99.00 
2024 04 20 20 20 302  7.1  8.4 99.00 99.00 99.00 999 1019.5  11.5 999.0   9.9 99.0 99.00 
2024 04 20 20 30 302  8.0  9.9 99.00 99.00 99.00 999 1019.3  11.8 999.0   9.6 99.0 99.00 
2024 04 20 20 40 298  8.5 10.3  1.13 13.79  4.84 197 1019.2  12.1 999.0   9.7 99.0 99.00 
2024 04 20 20 50 297  8.7 10.2 99.00 99.00 99.00 999 1019.2  12.1 999.0   9.6 99.0 99.00 
2024 04 20 21 00 299  8.6 10.0 99.00 99.00 99.00 999 1019.2  12.3 999.0   9.2 99.0 99.00 
2024 04 20 21 10 298  8.4 10.3  1.20 13.79  5.04 196 1019.2  12.4 999.0   9.3 99.0 99.00 
2024 04 20 21 20 297  8.7 10.6 99.00 99.00 99.00 999 1019.2  12.3 999.0   9.3 99.0 99.00 
2024 04 20 21 30 297  8.6 10.4 99.00 99.00 99.00 999 1019.2  12.3 999.0   9.3 99.0 99.00 
2024 04 20 21 40 296  8.6 11.0  1.16 13.79  4.50 189 1019.2  12.4 999.0   9.2 99.0 99.00 
2024 04 20 21 50 296  8.9 10.8 99.00 99.00 99.00 999 1019.1  12.5 999.0   9.3 99.0 99.00 
2024 04 20 22 00 294  9.3 11.2 99.00 99.00 99.00 999 1019.1  12.4 999.0   9.4 99.0 99.00 
2024 04 20 22 10 295  9.2 10.7  1.23 13.79  4.59 217 1019.1  12.4 999.0   9.3 99.0 99.00 
2024 04 20 22 20 297  9.5 11.7 99.00 99.00 99.00 999 1019.1  12.4 999.0   9.4 99.0 99.00 
2024 04 20 22 30 297 10.0 12.3 99.00 99.00 99.00 999 1019.0  12.4 999.0   9.4 99.0 99.00 
2024 04 20 22 40 298 10.3 12.4  1.22 13.79  4.40 211 1019.0  12.4 999.0   9.2 99.0 99.00 
2024 04 20 22 50 301 10.2 12.0 99.00 99.00 99.00 999 1018.9  12.5 999.0   8.9 99.0 99.00 
2024 04 20 23 00 301 10.0 11.8 99.00 99.00 99.00 999 1018.9  12.6 999.0   9.0 99.0 99.00 
2024 04 20 23 10 302 10.0 12.0  1.32  4.55  4.54 306 1018.9  12.6 999.0   9.1 99.0 99.00 
2024 04 20 23 20 304  9.9 12.0 99.00 99.00 99.00 999 1018.8  12.6 999.0   9.2 99.0 99.00 
2024 04 20 23 30 304 10.0 12.6 99.00 99.00 99.00 999 1018.7  12.6 999.0   9.3 99.0 99.00 
2024 04 20 23 40 304 10.3 12.0  1.25 13.79  4.36 193 1018.6  12.6 999.0   9.3 99.0 99.00 
2024 04 20 23 50 304 10.0 12.3 99.00 99.00 99.00 999 1018.7  12.5 999.0   9.4 99.0 99.00 
2024 04 21 00 00 304  9.9 11.8 99.00 99.00 99.00 999 1018.5  12.5 999.0   9.8 99.0 99.00 
2024 04 21 00 10 304 10.7 12.9  1.45  4.76  4.72 314 1018.5  12.5 999.0  10.1 99.0 99.00 
2024 04 21 00 20 305 10.7 13.1 99.00 99.00 99.00 999 1018.4  12.5 999.0  10.0 99.0 99.00 
2024 04 21 00 30 305 10.9 13.6 99.00 99.00 99.00 999 1018.4  12.6 999.0  10.2 99.0 99.00 
2024 04 21 00 40 306 11.1 13.5  1.43  4.76  4.55 327 1018.3  12.6 999.0  10.7 99.0 99.00 
2024 04 21 00 50 307 11.0 13.4 99.00 99.00 99.00 999 1018.5  12.5 999.0  10.8 99.0 99.00 
2024 04 21 01 00 307 11.5 14.8 99.00 99.00 99.00 999 1018.5  12.4 999.0  11.1 99.0 99.00 
2024 04 21 01 10 305 11.2 14.1  1.59  4.55  4.57 320 1018.5  12.2 999.0  11.2 99.0 99.00 
2024 04 21 01 20 307 11.3 14.2 99.00 99.00 99.00 999 1018.5  12.0 999.0  11.2 99.0 99.00 
2024 04 21 01 30 310 10.9 13.6 99.00 99.00 99.00 999 1018.3  12.0 999.0  11.2 99.0 99.00 
2024 04 21 01 40 311 11.0 13.7  1.60  5.00  4.66 321 1018.3  12.0 999.0  11.2 99.0 99.00 
2024 04 21 01 50 310 11.3 13.7 99.00 99.00 99.00 999 1018.3  12.0 999.0  11.2 99.0 99.00 
2024 04 21 02 00 310 11.9 14.3 99.00 99.00 99.00 999 1018.2  12.0 999.0  11.2 99.0 99.00 
2024 04 21 02 10 312 11.7 14.8  1.69  5.26  4.69 323 1018.2  11.9 999.0  11.2 99.0 99.00 
2024 04 21 02 20 310 11.9 14.7 99.00 99.00 99.00 999 1018.2  11.9 999.0  11.2 99.0 99.00 
2024 04 21 02 30 310 12.0 14.4 99.00 99.00 99.00 999 1018.2  11.9 999.0  11.2 99.0 99.00 
2024 04 21 02 40 307 12.0 14.5  1.72  5.26  4.81 331 1018.3  12.0 999.0  11.3 99.0 99.00 
2024 04 21 02 50 308 11.9 14.7 99.00 99.00 99.00 999 1018.4  11.9 999.0  11.2 99.0 99.00 
2024 04 21 03 00 308 12.2 15.7 99.00 99.00 99.00 999 1018.3  11.9 999.0  11.2 99.0 99.00 
2024 04 21 03 10 308 12.4 15.0  1.59  5.26  4.62 325 1018.2  11.9 999.0  11.2 99.0 99.00 
2024 04 21 03 20 308 12.5 15.1 99.00 99.00 99.00 999 1018.3  11.9 999.0  11.1 99.0 99.00 
2024 04 21 03 30 308 12.4 15.1 99.00 99.00 99.00 999 1018.3  12.0 999.0  11.3 99.0 99.00 
2024 04 21 03 40 307 12.3 15.5  1.65 13.79  4.83 206 1018.3  11.9 999.0  11.2 99.0 99.00 
2024 04 21 03 50 307 12.4 14.8 99.00 99.00 99.00 999 1018.6  11.9 999.0  11.4 99.0 99.00 
2024 04 21 04 00 307 12.2 15.0 99.00 99.00 99.00 999 1018.7  11.9 999.0  11.4 99.0 99.00 
2024 04 21 04 10 309 12.2 15.1  1.71  5.56  4.94 322 1018.8  11.9 999.0  11.4 99.0 99.00 
2024 04 21 04 20 309 11.9 14.6 99.00 99.00 99.00 999 1019.0  11.9 999.0  11.4 99.0 99.00 
2024 04 21 04 30 309 12.0 15.4 99.00 99.00 99.00 999 1019.1  11.9 999.0  11.4 99.0 99.00 
2024 04 21 04 40 310 12.1 14.8  1.79  5.56  4.91 327 1019.1  11.8 999.0  11.4 99.0 99.00 
2024 04 21 04 50 309 12.3 15.0 99.00 99.00 99.00 999 1019.2  11.8 999.0  11.4 99.0 99.00 
2024 04 21 05 00 310 11.9 14.8 99.00 99.00 99.00 999 1019.2  11.7 999.0  11.3 99.0 99.00 
2024 04 21 05 10 311 12.0 14.8  1.87  5.88  4.92 326 1019.3  11.7 999.0  11.3 99.0 99.00 
2024 04 21 05 20 310 12.4 15.1 99.00 99.00 99.00 999 1019.3  11.7 999.0  11.3 99.0 99.00 
2024 04 21 05 30 310 12.1 15.2 99.00 99.00 99.00 999 1019.4  11.7 999.0  11.4 99.0 99.00 
2024 04 21 05 40 310 11.9 14.5  1.93  5.88  4.99 324 1019.4  11.6 999.0  11.4 99.0 99.00 
2024 04 21 05 50 310 11.9 14.9 99.00 99.00 99.00 999 1019.4  11.5 999.0  11.2 99.0 99.00 
2024 04 21 06 00 310 11.3 15.1 99.00 99.00 99.00 999 1019.5  11.4 999.0  10.9 99.0 99.00 
2024 04 21 06 10 311 11.7 14.8  1.80  5.56  5.08 327 1019.4  11.5 999.0  10.9 99.0 99.00 
2024 04 21 06 20 311 11.8 14.9 99.00 99.00 99.00 999 1019.3  11.4 999.0  10.7 99.0 99.00 
2024 04 21 06 30 313 11.7 14.5 99.00 99.00 99.00 999 1019.3  11.4 999.0  10.7 99.0 99.00 
2024 04 21 06 40 314 11.6 14.0  1.74  5.56  5.04 328 1019.5  11.5 999.0  10.8 99.0 99.00 
2024 04 21 06 50 315 10.7 13.6 99.00 99.00 99.00 999 1019.5  11.5 999.0  10.8 99.0 99.00 
2024 04 21 07 00 316 10.5 13.2 99.00 99.00 99.00 999 1019.5  11.4 999.0  10.9 99.0 99.00 
2024 04 21 07 10 318 10.3 12.4  1.85  5.88  5.07 321 1019.5  11.4 999.0  10.8 99.0 99.00 
2024 04 21 07 20 318 10.6 13.2 99.00 99.00 99.00 999 1019.4  11.3 999.0  10.6 99.0 99.00 
2024 04 21 07 30 317 10.7 13.6 99.00 99.00 99.00 999 1019.4  11.3 999.0  10.6 99.0 99.00 
2024 04 21 07 40 316 11.0 13.6  1.88  5.88  5.19 320 1019.3  11.3 999.0  10.6 99.0 99.00 
2024 04 21 07 50 316 11.0 13.8 99.00 99.00 99.00 999 1019.2  11.3 999.0  10.6 99.0 99.00 
2024 04 21 08 00 316 11.0 13.6 99.00 99.00 99.00 999 1019.2  11.3 999.0  10.8 99.0 99.00 
2024 04 21 08 10 314 11.1 13.5  1.90  5.88  5.12 321 1019.1  11.3 999.0  10.8 99.0 99.00 
2024 04 21 08 20 313 11.2 13.6 99.00 99.00 99.00 999 1019.2  11.3 999.0  10.8 99.0 99.00 
2024 04 21 08 30 313 11.2 13.9 99.00 99.00 99.00 999 1019.1  11.2 999.0  10.7 99.0 99.00 
2024 04 21 08 40 315 10.9 13.2  1.90  6.25  5.10 317 1019.0  11.2 999.0  10.7 99.0 99.00 
2024 04 21 08 50 316 10.2 12.7 99.00 99.00 99.00 999 1018.9  11.2 999.0  10.7 99.0 99.00 
2024 04 21 09 00 315 10.4 13.3 99.00 99.00 99.00 999 1018.8  11.2 999.0  10.7 99.0 99.00 
2024 04 21 09 10 316 10.5 12.7  2.07  6.25  5.27 314 1018.7  11.2 999.0  10.6 99.0 99.00 
2024 04 21 09 20 316  9.8 12.7 99.00 99.00 99.00 999 1018.6  11.2 999.0  10.5 99.0 99.00 
2024 04 21 09 30 318 10.0 12.6 99.00 99.00 99.00 999 1018.6  11.2 999.0  10.5 99.0 99.00 
2024 04 21 09 40 315 10.1 12.3  1.91  6.67  5.29 309 1018.5  11.2 999.0  10.6 99.0 99.00 
2024 04 21 09 50 312 10.1 13.4 99.00 99.00 99.00 999 1018.4  11.2 999.0  10.7 99.0 99.00 
2024 04 21 10 00 311 10.6 13.1 99.00 99.00 99.00 999 1018.3  11.3 999.0  10.7 99.0 99.00 
2024 04 21 10 10 312 10.2 12.7  2.01  6.25  5.49 313 1018.2  11.3 999.0  10.8 99.0 99.00 
2024 04 21 10 20 312 10.1 12.6 99.00 99.00 99.00 999 1018.2  11.3 999.0  10.8 99.0 99.00 
2024 04 21 10 30 312 10.1 12.2 99.00 99.00 99.00 999 1018.1  11.3 999.0  10.8 99.0 99.00 
2024 04 21 10 40 313 10.0 12.1  2.05  6.67  5.60 307 1018.2  11.3 999.0  10.8 99.0 99.00 
2024 04 21 10 50 312  9.8 11.8 99.00 99.00 99.00 999 1018.2  11.3 999.0  10.6 99.0 99.00 
2024 04 21 11 00 312 10.2 12.3 99.00 99.00 99.00 999 1018.2  11.3 999.0  10.6 99.0 99.00 
2024 04 21 11 10 310 10.1 12.6  1.93  6.67  5.43 311 1018.1  11.4 999.0  10.7 99.0 99.00 
2024 04 21 11 20 310 10.1 12.3 99.00 99.00 99.00 999 1018.1  11.4 999.0  10.7 99.0 99.00 
2024 04 21 11 30 311 10.0 12.8 99.00 99.00 99.00 999 1018.0  11.4 999.0  10.7 99.0 99.00 
2024 04 21 11 40 312 10.0 12.2  1.99  6.67  5.38 310 1018.0  11.4 999.0  10.6 99.0 99.00 
2024 04 21 11 50 311 10.3 12.7 99.00 99.00 99.00 999 1018.0  11.4 999.0  10.5 99.0 99.00 
2024 04 21 12 00 310 10.0 12.2 99.00 99.00 99.00 999 1017.9  11.4 999.0  10.4 99.0 99.00 
2024 04 21 12 10 309 10.4 12.6  2.22  7.14  5.67 315 1017.8  11.4 999.0  10.4 99.0 99.00 
2024 04 21 12 20 310 10.4 13.8 99.00 99.00 99.00 999 1017.9  11.4 999.0  10.4 99.0 99.00 
2024 04 21 12 30 311 10.2 13.0 99.00 99.00 99.00 999 1017.8  11.5 999.0  10.5 99.0 99.00 
2024 04 21 12 40 312 10.1 12.7  2.16  7.69  5.73 315 1017.7  11.4 999.0  10.5 99.0 99.00 
2024 04 21 12 50 312 10.3 12.8 99.00 99.00 99.00 999 1017.7  11.5 999.0  10.5 99.0 99.00 
2024 04 21 13 00 311 10.2 12.6 99.00 99.00 99.00 999 1017.6  11.4 999.0  10.4 99.0 99.00 
2024 04 21 13 10 311 10.9 13.4  2.39  8.33  5.91 311 1017.5  11.5 999.0  10.5 99.0 99.00 
2024 04 21 13 20 312 10.9 13.6 99.00 99.00 99.00 999 1017.6  11.5 999.0  10.5 99.0 99.00 
2024 04 21 13 30 312 10.5 12.9 99.00 99.00 99.00 999 1017.6  11.5 999.0  10.5 99.0 99.00 
2024 04 21 13 40 314 10.8 13.8  2.38  7.69  5.80 319 1017.6  11.5 999.0  10.4 99.0 99.00 
2024 04 21 13 50 317 10.5 12.7 99.00 99.00 99.00 999 1017.8  11.5 999.0  10.3 99.0 99.00 
2024 04 21 14 00 314 10.0 12.3 99.00 99.00 99.00 999 1017.8  11.5 999.0  10.4 99.0 99.00 
2024 04 21 14 10 313 10.3 12.5  2.36  8.33  5.89 312 1017.8  11.5 999.0  10.4 99.0 99.00 
2024 04 21 14 20 311 10.3 12.6 99.00 99.00 99.00 999 1017.8  11.5 999.0  10.4 99.0 99.00 
2024 04 21 14 30 312 10.3 12.8 99.00 99.00 99.00 999 1017.9  11.5 999.0  10.4 99.0 99.00 
2024 04 21 14 40 315 10.2 12.3  2.57  8.33  6.06 317 1018.0  11.5 999.0  10.4 99.0 99.00 
2024 04 21 14 50 316  9.8 12.3 99.00 99.00 99.00 999 1018.1  11.5 999.0  10.4 99.0 99.00 
2024 04 21 15 00 317 10.0 12.5 99.00 99.00 99.00 999 1018.1  11.5 999.0  10.4 99.0 99.00 
2024 04 21 15 10 316 10.0 12.3  2.51  8.33  6.08 320 1018.2  11.5 999.0  10.4 99.0 99.00 
2024 04 21 15 20 316  9.8 11.7 99.00 99.00 99.00 999 1018.2  11.5 999.0  10.4 99.0 99.00 
2024 04 21 15 30 316  9.5 12.3 99.00 99.00 99.00 999 1018.2  11.5 999.0  10.4 99.0 99.00 
2024 04 21 15 40 315  9.3 11.7  2.70  8.33  6.39 322 1018.2  11.5 999.0  10.4 99.0 99.00 
2024 04 21 15 50 314  9.6 12.0 99.00 99.00 99.00 999 1018.2  11.6 999.0  10.4 99.0 99.00 
2024 04 21 16 00 315  9.5 12.0 99.00 99.00 99.00 999 1018.1  11.5 999.0  10.4 99.0 99.00 
2024 04 21 16 10 318  9.6 12.5  2.53  8.33  6.17 321 1018.0  11.5 999.0  10.4 99.0 99.00 
2024 04 21 16 20 318  9.1 11.6 99.00 99.00 99.00 999 1018.1  11.6 999.0  10.5 99.0 99.00 
2024 04 21 16 30 321  8.8 11.0 99.00 99.00 99.00 999 1018.1  11.6 999.0  10.4 99.0 99.00 
2024 04 21 16 40 321  9.2 11.5  2.47  8.33  6.07 320 1018.0  11.6 999.0  10.4 99.0 99.00 
2024 04 21 16 50 320  9.0 11.2 99.00 99.00 99.00 999 1018.2  11.6 999.0  10.4 99.0 99.00 
2024 04 21 17 00 319  8.9 10.9 99.00 99.00 99.00 999 1018.2  11.6 999.0  10.5 99.0 99.00 
2024 04 21 17 10 318  9.1 11.4  2.43  7.69  6.13 325 1018.2  11.5 999.0  10.4 99.0 99.00 
2024 04 21 17 20 320  8.9 11.3 99.00 99.00 99.00 999 1018.2  11.5 999.0  10.4 99.0 99.00 
2024 04 21 17 30 322  8.7 11.1 99.00 99.00 99.00 999 1018.2  11.6 999.0  10.5 99.0 99.00 
2024 04 21 17 40 323  8.8 10.9  2.40  8.33  6.23 320 1018.3  11.6 999.0  10.4 99.0 99.00 
2024 04 21 17 50 323  8.2 10.4 99.00 99.00 99.00 999 1018.4  11.6 999.0  10.3 99.0 99.00 
2024 04 21 18 00 323  8.9 10.8 99.00 99.00 99.00 999 1018.2  11.6 999.0  10.3 99.0 99.00 
2024 04 21 18 10 320  8.4 10.6  2.32  8.33  6.12 321 1018.3  11.7 999.0  10.4 99.0 99.00 
2024 04 21 18 20 320  8.5 10.6 99.00 99.00 99.00 999 1018.3  11.7 999.0  10.4 99.0 99.00 
2024 04 21 18 30 323  8.2  9.9 99.00 99.00 99.00 999 1018.3  11.7 999.0  10.4 99.0 99.00 
2024 04 21 18 40 322  7.7 10.1  2.33  8.33  6.19 321 1018.2  11.7 999.0  10.4 99.0 99.00 
2024 04 21 18 50 320  8.1 10.2 99.00 99.00 99.00 999 1018.2  11.7 999.0  10.4 99.0 99.00 
2024 04 21 19 00 321  8.2  9.8 99.00 99.00 99.00 999 1018.0  11.6 999.0  10.3 99.0 99.00 
2024 04 21 19 10 318  8.1 10.0  2.29  8.33  6.21 323 1018.0  11.7 999.0  10.4 99.0 99.00 
2024 04 21 19 20 319  8.3 10.3 99.00 99.00 99.00 999 1017.8  11.6 999.0  10.3 99.0 99.00 
2024 04 21 19 30 318  8.1 10.3 99.00 99.00 99.00 999 1017.7  11.6 999.0  10.3 99.0 99.00 
2024 04 21 19 40 318  8.1 10.2  2.35  9.09  6.40 324 1017.7  11.6 999.0  10.3 99.0 99.00 
2024 04 21 19 50 318  8.0 10.0 99.00 99.00 99.00 999 1017.5  11.6 999.0  10.4 99.0 99.00 
2024 04 21 20 00 318  8.1 10.3 99.00 99.00 99.00 999 1017.3  11.6 999.0  10.4 99.0 99.00 
2024 04 21 20 10 318  8.3 10.2  2.39  8.33  6.51 320 1017.2  11.6 999.0  10.3 99.0 99.00 
2024 04 21 20 20 318  8.0 10.1 99.00 99.00 99.00 999 1017.1  11.7 999.0  10.5 99.0 99.00 
2024 04 21 20 30 317  8.4 10.3 99.00 99.00 99.00 999 1017.0  11.6 999.0  10.5 99.0 99.00 
2024 04 21 20 40 318  8.6 10.6  2.45  8.33  6.61 330 1016.9  11.6 999.0  10.4 99.0 99.00 
2024 04 21 20 50 318  8.8 10.6 99.00 99.00 99.00 999 1016.9  11.7 999.0  10.4 99.0 99.00 
2024 04 21 21 00 321  8.5 10.7 99.00 99.00 99.00 999 1016.8  11.7 999.0  10.4 99.0 99.00 
2024 04 21 21 10 320  8.4 10.0  2.51  9.09  6.54 322 1016.7  11.7 999.0  10.4 99.0 99.00 
2024 04 21 21 20 319  8.4 10.1 99.00 99.00 99.00 999 1016.6  11.8 999.0  10.5 99.0 99.00 
2024 04 21 21 30 319  8.6 10.5 99.00 99.00 99.00 999 1016.4  11.8 999.0  10.5 99.0 99.00 
2024 04 21 21 40 319  8.4 10.3  2.35  8.33  6.46 321 1016.3  11.8 999.0  10.5 99.0 99.00 
2024 04 21 21 50 321  8.2 11.0 99.00 99.00 99.00 999 1016.3  11.8 999.0  10.5 99.0 99.00 
2024 04 21 22 00 321  8.2 10.3 99.00 99.00 99.00 999 1016.1  11.8 999.0  10.5 99.0 99.00 
2024 04 21 22 10 320  8.5 10.3  2.28  7.69  6.25 323 1016.0  11.8 999.0  10.5 99.0 99.00 
2024 04 21 22 20 319  8.3 11.0 99.00 99.00 99.00 999 1015.8  11.8 999.0  10.5 99.0 99.00 
2024 04 21 22 30 317  8.8 10.9 99.00 99.00 99.00 999 1015.6  11.8 999.0  10.5 99.0 99.00 
2024 04 21 22 40 319  8.4 11.2  2.10  8.33  6.01 326 1015.4  11.9 999.0  10.6 99.0 99.00 
2024 04 21 22 50 320  8.2 10.2 99.00 99.00 99.00 999 1015.2  11.9 999.0  10.6 99.0 99.00 
2024 04 21 23 00 321  7.9 10.0 99.00 99.00 99.00 999 1015.0  11.9 999.0  10.5 99.0 99.00 
2024 04 21 23 10 322  8.0  9.7  2.50  9.09  6.76 317 1014.8  12.0 999.0  10.5 99.0 99.00 
2024 04 21 23 20 323  7.8  9.8 99.00 99.00 99.00 999 1014.7  12.0 999.0  10.5 99.0 99.00 
2024 04 21 23 30 323  7.9  9.7 99.00 99.00 99.00 999 1014.5  12.0 999.0  10.5 99.0 99.00 
2024 04 21 23 40 323  8.1 10.1  2.34 12.90  6.53 298 1014.3  12.1 999.0  10.6 99.0 99.00 
2024 04 21 23 50 320  8.2 10.0 99.00 99.00 99.00 999 1014.2  12.1 999.0  10.6 99.0 99.00 
2024 04 22 00 00 320  8.4 10.8 99.00 99.00 99.00 999 1014.1  12.1 999.0  10.6 99.0 99.00 
2024 04 22 00 10 321  8.4 10.2  2.55 10.00  6.59 313 1014.0  12.1 999.0  10.5 99.0 99.00 
2024 04 22 00 20 320  8.1 10.0 99.00 99.00 99.00 999 1013.9  12.1 999.0  10.5 99.0 99.00 
2024 04 22 00 30 318  8.3 10.2 99.00 99.00 99.00 999 1013.9  12.2 999.0  10.6 99.0 99.00 
2024 04 22 00 40 318  7.8 10.0  2.52  8.33  6.66 316 1013.9  12.2 999.0  10.6 99.0 99.00 
2024 04 22 00 50 319  7.6  9.4 99.00 99.00 99.00 999 1013.8  12.2 999.0  10.5 99.0 99.00 
2024 04 22 01 00 317  7.6  9.5 99.00 99.00 99.00 999 1013.8  12.2 999.0  10.5 99.0 99.00 
2024 04 22 01 10 317  7.7 10.1  2.53  8.33  6.56 322 1013.7  12.2 999.0  10.5 99.0 99.00 
2024 04 22 01 20 316  7.9  9.8 99.00 99.00 99.00 999 1013.6  12.2 999.0  10.4 99.0 99.00 
2024 04 22 01 30 317  7.7  9.6 99.00 99.00 99.00 999 1013.4  12.3 999.0  10.5 99.0 99.00 
2024 04 22 01 40 316  7.7  9.8  2.39  9.09  6.65 314 1013.3  12.3 999.0  10.5 99.0 99.00 
2024 04 22 01 50 317  7.7 10.1 99.00 99.00 99.00 999 1013.2  12.3 999.0  10.5 99.0 99.00 
2024 04 22 02 00 318  7.5  9.3 99.00 99.00 99.00 999 1013.0  12.3 999.0  10.5 99.0 99.00 
2024 04 22 02 10 319  7.2  9.5  2.42  9.09  6.62 320 1012.8  12.2 999.0  10.5 99.0 99.00 
2024 04 22 02 20 317  7.3  9.2 99.00 99.00 99.00 999 1012.8  12.2 999.0  10.6 99.0 99.00 
2024 04 22 02 30 314  6.8  8.6 99.00 99.00 99.00 999 1012.7  12.2 999.0  10.6 99.0 99.00 
2024 04 22 02 40 316  6.6  8.3  2.51  9.09  6.82 319 1012.6  12.1 999.0  10.6 99.0 99.00 
2024 04 22 02 50 319  6.7  8.4 99.00 99.00 99.00 999 1012.5  12.0 999.0  10.5 99.0 99.00 
2024 04 22 03 00 320  6.4  8.4 99.00 99.00 99.00 999 1012.5  12.0 999.0  10.5 99.0 99.00 
2024 04 22 03 10 316  6.3  8.5  2.64  8.33  7.11 321 1012.6  12.0 999.0  10.6 99.0 99.00 
2024 04 22 03 20 315  5.9  7.5 99.00 99.00 99.00 999 1012.7  12.0 999.0  10.7 99.0 99.00 
2024 04 22 03 30 314  6.4  8.3 99.00 99.00 99.00 999 1012.7  12.0 999.0  10.7 99.0 99.00 
2024 04 22 03 40 318  6.3  7.8  2.37 12.12  6.85 295 1012.6  12.0 999.0  10.7 99.0 99.00 
2024 04 22 03 50 321  5.8  7.4 99.00 99.00 99.00 999 1012.6  12.0 999.0  10.7 99.0 99.00 
2024 04 22 04 00 322  5.7  7.6 99.00 99.00 99.00 999 1012.6  12.0 999.0  10.7 99.0 99.00 
2024 04 22 04 10 323  5.6  7.5  2.65  9.09  7.46 320 1012.6  12.0 999.0  10.7 99.0 99.00 
2024 04 22 04 20 321  5.2  6.9 99.00 99.00 99.00 999 1012.6  12.0 999.0  10.8 99.0 99.00 
2024 04 22 04 30 321  4.9  6.8 99.00 99.00 99.00 999 1012.6  12.0 999.0  10.9 99.0 99.00 
2024 04 22 04 40 321  4.7  6.6  2.60 10.00  7.46 318 1012.6  12.0 999.0  10.9 99.0 99.00 
2024 04 22 04 50 323  4.4  5.8 99.00 99.00 99.00 999 1012.5  12.0 999.0  10.9 99.0 99.00 
2024 04 22 05 00 326  3.8  5.9 99.00 99.00 99.00 999 1012.6  12.0 999.0  10.9 99.0 99.00 
2024 04 22 05 10 325  2.7  4.4  2.80 10.00  7.69 318 1012.6  12.0 999.0  10.9 99.0 99.00 
2024 04 22 05 20 322  2.5  3.9 99.00 99.00 99.00 999 1012.4  12.0 999.0  10.9 99.0 99.00 
2024 04 22 05 30 321  2.9  4.5 99.00 99.00 99.00 999 1012.3  12.0 999.0  11.0 99.0 99.00 
2024 04 22 05 40 316  3.3  4.6  2.56  9.09  7.57 321 1012.2  11.9 999.0  10.9 99.0 99.00 
2024 04 22 05 50 315  3.3  4.8 99.00 99.00 99.00 999 1012.1  11.9 999.0  10.9 99.0 99.00 
2024 04 22 06 00 312  2.8  4.5 99.00 99.00 99.00 999 1012.0  11.9 999.0  10.9 99.0 99.00 
2024 04 22 06 10 307  2.3  3.9  2.55 10.00  7.72 312 1012.1  11.9 999.0  10.9 99.0 99.00 
2024 04 22 06 20 318  1.6  2.9 99.00 99.00 99.00 999 1011.9  11.9 999.0  10.9 99.0 99.00 
2024 04 22 06 30 313  1.3  2.6 99.00 99.00 99.00 999 1011.8  11.9 999.0  10.9 99.0 99.00 
2024 04 22 06 40 285  1.6  2.9  2.54  9.09  7.74 324 1011.8  11.9 999.0  10.9 99.0 99.00 
2024 04 22 06 50 297  1.9  3.2 99.00 99.00 99.00 999 1011.5  11.9 999.0  11.1 99.0 99.00 
2024 04 22 07 00 306  1.6  3.1 99.00 99.00 99.00 999 1011.5  11.9 999.0  11.1 99.0 99.00 
2024 04 22 07 10 293  1.4  2.7  2.63  9.09  7.67 316 1011.3  11.9 999.0  11.1 99.0 99.00 
2024 04 22 07 20 298  1.0  2.3 99.00 99.00 99.00 999 1011.3  11.9 999.0  11.1 99.0 99.00 
2024 04 22 07 30 252  0.4  1.3 99.00 99.00 99.00 999 1011.2  11.9 999.0  11.1 99.0 99.00 
2024 04 22 07 40 242  0.3  1.2  2.41 10.00  7.56 318 1011.3  11.9 999.0  11.1 99.0 99.00 
2024 04 22 07 50 181  0.3  1.5 99.00 99.00 99.00 999 1011.3  11.9 999.0  11.1 99.0 99.00 
2024 04 22 08 00 194  0.7  1.9 99.00 99.00 99.00 999 1011.3  11.9 999.0  11.2 99.0 99.00 
2024 04 22 08 10 203  0.6  1.7  2.45  9.09  7.71 316 1011.2  11.8 999.0  11.1 99.0 99.00 
2024 04 22 08 20 210  0.8  1.8 99.00 99.00 99.00 999 1011.2  11.8 999.0  11.2 99.0 99.00 
2024 04 22 08 30 223  0.6  1.9 99.00 99.00 99.00 999 1011.0  11.8 999.0  11.3 99.0 99.00 
2024 04 22 08 40 211  1.0  2.2  2.36  9.09  7.45 314 1011.0  11.8 999.0  11.3 99.0 99.00 
2024 04 22 08 50 196  1.4  3.0 99.00 99.00 99.00 999 1010.9  11.7 999.0  11.2 99.0 99.00 
2024 04 22 09 00 192  0.6  2.0 99.00 99.00 99.00 999 1010.8  11.7 999.0  11.2 99.0 99.00 
2024 04 22 09 10 220  0.4  1.3  2.34 12.12  7.74 304 1010.7  11.7 999.0  11.2 99.0 99.00 
2024 04 22 09 20 216  1.1  2.3 99.00 99.00 99.00 999 1010.7  11.7 999.0  11.2 99.0 99.00 
2024 04 22 09 30 217  1.0  1.9 99.00 99.00 99.00 999 1010.5  11.7 999.0  11.2 99.0 99.00 
2024 04 22 09 40 189  0.7  1.9  2.48 10.00  7.74 315 1010.4  11.6 999.0  11.1 99.0 99.00 
2024 04 22 09 50 184  0.7  2.3 99.00 99.00 99.00 999 1010.4  11.6 999.0  11.1 99.0 99.00 
2024 04 22 10 00 146  0.9  2.1 99.00 99.00 99.00 999 1010.3  11.6 999.0  11.2 99.0 99.00 
2024 04 22 10 10 140  1.2  2.9  2.27  9.09  7.40 322 1010.3  11.6 999.0  11.2 99.0 99.00 
2024 04 22 10 20 138  1.5  3.9 99.00 99.00 99.00 999 1010.2  11.6 999.0  11.2 99.0 99.00 
2024 04 22 10 30 140  1.5  3.4 99.00 99.00 99.00 999 1010.1  11.6 999.0  11.2 99.0 99.00 
2024 04 22 10 40 151  1.3  3.0  2.41  9.09  7.70 315 1010.1  11.6 999.0  11.2 99.0 99.00 
2024 04 22 10 50 161  1.6  3.4 99.00 99.00 99.00 999 1010.1  11.6 999.0  11.2 99.0 99.00 
2024 04 22 11 00 158  1.6  3.3 99.00 99.00 99.00 999 1010.1  11.6 999.0  11.2 99.0 99.00 
2024 04 22 11 10 146  1.9  3.9  2.37  9.09  7.70 316 1010.0  11.6 999.0  11.2 99.0 99.00 
2024 04 22 11 20 157  2.0  4.0 99.00 99.00 99.00 999 1009.9  11.6 999.0  11.2 99.0 99.00 
2024 04 22 11 30 163  2.0  4.0 99.00 99.00 99.00 999 1009.9  11.6 999.0  11.2 99.0 99.00 
2024 04 22 11 40 173  1.8  3.4  2.46  9.09  7.90 319 1009.8  11.6 999.0  11.2 99.0 99.00 
2024 04 22 11 50 186  1.9  3.5 99.00 99.00 99.00 999 1009.7  11.6 999.0  11.2 99.0 99.00 
2024 04 22 12 00 178  1.7  3.1 99.00 99.00 99.00 999 1009.6  11.5 999.0  11.1 99.0 99.00 
2024 04 22 12 10 182  1.9  3.4  2.38  9.09  7.89 321 1009.5  11.5 999.0  11.1 99.0 99.00 
2024 04 22 12 20 169  2.0  3.5 99.00 99.00 99.00 999 1009.4  11.5 999.0  11.3 99.0 99.00 
2024 04 22 12 30 162  1.9  3.8 99.00 99.00 99.00 999 1009.4  11.5 999.0  11.2 99.0 99.00 
2024 04 22 12 40 154  1.8  4.0  2.34  9.09  7.79 312 1009.4  11.5 999.0  11.2 99.0 99.00 
2024 04 22 12 50 149  1.8  3.4 99.00 99.00 99.00 999 1009.4  11.4 999.0  11.0 99.0 99.00 
2024 04 22 13 00 154  1.7  3.7 99.00 99.00 99.00 999 1009.3  11.4 999.0  11.0 99.0 99.00 
2024 04 22 13 10 155  1.5  2.9  2.42 10.00  7.87 310 1009.3  11.4 999.0  11.0 99.0 99.00 
2024 04 22 13 20 137  1.4  2.8 99.00 99.00 99.00 999 1009.4  11.5 999.0  11.1 99.0 99.00 
2024 04 22 13 30 125  1.4  3.0 99.00 99.00 99.00 999 1009.4  11.5 999.0  11.1 99.0 99.00 
2024 04 22 13 40 123  1.3  3.7  2.36  9.09  7.74 314 1009.4  11.6 999.0  11.2 99.0 99.00 
2024 04 22 13 50 122  1.3  3.2 99.00 99.00 99.00 999 1009.5  11.6 999.0  11.2 99.0 99.00 
2024 04 22 14 00 133  1.4  3.0 99.00 99.00 99.00 999 1009.5  11.7 999.0  11.3 99.0 99.00 
2024 04 22 14 10 143  1.3  3.3  2.22  9.09  7.64 308 1009.6  11.8 999.0  11.4 99.0 99.00 
2024 04 22 14 20 148  1.2  2.9 99.00 99.00 99.00 999 1009.6  11.9 999.0  11.5 99.0 99.00 
2024 04 22 14 30 136  1.3  2.8 99.00 99.00 99.00 999 1009.7  12.0 999.0  11.6 99.0 99.00 
2024 04 22 14 40 142  1.7  3.5  2.19  9.09  7.85 318 1009.8  12.1 999.0  11.7 99.0 99.00 
2024 04 22 14 50 150  2.2  3.9 99.00 99.00 99.00 999 1009.8  12.1 999.0  11.7 99.0 99.00 
2024 04 22 15 00 156  2.7  4.2 99.00 99.00 99.00 999 1009.9  12.1 999.0  11.7 99.0 99.00 
2024 04 22 15 10 158  3.0  5.5  2.36  9.09  7.91 318 1009.9  12.2 999.0  11.8 99.0 99.00 
2024 04 22 15 20 163  3.6  5.6 99.00 99.00 99.00 999 1009.9  12.1 999.0  11.7 99.0 99.00 
2024 04 22 15 30 162  4.2  6.4 99.00 99.00 99.00 999 1009.8  12.2 999.0  11.8 99.0 99.00 
2024 04 22 15 40 162  4.3  6.1  2.06  9.09  7.72 317 1009.8  12.2 999.0  11.8 99.0 99.00 
2024 04 22 15 50 161  4.4  6.3 99.00 99.00 99.00 999 1009.7  12.2 999.0  11.8 99.0 99.00 
2024 04 22 16 00 159  4.6  6.4 99.00 99.00 99.00 999 1009.7  12.2 999.0  11.8 99.0 99.00 
2024 04 22 16 10 159  4.5  6.8  2.31 10.00  8.03 319 1009.6  12.2 999.0  11.8 99.0 99.00 
2024 04 22 16 20 159  4.6  6.6 99.00 99.00 99.00 999 1009.5  12.3 999.0  11.9 99.0 99.00 
2024 04 22 16 30 160  4.6  6.6 99.00 99.00 99.00 999 1009.6  12.3 999.0  11.9 99.0 99.00 
2024 04 22 16 40 162  4.7  7.0  2.15  9.09  7.62 319 1009.5  12.3 999.0  11.9 99.0 99.00 
2024 04 22 16 50 158  4.9  6.9 99.00 99.00 99.00 999 1009.5  12.3 999.0  11.9 99.0 99.00 
2024 04 22 17 00 158  4.6  6.6 99.00 99.00 99.00 999 1009.7  12.4 999.0  12.0 99.0 99.00 
2024 04 22 17 10 158  4.5  6.4  2.27 10.00  7.97 318 1009.7  12.4 999.0  12.0 99.0 99.00 
2024 04 22 17 20 155  4.6  6.8 99.00 99.00 99.00 999 1009.7  12.4 999.0  12.0 99.0 99.00 
2024 04 22 17 30 157  4.3  6.4 99.00 99.00 99.00 999 1009.7  12.4 999.0  12.0 99.0 99.00 
2024 04 22 17 40 158  4.6  6.8  2.19  9.09  7.58 320 1009.6  12.5 999.0  12.0 99.0 99.00 
2024 04 22 17 50 157  4.2  6.0 99.00 99.00 99.00 999 1009.6  12.5 999.0  12.1 99.0 99.00 
2024 04 22 18 00 159  4.8  6.5 99.00 99.00 99.00 999 1009.8  12.5 999.0  12.1 99.0 99.00 
2024 04 22 18 10 161  4.4  6.6  2.19 10.00  7.50 314 1010.0  12.5 999.0  12.1 99.0 99.00 
2024 04 22 18 20 162  5.1  6.8 99.00 99.00 99.00 999 1010.0  12.5 999.0  12.1 99.0 99.00 
2024 04 22 18 30 165  5.6  8.0 99.00 99.00 99.00 999 1010.1  12.5 999.0  12.1 99.0 99.00 
2024 04 22 18 40 168  6.9  9.5  2.20 10.00  7.59 322 1010.0  12.3 999.0  11.9 99.0 99.00 
2024 04 22 18 50 168  6.5  8.6 99.00 99.00 99.00 999 1010.1  12.2 999.0  11.8 99.0 99.00 
2024 04 22 19 00 170  7.3 11.1 99.00 99.00 99.00 999 1010.3  12.2 999.0  11.8 99.0 99.00 
2024 04 22 19 10 171  7.0 10.1  2.30 10.00  7.52 319 1010.1  12.1 999.0  11.7 99.0 99.00 
2024 04 22 19 20 168  7.0  8.9 99.00 99.00 99.00 999 1010.2  12.0 999.0  11.6 99.0 99.00 
2024 04 22 19 30 177  6.3  8.0 99.00 99.00 99.00 999 1010.3  11.9 999.0  11.5 99.0 99.00 
2024 04 22 19 40 171  5.9  8.1  2.27  9.09  7.43 316 1010.3  11.9 999.0  11.5 99.0 99.00 
2024 04 22 19 50 165  6.2  8.2 99.00 99.00 99.00 999 1010.4  11.9 999.0  11.5 99.0 99.00 
2024 04 22 20 00 171  5.5  7.5 99.00 99.00 99.00 999 1010.5  11.9 999.0  11.5 99.0 99.00 
2024 04 22 20 10 167  5.2  7.6  2.07  9.09  7.07 321 1010.5  11.9 999.0  11.5 99.0 99.00 
2024 04 22 20 20 168  5.0  6.6 99.00 99.00 99.00 999 1010.5  12.0 999.0  11.6 99.0 99.00 
2024 04 22 20 30 159  5.6  7.6 99.00 99.00 99.00 999 1010.5  12.0 999.0  11.5 99.0 99.00 
2024 04 22 20 40 157  5.2  7.1  2.03  9.09  7.16 320 1010.5  12.0 999.0  11.5 99.0 99.00 
2024 04 22 20 50 156  4.7  6.9 99.00 99.00 99.00 999 1010.4  12.1 999.0  11.6 99.0 99.00 
2024 04 22 21 00 155  5.2  7.4 99.00 99.00 99.00 999 1010.3  12.1 999.0  11.6 99.0 99.00 
2024 04 22 21 10 151  5.3  7.6  1.82 10.00  6.68 319 1010.3  12.1 999.0  11.6 99.0 99.00 
2024 04 22 21 20 157  5.6  7.7 99.00 99.00 99.00 999 1010.4  12.2 999.0  11.7 99.0 99.00 
2024 04 22 21 30 159  5.7  7.6 99.00 99.00 99.00 999 1010.3  12.2 999.0  11.6 99.0 99.00 
2024 04 22 21 40 157  5.7  7.7  1.99  9.09  7.18 322 1010.3  12.2 999.0  11.6 99.0 99.00 
2024 04 22 21 50 158  6.0  7.9 99.00 99.00 99.00 999 1010.3  12.2 999.0  11.5 99.0 99.00 
2024 04 22 22 00 160  5.8  7.5 99.00 99.00 99.00 999 1010.3  12.2 999.0  11.5 99.0 99.00 
2024 04 22 22 10 162  6.0  8.1  2.09  9.09  7.24 312 1010.2  12.2 999.0  11.5 99.0 99.00 
2024 04 22 22 20 162  5.8  7.9 99.00 99.00 99.00 999 1010.1  12.3 999.0  11.6 99.0 99.00 
2024 04 22 22 30 163  5.5  7.2 99.00 99.00 99.00 999 1010.2  12.3 999.0  11.6 99.0 99.00 
2024 04 22 22 40 167  6.1  7.8  1.85 10.00  6.86 309 1010.1  12.3 999.0  11.6 99.0 99.00 
2024 04 22 22 50 158  6.8  8.7 99.00 99.00 99.00 999 1010.0  12.3 999.0  11.5 99.0 99.00 
2024 04 22 23 00 157  7.1  8.8 99.00 99.00 99.00 999 1009.8  12.3 999.0  11.5 99.0 99.00 
2024 04 22 23 10 168  6.9  8.4  1.86 12.90  7.10 292 1009.7  12.3 999.0  11.5 99.0 99.00 
2024 04 22 23 20 166  6.6  8.9 99.00 99.00 99.00 999 1009.7  12.3 999.0  11.4 99.0 99.00 
2024 04 22 23 30 165  6.7  8.6 99.00 99.00 99.00 999 1009.6  12.2 999.0  11.2 99.0 99.00 
2024 04 22 23 40 169  6.1  8.0  1.83 10.00  7.01 312 1009.8  12.3 999.0  11.4 99.0 99.00 
2024 04 22 23 50 170  6.8  9.1 99.00 99.00 99.00 999 1009.9  12.3 999.0  11.3 99.0 99.00 
2024 04 23 00 00 165  6.8  8.6 99.00 99.00 99.00 999 1009.9  12.3 999.0  11.3 99.0 99.00 
2024 04 23 00 10 175  7.3  9.1  2.00 10.00  7.40 309 1009.7  12.2 999.0  11.2 99.0 99.00 
2024 04 23 00 20 172  6.6  8.9 99.00 99.00 99.00 999 1009.8  12.3 999.0  11.3 99.0 99.00 
2024 04 23 00 30 169  5.7  7.7 99.00 99.00 99.00 999 1009.9  12.4 999.0  11.5 99.0 99.00 
2024 04 23 00 40 162  6.3  8.6  1.83 10.00  6.77 303 1009.8  12.2 999.0  11.3 99.0 99.00 
2024 04 23 00 50 168  6.4  8.5 99.00 99.00 99.00 999 1009.8  12.2 999.0  11.2 99.0 99.00 
2024 04 23 01 00 165  6.4  8.6 99.00 99.00 99.00 999 1009.7  12.2 999.0  11.2 99.0 99.00 
2024 04 23 01 10 158  6.8  9.2  1.91  9.09  7.02 319 1009.8  12.2 999.0  11.2 99.0 99.00 
2024 04 23 01 20 158  6.8  9.3 99.00 99.00 99.00 999 1009.7  12.2 999.0  11.2 99.0 99.00 
2024 04 23 01 30 161  6.5  9.5 99.00 99.00 99.00 999 1009.7  12.2 999.0  11.2 99.0 99.00 
2024 04 23 01 40 164  6.5  8.3  1.90 10.00  6.75 316 1009.8  12.2 999.0  11.1 99.0 99.00 
2024 04 23 01 50 162  6.0  8.2 99.00 99.00 99.00 999 1009.9  12.3 999.0  11.3 99.0 99.00 
2024 04 23 02 00 167  6.6  9.0 99.00 99.00 99.00 999 1009.9  12.2 999.0  11.1 99.0 99.00 
2024 04 23 02 10 163  6.4  8.7  1.79 10.00  6.84 323 1009.8  12.3 999.0  11.2 99.0 99.00 
2024 04 23 02 20 169  6.3  8.5 99.00 99.00 99.00 999 1009.8  12.2 999.0  11.0 99.0 99.00 
2024 04 23 02 30 169  6.0  8.7 99.00 99.00 99.00 999 1009.9  12.3 999.0  11.2 99.0 99.00 
2024 04 23 02 40 172  6.9  8.6  1.79  9.09  6.69 320 1010.0  12.2 999.0  10.9 99.0 99.00 
2024 04 23 02 50 161  6.1  8.0 99.00 99.00 99.00 999 1010.0  12.3 999.0  11.0 99.0 99.00 
2024 04 23 03 00 168  5.3  7.1 99.00 99.00 99.00 999 1010.0  12.3 999.0  11.1 99.0 99.00 
2024 04 23 03 10 172  6.2  8.2  1.99 10.00  7.12 311 1010.1  12.2 999.0  10.8 99.0 99.00 
2024 04 23 03 20 168  5.8  8.0 99.00 99.00 99.00 999 1010.1  12.3 999.0  10.9 99.0 99.00 
2024 04 23 03 30 168  6.3  8.5 99.00 99.00 99.00 999 1010.2  12.3 999.0  10.8 99.0 99.00 
2024 04 23 03 40 174  5.6  7.5  1.80  9.09  6.52 312 1010.3  12.4 999.0  10.8 99.0 99.00 
2024 04 23 03 50 172  6.1  8.5 99.00 99.00 99.00 999 1010.5  12.4 999.0  10.8 99.0 99.00 
2024 04 23 04 00 171  5.3  7.4 99.00 99.00 99.00 999 1010.6  12.5 999.0  11.0 99.0 99.00 
2024 04 23 04 10 174  4.8  6.3  1.85 10.00  7.11 315 1010.7  12.5 999.0  11.0 99.0 99.00 
2024 04 23 04 20 166  4.5  6.0 99.00 99.00 99.00 999 1010.8  12.5 999.0  11.0 99.0 99.00 
2024 04 23 04 30 172  4.8  6.9 99.00 99.00 99.00 999 1010.9  12.5 999.0  11.0 99.0 99.00 
2024 04 23 04 40 164  5.3  7.5  1.96 12.12  7.18 299 1011.0  12.5 999.0  10.8 99.0 99.00 
2024 04 23 04 50 167  5.0  6.9 99.00 99.00 99.00 999 1011.0  12.6 999.0  10.9 99.0 99.00 
2024 04 23 05 00 163  4.6  6.8 99.00 99.00 99.00 999 1011.1  12.6 999.0  11.0 99.0 99.00 
2024 04 23 05 10 174  5.0  6.7  1.81 10.00  6.90 321 1011.2  12.6 999.0  10.8 99.0 99.00 
2024 04 23 05 20 163  4.6  7.0 99.00 99.00 99.00 999 1011.2  12.6 999.0  10.9 99.0 99.00 
2024 04 23 05 30 156  4.2  5.7 99.00 99.00 99.00 999 1011.3  12.6 999.0  10.9 99.0 99.00 
2024 04 23 05 40 159  4.6  6.3  2.01 10.81  7.36 301 1011.3  12.6 999.0  10.9 99.0 99.00 
2024 04 23 05 50 157  5.3  7.7 99.00 99.00 99.00 999 1011.3  12.6 999.0  10.8 99.0 99.00 
2024 04 23 06 00 161  4.8  7.3 99.00 99.00 99.00 999 1011.3  12.6 999.0  10.9 99.0 99.00 
2024 04 23 06 10 158  5.0  7.2  1.84 10.00  7.09 308 1011.3  12.6 999.0  10.9 99.0 99.00 
2024 04 23 06 20 159  5.1  6.8 99.00 99.00 99.00 999 1011.4  12.6 999.0  10.8 99.0 99.00 
2024 04 23 06 30 153  5.1  7.4 99.00 99.00 99.00 999 1011.2  12.7 999.0  10.9 99.0 99.00 
2024 04 23 06 40 148  5.2  7.6  1.90 12.12  7.27 280 1011.1  12.6 999.0  10.9 99.0 99.00 
2024 04 23 06 50 158  5.5  7.9 99.00 99.00 99.00 999 1011.2  12.6 999.0  10.7 99.0 99.00 
2024 04 23 07 00 152  4.4  5.9 99.00 99.00 99.00 999 1011.2  12.6 999.0  10.9 99.0 99.00 
2024 04 23 07 10 148  4.5  6.0  1.85 11.43  7.10 304 1011.3  12.6 999.0  11.1 99.0 99.00 
2024 04 23 07 20 146  4.4  5.9 99.00 99.00 99.00 999 1011.3  12.6 999.0  11.1 99.0 99.00 
2024 04 23 07 30 153  4.6  6.8 99.00 99.00 99.00 999 1011.3  12.5 999.0  11.0 99.0 99.00 
2024 04 23 07 40 152  4.7  6.4  1.94 12.12  7.19 298 1011.3  12.6 999.0  11.0 99.0 99.00 
2024 04 23 07 50 159  4.9  8.3 99.00 99.00 99.00 999 1011.3  12.5 999.0  10.7 99.0 99.00 
2024 04 23 08 00 152  4.6  6.5 99.00 99.00 99.00 999 1011.4  12.6 999.0  10.9 99.0 99.00 
2024 04 23 08 10 158  5.1  7.1  1.78 12.12  7.10 297 1011.4  12.6 999.0  10.7 99.0 99.00 
2024 04 23 08 20 153  4.8  6.4 99.00 99.00 99.00 999 1011.4  12.6 999.0  10.7 99.0 99.00 
2024 04 23 08 30 156  4.8  7.0 99.00 99.00 99.00 999 1011.4  12.6 999.0  10.9 99.0 99.00 
2024 04 23 08 40 162  5.0  7.1  1.89  9.09  7.15 307 1011.5  12.6 999.0  10.8 99.0 99.00 
2024 04 23 08 50 160  6.2  8.2 99.00 99.00 99.00 999 1011.5  12.6 999.0  10.6 99.0 99.00 
2024 04 23 09 00 155  6.3  8.3 99.00 99.00 99.00 999 1011.5  12.7 999.0  10.6 99.0 99.00 
2024 04 23 09 10 159  5.3  7.2  1.75 12.12  7.23 299 1011.5  12.7 999.0  10.6 99.0 99.00 
2024 04 23 09 20 168  4.7  6.6 99.00 99.00 99.00 999 1011.4  12.7 999.0  10.9 99.0 99.00 
2024 04 23 09 30 168  4.9  7.2 99.00 99.00 99.00 999 1011.3  12.6 999.0  10.7 99.0 99.00 
2024 04 23 09 40 162  4.6  5.9  1.94 12.12  7.61 299 1011.3  12.7 999.0  11.0 99.0 99.00 
2024 04 23 09 50 167  4.6  6.9 99.00 99.00 99.00 999 1011.3  12.6 999.0  10.9 99.0 99.00 
2024 04 23 10 00 162  4.9  7.0 99.00 99.00 99.00 999 1011.3  12.5 999.0  10.5 99.0 99.00 
2024 04 23 10 10 153  4.9  6.5  1.71 12.12  7.37 300 1011.4  12.6 999.0  10.6 99.0 99.00 
2024 04 23 10 20 159  4.6  6.2 99.00 99.00 99.00 999 1011.5  12.6 999.0  10.7 99.0 99.00 
2024 04 23 10 30 163  4.5  6.7 99.00 99.00 99.00 999 1011.6  12.6 999.0  10.7 99.0 99.00 
2024 04 23 10 40 159  4.3  6.4  1.83  9.09  7.43 319 1011.6  12.6 999.0  10.8 99.0 99.00 
2024 04 23 10 50 163  4.1  6.1 99.00 99.00 99.00 999 1011.6  12.6 999.0  10.9 99.0 99.00 
2024 04 23 11 00 161  4.7  6.8 99.00 99.00 99.00 999 1011.6  12.5 999.0  10.5 99.0 99.00 
2024 04 23 11 10 160  3.8  5.2  1.79  9.09  7.24 313 1011.5  12.7 999.0  10.5 99.0 99.00 
2024 04 23 11 20 152  3.6  6.0 99.00 99.00 99.00 999 1011.7  12.7 999.0  10.8 99.0 99.00 
2024 04 23 11 30 146  3.5  6.8 99.00 99.00 99.00 999 1011.6  12.6 999.0  10.9 99.0 99.00 
2024 04 23 11 40 147  4.6  6.4  2.00 10.00  8.07 310 1011.6  12.6 999.0  10.6 99.0 99.00 
2024 04 23 11 50 150  4.0  5.5 99.00 99.00 99.00 999 1011.7  12.7 999.0  10.9 99.0 99.00 
2024 04 23 12 00 152  4.0  5.4 99.00 99.00 99.00 999 1011.6  12.6 999.0  11.0 99.0 99.00 
2024 04 23 12 10 156  4.2  5.6  1.72 10.00  7.17 307 1011.7  12.5 999.0  11.0 99.0 99.00 
2024 04 23 12 20 151  4.5  6.4 99.00 99.00 99.00 999 1011.7  12.4 999.0  10.6 99.0 99.00 
2024 04 23 12 30 155  4.5  6.5 99.00 99.00 99.00 999 1011.7  12.6 999.0  10.5 99.0 99.00 
2024 04 23 12 40 157  3.6  5.0  1.72 10.81  7.56 304 1011.6  12.6 999.0  10.9 99.0 99.00 
2024 04 23 12 50 151  3.7  5.3 99.00 99.00 99.00 999 1011.7  12.6 999.0  10.8 99.0 99.00 
2024 04 23 13 00 148  4.2  6.1 99.00 99.00 99.00 999 1011.7  12.6 999.0  11.0 99.0 99.00 
2024 04 23 13 10 142  3.7  5.3  1.89 11.43  7.91 297 1011.7  12.6 999.0  11.1 99.0 99.00 
2024 04 23 13 20 137  3.6  5.8 99.00 99.00 99.00 999 1011.8  12.5 999.0  11.1 99.0 99.00 
2024 04 23 13 30 143  3.6  4.8 99.00 99.00 99.00 999 1011.9  12.5 999.0  10.9 99.0 99.00 
2024 04 23 13 40 146  3.5  5.0  1.74 10.81  7.63 301 1012.0  12.5 999.0  10.9 99.0 99.00 
2024 04 23 13 50 144  3.6  5.3 99.00 99.00 99.00 999 1012.1  12.5 999.0  11.0 99.0 99.00 
2024 04 23 14 00 143  3.2  4.9 99.00 99.00 99.00 999 1012.2  12.5 999.0  11.2 99.0 99.00 
2024 04 23 14 10 144  2.9  4.0  1.63 11.43  7.61 306 1012.3  12.5 999.0  11.3 99.0 99.00 
2024 04 23 14 20 145  3.4  4.9 99.00 99.00 99.00 999 1012.4  12.4 999.0  11.3 99.0 99.00 
2024 04 23 14 30 145  3.2  5.2 99.00 99.00 99.00 999 1012.5  12.4 999.0  11.3 99.0 99.00 
2024 04 23 14 40 143  2.9  4.3  1.74  9.09  7.74 313 1012.6  12.5 999.0  11.4 99.0 99.00 
2024 04 23 14 50 145  2.8  4.2 99.00 99.00 99.00 999 1012.8  12.4 999.0  11.4 99.0 99.00 
2024 04 23 15 00 145  3.5  4.9 99.00 99.00 99.00 999 1012.9  12.4 999.0  11.2 99.0 99.00 
2024 04 23 15 10 140  3.4  4.8  1.72  9.09  7.66 318 1013.0  12.4 999.0  11.3 99.0 99.00 
2024 04 23 15 20 139  3.3  5.1 99.00 99.00 99.00 999 1013.0  12.4 999.0  11.3 99.0 99.00 
2024 04 23 15 30 139  3.5  5.2 99.00 99.00 99.00 999 1013.0  12.4 999.0  11.3 99.0 99.00 
2024 04 23 15 40 136  3.3  5.0  1.68  9.09  7.73 310 1013.1  12.4 999.0  11.3 99.0 99.00 
2024 04 23 15 50 137  3.8  5.6 99.00 99.00 99.00 999 1013.1  12.4 999.0  11.4 99.0 99.00 
2024 04 23 16 00 148  5.4  7.2 99.00 99.00 99.00 999 1013.1  12.2 999.0  10.9 99.0 99.00 
2024 04 23 16 10 150  4.5  7.0  1.63  9.09  7.31 316 1013.2  12.2 999.0  10.5 99.0 99.00 
2024 04 23 16 20 157  4.1  5.8 99.00 99.00 99.00 999 1013.3  12.3 999.0  10.4 99.0 99.00 
2024 04 23 16 30 139  4.1  5.8 99.00 99.00 99.00 999 1013.5  12.6 999.0  11.0 99.0 99.00 
2024 04 23 16 40 131  3.6  5.1  1.63 12.12  7.42 285 1013.6  12.6 999.0  11.3 99.0 99.00 
2024 04 23 16 50 125  3.5  5.5 99.00 99.00 99.00 999 1013.6  12.5 999.0  11.2 99.0 99.00 
2024 04 23 17 00 136  4.4  5.8 99.00 99.00 99.00 999 1013.7  12.5 999.0  11.1 99.0 99.00 
2024 04 23 17 10 139  5.3  8.4  1.73 10.00  7.56 314 1013.9  12.5 999.0  11.1 99.0 99.00 
2024 04 23 17 20 136  4.3  6.3 99.00 99.00 99.00 999 1014.0  12.3 999.0  11.1 99.0 99.00 
2024 04 23 17 30 140  3.9  5.5 99.00 99.00 99.00 999 1014.2  12.3 999.0  10.9 99.0 99.00 
2024 04 23 17 40 143  4.4  6.3  1.52 10.81  7.07 304 1014.3  12.5 999.0  10.9 99.0 99.00 
2024 04 23 17 50 132  3.8  5.4 99.00 99.00 99.00 999 1014.4  12.6 999.0  11.1 99.0 99.00 
2024 04 23 18 00 135  3.7  5.0 99.00 99.00 99.00 999 1014.5  12.6 999.0  11.2 99.0 99.00 
2024 04 23 18 10 149  4.7  6.8  1.69 12.12  7.25 300 1014.6  12.5 999.0  11.1 99.0 99.00 
2024 04 23 18 20 150  5.0  6.9 99.00 99.00 99.00 999 1014.7  12.4 999.0  10.7 99.0 99.00 
2024 04 23 18 30 137  4.7  6.2 99.00 99.00 99.00 999 1014.7  12.5 999.0  10.5 99.0 99.00 
2024 04 23 18 40 133  3.8  5.3  1.63  9.09  7.12 317 1014.9  12.6 999.0  10.6 99.0 99.00 
2024 04 23 18 50 132  4.0  5.1 99.00 99.00 99.00 999 1014.9  12.7 999.0  10.8 99.0 99.00 
2024 04 23 19 00 125  3.7  5.3 99.00 99.00 99.00 999 1015.0  12.6 999.0  11.0 99.0 99.00 
2024 04 23 19 10 124  3.6  5.1  1.63  9.09  7.23 308 1015.0  12.7 999.0  11.2 99.0 99.00 
2024 04 23 19 20 126  4.4  6.0 99.00 99.00 99.00 999 1015.1  12.6 999.0  11.1 99.0 99.00 
2024 04 23 19 30 126  4.7  7.0 99.00 99.00 99.00 999 1015.1  12.6 999.0  11.1 99.0 99.00 
2024 04 23 19 40 125  5.2  7.1  1.77 10.00  7.24 312 1015.1  12.7 999.0  11.3 99.0 99.00 
2024 04 23 19 50 137  4.6  6.0 99.00 99.00 99.00 999 1015.2  12.7 999.0  11.5 99.0 99.00 
2024 04 23 20 00 136  4.2  5.5 99.00 99.00 99.00 999 1015.3  12.7 999.0  11.5 99.0 99.00 
2024 04 23 20 10 129  3.8  5.2  1.69 10.00  7.27 312 1015.3  12.7 999.0  11.6 99.0 99.00 
2024 04 23 20 20 131  4.6  6.3 99.00 99.00 99.00 999 1015.3  12.7 999.0  11.6 99.0 99.00 
2024 04 23 20 30 140  4.7  6.1 99.00 99.00 99.00 999 1015.3  12.7 999.0  11.4 99.0 99.00 
2024 04 23 20 40 141  4.6  6.0  1.53 10.00  7.07 315 1015.3  12.7 999.0  11.4 99.0 99.00 
2024 04 23 20 50 139  4.6  6.3 99.00 99.00 99.00 999 1015.3  12.7 999.0  11.6 99.0 99.00 
2024 04 23 21 00 138  4.2  5.5 99.00 99.00 99.00 999 1015.4  12.6 999.0  11.6 99.0 99.00 
2024 04 23 21 10 136  4.1  5.5  1.59 10.00  7.42 314 1015.4  12.6 999.0  11.4 99.0 99.00 
2024 04 23 21 20 137  4.2  5.8 99.00 99.00 99.00 999 1015.5  12.7 999.0  11.4 99.0 99.00 
2024 04 23 21 30 138  4.2  6.0 99.00 99.00 99.00 999 1015.6  12.7 999.0  11.4 99.0 99.00 
2024 04 23 21 40 137  3.9  5.3  1.48  8.33  7.02 314 1015.5  12.7 999.0  11.4 99.0 99.00 
2024 04 23 21 50 132  3.8  5.3 99.00 99.00 99.00 999 1015.5  12.8 999.0  11.5 99.0 99.00 
2024 04 23 22 00 131  3.9  5.1 99.00 99.00 99.00 999 1015.6  12.8 999.0  11.5 99.0 99.00 
2024 04 23 22 10 129  3.4  5.1  1.50 10.00  7.00 328 1015.5  12.9 999.0  11.8 99.0 99.00 
2024 04 23 22 20 124  3.1  4.3 99.00 99.00 99.00 999 1015.4  12.9 999.0  11.8 99.0 99.00 
2024 04 23 22 30 129  3.9  5.5 99.00 99.00 99.00 999 1015.3  12.9 999.0  11.8 99.0 99.00 
2024 04 23 22 40 141  4.1  5.7  1.54 10.00  7.18 322 1015.3  12.9 999.0  11.7 99.0 99.00 
2024 04 23 22 50 155  4.2  5.6 99.00 99.00 99.00 999 1015.3  12.8 999.0  11.4 99.0 99.00 
2024 04 23 23 00 152  3.8  5.1 99.00 99.00 99.00 999 1015.3  12.8 999.0  11.5 99.0 99.00 
2024 04 23 23 10 144  3.5  4.7  1.61  9.09  7.17 324 1015.2  12.9 999.0  11.6 99.0 99.00 
2024 04 23 23 20 141  3.4  4.8 99.00 99.00 99.00 999 1015.1  12.9 999.0  11.7 99.0 99.00 
2024 04 23 23 30 134  3.5  5.1 99.00 99.00 99.00 999 1015.2  12.9 999.0  11.8 99.0 99.00 
2024 04 23 23 40 134  3.5  4.9  1.65 10.00  7.24 322 1015.2  12.9 999.0  11.8 99.0 99.00 
2024 04 23 23 50 138  3.6  5.0 99.00 99.00 99.00 999 1015.2  12.9 999.0  11.9 99.0 99.00 
2024 04 24 00 00 141  3.6  5.6 99.00 99.00 99.00 999 1015.2  12.8 999.0  11.8 99.0 99.00 
2024 04 24 00 10 148  4.1  5.9  1.69 10.00  7.49 314 1015.2  12.8 999.0  11.7 99.0 99.00 
2024 04 24 00 20 150  4.0  5.4 99.00 99.00 99.00 999 1015.2  12.8 999.0  11.7 99.0 99.00 
2024 04 24 00 30 147  3.6  4.8 99.00 99.00 99.00 999 1015.2  12.7 999.0  11.6 99.0 99.00 
2024 04 24 00 40 141  3.2  4.4  1.63  9.09  7.17 311 1015.3  12.7 999.0  11.7 99.0 99.00 
2024 04 24 00 50 133  3.2  4.6 99.00 99.00 99.00 999 1015.3  12.8 999.0  11.8 99.0 99.00 
2024 04 24 01 00 135  3.2  6.5 99.00 99.00 99.00 999 1015.4  12.8 999.0  11.8 99.0 99.00 
2024 04 24 01 10 162  4.6  6.9  1.58  9.09  7.29 322 1015.5  12.3 999.0  11.5 99.0 99.00 
2024 04 24 01 20 160  4.0  5.5 99.00 99.00 99.00 999 1015.4  12.1 999.0  11.3 99.0 99.00 
2024 04 24 01 30 164  3.2  4.4 99.00 99.00 99.00 999 1015.4  12.2 999.0  11.2 99.0 99.00 
2024 04 24 01 40 166  3.0  4.4  1.51 10.00  6.97 317 1015.4  12.3 999.0  11.3 99.0 99.00 
2024 04 24 01 50 152  2.7  5.0 99.00 99.00 99.00 999 1015.4  12.4 999.0  11.4 99.0 99.00 
2024 04 24 02 00 139  3.5  5.1 99.00 99.00 99.00 999 1015.4  12.5 999.0  11.6 99.0 99.00 
2024 04 24 02 10 140  2.9  4.4  1.60  9.09  7.37 320 1015.5  12.5 999.0  11.5 99.0 99.00 
2024 04 24 02 20 133  2.6  4.0 99.00 99.00 99.00 999 1015.5  12.5 999.0  11.5 99.0 99.00 
2024 04 24 02 30 131  3.2  4.9 99.00 99.00 99.00 999 1015.5  12.5 999.0  11.4 99.0 99.00 
2024 04 24 02 40 115  2.9  4.0  1.64 10.00  7.30 318 1015.4  12.6 999.0  11.5 99.0 99.00 
2024 04 24 02 50 110  2.5  3.9 99.00 99.00 99.00 999 1015.5  12.6 999.0  11.6 99.0 99.00 
2024 04 24 03 00 103  2.3  3.4 99.00 99.00 99.00 999 1015.6  12.6 999.0  11.7 99.0 99.00 
2024 04 24 03 10  96  2.3  3.3  1.53 10.81  7.23 295 1015.6  12.6 999.0  11.8 99.0 99.00 
2024 04 24 03 20 104  2.6  4.3 99.00 99.00 99.00 999 1015.7  12.6 999.0  11.9 99.0 99.00 
2024 04 24 03 30 100  2.8  3.8 99.00 99.00 99.00 999 1015.8  12.6 999.0  11.9 99.0 99.00 
2024 04 24 03 40  98  2.7  4.0  1.50 10.00  7.22 309 1015.8  12.6 999.0  11.9 99.0 99.00 
2024 04 24 03 50 107  2.7  3.7 99.00 99.00 99.00 999 1015.9  12.6 999.0  11.9 99.0 99.00 
2024 04 24 04 00 107  2.6  4.0 99.00 99.00 99.00 999 1016.1  12.6 999.0  11.9 99.0 99.00 
2024 04 24 04 10 106  2.9  4.2  1.70 10.00  7.88 311 1016.2  12.5 999.0  11.8 99.0 99.00 
2024 04 24 04 20 114  2.8  3.9 99.00 99.00 99.00 999 1016.4  12.5 999.0  11.8 99.0 99.00 
2024 04 24 04 30 137  2.7  4.0 99.00 99.00 99.00 999 1016.5  12.6 999.0  11.9 99.0 99.00 
2024 04 24 04 40 140  2.2  3.5  1.44  9.09  7.34 311 1016.6  12.5 999.0  11.8 99.0 99.00 
2024 04 24 04 50 130  1.7  2.7 99.00 99.00 99.00 999 1016.7  12.5 999.0  11.5 99.0 99.00 
2024 04 24 05 00 126  1.4  2.4 99.00 99.00 99.00 999 1016.7  12.7 999.0  11.8 99.0 99.00 
2024 04 24 05 10 124  1.7  2.6  1.35 10.00  7.36 305 1016.8  12.8 999.0  12.1 99.0 99.00 
2024 04 24 05 20 112  1.6  2.8 99.00 99.00 99.00 999 1016.9  12.7 999.0  12.0 99.0 99.00 
2024 04 24 05 30 100  1.3  2.0 99.00 99.00 99.00 999 1016.9  12.6 999.0  11.9 99.0 99.00 
2024 04 24 05 40  95  1.2  2.3  1.53 10.00  7.72 308 1016.9  12.6 999.0  11.9 99.0 99.00 
2024 04 24 05 50 105  1.0  1.9 99.00 99.00 99.00 999 1016.9  12.6 999.0  11.9 99.0 99.00 
2024 04 24 06 00 110  0.8  2.0 99.00 99.00 99.00 999 1016.9  12.6 999.0  11.8 99.0 99.00 
2024 04 24 06 10 124  1.1  2.1  1.56  9.09  7.45 319 1016.9  12.6 999.0  11.8 99.0 99.00 
2024 04 24 06 20 129  2.0  3.3 99.00 99.00 99.00 999 1016.9  12.6 999.0  11.7 99.0 99.00 
2024 04 24 06 30 128  2.2  3.3 99.00 99.00 99.00 999 1016.8  12.6 999.0  11.8 99.0 99.00 
2024 04 24 06 40 135  2.0  3.1  1.48  9.09  7.23 317 1016.9  12.6 999.0  11.8 99.0 99.00 
2024 04 24 06 50 138  1.9  3.2 99.00 99.00 99.00 999 1016.9  12.6 999.0  11.7 99.0 99.00 
2024 04 24 07 00 129  2.1  3.2 99.00 99.00 99.00 999 1016.9  12.6 999.0  11.6 99.0 99.00 
2024 04 24 07 10 131  2.0  3.2  1.59  9.09  7.34 307 1016.9  12.6 999.0  11.6 99.0 99.00 
2024 04 24 07 20 130  2.0  2.9 99.00 99.00 99.00 999 1016.9  12.6 999.0  11.6 99.0 99.00 
2024 04 24 07 30 126  2.0  3.4 99.00 99.00 99.00 999 1016.9  12.6 999.0  11.7 99.0 99.00 
2024 04 24 07 40 132  2.5  3.5  1.34  9.09  6.70 321 1017.0  12.6 999.0  11.6 99.0 99.00 
2024 04 24 07 50 125  2.5  3.7 99.00 99.00 99.00 999 1017.1  12.6 999.0  11.7 99.0 99.00 
2024 04 24 08 00 124  2.7  3.7 99.00 99.00 99.00 999 1017.1  12.6 999.0  11.8 99.0 99.00 
2024 04 24 08 10 117  2.6  3.8  1.29 10.00  6.79 312 1017.1  12.5 999.0  11.8 99.0 99.00 
2024 04 24 08 20 116  2.4  3.6 99.00 99.00 99.00 999 1017.0  12.4 999.0  11.6 99.0 99.00 
2024 04 24 08 30 114  2.5  3.7 99.00 99.00 99.00 999 1017.0  12.4 999.0  11.7 99.0 99.00 
2024 04 24 08 40 116  2.9  3.8  1.40 10.00  7.20 305 1016.9  12.4 999.0  11.7 99.0 99.00 
2024 04 24 08 50 116  2.7  3.9 99.00 99.00 99.00 999 1016.9  12.4 999.0  11.6 99.0 99.00 
2024 04 24 09 00 104  2.8  4.0 99.00 99.00 99.00 999 1016.8  12.4 999.0  11.7 99.0 99.00 
2024 04 24 09 10 100  3.5  4.6  1.34 10.00  6.95 299 1016.8  12.3 999.0  11.5 99.0 99.00 
2024 04 24 09 20 107  3.2  4.2 99.00 99.00 99.00 999 1016.8  12.4 999.0  11.6 99.0 99.00 
2024 04 24 09 30 118  3.2  4.6 99.00 99.00 99.00 999 1016.7  12.3 999.0  11.6 99.0 99.00 
2024 04 24 09 40 117  3.1  4.4  1.46 10.00  7.39 301 1016.9  12.3 999.0  11.6 99.0 99.00 
2024 04 24 09 50 128  3.2  4.9 99.00 99.00 99.00 999 1016.9  12.3 999.0  11.8 99.0 99.00 
2024 04 24 10 00 146  3.8  4.9 99.00 99.00 99.00 999 1016.9  12.0 999.0  11.5 99.0 99.00 
2024 04 24 10 10 130  3.4  4.8  1.33  9.09  6.79 311 1016.9  12.1 999.0  11.7 99.0 99.00 
2024 04 24 10 20 113  3.6  4.9 99.00 99.00 99.00 999 1016.9  12.0 999.0  11.6 99.0 99.00 
2024 04 24 10 30 106  3.1  4.1 99.00 99.00 99.00 999 1016.9  11.9 999.0  11.5 99.0 99.00 
2024 04 24 10 40 101  3.3  4.4  1.23  9.09  6.85 306 1016.9  11.9 999.0  11.5 99.0 99.00 
2024 04 24 10 50  99  3.6  5.0 99.00 99.00 99.00 999 1016.9  11.6 999.0  11.3 99.0 99.00 
2024 04 24 11 00  88  3.2  4.4 99.00 99.00 99.00 999 1016.9  11.4 999.0  11.2 99.0 99.00 
2024 04 24 11 10  78  2.2  3.4  1.20  9.09  6.87 302 1017.0  11.5 999.0  11.2 99.0 99.00 
2024 04 24 11 20  63  1.7  2.4 99.00 99.00 99.00 999 1017.0  11.5 999.0  11.1 99.0 99.00 
2024 04 24 11 30  59  1.4  1.9 99.00 99.00 99.00 999 1017.1  11.7 999.0  11.3 99.0 99.00 
2024 04 24 11 40  49  1.1  1.6  1.23 14.81  7.19 207 1017.0  11.6 999.0  11.3 99.0 99.00 
2024 04 24 11 50  36  1.0  1.7 99.00 99.00 99.00 999 1017.0  11.6 999.0  11.4 99.0 99.00 
2024 04 24 12 00  33  1.5  2.1 99.00 99.00 99.00 999 1017.0  11.7 999.0  11.5 99.0 99.00 
2024 04 24 12 10  45  1.5  2.3  1.27  8.33  7.15 306 1017.0  11.7 999.0  11.5 99.0 99.00 
2024 04 24 12 20  62  1.0  1.8 99.00 99.00 99.00 999 1017.0  11.8 999.0  11.6 99.0 99.00 
2024 04 24 12 30  82  0.9  2.0 99.00 99.00 99.00 999 1017.1  11.9 999.0  11.7 99.0 99.00 
2024 04 24 12 40  98  1.3  3.5  1.17 10.81  6.78 279 1017.2  11.8 999.0  11.5 99.0 99.00 
2024 04 24 12 50 132  3.2  4.6 99.00 99.00 99.00 999 1017.2  11.6 999.0  11.2 99.0 99.00 
2024 04 24 13 00 109  3.1  4.7 99.00 99.00 99.00 999 1017.2  11.4 999.0  11.0 99.0 99.00 
2024 04 24 13 10 100  2.8  3.7  1.22  8.33  7.07 319 1017.2  11.7 999.0  11.2 99.0 99.00 
2024 04 24 13 20  98  3.3  4.6 99.00 99.00 99.00 999 1017.1  11.9 999.0  11.4 99.0 99.00 
2024 04 24 13 30  97  3.3  4.4 99.00 99.00 99.00 999 1017.2  11.9 999.0  11.4 99.0 99.00 
2024 04 24 13 40 100  3.2  4.2  1.22  9.09  6.70 320 1017.2  11.9 999.0  11.3 99.0 99.00 
2024 04 24 13 50  99  3.3  4.4 99.00 99.00 99.00 999 1017.3  11.9 999.0  11.2 99.0 99.00 
2024 04 24 14 00 101  3.2  4.7 99.00 99.00 99.00 999 1017.4  12.0 999.0  11.3 99.0 99.00 
2024 04 24 14 10 105  3.1  4.3  1.31  8.33  6.88 320 1017.5  12.1 999.0  11.4 99.0 99.00 
2024 04 24 14 20 119  3.0  4.6 99.00 99.00 99.00 999 1017.6  12.1 999.0  11.4 99.0 99.00 
2024 04 24 14 30 126  3.2  4.2 99.00 99.00 99.00 999 1017.7  12.1 999.0  11.6 99.0 99.00 
2024 04 24 14 40 119  3.1  4.5  1.25  8.33  6.65 309 1017.8  12.1 999.0  11.6 99.0 99.00 
2024 04 24 14 50 109  3.2  4.2 99.00 99.00 99.00 999 1017.8  12.1 999.0  11.6 99.0 99.00 
2024 04 24 15 00 104  3.0  3.9 99.00 99.00 99.00 999 1018.0  12.1 999.0  11.6 99.0 99.00 
2024 04 24 15 10  92  2.4  3.3  1.29  8.33  6.84 314 1018.0  12.2 999.0  11.7 99.0 99.00 
2024 04 24 15 20  90  2.9  4.4 99.00 99.00 99.00 999 1018.0  12.1 999.0  11.6 99.0 99.00 
2024 04 24 15 30  95  3.1  4.2 99.00 99.00 99.00 999 1018.1  12.1 999.0  11.6 99.0 99.00 
2024 04 24 15 40  93  2.6  3.9  1.23  8.33  6.67 312 1018.0  12.1 999.0  11.6 99.0 99.00 
2024 04 24 15 50  85  1.9  2.6 99.00 99.00 99.00 999 1018.1  12.1 999.0  11.5 99.0 99.00 
2024 04 24 16 00  81  1.9  2.9 99.00 99.00 99.00 999 1018.2  12.2 999.0  11.5 99.0 99.00 
2024 04 24 16 10  80  1.7  2.4  1.21  8.33  6.98 308 1018.2  12.2 999.0  11.5 99.0 99.00 
2024 04 24 16 20  90  1.8  2.3 99.00 99.00 99.00 999 1018.2  12.3 999.0  11.5 99.0 99.00 
2024 04 24 16 30  91  2.0  2.9 99.00 99.00 99.00 999 1018.2  12.4 999.0  11.6 99.0 99.00 
2024 04 24 16 40  75  2.2  3.0  1.08  8.33  6.84 308 1018.2  12.5 999.0  11.7 99.0 99.00 
2024 04 24 16 50  76  2.4  3.3 99.00 99.00 99.00 999 1018.3  12.5 999.0  11.7 99.0 99.00 
2024 04 24 17 00  81  2.7  4.0 99.00 99.00 99.00 999 1018.4  12.5 999.0  11.6 99.0 99.00 
2024 04 24 17 10 111  2.4  3.3  1.00 14.81  6.66 199 1018.4  12.5 999.0  11.7 99.0 99.00 
2024 04 24 17 20 101  2.4  3.4 99.00 99.00 99.00 999 1018.5  12.4 999.0  11.6 99.0 99.00 
2024 04 24 17 30  97  3.0  3.8 99.00 99.00 99.00 999 1018.5  12.3 999.0  11.5 99.0 99.00 
2024 04 24 17 40  96  2.2  3.3  1.03  8.33  6.85 315 1018.6  12.3 999.0  11.5 99.0 99.00 
2024 04 24 17 50  95  1.7  2.5 99.00 99.00 99.00 999 1018.7  12.4 999.0  11.4 99.0 99.00 
2024 04 24 18 00  95  1.6  2.3 99.00 99.00 99.00 999 1018.7  12.6 999.0  11.6 99.0 99.00 
2024 04 24 18 10  86  1.1  1.7  1.07 13.79  6.93 191 1018.7  12.8 999.0  11.7 99.0 99.00 
2024 04 24 18 20  80  1.2  1.7 99.00 99.00 99.00 999 1018.8  12.9 999.0  11.7 99.0 99.00 
2024 04 24 18 30  69  1.0  1.7 99.00 99.00 99.00 999 1018.7  13.1 999.0  11.7 99.0 99.00 
2024 04 24 18 40  72  1.7  2.3  1.04 14.81  7.04 187 1018.7  13.0 999.0  11.6 99.0 99.00 
2024 04 24 18 50  75  2.0  3.0 99.00 99.00 99.00 999 1018.7  13.0 999.0  11.7 99.0 99.00 
2024 04 24 19 00  86  1.7  2.3 99.00 99.00 99.00 999 1018.8  13.0 999.0  11.7 99.0 99.00 
2024 04 24 19 10  95  1.6  2.3  0.97 13.79  6.77 182 1018.8  13.0 999.0  11.8 99.0 99.00 
2024 04 24 19 20  92  1.4  2.2 99.00 99.00 99.00 999 1018.8  13.0 999.0  11.9 99.0 99.00 
2024 04 24 19 30  77  0.9  1.4 99.00 99.00 99.00 999 1018.7  13.1 999.0  11.8 99.0 99.00 
2024 04 24 19 40  61  0.2  1.5  0.98 13.79  6.66 190 1018.7  13.5 999.0  12.1 99.0 99.00 
2024 04 24 19 50  65  0.2  0.9 99.00 99.00 99.00 999 1018.7  13.7 999.0  12.1 99.0 99.00 
2024 04 24 20 00  11  0.7  1.4 99.00 99.00 99.00 999 1018.6  13.8 999.0  12.1 99.0 99.00 
2024 04 24 20 10  10  0.6  1.5  1.01 14.81  7.00 215 1018.6  13.9 999.0  12.1 99.0 99.00 
2024 04 24 20 20 350  1.2  2.0 99.00 99.00 99.00 999 1018.5  13.8 999.0  12.0 99.0 99.00 
2024 04 24 20 30 339  2.2  2.9 99.00 99.00 99.00 999 1018.5  13.5 999.0  11.9 99.0 99.00 
2024 04 24 20 40 328  2.7  3.8  1.02  7.69  6.88 316 1018.5  13.3 999.0  11.7 99.0 99.00 
2024 04 24 20 50 326  4.1  5.3 99.00 99.00 99.00 999 1018.4  13.1 999.0  11.7 99.0 99.00 
2024 04 24 21 00 326  4.0  5.3 99.00 99.00 99.00 999 1018.4  12.9 999.0  11.7 99.0 99.00 
2024 04 24 21 10 325  3.7  4.5  0.94 14.81  6.92 188 1018.3  12.8 999.0  11.6 99.0 99.00 
2024 04 24 21 20 318  4.3  5.7 99.00 99.00 99.00 999 1018.3  12.8 999.0  11.7 99.0 99.00 
2024 04 24 21 30 317  4.4  5.3 99.00 99.00 99.00 999 1018.3  12.7 999.0  11.7 99.0 99.00 
2024 04 24 21 40 319  4.5  5.8  0.94 13.79  6.93 190 1018.3  12.7 999.0  11.8 99.0 99.00 
2024 04 24 21 50 316  4.3  5.5 99.00 99.00 99.00 999 1018.3  12.5 999.0  11.7 99.0 99.00 
2024 04 24 22 00 317  3.8  4.9 99.00 99.00 99.00 999 1018.3  12.6 999.0  11.8 99.0 99.00 
2024 04 24 22 10 316  4.2  5.3  0.99  7.69  6.92 298 1018.3  12.5 999.0  11.7 99.0 99.00 
2024 04 24 22 20 318  4.7  5.9 99.00 99.00 99.00 999 1018.2  12.4 999.0  11.6 99.0 99.00 
2024 04 24 22 30 318  5.0  6.1 99.00 99.00 99.00 999 1018.1  12.2 999.0  11.4 99.0 99.00 
2024 04 24 22 40 314  5.0  6.3  0.98 14.81  6.39 173 1018.1  12.2 999.0  11.4 99.0 99.00 
2024 04 24 22 50 313  5.1  6.2 99.00 99.00 99.00 999 1018.0  12.2 999.0  11.4 99.0 99.00 
2024 04 24 23 00 310  5.4  6.7 99.00 99.00 99.00 999 1017.9  12.1 999.0  11.2 99.0 99.00 
2024 04 24 23 10 316  5.2  6.5  1.00  7.69  6.03 304 1017.8  12.1 999.0  11.1 99.0 99.00 
2024 04 24 23 20 317  5.2  6.5 99.00 99.00 99.00 999 1017.8  12.1 999.0  11.1 99.0 99.00 
2024 04 24 23 30 314  5.2  6.4 99.00 99.00 99.00 999 1017.8  12.1 999.0  11.1 99.0 99.00 
2024 04 24 23 40 314  5.8  7.0  1.03 13.79  5.64 188 1017.7  12.0 999.0  11.0 99.0 99.00 
2024 04 24 23 50 315  6.0  7.5 99.00 99.00 99.00 999 1017.8  12.0 999.0  10.9 99.0 99.00 
2024 04 25 00 00 312  6.4  8.1 99.00 99.00 99.00 999 1017.8  12.0 999.0  10.9 99.0 99.00 
2024 04 25 00 10 312  6.6  8.0  1.10 16.00  5.48 197 1017.9  11.9 999.0  10.8 99.0 99.00 
2024 04 25 00 20 312  7.1  8.6 99.00 99.00 99.00 999 1017.9  11.8 999.0  10.7 99.0 99.00 
2024 04 25 00 30 312  6.9  8.4 99.00 99.00 99.00 999 1017.9  11.8 999.0  10.8 99.0 99.00 
2024 04 25 00 40 317  6.8  8.1  1.15 14.81  5.17 194 1017.9  11.8 999.0  10.7 99.0 99.00 
2024 04 25 00 50 313  6.9  8.0 99.00 99.00 99.00 999 1017.8  11.8 999.0  10.7 99.0 99.00 
2024 04 25 01 00 309  6.9  8.1 99.00 99.00 99.00 999 1017.9  11.8 999.0  10.7 99.0 99.00 
2024 04 25 01 10 309  7.1  8.6  1.13 16.00  4.97 181 1017.9  11.6 999.0  10.4 99.0 99.00 
2024 04 25 01 20 308  6.9  8.6 99.00 99.00 99.00 999 1017.9  11.6 999.0  10.4 99.0 99.00 
2024 04 25 01 30 312  7.0  8.6 99.00 99.00 99.00 999 1017.8  11.6 999.0  10.3 99.0 99.00 
2024 04 25 01 40 309  6.6  8.0  1.14 12.90  4.94 212 1017.7  11.7 999.0  10.4 99.0 99.00 
2024 04 25 01 50 303  7.3  8.9 99.00 99.00 99.00 999 1017.7  11.6 999.0  10.3 99.0 99.00 
2024 04 25 02 00 304  6.9  8.6 99.00 99.00 99.00 999 1017.6  11.6 999.0  10.4 99.0 99.00 
2024 04 25 02 10 304  6.8  8.4  1.21 13.79  5.03 232 1017.7  11.6 999.0  10.4 99.0 99.00 
2024 04 25 02 20 301  6.7  8.4 99.00 99.00 99.00 999 1017.6  11.6 999.0  10.4 99.0 99.00 
2024 04 25 02 30 301  6.9  8.6 99.00 99.00 99.00 999 1017.6  11.5 999.0  10.4 99.0 99.00 
2024 04 25 02 40 304  6.5  8.4  1.21 14.81  5.08 201 1017.6  11.5 999.0  10.3 99.0 99.00 
2024 04 25 02 50 302  5.9  7.3 99.00 99.00 99.00 999 1017.7  11.6 999.0  10.4 99.0 99.00 
2024 04 25 03 00 301  6.1  7.5 99.00 99.00 99.00 999 1017.7  11.5 999.0  10.4 99.0 99.00 
2024 04 25 03 10 299  6.2  7.6  1.19 13.79  5.07 175 1017.8  11.6 999.0  10.6 99.0 99.00 
2024 04 25 03 20 302  6.4  8.0 99.00 99.00 99.00 999 1017.8  11.6 999.0  10.6 99.0 99.00 
2024 04 25 03 30 302  6.3  7.7 99.00 99.00 99.00 999 1017.9  11.6 999.0  10.6 99.0 99.00 
2024 04 25 03 40 305  6.2  8.1  1.29  5.26  4.87 308 1018.0  11.6 999.0  10.6 99.0 99.00 
2024 04 25 03 50 303  6.7  8.4 99.00 99.00 99.00 999 1018.1  11.6 999.0  10.5 99.0 99.00 
2024 04 25 04 00 305  6.9  8.5 99.00 99.00 99.00 999 1018.2  11.6 999.0  10.5 99.0 99.00 
2024 04 25 04 10 308  6.1  8.0  1.29 14.81  5.00 214 1018.3  11.7 999.0  10.7 99.0 99.00 
2024 04 25 04 20 308  6.2  7.4 99.00 99.00 99.00 999 1018.4  11.7 999.0  10.6 99.0 99.00 
2024 04 25 04 30 307  6.3  7.7 99.00 99.00 99.00 999 1018.4  11.7 999.0  10.6 99.0 99.00 
2024 04 25 04 40 306  6.2  7.8  1.31 13.79  5.13 189 1018.5  11.7 999.0  10.6 99.0 99.00 
2024 04 25 04 50 303  6.7  8.3 99.00 99.00 99.00 999 1018.5  11.7 999.0  10.6 99.0 99.00 
2024 04 25 05 00 305  6.3  7.6 99.00 99.00 99.00 999 1018.5  11.7 999.0  10.6 99.0 99.00 
2024 04 25 05 10 303  6.5  8.2  1.28 14.81  5.11 176 1018.5  11.7 999.0  10.6 99.0 99.00 
2024 04 25 05 20 300  6.6  8.2 99.00 99.00 99.00 999 1018.7  11.8 999.0  10.7 99.0 99.00 
2024 04 25 05 30 300  7.2  9.1 99.00 99.00 99.00 999 1018.6  11.8 999.0  10.7 99.0 99.00 
2024 04 25 05 40 301  7.4  9.4  1.31  5.88  5.05 306 1018.6  11.8 999.0  10.7 99.0 99.00 
2024 04 25 05 50 302  8.1  9.8 99.00 99.00 99.00 999 1018.6  11.8 999.0  10.6 99.0 99.00 
2024 04 25 06 00 304  7.7  9.8 99.00 99.00 99.00 999 1018.5  11.8 999.0  10.7 99.0 99.00 
2024 04 25 06 10 307  8.0 10.1  1.29  5.88  4.88 301 1018.5  11.8 999.0  10.8 99.0 99.00 
2024 04 25 06 20 307  8.3  9.8 99.00 99.00 99.00 999 1018.4  11.8 999.0  10.8 99.0 99.00 
2024 04 25 06 30 311  8.3 10.4 99.00 99.00 99.00 999 1018.3  11.7 999.0  10.7 99.0 99.00 
2024 04 25 06 40 312  7.6  9.7  1.40  5.88  5.12 307 1018.2  11.8 999.0  10.8 99.0 99.00 
2024 04 25 06 50 310  7.8  9.6 99.00 99.00 99.00 999 1018.1  11.8 999.0  10.8 99.0 99.00 
2024 04 25 07 00 311  7.8  9.8 99.00 99.00 99.00 999 1018.0  11.7 999.0  10.7 99.0 99.00 
2024 04 25 07 10 309  7.7  9.4  1.52  6.25  5.18 307 1018.1  11.7 999.0  10.7 99.0 99.00 
2024 04 25 07 20 310  7.7  9.2 99.00 99.00 99.00 999 1018.0  11.7 999.0  10.7 99.0 99.00 
2024 04 25 07 30 307  7.2  8.7 99.00 99.00 99.00 999 1018.0  11.7 999.0  10.8 99.0 99.00 
2024 04 25 07 40 306  7.3  8.9  1.53  6.25  5.18 315 1018.0  11.6 999.0  10.8 99.0 99.00 
2024 04 25 07 50 306  7.3  9.0 99.00 99.00 99.00 999 1018.0  11.6 999.0  10.8 99.0 99.00 
2024 04 25 08 00 305  7.6  9.7 99.00 99.00 99.00 999 1018.0  11.6 999.0  10.8 99.0 99.00 
2024 04 25 08 10 308  8.1  9.6  1.58  6.67  5.31 313 1018.0  11.6 999.0  10.8 99.0 99.00 
2024 04 25 08 20 303  7.8 10.3 99.00 99.00 99.00 999 1017.9  11.6 999.0  10.8 99.0 99.00 
2024 04 25 08 30 305  8.1 10.1 99.00 99.00 99.00 999 1017.9  11.6 999.0  10.8 99.0 99.00 
2024 04 25 08 40 307  8.2 10.1  1.66  6.25  5.39 307 1018.0  11.6 999.0  10.9 99.0 99.00 
2024 04 25 08 50 312  8.5 10.6 99.00 99.00 99.00 999 1018.0  11.6 999.0  10.9 99.0 99.00 
2024 04 25 09 00 314  8.7 10.8 99.00 99.00 99.00 999 1017.8  11.6 999.0  10.9 99.0 99.00 
2024 04 25 09 10 317  8.7 11.3  1.75  7.14  5.35 309 1017.7  11.6 999.0  10.8 99.0 99.00 
2024 04 25 09 20 316  8.9 10.9 99.00 99.00 99.00 999 1017.7  11.5 999.0  10.8 99.0 99.00 
2024 04 25 09 30 316  9.1 11.4 99.00 99.00 99.00 999 1017.5  11.5 999.0  10.8 99.0 99.00 
2024 04 25 09 40 317  9.2 11.8  1.67  6.25  5.17 299 1017.6  11.5 999.0  10.8 99.0 99.00 
2024 04 25 09 50 317 10.0 12.4 99.00 99.00 99.00 999 1017.5  11.5 999.0  10.7 99.0 99.00 
2024 04 25 10 00 316  9.5 12.2 99.00 99.00 99.00 999 1017.6  11.5 999.0  10.7 99.0 99.00 
2024 04 25 10 10 318  9.5 11.6  1.73  7.14  5.21 307 1017.5  11.5 999.0  10.7 99.0 99.00 
2024 04 25 10 20 317 10.0 12.3 99.00 99.00 99.00 999 1017.6  11.5 999.0  10.6 99.0 99.00 
2024 04 25 10 30 315 10.5 13.5 99.00 99.00 99.00 999 1017.6  11.4 999.0  10.4 99.0 99.00 
2024 04 25 10 40 314 10.3 12.5  1.80  6.25  5.34 299 1017.7  11.5 999.0  10.4 99.0 99.00 
2024 04 25 10 50 315  9.7 11.8 99.00 99.00 99.00 999 1017.7  11.5 999.0  10.4 99.0 99.00 
2024 04 25 11 00 316  9.8 12.1 99.00 99.00 99.00 999 1017.7  11.5 999.0  10.4 99.0 99.00 
2024 04 25 11 10 317  9.6 11.5  1.72  6.25  5.19 312 1017.6  11.5 999.0  10.4 99.0 99.00 
2024 04 25 11 20 319  9.9 12.5 99.00 99.00 99.00 999 1017.6  11.6 999.0  10.4 99.0 99.00 
2024 04 25 11 30 317  9.9 12.1 99.00 99.00 99.00 999 1017.7  11.6 999.0  10.5 99.0 99.00 
2024 04 25 11 40 316  9.7 12.0  1.82  6.67  5.37 308 1017.6  11.6 999.0  10.4 99.0 99.00 
2024 04 25 11 50 314  9.6 11.5 99.00 99.00 99.00 999 1017.7  11.6 999.0  10.4 99.0 99.00 
2024 04 25 12 00 316  9.2 11.8 99.00 99.00 99.00 999 1017.7  11.6 999.0  10.4 99.0 99.00 
2024 04 25 12 10 315  9.0 11.2  1.80  7.14  5.39 315 1017.7  11.6 999.0  10.5 99.0 99.00 
2024 04 25 12 20 314  8.8 10.9 99.00 99.00 99.00 999 1017.7  11.6 999.0  10.5 99.0 99.00 
2024 04 25 12 30 314  8.9 11.5 99.00 99.00 99.00 999 1017.6  11.6 999.0  10.5 99.0 99.00 
2024 04 25 12 40 315  9.3 11.9  1.70  7.14  5.44 313 1017.7  11.6 999.0  10.6 99.0 99.00 
2024 04 25 12 50 315  9.4 11.6 99.00 99.00 99.00 999 1017.8  11.6 999.0  10.6 99.0 99.00 
2024 04 25 13 00 316  9.5 11.7 99.00 99.00 99.00 999 1017.7  11.6 999.0  10.5 99.0 99.00 
2024 04 25 13 10 313  9.5 12.2  1.77  6.67  5.41 309 1017.7  11.6 999.0  10.5 99.0 99.00 
2024 04 25 13 20 313  9.3 11.5 99.00 99.00 99.00 999 1017.7  11.6 999.0  10.6 99.0 99.00 
2024 04 25 13 30 314  9.6 11.8 99.00 99.00 99.00 999 1017.7  11.6 999.0  10.5 99.0 99.00 
2024 04 25 13 40 313  9.6 11.6  1.74  7.14  5.35 310 1017.8  11.6 999.0  10.6 99.0 99.00 
2024 04 25 13 50 313 10.1 12.8 99.00 99.00 99.00 999 1017.9  11.5 999.0  10.4 99.0 99.00 
2024 04 25 14 00 316 11.2 13.3 99.00 99.00 99.00 999 1018.1  11.5 999.0  10.2 99.0 99.00 
2024 04 25 14 10 316  9.7 12.2  1.70  7.14  5.20 310 1018.0  11.6 999.0  10.4 99.0 99.00 
2024 04 25 14 20 314  9.8 12.0 99.00 99.00 99.00 999 1018.3  11.7 999.0  10.5 99.0 99.00 
2024 04 25 14 30 311  9.5 12.2 99.00 99.00 99.00 999 1018.3  11.7 999.0  10.6 99.0 99.00 
2024 04 25 14 40 312  9.9 12.2  1.66  6.67  5.00 320 1018.4  11.6 999.0  10.6 99.0 99.00 
2024 04 25 14 50 313  9.7 11.6 99.00 99.00 99.00 999 1018.5  11.6 999.0  10.5 99.0 99.00 
2024 04 25 15 00 311  9.9 12.2 99.00 99.00 99.00 999 1018.4  11.6 999.0  10.6 99.0 99.00 
2024 04 25 15 10 308 10.3 13.1  1.67  5.26  4.99 316 1018.5  11.6 999.0  10.5 99.0 99.00 
2024 04 25 15 20 307 10.4 13.6 99.00 99.00 99.00 999 1018.6  11.6 999.0  10.5 99.0 99.00 
2024 04 25 15 30 308 10.0 12.0 99.00 99.00 99.00 999 1018.6  11.7 999.0  10.7 99.0 99.00 
2024 04 25 15 40 310  9.9 12.1  1.60  6.67  4.97 314 1018.7  11.7 999.0  10.6 99.0 99.00 
2024 04 25 15 50 310  9.7 12.2 99.00 99.00 99.00 999 1018.7  11.7 999.0  10.7 99.0 99.00 
2024 04 25 16 00 309 10.0 12.8 99.00 99.00 99.00 999 1018.8  11.7 999.0  10.6 99.0 99.00 
2024 04 25 16 10 309 10.9 13.3  1.53  6.25  5.01 317 1018.9  11.6 999.0  10.4 99.0 99.00 
2024 04 25 16 20 312  9.9 12.5 99.00 99.00 99.00 999 1019.0  11.8 999.0  10.7 99.0 99.00 
2024 04 25 16 30 311  9.7 11.9 99.00 99.00 99.00 999 1019.0  11.8 999.0  10.6 99.0 99.00 
2024 04 25 16 40 311  9.5 11.5  1.57  6.25  5.13 310 1019.0  11.8 999.0  10.6 99.0 99.00 
2024 04 25 16 50 308 10.0 12.4 99.00 99.00 99.00 999 1019.0  11.8 999.0  10.6 99.0 99.00 
2024 04 25 17 00 306 10.1 12.4 99.00 99.00 99.00 999 1019.1  11.9 999.0  10.6 99.0 99.00 
2024 04 25 17 10 308  9.3 11.6  1.41  5.88  4.93 317 1019.3  11.9 999.0  10.6 99.0 99.00 
2024 04 25 17 20 311  8.8 10.8 99.00 99.00 99.00 999 1019.4  11.9 999.0  10.7 99.0 99.00 
2024 04 25 17 30 314  8.8 10.5 99.00 99.00 99.00 999 1019.5  11.9 999.0  10.6 99.0 99.00 
2024 04 25 17 40 311  8.7 10.9  1.45 14.81  4.87 231 1019.6  11.9 999.0  10.6 99.0 99.00 
2024 04 25 17 50 310  8.4 10.7 99.00 99.00 99.00 999 1019.6  11.9 999.0  10.6 99.0 99.00 
2024 04 25 18 00 311  8.5 10.1 99.00 99.00 99.00 999 1019.6  11.9 999.0  10.6 99.0 99.00 
2024 04 25 18 10 309  7.9 10.1  1.43 12.12  5.15 297 1019.6  12.0 999.0  10.7 99.0 99.00 
2024 04 25 18 20 308  7.9  9.8 99.00 99.00 99.00 999 1019.7  12.0 999.0  10.7 99.0 99.00 
2024 04 25 18 30 306  7.9  9.8 99.00 99.00 99.00 999 1019.7  12.0 999.0  10.7 99.0 99.00 
2024 04 25 18 40 307  7.6 10.0  1.39 11.43  5.01 313 1019.7  12.0 999.0  10.7 99.0 99.00 
2024 04 25 18 50 308  7.8  9.7 99.00 99.00 99.00 999 1019.8  12.0 999.0  10.6 99.0 99.00 
2024 04 25 19 00 308  7.7  9.8 99.00 99.00 99.00 999 1019.8  12.0 999.0  10.7 99.0 99.00 
2024 04 25 19 10 308  7.6  9.3  1.33 11.43  5.09 320 1019.8  12.1 999.0  10.8 99.0 99.00 
2024 04 25 19 20 305  7.7  9.7 99.00 99.00 99.00 999 1019.9  12.1 999.0  10.8 99.0 99.00 
2024 04 25 19 30 301  7.8  9.2 99.00 99.00 99.00 999 1019.9  12.1 999.0  10.9 99.0 99.00 
2024 04 25 19 40 299  7.3  9.5  1.33 12.12  5.26 291 1019.9  12.1 999.0  11.0 99.0 99.00 
2024 04 25 19 50 296  7.8  9.6 99.00 99.00 99.00 999 1019.9  12.1 999.0  11.0 99.0 99.00 
2024 04 25 20 00 294  8.0  9.7 99.00 99.00 99.00 999 1019.7  12.0 999.0  11.0 99.0 99.00 
2024 04 25 20 10 295  7.8  9.2  1.35 14.81  5.23 180 1019.7  12.0 999.0  11.0 99.0 99.00 
2024 04 25 20 20 293  8.0  9.7 99.00 99.00 99.00 999 1019.6  12.0 999.0  11.0 99.0 99.00 
2024 04 25 20 30 292  7.6  9.3 99.00 99.00 99.00 999 1019.5  12.1 999.0  11.1 99.0 99.00 
2024 04 25 20 40 290  7.6  9.4  1.32 12.12  5.19 301 1019.5  12.1 999.0  11.1 99.0 99.00 
2024 04 25 20 50 288  7.3  9.1 99.00 99.00 99.00 999 1019.6  12.2 999.0  11.2 99.0 99.00 
2024 04 25 21 00 290  6.6  8.1 99.00 99.00 99.00 999 1019.6  12.2 999.0  11.3 99.0 99.00 
2024 04 25 21 10 292  6.9  8.3  1.39 10.81  5.47 288 1019.7  12.2 999.0  11.2 99.0 99.00 
2024 04 25 21 20 289  6.8  8.4 99.00 99.00 99.00 999 1019.7  12.2 999.0  11.3 99.0 99.00 
2024 04 25 21 30 293  6.9  8.7 99.00 99.00 99.00 999 1019.8  12.2 999.0  11.4 99.0 99.00 
2024 04 25 21 40 295  7.0  8.6  1.38 10.81  5.78 309 1019.7  12.2 999.0  11.4 99.0 99.00 
2024 04 25 21 50 295  6.7  8.1 99.00 99.00 99.00 999 1019.7  12.2 999.0  11.4 99.0 99.00 
2024 04 25 22 00 294  6.2  7.5 99.00 99.00 99.00 999 1019.5  12.2 999.0  11.4 99.0 99.00 
2024 04 25 22 10 292  5.6  7.0  1.38 10.81  5.71 322 1019.3  12.2 999.0  11.5 99.0 99.00 
2024 04 25 22 20 292  5.6  7.1 99.00 99.00 99.00 999 1019.1  12.2 999.0  11.5 99.0 99.00 
2024 04 25 22 30 292  5.4  6.6 99.00 99.00 99.00 999 1019.0  12.2 999.0  11.5 99.0 99.00 
2024 04 25 22 40 290  5.0  6.2  1.41 10.00  6.02 306 1018.9  12.2 999.0  11.6 99.0 99.00 
2024 04 25 22 50 283  5.1  6.3 99.00 99.00 99.00 999 1018.6  12.2 999.0  11.7 99.0 99.00 
2024 04 25 23 00 280  5.5  6.9 99.00 99.00 99.00 999 1018.7  12.1 999.0  11.6 99.0 99.00 
2024 04 25 23 10 283  5.7  7.1  1.31 10.81  5.96 303 1018.7  12.1 999.0  11.6 99.0 99.00 
2024 04 25 23 20 283  5.6  6.9 99.00 99.00 99.00 999 1018.7  12.2 999.0  11.8 99.0 99.00 
2024 04 25 23 30 281  5.8  7.2 99.00 99.00 99.00 999 1018.6  12.2 999.0  11.8 99.0 99.00 
2024 04 25 23 40 283  5.8  7.1  1.33 10.00  6.07 297 1018.6  12.2 999.0  11.8 99.0 99.00 
2024 04 25 23 50 285  5.3  6.8 99.00 99.00 99.00 999 1018.5  12.2 999.0  11.8 99.0 99.00 
2024 04 26 00 00 286  5.5  6.8 99.00 99.00 99.00 999 1018.7  12.1 999.0  11.7 99.0 99.00 
2024 04 26 00 10 287  5.2  6.7  1.26 10.00  6.05 319 1018.7  12.2 999.0  11.8 99.0 99.00 
2024 04 26 00 20 287  5.8  7.5 99.00 99.00 99.00 999 1018.6  12.2 999.0  11.8 99.0 99.00 
2024 04 26 00 30 288  6.0  7.7 99.00 99.00 99.00 999 1018.5  12.2 999.0  11.8 99.0 99.00 
2024 04 26 00 40 293  6.3  8.0  1.31 10.00  6.30 304 1018.3  12.2 999.0  12.0 99.0 99.00 
2024 04 26 00 50 291  5.5  7.2 99.00 99.00 99.00 999 1018.3  12.3 999.0  12.1 99.0 99.00 
2024 04 26 01 00 295  6.0  7.4 99.00 99.00 99.00 999 1018.3  12.3 999.0  12.0 99.0 99.00 
2024 04 26 01 10 291  6.4  7.6  1.15 10.00  5.62 313 1018.5  12.4 999.0  12.0 99.0 99.00 
2024 04 26 01 20 291  6.0  7.4 99.00 99.00 99.00 999 1018.6  12.4 999.0  12.1 99.0 99.00 
2024 04 26 01 30 292  5.9  7.9 99.00 99.00 99.00 999 1018.6  12.3 999.0  12.1 99.0 99.00 
2024 04 26 01 40 287  6.2  7.8  1.20 10.00  5.80 305 1018.7  12.4 999.0  12.2 99.0 99.00 
2024 04 26 01 50 288  5.9  7.5 99.00 99.00 99.00 999 1018.4  12.4 999.0  12.2 99.0 99.00 
2024 04 26 02 00 289  6.1  7.3 99.00 99.00 99.00 999 1018.4  12.4 999.0  12.2 99.0 99.00 
2024 04 26 02 10 296  5.9  7.4  1.28 11.43  6.30 304 1018.2  12.4 999.0  12.2 99.0 99.00 
2024 04 26 02 20 298  6.4  8.1 99.00 99.00 99.00 999 1018.2  12.4 999.0  12.1 99.0 99.00 
2024 04 26 02 30 300  5.8  7.4 99.00 99.00 99.00 999 1018.0  12.4 999.0  12.0 99.0 99.00 
2024 04 26 02 40 300  5.8  6.8  1.33 10.81  6.19 301 1018.0  12.4 999.0  12.0 99.0 99.00 
2024 04 26 02 50 294  5.8  7.2 99.00 99.00 99.00 999 1018.0  12.4 999.0  12.0 99.0 99.00 
2024 04 26 03 00 292  5.6  6.9 99.00 99.00 99.00 999 1017.9  12.4 999.0  12.0 99.0 99.00 
2024 04 26 03 10 289  5.9  7.0  1.27 10.00  6.12 291 1018.1  12.4 999.0  12.2 99.0 99.00 
2024 04 26 03 20 293  5.8  7.4 99.00 99.00 99.00 999 1018.0  12.4 999.0  12.2 99.0 99.00 
2024 04 26 03 30 292  6.1  7.4 99.00 99.00 99.00 999 1018.1  12.4 999.0  12.1 99.0 99.00 
2024 04 26 03 40 290  6.0  7.4  1.24 10.00  6.21 298 1018.1  12.4 999.0  12.0 99.0 99.00 
2024 04 26 03 50 287  5.9  6.9 99.00 99.00 99.00 999 1018.1  12.4 999.0  12.1 99.0 99.00 
2024 04 26 04 00 281  5.6  6.7 99.00 99.00 99.00 999 1018.1  12.4 999.0  12.2 99.0 99.00 
2024 04 26 04 10 284  5.2  6.6  1.24 10.81  6.01 303 1018.1  12.4 999.0  12.2 99.0 99.00 
2024 04 26 04 20 283  4.8  6.1 99.00 99.00 99.00 999 1018.0  12.4 999.0  12.2 99.0 99.00 
2024 04 26 04 30 285  4.9  6.0 99.00 99.00 99.00 999 1018.2  12.4 999.0  12.2 99.0 99.00 
2024 04 26 04 40 288  4.9  6.1  1.13 10.81  5.93 294 1018.2  12.4 999.0  12.2 99.0 99.00 
2024 04 26 04 50 285  5.2  6.4 99.00 99.00 99.00 999 1018.2  12.4 999.0  12.2 99.0 99.00 
2024 04 26 05 00 286  5.2  6.4 99.00 99.00 99.00 999 1018.3  12.4 999.0  12.2 99.0 99.00 
2024 04 26 05 10 288  5.0  6.1  1.12 10.00  5.91 293 1018.4  12.4 999.0  12.2 99.0 99.00 
2024 04 26 05 20 287  5.4  6.8 99.00 99.00 99.00 999 1018.6  12.5 999.0  12.3 99.0 99.00 
2024 04 26 05 30 289  6.3  7.5 99.00 99.00 99.00 999 1018.6  12.2 999.0  11.9 99.0 99.00 
2024 04 26 05 40 300  6.0  7.6  1.13 14.81  6.07 209 1018.5  12.2 999.0  11.8 99.0 99.00 
2024 04 26 05 50 297  5.5  6.9 99.00 99.00 99.00 999 1018.4  12.1 999.0  11.7 99.0 99.00 
2024 04 26 06 00 297  4.8  6.5 99.00 99.00 99.00 999 1018.3  12.2 999.0  11.8 99.0 99.00 
2024 04 26 06 10 291  4.2  5.1  1.07 10.00  5.88 289 1018.2  12.2 999.0  11.8 99.0 99.00 
2024 04 26 06 20 288  3.8  4.8 99.00 99.00 99.00 999 1018.0  12.1 999.0  11.7 99.0 99.00 
2024 04 26 06 30 287  3.7  4.5 99.00 99.00 99.00 999 1018.0  12.1 999.0  11.7 99.0 99.00 
2024 04 26 06 40 286  4.2  5.1  1.07 10.00  6.29 297 1018.1  12.2 999.0  11.8 99.0 99.00 
2024 04 26 06 50 284  4.1  5.4 99.00 99.00 99.00 999 1018.0  12.2 999.0  11.8 99.0 99.00 
2024 04 26 07 00 285  3.7  4.8 99.00 99.00 99.00 999 1018.0  12.2 999.0  11.8 99.0 99.00 
2024 04 26 07 10 281  3.4  4.4  1.08 10.00  6.09 286 1018.0  12.3 999.0  11.9 99.0 99.00 
2024 04 26 07 20 276  3.1  4.0 99.00 99.00 99.00 999 1017.9  12.3 999.0  11.9 99.0 99.00 
2024 04 26 07 30 275  3.1  3.9 99.00 99.00 99.00 999 1017.7  12.4 999.0  12.0 99.0 99.00 
2024 04 26 07 40 267  2.7  3.4  1.11 10.00  6.42 282 1017.7  12.4 999.0  12.1 99.0 99.00 
2024 04 26 07 50 263  3.3  5.2 99.00 99.00 99.00 999 1017.7  12.4 999.0  12.2 99.0 99.00 
2024 04 26 08 00 273  3.7  5.0 99.00 99.00 99.00 999 1017.7  12.3 999.0  12.1 99.0 99.00 
2024 04 26 08 10 273  3.3  4.3  1.04 10.00  6.31 293 1017.6  12.2 999.0  12.1 99.0 99.00 
2024 04 26 08 20 271  3.4  4.3 99.00 99.00 99.00 999 1017.7  12.3 999.0  12.2 99.0 99.00 
2024 04 26 08 30 262  3.7  5.0 99.00 99.00 99.00 999 1017.5  12.3 999.0  12.2 99.0 99.00 
2024 04 26 08 40 261  4.6  6.3  1.16 10.00  6.43 284 1017.5  12.4 999.0  12.3 99.0 99.00 
2024 04 26 08 50 269  5.7  7.4 99.00 99.00 99.00 999 1017.4  12.5 999.0  12.4 99.0 99.00 
2024 04 26 09 00 271  5.7  7.1 99.00 99.00 99.00 999 1017.2  12.5 999.0  12.4 99.0 99.00 
2024 04 26 09 10 277  5.9  7.5  1.02 10.00  5.96 286 1017.1  12.4 999.0  12.3 99.0 99.00 
2024 04 26 09 20 280  6.4  8.1 99.00 99.00 99.00 999 1017.0  12.4 999.0  12.3 99.0 99.00 
2024 04 26 09 30 284  7.0  8.7 99.00 99.00 99.00 999 1016.9  12.4 999.0  12.3 99.0 99.00 
2024 04 26 09 40 297  7.7  9.2  1.04 10.00  5.66 291 1016.9  12.3 999.0  12.2 99.0 99.00 
2024 04 26 09 50 300  8.0  9.6 99.00 99.00 99.00 999 1017.0  12.2 999.0  12.1 99.0 99.00 
2024 04 26 10 00 304  7.9 10.0 99.00 99.00 99.00 999 1017.1  12.2 999.0  12.1 99.0 99.00 
2024 04 26 10 10 304  7.8  9.5  1.12 14.81  5.53 260 1017.0  12.2 999.0  12.1 99.0 99.00 
2024 04 26 10 20 300  7.9  9.7 99.00 99.00 99.00 999 1017.1  12.1 999.0  12.0 99.0 99.00 
2024 04 26 10 30 306  8.1  9.8 99.00 99.00 99.00 999 1017.2  12.0 999.0  11.9 99.0 99.00 
2024 04 26 10 40 307  8.4 11.1  1.11 10.00  5.17 291 1017.2  12.0 999.0  11.9 99.0 99.00 
2024 04 26 10 50 304  8.8 11.0 99.00 99.00 99.00 999 1017.3  11.8 999.0  11.7 99.0 99.00 
2024 04 26 11 00 302  8.0  9.7 99.00 99.00 99.00 999 1017.4  11.7 999.0  11.5 99.0 99.00 
2024 04 26 11 10 305  8.1  9.9  1.19 10.00  5.11 292 1017.4  11.8 999.0  11.5 99.0 99.00 
2024 04 26 11 20 312  8.2 10.4 99.00 99.00 99.00 999 1017.5  11.7 999.0  11.6 99.0 99.00 
2024 04 26 11 30 310  8.4 10.0 99.00 99.00 99.00 999 1017.3  11.7 999.0  11.6 99.0 99.00 
2024 04 26 11 40 305  8.2 10.1  1.13 14.81  4.73 266 1017.3  11.6 999.0  11.5 99.0 99.00 
2024 04 26 11 50 305  7.9 10.2 99.00 99.00 99.00 999 1017.3  11.7 999.0  11.5 99.0 99.00 
2024 04 26 12 00 303  7.6  9.5 99.00 99.00 99.00 999 1017.3  11.8 999.0  11.6 99.0 99.00 
2024 04 26 12 10 303  8.0  9.7  1.27 10.00  5.10 286 1017.3  11.8 999.0  11.4 99.0 99.00 
2024 04 26 12 20 300  8.4 11.3 99.00 99.00 99.00 999 1017.4  11.8 999.0  11.3 99.0 99.00 
2024 04 26 12 30 302  9.2 11.8 99.00 99.00 99.00 999 1017.3  11.7 999.0  11.0 99.0 99.00 
2024 04 26 12 40 313  9.1 12.0  1.28 10.00  4.84 289 1017.4  11.7 999.0  11.1 99.0 99.00 
2024 04 26 12 50 314  8.3 10.1 99.00 99.00 99.00 999 1017.4  11.6 999.0  11.1 99.0 99.00 
2024 04 26 13 00 320  8.5 10.2 99.00 99.00 99.00 999 1017.3  11.7 999.0  11.2 99.0 99.00 
2024 04 26 13 10 313  7.9 10.3  1.30  9.09  4.93 305 1017.4  11.8 999.0  11.3 99.0 99.00 
2024 04 26 13 20 314  7.2  8.9 99.00 99.00 99.00 999 1017.2  11.9 999.0  11.4 99.0 99.00 
2024 04 26 13 30 310  6.1  7.9 99.00 99.00 99.00 999 1017.2  11.9 999.0  11.4 99.0 99.00 
2024 04 26 13 40 306  6.8  8.0  1.23 14.81  4.80 259 1017.2  11.9 999.0  11.4 99.0 99.00 
2024 04 26 13 50 305  8.0 11.2 99.00 99.00 99.00 999 1017.4  11.9 999.0  11.5 99.0 99.00 
2024 04 26 14 00 307  8.7 11.0 99.00 99.00 99.00 999 1017.5  11.7 999.0  11.5 99.0 99.00 
2024 04 26 14 10 309  7.8 10.1  1.28 14.81  4.85 228 1017.5  11.6 999.0  11.4 99.0 99.00 
2024 04 26 14 20 309  6.9  8.9 99.00 99.00 99.00 999 1017.6  11.7 999.0  11.5 99.0 99.00 
2024 04 26 14 30 306  7.4  9.0 99.00 99.00 99.00 999 1017.7  11.9 999.0  11.5 99.0 99.00 
2024 04 26 14 40 307  7.2  9.6  1.36 10.00  5.22 293 1017.7  11.9 999.0  11.5 99.0 99.00 
2024 04 26 14 50 309  7.3  9.2 99.00 99.00 99.00 999 1017.7  12.0 999.0  11.5 99.0 99.00 
2024 04 26 15 00 307  7.3  8.6 99.00 99.00 99.00 999 1017.7  12.1 999.0  11.6 99.0 99.00 
2024 04 26 15 10 305  7.1  8.6  1.33  5.00  5.08 298 1017.7  12.1 999.0  11.6 99.0 99.00 
2024 04 26 15 20 304  6.6  8.2 99.00 99.00 99.00 999 1017.8  12.1 999.0  11.6 99.0 99.00 
2024 04 26 15 30 304  6.3  7.8 99.00 99.00 99.00 999 1017.9  12.2 999.0  11.7 99.0 99.00 
2024 04 26 15 40 306  6.7  8.1  1.49  9.09  5.43 302 1018.0  12.2 999.0  11.7 99.0 99.00 
2024 04 26 15 50 308  6.4  7.9 99.00 99.00 99.00 999 1018.1  12.2 999.0  11.7 99.0 99.00 
2024 04 26 16 00 309  6.3  7.9 99.00 99.00 99.00 999 1018.0  12.2 999.0  11.7 99.0 99.00 
2024 04 26 16 10 310  5.7  7.1  1.30 14.81  5.25 224 1018.0  12.2 999.0  11.7 99.0 99.00 
2024 04 26 16 20 310  5.0  6.3 99.00 99.00 99.00 999 1017.9  12.2 999.0  11.7 99.0 99.00 
2024 04 26 16 30 308  4.5  5.7 99.00 99.00 99.00 999 1018.0  12.2 999.0  11.7 99.0 99.00 
2024 04 26 16 40 311  5.2  6.5  1.55  9.09  5.64 305 1017.9  12.2 999.0  11.6 99.0 99.00 
2024 04 26 16 50 309  5.2  6.4 99.00 99.00 99.00 999 1017.9  12.2 999.0  11.5 99.0 99.00 
2024 04 26 17 00 310  6.1  8.4 99.00 99.00 99.00 999 1017.9  12.2 999.0  11.4 99.0 99.00 
2024 04 26 17 10 309  6.2  7.6  1.43 10.00  5.61 295 1018.0  12.2 999.0  11.2 99.0 99.00 
2024 04 26 17 20 306  5.6  7.0 99.00 99.00 99.00 999 1018.1  12.3 999.0  11.4 99.0 99.00 
2024 04 26 17 30 302  5.2  6.5 99.00 99.00 99.00 999 1018.1  12.3 999.0  11.5 99.0 99.00 
2024 04 26 17 40 303  5.9  7.3  1.55  9.09  6.07 310 1018.1  12.3 999.0  11.5 99.0 99.00 
2024 04 26 17 50 302  6.2  7.7 99.00 99.00 99.00 999 1018.2  12.4 999.0  11.6 99.0 99.00 
2024 04 26 18 00 306  7.1  9.0 99.00 99.00 99.00 999 1018.3  12.4 999.0  11.6 99.0 99.00 
2024 04 26 18 10 310  8.3 11.2  1.50  9.09  5.90 309 1018.3  12.1 999.0  11.3 99.0 99.00 
2024 04 26 18 20 313  7.3  9.0 99.00 99.00 99.00 999 1018.3  12.1 999.0  11.3 99.0 99.00 
2024 04 26 18 30 313  7.2  9.2 99.00 99.00 99.00 999 1018.3  12.1 999.0  11.3 99.0 99.00 
2024 04 26 18 40 303  6.4  8.3  1.63  9.09  5.77 310 1018.4  12.2 999.0  11.5 99.0 99.00 
2024 04 26 18 50 300  6.3  7.9 99.00 99.00 99.00 999 1018.4  12.2 999.0  11.5 99.0 99.00 
2024 04 26 19 00 300  5.9  7.4 99.00 99.00 99.00 999 1018.3  12.2 999.0  11.6 99.0 99.00 
2024 04 26 19 10 305  6.3  8.5  1.80  9.09  6.26 307 1018.2  12.1 999.0  11.4 99.0 99.00 
2024 04 26 19 20 301  6.4  8.0 99.00 99.00 99.00 999 1018.2  12.2 999.0  11.5 99.0 99.00 
2024 04 26 19 30 301  6.5  8.4 99.00 99.00 99.00 999 1018.2  12.2 999.0  11.5 99.0 99.00 
2024 04 26 19 40 301  6.5  8.8  1.69  9.09  6.08 304 1018.1  12.2 999.0  11.5 99.0 99.00 
2024 04 26 19 50 302  6.4  8.1 99.00 99.00 99.00 999 1018.1  12.2 999.0  11.5 99.0 99.00 
2024 04 26 20 00 303  6.5  8.2 99.00 99.00 99.00 999 1018.0  12.2 999.0  11.5 99.0 99.00 
2024 04 26 20 10 302  6.8  8.7  1.68  9.09  5.98 309 1017.9  12.2 999.0  11.4 99.0 99.00 
2024 04 26 20 20 297  7.4 10.2 99.00 99.00 99.00 999 1017.9  12.2 999.0  11.4 99.0 99.00 
2024 04 26 20 30 302  8.6 11.0 99.00 99.00 99.00 999 1017.8  12.0 999.0  11.4 99.0 99.00 
2024 04 26 20 40 304  8.5 10.2  1.76  9.09  5.86 306 1017.9  11.9 999.0  11.4 99.0 99.00 
2024 04 26 20 50 308  8.5 11.0 99.00 99.00 99.00 999 1017.7  11.9 999.0  11.3 99.0 99.00 
2024 04 26 21 00 308  8.0  9.9 99.00 99.00 99.00 999 1017.6  11.9 999.0  11.2 99.0 99.00 
2024 04 26 21 10 307  8.0  9.7  1.94 10.00  6.04 314 1017.5  12.0 999.0  11.3 99.0 99.00 
2024 04 26 21 20 304  7.5  9.3 99.00 99.00 99.00 999 1017.4  12.0 999.0  11.3 99.0 99.00 
2024 04 26 21 30 304  7.4  9.2 99.00 99.00 99.00 999 1017.4  12.0 999.0  11.3 99.0 99.00 
2024 04 26 21 40 300  7.4  9.9  1.87 10.00  5.94 314 1017.3  12.0 999.0  11.3 99.0 99.00 
2024 04 26 21 50 299  8.3 11.0 99.00 99.00 99.00 999 1017.1  12.0 999.0  11.3 99.0 99.00 
2024 04 26 22 00 300  8.8 11.0 99.00 99.00 99.00 999 1017.0  12.0 999.0  11.2 99.0 99.00 
2024 04 26 22 10 302  9.6 12.0  2.01  9.09  6.02 308 1016.9  12.0 999.0  11.2 99.0 99.00 
2024 04 26 22 20 307 10.1 12.6 99.00 99.00 99.00 999 1016.7  12.1 999.0  11.2 99.0 99.00 
2024 04 26 22 30 307 10.0 12.3 99.00 99.00 99.00 999 1016.6  12.1 999.0  11.1 99.0 99.00 
2024 04 26 22 40 306 10.3 12.3  1.89  9.09  5.71 304 1016.4  12.1 999.0  11.1 99.0 99.00 
2024 04 26 22 50 305 10.2 11.9 99.00 99.00 99.00 999 1016.3  12.2 999.0  11.2 99.0 99.00 
2024 04 26 23 00 305 10.1 12.7 99.00 99.00 99.00 999 1016.2  12.2 999.0  11.4 99.0 99.00 
2024 04 26 23 10 302 10.1 12.5  1.91  9.09  5.79 307 1016.1  12.2 999.0  11.4 99.0 99.00 
2024 04 26 23 20 302  9.5 12.1 99.00 99.00 99.00 999 1016.1  12.2 999.0  11.4 99.0 99.00 
2024 04 26 23 30 305 10.1 12.4 99.00 99.00 99.00 999 1016.2  12.2 999.0  11.3 99.0 99.00 
2024 04 26 23 40 306 10.6 13.2  1.85  9.09  5.18 302 1016.1  12.1 999.0  11.2 99.0 99.00 
2024 04 26 23 50 311 11.2 14.7 99.00 99.00 99.00 999 1016.1  12.1 999.0  11.1 99.0 99.00 
2024 04 27 00 00 308 10.6 13.2 99.00 99.00 99.00 999 1016.3  12.1 999.0  11.1 99.0 99.00 
2024 04 27 00 10 309 11.2 14.1  1.93  9.09  5.32 304 1016.3  12.0 999.0  11.0 99.0 99.00 
2024 04 27 00 20 307 11.2 13.7 99.00 99.00 99.00 999 1016.2  12.0 999.0  10.9 99.0 99.00 
2024 04 27 00 30 308 11.7 14.1 99.00 99.00 99.00 999 1016.3  12.0 999.0  10.8 99.0 99.00 
2024 04 27 00 40 311 11.4 14.6  1.99  9.09  5.24 295 1016.3  12.1 999.0  10.8 99.0 99.00 
2024 04 27 00 50 312 10.8 13.4 99.00 99.00 99.00 999 1016.4  12.1 999.0  10.8 99.0 99.00 
2024 04 27 01 00 309 11.4 14.0 99.00 99.00 99.00 999 1016.3  12.0 999.0  10.8 99.0 99.00 
2024 04 27 01 10 309 11.6 14.2  1.97  9.09  5.32 312 1016.3  12.0 999.0  10.8 99.0 99.00 
2024 04 27 01 20 312 11.5 13.9 99.00 99.00 99.00 999 1016.4  12.0 999.0  10.7 99.0 99.00 
2024 04 27 01 30 312 11.2 13.8 99.00 99.00 99.00 999 1016.4  12.0 999.0  10.7 99.0 99.00 
2024 04 27 01 40 311 11.0 13.8  1.96  5.26  5.31 314 1016.5  12.0 999.0  10.6 99.0 99.00 
2024 04 27 01 50 315 11.0 14.2 99.00 99.00 99.00 999 1016.4  12.0 999.0  10.6 99.0 99.00 
2024 04 27 02 00 312 11.9 15.0 99.00 99.00 99.00 999 1016.1  11.9 999.0  10.5 99.0 99.00 
2024 04 27 02 10 311 11.8 15.3  2.04  9.09  5.32 304 1016.2  12.0 999.0  10.5 99.0 99.00 
2024 04 27 02 20 315 12.1 14.8 99.00 99.00 99.00 999 1016.3  11.9 999.0  10.4 99.0 99.00 
2024 04 27 02 30 318 12.4 15.1 99.00 99.00 99.00 999 1016.5  11.9 999.0  10.5 99.0 99.00 
2024 04 27 02 40 319 12.1 14.9  2.13 10.00  5.23 314 1016.6  11.9 999.0  10.4 99.0 99.00 
2024 04 27 02 50 319 11.8 15.6 99.00 99.00 99.00 999 1016.6  11.9 999.0  10.4 99.0 99.00 
2024 04 27 03 00 316 11.5 14.3 99.00 99.00 99.00 999 1016.8  11.9 999.0  10.6 99.0 99.00 
2024 04 27 03 10 321 11.6 14.2  2.12  9.09  5.28 311 1016.9  11.9 999.0  10.5 99.0 99.00 
2024 04 27 03 20 320 11.4 14.2 99.00 99.00 99.00 999 1016.8  11.9 999.0  10.5 99.0 99.00 
2024 04 27 03 30 321 11.4 14.8 99.00 99.00 99.00 999 1017.0  11.9 999.0  10.4 99.0 99.00 
2024 04 27 03 40 322 10.9 14.1  2.21  5.88  5.37 309 1017.0  11.9 999.0  10.4 99.0 99.00 
2024 04 27 03 50 322 11.5 14.4 99.00 99.00 99.00 999 1017.0  11.9 999.0  10.5 99.0 99.00 
2024 04 27 04 00 321 11.8 14.3 99.00 99.00 99.00 999 1017.1  12.0 999.0  10.4 99.0 99.00 
2024 04 27 04 10 318 11.8 14.4  2.18  5.88  5.34 310 1017.1  12.0 999.0  10.4 99.0 99.00 
2024 04 27 04 20 316 12.1 15.8 99.00 99.00 99.00 999 1017.1  12.0 999.0  10.5 99.0 99.00 
2024 04 27 04 30 319 12.5 15.5 99.00 99.00 99.00 999 1017.0  11.9 999.0  10.2 99.0 99.00 
2024 04 27 04 40 318 11.8 15.0  2.30  9.09  5.59 309 1017.1  11.9 999.0  10.3 99.0 99.00 
2024 04 27 04 50 314 12.8 16.4 99.00 99.00 99.00 999 1016.9  11.9 999.0  10.3 99.0 99.00 
2024 04 27 05 00 313 13.0 16.3 99.00 99.00 99.00 999 1017.1  11.9 999.0  10.3 99.0 99.00 
2024 04 27 05 10 315 12.5 16.3  2.09  9.09  5.45 316 1017.3  11.9 999.0  10.4 99.0 99.00 
2024 04 27 05 20 316 12.0 14.9 99.00 99.00 99.00 999 1017.5  11.9 999.0  10.5 99.0 99.00 
2024 04 27 05 30 317 10.9 14.3 99.00 99.00 99.00 999 1017.5  11.9 999.0  10.6 99.0 99.00 
2024 04 27 05 40 317 11.2 13.9  2.21  9.09  5.44 311 1017.5  11.9 999.0  10.5 99.0 99.00 
2024 04 27 05 50 317 11.6 15.8 99.00 99.00 99.00 999 1017.4  11.8 999.0  10.3 99.0 99.00 
2024 04 27 06 00 318 11.5 14.5 99.00 99.00 99.00 999 1017.3  11.9 999.0  10.5 99.0 99.00 
2024 04 27 06 10 315 11.7 14.7  2.12  9.09  5.60 310 1017.1  11.8 999.0  10.4 99.0 99.00 
2024 04 27 06 20 313 12.6 15.7 99.00 99.00 99.00 999 1016.9  11.8 999.0  10.4 99.0 99.00 
2024 04 27 06 30 313 12.5 15.4 99.00 99.00 99.00 999 1016.8  11.8 999.0  10.4 99.0 99.00 
2024 04 27 06 40 313 12.6 17.5  2.24  7.14  5.60 310 1016.7  11.8 999.0  10.5 99.0 99.00 
2024 04 27 06 50 314 12.9 16.4 99.00 99.00 99.00 999 1016.7  11.8 999.0  10.5 99.0 99.00 
2024 04 27 07 00 316 12.8 16.0 99.00 99.00 99.00 999 1016.7  11.7 999.0  10.4 99.0 99.00 
2024 04 27 07 10 315 12.9 17.0  2.46  9.09  5.82 303 1016.6  11.7 999.0  10.5 99.0 99.00 
2024 04 27 07 20 312 13.7 17.8 99.00 99.00 99.00 999 1016.3  11.6 999.0  10.5 99.0 99.00 
2024 04 27 07 30 313 13.9 18.6 99.00 99.00 99.00 999 1016.4  11.6 999.0  10.5 99.0 99.00 
2024 04 27 07 40 314 13.8 17.0  2.38  9.09  5.64 319 1016.4  11.6 999.0  10.5 99.0 99.00 
2024 04 27 07 50 316 13.1 16.9 99.00 99.00 99.00 999 1016.5  11.5 999.0  10.4 99.0 99.00 
2024 04 27 08 00 319 13.1 15.9 99.00 99.00 99.00 999 1016.7  11.5 999.0  10.4 99.0 99.00 
2024 04 27 08 10 319 13.0 17.1  2.49  6.67  5.68 311 1016.8  11.5 999.0  10.4 99.0 99.00 
2024 04 27 08 20 323 12.5 16.7 99.00 99.00 99.00 999 1016.9  11.5 999.0  10.4 99.0 99.00 
2024 04 27 08 30 327 12.0 15.8 99.00 99.00 99.00 999 1017.1  11.5 999.0  10.4 99.0 99.00 
2024 04 27 08 40 326 12.6 15.3  2.46  9.09  5.85 311 1017.0  11.4 999.0  10.3 99.0 99.00 
2024 04 27 08 50 324 12.2 15.5 99.00 99.00 99.00 999 1016.9  11.4 999.0  10.3 99.0 99.00 
2024 04 27 09 00 322 12.5 15.7 99.00 99.00 99.00 999 1016.8  11.4 999.0  10.3 99.0 99.00 
2024 04 27 09 10 323 12.6 16.2  2.44  6.67  5.71 315 1016.8  11.4 999.0  10.3 99.0 99.00 
2024 04 27 09 20 325 12.5 15.4 99.00 99.00 99.00 999 1016.8  11.4 999.0  10.3 99.0 99.00 
2024 04 27 09 30 323 12.0 16.3 99.00 99.00 99.00 999 1016.8  11.4 999.0  10.3 99.0 99.00 
2024 04 27 09 40 324 11.9 15.1  2.75  7.14  6.11 312 1016.9  11.4 999.0  10.3 99.0 99.00 
2024 04 27 09 50 324 12.1 15.5 99.00 99.00 99.00 999 1016.9  11.4 999.0  10.3 99.0 99.00 
2024 04 27 10 00 324 12.0 15.2 99.00 99.00 99.00 999 1016.9  11.3 999.0  10.3 99.0 99.00 
2024 04 27 10 10 323 13.0 16.6  2.51  6.25  5.85 314 1016.7  11.3 999.0  10.2 99.0 99.00 
2024 04 27 10 20 324 12.7 16.4 99.00 99.00 99.00 999 1016.9  11.3 999.0  10.1 99.0 99.00 
2024 04 27 10 30 323 12.2 16.1 99.00 99.00 99.00 999 1016.9  11.3 999.0  10.1 99.0 99.00 
2024 04 27 10 40 322 13.0 16.2  2.69  6.67  6.00 315 1016.8  11.3 999.0  10.0 99.0 99.00 
2024 04 27 10 50 321 13.2 15.9 99.00 99.00 99.00 999 1016.9  11.3 999.0  10.0 99.0 99.00 
2024 04 27 11 00 321 12.2 16.0 99.00 99.00 99.00 999 1017.0  11.3 999.0  10.1 99.0 99.00 
2024 04 27 11 10 324 11.3 15.3  2.54  7.14  5.85 314 1017.0  11.3 999.0  10.2 99.0 99.00 
2024 04 27 11 20 323 11.7 15.2 99.00 99.00 99.00 999 1017.1  11.3 999.0  10.0 99.0 99.00 
2024 04 27 11 30 324 11.2 14.3 99.00 99.00 99.00 999 1017.1  11.3 999.0  10.1 99.0 99.00 
2024 04 27 11 40 323 11.6 14.3  2.60  8.33  6.05 308 1017.1  11.3 999.0  10.1 99.0 99.00 
2024 04 27 11 50 322 11.7 14.5 99.00 99.00 99.00 999 1017.1  11.3 999.0  10.1 99.0 99.00 
2024 04 27 12 00 319 11.9 14.9 99.00 99.00 99.00 999 1017.2  11.3 999.0  10.2 99.0 99.00 
2024 04 27 12 10 323 11.6 14.6  2.54  8.33  5.83 302 1017.4  11.3 999.0  10.3 99.0 99.00 
2024 04 27 12 20 321 12.5 15.5 99.00 99.00 99.00 999 1017.3  11.3 999.0  10.2 99.0 99.00 
2024 04 27 12 30 320 11.5 14.3 99.00 99.00 99.00 999 1017.3  11.3 999.0  10.3 99.0 99.00 
2024 04 27 12 40 323 11.6 14.7  2.66  7.14  5.95 314 1017.5  11.3 999.0  10.3 99.0 99.00 
2024 04 27 12 50 322 12.0 14.9 99.00 99.00 99.00 999 1017.3  11.3 999.0  10.2 99.0 99.00 
2024 04 27 13 00 324 11.6 14.4 99.00 99.00 99.00 999 1017.4  11.3 999.0  10.3 99.0 99.00 
2024 04 27 13 10 321 11.8 14.6  2.48  7.14  6.04 309 1017.5  11.2 999.0  10.1 99.0 99.00 
2024 04 27 13 20 320 11.8 14.7 99.00 99.00 99.00 999 1017.5  11.2 999.0  10.1 99.0 99.00 
2024 04 27 13 30 318 11.7 14.1 99.00 99.00 99.00 999 1017.5  11.2 999.0  10.1 99.0 99.00 
2024 04 27 13 40 319 11.8 14.8  2.54  7.14  5.92 310 1017.8  11.2 999.0  10.1 99.0 99.00 
2024 04 27 13 50 320 11.0 14.2 99.00 99.00 99.00 999 1017.9  11.2 999.0  10.1 99.0 99.00 
2024 04 27 14 00 319 10.6 13.4 99.00 99.00 99.00 999 1018.0  11.3 999.0  10.1 99.0 99.00 
2024 04 27 14 10 320 10.6 13.4  2.47  8.33  5.87 308 1018.0  11.3 999.0  10.0 99.0 99.00 
2024 04 27 14 20 319 10.7 13.1 99.00 99.00 99.00 999 1018.3  11.3 999.0  10.0 99.0 99.00 
2024 04 27 14 30 320 10.5 13.3 99.00 99.00 99.00 999 1018.4  11.3 999.0  10.1 99.0 99.00 
2024 04 27 14 40 318 11.1 14.2  2.41  8.33  5.74 314 1018.4  11.3 999.0  10.0 99.0 99.00 
2024 04 27 14 50 317 11.1 14.0 99.00 99.00 99.00 999 1018.6  11.3 999.0  10.0 99.0 99.00 
2024 04 27 15 00 316 10.6 13.8 99.00 99.00 99.00 999 1018.8  11.4 999.0  10.0 99.0 99.00 
2024 04 27 15 10 314 11.7 15.7  2.54  9.09  5.80 310 1018.8  11.4 999.0   9.9 99.0 99.00 
2024 04 27 15 20 316 11.6 15.2 99.00 99.00 99.00 999 1018.9  11.4 999.0  10.0 99.0 99.00 
2024 04 27 15 30 318 11.5 14.8 99.00 99.00 99.00 999 1018.9  11.4 999.0   9.9 99.0 99.00 
2024 04 27 15 40 318 11.2 13.9  2.23  7.14  5.62 305 1018.9  11.4 999.0   9.9 99.0 99.00 
2024 04 27 15 50 318 10.6 13.4 99.00 99.00 99.00 999 1018.8  11.4 999.0   9.9 99.0 99.00 
2024 04 27 16 00 318 10.8 14.1 99.00 99.00 99.00 999 1018.9  11.4 999.0   9.8 99.0 99.00 
2024 04 27 16 10 316 10.8 13.0  2.32  6.25  5.67 312 1019.1  11.4 999.0   9.8 99.0 99.00 
2024 04 27 16 20 314 11.2 14.8 99.00 99.00 99.00 999 1019.1  11.3 999.0   9.8 99.0 99.00 
2024 04 27 16 30 311 11.7 15.0 99.00 99.00 99.00 999 1019.2  11.4 999.0  10.0 99.0 99.00 
2024 04 27 16 40 312 11.4 14.0  2.22  9.09  5.59 307 1019.2  11.4 999.0  10.0 99.0 99.00 
2024 04 27 16 50 316 10.9 13.7 99.00 99.00 99.00 999 1019.2  11.4 999.0  10.0 99.0 99.00 
2024 04 27 17 00 316 11.0 13.3 99.00 99.00 99.00 999 1019.2  11.4 999.0   9.9 99.0 99.00 
2024 04 27 17 10 316 10.5 13.2  2.21  9.09  5.73 302 1019.5  11.4 999.0  10.0 99.0 99.00 
2024 04 27 17 20 316 10.6 13.1 99.00 99.00 99.00 999 1019.6  11.4 999.0  10.0 99.0 99.00 
2024 04 27 17 30 317 10.2 12.5 99.00 99.00 99.00 999 1019.7  11.4 999.0  10.0 99.0 99.00 
2024 04 27 17 40 316 10.0 12.4  2.10  7.14  5.47 307 1019.6  11.4 999.0   9.9 99.0 99.00 
2024 04 27 17 50 315 10.1 12.8 99.00 99.00 99.00 999 1019.7  11.4 999.0   9.8 99.0 99.00 
2024 04 27 18 00 311  9.9 12.6 99.00 99.00 99.00 999 1019.6  11.4 999.0   9.8 99.0 99.00 
2024 04 27 18 10 309 11.1 13.8  2.06  7.69  5.51 304 1019.7  11.4 999.0   9.8 99.0 99.00 
2024 04 27 18 20 309 10.9 13.1 99.00 99.00 99.00 999 1019.7  11.5 999.0   9.9 99.0 99.00 
2024 04 27 18 30 310 10.8 13.2 99.00 99.00 99.00 999 1019.9  11.5 999.0   9.9 99.0 99.00 
2024 04 27 18 40 310 11.0 13.8  2.11  6.25  5.69 308 1019.7  11.4 999.0   9.8 99.0 99.00 
2024 04 27 18 50 307 11.0 12.9 99.00 99.00 99.00 999 1019.7  11.5 999.0   9.9 99.0 99.00 
2024 04 27 19 00 306 12.0 14.9 99.00 99.00 99.00 999 1019.7  11.5 999.0   9.8 99.0 99.00 
2024 04 27 19 10 305 11.7 14.4  2.17  9.09  5.53 317 1019.8  11.6 999.0  10.0 99.0 99.00 
2024 04 27 19 20 304 12.1 14.7 99.00 99.00 99.00 999 1019.7  11.6 999.0   9.9 99.0 99.00 
2024 04 27 19 30 304 11.7 14.1 99.00 99.00 99.00 999 1019.6  11.6 999.0   9.8 99.0 99.00 
2024 04 27 19 40 303 11.9 14.8  2.20  9.09  5.51 310 1019.5  11.6 999.0   9.7 99.0 99.00 
2024 04 27 19 50 304 12.3 15.5 99.00 99.00 99.00 999 1019.7  11.6 999.0   9.6 99.0 99.00 
2024 04 27 20 00 304 12.4 15.0 99.00 99.00 99.00 999 1019.8  11.6 999.0   9.6 99.0 99.00 
2024 04 27 20 10 304 12.2 15.1  2.19  5.88  5.47 315 1019.7  11.6 999.0   9.7 99.0 99.00 
2024 04 27 20 20 304 12.5 15.8 99.00 99.00 99.00 999 1019.5  11.6 999.0   9.8 99.0 99.00 
2024 04 27 20 30 303 12.8 15.6 99.00 99.00 99.00 999 1019.6  11.6 999.0  10.0 99.0 99.00 
2024 04 27 20 40 304 12.9 16.5  2.14  6.25  5.48 311 1019.8  11.6 999.0  10.1 99.0 99.00 
2024 04 27 20 50 305 12.5 16.0 99.00 99.00 99.00 999 1019.8  11.6 999.0   9.9 99.0 99.00 
2024 04 27 21 00 305 13.0 17.8 99.00 99.00 99.00 999 1019.7  11.6 999.0  10.0 99.0 99.00 
2024 04 27 21 10 306 13.0 16.5  2.03  9.09  5.39 305 1019.7  11.7 999.0  10.1 99.0 99.00 
2024 04 27 21 20 305 12.9 16.5 99.00 99.00 99.00 999 1019.7  11.6 999.0  10.1 99.0 99.00 
2024 04 27 21 30 305 12.6 16.0 99.00 99.00 99.00 999 1019.8  11.7 999.0  10.1 99.0 99.00 
2024 04 27 21 40 306 12.5 16.4  2.30  8.33  5.61 304 1019.7  11.7 999.0  10.0 99.0 99.00 
2024 04 27 21 50 307 12.8 16.1 99.00 99.00 99.00 999 1019.6  11.7 999.0  10.0 99.0 99.00 
2024 04 27 22 00 306 12.6 15.0 99.00 99.00 99.00 999 1019.6  11.7 999.0   9.9 99.0 99.00 
2024 04 27 22 10 306 12.5 15.8  2.36  8.33  5.53 304 1019.6  11.7 999.0  10.0 99.0 99.00 
2024 04 27 22 20 306 12.3 15.5 99.00 99.00 99.00 999 1019.5  11.7 999.0  10.1 99.0 99.00 
2024 04 27 22 30 306 12.6 17.1 99.00 99.00 99.00 999 1019.5  11.7 999.0  10.1 99.0 99.00 
2024 04 27 22 40 305 13.8 17.0  2.37  6.25  5.43 315 1019.4  11.7 999.0  10.0 99.0 99.00 
2024 04 27 22 50 306 13.7 17.9 99.00 99.00 99.00 999 1019.5  11.8 999.0   9.9 99.0 99.00 
2024 04 27 23 00 306 13.6 17.5 99.00 99.00 99.00 999 1019.6  11.8 999.0   9.5 99.0 99.00 
2024 04 27 23 10 308 13.9 17.2  2.35  5.88  5.41 319 1019.4  11.9 999.0   9.6 99.0 99.00 
2024 04 27 23 20 308 14.4 18.7 99.00 99.00 99.00 999 1019.5  11.9 999.0   9.5 99.0 99.00 
2024 04 27 23 30 307 13.4 16.7 99.00 99.00 99.00 999 1019.6  11.9 999.0   9.9 99.0 99.00 
2024 04 27 23 40 307 13.5 17.7  2.48  6.25  5.44 319 1019.5  11.8 999.0  10.0 99.0 99.00 
2024 04 27 23 50 308 12.9 16.7 99.00 99.00 99.00 999 1019.5  11.8 999.0  10.2 99.0 99.00 
2024 04 28 00 00 307 13.0 16.8 99.00 99.00 99.00 999 1019.5  11.8 999.0  10.3 99.0 99.00 
2024 04 28 00 10 306 13.0 15.8  2.30  5.56  5.33 320 1019.4  11.7 999.0  10.3 99.0 99.00 
2024 04 28 00 20 308 12.9 15.7 99.00 99.00 99.00 999 1019.6  11.7 999.0  10.3 99.0 99.00 
2024 04 28 00 30 310 12.5 16.5 99.00 99.00 99.00 999 1019.7  11.7 999.0  10.3 99.0 99.00 
2024 04 28 00 40 309 12.9 16.7  2.35  6.25  5.45 315 1019.6  11.7 999.0  10.3 99.0 99.00 
2024 04 28 00 50 307 13.2 16.1 99.00 99.00 99.00 999 1019.8  11.7 999.0  10.3 99.0 99.00 
2024 04 28 01 00 308 12.6 16.4 99.00 99.00 99.00 999 1019.7  11.7 999.0  10.3 99.0 99.00 
2024 04 28 01 10 307 13.4 17.2  2.34  5.88  5.50 318 1019.9  11.7 999.0  10.3 99.0 99.00 
2024 04 28 01 20 307 12.3 15.4 99.00 99.00 99.00 999 1019.9  11.7 999.0  10.4 99.0 99.00 
2024 04 28 01 30 308 12.6 16.0 99.00 99.00 99.00 999 1019.8  11.7 999.0  10.4 99.0 99.00 
2024 04 28 01 40 307 12.6 15.9  2.27  6.67  5.37 317 1019.8  11.7 999.0  10.4 99.0 99.00 
2024 04 28 01 50 309 12.6 16.0 99.00 99.00 99.00 999 1019.9  11.6 999.0  10.3 99.0 99.00 
2024 04 28 02 00 309 12.8 15.5 99.00 99.00 99.00 999 1019.8  11.6 999.0  10.3 99.0 99.00 
2024 04 28 02 10 308 12.4 15.1  2.21  5.56  5.31 320 1019.7  11.6 999.0  10.3 99.0 99.00 
2024 04 28 02 20 310 12.0 15.3 99.00 99.00 99.00 999 1019.7  11.6 999.0  10.2 99.0 99.00 
2024 04 28 02 30 309 12.5 15.6 99.00 99.00 99.00 999 1019.8  11.6 999.0  10.2 99.0 99.00 
2024 04 28 02 40 309 12.3 15.2  2.30  5.26  5.40 322 1019.7  11.6 999.0  10.3 99.0 99.00 
2024 04 28 02 50 309 12.3 15.2 99.00 99.00 99.00 999 1019.8  11.6 999.0  10.3 99.0 99.00 
2024 04 28 03 00 309 12.2 15.7 99.00 99.00 99.00 999 1019.8  11.6 999.0  10.3 99.0 99.00 
2024 04 28 03 10 311 12.1 15.5  2.36  6.25  5.37 313 1019.7  11.6 999.0  10.3 99.0 99.00 
2024 04 28 03 20 311 12.3 15.7 99.00 99.00 99.00 999 1019.8  11.6 999.0  10.2 99.0 99.00 
2024 04 28 03 30 311 12.7 15.7 99.00 99.00 99.00 999 1019.8  11.6 999.0  10.2 99.0 99.00 
2024 04 28 03 40 311 12.4 15.5  2.32  5.88  5.47 313 1019.9  11.6 999.0  10.2 99.0 99.00 
2024 04 28 03 50 310 12.6 15.8 99.00 99.00 99.00 999 1020.0  11.6 999.0  10.2 99.0 99.00 
2024 04 28 04 00 309 12.4 15.1 99.00 99.00 99.00 999 1019.9  11.6 999.0  10.3 99.0 99.00 
2024 04 28 04 10 311 12.4 15.5  2.02  5.56  5.06 322 1020.1  11.5 999.0  10.3 99.0 99.00 
2024 04 28 04 20 312 11.7 14.6 99.00 99.00 99.00 999 1020.2  11.5 999.0  10.2 99.0 99.00 
2024 04 28 04 30 311 11.7 15.7 99.00 99.00 99.00 999 1020.2  11.5 999.0  10.2 99.0 99.00 
2024 04 28 04 40 310 11.3 14.3  2.19  5.88  5.46 317 1020.2  11.5 999.0  10.3 99.0 99.00 
2024 04 28 04 50 310 11.6 13.9 99.00 99.00 99.00 999 1020.2  11.5 999.0  10.4 99.0 99.00 
2024 04 28 05 00 311 11.9 14.7 99.00 99.00 99.00 999 1020.1  11.5 999.0  10.4 99.0 99.00 
2024 04 28 05 10 310 11.9 14.4  2.11 14.81  5.46 317 1020.2  11.5 999.0  10.5 99.0 99.00 
2024 04 28 05 20 312 12.1 15.1 99.00 99.00 99.00 999 1020.3  11.5 999.0  10.4 99.0 99.00 
2024 04 28 05 30 313 11.6 13.9 99.00 99.00 99.00 999 1020.3  11.5 999.0  10.5 99.0 99.00 
2024 04 28 05 40 312 11.7 14.6  1.89  5.56  5.16 312 1020.2  11.5 999.0  10.5 99.0 99.00 
2024 04 28 05 50 315 11.1 14.4 99.00 99.00 99.00 999 1020.4  11.4 999.0  10.4 99.0 99.00 
2024 04 28 06 00 313 10.9 13.9 99.00 99.00 99.00 999 1020.4  11.4 999.0  10.6 99.0 99.00 
2024 04 28 06 10 312 10.8 13.1  2.04  5.88  5.35 307 1020.5  11.4 999.0  10.6 99.0 99.00 
2024 04 28 06 20 312 10.2 12.5 99.00 99.00 99.00 999 1020.5  11.4 999.0  10.6 99.0 99.00 
2024 04 28 06 30 311  9.9 12.1 99.00 99.00 99.00 999 1020.5  11.4 999.0  10.6 99.0 99.00 
2024 04 28 06 40 314  9.4 11.9  1.98 14.81  5.49 294 1020.5  11.4 999.0  10.7 99.0 99.00 
2024 04 28 06 50 314 10.0 12.0 99.00 99.00 99.00 999 1020.5  11.3 999.0  10.6 99.0 99.00 
2024 04 28 07 00 313 10.0 12.2 99.00 99.00 99.00 999 1020.5  11.3 999.0  10.7 99.0 99.00 
2024 04 28 07 10 313 10.0 12.8  1.88 13.79  5.58 321 1020.5  11.2 999.0  10.7 99.0 99.00 
2024 04 28 07 20 310 10.3 12.6 99.00 99.00 99.00 999 1020.4  11.2 999.0  10.7 99.0 99.00 
2024 04 28 07 30 308 10.8 12.8 99.00 99.00 99.00 999 1020.4  11.2 999.0  10.8 99.0 99.00 
2024 04 28 07 40 307 11.3 14.7  1.73 13.79  5.37 315 1020.3  11.1 999.0  10.7 99.0 99.00 
2024 04 28 07 50 309 11.2 13.5 99.00 99.00 99.00 999 1020.3  11.1 999.0  10.7 99.0 99.00 
2024 04 28 08 00 310 11.6 14.2 99.00 99.00 99.00 999 1020.2  11.0 999.0  10.6 99.0 99.00 
2024 04 28 08 10 307 11.6 14.1  1.85 13.79  5.46 323 1020.2  11.0 999.0  10.6 99.0 99.00 
2024 04 28 08 20 307 11.6 14.3 99.00 99.00 99.00 999 1020.1  11.0 999.0  10.8 99.0 99.00 
2024 04 28 08 30 306 11.4 13.8 99.00 99.00 99.00 999 1020.0  10.9 999.0  10.7 99.0 99.00 
2024 04 28 08 40 307 11.6 14.3  1.89 13.79  5.63 311 1020.0  10.9 999.0  10.7 99.0 99.00 
2024 04 28 08 50 308 11.7 14.4 99.00 99.00 99.00 999 1020.0  10.9 999.0  10.7 99.0 99.00 
2024 04 28 09 00 310 11.6 14.2 99.00 99.00 99.00 999 1019.9  10.8 999.0  10.6 99.0 99.00 
2024 04 28 09 10 312 11.2 13.8  1.98 13.79  5.67 314 1019.9  10.8 999.0  10.6 99.0 99.00 
2024 04 28 09 20 314 11.8 14.3 99.00 99.00 99.00 999 1019.7  10.8 999.0  10.6 99.0 99.00 
2024 04 28 09 30 312 12.2 15.8 99.00 99.00 99.00 999 1019.5  10.8 999.0  10.7 99.0 99.00 
2024 04 28 09 40 314 11.9 14.9  1.98 13.79  5.46 313 1019.5  10.7 999.0  10.6 99.0 99.00 
2024 04 28 09 50 315 12.2 14.6 99.00 99.00 99.00 999 1019.4  10.6 999.0  10.5 99.0 99.00 
2024 04 28 10 00 315 11.7 14.4 99.00 99.00 99.00 999 1019.6  10.6 999.0  10.5 99.0 99.00 
2024 04 28 10 10 314 11.8 14.2  1.95  5.56  5.35 307 1019.5  10.5 999.0  10.4 99.0 99.00 
2024 04 28 10 20 314 12.0 14.4 99.00 99.00 99.00 999 1019.5  10.5 999.0  10.4 99.0 99.00 
2024 04 28 10 30 314 10.8 13.3 99.00 99.00 99.00 999 1019.6  10.5 999.0  10.4 99.0 99.00 
2024 04 28 10 40 314 11.3 13.8  1.93  5.56  5.38 306 1019.7  10.5 999.0  10.5 99.0 99.00 
2024 04 28 10 50 312  9.7 12.6 99.00 99.00 99.00 999 1019.6  10.6 999.0  10.6 99.0 99.00 
2024 04 28 11 00 316 10.1 12.6 99.00 99.00 99.00 999 1019.7  10.6 999.0  10.6 99.0 99.00 
2024 04 28 11 10 311 10.3 12.8  1.86 13.79  5.26 315 1019.7  10.6 999.0  10.6 99.0 99.00 
2024 04 28 11 20 312 10.2 13.2 99.00 99.00 99.00 999 1019.7  10.5 999.0  10.5 99.0 99.00 
2024 04 28 11 30 314 10.2 13.2 99.00 99.00 99.00 999 1019.8  10.5 999.0  10.5 99.0 99.00 
2024 04 28 11 40 313  9.5 12.1  1.90 13.79  5.39 315 1019.9  10.5 999.0  10.5 99.0 99.00 
2024 04 28 11 50 311 10.2 12.4 99.00 99.00 99.00 999 1019.9  10.4 999.0  10.4 99.0 99.00 
2024 04 28 12 00 312 10.2 12.2 99.00 99.00 99.00 999 1019.9  10.4 999.0  10.4 99.0 99.00 
2024 04 28 12 10 314 10.0 12.7  1.97 13.79  5.49 306 1019.9  10.5 999.0  10.5 99.0 99.00 
2024 04 28 12 20 312 10.6 13.4 99.00 99.00 99.00 999 1019.9  10.3 999.0  10.3 99.0 99.00 
2024 04 28 12 30 315 11.0 13.2 99.00 99.00 99.00 999 1019.9  10.2 999.0  10.2 99.0 99.00 
2024 04 28 12 40 316 10.3 12.5  1.95 12.90  5.41 309 1019.9  10.1 999.0  10.1 99.0 99.00 
2024 04 28 12 50 314 10.1 12.3 99.00 99.00 99.00 999 1019.9  10.0 999.0  10.0 99.0 99.00 
2024 04 28 13 00 314 10.2 12.2 99.00 99.00 99.00 999 1019.9  10.1 999.0  10.1 99.0 99.00 
2024 04 28 13 10 312 10.2 12.8  1.88 12.90  5.32 310 1020.0  10.2 999.0  10.2 99.0 99.00 
2024 04 28 13 20 312 10.0 12.2 99.00 99.00 99.00 999 1019.9  10.2 999.0  10.2 99.0 99.00 
2024 04 28 13 30 313 10.0 12.1 99.00 99.00 99.00 999 1020.0  10.1 999.0  10.1 99.0 99.00 
2024 04 28 13 40 313  9.5 12.6  1.87 12.90  5.39 305 1020.1  10.2 999.0  10.2 99.0 99.00 
2024 04 28 13 50 312  9.8 11.7 99.00 99.00 99.00 999 1020.2  10.0 999.0  10.0 99.0 99.00 
2024 04 28 14 00 312  9.8 12.1 99.00 99.00 99.00 999 1020.2  10.0 999.0  10.0 99.0 99.00 
2024 04 28 14 10 312  9.7 11.7  1.77 12.90  5.38 309 1020.4   9.9 999.0   9.9 99.0 99.00 
2024 04 28 14 20 313  9.7 11.7 99.00 99.00 99.00 999 1020.5  10.0 999.0  10.0 99.0 99.00 
2024 04 28 14 30 311 10.0 12.8 99.00 99.00 99.00 999 1020.8  10.0 999.0  10.0 99.0 99.00 
2024 04 28 14 40 315  9.7 12.0  1.76 12.90  5.32 300 1021.0  10.0 999.0  10.0 99.0 99.00 
2024 04 28 14 50 314 10.0 11.9 99.00 99.00 99.00 999 1021.0  10.0 999.0  10.0 99.0 99.00 
2024 04 28 15 00 316 10.1 13.3 99.00 99.00 99.00 999 1021.1  10.0 999.0  10.0 99.0 99.00 
2024 04 28 15 10 315  9.9 12.4  1.80 13.79  5.24 308 1021.2  10.1 999.0  10.1 99.0 99.00 
2024 04 28 15 20 316 10.1 12.3 99.00 99.00 99.00 999 1021.2  10.0 999.0  10.0 99.0 99.00 
2024 04 28 15 30 317  9.9 12.3 99.00 99.00 99.00 999 1021.2  10.1 999.0  10.1 99.0 99.00 
2024 04 28 15 40 318 10.3 12.8  1.75 12.90  5.09 300 1021.3   9.9 999.0   9.9 99.0 99.00 
2024 04 28 15 50 315 10.1 12.4 99.00 99.00 99.00 999 1021.3  10.0 999.0  10.0 99.0 99.00 
2024 04 28 16 00 315 10.0 12.1 99.00 99.00 99.00 999 1021.3  10.2 999.0  10.2 99.0 99.00 
2024 04 28 16 10 313  9.6 12.0  1.90 12.90  5.40 300 1021.3  10.2 999.0  10.2 99.0 99.00 
2024 04 28 16 20 312  9.2 11.8 99.00 99.00 99.00 999 1021.2  10.3 999.0  10.3 99.0 99.00 
2024 04 28 16 30 311  8.4 11.1 99.00 99.00 99.00 999 1021.1  10.4 999.0  10.4 99.0 99.00 
2024 04 28 16 40 310  8.6 11.6  1.79 12.12  5.23 304 1021.1  10.5 999.0  10.5 99.0 99.00 
2024 04 28 16 50 304  9.2 11.3 99.00 99.00 99.00 999 1021.3  10.5 999.0  10.5 99.0 99.00 
2024 04 28 17 00 303  8.9 11.3 99.00 99.00 99.00 999 1021.2  10.5 999.0  10.5 99.0 99.00 
2024 04 28 17 10 301  9.5 12.3  1.71 12.90  5.33 304 1021.3  10.5 999.0  10.5 99.0 99.00 
2024 04 28 17 20 299 11.7 14.6 99.00 99.00 99.00 999 1021.4  10.5 999.0  10.5 99.0 99.00 
2024 04 28 17 30 301 11.1 14.7 99.00 99.00 99.00 999 1021.5  10.5 999.0  10.5 99.0 99.00 
2024 04 28 17 40 300 11.4 14.6  1.78 12.90  5.26 306 1021.6  10.6 999.0  10.6 99.0 99.00 
2024 04 28 17 50 302 10.9 13.4 99.00 99.00 99.00 999 1021.6  10.7 999.0  10.7 99.0 99.00 
2024 04 28 18 00 304 11.2 13.6 99.00 99.00 99.00 999 1021.6  10.7 999.0  10.7 99.0 99.00 
2024 04 28 18 10 305 10.6 13.2  1.67 12.90  5.20 307 1021.7  10.8 999.0  10.8 99.0 99.00 
2024 04 28 18 20 305 10.1 12.5 99.00 99.00 99.00 999 1021.6  10.8 999.0  10.7 99.0 99.00 
2024 04 28 18 30 304 10.3 12.2 99.00 99.00 99.00 999 1021.4  10.8 999.0  10.7 99.0 99.00 
2024 04 28 18 40 305 10.0 12.5  1.69 12.90  5.27 305 1021.4  10.9 999.0  10.8 99.0 99.00 
2024 04 28 18 50 305 10.3 13.9 99.00 99.00 99.00 999 1021.5  10.9 999.0  10.8 99.0 99.00 
2024 04 28 19 00 304 10.8 13.5 99.00 99.00 99.00 999 1021.3  10.9 999.0  10.8 99.0 99.00 
2024 04 28 19 10 300 11.3 14.1  1.90  5.26  5.18 308 1021.4  11.0 999.0  10.8 99.0 99.00 
2024 04 28 19 20 300 11.7 15.1 99.00 99.00 99.00 999 1021.3  11.0 999.0  10.8 99.0 99.00 
2024 04 28 19 30 303 11.6 14.3 99.00 99.00 99.00 999 1021.2  11.0 999.0  10.8 99.0 99.00 
2024 04 28 19 40 304 12.3 15.4  1.95 12.12  5.26 301 1021.1  11.0 999.0  10.8 99.0 99.00 
2024 04 28 19 50 305 11.5 14.3 99.00 99.00 99.00 999 1021.0  11.0 999.0  10.8 99.0 99.00 
2024 04 28 20 00 307 11.1 14.3 99.00 99.00 99.00 999 1021.0  11.2 999.0  10.9 99.0 99.00 
2024 04 28 20 10 304 11.6 14.4  1.84 12.12  5.19 300 1020.8  11.2 999.0  10.8 99.0 99.00 
2024 04 28 20 20 305 11.1 13.6 99.00 99.00 99.00 999 1020.8  11.3 999.0  10.9 99.0 99.00 
2024 04 28 20 30 306 11.5 14.2 99.00 99.00 99.00 999 1020.8  11.3 999.0  10.9 99.0 99.00 
2024 04 28 20 40 302 10.3 12.3  1.83  5.56  5.04 313 1020.6  11.2 999.0  10.9 99.0 99.00 
2024 04 28 20 50 300 11.6 15.1 99.00 99.00 99.00 999 1020.6  11.2 999.0  11.0 99.0 99.00 
2024 04 28 21 00 299 11.2 14.1 99.00 99.00 99.00 999 1020.4  11.2 999.0  10.9 99.0 99.00 
2024 04 28 21 10 298 11.4 14.7  1.95 12.90  5.24 295 1020.1  11.4 999.0  11.0 99.0 99.00 
2024 04 28 21 20 297 12.5 16.2 99.00 99.00 99.00 999 1020.2  11.5 999.0  11.0 99.0 99.00 
2024 04 28 21 30 298 12.0 14.7 99.00 99.00 99.00 999 1020.2  11.6 999.0  11.1 99.0 99.00 
2024 04 28 21 40 297 12.2 14.8  1.99  7.69  5.16 312 1020.3  11.6 999.0  11.1 99.0 99.00 
2024 04 28 21 50 297 12.3 14.9 99.00 99.00 99.00 999 1020.3  11.6 999.0  11.1 99.0 99.00 
2024 04 28 22 00 297 11.5 14.9 99.00 99.00 99.00 999 1020.4  11.6 999.0  11.1 99.0 99.00 
2024 04 28 22 10 297 12.1 14.8  1.86 12.90  5.17 305 1020.3  11.6 999.0  11.1 99.0 99.00 
2024 04 28 22 20 297 12.3 14.5 99.00 99.00 99.00 999 1020.2  11.6 999.0  11.1 99.0 99.00 
2024 04 28 22 30 298 11.7 14.1 99.00 99.00 99.00 999 1020.3  11.6 999.0  11.1 99.0 99.00 
2024 04 28 22 40 298 11.6 14.6  1.82 12.90  5.05 313 1020.2  11.7 999.0  11.2 99.0 99.00 
2024 04 28 22 50 299 11.3 13.7 99.00 99.00 99.00 999 1020.1  11.7 999.0  11.2 99.0 99.00 
2024 04 28 23 00 301 11.2 13.7 99.00 99.00 99.00 999 1019.9  11.7 999.0  11.1 99.0 99.00 
2024 04 28 23 10 301 11.2 13.8  1.93  5.26  5.21 319 1019.9  11.7 999.0  11.0 99.0 99.00 
2024 04 28 23 20 303 11.1 13.9 99.00 99.00 99.00 999 1019.9  11.7 999.0  11.0 99.0 99.00 
2024 04 28 23 30 302 11.2 13.9 99.00 99.00 99.00 999 1019.8  11.7 999.0  11.0 99.0 99.00 
2024 04 28 23 40 304 10.7 12.8  1.81  5.26  5.02 309 1019.8  11.7 999.0  11.0 99.0 99.00 
2024 04 28 23 50 304 11.1 13.6 99.00 99.00 99.00 999 1019.6  11.7 999.0  10.9 99.0 99.00 
2024 04 29 00 00 302 11.0 13.3 99.00 99.00 99.00 999 1019.6  11.7 999.0  10.9 99.0 99.00 
2024 04 29 00 10 302 11.3 14.7  1.65 12.12  4.94 301 1019.6  11.8 999.0  10.9 99.0 99.00 
2024 04 29 00 20 303 11.0 13.6 99.00 99.00 99.00 999 1019.6  11.8 999.0  10.8 99.0 99.00 
2024 04 29 00 30 305 10.8 13.1 99.00 99.00 99.00 999 1019.6  11.8 999.0  10.7 99.0 99.00 
2024 04 29 00 40 304 10.6 12.7  1.75  5.26  5.01 319 1019.7  11.9 999.0  10.6 99.0 99.00 
2024 04 29 00 50 304 10.6 12.8 99.00 99.00 99.00 999 1019.7  11.9 999.0  10.6 99.0 99.00 
2024 04 29 01 00 302 10.8 13.6 99.00 99.00 99.00 999 1019.6  11.9 999.0  10.6 99.0 99.00 
2024 04 29 01 10 302 11.1 13.2  1.80  5.00  4.99 324 1019.6  12.0 999.0  10.4 99.0 99.00 
2024 04 29 01 20 306 10.7 13.2 99.00 99.00 99.00 999 1019.6  12.0 999.0  10.4 99.0 99.00 
2024 04 29 01 30 305 10.6 13.0 99.00 99.00 99.00 999 1019.5  12.0 999.0  10.5 99.0 99.00 
2024 04 29 01 40 304 10.5 12.8  1.80  5.26  5.00 319 1019.4  11.9 999.0  10.5 99.0 99.00 
2024 04 29 01 50 305 10.5 12.9 99.00 99.00 99.00 999 1019.3  11.9 999.0  10.6 99.0 99.00 
2024 04 29 02 00 303 10.9 13.4 99.00 99.00 99.00 999 1019.2  11.9 999.0  10.6 99.0 99.00 
2024 04 29 02 10 302 11.3 13.8  1.75  5.56  4.97 320 1019.1  11.9 999.0  10.6 99.0 99.00 
2024 04 29 02 20 302 10.9 13.4 99.00 99.00 99.00 999 1019.1  11.9 999.0  10.6 99.0 99.00 
2024 04 29 02 30 303 11.1 13.7 99.00 99.00 99.00 999 1019.1  11.9 999.0  10.6 99.0 99.00 
2024 04 29 02 40 304 10.9 13.6  1.84  5.26  4.94 328 1019.2  11.8 999.0  10.7 99.0 99.00 
2024 04 29 02 50 304 10.9 13.5 99.00 99.00 99.00 999 1019.3  11.8 999.0  10.7 99.0 99.00 
2024 04 29 03 00 304 11.2 14.0 99.00 99.00 99.00 999 1019.2  11.8 999.0  10.6 99.0 99.00 
2024 04 29 03 10 306 10.8 13.6  1.75  5.00  5.13 317 1019.4  11.7 999.0  10.6 99.0 99.00 
2024 04 29 03 20 308 10.3 12.6 99.00 99.00 99.00 999 1019.4  11.6 999.0  10.6 99.0 99.00 
2024 04 29 03 30 307 10.5 12.9 99.00 99.00 99.00 999 1019.5  11.6 999.0  10.6 99.0 99.00 
2024 04 29 03 40 310 10.3 13.1  1.75 12.12  5.14 312 1019.5  11.5 999.0  10.5 99.0 99.00 
2024 04 29 03 50 311 10.1 12.0 99.00 99.00 99.00 999 1019.6  11.5 999.0  10.5 99.0 99.00 
2024 04 29 04 00 312  9.8 12.3 99.00 99.00 99.00 999 1019.7  11.5 999.0  10.5 99.0 99.00 
2024 04 29 04 10 312  9.7 12.2  1.75  5.00  5.08 322 1019.7  11.5 999.0  10.5 99.0 99.00 
2024 04 29 04 20 312  9.8 12.2 99.00 99.00 99.00 999 1019.7  11.5 999.0  10.5 99.0 99.00 
2024 04 29 04 30 319  9.2 11.3 99.00 99.00 99.00 999 1019.9  11.4 999.0  10.4 99.0 99.00 
2024 04 29 04 40 320  9.0 11.4  1.74 12.12  5.17 291 1020.0  11.4 999.0  10.4 99.0 99.00 
2024 04 29 04 50 317  9.5 11.9 99.00 99.00 99.00 999 1020.1  11.5 999.0  10.5 99.0 99.00 
2024 04 29 05 00 315  9.4 11.6 99.00 99.00 99.00 999 1020.2  11.4 999.0  10.5 99.0 99.00 
2024 04 29 05 10 313  9.5 11.6  1.69  5.00  5.11 321 1020.2  11.4 999.0  10.6 99.0 99.00 
2024 04 29 05 20 314  9.8 12.0 99.00 99.00 99.00 999 1020.2  11.4 999.0  10.6 99.0 99.00 
2024 04 29 05 30 314 10.3 13.5 99.00 99.00 99.00 999 1020.0  11.4 999.0  10.6 99.0 99.00 
2024 04 29 05 40 313 10.6 13.4  1.70  5.00  4.95 326 1019.9  11.3 999.0  10.5 99.0 99.00 
2024 04 29 05 50 314 10.4 12.3 99.00 99.00 99.00 999 1019.9  11.3 999.0  10.5 99.0 99.00 
2024 04 29 06 00 313 10.4 12.6 99.00 99.00 99.00 999 1019.9  11.3 999.0  10.5 99.0 99.00 
2024 04 29 06 10 315 10.0 12.1  1.71  5.00  5.32 323 1019.9  11.3 999.0  10.5 99.0 99.00 
2024 04 29 06 20 315  9.9 12.8 99.00 99.00 99.00 999 1019.7  11.3 999.0  10.5 99.0 99.00 
2024 04 29 06 30 313 10.3 12.6 99.00 99.00 99.00 999 1019.6  11.3 999.0  10.5 99.0 99.00 
2024 04 29 06 40 310 10.2 12.7  1.84  5.26  5.22 324 1019.5  11.3 999.0  10.5 99.0 99.00 
2024 04 29 06 50 312 10.0 12.9 99.00 99.00 99.00 999 1019.3  11.3 999.0  10.5 99.0 99.00 
2024 04 29 07 00 311 10.4 13.2 99.00 99.00 99.00 999 1019.1  11.3 999.0  10.4 99.0 99.00 
2024 04 29 07 10 311 10.8 13.3  1.82 11.43  5.17 316 1019.1  11.3 999.0  10.3 99.0 99.00 
2024 04 29 07 20 311 11.0 14.0 99.00 99.00 99.00 999 1019.2  11.4 999.0  10.4 99.0 99.00 
2024 04 29 07 30 312 10.8 13.1 99.00 99.00 99.00 999 1019.3  11.4 999.0  10.4 99.0 99.00 
2024 04 29 07 40 312 10.3 13.7  1.92  5.56  5.33 318 1019.2  11.4 999.0  10.4 99.0 99.00 
2024 04 29 07 50 312 11.0 14.0 99.00 99.00 99.00 999 1019.2  11.5 999.0  10.4 99.0 99.00 
2024 04 29 08 00 312 11.3 13.6 99.00 99.00 99.00 999 1019.3  11.5 999.0  10.4 99.0 99.00 
2024 04 29 08 10 314 11.3 14.0  1.97  5.88  5.29 310 1019.3  11.5 999.0  10.4 99.0 99.00 
2024 04 29 08 20 315 11.8 14.4 99.00 99.00 99.00 999 1019.2  11.4 999.0  10.3 99.0 99.00 
2024 04 29 08 30 316 11.4 13.8 99.00 99.00 99.00 999 1019.3  11.4 999.0  10.3 99.0 99.00 
2024 04 29 08 40 317 11.2 14.2  2.04  5.88  5.51 311 1019.3  11.3 999.0  10.2 99.0 99.00 
2024 04 29 08 50 318 11.4 14.3 99.00 99.00 99.00 999 1019.1  11.3 999.0  10.2 99.0 99.00 
2024 04 29 09 00 318 11.5 14.1 99.00 99.00 99.00 999 1019.1  11.3 999.0  10.1 99.0 99.00 
2024 04 29 09 10 319 11.3 13.6  2.02  5.56  5.31 318 1019.1  11.3 999.0  10.0 99.0 99.00 
2024 04 29 09 20 319 12.0 15.4 99.00 99.00 99.00 999 1019.0  11.3 999.0   9.9 99.0 99.00 
2024 04 29 09 30 318 12.7 15.8 99.00 99.00 99.00 999 1018.9  11.4 999.0   9.8 99.0 99.00 
2024 04 29 09 40 321 12.9 16.4  2.12  5.56  5.33 327 1018.7  11.4 999.0   9.8 99.0 99.00 
2024 04 29 09 50 320 12.4 16.3 99.00 99.00 99.00 999 1018.7  11.3 999.0   9.8 99.0 99.00 
2024 04 29 10 00 321 12.2 15.6 99.00 99.00 99.00 999 1018.7  11.3 999.0   9.8 99.0 99.00 
2024 04 29 10 10 319 12.4 15.8  2.32  5.88  5.63 324 1018.7  11.3 999.0   9.9 99.0 99.00 
2024 04 29 10 20 322 12.1 15.9 99.00 99.00 99.00 999 1018.8  11.3 999.0   9.8 99.0 99.00 
2024 04 29 10 30 320 12.5 15.2 99.00 99.00 99.00 999 1018.9  11.2 999.0   9.9 99.0 99.00 
2024 04 29 10 40 319 12.1 14.4  2.39  5.56  5.64 322 1019.0  11.2 999.0   9.9 99.0 99.00 
2024 04 29 10 50 318 12.0 15.5 99.00 99.00 99.00 999 1019.2  11.1 999.0   9.9 99.0 99.00 
2024 04 29 11 00 319 12.2 15.5 99.00 99.00 99.00 999 1019.2  11.2 999.0   9.9 99.0 99.00 
2024 04 29 11 10 320 11.7 15.0  2.59  6.67  5.84 315 1019.2  11.2 999.0   9.9 99.0 99.00 
2024 04 29 11 20 319 12.1 15.1 99.00 99.00 99.00 999 1019.3  11.2 999.0   9.9 99.0 99.00 
2024 04 29 11 30 318 12.4 15.4 99.00 99.00 99.00 999 1019.3  11.2 999.0  10.0 99.0 99.00 
2024 04 29 11 40 319 12.9 15.8  2.58  6.67  5.97 311 1019.3  11.1 999.0  10.0 99.0 99.00 
2024 04 29 11 50 320 12.3 17.0 99.00 99.00 99.00 999 1019.3  11.1 999.0  10.0 99.0 99.00 
2024 04 29 12 00 319 12.6 17.3 99.00 99.00 99.00 999 1019.3  11.0 999.0   9.9 99.0 99.00 
2024 04 29 12 10 319 13.3 16.3  2.67  6.25  5.90 321 1019.2  11.0 999.0   9.9 99.0 99.00 
2024 04 29 12 20 320 13.1 16.4 99.00 99.00 99.00 999 1019.3  11.0 999.0   9.9 99.0 99.00 
2024 04 29 12 30 320 12.9 16.5 99.00 99.00 99.00 999 1019.3  11.0 999.0   9.8 99.0 99.00 
2024 04 29 12 40 322 12.4 15.8  2.65  6.67  5.96 314 1019.4  11.0 999.0   9.7 99.0 99.00 
2024 04 29 12 50 322 12.2 16.2 99.00 99.00 99.00 999 1019.4  11.0 999.0   9.7 99.0 99.00 
2024 04 29 13 00 323 12.0 15.1 99.00 99.00 99.00 999 1019.4  11.0 999.0   9.6 99.0 99.00 
2024 04 29 13 10 322 12.7 15.8  2.71  6.67  6.04 311 1019.4  11.0 999.0   9.6 99.0 99.00 
2024 04 29 13 20 322 12.6 16.2 99.00 99.00 99.00 999 1019.5  11.0 999.0   9.4 99.0 99.00 
2024 04 29 13 30 322 12.6 16.8 99.00 99.00 99.00 999 1019.5  11.0 999.0   9.5 99.0 99.00 
2024 04 29 13 40 322 13.6 17.4  2.90  7.14  6.07 309 1019.6  11.0 999.0   9.3 99.0 99.00 
2024 04 29 13 50 322 13.5 17.4 99.00 99.00 99.00 999 1019.9  11.1 999.0   9.4 99.0 99.00 
2024 04 29 14 00 321 13.2 16.4 99.00 99.00 99.00 999 1020.0  11.0 999.0   9.4 99.0 99.00 
2024 04 29 14 10 322 12.7 16.1  2.74 12.12  6.06 314 1020.2  11.0 999.0   9.6 99.0 99.00 
2024 04 29 14 20 322 12.4 15.8 99.00 99.00 99.00 999 1020.3  11.0 999.0   9.6 99.0 99.00 
2024 04 29 14 30 322 12.9 17.0 99.00 99.00 99.00 999 1020.2  11.0 999.0   9.6 99.0 99.00 
2024 04 29 14 40 322 13.5 17.5 99.00 99.00 99.00 999 1020.2  11.0 999.0   9.6 99.0 99.00 
2024 04 29 14 50 322 13.9 18.6 99.00 99.00 99.00 999 1020.3  10.9 999.0   9.5 99.0 99.00 
2024 04 29 15 00 321 13.9 18.0 99.00 99.00 99.00 999 1020.4  10.9 999.0   9.6 99.0 99.00 
2024 04 29 15 10 321 13.4 16.8  3.06  6.67  6.10 313 1020.3  10.9 999.0   9.6 99.0 99.00 
2024 04 29 15 20 319 14.0 17.7 99.00 99.00 99.00 999 1020.2  10.9 999.0   9.5 99.0 99.00 
2024 04 29 15 30 319 13.9 17.9 99.00 99.00 99.00 999 1020.3  10.9 999.0   9.3 99.0 99.00 
2024 04 29 15 40 320 13.3 16.7  3.08  6.67  6.18 324 1020.4  10.9 999.0   9.3 99.0 99.00 
2024 04 29 15 50 320 13.7 16.9 99.00 99.00 99.00 999 1020.4  11.0 999.0   9.2 99.0 99.00 
2024 04 29 16 00 321 13.2 17.8 99.00 99.00 99.00 999 1020.6  11.0 999.0   9.1 99.0 99.00 
2024 04 29 16 10 321 12.6 17.0  3.07  7.69  6.13 311 1020.7  11.0 999.0   9.1 99.0 99.00 
2024 04 29 16 20 322 12.8 16.2 99.00 99.00 99.00 999 1020.8  11.1 999.0   8.9 99.0 99.00 
2024 04 29 16 30 322 12.7 16.6 99.00 99.00 99.00 999 1020.8  11.1 999.0   8.9 99.0 99.00 
2024 04 29 16 40 321 12.7 15.7  3.04  7.14  6.23 319 1020.9  11.1 999.0   8.8 99.0 99.00 
2024 04 29 16 50 320 13.0 16.7 99.00 99.00 99.00 999 1020.9  11.1 999.0   8.9 99.0 99.00 
2024 04 29 17 00 321 12.4 15.8 99.00 99.00 99.00 999 1021.0  11.1 999.0   9.0 99.0 99.00 
2024 04 29 17 10 320 12.7 15.8  3.08  7.14  6.12 316 1021.0  11.1 999.0   9.2 99.0 99.00 
2024 04 29 17 20 320 12.5 15.2 99.00 99.00 99.00 999 1021.0  11.1 999.0   9.3 99.0 99.00 
2024 04 29 17 30 320 12.6 15.7 99.00 99.00 99.00 999 1021.1  11.1 999.0   9.1 99.0 99.00 
2024 04 29 17 40 320 12.3 15.7  3.08  6.67  6.29 321 1021.1  11.2 999.0   9.2 99.0 99.00 
2024 04 29 17 50 320 12.1 15.3 99.00 99.00 99.00 999 1021.3  11.2 999.0   9.2 99.0 99.00 
2024 04 29 18 00 319 12.2 16.0 99.00 99.00 99.00 999 1021.3  11.2 999.0   9.3 99.0 99.00 
2024 04 29 18 10 318 12.2 15.4  2.99  7.69  6.16 311 1021.3  11.2 999.0   9.3 99.0 99.00 
2024 04 29 18 20 316 12.1 15.3 99.00 99.00 99.00 999 1021.3  11.1 999.0   9.3 99.0 99.00 
2024 04 29 18 30 316 11.5 14.3 99.00 99.00 99.00 999 1021.2  11.2 999.0   9.3 99.0 99.00 
2024 04 29 18 40 315 12.0 15.3  2.96  7.14  6.20 323 1021.1  11.3 999.0   9.1 99.0 99.00 
2024 04 29 18 50 314 12.1 15.6 99.00 99.00 99.00 999 1021.0  11.4 999.0   8.9 99.0 99.00 
2024 04 29 19 00 312 12.1 15.0 99.00 99.00 99.00 999 1021.0  11.5 999.0   8.8 99.0 99.00 
2024 04 29 19 10 309 11.9 14.9  2.95  7.14  6.16 320 1020.9  11.4 999.0   8.9 99.0 99.00 
2024 04 29 19 20 308 12.0 15.3 99.00 99.00 99.00 999 1020.9  11.3 999.0   8.9 99.0 99.00 
2024 04 29 19 30 307 11.8 14.4 99.00 99.00 99.00 999 1020.8  11.3 999.0   9.0 99.0 99.00 
2024 04 29 19 40 306 11.8 14.6  2.60  6.67  5.77 317 1020.7  11.3 999.0   9.1 99.0 99.00 
2024 04 29 19 50 306 11.8 14.8 99.00 99.00 99.00 999 1020.5  11.3 999.0   9.0 99.0 99.00 
2024 04 29 20 00 307 12.0 14.6 99.00 99.00 99.00 999 1020.4  11.5 999.0   9.0 99.0 99.00 
2024 04 29 20 10 305 11.6 15.2  2.47  7.14  5.62 315 1020.2  11.5 999.0   9.0 99.0 99.00 
2024 04 29 20 20 304 11.6 14.4 99.00 99.00 99.00 999 1020.2  11.5 999.0   9.0 99.0 99.00 
2024 04 29 20 30 305 11.7 14.5 99.00 99.00 99.00 999 1020.2  11.6 999.0   9.0 99.0 99.00 
2024 04 29 20 40 306 11.9 14.8  2.36  7.14  5.73 322 1020.0  11.6 999.0   9.1 99.0 99.00 
2024 04 29 20 50 306 12.9 15.8 99.00 99.00 99.00 999 1019.9  11.6 999.0   9.0 99.0 99.00 
2024 04 29 21 00 304 12.9 15.7 99.00 99.00 99.00 999 1020.0  11.5 999.0   9.2 99.0 99.00 
2024 04 29 21 10 304 12.2 15.4  2.42  7.14  5.56 313 1019.9  11.5 999.0   9.4 99.0 99.00 
2024 04 29 21 20 305 12.5 15.6 99.00 99.00 99.00 999 1019.8  11.5 999.0   9.2 99.0 99.00 
2024 04 29 21 30 306 12.5 16.5 99.00 99.00 99.00 999 1019.9  11.6 999.0   9.2 99.0 99.00 
2024 04 29 21 40 307 12.1 15.0  2.26  6.67  5.48 325 1019.8  11.5 999.0   9.1 99.0 99.00 
2024 04 29 21 50 309 12.8 15.6 99.00 99.00 99.00 999 1019.7  11.5 999.0   9.1 99.0 99.00 
2024 04 29 22 00 309 12.5 14.8 99.00 99.00 99.00 999 1019.6  11.6 999.0   9.0 99.0 99.00 
2024 04 29 22 10 310 12.3 15.5  2.25  6.67  5.43 321 1019.4  11.6 999.0   9.1 99.0 99.00 
2024 04 29 22 20 310 13.5 17.0 99.00 99.00 99.00 999 1019.2  11.6 999.0   9.3 99.0 99.00 
2024 04 29 22 30 311 13.8 17.6 99.00 99.00 99.00 999 1019.1  11.5 999.0   9.4 99.0 99.00 
2024 04 29 22 40 311 14.0 18.4  2.32  6.25  5.42 325 1018.9  11.4 999.0   9.5 99.0 99.00 
2024 04 29 22 50 312 13.8 18.3 99.00 99.00 99.00 999 1018.7  11.3 999.0   9.4 99.0 99.00 
2024 04 29 23 00 314 13.8 18.0 99.00 99.00 99.00 999 1018.6  11.3 999.0   9.4 99.0 99.00 
2024 04 29 23 10 314 14.1 17.7  2.61  6.67  5.70 322 1018.7  11.3 999.0   9.1 99.0 99.00 
2024 04 29 23 20 313 13.9 17.8 99.00 99.00 99.00 999 1018.6  11.3 999.0   9.2 99.0 99.00 
2024 04 29 23 30 313 13.7 18.0 99.00 99.00 99.00 999 1018.6  11.3 999.0   9.2 99.0 99.00 
2024 04 29 23 40 312 13.8 19.1  2.56  7.14  5.66 312 1018.4  11.3 999.0   9.1 99.0 99.00 
2024 04 29 23 50 311 14.2 17.7 99.00 99.00 99.00 999 1018.2  11.4 999.0   9.1 99.0 99.00 
2024 04 30 00 00 311 13.9 17.6 99.00 99.00 99.00 999 1018.0  11.4 999.0   9.2 99.0 99.00 
2024 04 30 00 10 311 14.5 18.1  2.74  6.67  5.65 321 1017.9  11.4 999.0   9.2 99.0 99.00 
2024 04 30 00 20 312 14.2 18.1 99.00 99.00 99.00 999 1018.0  11.4 999.0   9.1 99.0 99.00 
2024 04 30 00 30 312 14.1 18.4 99.00 99.00 99.00 999 1017.9  11.5 999.0   9.2 99.0 99.00 
2024 04 30 00 40 311 14.6 18.5  2.76  6.67  5.71 327 1018.0  11.4 999.0   9.2 99.0 99.00 
2024 04 30 00 50 312 14.1 17.9 99.00 99.00 99.00 999 1018.0  11.4 999.0   9.5 99.0 99.00 
2024 04 30 01 00 313 14.3 18.2 99.00 99.00 99.00 999 1018.0  11.3 999.0   9.5 99.0 99.00 
2024 04 30 01 10 314 14.5 18.5  2.98  7.14  5.76 322 1018.0  11.3 999.0   9.5 99.0 99.00 
2024 04 30 01 20 315 14.1 17.9 99.00 99.00 99.00 999 1018.1  11.3 999.0   9.5 99.0 99.00 
2024 04 30 01 30 315 13.5 16.9 99.00 99.00 99.00 999 1018.1  11.2 999.0   9.4 99.0 99.00 
2024 04 30 01 40 316 12.8 16.5  2.84  7.14  5.72 311 1017.9  11.2 999.0   9.5 99.0 99.00 
2024 04 30 01 50 316 13.5 17.3 99.00 99.00 99.00 999 1017.6  11.2 999.0   9.4 99.0 99.00 
2024 04 30 02 00 315 14.0 17.6 99.00 99.00 99.00 999 1017.5  11.1 999.0   9.3 99.0 99.00 
2024 04 30 02 10 314 14.5 18.3  2.82  6.67  5.79 321 1017.4  11.1 999.0   9.3 99.0 99.00 
2024 04 30 02 20 313 14.8 18.6 99.00 99.00 99.00 999 1017.4  11.1 999.0   9.3 99.0 99.00 
2024 04 30 02 30 315 14.6 18.7 99.00 99.00 99.00 999 1017.5  11.1 999.0   9.2 99.0 99.00 
2024 04 30 02 40 315 14.9 18.0  2.73  7.14  5.72 320 1017.6  11.1 999.0   9.2 99.0 99.00 
2024 04 30 02 50 315 13.9 18.1 99.00 99.00 99.00 999 1017.7  11.1 999.0   9.2 99.0 99.00 
2024 04 30 03 00 316 14.4 18.8 99.00 99.00 99.00 999 1017.8  11.1 999.0   9.1 99.0 99.00 
2024 04 30 03 10 317 13.9 16.9  2.68  7.14  5.77 322 1018.0  11.1 999.0   9.2 99.0 99.00 
2024 04 30 03 20 317 13.8 17.6 99.00 99.00 99.00 999 1018.0  11.1 999.0   9.3 99.0 99.00 
2024 04 30 03 30 316 13.5 18.4 99.00 99.00 99.00 999 1018.1  11.0 999.0   9.2 99.0 99.00 
2024 04 30 03 40 318 13.4 17.0  3.04  6.25  5.86 323 1018.3  11.0 999.0   9.2 99.0 99.00 
2024 04 30 03 50 319 13.5 17.5 99.00 99.00 99.00 999 1018.5  11.0 999.0   9.2 99.0 99.00 
2024 04 30 04 00 320 13.6 17.5 99.00 99.00 99.00 999 1018.7  11.0 999.0   9.2 99.0 99.00 
2024 04 30 04 10 321 13.6 18.0  2.90  6.67  5.81 322 1018.8  11.0 999.0   9.2 99.0 99.00 
2024 04 30 04 20 321 13.3 17.3 99.00 99.00 99.00 999 1019.0  11.0 999.0   9.2 99.0 99.00 
2024 04 30 04 30 320 13.3 17.4 99.00 99.00 99.00 999 1019.0  10.9 999.0   9.0 99.0 99.00 
2024 04 30 04 40 321 13.6 16.5  2.80  6.67  5.90 330 1018.9  10.9 999.0   9.1 99.0 99.00 
2024 04 30 04 50 318 13.9 17.8 99.00 99.00 99.00 999 1018.8  10.9 999.0   9.1 99.0 99.00 
2024 04 30 05 00 319 14.0 18.0 99.00 99.00 99.00 999 1018.7  10.8 999.0   9.0 99.0 99.00 
2024 04 30 05 10 318 14.5 18.5  2.81  6.25  5.86 324 1018.7  10.8 999.0   9.0 99.0 99.00 
2024 04 30 05 20 318 14.8 19.0 99.00 99.00 99.00 999 1018.6  10.8 999.0   9.0 99.0 99.00 
2024 04 30 05 30 318 14.4 17.8 99.00 99.00 99.00 999 1018.6  10.8 999.0   9.0 99.0 99.00 
2024 04 30 05 40 318 14.3 17.8  2.76  6.67  5.74 323 1018.6  10.7 999.0   9.0 99.0 99.00 
2024 04 30 05 50 318 14.4 17.6 99.00 99.00 99.00 999 1018.5  10.7 999.0   8.9 99.0 99.00 
2024 04 30 06 00 319 14.7 18.1 99.00 99.00 99.00 999 1018.5  10.7 999.0   8.8 99.0 99.00 
2024 04 30 06 10 319 13.6 17.5  2.86  7.14  5.88 325 1018.5  10.7 999.0   8.9 99.0 99.00 
2024 04 30 06 20 319 13.5 17.3 99.00 99.00 99.00 999 1018.4  10.7 999.0   8.9 99.0 99.00 
2024 04 30 06 30 320 13.8 18.1 99.00 99.00 99.00 999 1018.3  10.7 999.0   8.8 99.0 99.00 
2024 04 30 06 40 319 13.5 16.7  2.87  7.69  5.98 320 1018.1  10.7 999.0   8.9 99.0 99.00 
2024 04 30 06 50 318 13.9 17.6 99.00 99.00 99.00 999 1018.0  10.6 999.0   8.8 99.0 99.00 
2024 04 30 07 00 316 14.2 18.4 99.00 99.00 99.00 999 1018.0  10.6 999.0   8.8 99.0 99.00 
2024 04 30 07 10 317 14.9 18.5  2.98  8.33  6.06 308 1018.0  10.6 999.0   8.7 99.0 99.00 
2024 04 30 07 20 317 14.9 18.7 99.00 99.00 99.00 999 1018.0  10.6 999.0   8.6 99.0 99.00 
2024 04 30 07 30 317 14.5 19.4 99.00 99.00 99.00 999 1017.9  10.6 999.0   8.7 99.0 99.00 
2024 04 30 07 40 317 14.2 18.0  3.08  7.69  6.14 315 1018.0  10.6 999.0   8.8 99.0 99.00 
2024 04 30 07 50 317 14.4 18.3 99.00 99.00 99.00 999 1018.0  10.5 999.0   8.6 99.0 99.00 
2024 04 30 08 00 317 14.5 17.9 99.00 99.00 99.00 999 1018.0  10.5 999.0   8.7 99.0 99.00 
2024 04 30 08 10 318 14.6 18.0  2.88  7.14  6.04 321 1018.0  10.5 999.0   8.6 99.0 99.00 
2024 04 30 08 20 318 14.0 17.4 99.00 99.00 99.00 999 1018.0  10.5 999.0   8.7 99.0 99.00 
2024 04 30 08 30 319 13.4 18.0 99.00 99.00 99.00 999 1017.9  10.5 999.0   8.7 99.0 99.00 
2024 04 30 08 40 319 14.5 18.4  3.14  6.25  5.93 324 1017.9  10.5 999.0   8.7 99.0 99.00 
2024 04 30 08 50 317 14.7 18.4 99.00 99.00 99.00 999 1017.9  10.4 999.0   8.6 99.0 99.00 
2024 04 30 09 00 318 14.2 18.1 99.00 99.00 99.00 999 1017.8  10.4 999.0   8.5 99.0 99.00 
2024 04 30 09 10 318 14.5 18.8  3.16  7.69  6.24 316 1017.7  10.4 999.0   8.5 99.0 99.00 
2024 04 30 09 20 318 14.7 18.7 99.00 99.00 99.00 999 1017.7  10.4 999.0   8.5 99.0 99.00 
2024 04 30 09 30 318 14.5 18.9 99.00 99.00 99.00 999 1017.5  10.4 999.0   8.6 99.0 99.00 
2024 04 30 09 40 317 14.7 19.4  3.07  7.69  6.21 317 1017.4  10.3 999.0   8.4 99.0 99.00 
2024 04 30 09 50 319 15.2 19.3 99.00 99.00 99.00 999 1017.3  10.3 999.0   8.2 99.0 99.00 
2024 04 30 10 00 318 15.0 19.3 99.00 99.00 99.00 999 1017.2  10.3 999.0   8.1 99.0 99.00 
2024 04 30 10 10 319 14.8 18.1  2.94  7.69  5.83 317 1017.3  10.3 999.0   8.0 99.0 99.00 
2024 04 30 10 20 318 13.9 17.4 99.00 99.00 99.00 999 1017.5  10.3 999.0   8.2 99.0 99.00 
2024 04 30 10 30 319 13.7 17.2 99.00 99.00 99.00 999 1017.5  10.3 999.0   8.4 99.0 99.00 
2024 04 30 10 40 318 14.2 17.8  2.76  7.14  5.91 324 1017.5  10.2 999.0   8.1 99.0 99.00 
2024 04 30 10 50 319 14.2 17.3 99.00 99.00 99.00 999 1017.5  10.2 999.0   8.0 99.0 99.00 
2024 04 30 11 00 318 14.1 17.7 99.00 99.00 99.00 999 1017.5  10.2 999.0   7.8 99.0 99.00 
2024 04 30 11 10 317 14.0 17.8  3.00  7.14  6.06 320 1017.5  10.2 999.0   7.9 99.0 99.00 
2024 04 30 11 20 317 14.1 17.5 99.00 99.00 99.00 999 1017.4  10.2 999.0   7.7 99.0 99.00 
2024 04 30 11 30 320 13.4 17.4 99.00 99.00 99.00 999 1017.2  10.2 999.0   7.9 99.0 99.00 
2024 04 30 11 40 321 13.6 17.0  2.86  7.69  5.95 327 1017.1  10.2 999.0   8.0 99.0 99.00 
2024 04 30 11 50 320 14.2 19.0 99.00 99.00 99.00 999 1017.1  10.2 999.0   7.7 99.0 99.00 
2024 04 30 12 00 319 14.4 18.0 99.00 99.00 99.00 999 1017.1  10.2 999.0   7.5 99.0 99.00 
2024 04 30 12 10 321 14.3 18.5  2.74  7.69  5.91 322 1017.1  10.2 999.0   7.6 99.0 99.00 
2024 04 30 12 20 321 13.9 18.2 99.00 99.00 99.00 999 1017.0  10.1 999.0   7.7 99.0 99.00 
2024 04 30 12 30 319 14.5 19.1 99.00 99.00 99.00 999 1017.1  10.1 999.0   7.6 99.0 99.00 
2024 04 30 12 40 320 13.6 17.1  2.87  7.69  5.94 317 1017.1  10.1 999.0   7.8 99.0 99.00 
2024 04 30 12 50 322 13.4 18.6 99.00 99.00 99.00 999 1017.2  10.0 999.0   7.7 99.0 99.00 
2024 04 30 13 00 324 12.9 17.3 99.00 99.00 99.00 999 1017.2  10.0 999.0   7.7 99.0 99.00 
2024 04 30 13 10 324 13.5 16.8  2.67  8.33  5.70 322 1017.3  10.0 999.0   7.3 99.0 99.00 
2024 04 30 13 20 322 13.6 17.5 99.00 99.00 99.00 999 1017.4  10.0 999.0   7.6 99.0 99.00 
2024 04 30 13 30 319 14.1 17.9 99.00 99.00 99.00 999 1017.4  10.0 999.0   7.7 99.0 99.00 
2024 04 30 13 40 320 14.2 17.8  2.78  7.69  5.81 325 1017.5  10.0 999.0   7.5 99.0 99.00 
2024 04 30 13 50 319 14.0 18.0 99.00 99.00 99.00 999 1017.8  10.0 999.0   7.6 99.0 99.00 
2024 04 30 14 00 320 14.2 17.9 99.00 99.00 99.00 999 1017.8  10.0 999.0   7.4 99.0 99.00 
2024 04 30 14 10 320 14.0 17.5  2.84  8.33  5.95 316 1018.0  10.1 999.0   7.2 99.0 99.00 
2024 04 30 14 20 321 13.8 17.3 99.00 99.00 99.00 999 1018.0  10.1 999.0   7.5 99.0 99.00 
2024 04 30 14 30 322 13.4 17.0 99.00 99.00 99.00 999 1018.1  10.0 999.0   7.4 99.0 99.00 
2024 04 30 14 40 322 13.7 17.6  2.73  7.69  5.64 326 1018.1  10.1 999.0   7.3 99.0 99.00 
2024 04 30 14 50 322 14.0 17.4 99.00 99.00 99.00 999 1018.2  10.1 999.0   7.3 99.0 99.00 
2024 04 30 15 00 321 13.6 17.0 99.00 99.00 99.00 999 1018.3  10.1 999.0   7.0 99.0 99.00 
2024 04 30 15 10 322 13.8 17.0  2.76  7.69  5.84 319 1018.3  10.1 999.0   7.0 99.0 99.00 
2024 04 30 15 20 323 13.1 15.8 99.00 99.00 99.00 999 1018.3  10.1 999.0   7.2 99.0 99.00 
2024 04 30 15 30 324 13.6 17.4 99.00 99.00 99.00 999 1018.1  10.1 999.0   7.2 99.0 99.00 
2024 04 30 15 40 323 14.3 17.9  2.60  7.14  5.63 326 1018.0  10.1 999.0   6.8 99.0 99.00 
2024 04 30 15 50 320 14.3 18.2 99.00 99.00 99.00 999 1018.0  10.1 999.0   6.9 99.0 99.00 
2024 04 30 16 00 321 14.7 18.7 99.00 99.00 99.00 999 1017.9  10.1 999.0   6.7 99.0 99.00 
2024 04 30 16 10 320 15.1 18.6  2.78  9.09  5.89 316 1017.7  10.2 999.0   6.8 99.0 99.00 
2024 04 30 16 20 319 15.3 20.0 99.00 99.00 99.00 999 1017.6  10.2 999.0   6.7 99.0 99.00 
2024 04 30 16 30 318 15.5 18.9 99.00 99.00 99.00 999 1017.6  10.3 999.0   6.6 99.0 99.00 
2024 04 30 16 40 318 15.1 19.8  2.98  7.69  5.95 320 1017.7  10.3 999.0   6.5 99.0 99.00 
2024 04 30 16 50 318 15.3 19.9 99.00 99.00 99.00 999 1017.7  10.3 999.0   6.6 99.0 99.00 
2024 04 30 17 00 318 15.3 20.0 99.00 99.00 99.00 999 1017.8  10.3 999.0   6.7 99.0 99.00 
2024 04 30 17 10 320 14.9 19.5 99.00 99.00 99.00 999 1017.8  10.4 999.0   6.7 99.0 99.00 
2024 04 30 17 20 321 14.6 18.2 99.00 99.00 99.00 999 1017.9  10.4 999.0   6.6 99.0 99.00 
2024 04 30 17 30 319 14.5 18.9 99.00 99.00 99.00 999 1018.0  10.4 999.0   6.8 99.0 99.00 
2024 04 30 17 40 319 14.3 18.5 99.00 99.00 99.00 999 1018.1  10.4 999.0   6.8 99.0 99.00 
2024 04 30 17 50 320 14.1 18.4 99.00 99.00 99.00 999 1017.9  10.5 999.0   6.8 99.0 99.00 
2024 04 30 18 00 319 13.8 18.3 99.00 99.00 99.00 999 1018.0  10.5 999.0   6.9 99.0 99.00 
2024 04 30 18 10 319 13.6 17.4  2.96  5.88  5.79 320 1018.1  10.5 999.0   7.1 99.0 99.00 
2024 04 30 18 20 319 14.0 18.1 99.00 99.00 99.00 999 1018.0  10.6 999.0   7.1 99.0 99.00 
2024 04 30 18 30 317 14.3 17.8 99.00 99.00 99.00 999 1018.1  10.6 999.0   6.9 99.0 99.00 
2024 04 30 18 40 316 13.4 17.0  2.91  7.69  6.00 323 1018.2  10.7 999.0   7.2 99.0 99.00 
2024 04 30 18 50 315 14.1 17.5 99.00 99.00 99.00 999 1018.2  10.6 999.0   7.4 99.0 99.00 
2024 04 30 19 00 314 13.9 17.8 99.00 99.00 99.00 999 1018.2  10.6 999.0   7.7 99.0 99.00 
2024 04 30 19 10 315 13.9 18.3  2.85  7.69  5.84 321 1018.2  10.7 999.0   7.5 99.0 99.00 
2024 04 30 19 20 317 14.2 17.7 99.00 99.00 99.00 999 1018.1  10.8 999.0   7.3 99.0 99.00 
2024 04 30 19 30 314 13.9 18.2 99.00 99.00 99.00 999 1018.0  10.8 999.0   7.5 99.0 99.00 
2024 04 30 19 40 315 14.0 17.4  2.85  6.67  5.78 324 1017.8  10.8 999.0   7.5 99.0 99.00 
2024 04 30 19 50 313 14.6 19.1 99.00 99.00 99.00 999 1017.7  10.7 999.0   7.5 99.0 99.00 
2024 04 30 20 00 314 14.5 18.2 99.00 99.00 99.00 999 1017.6  10.8 999.0   7.6 99.0 99.00 
2024 04 30 20 10 314 14.9 18.6  2.78  6.25  5.68 328 1017.6  10.8 999.0   7.7 99.0 99.00 
2024 04 30 20 20 315 14.3 17.6 99.00 99.00 99.00 999 1017.6  10.8 999.0   7.8 99.0 99.00 
2024 04 30 20 30 316 14.6 18.8 99.00 99.00 99.00 999 1017.5  10.7 999.0   7.7 99.0 99.00 
2024 04 30 20 40 317 14.6 18.5  2.92  7.69  5.92 319 1017.4  10.7 999.0   7.9 99.0 99.00 
2024 04 30 20 50 317 15.4 19.4 99.00 99.00 99.00 999 1017.3  10.7 999.0   8.0 99.0 99.00 
2024 04 30 21 00 316 15.0 18.6 99.00 99.00 99.00 999 1017.3  10.7 999.0   8.2 99.0 99.00 
2024 04 30 21 10 315 15.1 19.0  3.08  7.14  6.04 322 1017.2  10.7 999.0   8.3 99.0 99.00 
2024 04 30 21 20 316 14.6 20.1 99.00 99.00 99.00 999 1017.2  10.7 999.0   8.4 99.0 99.00 
2024 04 30 21 30 316 15.0 18.5 99.00 99.00 99.00 999 1017.1  10.7 999.0   8.2 99.0 99.00 
2024 04 30 21 40 315 15.2 18.5  2.95  7.14  6.04 325 1016.8  10.7 999.0   8.1 99.0 99.00 
2024 04 30 21 50 315 15.1 18.9 99.00 99.00 99.00 999 1016.9  10.7 999.0   8.1 99.0 99.00 
2024 04 30 22 00 314 15.1 19.2 99.00 99.00 99.00 999 1016.7  10.8 999.0   8.2 99.0 99.00 
2024 04 30 22 10 314 14.8 19.0  3.13  7.14  5.94 325 1016.7  10.8 999.0   8.2 99.0 99.00 
2024 04 30 22 20 315 14.7 19.4 99.00 99.00 99.00 999 1016.7  10.8 999.0   8.1 99.0 99.00 
2024 04 30 22 30 313 14.9 19.1 99.00 99.00 99.00 999 1016.6  10.8 999.0   8.0 99.0 99.00 
2024 04 30 22 40 314 15.4 19.0  3.19  7.69  6.16 321 1016.6  10.8 999.0   7.9 99.0 99.00 
2024 04 30 22 50 315 14.6 18.6 99.00 99.00 99.00 999 1016.4  10.8 999.0   8.3 99.0 99.00 
2024 04 30 23 00 315 14.8 19.5 99.00 99.00 99.00 999 1016.3  10.8 999.0   8.4 99.0 99.00 
2024 04 30 23 10 316 15.4 19.8  3.24  7.69  5.90 320 1016.2  10.8 999.0   8.4 99.0 99.00 
2024 04 30 23 20 315 15.5 20.6 99.00 99.00 99.00 999 1016.1  10.8 999.0   8.4 99.0 99.00 
2024 04 30 23 30 316 15.2 19.4 99.00 99.00 99.00 999 1016.1  10.8 999.0   8.5 99.0 99.00 
2024 04 30 23 40 316 15.4 20.3  3.23  7.69  6.03 329 1016.0  10.9 999.0   8.4 99.0 99.00 
2024 04 30 23 50 316 16.1 21.1 99.00 99.00 99.00 999 1015.8  10.9 999.0   8.3 99.0 99.00 