#YY  MM DD hh mm WDIR WSPD GST  WVHT   DPD   APD MWD   PRES  ATMP  WTMP  DEWP  VIS  TIDE
#yr  mo dy hr mn degT m/s  m/s     m   sec   sec deg    hPa  degC  degC  degC  nmi    ft
2024 05 01 00 00 316 16.0 20.5 99.00 99.00 99.00 999 1015.8  10.9 999.0   8.4 99.0 99.00 
2024 05 01 00 10 315 16.6 21.5  3.35  7.69  6.12 330 1015.6  10.9 999.0   8.5 99.0 99.00 
2024 05 01 00 20 314 16.4 21.7 99.00 99.00 99.00 999 1015.6  10.9 999.0   8.6 99.0 99.00 
2024 05 01 00 30 314 16.4 21.6 99.00 99.00 99.00 999 1015.6  11.0 999.0   8.7 99.0 99.00 
2024 05 01 00 40 314 16.4 21.2  3.20  8.33  6.08 326 1015.5  10.9 999.0   8.5 99.0 99.00 
2024 05 01 00 50 315 16.9 21.5 99.00 99.00 99.00 999 1015.6  10.9 999.0   8.5 99.0 99.00 
2024 05 01 01 00 315 16.3 21.3 99.00 99.00 99.00 999 1015.6  10.9 999.0   8.5 99.0 99.00 
2024 05 01 01 10 316 16.7 21.5  3.52  7.69  6.34 326 1015.8  10.9 999.0   8.6 99.0 99.00 
2024 05 01 01 20 316 15.5 19.5 99.00 99.00 99.00 999 1015.9  10.8 999.0   8.7 99.0 99.00 
2024 05 01 01 30 316 15.7 20.7 99.00 99.00 99.00 999 1015.8  10.8 999.0   8.7 99.0 99.00 
2024 05 01 01 40 315 16.5 20.7  3.51  7.69  6.26 328 1015.9  10.8 999.0   8.6 99.0 99.00 
2024 05 01 01 50 316 15.4 19.5 99.00 99.00 99.00 999 1016.0  10.8 999.0   8.6 99.0 99.00 
2024 05 01 02 00 316 15.1 19.0 99.00 99.00 99.00 999 1016.1  10.8 999.0   8.5 99.0 99.00 
2024 05 01 02 10 316 14.8 18.5  3.47  8.33  6.27 323 1015.9  10.8 999.0   8.3 99.0 99.00 
2024 05 01 02 20 314 15.4 20.6 99.00 99.00 99.00 999 1015.7  10.8 999.0   8.3 99.0 99.00 
2024 05 01 02 30 313 15.5 20.0 99.00 99.00 99.00 999 1015.8  10.8 999.0   8.3 99.0 99.00 
2024 05 01 02 40 313 15.3 20.3  3.41  8.33  6.30 323 1015.9  10.8 999.0   8.3 99.0 99.00 
2024 05 01 02 50 314 15.4 19.5 99.00 99.00 99.00 999 1015.9  10.7 999.0   8.3 99.0 99.00 
2024 05 01 03 00 313 15.6 19.8 99.00 99.00 99.00 999 1016.0  10.7 999.0   8.3 99.0 99.00 
2024 05 01 03 10 314 15.7 19.7  3.10  7.69  6.21 324 1016.0  10.7 999.0   8.4 99.0 99.00 
2024 05 01 03 20 313 16.0 19.4 99.00 99.00 99.00 999 1016.0  10.7 999.0   8.4 99.0 99.00 
2024 05 01 03 30 316 15.7 20.7 99.00 99.00 99.00 999 1016.2  10.7 999.0   8.5 99.0 99.00 
2024 05 01 03 40 319 14.8 19.6  3.59  7.69  6.46 330 1016.3  10.6 999.0   8.6 99.0 99.00 
2024 05 01 03 50 315 15.3 19.0 99.00 99.00 99.00 999 1016.2  10.6 999.0   8.6 99.0 99.00 
2024 05 01 04 00 315 15.0 19.7 99.00 99.00 99.00 999 1016.3  10.6 999.0   8.7 99.0 99.00 
2024 05 01 04 10 318 14.4 18.4  3.51  7.14  6.46 328 1016.5  10.5 999.0   8.6 99.0 99.00 
2024 05 01 04 20 320 14.6 18.9 99.00 99.00 99.00 999 1016.7  10.6 999.0   8.7 99.0 99.00 
2024 05 01 04 30 322 14.4 18.1 99.00 99.00 99.00 999 1017.0  10.5 999.0   8.7 99.0 99.00 
2024 05 01 04 40 323 14.1 17.4  3.58  8.33  6.57 318 1017.1  10.5 999.0   8.7 99.0 99.00 
2024 05 01 04 50 322 14.0 18.1 99.00 99.00 99.00 999 1016.8  10.5 999.0   8.7 99.0 99.00 
2024 05 01 05 00 319 14.4 18.0 99.00 99.00 99.00 999 1016.7  10.5 999.0   8.8 99.0 99.00 
2024 05 01 05 10 317 15.2 18.5  3.33  7.69  6.39 327 1016.5  10.5 999.0   8.7 99.0 99.00 
2024 05 01 05 20 318 14.8 18.6 99.00 99.00 99.00 999 1016.4  10.5 999.0   8.7 99.0 99.00 
2024 05 01 05 30 317 15.2 19.4 99.00 99.00 99.00 999 1016.3  10.5 999.0   8.7 99.0 99.00 
2024 05 01 05 40 317 14.9 18.5  3.49  7.69  6.49 325 1016.2  10.5 999.0   8.6 99.0 99.00 
2024 05 01 05 50 320 14.6 19.0 99.00 99.00 99.00 999 1016.5  10.5 999.0   8.6 99.0 99.00 
2024 05 01 06 00 321 15.0 19.3 99.00 99.00 99.00 999 1016.7  10.5 999.0   8.6 99.0 99.00 
2024 05 01 06 10 999 99.0 99.0 99.00 99.00 99.00 999 1016.6 999.0 999.0 999.0 99.0 99.00 
2024 05 01 06 20 319 14.4 18.9 99.00 99.00 99.00 999 1016.6  10.6 999.0   8.5 99.0 99.00 
2024 05 01 06 30 319 13.9 17.3 99.00 99.00 99.00 999 1016.6  10.5 999.0   8.4 99.0 99.00 
2024 05 01 06 40 318 13.2 17.3  3.52  9.09  6.71 319 1016.6  10.5 999.0   8.5 99.0 99.00 
2024 05 01 06 50 318 13.6 16.8 99.00 99.00 99.00 999 1016.6  10.5 999.0   8.5 99.0 99.00 
2024 05 01 07 00 318 13.8 17.5 99.00 99.00 99.00 999 1016.5  10.5 999.0   8.5 99.0 99.00 
2024 05 01 07 10 318 14.0 17.7  3.44 12.12  6.53 321 1016.4  10.5 999.0   8.3 99.0 99.00 
2024 05 01 07 20 319 14.3 17.3 99.00 99.00 99.00 999 1016.3  10.6 999.0   8.4 99.0 99.00 
2024 05 01 07 30 318 14.1 17.3 99.00 99.00 99.00 999 1016.3  10.5 999.0   8.4 99.0 99.00 
2024 05 01 07 40 318 14.2 17.7  3.35  7.69  6.59 328 1016.2  10.5 999.0   8.4 99.0 99.00 
2024 05 01 07 50 319 14.1 17.2 99.00 99.00 99.00 999 1016.4  10.5 999.0   8.4 99.0 99.00 
2024 05 01 08 00 320 13.4 16.7 99.00 99.00 99.00 999 1016.6  10.4 999.0   8.4 99.0 99.00 
2024 05 01 08 10 320 13.6 16.9  3.49  9.09  6.76 315 1016.5  10.5 999.0   8.3 99.0 99.00 
2024 05 01 08 20 321 13.9 17.9 99.00 99.00 99.00 999 1016.5  10.4 999.0   8.3 99.0 99.00 
2024 05 01 08 30 321 13.9 17.0 99.00 99.00 99.00 999 1016.4  10.4 999.0   8.3 99.0 99.00 
2024 05 01 08 40 321 13.5 16.7  3.31  9.09  6.45 323 1016.5  10.4 999.0   8.4 99.0 99.00 
2024 05 01 08 50 321 13.7 16.8 99.00 99.00 99.00 999 1016.5  10.4 999.0   8.4 99.0 99.00 
2024 05 01 09 00 319 13.8 18.0 99.00 99.00 99.00 999 1016.4  10.3 999.0   8.3 99.0 99.00 
2024 05 01 09 10 317 13.8 17.4  3.12  8.33  6.48 316 1016.2  10.3 999.0   8.4 99.0 99.00 
2024 05 01 09 20 315 13.8 16.9 99.00 99.00 99.00 999 1016.3  10.3 999.0   8.4 99.0 99.00 
2024 05 01 09 30 315 13.2 16.8 99.00 99.00 99.00 999 1016.4  10.3 999.0   8.4 99.0 99.00 
2024 05 01 09 40 316 13.6 16.9  3.04  8.33  6.41 323 1016.4  10.3 999.0   8.4 99.0 99.00 
2024 05 01 09 50 316 13.0 16.4 99.00 99.00 99.00 999 1016.3  10.3 999.0   8.4 99.0 99.00 
2024 05 01 10 00 316 13.5 17.4 99.00 99.00 99.00 999 1016.1  10.2 999.0   8.3 99.0 99.00 
2024 05 01 10 10 314 13.7 17.0  3.13  8.33  6.24 316 1016.1  10.2 999.0   8.3 99.0 99.00 
2024 05 01 10 20 317 13.7 17.0 99.00 99.00 99.00 999 1016.1  10.2 999.0   8.3 99.0 99.00 
2024 05 01 10 30 318 13.5 17.1 99.00 99.00 99.00 999 1016.1  10.3 999.0   8.4 99.0 99.00 
2024 05 01 10 40 319 13.2 16.9  2.90  8.33  6.16 318 1016.1  10.3 999.0   8.3 99.0 99.00 
2024 05 01 10 50 318 13.5 17.2 99.00 99.00 99.00 999 1016.2  10.3 999.0   8.2 99.0 99.00 
2024 05 01 11 00 318 13.4 17.2 99.00 99.00 99.00 999 1016.3  10.3 999.0   8.2 99.0 99.00 
2024 05 01 11 10 320 13.0 17.0  2.93  8.33  6.23 321 1016.3  10.3 999.0   8.2 99.0 99.00 
2024 05 01 11 20 321 12.8 16.0 99.00 99.00 99.00 999 1016.3  10.3 999.0   8.2 99.0 99.00 
2024 05 01 11 30 320 13.1 16.1 99.00 99.00 99.00 999 1016.3  10.3 999.0   8.2 99.0 99.00 
2024 05 01 11 40 319 13.4 16.3  3.07  9.09  6.31 325 1016.2  10.3 999.0   8.1 99.0 99.00 
2024 05 01 11 50 319 13.1 16.3 99.00 99.00 99.00 999 1016.2  10.3 999.0   8.3 99.0 99.00 
2024 05 01 12 00 320 12.7 15.8 99.00 99.00 99.00 999 1016.2  10.2 999.0   8.2 99.0 99.00 
2024 05 01 12 10 321 12.4 15.2  3.01 11.43  6.38 315 1016.2  10.3 999.0   8.2 99.0 99.00 
2024 05 01 12 20 321 12.5 15.7 99.00 99.00 99.00 999 1016.2  10.3 999.0   8.2 99.0 99.00 
2024 05 01 12 30 319 13.1 16.4 99.00 99.00 99.00 999 1016.1  10.3 999.0   8.2 99.0 99.00 
2024 05 01 12 40 319 13.0 16.1  2.84  9.09  6.22 321 1016.2  10.3 999.0   8.1 99.0 99.00 
2024 05 01 12 50 320 13.2 15.8 99.00 99.00 99.00 999 1016.2  10.3 999.0   8.0 99.0 99.00 
2024 05 01 13 00 320 12.9 16.2 99.00 99.00 99.00 999 1016.3  10.3 999.0   8.0 99.0 99.00 
2024 05 01 13 10 319 13.1 16.2 99.00 99.00 99.00 999 1016.3  10.3 999.0   8.1 99.0 99.00 
2024 05 01 13 20 319 12.6 16.0 99.00 99.00 99.00 999 1016.6  10.2 999.0   8.1 99.0 99.00 
2024 05 01 13 30 322 11.8 15.2 99.00 99.00 99.00 999 1016.8  10.2 999.0   8.0 99.0 99.00 
2024 05 01 13 40 323 11.2 14.1  2.97 10.00  6.38 310 1016.7  10.1 999.0   8.1 99.0 99.00 
2024 05 01 13 50 321 12.3 14.8 99.00 99.00 99.00 999 1016.8  10.2 999.0   8.0 99.0 99.00 
2024 05 01 14 00 318 13.1 15.9 99.00 99.00 99.00 999 1016.7  10.2 999.0   8.1 99.0 99.00 
2024 05 01 14 10 317 13.2 16.7  2.86 11.43  6.30 324 1016.8  10.2 999.0   8.2 99.0 99.00 
2024 05 01 14 20 316 13.0 16.7 99.00 99.00 99.00 999 1016.8  10.2 999.0   8.2 99.0 99.00 
2024 05 01 14 30 317 13.3 16.1 99.00 99.00 99.00 999 1016.9  10.2 999.0   8.2 99.0 99.00 
2024 05 01 14 40 316 13.0 17.0  2.92 10.81  6.34 312 1016.9  10.1 999.0   8.3 99.0 99.00 
2024 05 01 14 50 317 12.7 16.5 99.00 99.00 99.00 999 1016.9  10.1 999.0   8.3 99.0 99.00 
2024 05 01 15 00 319 12.1 14.7 99.00 99.00 99.00 999 1016.9  10.1 999.0   8.3 99.0 99.00 
2024 05 01 15 10 319 12.9 15.4  2.96 10.81  6.20 314 1017.0  10.1 999.0   8.3 99.0 99.00 
2024 05 01 15 20 320 12.9 15.5 99.00 99.00 99.00 999 1017.1  10.2 999.0   8.4 99.0 99.00 
2024 05 01 15 30 318 12.7 15.4 99.00 99.00 99.00 999 1017.1  10.1 999.0   8.3 99.0 99.00 
2024 05 01 15 40 317 13.0 16.2  3.01 11.43  6.34 311 1017.0  10.2 999.0   8.2 99.0 99.00 
2024 05 01 15 50 317 12.6 15.8 99.00 99.00 99.00 999 1017.0  10.2 999.0   8.3 99.0 99.00 
2024 05 01 16 00 314 12.9 16.3 99.00 99.00 99.00 999 1016.9  10.2 999.0   8.3 99.0 99.00 
2024 05 01 16 10 313 13.1 17.6  3.01 10.81  6.42 307 1017.0  10.2 999.0   8.3 99.0 99.00 
2024 05 01 16 20 312 13.1 16.0 99.00 99.00 99.00 999 1017.2  10.2 999.0   8.4 99.0 99.00 
2024 05 01 16 30 311 13.3 16.0 99.00 99.00 99.00 999 1017.2  10.3 999.0   8.3 99.0 99.00 
2024 05 01 16 40 314 12.8 15.9  3.07  9.09  6.57 314 1017.3  10.3 999.0   8.4 99.0 99.00 
2024 05 01 16 50 313 13.0 16.5 99.00 99.00 99.00 999 1017.2  10.3 999.0   8.2 99.0 99.00 
2024 05 01 17 00 316 12.8 16.4 99.00 99.00 99.00 999 1017.4  10.4 999.0   8.2 99.0 99.00 
2024 05 01 17 10 317 12.5 16.0  3.20 10.00  6.71 314 1017.4  10.4 999.0   8.1 99.0 99.00 
2024 05 01 17 20 317 12.6 15.4 99.00 99.00 99.00 999 1017.4  10.5 999.0   8.1 99.0 99.00 
2024 05 01 17 30 318 12.4 15.4 99.00 99.00 99.00 999 1017.5  10.5 999.0   8.1 99.0 99.00 
2024 05 01 17 40 318 12.4 15.6  2.92  9.09  6.36 311 1017.5  10.6 999.0   8.2 99.0 99.00 
2024 05 01 17 50 318 12.2 15.0 99.00 99.00 99.00 999 1017.5  10.5 999.0   8.1 99.0 99.00 
2024 05 01 18 00 316 12.1 14.7 99.00 99.00 99.00 999 1017.5  10.5 999.0   8.4 99.0 99.00 
2024 05 01 18 10 314 12.0 15.0  2.82  9.09  6.38 319 1017.5  10.5 999.0   8.5 99.0 99.00 
2024 05 01 18 20 312 12.2 14.7 99.00 99.00 99.00 999 1017.5  10.6 999.0   8.4 99.0 99.00 
2024 05 01 18 30 311 12.7 16.0 99.00 99.00 99.00 999 1017.4  10.7 999.0   8.2 99.0 99.00 
2024 05 01 18 40 310 12.7 15.7  3.12  9.09  6.51 318 1017.3  10.7 999.0   8.1 99.0 99.00 
2024 05 01 18 50 309 13.1 16.4 99.00 99.00 99.00 999 1017.1  10.7 999.0   8.1 99.0 99.00 
2024 05 01 19 00 310 13.2 17.0 99.00 99.00 99.00 999 1017.1  10.7 999.0   8.1 99.0 99.00 
2024 05 01 19 10 312 13.0 16.9  2.89 10.00  6.31 311 1017.1  10.7 999.0   8.2 99.0 99.00 
2024 05 01 19 20 314 12.9 15.8 99.00 99.00 99.00 999 1017.0  10.7 999.0   8.3 99.0 99.00 
2024 05 01 19 30 313 12.8 16.2 99.00 99.00 99.00 999 1017.0  10.8 999.0   8.3 99.0 99.00 
2024 05 01 19 40 314 12.8 15.5  2.84  8.33  6.03 324 1016.9  10.8 999.0   8.4 99.0 99.00 
2024 05 01 19 50 314 12.5 16.4 99.00 99.00 99.00 999 1016.9  10.8 999.0   8.3 99.0 99.00 
2024 05 01 20 00 314 12.5 16.2 99.00 99.00 99.00 999 1016.8  10.8 999.0   8.2 99.0 99.00 
2024 05 01 20 10 314 12.6 16.0  2.78  7.69  5.99 316 1016.6  10.9 999.0   8.2 99.0 99.00 
2024 05 01 20 20 313 12.6 15.3 99.00 99.00 99.00 999 1016.4  10.9 999.0   8.2 99.0 99.00 
2024 05 01 20 30 313 13.1 16.4 99.00 99.00 99.00 999 1016.2  10.9 999.0   8.3 99.0 99.00 
2024 05 01 20 40 311 13.7 17.1  2.93  9.09  6.17 317 1016.1  10.9 999.0   8.3 99.0 99.00 
2024 05 01 20 50 313 13.8 17.2 99.00 99.00 99.00 999 1016.2  10.9 999.0   8.4 99.0 99.00 
2024 05 01 21 00 315 13.7 16.3 99.00 99.00 99.00 999 1016.1  10.9 999.0   8.5 99.0 99.00 
2024 05 01 21 10 314 13.9 18.6  2.98  8.33  6.20 320 1015.8  10.9 999.0   8.5 99.0 99.00 
2024 05 01 21 20 314 14.8 18.9 99.00 99.00 99.00 999 1015.8  10.9 999.0   8.4 99.0 99.00 
2024 05 01 21 30 313 15.3 18.7 99.00 99.00 99.00 999 1015.7  11.0 999.0   8.4 99.0 99.00 
2024 05 01 21 40 313 15.2 19.1  3.04  8.33  5.96 326 1015.6  11.0 999.0   8.4 99.0 99.00 
2024 05 01 21 50 314 14.6 18.4 99.00 99.00 99.00 999 1015.6  11.0 999.0   8.5 99.0 99.00 
2024 05 01 22 00 313 14.6 18.3 99.00 99.00 99.00 999 1015.7  11.0 999.0   8.4 99.0 99.00 
2024 05 01 22 10 313 14.9 18.1  3.12  8.33  6.06 322 1015.6  11.1 999.0   8.3 99.0 99.00 
2024 05 01 22 20 314 14.8 18.8 99.00 99.00 99.00 999 1015.5  11.1 999.0   8.2 99.0 99.00 
2024 05 01 22 30 313 15.0 18.9 99.00 99.00 99.00 999 1015.5  11.1 999.0   8.2 99.0 99.00 
2024 05 01 22 40 312 15.4 19.0  3.07  7.14  5.93 318 1015.2  11.1 999.0   8.2 99.0 99.00 
2024 05 01 22 50 312 16.1 19.1 99.00 99.00 99.00 999 1015.3  11.1 999.0   8.1 99.0 99.00 
2024 05 01 23 00 311 15.3 18.7 99.00 99.00 99.00 999 1015.3  11.1 999.0   8.2 99.0 99.00 
2024 05 01 23 10 310 15.0 19.3  3.00  8.33  6.00 320 1015.1  11.1 999.0   8.2 99.0 99.00 
2024 05 01 23 20 309 14.7 19.1 99.00 99.00 99.00 999 1015.0  11.1 999.0   8.2 99.0 99.00 
2024 05 01 23 30 310 15.3 19.0 99.00 99.00 99.00 999 1014.8  11.1 999.0   8.2 99.0 99.00 
2024 05 01 23 40 310 15.2 19.2  3.16  9.09  6.11 318 1014.8  11.1 999.0   8.1 99.0 99.00 
2024 05 01 23 50 311 15.3 18.7 99.00 99.00 99.00 999 1014.9  11.1 999.0   8.0 99.0 99.00 
2024 05 02 00 00 312 15.3 18.6 99.00 99.00 99.00 999 1014.8  11.1 999.0   8.1 99.0 99.00 
2024 05 02 00 10 312 15.8 20.7  3.11  8.33  6.12 320 1014.7  11.2 999.0   8.2 99.0 99.00 
2024 05 02 00 20 313 15.6 19.9 99.00 99.00 99.00 999 1014.7  11.2 999.0   8.3 99.0 99.00 
2024 05 02 00 30 312 15.7 20.4 99.00 99.00 99.00 999 1014.8  11.2 999.0   8.3 99.0 99.00 
2024 05 02 00 40 312 15.3 20.7  3.03  7.69  6.01 330 1014.8  11.2 999.0   8.3 99.0 99.00 
2024 05 02 00 50 313 15.7 20.5 99.00 99.00 99.00 999 1014.8  11.2 999.0   8.3 99.0 99.00 
2024 05 02 01 00 312 15.2 20.9 99.00 99.00 99.00 999 1014.9  11.2 999.0   8.3 99.0 99.00 
2024 05 02 01 10 313 15.5 19.3  3.06  7.69  6.06 323 1014.8  11.2 999.0   8.2 99.0 99.00 
2024 05 02 01 20 313 15.5 19.3 99.00 99.00 99.00 999 1014.7  11.3 999.0   8.3 99.0 99.00 
2024 05 02 01 30 312 15.6 19.9 99.00 99.00 99.00 999 1014.7  11.2 999.0   8.4 99.0 99.00 
2024 05 02 01 40 312 15.6 19.5  3.07  8.33  5.99 315 1014.7  11.2 999.0   8.6 99.0 99.00 
2024 05 02 01 50 311 15.3 18.9 99.00 99.00 99.00 999 1014.7  11.1 999.0   8.5 99.0 99.00 
2024 05 02 02 00 312 15.0 18.8 99.00 99.00 99.00 999 1014.7  11.1 999.0   8.5 99.0 99.00 
2024 05 02 02 10 312 14.5 17.5  3.12  7.69  6.18 322 1014.9  11.1 999.0   8.3 99.0 99.00 
2024 05 02 02 20 314 14.3 17.5 99.00 99.00 99.00 999 1014.8  11.1 999.0   8.2 99.0 99.00 
2024 05 02 02 30 312 15.1 18.4 99.00 99.00 99.00 999 1014.7  11.2 999.0   8.1 99.0 99.00 
2024 05 02 02 40 311 15.6 19.5  3.11  8.33  6.10 320 1014.7  11.2 999.0   8.1 99.0 99.00 
2024 05 02 02 50 312 15.3 19.4 99.00 99.00 99.00 999 1015.0  11.2 999.0   8.2 99.0 99.00 
2024 05 02 03 00 315 14.7 18.5 99.00 99.00 99.00 999 1015.1  11.1 999.0   8.1 99.0 99.00 
2024 05 02 03 10 314 14.7 18.8  3.20  7.69  6.00 331 1015.1  11.1 999.0   8.2 99.0 99.00 
2024 05 02 03 20 312 15.0 18.5 99.00 99.00 99.00 999 1015.2  11.1 999.0   8.2 99.0 99.00 
2024 05 02 03 30 313 15.0 18.7 99.00 99.00 99.00 999 1015.2  11.1 999.0   8.2 99.0 99.00 
2024 05 02 03 40 314 14.8 18.8  3.10  6.25  6.05 317 1015.3  11.1 999.0   8.3 99.0 99.00 
2024 05 02 03 50 315 14.7 18.3 99.00 99.00 99.00 999 1015.6  11.1 999.0   8.3 99.0 99.00 
2024 05 02 04 00 319 13.7 16.9 99.00 99.00 99.00 999 1015.9  11.2 999.0   8.5 99.0 99.00 
2024 05 02 04 10 320 13.1 16.5  3.04  8.33  6.13 327 1016.0  11.1 999.0   8.5 99.0 99.00 
2024 05 02 04 20 319 13.8 17.3 99.00 99.00 99.00 999 1015.7  11.0 999.0   8.6 99.0 99.00 
2024 05 02 04 30 315 14.8 18.6 99.00 99.00 99.00 999 1015.7  11.0 999.0   8.8 99.0 99.00 
2024 05 02 04 40 317 14.0 17.2  3.11  8.33  6.18 330 1015.9  11.0 999.0   8.8 99.0 99.00 
2024 05 02 04 50 319 13.8 17.4 99.00 99.00 99.00 999 1015.9  11.0 999.0   8.8 99.0 99.00 
2024 05 02 05 00 318 14.0 17.9 99.00 99.00 99.00 999 1015.8  11.0 999.0   8.8 99.0 99.00 
2024 05 02 05 10 318 14.1 17.8  3.11  8.33  6.01 327 1016.0  10.9 999.0   8.8 99.0 99.00 
2024 05 02 05 20 319 14.3 18.1 99.00 99.00 99.00 999 1016.2  10.9 999.0   8.8 99.0 99.00 
2024 05 02 05 30 318 14.3 18.0 99.00 99.00 99.00 999 1016.0  10.8 999.0   8.8 99.0 99.00 
2024 05 02 05 40 317 14.8 18.4  3.22  8.33  6.11 321 1016.0  10.8 999.0   8.7 99.0 99.00 
2024 05 02 05 50 316 14.4 18.3 99.00 99.00 99.00 999 1016.2  10.8 999.0   8.8 99.0 99.00 
2024 05 02 06 00 317 14.3 17.7 99.00 99.00 99.00 999 1016.3  10.7 999.0   8.6 99.0 99.00 
2024 05 02 06 10 316 14.4 18.6  2.94  8.33  6.15 318 1016.3  10.7 999.0   8.6 99.0 99.00 
2024 05 02 06 20 317 13.9 17.8 99.00 99.00 99.00 999 1016.3  10.7 999.0   8.5 99.0 99.00 
2024 05 02 06 30 317 13.9 17.6 99.00 99.00 99.00 999 1016.3  10.7 999.0   8.4 99.0 99.00 
2024 05 02 06 40 317 13.5 16.9  2.96  8.33  5.98 319 1016.2  10.7 999.0   8.4 99.0 99.00 
2024 05 02 06 50 316 13.6 17.4 99.00 99.00 99.00 999 1016.0  10.8 999.0   8.4 99.0 99.00 
2024 05 02 07 00 315 14.5 17.6 99.00 99.00 99.00 999 1015.9  10.8 999.0   8.2 99.0 99.00 
2024 05 02 07 10 316 14.0 16.8  2.93  7.14  6.00 321 1015.9  10.8 999.0   8.3 99.0 99.00 
2024 05 02 07 20 315 14.2 18.1 99.00 99.00 99.00 999 1015.8  10.8 999.0   8.2 99.0 99.00 
2024 05 02 07 30 315 14.4 17.8 99.00 99.00 99.00 999 1015.7  10.9 999.0   8.4 99.0 99.00 
2024 05 02 07 40 316 14.3 18.8  2.88  7.69  5.94 322 1015.6  10.9 999.0   8.4 99.0 99.00 
2024 05 02 07 50 316 15.1 18.7 99.00 99.00 99.00 999 1015.6  10.8 999.0   8.3 99.0 99.00 
2024 05 02 08 00 317 14.6 19.9 99.00 99.00 99.00 999 1015.6  10.8 999.0   8.4 99.0 99.00 
2024 05 02 08 10 317 14.8 19.1  3.05  7.69  6.11 324 1015.7  10.7 999.0   8.5 99.0 99.00 
2024 05 02 08 20 316 14.8 18.4 99.00 99.00 99.00 999 1016.0  10.7 999.0   8.6 99.0 99.00 
2024 05 02 08 30 318 14.0 17.1 99.00 99.00 99.00 999 1016.3  10.6 999.0   8.6 99.0 99.00 
2024 05 02 08 40 318 14.2 17.9  3.01  7.69  6.11 321 1016.4  10.6 999.0   8.8 99.0 99.00 
2024 05 02 08 50 320 13.4 16.8 99.00 99.00 99.00 999 1016.5  10.5 999.0   8.9 99.0 99.00 
2024 05 02 09 00 322 12.4 15.8 99.00 99.00 99.00 999 1016.5  10.5 999.0   8.9 99.0 99.00 
2024 05 02 09 10 322 12.8 16.9  2.92  8.33  6.05 311 1016.1  10.6 999.0   9.0 99.0 99.00 
2024 05 02 09 20 318 14.6 18.5 99.00 99.00 99.00 999 1016.1  10.6 999.0   9.2 99.0 99.00 
2024 05 02 09 30 318 13.6 16.8 99.00 99.00 99.00 999 1016.3  10.5 999.0   9.2 99.0 99.00 
2024 05 02 09 40 320 13.2 16.3  3.07  7.14  6.03 316 1016.4  10.5 999.0   9.2 99.0 99.00 
2024 05 02 09 50 318 12.7 15.7 99.00 99.00 99.00 999 1016.1  10.5 999.0   9.2 99.0 99.00 
2024 05 02 10 00 320 13.1 16.4 99.00 99.00 99.00 999 1015.9  10.4 999.0   9.2 99.0 99.00 
2024 05 02 10 10 320 14.1 17.4  3.15  7.69  6.09 319 1015.9  10.5 999.0   9.2 99.0 99.00 
2024 05 02 10 20 319 13.9 17.7 99.00 99.00 99.00 999 1016.0  10.4 999.0   9.2 99.0 99.00 
2024 05 02 10 30 317 14.1 18.3 99.00 99.00 99.00 999 1016.2  10.4 999.0   9.3 99.0 99.00 
2024 05 02 10 40 316 13.6 17.0  3.35  7.14  6.27 323 1016.3  10.4 999.0   9.3 99.0 99.00 
2024 05 02 10 50 317 13.1 16.8 99.00 99.00 99.00 999 1016.5  10.4 999.0   9.3 99.0 99.00 
2024 05 02 11 00 318 12.2 15.1 99.00 99.00 99.00 999 1016.6  10.4 999.0   9.3 99.0 99.00 
2024 05 02 11 10 319 12.4 16.0  2.72  7.69  5.95 322 1016.6  10.4 999.0   9.3 99.0 99.00 
2024 05 02 11 20 317 13.2 16.3 99.00 99.00 99.00 999 1016.5  10.5 999.0   9.5 99.0 99.00 
2024 05 02 11 30 316 13.5 17.0 99.00 99.00 99.00 999 1016.5  10.4 999.0   9.5 99.0 99.00 
2024 05 02 11 40 317 12.9 15.9  2.88  8.33  5.88 326 1016.6  10.3 999.0   9.5 99.0 99.00 
2024 05 02 11 50 318 12.0 14.8 99.00 99.00 99.00 999 1016.6  10.3 999.0   9.5 99.0 99.00 
2024 05 02 12 00 318 12.5 15.8 99.00 99.00 99.00 999 1016.4  10.4 999.0   9.6 99.0 99.00 
2024 05 02 12 10 318 13.3 16.7  2.76  7.14  5.92 326 1016.3  10.4 999.0   9.6 99.0 99.00 
2024 05 02 12 20 317 13.3 17.8 99.00 99.00 99.00 999 1016.4  10.4 999.0   9.6 99.0 99.00 
2024 05 02 12 30 317 13.3 16.2 99.00 99.00 99.00 999 1016.6  10.4 999.0   9.7 99.0 99.00 
2024 05 02 12 40 318 12.9 17.1  2.36  7.69  5.55 316 1016.8  10.3 999.0   9.8 99.0 99.00 
2024 05 02 12 50 319 13.3 16.4 99.00 99.00 99.00 999 1016.9  10.2 999.0   9.9 99.0 99.00 
2024 05 02 13 00 317 12.9 16.5 99.00 99.00 99.00 999 1017.0  10.0 999.0   9.8 99.0 99.00 
2024 05 02 13 10 318 13.2 16.6  2.53  7.14  5.56 317 1017.0  10.0 999.0   9.9 99.0 99.00 
2024 05 02 13 20 317 13.2 16.3 99.00 99.00 99.00 999 1017.1   9.9 999.0   9.8 99.0 99.00 
2024 05 02 13 30 317 12.9 15.8 99.00 99.00 99.00 999 1017.2   9.9 999.0   9.8 99.0 99.00 
2024 05 02 13 40 317 12.7 16.0  2.47  6.67  5.54 317 1017.3   9.9 999.0   9.9 99.0 99.00 
2024 05 02 13 50 316 12.5 16.0 99.00 99.00 99.00 999 1017.4   9.9 999.0   9.9 99.0 99.00 
2024 05 02 14 00 316 12.7 15.5 99.00 99.00 99.00 999 1017.4   9.9 999.0   9.8 99.0 99.00 
2024 05 02 14 10 316 12.3 15.2  2.23  7.14  5.39 315 1017.5   9.8 999.0   9.7 99.0 99.00 
2024 05 02 14 20 314 12.5 15.9 99.00 99.00 99.00 999 1017.4   9.9 999.0   9.8 99.0 99.00 
2024 05 02 14 30 315 13.0 16.2 99.00 99.00 99.00 999 1017.5   9.8 999.0   9.7 99.0 99.00 
2024 05 02 14 40 315 13.3 16.7  2.20  6.67  5.35 323 1017.7   9.8 999.0   9.8 99.0 99.00 
2024 05 02 14 50 314 12.9 15.6 99.00 99.00 99.00 999 1017.6   9.8 999.0   9.8 99.0 99.00 
2024 05 02 15 00 313 13.1 16.4 99.00 99.00 99.00 999 1017.7   9.8 999.0   9.8 99.0 99.00 
2024 05 02 15 10 312 12.5 14.8  2.07  6.67  5.24 318 1017.9   9.8 999.0   9.8 99.0 99.00 
2024 05 02 15 20 312 12.9 15.2 99.00 99.00 99.00 999 1018.0   9.8 999.0   9.8 99.0 99.00 
2024 05 02 15 30 312 12.1 15.0 99.00 99.00 99.00 999 1018.0   9.9 999.0   9.9 99.0 99.00 
2024 05 02 15 40 313 12.7 15.3  2.06  7.14  5.20 311 1018.1   9.9 999.0   9.9 99.0 99.00 
2024 05 02 15 50 313 12.5 15.2 99.00 99.00 99.00 999 1018.1   9.8 999.0   9.8 99.0 99.00 
2024 05 02 16 00 312 12.9 15.5 99.00 99.00 99.00 999 1018.1   9.9 999.0   9.9 99.0 99.00 
2024 05 02 16 10 312 12.4 15.5  2.04  5.88  5.10 317 1018.2   9.9 999.0   9.9 99.0 99.00 
2024 05 02 16 20 312 12.7 15.9 99.00 99.00 99.00 999 1018.1   9.9 999.0   9.9 99.0 99.00 
2024 05 02 16 30 311 12.4 14.8 99.00 99.00 99.00 999 1018.1  10.0 999.0  10.0 99.0 99.00 
2024 05 02 16 40 311 12.4 15.0  1.89  7.14  5.06 306 1018.0  10.1 999.0  10.1 99.0 99.00 
2024 05 02 16 50 309 11.8 14.5 99.00 99.00 99.00 999 1017.9  10.1 999.0  10.1 99.0 99.00 
2024 05 02 17 00 308 12.0 14.3 99.00 99.00 99.00 999 1017.8  10.1 999.0  10.1 99.0 99.00 
2024 05 02 17 10 308 12.1 15.0  1.92  6.67  5.04 318 1017.7  10.1 999.0  10.1 99.0 99.00 
2024 05 02 17 20 308 12.4 14.7 99.00 99.00 99.00 999 1017.6  10.2 999.0  10.2 99.0 99.00 
2024 05 02 17 30 308 12.4 15.3 99.00 99.00 99.00 999 1017.7  10.2 999.0  10.2 99.0 99.00 
2024 05 02 17 40 308 12.4 15.3  1.78  5.88  4.74 314 1017.6  10.3 999.0  10.3 99.0 99.00 
2024 05 02 17 50 308 12.4 15.1 99.00 99.00 99.00 999 1017.5  10.3 999.0  10.3 99.0 99.00 
2024 05 02 18 00 307 12.6 15.7 99.00 99.00 99.00 999 1017.5  10.3 999.0  10.3 99.0 99.00 
2024 05 02 18 10 307 12.4 15.1  2.04  5.56  4.95 315 1017.6  10.3 999.0  10.3 99.0 99.00 
2024 05 02 18 20 306 12.5 15.7 99.00 99.00 99.00 999 1017.6  10.3 999.0  10.3 99.0 99.00 
2024 05 02 18 30 306 12.7 15.7 99.00 99.00 99.00 999 1017.6  10.3 999.0  10.3 99.0 99.00 
2024 05 02 18 40 305 12.7 15.5  1.98  6.25  5.11 310 1017.5  10.4 999.0  10.4 99.0 99.00 
2024 05 02 18 50 305 12.8 15.2 99.00 99.00 99.00 999 1017.4  10.5 999.0  10.5 99.0 99.00 
2024 05 02 19 00 305 13.1 16.5 99.00 99.00 99.00 999 1017.4  10.5 999.0  10.5 99.0 99.00 
2024 05 02 19 10 305 12.8 15.7  1.80  5.56  4.81 322 1017.4  10.6 999.0  10.5 99.0 99.00 
2024 05 02 19 20 305 12.6 15.6 99.00 99.00 99.00 999 1017.2  10.6 999.0  10.5 99.0 99.00 
2024 05 02 19 30 306 12.9 15.7 99.00 99.00 99.00 999 1017.1  10.6 999.0  10.5 99.0 99.00 
2024 05 02 19 40 305 13.1 16.1  1.86  5.88  4.76 319 1017.1  10.6 999.0  10.5 99.0 99.00 
2024 05 02 19 50 303 12.7 16.1 99.00 99.00 99.00 999 1017.1  10.6 999.0  10.6 99.0 99.00 
2024 05 02 20 00 304 12.6 15.3 99.00 99.00 99.00 999 1017.1  10.6 999.0  10.6 99.0 99.00 
2024 05 02 20 10 306 12.6 16.0  1.84  6.25  4.76 310 1017.0  10.7 999.0  10.7 99.0 99.00 
2024 05 02 20 20 306 13.0 16.8 99.00 99.00 99.00 999 1016.9  10.8 999.0  10.7 99.0 99.00 
2024 05 02 20 30 307 12.9 15.8 99.00 99.00 99.00 999 1016.9  10.7 999.0  10.7 99.0 99.00 
2024 05 02 20 40 305 12.9 15.8  1.84  5.26  4.66 323 1016.7  10.7 999.0  10.7 99.0 99.00 
2024 05 02 20 50 302 13.0 16.4 99.00 99.00 99.00 999 1016.7  10.8 999.0  10.8 99.0 99.00 
2024 05 02 21 00 302 13.3 16.0 99.00 99.00 99.00 999 1016.8  10.8 999.0  10.8 99.0 99.00 
2024 05 02 21 10 302 13.1 15.8  1.72  5.00  4.50 320 1016.7  10.8 999.0  10.8 99.0 99.00 
2024 05 02 21 20 303 13.6 16.8 99.00 99.00 99.00 999 1016.5  10.9 999.0  10.9 99.0 99.00 
2024 05 02 21 30 304 13.7 17.4 99.00 99.00 99.00 999 1016.5  10.9 999.0  10.9 99.0 99.00 
2024 05 02 21 40 308 13.6 17.8  1.92  5.00  4.62 325 1016.4  10.9 999.0  10.9 99.0 99.00 
2024 05 02 21 50 309 14.1 17.8 99.00 99.00 99.00 999 1016.3  10.9 999.0  10.9 99.0 99.00 
2024 05 02 22 00 309 14.4 17.5 99.00 99.00 99.00 999 1016.3  11.1 999.0  11.1 99.0 99.00 
2024 05 02 22 10 308 13.9 17.4  1.82  5.00  4.52 324 1016.3  11.1 999.0  11.1 99.0 99.00 
2024 05 02 22 20 308 13.8 17.6 99.00 99.00 99.00 999 1016.3  11.0 999.0  11.0 99.0 99.00 
2024 05 02 22 30 307 14.2 17.3 99.00 99.00 99.00 999 1016.2  11.0 999.0  11.0 99.0 99.00 
2024 05 02 22 40 307 14.6 18.4  1.79  5.00  4.53 321 1016.1  11.0 999.0  11.0 99.0 99.00 
2024 05 02 22 50 307 14.7 18.1 99.00 99.00 99.00 999 1016.1  11.1 999.0  11.1 99.0 99.00 
2024 05 02 23 00 307 13.6 16.7 99.00 99.00 99.00 999 1016.1  11.0 999.0  11.0 99.0 99.00 
2024 05 02 23 10 308 13.6 17.0  1.93  5.00  4.52 320 1016.0  11.0 999.0  11.0 99.0 99.00 
2024 05 02 23 20 308 13.6 17.7 99.00 99.00 99.00 999 1015.9  11.0 999.0  11.0 99.0 99.00 
2024 05 02 23 30 308 13.4 16.5 99.00 99.00 99.00 999 1015.9  11.0 999.0  11.0 99.0 99.00 
2024 05 02 23 40 309 14.1 17.5  1.70  5.00  4.44 331 1015.8  10.9 999.0  10.9 99.0 99.00 
2024 05 02 23 50 310 14.4 17.8 99.00 99.00 99.00 999 1015.7  10.9 999.0  10.9 99.0 99.00 
2024 05 03 00 00 309 13.8 16.9 99.00 99.00 99.00 999 1015.8  10.9 999.0  10.9 99.0 99.00 
2024 05 03 00 10 308 13.6 16.9  1.80  5.56  4.50 323 1015.7  11.0 999.0  11.0 99.0 99.00 
2024 05 03 00 20 308 13.3 16.5 99.00 99.00 99.00 999 1015.7  11.0 999.0  11.0 99.0 99.00 
2024 05 03 00 30 309 13.6 16.5 99.00 99.00 99.00 999 1015.7  11.0 999.0  11.0 99.0 99.00 
2024 05 03 00 40 306 12.8 16.7  1.86  5.56  4.70 325 1015.8  11.0 999.0  11.0 99.0 99.00 
2024 05 03 00 50 305 12.5 15.3 99.00 99.00 99.00 999 1015.8  11.0 999.0  11.0 99.0 99.00 
2024 05 03 01 00 304 12.4 15.4 99.00 99.00 99.00 999 1015.7  11.0 999.0  11.0 99.0 99.00 
2024 05 03 01 10 303 12.3 15.6  1.63  4.76  4.57 322 1015.6  11.0 999.0  11.0 99.0 99.00 
2024 05 03 01 20 303 12.8 16.3 99.00 99.00 99.00 999 1015.4  11.0 999.0  11.0 99.0 99.00 
2024 05 03 01 30 303 13.1 15.4 99.00 99.00 99.00 999 1015.4  11.1 999.0  11.0 99.0 99.00 
2024 05 03 01 40 306 12.4 15.1  1.63  5.88  4.65 320 1015.5  11.1 999.0  11.0 99.0 99.00 
2024 05 03 01 50 307 12.3 15.2 99.00 99.00 99.00 999 1015.4  11.0 999.0  10.9 99.0 99.00 
2024 05 03 02 00 307 12.1 15.3 99.00 99.00 99.00 999 1015.3  10.9 999.0  10.9 99.0 99.00 
2024 05 03 02 10 305 11.8 15.2  1.79  5.88  4.82 304 1015.3  10.8 999.0  10.8 99.0 99.00 
2024 05 03 02 20 305 12.6 15.7 99.00 99.00 99.00 999 1015.0  10.7 999.0  10.7 99.0 99.00 
2024 05 03 02 30 309 12.8 16.0 99.00 99.00 99.00 999 1015.1  10.5 999.0  10.5 99.0 99.00 
2024 05 03 02 40 308 12.4 15.9  1.78  5.00  4.67 325 1015.3  10.5 999.0  10.5 99.0 99.00 
2024 05 03 02 50 307 12.0 14.7 99.00 99.00 99.00 999 1015.1  10.5 999.0  10.5 99.0 99.00 
2024 05 03 03 00 305 12.0 15.5 99.00 99.00 99.00 999 1015.2  10.5 999.0  10.5 99.0 99.00 
2024 05 03 03 10 306 12.6 15.6  1.85  5.26  4.65 328 1015.2  10.5 999.0  10.5 99.0 99.00 
2024 05 03 03 20 308 12.3 15.3 99.00 99.00 99.00 999 1015.4  10.4 999.0  10.4 99.0 99.00 
2024 05 03 03 30 311 12.0 15.2 99.00 99.00 99.00 999 1015.3  10.4 999.0  10.4 99.0 99.00 
2024 05 03 03 40 312 12.5 15.4  1.88  5.00  4.80 320 1015.5  10.3 999.0  10.3 99.0 99.00 
2024 05 03 03 50 311 11.9 15.3 99.00 99.00 99.00 999 1015.5  10.3 999.0  10.3 99.0 99.00 
2024 05 03 04 00 307 12.0 14.8 99.00 99.00 99.00 999 1015.4  10.2 999.0  10.2 99.0 99.00 
2024 05 03 04 10 308 12.2 16.7  2.10  5.26  4.85 320 1015.4  10.2 999.0  10.2 99.0 99.00 
2024 05 03 04 20 309 12.8 15.5 99.00 99.00 99.00 999 1015.5  10.2 999.0  10.2 99.0 99.00 
2024 05 03 04 30 308 12.7 15.8 99.00 99.00 99.00 999 1015.6  10.3 999.0  10.3 99.0 99.00 
2024 05 03 04 40 308 12.1 14.6  1.86  5.56  4.78 319 1015.7  10.3 999.0  10.3 99.0 99.00 
2024 05 03 04 50 309 11.6 14.4 99.00 99.00 99.00 999 1015.8  10.4 999.0  10.4 99.0 99.00 
2024 05 03 05 00 309 11.5 15.1 99.00 99.00 99.00 999 1015.8  10.4 999.0  10.4 99.0 99.00 
2024 05 03 05 10 310 11.0 13.5  1.80  5.26  4.81 323 1015.7  10.2 999.0  10.2 99.0 99.00 
2024 05 03 05 20 307 11.4 13.2 99.00 99.00 99.00 999 1015.8  10.1 999.0  10.1 99.0 99.00 
2024 05 03 05 30 309 10.8 13.7 99.00 99.00 99.00 999 1015.8  10.1 999.0  10.1 99.0 99.00 
2024 05 03 05 40 308 11.2 14.2  1.70  5.56  4.69 316 1015.7  10.1 999.0  10.1 99.0 99.00 
2024 05 03 05 50 307 11.5 14.2 99.00 99.00 99.00 999 1015.6   9.9 999.0   9.9 99.0 99.00 
2024 05 03 06 00 306 11.7 14.0 99.00 99.00 99.00 999 1015.5   9.8 999.0   9.8 99.0 99.00 
2024 05 03 06 10 305 11.2 13.7  1.79  5.00  4.72 324 1015.4   9.8 999.0   9.8 99.0 99.00 
2024 05 03 06 20 306 11.4 13.4 99.00 99.00 99.00 999 1015.3   9.8 999.0   9.8 99.0 99.00 
2024 05 03 06 30 306 11.6 13.9 99.00 99.00 99.00 999 1015.2   9.8 999.0   9.8 99.0 99.00 
2024 05 03 06 40 309 12.2 14.8  1.73  5.26  4.83 319 1015.2   9.9 999.0   9.9 99.0 99.00 
2024 05 03 06 50 308 12.0 14.5 99.00 99.00 99.00 999 1015.2   9.9 999.0   9.9 99.0 99.00 
2024 05 03 07 00 306 11.4 14.3 99.00 99.00 99.00 999 1015.3   9.9 999.0   9.9 99.0 99.00 
2024 05 03 07 10 307 11.4 13.5  1.81  5.56  4.71 314 1015.2   9.9 999.0   9.9 99.0 99.00 
2024 05 03 07 20 306 11.7 14.3 99.00 99.00 99.00 999 1015.3   9.9 999.0   9.9 99.0 99.00 
2024 05 03 07 30 306 10.8 13.6 99.00 99.00 99.00 999 1015.4   9.9 999.0   9.9 99.0 99.00 
2024 05 03 07 40 307 10.2 13.4  1.70  5.56  4.80 314 1015.2  10.0 999.0  10.0 99.0 99.00 
2024 05 03 07 50 306 10.6 12.8 99.00 99.00 99.00 999 1015.1   9.9 999.0   9.9 99.0 99.00 
2024 05 03 08 00 307 10.4 12.6 99.00 99.00 99.00 999 1015.1   9.9 999.0   9.9 99.0 99.00 
2024 05 03 08 10 307 10.0 12.8  1.68  5.00  4.71 317 1015.0   9.8 999.0   9.8 99.0 99.00 
2024 05 03 08 20 307 11.1 13.3 99.00 99.00 99.00 999 1014.6   9.8 999.0   9.8 99.0 99.00 
2024 05 03 08 30 306 11.2 13.5 99.00 99.00 99.00 999 1014.5   9.8 999.0   9.8 99.0 99.00 
2024 05 03 08 40 307 11.3 13.7  1.68  5.00  4.73 319 1014.4   9.9 999.0   9.9 99.0 99.00 
2024 05 03 08 50 306 11.8 14.8 99.00 99.00 99.00 999 1014.3   9.9 999.0   9.8 99.0 99.00 
2024 05 03 09 00 305 12.1 15.4 99.00 99.00 99.00 999 1014.2   9.9 999.0   9.8 99.0 99.00 
2024 05 03 09 10 306 12.0 14.4  1.79  5.26  4.74 317 1014.2   9.8 999.0   9.7 99.0 99.00 
2024 05 03 09 20 307 11.4 14.3 99.00 99.00 99.00 999 1014.1   9.8 999.0   9.7 99.0 99.00 
2024 05 03 09 30 309 12.1 15.0 99.00 99.00 99.00 999 1014.0  10.1 999.0   9.8 99.0 99.00 
2024 05 03 09 40 306 12.3 14.8  1.82  5.00  4.90 315 1014.0  10.1 999.0   9.7 99.0 99.00 
2024 05 03 09 50 306 12.5 15.1 99.00 99.00 99.00 999 1013.9  10.0 999.0   9.7 99.0 99.00 
2024 05 03 10 00 307 12.7 15.1 99.00 99.00 99.00 999 1013.9  10.1 999.0   9.7 99.0 99.00 
2024 05 03 10 10 309 12.0 15.0  1.81  5.56  4.89 308 1014.0  10.2 999.0   9.7 99.0 99.00 
2024 05 03 10 20 310 11.5 13.9 99.00 99.00 99.00 999 1013.9  10.1 999.0   9.6 99.0 99.00 
2024 05 03 10 30 310 11.7 14.4 99.00 99.00 99.00 999 1013.9  10.2 999.0   9.7 99.0 99.00 
2024 05 03 10 40 311 11.7 14.5  1.99  5.56  4.96 317 1013.9  10.3 999.0   9.6 99.0 99.00 
2024 05 03 10 50 311 12.0 14.8 99.00 99.00 99.00 999 1013.8  10.3 999.0   9.6 99.0 99.00 
2024 05 03 11 00 311 12.2 14.7 99.00 99.00 99.00 999 1013.7  10.2 999.0   9.5 99.0 99.00 
2024 05 03 11 10 311 11.9 14.9  1.95  5.56  4.87 311 1013.6  10.2 999.0   9.5 99.0 99.00 
2024 05 03 11 20 311 11.9 14.8 99.00 99.00 99.00 999 1013.6  10.2 999.0   9.5 99.0 99.00 
2024 05 03 11 30 312 12.6 15.0 99.00 99.00 99.00 999 1013.6  10.2 999.0   9.4 99.0 99.00 
2024 05 03 11 40 314 12.1 15.6  1.95  5.56  4.85 311 1013.5  10.2 999.0   9.5 99.0 99.00 
2024 05 03 11 50 312 12.3 16.1 99.00 99.00 99.00 999 1013.4  10.2 999.0   9.6 99.0 99.00 
2024 05 03 12 00 312 12.2 14.9 99.00 99.00 99.00 999 1013.5  10.1 999.0   9.6 99.0 99.00 
2024 05 03 12 10 312 11.8 14.8  1.90  5.56  4.82 320 1013.4  10.1 999.0   9.6 99.0 99.00 
2024 05 03 12 20 312 11.7 15.1 99.00 99.00 99.00 999 1013.3  10.1 999.0   9.6 99.0 99.00 
2024 05 03 12 30 311 11.7 14.5 99.00 99.00 99.00 999 1013.2  10.1 999.0   9.6 99.0 99.00 
2024 05 03 12 40 312 11.8 15.1  2.00  5.26  4.88 320 1013.2  10.1 999.0   9.5 99.0 99.00 
2024 05 03 12 50 312 12.1 15.1 99.00 99.00 99.00 999 1013.0  10.1 999.0   9.4 99.0 99.00 
2024 05 03 13 00 313 11.7 14.4 99.00 99.00 99.00 999 1013.0  10.1 999.0   9.4 99.0 99.00 
2024 05 03 13 10 316 11.4 14.4  1.77  5.88  4.77 316 1013.1  10.1 999.0   9.4 99.0 99.00 
2024 05 03 13 20 315 10.8 13.2 99.00 99.00 99.00 999 1013.0  10.0 999.0   9.3 99.0 99.00 
2024 05 03 13 30 313 10.9 13.4 99.00 99.00 99.00 999 1013.1  10.0 999.0   9.3 99.0 99.00 
2024 05 03 13 40 312 10.8 13.6  1.79  5.56  4.90 319 1013.0  10.0 999.0   9.3 99.0 99.00 
2024 05 03 13 50 311 10.5 12.9 99.00 99.00 99.00 999 1013.1  10.0 999.0   9.4 99.0 99.00 
2024 05 03 14 00 311 11.0 13.2 99.00 99.00 99.00 999 1013.2  10.0 999.0   9.3 99.0 99.00 
2024 05 03 14 10 313 10.9 13.6  1.74  5.26  4.85 316 1013.3  10.0 999.0   9.3 99.0 99.00 
2024 05 03 14 20 312 11.2 13.8 99.00 99.00 99.00 999 1013.4  10.1 999.0   9.4 99.0 99.00 
2024 05 03 14 30 314 10.9 13.6 99.00 99.00 99.00 999 1013.6  10.1 999.0   9.4 99.0 99.00 
2024 05 03 14 40 317 10.6 13.1  1.90  5.88  4.87 303 1013.8  10.1 999.0   9.4 99.0 99.00 
2024 05 03 14 50 318 10.1 12.8 99.00 99.00 99.00 999 1014.0  10.1 999.0   9.4 99.0 99.00 
2024 05 03 15 00 319  9.9 12.1 99.00 99.00 99.00 999 1014.1  10.1 999.0   9.4 99.0 99.00 
2024 05 03 15 10 323  9.5 11.8  1.93  5.26  4.89 322 1014.1  10.2 999.0   9.4 99.0 99.00 
2024 05 03 15 20 320  9.8 12.5 99.00 99.00 99.00 999 1014.0  10.2 999.0   9.4 99.0 99.00 
2024 05 03 15 30 319  9.2 12.0 99.00 99.00 99.00 999 1014.2  10.2 999.0   9.4 99.0 99.00 
2024 05 03 15 40 321  9.2 11.6  1.76  5.88  4.88 306 1014.2  10.2 999.0   9.4 99.0 99.00 
2024 05 03 15 50 317  9.0 11.3 99.00 99.00 99.00 999 1014.2  10.2 999.0   9.5 99.0 99.00 
2024 05 03 16 00 318  8.6 10.7 99.00 99.00 99.00 999 1014.3  10.2 999.0   9.5 99.0 99.00 
2024 05 03 16 10 317  8.4 10.2  1.73  5.56  4.92 317 1014.3  10.2 999.0   9.5 99.0 99.00 
2024 05 03 16 20 314  8.7 10.7 99.00 99.00 99.00 999 1014.2  10.2 999.0   9.5 99.0 99.00 
2024 05 03 16 30 317  8.9 10.7 99.00 99.00 99.00 999 1014.3  10.2 999.0   9.5 99.0 99.00 
2024 05 03 16 40 315  8.8 10.4  1.70  5.26  4.71 311 1014.3  10.2 999.0   9.5 99.0 99.00 
2024 05 03 16 50 315  8.5 10.7 99.00 99.00 99.00 999 1014.3  10.3 999.0   9.6 99.0 99.00 
2024 05 03 17 00 313  8.7 10.6 99.00 99.00 99.00 999 1014.3  10.3 999.0   9.6 99.0 99.00 
2024 05 03 17 10 312  9.0 11.1  1.61  5.00  4.82 314 1014.3  10.4 999.0   9.6 99.0 99.00 
2024 05 03 17 20 310  9.3 11.6 99.00 99.00 99.00 999 1014.3  10.4 999.0   9.6 99.0 99.00 
2024 05 03 17 30 309  9.6 11.2 99.00 99.00 99.00 999 1014.4  10.4 999.0   9.6 99.0 99.00 
2024 05 03 17 40 308  9.5 11.5  1.59  5.26  4.69 318 1014.5  10.4 999.0   9.7 99.0 99.00 
2024 05 03 17 50 307  9.2 11.6 99.00 99.00 99.00 999 1014.6  10.4 999.0   9.7 99.0 99.00 
2024 05 03 18 00 307  9.6 11.5 99.00 99.00 99.00 999 1014.6  10.5 999.0   9.7 99.0 99.00 
2024 05 03 18 10 306 10.2 12.3  1.56  5.56  4.69 299 1014.6  10.6 999.0   9.7 99.0 99.00 
2024 05 03 18 20 307  9.9 12.5 99.00 99.00 99.00 999 1014.7  10.7 999.0   9.7 99.0 99.00 
2024 05 03 18 30 307 10.0 12.3 99.00 99.00 99.00 999 1014.7  10.8 999.0   9.8 99.0 99.00 
2024 05 03 18 40 308 10.0 12.6  1.51  5.00  4.57 316 1014.6  10.8 999.0   9.8 99.0 99.00 
2024 05 03 18 50 307 10.0 12.8 99.00 99.00 99.00 999 1014.5  10.8 999.0   9.8 99.0 99.00 
2024 05 03 19 00 306 10.6 13.2 99.00 99.00 99.00 999 1014.6  10.8 999.0   9.7 99.0 99.00 
2024 05 03 19 10 306 10.2 12.3  1.57  4.55  4.44 316 1014.6  10.8 999.0   9.8 99.0 99.00 
2024 05 03 19 20 305 10.4 12.9 99.00 99.00 99.00 999 1014.4  10.8 999.0   9.9 99.0 99.00 
2024 05 03 19 30 303 10.6 13.1 99.00 99.00 99.00 999 1014.4  10.8 999.0  10.0 99.0 99.00 
2024 05 03 19 40 302 10.7 12.7  1.45  5.00  4.41 315 1014.4  10.9 999.0  10.1 99.0 99.00 
2024 05 03 19 50 300 10.9 13.6 99.00 99.00 99.00 999 1014.3  10.9 999.0  10.3 99.0 99.00 
2024 05 03 20 00 298 11.1 13.7 99.00 99.00 99.00 999 1014.2  10.8 999.0  10.3 99.0 99.00 
2024 05 03 20 10 301 10.2 12.7  1.42  5.26  4.45 312 1014.2  10.8 999.0  10.3 99.0 99.00 
2024 05 03 20 20 299 10.8 13.3 99.00 99.00 99.00 999 1013.9  10.9 999.0  10.4 99.0 99.00 
2024 05 03 20 30 297 11.7 13.8 99.00 99.00 99.00 999 1013.8  10.9 999.0  10.4 99.0 99.00 
2024 05 03 20 40 296 11.5 14.2  1.47  5.56  4.47 314 1013.7  10.9 999.0  10.5 99.0 99.00 
2024 05 03 20 50 295 11.9 15.1 99.00 99.00 99.00 999 1013.7  10.9 999.0  10.5 99.0 99.00 
2024 05 03 21 00 295 11.0 13.7 99.00 99.00 99.00 999 1013.6  10.8 999.0  10.4 99.0 99.00 
2024 05 03 21 10 296 11.0 13.6  1.59  5.26  4.55 318 1013.6  10.8 999.0  10.5 99.0 99.00 
2024 05 03 21 20 297 11.3 13.8 99.00 99.00 99.00 999 1013.5  10.7 999.0  10.5 99.0 99.00 
2024 05 03 21 30 296 11.1 13.6 99.00 99.00 99.00 999 1013.6  10.7 999.0  10.5 99.0 99.00 
2024 05 03 21 40 296 11.4 14.6  1.56  4.76  4.44 318 1013.5  10.7 999.0  10.5 99.0 99.00 
2024 05 03 21 50 296 11.9 15.3 99.00 99.00 99.00 999 1013.3  10.7 999.0  10.6 99.0 99.00 
2024 05 03 22 00 297 12.0 14.8 99.00 99.00 99.00 999 1013.3  10.7 999.0  10.6 99.0 99.00 
2024 05 03 22 10 297 11.9 14.2  1.58  5.00  4.50 323 1013.2  10.7 999.0  10.7 99.0 99.00 
2024 05 03 22 20 298 12.1 15.6 99.00 99.00 99.00 999 1013.1  10.6 999.0  10.6 99.0 99.00 
2024 05 03 22 30 298 11.8 14.3 99.00 99.00 99.00 999 1012.9  10.6 999.0  10.6 99.0 99.00 
2024 05 03 22 40 298 11.7 14.2  1.75  5.56  4.65 305 1012.9  10.5 999.0  10.5 99.0 99.00 
2024 05 03 22 50 298 11.2 13.5 99.00 99.00 99.00 999 1012.8  10.5 999.0  10.5 99.0 99.00 
2024 05 03 23 00 299 11.7 14.7 99.00 99.00 99.00 999 1012.6  10.5 999.0  10.5 99.0 99.00 
2024 05 03 23 10 298 11.5 14.5  1.52  4.76  4.44 320 1012.5  10.6 999.0  10.6 99.0 99.00 
2024 05 03 23 20 300 11.3 14.3 99.00 99.00 99.00 999 1012.5  10.6 999.0  10.6 99.0 99.00 
2024 05 03 23 30 300 11.4 14.2 99.00 99.00 99.00 999 1012.5  10.6 999.0  10.6 99.0 99.00 
2024 05 03 23 40 301 10.7 12.9  1.50  5.26  4.37 321 1012.5  10.5 999.0  10.5 99.0 99.00 
2024 05 03 23 50 301 10.7 13.0 99.00 99.00 99.00 999 1012.4  10.5 999.0  10.5 99.0 99.00 
2024 05 04 00 00 301 10.8 13.8 99.00 99.00 99.00 999 1012.3  10.4 999.0  10.4 99.0 99.00 
2024 05 04 00 10 300 11.2 14.1  1.47  4.76  4.56 326 1012.4  10.4 999.0  10.4 99.0 99.00 
2024 05 04 00 20 299 10.2 12.1 99.00 99.00 99.00 999 1012.3  10.4 999.0  10.4 99.0 99.00 
2024 05 04 00 30 301 10.1 12.2 99.00 99.00 99.00 999 1012.3  10.4 999.0  10.4 99.0 99.00 
2024 05 04 00 40 298 10.4 12.9  1.28  5.56  4.22 315 1012.2  10.4 999.0  10.4 99.0 99.00 
2024 05 04 00 50 298  9.7 12.0 99.00 99.00 99.00 999 1012.2  10.5 999.0  10.5 99.0 99.00 
2024 05 04 01 00 300 10.0 12.7 99.00 99.00 99.00 999 1012.1  10.4 999.0  10.4 99.0 99.00 
2024 05 04 01 10 300  9.5 11.3  1.36  4.76  4.45 326 1012.1  10.3 999.0  10.3 99.0 99.00 
2024 05 04 01 20 301  9.3 11.5 99.00 99.00 99.00 999 1012.0  10.2 999.0  10.2 99.0 99.00 
2024 05 04 01 30 300  9.3 11.5 99.00 99.00 99.00 999 1012.0  10.2 999.0  10.2 99.0 99.00 
2024 05 04 01 40 302  9.4 11.4  1.28  4.76  4.43 326 1011.9  10.2 999.0  10.2 99.0 99.00 
2024 05 04 01 50 301  8.8 10.7 99.00 99.00 99.00 999 1011.9  10.3 999.0  10.3 99.0 99.00 
2024 05 04 02 00 300  9.2 10.8 99.00 99.00 99.00 999 1011.9  10.2 999.0  10.2 99.0 99.00 
2024 05 04 02 10 299  9.1 11.0  1.33  4.76  4.58 331 1011.9  10.2 999.0  10.2 99.0 99.00 
2024 05 04 02 20 301  8.8 10.5 99.00 99.00 99.00 999 1012.0  10.3 999.0  10.3 99.0 99.00 
2024 05 04 02 30 299  8.1 10.1 99.00 99.00 99.00 999 1012.0  10.5 999.0  10.5 99.0 99.00 
2024 05 04 02 40 302  8.3 10.5  1.25  6.67  4.58 280 1012.0  10.6 999.0  10.6 99.0 99.00 
2024 05 04 02 50 302  8.1 10.6 99.00 99.00 99.00 999 1012.0  10.6 999.0  10.6 99.0 99.00 
2024 05 04 03 00 301  7.4  9.4 99.00 99.00 99.00 999 1012.0  10.5 999.0  10.5 99.0 99.00 
2024 05 04 03 10 301  7.4  9.0  1.16  7.14  4.34 290 1012.0  10.5 999.0  10.5 99.0 99.00 
2024 05 04 03 20 301  6.7  8.5 99.00 99.00 99.00 999 1012.0  10.4 999.0  10.4 99.0 99.00 
2024 05 04 03 30 298  6.9  8.4 99.00 99.00 99.00 999 1011.9  10.4 999.0  10.4 99.0 99.00 
2024 05 04 03 40 297  6.6  7.8  1.13  7.14  4.45 302 1012.0  10.5 999.0  10.5 99.0 99.00 
2024 05 04 03 50 294  6.6  7.8 99.00 99.00 99.00 999 1012.0  10.5 999.0  10.5 99.0 99.00 
2024 05 04 04 00 293  6.5  7.6 99.00 99.00 99.00 999 1012.0  10.6 999.0  10.6 99.0 99.00 
2024 05 04 04 10 293  6.3  7.4  1.08  6.25  4.69 278 1012.0  10.6 999.0  10.6 99.0 99.00 
2024 05 04 04 20 294  6.0  7.1 99.00 99.00 99.00 999 1012.0  10.6 999.0  10.6 99.0 99.00 
2024 05 04 04 30 294  6.0  7.0 99.00 99.00 99.00 999 1011.9  10.5 999.0  10.5 99.0 99.00 
2024 05 04 04 40 291  5.9  7.4  1.07  6.67  4.71 278 1011.9  10.5 999.0  10.5 99.0 99.00 
2024 05 04 04 50 289  4.9  5.9 99.00 99.00 99.00 999 1011.9  10.4 999.0  10.4 99.0 99.00 
2024 05 04 05 00 288  4.9  5.9 99.00 99.00 99.00 999 1011.8  10.4 999.0  10.4 99.0 99.00 
2024 05 04 05 10 287  4.3  5.4  1.20  7.69  5.05 275 1011.8  10.4 999.0  10.4 99.0 99.00 
2024 05 04 05 20 289  3.8  5.0 99.00 99.00 99.00 999 1011.7  10.4 999.0  10.4 99.0 99.00 
2024 05 04 05 30 301  3.0  3.8 99.00 99.00 99.00 999 1011.7  10.2 999.0  10.2 99.0 99.00 
2024 05 04 05 40 306  2.8  3.6  1.14 14.81  5.06 208 1011.5  10.0 999.0  10.0 99.0 99.00 
2024 05 04 05 50 306  2.5  3.2 99.00 99.00 99.00 999 1011.6   9.9 999.0   9.9 99.0 99.00 
2024 05 04 06 00 303  2.6  3.2 99.00 99.00 99.00 999 1011.6   9.9 999.0   9.9 99.0 99.00 
2024 05 04 06 10 293  2.4  3.0  1.21  7.14  5.28 295 1011.7  10.0 999.0  10.0 99.0 99.00 
2024 05 04 06 20 297  2.2  2.9 99.00 99.00 99.00 999 1011.5  10.0 999.0  10.0 99.0 99.00 
2024 05 04 06 30 303  1.9  2.7 99.00 99.00 99.00 999 1011.4  10.0 999.0  10.0 99.0 99.00 
2024 05 04 06 40 294  2.4  3.3  1.12  6.67  5.31 273 1011.3  10.2 999.0  10.2 99.0 99.00 
2024 05 04 06 50 285  2.6  3.8 99.00 99.00 99.00 999 1011.2  10.5 999.0  10.5 99.0 99.00 
2024 05 04 07 00 276  2.1  3.1 99.00 99.00 99.00 999 1011.2  10.5 999.0  10.5 99.0 99.00 
2024 05 04 07 10 261  3.1  3.7  1.11  6.25  5.32 278 1011.2  10.5 999.0  10.5 99.0 99.00 
2024 05 04 07 20 260  3.3  3.8 99.00 99.00 99.00 999 1011.2  10.5 999.0  10.5 99.0 99.00 
2024 05 04 07 30 251  2.7  3.3 99.00 99.00 99.00 999 1010.9  10.6 999.0  10.6 99.0 99.00 
2024 05 04 07 40 240  2.1  2.7  1.00  5.56  5.16 276 1010.8  10.5 999.0  10.5 99.0 99.00 
2024 05 04 07 50 240  2.3  3.0 99.00 99.00 99.00 999 1010.8  10.5 999.0  10.5 99.0 99.00 
2024 05 04 08 00 238  2.1  2.7 99.00 99.00 99.00 999 1010.9  10.4 999.0  10.4 99.0 99.00 
2024 05 04 08 10 233  2.0  2.5  1.00  7.14  5.17 297 1010.7  10.3 999.0  10.3 99.0 99.00 
2024 05 04 08 20 229  2.2  2.8 99.00 99.00 99.00 999 1010.6  10.3 999.0  10.3 99.0 99.00 
2024 05 04 08 30 224  2.4  3.0 99.00 99.00 99.00 999 1010.5  10.3 999.0  10.3 99.0 99.00 
2024 05 04 08 40 223  2.6  3.2  1.02  7.69  5.36 296 1010.4  10.3 999.0  10.3 99.0 99.00 
2024 05 04 08 50 202  2.1  2.7 99.00 99.00 99.00 999 1010.1  10.2 999.0  10.2 99.0 99.00 
2024 05 04 09 00 192  2.2  2.7 99.00 99.00 99.00 999 1010.0  10.2 999.0  10.2 99.0 99.00 
2024 05 04 09 10 195  2.3  3.3  1.11  7.14  5.52 282 1009.9  10.1 999.0  10.1 99.0 99.00 
2024 05 04 09 20 201  2.7  3.4 99.00 99.00 99.00 999 1010.0  10.1 999.0  10.1 99.0 99.00 
2024 05 04 09 30 197  3.1  4.0 99.00 99.00 99.00 999 1010.0  10.1 999.0  10.1 99.0 99.00 
2024 05 04 09 40 199  3.6  4.6  1.04  7.14  5.49 300 1009.9  10.2 999.0  10.2 99.0 99.00 
2024 05 04 09 50 203  4.1  5.1 99.00 99.00 99.00 999 1009.8  10.2 999.0  10.2 99.0 99.00 
2024 05 04 10 00 202  4.4  5.5 99.00 99.00 99.00 999 1009.6  10.2 999.0  10.2 99.0 99.00 
2024 05 04 10 10 198  4.5  5.3  1.07  7.14  5.57 303 1009.4  10.2 999.0  10.2 99.0 99.00 
2024 05 04 10 20 198  4.6  5.5 99.00 99.00 99.00 999 1009.3  10.2 999.0  10.2 99.0 99.00 
2024 05 04 10 30 198  4.7  5.9 99.00 99.00 99.00 999 1009.1  10.2 999.0  10.2 99.0 99.00 
2024 05 04 10 40 197  4.9  5.8  1.01  7.14  5.41 301 1009.0  10.3 999.0  10.3 99.0 99.00 
2024 05 04 10 50 196  4.7  5.8 99.00 99.00 99.00 999 1008.7  10.4 999.0  10.4 99.0 99.00 
2024 05 04 11 00 189  4.8  6.0 99.00 99.00 99.00 999 1008.5  10.4 999.0  10.4 99.0 99.00 
2024 05 04 11 10 186  4.9  6.0  1.09  6.67  5.42 305 1008.3  10.4 999.0  10.4 99.0 99.00 
2024 05 04 11 20 180  5.0  6.2 99.00 99.00 99.00 999 1008.1  10.4 999.0  10.4 99.0 99.00 
2024 05 04 11 30 187  4.8  5.9 99.00 99.00 99.00 999 1007.9  10.5 999.0  10.5 99.0 99.00 
2024 05 04 11 40 185  4.7  5.8  1.02  6.67  5.34 301 1007.8  10.4 999.0  10.4 99.0 99.00 
2024 05 04 11 50 184  4.7  5.5 99.00 99.00 99.00 999 1007.6  10.4 999.0  10.4 99.0 99.00 
2024 05 04 12 00 184  5.0  5.9 99.00 99.00 99.00 999 1007.4  10.4 999.0  10.4 99.0 99.00 
2024 05 04 12 10 184  5.4  6.5  1.00  6.67  4.98 288 1007.3  10.4 999.0  10.4 99.0 99.00 
2024 05 04 12 20 191  5.7  6.7 99.00 99.00 99.00 999 1007.2  10.5 999.0  10.5 99.0 99.00 
2024 05 04 12 30 190  6.2  7.6 99.00 99.00 99.00 999 1006.9  10.6 999.0  10.6 99.0 99.00 
2024 05 04 12 40 191  6.7  8.4  1.03  6.67  4.91 290 1006.7  10.7 999.0  10.7 99.0 99.00 
2024 05 04 12 50 194  6.8  8.1 99.00 99.00 99.00 999 1006.7  10.7 999.0  10.7 99.0 99.00 
2024 05 04 13 00 194  7.1  8.6 99.00 99.00 99.00 999 1006.5  10.8 999.0  10.8 99.0 99.00 
2024 05 04 13 10 192  7.1  8.3  1.05  5.56  4.64 275 1006.3  10.8 999.0  10.8 99.0 99.00 
2024 05 04 13 20 192  7.3  8.9 99.00 99.00 99.00 999 1006.2  10.9 999.0  10.9 99.0 99.00 
2024 05 04 13 30 193  7.8  9.5 99.00 99.00 99.00 999 1006.0  11.0 999.0  11.0 99.0 99.00 
2024 05 04 13 40 192  8.1  9.8  1.04  5.88  4.65 292 1005.9  11.0 999.0  11.0 99.0 99.00 
2024 05 04 13 50 196  8.5 10.5 99.00 99.00 99.00 999 1006.2  11.1 999.0  11.1 99.0 99.00 
2024 05 04 14 00 276 10.9 15.5 99.00 99.00 99.00 999 1006.5  10.5 999.0  10.5 99.0 99.00 
2024 05 04 14 10 297 12.1 15.7  1.18  5.26  4.59 281 1007.2   9.9 999.0   9.9 99.0 99.00 
2024 05 04 14 20 309 10.6 14.2 99.00 99.00 99.00 999 1007.4   9.5 999.0   9.4 99.0 99.00 
2024 05 04 14 30 305  9.0 11.8 99.00 99.00 99.00 999 1007.5   9.7 999.0   9.6 99.0 99.00 
2024 05 04 14 40 309  8.0 10.0  1.28  6.67  4.59 293 1007.6   9.7 999.0   9.6 99.0 99.00 
2024 05 04 14 50 309  7.2  9.7 99.00 99.00 99.00 999 1007.7   9.7 999.0   9.6 99.0 99.00 
2024 05 04 15 00 306  8.3 10.1 99.00 99.00 99.00 999 1007.7   9.5 999.0   9.3 99.0 99.00 
2024 05 04 15 10 302  8.1 10.5  1.22  4.35  4.33 276 1007.8   9.6 999.0   9.4 99.0 99.00 
2024 05 04 15 20 299  8.4 10.7 99.00 99.00 99.00 999 1007.9   9.5 999.0   9.2 99.0 99.00 
2024 05 04 15 30 293  7.9 10.1 99.00 99.00 99.00 999 1007.9   9.5 999.0   9.1 99.0 99.00 
2024 05 04 15 40 294  6.8  8.2  1.23  4.76  4.43 263 1008.0   9.6 999.0   9.4 99.0 99.00 
2024 05 04 15 50 293  7.1  8.9 99.00 99.00 99.00 999 1008.0   9.5 999.0   9.3 99.0 99.00 
2024 05 04 16 00 285  6.3  8.1 99.00 99.00 99.00 999 1007.9   9.7 999.0   9.5 99.0 99.00 
2024 05 04 16 10 278  7.1  9.5  1.25  5.26  4.55 301 1008.0   9.6 999.0   9.3 99.0 99.00 
2024 05 04 16 20 281  7.6  9.6 99.00 99.00 99.00 999 1008.1   9.5 999.0   9.2 99.0 99.00 
2024 05 04 16 30 275  6.4  7.9 99.00 99.00 99.00 999 1008.1   9.5 999.0   9.3 99.0 99.00 
2024 05 04 16 40 270  6.8  8.7  1.27  5.00  4.65 284 1008.1   9.6 999.0   9.4 99.0 99.00 
2024 05 04 16 50 264  6.7  8.2 99.00 99.00 99.00 999 1007.9   9.6 999.0   9.4 99.0 99.00 
2024 05 04 17 00 260  6.4  8.3 99.00 99.00 99.00 999 1007.9   9.6 999.0   9.2 99.0 99.00 
2024 05 04 17 10 254  6.5  8.7  1.34  5.88  4.68 285 1007.9   9.7 999.0   9.4 99.0 99.00 
2024 05 04 17 20 261  8.7 11.3 99.00 99.00 99.00 999 1008.0   9.8 999.0   9.4 99.0 99.00 
2024 05 04 17 30 261  8.3 11.5 99.00 99.00 99.00 999 1008.1   9.9 999.0   9.4 99.0 99.00 
2024 05 04 17 40 263  7.1  9.2  1.36  6.67  4.72 297 1008.1   9.8 999.0   9.1 99.0 99.00 
2024 05 04 17 50 264  6.9  8.4 99.00 99.00 99.00 999 1008.1   9.9 999.0   9.2 99.0 99.00 
2024 05 04 18 00 265  6.8  8.2 99.00 99.00 99.00 999 1008.2  10.0 999.0   9.4 99.0 99.00 
2024 05 04 18 10 281  6.8  8.7  1.37  6.67  4.91 298 1008.4  10.0 999.0   9.3 99.0 99.00 
2024 05 04 18 20 308  7.4  9.1 99.00 99.00 99.00 999 1008.5  10.0 999.0   9.2 99.0 99.00 
2024 05 04 18 30 323  4.6  7.2 99.00 99.00 99.00 999 1008.4   9.9 999.0   9.2 99.0 99.00 
2024 05 04 18 40 322  4.1  5.0  1.48  6.25  5.05 285 1008.6   9.9 999.0   9.4 99.0 99.00 
2024 05 04 18 50 318  4.5  5.6 99.00 99.00 99.00 999 1008.7   9.7 999.0   9.0 99.0 99.00 
2024 05 04 19 00 314  4.6  5.5 99.00 99.00 99.00 999 1008.7   9.9 999.0   9.1 99.0 99.00 
2024 05 04 19 10 312  4.7  5.7  1.46  7.14  5.51 290 1008.8  10.0 999.0   9.2 99.0 99.00 
2024 05 04 19 20 309  5.2  6.8 99.00 99.00 99.00 999 1008.9  10.1 999.0   9.2 99.0 99.00 
2024 05 04 19 30 306  5.3  6.8 99.00 99.00 99.00 999 1009.0  10.2 999.0   9.1 99.0 99.00 
2024 05 04 19 40 299  4.6  6.0  1.50  7.14  5.72 293 1009.1  10.2 999.0   9.0 99.0 99.00 
2024 05 04 19 50 289  4.4  5.6 99.00 99.00 99.00 999 1009.1  10.4 999.0   9.3 99.0 99.00 
2024 05 04 20 00 282  4.2  5.7 99.00 99.00 99.00 999 1009.2  10.4 999.0   9.2 99.0 99.00 
2024 05 04 20 10 279  4.3  6.1  1.66  7.69  5.96 298 1009.2  10.6 999.0   9.1 99.0 99.00 
2024 05 04 20 20 273  4.2  5.5 99.00 99.00 99.00 999 1009.2  10.7 999.0   9.1 99.0 99.00 
2024 05 04 20 30 272  5.1  6.9 99.00 99.00 99.00 999 1009.2  10.7 999.0   9.0 99.0 99.00 
2024 05 04 20 40 269  6.4  8.6  1.56  6.67  5.96 315 1009.3  10.7 999.0   8.8 99.0 99.00 
2024 05 04 20 50 266  6.7  8.6 99.00 99.00 99.00 999 1009.4  10.6 999.0   9.1 99.0 99.00 
2024 05 04 21 00 267  6.3  7.6 99.00 99.00 99.00 999 1009.5  10.6 999.0   9.3 99.0 99.00 
2024 05 04 21 10 265  6.6  8.1  1.59  7.14  5.96 297 1009.7  10.7 999.0   9.3 99.0 99.00 
2024 05 04 21 20 271  6.4  7.9 99.00 99.00 99.00 999 1009.8  10.7 999.0   9.3 99.0 99.00 
2024 05 04 21 30 272  6.6  8.5 99.00 99.00 99.00 999 1009.8  10.8 999.0   9.0 99.0 99.00 
2024 05 04 21 40 274  7.0  8.9  1.54  7.69  5.82 301 1009.9  10.9 999.0   8.9 99.0 99.00 
2024 05 04 21 50 281  7.2  9.0 99.00 99.00 99.00 999 1009.9  10.9 999.0   8.5 99.0 99.00 
2024 05 04 22 00 284  7.2  9.1 99.00 99.00 99.00 999 1010.1  11.0 999.0   8.6 99.0 99.00 
2024 05 04 22 10 283  7.2  9.1  1.41  7.69  5.53 297 1010.2  10.9 999.0   8.5 99.0 99.00 
2024 05 04 22 20 282  9.0 11.9 99.00 99.00 99.00 999 1010.3  10.4 999.0   8.3 99.0 99.00 
2024 05 04 22 30 286  8.1 10.7 99.00 99.00 99.00 999 1010.3  10.1 999.0   7.9 99.0 99.00 
2024 05 04 22 40 282  6.2  7.9  1.60  7.69  5.81 299 1010.4  10.3 999.0   8.1 99.0 99.00 
2024 05 04 22 50 284  6.9  8.6 99.00 99.00 99.00 999 1010.3  10.6 999.0   7.4 99.0 99.00 
2024 05 04 23 00 282  7.1  8.6 99.00 99.00 99.00 999 1010.3  10.8 999.0   7.5 99.0 99.00 
2024 05 04 23 10 284  7.2  8.9  1.73  7.69  5.63 304 1010.4  10.8 999.0   7.7 99.0 99.00 
2024 05 04 23 20 286  7.0 11.3 99.00 99.00 99.00 999 1010.7  10.7 999.0   8.2 99.0 99.00 
2024 05 04 23 30 304  9.9 17.1 99.00 99.00 99.00 999 1010.6   9.5 999.0   6.2 99.0 99.00 
2024 05 04 23 40 288  5.7  7.7  1.72  7.69  5.67 301 1010.6   9.5 999.0   6.5 99.0 99.00 
2024 05 04 23 50 282  5.2  6.4 99.00 99.00 99.00 999 1010.6   9.9 999.0   7.4 99.0 99.00 
2024 05 05 00 00 288  5.2  6.8 99.00 99.00 99.00 999 1010.5  10.2 999.0   8.1 99.0 99.00 
2024 05 05 00 10 292  6.3  8.7  1.88  7.14  6.12 284 1010.5  10.4 999.0   8.5 99.0 99.00 
2024 05 05 00 20 295  6.7  9.2 99.00 99.00 99.00 999 1010.4  10.2 999.0   7.8 99.0 99.00 
2024 05 05 00 30 295  6.2  7.6 99.00 99.00 99.00 999 1010.3  10.3 999.0   7.5 99.0 99.00 
2024 05 05 00 40 293  6.1  8.2  1.69  7.69  5.90 297 1010.3  10.6 999.0   7.8 99.0 99.00 
2024 05 05 00 50 294  6.7  8.4 99.00 99.00 99.00 999 1010.3  10.8 999.0   8.3 99.0 99.00 
2024 05 05 01 00 294  7.4  9.8 99.00 99.00 99.00 999 1010.2  10.8 999.0   7.8 99.0 99.00 
2024 05 05 01 10 299  7.9  9.9  1.78  7.69  6.05 280 1010.2  10.9 999.0   8.1 99.0 99.00 
2024 05 05 01 20 296  7.8  9.9 99.00 99.00 99.00 999 1010.2  10.8 999.0   8.3 99.0 99.00 
2024 05 05 01 30 295  7.2  8.9 99.00 99.00 99.00 999 1010.0  10.8 999.0   8.5 99.0 99.00 
2024 05 05 01 40 292  7.2  8.7  1.67  8.33  5.84 295 1010.1  10.8 999.0   8.3 99.0 99.00 
2024 05 05 01 50 293  7.4  9.1 99.00 99.00 99.00 999 1010.2  10.9 999.0   7.9 99.0 99.00 
2024 05 05 02 00 291  7.2  9.3 99.00 99.00 99.00 999 1010.3  10.9 999.0   8.1 99.0 99.00 
2024 05 05 02 10 291  7.7  9.6  1.66  7.69  5.69 291 1010.3  10.9 999.0   8.0 99.0 99.00 
2024 05 05 02 20 293  7.5  9.4 99.00 99.00 99.00 999 1010.4  10.8 999.0   7.9 99.0 99.00 
2024 05 05 02 30 292  7.2  8.9 99.00 99.00 99.00 999 1010.4  10.8 999.0   7.9 99.0 99.00 
2024 05 05 02 40 292  7.0  8.7  1.70  7.69  5.55 285 1010.4  10.8 999.0   8.1 99.0 99.00 
2024 05 05 02 50 299  7.4  9.4 99.00 99.00 99.00 999 1010.5  10.8 999.0   8.1 99.0 99.00 
2024 05 05 03 00 309  7.7  9.5 99.00 99.00 99.00 999 1010.7  10.7 999.0   7.6 99.0 99.00 
2024 05 05 03 10 307  7.0  9.5  1.68  7.69  5.65 296 1010.6  10.7 999.0   7.8 99.0 99.00 
2024 05 05 03 20 304  7.1  9.2 99.00 99.00 99.00 999 1010.8  10.7 999.0   8.0 99.0 99.00 
2024 05 05 03 30 312  6.1  8.3 99.00 99.00 99.00 999 1010.9  10.6 999.0   8.4 99.0 99.00 
2024 05 05 03 40 314  6.1  7.7  1.68  7.14  5.63 302 1010.9  10.5 999.0   8.5 99.0 99.00 
2024 05 05 03 50 310  6.6  8.9 99.00 99.00 99.00 999 1011.0  10.4 999.0   8.3 99.0 99.00 
2024 05 05 04 00 309  7.5  9.3 99.00 99.00 99.00 999 1011.1  10.5 999.0   8.2 99.0 99.00 
2024 05 05 04 10 306  8.1 10.3  1.72  7.69  5.66 304 1011.2  10.6 999.0   8.1 99.0 99.00 
2024 05 05 04 20 308  7.7  9.4 99.00 99.00 99.00 999 1011.4  10.5 999.0   8.1 99.0 99.00 
2024 05 05 04 30 316  8.5 10.6 99.00 99.00 99.00 999 1011.5  10.5 999.0   8.2 99.0 99.00 
2024 05 05 04 40 316  8.0  9.6  1.74  8.33  5.52 289 1011.6  10.3 999.0   7.9 99.0 99.00 
2024 05 05 04 50 319  7.7  9.3 99.00 99.00 99.00 999 1011.6  10.3 999.0   8.4 99.0 99.00 
2024 05 05 05 00 321  8.2 10.0 99.00 99.00 99.00 999 1011.7  10.3 999.0   8.2 99.0 99.00 
2024 05 05 05 10 323  8.1 10.2  1.74  7.69  5.64 296 1011.8  10.1 999.0   8.1 99.0 99.00 
2024 05 05 05 20 324  8.5 11.0 99.00 99.00 99.00 999 1011.9   9.9 999.0   8.0 99.0 99.00 
2024 05 05 05 30 318  7.7 10.4 99.00 99.00 99.00 999 1012.0   9.7 999.0   7.5 99.0 99.00 
2024 05 05 05 40 315  7.7  9.7  1.73  7.69  5.60 294 1012.2   9.9 999.0   7.7 99.0 99.00 
2024 05 05 05 50 318  7.4  9.5 99.00 99.00 99.00 999 1012.3   9.9 999.0   7.8 99.0 99.00 
2024 05 05 06 00 314  7.5  9.6 99.00 99.00 99.00 999 1012.4  10.0 999.0   8.0 99.0 99.00 
2024 05 05 06 10 313  7.3  9.0  1.84  8.33  5.69 287 1012.5  10.0 999.0   8.1 99.0 99.00 
2024 05 05 06 20 313  8.1  9.8 99.00 99.00 99.00 999 1012.6  10.1 999.0   8.1 99.0 99.00 
2024 05 05 06 30 316  7.8  9.8 99.00 99.00 99.00 999 1012.7  10.1 999.0   7.9 99.0 99.00 
2024 05 05 06 40 319  7.3  9.2  1.84  8.33  5.72 292 1013.0  10.1 999.0   7.9 99.0 99.00 
2024 05 05 06 50 319  7.4  9.2 99.00 99.00 99.00 999 1013.1  10.0 999.0   8.1 99.0 99.00 
2024 05 05 07 00 317  7.4  8.9 99.00 99.00 99.00 999 1013.3   9.9 999.0   8.2 99.0 99.00 
2024 05 05 07 10 318  7.5  9.6  1.91  7.69  5.97 296 1013.3   9.8 999.0   8.2 99.0 99.00 
2024 05 05 07 20 318  7.2  9.0 99.00 99.00 99.00 999 1013.4   9.8 999.0   8.2 99.0 99.00 
2024 05 05 07 30 316  6.9  8.5 99.00 99.00 99.00 999 1013.5   9.8 999.0   8.3 99.0 99.00 
2024 05 05 07 40 315  6.5  8.3  2.01  8.33  5.94 291 1013.6   9.8 999.0   8.4 99.0 99.00 
2024 05 05 07 50 318  6.6  8.3 99.00 99.00 99.00 999 1013.7   9.8 999.0   8.3 99.0 99.00 
2024 05 05 08 00 316  6.2  8.1 99.00 99.00 99.00 999 1013.7   9.8 999.0   8.4 99.0 99.00 
2024 05 05 08 10 313  6.1  7.7  2.18  8.33  6.34 294 1013.7   9.8 999.0   8.4 99.0 99.00 
2024 05 05 08 20 311  6.2  8.5 99.00 99.00 99.00 999 1013.8   9.8 999.0   8.4 99.0 99.00 
2024 05 05 08 30 312  6.6  8.4 99.00 99.00 99.00 999 1013.9   9.9 999.0   8.1 99.0 99.00 
2024 05 05 08 40 315  6.3  8.2  2.09  8.33  6.23 299 1013.9   9.9 999.0   8.2 99.0 99.00 
2024 05 05 08 50 318  6.4  8.0 99.00 99.00 99.00 999 1013.9   9.9 999.0   8.1 99.0 99.00 
2024 05 05 09 00 321  6.4  8.2 99.00 99.00 99.00 999 1014.0   9.9 999.0   8.1 99.0 99.00 
2024 05 05 09 10 319  6.2  7.9  1.83  8.33  5.97 289 1014.0   9.8 999.0   8.1 99.0 99.00 
2024 05 05 09 20 315  6.3  8.2 99.00 99.00 99.00 999 1014.0   9.8 999.0   8.0 99.0 99.00 
2024 05 05 09 30 316  6.4  8.1 99.00 99.00 99.00 999 1014.0   9.8 999.0   8.0 99.0 99.00 
2024 05 05 09 40 318  6.4  8.1  1.94  8.33  6.24 291 1014.1   9.9 999.0   8.0 99.0 99.00 
2024 05 05 09 50 323  5.8  7.5 99.00 99.00 99.00 999 1014.1   9.9 999.0   8.0 99.0 99.00 
2024 05 05 10 00 325  6.5  9.7 99.00 99.00 99.00 999 1014.2   9.7 999.0   8.0 99.0 99.00 
2024 05 05 10 10 327  6.2  8.4  2.00  8.33  6.20 288 1014.3   9.4 999.0   8.0 99.0 99.00 
2024 05 05 10 20 324  5.6  7.5 99.00 99.00 99.00 999 1014.4   9.4 999.0   7.9 99.0 99.00 
2024 05 05 10 30 325  5.7  7.9 99.00 99.00 99.00 999 1014.5   9.4 999.0   7.6 99.0 99.00 
2024 05 05 10 40 322  5.7  7.2  1.84  8.33  5.93 302 1014.5   9.4 999.0   7.3 99.0 99.00 
2024 05 05 10 50 319  6.2  7.6 99.00 99.00 99.00 999 1014.6   9.5 999.0   7.1 99.0 99.00 
2024 05 05 11 00 316  6.1  7.6 99.00 99.00 99.00 999 1014.7   9.5 999.0   7.1 99.0 99.00 
2024 05 05 11 10 313  5.7  7.3  2.16  9.09  6.48 295 1014.7   9.5 999.0   7.4 99.0 99.00 
2024 05 05 11 20 315  5.7  7.8 99.00 99.00 99.00 999 1014.8   9.6 999.0   7.6 99.0 99.00 
2024 05 05 11 30 317  5.8  7.4 99.00 99.00 99.00 999 1014.9   9.7 999.0   7.7 99.0 99.00 
2024 05 05 11 40 316  6.2  8.2  2.16  9.09  6.57 298 1014.9   9.7 999.0   7.7 99.0 99.00 
2024 05 05 11 50 316  5.5  7.0 99.00 99.00 99.00 999 1014.8   9.7 999.0   8.0 99.0 99.00 
2024 05 05 12 00 315  5.2  6.4 99.00 99.00 99.00 999 1014.8   9.7 999.0   8.0 99.0 99.00 
2024 05 05 12 10 317  5.3  6.9  2.15  8.33  6.50 291 1014.9   9.7 999.0   8.0 99.0 99.00 
2024 05 05 12 20 317  6.6  8.6 99.00 99.00 99.00 999 1015.0   9.8 999.0   7.9 99.0 99.00 
2024 05 05 12 30 317  6.3  7.7 99.00 99.00 99.00 999 1015.1   9.7 999.0   7.9 99.0 99.00 
2024 05 05 12 40 316  6.3  8.1  2.11  8.33  6.49 286 1015.1   9.7 999.0   7.6 99.0 99.00 
2024 05 05 12 50 314  5.7  7.4 99.00 99.00 99.00 999 1015.2   9.7 999.0   7.7 99.0 99.00 
2024 05 05 13 00 312  5.6  7.3 99.00 99.00 99.00 999 1015.3   9.7 999.0   7.7 99.0 99.00 
2024 05 05 13 10 309  5.3  6.8  2.11  8.33  6.62 294 1015.5   9.8 999.0   7.8 99.0 99.00 
2024 05 05 13 20 307  5.9  7.4 99.00 99.00 99.00 999 1015.5   9.8 999.0   7.2 99.0 99.00 
2024 05 05 13 30 311  6.1  7.8 99.00 99.00 99.00 999 1015.6   9.9 999.0   7.2 99.0 99.00 
2024 05 05 13 40 312  6.4  8.0  1.85  9.09  6.31 288 1015.8   9.9 999.0   7.2 99.0 99.00 
2024 05 05 13 50 312  6.3  8.4 99.00 99.00 99.00 999 1015.9   9.8 999.0   7.4 99.0 99.00 
2024 05 05 14 00 313  6.7  8.2 99.00 99.00 99.00 999 1015.9   9.8 999.0   7.1 99.0 99.00 
2024 05 05 14 10 310  7.2  8.7  1.99  9.09  6.55 290 1016.0   9.8 999.0   6.9 99.0 99.00 
2024 05 05 14 20 311  7.3  8.5 99.00 99.00 99.00 999 1016.2   9.9 999.0   7.0 99.0 99.00 
2024 05 05 14 30 311  7.5  9.0 99.00 99.00 99.00 999 1016.3   9.9 999.0   7.0 99.0 99.00 
2024 05 05 14 40 314  7.2  9.0  1.85  7.69  6.16 301 1016.4   9.9 999.0   7.1 99.0 99.00 
2024 05 05 14 50 318  7.1  9.0 99.00 99.00 99.00 999 1016.4   9.9 999.0   7.0 99.0 99.00 
2024 05 05 15 00 316  7.2  9.0 99.00 99.00 99.00 999 1016.4   9.9 999.0   7.1 99.0 99.00 
2024 05 05 15 10 316  7.4  9.0  1.94  8.33  6.29 304 1016.6   9.9 999.0   7.3 99.0 99.00 
2024 05 05 15 20 316  7.7  9.3 99.00 99.00 99.00 999 1016.7   9.9 999.0   7.2 99.0 99.00 
2024 05 05 15 30 315  7.6  9.4 99.00 99.00 99.00 999 1016.9   9.9 999.0   7.4 99.0 99.00 
2024 05 05 15 40 317  7.6  9.6  1.88  9.09  6.48 290 1017.0   9.9 999.0   7.4 99.0 99.00 
2024 05 05 15 50 321  7.0  8.6 99.00 99.00 99.00 999 1017.2   9.9 999.0   7.7 99.0 99.00 
2024 05 05 16 00 319  7.0  8.5 99.00 99.00 99.00 999 1017.4   9.9 999.0   7.8 99.0 99.00 
2024 05 05 16 10 316  6.6  8.4  1.73  9.09  6.13 296 1017.4   9.9 999.0   7.8 99.0 99.00 
2024 05 05 16 20 314  6.8  8.0 99.00 99.00 99.00 999 1017.5   9.8 999.0   7.6 99.0 99.00 
2024 05 05 16 30 314  6.6  8.2 99.00 99.00 99.00 999 1017.4   9.9 999.0   7.8 99.0 99.00 
2024 05 05 16 40 312  6.9  8.4  1.68  9.09  6.21 291 1017.5   9.8 999.0   7.6 99.0 99.00 
2024 05 05 16 50 312  6.7  7.9 99.00 99.00 99.00 999 1017.4   9.9 999.0   7.8 99.0 99.00 
2024 05 05 17 00 309  6.0  7.8 99.00 99.00 99.00 999 1017.6   9.9 999.0   8.1 99.0 99.00 
2024 05 05 17 10 309  6.2  7.8  1.73  8.33  6.30 309 1017.7   9.9 999.0   7.8 99.0 99.00 
2024 05 05 17 20 309  5.7  7.1 99.00 99.00 99.00 999 1017.8   9.9 999.0   8.0 99.0 99.00 
2024 05 05 17 30 305  6.2  7.7 99.00 99.00 99.00 999 1018.0  10.0 999.0   8.0 99.0 99.00 
2024 05 05 17 40 307  6.4  8.0  1.62  9.09  6.23 302 1018.0  10.0 999.0   7.9 99.0 99.00 
2024 05 05 17 50 309  6.3  7.6 99.00 99.00 99.00 999 1018.1  10.1 999.0   8.1 99.0 99.00 
2024 05 05 18 00 310  6.2  7.9 99.00 99.00 99.00 999 1018.2  10.1 999.0   8.0 99.0 99.00 
2024 05 05 18 10 310  5.9  7.9  1.66  9.09  6.31 289 1018.2  10.2 999.0   8.1 99.0 99.00 
2024 05 05 18 20 309  6.0  7.6 99.00 99.00 99.00 999 1018.3  10.2 999.0   8.1 99.0 99.00 
2024 05 05 18 30 310  6.8  8.4 99.00 99.00 99.00 999 1018.5  10.2 999.0   7.8 99.0 99.00 
2024 05 05 18 40 310  6.8  8.6  1.70  8.33  6.36 306 1018.5  10.3 999.0   7.8 99.0 99.00 
2024 05 05 18 50 311  7.1  9.1 99.00 99.00 99.00 999 1018.6  10.3 999.0   7.8 99.0 99.00 
2024 05 05 19 00 309  6.6  8.2 99.00 99.00 99.00 999 1018.7  10.4 999.0   8.1 99.0 99.00 
2024 05 05 19 10 306  7.0  8.5  1.67  8.33  6.33 303 1018.6  10.4 999.0   7.9 99.0 99.00 
2024 05 05 19 20 301  7.1  8.9 99.00 99.00 99.00 999 1018.6  10.4 999.0   7.9 99.0 99.00 
2024 05 05 19 30 301  7.6  9.2 99.00 99.00 99.00 999 1018.7  10.5 999.0   8.0 99.0 99.00 
2024 05 05 19 40 300  7.6  9.2  1.70  8.33  6.39 293 1018.7  10.5 999.0   8.1 99.0 99.00 
2024 05 05 19 50 299  7.6  9.6 99.00 99.00 99.00 999 1018.7  10.5 999.0   8.0 99.0 99.00 
2024 05 05 20 00 297  8.1  9.8 99.00 99.00 99.00 999 1018.8  10.6 999.0   7.9 99.0 99.00 
2024 05 05 20 10 297  8.4  9.9  1.55  9.09  5.91 298 1018.7  10.7 999.0   7.6 99.0 99.00 
2024 05 05 20 20 295  8.1 10.1 99.00 99.00 99.00 999 1018.6  10.8 999.0   7.7 99.0 99.00 
2024 05 05 20 30 298  8.1  9.9 99.00 99.00 99.00 999 1018.9  10.8 999.0   7.7 99.0 99.00 
2024 05 05 20 40 298  7.9 10.0  1.78  9.09  6.34 307 1018.9  10.8 999.0   8.0 99.0 99.00 
2024 05 05 20 50 294  8.1  9.6 99.00 99.00 99.00 999 1018.9  10.8 999.0   7.9 99.0 99.00 
2024 05 05 21 00 297  8.2 10.1 99.00 99.00 99.00 999 1019.1  10.9 999.0   8.0 99.0 99.00 
2024 05 05 21 10 298  8.3 10.2  1.71  8.33  6.31 307 1019.2  10.9 999.0   8.1 99.0 99.00 
2024 05 05 21 20 295  8.3 10.0 99.00 99.00 99.00 999 1019.1  10.9 999.0   8.1 99.0 99.00 
2024 05 05 21 30 296  8.2  9.6 99.00 99.00 99.00 999 1019.3  11.0 999.0   8.0 99.0 99.00 
2024 05 05 21 40 296  8.3 10.8  1.77  8.33  6.40 301 1019.4  11.0 999.0   7.9 99.0 99.00 
2024 05 05 21 50 295  8.6 10.4 99.00 99.00 99.00 999 1019.7  11.1 999.0   7.9 99.0 99.00 
2024 05 05 22 00 296  8.2 10.0 99.00 99.00 99.00 999 1019.6  11.1 999.0   8.1 99.0 99.00 
2024 05 05 22 10 296  7.8  9.5  1.59  7.69  6.18 301 1019.6  11.2 999.0   8.4 99.0 99.00 
2024 05 05 22 20 297  8.2 10.0 99.00 99.00 99.00 999 1019.7  11.2 999.0   8.3 99.0 99.00 
2024 05 05 22 30 299  8.2 10.2 99.00 99.00 99.00 999 1019.6  11.2 999.0   8.3 99.0 99.00 
2024 05 05 22 40 299  8.3 10.5  1.72  9.09  6.51 302 1019.7  11.3 999.0   8.3 99.0 99.00 
2024 05 05 22 50 299  7.7  9.8 99.00 99.00 99.00 999 1019.5  11.3 999.0   8.5 99.0 99.00 
2024 05 05 23 00 298  8.3 10.1 99.00 99.00 99.00 999 1019.5  11.3 999.0   8.3 99.0 99.00 
2024 05 05 23 10 299  8.2 10.0  1.71  9.09  6.39 302 1019.4  11.3 999.0   8.3 99.0 99.00 
2024 05 05 23 20 299  8.2  9.8 99.00 99.00 99.00 999 1019.3  11.3 999.0   8.5 99.0 99.00 
2024 05 05 23 30 297  8.4 11.0 99.00 99.00 99.00 999 1019.4  11.3 999.0   8.5 99.0 99.00 
2024 05 05 23 40 297  8.5 10.3  1.68  8.33  6.48 310 1019.3  11.3 999.0   8.6 99.0 99.00 
2024 05 05 23 50 298  8.1  9.7 99.00 99.00 99.00 999 1019.1  11.3 999.0   8.7 99.0 99.00 
2024 05 06 00 00 298  8.0 10.1 99.00 99.00 99.00 999 1019.0  11.3 999.0   8.6 99.0 99.00 
2024 05 06 00 10 299  7.6  9.5  1.78  9.09  6.28 299 1018.9  11.4 999.0   8.9 99.0 99.00 
2024 05 06 00 20 299  7.9  9.4 99.00 99.00 99.00 999 1018.9  11.3 999.0   8.7 99.0 99.00 
2024 05 06 00 30 299  7.5  9.3 99.00 99.00 99.00 999 1018.9  11.4 999.0   8.7 99.0 99.00 
2024 05 06 00 40 296  7.9  9.5  1.76  9.09  6.39 303 1018.8  11.3 999.0   8.6 99.0 99.00 
2024 05 06 00 50 295  7.8  9.6 99.00 99.00 99.00 999 1018.8  11.4 999.0   8.8 99.0 99.00 
2024 05 06 01 00 296  8.2 10.3 99.00 99.00 99.00 999 1018.7  11.4 999.0   8.6 99.0 99.00 
2024 05 06 01 10 295  8.4 10.1  1.80  9.09  6.52 309 1018.7  11.4 999.0   8.6 99.0 99.00 
2024 05 06 01 20 295  8.0  9.8 99.00 99.00 99.00 999 1018.6  11.4 999.0   8.5 99.0 99.00 
2024 05 06 01 30 293  8.2 10.0 99.00 99.00 99.00 999 1018.7  11.4 999.0   8.5 99.0 99.00 
2024 05 06 01 40 291  8.2 10.4  1.73  8.33  6.09 307 1018.9  11.4 999.0   8.7 99.0 99.00 
2024 05 06 01 50 292  8.0 11.0 99.00 99.00 99.00 999 1019.1  11.4 999.0   8.8 99.0 99.00 
2024 05 06 02 00 292  8.4 10.6 99.00 99.00 99.00 999 1019.1  11.5 999.0   8.8 99.0 99.00 
2024 05 06 02 10 290  8.4 10.1  1.84 13.79  6.44 292 1019.0  11.5 999.0   8.4 99.0 99.00 
2024 05 06 02 20 291  7.8  9.7 99.00 99.00 99.00 999 1018.9  11.5 999.0   8.6 99.0 99.00 
2024 05 06 02 30 290  7.8  9.7 99.00 99.00 99.00 999 1019.0  11.4 999.0   8.6 99.0 99.00 
2024 05 06 02 40 293  7.8 10.1  1.95  9.09  6.52 300 1019.2  11.5 999.0   8.8 99.0 99.00 
2024 05 06 02 50 294  7.7  9.6 99.00 99.00 99.00 999 1019.4  11.5 999.0   8.8 99.0 99.00 
2024 05 06 03 00 294  8.0  9.6 99.00 99.00 99.00 999 1019.4  11.4 999.0   8.7 99.0 99.00 
2024 05 06 03 10 293  7.8  9.7  1.72  9.09  6.52 302 1019.4  11.4 999.0   8.9 99.0 99.00 
2024 05 06 03 20 293  7.7 10.0 99.00 99.00 99.00 999 1019.4  11.4 999.0   8.9 99.0 99.00 
2024 05 06 03 30 295  7.6  9.3 99.00 99.00 99.00 999 1019.4  11.4 999.0   8.8 99.0 99.00 
2024 05 06 03 40 297  7.2  9.1  1.77 13.79  6.64 267 1019.5  11.4 999.0   8.9 99.0 99.00 
2024 05 06 03 50 300  6.8  8.5 99.00 99.00 99.00 999 1019.7  11.4 999.0   9.0 99.0 99.00 
2024 05 06 04 00 300  7.1  9.4 99.00 99.00 99.00 999 1019.9  11.4 999.0   9.1 99.0 99.00 
2024 05 06 04 10 304  6.8  8.7  1.77  9.09  6.71 290 1020.0  11.4 999.0   9.2 99.0 99.00 
2024 05 06 04 20 305  7.0  8.5 99.00 99.00 99.00 999 1020.1  11.4 999.0   9.1 99.0 99.00 
2024 05 06 04 30 303  6.8  8.2 99.00 99.00 99.00 999 1020.1  11.3 999.0   9.2 99.0 99.00 
2024 05 06 04 40 303  6.9  8.9  1.89  9.09  6.79 306 1020.2  11.3 999.0   9.2 99.0 99.00 
2024 05 06 04 50 304  6.9  8.5 99.00 99.00 99.00 999 1020.4  11.3 999.0   9.2 99.0 99.00 
2024 05 06 05 00 308  6.4  8.5 99.00 99.00 99.00 999 1020.4  11.3 999.0   9.2 99.0 99.00 
2024 05 06 05 10 308  6.4  8.0  1.76  9.09  6.68 303 1020.5  11.3 999.0   9.3 99.0 99.00 
2024 05 06 05 20 309  6.2  7.7 99.00 99.00 99.00 999 1020.4  11.3 999.0   9.3 99.0 99.00 
2024 05 06 05 30 309  6.1  7.5 99.00 99.00 99.00 999 1020.4  11.2 999.0   9.3 99.0 99.00 
2024 05 06 05 40 308  6.2  7.8  1.77  9.09  6.91 298 1020.4  11.2 999.0   9.1 99.0 99.00 
2024 05 06 05 50 309  5.8  7.8 99.00 99.00 99.00 999 1020.4  11.2 999.0   9.2 99.0 99.00 
2024 05 06 06 00 310  5.6  7.1 99.00 99.00 99.00 999 1020.4  11.2 999.0   9.3 99.0 99.00 
2024 05 06 06 10 314  5.3  7.0  1.91 13.79  7.22 280 1020.5  11.2 999.0   9.4 99.0 99.00 
2024 05 06 06 20 321  5.3  6.8 99.00 99.00 99.00 999 1020.3  11.1 999.0   9.5 99.0 99.00 
2024 05 06 06 30 321  5.2  6.7 99.00 99.00 99.00 999 1020.3  10.8 999.0   9.6 99.0 99.00 
2024 05 06 06 40 318  5.4  7.2  1.59  9.09  6.97 305 1020.2  10.8 999.0   9.4 99.0 99.00 
2024 05 06 06 50 317  5.3  6.5 99.00 99.00 99.00 999 1020.2  10.8 999.0   9.4 99.0 99.00 
2024 05 06 07 00 318  4.7  6.1 99.00 99.00 99.00 999 1020.2  10.8 999.0   9.4 99.0 99.00 
2024 05 06 07 10 316  4.6  6.2  1.45  9.09  6.45 295 1020.1  10.7 999.0   9.2 99.0 99.00 
2024 05 06 07 20 315  4.2  5.3 99.00 99.00 99.00 999 1020.2  10.7 999.0   9.1 99.0 99.00 
2024 05 06 07 30 317  4.2  5.5 99.00 99.00 99.00 999 1020.4  10.7 999.0   9.0 99.0 99.00 
2024 05 06 07 40 319  4.3  5.6  1.56  8.33  6.94 305 1020.5  10.8 999.0   9.1 99.0 99.00 
2024 05 06 07 50 319  4.6  5.7 99.00 99.00 99.00 999 1020.7  10.8 999.0   9.0 99.0 99.00 
2024 05 06 08 00 320  4.1  5.4 99.00 99.00 99.00 999 1020.6  10.8 999.0   9.0 99.0 99.00 
2024 05 06 08 10 323  4.2  5.4  1.62  9.09  7.09 296 1020.5  10.8 999.0   8.9 99.0 99.00 
2024 05 06 08 20 324  4.2  5.6 99.00 99.00 99.00 999 1020.3  10.8 999.0   8.9 99.0 99.00 
2024 05 06 08 30 324  4.1  5.4 99.00 99.00 99.00 999 1020.1  10.8 999.0   8.8 99.0 99.00 
2024 05 06 08 40 326  4.8  6.0  1.49  9.09  7.17 298 1020.3  10.8 999.0   8.7 99.0 99.00 
2024 05 06 08 50 326  5.0  6.2 99.00 99.00 99.00 999 1020.5  10.8 999.0   8.7 99.0 99.00 
2024 05 06 09 00 323  4.9  6.0 99.00 99.00 99.00 999 1020.2  10.8 999.0   8.7 99.0 99.00 
2024 05 06 09 10 321  4.9  5.9  1.44  8.33  7.42 299 1020.3  10.9 999.0   8.7 99.0 99.00 
2024 05 06 09 20 322  4.8  6.0 99.00 99.00 99.00 999 1020.2  10.9 999.0   8.7 99.0 99.00 
2024 05 06 09 30 326  4.8  6.0 99.00 99.00 99.00 999 1020.1  10.9 999.0   8.7 99.0 99.00 
2024 05 06 09 40 323  4.3  5.4  1.53  9.09  7.62 308 1020.0  10.8 999.0   8.7 99.0 99.00 
2024 05 06 09 50 324  4.3  5.3 99.00 99.00 99.00 999 1020.1  10.7 999.0   8.6 99.0 99.00 
2024 05 06 10 00 326  4.1  5.1 99.00 99.00 99.00 999 1020.2  10.7 999.0   8.7 99.0 99.00 
2024 05 06 10 10 325  3.9  4.9  1.50 13.79  7.64 285 1020.1  10.8 999.0   8.9 99.0 99.00 
2024 05 06 10 20 324  4.0  4.9 99.00 99.00 99.00 999 1020.1  10.8 999.0   8.8 99.0 99.00 
2024 05 06 10 30 322  4.0  5.2 99.00 99.00 99.00 999 1020.3  10.8 999.0   8.8 99.0 99.00 
2024 05 06 10 40 322  3.9  5.2  1.48  8.33  7.27 292 1020.2  10.8 999.0   8.8 99.0 99.00 
2024 05 06 10 50 320  4.1  5.1 99.00 99.00 99.00 999 1020.3  10.7 999.0   8.8 99.0 99.00 
2024 05 06 11 00 320  4.1  5.1 99.00 99.00 99.00 999 1020.3  10.8 999.0   8.9 99.0 99.00 
2024 05 06 11 10 320  4.3  5.3  1.65  9.09  7.96 311 1020.4  10.8 999.0   8.9 99.0 99.00 
2024 05 06 11 20 319  4.4  5.6 99.00 99.00 99.00 999 1020.4  10.8 999.0   8.9 99.0 99.00 
2024 05 06 11 30 320  4.3  5.5 99.00 99.00 99.00 999 1020.5  10.8 999.0   8.9 99.0 99.00 
2024 05 06 11 40 320  4.1  5.0  1.49  9.09  7.54 302 1020.5  10.8 999.0   8.9 99.0 99.00 
2024 05 06 11 50 320  4.0  5.2 99.00 99.00 99.00 999 1020.5  10.8 999.0   8.9 99.0 99.00 
2024 05 06 12 00 322  4.1  5.4 99.00 99.00 99.00 999 1020.5  10.7 999.0   8.7 99.0 99.00 
2024 05 06 12 10 319  4.0  5.1  1.52 13.79  7.71 275 1020.5  10.7 999.0   8.8 99.0 99.00 
2024 05 06 12 20 320  3.6  4.8 99.00 99.00 99.00 999 1020.3  10.7 999.0   8.9 99.0 99.00 
2024 05 06 12 30 319  3.3  4.2 99.00 99.00 99.00 999 1020.4  10.7 999.0   8.9 99.0 99.00 
2024 05 06 12 40 316  3.2  4.0  1.42  9.09  7.25 304 1020.4  10.7 999.0   9.0 99.0 99.00 
2024 05 06 12 50 315  3.3  4.2 99.00 99.00 99.00 999 1020.5  10.7 999.0   8.9 99.0 99.00 
2024 05 06 13 00 313  3.5  4.5 99.00 99.00 99.00 999 1020.5  10.7 999.0   8.9 99.0 99.00 
2024 05 06 13 10 312  3.4  4.3  1.51  9.09  7.74 301 1020.5  10.7 999.0   8.8 99.0 99.00 
2024 05 06 13 20 304  3.4  4.4 99.00 99.00 99.00 999 1020.5  10.7 999.0   8.8 99.0 99.00 
2024 05 06 13 30 304  3.4  4.3 99.00 99.00 99.00 999 1020.5  10.7 999.0   8.8 99.0 99.00 
2024 05 06 13 40 306  3.6  4.5  1.31 12.90  7.28 273 1020.6  10.8 999.0   8.8 99.0 99.00 
2024 05 06 13 50 303  3.5  4.6 99.00 99.00 99.00 999 1020.7  10.8 999.0   8.8 99.0 99.00 
2024 05 06 14 00 301  3.2  4.5 99.00 99.00 99.00 999 1020.8  10.9 999.0   9.0 99.0 99.00 
2024 05 06 14 10 306  3.3  4.3  1.50 12.90  7.62 302 1020.8  10.9 999.0   9.1 99.0 99.00 
2024 05 06 14 20 308  3.5  4.4 99.00 99.00 99.00 999 1020.9  10.8 999.0   9.0 99.0 99.00 
2024 05 06 14 30 307  3.4  4.5 99.00 99.00 99.00 999 1021.0  10.8 999.0   9.0 99.0 99.00 
2024 05 06 14 40 306  3.2  4.5  1.49  9.09  7.64 307 1021.1  10.8 999.0   9.0 99.0 99.00 
2024 05 06 14 50 308  2.9  4.0 99.00 99.00 99.00 999 1021.1  10.9 999.0   9.1 99.0 99.00 
2024 05 06 15 00 304  2.8  3.7 99.00 99.00 99.00 999 1021.2  10.9 999.0   9.1 99.0 99.00 
2024 05 06 15 10 301  2.8  3.7  1.53  8.33  7.77 308 1021.3  10.9 999.0   9.0 99.0 99.00 
2024 05 06 15 20 305  2.7  3.5 99.00 99.00 99.00 999 1021.3  11.0 999.0   9.2 99.0 99.00 
2024 05 06 15 30 311  2.6  3.6 99.00 99.00 99.00 999 1021.3  11.0 999.0   9.2 99.0 99.00 
2024 05 06 15 40 311  2.7  3.4  1.43 12.90  7.77 298 1021.2  11.0 999.0   9.0 99.0 99.00 
2024 05 06 15 50 307  2.6  3.5 99.00 99.00 99.00 999 1021.1  11.0 999.0   9.0 99.0 99.00 
2024 05 06 16 00 305  2.3  3.1 99.00 99.00 99.00 999 1021.1  11.0 999.0   8.9 99.0 99.00 
2024 05 06 16 10 307  2.3  3.3  1.49 12.90  7.89 310 1021.2  11.0 999.0   8.9 99.0 99.00 
2024 05 06 16 20 312  2.0  2.9 99.00 99.00 99.00 999 1021.3  11.1 999.0   8.9 99.0 99.00 
2024 05 06 16 30 298  1.8  2.9 99.00 99.00 99.00 999 1021.4  11.1 999.0   9.0 99.0 99.00 
2024 05 06 16 40 303  1.8  2.8  1.39 12.90  7.53 291 1021.4  11.1 999.0   9.0 99.0 99.00 
2024 05 06 16 50 310  1.9  2.8 99.00 99.00 99.00 999 1021.5  11.2 999.0   9.0 99.0 99.00 
2024 05 06 17 00 300  2.1  2.8 99.00 99.00 99.00 999 1021.6  11.2 999.0   9.0 99.0 99.00 
2024 05 06 17 10 297  2.0  2.8  1.41 12.90  7.70 286 1021.5  11.2 999.0   8.9 99.0 99.00 
2024 05 06 17 20 288  1.8  2.7 99.00 99.00 99.00 999 1021.5  11.2 999.0   9.0 99.0 99.00 
2024 05 06 17 30 290  2.2  3.0 99.00 99.00 99.00 999 1021.6  11.2 999.0   9.0 99.0 99.00 
2024 05 06 17 40 281  2.2  3.2  1.59  9.09  7.87 309 1021.5  11.3 999.0   9.3 99.0 99.00 
2024 05 06 17 50 284  2.3  3.2 99.00 99.00 99.00 999 1021.6  11.3 999.0   9.2 99.0 99.00 
2024 05 06 18 00 293  2.8  3.5 99.00 99.00 99.00 999 1021.8  11.3 999.0   9.2 99.0 99.00 
2024 05 06 18 10 297  3.3  4.2  1.27 10.00  7.23 305 1021.9  11.3 999.0   9.0 99.0 99.00 
2024 05 06 18 20 300  3.2  4.2 99.00 99.00 99.00 999 1021.9  11.4 999.0   9.2 99.0 99.00 
2024 05 06 18 30 301  3.2  4.2 99.00 99.00 99.00 999 1021.9  11.4 999.0   9.0 99.0 99.00 
2024 05 06 18 40 308  3.2  4.2  1.35 10.00  7.50 309 1021.9  11.4 999.0   9.0 99.0 99.00 
2024 05 06 18 50 306  3.0  4.0 99.00 99.00 99.00 999 1021.8  11.5 999.0   9.4 99.0 99.00 
2024 05 06 19 00 306  3.2  4.1 99.00 99.00 99.00 999 1021.8  11.5 999.0   9.6 99.0 99.00 
2024 05 06 19 10 307  2.9  3.9  1.44  9.09  7.67 312 1021.7  11.6 999.0   9.8 99.0 99.00 
2024 05 06 19 20 299  2.3  3.2 99.00 99.00 99.00 999 1021.6  11.7 999.0  10.0 99.0 99.00 
2024 05 06 19 30 293  2.2  3.0 99.00 99.00 99.00 999 1021.6  11.7 999.0  10.1 99.0 99.00 
2024 05 06 19 40 282  2.5  3.5  1.34  9.09  7.47 310 1021.6  11.7 999.0   9.8 99.0 99.00 
2024 05 06 19 50 281  3.2  4.2 99.00 99.00 99.00 999 1021.6  11.9 999.0  10.0 99.0 99.00 
2024 05 06 20 00 290  3.7  4.9 99.00 99.00 99.00 999 1021.7  11.9 999.0  10.0 99.0 99.00 
2024 05 06 20 10 293  3.9  4.9  1.37  9.09  7.75 310 1021.6  12.0 999.0  10.1 99.0 99.00 
2024 05 06 20 20 290  3.3  4.3 99.00 99.00 99.00 999 1021.5  12.0 999.0  10.3 99.0 99.00 
2024 05 06 20 30 281  3.1  4.3 99.00 99.00 99.00 999 1021.4  12.1 999.0  10.6 99.0 99.00 
2024 05 06 20 40 282  3.5  4.6  1.59 12.90  8.33 304 1021.3  12.1 999.0  10.5 99.0 99.00 
2024 05 06 20 50 283  3.4  4.2 99.00 99.00 99.00 999 1021.4  12.2 999.0  10.8 99.0 99.00 
2024 05 06 21 00 283  3.7  4.6 99.00 99.00 99.00 999 1021.4  12.2 999.0  10.9 99.0 99.00 
2024 05 06 21 10 282  3.7  4.8  1.33  9.09  7.81 307 1021.3  12.2 999.0  11.1 99.0 99.00 
2024 05 06 21 20 275  3.8  4.8 99.00 99.00 99.00 999 1021.1  12.2 999.0  11.1 99.0 99.00 
2024 05 06 21 30 278  4.1  5.4 99.00 99.00 99.00 999 1021.1  12.2 999.0  11.3 99.0 99.00 
2024 05 06 21 40 277  4.9  6.2  1.40 13.79  8.09 291 1021.0  12.1 999.0  11.2 99.0 99.00 
2024 05 06 21 50 278  5.2  6.3 99.00 99.00 99.00 999 1020.9  12.2 999.0  11.3 99.0 99.00 
2024 05 06 22 00 277  5.3  6.5 99.00 99.00 99.00 999 1020.8  12.1 999.0  11.3 99.0 99.00 
2024 05 06 22 10 273  5.2  6.5  1.33  8.33  7.69 301 1020.8  12.2 999.0  11.5 99.0 99.00 
2024 05 06 22 20 274  6.0  7.2 99.00 99.00 99.00 999 1020.7  12.2 999.0  11.4 99.0 99.00 
2024 05 06 22 30 274  6.0  7.1 99.00 99.00 99.00 999 1020.6  12.2 999.0  11.3 99.0 99.00 
2024 05 06 22 40 274  6.2  7.5  1.28  8.33  7.21 300 1020.6  12.2 999.0  11.4 99.0 99.00 
2024 05 06 22 50 276  6.2  7.5 99.00 99.00 99.00 999 1020.6  12.2 999.0  11.4 99.0 99.00 
2024 05 06 23 00 279  6.3  7.6 99.00 99.00 99.00 999 1020.5  12.2 999.0  11.5 99.0 99.00 
2024 05 06 23 10 278  5.9  7.4  1.32  9.09  6.91 298 1020.5  12.2 999.0  11.5 99.0 99.00 
2024 05 06 23 20 277  5.8  6.8 99.00 99.00 99.00 999 1020.3  12.2 999.0  11.5 99.0 99.00 
2024 05 06 23 30 275  5.7  7.0 99.00 99.00 99.00 999 1020.2  12.2 999.0  11.5 99.0 99.00 
2024 05 06 23 40 276  5.8  7.1  1.31  9.09  6.68 306 1020.2  12.3 999.0  11.6 99.0 99.00 
2024 05 06 23 50 276  6.1  7.3 99.00 99.00 99.00 999 1020.3  12.3 999.0  11.7 99.0 99.00 
2024 05 07 00 00 278  6.0  6.9 99.00 99.00 99.00 999 1020.3  12.3 999.0  11.8 99.0 99.00 
2024 05 07 00 10 277  6.1  7.6  1.23 12.90  6.62 295 1020.2  12.4 999.0  11.9 99.0 99.00 
2024 05 07 00 20 276  6.1  7.4 99.00 99.00 99.00 999 1020.1  12.4 999.0  11.9 99.0 99.00 
2024 05 07 00 30 279  6.4  7.8 99.00 99.00 99.00 999 1020.0  12.4 999.0  12.0 99.0 99.00 
2024 05 07 00 40 279  6.6  8.0  1.42 12.12  7.35 295 1020.0  12.4 999.0  12.0 99.0 99.00 
2024 05 07 00 50 280  6.5  8.3 99.00 99.00 99.00 999 1020.0  12.4 999.0  12.0 99.0 99.00 
2024 05 07 01 00 283  6.2  7.7 99.00 99.00 99.00 999 1019.9  12.4 999.0  12.0 99.0 99.00 
2024 05 07 01 10 290  6.5  7.7  1.46  9.09  7.44 308 1019.8  12.4 999.0  12.0 99.0 99.00 
2024 05 07 01 20 290  6.2  7.4 99.00 99.00 99.00 999 1019.7  12.3 999.0  11.8 99.0 99.00 
2024 05 07 01 30 292  6.0  7.4 99.00 99.00 99.00 999 1019.7  12.4 999.0  12.0 99.0 99.00 
2024 05 07 01 40 293  6.4  8.0  1.41 11.43  7.05 295 1019.7  12.3 999.0  11.9 99.0 99.00 
2024 05 07 01 50 299  6.6  7.9 99.00 99.00 99.00 999 1019.6  12.3 999.0  11.9 99.0 99.00 
2024 05 07 02 00 300  7.3  8.8 99.00 99.00 99.00 999 1019.6  12.2 999.0  11.8 99.0 99.00 
2024 05 07 02 10 297  7.1  8.5  1.27  9.09  6.76 309 1019.6  12.2 999.0  11.8 99.0 99.00 
2024 05 07 02 20 298  6.5  8.2 99.00 99.00 99.00 999 1019.6  12.2 999.0  11.8 99.0 99.00 
2024 05 07 02 30 299  6.2  7.5 99.00 99.00 99.00 999 1019.6  12.1 999.0  11.7 99.0 99.00 
2024 05 07 02 40 302  7.1  8.6  1.21 11.43  6.92 301 1019.6  12.1 999.0  11.6 99.0 99.00 
2024 05 07 02 50 301  7.5  9.1 99.00 99.00 99.00 999 1019.4  12.1 999.0  11.6 99.0 99.00 
2024 05 07 03 00 306  7.8 10.0 99.00 99.00 99.00 999 1019.5  12.0 999.0  11.6 99.0 99.00 
2024 05 07 03 10 303  7.0  8.7  1.29 10.81  6.74 300 1019.4  11.8 999.0  11.4 99.0 99.00 
2024 05 07 03 20 306  6.5  8.0 99.00 99.00 99.00 999 1019.3  11.7 999.0  11.0 99.0 99.00 
2024 05 07 03 30 311  6.9  8.4 99.00 99.00 99.00 999 1019.4  11.9 999.0  10.7 99.0 99.00 
2024 05 07 03 40 314  7.4  9.0  1.35 12.90  6.56 263 1019.4  11.9 999.0  10.6 99.0 99.00 
2024 05 07 03 50 315  7.6  9.3 99.00 99.00 99.00 999 1019.4  11.8 999.0  10.5 99.0 99.00 
2024 05 07 04 00 315  8.1  9.8 99.00 99.00 99.00 999 1019.6  11.8 999.0  10.4 99.0 99.00 
2024 05 07 04 10 312  8.0  9.9  1.34 10.81  5.81 299 1019.6  11.8 999.0  10.5 99.0 99.00 
2024 05 07 04 20 315  8.0  9.5 99.00 99.00 99.00 999 1019.7  11.8 999.0  10.4 99.0 99.00 
2024 05 07 04 30 315  7.8  9.9 99.00 99.00 99.00 999 1019.9  11.7 999.0  10.3 99.0 99.00 
2024 05 07 04 40 316  8.5 10.7  1.43 10.00  6.04 301 1020.0  11.8 999.0  10.1 99.0 99.00 
2024 05 07 04 50 316  8.5 10.6 99.00 99.00 99.00 999 1020.2  11.8 999.0  10.0 99.0 99.00 
2024 05 07 05 00 315  8.4 10.3 99.00 99.00 99.00 999 1020.2  11.8 999.0  10.0 99.0 99.00 
2024 05 07 05 10 311  8.0  9.4  1.45 10.81  5.81 302 1020.2  11.8 999.0  10.1 99.0 99.00 
2024 05 07 05 20 311  8.4 10.3 99.00 99.00 99.00 999 1020.2  11.7 999.0  10.1 99.0 99.00 
2024 05 07 05 30 310  7.9  9.6 99.00 99.00 99.00 999 1020.3  11.6 999.0  10.2 99.0 99.00 
2024 05 07 05 40 311  7.7  9.3  1.48 10.00  5.77 299 1020.4  11.5 999.0  10.2 99.0 99.00 
2024 05 07 05 50 311  7.7  9.2 99.00 99.00 99.00 999 1020.2  11.5 999.0  10.3 99.0 99.00 
2024 05 07 06 00 312  7.7  9.2 99.00 99.00 99.00 999 1020.2  11.4 999.0  10.3 99.0 99.00 
2024 05 07 06 10 313  7.6  9.2  1.43 10.81  5.61 303 1020.2  11.4 999.0  10.3 99.0 99.00 
2024 05 07 06 20 313  6.9  8.4 99.00 99.00 99.00 999 1020.1  11.3 999.0  10.1 99.0 99.00 
2024 05 07 06 30 313  7.1  9.3 99.00 99.00 99.00 999 1020.1  11.3 999.0  10.0 99.0 99.00 
2024 05 07 06 40 312  6.6  8.0  1.56 10.00  5.94 306 1020.1  11.3 999.0  10.0 99.0 99.00 
2024 05 07 06 50 310  6.7  8.2 99.00 99.00 99.00 999 1020.2  11.2 999.0   9.9 99.0 99.00 
2024 05 07 07 00 309  6.3  7.6 99.00 99.00 99.00 999 1020.1  11.2 999.0  10.0 99.0 99.00 
2024 05 07 07 10 318  6.2  7.5  1.43 10.81  5.54 300 1020.0  11.1 999.0  10.0 99.0 99.00 
2024 05 07 07 20 324  6.2  7.6 99.00 99.00 99.00 999 1020.1  11.1 999.0  10.0 99.0 99.00 
2024 05 07 07 30 319  5.7  6.8 99.00 99.00 99.00 999 1020.0  11.0 999.0  10.1 99.0 99.00 
2024 05 07 07 40 317  6.3  8.0  1.43 10.00  5.92 303 1019.9  11.0 999.0  10.2 99.0 99.00 
2024 05 07 07 50 318  7.6  9.7 99.00 99.00 99.00 999 1019.8  11.0 999.0   9.9 99.0 99.00 
2024 05 07 08 00 318  8.0  9.8 99.00 99.00 99.00 999 1019.7  11.0 999.0   9.7 99.0 99.00 
2024 05 07 08 10 317  8.5 10.5  1.56 11.43  5.94 293 1019.6  11.0 999.0   9.7 99.0 99.00 
2024 05 07 08 20 317  8.2  9.7 99.00 99.00 99.00 999 1019.6  11.0 999.0   9.7 99.0 99.00 
2024 05 07 08 30 316  8.0  9.6 99.00 99.00 99.00 999 1019.6  11.0 999.0   9.9 99.0 99.00 
2024 05 07 08 40 316  8.0 10.1  1.42 10.81  5.55 298 1019.6  10.9 999.0   9.8 99.0 99.00 
2024 05 07 08 50 316  8.3 10.0 99.00 99.00 99.00 999 1019.6  11.0 999.0   9.8 99.0 99.00 
2024 05 07 09 00 318  7.8  9.4 99.00 99.00 99.00 999 1019.7  11.0 999.0   9.7 99.0 99.00 
2024 05 07 09 10 318  8.0 11.0  1.59 10.00  5.82 293 1019.6  11.0 999.0   9.8 99.0 99.00 
2024 05 07 09 20 315  8.1  9.7 99.00 99.00 99.00 999 1019.5  10.9 999.0   9.6 99.0 99.00 
2024 05 07 09 30 313  8.2 10.1 99.00 99.00 99.00 999 1019.4  10.9 999.0   9.6 99.0 99.00 
2024 05 07 09 40 314  8.4 10.5  1.73 10.00  5.72 305 1019.3  10.9 999.0   9.5 99.0 99.00 
2024 05 07 09 50 315  8.8 10.8 99.00 99.00 99.00 999 1019.3  10.9 999.0   9.5 99.0 99.00 
2024 05 07 10 00 315  9.5 12.3 99.00 99.00 99.00 999 1019.2  10.9 999.0   9.4 99.0 99.00 
2024 05 07 10 10 314 10.2 13.1  1.67 10.81  5.24 280 1019.2  11.0 999.0   9.4 99.0 99.00 
2024 05 07 10 20 314 10.5 12.6 99.00 99.00 99.00 999 1019.2  10.9 999.0   9.4 99.0 99.00 
2024 05 07 10 30 315 10.9 13.3 99.00 99.00 99.00 999 1019.1  10.9 999.0   9.5 99.0 99.00 
2024 05 07 10 40 316 10.5 13.0  1.78  9.09  5.12 297 1019.2  10.8 999.0   9.5 99.0 99.00 
2024 05 07 10 50 317 10.8 13.5 99.00 99.00 99.00 999 1019.1  10.7 999.0   9.6 99.0 99.00 
2024 05 07 11 00 317 10.4 12.6 99.00 99.00 99.00 999 1019.1  10.7 999.0   9.6 99.0 99.00 
2024 05 07 11 10 317 10.5 13.3  1.82  9.09  5.28 301 1019.1  10.6 999.0   9.5 99.0 99.00 
2024 05 07 11 20 318 10.1 12.5 99.00 99.00 99.00 999 1019.0  10.6 999.0   9.5 99.0 99.00 
2024 05 07 11 30 320 10.8 13.7 99.00 99.00 99.00 999 1019.0  10.6 999.0   9.5 99.0 99.00 
2024 05 07 11 40 320 10.5 13.2  1.82  9.09  5.22 300 1018.9  10.5 999.0   9.5 99.0 99.00 
2024 05 07 11 50 320 10.3 12.9 99.00 99.00 99.00 999 1019.0  10.5 999.0   9.5 99.0 99.00 
2024 05 07 12 00 321 10.0 12.3 99.00 99.00 99.00 999 1019.0  10.5 999.0   9.6 99.0 99.00 
2024 05 07 12 10 321 10.3 13.2  2.04 10.00  5.45 298 1019.0  10.4 999.0   9.5 99.0 99.00 
2024 05 07 12 20 320  9.9 12.7 99.00 99.00 99.00 999 1019.0  10.5 999.0   9.4 99.0 99.00 
2024 05 07 12 30 320 10.8 13.4 99.00 99.00 99.00 999 1018.9  10.5 999.0   9.1 99.0 99.00 
2024 05 07 12 40 320 10.8 13.5  2.04  5.26  5.36 308 1018.9  10.6 999.0   9.0 99.0 99.00 
2024 05 07 12 50 321 11.3 13.4 99.00 99.00 99.00 999 1018.9  10.6 999.0   9.0 99.0 99.00 
2024 05 07 13 00 320 11.8 14.7 99.00 99.00 99.00 999 1018.9  10.6 999.0   9.1 99.0 99.00 
2024 05 07 13 10 320 11.4 13.6  2.00  5.56  5.39 309 1018.9  10.5 999.0   9.1 99.0 99.00 
2024 05 07 13 20 319 11.5 14.7 99.00 99.00 99.00 999 1018.8  10.5 999.0   9.1 99.0 99.00 
2024 05 07 13 30 320 11.5 13.9 99.00 99.00 99.00 999 1018.9  10.5 999.0   9.1 99.0 99.00 
2024 05 07 13 40 318 11.6 15.1  2.03  5.56  5.52 309 1018.7  10.5 999.0   8.9 99.0 99.00 
2024 05 07 13 50 319 12.6 15.5 99.00 99.00 99.00 999 1018.7  10.5 999.0   8.8 99.0 99.00 
2024 05 07 14 00 318 11.9 15.5 99.00 99.00 99.00 999 1018.9  10.5 999.0   8.8 99.0 99.00 
2024 05 07 14 10 317 11.3 14.0  2.24  5.88  5.62 312 1019.0  10.5 999.0   8.9 99.0 99.00 
2024 05 07 14 20 322 11.8 14.2 99.00 99.00 99.00 999 1019.1  10.5 999.0   9.0 99.0 99.00 
2024 05 07 14 30 326 11.1 14.2 99.00 99.00 99.00 999 1019.2  10.5 999.0   9.0 99.0 99.00 
2024 05 07 14 40 326 11.8 15.2  2.20  5.88  5.47 318 1019.0  10.5 999.0   8.8 99.0 99.00 
2024 05 07 14 50 325 12.4 15.2 99.00 99.00 99.00 999 1019.0  10.5 999.0   8.8 99.0 99.00 
2024 05 07 15 00 321 12.5 16.3 99.00 99.00 99.00 999 1019.2  10.5 999.0   9.0 99.0 99.00 
2024 05 07 15 10 321 12.2 15.1  2.33  5.88  5.47 318 1019.2  10.5 999.0   9.1 99.0 99.00 
2024 05 07 15 20 324 12.3 14.7 99.00 99.00 99.00 999 1019.2  10.4 999.0   9.2 99.0 99.00 
2024 05 07 15 30 324 12.0 15.3 99.00 99.00 99.00 999 1019.3  10.4 999.0   9.3 99.0 99.00 
2024 05 07 15 40 326 12.1 15.3  2.31  6.25  5.68 309 1019.4  10.4 999.0   9.3 99.0 99.00 
2024 05 07 15 50 326 11.4 14.7 99.00 99.00 99.00 999 1019.4  10.4 999.0   9.3 99.0 99.00 
2024 05 07 16 00 324 11.5 13.7 99.00 99.00 99.00 999 1019.4  10.4 999.0   9.3 99.0 99.00 
2024 05 07 16 10 324 11.2 13.9  2.32  6.67  5.73 310 1019.4  10.4 999.0   9.1 99.0 99.00 
2024 05 07 16 20 324 11.0 13.6 99.00 99.00 99.00 999 1019.4  10.4 999.0   9.0 99.0 99.00 
2024 05 07 16 30 323 11.4 14.0 99.00 99.00 99.00 999 1019.4  10.4 999.0   9.0 99.0 99.00 
2024 05 07 16 40 321 11.6 14.6  2.31  5.88  5.73 311 1019.2  10.4 999.0   8.9 99.0 99.00 
2024 05 07 16 50 318 11.5 14.3 99.00 99.00 99.00 999 1019.3  10.5 999.0   8.9 99.0 99.00 
2024 05 07 17 00 319 11.7 14.8 99.00 99.00 99.00 999 1019.3  10.5 999.0   8.8 99.0 99.00 
2024 05 07 17 10 319 12.2 15.4  2.39  6.25  5.88 315 1019.3  10.6 999.0   8.8 99.0 99.00 
2024 05 07 17 20 319 11.7 14.6 99.00 99.00 99.00 999 1019.2  10.6 999.0   8.8 99.0 99.00 
2024 05 07 17 30 320 11.3 14.1 99.00 99.00 99.00 999 1019.4  10.6 999.0   8.8 99.0 99.00 
2024 05 07 17 40 319 11.3 14.2  2.49  7.14  5.90 306 1019.5  10.6 999.0   8.7 99.0 99.00 
2024 05 07 17 50 318 11.3 13.9 99.00 99.00 99.00 999 1019.5  10.6 999.0   8.7 99.0 99.00 
2024 05 07 18 00 316 11.7 14.4 99.00 99.00 99.00 999 1019.6  10.7 999.0   8.8 99.0 99.00 
2024 05 07 18 10 316 11.3 13.6  2.25  6.25  5.68 314 1019.6  10.7 999.0   8.8 99.0 99.00 
2024 05 07 18 20 316 10.9 13.2 99.00 99.00 99.00 999 1019.6  10.7 999.0   8.9 99.0 99.00 
2024 05 07 18 30 317 10.6 12.8 99.00 99.00 99.00 999 1019.5  10.7 999.0   8.8 99.0 99.00 
2024 05 07 18 40 317 10.7 13.5  2.37  7.14  5.88 317 1019.6  10.7 999.0   8.8 99.0 99.00 
2024 05 07 18 50 317 10.7 13.3 99.00 99.00 99.00 999 1019.5  10.7 999.0   8.9 99.0 99.00 
2024 05 07 19 00 318 10.8 13.2 99.00 99.00 99.00 999 1019.5  10.7 999.0   8.8 99.0 99.00 
2024 05 07 19 10 317 10.8 14.6  2.34  6.67  5.86 316 1019.4  10.7 999.0   8.8 99.0 99.00 
2024 05 07 19 20 316 11.0 14.6 99.00 99.00 99.00 999 1019.2  10.8 999.0   8.7 99.0 99.00 
2024 05 07 19 30 318 10.9 14.3 99.00 99.00 99.00 999 1019.2  10.8 999.0   8.7 99.0 99.00 
2024 05 07 19 40 319 10.8 13.3  2.19  9.09  5.63 312 1019.2  10.8 999.0   8.6 99.0 99.00 
2024 05 07 19 50 318 10.9 13.7 99.00 99.00 99.00 999 1019.1  10.9 999.0   8.7 99.0 99.00 
2024 05 07 20 00 319 10.8 14.1 99.00 99.00 99.00 999 1019.1  10.9 999.0   8.7 99.0 99.00 
2024 05 07 20 10 318 10.3 12.9  2.42  6.67  5.98 316 1019.1  10.8 999.0   8.7 99.0 99.00 
2024 05 07 20 20 316 11.1 14.2 99.00 99.00 99.00 999 1018.9  10.9 999.0   8.9 99.0 99.00 
2024 05 07 20 30 319 11.2 14.6 99.00 99.00 99.00 999 1018.6  10.8 999.0   8.8 99.0 99.00 
2024 05 07 20 40 319 10.7 15.1  2.39  8.33  5.92 304 1018.7  10.9 999.0   8.9 99.0 99.00 
2024 05 07 20 50 317 10.9 14.7 99.00 99.00 99.00 999 1018.7  10.9 999.0   9.0 99.0 99.00 
2024 05 07 21 00 318 10.6 13.4 99.00 99.00 99.00 999 1018.7  10.9 999.0   8.9 99.0 99.00 
2024 05 07 21 10 316 10.5 15.5  2.43  6.67  5.97 315 1018.6  10.9 999.0   8.9 99.0 99.00 
2024 05 07 21 20 320 11.0 16.3 99.00 99.00 99.00 999 1018.6  11.0 999.0   8.8 99.0 99.00 
2024 05 07 21 30 319 10.2 14.6 99.00 99.00 99.00 999 1018.4  11.0 999.0   8.8 99.0 99.00 
2024 05 07 21 40 319 11.6 14.7  2.65  7.14  6.06 316 1018.2  11.0 999.0   8.9 99.0 99.00 
2024 05 07 21 50 319 11.4 16.3 99.00 99.00 99.00 999 1018.2  11.0 999.0   8.9 99.0 99.00 
2024 05 07 22 00 319 11.2 14.8 99.00 99.00 99.00 999 1017.9  11.0 999.0   9.0 99.0 99.00 
2024 05 07 22 10 319 10.6 16.7  2.48  5.56  5.73 323 1018.1  11.1 999.0   8.9 99.0 99.00 
2024 05 07 22 20 319 10.8 14.3 99.00 99.00 99.00 999 1017.9  11.0 999.0   8.9 99.0 99.00 
2024 05 07 22 30 322 11.8 15.4 99.00 99.00 99.00 999 1017.5  11.0 999.0   8.9 99.0 99.00 
2024 05 07 22 40 321 11.9 15.9  2.77  8.33  6.09 310 1017.6  11.0 999.0   8.8 99.0 99.00 
2024 05 07 22 50 320 11.8 15.9 99.00 99.00 99.00 999 1017.5  11.0 999.0   8.8 99.0 99.00 
2024 05 07 23 00 320 11.2 15.0 99.00 99.00 99.00 999 1017.4  11.0 999.0   8.8 99.0 99.00 
2024 05 07 23 10 320 11.7 14.7  2.83  7.69  6.22 320 1017.5  11.0 999.0   8.8 99.0 99.00 
2024 05 07 23 20 319 12.0 15.1 99.00 99.00 99.00 999 1017.4  11.1 999.0   8.7 99.0 99.00 
2024 05 07 23 30 319 11.7 14.9 99.00 99.00 99.00 999 1017.3  11.0 999.0   8.7 99.0 99.00 
2024 05 07 23 40 320 11.8 15.3  3.02  7.69  6.09 320 1017.3  11.1 999.0   8.7 99.0 99.00 
2024 05 07 23 50 320 11.8 15.1 99.00 99.00 99.00 999 1017.2  11.1 999.0   8.7 99.0 99.00 
2024 05 08 00 00 319 11.8 15.1 99.00 99.00 99.00 999 1017.2  11.1 999.0   8.7 99.0 99.00 
2024 05 08 00 10 319 12.3 15.1  2.86  8.33  6.16 315 1017.1  11.1 999.0   8.7 99.0 99.00 
2024 05 08 00 20 317 12.2 15.3 99.00 99.00 99.00 999 1017.0  11.1 999.0   8.7 99.0 99.00 
2024 05 08 00 30 316 12.1 15.5 99.00 99.00 99.00 999 1017.0  11.1 999.0   8.8 99.0 99.00 
2024 05 08 00 40 317 12.5 16.0  3.00  7.69  6.36 325 1016.9  11.1 999.0   8.8 99.0 99.00 
2024 05 08 00 50 317 12.7 15.8 99.00 99.00 99.00 999 1016.8  11.1 999.0   8.9 99.0 99.00 
2024 05 08 01 00 317 12.3 15.4 99.00 99.00 99.00 999 1016.8  11.1 999.0   8.9 99.0 99.00 
2024 05 08 01 10 316 12.7 15.9  2.90  6.67  6.02 324 1016.7  11.1 999.0   8.9 99.0 99.00 
2024 05 08 01 20 316 12.3 15.1 99.00 99.00 99.00 999 1016.7  11.1 999.0   9.0 99.0 99.00 
2024 05 08 01 30 314 12.2 15.5 99.00 99.00 99.00 999 1016.6  11.0 999.0   9.0 99.0 99.00 
2024 05 08 01 40 314 12.4 15.7  3.00  7.69  6.31 323 1016.5  11.0 999.0   9.1 99.0 99.00 
2024 05 08 01 50 315 12.5 16.0 99.00 99.00 99.00 999 1016.4  11.0 999.0   9.1 99.0 99.00 
2024 05 08 02 00 315 12.6 15.7 99.00 99.00 99.00 999 1016.4  11.0 999.0   9.1 99.0 99.00 
2024 05 08 02 10 312 12.6 15.3  2.92  9.09  6.34 312 1016.2  11.0 999.0   9.2 99.0 99.00 
2024 05 08 02 20 312 12.7 15.7 99.00 99.00 99.00 999 1016.1  11.0 999.0   9.3 99.0 99.00 
2024 05 08 02 30 313 12.6 15.5 99.00 99.00 99.00 999 1016.1  10.9 999.0   9.2 99.0 99.00 
2024 05 08 02 40 312 12.8 15.5  3.02  9.09  6.34 317 1016.0  11.0 999.0   9.2 99.0 99.00 
2024 05 08 02 50 311 12.4 15.8 99.00 99.00 99.00 999 1015.9  10.9 999.0   9.3 99.0 99.00 
2024 05 08 03 00 312 12.8 15.5 99.00 99.00 99.00 999 1015.8  10.9 999.0   9.3 99.0 99.00 
2024 05 08 03 10 314 12.7 14.9  2.88  9.09  6.39 312 1015.7  10.8 999.0   9.2 99.0 99.00 
2024 05 08 03 20 314 12.4 16.1 99.00 99.00 99.00 999 1015.6  10.8 999.0   9.3 99.0 99.00 
2024 05 08 03 30 314 12.2 15.4 99.00 99.00 99.00 999 1015.6  10.8 999.0   9.4 99.0 99.00 
2024 05 08 03 40 313 12.2 15.4  2.90  9.09  6.20 316 1015.6  10.8 999.0   9.4 99.0 99.00 
2024 05 08 03 50 315 11.4 14.4 99.00 99.00 99.00 999 1015.7  10.7 999.0   9.3 99.0 99.00 
2024 05 08 04 00 316 11.5 13.8 99.00 99.00 99.00 999 1015.8  10.8 999.0   9.4 99.0 99.00 
2024 05 08 04 10 317 11.4 14.6  2.97  9.09  6.43 320 1015.7  10.8 999.0   9.3 99.0 99.00 
2024 05 08 04 20 318 11.8 14.7 99.00 99.00 99.00 999 1015.6  10.8 999.0   9.3 99.0 99.00 
2024 05 08 04 30 317 12.2 15.8 99.00 99.00 99.00 999 1015.6  10.8 999.0   9.3 99.0 99.00 
2024 05 08 04 40 317 12.1 14.7  2.95 10.00  6.58 313 1015.6  10.8 999.0   9.4 99.0 99.00 
2024 05 08 04 50 317 11.4 14.1 99.00 99.00 99.00 999 1015.7  10.8 999.0   9.3 99.0 99.00 
2024 05 08 05 00 315 11.1 13.8 99.00 99.00 99.00 999 1015.8  10.8 999.0   9.3 99.0 99.00 
2024 05 08 05 10 315 11.3 13.8  3.01 10.00  6.72 305 1015.8  10.8 999.0   9.2 99.0 99.00 
2024 05 08 05 20 314 11.6 14.8 99.00 99.00 99.00 999 1015.7  10.8 999.0   9.2 99.0 99.00 
2024 05 08 05 30 314 11.9 15.1 99.00 99.00 99.00 999 1015.7  10.8 999.0   9.2 99.0 99.00 
2024 05 08 05 40 316 11.7 15.2  3.09  9.09  6.67 318 1015.7  10.8 999.0   9.2 99.0 99.00 
2024 05 08 05 50 317 11.5 15.7 99.00 99.00 99.00 999 1015.7  10.9 999.0   9.2 99.0 99.00 
2024 05 08 06 00 318 11.0 14.2 99.00 99.00 99.00 999 1015.7  10.8 999.0   9.2 99.0 99.00 
2024 05 08 06 10 317 11.0 14.2  3.31 10.00  6.92 313 1015.7  10.8 999.0   9.2 99.0 99.00 
2024 05 08 06 20 317 10.6 13.7 99.00 99.00 99.00 999 1015.7  10.7 999.0   9.1 99.0 99.00 
2024 05 08 06 30 318 11.1 13.8 99.00 99.00 99.00 999 1015.6  10.8 999.0   9.2 99.0 99.00 
2024 05 08 06 40 320 11.0 13.3  3.00 10.81  6.81 310 1015.6  10.8 999.0   9.2 99.0 99.00 
2024 05 08 06 50 321 10.9 12.8 99.00 99.00 99.00 999 1015.7  10.7 999.0   9.1 99.0 99.00 
2024 05 08 07 00 319 10.8 13.0 99.00 99.00 99.00 999 1015.6  10.7 999.0   9.2 99.0 99.00 
2024 05 08 07 10 319 10.8 13.9  3.09 10.00  7.02 316 1015.7  10.7 999.0   9.2 99.0 99.00 
2024 05 08 07 20 319 10.8 13.3 99.00 99.00 99.00 999 1015.8  10.7 999.0   9.3 99.0 99.00 
2024 05 08 07 30 318 10.4 13.0 99.00 99.00 99.00 999 1015.7  10.6 999.0   9.2 99.0 99.00 
2024 05 08 07 40 318 10.4 12.8  2.95 10.81  6.85 309 1015.8  10.6 999.0   9.2 99.0 99.00 
2024 05 08 07 50 320 10.6 13.5 99.00 99.00 99.00 999 1015.7  10.6 999.0   9.2 99.0 99.00 
2024 05 08 08 00 323 10.6 12.9 99.00 99.00 99.00 999 1015.7  10.6 999.0   9.2 99.0 99.00 
2024 05 08 08 10 323 10.5 13.6  3.00 10.00  7.03 313 1015.7  10.6 999.0   9.2 99.0 99.00 
2024 05 08 08 20 323 10.3 12.6 99.00 99.00 99.00 999 1015.5  10.6 999.0   9.3 99.0 99.00 
2024 05 08 08 30 327 10.3 12.5 99.00 99.00 99.00 999 1015.5  10.6 999.0   9.3 99.0 99.00 
2024 05 08 08 40 326  9.9 12.4  2.99  9.09  6.91 317 1015.4  10.5 999.0   9.2 99.0 99.00 
2024 05 08 08 50 325 10.0 12.4 99.00 99.00 99.00 999 1015.3  10.6 999.0   9.3 99.0 99.00 
2024 05 08 09 00 322 10.1 12.0 99.00 99.00 99.00 999 1015.3  10.6 999.0   9.3 99.0 99.00 
2024 05 08 09 10 323 10.1 12.5  2.83 10.00  6.71 317 1015.2  10.5 999.0   9.2 99.0 99.00 
2024 05 08 09 20 322  9.8 12.3 99.00 99.00 99.00 999 1015.3  10.5 999.0   9.3 99.0 99.00 
2024 05 08 09 30 322  9.8 12.5 99.00 99.00 99.00 999 1015.3  10.4 999.0   9.3 99.0 99.00 
2024 05 08 09 40 322 10.0 12.9  2.95 10.00  7.06 315 1015.3  10.4 999.0   9.3 99.0 99.00 
2024 05 08 09 50 323 10.0 12.6 99.00 99.00 99.00 999 1015.2  10.4 999.0   9.4 99.0 99.00 
2024 05 08 10 00 322 10.1 12.8 99.00 99.00 99.00 999 1015.3  10.3 999.0   9.3 99.0 99.00 
2024 05 08 10 10 326  9.7 11.8  2.84  9.09  6.89 313 1015.3  10.4 999.0   9.4 99.0 99.00 
2024 05 08 10 20 325  9.6 12.7 99.00 99.00 99.00 999 1015.3  10.4 999.0   9.4 99.0 99.00 
2024 05 08 10 30 325  9.5 12.3 99.00 99.00 99.00 999 1015.3  10.3 999.0   9.3 99.0 99.00 
2024 05 08 10 40 325  9.5 11.6  2.96 10.00  6.99 307 1015.4  10.3 999.0   9.3 99.0 99.00 
2024 05 08 10 50 327  9.2 11.7 99.00 99.00 99.00 999 1015.4  10.3 999.0   9.3 99.0 99.00 
2024 05 08 11 00 325  9.4 11.5 99.00 99.00 99.00 999 1015.3  10.3 999.0   9.3 99.0 99.00 
2024 05 08 11 10 324  9.4 12.2  2.95 10.81  6.90 316 1015.4  10.3 999.0   9.3 99.0 99.00 
2024 05 08 11 20 325  9.2 11.3 99.00 99.00 99.00 999 1015.3  10.3 999.0   9.3 99.0 99.00 
2024 05 08 11 30 327  8.7 11.1 99.00 99.00 99.00 999 1015.3  10.2 999.0   9.2 99.0 99.00 
2024 05 08 11 40 329  8.7 10.6  3.08 10.00  7.20 313 1015.4  10.2 999.0   9.2 99.0 99.00 
2024 05 08 11 50 330  8.2 10.2 99.00 99.00 99.00 999 1015.5  10.2 999.0   9.2 99.0 99.00 
2024 05 08 12 00 327  8.4 10.1 99.00 99.00 99.00 999 1015.6  10.2 999.0   9.2 99.0 99.00 
2024 05 08 12 10 326  8.6 10.6  2.81 10.81  6.99 317 1015.7  10.2 999.0   9.2 99.0 99.00 
2024 05 08 12 20 330  8.0 10.2 99.00 99.00 99.00 999 1015.7  10.1 999.0   9.2 99.0 99.00 
2024 05 08 12 30 330  7.4  9.5 99.00 99.00 99.00 999 1015.8  10.1 999.0   9.3 99.0 99.00 
2024 05 08 12 40 328  6.9  9.2  2.79 12.12  7.04 315 1016.0  10.0 999.0   9.2 99.0 99.00 
2024 05 08 12 50 328  6.5  8.9 99.00 99.00 99.00 999 1016.0  10.0 999.0   9.2 99.0 99.00 
2024 05 08 13 00 322  6.9  8.7 99.00 99.00 99.00 999 1015.8  10.0 999.0   9.2 99.0 99.00 
2024 05 08 13 10 321  6.6  8.8  3.04  9.09  7.52 320 1015.7  10.0 999.0   9.2 99.0 99.00 
2024 05 08 13 20 323  6.2  7.9 99.00 99.00 99.00 999 1015.7   9.9 999.0   9.1 99.0 99.00 
2024 05 08 13 30 325  6.0  7.5 99.00 99.00 99.00 999 1015.7   9.9 999.0   9.1 99.0 99.00 
2024 05 08 13 40 327  5.6  7.1  3.00 13.79  7.57 307 1015.7  10.0 999.0   9.2 99.0 99.00 
2024 05 08 13 50 329  5.9  7.5 99.00 99.00 99.00 999 1015.7  10.0 999.0   9.2 99.0 99.00 
2024 05 08 14 00 328  6.4  8.2 99.00 99.00 99.00 999 1015.7  10.0 999.0   9.2 99.0 99.00 
2024 05 08 14 10 327  6.4  8.1  3.00 10.81  7.86 310 1015.7  10.0 999.0   9.2 99.0 99.00 
2024 05 08 14 20 327  6.6  8.2 99.00 99.00 99.00 999 1015.8  10.0 999.0   9.2 99.0 99.00 
2024 05 08 14 30 332  5.8  7.8 99.00 99.00 99.00 999 1016.0  10.0 999.0   9.2 99.0 99.00 
2024 05 08 14 40 338  5.3  7.1  2.79  9.09  7.84 315 1016.0  10.0 999.0   9.2 99.0 99.00 
2024 05 08 14 50 330  5.6  6.9 99.00 99.00 99.00 999 1016.0  10.0 999.0   9.2 99.0 99.00 
2024 05 08 15 00 331  5.6  7.2 99.00 99.00 99.00 999 1016.1  10.0 999.0   9.2 99.0 99.00 
2024 05 08 15 10 333  5.0  6.8  2.76 10.81  7.88 311 1016.3  10.1 999.0   9.3 99.0 99.00 
2024 05 08 15 20 334  5.2  6.8 99.00 99.00 99.00 999 1016.3  10.1 999.0   9.3 99.0 99.00 
2024 05 08 15 30 330  5.7  7.4 99.00 99.00 99.00 999 1016.4  10.1 999.0   9.3 99.0 99.00 
2024 05 08 15 40 328  5.6  7.4  2.82 10.81  7.87 315 1016.3  10.2 999.0   9.2 99.0 99.00 
2024 05 08 15 50 322  6.3  8.1 99.00 99.00 99.00 999 1016.3  10.2 999.0   9.1 99.0 99.00 
2024 05 08 16 00 324  6.3  8.0 99.00 99.00 99.00 999 1016.2  10.2 999.0   9.1 99.0 99.00 
2024 05 08 16 10 324  6.1  8.0  2.78 12.90  8.08 312 1016.2  10.2 999.0   9.1 99.0 99.00 
2024 05 08 16 20 322  6.4  7.9 99.00 99.00 99.00 999 1016.2  10.2 999.0   9.2 99.0 99.00 
2024 05 08 16 30 320  6.3  7.7 99.00 99.00 99.00 999 1016.3  10.3 999.0   9.3 99.0 99.00 
2024 05 08 16 40 324  5.8  7.5  2.78 10.00  7.80 305 1016.3  10.3 999.0   9.3 99.0 99.00 
2024 05 08 16 50 328  5.2  6.7 99.00 99.00 99.00 999 1016.2  10.3 999.0   9.3 99.0 99.00 
2024 05 08 17 00 329  5.2  6.8 99.00 99.00 99.00 999 1016.1  10.2 999.0   9.2 99.0 99.00 
2024 05 08 17 10 324  5.0  6.5  2.80 13.79  8.04 291 1016.1  10.2 999.0   9.3 99.0 99.00 
2024 05 08 17 20 324  4.9  6.4 99.00 99.00 99.00 999 1016.0  10.2 999.0   9.4 99.0 99.00 
2024 05 08 17 30 321  4.6  5.9 99.00 99.00 99.00 999 1016.0  10.2 999.0   9.4 99.0 99.00 
2024 05 08 17 40 327  4.7  6.2  2.68 10.00  7.88 318 1016.0  10.2 999.0   9.4 99.0 99.00 
2024 05 08 17 50 325  5.0  6.7 99.00 99.00 99.00 999 1015.9  10.2 999.0   9.4 99.0 99.00 
2024 05 08 18 00 328  4.9  6.1 99.00 99.00 99.00 999 1015.9  10.3 999.0   9.5 99.0 99.00 
2024 05 08 18 10 324  5.2  6.9  2.82 12.90  8.10 311 1015.9  10.3 999.0   9.5 99.0 99.00 
2024 05 08 18 20 325  5.4  7.1 99.00 99.00 99.00 999 1016.1  10.4 999.0   9.6 99.0 99.00 
2024 05 08 18 30 325  5.7  7.6 99.00 99.00 99.00 999 1016.0  10.4 999.0   9.6 99.0 99.00 
2024 05 08 18 40 325  6.2  8.0  3.01 12.90  8.41 313 1015.9  10.4 999.0   9.6 99.0 99.00 
2024 05 08 18 50 324  6.2  7.9 99.00 99.00 99.00 999 1015.9  10.5 999.0   9.6 99.0 99.00 
2024 05 08 19 00 324  6.5  8.1 99.00 99.00 99.00 999 1015.9  10.6 999.0   9.6 99.0 99.00 
2024 05 08 19 10 325  6.1  7.9  2.84 10.00  8.03 313 1015.8  10.6 999.0   9.6 99.0 99.00 
2024 05 08 19 20 325  6.3  8.3 99.00 99.00 99.00 999 1015.6  10.6 999.0   9.5 99.0 99.00 
2024 05 08 19 30 328  6.0  7.7 99.00 99.00 99.00 999 1015.5  10.6 999.0   9.5 99.0 99.00 
2024 05 08 19 40 324  5.8  7.4  2.79 12.12  7.84 308 1015.4  10.6 999.0   9.5 99.0 99.00 
2024 05 08 19 50 318  6.3  7.6 99.00 99.00 99.00 999 1015.2  10.7 999.0   9.6 99.0 99.00 
2024 05 08 20 00 321  6.2  8.0 99.00 99.00 99.00 999 1015.1  10.7 999.0   9.6 99.0 99.00 
2024 05 08 20 10 318  6.2  8.0  2.83 12.12  8.09 315 1015.0  10.7 999.0   9.6 99.0 99.00 
2024 05 08 20 20 320  6.4  8.3 99.00 99.00 99.00 999 1015.0  10.7 999.0   9.4 99.0 99.00 
2024 05 08 20 30 318  6.8  8.6 99.00 99.00 99.00 999 1014.8  10.8 999.0   9.5 99.0 99.00 
2024 05 08 20 40 317  6.7  8.5  2.69 11.43  7.60 316 1014.7  10.8 999.0   9.5 99.0 99.00 
2024 05 08 20 50 315  6.6  8.6 99.00 99.00 99.00 999 1014.7  10.8 999.0   9.5 99.0 99.00 
2024 05 08 21 00 316  6.9  8.9 99.00 99.00 99.00 999 1014.4  10.9 999.0   9.6 99.0 99.00 
2024 05 08 21 10 315  7.1  8.7  2.79  9.09  7.55 317 1014.4  10.9 999.0   9.6 99.0 99.00 
2024 05 08 21 20 314  6.8  8.4 99.00 99.00 99.00 999 1014.4  10.9 999.0   9.6 99.0 99.00 
2024 05 08 21 30 315  6.3  7.7 99.00 99.00 99.00 999 1014.4  11.0 999.0   9.7 99.0 99.00 
2024 05 08 21 40 315  6.2  7.6  2.59 12.12  7.46 319 1014.3  10.9 999.0   9.6 99.0 99.00 
2024 05 08 21 50 315  6.0  7.6 99.00 99.00 99.00 999 1014.3  11.0 999.0   9.7 99.0 99.00 
2024 05 08 22 00 314  5.9  7.8 99.00 99.00 99.00 999 1014.1  11.0 999.0   9.7 99.0 99.00 
2024 05 08 22 10 315  5.8  7.2  2.61 12.90  7.55 310 1014.0  11.0 999.0   9.7 99.0 99.00 
2024 05 08 22 20 315  6.4  8.0 99.00 99.00 99.00 999 1013.7  11.0 999.0   9.7 99.0 99.00 
2024 05 08 22 30 317  6.2  7.9 99.00 99.00 99.00 999 1013.5  11.0 999.0   9.7 99.0 99.00 
2024 05 08 22 40 318  6.5  8.0  2.57 12.90  7.62 312 1013.2  11.0 999.0   9.6 99.0 99.00 
2024 05 08 22 50 319  7.2  8.7 99.00 99.00 99.00 999 1013.1  11.0 999.0   9.6 99.0 99.00 
2024 05 08 23 00 321  6.9  8.6 99.00 99.00 99.00 999 1013.0  11.1 999.0   9.7 99.0 99.00 
2024 05 08 23 10 323  6.3  8.1  2.45 12.12  7.27 317 1012.8  11.1 999.0   9.7 99.0 99.00 
2024 05 08 23 20 324  6.2  7.8 99.00 99.00 99.00 999 1012.8  11.1 999.0   9.7 99.0 99.00 
2024 05 08 23 30 323  5.6  7.1 99.00 99.00 99.00 999 1012.8  11.1 999.0   9.7 99.0 99.00 
2024 05 08 23 40 322  5.9  7.4  2.70 10.00  7.67 321 1012.6  11.1 999.0   9.7 99.0 99.00 
2024 05 08 23 50 322  5.7  7.6 99.00 99.00 99.00 999 1012.5  11.1 999.0   9.7 99.0 99.00 
2024 05 09 00 00 319  5.5  7.2 99.00 99.00 99.00 999 1012.3  11.1 999.0   9.7 99.0 99.00 
2024 05 09 00 10 321  5.0  6.8  2.96 10.00  7.72 315 1012.3  11.1 999.0   9.7 99.0 99.00 
2024 05 09 00 20 316  5.3  6.9 99.00 99.00 99.00 999 1012.0  11.1 999.0   9.7 99.0 99.00 
2024 05 09 00 30 313  5.5  7.2 99.00 99.00 99.00 999 1012.0  11.1 999.0   9.7 99.0 99.00 
2024 05 09 00 40 312  5.4  6.9  2.70 11.43  7.37 310 1011.9  11.2 999.0   9.8 99.0 99.00 
2024 05 09 00 50 309  5.9  7.7 99.00 99.00 99.00 999 1011.8  11.2 999.0   9.8 99.0 99.00 
2024 05 09 01 00 308  6.0  7.5 99.00 99.00 99.00 999 1011.7  11.2 999.0   9.8 99.0 99.00 
2024 05 09 01 10 309  5.7  7.3  2.76 12.12  7.49 309 1011.5  11.2 999.0   9.8 99.0 99.00 
2024 05 09 01 20 308  5.9  7.7 99.00 99.00 99.00 999 1011.5  11.2 999.0   9.8 99.0 99.00 
2024 05 09 01 30 308  5.6  7.1 99.00 99.00 99.00 999 1011.3  11.2 999.0   9.8 99.0 99.00 
2024 05 09 01 40 305  5.8  7.4  2.71 12.12  7.71 312 1011.2  11.2 999.0   9.8 99.0 99.00 
2024 05 09 01 50 302  6.0  7.4 99.00 99.00 99.00 999 1011.0  11.3 999.0   9.7 99.0 99.00 
2024 05 09 02 00 299  5.9  7.7 99.00 99.00 99.00 999 1011.0  11.3 999.0   9.7 99.0 99.00 
2024 05 09 02 10 295  6.3  7.9  2.65 11.43  7.61 314 1010.9  11.3 999.0   9.7 99.0 99.00 
2024 05 09 02 20 294  7.0  9.7 99.00 99.00 99.00 999 1010.8  11.3 999.0   9.7 99.0 99.00 
2024 05 09 02 30 293  7.3  9.3 99.00 99.00 99.00 999 1010.9  11.3 999.0   9.7 99.0 99.00 
2024 05 09 02 40 291  6.8  8.3  2.58 10.00  6.94 317 1010.9  11.3 999.0   9.7 99.0 99.00 
2024 05 09 02 50 297  6.2  7.9 99.00 99.00 99.00 999 1010.9  11.3 999.0   9.7 99.0 99.00 
2024 05 09 03 00 297  5.6  7.2 99.00 99.00 99.00 999 1011.0  11.2 999.0   9.7 99.0 99.00 
2024 05 09 03 10 293  5.8  7.4  2.73 12.12  7.49 314 1011.0  11.2 999.0   9.7 99.0 99.00 
2024 05 09 03 20 297  5.9  7.4 99.00 99.00 99.00 999 1011.0  11.2 999.0   9.6 99.0 99.00 
2024 05 09 03 30 299  5.3  6.9 99.00 99.00 99.00 999 1011.1  11.2 999.0   9.6 99.0 99.00 
2024 05 09 03 40 306  4.6  6.9  2.76 10.81  7.58 312 1011.3  11.1 999.0   9.6 99.0 99.00 
2024 05 09 03 50 313  4.1  6.8 99.00 99.00 99.00 999 1011.3  11.0 999.0   9.7 99.0 99.00 
2024 05 09 04 00 323  3.7  5.0 99.00 99.00 99.00 999 1011.4  10.9 999.0   9.7 99.0 99.00 
2024 05 09 04 10 328  3.5  4.9  2.72 10.00  7.39 320 1011.5  10.8 999.0   9.7 99.0 99.00 
2024 05 09 04 20 331  3.1  4.2 99.00 99.00 99.00 999 1011.6  10.7 999.0   9.7 99.0 99.00 
2024 05 09 04 30 329  2.6  4.0 99.00 99.00 99.00 999 1011.7  10.6 999.0   9.6 99.0 99.00 
2024 05 09 04 40 330  2.7  3.9  2.69 11.43  7.69 311 1011.7  10.7 999.0   9.6 99.0 99.00 
2024 05 09 04 50 326  3.4  4.7 99.00 99.00 99.00 999 1011.7  10.6 999.0   9.5 99.0 99.00 
2024 05 09 05 00 328  3.4  5.0 99.00 99.00 99.00 999 1011.7  10.5 999.0   9.6 99.0 99.00 
2024 05 09 05 10 329  2.7  4.8  2.82 10.81  7.85 321 1011.9  10.4 999.0   9.6 99.0 99.00 
2024 05 09 05 20 334  2.4  3.8 99.00 99.00 99.00 999 1011.8  10.4 999.0   9.6 99.0 99.00 
2024 05 09 05 30 333  3.3  5.0 99.00 99.00 99.00 999 1011.8  10.4 999.0   9.6 99.0 99.00 
2024 05 09 05 40 331  3.9  5.4  2.48 10.81  7.70 317 1011.5  10.4 999.0   9.7 99.0 99.00 
2024 05 09 05 50 325  4.7  6.2 99.00 99.00 99.00 999 1011.4  10.3 999.0   9.6 99.0 99.00 
2024 05 09 06 00 322  4.7  6.3 99.00 99.00 99.00 999 1011.5  10.4 999.0   9.7 99.0 99.00 
2024 05 09 06 10 316  3.6  5.5  2.63 12.12  8.15 314 1011.6  10.5 999.0   9.6 99.0 99.00 
2024 05 09 06 20 318  3.5  4.8 99.00 99.00 99.00 999 1011.4  10.5 999.0   9.5 99.0 99.00 
2024 05 09 06 30 318  3.5  5.0 99.00 99.00 99.00 999 1011.4  10.5 999.0   9.7 99.0 99.00 
2024 05 09 06 40 323  2.3  3.7  2.63 10.81  8.46 316 1011.6  10.6 999.0   9.8 99.0 99.00 
2024 05 09 06 50 321  3.4  5.1 99.00 99.00 99.00 999 1011.4  10.6 999.0   9.8 99.0 99.00 
2024 05 09 07 00 320  4.1  6.3 99.00 99.00 99.00 999 1011.5  10.6 999.0   9.8 99.0 99.00 
2024 05 09 07 10 322  3.9  5.8  2.78 12.90  8.46 306 1011.4  10.7 999.0   9.9 99.0 99.00 
2024 05 09 07 20 319  4.8  6.4 99.00 99.00 99.00 999 1011.4  10.7 999.0   9.9 99.0 99.00 
2024 05 09 07 30 324  4.8  6.8 99.00 99.00 99.00 999 1011.4  10.6 999.0   9.8 99.0 99.00 
2024 05 09 07 40 327  4.6  6.4  2.74 12.12  8.54 319 1011.3  10.6 999.0   9.9 99.0 99.00 
2024 05 09 07 50 328  4.6  6.2 99.00 99.00 99.00 999 1011.3  10.6 999.0   9.8 99.0 99.00 
2024 05 09 08 00 323  5.1  6.6 99.00 99.00 99.00 999 1011.2  10.7 999.0   9.9 99.0 99.00 
2024 05 09 08 10 320  4.8  6.6  2.61 12.12  8.29 312 1011.2  10.7 999.0   9.9 99.0 99.00 
2024 05 09 08 20 316  5.1  6.4 99.00 99.00 99.00 999 1011.2  10.6 999.0   9.8 99.0 99.00 
2024 05 09 08 30 317  5.2  6.4 99.00 99.00 99.00 999 1011.3  10.7 999.0   9.9 99.0 99.00 
2024 05 09 08 40 318  5.0  6.3  2.23 12.90  7.90 307 1011.3  10.7 999.0   9.9 99.0 99.00 
2024 05 09 08 50 321  4.8  6.4 99.00 99.00 99.00 999 1011.2  10.7 999.0   9.9 99.0 99.00 
2024 05 09 09 00 320  4.9  6.5 99.00 99.00 99.00 999 1011.2  10.7 999.0   9.9 99.0 99.00 
2024 05 09 09 10 318  5.0  6.5  2.34 10.81  7.63 319 1011.2  10.7 999.0   9.9 99.0 99.00 
2024 05 09 09 20 327  4.9  6.8 99.00 99.00 99.00 999 1011.1  10.7 999.0   9.9 99.0 99.00 
2024 05 09 09 30 320  4.3  5.9 99.00 99.00 99.00 999 1011.1  10.6 999.0   9.9 99.0 99.00 
2024 05 09 09 40 316  3.9  5.4  2.12 10.00  7.46 324 1011.2  10.5 999.0   9.9 99.0 99.00 
2024 05 09 09 50 319  4.1  5.9 99.00 99.00 99.00 999 1011.2  10.6 999.0  10.0 99.0 99.00 
2024 05 09 10 00 318  4.4  5.7 99.00 99.00 99.00 999 1011.3  10.7 999.0  10.0 99.0 99.00 
2024 05 09 10 10 318  4.1  5.4  2.29 12.12  7.83 319 1011.4  10.7 999.0  10.0 99.0 99.00 
2024 05 09 10 20 300  3.4  5.2 99.00 99.00 99.00 999 1011.4  10.7 999.0   9.9 99.0 99.00 
2024 05 09 10 30 308  4.2  6.3 99.00 99.00 99.00 999 1011.4  10.7 999.0  10.0 99.0 99.00 
2024 05 09 10 40 314  4.9  6.3  2.09 10.81  7.53 318 1011.5  10.8 999.0  10.1 99.0 99.00 
2024 05 09 10 50 317  5.0  6.1 99.00 99.00 99.00 999 1011.4  11.0 999.0  10.1 99.0 99.00 
2024 05 09 11 00 319  5.2  6.4 99.00 99.00 99.00 999 1011.5  11.2 999.0  10.0 99.0 99.00 
2024 05 09 11 10 315  4.4  5.5  2.28 12.12  7.89 311 1011.6  11.2 999.0  10.1 99.0 99.00 
2024 05 09 11 20 320  4.9  6.0 99.00 99.00 99.00 999 1011.6  11.2 999.0  10.1 99.0 99.00 
2024 05 09 11 30 325  4.7  5.9 99.00 99.00 99.00 999 1011.6  11.2 999.0  10.0 99.0 99.00 
2024 05 09 11 40 329  4.2  5.5  2.00 10.81  7.51 313 1011.7  11.4 999.0  10.0 99.0 99.00 
2024 05 09 11 50 326  4.2  5.1 99.00 99.00 99.00 999 1011.6  11.4 999.0   9.8 99.0 99.00 
2024 05 09 12 00 321  3.6  4.8 99.00 99.00 99.00 999 1011.6  11.7 999.0   9.8 99.0 99.00 
2024 05 09 12 10 325  4.0  5.4  1.89 11.43  7.48 315 1011.7  12.1 999.0   9.4 99.0 99.00 
2024 05 09 12 20 342  4.2  5.6 99.00 99.00 99.00 999 1011.7  12.9 999.0   9.1 99.0 99.00 
2024 05 09 12 30 338  4.5  5.6 99.00 99.00 99.00 999 1011.9  13.0 999.0   9.1 99.0 99.00 
2024 05 09 12 40 330  4.4  5.6  2.14 10.81  7.92 316 1011.8  12.8 999.0   9.3 99.0 99.00 
2024 05 09 12 50 313  3.7  4.9 99.00 99.00 99.00 999 1012.0  12.2 999.0   9.6 99.0 99.00 
2024 05 09 13 00 326  2.8  4.0 99.00 99.00 99.00 999 1012.0  12.2 999.0   9.6 99.0 99.00 
2024 05 09 13 10 334  2.9  4.3  2.17 11.43  7.95 315 1012.1  12.2 999.0   9.4 99.0 99.00 
2024 05 09 13 20 329  3.1  4.6 99.00 99.00 99.00 999 1012.2  12.3 999.0   9.5 99.0 99.00 
2024 05 09 13 30 334  3.6  5.0 99.00 99.00 99.00 999 1012.2  12.4 999.0   9.4 99.0 99.00 
2024 05 09 13 40 344  4.0  5.0  2.09 10.81  7.98 327 1012.3  12.6 999.0   9.4 99.0 99.00 
2024 05 09 13 50 343  4.0  4.9 99.00 99.00 99.00 999 1012.4  13.3 999.0   9.1 99.0 99.00 
2024 05 09 14 00 342  4.2  5.7 99.00 99.00 99.00 999 1012.4  13.6 999.0   9.1 99.0 99.00 
2024 05 09 14 10 349  4.1  5.6  1.93 12.12  7.57 315 1012.4  14.3 999.0   8.5 99.0 99.00 
2024 05 09 14 20 348  3.9  5.0 99.00 99.00 99.00 999 1012.5  13.9 999.0   8.6 99.0 99.00 
2024 05 09 14 30 338  3.4  4.8 99.00 99.00 99.00 999 1012.6  13.5 999.0   9.0 99.0 99.00 
2024 05 09 14 40 333  3.0  4.3  2.03 11.43  7.77 318 1012.7  13.8 999.0   8.8 99.0 99.00 
2024 05 09 14 50 334  3.0  4.2 99.00 99.00 99.00 999 1012.7  14.1 999.0   8.5 99.0 99.00 
2024 05 09 15 00 333  3.5  4.9 99.00 99.00 99.00 999 1012.7  14.5 999.0   8.1 99.0 99.00 
2024 05 09 15 10 334  3.9  5.4  2.01 10.81  8.00 320 1012.7  14.8 999.0   7.8 99.0 99.00 
2024 05 09 15 20 333  4.0  5.4 99.00 99.00 99.00 999 1012.7  14.8 999.0   7.8 99.0 99.00 
2024 05 09 15 30 337  3.3  4.5 99.00 99.00 99.00 999 1012.7  15.8 999.0   6.9 99.0 99.00 
2024 05 09 15 40 329  3.3  4.5  2.13 10.81  8.11 323 1012.6  15.2 999.0   7.7 99.0 99.00 
2024 05 09 15 50 330  3.4  4.7 99.00 99.00 99.00 999 1012.6  14.6 999.0   8.3 99.0 99.00 
2024 05 09 16 00 322  3.6  4.8 99.00 99.00 99.00 999 1012.7  14.0 999.0   8.7 99.0 99.00 
2024 05 09 16 10 325  3.4  4.6  1.86 10.00  7.77 332 1012.7  15.2 999.0   7.4 99.0 99.00 
2024 05 09 16 20 339  3.5  5.0 99.00 99.00 99.00 999 1012.7  17.8 999.0   4.3 99.0 99.00 
2024 05 09 16 30 338  3.1  4.5 99.00 99.00 99.00 999 1012.7  15.8 999.0   7.7 99.0 99.00 
2024 05 09 16 40 342  4.4  5.7  1.96 10.00  7.86 319 1012.6  13.9 999.0   8.9 99.0 99.00 
2024 05 09 16 50 352  3.9  4.6 99.00 99.00 99.00 999 1012.7  14.1 999.0   8.7 99.0 99.00 
2024 05 09 17 00 331  3.1  4.3 99.00 99.00 99.00 999 1012.8  13.7 999.0   9.0 99.0 99.00 
2024 05 09 17 10 283  2.3  3.4  1.82 11.43  7.71 309 1012.8  13.1 999.0   9.6 99.0 99.00 
2024 05 09 17 20 294  2.2  3.4 99.00 99.00 99.00 999 1012.9  13.2 999.0   9.6 99.0 99.00 
2024 05 09 17 30 320  2.4  3.4 99.00 99.00 99.00 999 1012.9  13.4 999.0   9.4 99.0 99.00 
2024 05 09 17 40 336  3.2  4.3  1.74 11.43  7.68 318 1012.8  14.0 999.0   9.1 99.0 99.00 
2024 05 09 17 50 343  4.2  5.0 99.00 99.00 99.00 999 1012.8  14.3 999.0   9.1 99.0 99.00 
2024 05 09 18 00 343  3.3  5.2 99.00 99.00 99.00 999 1012.9  14.1 999.0   9.3 99.0 99.00 
2024 05 09 18 10 273  2.7  4.1  1.81 11.43  7.84 308 1012.9  13.6 999.0   9.9 99.0 99.00 
2024 05 09 18 20 302  2.4  3.5 99.00 99.00 99.00 999 1012.9  13.9 999.0   9.7 99.0 99.00 
2024 05 09 18 30 333  2.6  4.0 99.00 99.00 99.00 999 1012.8  14.4 999.0   9.6 99.0 99.00 
2024 05 09 18 40 334  3.4  5.8  1.70 12.12  7.48 315 1012.8  15.1 999.0   8.9 99.0 99.00 
2024 05 09 18 50 330  3.6  4.9 99.00 99.00 99.00 999 1012.9  15.3 999.0   8.7 99.0 99.00 
2024 05 09 19 00 307  2.9  4.7 99.00 99.00 99.00 999 1012.9  14.7 999.0   9.4 99.0 99.00 
2024 05 09 19 10 300  2.7  3.6  1.80 10.81  7.44 308 1013.0  14.6 999.0   9.4 99.0 99.00 
2024 05 09 19 20 317  3.3  4.3 99.00 99.00 99.00 999 1012.9  14.6 999.0   9.6 99.0 99.00 
2024 05 09 19 30 325  3.6  4.7 99.00 99.00 99.00 999 1012.8  14.8 999.0   9.5 99.0 99.00 
2024 05 09 19 40 324  3.2  4.4  1.56 12.12  7.42 308 1012.8  14.5 999.0   9.7 99.0 99.00 
2024 05 09 19 50 312  3.8  5.1 99.00 99.00 99.00 999 1012.8  14.1 999.0  10.1 99.0 99.00 
2024 05 09 20 00 301  4.2  5.1 99.00 99.00 99.00 999 1012.8  14.2 999.0   9.9 99.0 99.00 
2024 05 09 20 10 305  3.3  4.5  1.59 10.81  7.68 320 1012.8  13.9 999.0  10.2 99.0 99.00 
2024 05 09 20 20 296  3.4  4.4 99.00 99.00 99.00 999 1012.9  13.9 999.0  10.3 99.0 99.00 
2024 05 09 20 30 299  4.0  4.8 99.00 99.00 99.00 999 1012.8  13.8 999.0  10.4 99.0 99.00 
2024 05 09 20 40 308  4.4  5.8  1.42 10.81  7.22 315 1012.8  13.9 999.0  10.4 99.0 99.00 
2024 05 09 20 50 307  4.9  5.9 99.00 99.00 99.00 999 1012.8  14.0 999.0  10.4 99.0 99.00 
2024 05 09 21 00 325  5.0  5.9 99.00 99.00 99.00 999 1012.8  14.1 999.0  10.3 99.0 99.00 
2024 05 09 21 10 330  4.4  5.7  1.42 11.43  7.39 315 1012.8  14.2 999.0  10.1 99.0 99.00 
2024 05 09 21 20 331  4.3  5.6 99.00 99.00 99.00 999 1012.9  14.1 999.0  10.3 99.0 99.00 
2024 05 09 21 30 323  4.7  5.7 99.00 99.00 99.00 999 1012.9  14.1 999.0  10.5 99.0 99.00 
2024 05 09 21 40 326  4.0  5.0  1.46 11.43  7.66 310 1013.0  14.0 999.0  10.8 99.0 99.00 
2024 05 09 21 50 323  4.3  5.1 99.00 99.00 99.00 999 1012.9  14.0 999.0  11.1 99.0 99.00 
2024 05 09 22 00 322  4.4  5.3 99.00 99.00 99.00 999 1012.9  13.9 999.0  11.1 99.0 99.00 
2024 05 09 22 10 321  4.8  5.7  1.45 11.43  7.59 318 1012.9  14.0 999.0  11.1 99.0 99.00 
2024 05 09 22 20 327  5.0  5.9 99.00 99.00 99.00 999 1012.8  14.2 999.0  11.0 99.0 99.00 
2024 05 09 22 30 314  4.4  5.5 99.00 99.00 99.00 999 1012.9  14.2 999.0  11.0 99.0 99.00 
2024 05 09 22 40 322  4.0  5.0  1.57 11.43  7.95 319 1013.1  14.1 999.0  11.1 99.0 99.00 
2024 05 09 22 50 318  3.5  4.6 99.00 99.00 99.00 999 1013.3  14.0 999.0  11.4 99.0 99.00 
2024 05 09 23 00 305  3.3  4.5 99.00 99.00 99.00 999 1013.2  13.8 999.0  11.5 99.0 99.00 
2024 05 09 23 10 314  3.8  4.6  1.62 10.00  7.88 324 1013.2  13.8 999.0  11.6 99.0 99.00 
2024 05 09 23 20 298  3.4  4.5 99.00 99.00 99.00 999 1013.2  13.8 999.0  11.7 99.0 99.00 
2024 05 09 23 30 304  3.7  5.4 99.00 99.00 99.00 999 1013.2  13.8 999.0  11.6 99.0 99.00 
2024 05 09 23 40 310  4.4  5.9  1.44 10.00  7.71 320 1013.1  13.9 999.0  11.4 99.0 99.00 
2024 05 09 23 50 309  4.1  5.3 99.00 99.00 99.00 999 1013.1  13.8 999.0  11.6 99.0 99.00 
2024 05 10 00 00 316  4.5  5.4 99.00 99.00 99.00 999 1013.1  13.7 999.0  11.4 99.0 99.00 
2024 05 10 00 10 317  4.2  5.1  1.31 11.43  7.50 310 1013.1  13.8 999.0  11.4 99.0 99.00 
2024 05 10 00 20 318  3.8  4.6 99.00 99.00 99.00 999 1013.1  13.9 999.0  11.3 99.0 99.00 
2024 05 10 00 30 308  3.7  4.6 99.00 99.00 99.00 999 1013.2  14.0 999.0  11.1 99.0 99.00 
2024 05 10 00 40 303  3.8  4.8  1.38 10.00  7.60 311 1013.3  14.3 999.0  11.0 99.0 99.00 
2024 05 10 00 50 305  3.8  5.1 99.00 99.00 99.00 999 1013.3  14.4 999.0  10.8 99.0 99.00 
2024 05 10 01 00 300  3.7  5.0 99.00 99.00 99.00 999 1013.3  14.8 999.0  10.5 99.0 99.00 
2024 05 10 01 10 299  3.8  5.0  1.26 11.43  7.45 314 1013.3  14.8 999.0  10.4 99.0 99.00 
2024 05 10 01 20 303  3.3  4.3 99.00 99.00 99.00 999 1013.3  14.7 999.0  10.4 99.0 99.00 
2024 05 10 01 30 289  3.5  4.3 99.00 99.00 99.00 999 1013.4  14.7 999.0  10.6 99.0 99.00 
2024 05 10 01 40 284  3.5  4.4  1.38 10.00  7.78 312 1013.3  14.5 999.0  10.9 99.0 99.00 
2024 05 10 01 50 295  4.1  5.0 99.00 99.00 99.00 999 1013.4  14.7 999.0  10.5 99.0 99.00 
2024 05 10 02 00 303  4.6  5.8 99.00 99.00 99.00 999 1013.3  14.8 999.0   9.9 99.0 99.00 
2024 05 10 02 10 299  4.4  5.4  1.53 10.00  8.00 316 1013.4  14.7 999.0  10.1 99.0 99.00 
2024 05 10 02 20 298  4.4  5.4 99.00 99.00 99.00 999 1013.4  14.6 999.0  10.1 99.0 99.00 
2024 05 10 02 30 297  4.3  5.3 99.00 99.00 99.00 999 1013.4  14.4 999.0  10.2 99.0 99.00 
2024 05 10 02 40 310  4.4  5.5  1.49 10.81  7.78 316 1013.4  14.5 999.0   9.9 99.0 99.00 
2024 05 10 02 50 308  4.7  5.6 99.00 99.00 99.00 999 1013.4  14.7 999.0   9.6 99.0 99.00 
2024 05 10 03 00 307  4.2  5.4 99.00 99.00 99.00 999 1013.5  14.4 999.0   9.8 99.0 99.00 
2024 05 10 03 10 303  3.7  4.5  1.35 10.81  7.68 316 1013.5  13.9 999.0  10.1 99.0 99.00 
2024 05 10 03 20 306  4.0  4.7 99.00 99.00 99.00 999 1013.6  13.9 999.0  10.1 99.0 99.00 
2024 05 10 03 30 309  4.2  5.3 99.00 99.00 99.00 999 1013.6  14.1 999.0   9.8 99.0 99.00 
2024 05 10 03 40 307  4.2  5.2  1.40 10.81  7.73 312 1013.6  14.2 999.0   9.8 99.0 99.00 
2024 05 10 03 50 310  4.2  5.1 99.00 99.00 99.00 999 1013.6  14.2 999.0   9.8 99.0 99.00 
2024 05 10 04 00 310  4.5  5.3 99.00 99.00 99.00 999 1013.7  14.2 999.0   9.8 99.0 99.00 
2024 05 10 04 10 310  4.2  5.0  1.44  9.09  7.61 312 1013.7  14.3 999.0   9.9 99.0 99.00 
2024 05 10 04 20 312  3.8  4.6 99.00 99.00 99.00 999 1013.9  14.4 999.0   9.8 99.0 99.00 
2024 05 10 04 30 307  3.8  4.7 99.00 99.00 99.00 999 1013.9  14.2 999.0   9.9 99.0 99.00 
2024 05 10 04 40 308  4.2  5.1  1.50 11.43  7.79 311 1013.9  14.2 999.0   9.9 99.0 99.00 
2024 05 10 04 50 308  4.3  5.2 99.00 99.00 99.00 999 1014.0  14.3 999.0   9.8 99.0 99.00 
2024 05 10 05 00 308  4.4  5.2 99.00 99.00 99.00 999 1014.0  14.3 999.0   9.7 99.0 99.00 
2024 05 10 05 10 309  4.4  5.2  1.55 11.43  7.93 308 1014.1  14.3 999.0   9.8 99.0 99.00 
2024 05 10 05 20 306  4.3  5.3 99.00 99.00 99.00 999 1013.9  14.2 999.0   9.8 99.0 99.00 
2024 05 10 05 30 306  4.4  5.4 99.00 99.00 99.00 999 1013.9  14.2 999.0   9.8 99.0 99.00 
2024 05 10 05 40 302  4.4  5.2  1.53 10.00  7.57 311 1013.8  14.1 999.0   9.9 99.0 99.00 
2024 05 10 05 50 303  4.4  5.2 99.00 99.00 99.00 999 1013.8  14.1 999.0   9.8 99.0 99.00 
2024 05 10 06 00 302  4.1  4.9 99.00 99.00 99.00 999 1013.8  14.1 999.0   9.8 99.0 99.00 
2024 05 10 06 10 312  3.3  4.7  1.41 12.12  7.29 293 1013.9  13.9 999.0   9.8 99.0 99.00 
2024 05 10 06 20 348  2.9  5.5 99.00 99.00 99.00 999 1013.9  13.7 999.0   9.7 99.0 99.00 
2024 05 10 06 30 354  3.3  5.4 99.00 99.00 99.00 999 1013.9  14.2 999.0   9.6 99.0 99.00 
2024 05 10 06 40 360  2.9  4.4  1.38 11.43  7.15 302 1013.9  14.1 999.0   9.4 99.0 99.00 
2024 05 10 06 50  11  2.7  4.2 99.00 99.00 99.00 999 1014.0  13.7 999.0   9.5 99.0 99.00 
2024 05 10 07 00  32  2.0  3.3 99.00 99.00 99.00 999 1014.1  13.5 999.0   9.4 99.0 99.00 
2024 05 10 07 10  24  1.4  2.7  1.37 10.81  7.33 306 1014.1  13.5 999.0   9.2 99.0 99.00 
2024 05 10 07 20 360  0.8  1.5 99.00 99.00 99.00 999 1013.9  13.4 999.0   9.1 99.0 99.00 
2024 05 10 07 30   8  0.8  1.5 99.00 99.00 99.00 999 1014.0  13.2 999.0   9.2 99.0 99.00 
2024 05 10 07 40 344  0.9  1.7  1.20 11.43  6.57 299 1013.9  12.9 999.0   9.5 99.0 99.00 
2024 05 10 07 50 317  1.7  2.7 99.00 99.00 99.00 999 1013.9  12.6 999.0   9.6 99.0 99.00 
2024 05 10 08 00 301  2.6  3.8 99.00 99.00 99.00 999 1013.8  12.6 999.0   9.8 99.0 99.00 
2024 05 10 08 10 309  2.6  3.5  1.43 10.81  7.15 299 1013.8  12.6 999.0   9.8 99.0 99.00 
2024 05 10 08 20 319  2.6  3.4 99.00 99.00 99.00 999 1013.9  12.5 999.0  10.0 99.0 99.00 
2024 05 10 08 30  12  2.2  3.2 99.00 99.00 99.00 999 1013.9  12.2 999.0  10.0 99.0 99.00 
2024 05 10 08 40  38  1.2  2.3  1.29 10.81  6.95 299 1013.8  11.8 999.0  10.1 99.0 99.00 
2024 05 10 08 50  54  1.5  2.4 99.00 99.00 99.00 999 1013.8  11.6 999.0  10.2 99.0 99.00 
2024 05 10 09 00  68  0.7  2.3 99.00 99.00 99.00 999 1013.8  11.4 999.0  10.0 99.0 99.00 
2024 05 10 09 10  67  0.5  1.3  1.21 11.43  6.69 294 1013.7  11.5 999.0  10.2 99.0 99.00 
2024 05 10 09 20  46  0.3  1.2 99.00 99.00 99.00 999 1013.6  11.5 999.0  10.3 99.0 99.00 
2024 05 10 09 30 139  0.8  1.9 99.00 99.00 99.00 999 1013.7  11.3 999.0  10.1 99.0 99.00 
2024 05 10 09 40 141  1.2  2.0  1.23 10.00  6.75 303 1013.7  11.0 999.0  10.1 99.0 99.00 
2024 05 10 09 50 133  1.5  2.9 99.00 99.00 99.00 999 1013.7  10.7 999.0  10.0 99.0 99.00 
2024 05 10 10 00 140  2.1  3.0 99.00 99.00 99.00 999 1013.6  10.6 999.0  10.1 99.0 99.00 
2024 05 10 10 10 138  2.4  3.7  1.20 10.81  6.72 317 1013.7  10.6 999.0  10.1 99.0 99.00 
2024 05 10 10 20 145  2.5  3.5 99.00 99.00 99.00 999 1013.5  10.6 999.0  10.2 99.0 99.00 
2024 05 10 10 30 144  2.7  3.8 99.00 99.00 99.00 999 1013.5  10.5 999.0  10.1 99.0 99.00 
2024 05 10 10 40 143  2.9  4.0  1.20 11.43  6.83 286 1013.6  10.4 999.0  10.1 99.0 99.00 
2024 05 10 10 50 146  2.7  3.6 99.00 99.00 99.00 999 1013.7  10.4 999.0  10.2 99.0 99.00 
2024 05 10 11 00 135  2.1  3.1 99.00 99.00 99.00 999 1013.8  10.3 999.0  10.1 99.0 99.00 
2024 05 10 11 10 127  2.0  2.9  1.20 14.81  6.76 183 1013.8  10.3 999.0  10.1 99.0 99.00 
2024 05 10 11 20 130  2.3  3.4 99.00 99.00 99.00 999 1013.6  10.3 999.0  10.1 99.0 99.00 
2024 05 10 11 30 135  2.3  3.2 99.00 99.00 99.00 999 1013.6  10.2 999.0  10.0 99.0 99.00 
2024 05 10 11 40 132  2.8  3.8  1.28 11.43  7.11 296 1013.7  10.3 999.0  10.1 99.0 99.00 
2024 05 10 11 50 133  2.9  3.9 99.00 99.00 99.00 999 1013.6  10.3 999.0  10.1 99.0 99.00 
2024 05 10 12 00 127  2.8  3.9 99.00 99.00 99.00 999 1013.6  10.3 999.0  10.1 99.0 99.00 
2024 05 10 12 10 127  2.5  3.7  1.25 10.00  7.12 308 1013.6  10.3 999.0  10.1 99.0 99.00 
2024 05 10 12 20 128  2.0  3.2 99.00 99.00 99.00 999 1013.6  10.3 999.0  10.1 99.0 99.00 
2024 05 10 12 30 126  1.6  2.7 99.00 99.00 99.00 999 1013.5  10.3 999.0  10.1 99.0 99.00 
2024 05 10 12 40 122  1.4  2.2  1.31 11.43  7.29 311 1013.5  10.3 999.0  10.2 99.0 99.00 
2024 05 10 12 50 120  1.7  2.8 99.00 99.00 99.00 999 1013.6  10.3 999.0  10.2 99.0 99.00 
2024 05 10 13 00 124  1.8  2.8 99.00 99.00 99.00 999 1013.6  10.4 999.0  10.3 99.0 99.00 
2024 05 10 13 10 126  1.6  2.4  1.30 10.00  7.26 313 1013.6  10.4 999.0  10.3 99.0 99.00 
2024 05 10 13 20 126  2.1  3.1 99.00 99.00 99.00 999 1013.7  10.5 999.0  10.4 99.0 99.00 
2024 05 10 13 30 124  2.3  3.4 99.00 99.00 99.00 999 1013.8  10.5 999.0  10.4 99.0 99.00 
2024 05 10 13 40 122  2.5  3.8  1.30 10.81  7.21 311 1013.8  10.6 999.0  10.5 99.0 99.00 
2024 05 10 13 50 127  2.4  3.3 99.00 99.00 99.00 999 1013.9  10.7 999.0  10.6 99.0 99.00 
2024 05 10 14 00 133  2.0  3.2 99.00 99.00 99.00 999 1014.0  10.8 999.0  10.7 99.0 99.00 
2024 05 10 14 10 133  3.2  4.6  1.34 10.81  7.49 304 1014.0  10.7 999.0  10.6 99.0 99.00 
2024 05 10 14 20 134  2.8  4.0 99.00 99.00 99.00 999 1014.1  10.4 999.0  10.3 99.0 99.00 
2024 05 10 14 30 132  2.9  4.3 99.00 99.00 99.00 999 1014.2  10.3 999.0  10.2 99.0 99.00 
2024 05 10 14 40 137  2.8  4.0  1.25 14.81  7.70 237 1014.2  10.2 999.0  10.1 99.0 99.00 
2024 05 10 14 50 142  2.6  3.9 99.00 99.00 99.00 999 1014.2  10.1 999.0  10.0 99.0 99.00 
2024 05 10 15 00 134  2.7  4.0 99.00 99.00 99.00 999 1014.3  10.1 999.0  10.0 99.0 99.00 
2024 05 10 15 10 136  2.6  4.0  1.28 11.43  7.43 318 1014.5  10.1 999.0  10.0 99.0 99.00 
2024 05 10 15 20 151  1.9  2.8 99.00 99.00 99.00 999 1014.5  10.1 999.0  10.0 99.0 99.00 
2024 05 10 15 30 162  1.6  2.3 99.00 99.00 99.00 999 1014.5  10.2 999.0  10.1 99.0 99.00 
2024 05 10 15 40 159  1.7  2.8  1.36 10.81  7.86 316 1014.5  10.3 999.0  10.2 99.0 99.00 
2024 05 10 15 50 142  1.5  2.4 99.00 99.00 99.00 999 1014.5  10.5 999.0  10.4 99.0 99.00 
2024 05 10 16 00 132  1.4  2.3 99.00 99.00 99.00 999 1014.6  10.7 999.0  10.6 99.0 99.00 
2024 05 10 16 10 150  1.7  2.8  1.26 10.00  7.80 307 1014.6  10.7 999.0  10.6 99.0 99.00 
2024 05 10 16 20 143  2.2  3.0 99.00 99.00 99.00 999 1014.6  10.5 999.0  10.4 99.0 99.00 
2024 05 10 16 30 143  1.8  3.1 99.00 99.00 99.00 999 1014.6  10.4 999.0  10.3 99.0 99.00 
2024 05 10 16 40 139  2.1  3.2  1.53 13.79  8.08 265 1014.7  10.3 999.0  10.2 99.0 99.00 
2024 05 10 16 50 136  1.9  3.0 99.00 99.00 99.00 999 1014.7  10.2 999.0  10.1 99.0 99.00 
2024 05 10 17 00 134  1.8  2.7 99.00 99.00 99.00 999 1014.7  10.2 999.0  10.1 99.0 99.00 
2024 05 10 17 10 136  1.6  2.7  1.40 10.81  8.04 308 1014.7  10.2 999.0  10.1 99.0 99.00 
2024 05 10 17 20 149  1.0  1.8 99.00 99.00 99.00 999 1014.6  10.5 999.0  10.4 99.0 99.00 
2024 05 10 17 30 138  1.1  1.8 99.00 99.00 99.00 999 1014.6  10.6 999.0  10.5 99.0 99.00 
2024 05 10 17 40 138  0.8  1.5  1.40 13.79  7.90 308 1014.6  10.8 999.0  10.6 99.0 99.00 
2024 05 10 17 50 155  0.4  1.2 99.00 99.00 99.00 999 1014.5  11.0 999.0  10.8 99.0 99.00 
2024 05 10 18 00 152  0.7  1.3 99.00 99.00 99.00 999 1014.6  11.1 999.0  10.9 99.0 99.00 
2024 05 10 18 10 112  1.0  1.9  1.34 13.79  7.98 276 1014.6  11.2 999.0  11.0 99.0 99.00 
2024 05 10 18 20 120  0.9  1.9 99.00 99.00 99.00 999 1014.7  11.4 999.0  11.1 99.0 99.00 
2024 05 10 18 30 159  0.2  1.1 99.00 99.00 99.00 999 1014.6  11.6 999.0  11.2 99.0 99.00 
2024 05 10 18 40 153  0.4  1.5  1.43 13.79  8.03 277 1014.7  11.7 999.0  11.3 99.0 99.00 
2024 05 10 18 50 159  0.5  1.3 99.00 99.00 99.00 999 1014.7  11.8 999.0  11.4 99.0 99.00 
2024 05 10 19 00 130  0.6  1.6 99.00 99.00 99.00 999 1014.7  11.9 999.0  11.5 99.0 99.00 
2024 05 10 19 10 146  1.0  1.8  1.46 12.90  8.45 289 1014.6  11.9 999.0  11.4 99.0 99.00 
2024 05 10 19 20 161  1.0  1.9 99.00 99.00 99.00 999 1014.6  11.9 999.0  11.4 99.0 99.00 
2024 05 10 19 30 164  0.9  1.6 99.00 99.00 99.00 999 1014.5  12.1 999.0  11.6 99.0 99.00 
2024 05 10 19 40 162  0.9  1.8  1.51 12.90  8.33 293 1014.5  12.2 999.0  11.7 99.0 99.00 
2024 05 10 19 50 184  1.3  1.8 99.00 99.00 99.00 999 1014.5  12.3 999.0  11.8 99.0 99.00 
2024 05 10 20 00 191  1.5  2.4 99.00 99.00 99.00 999 1014.4  12.4 999.0  11.9 99.0 99.00 
2024 05 10 20 10 189  1.4  2.3  1.37 12.90  7.60 304 1014.2  12.5 999.0  12.0 99.0 99.00 
2024 05 10 20 20 184  1.3  1.9 99.00 99.00 99.00 999 1014.2  12.5 999.0  12.0 99.0 99.00 
2024 05 10 20 30 194  1.0  2.0 99.00 99.00 99.00 999 1014.2  12.6 999.0  12.0 99.0 99.00 
2024 05 10 20 40 198  0.8  1.4  1.58 11.43  8.50 317 1014.2  12.7 999.0  12.0 99.0 99.00 
2024 05 10 20 50 211  1.5  2.3 99.00 99.00 99.00 999 1014.1  12.7 999.0  12.0 99.0 99.00 
2024 05 10 21 00 211  1.7  2.5 99.00 99.00 99.00 999 1014.1  12.8 999.0  12.1 99.0 99.00 
2024 05 10 21 10 219  1.4  1.9  1.36 10.81  7.73 314 1013.9  12.9 999.0  12.2 99.0 99.00 
2024 05 10 21 20 237  1.5  2.3 99.00 99.00 99.00 999 1013.9  13.0 999.0  12.3 99.0 99.00 
2024 05 10 21 30 246  1.3  2.1 99.00 99.00 99.00 999 1013.9  13.2 999.0  12.5 99.0 99.00 
2024 05 10 21 40 216  0.6  1.9  1.42 13.79  8.23 302 1013.7  13.4 999.0  12.6 99.0 99.00 
2024 05 10 21 50 230  0.9  1.6 99.00 99.00 99.00 999 1013.7  13.6 999.0  12.8 99.0 99.00 
2024 05 10 22 00 258  0.9  1.7 99.00 99.00 99.00 999 1013.6  13.6 999.0  12.7 99.0 99.00 
2024 05 10 22 10 264  1.5  2.5  1.33 13.79  8.47 252 1013.7  13.7 999.0  12.8 99.0 99.00 
2024 05 10 22 20 270  1.5  2.3 99.00 99.00 99.00 999 1013.7  13.8 999.0  12.9 99.0 99.00 
2024 05 10 22 30 272  1.5  2.7 99.00 99.00 99.00 999 1013.8  13.9 999.0  13.0 99.0 99.00 
2024 05 10 22 40 285  1.8  2.6  1.43 12.90  8.82 293 1013.7  13.9 999.0  13.0 99.0 99.00 
2024 05 10 22 50 297  2.0  3.2 99.00 99.00 99.00 999 1013.6  13.8 999.0  12.9 99.0 99.00 
2024 05 10 23 00 304  2.3  3.0 99.00 99.00 99.00 999 1013.5  13.8 999.0  13.0 99.0 99.00 
2024 05 10 23 10 312  2.4  3.3  1.44 13.79  8.92 285 1013.5  13.7 999.0  12.9 99.0 99.00 
2024 05 10 23 20 318  2.2  3.2 99.00 99.00 99.00 999 1013.4  13.7 999.0  13.0 99.0 99.00 
2024 05 10 23 30 330  2.1  3.2 99.00 99.00 99.00 999 1013.4  13.8 999.0  13.1 99.0 99.00 
2024 05 10 23 40 318  1.7  2.4  1.42 12.12  9.01 301 1013.3  13.9 999.0  13.1 99.0 99.00 
2024 05 10 23 50 336  1.5  2.8 99.00 99.00 99.00 999 1013.2  14.0 999.0  13.2 99.0 99.00 
2024 05 11 00 00 353  2.3  3.2 99.00 99.00 99.00 999 1013.1  14.0 999.0  13.2 99.0 99.00 
2024 05 11 00 10 356  1.9  2.8  1.42 11.43  9.18 304 1013.3  14.0 999.0  13.2 99.0 99.00 
2024 05 11 00 20 331  1.2  2.0 99.00 99.00 99.00 999 1013.2  14.2 999.0  13.4 99.0 99.00 
2024 05 11 00 30 342  1.0  1.8 99.00 99.00 99.00 999 1013.0  14.3 999.0  13.4 99.0 99.00 
2024 05 11 00 40 329  1.4  2.2  1.42 12.90  9.00 278 1012.9  14.2 999.0  13.2 99.0 99.00 
2024 05 11 00 50 315  2.2  3.2 99.00 99.00 99.00 999 1012.8  14.1 999.0  13.2 99.0 99.00 
2024 05 11 01 00 312  1.9  3.3 99.00 99.00 99.00 999 1012.8  14.1 999.0  13.1 99.0 99.00 
2024 05 11 01 10 307  1.9  2.7  1.41 12.90  9.08 308 1012.7  14.1 999.0  13.1 99.0 99.00 
2024 05 11 01 20 277  1.6  2.5 99.00 99.00 99.00 999 1012.8  14.2 999.0  13.3 99.0 99.00 
2024 05 11 01 30 279  1.4  2.2 99.00 99.00 99.00 999 1012.8  14.3 999.0  13.4 99.0 99.00 
2024 05 11 01 40 285  1.6  2.4  1.28 13.79  8.86 222 1012.5  14.3 999.0  13.3 99.0 99.00 
2024 05 11 01 50 286  2.0  2.6 99.00 99.00 99.00 999 1012.6  14.2 999.0  13.4 99.0 99.00 
2024 05 11 02 00 292  2.1  2.7 99.00 99.00 99.00 999 1012.5  14.2 999.0  13.4 99.0 99.00 
2024 05 11 02 10 286  2.0  2.9  1.22 11.43  8.55 307 1012.5  14.2 999.0  13.4 99.0 99.00 
2024 05 11 02 20 280  2.0  2.7 99.00 99.00 99.00 999 1012.5  14.2 999.0  13.4 99.0 99.00 
2024 05 11 02 30 272  2.5  3.5 99.00 99.00 99.00 999 1012.5  14.0 999.0  13.2 99.0 99.00 
2024 05 11 02 40 268  2.7  3.8  1.36 13.79  8.92 253 1012.6  13.9 999.0  13.2 99.0 99.00 
2024 05 11 02 50 268  2.2  3.0 99.00 99.00 99.00 999 1012.6  13.9 999.0  13.4 99.0 99.00 
2024 05 11 03 00 273  2.4  3.2 99.00 99.00 99.00 999 1012.6  13.7 999.0  13.2 99.0 99.00 
2024 05 11 03 10 265  2.5  3.2  1.28 12.12  8.84 296 1012.7  13.5 999.0  13.0 99.0 99.00 
2024 05 11 03 20 280  2.6  3.2 99.00 99.00 99.00 999 1012.8  13.4 999.0  13.0 99.0 99.00 
2024 05 11 03 30 272  2.3  3.3 99.00 99.00 99.00 999 1012.8  13.4 999.0  13.0 99.0 99.00 
2024 05 11 03 40 271  2.5  3.4  1.35 12.90  8.97 295 1012.9  13.3 999.0  13.1 99.0 99.00 
2024 05 11 03 50 279  2.1  2.9 99.00 99.00 99.00 999 1013.0  13.3 999.0  13.1 99.0 99.00 
2024 05 11 04 00 274  1.7  2.6 99.00 99.00 99.00 999 1013.1  13.3 999.0  13.1 99.0 99.00 
2024 05 11 04 10 291  2.2  2.9  1.27 12.90  8.85 303 1013.2  13.3 999.0  13.1 99.0 99.00 
2024 05 11 04 20 267  2.0  2.5 99.00 99.00 99.00 999 1013.3  13.3 999.0  13.1 99.0 99.00 
2024 05 11 04 30 266  1.6  2.5 99.00 99.00 99.00 999 1013.3  13.2 999.0  13.0 99.0 99.00 
2024 05 11 04 40 299  2.3  3.0  1.38 12.90  8.90 296 1013.4  13.1 999.0  12.9 99.0 99.00 
2024 05 11 04 50 284  1.9  3.1 99.00 99.00 99.00 999 1013.4  13.2 999.0  13.0 99.0 99.00 
2024 05 11 05 00 292  2.0  3.2 99.00 99.00 99.00 999 1013.3  13.2 999.0  13.0 99.0 99.00 
2024 05 11 05 10 292  2.4  3.2  1.25 11.43  8.63 315 1013.3  13.1 999.0  12.9 99.0 99.00 
2024 05 11 05 20 285  2.2  3.1 99.00 99.00 99.00 999 1013.2  13.0 999.0  12.8 99.0 99.00 
2024 05 11 05 30 284  3.2  4.0 99.00 99.00 99.00 999 1013.3  13.0 999.0  12.8 99.0 99.00 
2024 05 11 05 40 255  2.2  3.2  1.22 12.12  8.31 302 1013.4  13.0 999.0  12.8 99.0 99.00 
2024 05 11 05 50 266  2.7  3.7 99.00 99.00 99.00 999 1013.3  13.0 999.0  12.8 99.0 99.00 
2024 05 11 06 00 252  2.4  3.2 99.00 99.00 99.00 999 1013.3  12.8 999.0  12.6 99.0 99.00 
2024 05 11 06 10 242  2.5  3.2  1.31 12.12  8.73 295 1013.3  12.8 999.0  12.6 99.0 99.00 
2024 05 11 06 20 244  2.4  3.3 99.00 99.00 99.00 999 1013.3  12.7 999.0  12.6 99.0 99.00 
2024 05 11 06 30 244  1.7  2.5 99.00 99.00 99.00 999 1013.3  12.7 999.0  12.6 99.0 99.00 
2024 05 11 06 40 228  1.8  2.9  1.52 12.12  9.22 290 1013.2  12.7 999.0  12.6 99.0 99.00 
2024 05 11 06 50 238  1.6  2.5 99.00 99.00 99.00 999 1013.1  12.7 999.0  12.6 99.0 99.00 
2024 05 11 07 00 246  2.0  2.9 99.00 99.00 99.00 999 1013.3  12.7 999.0  12.6 99.0 99.00 
2024 05 11 07 10 242  2.2  3.0  1.40 12.90  8.66 265 1013.4  12.7 999.0  12.5 99.0 99.00 
2024 05 11 07 20 224  4.2  5.5 99.00 99.00 99.00 999 1013.4  12.6 999.0  12.5 99.0 99.00 
2024 05 11 07 30 249  3.6  4.5 99.00 99.00 99.00 999 1013.3  12.5 999.0  12.4 99.0 99.00 
2024 05 11 07 40 246  3.7  4.9  1.29 10.81  8.22 294 1013.4  12.5 999.0  12.4 99.0 99.00 
2024 05 11 07 50 254  3.6  5.1 99.00 99.00 99.00 999 1013.2  12.4 999.0  12.3 99.0 99.00 
2024 05 11 08 00 243  3.6  4.4 99.00 99.00 99.00 999 1013.3  12.4 999.0  12.3 99.0 99.00 
2024 05 11 08 10 252  3.4  4.3  1.29 10.81  8.16 287 1013.2  12.4 999.0  12.3 99.0 99.00 
2024 05 11 08 20 262  2.6  3.8 99.00 99.00 99.00 999 1013.1  12.4 999.0  12.3 99.0 99.00 
2024 05 11 08 30 243  2.3  3.1 99.00 99.00 99.00 999 1013.2  12.4 999.0  12.3 99.0 99.00 
2024 05 11 08 40 236  2.3  3.2  1.17 12.90  7.64 295 1013.1  12.3 999.0  12.2 99.0 99.00 
2024 05 11 08 50 259  2.7  3.5 99.00 99.00 99.00 999 1013.1  12.3 999.0  12.2 99.0 99.00 
2024 05 11 09 00 244  2.4  3.2 99.00 99.00 99.00 999 1013.1  12.3 999.0  12.2 99.0 99.00 
2024 05 11 09 10 241  2.2  3.1  1.21 10.81  7.70 294 1013.1  12.3 999.0  12.2 99.0 99.00 
2024 05 11 09 20 240  2.2  3.2 99.00 99.00 99.00 999 1013.1  12.2 999.0  12.1 99.0 99.00 
2024 05 11 09 30 219  2.1  2.5 99.00 99.00 99.00 999 1013.0  12.2 999.0  12.1 99.0 99.00 
2024 05 11 09 40 233  2.1  2.9  1.17 10.81  7.41 300 1013.0  12.1 999.0  12.0 99.0 99.00 
2024 05 11 09 50 230  1.9  2.8 99.00 99.00 99.00 999 1012.9  12.1 999.0  12.0 99.0 99.00 
2024 05 11 10 00 244  2.3  3.0 99.00 99.00 99.00 999 1012.9  12.2 999.0  12.1 99.0 99.00 
2024 05 11 10 10 229  2.9  3.8  1.20 12.90  7.56 246 1012.9  12.1 999.0  12.0 99.0 99.00 
2024 05 11 10 20 237  3.2  3.9 99.00 99.00 99.00 999 1012.8  12.2 999.0  12.2 99.0 99.00 
2024 05 11 10 30 235  3.0  3.7 99.00 99.00 99.00 999 1012.9  12.1 999.0  12.1 99.0 99.00 
2024 05 11 10 40 239  2.9  3.7  1.21 12.12  7.55 267 1012.9  12.1 999.0  12.1 99.0 99.00 
2024 05 11 10 50 243  3.1  3.9 99.00 99.00 99.00 999 1012.8  12.1 999.0  12.1 99.0 99.00 
2024 05 11 11 00 241  3.5  4.5 99.00 99.00 99.00 999 1013.0  12.1 999.0  12.1 99.0 99.00 
2024 05 11 11 10 243  3.4  4.5  1.17 12.12  7.29 270 1012.9  12.1 999.0  12.1 99.0 99.00 
2024 05 11 11 20 252  3.0  3.7 99.00 99.00 99.00 999 1012.8  12.1 999.0  12.1 99.0 99.00 
2024 05 11 11 30 258  2.7  3.7 99.00 99.00 99.00 999 1013.0  12.1 999.0  12.1 99.0 99.00 
2024 05 11 11 40 256  2.0  2.7  1.20 10.81  7.55 283 1012.9  12.0 999.0  12.0 99.0 99.00 
2024 05 11 11 50 247  1.8  2.3 99.00 99.00 99.00 999 1013.1  12.0 999.0  12.0 99.0 99.00 
2024 05 11 12 00 241  1.7  2.5 99.00 99.00 99.00 999 1013.0  12.1 999.0  12.1 99.0 99.00 
2024 05 11 12 10 272  1.7  2.8  1.10 11.43  7.16 279 1012.9  12.2 999.0  12.2 99.0 99.00 
2024 05 11 12 20 295  1.7  2.5 99.00 99.00 99.00 999 1012.9  12.3 999.0  12.3 99.0 99.00 
2024 05 11 12 30 305  1.8  3.2 99.00 99.00 99.00 999 1012.9  12.3 999.0  12.3 99.0 99.00 
2024 05 11 12 40 306  2.0  3.2  1.17 12.12  8.09 278 1013.0  12.3 999.0  12.3 99.0 99.00 
2024 05 11 12 50 292  2.0  3.4 99.00 99.00 99.00 999 1013.1  12.3 999.0  12.3 99.0 99.00 
2024 05 11 13 00 287  2.4  3.7 99.00 99.00 99.00 999 1013.1  12.3 999.0  12.3 99.0 99.00 
2024 05 11 13 10 298  2.4  3.3  1.00 11.43  7.47 280 1013.2  12.2 999.0  12.2 99.0 99.00 
2024 05 11 13 20 306  2.3  3.4 99.00 99.00 99.00 999 1013.1  12.1 999.0  12.1 99.0 99.00 
2024 05 11 13 30 312  2.5  3.9 99.00 99.00 99.00 999 1013.2  12.0 999.0  12.0 99.0 99.00 
2024 05 11 13 40 301  2.2  3.6  1.06 12.12  7.95 268 1013.2  12.0 999.0  12.0 99.0 99.00 
2024 05 11 13 50 286  2.5  3.8 99.00 99.00 99.00 999 1013.2  11.8 999.0  11.8 99.0 99.00 
2024 05 11 14 00 289  2.2  3.4 99.00 99.00 99.00 999 1013.4  11.6 999.0  11.6 99.0 99.00 
2024 05 11 14 10 307  2.4  3.6  0.97 12.12  7.47 243 1013.4  11.4 999.0  11.4 99.0 99.00 
2024 05 11 14 20 323  2.2  3.2 99.00 99.00 99.00 999 1013.4  11.3 999.0  11.3 99.0 99.00 
2024 05 11 14 30 323  1.7  2.5 99.00 99.00 99.00 999 1013.4  11.3 999.0  11.3 99.0 99.00 
2024 05 11 14 40 295  2.7  4.2  1.04 12.12  7.83 232 1013.5  11.1 999.0  11.1 99.0 99.00 
2024 05 11 14 50 287  2.4  4.0 99.00 99.00 99.00 999 1013.6  10.6 999.0  10.6 99.0 99.00 
2024 05 11 15 00 304  1.6  2.7 99.00 99.00 99.00 999 1013.6  10.5 999.0  10.5 99.0 99.00 
2024 05 11 15 10 314  1.6  2.6  1.02 13.79  7.86 187 1013.6  10.6 999.0  10.6 99.0 99.00 
2024 05 11 15 20 304  1.2  2.1 99.00 99.00 99.00 999 1013.6  10.6 999.0  10.6 99.0 99.00 
2024 05 11 15 30 261  1.1  1.7 99.00 99.00 99.00 999 1013.6  10.6 999.0  10.6 99.0 99.00 
2024 05 11 15 40 245  1.5  2.9  1.06 12.12  8.21 257 1013.7  10.6 999.0  10.6 99.0 99.00 
2024 05 11 15 50 238  1.8  3.2 99.00 99.00 99.00 999 1013.6  10.5 999.0  10.5 99.0 99.00 
2024 05 11 16 00 233  1.7  2.7 99.00 99.00 99.00 999 1013.8  10.6 999.0  10.6 99.0 99.00 
2024 05 11 16 10 229  2.7  3.4  1.00 11.43  7.58 295 1013.9  10.6 999.0  10.6 99.0 99.00 
2024 05 11 16 20 227  3.1  4.0 99.00 99.00 99.00 999 1013.8  10.7 999.0  10.7 99.0 99.00 
2024 05 11 16 30 222  3.2  4.4 99.00 99.00 99.00 999 1013.9  10.6 999.0  10.6 99.0 99.00 
2024 05 11 16 40 234  3.5  4.4  0.97 12.12  7.74 261 1013.9  10.5 999.0  10.5 99.0 99.00 
2024 05 11 16 50 250  3.2  4.0 99.00 99.00 99.00 999 1013.8  10.0 999.0  10.0 99.0 99.00 
2024 05 11 17 00 249  2.8  3.5 99.00 99.00 99.00 999 1013.9   9.8 999.0   9.8 99.0 99.00 
2024 05 11 17 10 244  2.1  3.2  0.93 11.43  7.75 264 1014.0   9.9 999.0   9.9 99.0 99.00 
2024 05 11 17 20 248  1.5  2.5 99.00 99.00 99.00 999 1013.9   9.9 999.0   9.9 99.0 99.00 
2024 05 11 17 30 241  1.6  2.7 99.00 99.00 99.00 999 1014.0  10.0 999.0  10.0 99.0 99.00 
2024 05 11 17 40 248  0.9  1.9  1.00 11.43  8.12 274 1014.0  10.1 999.0  10.1 99.0 99.00 
2024 05 11 17 50 245  1.0  2.3 99.00 99.00 99.00 999 1014.0  10.4 999.0  10.4 99.0 99.00 
2024 05 11 18 00 239  1.8  2.8 99.00 99.00 99.00 999 1014.0  10.3 999.0  10.3 99.0 99.00 
2024 05 11 18 10 232  2.5  3.4  1.19 10.81  8.80 277 1014.0  10.2 999.0  10.2 99.0 99.00 
2024 05 11 18 20 237  2.4  3.3 99.00 99.00 99.00 999 1013.9  10.2 999.0  10.2 99.0 99.00 
2024 05 11 18 30 255  2.4  3.2 99.00 99.00 99.00 999 1014.0  10.1 999.0  10.1 99.0 99.00 
2024 05 11 18 40 265  2.4  3.4  1.06 10.81  7.93 272 1014.1   9.8 999.0   9.8 99.0 99.00 
2024 05 11 18 50 263  2.6  3.5 99.00 99.00 99.00 999 1014.2   9.8 999.0   9.8 99.0 99.00 
2024 05 11 19 00 257  2.9  3.8 99.00 99.00 99.00 999 1014.2   9.9 999.0   9.9 99.0 99.00 
2024 05 11 19 10 259  2.9  3.8  1.05 11.43  8.02 283 1014.1  10.0 999.0  10.0 99.0 99.00 
2024 05 11 19 20 265  3.1  4.0 99.00 99.00 99.00 999 1014.1  10.0 999.0  10.0 99.0 99.00 
2024 05 11 19 30 265  2.7  3.6 99.00 99.00 99.00 999 1014.1  10.0 999.0  10.0 99.0 99.00 
2024 05 11 19 40 274  2.6  3.5  1.13 11.43  8.14 284 1014.2   9.9 999.0   9.9 99.0 99.00 
2024 05 11 19 50 280  2.5  3.4 99.00 99.00 99.00 999 1014.2   9.9 999.0   9.9 99.0 99.00 
2024 05 11 20 00 277  2.1  2.8 99.00 99.00 99.00 999 1014.2  10.1 999.0  10.1 99.0 99.00 
2024 05 11 20 10 272  2.2  3.0  1.04 10.81  7.82 306 1014.2  10.2 999.0  10.2 99.0 99.00 
2024 05 11 20 20 266  2.4  3.1 99.00 99.00 99.00 999 1014.1  10.2 999.0  10.2 99.0 99.00 
2024 05 11 20 30 274  3.1  4.1 99.00 99.00 99.00 999 1014.0  10.2 999.0  10.2 99.0 99.00 
2024 05 11 20 40 269  3.4  4.4  1.10 12.12  7.88 285 1013.9  10.3 999.0  10.3 99.0 99.00 
2024 05 11 20 50 270  3.5  4.3 99.00 99.00 99.00 999 1014.0  10.2 999.0  10.2 99.0 99.00 
2024 05 11 21 00 279  3.4  4.3 99.00 99.00 99.00 999 1013.9  10.3 999.0  10.3 99.0 99.00 
2024 05 11 21 10 285  3.3  4.4  1.09 19.05  7.99 192 1013.9  10.3 999.0  10.3 99.0 99.00 
2024 05 11 21 20 295  3.7  4.8 99.00 99.00 99.00 999 1013.8  10.4 999.0  10.4 99.0 99.00 
2024 05 11 21 30 299  3.8  4.6 99.00 99.00 99.00 999 1013.7  10.3 999.0  10.3 99.0 99.00 
2024 05 11 21 40 304  3.7  4.4  1.07 10.81  7.77 296 1013.7  10.5 999.0  10.5 99.0 99.00 
2024 05 11 21 50 303  4.3  5.3 99.00 99.00 99.00 999 1013.6  10.6 999.0  10.6 99.0 99.00 
2024 05 11 22 00 311  4.1  5.3 99.00 99.00 99.00 999 1013.5  10.7 999.0  10.7 99.0 99.00 
2024 05 11 22 10 315  3.9  5.3  1.10 10.81  7.91 282 1013.6  11.0 999.0  11.0 99.0 99.00 
2024 05 11 22 20 315  4.0  5.5 99.00 99.00 99.00 999 1013.4  11.1 999.0  11.1 99.0 99.00 
2024 05 11 22 30 312  4.0  5.2 99.00 99.00 99.00 999 1013.3  11.1 999.0  11.1 99.0 99.00 
2024 05 11 22 40 324  3.6  4.8  1.10 10.81  7.79 287 1013.1  11.3 999.0  11.3 99.0 99.00 
2024 05 11 22 50 325  3.5  4.5 99.00 99.00 99.00 999 1013.1  11.3 999.0  11.3 99.0 99.00 
2024 05 11 23 00 335  3.0  4.1 99.00 99.00 99.00 999 1013.1  11.3 999.0  11.3 99.0 99.00 
2024 05 11 23 10 321  2.3  3.1  1.08 10.81  7.80 297 1013.1  11.4 999.0  11.4 99.0 99.00 
2024 05 11 23 20 312  2.2  2.9 99.00 99.00 99.00 999 1012.9  11.5 999.0  11.5 99.0 99.00 
2024 05 11 23 30 300  2.2  2.8 99.00 99.00 99.00 999 1013.0  11.6 999.0  11.6 99.0 99.00 
2024 05 11 23 40 293  2.3  3.1  1.05 11.43  7.75 299 1012.8  11.8 999.0  11.8 99.0 99.00 
2024 05 11 23 50 285  2.7  4.4 99.00 99.00 99.00 999 1012.8  12.0 999.0  12.0 99.0 99.00 
2024 05 12 00 00 287  2.3  3.4 99.00 99.00 99.00 999 1012.9  12.1 999.0  12.1 99.0 99.00 
2024 05 12 00 10 284  2.2  3.2  1.09 10.81  7.46 294 1012.8  12.2 999.0  12.2 99.0 99.00 
2024 05 12 00 20 285  2.4  3.2 99.00 99.00 99.00 999 1012.8  12.2 999.0  12.2 99.0 99.00 
2024 05 12 00 30 281  2.6  3.2 99.00 99.00 99.00 999 1012.7  12.3 999.0  12.3 99.0 99.00 
2024 05 12 00 40 281  2.4  3.0  1.18 10.00  8.07 296 1012.7  12.3 999.0  12.3 99.0 99.00 
2024 05 12 00 50 280  2.5  3.2 99.00 99.00 99.00 999 1012.7  12.3 999.0  12.3 99.0 99.00 
2024 05 12 01 00 293  2.3  3.0 99.00 99.00 99.00 999 1012.8  12.2 999.0  12.2 99.0 99.00 
2024 05 12 01 10 269  2.3  3.2  1.17 19.05  8.21 239 1012.7  12.2 999.0  12.2 99.0 99.00 
2024 05 12 01 20 277  1.9  2.6 99.00 99.00 99.00 999 1012.6  12.1 999.0  12.1 99.0 99.00 
2024 05 12 01 30 295  1.6  2.8 99.00 99.00 99.00 999 1012.6  12.2 999.0  12.2 99.0 99.00 
2024 05 12 01 40 302  1.5  2.4  0.97 10.81  7.13 296 1012.6  12.2 999.0  12.2 99.0 99.00 
2024 05 12 01 50 297  1.5  2.1 99.00 99.00 99.00 999 1012.5  12.2 999.0  12.2 99.0 99.00 
2024 05 12 02 00 297  1.1  1.8 99.00 99.00 99.00 999 1012.5  12.1 999.0  12.1 99.0 99.00 
2024 05 12 02 10 305  1.2  1.9  0.99 19.05  7.31 225 1012.4  12.1 999.0  12.1 99.0 99.00 
2024 05 12 02 20 294  1.4  2.1 99.00 99.00 99.00 999 1012.5  12.2 999.0  12.2 99.0 99.00 
2024 05 12 02 30 301  2.2  4.0 99.00 99.00 99.00 999 1012.5  12.4 999.0  12.4 99.0 99.00 
2024 05 12 02 40 296  3.2  4.7  1.11 11.43  7.89 282 1012.4  12.6 999.0  12.6 99.0 99.00 
2024 05 12 02 50 308  4.8  6.6 99.00 99.00 99.00 999 1012.5  12.6 999.0  12.6 99.0 99.00 
2024 05 12 03 00 310  4.4  5.8 99.00 99.00 99.00 999 1012.5  12.6 999.0  12.6 99.0 99.00 
2024 05 12 03 10 311  4.6  5.6  0.99 10.81  7.38 271 1012.5  12.6 999.0  12.6 99.0 99.00 
2024 05 12 03 20 313  4.3  6.3 99.00 99.00 99.00 999 1012.6  12.6 999.0  12.6 99.0 99.00 
2024 05 12 03 30 309  5.0  6.4 99.00 99.00 99.00 999 1012.5  12.5 999.0  12.5 99.0 99.00 
2024 05 12 03 40 319  4.9  6.8  0.97 10.81  6.91 302 1012.8  12.3 999.0  12.3 99.0 99.00 
2024 05 12 03 50 324  4.3  5.6 99.00 99.00 99.00 999 1012.8  12.0 999.0  12.0 99.0 99.00 
2024 05 12 04 00 315  4.0  4.8 99.00 99.00 99.00 999 1012.9  12.0 999.0  12.0 99.0 99.00 
2024 05 12 04 10 313  3.5  5.1  0.95 10.81  6.81 300 1012.9  12.0 999.0  12.0 99.0 99.00 
2024 05 12 04 20 323  3.8  5.0 99.00 99.00 99.00 999 1013.0  12.0 999.0  12.0 99.0 99.00 
2024 05 12 04 30 321  3.7  4.8 99.00 99.00 99.00 999 1013.1  11.8 999.0  11.8 99.0 99.00 
2024 05 12 04 40 321  3.8  5.0  0.96 11.43  6.80 279 1013.2  11.8 999.0  11.8 99.0 99.00 
2024 05 12 04 50 317  4.0  5.4 99.00 99.00 99.00 999 1013.3  11.8 999.0  11.8 99.0 99.00 
2024 05 12 05 00 319  4.7  6.3 99.00 99.00 99.00 999 1013.4  11.7 999.0  11.7 99.0 99.00 
2024 05 12 05 10 317  4.2  6.2  1.12 11.43  6.85 271 1013.5  11.5 999.0  11.5 99.0 99.00 
2024 05 12 05 20 314  4.9  6.5 99.00 99.00 99.00 999 1013.6  11.4 999.0  11.4 99.0 99.00 
2024 05 12 05 30 318  4.0  4.8 99.00 99.00 99.00 999 1013.6  11.3 999.0  11.3 99.0 99.00 
2024 05 12 05 40 315  4.0  5.0  1.07 19.05  6.24 215 1013.7  11.3 999.0  11.3 99.0 99.00 
2024 05 12 05 50 305  4.6  6.3 99.00 99.00 99.00 999 1013.6  11.3 999.0  11.3 99.0 99.00 
2024 05 12 06 00 311  4.4  5.7 99.00 99.00 99.00 999 1013.6  11.2 999.0  11.2 99.0 99.00 
2024 05 12 06 10 310  4.5  5.6  1.09 17.39  5.92 215 1013.6  11.1 999.0  11.1 99.0 99.00 
2024 05 12 06 20 312  4.6  6.0 99.00 99.00 99.00 999 1013.7  11.0 999.0  11.0 99.0 99.00 
2024 05 12 06 30 308  4.1  5.0 99.00 99.00 99.00 999 1013.6  11.1 999.0  11.1 99.0 99.00 
2024 05 12 06 40 309  3.9  5.1  1.22 11.43  6.03 246 1013.7  11.1 999.0  11.1 99.0 99.00 
2024 05 12 06 50 313  3.7  4.6 99.00 99.00 99.00 999 1013.7  11.1 999.0  11.1 99.0 99.00 
2024 05 12 07 00 311  4.1  5.1 99.00 99.00 99.00 999 1013.6  11.1 999.0  11.1 99.0 99.00 
2024 05 12 07 10 311  4.4  5.7  1.26 17.39  6.07 223 1013.6  11.1 999.0  11.1 99.0 99.00 
2024 05 12 07 20 316  4.6  6.1 99.00 99.00 99.00 999 1013.6  11.1 999.0  11.1 99.0 99.00 
2024 05 12 07 30 305  3.9  5.0 99.00 99.00 99.00 999 1013.6  11.1 999.0  11.1 99.0 99.00 
2024 05 12 07 40 303  4.5  6.1  1.26 19.05  5.81 216 1013.7  11.1 999.0  11.1 99.0 99.00 
2024 05 12 07 50 304  3.6  4.8 99.00 99.00 99.00 999 1013.7  11.0 999.0  11.0 99.0 99.00 
2024 05 12 08 00 301  4.0  5.5 99.00 99.00 99.00 999 1013.7  11.1 999.0  11.1 99.0 99.00 
2024 05 12 08 10 303  4.1  5.3  1.19 17.39  5.68 262 1013.7  11.1 999.0  11.1 99.0 99.00 
2024 05 12 08 20 303  3.9  5.2 99.00 99.00 99.00 999 1013.7  11.1 999.0  11.1 99.0 99.00 
2024 05 12 08 30 302  3.8  4.8 99.00 99.00 99.00 999 1013.7  11.1 999.0  11.1 99.0 99.00 
2024 05 12 08 40 305  4.0  5.0  1.17 10.81  5.67 289 1013.6  11.1 999.0  11.1 99.0 99.00 
2024 05 12 08 50 302  3.7  5.2 99.00 99.00 99.00 999 1013.7  11.0 999.0  11.0 99.0 99.00 
2024 05 12 09 00 306  3.1  4.5 99.00 99.00 99.00 999 1013.7  10.9 999.0  10.9 99.0 99.00 
2024 05 12 09 10 311  3.2  3.9  1.14 10.81  5.40 305 1013.7  10.9 999.0  10.9 99.0 99.00 
2024 05 12 09 20 314  3.2  4.2 99.00 99.00 99.00 999 1013.6  10.8 999.0  10.8 99.0 99.00 
2024 05 12 09 30 312  3.2  4.3 99.00 99.00 99.00 999 1013.6  10.8 999.0  10.8 99.0 99.00 
2024 05 12 09 40 316  3.7  5.0  1.20 17.39  5.99 221 1013.6  10.7 999.0  10.7 99.0 99.00 
2024 05 12 09 50 316  3.4  4.5 99.00 99.00 99.00 999 1013.6  10.7 999.0  10.7 99.0 99.00 
2024 05 12 10 00 316  3.2  4.4 99.00 99.00 99.00 999 1013.6  10.7 999.0  10.7 99.0 99.00 
2024 05 12 10 10 318  4.0  5.4  1.14 10.81  5.53 295 1013.6  10.6 999.0  10.6 99.0 99.00 
2024 05 12 10 20 317  3.9  5.3 99.00 99.00 99.00 999 1013.6  10.6 999.0  10.6 99.0 99.00 
2024 05 12 10 30 309  4.2  5.9 99.00 99.00 99.00 999 1013.6  10.6 999.0  10.6 99.0 99.00 
2024 05 12 10 40 313  3.9  5.6  1.36 17.39  6.43 217 1013.7  10.6 999.0  10.6 99.0 99.00 
2024 05 12 10 50 308  4.0  5.1 99.00 99.00 99.00 999 1013.8  10.5 999.0  10.5 99.0 99.00 
2024 05 12 11 00 308  3.6  5.0 99.00 99.00 99.00 999 1013.7  10.5 999.0  10.5 99.0 99.00 
2024 05 12 11 10 310  3.3  4.7  1.11 17.39  5.52 239 1013.7  10.5 999.0  10.5 99.0 99.00 
2024 05 12 11 20 304  2.8  3.8 99.00 99.00 99.00 999 1013.8  10.5 999.0  10.5 99.0 99.00 
2024 05 12 11 30 299  3.3  4.4 99.00 99.00 99.00 999 1013.9  10.5 999.0  10.5 99.0 99.00 
2024 05 12 11 40 297  3.5  4.9  1.26 17.39  6.59 233 1013.9  10.4 999.0  10.4 99.0 99.00 
2024 05 12 11 50 299  3.8  6.1 99.00 99.00 99.00 999 1013.9  10.4 999.0  10.4 99.0 99.00 
2024 05 12 12 00 297  3.5  4.5 99.00 99.00 99.00 999 1013.9  10.4 999.0  10.4 99.0 99.00 
2024 05 12 12 10 303  4.2  5.6  1.05 17.39  5.71  68 1013.9  10.5 999.0  10.5 99.0 99.00 
2024 05 12 12 20 307  3.8  5.0 99.00 99.00 99.00 999 1013.9  10.4 999.0  10.4 99.0 99.00 
2024 05 12 12 30 310  4.6  5.8 99.00 99.00 99.00 999 1013.9  10.3 999.0  10.3 99.0 99.00 
2024 05 12 12 40 313  4.6  5.8  1.10 17.39  5.78 210 1013.9  10.3 999.0  10.3 99.0 99.00 
2024 05 12 12 50 315  5.0  6.3 99.00 99.00 99.00 999 1013.9  10.2 999.0  10.2 99.0 99.00 
2024 05 12 13 00 317  5.2  6.6 99.00 99.00 99.00 999 1014.1  10.1 999.0  10.1 99.0 99.00 
2024 05 12 13 10 317  5.4  6.8  1.19 17.39  5.90 221 1014.1  10.0 999.0  10.0 99.0 99.00 
2024 05 12 13 20 321  5.9  7.5 99.00 99.00 99.00 999 1014.0   9.9 999.0   9.9 99.0 99.00 
2024 05 12 13 30 319  5.6  6.7 99.00 99.00 99.00 999 1014.0  10.0 999.0  10.0 99.0 99.00 
2024 05 12 13 40 325  5.3  6.6  1.22 17.39  5.59 222 1014.1   9.9 999.0   9.9 99.0 99.00 
2024 05 12 13 50 329  5.2  6.5 99.00 99.00 99.00 999 1014.2   9.9 999.0   9.9 99.0 99.00 
2024 05 12 14 00 333  4.6  6.5 99.00 99.00 99.00 999 1014.3   9.9 999.0   9.9 99.0 99.00 
2024 05 12 14 10 339  4.2  5.3  1.16 17.39  5.62 231 1014.4   9.9 999.0   9.9 99.0 99.00 
2024 05 12 14 20 340  4.1  5.1 99.00 99.00 99.00 999 1014.4   9.9 999.0   9.9 99.0 99.00 
2024 05 12 14 30 337  3.9  5.0 99.00 99.00 99.00 999 1014.4   9.9 999.0   9.9 99.0 99.00 
2024 05 12 14 40 326  3.4  4.8  1.21 17.39  6.32 204 1014.6  10.0 999.0  10.0 99.0 99.00 
2024 05 12 14 50 306  4.9  6.7 99.00 99.00 99.00 999 1014.7   9.9 999.0   9.9 99.0 99.00 
2024 05 12 15 00 303  5.2  7.3 99.00 99.00 99.00 999 1014.7   9.6 999.0   9.6 99.0 99.00 
2024 05 12 15 10 316  4.5  6.6  1.20 17.39  6.33 243 1014.9   9.6 999.0   9.6 99.0 99.00 
2024 05 12 15 20 317  4.9  6.7 99.00 99.00 99.00 999 1014.9   9.5 999.0   9.5 99.0 99.00 
2024 05 12 15 30 314  5.1  7.4 99.00 99.00 99.00 999 1015.0   9.4 999.0   9.4 99.0 99.00 
2024 05 12 15 40 314  5.4  7.4  1.11 17.39  6.08 246 1015.1   9.5 999.0   9.5 99.0 99.00 
2024 05 12 15 50 321  5.7  7.3 99.00 99.00 99.00 999 1015.1   9.4 999.0   9.4 99.0 99.00 
2024 05 12 16 00 324  5.4  7.5 99.00 99.00 99.00 999 1015.2   9.4 999.0   9.4 99.0 99.00 
2024 05 12 16 10 326  5.0  7.1  1.05 17.39  5.69 214 1015.4   9.4 999.0   9.4 99.0 99.00 
2024 05 12 16 20 314  5.6  7.8 99.00 99.00 99.00 999 1015.5   9.4 999.0   9.4 99.0 99.00 
2024 05 12 16 30 319  5.2  6.8 99.00 99.00 99.00 999 1015.6   9.4 999.0   9.4 99.0 99.00 
2024 05 12 16 40 321  5.0  6.3  1.08 10.00  5.62 286 1015.6   9.5 999.0   9.5 99.0 99.00 
2024 05 12 16 50 313  5.2  6.7 99.00 99.00 99.00 999 1015.6   9.6 999.0   9.6 99.0 99.00 
2024 05 12 17 00 317  6.0  7.2 99.00 99.00 99.00 999 1015.6   9.6 999.0   9.6 99.0 99.00 
2024 05 12 17 10 317  5.7  7.0  1.04 17.39  5.41 183 1015.6   9.6 999.0   9.6 99.0 99.00 
2024 05 12 17 20 315  5.9  7.2 99.00 99.00 99.00 999 1015.6   9.6 999.0   9.6 99.0 99.00 
2024 05 12 17 30 320  5.9  7.4 99.00 99.00 99.00 999 1015.6   9.6 999.0   9.6 99.0 99.00 
2024 05 12 17 40 329  5.3  6.9  1.14 17.39  5.58 253 1015.7   9.6 999.0   9.6 99.0 99.00 
2024 05 12 17 50 328  5.0  6.0 99.00 99.00 99.00 999 1015.6   9.7 999.0   9.7 99.0 99.00 
2024 05 12 18 00 330  5.1  5.9 99.00 99.00 99.00 999 1015.6   9.7 999.0   9.7 99.0 99.00 
2024 05 12 18 10 333  5.0  6.2  1.03 10.00  5.27 290 1015.6   9.7 999.0   9.7 99.0 99.00 
2024 05 12 18 20 326  5.2  6.3 99.00 99.00 99.00 999 1015.6   9.8 999.0   9.8 99.0 99.00 
2024 05 12 18 30 330  4.9  6.1 99.00 99.00 99.00 999 1015.7   9.9 999.0   9.9 99.0 99.00 
2024 05 12 18 40 328  4.6  5.6  1.06 17.39  5.23 260 1015.7   9.9 999.0   9.9 99.0 99.00 
2024 05 12 18 50 316  4.4  5.7 99.00 99.00 99.00 999 1015.7  10.0 999.0  10.0 99.0 99.00 
2024 05 12 19 00 313  5.1  7.2 99.00 99.00 99.00 999 1015.6  10.1 999.0  10.1 99.0 99.00 
2024 05 12 19 10 320  4.2  5.6  1.11 17.39  5.70 246 1015.5  10.2 999.0  10.2 99.0 99.00 
2024 05 12 19 20 318  5.4  6.4 99.00 99.00 99.00 999 1015.4  10.2 999.0  10.2 99.0 99.00 
2024 05 12 19 30 314  5.0  6.6 99.00 99.00 99.00 999 1015.3  10.3 999.0  10.3 99.0 99.00 
2024 05 12 19 40 315  5.3  6.5  1.11 17.39  5.78 231 1015.3  10.3 999.0  10.3 99.0 99.00 
2024 05 12 19 50 315  5.6  6.8 99.00 99.00 99.00 999 1015.2  10.4 999.0  10.4 99.0 99.00 
2024 05 12 20 00 314  5.6  7.0 99.00 99.00 99.00 999 1015.2  10.4 999.0  10.4 99.0 99.00 
2024 05 12 20 10 314  5.6  7.0  1.10 17.39  5.59 245 1015.2  10.4 999.0  10.4 99.0 99.00 
2024 05 12 20 20 314  6.1  8.5 99.00 99.00 99.00 999 1015.1  10.5 999.0  10.5 99.0 99.00 
2024 05 12 20 30 321  5.9  7.2 99.00 99.00 99.00 999 1015.1  10.5 999.0  10.5 99.0 99.00 
2024 05 12 20 40 316  5.8  7.3  1.04 17.39  5.15 250 1015.0  10.5 999.0  10.5 99.0 99.00 
2024 05 12 20 50 316  6.6  7.7 99.00 99.00 99.00 999 1014.8  10.5 999.0  10.5 99.0 99.00 
2024 05 12 21 00 318  6.1  7.6 99.00 99.00 99.00 999 1014.8  10.6 999.0  10.6 99.0 99.00 
2024 05 12 21 10 314  5.5  6.5  1.06 17.39  5.21 234 1014.9  10.6 999.0  10.6 99.0 99.00 
2024 05 12 21 20 314  6.1  7.8 99.00 99.00 99.00 999 1014.8  10.6 999.0  10.6 99.0 99.00 
2024 05 12 21 30 315  6.5  7.6 99.00 99.00 99.00 999 1014.7  10.7 999.0  10.7 99.0 99.00 
2024 05 12 21 40 315  6.0  7.5  1.14 17.39  5.42 249 1014.7  10.7 999.0  10.7 99.0 99.00 
2024 05 12 21 50 313  6.4  7.7 99.00 99.00 99.00 999 1014.7  10.8 999.0  10.8 99.0 99.00 
2024 05 12 22 00 308  5.9  7.6 99.00 99.00 99.00 999 1014.7  10.8 999.0  10.8 99.0 99.00 
2024 05 12 22 10 310  6.8  8.3  1.24 17.39  5.64 230 1014.6  10.9 999.0  10.8 99.0 99.00 
2024 05 12 22 20 309  6.1  8.1 99.00 99.00 99.00 999 1014.6  10.9 999.0  10.8 99.0 99.00 
2024 05 12 22 30 307  5.2  6.9 99.00 99.00 99.00 999 1014.6  11.0 999.0  10.9 99.0 99.00 
2024 05 12 22 40 307  6.0  8.1  1.13 17.39  5.01 195 1014.6  11.0 999.0  10.9 99.0 99.00 
2024 05 12 22 50 301  6.3  8.1 99.00 99.00 99.00 999 1014.6  10.9 999.0  10.8 99.0 99.00 
2024 05 12 23 00 305  6.3  8.1 99.00 99.00 99.00 999 1014.5  10.9 999.0  10.8 99.0 99.00 
2024 05 12 23 10 306  6.6  8.7  1.17  9.09  5.22 294 1014.4  10.9 999.0  10.8 99.0 99.00 
2024 05 12 23 20 306  6.3  7.9 99.00 99.00 99.00 999 1014.3  10.9 999.0  10.8 99.0 99.00 
2024 05 12 23 30 304  6.5  8.0 99.00 99.00 99.00 999 1014.1  10.9 999.0  10.8 99.0 99.00 
2024 05 12 23 40 310  7.0  8.8  1.29 17.39  5.30 220 1013.9  10.8 999.0  10.8 99.0 99.00 
2024 05 12 23 50 317  7.3  8.9 99.00 99.00 99.00 999 1013.9  10.7 999.0  10.7 99.0 99.00 
2024 05 13 00 00 313  7.2  9.3 99.00 99.00 99.00 999 1013.9  10.8 999.0  10.8 99.0 99.00 
2024 05 13 00 10 310  7.1  9.0  1.35 17.39  5.22 230 1013.8  10.8 999.0  10.8 99.0 99.00 
2024 05 13 00 20 310  5.5  7.0 99.00 99.00 99.00 999 1013.8  10.8 999.0  10.8 99.0 99.00 
2024 05 13 00 30 310  7.5 10.0 99.00 99.00 99.00 999 1013.6  10.8 999.0  10.8 99.0 99.00 
2024 05 13 00 40 308  7.8  9.8  1.52 17.39  5.30 236 1013.7  10.7 999.0  10.7 99.0 99.00 
2024 05 13 00 50 308  7.5 10.0 99.00 99.00 99.00 999 1013.7  10.7 999.0  10.7 99.0 99.00 
2024 05 13 01 00 306  8.9 10.7 99.00 99.00 99.00 999 1013.6  10.7 999.0  10.7 99.0 99.00 
2024 05 13 01 10 308  8.2 10.7  1.42 17.39  4.78 234 1013.6  10.7 999.0  10.7 99.0 99.00 
2024 05 13 01 20 307  7.9 10.5 99.00 99.00 99.00 999 1013.6  10.7 999.0  10.7 99.0 99.00 
2024 05 13 01 30 315  8.8 11.1 99.00 99.00 99.00 999 1013.4  10.6 999.0  10.6 99.0 99.00 
2024 05 13 01 40 307  8.8 11.0  1.49  5.00  4.79 318 1013.4  10.6 999.0  10.6 99.0 99.00 
2024 05 13 01 50 311  8.8 10.4 99.00 99.00 99.00 999 1013.3  10.6 999.0  10.6 99.0 99.00 
2024 05 13 02 00 314  8.0 10.3 99.00 99.00 99.00 999 1013.4  10.5 999.0  10.5 99.0 99.00 
2024 05 13 02 10 311  9.2 12.3  1.54  5.56  4.94 316 1013.3  10.5 999.0  10.5 99.0 99.00 
2024 05 13 02 20 304 10.2 13.1 99.00 99.00 99.00 999 1013.3  10.5 999.0  10.5 99.0 99.00 
2024 05 13 02 30 306  9.3 11.8 99.00 99.00 99.00 999 1013.5  10.5 999.0  10.5 99.0 99.00 
2024 05 13 02 40 311  8.9 11.3  1.64 17.39  5.13 252 1013.6  10.5 999.0  10.5 99.0 99.00 
2024 05 13 02 50 311  8.7 10.6 99.00 99.00 99.00 999 1013.6  10.4 999.0  10.4 99.0 99.00 
2024 05 13 03 00 309  8.3 10.4 99.00 99.00 99.00 999 1013.6  10.5 999.0  10.5 99.0 99.00 
2024 05 13 03 10 309  9.2 11.9  1.71  5.26  5.22 314 1013.4  10.5 999.0  10.5 99.0 99.00 
2024 05 13 03 20 313  9.2 12.4 99.00 99.00 99.00 999 1013.5  10.4 999.0  10.4 99.0 99.00 
2024 05 13 03 30 313  9.2 11.8 99.00 99.00 99.00 999 1013.5  10.4 999.0  10.4 99.0 99.00 
2024 05 13 03 40 315  8.5 10.8  1.86  5.88  5.19 320 1013.4  10.4 999.0  10.4 99.0 99.00 
2024 05 13 03 50 310  8.5 10.7 99.00 99.00 99.00 999 1013.6  10.4 999.0  10.4 99.0 99.00 
2024 05 13 04 00 312  9.2 11.7 99.00 99.00 99.00 999 1013.6  10.4 999.0  10.4 99.0 99.00 
2024 05 13 04 10 315  9.4 11.8  1.83 17.39  5.20 202 1013.6  10.4 999.0  10.4 99.0 99.00 
2024 05 13 04 20 308  9.5 12.8 99.00 99.00 99.00 999 1013.6  10.3 999.0  10.3 99.0 99.00 
2024 05 13 04 30 307 10.3 12.9 99.00 99.00 99.00 999 1013.6  10.3 999.0  10.3 99.0 99.00 
2024 05 13 04 40 308  9.9 12.2  1.78 16.00  5.13 189 1013.7  10.3 999.0  10.3 99.0 99.00 
2024 05 13 04 50 311 10.3 12.9 99.00 99.00 99.00 999 1013.7  10.3 999.0  10.3 99.0 99.00 
2024 05 13 05 00 309  9.7 12.4 99.00 99.00 99.00 999 1013.8  10.3 999.0  10.3 99.0 99.00 
2024 05 13 05 10 310 11.0 13.5  1.69 17.39  5.10 207 1013.7  10.3 999.0  10.3 99.0 99.00 
2024 05 13 05 20 309 10.7 13.9 99.00 99.00 99.00 999 1013.9  10.2 999.0  10.2 99.0 99.00 
2024 05 13 05 30 310 10.3 13.1 99.00 99.00 99.00 999 1013.9  10.3 999.0  10.3 99.0 99.00 
2024 05 13 05 40 310  9.9 12.3  1.80  6.25  5.16 322 1013.9  10.3 999.0  10.2 99.0 99.00 
2024 05 13 05 50 307  9.3 12.0 99.00 99.00 99.00 999 1013.9  10.3 999.0  10.2 99.0 99.00 
2024 05 13 06 00 312  9.2 11.7 99.00 99.00 99.00 999 1013.9  10.3 999.0  10.2 99.0 99.00 
2024 05 13 06 10 314 10.7 13.2  1.73  5.88  5.14 320 1013.7  10.3 999.0  10.2 99.0 99.00 
2024 05 13 06 20 313 10.6 12.8 99.00 99.00 99.00 999 1013.6  10.3 999.0  10.2 99.0 99.00 
2024 05 13 06 30 314  9.9 12.2 99.00 99.00 99.00 999 1013.6  10.3 999.0  10.3 99.0 99.00 
2024 05 13 06 40 311  9.1 11.7  1.94 16.00  5.36 202 1013.6  10.3 999.0  10.3 99.0 99.00 
2024 05 13 06 50 313 10.0 13.7 99.00 99.00 99.00 999 1013.5  10.2 999.0  10.2 99.0 99.00 
2024 05 13 07 00 312  9.0 11.1 99.00 99.00 99.00 999 1013.5  10.2 999.0  10.2 99.0 99.00 
2024 05 13 07 10 312  9.6 12.2  1.86  5.88  5.08 323 1013.6  10.2 999.0  10.2 99.0 99.00 
2024 05 13 07 20 309 10.1 12.1 99.00 99.00 99.00 999 1013.6  10.2 999.0  10.2 99.0 99.00 
2024 05 13 07 30 305 10.4 13.1 99.00 99.00 99.00 999 1013.6  10.2 999.0  10.2 99.0 99.00 
2024 05 13 07 40 307 10.6 13.1  1.95  5.88  5.20 318 1013.5  10.2 999.0  10.2 99.0 99.00 
2024 05 13 07 50 310 10.2 12.6 99.00 99.00 99.00 999 1013.5  10.2 999.0  10.2 99.0 99.00 
2024 05 13 08 00 306 10.5 12.5 99.00 99.00 99.00 999 1013.5  10.2 999.0  10.2 99.0 99.00 
2024 05 13 08 10 308  9.6 12.3  1.75  5.56  5.16 308 1013.6  10.2 999.0  10.2 99.0 99.00 
2024 05 13 08 20 308  9.7 12.3 99.00 99.00 99.00 999 1013.5  10.2 999.0  10.2 99.0 99.00 
2024 05 13 08 30 312  9.3 12.1 99.00 99.00 99.00 999 1013.6  10.2 999.0  10.2 99.0 99.00 
2024 05 13 08 40 308  8.8 11.3  1.60  5.88  4.88 319 1013.6  10.2 999.0  10.2 99.0 99.00 
2024 05 13 08 50 309  9.0 11.6 99.00 99.00 99.00 999 1013.6  10.2 999.0  10.2 99.0 99.00 
2024 05 13 09 00 309  8.7 11.6 99.00 99.00 99.00 999 1013.6  10.3 999.0  10.3 99.0 99.00 
2024 05 13 09 10 308  8.4 10.3  1.54 16.00  5.15 230 1013.7  10.3 999.0  10.3 99.0 99.00 
2024 05 13 09 20 309  8.5 10.9 99.00 99.00 99.00 999 1013.7  10.3 999.0  10.3 99.0 99.00 
2024 05 13 09 30 305  8.5 11.7 99.00 99.00 99.00 999 1013.6  10.3 999.0  10.3 99.0 99.00 
2024 05 13 09 40 308  8.3 10.1  1.48 16.00  4.88 215 1013.5  10.3 999.0  10.3 99.0 99.00 
2024 05 13 09 50 309  6.5  9.4 99.00 99.00 99.00 999 1013.6  10.3 999.0  10.3 99.0 99.00 
2024 05 13 10 00 309  7.2  9.1 99.00 99.00 99.00 999 1013.5  10.3 999.0  10.3 99.0 99.00 
2024 05 13 10 10 310  7.6  9.6  1.42  5.26  4.70 309 1013.5  10.2 999.0  10.2 99.0 99.00 
2024 05 13 10 20 310  6.9  9.4 99.00 99.00 99.00 999 1013.6  10.3 999.0  10.3 99.0 99.00 
2024 05 13 10 30 309  7.4  9.6 99.00 99.00 99.00 999 1013.5  10.3 999.0  10.3 99.0 99.00 
2024 05 13 10 40 314  6.9  9.1  1.40 16.00  5.03 224 1013.5  10.2 999.0  10.2 99.0 99.00 
2024 05 13 10 50 309  6.1  7.6 99.00 99.00 99.00 999 1013.6  10.3 999.0  10.3 99.0 99.00 
2024 05 13 11 00 308  6.4  8.4 99.00 99.00 99.00 999 1013.6  10.3 999.0  10.3 99.0 99.00 
2024 05 13 11 10 308  6.1  8.4  1.44 16.00  5.23 233 1013.6  10.3 999.0  10.3 99.0 99.00 
2024 05 13 11 20 309  6.7  8.7 99.00 99.00 99.00 999 1013.6  10.3 999.0  10.3 99.0 99.00 
2024 05 13 11 30 302  4.7  6.3 99.00 99.00 99.00 999 1013.6  10.3 999.0  10.3 99.0 99.00 
2024 05 13 11 40 295  4.9  6.5  1.37 16.00  5.10 200 1013.7  10.3 999.0  10.3 99.0 99.00 
2024 05 13 11 50 297  5.5  7.0 99.00 99.00 99.00 999 1013.7  10.3 999.0  10.3 99.0 99.00 
2024 05 13 12 00 300  4.8  6.1 99.00 99.00 99.00 999 1013.7  10.3 999.0  10.3 99.0 99.00 
2024 05 13 12 10 299  5.4  6.9  1.36 16.00  5.31 235 1013.6  10.3 999.0  10.3 99.0 99.00 
2024 05 13 12 20 298  6.0  7.2 99.00 99.00 99.00 999 1013.6  10.3 999.0  10.3 99.0 99.00 
2024 05 13 12 30 294  5.8  7.4 99.00 99.00 99.00 999 1013.7  10.3 999.0  10.3 99.0 99.00 
2024 05 13 12 40 296  5.6  7.9  1.46 16.00  5.57 204 1013.6  10.3 999.0  10.2 99.0 99.00 
2024 05 13 12 50 304  4.7  6.4 99.00 99.00 99.00 999 1013.8  10.1 999.0  10.1 99.0 99.00 
2024 05 13 13 00 309  4.6  5.9 99.00 99.00 99.00 999 1013.9   9.9 999.0   9.9 99.0 99.00 
2024 05 13 13 10 307  4.4  6.3  1.50 16.00  5.63 246 1013.9   9.9 999.0   9.9 99.0 99.00 
2024 05 13 13 20 310  3.4  5.4 99.00 99.00 99.00 999 1014.0   9.8 999.0   9.8 99.0 99.00 
2024 05 13 13 30 313  3.5  4.7 99.00 99.00 99.00 999 1014.0   9.8 999.0   9.8 99.0 99.00 
2024 05 13 13 40 301  4.2  5.7  1.36 16.00  5.41 220 1014.1   9.7 999.0   9.7 99.0 99.00 
2024 05 13 13 50 303  4.6  6.0 99.00 99.00 99.00 999 1014.2   9.7 999.0   9.7 99.0 99.00 
2024 05 13 14 00 310  4.3  6.0 99.00 99.00 99.00 999 1014.3   9.7 999.0   9.7 99.0 99.00 
2024 05 13 14 10 314  4.6  6.1  1.40 16.00  5.72 216 1014.5   9.5 999.0   9.5 99.0 99.00 
2024 05 13 14 20 316  3.4  4.5 99.00 99.00 99.00 999 1014.4   9.5 999.0   9.5 99.0 99.00 
2024 05 13 14 30 318  2.7  4.0 99.00 99.00 99.00 999 1014.6   9.5 999.0   9.5 99.0 99.00 
2024 05 13 14 40 318  3.0  4.0  1.38 16.00  5.68 219 1014.7   9.5 999.0   9.5 99.0 99.00 
2024 05 13 14 50 318  2.9  3.7 99.00 99.00 99.00 999 1014.7   9.5 999.0   9.5 99.0 99.00 
2024 05 13 15 00 312  2.8  4.2 99.00 99.00 99.00 999 1014.7   9.5 999.0   9.5 99.0 99.00 
2024 05 13 15 10 311  2.1  3.2  1.40 16.00  5.88 209 1014.7   9.6 999.0   9.6 99.0 99.00 
2024 05 13 15 20 311  1.4  2.4 99.00 99.00 99.00 999 1014.8   9.6 999.0   9.6 99.0 99.00 
2024 05 13 15 30 299  1.7  2.5 99.00 99.00 99.00 999 1014.8   9.6 999.0   9.6 99.0 99.00 
2024 05 13 15 40 299  1.9  2.7  1.41 16.00  6.06 220 1014.8   9.7 999.0   9.7 99.0 99.00 
2024 05 13 15 50 290  1.4  2.1 99.00 99.00 99.00 999 1014.7   9.7 999.0   9.7 99.0 99.00 
2024 05 13 16 00 277  1.2  2.0 99.00 99.00 99.00 999 1014.8   9.8 999.0   9.8 99.0 99.00 
2024 05 13 16 10 273  0.7  1.4  1.26  7.69  5.51 308 1014.9   9.9 999.0   9.9 99.0 99.00 
2024 05 13 16 20 251  0.7  1.4 99.00 99.00 99.00 999 1014.9   9.9 999.0   9.9 99.0 99.00 
2024 05 13 16 30 246  1.1  1.8 99.00 99.00 99.00 999 1014.7   9.9 999.0   9.9 99.0 99.00 
2024 05 13 16 40 252  1.2  2.1  1.39 16.00  5.95 206 1014.7  10.0 999.0  10.0 99.0 99.00 
2024 05 13 16 50 243  0.8  1.7 99.00 99.00 99.00 999 1014.8  10.1 999.0  10.1 99.0 99.00 
2024 05 13 17 00 264  1.1  1.8 99.00 99.00 99.00 999 1014.8  10.1 999.0  10.1 99.0 99.00 
2024 05 13 17 10 244  0.4  1.2  1.39 16.00  6.27 210 1014.7  10.2 999.0  10.2 99.0 99.00 
2024 05 13 17 20 237  0.6  1.5 99.00 99.00 99.00 999 1014.7  10.3 999.0  10.3 99.0 99.00 
2024 05 13 17 30 189  0.3  1.1 99.00 99.00 99.00 999 1014.7  10.3 999.0  10.3 99.0 99.00 
2024 05 13 17 40 175  0.8  2.1  1.35 16.00  6.00 217 1014.7  10.3 999.0  10.3 99.0 99.00 
2024 05 13 17 50 230  1.7  3.0 99.00 99.00 99.00 999 1014.8  10.3 999.0  10.3 99.0 99.00 
2024 05 13 18 00 248  2.6  3.8 99.00 99.00 99.00 999 1014.8  10.2 999.0  10.2 99.0 99.00 
2024 05 13 18 10 244  2.0  3.3  1.36 16.00  6.39 205 1014.8  10.2 999.0  10.2 99.0 99.00 
2024 05 13 18 20 250  2.2  3.2 99.00 99.00 99.00 999 1014.9  10.2 999.0  10.2 99.0 99.00 
2024 05 13 18 30 269  1.9  2.8 99.00 99.00 99.00 999 1015.0  10.3 999.0  10.3 99.0 99.00 
2024 05 13 18 40 303  3.1  4.2  1.33 16.00  6.45 213 1015.0  10.2 999.0  10.2 99.0 99.00 
2024 05 13 18 50 293  4.0  5.0 99.00 99.00 99.00 999 1015.0   9.9 999.0   9.8 99.0 99.00 
2024 05 13 19 00 283  4.3  5.3 99.00 99.00 99.00 999 1015.0   9.9 999.0   9.8 99.0 99.00 
2024 05 13 19 10 273  4.0  4.9  1.36 16.00  6.83 208 1015.0   9.9 999.0   9.8 99.0 99.00 
2024 05 13 19 20 276  2.8  4.1 99.00 99.00 99.00 999 1015.0  10.0 999.0   9.8 99.0 99.00 
2024 05 13 19 30 273  1.9  2.8 99.00 99.00 99.00 999 1014.9  10.1 999.0   9.7 99.0 99.00 
2024 05 13 19 40 281  1.9  2.8  1.30  8.33  6.43 313 1014.8  10.2 999.0   9.8 99.0 99.00 
2024 05 13 19 50 297  1.5  2.7 99.00 99.00 99.00 999 1014.7  10.4 999.0   9.9 99.0 99.00 
2024 05 13 20 00 290  1.3  2.0 99.00 99.00 99.00 999 1014.6  10.5 999.0  10.0 99.0 99.00 
2024 05 13 20 10 272  1.7  2.4  1.34 16.00  6.52 207 1014.5  10.5 999.0  10.0 99.0 99.00 
2024 05 13 20 20 281  2.1  2.8 99.00 99.00 99.00 999 1014.5  10.5 999.0  10.1 99.0 99.00 
2024 05 13 20 30 284  1.7  2.4 99.00 99.00 99.00 999 1014.4  10.6 999.0  10.2 99.0 99.00 
2024 05 13 20 40 299  1.9  3.0  1.36  8.33  6.47 310 1014.4  10.6 999.0  10.1 99.0 99.00 
2024 05 13 20 50 295  2.9  4.3 99.00 99.00 99.00 999 1014.4  10.5 999.0  10.1 99.0 99.00 
2024 05 13 21 00 301  3.0  4.3 99.00 99.00 99.00 999 1014.4  10.3 999.0   9.9 99.0 99.00 
2024 05 13 21 10 318  2.5  3.7  1.36 16.00  6.73 224 1014.4  10.4 999.0   9.9 99.0 99.00 
2024 05 13 21 20 304  2.8  4.2 99.00 99.00 99.00 999 1014.4  10.4 999.0   9.9 99.0 99.00 
2024 05 13 21 30 295  2.1  4.2 99.00 99.00 99.00 999 1014.3  10.4 999.0   9.9 99.0 99.00 
2024 05 13 21 40 302  1.5  2.5  1.45 16.00  7.17 203 1014.3  10.5 999.0  10.0 99.0 99.00 
2024 05 13 21 50 317  2.3  4.0 99.00 99.00 99.00 999 1014.2  10.6 999.0  10.0 99.0 99.00 
2024 05 13 22 00 323  2.1  3.4 99.00 99.00 99.00 999 1014.2  10.7 999.0  10.2 99.0 99.00 
2024 05 13 22 10 337  2.5  3.9  1.43 16.00  6.84 256 1014.2  10.7 999.0  10.1 99.0 99.00 
2024 05 13 22 20 339  2.5  4.0 99.00 99.00 99.00 999 1014.2  10.8 999.0  10.2 99.0 99.00 
2024 05 13 22 30 325  3.2  4.4 99.00 99.00 99.00 999 1014.1  10.8 999.0  10.3 99.0 99.00 
2024 05 13 22 40 313  3.7  4.8  1.46 16.00  7.03 214 1014.0  10.9 999.0  10.5 99.0 99.00 
2024 05 13 22 50 316  3.5  4.7 99.00 99.00 99.00 999 1014.0  10.8 999.0  10.4 99.0 99.00 
2024 05 13 23 00 312  3.6  5.0 99.00 99.00 99.00 999 1013.9  10.8 999.0  10.4 99.0 99.00 
2024 05 13 23 10 317  3.9  5.1  1.32 16.00  6.83 262 1013.8  10.8 999.0  10.4 99.0 99.00 
2024 05 13 23 20 319  3.9  5.0 99.00 99.00 99.00 999 1013.6  10.8 999.0  10.4 99.0 99.00 
2024 05 13 23 30 311  4.3  5.4 99.00 99.00 99.00 999 1013.6  10.8 999.0  10.3 99.0 99.00 
2024 05 13 23 40 308  4.0  5.8  1.47  8.33  6.98 320 1013.5  10.7 999.0  10.2 99.0 99.00 
2024 05 13 23 50 314  3.4  4.6 99.00 99.00 99.00 999 1013.5  10.7 999.0  10.3 99.0 99.00 
2024 05 14 00 00 321  3.4  4.5 99.00 99.00 99.00 999 1013.5  10.7 999.0  10.3 99.0 99.00 
2024 05 14 00 10 315  3.4  4.5  1.60  9.09  7.25 316 1013.3  10.8 999.0  10.5 99.0 99.00 
2024 05 14 00 20 296  3.7  5.1 99.00 99.00 99.00 999 1013.3  10.8 999.0  10.6 99.0 99.00 
2024 05 14 00 30 301  3.6  5.3 99.00 99.00 99.00 999 1013.3  10.7 999.0  10.5 99.0 99.00 
2024 05 14 00 40 310  3.9  5.7  1.69  8.33  7.26 318 1013.2  10.6 999.0  10.4 99.0 99.00 
2024 05 14 00 50 305  3.8  5.0 99.00 99.00 99.00 999 1013.2  10.6 999.0  10.5 99.0 99.00 
2024 05 14 01 00 305  4.4  5.7 99.00 99.00 99.00 999 1013.1  10.5 999.0  10.4 99.0 99.00 
2024 05 14 01 10 307  4.7  6.4  1.74  9.09  7.48 320 1013.1  10.4 999.0  10.3 99.0 99.00 
2024 05 14 01 20 307  4.5  6.0 99.00 99.00 99.00 999 1013.1  10.3 999.0  10.2 99.0 99.00 
2024 05 14 01 30 313  4.4  5.9 99.00 99.00 99.00 999 1013.1  10.3 999.0  10.2 99.0 99.00 
2024 05 14 01 40 313  4.7  6.5  1.60  7.69  7.09 317 1013.1  10.2 999.0  10.1 99.0 99.00 
2024 05 14 01 50 320  4.7  6.2 99.00 99.00 99.00 999 1013.2  10.3 999.0  10.2 99.0 99.00 
2024 05 14 02 00 313  4.2  6.0 99.00 99.00 99.00 999 1013.3  10.3 999.0  10.2 99.0 99.00 
2024 05 14 02 10 313  3.9  5.4  1.70  8.33  7.03 321 1013.3  10.4 999.0  10.4 99.0 99.00 
2024 05 14 02 20 316  3.8  5.1 99.00 99.00 99.00 999 1013.4  10.4 999.0  10.4 99.0 99.00 
2024 05 14 02 30 311  4.1  5.5 99.00 99.00 99.00 999 1013.4  10.4 999.0  10.4 99.0 99.00 
2024 05 14 02 40 309  4.8  6.0  1.59  9.09  6.65 311 1013.4  10.2 999.0  10.2 99.0 99.00 
2024 05 14 02 50 321  4.5  6.2 99.00 99.00 99.00 999 1013.6  10.2 999.0  10.2 99.0 99.00 
2024 05 14 03 00 320  3.7  5.1 99.00 99.00 99.00 999 1013.5  10.3 999.0  10.3 99.0 99.00 
2024 05 14 03 10 313  4.1  6.0  1.51  8.33  6.47 328 1013.6  10.3 999.0  10.3 99.0 99.00 
2024 05 14 03 20 315  4.8  6.0 99.00 99.00 99.00 999 1013.6  10.3 999.0  10.3 99.0 99.00 
2024 05 14 03 30 315  4.9  6.6 99.00 99.00 99.00 999 1013.6  10.1 999.0  10.1 99.0 99.00 
2024 05 14 03 40 318  5.3  7.1  1.53  8.33  6.64 319 1013.8  10.0 999.0  10.0 99.0 99.00 
2024 05 14 03 50 324  4.5  5.6 99.00 99.00 99.00 999 1013.8  10.0 999.0  10.0 99.0 99.00 
2024 05 14 04 00 336  4.1  5.7 99.00 99.00 99.00 999 1013.8  10.0 999.0  10.0 99.0 99.00 
2024 05 14 04 10 336  3.5  5.0  1.60 13.79  6.61 274 1013.8  10.0 999.0  10.0 99.0 99.00 
2024 05 14 04 20 333  3.0  4.0 99.00 99.00 99.00 999 1013.9  10.1 999.0  10.1 99.0 99.00 
2024 05 14 04 30 328  2.8  3.8 99.00 99.00 99.00 999 1014.0  10.2 999.0  10.2 99.0 99.00 
2024 05 14 04 40 324  3.1  4.5  1.54  8.33  6.50 308 1013.9  10.2 999.0  10.2 99.0 99.00 
2024 05 14 04 50 322  3.5  5.0 99.00 99.00 99.00 999 1014.1  10.2 999.0  10.2 99.0 99.00 
2024 05 14 05 00 316  3.9  5.5 99.00 99.00 99.00 999 1014.1  10.3 999.0  10.3 99.0 99.00 
2024 05 14 05 10 318  3.3  4.5  1.56 12.90  6.82 303 1013.9  10.3 999.0  10.3 99.0 99.00 
2024 05 14 05 20 325  2.6  3.7 99.00 99.00 99.00 999 1014.0  10.3 999.0  10.3 99.0 99.00 
2024 05 14 05 30 323  2.9  4.2 99.00 99.00 99.00 999 1013.9  10.3 999.0  10.3 99.0 99.00 
2024 05 14 05 40 328  2.3  3.8  1.51  8.33  6.66 319 1013.8  10.3 999.0  10.3 99.0 99.00 
2024 05 14 05 50 335  1.8  3.2 99.00 99.00 99.00 999 1013.8  10.3 999.0  10.3 99.0 99.00 
2024 05 14 06 00 330  1.9  3.6 99.00 99.00 99.00 999 1013.8  10.4 999.0  10.4 99.0 99.00 
2024 05 14 06 10 331  1.5  3.0  1.60 16.00  6.90 212 1013.8  10.4 999.0  10.4 99.0 99.00 
2024 05 14 06 20 343  0.7  1.5 99.00 99.00 99.00 999 1013.7  10.5 999.0  10.5 99.0 99.00 
2024 05 14 06 30 325  0.4  1.4 99.00 99.00 99.00 999 1013.5  10.5 999.0  10.5 99.0 99.00 
2024 05 14 06 40 281  0.5  1.8  1.72  9.09  7.10 310 1013.5  10.6 999.0  10.6 99.0 99.00 
2024 05 14 06 50 298  0.7  2.0 99.00 99.00 99.00 999 1013.4  10.6 999.0  10.6 99.0 99.00 
2024 05 14 07 00  40  0.1  0.6 99.00 99.00 99.00 999 1013.3  10.6 999.0  10.6 99.0 99.00 
2024 05 14 07 10  76  0.3  1.1  1.74  8.33  7.01 309 1013.3  10.6 999.0  10.6 99.0 99.00 
2024 05 14 07 20 131  0.6  1.8 99.00 99.00 99.00 999 1013.3  10.6 999.0  10.6 99.0 99.00 
2024 05 14 07 30 278  0.4  1.5 99.00 99.00 99.00 999 1013.2  10.7 999.0  10.7 99.0 99.00 
2024 05 14 07 40 228  0.3  1.7  1.83 16.00  7.54 248 1013.1  10.6 999.0  10.6 99.0 99.00 
2024 05 14 07 50 232  0.5  1.8 99.00 99.00 99.00 999 1013.0  10.6 999.0  10.6 99.0 99.00 
2024 05 14 08 00 191  0.3  1.5 99.00 99.00 99.00 999 1012.8  10.6 999.0  10.6 99.0 99.00 
2024 05 14 08 10 230  0.6  1.9  1.61  8.33  6.86 314 1012.7  10.6 999.0  10.6 99.0 99.00 
2024 05 14 08 20 197  0.8  1.9 99.00 99.00 99.00 999 1012.7  10.5 999.0  10.5 99.0 99.00 
2024 05 14 08 30 107  1.2  3.0 99.00 99.00 99.00 999 1012.7  10.5 999.0  10.5 99.0 99.00 
2024 05 14 08 40 121  1.0  2.5  1.70 16.00  7.01 231 1012.6  10.5 999.0  10.5 99.0 99.00 
2024 05 14 08 50 147  1.1  2.8 99.00 99.00 99.00 999 1012.5  10.4 999.0  10.4 99.0 99.00 
2024 05 14 09 00 129  1.5  3.0 99.00 99.00 99.00 999 1012.6  10.4 999.0  10.4 99.0 99.00 
2024 05 14 09 10 116  1.7  3.5  1.64 16.00  7.16 246 1012.6  10.4 999.0  10.4 99.0 99.00 
2024 05 14 09 20 112  1.7  3.5 99.00 99.00 99.00 999 1012.5  10.3 999.0  10.3 99.0 99.00 
2024 05 14 09 30 111  1.5  3.2 99.00 99.00 99.00 999 1012.6  10.2 999.0  10.2 99.0 99.00 
2024 05 14 09 40 111  1.4  2.9  1.91  9.09  7.43 308 1012.5  10.2 999.0  10.2 99.0 99.00 
2024 05 14 09 50 108  0.3  1.8 99.00 99.00 99.00 999 1012.5  10.3 999.0  10.3 99.0 99.00 
2024 05 14 10 00 146  0.6  2.0 99.00 99.00 99.00 999 1012.5  10.3 999.0  10.3 99.0 99.00 
2024 05 14 10 10 180  0.2  1.4  1.74  9.09  7.32 320 1012.4  10.3 999.0  10.3 99.0 99.00 
2024 05 14 10 20 137  0.3  1.3 99.00 99.00 99.00 999 1012.4  10.3 999.0  10.3 99.0 99.00 
2024 05 14 10 30 215  0.1  0.7 99.00 99.00 99.00 999 1012.4  10.3 999.0  10.3 99.0 99.00 
2024 05 14 10 40 306  0.2  1.2  1.90  8.33  7.48 308 1012.5  10.3 999.0  10.3 99.0 99.00 
2024 05 14 10 50  52  0.4  1.2 99.00 99.00 99.00 999 1012.5  10.3 999.0  10.3 99.0 99.00 
2024 05 14 11 00  40  0.6  1.5 99.00 99.00 99.00 999 1012.6  10.3 999.0  10.3 99.0 99.00 
2024 05 14 11 10  45  0.3  1.2  1.98  9.09  7.73 312 1012.7  10.3 999.0  10.3 99.0 99.00 
2024 05 14 11 20  16  0.9  2.0 99.00 99.00 99.00 999 1012.7  10.3 999.0  10.3 99.0 99.00 
2024 05 14 11 30 359  0.8  2.3 99.00 99.00 99.00 999 1012.7  10.2 999.0  10.2 99.0 99.00 
2024 05 14 11 40 357  0.4  1.5  2.07  8.33  7.67 316 1012.8  10.2 999.0  10.2 99.0 99.00 
2024 05 14 11 50   8  0.8  1.9 99.00 99.00 99.00 999 1012.8  10.1 999.0  10.1 99.0 99.00 
2024 05 14 12 00  76  0.7  1.8 99.00 99.00 99.00 999 1012.8  10.1 999.0  10.1 99.0 99.00 
2024 05 14 12 10  50  0.7  1.8  1.93 16.00  7.48 255 1012.8  10.1 999.0  10.1 99.0 99.00 
2024 05 14 12 20  36  0.3  1.3 99.00 99.00 99.00 999 1012.7  10.1 999.0  10.1 99.0 99.00 
2024 05 14 12 30  76  0.1  1.3 99.00 99.00 99.00 999 1012.7  10.2 999.0  10.1 99.0 99.00 
2024 05 14 12 40 103  0.2  1.4  1.99  9.09  7.82 315 1012.7  10.3 999.0  10.2 99.0 99.00 
2024 05 14 12 50  38  0.0  0.6 99.00 99.00 99.00 999 1012.7  10.4 999.0  10.3 99.0 99.00 
2024 05 14 13 00 304  1.0  3.6 99.00 99.00 99.00 999 1012.7  10.0 999.0   9.9 99.0 99.00 
2024 05 14 13 10 307  2.6  3.5  1.89 14.81  7.65 260 1012.8   9.7 999.0   9.7 99.0 99.00 
2024 05 14 13 20 307  2.6  3.9 99.00 99.00 99.00 999 1012.9   9.6 999.0   9.6 99.0 99.00 
2024 05 14 13 30 324  1.7  3.2 99.00 99.00 99.00 999 1012.9   9.7 999.0   9.7 99.0 99.00 
2024 05 14 13 40  24  0.4  1.4  2.01  8.33  7.61 321 1013.0   9.9 999.0   9.9 99.0 99.00 
2024 05 14 13 50 336  1.1  2.6 99.00 99.00 99.00 999 1013.0   9.9 999.0   9.9 99.0 99.00 
2024 05 14 14 00 322  1.5  2.8 99.00 99.00 99.00 999 1013.1   9.8 999.0   9.8 99.0 99.00 
2024 05 14 14 10 315  2.0  3.3  1.90  9.09  7.29 313 1013.1   9.8 999.0   9.8 99.0 99.00 
2024 05 14 14 20 312  2.1  3.3 99.00 99.00 99.00 999 1013.3   9.7 999.0   9.7 99.0 99.00 
2024 05 14 14 30 306  2.2  3.4 99.00 99.00 99.00 999 1013.4   9.7 999.0   9.7 99.0 99.00 
2024 05 14 14 40 311  2.4  3.8  2.13 10.00  7.55 313 1013.4   9.6 999.0   9.6 99.0 99.00 
2024 05 14 14 50 311  2.4  3.7 99.00 99.00 99.00 999 1013.4   9.5 999.0   9.5 99.0 99.00 
2024 05 14 15 00 308  2.6  4.0 99.00 99.00 99.00 999 1013.5   9.5 999.0   9.5 99.0 99.00 
2024 05 14 15 10 314  2.5  3.9  2.11 10.81  7.77 303 1013.5   9.5 999.0   9.5 99.0 99.00 
2024 05 14 15 20 311  2.0  3.4 99.00 99.00 99.00 999 1013.6   9.6 999.0   9.6 99.0 99.00 
2024 05 14 15 30 307  1.8  3.1 99.00 99.00 99.00 999 1013.6   9.6 999.0   9.6 99.0 99.00 
2024 05 14 15 40 296  1.7  2.7  1.98 14.81  7.71 270 1013.5   9.6 999.0   9.6 99.0 99.00 
2024 05 14 15 50 304  1.6  2.6 99.00 99.00 99.00 999 1013.6   9.7 999.0   9.7 99.0 99.00 
2024 05 14 16 00 314  1.8  2.9 99.00 99.00 99.00 999 1013.7   9.7 999.0   9.7 99.0 99.00 
2024 05 14 16 10 320  2.1  3.4  2.09 14.81  7.73 268 1013.8   9.7 999.0   9.7 99.0 99.00 
2024 05 14 16 20 325  2.2  3.4 99.00 99.00 99.00 999 1013.8   9.7 999.0   9.7 99.0 99.00 
2024 05 14 16 30 324  2.3  3.4 99.00 99.00 99.00 999 1013.8   9.7 999.0   9.7 99.0 99.00 
2024 05 14 16 40 319  2.3  3.4  2.22 14.81  7.86 294 1013.8   9.7 999.0   9.7 99.0 99.00 
2024 05 14 16 50 321  2.2  3.4 99.00 99.00 99.00 999 1013.9   9.7 999.0   9.7 99.0 99.00 
2024 05 14 17 00 317  2.0  3.2 99.00 99.00 99.00 999 1014.0   9.8 999.0   9.8 99.0 99.00 
2024 05 14 17 10 311  1.9  3.5  2.32 14.81  8.02 294 1013.9   9.9 999.0   9.9 99.0 99.00 
2024 05 14 17 20 308  1.5  3.2 99.00 99.00 99.00 999 1013.8  10.0 999.0  10.0 99.0 99.00 
2024 05 14 17 30 312  1.4  2.5 99.00 99.00 99.00 999 1013.9  10.0 999.0  10.0 99.0 99.00 
2024 05 14 17 40 318  1.2  2.5  2.11  8.33  7.53 320 1013.9  10.1 999.0  10.1 99.0 99.00 
2024 05 14 17 50 319  1.1  2.2 99.00 99.00 99.00 999 1013.9  10.2 999.0  10.2 99.0 99.00 
2024 05 14 18 00 326  0.9  2.3 99.00 99.00 99.00 999 1013.9  10.3 999.0  10.2 99.0 99.00 
2024 05 14 18 10 320  0.9  2.7  2.15 12.12  7.74 307 1014.0  10.5 999.0  10.4 99.0 99.00 
2024 05 14 18 20 303  0.9  1.8 99.00 99.00 99.00 999 1014.0  10.6 999.0  10.5 99.0 99.00 
2024 05 14 18 30 268  1.1  2.1 99.00 99.00 99.00 999 1014.0  10.6 999.0  10.4 99.0 99.00 
2024 05 14 18 40 280  1.5  2.7  2.14 14.81  7.94 288 1014.1  10.6 999.0  10.4 99.0 99.00 
2024 05 14 18 50 290  1.3  2.3 99.00 99.00 99.00 999 1014.0  10.7 999.0  10.5 99.0 99.00 
2024 05 14 19 00 271  2.8  4.3 99.00 99.00 99.00 999 1014.0  10.5 999.0  10.3 99.0 99.00 
2024 05 14 19 10 278  2.1  3.3  2.10  8.33  7.54 322 1013.9  10.4 999.0  10.2 99.0 99.00 
2024 05 14 19 20 273  1.8  2.9 99.00 99.00 99.00 999 1014.0  10.5 999.0  10.3 99.0 99.00 
2024 05 14 19 30 269  1.7  3.0 99.00 99.00 99.00 999 1013.9  10.5 999.0  10.3 99.0 99.00 
2024 05 14 19 40 264  2.0  3.0  2.17 13.79  7.60 300 1013.8  10.4 999.0  10.2 99.0 99.00 
2024 05 14 19 50 251  1.9  2.9 99.00 99.00 99.00 999 1013.7  10.4 999.0  10.2 99.0 99.00 
2024 05 14 20 00 240  1.6  2.6 99.00 99.00 99.00 999 1013.7  10.5 999.0  10.3 99.0 99.00 
2024 05 14 20 10 257  1.0  2.1  2.13 14.81  7.66 273 1013.6  10.6 999.0  10.3 99.0 99.00 
2024 05 14 20 20 277  1.1  2.1 99.00 99.00 99.00 999 1013.5  10.7 999.0  10.3 99.0 99.00 
2024 05 14 20 30 285  0.5  1.7 99.00 99.00 99.00 999 1013.5  10.9 999.0  10.4 99.0 99.00 
2024 05 14 20 40 268  0.7  2.0  2.12 10.00  7.95 300 1013.3  11.1 999.0  10.6 99.0 99.00 
2024 05 14 20 50 260  1.0  2.2 99.00 99.00 99.00 999 1013.2  10.9 999.0  10.4 99.0 99.00 
2024 05 14 21 00 242  0.7  2.2 99.00 99.00 99.00 999 1013.1  10.9 999.0  10.4 99.0 99.00 
2024 05 14 21 10 269  0.3  1.2  2.07 11.43  7.91 304 1013.1  11.2 999.0  10.5 99.0 99.00 
2024 05 14 21 20 321  0.7  2.2 99.00 99.00 99.00 999 1013.1  11.2 999.0  10.4 99.0 99.00 
2024 05 14 21 30 308  0.5  1.8 99.00 99.00 99.00 999 1013.0  11.3 999.0  10.5 99.0 99.00 
2024 05 14 21 40 256  0.5  1.9  2.00 14.81  8.05 285 1012.9  11.3 999.0  10.4 99.0 99.00 
2024 05 14 21 50 285  0.5  1.7 99.00 99.00 99.00 999 1012.8  11.4 999.0  10.4 99.0 99.00 
2024 05 14 22 00 262  0.8  1.8 99.00 99.00 99.00 999 1012.8  11.3 999.0  10.3 99.0 99.00 
2024 05 14 22 10 306  0.3  2.0  1.85 14.81  7.82 276 1012.7  11.5 999.0  10.5 99.0 99.00 
2024 05 14 22 20 288  0.9  2.3 99.00 99.00 99.00 999 1012.6  11.6 999.0  10.5 99.0 99.00 
2024 05 14 22 30 278  1.0  2.3 99.00 99.00 99.00 999 1012.5  11.6 999.0  10.5 99.0 99.00 
2024 05 14 22 40 293  1.0  2.0  1.70 14.81  7.70 277 1012.4  11.7 999.0  10.6 99.0 99.00 
2024 05 14 22 50 275  2.1  3.2 99.00 99.00 99.00 999 1012.4  11.4 999.0  10.4 99.0 99.00 
2024 05 14 23 00 266  1.8  3.4 99.00 99.00 99.00 999 1012.3  11.2 999.0  10.3 99.0 99.00 
2024 05 14 23 10 250  0.5  2.3  1.85 10.00  7.89 304 1012.1  11.3 999.0  10.4 99.0 99.00 
2024 05 14 23 20 261  1.7  3.5 99.00 99.00 99.00 999 1012.0  11.2 999.0  10.3 99.0 99.00 
2024 05 14 23 30 254  1.3  2.3 99.00 99.00 99.00 999 1011.9  11.1 999.0  10.3 99.0 99.00 
2024 05 14 23 40 269  1.4  2.6  1.67 12.90  7.75 299 1011.8  11.0 999.0  10.2 99.0 99.00 
2024 05 14 23 50 267  1.8  3.4 99.00 99.00 99.00 999 1011.9  10.9 999.0  10.2 99.0 99.00 
2024 05 15 00 00 291  2.4  4.1 99.00 99.00 99.00 999 1011.9  10.8 999.0  10.1 99.0 99.00 
2024 05 15 00 10 285  2.5  4.2  1.68 14.81  8.01 277 1011.8  10.7 999.0  10.0 99.0 99.00 
2024 05 15 00 20 297  3.2  4.9 99.00 99.00 99.00 999 1011.8  10.6 999.0  10.1 99.0 99.00 
2024 05 15 00 30 308  3.0  4.9 99.00 99.00 99.00 999 1011.8  10.6 999.0  10.1 99.0 99.00 
2024 05 15 00 40 313  3.6  5.4  1.71 13.79  7.92 306 1011.8  10.5 999.0  10.0 99.0 99.00 
2024 05 15 00 50 319  3.4  5.0 99.00 99.00 99.00 999 1011.7  10.6 999.0  10.2 99.0 99.00 
2024 05 15 01 00 316  3.8  5.6 99.00 99.00 99.00 999 1011.7  10.5 999.0  10.1 99.0 99.00 
2024 05 15 01 10 323  3.9  5.5  1.95 13.79  8.54 291 1011.7  10.3 999.0   9.9 99.0 99.00 
2024 05 15 01 20 322  3.2  4.8 99.00 99.00 99.00 999 1011.7  10.4 999.0  10.1 99.0 99.00 
2024 05 15 01 30 323  2.8  4.4 99.00 99.00 99.00 999 1011.5  10.3 999.0  10.0 99.0 99.00 
2024 05 15 01 40 305  2.0  3.5  1.83 13.79  7.95 300 1011.5  10.3 999.0  10.1 99.0 99.00 
2024 05 15 01 50 327  2.4  3.8 99.00 99.00 99.00 999 1011.5  10.3 999.0  10.1 99.0 99.00 
2024 05 15 02 00 320  2.5  4.5 99.00 99.00 99.00 999 1011.7  10.2 999.0  10.0 99.0 99.00 
2024 05 15 02 10 330  1.9  4.3  1.88 12.90  8.08 308 1011.7  10.2 999.0  10.0 99.0 99.00 
2024 05 15 02 20 318  2.0  3.1 99.00 99.00 99.00 999 1011.7  10.3 999.0  10.1 99.0 99.00 
2024 05 15 02 30 317  2.0  3.8 99.00 99.00 99.00 999 1011.7  10.4 999.0  10.2 99.0 99.00 
2024 05 15 02 40 305  2.0  4.0  1.91 13.79  8.20 300 1011.7  10.4 999.0  10.2 99.0 99.00 
2024 05 15 02 50 313  2.4  4.0 99.00 99.00 99.00 999 1011.7  10.4 999.0  10.3 99.0 99.00 
2024 05 15 03 00 309  2.3  4.4 99.00 99.00 99.00 999 1011.7  10.4 999.0  10.3 99.0 99.00 
2024 05 15 03 10 286  2.1  4.0  1.84 13.79  8.09 289 1011.8  10.3 999.0  10.2 99.0 99.00 
2024 05 15 03 20 316  1.6  4.2 99.00 99.00 99.00 999 1011.8  10.4 999.0  10.3 99.0 99.00 
2024 05 15 03 30 295  2.5  4.2 99.00 99.00 99.00 999 1011.8  10.4 999.0  10.3 99.0 99.00 
2024 05 15 03 40 296  1.5  3.4  1.75 13.79  8.13 302 1011.7  10.3 999.0  10.2 99.0 99.00 
2024 05 15 03 50 305  2.0  3.6 99.00 99.00 99.00 999 1011.9  10.2 999.0  10.1 99.0 99.00 
2024 05 15 04 00 317  2.4  4.5 99.00 99.00 99.00 999 1011.8  10.2 999.0  10.1 99.0 99.00 
2024 05 15 04 10 306  1.9  3.9  1.76 11.43  7.95 303 1011.9  10.2 999.0  10.1 99.0 99.00 
2024 05 15 04 20 306  1.6  3.4 99.00 99.00 99.00 999 1012.0  10.3 999.0  10.2 99.0 99.00 
2024 05 15 04 30 312  1.0  3.2 99.00 99.00 99.00 999 1012.3  10.3 999.0  10.2 99.0 99.00 
2024 05 15 04 40 340  1.0  2.2  1.77 12.90  8.11 300 1012.4  10.3 999.0  10.2 99.0 99.00 
2024 05 15 04 50 294  1.1  2.3 99.00 99.00 99.00 999 1012.4  10.3 999.0  10.2 99.0 99.00 
2024 05 15 05 00 275  1.9  2.9 99.00 99.00 99.00 999 1012.3  10.1 999.0  10.0 99.0 99.00 
2024 05 15 05 10 287  1.2  2.6  1.80 13.79  7.92 297 1012.4  10.0 999.0   9.9 99.0 99.00 
2024 05 15 05 20 272  0.4  1.4 99.00 99.00 99.00 999 1012.5  10.1 999.0  10.0 99.0 99.00 
2024 05 15 05 30 214  1.3  2.5 99.00 99.00 99.00 999 1012.4  10.0 999.0   9.9 99.0 99.00 
2024 05 15 05 40 200  1.7  2.7  1.92 13.79  8.33 296 1012.4  10.0 999.0   9.9 99.0 99.00 
2024 05 15 05 50 188  1.6  3.1 99.00 99.00 99.00 999 1012.3   9.8 999.0   9.7 99.0 99.00 
2024 05 15 06 00 151  0.9  2.2 99.00 99.00 99.00 999 1012.4   9.9 999.0   9.8 99.0 99.00 
2024 05 15 06 10 185  1.3  3.5  1.72 12.90  7.76 297 1012.4   9.8 999.0   9.7 99.0 99.00 
2024 05 15 06 20 171  0.9  2.7 99.00 99.00 99.00 999 1012.4   9.9 999.0   9.8 99.0 99.00 
2024 05 15 06 30 196  1.1  2.7 99.00 99.00 99.00 999 1012.4  10.0 999.0   9.9 99.0 99.00 
2024 05 15 06 40 204  1.7  3.4  1.89 13.79  7.98 301 1012.3   9.9 999.0   9.8 99.0 99.00 
2024 05 15 06 50 187  1.8  3.0 99.00 99.00 99.00 999 1012.3   9.8 999.0   9.7 99.0 99.00 
2024 05 15 07 00 176  1.8  3.2 99.00 99.00 99.00 999 1012.3   9.9 999.0   9.9 99.0 99.00 
2024 05 15 07 10 167  1.4  2.4  1.78 10.81  7.76 303 1012.3  10.0 999.0  10.0 99.0 99.00 
2024 05 15 07 20 185  1.6  3.0 99.00 99.00 99.00 999 1012.4  10.0 999.0  10.0 99.0 99.00 
2024 05 15 07 30 188  1.0  3.1 99.00 99.00 99.00 999 1012.3  10.1 999.0  10.1 99.0 99.00 
2024 05 15 07 40 185  2.3  3.4  1.80 13.79  7.93 294 1012.2   9.9 999.0   9.9 99.0 99.00 
2024 05 15 07 50 193  1.6  3.0 99.00 99.00 99.00 999 1012.2   9.8 999.0   9.8 99.0 99.00 
2024 05 15 08 00 162  1.4  3.4 99.00 99.00 99.00 999 1012.2   9.9 999.0   9.9 99.0 99.00 
2024 05 15 08 10 168  1.4  2.5  1.70 11.43  7.71 305 1012.1   9.9 999.0   9.9 99.0 99.00 
2024 05 15 08 20 170  1.8  3.3 99.00 99.00 99.00 999 1012.1   9.9 999.0   9.9 99.0 99.00 
2024 05 15 08 30 162  1.3  2.6 99.00 99.00 99.00 999 1012.0   9.8 999.0   9.8 99.0 99.00 
2024 05 15 08 40 170  1.8  3.0  1.79 12.90  7.94 295 1011.9   9.8 999.0   9.8 99.0 99.00 
2024 05 15 08 50 167  1.9  3.5 99.00 99.00 99.00 999 1011.9   9.8 999.0   9.8 99.0 99.00 
2024 05 15 09 00 147  2.1  3.7 99.00 99.00 99.00 999 1011.9   9.8 999.0   9.8 99.0 99.00 
2024 05 15 09 10 146  2.5  4.4  1.93 12.90  8.34 300 1011.8   9.8 999.0   9.8 99.0 99.00 
2024 05 15 09 20 157  2.4  4.3 99.00 99.00 99.00 999 1011.8   9.7 999.0   9.7 99.0 99.00 
2024 05 15 09 30 158  2.1  3.8 99.00 99.00 99.00 999 1011.7   9.7 999.0   9.7 99.0 99.00 
2024 05 15 09 40 157  2.2  4.3  1.78 10.81  7.79 303 1011.7   9.7 999.0   9.7 99.0 99.00 
2024 05 15 09 50 166  3.2  4.9 99.00 99.00 99.00 999 1011.6   9.7 999.0   9.7 99.0 99.00 
2024 05 15 10 00 170  3.0  5.0 99.00 99.00 99.00 999 1011.8   9.4 999.0   9.4 99.0 99.00 
2024 05 15 10 10 157  2.2  3.6  1.94 10.00  8.17 308 1011.8   9.6 999.0   9.6 99.0 99.00 
2024 05 15 10 20 163  2.6  4.6 99.00 99.00 99.00 999 1011.8   9.6 999.0   9.6 99.0 99.00 
2024 05 15 10 30 161  2.8  4.8 99.00 99.00 99.00 999 1011.8   9.7 999.0   9.7 99.0 99.00 
2024 05 15 10 40 144  2.9  4.5  2.06 10.81  8.39 317 1011.7   9.7 999.0   9.7 99.0 99.00 
2024 05 15 10 50 152  2.3  3.9 99.00 99.00 99.00 999 1011.8   9.8 999.0   9.8 99.0 99.00 
2024 05 15 11 00 159  3.0  4.9 99.00 99.00 99.00 999 1011.7   9.9 999.0   9.9 99.0 99.00 
2024 05 15 11 10 160  3.0  4.6  2.01 12.12  8.65 310 1011.6   9.8 999.0   9.8 99.0 99.00 
2024 05 15 11 20 170  3.5  5.1 99.00 99.00 99.00 999 1011.6   9.8 999.0   9.8 99.0 99.00 
2024 05 15 11 30 173  3.6  5.1 99.00 99.00 99.00 999 1011.4   9.7 999.0   9.7 99.0 99.00 
2024 05 15 11 40 174  3.2  5.0  1.78 10.81  8.17 310 1011.5   9.8 999.0   9.8 99.0 99.00 
2024 05 15 11 50 168  3.1  4.4 99.00 99.00 99.00 999 1011.5   9.9 999.0   9.9 99.0 99.00 
2024 05 15 12 00 157  3.0  5.1 99.00 99.00 99.00 999 1011.6   9.9 999.0   9.9 99.0 99.00 
2024 05 15 12 10 154  2.6  4.0  1.88 11.43  8.38 301 1011.6   9.9 999.0   9.9 99.0 99.00 
2024 05 15 12 20 147  2.6  4.1 99.00 99.00 99.00 999 1011.6   9.9 999.0   9.9 99.0 99.00 
2024 05 15 12 30 134  2.4  3.6 99.00 99.00 99.00 999 1011.6   9.9 999.0   9.9 99.0 99.00 
2024 05 15 12 40 137  1.8  3.8  1.88 12.90  8.22 304 1011.6   9.9 999.0   9.9 99.0 99.00 
2024 05 15 12 50 132  2.1  3.2 99.00 99.00 99.00 999 1011.5   9.9 999.0   9.9 99.0 99.00 
2024 05 15 13 00 140  2.2  4.0 99.00 99.00 99.00 999 1011.4  10.1 999.0  10.1 99.0 99.00 
2024 05 15 13 10 139  2.6  3.9  1.80 10.81  8.14 305 1011.4  10.1 999.0  10.1 99.0 99.00 
2024 05 15 13 20 133  2.3  3.4 99.00 99.00 99.00 999 1011.6  10.2 999.0  10.2 99.0 99.00 
2024 05 15 13 30 139  2.9  4.3 99.00 99.00 99.00 999 1011.7  10.3 999.0  10.3 99.0 99.00 
2024 05 15 13 40 136  2.9  4.0  1.45 12.12  7.59 310 1011.9  10.3 999.0  10.3 99.0 99.00 
2024 05 15 13 50 139  2.7  4.6 99.00 99.00 99.00 999 1011.9  10.4 999.0  10.4 99.0 99.00 
2024 05 15 14 00 146  3.1  4.9 99.00 99.00 99.00 999 1012.0  10.4 999.0  10.4 99.0 99.00 
2024 05 15 14 10 139  2.6  4.0  1.62 11.43  7.99 318 1012.1  10.5 999.0  10.5 99.0 99.00 
2024 05 15 14 20 139  2.8  4.9 99.00 99.00 99.00 999 1012.2  10.5 999.0  10.5 99.0 99.00 
2024 05 15 14 30 134  3.0  4.6 99.00 99.00 99.00 999 1012.3  10.6 999.0  10.6 99.0 99.00 
2024 05 15 14 40 128  3.3  4.6  1.65 11.43  8.13 309 1012.5  10.6 999.0  10.6 99.0 99.00 
2024 05 15 14 50 127  3.3  5.0 99.00 99.00 99.00 999 1012.5  10.6 999.0  10.6 99.0 99.00 
2024 05 15 15 00 129  2.9  4.6 99.00 99.00 99.00 999 1012.5  10.6 999.0  10.6 99.0 99.00 
2024 05 15 15 10 133  3.0  4.2  1.62 12.12  8.17 307 1012.6  10.7 999.0  10.7 99.0 99.00 
2024 05 15 15 20 129  2.6  4.3 99.00 99.00 99.00 999 1012.6  10.7 999.0  10.7 99.0 99.00 
2024 05 15 15 30 142  2.9  4.3 99.00 99.00 99.00 999 1012.5  10.8 999.0  10.8 99.0 99.00 
2024 05 15 15 40 145  2.8  4.3  1.59 12.12  8.29 312 1012.6  10.8 999.0  10.8 99.0 99.00 
2024 05 15 15 50 152  3.2  4.8 99.00 99.00 99.00 999 1012.8  10.9 999.0  10.9 99.0 99.00 
2024 05 15 16 00 154  2.8  4.5 99.00 99.00 99.00 999 1012.8  10.9 999.0  10.9 99.0 99.00 
2024 05 15 16 10 151  3.4  4.5  1.53 10.81  8.04 307 1012.9  10.9 999.0  10.9 99.0 99.00 
2024 05 15 16 20 147  3.1  4.3 99.00 99.00 99.00 999 1013.0  10.9 999.0  10.9 99.0 99.00 
2024 05 15 16 30 147  3.5  4.9 99.00 99.00 99.00 999 1013.0  11.0 999.0  11.0 99.0 99.00 
2024 05 15 16 40 147  3.6  4.8  1.56 12.12  8.15 303 1013.0  11.0 999.0  11.0 99.0 99.00 
2024 05 15 16 50 143  3.4  5.0 99.00 99.00 99.00 999 1013.1  11.1 999.0  11.1 99.0 99.00 
2024 05 15 17 00 146  3.6  4.8 99.00 99.00 99.00 999 1013.1  11.1 999.0  11.1 99.0 99.00 
2024 05 15 17 10 145  3.3  5.4  1.48 10.00  7.96 311 1013.2  11.2 999.0  11.1 99.0 99.00 
2024 05 15 17 20 142  3.1  4.3 99.00 99.00 99.00 999 1013.2  11.2 999.0  11.1 99.0 99.00 
2024 05 15 17 30 142  3.1  4.5 99.00 99.00 99.00 999 1013.2  11.2 999.0  11.1 99.0 99.00 
2024 05 15 17 40 147  3.4  4.6  1.55 11.43  8.31 303 1013.3  11.3 999.0  11.2 99.0 99.00 
2024 05 15 17 50 147  3.3  4.9 99.00 99.00 99.00 999 1013.3  11.3 999.0  11.2 99.0 99.00 
2024 05 15 18 00 144  3.2  4.7 99.00 99.00 99.00 999 1013.4  11.4 999.0  11.3 99.0 99.00 
2024 05 15 18 10 144  3.0  4.8  1.58 10.81  8.34 306 1013.4  11.4 999.0  11.3 99.0 99.00 
2024 05 15 18 20 140  3.0  4.3 99.00 99.00 99.00 999 1013.4  11.4 999.0  11.3 99.0 99.00 
2024 05 15 18 30 144  2.8  4.2 99.00 99.00 99.00 999 1013.5  11.5 999.0  11.4 99.0 99.00 
2024 05 15 18 40 147  2.7  4.6  1.63 10.81  8.24 305 1013.6  11.6 999.0  11.4 99.0 99.00 
2024 05 15 18 50 146  3.1  4.2 99.00 99.00 99.00 999 1013.6  11.6 999.0  11.4 99.0 99.00 
2024 05 15 19 00 145  2.6  4.0 99.00 99.00 99.00 999 1013.6  11.7 999.0  11.5 99.0 99.00 
2024 05 15 19 10 145  2.4  3.3  1.57 10.81  8.11 310 1013.6  11.7 999.0  11.5 99.0 99.00 
2024 05 15 19 20 147  2.3  3.4 99.00 99.00 99.00 999 1013.6  11.8 999.0  11.6 99.0 99.00 
2024 05 15 19 30 148  2.2  3.4 99.00 99.00 99.00 999 1013.6  11.9 999.0  11.6 99.0 99.00 
2024 05 15 19 40 147  2.3  3.3  1.48 10.00  7.94 306 1013.5  11.9 999.0  11.5 99.0 99.00 
2024 05 15 19 50 148  2.7  4.3 99.00 99.00 99.00 999 1013.5  11.9 999.0  11.6 99.0 99.00 
2024 05 15 20 00 149  2.5  3.5 99.00 99.00 99.00 999 1013.4  11.9 999.0  11.7 99.0 99.00 
2024 05 15 20 10 150  2.3  3.6  1.53 12.12  7.90 298 1013.4  12.0 999.0  11.8 99.0 99.00 
2024 05 15 20 20 148  2.3  3.5 99.00 99.00 99.00 999 1013.4  12.0 999.0  11.8 99.0 99.00 
2024 05 15 20 30 155  2.4  3.5 99.00 99.00 99.00 999 1013.3  12.0 999.0  11.8 99.0 99.00 
2024 05 15 20 40 159  2.5  3.7  1.69 10.81  8.42 307 1013.3  12.0 999.0  11.8 99.0 99.00 
2024 05 15 20 50 157  2.5  3.8 99.00 99.00 99.00 999 1013.2  12.1 999.0  11.9 99.0 99.00 
2024 05 15 21 00 155  2.6  3.9 99.00 99.00 99.00 999 1013.2  12.0 999.0  11.8 99.0 99.00 
2024 05 15 21 10 157  2.8  4.5  1.71 10.81  8.30 314 1013.1  12.0 999.0  11.8 99.0 99.00 
2024 05 15 21 20 155  2.7  4.0 99.00 99.00 99.00 999 1013.1  12.1 999.0  11.9 99.0 99.00 
2024 05 15 21 30 154  2.7  4.0 99.00 99.00 99.00 999 1013.0  12.1 999.0  11.9 99.0 99.00 
2024 05 15 21 40 152  2.5  3.9  1.65 10.81  8.28 307 1012.8  12.2 999.0  12.0 99.0 99.00 
2024 05 15 21 50 152  2.4  3.3 99.00 99.00 99.00 999 1012.8  12.2 999.0  12.0 99.0 99.00 
2024 05 15 22 00 156  2.1  3.5 99.00 99.00 99.00 999 1012.9  12.2 999.0  12.0 99.0 99.00 
2024 05 15 22 10 161  2.0  3.3  1.65 10.81  8.40 310 1012.8  12.3 999.0  11.9 99.0 99.00 
2024 05 15 22 20 162  2.1  3.4 99.00 99.00 99.00 999 1012.7  12.3 999.0  11.9 99.0 99.00 
2024 05 15 22 30 161  2.0  3.3 99.00 99.00 99.00 999 1012.6  12.4 999.0  12.0 99.0 99.00 
2024 05 15 22 40 169  1.6  2.8  1.67 10.00  8.43 310 1012.6  12.4 999.0  12.0 99.0 99.00 
2024 05 15 22 50 161  1.2  2.4 99.00 99.00 99.00 999 1012.6  12.6 999.0  12.2 99.0 99.00 
2024 05 15 23 00 152  0.5  1.4 99.00 99.00 99.00 999 1012.5  12.8 999.0  12.3 99.0 99.00 
2024 05 15 23 10 159  0.9  1.8  1.60 10.81  8.22 319 1012.4  12.8 999.0  12.3 99.0 99.00 
2024 05 15 23 20 163  1.1  2.0 99.00 99.00 99.00 999 1012.5  12.8 999.0  12.3 99.0 99.00 
2024 05 15 23 30 155  1.2  2.1 99.00 99.00 99.00 999 1012.3  12.8 999.0  12.3 99.0 99.00 
2024 05 15 23 40 150  0.7  1.9  1.58 10.81  8.15 313 1012.3  12.8 999.0  12.3 99.0 99.00 
2024 05 15 23 50 154  0.9  2.0 99.00 99.00 99.00 999 1012.3  12.8 999.0  12.3 99.0 99.00 
2024 05 16 00 00 170  0.6  1.5 99.00 99.00 99.00 999 1012.2  12.9 999.0  12.4 99.0 99.00 
2024 05 16 00 10 181  0.4  1.2  1.61 10.81  8.17 305 1012.2  12.9 999.0  12.4 99.0 99.00 
2024 05 16 00 20 197  0.7  1.4 99.00 99.00 99.00 999 1012.2  12.9 999.0  12.3 99.0 99.00 
2024 05 16 00 30 224  0.9  1.7 99.00 99.00 99.00 999 1012.2  12.8 999.0  12.2 99.0 99.00 
2024 05 16 00 40 236  1.1  1.8  1.78 10.81  8.35 311 1012.1  12.7 999.0  12.2 99.0 99.00 
2024 05 16 00 50 255  0.9  1.6 99.00 99.00 99.00 999 1012.1  12.6 999.0  12.1 99.0 99.00 
2024 05 16 01 00 254  0.8  1.9 99.00 99.00 99.00 999 1012.1  12.7 999.0  12.2 99.0 99.00 
2024 05 16 01 10 261  0.9  1.7  1.66 10.00  8.08 321 1012.1  12.7 999.0  12.2 99.0 99.00 
2024 05 16 01 20 248  1.3  2.0 99.00 99.00 99.00 999 1012.1  12.6 999.0  12.1 99.0 99.00 
2024 05 16 01 30 256  1.5  3.2 99.00 99.00 99.00 999 1012.1  12.6 999.0  12.1 99.0 99.00 
2024 05 16 01 40 257  1.9  2.8  1.65 11.43  8.23 319 1012.1  12.5 999.0  12.1 99.0 99.00 
2024 05 16 01 50 237  1.9  3.0 99.00 99.00 99.00 999 1012.0  12.5 999.0  12.1 99.0 99.00 
2024 05 16 02 00 248  1.7  2.9 99.00 99.00 99.00 999 1012.0  12.4 999.0  12.0 99.0 99.00 
2024 05 16 02 10 245  1.5  2.3  1.76 11.43  8.35 308 1012.0  12.4 999.0  12.0 99.0 99.00 
2024 05 16 02 20 252  1.8  2.9 99.00 99.00 99.00 999 1011.9  12.4 999.0  12.0 99.0 99.00 
2024 05 16 02 30 254  1.9  3.2 99.00 99.00 99.00 999 1011.9  12.3 999.0  12.0 99.0 99.00 
2024 05 16 02 40 247  2.2  3.5  1.37 10.81  7.76 319 1011.9  12.3 999.0  12.1 99.0 99.00 
2024 05 16 02 50 267  2.1  3.3 99.00 99.00 99.00 999 1011.9  12.2 999.0  12.0 99.0 99.00 
2024 05 16 03 00 270  1.8  3.0 99.00 99.00 99.00 999 1012.1  12.2 999.0  12.0 99.0 99.00 
2024 05 16 03 10 259  1.5  2.3  1.57 10.00  8.36 314 1012.1  12.2 999.0  12.0 99.0 99.00 
2024 05 16 03 20 261  1.7  2.9 99.00 99.00 99.00 999 1012.1  12.2 999.0  12.0 99.0 99.00 
2024 05 16 03 30 265  1.8  3.1 99.00 99.00 99.00 999 1012.1  12.1 999.0  11.9 99.0 99.00 
2024 05 16 03 40 232  1.9  3.5  1.38 10.81  7.74 311 1012.1  12.1 999.0  11.9 99.0 99.00 
2024 05 16 03 50 261  1.6  2.7 99.00 99.00 99.00 999 1012.1  12.1 999.0  11.9 99.0 99.00 
2024 05 16 04 00 282  1.6  2.4 99.00 99.00 99.00 999 1012.3  12.0 999.0  11.8 99.0 99.00 
2024 05 16 04 10 281  2.1  3.3  1.40 11.43  7.96 315 1012.3  11.9 999.0  11.7 99.0 99.00 
2024 05 16 04 20 269  2.3  3.2 99.00 99.00 99.00 999 1012.3  11.9 999.0  11.8 99.0 99.00 
2024 05 16 04 30 248  1.4  2.5 99.00 99.00 99.00 999 1012.3  11.9 999.0  11.8 99.0 99.00 
2024 05 16 04 40 258  1.3  2.0  1.37 10.81  7.81 304 1012.4  11.9 999.0  11.8 99.0 99.00 
2024 05 16 04 50 273  1.3  2.0 99.00 99.00 99.00 999 1012.5  11.9 999.0  11.8 99.0 99.00 
2024 05 16 05 00 268  2.1  3.2 99.00 99.00 99.00 999 1012.6  11.8 999.0  11.7 99.0 99.00 
2024 05 16 05 10 260  2.1  3.5  1.46 10.81  7.86 307 1012.7  11.7 999.0  11.6 99.0 99.00 
2024 05 16 05 20 270  1.0  1.7 99.00 99.00 99.00 999 1012.8  11.7 999.0  11.6 99.0 99.00 
2024 05 16 05 30 268  1.5  2.9 99.00 99.00 99.00 999 1012.8  11.7 999.0  11.6 99.0 99.00 
2024 05 16 05 40 263  1.3  2.3  1.53 10.81  8.34 310 1012.9  11.7 999.0  11.6 99.0 99.00 
2024 05 16 05 50 260  1.4  2.3 99.00 99.00 99.00 999 1012.9  11.7 999.0  11.6 99.0 99.00 
2024 05 16 06 00 271  1.5  2.5 99.00 99.00 99.00 999 1012.8  11.6 999.0  11.5 99.0 99.00 
2024 05 16 06 10 256  1.7  3.1  1.43 10.81  8.06 317 1012.8  11.6 999.0  11.5 99.0 99.00 
2024 05 16 06 20 263  1.5  2.4 99.00 99.00 99.00 999 1012.8  11.6 999.0  11.5 99.0 99.00 
2024 05 16 06 30 256  2.0  3.2 99.00 99.00 99.00 999 1012.8  11.6 999.0  11.5 99.0 99.00 
2024 05 16 06 40 247  2.1  2.9  1.44 10.00  8.24 316 1012.8  11.6 999.0  11.5 99.0 99.00 
2024 05 16 06 50 260  1.5  2.5 99.00 99.00 99.00 999 1012.8  11.6 999.0  11.5 99.0 99.00 
2024 05 16 07 00 252  0.9  2.0 99.00 99.00 99.00 999 1012.8  11.6 999.0  11.5 99.0 99.00 
2024 05 16 07 10 288  1.1  1.7  1.38  9.09  7.97 316 1012.9  11.6 999.0  11.5 99.0 99.00 
2024 05 16 07 20 305  1.1  2.3 99.00 99.00 99.00 999 1013.0  11.6 999.0  11.5 99.0 99.00 
2024 05 16 07 30 301  0.8  1.4 99.00 99.00 99.00 999 1012.9  11.7 999.0  11.6 99.0 99.00 
2024 05 16 07 40 316  0.5  1.4  1.40 10.00  8.02 319 1013.0  11.7 999.0  11.6 99.0 99.00 
2024 05 16 07 50 330  0.8  1.5 99.00 99.00 99.00 999 1013.1  11.7 999.0  11.6 99.0 99.00 
2024 05 16 08 00 347  0.5  1.0 99.00 99.00 99.00 999 1013.1  11.6 999.0  11.5 99.0 99.00 
2024 05 16 08 10   5  0.5  1.1  1.36 10.81  7.77 302 1013.1  11.6 999.0  11.5 99.0 99.00 
2024 05 16 08 20   4  0.6  1.1 99.00 99.00 99.00 999 1013.1  11.6 999.0  11.5 99.0 99.00 
2024 05 16 08 30   7  1.0  1.7 99.00 99.00 99.00 999 1013.1  11.5 999.0  11.4 99.0 99.00 
2024 05 16 08 40  15  1.1  1.6  1.40 10.00  7.98 310 1012.9  11.5 999.0  11.5 99.0 99.00 
2024 05 16 08 50  23  0.9  1.4 99.00 99.00 99.00 999 1012.9  11.5 999.0  11.5 99.0 99.00 
2024 05 16 09 00  18  1.1  1.9 99.00 99.00 99.00 999 1012.8  11.5 999.0  11.5 99.0 99.00 
2024 05 16 09 10  36  1.1  1.6  1.64 10.81  8.24 312 1012.8  11.4 999.0  11.4 99.0 99.00 
2024 05 16 09 20  49  1.1  1.8 99.00 99.00 99.00 999 1012.8  11.4 999.0  11.4 99.0 99.00 
2024 05 16 09 30  56  1.1  2.0 99.00 99.00 99.00 999 1012.8  11.4 999.0  11.4 99.0 99.00 
2024 05 16 09 40  52  1.0  1.8  1.56 10.00  8.13 310 1012.8  11.4 999.0  11.4 99.0 99.00 
2024 05 16 09 50  43  0.8  1.5 99.00 99.00 99.00 999 1012.8  11.4 999.0  11.4 99.0 99.00 
2024 05 16 10 00  47  1.0  1.5 99.00 99.00 99.00 999 1012.8  11.4 999.0  11.4 99.0 99.00 
2024 05 16 10 10  47  1.1  1.6  1.63 10.00  8.06 314 1012.7  11.4 999.0  11.4 99.0 99.00 
2024 05 16 10 20  38  1.3  1.8 99.00 99.00 99.00 999 1012.7  11.4 999.0  11.4 99.0 99.00 
2024 05 16 10 30  36  1.6  2.2 99.00 99.00 99.00 999 1012.8  11.3 999.0  11.3 99.0 99.00 
2024 05 16 10 40  36  1.5  2.0  1.61 10.81  8.18 310 1012.8  11.4 999.0  11.4 99.0 99.00 
2024 05 16 10 50  43  1.6  2.3 99.00 99.00 99.00 999 1012.8  11.3 999.0  11.3 99.0 99.00 
2024 05 16 11 00  41  1.7  2.3 99.00 99.00 99.00 999 1012.8  11.3 999.0  11.3 99.0 99.00 
2024 05 16 11 10  50  1.2  1.9  1.67 10.00  8.20 316 1012.7  11.3 999.0  11.3 99.0 99.00 
2024 05 16 11 20  40  1.3  1.9 99.00 99.00 99.00 999 1012.7  11.3 999.0  11.3 99.0 99.00 
2024 05 16 11 30  23  1.4  2.2 99.00 99.00 99.00 999 1012.7  11.4 999.0  11.4 99.0 99.00 
2024 05 16 11 40  19  1.5  2.3  1.70 10.00  8.09 317 1012.8  11.3 999.0  11.3 99.0 99.00 
2024 05 16 11 50  14  1.5  2.2 99.00 99.00 99.00 999 1012.8  11.3 999.0  11.3 99.0 99.00 
2024 05 16 12 00  13  1.0  1.8 99.00 99.00 99.00 999 1012.8  11.4 999.0  11.4 99.0 99.00 
2024 05 16 12 10  17  0.8  1.3  1.56 10.81  7.91 316 1012.8  11.4 999.0  11.4 99.0 99.00 
2024 05 16 12 20   2  0.2  1.6 99.00 99.00 99.00 999 1012.8  11.5 999.0  11.5 99.0 99.00 
2024 05 16 12 30 235  0.0  0.6 99.00 99.00 99.00 999 1012.8  11.6 999.0  11.6 99.0 99.00 
2024 05 16 12 40 264  0.2  1.1  1.84 10.81  8.47 315 1012.9  11.6 999.0  11.5 99.0 99.00 
2024 05 16 12 50 245  0.1  0.7 99.00 99.00 99.00 999 1013.0  11.6 999.0  11.5 99.0 99.00 
2024 05 16 13 00 205  0.1  0.6 99.00 99.00 99.00 999 1013.0  11.6 999.0  11.5 99.0 99.00 
2024 05 16 13 10 250  0.0  0.4  1.64 10.00  8.15 315 1013.1  11.6 999.0  11.5 99.0 99.00 
2024 05 16 13 20 346  0.0  0.5 99.00 99.00 99.00 999 1013.1  11.7 999.0  11.5 99.0 99.00 
2024 05 16 13 30 116  0.2  1.1 99.00 99.00 99.00 999 1013.2  11.7 999.0  11.5 99.0 99.00 
2024 05 16 13 40 133  0.4  1.4  1.43 10.81  7.76 303 1013.2  11.6 999.0  11.4 99.0 99.00 
2024 05 16 13 50 145  0.9  1.7 99.00 99.00 99.00 999 1013.3  11.6 999.0  11.4 99.0 99.00 
2024 05 16 14 00 148  1.8  3.3 99.00 99.00 99.00 999 1013.4  11.6 999.0  11.4 99.0 99.00 
2024 05 16 14 10 151  2.2  3.8  1.27 10.00  7.62 310 1013.4  11.6 999.0  11.4 99.0 99.00 
2024 05 16 14 20 172  2.9  4.1 99.00 99.00 99.00 999 1013.4  11.6 999.0  11.4 99.0 99.00 
2024 05 16 14 30 225  1.4  2.1 99.00 99.00 99.00 999 1013.6  11.5 999.0  11.3 99.0 99.00 
2024 05 16 14 40 236  1.1  1.7  1.18 10.81  7.44 302 1013.7  11.4 999.0  11.2 99.0 99.00 
2024 05 16 14 50 258  0.9  1.5 99.00 99.00 99.00 999 1013.8  11.4 999.0  11.2 99.0 99.00 
2024 05 16 15 00 264  0.7  1.5 99.00 99.00 99.00 999 1013.9  11.4 999.0  11.2 99.0 99.00 
2024 05 16 15 10 269  0.7  1.4  1.26 11.43  7.87 293 1013.9  11.4 999.0  11.2 99.0 99.00 
2024 05 16 15 20 258  0.4  1.2 99.00 99.00 99.00 999 1013.9  11.5 999.0  11.3 99.0 99.00 
2024 05 16 15 30 188  0.9  1.8 99.00 99.00 99.00 999 1014.0  11.5 999.0  11.3 99.0 99.00 
2024 05 16 15 40 173  1.1  2.0  1.31 10.00  7.66 311 1014.2  11.4 999.0  11.2 99.0 99.00 
2024 05 16 15 50 164  1.1  2.0 99.00 99.00 99.00 999 1014.2  11.5 999.0  11.3 99.0 99.00 
2024 05 16 16 00 179  1.0  1.8 99.00 99.00 99.00 999 1014.2  11.5 999.0  11.3 99.0 99.00 
2024 05 16 16 10 203  2.1  2.9  1.20 10.81  7.36 307 1014.2  11.5 999.0  11.3 99.0 99.00 
2024 05 16 16 20 194  2.6  3.9 99.00 99.00 99.00 999 1014.3  11.4 999.0  11.2 99.0 99.00 
2024 05 16 16 30 190  2.7  3.5 99.00 99.00 99.00 999 1014.4  11.3 999.0  11.1 99.0 99.00 
2024 05 16 16 40 190  2.4  3.4  1.30 10.00  7.64 314 1014.4  11.3 999.0  11.1 99.0 99.00 
2024 05 16 16 50 192  2.1  2.9 99.00 99.00 99.00 999 1014.5  11.4 999.0  11.1 99.0 99.00 
2024 05 16 17 00 183  2.0  2.9 99.00 99.00 99.00 999 1014.5  11.5 999.0  11.1 99.0 99.00 
2024 05 16 17 10 181  1.9  2.6  1.39 10.00  7.78 303 1014.4  11.5 999.0  11.1 99.0 99.00 
2024 05 16 17 20 175  2.1  2.8 99.00 99.00 99.00 999 1014.4  11.5 999.0  11.1 99.0 99.00 
2024 05 16 17 30 167  2.0  3.0 99.00 99.00 99.00 999 1014.4  11.5 999.0  11.1 99.0 99.00 
2024 05 16 17 40 160  1.6  2.4  1.33 10.00  7.77 308 1014.4  11.6 999.0  11.2 99.0 99.00 
2024 05 16 17 50 147  1.6  2.9 99.00 99.00 99.00 999 1014.5  11.7 999.0  11.3 99.0 99.00 
2024 05 16 18 00 151  2.0  2.9 99.00 99.00 99.00 999 1014.5  11.7 999.0  11.3 99.0 99.00 
2024 05 16 18 10 156  2.2  3.3  1.40 10.00  8.12 316 1014.5  11.7 999.0  11.3 99.0 99.00 
2024 05 16 18 20 163  2.1  3.3 99.00 99.00 99.00 999 1014.6  11.7 999.0  11.3 99.0 99.00 
2024 05 16 18 30 156  2.5  3.6 99.00 99.00 99.00 999 1014.8  11.7 999.0  11.3 99.0 99.00 
2024 05 16 18 40 155  2.5  3.9  1.38 10.00  7.81 310 1014.8  11.7 999.0  11.3 99.0 99.00 
2024 05 16 18 50 172  2.2  3.2 99.00 99.00 99.00 999 1014.8  11.7 999.0  11.3 99.0 99.00 
2024 05 16 19 00 185  1.8  2.5 99.00 99.00 99.00 999 1014.8  11.9 999.0  11.4 99.0 99.00 
2024 05 16 19 10 186  1.5  2.3  1.38 10.00  7.81 313 1014.7  12.0 999.0  11.5 99.0 99.00 
2024 05 16 19 20 159  1.5  2.4 99.00 99.00 99.00 999 1014.7  12.2 999.0  11.7 99.0 99.00 
2024 05 16 19 30 164  2.0  3.2 99.00 99.00 99.00 999 1014.7  12.2 999.0  11.5 99.0 99.00 
2024 05 16 19 40 157  1.8  2.7  1.46 10.81  7.91 309 1014.7  12.2 999.0  11.5 99.0 99.00 
2024 05 16 19 50 134  1.2  2.0 99.00 99.00 99.00 999 1014.8  12.4 999.0  11.7 99.0 99.00 
2024 05 16 20 00 128  1.6  2.5 99.00 99.00 99.00 999 1014.7  12.3 999.0  11.6 99.0 99.00 
2024 05 16 20 10 130  1.6  2.7  1.44 10.00  7.72 313 1014.5  12.4 999.0  11.7 99.0 99.00 
2024 05 16 20 20 133  1.7  3.0 99.00 99.00 99.00 999 1014.6  12.4 999.0  11.6 99.0 99.00 
2024 05 16 20 30 133  1.8  2.9 99.00 99.00 99.00 999 1014.5  12.4 999.0  11.6 99.0 99.00 
2024 05 16 20 40 141  2.1  3.6  1.48 10.81  7.85 312 1014.5  12.3 999.0  11.5 99.0 99.00 
2024 05 16 20 50 154  1.6  2.7 99.00 99.00 99.00 999 1014.5  12.4 999.0  11.6 99.0 99.00 
2024 05 16 21 00 159  1.1  2.2 99.00 99.00 99.00 999 1014.5  12.6 999.0  11.8 99.0 99.00 
2024 05 16 21 10 146  1.2  2.5  1.52 10.81  7.98 311 1014.5  12.6 999.0  11.8 99.0 99.00 
2024 05 16 21 20 144  0.5  1.5 99.00 99.00 99.00 999 1014.5  12.8 999.0  12.0 99.0 99.00 
2024 05 16 21 30 142  0.3  1.3 99.00 99.00 99.00 999 1014.5  12.9 999.0  12.0 99.0 99.00 
2024 05 16 21 40 177  0.0  0.5  1.50 10.00  7.81 311 1014.4  13.2 999.0  12.3 99.0 99.00 
2024 05 16 21 50 171  0.2  1.3 99.00 99.00 99.00 999 1014.4  13.2 999.0  12.2 99.0 99.00 
2024 05 16 22 00 139  0.4  1.9 99.00 99.00 99.00 999 1014.3  13.0 999.0  12.0 99.0 99.00 
2024 05 16 22 10 165  0.2  0.9  1.59 10.00  7.74 310 1014.3  13.0 999.0  12.0 99.0 99.00 
2024 05 16 22 20 164  0.3  1.3 99.00 99.00 99.00 999 1014.2  12.9 999.0  11.9 99.0 99.00 
2024 05 16 22 30 197  0.4  1.7 99.00 99.00 99.00 999 1014.2  12.9 999.0  11.9 99.0 99.00 
2024 05 16 22 40 304  0.8  1.7  1.59  9.09  7.62 318 1014.2  12.7 999.0  11.8 99.0 99.00 
2024 05 16 22 50 299  1.0  2.1 99.00 99.00 99.00 999 1014.1  12.7 999.0  11.8 99.0 99.00 
2024 05 16 23 00 297  0.9  2.0 99.00 99.00 99.00 999 1014.0  12.8 999.0  11.8 99.0 99.00 
2024 05 16 23 10 300  0.8  1.8  1.71 10.00  7.76 321 1014.0  12.8 999.0  11.8 99.0 99.00 
2024 05 16 23 20 314  0.6  1.5 99.00 99.00 99.00 999 1013.9  12.9 999.0  11.9 99.0 99.00 
2024 05 16 23 30 299  0.6  1.3 99.00 99.00 99.00 999 1014.0  12.9 999.0  11.8 99.0 99.00 
2024 05 16 23 40 305  0.5  1.8  1.75 10.00  7.86 315 1013.9  13.0 999.0  11.9 99.0 99.00 
2024 05 16 23 50 307  0.9  1.9 99.00 99.00 99.00 999 1013.8  12.9 999.0  11.8 99.0 99.00 
2024 05 17 00 00 307  1.4  2.8 99.00 99.00 99.00 999 1013.7  12.9 999.0  11.8 99.0 99.00 
2024 05 17 00 10 302  3.4  4.8  1.69 10.00  7.40 312 1013.7  12.6 999.0  11.5 99.0 99.00 
2024 05 17 00 20 307  3.8  4.9 99.00 99.00 99.00 999 1013.6  12.4 999.0  11.3 99.0 99.00 
2024 05 17 00 30 309  4.2  5.9 99.00 99.00 99.00 999 1013.5  12.4 999.0  11.4 99.0 99.00 
2024 05 17 00 40 307  4.1  5.4  1.55  9.09  7.19 318 1013.5  12.2 999.0  11.2 99.0 99.00 
2024 05 17 00 50 302  3.0  4.6 99.00 99.00 99.00 999 1013.6  12.2 999.0  11.1 99.0 99.00 
2024 05 17 01 00 312  2.8  4.2 99.00 99.00 99.00 999 1013.4  12.3 999.0  11.2 99.0 99.00 
2024 05 17 01 10 306  2.9  4.0  1.57 10.00  7.35 314 1013.3  12.3 999.0  11.3 99.0 99.00 
2024 05 17 01 20 308  3.7  4.9 99.00 99.00 99.00 999 1013.2  12.3 999.0  11.4 99.0 99.00 
2024 05 17 01 30 312  3.4  4.5 99.00 99.00 99.00 999 1013.3  12.2 999.0  11.5 99.0 99.00 
2024 05 17 01 40 318  3.7  4.9  1.58  9.09  7.13 320 1013.1  12.1 999.0  11.2 99.0 99.00 
2024 05 17 01 50 315  3.9  5.6 99.00 99.00 99.00 999 1013.1  12.2 999.0  11.2 99.0 99.00 
2024 05 17 02 00 325  4.8  6.0 99.00 99.00 99.00 999 1013.1  12.2 999.0  11.2 99.0 99.00 
2024 05 17 02 10 327  5.0  6.4  1.44  9.09  6.92 320 1013.1  12.1 999.0  11.3 99.0 99.00 
2024 05 17 02 20 326  5.4  7.1 99.00 99.00 99.00 999 1013.1  11.9 999.0  11.4 99.0 99.00 
2024 05 17 02 30 319  5.7  7.3 99.00 99.00 99.00 999 1013.1  11.7 999.0  11.2 99.0 99.00 
2024 05 17 02 40 322  5.7  6.9  1.42 14.81  6.98 279 1013.0  11.5 999.0  11.1 99.0 99.00 
2024 05 17 02 50 323  5.7  7.0 99.00 99.00 99.00 999 1012.9  11.4 999.0  11.0 99.0 99.00 
2024 05 17 03 00 317  5.3  6.5 99.00 99.00 99.00 999 1013.0  11.4 999.0  11.0 99.0 99.00 
2024 05 17 03 10 310  5.6  7.6  1.39 10.00  6.53 320 1013.1  11.2 999.0  10.8 99.0 99.00 
2024 05 17 03 20 309  5.7  7.6 99.00 99.00 99.00 999 1013.1  11.2 999.0  10.6 99.0 99.00 
2024 05 17 03 30 301  5.9  7.4 99.00 99.00 99.00 999 1013.2  11.1 999.0  10.5 99.0 99.00 
2024 05 17 03 40 304  5.5  7.7  1.38 10.00  6.64 316 1013.2  11.1 999.0  10.5 99.0 99.00 
2024 05 17 03 50 318  5.5  6.9 99.00 99.00 99.00 999 1013.3  11.0 999.0  10.5 99.0 99.00 
2024 05 17 04 00 307  6.0  8.5 99.00 99.00 99.00 999 1013.3  10.9 999.0  10.4 99.0 99.00 
2024 05 17 04 10 315  6.5  7.9  1.44 10.00  6.23 316 1013.3  10.9 999.0  10.4 99.0 99.00 
2024 05 17 04 20 316  6.4  8.2 99.00 99.00 99.00 999 1013.4  10.8 999.0  10.3 99.0 99.00 
2024 05 17 04 30 318  6.4  7.7 99.00 99.00 99.00 999 1013.4  10.7 999.0  10.2 99.0 99.00 
2024 05 17 04 40 313  5.8  8.0  1.41 13.79  5.79 291 1013.7  10.8 999.0  10.4 99.0 99.00 
2024 05 17 04 50 311  6.2  8.1 99.00 99.00 99.00 999 1013.7  10.8 999.0  10.4 99.0 99.00 
2024 05 17 05 00 313  6.4  7.7 99.00 99.00 99.00 999 1013.8  10.7 999.0  10.3 99.0 99.00 
2024 05 17 05 10 310  6.2  8.1  1.48 13.79  6.01 299 1013.7  10.7 999.0  10.3 99.0 99.00 
2024 05 17 05 20 309  6.4  8.4 99.00 99.00 99.00 999 1013.8  10.7 999.0  10.3 99.0 99.00 
2024 05 17 05 30 305  6.4  8.4 99.00 99.00 99.00 999 1013.7  10.8 999.0  10.4 99.0 99.00 
2024 05 17 05 40 305  6.3  8.5  1.49  9.09  5.83 318 1013.7  10.7 999.0  10.3 99.0 99.00 
2024 05 17 05 50 306  6.7  8.7 99.00 99.00 99.00 999 1013.7  10.7 999.0  10.3 99.0 99.00 
2024 05 17 06 00 310  7.7  9.6 99.00 99.00 99.00 999 1013.6  10.5 999.0  10.2 99.0 99.00 
2024 05 17 06 10 311  8.0 10.2  1.55  9.09  5.64 315 1013.6  10.4 999.0  10.2 99.0 99.00 
2024 05 17 06 20 317  8.0 10.2 99.00 99.00 99.00 999 1013.5  10.4 999.0  10.2 99.0 99.00 
2024 05 17 06 30 317  7.6  9.5 99.00 99.00 99.00 999 1013.4  10.5 999.0  10.3 99.0 99.00 
2024 05 17 06 40 316  6.9  8.7  1.65 13.79  5.72 307 1013.4  10.6 999.0  10.4 99.0 99.00 
2024 05 17 06 50 315  7.5  9.8 99.00 99.00 99.00 999 1013.4  10.6 999.0  10.4 99.0 99.00 
2024 05 17 07 00 317  8.0 10.2 99.00 99.00 99.00 999 1013.4  10.5 999.0  10.1 99.0 99.00 
2024 05 17 07 10 310  8.2 10.7  1.68 13.79  5.62 293 1013.3  10.6 999.0  10.2 99.0 99.00 
2024 05 17 07 20 308  7.8  9.9 99.00 99.00 99.00 999 1013.3  10.6 999.0  10.2 99.0 99.00 
2024 05 17 07 30 305  7.5  9.3 99.00 99.00 99.00 999 1013.3  10.7 999.0  10.3 99.0 99.00 
2024 05 17 07 40 300  7.4  9.1  1.57 13.79  5.48 312 1013.3  10.7 999.0  10.3 99.0 99.00 
2024 05 17 07 50 311  7.0  9.3 99.00 99.00 99.00 999 1013.3  10.6 999.0  10.2 99.0 99.00 
2024 05 17 08 00 308  6.5  8.7 99.00 99.00 99.00 999 1013.2  10.7 999.0  10.2 99.0 99.00 
2024 05 17 08 10 314  6.8  9.2  1.80 13.79  5.85 309 1013.3  10.7 999.0  10.2 99.0 99.00 
2024 05 17 08 20 312  6.9  9.1 99.00 99.00 99.00 999 1013.2  10.7 999.0  10.2 99.0 99.00 
2024 05 17 08 30 300  6.6  9.3 99.00 99.00 99.00 999 1013.2  10.8 999.0  10.3 99.0 99.00 
2024 05 17 08 40 306  6.2  8.1  1.78 13.79  5.96 303 1013.1  10.8 999.0  10.3 99.0 99.00 
2024 05 17 08 50 310  6.1  7.8 99.00 99.00 99.00 999 1012.9  10.9 999.0  10.3 99.0 99.00 
2024 05 17 09 00 311  5.6  7.8 99.00 99.00 99.00 999 1012.9  10.9 999.0  10.4 99.0 99.00 
2024 05 17 09 10 307  4.8  6.4  1.67  9.09  5.99 307 1012.9  10.9 999.0  10.4 99.0 99.00 
2024 05 17 09 20 309  4.6  6.8 99.00 99.00 99.00 999 1012.7  11.0 999.0  10.5 99.0 99.00 
2024 05 17 09 30 311  5.6  8.6 99.00 99.00 99.00 999 1012.7  10.8 999.0  10.3 99.0 99.00 
2024 05 17 09 40 317  4.6  6.3  1.72  8.33  6.17 308 1012.6  10.8 999.0  10.3 99.0 99.00 
2024 05 17 09 50 309  5.1  7.2 99.00 99.00 99.00 999 1012.6  10.8 999.0  10.3 99.0 99.00 
2024 05 17 10 00 312  5.3  7.4 99.00 99.00 99.00 999 1012.3  10.9 999.0  10.4 99.0 99.00 
2024 05 17 10 10 307  5.6  7.1  1.90 13.79  6.62 298 1012.2  10.8 999.0  10.3 99.0 99.00 
2024 05 17 10 20 311  5.3  6.9 99.00 99.00 99.00 999 1012.0  10.7 999.0  10.2 99.0 99.00 
2024 05 17 10 30 312  4.9  7.2 99.00 99.00 99.00 999 1012.1  10.6 999.0  10.2 99.0 99.00 
2024 05 17 10 40 306  5.7  7.6  1.91  8.33  6.60 310 1011.9  10.4 999.0  10.0 99.0 99.00 
2024 05 17 10 50 316  4.2  6.0 99.00 99.00 99.00 999 1012.0  10.3 999.0  10.0 99.0 99.00 
2024 05 17 11 00 336  3.2  4.6 99.00 99.00 99.00 999 1012.0  10.3 999.0  10.1 99.0 99.00 
2024 05 17 11 10 333  3.3  5.3  1.93  9.09  6.58 309 1011.9  10.2 999.0  10.0 99.0 99.00 
2024 05 17 11 20 349  2.8  4.2 99.00 99.00 99.00 999 1012.0  10.1 999.0   9.9 99.0 99.00 
2024 05 17 11 30 352  2.3  4.2 99.00 99.00 99.00 999 1012.0  10.1 999.0   9.9 99.0 99.00 
2024 05 17 11 40  17  2.0  4.2  2.01  9.09  6.73 308 1012.0  10.1 999.0   9.9 99.0 99.00 
2024 05 17 11 50  41  2.2  3.9 99.00 99.00 99.00 999 1012.0  10.0 999.0   9.8 99.0 99.00 
2024 05 17 12 00  45  2.3  4.1 99.00 99.00 99.00 999 1012.1  10.0 999.0   9.8 99.0 99.00 
2024 05 17 12 10  63  2.3  3.4  1.97  9.09  6.76 308 1012.2  10.0 999.0   9.8 99.0 99.00 
2024 05 17 12 20  63  1.9  3.7 99.00 99.00 99.00 999 1012.4  10.0 999.0   9.8 99.0 99.00 
2024 05 17 12 30  74  2.3  4.5 99.00 99.00 99.00 999 1012.4   9.9 999.0   9.7 99.0 99.00 
2024 05 17 12 40  94  2.0  5.0  2.30  9.09  7.19 316 1012.6   9.9 999.0   9.7 99.0 99.00 
2024 05 17 12 50  85  0.8  2.4 99.00 99.00 99.00 999 1012.7  10.0 999.0   9.8 99.0 99.00 
2024 05 17 13 00  84  2.4  4.7 99.00 99.00 99.00 999 1012.9  10.1 999.0   9.9 99.0 99.00 
2024 05 17 13 10  86  3.4  5.2  2.11  9.09  7.18 313 1013.1  10.2 999.0  10.0 99.0 99.00 
2024 05 17 13 20  79  2.6  4.0 99.00 99.00 99.00 999 1013.2  10.3 999.0  10.1 99.0 99.00 
2024 05 17 13 30  76  1.7  3.0 99.00 99.00 99.00 999 1013.4  10.3 999.0  10.1 99.0 99.00 
2024 05 17 13 40  48  2.1  3.5  2.06 10.00  7.12 303 1013.5  10.4 999.0  10.2 99.0 99.00 
2024 05 17 13 50  44  2.0  3.3 99.00 99.00 99.00 999 1013.7  10.4 999.0  10.2 99.0 99.00 
2024 05 17 14 00  31  2.2  3.0 99.00 99.00 99.00 999 1013.7  10.5 999.0  10.3 99.0 99.00 
2024 05 17 14 10  21  2.3  4.3  2.13  9.09  7.31 311 1013.8  10.6 999.0  10.4 99.0 99.00 
2024 05 17 14 20  22  4.2  5.2 99.00 99.00 99.00 999 1013.8  10.5 999.0  10.3 99.0 99.00 
2024 05 17 14 30  33  3.7  4.5 99.00 99.00 99.00 999 1014.0  10.6 999.0  10.4 99.0 99.00 
2024 05 17 14 40  30  3.6  4.8  2.15  9.09  7.45 307 1014.0  10.6 999.0  10.4 99.0 99.00 
2024 05 17 14 50  46  3.3  4.4 99.00 99.00 99.00 999 1014.1  10.7 999.0  10.3 99.0 99.00 
2024 05 17 15 00  65  2.6  4.5 99.00 99.00 99.00 999 1014.2  10.6 999.0  10.2 99.0 99.00 
2024 05 17 15 10  36  2.7  4.0  2.07  9.09  7.33 304 1014.4  10.7 999.0  10.3 99.0 99.00 
2024 05 17 15 20  26  2.3  3.0 99.00 99.00 99.00 999 1014.5  10.8 999.0  10.3 99.0 99.00 
2024 05 17 15 30  15  2.0  3.0 99.00 99.00 99.00 999 1014.5  10.8 999.0  10.4 99.0 99.00 
2024 05 17 15 40  10  2.0  3.0  2.00 12.90  7.33 291 1014.6  10.8 999.0  10.4 99.0 99.00 
2024 05 17 15 50   3  1.9  3.0 99.00 99.00 99.00 999 1014.7  10.8 999.0  10.4 99.0 99.00 
2024 05 17 16 00   5  2.0  2.7 99.00 99.00 99.00 999 1014.7  10.8 999.0  10.5 99.0 99.00 
2024 05 17 16 10 351  1.9  3.0  1.98  9.09  7.39 312 1014.7  10.7 999.0  10.5 99.0 99.00 
2024 05 17 16 20 346  1.8  3.1 99.00 99.00 99.00 999 1014.7  10.7 999.0  10.5 99.0 99.00 
2024 05 17 16 30 332  2.2  3.4 99.00 99.00 99.00 999 1014.7  10.7 999.0  10.5 99.0 99.00 
2024 05 17 16 40 336  2.1  3.1  1.92  9.09  7.37 314 1014.9  10.7 999.0  10.5 99.0 99.00 
2024 05 17 16 50 332  1.9  3.2 99.00 99.00 99.00 999 1014.8  10.8 999.0  10.4 99.0 99.00 
2024 05 17 17 00 328  2.1  3.0 99.00 99.00 99.00 999 1014.7  10.8 999.0  10.4 99.0 99.00 
2024 05 17 17 10 318  1.9  3.2  1.99  9.09  7.11 314 1014.8  10.9 999.0  10.5 99.0 99.00 
2024 05 17 17 20 306  2.4  3.4 99.00 99.00 99.00 999 1014.7  10.8 999.0  10.4 99.0 99.00 
2024 05 17 17 30 300  2.1  3.4 99.00 99.00 99.00 999 1014.7  10.7 999.0  10.3 99.0 99.00 
2024 05 17 17 40 296  1.9  3.1  2.23  9.09  7.48 316 1014.7  10.7 999.0  10.3 99.0 99.00 
2024 05 17 17 50 283  1.9  3.2 99.00 99.00 99.00 999 1014.7  10.8 999.0  10.4 99.0 99.00 
2024 05 17 18 00 282  2.2  3.2 99.00 99.00 99.00 999 1014.7  10.9 999.0  10.5 99.0 99.00 
2024 05 17 18 10 276  2.4  3.6  2.24  9.09  7.43 318 1014.8  10.9 999.0  10.4 99.0 99.00 
2024 05 17 18 20 279  2.5  3.8 99.00 99.00 99.00 999 1014.8  10.9 999.0  10.4 99.0 99.00 
2024 05 17 18 30 279  2.5  3.8 99.00 99.00 99.00 999 1014.9  10.9 999.0  10.4 99.0 99.00 
2024 05 17 18 40 269  2.2  3.3  2.15  9.09  7.30 316 1014.8  11.0 999.0  10.5 99.0 99.00 
2024 05 17 18 50 271  2.3  3.5 99.00 99.00 99.00 999 1014.8  11.0 999.0  10.5 99.0 99.00 
2024 05 17 19 00 274  2.1  3.3 99.00 99.00 99.00 999 1014.8  11.1 999.0  10.5 99.0 99.00 
2024 05 17 19 10 269  2.2  3.2  1.85  9.09  6.91 316 1014.7  11.2 999.0  10.5 99.0 99.00 
2024 05 17 19 20 258  2.3  3.2 99.00 99.00 99.00 999 1014.7  11.3 999.0  10.6 99.0 99.00 
2024 05 17 19 30 263  2.1  3.1 99.00 99.00 99.00 999 1014.7  11.4 999.0  10.6 99.0 99.00 
2024 05 17 19 40 243  1.8  2.9  2.08  9.09  7.32 313 1014.7  11.5 999.0  10.7 99.0 99.00 
2024 05 17 19 50 243  2.0  3.1 99.00 99.00 99.00 999 1014.6  11.5 999.0  10.6 99.0 99.00 
2024 05 17 20 00 237  2.5  3.6 99.00 99.00 99.00 999 1014.6  11.5 999.0  10.6 99.0 99.00 
2024 05 17 20 10 243  2.6  3.5  2.18 10.00  7.33 310 1014.5  11.5 999.0  10.7 99.0 99.00 
2024 05 17 20 20 233  2.4  3.4 99.00 99.00 99.00 999 1014.4  11.4 999.0  10.5 99.0 99.00 
2024 05 17 20 30 225  2.1  3.5 99.00 99.00 99.00 999 1014.4  11.5 999.0  10.5 99.0 99.00 
2024 05 17 20 40 222  2.3  3.2  1.93 10.00  7.16 311 1014.4  11.6 999.0  10.6 99.0 99.00 
2024 05 17 20 50 230  2.1  3.1 99.00 99.00 99.00 999 1014.2  11.6 999.0  10.5 99.0 99.00 
2024 05 17 21 00 237  2.4  3.3 99.00 99.00 99.00 999 1014.2  11.3 999.0  10.4 99.0 99.00 
2024 05 17 21 10 243  2.5  3.5  2.01 12.90  7.16 290 1014.1  11.2 999.0  10.4 99.0 99.00 
2024 05 17 21 20 249  2.3  3.3 99.00 99.00 99.00 999 1013.9  11.1 999.0  10.3 99.0 99.00 
2024 05 17 21 30 257  2.0  3.2 99.00 99.00 99.00 999 1013.9  11.1 999.0  10.3 99.0 99.00 
2024 05 17 21 40 244  1.9  3.3  2.03 10.00  7.25 319 1013.7  11.0 999.0  10.2 99.0 99.00 
2024 05 17 21 50 246  1.0  2.2 99.00 99.00 99.00 999 1013.6  11.2 999.0  10.4 99.0 99.00 
2024 05 17 22 00 215  1.1  2.3 99.00 99.00 99.00 999 1013.6  11.4 999.0  10.5 99.0 99.00 
2024 05 17 22 10 206  1.3  2.5  1.94  9.09  7.06 313 1013.5  11.4 999.0  10.4 99.0 99.00 
2024 05 17 22 20 188  1.3  2.9 99.00 99.00 99.00 999 1013.5  11.3 999.0  10.3 99.0 99.00 
2024 05 17 22 30 158  1.0  2.9 99.00 99.00 99.00 999 1013.4  11.4 999.0  10.5 99.0 99.00 
2024 05 17 22 40 160  0.2  1.1  2.19  8.33  7.30 316 1013.4  11.9 999.0  10.8 99.0 99.00 
2024 05 17 22 50 204  0.2  1.2 99.00 99.00 99.00 999 1013.3  12.2 999.0  10.8 99.0 99.00 
2024 05 17 23 00 219  0.4  1.4 99.00 99.00 99.00 999 1013.3  12.0 999.0  10.6 99.0 99.00 
2024 05 17 23 10 217  0.8  2.5  2.18  9.09  7.35 319 1013.2  11.8 999.0  10.5 99.0 99.00 
2024 05 17 23 20 275  0.8  2.6 99.00 99.00 99.00 999 1013.1  11.7 999.0  10.5 99.0 99.00 
2024 05 17 23 30 345  1.2  2.3 99.00 99.00 99.00 999 1012.9  11.5 999.0  10.5 99.0 99.00 
2024 05 17 23 40 343  1.2  2.8  2.18  9.09  7.06 309 1012.9  11.5 999.0  10.5 99.0 99.00 
2024 05 17 23 50 327  0.8  2.5 99.00 99.00 99.00 999 1012.8  11.5 999.0  10.5 99.0 99.00 
2024 05 18 00 00 338  0.6  1.7 99.00 99.00 99.00 999 1012.8  11.7 999.0  10.6 99.0 99.00 
2024 05 18 00 10 309  2.2  4.7  2.08  9.09  6.95 312 1012.8  11.5 999.0  10.5 99.0 99.00 
2024 05 18 00 20 296  2.6  3.8 99.00 99.00 99.00 999 1012.7  11.3 999.0  10.5 99.0 99.00 
2024 05 18 00 30 296  2.4  4.0 99.00 99.00 99.00 999 1012.8  11.2 999.0  10.4 99.0 99.00 
2024 05 18 00 40 313  2.5  4.1  1.84  9.09  6.91 307 1012.7  11.1 999.0  10.3 99.0 99.00 
2024 05 18 00 50 337  1.9  3.1 99.00 99.00 99.00 999 1012.6  11.3 999.0  10.5 99.0 99.00 
2024 05 18 01 00 339  2.8  4.1 99.00 99.00 99.00 999 1012.5  11.3 999.0  10.5 99.0 99.00 
2024 05 18 01 10 348  2.6  4.8  1.71  9.09  6.60 305 1012.3  11.3 999.0  10.4 99.0 99.00 
2024 05 18 01 20 338  2.9  4.2 99.00 99.00 99.00 999 1012.2  11.3 999.0  10.5 99.0 99.00 
2024 05 18 01 30 326  3.0  4.6 99.00 99.00 99.00 999 1012.2  11.3 999.0  10.5 99.0 99.00 
2024 05 18 01 40 326  2.4  4.2  1.73  9.09  6.76 304 1012.1  11.3 999.0  10.5 99.0 99.00 
2024 05 18 01 50 325  2.1  4.0 99.00 99.00 99.00 999 1012.2  11.3 999.0  10.5 99.0 99.00 
2024 05 18 02 00 327  2.3  3.6 99.00 99.00 99.00 999 1012.1  11.3 999.0  10.5 99.0 99.00 
2024 05 18 02 10 338  2.0  3.7  1.72  8.33  7.00 318 1012.0  11.3 999.0  10.5 99.0 99.00 
2024 05 18 02 20 314  2.1  3.7 99.00 99.00 99.00 999 1012.0  11.4 999.0  10.6 99.0 99.00 
2024 05 18 02 30 315  2.3  4.4 99.00 99.00 99.00 999 1011.9  11.5 999.0  10.7 99.0 99.00 
2024 05 18 02 40 320  2.2  3.6  1.56  9.09  6.62 309 1011.9  11.6 999.0  10.7 99.0 99.00 
2024 05 18 02 50 316  2.4  4.3 99.00 99.00 99.00 999 1011.9  11.5 999.0  10.5 99.0 99.00 
2024 05 18 03 00 327  2.8  3.9 99.00 99.00 99.00 999 1011.9  11.5 999.0  10.5 99.0 99.00 
2024 05 18 03 10 330  3.0  4.4  1.84  9.09  6.98 313 1011.9  11.5 999.0  10.5 99.0 99.00 
2024 05 18 03 20 349  2.2  3.8 99.00 99.00 99.00 999 1011.9  11.6 999.0  10.6 99.0 99.00 
2024 05 18 03 30  16  1.9  2.8 99.00 99.00 99.00 999 1012.0  11.5 999.0  10.7 99.0 99.00 
2024 05 18 03 40  34  1.5  2.2  1.77  9.09  7.16 311 1012.0  11.5 999.0  10.7 99.0 99.00 
2024 05 18 03 50  45  1.4  2.4 99.00 99.00 99.00 999 1012.0  11.5 999.0  10.7 99.0 99.00 
2024 05 18 04 00  70  1.5  2.4 99.00 99.00 99.00 999 1012.0  11.4 999.0  10.6 99.0 99.00 
2024 05 18 04 10  54  1.1  2.3  1.85  9.09  7.13 318 1012.1  11.5 999.0  10.7 99.0 99.00 
2024 05 18 04 20  56  1.5  2.7 99.00 99.00 99.00 999 1012.2  11.4 999.0  10.6 99.0 99.00 
2024 05 18 04 30  53  1.3  2.0 99.00 99.00 99.00 999 1012.3  11.4 999.0  10.6 99.0 99.00 
2024 05 18 04 40  40  1.0  1.9  1.68 10.00  7.07 314 1012.4  11.4 999.0  10.6 99.0 99.00 
2024 05 18 04 50  47  1.2  1.9 99.00 99.00 99.00 999 1012.5  11.4 999.0  10.6 99.0 99.00 
2024 05 18 05 00  45  1.0  2.1 99.00 99.00 99.00 999 1012.6  11.3 999.0  10.5 99.0 99.00 
2024 05 18 05 10  35  0.4  1.1  1.88 10.00  7.36 313 1012.7  11.3 999.0  10.5 99.0 99.00 
2024 05 18 05 20  65  0.2  0.9 99.00 99.00 99.00 999 1012.7  11.4 999.0  10.6 99.0 99.00 
2024 05 18 05 30  71  0.2  0.8 99.00 99.00 99.00 999 1012.7  11.4 999.0  10.6 99.0 99.00 
2024 05 18 05 40  16  0.1  1.0  1.70 10.00  7.13 317 1012.7  11.5 999.0  10.7 99.0 99.00 
2024 05 18 05 50 134  0.4  1.7 99.00 99.00 99.00 999 1012.7  11.6 999.0  10.7 99.0 99.00 
2024 05 18 06 00 175  1.0  3.3 99.00 99.00 99.00 999 1012.7  11.5 999.0  10.5 99.0 99.00 
2024 05 18 06 10 167  0.5  2.5  1.87 10.81  7.30 309 1012.6  11.5 999.0  10.5 99.0 99.00 
2024 05 18 06 20 155  0.8  2.5 99.00 99.00 99.00 999 1012.6  11.5 999.0  10.5 99.0 99.00 
2024 05 18 06 30 160  1.4  4.2 99.00 99.00 99.00 999 1012.7  11.5 999.0  10.6 99.0 99.00 
2024 05 18 06 40 151  1.1  3.8  2.05 10.00  7.31 319 1012.7  11.4 999.0  10.6 99.0 99.00 
2024 05 18 06 50 126  1.1  3.6 99.00 99.00 99.00 999 1012.7  11.5 999.0  10.7 99.0 99.00 
2024 05 18 07 00 139  1.9  4.1 99.00 99.00 99.00 999 1012.7  11.5 999.0  10.6 99.0 99.00 
2024 05 18 07 10 118  0.8  2.8  2.05 10.00  7.41 311 1012.7  11.6 999.0  10.7 99.0 99.00 
2024 05 18 07 20 154  0.9  2.4 99.00 99.00 99.00 999 1012.6  11.6 999.0  10.6 99.0 99.00 
2024 05 18 07 30  98  1.9  3.4 99.00 99.00 99.00 999 1012.6  11.6 999.0  10.7 99.0 99.00 
2024 05 18 07 40  84  1.2  4.3  2.05 10.00  7.38 313 1012.5  11.6 999.0  10.7 99.0 99.00 
2024 05 18 07 50 125  2.0  4.0 99.00 99.00 99.00 999 1012.5  11.6 999.0  10.7 99.0 99.00 
2024 05 18 08 00 126  1.6  3.4 99.00 99.00 99.00 999 1012.5  11.6 999.0  10.6 99.0 99.00 
2024 05 18 08 10 134  1.9  4.0  2.20  9.09  7.74 314 1012.4  11.6 999.0  10.6 99.0 99.00 
2024 05 18 08 20 109  1.4  3.8 99.00 99.00 99.00 999 1012.5  11.6 999.0  10.6 99.0 99.00 
2024 05 18 08 30  87  1.3  2.7 99.00 99.00 99.00 999 1012.4  11.7 999.0  10.7 99.0 99.00 
2024 05 18 08 40  57  1.2  2.4  2.13  9.09  7.60 316 1012.5  11.8 999.0  10.8 99.0 99.00 
2024 05 18 08 50  76  1.3  2.8 99.00 99.00 99.00 999 1012.5  11.9 999.0  10.9 99.0 99.00 
2024 05 18 09 00 111  1.8  3.2 99.00 99.00 99.00 999 1012.5  11.8 999.0  11.0 99.0 99.00 
2024 05 18 09 10 113  1.7  3.1  2.15 10.00  7.68 317 1012.4  11.8 999.0  11.1 99.0 99.00 
2024 05 18 09 20 133  1.8  4.5 99.00 99.00 99.00 999 1012.3  11.7 999.0  11.0 99.0 99.00 
2024 05 18 09 30 158  2.0  4.1 99.00 99.00 99.00 999 1012.3  11.5 999.0  10.7 99.0 99.00 
2024 05 18 09 40 144  1.8  3.9  2.13 10.00  7.49 315 1012.3  11.5 999.0  10.5 99.0 99.00 
2024 05 18 09 50 155  1.2  3.8 99.00 99.00 99.00 999 1012.4  11.6 999.0  10.6 99.0 99.00 
2024 05 18 10 00 149  1.3  3.8 99.00 99.00 99.00 999 1012.4  11.6 999.0  10.6 99.0 99.00 
2024 05 18 10 10 152  1.6  3.5  2.11  8.33  7.54 315 1012.4  11.6 999.0  10.6 99.0 99.00 
2024 05 18 10 20 155  2.3  4.2 99.00 99.00 99.00 999 1012.4  11.4 999.0  10.5 99.0 99.00 
2024 05 18 10 30 145  1.2  4.6 99.00 99.00 99.00 999 1012.4  11.4 999.0  10.5 99.0 99.00 
2024 05 18 10 40 181  1.0  2.7  2.21  9.09  7.62 314 1012.5  11.4 999.0  10.5 99.0 99.00 
2024 05 18 10 50 173  1.0  2.4 99.00 99.00 99.00 999 1012.5  11.3 999.0  10.5 99.0 99.00 
2024 05 18 11 00 178  0.7  2.4 99.00 99.00 99.00 999 1012.5  11.3 999.0  10.5 99.0 99.00 
2024 05 18 11 10 180  0.6  1.7  2.20 10.00  7.54 315 1012.6  11.3 999.0  10.5 99.0 99.00 
2024 05 18 11 20 116  0.8  2.4 99.00 99.00 99.00 999 1012.6  11.3 999.0  10.5 99.0 99.00 
2024 05 18 11 30 116  0.5  1.9 99.00 99.00 99.00 999 1012.6  11.3 999.0  10.5 99.0 99.00 
2024 05 18 11 40 126  0.5  1.8  2.02  9.09  7.24 313 1012.6  11.4 999.0  10.6 99.0 99.00 
2024 05 18 11 50  96  0.2  1.9 99.00 99.00 99.00 999 1012.7  11.4 999.0  10.6 99.0 99.00 
2024 05 18 12 00 220  0.4  1.3 99.00 99.00 99.00 999 1012.8  11.4 999.0  10.6 99.0 99.00 
2024 05 18 12 10 144  0.1  1.0  2.04 10.00  7.50 310 1012.8  11.4 999.0  10.6 99.0 99.00 
2024 05 18 12 20 117  0.3  1.4 99.00 99.00 99.00 999 1012.7  11.4 999.0  10.6 99.0 99.00 
2024 05 18 12 30 147  0.3  1.7 99.00 99.00 99.00 999 1012.8  11.5 999.0  10.7 99.0 99.00 
2024 05 18 12 40 160  0.2  1.6  1.96 10.00  7.12 310 1012.8  11.5 999.0  10.7 99.0 99.00 
2024 05 18 12 50 129  0.2  1.3 99.00 99.00 99.00 999 1012.8  11.5 999.0  10.6 99.0 99.00 
2024 05 18 13 00 109  0.2  1.5 99.00 99.00 99.00 999 1012.9  11.5 999.0  10.5 99.0 99.00 
2024 05 18 13 10 119  0.2  2.3  2.21 10.00  7.48 315 1013.0  11.6 999.0  10.6 99.0 99.00 
2024 05 18 13 20 152  0.8  2.0 99.00 99.00 99.00 999 1013.1  11.5 999.0  10.5 99.0 99.00 
2024 05 18 13 30 136  0.6  1.9 99.00 99.00 99.00 999 1013.3  11.6 999.0  10.6 99.0 99.00 
2024 05 18 13 40 127  0.8  2.5  2.14 10.00  7.28 321 1013.3  11.6 999.0  10.6 99.0 99.00 
2024 05 18 13 50 167  1.2  2.9 99.00 99.00 99.00 999 1013.4  11.5 999.0  10.5 99.0 99.00 
2024 05 18 14 00 152  0.8  2.3 99.00 99.00 99.00 999 1013.5  11.6 999.0  10.6 99.0 99.00 
2024 05 18 14 10 136  1.2  3.6  2.17 10.00  7.44 323 1013.5  11.6 999.0  10.6 99.0 99.00 
2024 05 18 14 20 124  1.8  3.8 99.00 99.00 99.00 999 1013.6  11.5 999.0  10.5 99.0 99.00 
2024 05 18 14 30 121  1.6  3.7 99.00 99.00 99.00 999 1013.6  11.6 999.0  10.6 99.0 99.00 
2024 05 18 14 40 152  1.8  3.9  2.06 10.00  7.52 318 1013.8  11.6 999.0  10.6 99.0 99.00 
2024 05 18 14 50 163  1.4  3.0 99.00 99.00 99.00 999 1013.9  11.6 999.0  10.6 99.0 99.00 
2024 05 18 15 00 168  1.3  3.5 99.00 99.00 99.00 999 1013.9  11.6 999.0  10.6 99.0 99.00 
2024 05 18 15 10 199  1.1  2.2  2.02 10.00  7.23 319 1014.1  11.6 999.0  10.6 99.0 99.00 
2024 05 18 15 20 226  1.1  1.9 99.00 99.00 99.00 999 1014.2  11.6 999.0  10.6 99.0 99.00 
2024 05 18 15 30 225  1.1  1.9 99.00 99.00 99.00 999 1014.3  11.6 999.0  10.6 99.0 99.00 
2024 05 18 15 40 221  0.9  1.9  2.01 10.00  7.23 315 1014.3  11.6 999.0  10.6 99.0 99.00 
2024 05 18 15 50 217  1.2  2.2 99.00 99.00 99.00 999 1014.4  11.6 999.0  10.6 99.0 99.00 
2024 05 18 16 00 223  0.6  2.0 99.00 99.00 99.00 999 1014.6  11.6 999.0  10.8 99.0 99.00 
2024 05 18 16 10 271  0.5  1.8  2.13 10.00  7.29 319 1014.6  11.6 999.0  10.8 99.0 99.00 
2024 05 18 16 20 281  1.0  2.0 99.00 99.00 99.00 999 1014.7  11.6 999.0  10.8 99.0 99.00 
2024 05 18 16 30 284  1.3  3.2 99.00 99.00 99.00 999 1014.8  11.6 999.0  10.8 99.0 99.00 
2024 05 18 16 40 304  2.0  3.7  2.39 10.00  7.87 312 1014.9  11.4 999.0  10.7 99.0 99.00 
2024 05 18 16 50 313  2.2  3.4 99.00 99.00 99.00 999 1014.9  11.3 999.0  10.8 99.0 99.00 
2024 05 18 17 00 312  2.0  3.5 99.00 99.00 99.00 999 1014.9  11.2 999.0  10.7 99.0 99.00 
2024 05 18 17 10 315  2.0  3.2  1.92 10.81  7.53 309 1014.9  11.2 999.0  10.8 99.0 99.00 
2024 05 18 17 20 313  2.2  3.0 99.00 99.00 99.00 999 1015.0  11.1 999.0  10.7 99.0 99.00 
2024 05 18 17 30 315  2.1  3.5 99.00 99.00 99.00 999 1014.9  11.1 999.0  10.7 99.0 99.00 
2024 05 18 17 40 315  2.2  3.4  1.81 11.43  7.26 308 1014.9  11.1 999.0  10.7 99.0 99.00 
2024 05 18 17 50 319  2.4  3.3 99.00 99.00 99.00 999 1015.0  11.1 999.0  10.7 99.0 99.00 
2024 05 18 18 00 321  2.5  3.5 99.00 99.00 99.00 999 1015.1  11.1 999.0  10.7 99.0 99.00 
2024 05 18 18 10 322  2.3  3.4  1.90 10.00  7.41 320 1015.3  11.2 999.0  10.8 99.0 99.00 
2024 05 18 18 20 327  2.5  3.7 99.00 99.00 99.00 999 1015.4  11.2 999.0  10.8 99.0 99.00 
2024 05 18 18 30 332  2.3  3.5 99.00 99.00 99.00 999 1015.3  11.3 999.0  10.9 99.0 99.00 
2024 05 18 18 40 347  1.7  3.0  1.99 10.00  7.33 311 1015.2  11.3 999.0  10.9 99.0 99.00 
2024 05 18 18 50   8  1.1  2.2 99.00 99.00 99.00 999 1015.1  11.4 999.0  11.0 99.0 99.00 
2024 05 18 19 00  15  0.4  1.2 99.00 99.00 99.00 999 1015.1  11.7 999.0  11.2 99.0 99.00 
2024 05 18 19 10 359  0.5  1.2  1.88 10.00  7.14 315 1015.3  11.8 999.0  11.3 99.0 99.00 
2024 05 18 19 20 339  0.4  1.4 99.00 99.00 99.00 999 1015.3  12.0 999.0  11.3 99.0 99.00 
2024 05 18 19 30 311  0.2  1.2 99.00 99.00 99.00 999 1015.4  12.3 999.0  11.4 99.0 99.00 
2024 05 18 19 40 293  0.2  1.1  1.92  8.33  7.03 314 1015.5  12.6 999.0  11.6 99.0 99.00 
2024 05 18 19 50 279  0.7  1.9 99.00 99.00 99.00 999 1015.5  12.4 999.0  11.3 99.0 99.00 
2024 05 18 20 00 242  0.5  1.8 99.00 99.00 99.00 999 1015.4  12.4 999.0  11.3 99.0 99.00 
2024 05 18 20 10 230  0.6  1.7  2.04 10.00  7.08 313 1015.5  12.4 999.0  11.3 99.0 99.00 
2024 05 18 20 20 266  0.8  2.5 99.00 99.00 99.00 999 1015.4  12.4 999.0  11.3 99.0 99.00 
2024 05 18 20 30 285  1.2  2.7 99.00 99.00 99.00 999 1015.4  12.3 999.0  11.1 99.0 99.00 
2024 05 18 20 40 285  1.6  3.3  2.13 10.00  7.36 315 1015.4  12.3 999.0  11.2 99.0 99.00 
2024 05 18 20 50 288  1.6  2.9 99.00 99.00 99.00 999 1015.4  12.2 999.0  11.2 99.0 99.00 
2024 05 18 21 00 304  1.4  2.7 99.00 99.00 99.00 999 1015.3  12.2 999.0  11.2 99.0 99.00 
2024 05 18 21 10 305  1.7  2.8  2.13  9.09  7.50 313 1015.3  12.2 999.0  11.2 99.0 99.00 
2024 05 18 21 20 312  2.1  3.4 99.00 99.00 99.00 999 1015.2  12.2 999.0  11.2 99.0 99.00 
2024 05 18 21 30 312  2.8  4.2 99.00 99.00 99.00 999 1015.3  12.1 999.0  11.2 99.0 99.00 
2024 05 18 21 40 307  2.7  4.2  2.02 10.00  7.31 315 1015.2  12.0 999.0  11.2 99.0 99.00 
2024 05 18 21 50 310  2.9  4.3 99.00 99.00 99.00 999 1015.2  12.0 999.0  11.3 99.0 99.00 
2024 05 18 22 00 309  3.1  4.6 99.00 99.00 99.00 999 1015.2  12.0 999.0  11.3 99.0 99.00 
2024 05 18 22 10 310  3.5  4.8  2.02 10.00  7.42 317 1015.2  11.9 999.0  11.2 99.0 99.00 
2024 05 18 22 20 311  3.4  4.6 99.00 99.00 99.00 999 1015.2  11.9 999.0  11.2 99.0 99.00 
2024 05 18 22 30 321  3.1  4.9 99.00 99.00 99.00 999 1015.1  12.0 999.0  11.3 99.0 99.00 
2024 05 18 22 40 325  4.1  5.5  2.09  8.33  7.57 308 1015.0  11.9 999.0  11.2 99.0 99.00 
2024 05 18 22 50 329  5.0  6.4 99.00 99.00 99.00 999 1014.9  11.9 999.0  11.1 99.0 99.00 
2024 05 18 23 00 331  5.2  6.8 99.00 99.00 99.00 999 1014.8  11.8 999.0  11.0 99.0 99.00 
2024 05 18 23 10 329  5.4  6.9  1.97  8.33  7.13 308 1014.7  11.9 999.0  11.1 99.0 99.00 
2024 05 18 23 20 328  4.7  6.0 99.00 99.00 99.00 999 1014.7  11.9 999.0  11.1 99.0 99.00 
2024 05 18 23 30 325  4.6  5.7 99.00 99.00 99.00 999 1014.6  11.9 999.0  11.1 99.0 99.00 
2024 05 18 23 40 324  4.6  6.2  1.83  9.09  7.36 310 1014.6  11.9 999.0  11.1 99.0 99.00 
2024 05 18 23 50 320  4.2  5.8 99.00 99.00 99.00 999 1014.5  11.8 999.0  11.0 99.0 99.00 
2024 05 19 00 00 315  4.4  6.2 99.00 99.00 99.00 999 1014.5  11.8 999.0  10.9 99.0 99.00 
2024 05 19 00 10 321  4.2  5.5  1.97 10.00  7.48 310 1014.4  11.8 999.0  10.8 99.0 99.00 
2024 05 19 00 20 314  4.6  6.1 99.00 99.00 99.00 999 1014.4  11.8 999.0  10.8 99.0 99.00 
2024 05 19 00 30 299  5.0  6.8 99.00 99.00 99.00 999 1014.4  11.7 999.0  10.7 99.0 99.00 
2024 05 19 00 40 298  5.1  7.2  1.96 10.00  7.55 312 1014.4  11.6 999.0  10.4 99.0 99.00 
2024 05 19 00 50 310  3.9  6.1 99.00 99.00 99.00 999 1014.3  11.7 999.0  10.4 99.0 99.00 
2024 05 19 01 00 315  5.7  7.6 99.00 99.00 99.00 999 1014.2  11.7 999.0  10.4 99.0 99.00 
2024 05 19 01 10 316  6.5  8.5  2.00  9.09  7.22 310 1014.1  11.6 999.0  10.2 99.0 99.00 
2024 05 19 01 20 320  6.7  8.7 99.00 99.00 99.00 999 1014.0  11.6 999.0  10.3 99.0 99.00 
2024 05 19 01 30 319  6.8  8.5 99.00 99.00 99.00 999 1014.0  11.7 999.0  10.3 99.0 99.00 
2024 05 19 01 40 318  6.9  8.8  1.96 10.81  7.04 309 1013.9  11.7 999.0  10.3 99.0 99.00 
2024 05 19 01 50 319  6.8  8.9 99.00 99.00 99.00 999 1013.9  11.7 999.0  10.3 99.0 99.00 
2024 05 19 02 00 321  7.0  8.6 99.00 99.00 99.00 999 1013.9  11.7 999.0  10.3 99.0 99.00 
2024 05 19 02 10 319  6.2  7.7  1.94 10.00  6.75 314 1013.8  11.7 999.0  10.4 99.0 99.00 
2024 05 19 02 20 319  6.6  8.4 99.00 99.00 99.00 999 1013.8  11.7 999.0  10.4 99.0 99.00 
2024 05 19 02 30 319  7.1  9.1 99.00 99.00 99.00 999 1013.9  11.6 999.0  10.2 99.0 99.00 
2024 05 19 02 40 321  6.5  8.6  2.08  9.09  6.59 314 1013.9  11.6 999.0  10.3 99.0 99.00 
2024 05 19 02 50 321  6.9  9.0 99.00 99.00 99.00 999 1014.0  11.6 999.0  10.2 99.0 99.00 
2024 05 19 03 00 320  7.2  8.9 99.00 99.00 99.00 999 1013.9  11.6 999.0  10.2 99.0 99.00 
2024 05 19 03 10 319  6.8  8.8  2.02 10.81  6.45 311 1014.0  11.6 999.0  10.3 99.0 99.00 
2024 05 19 03 20 318  7.3  9.0 99.00 99.00 99.00 999 1014.0  11.5 999.0  10.1 99.0 99.00 
2024 05 19 03 30 317  7.0  9.0 99.00 99.00 99.00 999 1014.0  11.5 999.0  10.2 99.0 99.00 
2024 05 19 03 40 315  7.3  9.1  2.15 10.81  6.62 309 1014.0  11.5 999.0  10.1 99.0 99.00 
2024 05 19 03 50 313  6.9  9.4 99.00 99.00 99.00 999 1014.1  11.5 999.0  10.2 99.0 99.00 
2024 05 19 04 00 314  7.2  9.2 99.00 99.00 99.00 999 1014.1  11.5 999.0  10.1 99.0 99.00 
2024 05 19 04 10 316  7.3  9.4  2.30 10.00  6.65 316 1014.1  11.5 999.0  10.2 99.0 99.00 
2024 05 19 04 20 317  7.1  8.9 99.00 99.00 99.00 999 1014.2  11.5 999.0  10.2 99.0 99.00 
2024 05 19 04 30 317  7.1  9.2 99.00 99.00 99.00 999 1014.3  11.5 999.0  10.2 99.0 99.00 
2024 05 19 04 40 317  7.2  9.1  2.41 10.00  6.73 309 1014.4  11.5 999.0  10.2 99.0 99.00 
2024 05 19 04 50 316  6.7  8.5 99.00 99.00 99.00 999 1014.5  11.5 999.0  10.2 99.0 99.00 
2024 05 19 05 00 314  6.7  8.4 99.00 99.00 99.00 999 1014.5  11.5 999.0  10.2 99.0 99.00 
2024 05 19 05 10 314  6.9  8.4  2.41 10.00  6.76 313 1014.6  11.5 999.0  10.2 99.0 99.00 
2024 05 19 05 20 316  7.1  9.2 99.00 99.00 99.00 999 1014.6  11.5 999.0  10.3 99.0 99.00 
2024 05 19 05 30 320  7.8 10.8 99.00 99.00 99.00 999 1014.7  11.5 999.0  10.2 99.0 99.00 
2024 05 19 05 40 321  8.2 10.1  2.43 10.81  6.59 315 1014.9  11.6 999.0  10.3 99.0 99.00 
2024 05 19 05 50 321  7.6 10.2 99.00 99.00 99.00 999 1015.1  11.6 999.0  10.3 99.0 99.00 
2024 05 19 06 00 320  7.3  9.2 99.00 99.00 99.00 999 1015.0  11.5 999.0  10.2 99.0 99.00 
2024 05 19 06 10 318  7.3  9.2  2.59 10.00  6.71 314 1015.0  11.5 999.0  10.2 99.0 99.00 
2024 05 19 06 20 318  7.4  9.1 99.00 99.00 99.00 999 1015.0  11.5 999.0  10.2 99.0 99.00 
2024 05 19 06 30 317  7.7  9.8 99.00 99.00 99.00 999 1014.9  11.4 999.0  10.1 99.0 99.00 
2024 05 19 06 40 318  8.1 10.3  2.49 10.00  6.72 317 1014.9  11.4 999.0  10.1 99.0 99.00 
2024 05 19 06 50 316  7.9  9.7 99.00 99.00 99.00 999 1015.0  11.4 999.0  10.1 99.0 99.00 
2024 05 19 07 00 319  8.2 11.0 99.00 99.00 99.00 999 1015.1  11.4 999.0  10.1 99.0 99.00 
2024 05 19 07 10 320  8.4 10.5  2.72 10.00  7.26 318 1015.0  11.3 999.0  10.0 99.0 99.00 
2024 05 19 07 20 319  8.7 11.0 99.00 99.00 99.00 999 1015.0  11.3 999.0  10.0 99.0 99.00 
2024 05 19 07 30 320  9.2 11.3 99.00 99.00 99.00 999 1014.9  11.3 999.0  10.0 99.0 99.00 
2024 05 19 07 40 319  9.6 12.1  2.63 10.00  6.75 310 1014.9  11.3 999.0  10.0 99.0 99.00 
2024 05 19 07 50 318  9.9 12.1 99.00 99.00 99.00 999 1014.9  11.3 999.0  10.0 99.0 99.00 
2024 05 19 08 00 320  9.8 13.4 99.00 99.00 99.00 999 1014.9  11.2 999.0   9.9 99.0 99.00 
2024 05 19 08 10 321  9.9 12.1  2.83 10.81  6.73 309 1014.9  11.2 999.0   9.9 99.0 99.00 
2024 05 19 08 20 320 10.5 14.2 99.00 99.00 99.00 999 1014.9  11.2 999.0   9.9 99.0 99.00 
2024 05 19 08 30 322 10.7 13.1 99.00 99.00 99.00 999 1014.9  11.2 999.0   9.9 99.0 99.00 
2024 05 19 08 40 327  9.8 12.4  2.53  9.09  6.46 314 1015.1  11.1 999.0   9.8 99.0 99.00 
2024 05 19 08 50 327  8.5 10.3 99.00 99.00 99.00 999 1015.3  11.1 999.0   9.8 99.0 99.00 
2024 05 19 09 00 321  8.3 10.8 99.00 99.00 99.00 999 1015.2  11.1 999.0   9.8 99.0 99.00 
2024 05 19 09 10 319  8.4 10.7  2.50 10.00  6.58 314 1015.1  11.0 999.0   9.7 99.0 99.00 
2024 05 19 09 20 318  8.5 11.1 99.00 99.00 99.00 999 1015.0  11.0 999.0   9.7 99.0 99.00 
2024 05 19 09 30 318  8.5 10.8 99.00 99.00 99.00 999 1015.0  11.0 999.0   9.8 99.0 99.00 
2024 05 19 09 40 323  9.5 12.0  2.83  9.09  6.89 310 1014.9  11.0 999.0   9.9 99.0 99.00 
2024 05 19 09 50 326  9.8 12.5 99.00 99.00 99.00 999 1014.7  11.0 999.0   9.9 99.0 99.00 
2024 05 19 10 00 326 10.2 12.6 99.00 99.00 99.00 999 1014.9  11.0 999.0   9.9 99.0 99.00 
2024 05 19 10 10 328 10.2 12.2  2.67  9.09  6.48 314 1015.0  11.0 999.0  10.0 99.0 99.00 
2024 05 19 10 20 334 10.0 12.1 99.00 99.00 99.00 999 1015.1  11.0 999.0   9.9 99.0 99.00 
2024 05 19 10 30 334  9.4 11.5 99.00 99.00 99.00 999 1015.3  11.0 999.0   9.9 99.0 99.00 
2024 05 19 10 40 334  9.0 11.4  2.81 10.00  6.72 315 1015.4  10.9 999.0   9.8 99.0 99.00 
2024 05 19 10 50 331  8.5 10.8 99.00 99.00 99.00 999 1015.4  10.9 999.0   9.8 99.0 99.00 
2024 05 19 11 00 329  8.4 10.8 99.00 99.00 99.00 999 1015.4  10.9 999.0   9.8 99.0 99.00 
2024 05 19 11 10 330  9.1 11.3  2.73 10.81  6.77 303 1015.4  10.8 999.0   9.7 99.0 99.00 
2024 05 19 11 20 331  9.8 12.3 99.00 99.00 99.00 999 1015.4  10.8 999.0   9.7 99.0 99.00 
2024 05 19 11 30 330 10.2 13.1 99.00 99.00 99.00 999 1015.3  10.8 999.0   9.7 99.0 99.00 
2024 05 19 11 40 330 10.3 12.6  2.86 10.00  6.81 314 1015.4  10.8 999.0   9.7 99.0 99.00 
2024 05 19 11 50 329  9.8 12.2 99.00 99.00 99.00 999 1015.4  10.8 999.0   9.8 99.0 99.00 
2024 05 19 12 00 333  9.7 12.3 99.00 99.00 99.00 999 1015.5  10.8 999.0   9.8 99.0 99.00 
2024 05 19 12 10 332  9.2 11.7  2.71  7.69  6.57 312 1015.6  10.7 999.0   9.7 99.0 99.00 
2024 05 19 12 20 331  9.3 12.3 99.00 99.00 99.00 999 1015.6  10.7 999.0   9.7 99.0 99.00 
2024 05 19 12 30 332  9.8 12.1 99.00 99.00 99.00 999 1015.7  10.7 999.0   9.7 99.0 99.00 
2024 05 19 12 40 333  9.6 12.3  2.89  9.09  6.68 315 1015.7  10.7 999.0   9.6 99.0 99.00 
2024 05 19 12 50 331  9.7 12.4 99.00 99.00 99.00 999 1015.7  10.7 999.0   9.6 99.0 99.00 
2024 05 19 13 00 330  9.1 11.6 99.00 99.00 99.00 999 1015.8  10.7 999.0   9.6 99.0 99.00 
2024 05 19 13 10 328  9.4 11.7  3.10  9.09  7.08 314 1015.8  10.7 999.0   9.6 99.0 99.00 
2024 05 19 13 20 329  9.9 12.5 99.00 99.00 99.00 999 1016.0  10.7 999.0   9.6 99.0 99.00 
2024 05 19 13 30 331 10.2 12.5 99.00 99.00 99.00 999 1016.0  10.7 999.0   9.6 99.0 99.00 
2024 05 19 13 40 330 10.0 12.5  2.97  9.09  6.66 317 1016.1  10.7 999.0   9.6 99.0 99.00 
2024 05 19 13 50 328 10.3 13.3 99.00 99.00 99.00 999 1016.3  10.8 999.0   9.6 99.0 99.00 
2024 05 19 14 00 327 10.5 13.7 99.00 99.00 99.00 999 1016.4  10.8 999.0   9.6 99.0 99.00 
2024 05 19 14 10 329 10.3 13.0  3.26  9.09  6.98 317 1016.5  10.8 999.0   9.6 99.0 99.00 
2024 05 19 14 20 332 10.9 13.9 99.00 99.00 99.00 999 1016.6  10.7 999.0   9.4 99.0 99.00 
2024 05 19 14 30 331 10.1 13.9 99.00 99.00 99.00 999 1016.6  10.7 999.0   9.6 99.0 99.00 
2024 05 19 14 40 332  9.7 13.4  3.26 10.00  7.05 315 1016.6  10.7 999.0   9.6 99.0 99.00 
2024 05 19 14 50 329  9.7 12.1 99.00 99.00 99.00 999 1016.6  10.7 999.0   9.6 99.0 99.00 
2024 05 19 15 00 329 10.0 14.3 99.00 99.00 99.00 999 1016.6  10.7 999.0   9.6 99.0 99.00 
2024 05 19 15 10 326 10.3 13.3  3.14 10.00  6.63 315 1016.7  10.7 999.0   9.6 99.0 99.00 
2024 05 19 15 20 326 10.3 12.9 99.00 99.00 99.00 999 1016.8  10.8 999.0   9.6 99.0 99.00 
2024 05 19 15 30 327 10.3 12.8 99.00 99.00 99.00 999 1016.9  10.8 999.0   9.6 99.0 99.00 
2024 05 19 15 40 329 10.1 13.0  3.06  9.09  6.64 310 1017.0  10.8 999.0   9.5 99.0 99.00 
2024 05 19 15 50 328 10.2 12.5 99.00 99.00 99.00 999 1017.0  10.7 999.0   9.4 99.0 99.00 
2024 05 19 16 00 327  9.9 12.9 99.00 99.00 99.00 999 1017.0  10.8 999.0   9.5 99.0 99.00 
2024 05 19 16 10 326  9.7 12.4  2.88  9.09  6.58 319 1017.1  10.8 999.0   9.5 99.0 99.00 
2024 05 19 16 20 324 10.2 12.9 99.00 99.00 99.00 999 1017.2  10.8 999.0   9.5 99.0 99.00 
2024 05 19 16 30 322 10.4 12.5 99.00 99.00 99.00 999 1017.3  10.8 999.0   9.5 99.0 99.00 
2024 05 19 16 40 325 10.5 13.2  3.02  9.09  6.55 308 1017.2  10.8 999.0   9.5 99.0 99.00 
2024 05 19 16 50 321 11.2 14.1 99.00 99.00 99.00 999 1017.4  10.8 999.0   9.5 99.0 99.00 
2024 05 19 17 00 324 11.3 14.7 99.00 99.00 99.00 999 1017.2  10.8 999.0   9.5 99.0 99.00 
2024 05 19 17 10 320 11.4 14.2  3.11 10.00  6.70 315 1017.3  10.8 999.0   9.4 99.0 99.00 
2024 05 19 17 20 321 11.0 14.2 99.00 99.00 99.00 999 1017.3  10.8 999.0   9.5 99.0 99.00 
2024 05 19 17 30 318 11.3 14.5 99.00 99.00 99.00 999 1017.3  10.8 999.0   9.4 99.0 99.00 
2024 05 19 17 40 318 11.2 14.3  2.81  9.09  6.31 318 1017.3  10.8 999.0   9.4 99.0 99.00 
2024 05 19 17 50 318 11.0 14.2 99.00 99.00 99.00 999 1017.2  10.8 999.0   9.4 99.0 99.00 
2024 05 19 18 00 320 10.7 13.4 99.00 99.00 99.00 999 1017.3  10.8 999.0   9.4 99.0 99.00 
2024 05 19 18 10 321 10.5 13.4  3.03 10.00  6.64 317 1017.3  10.9 999.0   9.5 99.0 99.00 
2024 05 19 18 20 318 11.4 14.3 99.00 99.00 99.00 999 1017.4  10.9 999.0   9.4 99.0 99.00 
2024 05 19 18 30 315 11.5 15.2 99.00 99.00 99.00 999 1017.3  10.9 999.0   9.4 99.0 99.00 
2024 05 19 18 40 315 11.5 14.3  3.11 10.00  6.62 311 1017.3  10.9 999.0   9.4 99.0 99.00 
2024 05 19 18 50 314 10.6 14.3 99.00 99.00 99.00 999 1017.2  10.9 999.0   9.4 99.0 99.00 
2024 05 19 19 00 313 11.6 15.0 99.00 99.00 99.00 999 1017.3  10.9 999.0   9.3 99.0 99.00 
2024 05 19 19 10 312 11.6 14.6  2.84  9.09  6.33 307 1017.2  11.0 999.0   9.4 99.0 99.00 
2024 05 19 19 20 312 11.3 13.8 99.00 99.00 99.00 999 1017.1  10.9 999.0   9.4 99.0 99.00 
2024 05 19 19 30 316 11.5 14.3 99.00 99.00 99.00 999 1017.1  10.9 999.0   9.3 99.0 99.00 
2024 05 19 19 40 314 11.6 15.2  2.82 10.00  6.29 301 1017.0  10.9 999.0   9.3 99.0 99.00 
2024 05 19 19 50 315 12.0 15.3 99.00 99.00 99.00 999 1017.0  11.0 999.0   9.4 99.0 99.00 
2024 05 19 20 00 315 11.8 14.8 99.00 99.00 99.00 999 1017.0  11.0 999.0   9.3 99.0 99.00 
2024 05 19 20 10 317 10.8 13.9  2.88  9.09  6.25 302 1017.0  11.0 999.0   9.4 99.0 99.00 
2024 05 19 20 20 316 11.5 14.7 99.00 99.00 99.00 999 1016.8  11.0 999.0   9.3 99.0 99.00 
2024 05 19 20 30 317 12.4 15.2 99.00 99.00 99.00 999 1016.7  11.1 999.0   9.3 99.0 99.00 
2024 05 19 20 40 317 12.4 15.7  3.07 10.00  6.48 299 1016.4  11.1 999.0   9.3 99.0 99.00 
2024 05 19 20 50 313 13.3 16.9 99.00 99.00 99.00 999 1016.3  11.1 999.0   9.3 99.0 99.00 
2024 05 19 21 00 313 13.4 17.3 99.00 99.00 99.00 999 1016.3  11.1 999.0   9.2 99.0 99.00 
2024 05 19 21 10 313 13.6 16.9  3.44  9.09  6.50 310 1016.1  11.1 999.0   9.3 99.0 99.00 
2024 05 19 21 20 310 14.1 18.0 99.00 99.00 99.00 999 1016.1  11.0 999.0   9.2 99.0 99.00 
2024 05 19 21 30 311 13.7 17.4 99.00 99.00 99.00 999 1016.1  11.0 999.0   9.3 99.0 99.00 
2024 05 19 21 40 309 14.2 18.8  2.92  9.09  6.13 306 1015.9  11.1 999.0   9.3 99.0 99.00 
2024 05 19 21 50 309 14.6 18.0 99.00 99.00 99.00 999 1015.8  11.1 999.0   9.3 99.0 99.00 
2024 05 19 22 00 310 14.6 19.4 99.00 99.00 99.00 999 1015.7  11.1 999.0   9.2 99.0 99.00 
2024 05 19 22 10 311 14.9 19.5  3.30  9.09  6.31 313 1015.6  11.2 999.0   9.3 99.0 99.00 
2024 05 19 22 20 311 15.0 18.9 99.00 99.00 99.00 999 1015.6  11.2 999.0   9.2 99.0 99.00 
2024 05 19 22 30 312 15.0 19.2 99.00 99.00 99.00 999 1015.4  11.1 999.0   9.1 99.0 99.00 
2024 05 19 22 40 312 15.2 19.1  3.35  8.33  6.45 320 1015.4  11.2 999.0   9.2 99.0 99.00 
2024 05 19 22 50 313 15.0 18.3 99.00 99.00 99.00 999 1015.4  11.1 999.0   9.1 99.0 99.00 
2024 05 19 23 00 314 14.8 18.4 99.00 99.00 99.00 999 1015.5  11.1 999.0   9.1 99.0 99.00 
2024 05 19 23 10 315 15.0 19.3  3.46  9.09  6.49 315 1015.3  11.1 999.0   9.1 99.0 99.00 
2024 05 19 23 20 314 14.4 17.7 99.00 99.00 99.00 999 1015.3  11.1 999.0   9.2 99.0 99.00 
2024 05 19 23 30 313 14.5 18.6 99.00 99.00 99.00 999 1015.1  11.1 999.0   9.2 99.0 99.00 
2024 05 19 23 40 313 14.5 18.3  3.52  9.09  6.49 319 1015.0  11.1 999.0   9.2 99.0 99.00 
2024 05 19 23 50 312 14.6 18.4 99.00 99.00 99.00 999 1015.1  11.1 999.0   9.2 99.0 99.00 
2024 05 20 00 00 313 13.8 17.5 99.00 99.00 99.00 999 1014.9  11.1 999.0   9.2 99.0 99.00 
2024 05 20 00 10 311 14.5 18.3  3.57  9.09  6.52 318 1014.7  11.1 999.0   9.2 99.0 99.00 
2024 05 20 00 20 309 14.9 18.7 99.00 99.00 99.00 999 1014.6  11.1 999.0   9.2 99.0 99.00 
2024 05 20 00 30 310 14.9 18.9 99.00 99.00 99.00 999 1014.5  11.1 999.0   9.2 99.0 99.00 
2024 05 20 00 40 311 15.0 18.8  3.34  8.33  6.53 321 1014.2  11.1 999.0   9.2 99.0 99.00 
2024 05 20 00 50 311 15.7 19.5 99.00 99.00 99.00 999 1014.2  11.1 999.0   9.2 99.0 99.00 
2024 05 20 01 00 311 15.3 19.7 99.00 99.00 99.00 999 1014.2  11.1 999.0   9.2 99.0 99.00 
2024 05 20 01 10 313 15.0 18.5  3.55  8.33  6.74 324 1014.3  11.1 999.0   9.2 99.0 99.00 
2024 05 20 01 20 314 14.4 19.5 99.00 99.00 99.00 999 1014.3  11.1 999.0   9.3 99.0 99.00 
2024 05 20 01 30 311 14.3 17.9 99.00 99.00 99.00 999 1014.3  11.1 999.0   9.3 99.0 99.00 
2024 05 20 01 40 311 14.1 18.0  3.83  9.09  6.84 320 1014.1  11.1 999.0   9.3 99.0 99.00 
2024 05 20 01 50 310 13.9 18.3 99.00 99.00 99.00 999 1013.9  11.1 999.0   9.3 99.0 99.00 
2024 05 20 02 00 309 14.1 18.1 99.00 99.00 99.00 999 1013.8  11.0 999.0   9.2 99.0 99.00 
2024 05 20 02 10 310 14.3 18.6  3.86  9.09  6.80 324 1013.9  11.0 999.0   9.2 99.0 99.00 
2024 05 20 02 20 311 13.7 17.9 99.00 99.00 99.00 999 1013.9  11.0 999.0   9.3 99.0 99.00 
2024 05 20 02 30 311 14.2 19.7 99.00 99.00 99.00 999 1013.9  11.0 999.0   9.3 99.0 99.00 
2024 05 20 02 40 310 14.1 18.3  3.78  9.09  6.88 313 1013.8  10.9 999.0   9.3 99.0 99.00 
2024 05 20 02 50 311 14.8 19.2 99.00 99.00 99.00 999 1013.5  11.0 999.0   9.4 99.0 99.00 
2024 05 20 03 00 312 15.2 18.8 99.00 99.00 99.00 999 1013.4  11.0 999.0   9.3 99.0 99.00 
2024 05 20 03 10 311 14.9 18.7  3.84  9.09  6.76 326 1013.4  10.9 999.0   9.3 99.0 99.00 
2024 05 20 03 20 312 15.2 20.1 99.00 99.00 99.00 999 1013.4  10.9 999.0   9.3 99.0 99.00 
2024 05 20 03 30 313 14.7 18.6 99.00 99.00 99.00 999 1013.5  10.8 999.0   9.2 99.0 99.00 
2024 05 20 03 40 312 14.3 18.2  3.81 10.00  6.75 318 1013.4  10.8 999.0   9.2 99.0 99.00 
2024 05 20 03 50 312 14.6 19.8 99.00 99.00 99.00 999 1013.4  10.8 999.0   9.2 99.0 99.00 
2024 05 20 04 00 312 14.9 18.6 99.00 99.00 99.00 999 1013.4  10.8 999.0   9.2 99.0 99.00 
2024 05 20 04 10 313 14.8 19.0  3.86  9.09  6.88 323 1013.5  10.7 999.0   9.2 99.0 99.00 
2024 05 20 04 20 314 14.8 18.4 99.00 99.00 99.00 999 1013.6  10.7 999.0   9.1 99.0 99.00 
2024 05 20 04 30 312 14.8 18.6 99.00 99.00 99.00 999 1013.7  10.7 999.0   9.2 99.0 99.00 
2024 05 20 04 40 312 14.5 18.1  3.76 10.00  6.86 316 1013.8  10.7 999.0   9.2 99.0 99.00 
2024 05 20 04 50 312 14.5 17.4 99.00 99.00 99.00 999 1013.9  10.7 999.0   9.2 99.0 99.00 
2024 05 20 05 00 312 13.7 17.0 99.00 99.00 99.00 999 1013.9  10.7 999.0   9.3 99.0 99.00 
2024 05 20 05 10 312 14.3 17.8  3.86  9.09  6.90 321 1013.9  10.7 999.0   9.3 99.0 99.00 
2024 05 20 05 20 311 14.0 17.8 99.00 99.00 99.00 999 1013.9  10.6 999.0   9.2 99.0 99.00 
2024 05 20 05 30 310 13.7 18.1 99.00 99.00 99.00 999 1013.8  10.6 999.0   9.2 99.0 99.00 
2024 05 20 05 40 312 12.9 17.2  3.72 10.00  6.99 315 1013.9  10.6 999.0   9.3 99.0 99.00 
2024 05 20 05 50 315 13.5 17.5 99.00 99.00 99.00 999 1013.8  10.6 999.0   9.2 99.0 99.00 
2024 05 20 06 00 315 13.5 16.9 99.00 99.00 99.00 999 1013.6  10.6 999.0   9.2 99.0 99.00 
2024 05 20 06 10 313 13.9 17.2 99.00 99.00 99.00 999 1013.4  10.6 999.0   9.2 99.0 99.00 
2024 05 20 06 20 313 13.7 17.3 99.00 99.00 99.00 999 1013.3  10.5 999.0   9.2 99.0 99.00 
2024 05 20 06 30 313 13.8 16.9 99.00 99.00 99.00 999 1013.4  10.5 999.0   9.2 99.0 99.00 
2024 05 20 06 40 313 13.7 17.7  3.74 10.00  6.86 315 1013.3  10.5 999.0   9.2 99.0 99.00 
2024 05 20 06 50 312 13.9 18.0 99.00 99.00 99.00 999 1013.2  10.5 999.0   9.2 99.0 99.00 
2024 05 20 07 00 313 13.6 17.3 99.00 99.00 99.00 999 1013.4  10.5 999.0   9.2 99.0 99.00 
2024 05 20 07 10 316 13.6 16.8  4.05  9.09  7.05 321 1013.4  10.5 999.0   9.2 99.0 99.00 
2024 05 20 07 20 319 13.3 17.2 99.00 99.00 99.00 999 1013.5  10.5 999.0   9.2 99.0 99.00 
2024 05 20 07 30 320 13.4 17.0 99.00 99.00 99.00 999 1013.4  10.5 999.0   9.2 99.0 99.00 
2024 05 20 07 40 323 13.2 16.7  3.80  9.09  6.99 321 1013.6  10.5 999.0   9.2 99.0 99.00 
2024 05 20 07 50 322 13.2 17.3 99.00 99.00 99.00 999 1013.7  10.5 999.0   9.2 99.0 99.00 
2024 05 20 08 00 323 12.5 15.3 99.00 99.00 99.00 999 1013.6  10.4 999.0   9.2 99.0 99.00 
2024 05 20 08 10 321 13.2 16.8  3.46  9.09  6.74 316 1013.4  10.4 999.0   9.2 99.0 99.00 
2024 05 20 08 20 320 13.4 16.5 99.00 99.00 99.00 999 1013.2  10.4 999.0   9.1 99.0 99.00 
2024 05 20 08 30 318 13.8 17.5 99.00 99.00 99.00 999 1013.0  10.4 999.0   9.1 99.0 99.00 
2024 05 20 08 40 317 13.3 16.8  3.43  9.09  6.69 313 1012.8  10.4 999.0   9.1 99.0 99.00 
2024 05 20 08 50 319 13.3 16.9 99.00 99.00 99.00 999 1012.7  10.4 999.0   9.1 99.0 99.00 
2024 05 20 09 00 318 13.0 17.1 99.00 99.00 99.00 999 1012.7  10.4 999.0   9.2 99.0 99.00 
2024 05 20 09 10 318 13.0 16.4  3.29  9.09  6.59 313 1012.7  10.4 999.0   9.3 99.0 99.00 
2024 05 20 09 20 320 12.4 15.5 99.00 99.00 99.00 999 1012.7  10.4 999.0   9.3 99.0 99.00 
2024 05 20 09 30 322 12.1 15.5 99.00 99.00 99.00 999 1012.7  10.3 999.0   9.2 99.0 99.00 
2024 05 20 09 40 320 12.0 14.8  3.38  9.09  6.74 311 1012.6  10.3 999.0   9.2 99.0 99.00 
2024 05 20 09 50 318 11.9 15.1 99.00 99.00 99.00 999 1012.6  10.3 999.0   9.2 99.0 99.00 
2024 05 20 10 00 318 11.4 14.3 99.00 99.00 99.00 999 1012.6  10.3 999.0   9.3 99.0 99.00 
2024 05 20 10 10 318 11.8 14.3  3.57  8.33  6.92 320 1012.5  10.3 999.0   9.3 99.0 99.00 
2024 05 20 10 20 320 11.4 14.7 99.00 99.00 99.00 999 1012.6  10.3 999.0   9.3 99.0 99.00 
2024 05 20 10 30 319 11.8 14.9 99.00 99.00 99.00 999 1012.5  10.3 999.0   9.3 99.0 99.00 
2024 05 20 10 40 318 12.1 15.3  3.48  9.09  6.82 320 1012.5  10.3 999.0   9.3 99.0 99.00 
2024 05 20 10 50 319 11.4 15.0 99.00 99.00 99.00 999 1012.5  10.3 999.0   9.3 99.0 99.00 
2024 05 20 11 00 322 11.8 14.8 99.00 99.00 99.00 999 1012.7  10.4 999.0   9.4 99.0 99.00 
2024 05 20 11 10 323 11.4 14.4  3.41  9.09  6.83 318 1012.7  10.4 999.0   9.4 99.0 99.00 
2024 05 20 11 20 324 11.6 15.5 99.00 99.00 99.00 999 1012.7  10.4 999.0   9.4 99.0 99.00 
2024 05 20 11 30 323 11.6 14.7 99.00 99.00 99.00 999 1012.7  10.4 999.0   9.4 99.0 99.00 
2024 05 20 11 40 324 11.4 14.2  3.39 10.00  6.92 314 1012.7  10.4 999.0   9.4 99.0 99.00 
2024 05 20 11 50 323 11.1 14.1 99.00 99.00 99.00 999 1012.9  10.5 999.0   9.4 99.0 99.00 
2024 05 20 12 00 323 10.2 12.6 99.00 99.00 99.00 999 1013.0  10.5 999.0   9.4 99.0 99.00 
2024 05 20 12 10 322 10.2 12.7  3.51 10.00  6.89 313 1013.0  10.5 999.0   9.5 99.0 99.00 
2024 05 20 12 20 324 10.1 12.8 99.00 99.00 99.00 999 1013.1  10.4 999.0   9.4 99.0 99.00 
2024 05 20 12 30 325  9.8 12.1 99.00 99.00 99.00 999 1013.1  10.4 999.0   9.4 99.0 99.00 
2024 05 20 12 40 323  9.5 12.3  3.29 10.00  6.70 317 1013.1  10.4 999.0   9.4 99.0 99.00 
2024 05 20 12 50 324  8.8 11.2 99.00 99.00 99.00 999 1013.2  10.4 999.0   9.4 99.0 99.00 
2024 05 20 13 00 322  9.3 11.3 99.00 99.00 99.00 999 1013.3  10.5 999.0   9.4 99.0 99.00 
2024 05 20 13 10 320  8.9 11.2  3.11  9.09  6.89 317 1013.4  10.5 999.0   9.5 99.0 99.00 
2024 05 20 13 20 321  8.9 12.4 99.00 99.00 99.00 999 1013.4  10.5 999.0   9.5 99.0 99.00 
2024 05 20 13 30 320  8.8 11.3 99.00 99.00 99.00 999 1013.5  10.5 999.0   9.5 99.0 99.00 
2024 05 20 13 40 320  8.5 11.1  3.54 10.00  7.12 317 1013.7  10.5 999.0   9.5 99.0 99.00 
2024 05 20 13 50 319  8.7 11.3 99.00 99.00 99.00 999 1013.7  10.5 999.0   9.5 99.0 99.00 
2024 05 20 14 00 319  8.7 11.0 99.00 99.00 99.00 999 1013.8  10.5 999.0   9.5 99.0 99.00 
2024 05 20 14 10 319  8.4 10.6  3.54  9.09  7.09 320 1013.9  10.5 999.0   9.5 99.0 99.00 
2024 05 20 14 20 319  8.6 10.5 99.00 99.00 99.00 999 1014.1  10.5 999.0   9.5 99.0 99.00 
2024 05 20 14 30 318  8.6 10.7 99.00 99.00 99.00 999 1014.2  10.5 999.0   9.5 99.0 99.00 
2024 05 20 14 40 317  8.7 11.1  3.31 10.00  7.19 313 1014.3  10.5 999.0   9.5 99.0 99.00 
2024 05 20 14 50 316  8.4 10.7 99.00 99.00 99.00 999 1014.4  10.6 999.0   9.6 99.0 99.00 
2024 05 20 15 00 317  8.4 10.5 99.00 99.00 99.00 999 1014.4  10.6 999.0   9.6 99.0 99.00 
2024 05 20 15 10 317  8.5 11.0  3.23  9.09  7.08 317 1014.5  10.6 999.0   9.6 99.0 99.00 
2024 05 20 15 20 319  7.9 10.4 99.00 99.00 99.00 999 1014.6  10.6 999.0   9.6 99.0 99.00 
2024 05 20 15 30 320  7.9 10.0 99.00 99.00 99.00 999 1014.7  10.5 999.0   9.5 99.0 99.00 
2024 05 20 15 40 318  7.6  9.7  3.16 10.00  7.19 314 1014.8  10.5 999.0   9.5 99.0 99.00 
2024 05 20 15 50 322  7.3  9.2 99.00 99.00 99.00 999 1014.9  10.5 999.0   9.5 99.0 99.00 
2024 05 20 16 00 322  7.0  8.9 99.00 99.00 99.00 999 1014.9  10.5 999.0   9.6 99.0 99.00 
2024 05 20 16 10 319  6.5  8.2  3.53 10.00  7.46 324 1014.9  10.5 999.0   9.7 99.0 99.00 
2024 05 20 16 20 319  6.3  8.5 99.00 99.00 99.00 999 1015.1  10.5 999.0   9.7 99.0 99.00 
2024 05 20 16 30 316  6.3  8.5 99.00 99.00 99.00 999 1015.1  10.5 999.0   9.7 99.0 99.00 
2024 05 20 16 40 317  7.1  9.5  3.26 10.00  7.31 320 1015.0  10.5 999.0   9.6 99.0 99.00 
2024 05 20 16 50 318  7.1  9.6 99.00 99.00 99.00 999 1015.1  10.5 999.0   9.7 99.0 99.00 
2024 05 20 17 00 319  7.0  9.8 99.00 99.00 99.00 999 1015.2  10.5 999.0   9.7 99.0 99.00 
2024 05 20 17 10 320  7.5  9.9  3.39 10.00  7.60 318 1015.2  10.5 999.0   9.6 99.0 99.00 
2024 05 20 17 20 321  8.0 10.3 99.00 99.00 99.00 999 1015.3  10.5 999.0   9.6 99.0 99.00 
2024 05 20 17 30 320  7.9 10.3 99.00 99.00 99.00 999 1015.3  10.5 999.0   9.5 99.0 99.00 
2024 05 20 17 40 320  7.6 10.2  3.34 10.00  7.35 323 1015.3  10.5 999.0   9.5 99.0 99.00 
2024 05 20 17 50 321  7.7 10.0 99.00 99.00 99.00 999 1015.4  10.6 999.0   9.6 99.0 99.00 
2024 05 20 18 00 323  7.6 10.4 99.00 99.00 99.00 999 1015.4  10.6 999.0   9.6 99.0 99.00 
2024 05 20 18 10 321  7.7  9.6  3.06 10.00  7.01 318 1015.4  10.6 999.0   9.6 99.0 99.00 
2024 05 20 18 20 320  7.5  9.5 99.00 99.00 99.00 999 1015.5  10.6 999.0   9.6 99.0 99.00 
2024 05 20 18 30 319  7.5 10.3 99.00 99.00 99.00 999 1015.6  10.6 999.0   9.6 99.0 99.00 
2024 05 20 18 40 318  7.5  9.5  2.98 10.00  7.11 317 1015.6  10.7 999.0   9.6 99.0 99.00 
2024 05 20 18 50 316  7.4  9.6 99.00 99.00 99.00 999 1015.5  10.7 999.0   9.6 99.0 99.00 
2024 05 20 19 00 314  7.6  9.6 99.00 99.00 99.00 999 1015.5  10.7 999.0   9.6 99.0 99.00 
2024 05 20 19 10 313  7.9  9.8  3.20 10.00  7.18 315 1015.6  10.7 999.0   9.6 99.0 99.00 
2024 05 20 19 20 313  8.3 10.3 99.00 99.00 99.00 999 1015.6  10.7 999.0   9.6 99.0 99.00 
2024 05 20 19 30 313  8.5 10.5 99.00 99.00 99.00 999 1015.5  10.7 999.0   9.6 99.0 99.00 
2024 05 20 19 40 315  8.6 11.1  3.25 10.00  7.35 317 1015.6  10.7 999.0   9.6 99.0 99.00 
2024 05 20 19 50 316  8.7 11.0 99.00 99.00 99.00 999 1015.5  10.7 999.0   9.6 99.0 99.00 
2024 05 20 20 00 317  8.9 11.6 99.00 99.00 99.00 999 1015.5  10.7 999.0   9.5 99.0 99.00 
2024 05 20 20 10 317  8.5 10.6  3.09 10.00  7.08 314 1015.6  10.8 999.0   9.5 99.0 99.00 
2024 05 20 20 20 319  8.2 10.7 99.00 99.00 99.00 999 1015.6  10.9 999.0   9.6 99.0 99.00 
2024 05 20 20 30 318  8.2 10.3 99.00 99.00 99.00 999 1015.5  10.9 999.0   9.6 99.0 99.00 
2024 05 20 20 40 320  8.4 10.8  2.91 10.00  6.83 319 1015.5  10.9 999.0   9.6 99.0 99.00 
2024 05 20 20 50 320  8.4 10.9 99.00 99.00 99.00 999 1015.5  11.0 999.0   9.7 99.0 99.00 
2024 05 20 21 00 318  8.8 10.9 99.00 99.00 99.00 999 1015.5  11.0 999.0   9.6 99.0 99.00 
2024 05 20 21 10 320  8.9 11.1  3.11 10.00  6.88 317 1015.4  11.1 999.0   9.6 99.0 99.00 
2024 05 20 21 20 321  8.3 11.0 99.00 99.00 99.00 999 1015.3  11.1 999.0   9.6 99.0 99.00 
2024 05 20 21 30 322  8.5 11.2 99.00 99.00 99.00 999 1015.3  11.1 999.0   9.6 99.0 99.00 
2024 05 20 21 40 324  8.6 11.2  3.23 10.00  6.95 322 1015.2  11.2 999.0   9.6 99.0 99.00 
2024 05 20 21 50 324  8.4 10.7 99.00 99.00 99.00 999 1015.3  11.3 999.0   9.7 99.0 99.00 
2024 05 20 22 00 322  9.0 12.4 99.00 99.00 99.00 999 1015.1  11.3 999.0   9.6 99.0 99.00 
2024 05 20 22 10 320  9.8 12.6  3.14  9.09  6.81 324 1014.9  11.3 999.0   9.5 99.0 99.00 
2024 05 20 22 20 319 11.0 13.6 99.00 99.00 99.00 999 1014.7  11.3 999.0   9.5 99.0 99.00 
2024 05 20 22 30 320 11.2 14.3 99.00 99.00 99.00 999 1014.5  11.3 999.0   9.5 99.0 99.00 
2024 05 20 22 40 321 11.5 14.9  3.60 10.00  7.10 322 1014.4  11.4 999.0   9.6 99.0 99.00 
2024 05 20 22 50 322 11.9 14.8 99.00 99.00 99.00 999 1014.2  11.4 999.0   9.6 99.0 99.00 
2024 05 20 23 00 321 12.6 15.5 99.00 99.00 99.00 999 1014.3  11.4 999.0   9.5 99.0 99.00 
2024 05 20 23 10 322 12.4 16.4  3.73 10.00  6.99 318 1014.2  11.4 999.0   9.5 99.0 99.00 
2024 05 20 23 20 323 12.0 15.7 99.00 99.00 99.00 999 1014.2  11.4 999.0   9.5 99.0 99.00 
2024 05 20 23 30 322 12.1 15.2 99.00 99.00 99.00 999 1014.2  11.4 999.0   9.5 99.0 99.00 
2024 05 20 23 40 321 12.1 15.5  3.98  8.33  7.13 314 1014.1  11.1 999.0   9.8 99.0 99.00 
2024 05 20 23 50 321 12.4 15.7 99.00 99.00 99.00 999 1014.0  10.8 999.0  10.0 99.0 99.00 
2024 05 21 00 00 321 12.3 15.2 99.00 99.00 99.00 999 1014.1  10.9 999.0   9.7 99.0 99.00 
2024 05 21 00 10 321 11.4 15.2  3.57 10.00  6.98 318 1014.0  11.1 999.0   9.4 99.0 99.00 
2024 05 21 00 20 317 12.1 15.3 99.00 99.00 99.00 999 1013.8  11.2 999.0   9.4 99.0 99.00 
2024 05 21 00 30 316 12.9 17.6 99.00 99.00 99.00 999 1013.7  11.3 999.0   9.4 99.0 99.00 
2024 05 21 00 40 318 12.9 17.7  4.03 10.00  7.13 322 1013.6  11.3 999.0   9.4 99.0 99.00 
2024 05 21 00 50 320 12.9 16.8 99.00 99.00 99.00 999 1013.4  11.3 999.0   9.4 99.0 99.00 
2024 05 21 01 00 317 13.0 15.9 99.00 99.00 99.00 999 1013.3  11.4 999.0   9.4 99.0 99.00 
2024 05 21 01 10 317 13.1 17.0  3.76 10.00  6.88 319 1013.2  11.4 999.0   9.5 99.0 99.00 
2024 05 21 01 20 313 13.4 17.3 99.00 99.00 99.00 999 1013.1  11.4 999.0   9.5 99.0 99.00 
2024 05 21 01 30 313 13.3 17.1 99.00 99.00 99.00 999 1013.0  11.4 999.0   9.5 99.0 99.00 
2024 05 21 01 40 312 13.6 17.7  3.79 10.00  7.11 325 1013.0  11.4 999.0   9.5 99.0 99.00 
2024 05 21 01 50 313 13.5 16.4 99.00 99.00 99.00 999 1012.9  11.4 999.0   9.5 99.0 99.00 
2024 05 21 02 00 317 13.2 17.4 99.00 99.00 99.00 999 1012.9  11.4 999.0   9.5 99.0 99.00 
2024 05 21 02 10 318 13.3 16.5  4.12 10.00  7.19 317 1013.0  11.4 999.0   9.5 99.0 99.00 
2024 05 21 02 20 319 12.8 16.2 99.00 99.00 99.00 999 1013.1  11.4 999.0   9.5 99.0 99.00 
2024 05 21 02 30 316 13.2 17.2 99.00 99.00 99.00 999 1013.0  11.4 999.0   9.5 99.0 99.00 
2024 05 21 02 40 315 13.5 17.0  4.06 10.00  7.26 324 1013.0  11.4 999.0   9.5 99.0 99.00 
2024 05 21 02 50 317 13.8 17.7 99.00 99.00 99.00 999 1013.0  11.3 999.0   9.5 99.0 99.00 
2024 05 21 03 00 315 13.8 17.3 99.00 99.00 99.00 999 1013.0  11.3 999.0   9.5 99.0 99.00 
2024 05 21 03 10 315 13.6 16.7  3.77 10.00  7.10 323 1013.1  11.2 999.0   9.5 99.0 99.00 
2024 05 21 03 20 317 13.3 18.3 99.00 99.00 99.00 999 1013.2  11.2 999.0   9.6 99.0 99.00 
2024 05 21 03 30 316 13.4 16.7 99.00 99.00 99.00 999 1013.2  11.1 999.0   9.5 99.0 99.00 
2024 05 21 03 40 317 12.7 16.8  3.48 10.00  6.81 315 1013.4  11.1 999.0   9.5 99.0 99.00 
2024 05 21 03 50 317 12.4 16.0 99.00 99.00 99.00 999 1013.4  11.1 999.0   9.6 99.0 99.00 
2024 05 21 04 00 317 12.6 16.2 99.00 99.00 99.00 999 1013.6  11.1 999.0   9.6 99.0 99.00 
2024 05 21 04 10 317 12.5 15.7  3.90  9.09  7.21 317 1013.5  11.1 999.0   9.6 99.0 99.00 
2024 05 21 04 20 317 12.7 16.7 99.00 99.00 99.00 999 1013.6  11.1 999.0   9.6 99.0 99.00 
2024 05 21 04 30 317 12.3 15.5 99.00 99.00 99.00 999 1013.6  11.0 999.0   9.5 99.0 99.00 
2024 05 21 04 40 317 12.6 15.8  3.71 10.00  7.23 315 1013.6  11.1 999.0   9.7 99.0 99.00 
2024 05 21 04 50 317 13.1 17.3 99.00 99.00 99.00 999 1013.7  11.0 999.0   9.6 99.0 99.00 
2024 05 21 05 00 315 12.8 15.9 99.00 99.00 99.00 999 1013.9  11.0 999.0   9.6 99.0 99.00 
2024 05 21 05 10 317 13.1 17.3  3.47 10.00  6.86 323 1013.9  11.0 999.0   9.6 99.0 99.00 
2024 05 21 05 20 319 12.8 15.9 99.00 99.00 99.00 999 1014.0  10.9 999.0   9.6 99.0 99.00 
2024 05 21 05 30 318 12.8 16.4 99.00 99.00 99.00 999 1014.0  10.9 999.0   9.6 99.0 99.00 
2024 05 21 05 40 318 12.7 15.6  3.84 10.00  7.19 322 1014.0  10.9 999.0   9.6 99.0 99.00 
2024 05 21 05 50 317 12.3 15.3 99.00 99.00 99.00 999 1014.1  10.9 999.0   9.6 99.0 99.00 
2024 05 21 06 00 318 12.7 15.4 99.00 99.00 99.00 999 1014.1  10.9 999.0   9.6 99.0 99.00 
2024 05 21 06 10 320 12.2 15.4  3.36 10.81  6.80 318 1014.1  10.9 999.0   9.6 99.0 99.00 
2024 05 21 06 20 319 11.8 15.3 99.00 99.00 99.00 999 1014.0  10.9 999.0   9.6 99.0 99.00 
2024 05 21 06 30 319 11.6 14.5 99.00 99.00 99.00 999 1014.0  10.8 999.0   9.5 99.0 99.00 
2024 05 21 06 40 319 11.8 14.8  3.52 10.00  6.99 329 1013.9  10.8 999.0   9.5 99.0 99.00 
2024 05 21 06 50 317 11.7 14.9 99.00 99.00 99.00 999 1013.9  10.8 999.0   9.5 99.0 99.00 
2024 05 21 07 00 318 11.9 15.3 99.00 99.00 99.00 999 1014.0  10.8 999.0   9.5 99.0 99.00 
2024 05 21 07 10 318 11.4 14.9  3.62 10.00  7.00 323 1014.0  10.8 999.0   9.6 99.0 99.00 
2024 05 21 07 20 321 11.4 15.2 99.00 99.00 99.00 999 1014.0  10.7 999.0   9.6 99.0 99.00 
2024 05 21 07 30 322 11.3 14.4 99.00 99.00 99.00 999 1014.1  10.7 999.0   9.6 99.0 99.00 
2024 05 21 07 40 319 11.5 14.3  3.43 10.00  7.21 320 1014.1  10.7 999.0   9.6 99.0 99.00 
2024 05 21 07 50 319 11.6 14.5 99.00 99.00 99.00 999 1014.0  10.6 999.0   9.5 99.0 99.00 
2024 05 21 08 00 318 11.5 14.4 99.00 99.00 99.00 999 1014.0  10.6 999.0   9.5 99.0 99.00 
2024 05 21 08 10 317 11.5 14.5  3.48 10.00  7.20 323 1013.9  10.6 999.0   9.5 99.0 99.00 
2024 05 21 08 20 320 11.7 14.7 99.00 99.00 99.00 999 1013.9  10.6 999.0   9.5 99.0 99.00 
2024 05 21 08 30 319 11.5 14.6 99.00 99.00 99.00 999 1013.8  10.6 999.0   9.5 99.0 99.00 
2024 05 21 08 40 321 11.5 14.3  3.21 10.00  6.77 323 1013.8  10.6 999.0   9.5 99.0 99.00 
2024 05 21 08 50 318 11.4 14.0 99.00 99.00 99.00 999 1013.8  10.6 999.0   9.6 99.0 99.00 
2024 05 21 09 00 317 10.8 13.4 99.00 99.00 99.00 999 1013.6  10.5 999.0   9.5 99.0 99.00 
2024 05 21 09 10 317 10.8 14.4  3.35 10.00  7.08 323 1013.6  10.5 999.0   9.5 99.0 99.00 
2024 05 21 09 20 318 10.5 13.0 99.00 99.00 99.00 999 1013.6  10.5 999.0   9.5 99.0 99.00 
2024 05 21 09 30 320 10.8 13.2 99.00 99.00 99.00 999 1013.6  10.5 999.0   9.5 99.0 99.00 
2024 05 21 09 40 322 10.6 13.1  3.06 10.00  6.85 310 1013.6  10.5 999.0   9.5 99.0 99.00 
2024 05 21 09 50 322 10.5 13.3 99.00 99.00 99.00 999 1013.6  10.5 999.0   9.5 99.0 99.00 
2024 05 21 10 00 320 10.4 12.9 99.00 99.00 99.00 999 1013.6  10.5 999.0   9.5 99.0 99.00 
2024 05 21 10 10 322 10.8 13.7  3.18 10.00  6.82 315 1013.5  10.5 999.0   9.5 99.0 99.00 
2024 05 21 10 20 323 10.5 13.4 99.00 99.00 99.00 999 1013.5  10.5 999.0   9.5 99.0 99.00 
2024 05 21 10 30 321 10.4 12.9 99.00 99.00 99.00 999 1013.7  10.5 999.0   9.6 99.0 99.00 
2024 05 21 10 40 323 10.3 12.7  2.89  9.09  6.54 312 1013.8  10.5 999.0   9.6 99.0 99.00 
2024 05 21 10 50 325 10.1 12.5 99.00 99.00 99.00 999 1013.6  10.5 999.0   9.6 99.0 99.00 
2024 05 21 11 00 327 10.5 13.0 99.00 99.00 99.00 999 1013.6  10.4 999.0   9.6 99.0 99.00 
2024 05 21 11 10 328 10.3 13.1  2.84 10.00  6.68 312 1013.7  10.5 999.0   9.7 99.0 99.00 
2024 05 21 11 20 327 10.0 13.1 99.00 99.00 99.00 999 1013.7  10.4 999.0   9.6 99.0 99.00 
2024 05 21 11 30 325 10.3 13.4 99.00 99.00 99.00 999 1013.7  10.4 999.0   9.6 99.0 99.00 
2024 05 21 11 40 326  9.7 12.5  2.91 10.00  6.59 310 1013.7  10.4 999.0   9.6 99.0 99.00 
2024 05 21 11 50 324 10.4 13.7 99.00 99.00 99.00 999 1013.6  10.4 999.0   9.6 99.0 99.00 
2024 05 21 12 00 323 10.6 13.2 99.00 99.00 99.00 999 1013.6  10.3 999.0   9.5 99.0 99.00 
2024 05 21 12 10 327 10.9 14.0  3.06 10.00  6.84 319 1013.4  10.3 999.0   9.5 99.0 99.00 
2024 05 21 12 20 327 10.6 12.9 99.00 99.00 99.00 999 1013.5  10.4 999.0   9.6 99.0 99.00 
2024 05 21 12 30 329  9.7 12.5 99.00 99.00 99.00 999 1013.6  10.4 999.0   9.6 99.0 99.00 
2024 05 21 12 40 328  9.4 11.5  3.02  9.09  6.93 320 1013.8  10.4 999.0   9.6 99.0 99.00 
2024 05 21 12 50 328  9.1 11.5 99.00 99.00 99.00 999 1013.8  10.4 999.0   9.6 99.0 99.00 
2024 05 21 13 00 328  9.2 11.6 99.00 99.00 99.00 999 1013.9  10.3 999.0   9.5 99.0 99.00 
2024 05 21 13 10 329  8.4 10.8  2.72  9.09  6.68 318 1014.0  10.3 999.0   9.6 99.0 99.00 
2024 05 21 13 20 328  8.3 11.0 99.00 99.00 99.00 999 1014.1  10.3 999.0   9.6 99.0 99.00 
2024 05 21 13 30 327  8.7 11.0 99.00 99.00 99.00 999 1014.3  10.3 999.0   9.6 99.0 99.00 
2024 05 21 13 40 327  8.8 11.3  2.93  9.09  6.90 311 1014.4  10.3 999.0   9.6 99.0 99.00 
2024 05 21 13 50 322  8.7 10.9 99.00 99.00 99.00 999 1014.5  10.3 999.0   9.5 99.0 99.00 
2024 05 21 14 00 323  8.7 11.0 99.00 99.00 99.00 999 1014.5  10.4 999.0   9.6 99.0 99.00 
2024 05 21 14 10 326  8.9 11.6  2.86 10.00  6.90 317 1014.5  10.4 999.0   9.6 99.0 99.00 
2024 05 21 14 20 327  9.1 11.0 99.00 99.00 99.00 999 1014.5  10.3 999.0   9.5 99.0 99.00 
2024 05 21 14 30 326  8.8 10.6 99.00 99.00 99.00 999 1014.5  10.3 999.0   9.5 99.0 99.00 
2024 05 21 14 40 325  8.8 10.7  2.86 10.00  6.81 315 1014.5  10.4 999.0   9.6 99.0 99.00 
2024 05 21 14 50 325  8.3 10.9 99.00 99.00 99.00 999 1014.7  10.4 999.0   9.6 99.0 99.00 
2024 05 21 15 00 327  8.4 11.2 99.00 99.00 99.00 999 1014.7  10.4 999.0   9.6 99.0 99.00 
2024 05 21 15 10 326  8.0 10.0  3.04 10.00  7.21 309 1014.8  10.3 999.0   9.6 99.0 99.00 
2024 05 21 15 20 325  8.0 10.1 99.00 99.00 99.00 999 1014.9  10.3 999.0   9.6 99.0 99.00 
2024 05 21 15 30 326  8.1 10.2 99.00 99.00 99.00 999 1014.9  10.4 999.0   9.7 99.0 99.00 
2024 05 21 15 40 327  8.0 10.3  2.76 10.00  6.75 317 1015.0  10.4 999.0   9.7 99.0 99.00 
2024 05 21 15 50 325  8.0 10.0 99.00 99.00 99.00 999 1015.1  10.4 999.0   9.7 99.0 99.00 
2024 05 21 16 00 323  8.4 11.1 99.00 99.00 99.00 999 1015.2  10.4 999.0   9.7 99.0 99.00 
2024 05 21 16 10 325  8.3 10.5  3.02  9.09  7.14 318 1015.3  10.4 999.0   9.7 99.0 99.00 
2024 05 21 16 20 324  8.2 10.3 99.00 99.00 99.00 999 1015.3  10.4 999.0   9.7 99.0 99.00 
2024 05 21 16 30 323  8.4 10.5 99.00 99.00 99.00 999 1015.3  10.4 999.0   9.7 99.0 99.00 
2024 05 21 16 40 323  8.1 10.8  2.71 10.00  6.67 321 1015.3  10.4 999.0   9.7 99.0 99.00 
2024 05 21 16 50 323  7.8  9.7 99.00 99.00 99.00 999 1015.3  10.3 999.0   9.6 99.0 99.00 
2024 05 21 17 00 327  7.9 10.0 99.00 99.00 99.00 999 1015.3  10.4 999.0   9.7 99.0 99.00 
2024 05 21 17 10 325  7.5  9.2  2.65 10.81  6.82 311 1015.4  10.4 999.0   9.7 99.0 99.00 
2024 05 21 17 20 325  7.4  9.5 99.00 99.00 99.00 999 1015.4  10.4 999.0   9.7 99.0 99.00 
2024 05 21 17 30 326  7.3  9.1 99.00 99.00 99.00 999 1015.4  10.4 999.0   9.7 99.0 99.00 
2024 05 21 17 40 323  7.1  8.8  2.52 10.00  6.68 324 1015.3  10.3 999.0   9.6 99.0 99.00 
2024 05 21 17 50 320  6.8  8.7 99.00 99.00 99.00 999 1015.3  10.4 999.0   9.7 99.0 99.00 
2024 05 21 18 00 319  7.0  8.4 99.00 99.00 99.00 999 1015.4  10.4 999.0   9.7 99.0 99.00 
2024 05 21 18 10 319  7.2  8.7  2.30  9.09  6.51 312 1015.4  10.5 999.0   9.8 99.0 99.00 
2024 05 21 18 20 319  6.5  8.4 99.00 99.00 99.00 999 1015.5  10.5 999.0   9.8 99.0 99.00 
2024 05 21 18 30 317  6.4  8.1 99.00 99.00 99.00 999 1015.5  10.5 999.0   9.8 99.0 99.00 
2024 05 21 18 40 318  6.7  8.5  2.39  9.09  6.46 318 1015.6  10.5 999.0   9.7 99.0 99.00 
2024 05 21 18 50 320  6.9  8.5 99.00 99.00 99.00 999 1015.7  10.6 999.0   9.8 99.0 99.00 
2024 05 21 19 00 320  6.4  8.6 99.00 99.00 99.00 999 1015.7  10.6 999.0   9.8 99.0 99.00 
2024 05 21 19 10 320  6.7  8.5  2.38 10.00  6.72 313 1015.6  10.6 999.0   9.8 99.0 99.00 
2024 05 21 19 20 321  6.6  8.1 99.00 99.00 99.00 999 1015.5  10.6 999.0   9.8 99.0 99.00 
2024 05 21 19 30 319  6.7  8.8 99.00 99.00 99.00 999 1015.6  10.7 999.0   9.9 99.0 99.00 
2024 05 21 19 40 320  6.7  8.2  2.46 10.00  6.89 326 1015.6  10.7 999.0   9.9 99.0 99.00 
2024 05 21 19 50 319  6.8  8.9 99.00 99.00 99.00 999 1015.6  10.7 999.0   9.9 99.0 99.00 
2024 05 21 20 00 320  6.8  8.8 99.00 99.00 99.00 999 1015.7  10.8 999.0  10.0 99.0 99.00 
2024 05 21 20 10 319  6.9  8.9  2.26  9.09  6.51 310 1015.7  10.8 999.0   9.9 99.0 99.00 
2024 05 21 20 20 323  7.2  9.4 99.00 99.00 99.00 999 1015.7  10.8 999.0   9.9 99.0 99.00 
2024 05 21 20 30 324  7.6  9.5 99.00 99.00 99.00 999 1015.7  10.8 999.0   9.8 99.0 99.00 
2024 05 21 20 40 321  7.9  9.8  2.37  9.09  6.56 309 1015.7  10.9 999.0   9.9 99.0 99.00 
2024 05 21 20 50 319  8.5 10.6 99.00 99.00 99.00 999 1015.6  10.9 999.0   9.9 99.0 99.00 
2024 05 21 21 00 318  8.6 10.5 99.00 99.00 99.00 999 1015.6  10.9 999.0   9.9 99.0 99.00 
2024 05 21 21 10 318  8.4 10.3  2.26  9.09  6.41 311 1015.6  10.9 999.0   9.9 99.0 99.00 
2024 05 21 21 20 317  8.6 10.6 99.00 99.00 99.00 999 1015.6  10.9 999.0   9.9 99.0 99.00 
2024 05 21 21 30 316  8.8 11.1 99.00 99.00 99.00 999 1015.5  10.9 999.0   9.9 99.0 99.00 
2024 05 21 21 40 316  8.6 10.8  2.14  9.09  6.14 317 1015.5  10.9 999.0   9.9 99.0 99.00 
2024 05 21 21 50 316  8.5 10.6 99.00 99.00 99.00 999 1015.4  10.9 999.0   9.8 99.0 99.00 
2024 05 21 22 00 316  8.7 10.8 99.00 99.00 99.00 999 1015.4  10.9 999.0   9.8 99.0 99.00 
2024 05 21 22 10 318  8.7 11.3  2.27  9.09  6.15 307 1015.1  10.9 999.0   9.8 99.0 99.00 
2024 05 21 22 20 319  9.3 11.4 99.00 99.00 99.00 999 1015.0  11.0 999.0   9.9 99.0 99.00 
2024 05 21 22 30 320 10.1 12.3 99.00 99.00 99.00 999 1014.8  11.0 999.0   9.8 99.0 99.00 
2024 05 21 22 40 316  9.9 12.2  2.17  7.14  5.74 304 1014.9  11.1 999.0   9.8 99.0 99.00 
2024 05 21 22 50 317 10.2 12.6 99.00 99.00 99.00 999 1014.7  11.1 999.0   9.8 99.0 99.00 
2024 05 21 23 00 317 10.3 13.0 99.00 99.00 99.00 999 1014.7  11.1 999.0   9.8 99.0 99.00 
2024 05 21 23 10 318  9.3 11.9  2.27  6.67  5.87 316 1014.7  11.1 999.0   9.8 99.0 99.00 
2024 05 21 23 20 318  9.8 12.8 99.00 99.00 99.00 999 1014.4  11.2 999.0   9.8 99.0 99.00 
2024 05 21 23 30 316  9.9 12.0 99.00 99.00 99.00 999 1014.3  11.2 999.0   9.8 99.0 99.00 
2024 05 21 23 40 318 10.4 13.4  2.45 10.00  6.01 314 1014.1  11.2 999.0   9.8 99.0 99.00 
2024 05 21 23 50 314 11.7 14.7 99.00 99.00 99.00 999 1013.8  11.2 999.0   9.8 99.0 99.00 
2024 05 22 00 00 313 12.4 15.1 99.00 99.00 99.00 999 1013.7  11.3 999.0   9.9 99.0 99.00 
2024 05 22 00 10 312 12.1 14.6  2.47  9.09  5.95 316 1013.7  11.2 999.0   9.8 99.0 99.00 
2024 05 22 00 20 313 12.6 16.2 99.00 99.00 99.00 999 1013.5  11.2 999.0   9.8 99.0 99.00 
2024 05 22 00 30 313 12.6 16.2 99.00 99.00 99.00 999 1013.4  11.3 999.0   9.9 99.0 99.00 
2024 05 22 00 40 314 12.7 16.3  2.67  9.09  5.89 325 1013.4  11.3 999.0   9.9 99.0 99.00 
2024 05 22 00 50 310 12.9 16.0 99.00 99.00 99.00 999 1013.4  11.3 999.0   9.8 99.0 99.00 
2024 05 22 01 00 311 12.9 15.4 99.00 99.00 99.00 999 1013.3  11.3 999.0   9.9 99.0 99.00 
2024 05 22 01 10 311 12.8 16.4  2.67  9.09  5.94 311 1013.2  11.2 999.0   9.8 99.0 99.00 
2024 05 22 01 20 310 12.7 16.3 99.00 99.00 99.00 999 1013.2  11.2 999.0   9.8 99.0 99.00 
2024 05 22 01 30 309 13.1 16.0 99.00 99.00 99.00 999 1013.1  11.2 999.0   9.8 99.0 99.00 
2024 05 22 01 40 308 12.7 16.0  2.81  7.69  6.18 320 1013.1  11.2 999.0   9.8 99.0 99.00 
2024 05 22 01 50 308 13.2 17.0 99.00 99.00 99.00 999 1013.1  11.3 999.0   9.9 99.0 99.00 
2024 05 22 02 00 309 13.0 17.4 99.00 99.00 99.00 999 1013.1  11.3 999.0   9.9 99.0 99.00 
2024 05 22 02 10 312 12.6 15.4  3.05  9.09  6.26 317 1013.2  11.2 999.0   9.9 99.0 99.00 
2024 05 22 02 20 315 12.7 15.9 99.00 99.00 99.00 999 1013.3  11.2 999.0   9.9 99.0 99.00 
2024 05 22 02 30 315 12.5 16.2 99.00 99.00 99.00 999 1013.3  11.1 999.0   9.8 99.0 99.00 
2024 05 22 02 40 314 12.6 16.5  2.79  9.09  6.18 318 1013.3  11.1 999.0   9.8 99.0 99.00 
2024 05 22 02 50 316 12.3 17.2 99.00 99.00 99.00 999 1013.4  11.1 999.0   9.8 99.0 99.00 
2024 05 22 03 00 315 12.3 15.5 99.00 99.00 99.00 999 1013.4  11.0 999.0   9.8 99.0 99.00 
2024 05 22 03 10 315 12.0 15.4  2.92  9.09  6.32 324 1013.6  11.0 999.0   9.9 99.0 99.00 
2024 05 22 03 20 314 12.1 14.9 99.00 99.00 99.00 999 1013.4  11.0 999.0   9.8 99.0 99.00 
2024 05 22 03 30 314 12.5 15.5 99.00 99.00 99.00 999 1013.5  11.0 999.0   9.7 99.0 99.00 
2024 05 22 03 40 313 11.9 14.9  2.98  9.09  6.31 321 1013.5  11.1 999.0   9.8 99.0 99.00 
2024 05 22 03 50 314 12.3 15.7 99.00 99.00 99.00 999 1013.4  11.0 999.0   9.7 99.0 99.00 
2024 05 22 04 00 314 12.7 16.6 99.00 99.00 99.00 999 1013.3  11.0 999.0   9.7 99.0 99.00 
2024 05 22 04 10 315 12.4 15.9  3.11  9.09  6.38 317 1013.4  10.9 999.0   9.6 99.0 99.00 
2024 05 22 04 20 315 12.3 15.5 99.00 99.00 99.00 999 1013.3  10.9 999.0   9.6 99.0 99.00 
2024 05 22 04 30 314 12.3 15.7 99.00 99.00 99.00 999 1013.3  10.9 999.0   9.7 99.0 99.00 
2024 05 22 04 40 315 12.8 16.3  2.94  9.09  6.37 323 1013.3  11.0 999.0   9.7 99.0 99.00 
2024 05 22 04 50 317 12.9 16.0 99.00 99.00 99.00 999 1013.4  11.0 999.0   9.7 99.0 99.00 
2024 05 22 05 00 316 13.3 17.7 99.00 99.00 99.00 999 1013.7  11.0 999.0   9.9 99.0 99.00 
2024 05 22 05 10 315 12.8 16.5  2.91  9.09  6.23 327 1013.7  10.9 999.0   9.8 99.0 99.00 
2024 05 22 05 20 315 13.1 16.7 99.00 99.00 99.00 999 1013.7  10.8 999.0   9.8 99.0 99.00 
2024 05 22 05 30 315 13.8 16.8 99.00 99.00 99.00 999 1013.7  10.7 999.0   9.7 99.0 99.00 
2024 05 22 05 40 316 13.3 17.3  2.96  9.09  6.31 321 1013.8  10.7 999.0   9.8 99.0 99.00 
2024 05 22 05 50 318 13.2 16.6 99.00 99.00 99.00 999 1013.7  10.7 999.0   9.9 99.0 99.00 
2024 05 22 06 00 317 13.3 16.4 99.00 99.00 99.00 999 1013.7  10.7 999.0   9.9 99.0 99.00 
2024 05 22 06 10 317 13.0 16.3  2.90  9.09  6.18 325 1013.8  10.6 999.0   9.8 99.0 99.00 
2024 05 22 06 20 319 12.8 17.4 99.00 99.00 99.00 999 1013.8  10.6 999.0   9.8 99.0 99.00 
2024 05 22 06 30 319 12.1 14.7 99.00 99.00 99.00 999 1013.8  10.5 999.0   9.7 99.0 99.00 
2024 05 22 06 40 322 12.0 15.5  2.93  9.09  6.26 318 1013.7  10.6 999.0   9.8 99.0 99.00 
2024 05 22 06 50 319 12.7 16.3 99.00 99.00 99.00 999 1013.6  10.6 999.0   9.8 99.0 99.00 
2024 05 22 07 00 319 12.4 15.8 99.00 99.00 99.00 999 1013.6  10.7 999.0   9.9 99.0 99.00 
2024 05 22 07 10 319 12.7 16.0  2.85  9.09  6.15 324 1013.4  10.7 999.0   9.9 99.0 99.00 
2024 05 22 07 20 316 13.0 16.1 99.00 99.00 99.00 999 1013.5  10.7 999.0   9.7 99.0 99.00 
2024 05 22 07 30 315 12.3 15.4 99.00 99.00 99.00 999 1013.6  10.7 999.0   9.8 99.0 99.00 
2024 05 22 07 40 318 12.1 15.0  2.91  7.69  6.11 319 1013.8  10.7 999.0   9.8 99.0 99.00 
2024 05 22 07 50 317 12.2 15.1 99.00 99.00 99.00 999 1013.6  10.7 999.0   9.8 99.0 99.00 
2024 05 22 08 00 314 12.8 15.9 99.00 99.00 99.00 999 1013.6  10.7 999.0   9.8 99.0 99.00 
2024 05 22 08 10 314 13.1 16.2  3.02  8.33  6.19 324 1013.8  10.7 999.0   9.8 99.0 99.00 
2024 05 22 08 20 314 12.6 15.3 99.00 99.00 99.00 999 1014.0  10.7 999.0   9.9 99.0 99.00 
2024 05 22 08 30 315 11.9 15.0 99.00 99.00 99.00 999 1014.1  10.7 999.0   9.9 99.0 99.00 
2024 05 22 08 40 316 11.6 14.6  2.76  9.09  6.29 315 1014.0  10.7 999.0   9.9 99.0 99.00 
2024 05 22 08 50 319 11.3 13.9 99.00 99.00 99.00 999 1013.9  10.7 999.0   9.9 99.0 99.00 
2024 05 22 09 00 319 11.5 15.0 99.00 99.00 99.00 999 1013.7  10.7 999.0   9.9 99.0 99.00 
2024 05 22 09 10 317 12.4 15.8  2.91  8.33  6.25 322 1013.7  10.7 999.0  10.0 99.0 99.00 
2024 05 22 09 20 321 12.0 15.4 99.00 99.00 99.00 999 1013.7  10.7 999.0  10.0 99.0 99.00 
2024 05 22 09 30 319 12.8 17.0 99.00 99.00 99.00 999 1013.3  10.7 999.0  10.0 99.0 99.00 
2024 05 22 09 40 315 13.5 17.2  2.90  7.14  6.17 319 1013.2  10.7 999.0  10.0 99.0 99.00 
2024 05 22 09 50 316 13.6 17.1 99.00 99.00 99.00 999 1013.3  10.7 999.0  10.0 99.0 99.00 
2024 05 22 10 00 320 12.5 15.7 99.00 99.00 99.00 999 1013.7  10.7 999.0  10.0 99.0 99.00 
2024 05 22 10 10 323 11.9 16.4  2.90  9.09  6.19 311 1013.3  10.7 999.0  10.0 99.0 99.00 
2024 05 22 10 20 317 13.3 17.8 99.00 99.00 99.00 999 1013.2  10.7 999.0  10.1 99.0 99.00 
2024 05 22 10 30 316 13.5 16.3 99.00 99.00 99.00 999 1013.2  10.7 999.0  10.2 99.0 99.00 
2024 05 22 10 40 314 13.5 17.4  2.85  7.69  6.23 319 1013.2  10.7 999.0  10.2 99.0 99.00 
2024 05 22 10 50 313 13.2 16.4 99.00 99.00 99.00 999 1013.2  10.7 999.0  10.2 99.0 99.00 
2024 05 22 11 00 312 13.5 16.6 99.00 99.00 99.00 999 1013.3  10.7 999.0  10.2 99.0 99.00 
2024 05 22 11 10 311 12.9 16.2  2.90  7.14  6.03 314 1013.2  10.6 999.0  10.2 99.0 99.00 
2024 05 22 11 20 311 14.0 17.6 99.00 99.00 99.00 999 1013.1  10.7 999.0  10.3 99.0 99.00 
2024 05 22 11 30 312 14.0 17.9 99.00 99.00 99.00 999 1013.1  10.7 999.0  10.3 99.0 99.00 
2024 05 22 11 40 312 13.7 16.7  2.77  8.33  5.93 320 1013.2  10.7 999.0  10.3 99.0 99.00 
2024 05 22 11 50 314 13.0 17.3 99.00 99.00 99.00 999 1013.5  10.7 999.0  10.3 99.0 99.00 
2024 05 22 12 00 314 12.6 16.1 99.00 99.00 99.00 999 1013.6  10.7 999.0  10.3 99.0 99.00 
2024 05 22 12 10 324 11.1 13.8  2.73  8.33  6.09 315 1013.7  10.7 999.0  10.3 99.0 99.00 
2024 05 22 12 20 321 12.2 15.5 99.00 99.00 99.00 999 1013.3  10.6 999.0  10.2 99.0 99.00 
2024 05 22 12 30 318 13.1 16.3 99.00 99.00 99.00 999 1013.2  10.6 999.0  10.2 99.0 99.00 
2024 05 22 12 40 319 13.2 16.6  3.05  7.69  6.21 316 1013.4  10.6 999.0  10.2 99.0 99.00 
2024 05 22 12 50 318 12.6 15.5 99.00 99.00 99.00 999 1013.5  10.5 999.0  10.2 99.0 99.00 
2024 05 22 13 00 321 12.5 16.0 99.00 99.00 99.00 999 1013.7  10.4 999.0  10.2 99.0 99.00 
2024 05 22 13 10 326 10.6 14.2  2.78  7.69  6.00 317 1013.7  10.4 999.0  10.2 99.0 99.00 
2024 05 22 13 20 331 10.7 14.4 99.00 99.00 99.00 999 1013.5  10.4 999.0  10.2 99.0 99.00 
2024 05 22 13 30 327 11.7 15.4 99.00 99.00 99.00 999 1013.1  10.4 999.0  10.2 99.0 99.00 
2024 05 22 13 40 319 13.5 17.3  2.73  7.69  5.94 316 1013.2  10.4 999.0  10.2 99.0 99.00 
2024 05 22 13 50 319 13.2 16.9 99.00 99.00 99.00 999 1013.5  10.4 999.0  10.2 99.0 99.00 
2024 05 22 14 00 319 11.9 15.5 99.00 99.00 99.00 999 1013.4  10.4 999.0  10.2 99.0 99.00 
2024 05 22 14 10 318 12.4 16.4  2.88  8.33  6.07 316 1013.4  10.4 999.0  10.2 99.0 99.00 
2024 05 22 14 20 315 14.4 17.7 99.00 99.00 99.00 999 1013.3  10.4 999.0  10.2 99.0 99.00 
2024 05 22 14 30 314 14.1 17.9 99.00 99.00 99.00 999 1013.4  10.3 999.0  10.1 99.0 99.00 
2024 05 22 14 40 312 14.3 18.4  2.85  7.69  5.88 314 1013.4  10.3 999.0  10.1 99.0 99.00 
2024 05 22 14 50 312 14.7 18.2 99.00 99.00 99.00 999 1013.5  10.2 999.0  10.0 99.0 99.00 
2024 05 22 15 00 314 14.1 18.3 99.00 99.00 99.00 999 1013.7  10.3 999.0  10.1 99.0 99.00 
2024 05 22 15 10 313 14.0 17.8  3.00  7.14  5.91 314 1013.7  10.3 999.0  10.1 99.0 99.00 
2024 05 22 15 20 312 14.5 17.9 99.00 99.00 99.00 999 1013.9  10.3 999.0  10.1 99.0 99.00 
2024 05 22 15 30 313 13.3 16.4 99.00 99.00 99.00 999 1014.2  10.3 999.0  10.1 99.0 99.00 
2024 05 22 15 40 315 13.0 16.7  2.44  7.69  5.61 316 1014.2  10.3 999.0  10.1 99.0 99.00 
2024 05 22 15 50 313 13.1 16.3 99.00 99.00 99.00 999 1014.2  10.4 999.0  10.2 99.0 99.00 
2024 05 22 16 00 315 12.9 16.0 99.00 99.00 99.00 999 1014.2  10.5 999.0  10.1 99.0 99.00 
2024 05 22 16 10 313 13.3 16.8  2.39  7.14  5.50 313 1014.3  10.6 999.0  10.2 99.0 99.00 
2024 05 22 16 20 311 12.9 16.8 99.00 99.00 99.00 999 1014.4  10.6 999.0  10.2 99.0 99.00 
2024 05 22 16 30 312 12.4 15.5 99.00 99.00 99.00 999 1014.4  10.7 999.0  10.3 99.0 99.00 
2024 05 22 16 40 313 12.3 14.8  2.48  7.69  5.57 315 1014.5  10.7 999.0  10.3 99.0 99.00 
2024 05 22 16 50 311 12.4 15.4 99.00 99.00 99.00 999 1014.5  10.7 999.0  10.3 99.0 99.00 
2024 05 22 17 00 314 12.0 15.3 99.00 99.00 99.00 999 1014.6  10.7 999.0  10.3 99.0 99.00 
2024 05 22 17 10 314 11.8 16.0  2.42  7.69  5.59 311 1014.6  10.7 999.0  10.3 99.0 99.00 
2024 05 22 17 20 314 11.9 15.1 99.00 99.00 99.00 999 1014.7  10.7 999.0  10.3 99.0 99.00 
2024 05 22 17 30 313 11.7 14.4 99.00 99.00 99.00 999 1014.8  10.7 999.0  10.2 99.0 99.00 
2024 05 22 17 40 311 11.9 14.6  2.37  7.69  5.69 312 1014.8  10.7 999.0  10.2 99.0 99.00 
2024 05 22 17 50 311 11.8 14.6 99.00 99.00 99.00 999 1014.9  10.7 999.0  10.2 99.0 99.00 
2024 05 22 18 00 310 11.6 13.9 99.00 99.00 99.00 999 1015.0  10.8 999.0  10.3 99.0 99.00 
2024 05 22 18 10 311 11.1 14.1  2.25  7.14  5.58 312 1015.0  10.8 999.0  10.3 99.0 99.00 
2024 05 22 18 20 314 11.4 14.4 99.00 99.00 99.00 999 1015.0  10.8 999.0  10.3 99.0 99.00 
2024 05 22 18 30 315 11.7 14.8 99.00 99.00 99.00 999 1015.0  10.9 999.0  10.4 99.0 99.00 
2024 05 22 18 40 313 12.0 15.8  2.61  7.14  5.81 315 1015.0  10.9 999.0  10.4 99.0 99.00 
2024 05 22 18 50 311 12.3 15.9 99.00 99.00 99.00 999 1014.8  10.9 999.0  10.4 99.0 99.00 
2024 05 22 19 00 311 13.1 16.7 99.00 99.00 99.00 999 1014.7  10.9 999.0  10.4 99.0 99.00 
2024 05 22 19 10 311 13.1 16.8  2.37  7.69  5.66 311 1014.6  10.9 999.0  10.4 99.0 99.00 
2024 05 22 19 20 308 13.7 17.0 99.00 99.00 99.00 999 1014.7  10.9 999.0  10.4 99.0 99.00 
2024 05 22 19 30 308 13.7 17.7 99.00 99.00 99.00 999 1014.6  10.9 999.0  10.4 99.0 99.00 
2024 05 22 19 40 309 13.5 17.0  2.41  7.14  5.54 316 1014.6  10.8 999.0  10.3 99.0 99.00 
2024 05 22 19 50 310 13.7 17.4 99.00 99.00 99.00 999 1014.5  10.9 999.0  10.4 99.0 99.00 
2024 05 22 20 00 311 14.1 17.6 99.00 99.00 99.00 999 1014.4  10.9 999.0  10.3 99.0 99.00 
2024 05 22 20 10 310 13.9 17.8  2.57  7.14  5.50 314 1014.5  10.9 999.0  10.2 99.0 99.00 
2024 05 22 20 20 311 13.4 16.8 99.00 99.00 99.00 999 1014.4  10.9 999.0  10.2 99.0 99.00 
2024 05 22 20 30 311 13.8 18.0 99.00 99.00 99.00 999 1014.4  10.9 999.0  10.2 99.0 99.00 
2024 05 22 20 40 312 14.3 18.3  2.53  6.25  5.60 318 1014.1  10.8 999.0  10.2 99.0 99.00 
2024 05 22 20 50 312 14.8 18.7 99.00 99.00 99.00 999 1014.2  10.8 999.0  10.3 99.0 99.00 
2024 05 22 21 00 313 14.6 18.1 99.00 99.00 99.00 999 1014.2  10.8 999.0  10.2 99.0 99.00 
2024 05 22 21 10 310 14.4 17.4  2.68  7.14  5.60 302 1014.2  10.8 999.0  10.1 99.0 99.00 
2024 05 22 21 20 310 14.3 17.8 99.00 99.00 99.00 999 1014.2  10.8 999.0  10.1 99.0 99.00 
2024 05 22 21 30 310 14.9 18.9 99.00 99.00 99.00 999 1014.1  10.9 999.0  10.2 99.0 99.00 
2024 05 22 21 40 309 14.9 19.1  2.64  7.14  5.58 314 1014.0  10.9 999.0  10.1 99.0 99.00 
2024 05 22 21 50 311 14.4 18.9 99.00 99.00 99.00 999 1014.1  10.8 999.0  10.1 99.0 99.00 
2024 05 22 22 00 311 14.5 18.5 99.00 99.00 99.00 999 1014.1  10.8 999.0  10.1 99.0 99.00 
2024 05 22 22 10 313 14.5 17.7  2.57  7.14  5.59 314 1014.1  10.8 999.0  10.0 99.0 99.00 
2024 05 22 22 20 312 14.4 18.1 99.00 99.00 99.00 999 1014.1  10.8 999.0  10.0 99.0 99.00 
2024 05 22 22 30 313 13.7 16.8 99.00 99.00 99.00 999 1013.9  10.8 999.0  10.0 99.0 99.00 
2024 05 22 22 40 314 14.0 18.5  2.68  7.14  5.67 319 1013.9  10.8 999.0   9.9 99.0 99.00 
2024 05 22 22 50 313 13.8 17.9 99.00 99.00 99.00 999 1013.9  10.8 999.0   9.8 99.0 99.00 
2024 05 22 23 00 313 13.6 17.0 99.00 99.00 99.00 999 1013.8  10.9 999.0   9.8 99.0 99.00 
2024 05 22 23 10 312 14.1 18.1  2.60  7.14  5.50 311 1013.6  10.8 999.0   9.7 99.0 99.00 
2024 05 22 23 20 311 15.9 19.6 99.00 99.00 99.00 999 1013.3  10.9 999.0   9.6 99.0 99.00 
2024 05 22 23 30 313 16.0 20.5 99.00 99.00 99.00 999 1013.2  10.9 999.0   9.6 99.0 99.00 
2024 05 22 23 40 312 15.7 20.2  2.84  7.14  5.79 314 1013.2  10.9 999.0   9.6 99.0 99.00 
2024 05 22 23 50 313 15.8 19.6 99.00 99.00 99.00 999 1013.3  10.9 999.0   9.5 99.0 99.00 
2024 05 23 00 00 313 15.4 19.2 99.00 99.00 99.00 999 1013.4  10.9 999.0   9.5 99.0 99.00 
2024 05 23 00 10 313 14.7 18.6  2.84  7.69  5.77 318 1013.4  10.8 999.0   9.4 99.0 99.00 
2024 05 23 00 20 312 15.3 19.6 99.00 99.00 99.00 999 1013.1  10.8 999.0   9.3 99.0 99.00 
2024 05 23 00 30 313 15.5 18.7 99.00 99.00 99.00 999 1013.4  10.8 999.0   9.2 99.0 99.00 
2024 05 23 00 40 311 15.4 19.1  2.91  7.14  5.78 320 1013.5  10.8 999.0   9.2 99.0 99.00 
2024 05 23 00 50 311 15.4 20.3 99.00 99.00 99.00 999 1013.3  10.8 999.0   9.1 99.0 99.00 
2024 05 23 01 00 311 15.1 19.6 99.00 99.00 99.00 999 1013.2  10.8 999.0   9.1 99.0 99.00 
2024 05 23 01 10 313 15.4 20.1  2.81  7.14  5.71 324 1013.3  10.7 999.0   9.0 99.0 99.00 
2024 05 23 01 20 313 15.8 20.4 99.00 99.00 99.00 999 1013.2  10.7 999.0   8.9 99.0 99.00 
2024 05 23 01 30 311 15.9 19.9 99.00 99.00 99.00 999 1013.2  10.7 999.0   8.8 99.0 99.00 
2024 05 23 01 40 311 15.5 19.6  2.88  7.14  5.87 315 1013.3  10.7 999.0   8.8 99.0 99.00 
2024 05 23 01 50 311 15.6 19.0 99.00 99.00 99.00 999 1013.3  10.7 999.0   8.8 99.0 99.00 
2024 05 23 02 00 312 15.7 19.6 99.00 99.00 99.00 999 1013.4  10.8 999.0   8.8 99.0 99.00 
2024 05 23 02 10 312 15.3 19.8  3.06  7.69  6.05 318 1013.5  10.8 999.0   8.8 99.0 99.00 
2024 05 23 02 20 311 15.1 19.1 99.00 99.00 99.00 999 1013.4  10.7 999.0   8.7 99.0 99.00 
2024 05 23 02 30 313 14.6 19.3 99.00 99.00 99.00 999 1013.5  10.7 999.0   8.8 99.0 99.00 
2024 05 23 02 40 312 14.9 18.3  3.07  7.14  6.13 325 1013.4  10.7 999.0   8.8 99.0 99.00 
2024 05 23 02 50 311 15.5 20.1 99.00 99.00 99.00 999 1013.3  10.7 999.0   8.9 99.0 99.00 
2024 05 23 03 00 311 15.2 19.5 99.00 99.00 99.00 999 1013.2  10.6 999.0   8.8 99.0 99.00 
2024 05 23 03 10 311 15.6 19.5  3.21  7.69  6.06 317 1013.0  10.6 999.0   8.8 99.0 99.00 
2024 05 23 03 20 311 15.7 19.8 99.00 99.00 99.00 999 1013.0  10.6 999.0   8.8 99.0 99.00 
2024 05 23 03 30 314 16.4 20.1 99.00 99.00 99.00 999 1013.0  10.7 999.0   8.8 99.0 99.00 
2024 05 23 03 40 313 15.7 20.3  3.36  8.33  6.29 321 1013.1  10.7 999.0   8.7 99.0 99.00 
2024 05 23 03 50 315 15.0 19.6 99.00 99.00 99.00 999 1013.3  10.7 999.0   8.8 99.0 99.00 
2024 05 23 04 00 314 15.3 19.1 99.00 99.00 99.00 999 1013.3  10.6 999.0   8.7 99.0 99.00 
2024 05 23 04 10 312 15.3 20.1  3.41  8.33  6.39 312 1013.3  10.6 999.0   8.8 99.0 99.00 
2024 05 23 04 20 313 15.2 19.9 99.00 99.00 99.00 999 1013.3  10.5 999.0   8.8 99.0 99.00 
2024 05 23 04 30 315 15.9 19.8 99.00 99.00 99.00 999 1013.3  10.5 999.0   8.7 99.0 99.00 
2024 05 23 04 40 315 15.3 19.1  3.14  8.33  6.20 320 1013.4  10.5 999.0   8.8 99.0 99.00 
2024 05 23 04 50 314 15.6 19.6 99.00 99.00 99.00 999 1013.4  10.5 999.0   8.7 99.0 99.00 
2024 05 23 05 00 314 15.7 20.4 99.00 99.00 99.00 999 1013.4  10.5 999.0   8.9 99.0 99.00 
2024 05 23 05 10 312 16.1 20.1  3.13  7.69  6.03 315 1013.3  10.5 999.0   8.9 99.0 99.00 
2024 05 23 05 20 312 16.2 20.2 99.00 99.00 99.00 999 1013.3  10.5 999.0   8.8 99.0 99.00 
2024 05 23 05 30 314 15.5 20.4 99.00 99.00 99.00 999 1013.5  10.5 999.0   8.8 99.0 99.00 
2024 05 23 05 40 316 15.7 19.9  3.49  8.33  6.42 321 1013.5  10.5 999.0   8.8 99.0 99.00 
2024 05 23 05 50 314 15.2 18.4 99.00 99.00 99.00 999 1013.6  10.5 999.0   8.8 99.0 99.00 
2024 05 23 06 00 314 15.2 20.0 99.00 99.00 99.00 999 1013.4  10.4 999.0   8.8 99.0 99.00 
2024 05 23 06 10 314 15.6 20.2  3.06  7.69  5.94 325 1013.5  10.4 999.0   8.8 99.0 99.00 
2024 05 23 06 20 316 15.2 19.4 99.00 99.00 99.00 999 1013.5  10.4 999.0   8.9 99.0 99.00 
2024 05 23 06 30 315 15.2 19.0 99.00 99.00 99.00 999 1013.4  10.3 999.0   8.8 99.0 99.00 
2024 05 23 06 40 312 15.5 19.9  3.38  7.69  6.32 316 1013.3  10.3 999.0   8.8 99.0 99.00 
2024 05 23 06 50 315 15.4 19.9 99.00 99.00 99.00 999 1013.3  10.3 999.0   8.7 99.0 99.00 
2024 05 23 07 00 317 15.0 19.2 99.00 99.00 99.00 999 1013.3  10.3 999.0   8.7 99.0 99.00 
2024 05 23 07 10 316 14.8 18.5  3.46  8.33  6.38 321 1013.1  10.3 999.0   8.7 99.0 99.00 
2024 05 23 07 20 317 15.8 20.0 99.00 99.00 99.00 999 1013.3  10.3 999.0   8.6 99.0 99.00 
2024 05 23 07 30 317 15.6 19.5 99.00 99.00 99.00 999 1013.2  10.3 999.0   8.6 99.0 99.00 
2024 05 23 07 40 317 15.4 19.7  3.28  9.09  6.30 324 1013.4  10.3 999.0   8.6 99.0 99.00 
2024 05 23 07 50 317 15.2 19.3 99.00 99.00 99.00 999 1013.5  10.3 999.0   8.6 99.0 99.00 
2024 05 23 08 00 317 15.2 18.8 99.00 99.00 99.00 999 1013.6  10.3 999.0   8.6 99.0 99.00 
2024 05 23 08 10 316 15.6 19.6  3.31  8.33  6.32 323 1013.5  10.3 999.0   8.6 99.0 99.00 
2024 05 23 08 20 316 15.2 19.6 99.00 99.00 99.00 999 1013.6  10.2 999.0   8.6 99.0 99.00 
2024 05 23 08 30 315 16.0 20.3 99.00 99.00 99.00 999 1013.5  10.2 999.0   8.6 99.0 99.00 
2024 05 23 08 40 316 16.2 19.7  3.30  8.33  6.27 325 1013.6  10.2 999.0   8.7 99.0 99.00 
2024 05 23 08 50 314 15.4 19.7 99.00 99.00 99.00 999 1013.8  10.1 999.0   8.7 99.0 99.00 
2024 05 23 09 00 316 14.6 18.5 99.00 99.00 99.00 999 1014.0  10.1 999.0   8.7 99.0 99.00 
2024 05 23 09 10 319 14.1 17.9  3.04  7.69  6.18 321 1013.9  10.1 999.0   8.8 99.0 99.00 
2024 05 23 09 20 318 14.3 17.5 99.00 99.00 99.00 999 1014.0  10.0 999.0   8.7 99.0 99.00 
2024 05 23 09 30 316 13.4 16.8 99.00 99.00 99.00 999 1014.1  10.0 999.0   8.7 99.0 99.00 
2024 05 23 09 40 315 13.3 16.6  3.02  9.09  6.19 312 1014.4  10.0 999.0   8.7 99.0 99.00 
2024 05 23 09 50 312 12.6 16.7 99.00 99.00 99.00 999 1014.3  10.0 999.0   8.8 99.0 99.00 
2024 05 23 10 00 311 12.7 16.9 99.00 99.00 99.00 999 1014.3  10.0 999.0   8.8 99.0 99.00 
2024 05 23 10 10 313 12.9 16.0  3.15  8.33  6.36 325 1014.3  10.0 999.0   8.8 99.0 99.00 
2024 05 23 10 20 315 12.7 16.8 99.00 99.00 99.00 999 1014.3   9.9 999.0   8.8 99.0 99.00 
2024 05 23 10 30 316 12.0 16.1 99.00 99.00 99.00 999 1014.3   9.9 999.0   8.9 99.0 99.00 
2024 05 23 10 40 316 12.8 16.3  2.97  8.33  6.15 322 1014.2   9.9 999.0   8.9 99.0 99.00 
2024 05 23 10 50 313 13.0 16.7 99.00 99.00 99.00 999 1014.1   9.8 999.0   8.8 99.0 99.00 
2024 05 23 11 00 313 13.1 16.6 99.00 99.00 99.00 999 1014.3   9.8 999.0   8.8 99.0 99.00 
2024 05 23 11 10 313 13.2 16.8  2.95  8.33  6.37 316 1014.2   9.9 999.0   8.9 99.0 99.00 
2024 05 23 11 20 313 13.1 16.8 99.00 99.00 99.00 999 1014.2   9.9 999.0   8.9 99.0 99.00 
2024 05 23 11 30 315 13.3 15.9 99.00 99.00 99.00 999 1014.1   9.8 999.0   8.8 99.0 99.00 
2024 05 23 11 40 318 12.7 15.8  2.84  8.33  6.13 323 1014.1   9.8 999.0   8.8 99.0 99.00 
2024 05 23 11 50 318 13.1 16.8 99.00 99.00 99.00 999 1014.1   9.8 999.0   8.8 99.0 99.00 
2024 05 23 12 00 319 13.2 17.0 99.00 99.00 99.00 999 1014.0   9.8 999.0   8.8 99.0 99.00 
2024 05 23 12 10 318 12.6 17.2  3.16  7.69  6.24 322 1014.1   9.8 999.0   8.8 99.0 99.00 
2024 05 23 12 20 319 12.1 15.7 99.00 99.00 99.00 999 1013.9   9.8 999.0   8.9 99.0 99.00 
2024 05 23 12 30 319 12.5 15.5 99.00 99.00 99.00 999 1013.9   9.8 999.0   8.9 99.0 99.00 
2024 05 23 12 40 320 12.0 14.8  3.07  8.33  6.33 316 1013.8   9.7 999.0   8.8 99.0 99.00 
2024 05 23 12 50 320 12.0 14.7 99.00 99.00 99.00 999 1013.9   9.7 999.0   8.9 99.0 99.00 
2024 05 23 13 00 324 11.6 14.8 99.00 99.00 99.00 999 1013.9   9.7 999.0   8.9 99.0 99.00 
2024 05 23 13 10 323 11.6 14.6  2.84  8.33  6.11 315 1013.6   9.7 999.0   8.9 99.0 99.00 
2024 05 23 13 20 318 12.1 14.9 99.00 99.00 99.00 999 1013.5   9.7 999.0   8.9 99.0 99.00 
2024 05 23 13 30 318 11.6 14.4 99.00 99.00 99.00 999 1013.5   9.7 999.0   8.9 99.0 99.00 
2024 05 23 13 40 317 12.0 15.0  3.02  8.33  6.17 321 1013.4   9.7 999.0   8.8 99.0 99.00 
2024 05 23 13 50 316 12.3 14.8 99.00 99.00 99.00 999 1013.3   9.8 999.0   8.8 99.0 99.00 
2024 05 23 14 00 314 12.1 15.2 99.00 99.00 99.00 999 1013.4   9.8 999.0   8.8 99.0 99.00 
2024 05 23 14 10 314 12.1 15.4  2.71  8.33  6.05 320 1013.6   9.8 999.0   8.8 99.0 99.00 
2024 05 23 14 20 313 12.1 15.3 99.00 99.00 99.00 999 1013.4   9.8 999.0   8.7 99.0 99.00 
2024 05 23 14 30 312 12.7 16.3 99.00 99.00 99.00 999 1013.4   9.8 999.0   8.7 99.0 99.00 
2024 05 23 14 40 311 12.3 16.2  2.84  7.69  6.04 321 1013.6   9.9 999.0   8.7 99.0 99.00 
2024 05 23 14 50 312 11.8 14.7 99.00 99.00 99.00 999 1013.7   9.9 999.0   8.7 99.0 99.00 
2024 05 23 15 00 314 11.9 15.2 99.00 99.00 99.00 999 1013.8   9.9 999.0   8.7 99.0 99.00 
2024 05 23 15 10 316 11.6 14.9  2.75  8.33  5.92 317 1013.9   9.9 999.0   8.8 99.0 99.00 
2024 05 23 15 20 318 10.8 13.9 99.00 99.00 99.00 999 1013.9   9.9 999.0   8.8 99.0 99.00 
2024 05 23 15 30 316 12.0 15.3 99.00 99.00 99.00 999 1013.9   9.9 999.0   8.8 99.0 99.00 
2024 05 23 15 40 316 11.6 14.2  2.81  7.69  6.10 316 1013.9  10.0 999.0   8.9 99.0 99.00 
2024 05 23 15 50 314 11.8 14.8 99.00 99.00 99.00 999 1014.0  10.0 999.0   8.9 99.0 99.00 
2024 05 23 16 00 318 10.9 13.8 99.00 99.00 99.00 999 1014.0  10.0 999.0   8.9 99.0 99.00 
2024 05 23 16 10 318 11.0 13.8  2.56  8.33  5.69 307 1014.0  10.0 999.0   8.7 99.0 99.00 
2024 05 23 16 20 315 11.1 13.7 99.00 99.00 99.00 999 1014.0  10.0 999.0   8.8 99.0 99.00 
2024 05 23 16 30 310 12.0 15.1 99.00 99.00 99.00 999 1013.8  10.0 999.0   8.9 99.0 99.00 
2024 05 23 16 40 312 12.4 15.3  2.62  7.14  5.77 310 1013.7   9.9 999.0   8.9 99.0 99.00 
2024 05 23 16 50 312 12.6 15.1 99.00 99.00 99.00 999 1013.7   9.9 999.0   8.9 99.0 99.00 
2024 05 23 17 00 314 12.1 15.5 99.00 99.00 99.00 999 1013.8   9.9 999.0   8.9 99.0 99.00 
2024 05 23 17 10 314 12.0 15.1  2.54  7.69  5.74 317 1013.8   9.9 999.0   8.9 99.0 99.00 
2024 05 23 17 20 314 12.4 15.7 99.00 99.00 99.00 999 1013.7   9.9 999.0   8.9 99.0 99.00 
2024 05 23 17 30 311 13.6 16.9 99.00 99.00 99.00 999 1013.6   9.9 999.0   8.9 99.0 99.00 
2024 05 23 17 40 311 14.3 17.7  2.46  8.33  5.79 318 1013.6   9.9 999.0   8.9 99.0 99.00 
2024 05 23 17 50 313 14.3 17.2 99.00 99.00 99.00 999 1013.7  10.0 999.0   9.0 99.0 99.00 
2024 05 23 18 00 314 13.9 17.1 99.00 99.00 99.00 999 1013.8  10.0 999.0   8.9 99.0 99.00 
2024 05 23 18 10 315 13.4 16.7  2.57  7.69  5.77 318 1014.0  10.1 999.0   9.0 99.0 99.00 
2024 05 23 18 20 317 13.1 17.0 99.00 99.00 99.00 999 1014.1  10.0 999.0   8.9 99.0 99.00 
2024 05 23 18 30 316 13.2 17.3 99.00 99.00 99.00 999 1014.1  10.1 999.0   9.0 99.0 99.00 
2024 05 23 18 40 315 13.0 16.4  2.75  7.69  6.04 323 1014.1  10.1 999.0   9.0 99.0 99.00 
2024 05 23 18 50 315 13.3 17.3 99.00 99.00 99.00 999 1014.0  10.1 999.0   9.0 99.0 99.00 
2024 05 23 19 00 314 13.2 16.7 99.00 99.00 99.00 999 1014.0  10.1 999.0   9.0 99.0 99.00 
2024 05 23 19 10 314 13.6 16.9  2.88  8.33  5.97 314 1014.0  10.1 999.0   9.0 99.0 99.00 
2024 05 23 19 20 313 13.3 16.5 99.00 99.00 99.00 999 1014.0  10.1 999.0   8.9 99.0 99.00 
2024 05 23 19 30 312 13.1 16.9 99.00 99.00 99.00 999 1014.0  10.2 999.0   8.9 99.0 99.00 
2024 05 23 19 40 310 12.9 16.5  2.76  8.33  5.94 313 1013.9  10.2 999.0   8.9 99.0 99.00 
2024 05 23 19 50 311 13.5 16.7 99.00 99.00 99.00 999 1013.8  10.2 999.0   8.8 99.0 99.00 
2024 05 23 20 00 312 13.0 16.4 99.00 99.00 99.00 999 1013.7  10.2 999.0   8.9 99.0 99.00 
2024 05 23 20 10 310 13.0 16.2  2.73  7.69  5.76 318 1013.7  10.2 999.0   8.9 99.0 99.00 
2024 05 23 20 20 310 13.2 17.1 99.00 99.00 99.00 999 1013.7  10.2 999.0   8.9 99.0 99.00 
2024 05 23 20 30 312 13.0 16.8 99.00 99.00 99.00 999 1013.6  10.2 999.0   8.9 99.0 99.00 
2024 05 23 20 40 311 12.9 16.4  2.75  7.69  5.89 314 1013.5  10.3 999.0   8.9 99.0 99.00 
2024 05 23 20 50 309 13.0 16.0 99.00 99.00 99.00 999 1013.4  10.3 999.0   8.9 99.0 99.00 
2024 05 23 21 00 309 13.3 16.4 99.00 99.00 99.00 999 1013.3  10.3 999.0   8.9 99.0 99.00 
2024 05 23 21 10 308 13.3 17.3  2.74  7.69  6.00 313 1013.1  10.3 999.0   8.9 99.0 99.00 
2024 05 23 21 20 305 13.3 16.4 99.00 99.00 99.00 999 1013.1  10.3 999.0   8.9 99.0 99.00 
2024 05 23 21 30 304 13.5 16.6 99.00 99.00 99.00 999 1012.9  10.3 999.0   8.9 99.0 99.00 
2024 05 23 21 40 304 13.7 17.0  2.79  8.33  5.98 314 1013.0  10.4 999.0   8.9 99.0 99.00 
2024 05 23 21 50 304 13.6 17.3 99.00 99.00 99.00 999 1013.2  10.4 999.0   8.9 99.0 99.00 
2024 05 23 22 00 304 13.2 16.6 99.00 99.00 99.00 999 1013.3  10.4 999.0   8.9 99.0 99.00 
2024 05 23 22 10 306 12.9 16.4  2.79  7.69  5.92 319 1013.2  10.4 999.0   8.8 99.0 99.00 
2024 05 23 22 20 308 13.3 16.5 99.00 99.00 99.00 999 1013.0  10.5 999.0   8.9 99.0 99.00 
2024 05 23 22 30 306 14.0 17.8 99.00 99.00 99.00 999 1012.9  10.5 999.0   8.9 99.0 99.00 
2024 05 23 22 40 309 13.6 17.9  2.96  8.33  6.00 316 1013.0  10.5 999.0   8.9 99.0 99.00 
2024 05 23 22 50 311 13.3 16.6 99.00 99.00 99.00 999 1013.0  10.5 999.0   8.9 99.0 99.00 
2024 05 23 23 00 311 13.2 16.3 99.00 99.00 99.00 999 1012.9  10.5 999.0   8.9 99.0 99.00 
2024 05 23 23 10 310 13.3 16.4  3.06  7.69  6.14 317 1012.7  10.5 999.0   8.9 99.0 99.00 
2024 05 23 23 20 311 13.3 16.9 99.00 99.00 99.00 999 1012.6  10.5 999.0   8.9 99.0 99.00 
2024 05 23 23 30 312 13.5 17.7 99.00 99.00 99.00 999 1012.5  10.5 999.0   8.9 99.0 99.00 
2024 05 23 23 40 312 13.6 17.3  2.87  7.69  5.94 317 1012.5  10.6 999.0   8.9 99.0 99.00 
2024 05 23 23 50 311 13.7 16.9 99.00 99.00 99.00 999 1012.5  10.6 999.0   9.0 99.0 99.00 
2024 05 24 00 00 308 13.7 17.4 99.00 99.00 99.00 999 1012.4  10.5 999.0   8.9 99.0 99.00 
2024 05 24 00 10 307 13.5 16.7  2.96  7.69  5.98 321 1012.4  10.5 999.0   8.9 99.0 99.00 
2024 05 24 00 20 307 13.7 16.9 99.00 99.00 99.00 999 1012.3  10.5 999.0   8.9 99.0 99.00 
2024 05 24 00 30 307 13.3 16.8 99.00 99.00 99.00 999 1012.3  10.5 999.0   8.9 99.0 99.00 
2024 05 24 00 40 305 13.3 17.6  2.82  7.69  5.81 317 1012.2  10.5 999.0   9.0 99.0 99.00 
2024 05 24 00 50 305 14.1 18.3 99.00 99.00 99.00 999 1012.1  10.6 999.0   9.0 99.0 99.00 
2024 05 24 01 00 305 13.7 18.7 99.00 99.00 99.00 999 1011.9  10.7 999.0   8.9 99.0 99.00 
2024 05 24 01 10 304 14.1 17.8  2.71  7.69  5.83 321 1011.9  10.7 999.0   8.9 99.0 99.00 
2024 05 24 01 20 305 13.8 17.2 99.00 99.00 99.00 999 1011.8  10.6 999.0   9.0 99.0 99.00 
2024 05 24 01 30 305 14.0 17.4 99.00 99.00 99.00 999 1011.8  10.5 999.0   8.9 99.0 99.00 
2024 05 24 01 40 306 14.2 18.5  2.82  7.14  5.84 329 1011.8  10.5 999.0   8.9 99.0 99.00 
2024 05 24 01 50 306 13.6 17.9 99.00 99.00 99.00 999 1011.8  10.5 999.0   8.9 99.0 99.00 
2024 05 24 02 00 306 13.4 16.7 99.00 99.00 99.00 999 1011.7  10.5 999.0   8.9 99.0 99.00 
2024 05 24 02 10 305 13.9 18.1  2.92  7.14  5.96 321 1011.6  10.5 999.0   8.9 99.0 99.00 
2024 05 24 02 20 305 14.3 18.0 99.00 99.00 99.00 999 1011.7  10.6 999.0   9.0 99.0 99.00 
2024 05 24 02 30 306 14.1 17.4 99.00 99.00 99.00 999 1011.9  10.6 999.0   9.0 99.0 99.00 
2024 05 24 02 40 307 13.8 17.2  2.92  7.14  6.11 319 1011.9  10.5 999.0   8.9 99.0 99.00 
2024 05 24 02 50 306 13.8 17.5 99.00 99.00 99.00 999 1012.0  10.5 999.0   9.0 99.0 99.00 
2024 05 24 03 00 305 13.6 17.0 99.00 99.00 99.00 999 1011.9  10.4 999.0   9.0 99.0 99.00 
2024 05 24 03 10 305 13.5 17.6  2.74  7.69  5.82 314 1011.9  10.4 999.0   9.0 99.0 99.00 
2024 05 24 03 20 305 13.5 16.5 99.00 99.00 99.00 999 1011.9  10.4 999.0   8.9 99.0 99.00 
2024 05 24 03 30 306 13.7 17.2 99.00 99.00 99.00 999 1011.9  10.4 999.0   8.8 99.0 99.00 
2024 05 24 03 40 307 13.8 16.7  2.59  7.14  5.71 318 1012.0  10.4 999.0   8.8 99.0 99.00 
2024 05 24 03 50 309 13.3 17.0 99.00 99.00 99.00 999 1011.9  10.4 999.0   8.8 99.0 99.00 
2024 05 24 04 00 309 13.4 18.4 99.00 99.00 99.00 999 1012.0  10.4 999.0   8.8 99.0 99.00 
2024 05 24 04 10 309 13.1 16.3  2.45  7.69  5.61 321 1011.9  10.4 999.0   8.9 99.0 99.00 
2024 05 24 04 20 308 13.2 16.2 99.00 99.00 99.00 999 1011.8  10.4 999.0   8.8 99.0 99.00 
2024 05 24 04 30 305 13.5 16.4 99.00 99.00 99.00 999 1011.9  10.4 999.0   8.9 99.0 99.00 
2024 05 24 04 40 306 13.4 16.5  2.60  7.69  5.66 309 1011.9  10.4 999.0   8.9 99.0 99.00 
2024 05 24 04 50 308 13.2 16.2 99.00 99.00 99.00 999 1012.0  10.4 999.0   8.9 99.0 99.00 
2024 05 24 05 00 309 13.0 16.4 99.00 99.00 99.00 999 1012.1  10.4 999.0   9.0 99.0 99.00 
2024 05 24 05 10 306 13.0 16.1  2.53  8.33  5.69 309 1012.1  10.4 999.0   9.0 99.0 99.00 
2024 05 24 05 20 306 13.1 16.5 99.00 99.00 99.00 999 1012.1  10.3 999.0   9.0 99.0 99.00 
2024 05 24 05 30 305 13.1 16.7 99.00 99.00 99.00 999 1012.2  10.3 999.0   9.0 99.0 99.00 
2024 05 24 05 40 307 13.2 16.5  2.56  8.33  5.77 319 1012.1  10.3 999.0   9.0 99.0 99.00 
2024 05 24 05 50 308 13.6 16.5 99.00 99.00 99.00 999 1012.0  10.3 999.0   9.0 99.0 99.00 
2024 05 24 06 00 309 13.0 16.3 99.00 99.00 99.00 999 1012.1  10.3 999.0   9.2 99.0 99.00 
2024 05 24 06 10 307 12.7 15.8  2.42  7.69  5.61 313 1012.1  10.2 999.0   9.1 99.0 99.00 
2024 05 24 06 20 308 12.6 16.2 99.00 99.00 99.00 999 1012.2  10.2 999.0   9.1 99.0 99.00 
2024 05 24 06 30 308 12.2 15.9 99.00 99.00 99.00 999 1012.2  10.2 999.0   9.1 99.0 99.00 
2024 05 24 06 40 308 12.4 16.4  2.39  6.25  5.56 317 1012.1  10.2 999.0   9.2 99.0 99.00 
2024 05 24 06 50 309 12.2 16.2 99.00 99.00 99.00 999 1012.2  10.2 999.0   9.1 99.0 99.00 
2024 05 24 07 00 311 12.1 16.5 99.00 99.00 99.00 999 1012.2  10.2 999.0   9.2 99.0 99.00 
2024 05 24 07 10 310 11.6 14.7  2.49  8.33  5.73 308 1012.2  10.1 999.0   9.1 99.0 99.00 
2024 05 24 07 20 309 12.0 14.6 99.00 99.00 99.00 999 1012.1  10.2 999.0   9.2 99.0 99.00 
2024 05 24 07 30 308 12.1 14.9 99.00 99.00 99.00 999 1012.0  10.1 999.0   9.1 99.0 99.00 
2024 05 24 07 40 309 12.5 15.2  2.53  8.33  5.77 318 1012.0  10.1 999.0   9.1 99.0 99.00 
2024 05 24 07 50 309 12.3 15.5 99.00 99.00 99.00 999 1012.0  10.1 999.0   9.1 99.0 99.00 
2024 05 24 08 00 309 12.1 15.8 99.00 99.00 99.00 999 1012.0  10.1 999.0   9.1 99.0 99.00 
2024 05 24 08 10 311 12.0 15.3  2.26  6.25  5.57 319 1011.8  10.1 999.0   9.2 99.0 99.00 
2024 05 24 08 20 311 12.2 14.9 99.00 99.00 99.00 999 1011.7  10.1 999.0   9.3 99.0 99.00 
2024 05 24 08 30 310 12.3 15.5 99.00 99.00 99.00 999 1011.7  10.1 999.0   9.3 99.0 99.00 
2024 05 24 08 40 310 12.5 15.3  2.28  6.25  5.52 311 1011.8  10.1 999.0   9.3 99.0 99.00 
2024 05 24 08 50 310 12.6 15.2 99.00 99.00 99.00 999 1011.6  10.1 999.0   9.3 99.0 99.00 
2024 05 24 09 00 309 12.1 15.2 99.00 99.00 99.00 999 1011.5  10.1 999.0   9.3 99.0 99.00 
2024 05 24 09 10 309 11.9 15.7  2.49  7.69  5.73 309 1011.5  10.0 999.0   9.2 99.0 99.00 
2024 05 24 09 20 308 11.8 14.7 99.00 99.00 99.00 999 1011.5  10.0 999.0   9.2 99.0 99.00 
2024 05 24 09 30 308 11.8 14.7 99.00 99.00 99.00 999 1011.5  10.0 999.0   9.2 99.0 99.00 
2024 05 24 09 40 308 12.6 15.9  2.23  8.33  5.41 310 1011.5  10.0 999.0   9.2 99.0 99.00 
2024 05 24 09 50 308 12.3 16.2 99.00 99.00 99.00 999 1011.4  10.0 999.0   9.3 99.0 99.00 
2024 05 24 10 00 310 12.3 15.4 99.00 99.00 99.00 999 1011.4  10.0 999.0   9.3 99.0 99.00 
2024 05 24 10 10 311 11.9 15.2  2.55  7.69  5.72 316 1011.4   9.9 999.0   9.2 99.0 99.00 
2024 05 24 10 20 310 12.3 15.4 99.00 99.00 99.00 999 1011.3   9.9 999.0   9.2 99.0 99.00 
2024 05 24 10 30 310 12.4 15.4 99.00 99.00 99.00 999 1011.4   9.9 999.0   9.2 99.0 99.00 
2024 05 24 10 40 308 12.6 16.2  2.29  8.33  5.45 312 1011.4  10.0 999.0   9.3 99.0 99.00 
2024 05 24 10 50 309 11.9 14.7 99.00 99.00 99.00 999 1011.6  10.0 999.0   9.3 99.0 99.00 
2024 05 24 11 00 310 12.0 15.4 99.00 99.00 99.00 999 1011.6  10.0 999.0   9.3 99.0 99.00 
2024 05 24 11 10 313 12.9 16.3  2.17  6.67  5.38 318 1011.6  10.0 999.0   9.3 99.0 99.00 
2024 05 24 11 20 313 12.5 16.7 99.00 99.00 99.00 999 1011.6   9.9 999.0   9.2 99.0 99.00 
2024 05 24 11 30 314 13.1 17.1 99.00 99.00 99.00 999 1011.5   9.9 999.0   9.2 99.0 99.00 
2024 05 24 11 40 314 13.9 17.7  2.44  7.14  5.64 315 1011.5   9.9 999.0   9.2 99.0 99.00 
2024 05 24 11 50 317 13.5 18.5 99.00 99.00 99.00 999 1011.5  10.0 999.0   9.3 99.0 99.00 
2024 05 24 12 00 317 13.8 17.8 99.00 99.00 99.00 999 1011.5  10.0 999.0   9.2 99.0 99.00 
2024 05 24 12 10 317 13.7 17.1  2.37  7.69  5.47 313 1011.4  10.0 999.0   9.2 99.0 99.00 
2024 05 24 12 20 318 13.5 18.1 99.00 99.00 99.00 999 1011.5  10.0 999.0   9.2 99.0 99.00 
2024 05 24 12 30 317 13.2 16.4 99.00 99.00 99.00 999 1011.3  10.0 999.0   9.2 99.0 99.00 
2024 05 24 12 40 317 13.0 17.1  2.58  7.14  5.67 315 1011.4  10.0 999.0   9.2 99.0 99.00 
2024 05 24 12 50 317 12.4 15.8 99.00 99.00 99.00 999 1011.4  10.0 999.0   9.3 99.0 99.00 
2024 05 24 13 00 318 13.2 16.9 99.00 99.00 99.00 999 1011.4  10.0 999.0   9.2 99.0 99.00 
2024 05 24 13 10 316 12.2 16.2  2.43  6.67  5.47 319 1011.5  10.0 999.0   9.2 99.0 99.00 
2024 05 24 13 20 315 11.8 15.1 99.00 99.00 99.00 999 1011.4  10.0 999.0   9.3 99.0 99.00 
2024 05 24 13 30 315 11.8 14.5 99.00 99.00 99.00 999 1011.4  10.1 999.0   9.4 99.0 99.00 
2024 05 24 13 40 315 12.1 15.1  2.28  7.69  5.48 320 1011.5  10.1 999.0   9.4 99.0 99.00 
2024 05 24 13 50 315 11.4 14.3 99.00 99.00 99.00 999 1011.6  10.0 999.0   9.3 99.0 99.00 
2024 05 24 14 00 315 11.6 15.4 99.00 99.00 99.00 999 1011.7  10.1 999.0   9.4 99.0 99.00 
2024 05 24 14 10 315 11.8 15.2  2.37  7.14  5.48 322 1011.7  10.1 999.0   9.4 99.0 99.00 
2024 05 24 14 20 314 11.2 14.5 99.00 99.00 99.00 999 1011.7  10.1 999.0   9.4 99.0 99.00 
2024 05 24 14 30 315 11.9 15.5 99.00 99.00 99.00 999 1011.7  10.1 999.0   9.4 99.0 99.00 
2024 05 24 14 40 315 11.7 14.6  2.28  7.69  5.51 318 1011.8  10.1 999.0   9.4 99.0 99.00 
2024 05 24 14 50 316 12.1 15.7 99.00 99.00 99.00 999 1011.8  10.1 999.0   9.3 99.0 99.00 
2024 05 24 15 00 315 11.9 16.0 99.00 99.00 99.00 999 1011.7  10.1 999.0   9.3 99.0 99.00 
2024 05 24 15 10 316 11.2 15.3  2.33  7.69  5.50 318 1011.8  10.1 999.0   9.4 99.0 99.00 
2024 05 24 15 20 315 11.5 15.0 99.00 99.00 99.00 999 1011.8  10.1 999.0   9.4 99.0 99.00 
2024 05 24 15 30 314 11.0 13.9 99.00 99.00 99.00 999 1011.9  10.1 999.0   9.4 99.0 99.00 
2024 05 24 15 40 313 11.1 13.6  2.32  6.67  5.52 322 1011.9  10.1 999.0   9.4 99.0 99.00 
2024 05 24 15 50 311 11.7 14.9 99.00 99.00 99.00 999 1011.8  10.1 999.0   9.4 99.0 99.00 
2024 05 24 16 00 305 12.1 16.7 99.00 99.00 99.00 999 1011.8  10.1 999.0   9.4 99.0 99.00 
2024 05 24 16 10 305 12.6 15.4  2.25  6.25  5.34 318 1011.8  10.1 999.0   9.4 99.0 99.00 
2024 05 24 16 20 307 12.7 16.6 99.00 99.00 99.00 999 1011.8  10.1 999.0   9.4 99.0 99.00 
2024 05 24 16 30 309 11.7 14.5 99.00 99.00 99.00 999 1012.0  10.1 999.0   9.4 99.0 99.00 
2024 05 24 16 40 312 11.3 14.4  2.18  6.67  5.37 317 1012.0  10.1 999.0   9.4 99.0 99.00 
2024 05 24 16 50 312 11.7 15.1 99.00 99.00 99.00 999 1012.0  10.2 999.0   9.5 99.0 99.00 
2024 05 24 17 00 310 11.5 14.5 99.00 99.00 99.00 999 1012.0  10.2 999.0   9.5 99.0 99.00 
2024 05 24 17 10 309 11.5 14.0  1.93  6.67  5.24 316 1012.0  10.2 999.0   9.5 99.0 99.00 
2024 05 24 17 20 310 11.5 14.1 99.00 99.00 99.00 999 1012.0  10.3 999.0   9.6 99.0 99.00 
2024 05 24 17 30 311 11.6 15.4 99.00 99.00 99.00 999 1012.0  10.3 999.0   9.6 99.0 99.00 
2024 05 24 17 40 310 11.4 14.0  2.15  7.14  5.33 310 1011.8  10.3 999.0   9.6 99.0 99.00 
2024 05 24 17 50 308 10.9 13.6 99.00 99.00 99.00 999 1011.8  10.3 999.0   9.6 99.0 99.00 
2024 05 24 18 00 308 11.8 14.8 99.00 99.00 99.00 999 1011.9  10.4 999.0   9.7 99.0 99.00 
2024 05 24 18 10 308 11.1 14.2  1.97  7.14  5.18 309 1011.9  10.4 999.0   9.7 99.0 99.00 
2024 05 24 18 20 307 11.4 14.3 99.00 99.00 99.00 999 1011.9  10.4 999.0   9.7 99.0 99.00 
2024 05 24 18 30 305 11.5 14.2 99.00 99.00 99.00 999 1011.9  10.4 999.0   9.7 99.0 99.00 
2024 05 24 18 40 304 11.9 15.0  1.98  7.14  5.00 312 1011.9  10.5 999.0   9.8 99.0 99.00 
2024 05 24 18 50 304 11.9 14.6 99.00 99.00 99.00 999 1011.8  10.5 999.0   9.7 99.0 99.00 
2024 05 24 19 00 304 11.8 14.8 99.00 99.00 99.00 999 1011.8  10.5 999.0   9.8 99.0 99.00 
2024 05 24 19 10 306 12.0 14.3  1.92  6.25  5.03 311 1011.7  10.5 999.0   9.8 99.0 99.00 
2024 05 24 19 20 304 11.2 13.7 99.00 99.00 99.00 999 1011.8  10.5 999.0   9.8 99.0 99.00 
2024 05 24 19 30 303 11.1 13.5 99.00 99.00 99.00 999 1011.8  10.5 999.0   9.9 99.0 99.00 
2024 05 24 19 40 304 10.9 13.8  1.86  5.88  5.13 304 1011.8  10.5 999.0   9.9 99.0 99.00 
2024 05 24 19 50 302 11.0 13.7 99.00 99.00 99.00 999 1011.7  10.5 999.0  10.0 99.0 99.00 
2024 05 24 20 00 299 11.0 13.6 99.00 99.00 99.00 999 1011.7  10.5 999.0  10.0 99.0 99.00 
2024 05 24 20 10 299 10.8 13.5  1.91  5.56  5.02 309 1011.6  10.5 999.0  10.0 99.0 99.00 
2024 05 24 20 20 298 11.5 13.9 99.00 99.00 99.00 999 1011.6  10.5 999.0  10.0 99.0 99.00 
2024 05 24 20 30 297 11.2 13.9 99.00 99.00 99.00 999 1011.7  10.6 999.0  10.1 99.0 99.00 
2024 05 24 20 40 297 11.3 14.1  1.96  5.88  5.05 312 1011.7  10.6 999.0  10.1 99.0 99.00 
2024 05 24 20 50 297 11.8 14.5 99.00 99.00 99.00 999 1011.6  10.6 999.0  10.1 99.0 99.00 
2024 05 24 21 00 297 11.7 14.1 99.00 99.00 99.00 999 1011.7  10.6 999.0  10.1 99.0 99.00 
2024 05 24 21 10 297 11.2 14.4  1.76  6.25  4.89 300 1011.6  10.6 999.0  10.1 99.0 99.00 
2024 05 24 21 20 297 11.7 14.5 99.00 99.00 99.00 999 1011.6  10.6 999.0  10.1 99.0 99.00 
2024 05 24 21 30 297 11.6 14.4 99.00 99.00 99.00 999 1011.5  10.6 999.0  10.1 99.0 99.00 
2024 05 24 21 40 297 11.6 14.7  1.76  6.67  4.83 307 1011.4  10.6 999.0  10.1 99.0 99.00 
2024 05 24 21 50 297 11.6 15.1 99.00 99.00 99.00 999 1011.4  10.6 999.0  10.1 99.0 99.00 
2024 05 24 22 00 297 12.3 14.8 99.00 99.00 99.00 999 1011.4  10.7 999.0  10.2 99.0 99.00 
2024 05 24 22 10 296 12.4 15.9  1.74  6.67  4.89 310 1011.4  10.7 999.0  10.2 99.0 99.00 
2024 05 24 22 20 295 12.2 14.7 99.00 99.00 99.00 999 1011.3  10.7 999.0  10.3 99.0 99.00 
2024 05 24 22 30 295 12.1 15.0 99.00 99.00 99.00 999 1011.4  10.7 999.0  10.3 99.0 99.00 
2024 05 24 22 40 298 12.7 15.7  1.84  5.56  4.85 306 1011.3  10.9 999.0  10.5 99.0 99.00 
2024 05 24 22 50 301 13.3 16.4 99.00 99.00 99.00 999 1011.2  11.0 999.0  10.6 99.0 99.00 
2024 05 24 23 00 301 13.3 17.3 99.00 99.00 99.00 999 1011.1  10.9 999.0  10.5 99.0 99.00 
2024 05 24 23 10 301 13.4 16.7  1.99  7.14  4.90 278 1011.2  10.9 999.0  10.5 99.0 99.00 
2024 05 24 23 20 300 13.1 16.4 99.00 99.00 99.00 999 1011.1  10.9 999.0  10.5 99.0 99.00 
2024 05 24 23 30 302 13.2 17.3 99.00 99.00 99.00 999 1011.2  10.9 999.0  10.5 99.0 99.00 
2024 05 24 23 40 302 12.5 15.8  1.85  6.25  4.89 308 1011.3  10.9 999.0  10.6 99.0 99.00 
2024 05 24 23 50 301 11.9 14.9 99.00 99.00 99.00 999 1011.3  10.9 999.0  10.5 99.0 99.00 
2024 05 25 00 00 300 11.6 14.4 99.00 99.00 99.00 999 1011.3  10.9 999.0  10.6 99.0 99.00 
2024 05 25 00 10 299 11.5 13.7  1.89  6.25  4.92 298 1011.3  10.8 999.0  10.6 99.0 99.00 
2024 05 25 00 20 298 11.5 14.5 99.00 99.00 99.00 999 1011.3  10.8 999.0  10.6 99.0 99.00 
2024 05 25 00 30 297 11.2 13.7 99.00 99.00 99.00 999 1011.4  10.7 999.0  10.5 99.0 99.00 
2024 05 25 00 40 299 11.1 13.8  1.89  6.67  5.03 316 1011.4  10.7 999.0  10.6 99.0 99.00 
2024 05 25 00 50 301 10.5 12.9 99.00 99.00 99.00 999 1011.4  10.7 999.0  10.6 99.0 99.00 
2024 05 25 01 00 302 10.7 12.7 99.00 99.00 99.00 999 1011.4  10.7 999.0  10.6 99.0 99.00 
2024 05 25 01 10 300 11.5 14.3  1.89  6.67  4.92 309 1011.4  10.7 999.0  10.5 99.0 99.00 
2024 05 25 01 20 301 11.1 13.7 99.00 99.00 99.00 999 1011.5  10.8 999.0  10.6 99.0 99.00 
2024 05 25 01 30 301 11.6 14.4 99.00 99.00 99.00 999 1011.4  10.8 999.0  10.7 99.0 99.00 
2024 05 25 01 40 302 12.0 15.3  1.93  6.67  5.02 317 1011.5  10.8 999.0  10.7 99.0 99.00 
2024 05 25 01 50 304 11.1 13.7 99.00 99.00 99.00 999 1011.7  10.7 999.0  10.6 99.0 99.00 
2024 05 25 02 00 305 11.1 13.8 99.00 99.00 99.00 999 1011.6  10.7 999.0  10.6 99.0 99.00 
2024 05 25 02 10 305 11.5 13.9  1.82  6.25  5.04 322 1011.5  10.7 999.0  10.6 99.0 99.00 
2024 05 25 02 20 305 11.9 15.5 99.00 99.00 99.00 999 1011.5  10.7 999.0  10.6 99.0 99.00 
2024 05 25 02 30 307 10.9 13.9 99.00 99.00 99.00 999 1011.6  10.5 999.0  10.4 99.0 99.00 
2024 05 25 02 40 308 10.2 12.7  1.89  6.25  5.03 308 1011.7  10.5 999.0  10.4 99.0 99.00 
2024 05 25 02 50 307 10.6 13.2 99.00 99.00 99.00 999 1011.7  10.5 999.0  10.5 99.0 99.00 
2024 05 25 03 00 303 11.2 14.9 99.00 99.00 99.00 999 1011.7  10.5 999.0  10.5 99.0 99.00 
2024 05 25 03 10 300 11.4 14.4  2.03  6.67  5.23 304 1011.7  10.5 999.0  10.5 99.0 99.00 
2024 05 25 03 20 302 10.7 12.8 99.00 99.00 99.00 999 1011.9  10.4 999.0  10.4 99.0 99.00 
2024 05 25 03 30 307 10.3 12.2 99.00 99.00 99.00 999 1011.9  10.4 999.0  10.4 99.0 99.00 
2024 05 25 03 40 307 10.7 13.4  1.78  6.25  5.07 305 1011.8  10.3 999.0  10.3 99.0 99.00 
2024 05 25 03 50 307 11.6 14.3 99.00 99.00 99.00 999 1011.8  10.3 999.0  10.3 99.0 99.00 
2024 05 25 04 00 307 12.2 15.2 99.00 99.00 99.00 999 1011.9  10.4 999.0  10.4 99.0 99.00 
2024 05 25 04 10 305 11.9 14.3  1.85  6.25  5.09 309 1011.9  10.4 999.0  10.4 99.0 99.00 
2024 05 25 04 20 306 12.1 15.5 99.00 99.00 99.00 999 1011.9  10.4 999.0  10.4 99.0 99.00 
2024 05 25 04 30 307 12.0 14.9 99.00 99.00 99.00 999 1012.0  10.3 999.0  10.3 99.0 99.00 
2024 05 25 04 40 307 11.9 14.6  1.71  5.88  4.82 316 1012.0  10.3 999.0  10.3 99.0 99.00 
2024 05 25 04 50 310 11.7 15.0 99.00 99.00 99.00 999 1012.1  10.2 999.0  10.2 99.0 99.00 
2024 05 25 05 00 307 11.2 14.2 99.00 99.00 99.00 999 1012.2  10.2 999.0  10.2 99.0 99.00 
2024 05 25 05 10 308 11.5 14.2  1.91  6.25  5.06 315 1012.2  10.2 999.0  10.2 99.0 99.00 
2024 05 25 05 20 305 11.7 14.7 99.00 99.00 99.00 999 1012.2  10.2 999.0  10.2 99.0 99.00 
2024 05 25 05 30 305 10.9 14.2 99.00 99.00 99.00 999 1012.4  10.2 999.0  10.2 99.0 99.00 
2024 05 25 05 40 306 10.1 12.6  1.87  6.25  5.01 313 1012.3  10.2 999.0  10.2 99.0 99.00 
2024 05 25 05 50 303 10.1 13.5 99.00 99.00 99.00 999 1012.3  10.2 999.0  10.2 99.0 99.00 
2024 05 25 06 00 304  9.9 12.0 99.00 99.00 99.00 999 1012.3  10.1 999.0  10.1 99.0 99.00 
2024 05 25 06 10 304  9.8 12.1  1.91  6.25  5.01 306 1012.3  10.0 999.0  10.0 99.0 99.00 
2024 05 25 06 20 304  9.6 11.6 99.00 99.00 99.00 999 1012.2   9.9 999.0   9.9 99.0 99.00 
2024 05 25 06 30 303  9.5 11.3 99.00 99.00 99.00 999 1012.2   9.8 999.0   9.8 99.0 99.00 
2024 05 25 06 40 303  9.7 12.0  1.90  5.88  5.08 307 1012.2   9.9 999.0   9.9 99.0 99.00 
2024 05 25 06 50 305  9.2 12.2 99.00 99.00 99.00 999 1012.4   9.8 999.0   9.8 99.0 99.00 
2024 05 25 07 00 303  9.1 11.4 99.00 99.00 99.00 999 1012.4   9.8 999.0   9.8 99.0 99.00 
2024 05 25 07 10 301  9.2 11.8  1.78  6.25  5.01 311 1012.4   9.9 999.0   9.9 99.0 99.00 
2024 05 25 07 20 299  9.1 10.9 99.00 99.00 99.00 999 1012.3   9.9 999.0   9.9 99.0 99.00 
2024 05 25 07 30 295  9.9 11.7 99.00 99.00 99.00 999 1012.2   9.9 999.0   9.9 99.0 99.00 
2024 05 25 07 40 296  9.5 11.8  1.72  6.67  5.01 321 1012.4   9.9 999.0   9.9 99.0 99.00 
2024 05 25 07 50 297  9.1 10.8 99.00 99.00 99.00 999 1012.3   9.9 999.0   9.9 99.0 99.00 
2024 05 25 08 00 296  9.1 11.6 99.00 99.00 99.00 999 1012.2   9.8 999.0   9.8 99.0 99.00 
2024 05 25 08 10 298  9.2 11.8  1.60  6.25  4.94 325 1012.4   9.9 999.0   9.9 99.0 99.00 
2024 05 25 08 20 298  9.2 11.0 99.00 99.00 99.00 999 1012.3   9.9 999.0   9.9 99.0 99.00 
2024 05 25 08 30 297  8.8 10.7 99.00 99.00 99.00 999 1012.4   9.9 999.0   9.9 99.0 99.00 
2024 05 25 08 40 301  8.9 11.4  1.59  5.56  4.85 308 1012.4  10.0 999.0  10.0 99.0 99.00 
2024 05 25 08 50 299  9.1 11.2 99.00 99.00 99.00 999 1012.3  10.0 999.0  10.0 99.0 99.00 
2024 05 25 09 00 299  9.6 12.3 99.00 99.00 99.00 999 1012.3  10.1 999.0  10.1 99.0 99.00 
2024 05 25 09 10 298  9.3 11.3  1.54  6.25  4.83 314 1012.4  10.0 999.0  10.0 99.0 99.00 
2024 05 25 09 20 298  9.5 12.0 99.00 99.00 99.00 999 1012.5  10.0 999.0  10.0 99.0 99.00 
2024 05 25 09 30 299  8.6 10.7 99.00 99.00 99.00 999 1012.6   9.9 999.0   9.9 99.0 99.00 
2024 05 25 09 40 298  9.4 12.0  1.59  6.25  4.97 309 1012.6  10.0 999.0  10.0 99.0 99.00 
2024 05 25 09 50 294  9.1 11.4 99.00 99.00 99.00 999 1012.4  10.0 999.0  10.0 99.0 99.00 
2024 05 25 10 00 289  8.8 10.8 99.00 99.00 99.00 999 1012.4  10.0 999.0  10.0 99.0 99.00 
2024 05 25 10 10 294  8.9 10.7  1.52  5.88  4.81 315 1012.5  10.0 999.0  10.0 99.0 99.00 
2024 05 25 10 20 295  8.8 11.1 99.00 99.00 99.00 999 1012.5  10.0 999.0  10.0 99.0 99.00 
2024 05 25 10 30 296  9.0 11.0 99.00 99.00 99.00 999 1012.5  10.1 999.0  10.1 99.0 99.00 
2024 05 25 10 40 296  9.0 11.5  1.53  6.25  4.74 320 1012.5  10.0 999.0  10.0 99.0 99.00 
2024 05 25 10 50 297  9.1 11.2 99.00 99.00 99.00 999 1012.5  10.0 999.0  10.0 99.0 99.00 
2024 05 25 11 00 301  9.1 12.0 99.00 99.00 99.00 999 1012.5  10.0 999.0  10.0 99.0 99.00 
2024 05 25 11 10 300  8.4 10.7  1.42  6.25  4.81 310 1012.6  10.0 999.0  10.0 99.0 99.00 
2024 05 25 11 20 301  8.5 10.7 99.00 99.00 99.00 999 1012.8   9.9 999.0   9.9 99.0 99.00 
2024 05 25 11 30 302  8.1 10.6 99.00 99.00 99.00 999 1012.8   9.8 999.0   9.8 99.0 99.00 
2024 05 25 11 40 304  8.9 11.3  1.45  6.25  4.64 313 1012.8   9.7 999.0   9.7 99.0 99.00 
2024 05 25 11 50 304  8.8 11.8 99.00 99.00 99.00 999 1012.8   9.7 999.0   9.7 99.0 99.00 
2024 05 25 12 00 305  9.0 11.0 99.00 99.00 99.00 999 1012.8   9.7 999.0   9.7 99.0 99.00 
2024 05 25 12 10 305  9.0 11.6  1.48  5.88  4.76 306 1012.8   9.7 999.0   9.7 99.0 99.00 
2024 05 25 12 20 306  9.1 11.1 99.00 99.00 99.00 999 1012.9   9.7 999.0   9.7 99.0 99.00 
2024 05 25 12 30 308  9.4 12.1 99.00 99.00 99.00 999 1012.9   9.7 999.0   9.7 99.0 99.00 
2024 05 25 12 40 306  9.4 11.5  1.53  6.25  4.68 311 1013.0   9.6 999.0   9.6 99.0 99.00 
2024 05 25 12 50 306  9.3 11.9 99.00 99.00 99.00 999 1013.1   9.6 999.0   9.6 99.0 99.00 
2024 05 25 13 00 304  9.1 11.3 99.00 99.00 99.00 999 1013.3   9.6 999.0   9.6 99.0 99.00 
2024 05 25 13 10 305  9.5 11.4  1.40  5.88  4.59 305 1013.4   9.7 999.0   9.7 99.0 99.00 
2024 05 25 13 20 305  9.0 11.1 99.00 99.00 99.00 999 1013.5   9.7 999.0   9.7 99.0 99.00 
2024 05 25 13 30 306  8.6 10.8 99.00 99.00 99.00 999 1013.6   9.7 999.0   9.7 99.0 99.00 
2024 05 25 13 40 305  8.7 11.6  1.48  5.88  4.67 315 1013.8   9.8 999.0   9.8 99.0 99.00 
2024 05 25 13 50 307  9.3 12.0 99.00 99.00 99.00 999 1013.9   9.8 999.0   9.8 99.0 99.00 
2024 05 25 14 00 306  8.9 11.3 99.00 99.00 99.00 999 1014.0   9.7 999.0   9.7 99.0 99.00 
2024 05 25 14 10 308  9.6 12.2  1.56  5.56  4.72 306 1014.0   9.6 999.0   9.6 99.0 99.00 
2024 05 25 14 20 307  9.7 12.1 99.00 99.00 99.00 999 1014.2   9.7 999.0   9.7 99.0 99.00 
2024 05 25 14 30 310  9.6 12.2 99.00 99.00 99.00 999 1014.3   9.7 999.0   9.7 99.0 99.00 
2024 05 25 14 40 312  9.1 11.7  1.45  5.00  4.65 312 1014.4   9.8 999.0   9.8 99.0 99.00 
2024 05 25 14 50 314  8.6 10.6 99.00 99.00 99.00 999 1014.5   9.8 999.0   9.8 99.0 99.00 
2024 05 25 15 00 313  8.6 11.5 99.00 99.00 99.00 999 1014.5   9.9 999.0   9.9 99.0 99.00 
2024 05 25 15 10 313  8.8 11.3  1.43  5.88  4.57 316 1014.7   9.9 999.0   9.9 99.0 99.00 
2024 05 25 15 20 314  9.0 11.8 99.00 99.00 99.00 999 1014.8   9.9 999.0   9.9 99.0 99.00 
2024 05 25 15 30 316  9.1 11.8 99.00 99.00 99.00 999 1015.0  10.0 999.0  10.0 99.0 99.00 
2024 05 25 15 40 312  7.7 10.0  1.44  5.56  4.74 316 1015.1  10.0 999.0  10.0 99.0 99.00 
2024 05 25 15 50 305  7.1  8.9 99.00 99.00 99.00 999 1015.2  10.0 999.0   9.9 99.0 99.00 
2024 05 25 16 00 304  7.3  9.1 99.00 99.00 99.00 999 1015.3  10.0 999.0   9.9 99.0 99.00 
2024 05 25 16 10 306  6.9  8.6  1.42  5.88  4.72 309 1015.4  10.0 999.0   9.9 99.0 99.00 
2024 05 25 16 20 305  7.2  8.7 99.00 99.00 99.00 999 1015.4  10.1 999.0   9.9 99.0 99.00 
2024 05 25 16 30 302  7.4  9.1 99.00 99.00 99.00 999 1015.5  10.1 999.0   9.9 99.0 99.00 
2024 05 25 16 40 300  7.7  9.5  1.43  5.88  4.77 315 1015.5  10.1 999.0   9.7 99.0 99.00 
2024 05 25 16 50 301  8.1 10.2 99.00 99.00 99.00 999 1015.6  10.2 999.0   9.7 99.0 99.00 
2024 05 25 17 00 302  8.3 10.0 99.00 99.00 99.00 999 1015.6  10.2 999.0   9.7 99.0 99.00 
2024 05 25 17 10 305  8.5 10.5  1.52  6.67  4.89 314 1015.6  10.3 999.0   9.7 99.0 99.00 
2024 05 25 17 20 305  8.6 10.7 99.00 99.00 99.00 999 1015.7  10.4 999.0   9.7 99.0 99.00 
2024 05 25 17 30 304  8.4 10.6 99.00 99.00 99.00 999 1015.7  10.4 999.0   9.6 99.0 99.00 
2024 05 25 17 40 303  8.5 10.2  1.45  6.25  4.75 315 1015.8  10.5 999.0   9.6 99.0 99.00 
2024 05 25 17 50 303  8.4 10.0 99.00 99.00 99.00 999 1016.0  10.6 999.0   9.6 99.0 99.00 
2024 05 25 18 00 301  8.4 10.5 99.00 99.00 99.00 999 1016.1  10.6 999.0   9.5 99.0 99.00 
2024 05 25 18 10 298  8.6 10.2  1.52  6.25  4.86 308 1016.2  10.6 999.0   9.5 99.0 99.00 
2024 05 25 18 20 296  8.8 11.1 99.00 99.00 99.00 999 1016.1  10.7 999.0   9.6 99.0 99.00 
2024 05 25 18 30 296  8.9 11.0 99.00 99.00 99.00 999 1016.1  10.7 999.0   9.5 99.0 99.00 
2024 05 25 18 40 296  8.7 10.7  1.45  5.88  4.71 313 1016.2  10.7 999.0   9.6 99.0 99.00 
2024 05 25 18 50 292  8.4 10.3 99.00 99.00 99.00 999 1016.2  10.7 999.0   9.7 99.0 99.00 
2024 05 25 19 00 290  8.8 11.5 99.00 99.00 99.00 999 1016.3  10.7 999.0   9.7 99.0 99.00 
2024 05 25 19 10 290  8.6 10.6  1.60  5.88  4.97 313 1016.3  10.7 999.0   9.8 99.0 99.00 
2024 05 25 19 20 291  8.5 10.3 99.00 99.00 99.00 999 1016.5  10.7 999.0   9.9 99.0 99.00 
2024 05 25 19 30 290  8.2 10.4 99.00 99.00 99.00 999 1016.6  10.7 999.0   9.9 99.0 99.00 
2024 05 25 19 40 292  7.8  9.6  1.51  6.67  4.86 311 1016.6  10.7 999.0   9.9 99.0 99.00 
2024 05 25 19 50 294  8.1  9.7 99.00 99.00 99.00 999 1016.6  10.6 999.0   9.8 99.0 99.00 
2024 05 25 20 00 293  7.8  9.6 99.00 99.00 99.00 999 1016.8  10.6 999.0   9.8 99.0 99.00 
2024 05 25 20 10 294  7.8  9.6  1.61  6.67  5.05 310 1016.8  10.6 999.0   9.8 99.0 99.00 
2024 05 25 20 20 294  7.5  9.5 99.00 99.00 99.00 999 1016.7  10.6 999.0   9.8 99.0 99.00 
2024 05 25 20 30 297  8.0  9.6 99.00 99.00 99.00 999 1016.7  10.7 999.0   9.9 99.0 99.00 
2024 05 25 20 40 298  8.3 10.2  1.51  6.25  4.97 312 1016.6  10.7 999.0   9.9 99.0 99.00 
2024 05 25 20 50 298  8.2 10.3 99.00 99.00 99.00 999 1016.7  10.7 999.0   9.9 99.0 99.00 
2024 05 25 21 00 297  8.3 10.2 99.00 99.00 99.00 999 1016.7  10.7 999.0   9.8 99.0 99.00 
2024 05 25 21 10 300  8.4 10.5  1.60  6.67  5.05 308 1016.6  10.7 999.0   9.9 99.0 99.00 
2024 05 25 21 20 303  8.4 10.1 99.00 99.00 99.00 999 1016.6  10.7 999.0   9.7 99.0 99.00 
2024 05 25 21 30 304  8.7 10.6 99.00 99.00 99.00 999 1016.6  10.7 999.0   9.7 99.0 99.00 
2024 05 25 21 40 303  8.4 10.5  1.58  6.67  4.89 314 1016.6  10.7 999.0   9.7 99.0 99.00 
2024 05 25 21 50 302  8.1  9.9 99.00 99.00 99.00 999 1016.7  10.7 999.0   9.7 99.0 99.00 
2024 05 25 22 00 301  7.6  9.2 99.00 99.00 99.00 999 1016.8  10.7 999.0   9.7 99.0 99.00 
2024 05 25 22 10 301  7.5  9.2  1.65  7.14  5.03 299 1016.8  10.8 999.0   9.7 99.0 99.00 
2024 05 25 22 20 302  7.6 10.0 99.00 99.00 99.00 999 1016.8  10.8 999.0   9.6 99.0 99.00 
2024 05 25 22 30 301  7.5  9.8 99.00 99.00 99.00 999 1016.7  10.8 999.0   9.6 99.0 99.00 
2024 05 25 22 40 299  7.7  9.5  1.67  6.67  5.02 305 1016.7  10.8 999.0   9.5 99.0 99.00 
2024 05 25 22 50 299  8.1 10.8 99.00 99.00 99.00 999 1016.6  10.8 999.0   9.4 99.0 99.00 
2024 05 25 23 00 299  8.1 10.7 99.00 99.00 99.00 999 1016.6  10.9 999.0   9.3 99.0 99.00 
2024 05 25 23 10 301  8.4 10.4  1.76  6.67  5.22 303 1016.5  10.9 999.0   9.3 99.0 99.00 
2024 05 25 23 20 302  8.6 11.0 99.00 99.00 99.00 999 1016.4  10.9 999.0   9.2 99.0 99.00 
2024 05 25 23 30 302  8.7 11.2 99.00 99.00 99.00 999 1016.4  10.9 999.0   9.2 99.0 99.00 
2024 05 25 23 40 302  8.7 11.0  1.65  6.25  4.99 304 1016.4  11.0 999.0   9.2 99.0 99.00 
2024 05 25 23 50 302  8.8 11.5 99.00 99.00 99.00 999 1016.3  11.0 999.0   9.2 99.0 99.00 
2024 05 26 00 00 302  9.0 11.6 99.00 99.00 99.00 999 1016.3  11.0 999.0   9.2 99.0 99.00 
2024 05 26 00 10 302  9.0 11.5  1.75  6.25  5.07 303 1016.2  10.9 999.0   9.2 99.0 99.00 
2024 05 26 00 20 302  9.0 11.1 99.00 99.00 99.00 999 1016.2  10.9 999.0   9.2 99.0 99.00 
2024 05 26 00 30 302  9.3 11.1 99.00 99.00 99.00 999 1016.2  10.9 999.0   9.2 99.0 99.00 
2024 05 26 00 40 300  8.9 10.8  1.68  6.25  4.97 301 1016.2  10.9 999.0   9.3 99.0 99.00 
2024 05 26 00 50 299  8.6 10.9 99.00 99.00 99.00 999 1016.1  10.9 999.0   9.3 99.0 99.00 
2024 05 26 01 00 299  9.0 11.5 99.00 99.00 99.00 999 1016.1  10.9 999.0   9.3 99.0 99.00 
2024 05 26 01 10 298  9.1 11.3  1.86  6.25  5.05 308 1016.1  10.9 999.0   9.4 99.0 99.00 
2024 05 26 01 20 299  9.2 11.8 99.00 99.00 99.00 999 1016.1  10.9 999.0   9.4 99.0 99.00 
2024 05 26 01 30 300  9.2 11.6 99.00 99.00 99.00 999 1015.9  10.9 999.0   9.5 99.0 99.00 
2024 05 26 01 40 300  9.0 10.8  1.88  5.88  5.19 308 1015.9  10.8 999.0   9.4 99.0 99.00 
2024 05 26 01 50 301  9.1 11.3 99.00 99.00 99.00 999 1015.9  10.8 999.0   9.5 99.0 99.00 
2024 05 26 02 00 301  9.2 11.4 99.00 99.00 99.00 999 1015.8  10.7 999.0   9.4 99.0 99.00 
2024 05 26 02 10 302  9.4 12.0  1.84  6.67  5.00 310 1015.7  10.7 999.0   9.4 99.0 99.00 
2024 05 26 02 20 301  9.3 11.4 99.00 99.00 99.00 999 1015.6  10.7 999.0   9.4 99.0 99.00 
2024 05 26 02 30 301  9.4 11.6 99.00 99.00 99.00 999 1015.7  10.7 999.0   9.4 99.0 99.00 
2024 05 26 02 40 302  9.2 11.7  1.85  7.14  5.12 303 1015.8  10.7 999.0   9.4 99.0 99.00 
2024 05 26 02 50 302  9.0 11.8 99.00 99.00 99.00 999 1015.8  10.7 999.0   9.4 99.0 99.00 
2024 05 26 03 00 303  9.1 11.6 99.00 99.00 99.00 999 1015.9  10.6 999.0   9.3 99.0 99.00 
2024 05 26 03 10 303  9.5 11.7  1.91  5.56  5.15 311 1016.0  10.6 999.0   9.3 99.0 99.00 
2024 05 26 03 20 304  9.7 12.6 99.00 99.00 99.00 999 1015.9  10.6 999.0   9.3 99.0 99.00 
2024 05 26 03 30 303  9.8 12.6 99.00 99.00 99.00 999 1015.9  10.6 999.0   9.3 99.0 99.00 
2024 05 26 03 40 303  9.5 12.0  1.96  7.14  5.18 307 1016.0  10.5 999.0   9.4 99.0 99.00 
2024 05 26 03 50 303  9.5 12.5 99.00 99.00 99.00 999 1016.0  10.5 999.0   9.3 99.0 99.00 
2024 05 26 04 00 304  9.8 11.8 99.00 99.00 99.00 999 1015.9  10.5 999.0   9.2 99.0 99.00 
2024 05 26 04 10 305 10.1 12.3  1.97  7.69  5.27 300 1015.9  10.5 999.0   9.2 99.0 99.00 
2024 05 26 04 20 305  9.6 12.7 99.00 99.00 99.00 999 1015.9  10.5 999.0   9.2 99.0 99.00 
2024 05 26 04 30 306  9.9 12.0 99.00 99.00 99.00 999 1016.0  10.5 999.0   9.3 99.0 99.00 
2024 05 26 04 40 308  9.7 13.1  2.00  6.67  5.33 301 1016.1  10.5 999.0   9.2 99.0 99.00 
2024 05 26 04 50 308  9.6 12.4 99.00 99.00 99.00 999 1016.1  10.5 999.0   9.2 99.0 99.00 
2024 05 26 05 00 308  9.5 11.7 99.00 99.00 99.00 999 1016.2  10.5 999.0   9.2 99.0 99.00 
2024 05 26 05 10 308  9.2 11.3  2.00  7.69  5.36 305 1016.3  10.4 999.0   9.3 99.0 99.00 
2024 05 26 05 20 307  9.7 11.5 99.00 99.00 99.00 999 1016.2  10.4 999.0   9.3 99.0 99.00 
2024 05 26 05 30 307 10.0 12.0 99.00 99.00 99.00 999 1016.3  10.4 999.0   9.3 99.0 99.00 
2024 05 26 05 40 306  9.7 12.4  1.93  5.88  5.20 306 1016.3  10.4 999.0   9.3 99.0 99.00 
2024 05 26 05 50 306 10.0 12.4 99.00 99.00 99.00 999 1016.2  10.4 999.0   9.3 99.0 99.00 
2024 05 26 06 00 307 10.0 12.2 99.00 99.00 99.00 999 1016.2  10.4 999.0   9.3 99.0 99.00 
2024 05 26 06 10 307  9.8 12.5  1.95  5.56  5.23 307 1016.1  10.4 999.0   9.3 99.0 99.00 
2024 05 26 06 20 307  9.8 12.3 99.00 99.00 99.00 999 1016.1  10.4 999.0   9.3 99.0 99.00 
2024 05 26 06 30 307  9.8 12.6 99.00 99.00 99.00 999 1016.0  10.3 999.0   9.2 99.0 99.00 
2024 05 26 06 40 305  9.9 12.1  1.92  7.14  5.27 311 1016.1  10.4 999.0   9.3 99.0 99.00 
2024 05 26 06 50 307  9.4 11.5 99.00 99.00 99.00 999 1016.1  10.3 999.0   9.2 99.0 99.00 
2024 05 26 07 00 309  9.3 11.6 99.00 99.00 99.00 999 1016.1  10.4 999.0   9.3 99.0 99.00 
2024 05 26 07 10 315  8.5 10.3  2.06  5.88  5.30 304 1016.3  10.3 999.0   9.3 99.0 99.00 
2024 05 26 07 20 319  8.3 10.3 99.00 99.00 99.00 999 1016.3  10.3 999.0   9.3 99.0 99.00 
2024 05 26 07 30 314  8.4 10.3 99.00 99.00 99.00 999 1016.2  10.3 999.0   9.4 99.0 99.00 
2024 05 26 07 40 314  8.4 10.5  1.96  7.69  5.45 307 1016.3  10.3 999.0   9.5 99.0 99.00 
2024 05 26 07 50 317  7.9 10.2 99.00 99.00 99.00 999 1016.3  10.2 999.0   9.4 99.0 99.00 
2024 05 26 08 00 319  7.8  9.4 99.00 99.00 99.00 999 1016.3  10.2 999.0   9.4 99.0 99.00 
2024 05 26 08 10 317  7.5  9.4  1.93  8.33  5.48 309 1016.3  10.2 999.0   9.4 99.0 99.00 
2024 05 26 08 20 319  7.3  9.0 99.00 99.00 99.00 999 1016.3  10.2 999.0   9.4 99.0 99.00 
2024 05 26 08 30 317  7.4  9.1 99.00 99.00 99.00 999 1016.2  10.2 999.0   9.5 99.0 99.00 
2024 05 26 08 40 317  7.1  9.1  1.95  7.69  5.58 310 1016.3  10.1 999.0   9.4 99.0 99.00 
2024 05 26 08 50 317  7.1  8.9 99.00 99.00 99.00 999 1016.2  10.1 999.0   9.4 99.0 99.00 
2024 05 26 09 00 318  6.9  8.7 99.00 99.00 99.00 999 1016.3  10.1 999.0   9.4 99.0 99.00 
2024 05 26 09 10 317  7.0  8.2  1.85  7.69  5.46 311 1016.2  10.1 999.0   9.4 99.0 99.00 
2024 05 26 09 20 316  7.0  8.9 99.00 99.00 99.00 999 1016.3  10.0 999.0   9.4 99.0 99.00 
2024 05 26 09 30 319  6.5  8.2 99.00 99.00 99.00 999 1016.2  10.0 999.0   9.5 99.0 99.00 
2024 05 26 09 40 318  6.3  7.8  1.70  6.67  5.55 309 1016.2   9.9 999.0   9.4 99.0 99.00 
2024 05 26 09 50 318  6.1  7.6 99.00 99.00 99.00 999 1016.2   9.9 999.0   9.4 99.0 99.00 
2024 05 26 10 00 321  5.9  7.5 99.00 99.00 99.00 999 1016.2   9.9 999.0   9.5 99.0 99.00 
2024 05 26 10 10 323  5.9  7.5  1.95  9.09  5.92 310 1016.1   9.9 999.0   9.5 99.0 99.00 
2024 05 26 10 20 323  5.7  7.4 99.00 99.00 99.00 999 1016.2   9.9 999.0   9.5 99.0 99.00 
2024 05 26 10 30 324  5.8  7.2 99.00 99.00 99.00 999 1016.2   9.8 999.0   9.4 99.0 99.00 
2024 05 26 10 40 324  5.7  7.4  1.81  8.33  5.72 310 1016.3   9.8 999.0   9.4 99.0 99.00 
2024 05 26 10 50 325  5.3  6.6 99.00 99.00 99.00 999 1016.3   9.8 999.0   9.4 99.0 99.00 
2024 05 26 11 00 323  5.4  6.7 99.00 99.00 99.00 999 1016.3   9.8 999.0   9.4 99.0 99.00 
2024 05 26 11 10 323  5.2  6.6  1.83  7.69  5.98 311 1016.2   9.8 999.0   9.4 99.0 99.00 
2024 05 26 11 20 322  5.5  7.0 99.00 99.00 99.00 999 1016.1   9.7 999.0   9.3 99.0 99.00 
2024 05 26 11 30 321  5.3  6.8 99.00 99.00 99.00 999 1016.2   9.7 999.0   9.3 99.0 99.00 
2024 05 26 11 40 321  5.1  6.8  1.82  8.33  6.03 310 1016.1   9.7 999.0   9.3 99.0 99.00 
2024 05 26 11 50 323  5.0  6.2 99.00 99.00 99.00 999 1016.2   9.7 999.0   9.3 99.0 99.00 
2024 05 26 12 00 323  5.0  6.5 99.00 99.00 99.00 999 1016.3   9.7 999.0   9.3 99.0 99.00 
2024 05 26 12 10 325  5.5  6.9  2.02  8.33  6.19 306 1016.3   9.7 999.0   9.3 99.0 99.00 
2024 05 26 12 20 326  5.3  6.4 99.00 99.00 99.00 999 1016.3   9.6 999.0   9.2 99.0 99.00 
2024 05 26 12 30 324  5.0  6.4 99.00 99.00 99.00 999 1016.4   9.6 999.0   9.2 99.0 99.00 
2024 05 26 12 40 323  4.9  6.6  1.81  9.09  5.81 310 1016.5   9.5 999.0   9.1 99.0 99.00 
2024 05 26 12 50 322  5.4  6.9 99.00 99.00 99.00 999 1016.5   9.5 999.0   9.1 99.0 99.00 
2024 05 26 13 00 318  5.4  6.8 99.00 99.00 99.00 999 1016.5   9.5 999.0   9.1 99.0 99.00 
2024 05 26 13 10 322  5.0  6.4  1.86  7.69  6.00 305 1016.6   9.5 999.0   9.1 99.0 99.00 
2024 05 26 13 20 327  4.8  6.2 99.00 99.00 99.00 999 1016.8   9.5 999.0   9.1 99.0 99.00 
2024 05 26 13 30 328  4.4  5.9 99.00 99.00 99.00 999 1016.9   9.6 999.0   9.2 99.0 99.00 
2024 05 26 13 40 326  4.3  5.7  1.85  7.69  6.01 299 1017.0   9.6 999.0   9.2 99.0 99.00 
2024 05 26 13 50 327  4.0  5.3 99.00 99.00 99.00 999 1017.0   9.6 999.0   9.2 99.0 99.00 
2024 05 26 14 00 326  3.8  4.9 99.00 99.00 99.00 999 1017.0   9.7 999.0   9.3 99.0 99.00 
2024 05 26 14 10 328  4.6  5.8  1.67  6.67  5.80 304 1017.0   9.6 999.0   9.2 99.0 99.00 
2024 05 26 14 20 321  4.3  5.6 99.00 99.00 99.00 999 1017.1   9.5 999.0   9.1 99.0 99.00 
2024 05 26 14 30 331  4.3  5.4 99.00 99.00 99.00 999 1017.2   9.4 999.0   9.0 99.0 99.00 
2024 05 26 14 40 338  4.0  5.4  1.83  7.14  6.01 293 1017.2   9.3 999.0   8.9 99.0 99.00 
2024 05 26 14 50 336  3.8  4.9 99.00 99.00 99.00 999 1017.3   9.3 999.0   8.9 99.0 99.00 
2024 05 26 15 00 345  3.6  4.9 99.00 99.00 99.00 999 1017.4   9.3 999.0   8.9 99.0 99.00 
2024 05 26 15 10 347  2.8  4.0  1.80  7.69  5.93 300 1017.5   9.4 999.0   9.0 99.0 99.00 
2024 05 26 15 20 342  2.8  3.9 99.00 99.00 99.00 999 1017.7   9.4 999.0   9.0 99.0 99.00 
2024 05 26 15 30 341  2.2  3.5 99.00 99.00 99.00 999 1017.7   9.5 999.0   9.2 99.0 99.00 
2024 05 26 15 40 339  2.5  4.3  1.72  7.69  5.92 306 1017.8   9.4 999.0   9.1 99.0 99.00 
2024 05 26 15 50 331  2.6  4.0 99.00 99.00 99.00 999 1017.8   9.1 999.0   8.9 99.0 99.00 
2024 05 26 16 00 336  2.0  2.8 99.00 99.00 99.00 999 1017.8   8.9 999.0   8.8 99.0 99.00 
2024 05 26 16 10 340  2.1  2.8  1.53  6.67  5.72 306 1017.9   9.2 999.0   9.1 99.0 99.00 
2024 05 26 16 20 344  2.1  3.1 99.00 99.00 99.00 999 1018.0   9.3 999.0   9.2 99.0 99.00 
2024 05 26 16 30 358  2.2  3.5 99.00 99.00 99.00 999 1018.0   9.4 999.0   9.2 99.0 99.00 
2024 05 26 16 40  11  1.8  2.6  1.67  7.69  6.00 297 1018.1   9.4 999.0   9.2 99.0 99.00 
2024 05 26 16 50  37  1.3  1.9 99.00 99.00 99.00 999 1018.0   9.5 999.0   9.3 99.0 99.00 
2024 05 26 17 00  51  1.3  2.2 99.00 99.00 99.00 999 1018.0   9.4 999.0   9.2 99.0 99.00 
2024 05 26 17 10  56  1.2  1.9  1.64  7.69  6.08 297 1018.0   9.2 999.0   9.0 99.0 99.00 
2024 05 26 17 20  59  0.9  1.9 99.00 99.00 99.00 999 1018.0   9.2 999.0   9.0 99.0 99.00 
2024 05 26 17 30  88  0.7  1.3 99.00 99.00 99.00 999 1018.1   9.3 999.0   9.1 99.0 99.00 
2024 05 26 17 40 104  0.2  0.9  1.40  8.33  6.03 307 1018.1   9.5 999.0   9.3 99.0 99.00 
2024 05 26 17 50 127  0.4  1.3 99.00 99.00 99.00 999 1018.2   9.7 999.0   9.4 99.0 99.00 
2024 05 26 18 00 148  0.1  0.9 99.00 99.00 99.00 999 1018.1   9.9 999.0   9.5 99.0 99.00 
2024 05 26 18 10 239  0.6  1.9  1.56  8.33  6.24 311 1018.1   9.9 999.0   9.5 99.0 99.00 
2024 05 26 18 20 287  2.8  4.8 99.00 99.00 99.00 999 1018.1  10.0 999.0   9.6 99.0 99.00 
2024 05 26 18 30 305  3.5  4.6 99.00 99.00 99.00 999 1018.1  10.1 999.0   9.7 99.0 99.00 
2024 05 26 18 40 303  3.4  5.2  1.45  9.09  6.29 310 1018.2  10.0 999.0   9.6 99.0 99.00 
2024 05 26 18 50 308  3.6  5.0 99.00 99.00 99.00 999 1018.2  10.0 999.0   9.6 99.0 99.00 
2024 05 26 19 00 322  4.1  5.9 99.00 99.00 99.00 999 1018.2   9.8 999.0   9.4 99.0 99.00 
2024 05 26 19 10 321  4.9  6.0  1.55  7.14  6.16 307 1018.2   9.6 999.0   9.2 99.0 99.00 
2024 05 26 19 20 330  5.4  6.8 99.00 99.00 99.00 999 1018.3   9.6 999.0   9.2 99.0 99.00 
2024 05 26 19 30 332  5.6  7.0 99.00 99.00 99.00 999 1018.4   9.6 999.0   9.2 99.0 99.00 
2024 05 26 19 40 334  5.1  6.4  1.53  8.33  6.08 306 1018.5   9.5 999.0   9.3 99.0 99.00 
2024 05 26 19 50 330  4.8  6.0 99.00 99.00 99.00 999 1018.4   9.5 999.0   9.3 99.0 99.00 
2024 05 26 20 00 329  5.0  6.0 99.00 99.00 99.00 999 1018.4   9.5 999.0   9.3 99.0 99.00 
2024 05 26 20 10 328  4.6  6.0  1.45  7.14  5.96 304 1018.4   9.5 999.0   9.3 99.0 99.00 
2024 05 26 20 20 327  4.5  5.7 99.00 99.00 99.00 999 1018.3   9.5 999.0   9.3 99.0 99.00 
2024 05 26 20 30 327  4.3  5.2 99.00 99.00 99.00 999 1018.3   9.5 999.0   9.3 99.0 99.00 
2024 05 26 20 40 325  4.0  5.0  1.46  8.33  6.10 312 1018.3   9.7 999.0   9.5 99.0 99.00 
2024 05 26 20 50 323  3.7  4.6 99.00 99.00 99.00 999 1018.3   9.8 999.0   9.6 99.0 99.00 
2024 05 26 21 00 317  4.8  6.7 99.00 99.00 99.00 999 1018.3  10.0 999.0   9.7 99.0 99.00 
2024 05 26 21 10 322  6.2  7.6  1.42  9.09  6.06 313 1018.2  10.2 999.0   9.8 99.0 99.00 
2024 05 26 21 20 324  6.3  7.6 99.00 99.00 99.00 999 1018.1  10.3 999.0   9.8 99.0 99.00 
2024 05 26 21 30 322  6.3  7.7 99.00 99.00 99.00 999 1018.2  10.3 999.0   9.8 99.0 99.00 
2024 05 26 21 40 319  6.3  8.0  1.37  9.09  5.83 313 1018.2  10.4 999.0   9.9 99.0 99.00 
2024 05 26 21 50 316  6.5  7.8 99.00 99.00 99.00 999 1018.1  10.4 999.0   9.9 99.0 99.00 
2024 05 26 22 00 314  6.8  8.6 99.00 99.00 99.00 999 1018.0  10.4 999.0   9.9 99.0 99.00 
2024 05 26 22 10 313  7.2  8.6  1.44  9.09  5.63 314 1018.0  10.4 999.0   9.8 99.0 99.00 
2024 05 26 22 20 313  7.4  8.9 99.00 99.00 99.00 999 1017.8  10.5 999.0   9.8 99.0 99.00 
2024 05 26 22 30 313  7.8  9.8 99.00 99.00 99.00 999 1017.7  10.5 999.0   9.8 99.0 99.00 
2024 05 26 22 40 314  8.2 10.2  1.51  9.09  5.42 311 1017.5  10.5 999.0  10.0 99.0 99.00 
2024 05 26 22 50 313  8.3 10.1 99.00 99.00 99.00 999 1017.4  10.5 999.0  10.0 99.0 99.00 
2024 05 26 23 00 314  8.4 10.3 99.00 99.00 99.00 999 1017.3  10.5 999.0  10.0 99.0 99.00 
2024 05 26 23 10 316  8.7 11.1  1.57  7.14  5.24 306 1017.2  10.6 999.0  10.1 99.0 99.00 
2024 05 26 23 20 314  8.7 10.9 99.00 99.00 99.00 999 1017.1  10.6 999.0  10.1 99.0 99.00 
2024 05 26 23 30 313  8.8 10.6 99.00 99.00 99.00 999 1017.1  10.6 999.0  10.0 99.0 99.00 
2024 05 26 23 40 312  8.7 10.9  1.62  6.67  5.18 314 1017.0  10.7 999.0  10.0 99.0 99.00 
2024 05 26 23 50 313  9.2 12.0 99.00 99.00 99.00 999 1016.9  10.7 999.0  10.0 99.0 99.00 
2024 05 27 00 00 313  9.6 12.2 99.00 99.00 99.00 999 1016.8  10.7 999.0  10.0 99.0 99.00 
2024 05 27 00 10 314  9.6 12.5  1.78  8.33  5.13 303 1016.7  10.7 999.0  10.0 99.0 99.00 
2024 05 27 00 20 312  9.7 12.5 99.00 99.00 99.00 999 1016.6  10.7 999.0  10.0 99.0 99.00 
2024 05 27 00 30 312  9.8 12.1 99.00 99.00 99.00 999 1016.6  10.8 999.0  10.0 99.0 99.00 
2024 05 27 00 40 311  9.9 12.2  1.72  7.14  5.04 306 1016.6  10.8 999.0  10.0 99.0 99.00 
2024 05 27 00 50 311  9.6 12.2 99.00 99.00 99.00 999 1016.5  10.8 999.0  10.0 99.0 99.00 
2024 05 27 01 00 312  9.9 12.3 99.00 99.00 99.00 999 1016.3  10.8 999.0  10.0 99.0 99.00 
2024 05 27 01 10 310 10.5 13.2  1.93  6.25  5.27 318 1016.1  10.8 999.0  10.0 99.0 99.00 
2024 05 27 01 20 309 10.8 13.3 99.00 99.00 99.00 999 1016.1  10.8 999.0   9.9 99.0 99.00 
2024 05 27 01 30 310 10.3 13.9 99.00 99.00 99.00 999 1016.0  10.8 999.0   9.8 99.0 99.00 
2024 05 27 01 40 310 11.0 13.8  2.03  6.67  5.26 308 1015.8  10.9 999.0   9.9 99.0 99.00 
2024 05 27 01 50 310 11.0 14.3 99.00 99.00 99.00 999 1016.0  10.9 999.0   9.9 99.0 99.00 
2024 05 27 02 00 310 10.7 13.9 99.00 99.00 99.00 999 1015.9  11.0 999.0  10.0 99.0 99.00 
2024 05 27 02 10 309 10.8 12.7  2.01  5.88  5.36 315 1015.8  10.9 999.0   9.9 99.0 99.00 
2024 05 27 02 20 311 11.7 14.6 99.00 99.00 99.00 999 1015.7  11.0 999.0   9.9 99.0 99.00 
2024 05 27 02 30 309 11.9 15.2 99.00 99.00 99.00 999 1015.7  10.9 999.0   9.8 99.0 99.00 
2024 05 27 02 40 308 11.9 15.5  2.38  5.88  5.42 311 1015.6  10.9 999.0   9.8 99.0 99.00 
2024 05 27 02 50 308 12.1 14.9 99.00 99.00 99.00 999 1015.8  10.9 999.0   9.8 99.0 99.00 
2024 05 27 03 00 308 11.7 15.1 99.00 99.00 99.00 999 1015.8  10.9 999.0   9.8 99.0 99.00 
2024 05 27 03 10 307 11.6 14.8  2.36  6.67  5.53 318 1015.8  10.9 999.0   9.9 99.0 99.00 
2024 05 27 03 20 306 12.0 15.2 99.00 99.00 99.00 999 1015.7  10.9 999.0   9.9 99.0 99.00 
2024 05 27 03 30 305 12.7 15.4 99.00 99.00 99.00 999 1015.6  10.9 999.0   9.8 99.0 99.00 
2024 05 27 03 40 304 12.4 15.5  2.21  6.25  5.23 318 1015.7  10.9 999.0   9.8 99.0 99.00 
2024 05 27 03 50 306 12.0 14.9 99.00 99.00 99.00 999 1015.7  10.8 999.0   9.8 99.0 99.00 
2024 05 27 04 00 309 11.5 14.6 99.00 99.00 99.00 999 1015.8  10.8 999.0   9.8 99.0 99.00 
2024 05 27 04 10 312 11.4 14.0  2.20  6.67  5.39 309 1015.8  10.8 999.0   9.8 99.0 99.00 
2024 05 27 04 20 311 11.6 14.6 99.00 99.00 99.00 999 1015.8  10.8 999.0   9.7 99.0 99.00 
2024 05 27 04 30 313 11.3 14.5 99.00 99.00 99.00 999 1015.8  10.8 999.0   9.7 99.0 99.00 
2024 05 27 04 40 312 11.5 14.6  2.35  6.67  5.56 310 1015.8  10.8 999.0   9.7 99.0 99.00 
2024 05 27 04 50 312 12.1 14.9 99.00 99.00 99.00 999 1015.9  10.7 999.0   9.7 99.0 99.00 
2024 05 27 05 00 312 11.9 15.3 99.00 99.00 99.00 999 1016.0  10.7 999.0   9.7 99.0 99.00 
2024 05 27 05 10 310 12.2 15.5  2.21  6.67  5.32 319 1015.9  10.7 999.0   9.7 99.0 99.00 
2024 05 27 05 20 310 11.7 15.0 99.00 99.00 99.00 999 1016.0  10.7 999.0   9.7 99.0 99.00 
2024 05 27 05 30 309 12.1 15.4 99.00 99.00 99.00 999 1016.0  10.7 999.0   9.7 99.0 99.00 
2024 05 27 05 40 309 11.9 15.1  2.16  5.56  5.28 313 1016.0  10.7 999.0   9.7 99.0 99.00 
2024 05 27 05 50 308 11.9 14.5 99.00 99.00 99.00 999 1016.0  10.7 999.0   9.7 99.0 99.00 
2024 05 27 06 00 306 12.2 15.9 99.00 99.00 99.00 999 1015.9  10.7 999.0   9.8 99.0 99.00 
2024 05 27 06 10 307 11.9 14.9  2.00  5.56  5.16 311 1016.0  10.6 999.0   9.7 99.0 99.00 
2024 05 27 06 20 308 11.3 14.2 99.00 99.00 99.00 999 1016.0  10.6 999.0   9.8 99.0 99.00 
2024 05 27 06 30 308 11.2 14.4 99.00 99.00 99.00 999 1016.0  10.6 999.0   9.8 99.0 99.00 
2024 05 27 06 40 307 11.3 14.2  2.00  5.88  5.23 303 1016.0  10.6 999.0   9.8 99.0 99.00 
2024 05 27 06 50 306 10.8 13.6 99.00 99.00 99.00 999 1016.1  10.6 999.0   9.8 99.0 99.00 
2024 05 27 07 00 306 10.7 13.3 99.00 99.00 99.00 999 1016.1  10.6 999.0   9.8 99.0 99.00 
2024 05 27 07 10 306 10.7 12.6  1.98  6.67  5.19 309 1016.1  10.6 999.0   9.8 99.0 99.00 
2024 05 27 07 20 305 10.2 12.8 99.00 99.00 99.00 999 1015.9  10.5 999.0   9.7 99.0 99.00 
2024 05 27 07 30 305 10.7 13.4 99.00 99.00 99.00 999 1015.8  10.5 999.0   9.7 99.0 99.00 
2024 05 27 07 40 304 10.7 13.4  2.05  5.88  5.34 305 1015.7  10.5 999.0   9.8 99.0 99.00 
2024 05 27 07 50 305 10.8 14.2 99.00 99.00 99.00 999 1015.7  10.5 999.0   9.8 99.0 99.00 
2024 05 27 08 00 304 10.9 13.6 99.00 99.00 99.00 999 1015.6  10.5 999.0   9.8 99.0 99.00 
2024 05 27 08 10 305 11.0 13.4  1.92  7.14  5.19 305 1015.6  10.5 999.0   9.8 99.0 99.00 
2024 05 27 08 20 308 11.0 13.6 99.00 99.00 99.00 999 1015.6  10.4 999.0   9.7 99.0 99.00 
2024 05 27 08 30 308 10.8 13.6 99.00 99.00 99.00 999 1015.5  10.4 999.0   9.7 99.0 99.00 
2024 05 27 08 40 308 10.5 13.4  1.99  7.14  5.32 315 1015.5  10.4 999.0   9.7 99.0 99.00 
2024 05 27 08 50 309 10.5 12.6 99.00 99.00 99.00 999 1015.5  10.4 999.0   9.7 99.0 99.00 
2024 05 27 09 00 309 10.6 13.2 99.00 99.00 99.00 999 1015.4  10.4 999.0   9.7 99.0 99.00 
2024 05 27 09 10 309 10.1 12.3  1.99  7.69  5.18 308 1015.5  10.4 999.0   9.8 99.0 99.00 
2024 05 27 09 20 307 10.3 12.7 99.00 99.00 99.00 999 1015.3  10.4 999.0   9.9 99.0 99.00 
2024 05 27 09 30 307 10.0 12.3 99.00 99.00 99.00 999 1015.5  10.4 999.0   9.9 99.0 99.00 
2024 05 27 09 40 309  9.9 12.6  1.98  7.14  5.35 314 1015.4  10.3 999.0   9.8 99.0 99.00 
2024 05 27 09 50 309 10.2 12.2 99.00 99.00 99.00 999 1015.4  10.3 999.0   9.8 99.0 99.00 
2024 05 27 10 00 309 10.2 12.9 99.00 99.00 99.00 999 1015.4  10.3 999.0   9.8 99.0 99.00 
2024 05 27 10 10 309 10.0 12.5  1.85  6.67  5.25 317 1015.3  10.3 999.0   9.8 99.0 99.00 
2024 05 27 10 20 310 10.0 12.4 99.00 99.00 99.00 999 1015.4  10.3 999.0   9.8 99.0 99.00 
2024 05 27 10 30 310  9.8 12.0 99.00 99.00 99.00 999 1015.3  10.3 999.0   9.8 99.0 99.00 
2024 05 27 10 40 310  9.9 12.2  2.11  7.14  5.58 310 1015.3  10.3 999.0   9.8 99.0 99.00 
2024 05 27 10 50 310  9.8 12.2 99.00 99.00 99.00 999 1015.2  10.3 999.0   9.8 99.0 99.00 
2024 05 27 11 00 311 10.0 12.5 99.00 99.00 99.00 999 1015.1  10.3 999.0   9.8 99.0 99.00 
2024 05 27 11 10 313 10.4 12.7  2.20  7.69  5.70 309 1015.1  10.2 999.0   9.7 99.0 99.00 
2024 05 27 11 20 315  9.7 12.8 99.00 99.00 99.00 999 1015.1  10.2 999.0   9.8 99.0 99.00 
2024 05 27 11 30 316  9.5 12.0 99.00 99.00 99.00 999 1015.3  10.2 999.0   9.8 99.0 99.00 
2024 05 27 11 40 318  9.1 11.4  2.10  7.14  5.46 316 1015.2  10.2 999.0   9.8 99.0 99.00 
2024 05 27 11 50 318  9.4 11.4 99.00 99.00 99.00 999 1015.2  10.2 999.0   9.8 99.0 99.00 
2024 05 27 12 00 318  9.0 11.7 99.00 99.00 99.00 999 1015.3  10.2 999.0   9.8 99.0 99.00 
2024 05 27 12 10 317  8.7 10.7  2.08  7.69  5.52 316 1015.4  10.2 999.0   9.8 99.0 99.00 
2024 05 27 12 20 317  8.6 10.3 99.00 99.00 99.00 999 1015.5  10.2 999.0   9.8 99.0 99.00 
2024 05 27 12 30 316  8.8 11.3 99.00 99.00 99.00 999 1015.5  10.2 999.0   9.8 99.0 99.00 
2024 05 27 12 40 316  9.1 11.8  2.14  7.69  5.62 313 1015.5  10.2 999.0   9.8 99.0 99.00 
2024 05 27 12 50 315  9.1 11.7 99.00 99.00 99.00 999 1015.5  10.2 999.0   9.8 99.0 99.00 
2024 05 27 13 00 316  9.4 11.7 99.00 99.00 99.00 999 1015.6  10.1 999.0   9.7 99.0 99.00 
2024 05 27 13 10 316  9.2 11.6  2.16  7.69  5.50 313 1015.7  10.1 999.0   9.7 99.0 99.00 
2024 05 27 13 20 317  8.7 11.1 99.00 99.00 99.00 999 1015.7  10.1 999.0   9.7 99.0 99.00 
2024 05 27 13 30 316  8.6 10.7 99.00 99.00 99.00 999 1015.9  10.1 999.0   9.7 99.0 99.00 
2024 05 27 13 40 318  8.3 10.0  2.04  7.69  5.41 306 1016.1  10.1 999.0   9.7 99.0 99.00 
2024 05 27 13 50 319  8.2 10.4 99.00 99.00 99.00 999 1016.1  10.1 999.0   9.7 99.0 99.00 
2024 05 27 14 00 319  8.0 10.2 99.00 99.00 99.00 999 1016.2  10.1 999.0   9.7 99.0 99.00 
2024 05 27 14 10 318  8.1 10.5  2.12  7.14  5.62 311 1016.2  10.1 999.0   9.7 99.0 99.00 
2024 05 27 14 20 320  7.7 10.2 99.00 99.00 99.00 999 1016.4  10.1 999.0   9.7 99.0 99.00 
2024 05 27 14 30 319  8.0  9.8 99.00 99.00 99.00 999 1016.6  10.1 999.0   9.7 99.0 99.00 
2024 05 27 14 40 320  7.8  9.7  2.00  7.69  5.43 309 1016.8  10.2 999.0   9.8 99.0 99.00 
2024 05 27 14 50 320  7.6  9.2 99.00 99.00 99.00 999 1016.9  10.1 999.0   9.7 99.0 99.00 
2024 05 27 15 00 321  7.5  9.4 99.00 99.00 99.00 999 1016.9  10.2 999.0   9.8 99.0 99.00 
2024 05 27 15 10 320  7.7  9.2  1.90  7.14  5.35 312 1016.9  10.1 999.0   9.7 99.0 99.00 
2024 05 27 15 20 321  7.4  9.4 99.00 99.00 99.00 999 1017.1  10.1 999.0   9.7 99.0 99.00 
2024 05 27 15 30 317  7.4  9.2 99.00 99.00 99.00 999 1017.2  10.1 999.0   9.7 99.0 99.00 
2024 05 27 15 40 315  7.1  9.0  2.11  7.14  5.59 307 1017.4  10.1 999.0   9.7 99.0 99.00 
2024 05 27 15 50 316  6.6  8.1 99.00 99.00 99.00 999 1017.4  10.1 999.0   9.7 99.0 99.00 
2024 05 27 16 00 318  6.5  8.1 99.00 99.00 99.00 999 1017.4  10.1 999.0   9.7 99.0 99.00 
2024 05 27 16 10 317  6.5  8.0  1.87  6.67  5.49 299 1017.5  10.2 999.0   9.8 99.0 99.00 
2024 05 27 16 20 316  6.6  8.0 99.00 99.00 99.00 999 1017.5  10.2 999.0   9.8 99.0 99.00 
2024 05 27 16 30 316  6.6  8.2 99.00 99.00 99.00 999 1017.6  10.2 999.0   9.8 99.0 99.00 
2024 05 27 16 40 314  6.7  8.2  1.84  6.25  5.36 295 1017.6  10.2 999.0   9.8 99.0 99.00 
2024 05 27 16 50 313  6.6  8.0 99.00 99.00 99.00 999 1017.7  10.2 999.0   9.8 99.0 99.00 
2024 05 27 17 00 314  6.8  8.5 99.00 99.00 99.00 999 1017.6  10.2 999.0   9.8 99.0 99.00 
2024 05 27 17 10 313  7.1  9.1  1.95  6.67  5.58 311 1017.5  10.2 999.0   9.8 99.0 99.00 
2024 05 27 17 20 313  7.4  9.0 99.00 99.00 99.00 999 1017.6  10.2 999.0   9.8 99.0 99.00 
2024 05 27 17 30 313  7.1  8.9 99.00 99.00 99.00 999 1017.6  10.2 999.0   9.8 99.0 99.00 
2024 05 27 17 40 313  7.2  9.0  1.87  7.14  5.63 310 1017.7  10.2 999.0   9.8 99.0 99.00 
2024 05 27 17 50 312  7.2  9.2 99.00 99.00 99.00 999 1017.7  10.2 999.0   9.8 99.0 99.00 
2024 05 27 18 00 311  7.1  8.9 99.00 99.00 99.00 999 1017.7  10.2 999.0   9.8 99.0 99.00 
2024 05 27 18 10 312  7.2  9.1  1.77  6.67  5.36 312 1017.7  10.2 999.0   9.8 99.0 99.00 
2024 05 27 18 20 312  7.1  8.8 99.00 99.00 99.00 999 1017.7  10.2 999.0   9.8 99.0 99.00 
2024 05 27 18 30 313  7.2  8.8 99.00 99.00 99.00 999 1017.7  10.3 999.0   9.9 99.0 99.00 
2024 05 27 18 40 315  6.9  8.5  1.96  7.69  5.80 312 1017.7  10.2 999.0   9.8 99.0 99.00 
2024 05 27 18 50 316  6.9  8.8 99.00 99.00 99.00 999 1017.7  10.2 999.0   9.8 99.0 99.00 
2024 05 27 19 00 315  6.8  8.5 99.00 99.00 99.00 999 1017.7  10.2 999.0   9.8 99.0 99.00 
2024 05 27 19 10 314  6.8  8.5  1.81  7.69  5.43 308 1017.7  10.3 999.0   9.9 99.0 99.00 
2024 05 27 19 20 316  6.6  8.7 99.00 99.00 99.00 999 1017.7  10.2 999.0   9.8 99.0 99.00 
2024 05 27 19 30 315  6.9  8.8 99.00 99.00 99.00 999 1017.7  10.3 999.0   9.9 99.0 99.00 
2024 05 27 19 40 315  7.2  9.1  1.85  6.67  5.61 308 1017.7  10.3 999.0   9.9 99.0 99.00 
2024 05 27 19 50 315  7.2  8.6 99.00 99.00 99.00 999 1017.6  10.3 999.0   9.9 99.0 99.00 
2024 05 27 20 00 314  7.0  8.6 99.00 99.00 99.00 999 1017.7  10.3 999.0   9.9 99.0 99.00 
2024 05 27 20 10 314  7.2  9.4  1.84  7.69  5.52 302 1017.6  10.4 999.0  10.0 99.0 99.00 
2024 05 27 20 20 313  7.7  9.6 99.00 99.00 99.00 999 1017.5  10.4 999.0  10.0 99.0 99.00 
2024 05 27 20 30 314  7.6  9.7 99.00 99.00 99.00 999 1017.4  10.5 999.0  10.1 99.0 99.00 
2024 05 27 20 40 314  7.9  9.7  1.87  7.69  5.62 308 1017.4  10.5 999.0  10.0 99.0 99.00 
2024 05 27 20 50 313  7.6  9.2 99.00 99.00 99.00 999 1017.3  10.5 999.0  10.0 99.0 99.00 
2024 05 27 21 00 313  7.4  9.1 99.00 99.00 99.00 999 1017.2  10.5 999.0  10.0 99.0 99.00 
2024 05 27 21 10 311  7.5  9.2  1.75  7.14  5.46 315 1017.2  10.5 999.0  10.0 99.0 99.00 
2024 05 27 21 20 309  7.5  9.5 99.00 99.00 99.00 999 1017.2  10.5 999.0  10.0 99.0 99.00 
2024 05 27 21 30 308  7.5  9.2 99.00 99.00 99.00 999 1017.2  10.5 999.0  10.1 99.0 99.00 
2024 05 27 21 40 309  7.5  9.2  1.78  7.69  5.36 320 1017.2  10.5 999.0  10.1 99.0 99.00 
2024 05 27 21 50 308  7.6  9.4 99.00 99.00 99.00 999 1017.1  10.6 999.0  10.1 99.0 99.00 
2024 05 27 22 00 305  7.7  9.4 99.00 99.00 99.00 999 1017.1  10.6 999.0  10.1 99.0 99.00 
2024 05 27 22 10 305  7.7  9.2  1.81  7.14  5.44 320 1017.0  10.6 999.0  10.1 99.0 99.00 
2024 05 27 22 20 305  7.6 10.2 99.00 99.00 99.00 999 1016.9  10.7 999.0  10.2 99.0 99.00 
2024 05 27 22 30 305  7.3  9.4 99.00 99.00 99.00 999 1017.0  10.6 999.0  10.1 99.0 99.00 
2024 05 27 22 40 305  7.7  9.5  1.94  7.69  5.56 320 1016.9  10.7 999.0  10.2 99.0 99.00 
2024 05 27 22 50 305  7.9 10.0 99.00 99.00 99.00 999 1016.8  10.7 999.0  10.2 99.0 99.00 
2024 05 27 23 00 306  8.2 10.0 99.00 99.00 99.00 999 1016.7  10.7 999.0  10.2 99.0 99.00 
2024 05 27 23 10 305  8.4  9.9  1.80  7.14  5.24 314 1016.6  10.7 999.0  10.2 99.0 99.00 
2024 05 27 23 20 303  8.5 10.7 99.00 99.00 99.00 999 1016.6  10.7 999.0  10.2 99.0 99.00 
2024 05 27 23 30 303  8.3 11.0 99.00 99.00 99.00 999 1016.4  10.7 999.0  10.2 99.0 99.00 
2024 05 27 23 40 303  8.2 10.1  1.88  6.25  5.30 314 1016.5  10.7 999.0  10.2 99.0 99.00 
2024 05 27 23 50 302  8.1  9.7 99.00 99.00 99.00 999 1016.6  10.7 999.0  10.2 99.0 99.00 
2024 05 28 00 00 301  8.1  9.7 99.00 99.00 99.00 999 1016.5  10.7 999.0  10.2 99.0 99.00 
2024 05 28 00 10 301  8.2  9.7  1.93  7.69  5.46 314 1016.4  10.8 999.0  10.3 99.0 99.00 
2024 05 28 00 20 299  8.5 10.3 99.00 99.00 99.00 999 1016.3  10.8 999.0  10.3 99.0 99.00 
2024 05 28 00 30 301  8.5 10.3 99.00 99.00 99.00 999 1016.2  10.8 999.0  10.3 99.0 99.00 
2024 05 28 00 40 302  8.8 11.6  2.00  7.69  5.43 316 1016.2  10.8 999.0  10.3 99.0 99.00 
2024 05 28 00 50 303  8.9 11.5 99.00 99.00 99.00 999 1016.1  10.8 999.0  10.3 99.0 99.00 
2024 05 28 01 00 304  9.1 11.1 99.00 99.00 99.00 999 1016.0  10.8 999.0  10.3 99.0 99.00 
2024 05 28 01 10 304  9.0 11.6  2.16  7.69  5.56 311 1015.8  10.8 999.0  10.3 99.0 99.00 
2024 05 28 01 20 304  8.7 11.0 99.00 99.00 99.00 999 1015.8  10.8 999.0  10.3 99.0 99.00 
2024 05 28 01 30 304  8.8 10.8 99.00 99.00 99.00 999 1015.8  10.8 999.0  10.3 99.0 99.00 
2024 05 28 01 40 304  9.1 11.1  1.95  7.14  5.29 315 1015.8  10.9 999.0  10.4 99.0 99.00 
2024 05 28 01 50 303  8.9 11.0 99.00 99.00 99.00 999 1015.7  10.9 999.0  10.4 99.0 99.00 
2024 05 28 02 00 302  9.2 11.4 99.00 99.00 99.00 999 1015.7  10.9 999.0  10.4 99.0 99.00 
2024 05 28 02 10 304  9.0 11.8  2.10  6.67  5.50 308 1015.7  10.9 999.0  10.4 99.0 99.00 
2024 05 28 02 20 306  9.0 11.7 99.00 99.00 99.00 999 1015.7  10.9 999.0  10.4 99.0 99.00 
2024 05 28 02 30 305  9.3 11.5 99.00 99.00 99.00 999 1015.7  11.0 999.0  10.4 99.0 99.00 
2024 05 28 02 40 306  9.4 11.4  2.06  7.69  5.39 313 1015.6  11.0 999.0  10.3 99.0 99.00 
2024 05 28 02 50 309  9.9 12.7 99.00 99.00 99.00 999 1015.5  11.0 999.0  10.3 99.0 99.00 
2024 05 28 03 00 308  9.9 12.1 99.00 99.00 99.00 999 1015.6  11.0 999.0  10.3 99.0 99.00 
2024 05 28 03 10 310 10.3 13.3  2.12  6.67  5.41 306 1015.6  11.0 999.0  10.3 99.0 99.00 
2024 05 28 03 20 310 10.5 13.6 99.00 99.00 99.00 999 1015.6  11.0 999.0  10.3 99.0 99.00 
2024 05 28 03 30 311 10.4 13.1 99.00 99.00 99.00 999 1015.7  11.0 999.0  10.3 99.0 99.00 
2024 05 28 03 40 311 10.4 13.0  2.31  7.14  5.49 308 1015.6  11.0 999.0  10.4 99.0 99.00 
2024 05 28 03 50 308 10.7 12.9 99.00 99.00 99.00 999 1015.6  11.0 999.0  10.5 99.0 99.00 
2024 05 28 04 00 308 10.5 13.1 99.00 99.00 99.00 999 1015.7  10.9 999.0  10.4 99.0 99.00 
2024 05 28 04 10 308 10.3 12.7  2.29  7.14  5.64 317 1015.7  10.9 999.0  10.4 99.0 99.00 
2024 05 28 04 20 309 10.1 12.5 99.00 99.00 99.00 999 1015.8  10.9 999.0  10.4 99.0 99.00 
2024 05 28 04 30 310 10.1 12.7 99.00 99.00 99.00 999 1015.9  10.9 999.0  10.4 99.0 99.00 
2024 05 28 04 40 309 10.4 13.1  2.36  7.14  5.56 316 1015.9  11.0 999.0  10.5 99.0 99.00 
2024 05 28 04 50 311 10.3 12.6 99.00 99.00 99.00 999 1016.1  10.9 999.0  10.4 99.0 99.00 
2024 05 28 05 00 312 10.4 13.3 99.00 99.00 99.00 999 1016.3  10.9 999.0  10.4 99.0 99.00 
2024 05 28 05 10 312  9.8 12.1  2.23  7.69  5.52 318 1016.4  10.9 999.0  10.4 99.0 99.00 
2024 05 28 05 20 312  9.9 12.4 99.00 99.00 99.00 999 1016.5  10.9 999.0  10.5 99.0 99.00 
2024 05 28 05 30 313  9.8 12.1 99.00 99.00 99.00 999 1016.5  10.8 999.0  10.4 99.0 99.00 
2024 05 28 05 40 313  9.9 12.6  2.15  6.25  5.45 314 1016.4  10.8 999.0  10.4 99.0 99.00 
2024 05 28 05 50 314  9.4 11.3 99.00 99.00 99.00 999 1016.5  10.8 999.0  10.4 99.0 99.00 
2024 05 28 06 00 313  9.5 12.0 99.00 99.00 99.00 999 1016.3  10.8 999.0  10.4 99.0 99.00 
2024 05 28 06 10 314  9.5 11.6  2.10  7.14  5.50 319 1016.3  10.8 999.0  10.4 99.0 99.00 
2024 05 28 06 20 313  9.6 12.0 99.00 99.00 99.00 999 1016.3  10.8 999.0  10.4 99.0 99.00 
2024 05 28 06 30 313  9.6 11.8 99.00 99.00 99.00 999 1016.3  10.8 999.0  10.4 99.0 99.00 
2024 05 28 06 40 315  9.5 11.7  2.14  7.69  5.44 317 1016.5  10.7 999.0  10.3 99.0 99.00 
2024 05 28 06 50 316  9.5 12.4 99.00 99.00 99.00 999 1016.5  10.7 999.0  10.3 99.0 99.00 
2024 05 28 07 00 315  9.8 12.3 99.00 99.00 99.00 999 1016.6  10.7 999.0  10.3 99.0 99.00 
2024 05 28 07 10 317  9.6 12.0  2.02  6.67  5.40 311 1016.6  10.7 999.0  10.3 99.0 99.00 
2024 05 28 07 20 317  9.3 11.7 99.00 99.00 99.00 999 1016.7  10.7 999.0  10.4 99.0 99.00 
2024 05 28 07 30 317  9.5 11.9 99.00 99.00 99.00 999 1016.6  10.7 999.0  10.5 99.0 99.00 
2024 05 28 07 40 318  9.5 12.1  2.06  7.69  5.59 319 1016.6  10.6 999.0  10.4 99.0 99.00 
2024 05 28 07 50 318 10.1 12.5 99.00 99.00 99.00 999 1016.6  10.6 999.0  10.4 99.0 99.00 
2024 05 28 08 00 318 10.1 12.7 99.00 99.00 99.00 999 1016.6  10.6 999.0  10.4 99.0 99.00 
2024 05 28 08 10 317 10.1 12.7  2.00  7.69  5.44 317 1016.5  10.5 999.0  10.3 99.0 99.00 
2024 05 28 08 20 319 10.0 12.8 99.00 99.00 99.00 999 1016.5  10.5 999.0  10.3 99.0 99.00 
2024 05 28 08 30 317 10.4 13.8 99.00 99.00 99.00 999 1016.3  10.4 999.0  10.2 99.0 99.00 
2024 05 28 08 40 318  9.9 13.3  2.07  7.14  5.56 317 1016.3  10.4 999.0  10.2 99.0 99.00 
2024 05 28 08 50 319  9.8 12.2 99.00 99.00 99.00 999 1016.3  10.4 999.0  10.2 99.0 99.00 
2024 05 28 09 00 318  9.5 12.1 99.00 99.00 99.00 999 1016.3  10.4 999.0  10.2 99.0 99.00 
2024 05 28 09 10 319 10.0 13.3  2.16  7.14  5.65 320 1016.3  10.4 999.0  10.2 99.0 99.00 
2024 05 28 09 20 319  9.8 12.5 99.00 99.00 99.00 999 1016.3  10.5 999.0  10.3 99.0 99.00 
2024 05 28 09 30 319  9.6 11.9 99.00 99.00 99.00 999 1016.2  10.5 999.0  10.3 99.0 99.00 
2024 05 28 09 40 320 10.0 13.9  2.10  7.14  5.50 312 1016.3  10.5 999.0  10.3 99.0 99.00 
2024 05 28 09 50 318  9.7 13.1 99.00 99.00 99.00 999 1016.3  10.4 999.0  10.2 99.0 99.00 
2024 05 28 10 00 319  9.7 12.5 99.00 99.00 99.00 999 1016.3  10.4 999.0  10.2 99.0 99.00 
2024 05 28 10 10 319  9.6 12.1  2.12  7.69  5.60 318 1016.2  10.4 999.0  10.2 99.0 99.00 
2024 05 28 10 20 317  9.6 12.1 99.00 99.00 99.00 999 1016.2  10.4 999.0  10.2 99.0 99.00 
2024 05 28 10 30 317 10.3 12.7 99.00 99.00 99.00 999 1016.2  10.4 999.0  10.2 99.0 99.00 
2024 05 28 10 40 315  9.7 12.6  2.16  7.14  5.65 312 1016.3  10.4 999.0  10.2 99.0 99.00 
2024 05 28 10 50 315  9.7 12.5 99.00 99.00 99.00 999 1016.3  10.4 999.0  10.2 99.0 99.00 
2024 05 28 11 00 318  9.6 12.4 99.00 99.00 99.00 999 1016.2  10.4 999.0  10.2 99.0 99.00 
2024 05 28 11 10 316 10.1 12.3  1.91  7.14  5.43 315 1016.2  10.4 999.0  10.2 99.0 99.00 
2024 05 28 11 20 321  9.5 13.1 99.00 99.00 99.00 999 1016.2  10.4 999.0  10.2 99.0 99.00 
2024 05 28 11 30 321  9.2 11.0 99.00 99.00 99.00 999 1016.2  10.4 999.0  10.2 99.0 99.00 
2024 05 28 11 40 321  9.4 12.4  2.05  7.14  5.57 316 1016.3  10.4 999.0  10.2 99.0 99.00 
2024 05 28 11 50 321  9.4 11.8 99.00 99.00 99.00 999 1016.3  10.3 999.0  10.1 99.0 99.00 
2024 05 28 12 00 321  9.0 11.5 99.00 99.00 99.00 999 1016.4  10.4 999.0  10.2 99.0 99.00 
2024 05 28 12 10 323  8.9 11.2  1.95  7.14  5.42 315 1016.3  10.4 999.0  10.2 99.0 99.00 
2024 05 28 12 20 323  8.2 10.4 99.00 99.00 99.00 999 1016.4  10.4 999.0  10.2 99.0 99.00 
2024 05 28 12 30 322  8.0  9.9 99.00 99.00 99.00 999 1016.4  10.4 999.0  10.2 99.0 99.00 
2024 05 28 12 40 323  7.8 10.2  2.06  6.25  5.61 309 1016.3  10.4 999.0  10.2 99.0 99.00 
2024 05 28 12 50 321  8.1  9.7 99.00 99.00 99.00 999 1016.4  10.4 999.0  10.1 99.0 99.00 
2024 05 28 13 00 319  8.0 10.4 99.00 99.00 99.00 999 1016.5  10.4 999.0  10.0 99.0 99.00 
2024 05 28 13 10 319  8.3 10.5  1.90  6.67  5.50 316 1016.5  10.4 999.0  10.0 99.0 99.00 
2024 05 28 13 20 322  8.3 10.1 99.00 99.00 99.00 999 1016.5  10.5 999.0  10.1 99.0 99.00 
2024 05 28 13 30 321  8.2 10.5 99.00 99.00 99.00 999 1016.6  10.4 999.0  10.0 99.0 99.00 
2024 05 28 13 40 322  7.9 10.0  2.02  6.25  5.52 311 1016.7  10.4 999.0  10.0 99.0 99.00 
2024 05 28 13 50 319  8.3 10.1 99.00 99.00 99.00 999 1016.7  10.4 999.0  10.0 99.0 99.00 
2024 05 28 14 00 318  8.2 10.0 99.00 99.00 99.00 999 1016.8  10.4 999.0  10.0 99.0 99.00 
2024 05 28 14 10 318  8.0  9.8  1.83  6.67  5.28 308 1016.9  10.4 999.0  10.0 99.0 99.00 
2024 05 28 14 20 319  7.9  9.7 99.00 99.00 99.00 999 1016.9  10.4 999.0  10.0 99.0 99.00 
2024 05 28 14 30 318  7.8 10.3 99.00 99.00 99.00 999 1017.1  10.4 999.0  10.0 99.0 99.00 
2024 05 28 14 40 318  7.5  9.0  1.83  6.67  5.52 309 1017.1  10.4 999.0  10.0 99.0 99.00 
2024 05 28 14 50 315  7.7  9.5 99.00 99.00 99.00 999 1017.2  10.4 999.0  10.0 99.0 99.00 
2024 05 28 15 00 317  7.4  9.5 99.00 99.00 99.00 999 1017.3  10.5 999.0  10.1 99.0 99.00 
2024 05 28 15 10 317  7.7  9.9  1.83  6.67  5.46 309 1017.3  10.5 999.0  10.1 99.0 99.00 
2024 05 28 15 20 319  7.5  9.4 99.00 99.00 99.00 999 1017.4  10.5 999.0  10.1 99.0 99.00 
2024 05 28 15 30 321  7.0  9.1 99.00 99.00 99.00 999 1017.6  10.4 999.0  10.0 99.0 99.00 
2024 05 28 15 40 318  6.9  8.4  1.80  6.67  5.51 305 1017.7  10.5 999.0  10.1 99.0 99.00 
2024 05 28 15 50 319  6.9  8.6 99.00 99.00 99.00 999 1017.7  10.4 999.0  10.0 99.0 99.00 
2024 05 28 16 00 316  7.7 10.0 99.00 99.00 99.00 999 1017.7  10.5 999.0  10.1 99.0 99.00 
2024 05 28 16 10 315  8.1 10.2  1.83  7.14  5.41 306 1017.7  10.5 999.0  10.1 99.0 99.00 
2024 05 28 16 20 314  8.1 10.3 99.00 99.00 99.00 999 1017.8  10.5 999.0  10.1 99.0 99.00 
2024 05 28 16 30 314  8.2 10.2 99.00 99.00 99.00 999 1017.8  10.5 999.0  10.1 99.0 99.00 
2024 05 28 16 40 314  8.4 10.7  1.89  7.14  5.43 307 1017.8  10.6 999.0  10.1 99.0 99.00 
2024 05 28 16 50 313  8.5 10.5 99.00 99.00 99.00 999 1017.9  10.6 999.0  10.1 99.0 99.00 
2024 05 28 17 00 315  8.4 10.1 99.00 99.00 99.00 999 1017.9  10.6 999.0  10.1 99.0 99.00 
2024 05 28 17 10 315  8.7 11.1  1.89  6.25  5.48 304 1018.0  10.6 999.0  10.1 99.0 99.00 
2024 05 28 17 20 315  9.1 11.8 99.00 99.00 99.00 999 1018.0  10.7 999.0  10.2 99.0 99.00 
2024 05 28 17 30 315  9.6 11.9 99.00 99.00 99.00 999 1018.0  10.7 999.0  10.2 99.0 99.00 
2024 05 28 17 40 313  9.7 12.1  1.95  6.67  5.38 308 1018.1  10.7 999.0  10.2 99.0 99.00 
2024 05 28 17 50 314  9.7 12.0 99.00 99.00 99.00 999 1018.1  10.8 999.0  10.1 99.0 99.00 
2024 05 28 18 00 313 10.3 12.9 99.00 99.00 99.00 999 1018.2  10.8 999.0  10.1 99.0 99.00 
2024 05 28 18 10 315 10.0 12.7  2.01  6.25  5.37 311 1018.2  10.9 999.0  10.3 99.0 99.00 
2024 05 28 18 20 315 10.8 14.4 99.00 99.00 99.00 999 1018.1  10.9 999.0  10.3 99.0 99.00 
2024 05 28 18 30 313 11.1 14.2 99.00 99.00 99.00 999 1018.1  10.9 999.0  10.3 99.0 99.00 
2024 05 28 18 40 312 11.3 13.9  2.24  6.25  5.49 309 1018.1  10.9 999.0  10.2 99.0 99.00 
2024 05 28 18 50 312 11.5 14.9 99.00 99.00 99.00 999 1018.1  11.0 999.0  10.3 99.0 99.00 
2024 05 28 19 00 312 11.6 15.2 99.00 99.00 99.00 999 1018.0  11.0 999.0  10.3 99.0 99.00 
2024 05 28 19 10 312 12.5 15.2  2.31  6.25  5.47 297 1017.8  11.0 999.0  10.3 99.0 99.00 
2024 05 28 19 20 309 12.5 15.9 99.00 99.00 99.00 999 1017.7  11.1 999.0  10.3 99.0 99.00 
2024 05 28 19 30 308 12.9 15.9 99.00 99.00 99.00 999 1017.9  11.1 999.0  10.4 99.0 99.00 
2024 05 28 19 40 308 12.1 16.1  2.51  6.25  5.56 302 1017.9  11.1 999.0  10.4 99.0 99.00 
2024 05 28 19 50 304 12.8 16.7 99.00 99.00 99.00 999 1017.7  11.1 999.0  10.4 99.0 99.00 
2024 05 28 20 00 302 13.0 16.2 99.00 99.00 99.00 999 1017.8  11.1 999.0  10.4 99.0 99.00 
2024 05 28 20 10 304 12.7 16.3  2.45  6.25  5.54 304 1017.9  11.2 999.0  10.5 99.0 99.00 
2024 05 28 20 20 303 12.5 15.6 99.00 99.00 99.00 999 1018.0  11.2 999.0  10.5 99.0 99.00 
2024 05 28 20 30 302 13.0 16.5 99.00 99.00 99.00 999 1018.0  11.2 999.0  10.5 99.0 99.00 
2024 05 28 20 40 304 12.8 16.7  2.38  7.14  5.54 304 1018.1  11.2 999.0  10.4 99.0 99.00 
2024 05 28 20 50 304 12.9 16.2 99.00 99.00 99.00 999 1018.2  11.3 999.0  10.5 99.0 99.00 
2024 05 28 21 00 307 12.4 15.3 99.00 99.00 99.00 999 1018.2  11.3 999.0  10.5 99.0 99.00 
2024 05 28 21 10 306 12.9 16.3  2.27  6.67  5.54 308 1018.1  11.3 999.0  10.5 99.0 99.00 
2024 05 28 21 20 306 12.6 15.3 99.00 99.00 99.00 999 1018.1  11.3 999.0  10.5 99.0 99.00 
2024 05 28 21 30 306 13.0 17.0 99.00 99.00 99.00 999 1018.0  11.3 999.0  10.5 99.0 99.00 
2024 05 28 21 40 306 13.4 16.8  2.33  5.88  5.40 301 1018.1  11.3 999.0  10.5 99.0 99.00 
2024 05 28 21 50 306 13.4 16.4 99.00 99.00 99.00 999 1018.1  11.3 999.0  10.5 99.0 99.00 
2024 05 28 22 00 306 13.2 17.2 99.00 99.00 99.00 999 1018.0  11.4 999.0  10.5 99.0 99.00 
2024 05 28 22 10 306 13.5 16.7  2.37  6.67  5.63 306 1018.1  11.4 999.0  10.5 99.0 99.00 
2024 05 28 22 20 304 13.6 16.8 99.00 99.00 99.00 999 1018.2  11.4 999.0  10.6 99.0 99.00 
2024 05 28 22 30 308 13.6 16.8 99.00 99.00 99.00 999 1018.1  11.4 999.0  10.6 99.0 99.00 
2024 05 28 22 40 309 13.4 16.3  2.49  6.67  5.58 303 1018.1  11.3 999.0  10.5 99.0 99.00 
2024 05 28 22 50 307 13.4 16.4 99.00 99.00 99.00 999 1018.0  11.3 999.0  10.6 99.0 99.00 
2024 05 28 23 00 305 13.4 16.3 99.00 99.00 99.00 999 1018.1  11.4 999.0  10.6 99.0 99.00 
2024 05 28 23 10 306 13.0 15.6  2.38  7.14  5.59 309 1018.1  11.4 999.0  10.6 99.0 99.00 
2024 05 28 23 20 307 12.6 16.9 99.00 99.00 99.00 999 1018.0  11.4 999.0  10.6 99.0 99.00 
2024 05 28 23 30 309 12.2 15.1 99.00 99.00 99.00 999 1018.1  11.3 999.0  10.5 99.0 99.00 
2024 05 28 23 40 308 12.2 15.1  2.44  6.67  5.62 313 1017.9  11.4 999.0  10.6 99.0 99.00 
2024 05 28 23 50 306 11.9 15.1 99.00 99.00 99.00 999 1018.0  11.4 999.0  10.6 99.0 99.00 
2024 05 29 00 00 306 11.7 14.7 99.00 99.00 99.00 999 1018.1  11.5 999.0  10.5 99.0 99.00 
2024 05 29 00 10 307 12.0 15.3  2.41  6.67  5.68 310 1018.1  11.5 999.0  10.5 99.0 99.00 
2024 05 29 00 20 305 12.4 15.6 99.00 99.00 99.00 999 1017.9  11.6 999.0  10.5 99.0 99.00 
2024 05 29 00 30 305 12.8 16.0 99.00 99.00 99.00 999 1017.8  11.6 999.0  10.5 99.0 99.00 
2024 05 29 00 40 306 12.8 16.3  2.43  6.67  5.73 309 1018.0  11.7 999.0  10.6 99.0 99.00 
2024 05 29 00 50 305 13.0 16.0 99.00 99.00 99.00 999 1017.8  11.7 999.0  10.5 99.0 99.00 
2024 05 29 01 00 306 12.7 16.0 99.00 99.00 99.00 999 1017.8  11.7 999.0  10.5 99.0 99.00 
2024 05 29 01 10 307 13.0 15.6  2.45  7.14  5.52 314 1017.6  11.7 999.0  10.4 99.0 99.00 
2024 05 29 01 20 307 13.1 16.3 99.00 99.00 99.00 999 1017.5  11.8 999.0  10.5 99.0 99.00 
2024 05 29 01 30 308 13.7 17.4 99.00 99.00 99.00 999 1017.6  11.8 999.0  10.4 99.0 99.00 
2024 05 29 01 40 310 13.2 16.3  2.40  7.14  5.79 313 1017.7  11.8 999.0  10.4 99.0 99.00 
2024 05 29 01 50 311 13.0 17.0 99.00 99.00 99.00 999 1017.9  11.8 999.0  10.5 99.0 99.00 
2024 05 29 02 00 313 12.9 16.1 99.00 99.00 99.00 999 1017.8  11.7 999.0  10.4 99.0 99.00 
2024 05 29 02 10 315 12.8 16.2  2.42  5.88  5.55 315 1017.9  11.7 999.0  10.4 99.0 99.00 
2024 05 29 02 20 312 12.7 16.4 99.00 99.00 99.00 999 1017.8  11.7 999.0  10.4 99.0 99.00 
2024 05 29 02 30 314 13.0 15.8 99.00 99.00 99.00 999 1017.9  11.7 999.0  10.4 99.0 99.00 
2024 05 29 02 40 314 13.0 16.0  2.44  6.25  5.61 306 1018.1  11.8 999.0  10.5 99.0 99.00 
2024 05 29 02 50 313 13.1 16.3 99.00 99.00 99.00 999 1018.1  11.8 999.0  10.4 99.0 99.00 
2024 05 29 03 00 312 13.4 16.5 99.00 99.00 99.00 999 1018.0  11.8 999.0  10.4 99.0 99.00 
2024 05 29 03 10 310 13.3 17.9  2.39  6.67  5.61 323 1018.0  11.7 999.0  10.3 99.0 99.00 
2024 05 29 03 20 311 13.4 16.7 99.00 99.00 99.00 999 1018.0  11.7 999.0  10.3 99.0 99.00 
2024 05 29 03 30 310 13.4 17.4 99.00 99.00 99.00 999 1018.1  11.6 999.0  10.2 99.0 99.00 
2024 05 29 03 40 313 13.0 16.1  2.66  6.67  5.78 318 1018.2  11.7 999.0  10.2 99.0 99.00 
2024 05 29 03 50 314 13.3 16.4 99.00 99.00 99.00 999 1018.0  11.8 999.0  10.2 99.0 99.00 
2024 05 29 04 00 315 13.0 17.5 99.00 99.00 99.00 999 1018.1  11.8 999.0  10.2 99.0 99.00 
2024 05 29 04 10 315 13.0 16.5  2.39  7.14  5.66 315 1018.1  11.8 999.0  10.1 99.0 99.00 
2024 05 29 04 20 315 13.7 16.8 99.00 99.00 99.00 999 1018.1  11.8 999.0  10.1 99.0 99.00 
2024 05 29 04 30 314 13.7 17.2 99.00 99.00 99.00 999 1018.2  11.8 999.0  10.0 99.0 99.00 
2024 05 29 04 40 314 13.4 16.9  2.70  7.14  5.94 312 1018.5  11.9 999.0  10.1 99.0 99.00 
2024 05 29 04 50 314 12.8 16.7 99.00 99.00 99.00 999 1018.7  11.8 999.0  10.0 99.0 99.00 
2024 05 29 05 00 316 12.8 15.7 99.00 99.00 99.00 999 1018.9  11.8 999.0  10.0 99.0 99.00 
2024 05 29 05 10 316 12.7 16.5  2.65  7.69  5.98 316 1018.8  11.9 999.0  10.1 99.0 99.00 
2024 05 29 05 20 315 13.6 16.3 99.00 99.00 99.00 999 1018.7  11.9 999.0  10.1 99.0 99.00 
2024 05 29 05 30 315 13.6 16.9 99.00 99.00 99.00 999 1018.8  11.9 999.0  10.0 99.0 99.00 
2024 05 29 05 40 315 13.7 17.5  2.90  7.69  6.16 316 1019.0  11.9 999.0  10.0 99.0 99.00 
2024 05 29 05 50 316 13.3 16.4 99.00 99.00 99.00 999 1019.0  11.9 999.0  10.0 99.0 99.00 
2024 05 29 06 00 315 13.8 16.9 99.00 99.00 99.00 999 1019.0  11.9 999.0  10.1 99.0 99.00 
2024 05 29 06 10 314 13.4 17.0  2.77  7.14  6.17 318 1019.0  11.8 999.0  10.0 99.0 99.00 
2024 05 29 06 20 315 13.7 16.9 99.00 99.00 99.00 999 1019.0  11.8 999.0  10.0 99.0 99.00 
2024 05 29 06 30 315 13.1 16.7 99.00 99.00 99.00 999 1019.1  11.7 999.0   9.9 99.0 99.00 
2024 05 29 06 40 317 12.7 16.7  2.74  7.14  5.99 314 1019.0  11.7 999.0   9.9 99.0 99.00 
2024 05 29 06 50 319 12.5 15.5 99.00 99.00 99.00 999 1018.9  11.7 999.0  10.0 99.0 99.00 
2024 05 29 07 00 317 13.7 17.5 99.00 99.00 99.00 999 1018.9  11.6 999.0  10.0 99.0 99.00 
2024 05 29 07 10 316 12.9 16.2  2.85  7.69  6.18 315 1019.1  11.5 999.0   9.9 99.0 99.00 
2024 05 29 07 20 315 13.3 16.9 99.00 99.00 99.00 999 1018.9  11.5 999.0  10.0 99.0 99.00 
2024 05 29 07 30 316 13.3 16.7 99.00 99.00 99.00 999 1018.8  11.5 999.0  10.1 99.0 99.00 
2024 05 29 07 40 314 13.8 17.2  2.70  7.14  6.06 321 1018.6  11.4 999.0  10.0 99.0 99.00 
2024 05 29 07 50 312 14.3 18.0 99.00 99.00 99.00 999 1018.6  11.4 999.0  10.1 99.0 99.00 
2024 05 29 08 00 313 13.3 16.4 99.00 99.00 99.00 999 1018.8  11.3 999.0  10.0 99.0 99.00 
2024 05 29 08 10 314 13.0 16.2  2.68  7.69  6.12 309 1018.9  11.3 999.0  10.1 99.0 99.00 
2024 05 29 08 20 315 12.7 15.5 99.00 99.00 99.00 999 1019.0  11.2 999.0  10.1 99.0 99.00 
2024 05 29 08 30 316 12.5 15.3 99.00 99.00 99.00 999 1019.0  11.2 999.0  10.2 99.0 99.00 
2024 05 29 08 40 319 12.1 15.5  2.72  8.33  6.07 310 1019.2  11.1 999.0  10.2 99.0 99.00 
2024 05 29 08 50 322 11.4 14.1 99.00 99.00 99.00 999 1019.3  11.0 999.0  10.2 99.0 99.00 
2024 05 29 09 00 321 11.1 13.7 99.00 99.00 99.00 999 1019.4  11.0 999.0  10.2 99.0 99.00 
2024 05 29 09 10 321 11.0 14.2  2.80  7.69  6.27 313 1019.3  10.9 999.0  10.1 99.0 99.00 
2024 05 29 09 20 320 10.9 13.8 99.00 99.00 99.00 999 1019.3  10.9 999.0  10.2 99.0 99.00 
2024 05 29 09 30 323 10.7 13.2 99.00 99.00 99.00 999 1019.3  10.9 999.0  10.2 99.0 99.00 
2024 05 29 09 40 324 10.6 13.4  2.61  8.33  6.09 312 1019.2  10.8 999.0  10.1 99.0 99.00 
2024 05 29 09 50 324 10.9 14.6 99.00 99.00 99.00 999 1019.3  10.8 999.0  10.2 99.0 99.00 
2024 05 29 10 00 325 11.2 15.2 99.00 99.00 99.00 999 1019.1  10.7 999.0  10.2 99.0 99.00 
2024 05 29 10 10 325 11.1 14.3  2.84  7.69  6.13 317 1019.1  10.7 999.0  10.2 99.0 99.00 
2024 05 29 10 20 324 11.6 15.4 99.00 99.00 99.00 999 1019.1  10.7 999.0  10.2 99.0 99.00 
2024 05 29 10 30 326 11.2 14.0 99.00 99.00 99.00 999 1019.1  10.7 999.0  10.2 99.0 99.00 
2024 05 29 10 40 325 11.8 15.1  2.55  7.14  5.82 317 1019.0  10.7 999.0  10.2 99.0 99.00 
2024 05 29 10 50 322 12.6 16.3 99.00 99.00 99.00 999 1018.9  10.7 999.0  10.2 99.0 99.00 
2024 05 29 11 00 321 13.3 16.5 99.00 99.00 99.00 999 1018.9  10.7 999.0  10.2 99.0 99.00 
2024 05 29 11 10 321 13.2 16.8  2.88  7.14  6.00 317 1018.9  10.6 999.0  10.1 99.0 99.00 
2024 05 29 11 20 322 13.1 16.7 99.00 99.00 99.00 999 1018.9  10.6 999.0  10.2 99.0 99.00 
2024 05 29 11 30 322 13.5 18.0 99.00 99.00 99.00 999 1019.0  10.6 999.0  10.2 99.0 99.00 
2024 05 29 11 40 324 12.9 16.7  2.76  7.14  6.01 316 1019.0  10.6 999.0  10.2 99.0 99.00 
2024 05 29 11 50 323 12.9 16.7 99.00 99.00 99.00 999 1019.0  10.6 999.0  10.1 99.0 99.00 
2024 05 29 12 00 324 12.7 16.3 99.00 99.00 99.00 999 1019.1  10.6 999.0  10.1 99.0 99.00 
2024 05 29 12 10 324 12.5 15.6  2.82  7.69  6.11 313 1019.1  10.7 999.0  10.2 99.0 99.00 
2024 05 29 12 20 325 12.1 15.3 99.00 99.00 99.00 999 1019.1  10.6 999.0  10.1 99.0 99.00 
2024 05 29 12 30 324 11.9 15.5 99.00 99.00 99.00 999 1019.2  10.5 999.0  10.0 99.0 99.00 
2024 05 29 12 40 323 11.6 14.7  2.77  7.14  5.82 313 1019.2  10.4 999.0   9.9 99.0 99.00 
2024 05 29 12 50 320 11.6 14.9 99.00 99.00 99.00 999 1019.1  10.4 999.0  10.0 99.0 99.00 
2024 05 29 13 00 318 11.6 14.3 99.00 99.00 99.00 999 1018.9  10.4 999.0   9.9 99.0 99.00 
2024 05 29 13 10 316 11.5 14.3  2.66  6.67  5.96 315 1019.1  10.4 999.0   9.9 99.0 99.00 
2024 05 29 13 20 319 10.9 13.6 99.00 99.00 99.00 999 1019.1  10.5 999.0   9.9 99.0 99.00 
2024 05 29 13 30 322 11.2 14.3 99.00 99.00 99.00 999 1019.2  10.5 999.0   9.8 99.0 99.00 
2024 05 29 13 40 319 11.2 13.8  2.78  7.69  6.15 316 1018.9  10.6 999.0   9.8 99.0 99.00 
2024 05 29 13 50 320 11.2 13.9 99.00 99.00 99.00 999 1019.1  10.7 999.0   9.8 99.0 99.00 
2024 05 29 14 00 320 11.1 13.4 99.00 99.00 99.00 999 1019.0  10.7 999.0   9.7 99.0 99.00 
2024 05 29 14 10 318 11.1 13.9  2.65  7.14  6.06 315 1018.9  10.7 999.0   9.7 99.0 99.00 
2024 05 29 14 20 319 11.3 13.9 99.00 99.00 99.00 999 1019.1  10.7 999.0   9.7 99.0 99.00 
2024 05 29 14 30 322 11.0 13.7 99.00 99.00 99.00 999 1019.4  10.7 999.0   9.7 99.0 99.00 
2024 05 29 14 40 321 11.0 14.1  2.53  7.14  5.92 316 1019.4  10.6 999.0   9.8 99.0 99.00 
2024 05 29 14 50 318 11.6 14.4 99.00 99.00 99.00 999 1019.4  10.5 999.0   9.7 99.0 99.00 
2024 05 29 15 00 317 11.8 14.9 99.00 99.00 99.00 999 1019.4  10.5 999.0   9.7 99.0 99.00 
2024 05 29 15 10 318 12.0 15.1  2.68  7.14  5.99 310 1019.6  10.5 999.0   9.7 99.0 99.00 
2024 05 29 15 20 319 11.3 14.3 99.00 99.00 99.00 999 1019.9  10.5 999.0   9.8 99.0 99.00 
2024 05 29 15 30 317 11.4 14.3 99.00 99.00 99.00 999 1019.7  10.5 999.0   9.8 99.0 99.00 
2024 05 29 15 40 316 12.1 15.5  2.60  7.14  5.88 310 1019.9  10.5 999.0   9.7 99.0 99.00 
2024 05 29 15 50 317 12.1 15.2 99.00 99.00 99.00 999 1019.8  10.5 999.0   9.7 99.0 99.00 
2024 05 29 16 00 310 13.0 15.9 99.00 99.00 99.00 999 1019.5  10.5 999.0   9.7 99.0 99.00 
2024 05 29 16 10 311 13.0 15.8  2.49  7.14  5.73 314 1019.6  10.5 999.0   9.7 99.0 99.00 
2024 05 29 16 20 313 12.5 15.2 99.00 99.00 99.00 999 1019.8  10.5 999.0   9.7 99.0 99.00 
2024 05 29 16 30 313 12.2 15.9 99.00 99.00 99.00 999 1019.9  10.6 999.0   9.8 99.0 99.00 
2024 05 29 16 40 317 11.9 14.4  2.55  7.14  6.04 311 1019.8  10.6 999.0   9.7 99.0 99.00 
2024 05 29 16 50 316 11.8 14.6 99.00 99.00 99.00 999 1019.9  10.8 999.0   9.7 99.0 99.00 
2024 05 29 17 00 318 11.2 13.7 99.00 99.00 99.00 999 1019.8  10.8 999.0   9.6 99.0 99.00 
2024 05 29 17 10 318 11.2 13.6  2.44  7.69  5.81 316 1019.8  11.0 999.0   9.7 99.0 99.00 
2024 05 29 17 20 319 10.6 13.2 99.00 99.00 99.00 999 1019.8  10.9 999.0   9.6 99.0 99.00 
2024 05 29 17 30 317 10.6 12.9 99.00 99.00 99.00 999 1019.8  10.9 999.0   9.6 99.0 99.00 
2024 05 29 17 40 318 10.6 13.6  2.58  7.69  6.03 311 1019.9  11.0 999.0   9.6 99.0 99.00 
2024 05 29 17 50 317 10.6 12.5 99.00 99.00 99.00 999 1019.8  11.0 999.0   9.7 99.0 99.00 
2024 05 29 18 00 317 10.7 13.2 99.00 99.00 99.00 999 1019.8  11.0 999.0   9.7 99.0 99.00 
2024 05 29 18 10 317 11.1 13.7  2.43  7.69  5.98 315 1019.7  11.0 999.0   9.6 99.0 99.00 
2024 05 29 18 20 318 11.3 14.4 99.00 99.00 99.00 999 1019.7  11.0 999.0   9.7 99.0 99.00 
2024 05 29 18 30 317 11.5 14.8 99.00 99.00 99.00 999 1019.8  11.0 999.0   9.7 99.0 99.00 
2024 05 29 18 40 318 11.2 13.5  2.39  7.69  5.96 317 1019.7  11.0 999.0   9.6 99.0 99.00 
2024 05 29 18 50 318 11.2 13.4 99.00 99.00 99.00 999 1019.7  11.0 999.0   9.6 99.0 99.00 
2024 05 29 19 00 317 11.3 15.3 99.00 99.00 99.00 999 1019.7  11.1 999.0   9.5 99.0 99.00 
2024 05 29 19 10 317 10.7 13.7  2.57  6.67  6.02 314 1019.7  11.2 999.0   9.5 99.0 99.00 
2024 05 29 19 20 316 10.7 13.6 99.00 99.00 99.00 999 1019.7  11.3 999.0   9.4 99.0 99.00 
2024 05 29 19 30 316 11.0 14.1 99.00 99.00 99.00 999 1019.6  11.4 999.0   9.4 99.0 99.00 
2024 05 29 19 40 318 11.2 13.9  2.52  8.33  5.94 310 1019.5  11.5 999.0   9.4 99.0 99.00 
2024 05 29 19 50 318 11.3 13.7 99.00 99.00 99.00 999 1019.4  11.5 999.0   9.4 99.0 99.00 
2024 05 29 20 00 318 11.6 14.8 99.00 99.00 99.00 999 1019.4  11.6 999.0   9.5 99.0 99.00 
2024 05 29 20 10 318 11.6 14.4  2.64  7.69  5.99 308 1019.4  11.5 999.0   9.4 99.0 99.00 
2024 05 29 20 20 317 11.7 15.3 99.00 99.00 99.00 999 1019.4  11.5 999.0   9.5 99.0 99.00 
2024 05 29 20 30 316 11.7 14.8 99.00 99.00 99.00 999 1019.3  11.5 999.0   9.5 99.0 99.00 
2024 05 29 20 40 316 12.1 14.5  2.34 12.12  5.74 314 1019.1  11.5 999.0   9.5 99.0 99.00 
2024 05 29 20 50 316 12.6 15.9 99.00 99.00 99.00 999 1019.1  11.7 999.0   9.4 99.0 99.00 
2024 05 29 21 00 317 12.5 15.2 99.00 99.00 99.00 999 1019.0  11.8 999.0   9.5 99.0 99.00 
2024 05 29 21 10 317 12.8 16.5  2.18  7.69  5.61 307 1019.0  11.9 999.0   9.5 99.0 99.00 
2024 05 29 21 20 317 13.0 16.0 99.00 99.00 99.00 999 1018.9  11.9 999.0   9.5 99.0 99.00 
2024 05 29 21 30 318 13.2 16.5 99.00 99.00 99.00 999 1018.7  11.9 999.0   9.4 99.0 99.00 
2024 05 29 21 40 318 13.5 16.5  2.21  7.69  5.38 316 1018.5  12.0 999.0   9.3 99.0 99.00 
2024 05 29 21 50 317 13.9 16.9 99.00 99.00 99.00 999 1018.5  12.1 999.0   9.2 99.0 99.00 
2024 05 29 22 00 316 13.5 17.2 99.00 99.00 99.00 999 1018.4  12.1 999.0   9.3 99.0 99.00 
2024 05 29 22 10 314 13.7 17.0  2.30  8.33  5.55 314 1018.4  12.0 999.0   9.2 99.0 99.00 
2024 05 29 22 20 314 13.6 17.3 99.00 99.00 99.00 999 1018.3  12.1 999.0   9.3 99.0 99.00 
2024 05 29 22 30 314 14.0 17.9 99.00 99.00 99.00 999 1018.2  12.2 999.0   9.2 99.0 99.00 
2024 05 29 22 40 313 13.5 17.7  2.61  7.69  5.83 314 1018.1  12.1 999.0   9.3 99.0 99.00 
2024 05 29 22 50 314 14.2 17.4 99.00 99.00 99.00 999 1018.0  12.1 999.0   9.3 99.0 99.00 
2024 05 29 23 00 314 13.8 17.5 99.00 99.00 99.00 999 1017.8  12.0 999.0   9.3 99.0 99.00 
2024 05 29 23 10 313 14.2 17.8  2.73  7.69  5.91 322 1017.8  12.1 999.0   9.3 99.0 99.00 
2024 05 29 23 20 312 14.4 17.7 99.00 99.00 99.00 999 1017.7  12.2 999.0   9.4 99.0 99.00 
2024 05 29 23 30 313 14.2 18.4 99.00 99.00 99.00 999 1017.6  12.2 999.0   9.4 99.0 99.00 
2024 05 29 23 40 312 14.5 19.4  2.79  7.69  6.08 315 1017.4  12.3 999.0   9.5 99.0 99.00 
2024 05 29 23 50 312 15.1 18.6 99.00 99.00 99.00 999 1017.2  12.3 999.0   9.5 99.0 99.00 
2024 05 30 00 00 312 15.4 19.0 99.00 99.00 99.00 999 1017.2  12.4 999.0   9.5 99.0 99.00 
2024 05 30 00 10 313 15.1 19.5  2.98  8.33  6.27 313 1017.2  12.4 999.0   9.5 99.0 99.00 
2024 05 30 00 20 313 15.2 19.2 99.00 99.00 99.00 999 1017.2  12.4 999.0   9.5 99.0 99.00 
2024 05 30 00 30 313 15.4 19.8 99.00 99.00 99.00 999 1017.0  12.5 999.0   9.6 99.0 99.00 
2024 05 30 00 40 313 15.5 19.3  3.27  8.33  6.23 316 1017.1  12.4 999.0   9.5 99.0 99.00 
2024 05 30 00 50 313 15.8 20.6 99.00 99.00 99.00 999 1017.0  12.4 999.0   9.6 99.0 99.00 
2024 05 30 01 00 313 15.8 21.7 99.00 99.00 99.00 999 1017.0  12.4 999.0   9.6 99.0 99.00 
2024 05 30 01 10 314 15.6 20.1  3.46  7.69  6.56 316 1016.8  12.3 999.0   9.6 99.0 99.00 
2024 05 30 01 20 315 15.4 20.3 99.00 99.00 99.00 999 1016.8  12.3 999.0   9.7 99.0 99.00 
2024 05 30 01 30 316 16.1 21.0 99.00 99.00 99.00 999 1016.8  12.4 999.0   9.7 99.0 99.00 
2024 05 30 01 40 316 15.6 20.3  3.49  7.69  6.34 316 1016.7  12.3 999.0   9.7 99.0 99.00 
2024 05 30 01 50 317 15.3 20.3 99.00 99.00 99.00 999 1016.7  12.3 999.0   9.7 99.0 99.00 
2024 05 30 02 00 317 15.3 19.9 99.00 99.00 99.00 999 1016.7  12.2 999.0   9.7 99.0 99.00 
2024 05 30 02 10 316 15.4 19.4  3.43  9.09  6.35 311 1016.6  12.2 999.0   9.7 99.0 99.00 
2024 05 30 02 20 316 15.7 19.7 99.00 99.00 99.00 999 1016.5  12.2 999.0   9.7 99.0 99.00 
2024 05 30 02 30 316 15.3 19.5 99.00 99.00 99.00 999 1016.6  12.1 999.0   9.8 99.0 99.00 
2024 05 30 02 40 315 15.3 19.0  3.41  9.09  6.38 317 1016.5  12.1 999.0   9.8 99.0 99.00 
2024 05 30 02 50 316 15.6 19.5 99.00 99.00 99.00 999 1016.5  12.1 999.0   9.8 99.0 99.00 
2024 05 30 03 00 316 15.3 19.5 99.00 99.00 99.00 999 1016.4  12.1 999.0   9.8 99.0 99.00 
2024 05 30 03 10 316 15.1 19.3  3.59  8.33  6.56 319 1016.5  12.1 999.0   9.8 99.0 99.00 
2024 05 30 03 20 317 15.4 18.8 99.00 99.00 99.00 999 1016.7  12.1 999.0   9.7 99.0 99.00 
2024 05 30 03 30 318 15.0 19.0 99.00 99.00 99.00 999 1016.6  12.0 999.0   9.7 99.0 99.00 
2024 05 30 03 40 319 14.7 18.8  3.68  8.33  6.83 317 1016.7  12.0 999.0   9.8 99.0 99.00 
2024 05 30 03 50 320 14.8 18.3 99.00 99.00 99.00 999 1016.6  11.9 999.0   9.7 99.0 99.00 
2024 05 30 04 00 319 14.8 18.1 99.00 99.00 99.00 999 1016.7  11.9 999.0   9.8 99.0 99.00 
2024 05 30 04 10 319 14.8 18.3  3.41  8.33  6.41 326 1016.7  11.8 999.0   9.7 99.0 99.00 
2024 05 30 04 20 319 14.6 18.3 99.00 99.00 99.00 999 1016.8  11.7 999.0   9.7 99.0 99.00 
2024 05 30 04 30 319 14.6 17.6 99.00 99.00 99.00 999 1016.9  11.7 999.0   9.8 99.0 99.00 
2024 05 30 04 40 319 14.6 18.2  3.34  7.69  6.59 323 1016.9  11.6 999.0   9.7 99.0 99.00 
2024 05 30 04 50 319 14.0 17.3 99.00 99.00 99.00 999 1017.1  11.5 999.0   9.7 99.0 99.00 
2024 05 30 05 00 318 14.0 17.2 99.00 99.00 99.00 999 1017.1  11.5 999.0   9.7 99.0 99.00 
2024 05 30 05 10 319 14.0 17.3  3.26  8.33  6.48 321 1017.2  11.4 999.0   9.7 99.0 99.00 
2024 05 30 05 20 319 14.0 18.3 99.00 99.00 99.00 999 1017.1  11.4 999.0   9.8 99.0 99.00 
2024 05 30 05 30 320 14.0 17.1 99.00 99.00 99.00 999 1017.2  11.3 999.0   9.8 99.0 99.00 
2024 05 30 05 40 319 13.9 18.3  3.67  9.09  6.72 319 1017.0  11.3 999.0   9.8 99.0 99.00 
2024 05 30 05 50 318 13.7 18.0 99.00 99.00 99.00 999 1017.0  11.3 999.0   9.9 99.0 99.00 
2024 05 30 06 00 319 13.7 17.5 99.00 99.00 99.00 999 1016.9  11.3 999.0   9.9 99.0 99.00 
2024 05 30 06 10 317 13.5 18.0  3.51  8.33  6.61 317 1016.9  11.2 999.0   9.8 99.0 99.00 
2024 05 30 06 20 315 13.7 16.8 99.00 99.00 99.00 999 1016.8  11.2 999.0   9.8 99.0 99.00 
2024 05 30 06 30 316 13.4 16.8 99.00 99.00 99.00 999 1016.7  11.2 999.0   9.8 99.0 99.00 
2024 05 30 06 40 316 13.3 16.4  3.15  8.33  6.37 317 1016.8  11.2 999.0   9.8 99.0 99.00 
2024 05 30 06 50 318 13.5 16.9 99.00 99.00 99.00 999 1016.7  11.2 999.0   9.8 99.0 99.00 
2024 05 30 07 00 316 13.8 17.3 99.00 99.00 99.00 999 1016.6  11.2 999.0   9.8 99.0 99.00 
2024 05 30 07 10 315 13.6 17.3  3.31  8.33  6.60 318 1016.6  11.1 999.0   9.8 99.0 99.00 
2024 05 30 07 20 316 13.6 16.9 99.00 99.00 99.00 999 1016.4  11.1 999.0   9.8 99.0 99.00 
2024 05 30 07 30 315 13.6 17.0 99.00 99.00 99.00 999 1016.5  11.1 999.0   9.8 99.0 99.00 
2024 05 30 07 40 318 13.2 16.8  3.12  8.33  6.54 312 1016.3  11.1 999.0   9.8 99.0 99.00 
2024 05 30 07 50 318 12.9 16.0 99.00 99.00 99.00 999 1016.4  11.0 999.0   9.7 99.0 99.00 
2024 05 30 08 00 318 12.7 16.1 99.00 99.00 99.00 999 1016.3  11.0 999.0   9.7 99.0 99.00 
2024 05 30 08 10 318 12.2 15.7  3.38  9.09  6.65 309 1016.3  11.0 999.0   9.7 99.0 99.00 
2024 05 30 08 20 319 12.0 15.5 99.00 99.00 99.00 999 1016.2  11.0 999.0   9.7 99.0 99.00 
2024 05 30 08 30 319 11.7 14.6 99.00 99.00 99.00 999 1016.2  11.0 999.0   9.7 99.0 99.00 
2024 05 30 08 40 320 11.8 14.8  3.10  9.09  6.43 317 1016.2  10.9 999.0   9.6 99.0 99.00 
2024 05 30 08 50 320 12.2 15.3 99.00 99.00 99.00 999 1016.1  10.9 999.0   9.6 99.0 99.00 
2024 05 30 09 00 320 12.1 15.1 99.00 99.00 99.00 999 1016.1  10.9 999.0   9.7 99.0 99.00 
2024 05 30 09 10 319 11.9 15.3  2.96  8.33  6.32 317 1016.1  10.9 999.0   9.7 99.0 99.00 
2024 05 30 09 20 318 12.7 16.8 99.00 99.00 99.00 999 1015.8  11.0 999.0   9.7 99.0 99.00 
2024 05 30 09 30 316 12.8 16.4 99.00 99.00 99.00 999 1015.7  10.9 999.0   9.7 99.0 99.00 
2024 05 30 09 40 315 13.0 16.8  3.21  9.09  6.56 316 1015.6  10.9 999.0   9.8 99.0 99.00 
2024 05 30 09 50 315 13.4 17.0 99.00 99.00 99.00 999 1015.6  10.9 999.0   9.8 99.0 99.00 
2024 05 30 10 00 315 12.8 16.2 99.00 99.00 99.00 999 1015.6  10.8 999.0   9.7 99.0 99.00 
2024 05 30 10 10 316 13.1 16.2  3.13  8.33  6.38 313 1015.5  10.8 999.0   9.7 99.0 99.00 
2024 05 30 10 20 316 13.1 16.4 99.00 99.00 99.00 999 1015.3  10.8 999.0   9.7 99.0 99.00 
2024 05 30 10 30 317 13.0 15.8 99.00 99.00 99.00 999 1015.2  10.8 999.0   9.7 99.0 99.00 
2024 05 30 10 40 318 13.0 16.1  3.10  8.33  6.35 315 1015.3  10.8 999.0   9.8 99.0 99.00 
2024 05 30 10 50 319 12.6 15.5 99.00 99.00 99.00 999 1015.3  10.7 999.0   9.7 99.0 99.00 
2024 05 30 11 00 320 12.5 15.9 99.00 99.00 99.00 999 1015.4  10.8 999.0   9.7 99.0 99.00 
2024 05 30 11 10 321 12.2 15.4  2.88  9.09  6.34 311 1015.5  10.8 999.0   9.8 99.0 99.00 
2024 05 30 11 20 323 11.5 14.8 99.00 99.00 99.00 999 1015.3  10.7 999.0   9.7 99.0 99.00 
2024 05 30 11 30 321 12.3 15.3 99.00 99.00 99.00 999 1015.3  10.6 999.0   9.7 99.0 99.00 
2024 05 30 11 40 322 12.4 14.9  3.24  8.33  6.44 314 1015.2  10.6 999.0   9.8 99.0 99.00 
2024 05 30 11 50 321 12.6 15.9 99.00 99.00 99.00 999 1015.2  10.6 999.0   9.8 99.0 99.00 
2024 05 30 12 00 320 12.8 15.8 99.00 99.00 99.00 999 1015.1  10.5 999.0   9.7 99.0 99.00 
2024 05 30 12 10 319 12.8 16.2  2.88  9.09  6.33 312 1015.1  10.5 999.0   9.7 99.0 99.00 
2024 05 30 12 20 321 12.3 15.4 99.00 99.00 99.00 999 1015.1  10.5 999.0   9.8 99.0 99.00 
2024 05 30 12 30 322 12.1 15.4 99.00 99.00 99.00 999 1015.2  10.5 999.0   9.8 99.0 99.00 
2024 05 30 12 40 322 11.7 15.3  2.94  8.33  6.37 316 1015.3  10.5 999.0   9.8 99.0 99.00 
2024 05 30 12 50 321 10.8 13.1 99.00 99.00 99.00 999 1015.4  10.4 999.0   9.7 99.0 99.00 
2024 05 30 13 00 320 10.9 13.6 99.00 99.00 99.00 999 1015.3  10.4 999.0   9.8 99.0 99.00 
2024 05 30 13 10 317 11.1 13.6  2.84  7.69  6.37 318 1015.3  10.4 999.0   9.8 99.0 99.00 
2024 05 30 13 20 319 10.5 13.4 99.00 99.00 99.00 999 1015.4  10.4 999.0   9.9 99.0 99.00 
2024 05 30 13 30 321 10.1 12.9 99.00 99.00 99.00 999 1015.6  10.4 999.0   9.9 99.0 99.00 
2024 05 30 13 40 321 10.1 13.3  2.73  8.33  6.47 316 1015.5  10.4 999.0   9.8 99.0 99.00 
2024 05 30 13 50 320 10.5 13.8 99.00 99.00 99.00 999 1015.6  10.5 999.0   9.8 99.0 99.00 
2024 05 30 14 00 320 10.1 12.5 99.00 99.00 99.00 999 1015.7  10.5 999.0   9.9 99.0 99.00 
2024 05 30 14 10 320 10.1 12.9  2.82  9.09  6.47 310 1015.8  10.5 999.0  10.0 99.0 99.00 
2024 05 30 14 20 318  9.9 12.0 99.00 99.00 99.00 999 1015.8  10.4 999.0   9.9 99.0 99.00 
2024 05 30 14 30 317 10.4 12.7 99.00 99.00 99.00 999 1015.9  10.4 999.0   9.9 99.0 99.00 
2024 05 30 14 40 316 10.3 13.1  2.87  9.09  6.30 307 1015.9  10.4 999.0   9.9 99.0 99.00 
2024 05 30 14 50 316  9.8 12.4 99.00 99.00 99.00 999 1016.1  10.4 999.0   9.9 99.0 99.00 
2024 05 30 15 00 316  9.7 12.4 99.00 99.00 99.00 999 1016.1  10.4 999.0   9.9 99.0 99.00 
2024 05 30 15 10 317  9.8 11.9  2.66  8.33  6.21 320 1016.2  10.4 999.0  10.0 99.0 99.00 
2024 05 30 15 20 317  9.8 12.7 99.00 99.00 99.00 999 1016.1  10.4 999.0  10.0 99.0 99.00 
2024 05 30 15 30 319  9.5 12.1 99.00 99.00 99.00 999 1016.1  10.4 999.0  10.0 99.0 99.00 
2024 05 30 15 40 319  9.1 11.3  2.57  8.33  6.15 319 1016.1  10.4 999.0  10.0 99.0 99.00 
2024 05 30 15 50 320  8.5 11.0 99.00 99.00 99.00 999 1016.1  10.4 999.0  10.0 99.0 99.00 
2024 05 30 16 00 320  8.9 10.7 99.00 99.00 99.00 999 1016.1  10.4 999.0  10.0 99.0 99.00 
2024 05 30 16 10 320  8.9 10.9  2.71  8.33  6.31 310 1016.1  10.4 999.0  10.0 99.0 99.00 
2024 05 30 16 20 319  8.6 10.8 99.00 99.00 99.00 999 1016.0  10.3 999.0   9.9 99.0 99.00 
2024 05 30 16 30 317  8.6 10.7 99.00 99.00 99.00 999 1016.0  10.4 999.0  10.0 99.0 99.00 
2024 05 30 16 40 320  8.1 10.2  2.49  8.33  6.16 309 1016.1  10.4 999.0  10.0 99.0 99.00 
2024 05 30 16 50 322  7.5  9.5 99.00 99.00 99.00 999 1016.1  10.4 999.0   9.9 99.0 99.00 
2024 05 30 17 00 325  7.2  8.8 99.00 99.00 99.00 999 1016.1  10.4 999.0   9.9 99.0 99.00 
2024 05 30 17 10 328  6.9  8.7  2.45  8.33  6.37 313 1016.1  10.4 999.0   9.9 99.0 99.00 
2024 05 30 17 20 328  6.7  8.7 99.00 99.00 99.00 999 1016.1  10.4 999.0   9.9 99.0 99.00 
2024 05 30 17 30 328  6.8  8.4 99.00 99.00 99.00 999 1016.1  10.4 999.0   9.9 99.0 99.00 
2024 05 30 17 40 327  6.6  8.2  2.23  9.09  6.08 302 1016.1  10.4 999.0   9.9 99.0 99.00 
2024 05 30 17 50 328  6.6  8.2 99.00 99.00 99.00 999 1016.1  10.4 999.0   9.9 99.0 99.00 
2024 05 30 18 00 327  6.6  8.1 99.00 99.00 99.00 999 1016.1  10.4 999.0   9.9 99.0 99.00 
2024 05 30 18 10 322  6.6  8.2  2.34  8.33  6.22 312 1016.1  10.4 999.0   9.9 99.0 99.00 
2024 05 30 18 20 322  6.9  8.7 99.00 99.00 99.00 999 1016.0  10.4 999.0   9.9 99.0 99.00 
2024 05 30 18 30 321  7.0  8.5 99.00 99.00 99.00 999 1015.9  10.4 999.0   9.9 99.0 99.00 
2024 05 30 18 40 322  6.7  8.6  2.21  7.69  6.20 310 1015.9  10.4 999.0   9.9 99.0 99.00 
2024 05 30 18 50 321  6.7  8.3 99.00 99.00 99.00 999 1015.8  10.4 999.0   9.8 99.0 99.00 
2024 05 30 19 00 320  6.8  8.7 99.00 99.00 99.00 999 1015.7  10.4 999.0   9.7 99.0 99.00 
2024 05 30 19 10 319  6.7  8.6  2.26  8.33  6.18 303 1015.6  10.4 999.0   9.7 99.0 99.00 
2024 05 30 19 20 318  6.6  8.1 99.00 99.00 99.00 999 1015.6  10.4 999.0   9.7 99.0 99.00 
2024 05 30 19 30 319  6.7  8.2 99.00 99.00 99.00 999 1015.6  10.4 999.0   9.7 99.0 99.00 
2024 05 30 19 40 321  6.7  8.2  2.14  8.33  6.06 294 1015.5  10.4 999.0   9.7 99.0 99.00 
2024 05 30 19 50 320  6.7  8.2 99.00 99.00 99.00 999 1015.5  10.4 999.0   9.7 99.0 99.00 
2024 05 30 20 00 320  6.7  8.7 99.00 99.00 99.00 999 1015.3  10.4 999.0   9.9 99.0 99.00 
2024 05 30 20 10 320  7.0  9.1  2.02  9.09  6.09 304 1015.3  10.4 999.0   9.9 99.0 99.00 
2024 05 30 20 20 320  7.0  9.2 99.00 99.00 99.00 999 1015.3  10.5 999.0   9.8 99.0 99.00 
2024 05 30 20 30 319  7.1  8.9 99.00 99.00 99.00 999 1015.1  10.5 999.0   9.8 99.0 99.00 
2024 05 30 20 40 320  6.8  8.7  2.00  9.09  6.06 307 1015.0  10.5 999.0   9.8 99.0 99.00 
2024 05 30 20 50 320  7.1  8.7 99.00 99.00 99.00 999 1014.9  10.5 999.0   9.8 99.0 99.00 
2024 05 30 21 00 319  7.2  9.1 99.00 99.00 99.00 999 1014.8  10.5 999.0   9.8 99.0 99.00 
2024 05 30 21 10 320  7.2  9.1  1.97  7.69  6.08 302 1014.7  10.6 999.0   9.8 99.0 99.00 
2024 05 30 21 20 321  7.0  8.5 99.00 99.00 99.00 999 1014.6  10.7 999.0   9.9 99.0 99.00 
2024 05 30 21 30 320  7.1  9.1 99.00 99.00 99.00 999 1014.5  10.7 999.0   9.9 99.0 99.00 
2024 05 30 21 40 321  7.3  9.0  2.08  8.33  6.43 312 1014.4  10.7 999.0   9.8 99.0 99.00 
2024 05 30 21 50 321  7.6  9.1 99.00 99.00 99.00 999 1014.3  10.8 999.0   9.8 99.0 99.00 
2024 05 30 22 00 321  7.5  9.0 99.00 99.00 99.00 999 1014.2  10.8 999.0   9.8 99.0 99.00 
2024 05 30 22 10 323  7.7  9.4  2.08  9.09  6.38 310 1014.0  10.9 999.0   9.9 99.0 99.00 
2024 05 30 22 20 323  7.3  9.5 99.00 99.00 99.00 999 1013.9  10.9 999.0   9.8 99.0 99.00 
2024 05 30 22 30 321  7.4 10.1 99.00 99.00 99.00 999 1013.8  11.1 999.0   9.9 99.0 99.00 
2024 05 30 22 40 321  7.6  9.8  2.14  9.09  6.66 300 1013.8  11.1 999.0   9.8 99.0 99.00 
2024 05 30 22 50 320  7.7  9.3 99.00 99.00 99.00 999 1013.7  11.1 999.0   9.8 99.0 99.00 
2024 05 30 23 00 321  7.2  8.7 99.00 99.00 99.00 999 1013.6  11.1 999.0   9.8 99.0 99.00 
2024 05 30 23 10 322  7.0  8.8  2.29  8.33  6.63 306 1013.5  11.1 999.0   9.8 99.0 99.00 
2024 05 30 23 20 320  7.0  8.7 99.00 99.00 99.00 999 1013.5  11.2 999.0   9.8 99.0 99.00 
2024 05 30 23 30 320  7.1  8.7 99.00 99.00 99.00 999 1013.4  11.3 999.0   9.9 99.0 99.00 
2024 05 30 23 40 322  7.6  9.6  2.42  8.33  6.61 297 1013.3  11.3 999.0   9.9 99.0 99.00 
2024 05 30 23 50 323  7.6  9.7 99.00 99.00 99.00 999 1013.2  11.3 999.0   9.9 99.0 99.00 
2024 05 31 00 00 326  7.4  9.0 99.00 99.00 99.00 999 1013.1  11.4 999.0   9.9 99.0 99.00 
2024 05 31 00 10 324  7.5  9.1  2.21  8.33  6.38 306 1013.0  11.4 999.0   9.8 99.0 99.00 
2024 05 31 00 20 325  7.5  9.0 99.00 99.00 99.00 999 1013.0  11.4 999.0   9.8 99.0 99.00 
2024 05 31 00 30 328  7.1  9.0 99.00 99.00 99.00 999 1012.9  11.4 999.0   9.8 99.0 99.00 
2024 05 31 00 40 329  7.3  8.9  2.29  9.09  6.41 299 1012.9  11.5 999.0   9.9 99.0 99.00 
2024 05 31 00 50 330  7.0  8.7 99.00 99.00 99.00 999 1012.7  11.5 999.0   9.9 99.0 99.00 
2024 05 31 01 00 328  7.1  9.1 99.00 99.00 99.00 999 1012.6  11.4 999.0   9.8 99.0 99.00 
2024 05 31 01 10 326  7.1  8.6  2.60 10.00  6.63 302 1012.5  11.4 999.0   9.8 99.0 99.00 
2024 05 31 01 20 323  7.0  8.7 99.00 99.00 99.00 999 1012.5  11.4 999.0   9.8 99.0 99.00 
2024 05 31 01 30 322  7.3  9.3 99.00 99.00 99.00 999 1012.4  11.4 999.0   9.8 99.0 99.00 
2024 05 31 01 40 323  7.3  9.5  2.49  9.09  6.46 304 1012.3  11.4 999.0   9.8 99.0 99.00 
2024 05 31 01 50 322  7.2  9.8 99.00 99.00 99.00 999 1012.3  11.4 999.0   9.8 99.0 99.00 
2024 05 31 02 00 325  6.8  9.0 99.00 99.00 99.00 999 1012.2  11.4 999.0   9.9 99.0 99.00 
2024 05 31 02 10 324  6.8  8.9  2.59 10.00  6.62 301 1012.2  11.4 999.0   9.8 99.0 99.00 
2024 05 31 02 20 322  6.8  8.6 99.00 99.00 99.00 999 1012.0  11.4 999.0   9.9 99.0 99.00 
2024 05 31 02 30 322  7.0  8.6 99.00 99.00 99.00 999 1012.0  11.3 999.0   9.9 99.0 99.00 
2024 05 31 02 40 325  7.2  9.0  2.61  9.09  6.63 305 1011.9  11.3 999.0   9.9 99.0 99.00 
2024 05 31 02 50 324  7.1  9.0 99.00 99.00 99.00 999 1011.9  11.3 999.0   9.9 99.0 99.00 
2024 05 31 03 00 326  6.8  8.7 99.00 99.00 99.00 999 1011.9  11.2 999.0   9.9 99.0 99.00 
2024 05 31 03 10 326  6.7  9.2  2.50 10.00  6.38 296 1011.8  11.2 999.0   9.9 99.0 99.00 
2024 05 31 03 20 326  6.5  8.6 99.00 99.00 99.00 999 1011.8  11.2 999.0   9.9 99.0 99.00 
2024 05 31 03 30 321  6.3  8.1 99.00 99.00 99.00 999 1011.7  11.1 999.0   9.9 99.0 99.00 
2024 05 31 03 40 319  6.3  7.8  2.60 10.00  6.69 304 1011.7  11.0 999.0   9.9 99.0 99.00 
2024 05 31 03 50 321  6.0  8.4 99.00 99.00 99.00 999 1011.8  11.0 999.0   9.9 99.0 99.00 
2024 05 31 04 00 316  6.2  8.1 99.00 99.00 99.00 999 1011.8  11.0 999.0   9.9 99.0 99.00 
2024 05 31 04 10 317  6.4  8.0  2.57  9.09  6.53 306 1011.7  11.0 999.0   9.9 99.0 99.00 
2024 05 31 04 20 316  7.0  9.0 99.00 99.00 99.00 999 1011.8  11.1 999.0   9.8 99.0 99.00 
2024 05 31 04 30 317  7.3  9.1 99.00 99.00 99.00 999 1011.8  11.1 999.0   9.8 99.0 99.00 
2024 05 31 04 40 319  7.4  9.2  2.38  9.09  6.41 310 1011.9  11.1 999.0   9.8 99.0 99.00 
2024 05 31 04 50 321  7.4  9.4 99.00 99.00 99.00 999 1011.9  11.0 999.0   9.7 99.0 99.00 
2024 05 31 05 00 321  7.7  9.8 99.00 99.00 99.00 999 1012.0  11.0 999.0   9.8 99.0 99.00 
2024 05 31 05 10 321  7.6  9.4  2.70  9.09  6.44 309 1012.0  10.9 999.0   9.8 99.0 99.00 
2024 05 31 05 20 322  7.2  9.6 99.00 99.00 99.00 999 1012.0  10.9 999.0   9.8 99.0 99.00 
2024 05 31 05 30 321  7.2  9.0 99.00 99.00 99.00 999 1012.1  10.9 999.0   9.8 99.0 99.00 
2024 05 31 05 40 321  7.5  9.4  2.64 10.00  6.56 307 1012.1  10.9 999.0   9.8 99.0 99.00 
2024 05 31 05 50 321  7.7  9.9 99.00 99.00 99.00 999 1012.0  10.9 999.0   9.8 99.0 99.00 
2024 05 31 06 00 320  7.6  9.8 99.00 99.00 99.00 999 1011.9  10.8 999.0   9.7 99.0 99.00 
2024 05 31 06 10 321  7.8  9.5  2.56 10.00  6.41 312 1011.9  10.8 999.0   9.7 99.0 99.00 
2024 05 31 06 20 320  7.8  9.6 99.00 99.00 99.00 999 1011.8  10.8 999.0   9.7 99.0 99.00 
2024 05 31 06 30 321  7.7  9.4 99.00 99.00 99.00 999 1011.8  10.8 999.0   9.7 99.0 99.00 
2024 05 31 06 40 320  7.7  9.5  2.32  9.09  6.25 305 1011.8  10.8 999.0   9.7 99.0 99.00 
2024 05 31 06 50 321  7.6 10.3 99.00 99.00 99.00 999 1011.7  10.8 999.0   9.7 99.0 99.00 
2024 05 31 07 00 322  7.5  9.4 99.00 99.00 99.00 999 1011.8  10.8 999.0   9.6 99.0 99.00 
2024 05 31 07 10 320  7.6  9.1  2.38  9.09  6.19 303 1011.8  10.8 999.0   9.6 99.0 99.00 
2024 05 31 07 20 319  7.5  9.2 99.00 99.00 99.00 999 1011.7  10.8 999.0   9.6 99.0 99.00 
2024 05 31 07 30 318  7.8  9.6 99.00 99.00 99.00 999 1011.7  10.7 999.0   9.6 99.0 99.00 
2024 05 31 07 40 316  8.1  9.8  2.28  9.09  6.28 308 1011.6  10.7 999.0   9.6 99.0 99.00 
2024 05 31 07 50 317  7.9 10.0 99.00 99.00 99.00 999 1011.7  10.7 999.0   9.6 99.0 99.00 
2024 05 31 08 00 317  8.2  9.8 99.00 99.00 99.00 999 1011.5  10.7 999.0   9.6 99.0 99.00 
2024 05 31 08 10 317  8.2 10.0  2.48  9.09  6.49 310 1011.5  10.6 999.0   9.5 99.0 99.00 
2024 05 31 08 20 316  8.3 10.0 99.00 99.00 99.00 999 1011.4  10.6 999.0   9.5 99.0 99.00 
2024 05 31 08 30 317  8.4 10.8 99.00 99.00 99.00 999 1011.4  10.6 999.0   9.5 99.0 99.00 
2024 05 31 08 40 318  8.3 10.4  2.55 10.00  6.77 311 1011.4  10.6 999.0   9.5 99.0 99.00 
2024 05 31 08 50 320  8.5 10.4 99.00 99.00 99.00 999 1011.3  10.6 999.0   9.5 99.0 99.00 
2024 05 31 09 00 321  8.2 10.0 99.00 99.00 99.00 999 1011.2  10.5 999.0   9.5 99.0 99.00 
2024 05 31 09 10 321  8.0 10.1  2.37  9.09  6.32 313 1011.2  10.5 999.0   9.5 99.0 99.00 
2024 05 31 09 20 322  7.5  9.2 99.00 99.00 99.00 999 1011.1  10.5 999.0   9.5 99.0 99.00 
2024 05 31 09 30 323  7.8  9.4 99.00 99.00 99.00 999 1011.1  10.5 999.0   9.5 99.0 99.00 
2024 05 31 09 40 324  7.6  9.4  2.36  9.09  6.60 311 1011.0  10.5 999.0   9.5 99.0 99.00 
2024 05 31 09 50 320  7.7  9.6 99.00 99.00 99.00 999 1010.9  10.4 999.0   9.4 99.0 99.00 
2024 05 31 10 00 317  8.2 10.3 99.00 99.00 99.00 999 1010.9  10.4 999.0   9.4 99.0 99.00 
2024 05 31 10 10 318  7.9  9.8  2.52 10.00  6.63 315 1010.8  10.4 999.0   9.6 99.0 99.00 
2024 05 31 10 20 319  7.7  9.6 99.00 99.00 99.00 999 1010.8  10.4 999.0   9.6 99.0 99.00 
2024 05 31 10 30 319  7.9  9.8 99.00 99.00 99.00 999 1010.8  10.4 999.0   9.6 99.0 99.00 
2024 05 31 10 40 318  8.1 10.3  2.32 10.00  6.57 307 1010.7  10.3 999.0   9.5 99.0 99.00 
2024 05 31 10 50 320  8.4 10.1 99.00 99.00 99.00 999 1010.6  10.3 999.0   9.5 99.0 99.00 
2024 05 31 11 00 325  7.6  9.2 99.00 99.00 99.00 999 1010.7  10.3 999.0   9.6 99.0 99.00 
2024 05 31 11 10 329  7.1  8.9  2.24  9.09  6.41 302 1010.7  10.3 999.0   9.6 99.0 99.00 
2024 05 31 11 20 329  6.4  8.1 99.00 99.00 99.00 999 1010.8  10.3 999.0   9.6 99.0 99.00 
2024 05 31 11 30 325  6.2  7.5 99.00 99.00 99.00 999 1010.7  10.3 999.0   9.6 99.0 99.00 
2024 05 31 11 40 320  6.3  7.9  2.41 10.00  6.71 311 1010.7  10.3 999.0   9.6 99.0 99.00 
2024 05 31 11 50 318  6.5  8.6 99.00 99.00 99.00 999 1010.7  10.3 999.0   9.6 99.0 99.00 
2024 05 31 12 00 319  6.7  8.4 99.00 99.00 99.00 999 1010.7  10.3 999.0   9.6 99.0 99.00 
2024 05 31 12 10 320  6.4  8.4  2.29 10.00  6.71 306 1010.8  10.4 999.0   9.7 99.0 99.00 
2024 05 31 12 20 321  6.5  7.7 99.00 99.00 99.00 999 1010.8  10.4 999.0   9.7 99.0 99.00 
2024 05 31 12 30 322  6.5  8.7 99.00 99.00 99.00 999 1010.8  10.3 999.0   9.6 99.0 99.00 
2024 05 31 12 40 321  6.2  7.9  2.38 10.00  6.87 312 1010.8  10.3 999.0   9.6 99.0 99.00 
2024 05 31 12 50 320  6.3  7.7 99.00 99.00 99.00 999 1010.9  10.3 999.0   9.6 99.0 99.00 
2024 05 31 13 00 319  6.3  7.9 99.00 99.00 99.00 999 1011.0  10.3 999.0   9.6 99.0 99.00 
2024 05 31 13 10 323  5.9  7.6  2.32  9.09  6.78 316 1011.1  10.3 999.0   9.6 99.0 99.00 
2024 05 31 13 20 323  5.9  7.8 99.00 99.00 99.00 999 1011.0  10.3 999.0   9.6 99.0 99.00 
2024 05 31 13 30 324  5.9  8.2 99.00 99.00 99.00 999 1011.1  10.3 999.0   9.6 99.0 99.00 
2024 05 31 13 40 323  5.6  7.3  2.56  9.09  7.07 311 1011.2  10.3 999.0   9.6 99.0 99.00 
2024 05 31 13 50 324  5.8  7.4 99.00 99.00 99.00 999 1011.2  10.3 999.0   9.6 99.0 99.00 
2024 05 31 14 00 325  6.0  7.9 99.00 99.00 99.00 999 1011.2  10.3 999.0   9.6 99.0 99.00 
2024 05 31 14 10 324  5.9  7.5  2.36 10.00  6.90 307 1011.2  10.3 999.0   9.6 99.0 99.00 
2024 05 31 14 20 323  6.0  8.0 99.00 99.00 99.00 999 1011.2  10.2 999.0   9.5 99.0 99.00 
2024 05 31 14 30 321  6.0  8.5 99.00 99.00 99.00 999 1011.4  10.2 999.0   9.6 99.0 99.00 
2024 05 31 14 40 321  6.0  7.6  2.18 10.00  6.52 305 1011.4  10.3 999.0   9.6 99.0 99.00 
2024 05 31 14 50 319  6.0  7.3 99.00 99.00 99.00 999 1011.4  10.2 999.0   9.5 99.0 99.00 
2024 05 31 15 00 314  6.2  7.7 99.00 99.00 99.00 999 1011.4  10.3 999.0   9.6 99.0 99.00 
2024 05 31 15 10 314  6.6  8.4  2.47 10.00  6.83 310 1011.6  10.2 999.0   9.6 99.0 99.00 
2024 05 31 15 20 313  6.8  8.7 99.00 99.00 99.00 999 1011.6  10.2 999.0   9.7 99.0 99.00 
2024 05 31 15 30 314  6.6  8.6 99.00 99.00 99.00 999 1011.6  10.2 999.0   9.5 99.0 99.00 
2024 05 31 15 40 319  6.5  8.0  2.33 10.00  6.69 311 1011.7  10.3 999.0   9.6 99.0 99.00 
2024 05 31 15 50 319  6.1  7.6 99.00 99.00 99.00 999 1011.7  10.4 999.0   9.7 99.0 99.00 
2024 05 31 16 00 321  6.2  8.1 99.00 99.00 99.00 999 1011.7  10.3 999.0   9.7 99.0 99.00 
2024 05 31 16 10 322  6.7  8.6  2.05 10.00  6.28 323 1011.8  10.4 999.0   9.8 99.0 99.00 
2024 05 31 16 20 321  6.8  9.0 99.00 99.00 99.00 999 1011.9  10.4 999.0   9.7 99.0 99.00 
2024 05 31 16 30 321  6.5  8.7 99.00 99.00 99.00 999 1011.9  10.4 999.0   9.7 99.0 99.00 
2024 05 31 16 40 319  6.8  8.4  2.09 10.00  6.53 310 1011.9  10.4 999.0   9.7 99.0 99.00 
2024 05 31 16 50 316  6.9  8.9 99.00 99.00 99.00 999 1011.9  10.4 999.0   9.7 99.0 99.00 
2024 05 31 17 00 318  6.9  8.4 99.00 99.00 99.00 999 1011.8  10.3 999.0   9.6 99.0 99.00 
2024 05 31 17 10 317  6.8  8.5  2.04  9.09  6.23 313 1011.9  10.4 999.0   9.7 99.0 99.00 
2024 05 31 17 20 319  6.8  8.5 99.00 99.00 99.00 999 1011.9  10.3 999.0   9.7 99.0 99.00 
2024 05 31 17 30 317  6.9  8.2 99.00 99.00 99.00 999 1011.9  10.4 999.0   9.8 99.0 99.00 
2024 05 31 17 40 316  6.5  8.6  1.97  9.09  6.26 313 1011.8  10.4 999.0   9.9 99.0 99.00 
2024 05 31 17 50 315  6.6  8.2 99.00 99.00 99.00 999 1011.9  10.4 999.0   9.9 99.0 99.00 
2024 05 31 18 00 313  6.8  9.0 99.00 99.00 99.00 999 1012.0  10.4 999.0   9.9 99.0 99.00 
2024 05 31 18 10 316  6.2  7.3  1.93 10.00  6.14 309 1012.0  10.4 999.0   9.9 99.0 99.00 
2024 05 31 18 20 317  5.9  7.3 99.00 99.00 99.00 999 1012.0  10.4 999.0   9.9 99.0 99.00 
2024 05 31 18 30 317  5.7  7.0 99.00 99.00 99.00 999 1012.1  10.4 999.0   9.9 99.0 99.00 
2024 05 31 18 40 314  5.7  6.9  1.94 10.00  6.27 318 1012.2  10.4 999.0   9.9 99.0 99.00 
2024 05 31 18 50 312  6.0  7.4 99.00 99.00 99.00 999 1012.2  10.4 999.0   9.9 99.0 99.00 
2024 05 31 19 00 309  6.4  7.8 99.00 99.00 99.00 999 1012.1  10.4 999.0   9.9 99.0 99.00 
2024 05 31 19 10 311  6.5  8.3  1.90  9.09  6.22 309 1012.2  10.4 999.0   9.9 99.0 99.00 
2024 05 31 19 20 311  6.6  8.2 99.00 99.00 99.00 999 1012.2  10.4 999.0   9.9 99.0 99.00 
2024 05 31 19 30 311  6.8  8.3 99.00 99.00 99.00 999 1012.3  10.4 999.0   9.9 99.0 99.00 
2024 05 31 19 40 316  7.1  8.5  1.99  9.09  6.32 309 1012.3  10.4 999.0   9.9 99.0 99.00 
2024 05 31 19 50 318  7.3  9.0 99.00 99.00 99.00 999 1012.3  10.4 999.0   9.9 99.0 99.00 
2024 05 31 20 00 317  7.6  9.6 99.00 99.00 99.00 999 1012.3  10.4 999.0   9.9 99.0 99.00 
2024 05 31 20 10 319  7.7  9.6  1.83 10.00  5.95 312 1012.2  10.5 999.0  10.0 99.0 99.00 
2024 05 31 20 20 321  7.7  9.5 99.00 99.00 99.00 999 1012.3  10.5 999.0  10.0 99.0 99.00 
2024 05 31 20 30 322  7.5  9.3 99.00 99.00 99.00 999 1012.4  10.5 999.0  10.0 99.0 99.00 
2024 05 31 20 40 323  7.4  9.2  1.96  9.09  6.14 310 1012.3  10.5 999.0  10.0 99.0 99.00 
2024 05 31 20 50 321  7.3  8.7 99.00 99.00 99.00 999 1012.2  10.6 999.0  10.1 99.0 99.00 
2024 05 31 21 00 323  7.0  9.1 99.00 99.00 99.00 999 1012.3  10.7 999.0  10.2 99.0 99.00 
2024 05 31 21 10 322  6.9  8.7  1.76  9.09  5.78 314 1012.2  10.7 999.0  10.1 99.0 99.00 
2024 05 31 21 20 317  7.5  9.1 99.00 99.00 99.00 999 1012.2  10.8 999.0  10.1 99.0 99.00 
2024 05 31 21 30 314  8.1 10.2 99.00 99.00 99.00 999 1012.0  10.8 999.0  10.1 99.0 99.00 
2024 05 31 21 40 313  8.3 10.2  1.77  9.09  5.60 312 1012.0  10.9 999.0  10.2 99.0 99.00 
2024 05 31 21 50 313  8.3 10.8 99.00 99.00 99.00 999 1011.9  10.9 999.0  10.1 99.0 99.00 
2024 05 31 22 00 315  8.2  9.9 99.00 99.00 99.00 999 1011.8  11.0 999.0  10.2 99.0 99.00 
2024 05 31 22 10 313  7.8  9.5  1.82  8.33  5.62 315 1011.7  11.0 999.0  10.2 99.0 99.00 
2024 05 31 22 20 313  7.7  9.8 99.00 99.00 99.00 999 1011.6  11.0 999.0  10.2 99.0 99.00 
2024 05 31 22 30 314  7.4  9.0 99.00 99.00 99.00 999 1011.5  11.1 999.0  10.3 99.0 99.00 
2024 05 31 22 40 311  7.2  8.6  1.77  9.09  5.86 308 1011.5  11.1 999.0  10.3 99.0 99.00 
2024 05 31 22 50 310  7.5  9.1 99.00 99.00 99.00 999 1011.6  11.1 999.0  10.3 99.0 99.00 
2024 05 31 23 00 310  7.6  9.5 99.00 99.00 99.00 999 1011.5  11.1 999.0  10.3 99.0 99.00 
2024 05 31 23 10 310  7.7  9.7  1.79 10.00  5.77 310 1011.5  11.2 999.0  10.3 99.0 99.00 
2024 05 31 23 20 312  7.5  9.4 99.00 99.00 99.00 999 1011.5  11.3 999.0  10.3 99.0 99.00 
2024 05 31 23 30 311  7.7  9.3 99.00 99.00 99.00 999 1011.5  11.3 999.0  10.3 99.0 99.00 
2024 05 31 23 40 312  8.1 10.3  1.88  9.09  5.83 313 1011.3  11.4 999.0  10.4 99.0 99.00 
2024 05 31 23 50 312  8.4 10.9 99.00 99.00 99.00 999 1011.4  11.4 999.0  10.4 99.0 99.00 