,pred_res_0,pred_res_1,pred_res_2,pred_res_3,pred_res_4
2022-11-13 04:00:00+00:00,-0.20899707,-0.2096776,-0.20584503,-0.21315074,-0.20849267
2022-11-13 05:00:00+00:00,-0.20613691,-0.20809948,-0.20338121,-0.21007061,-0.20533487
2022-11-13 06:00:00+00:00,-0.20314407,-0.20723125,-0.20124686,-0.20643955,-0.20246464
2022-11-13 07:00:00+00:00,-0.2002874,-0.20441529,-0.20010966,-0.20254284,-0.19937843
2022-11-13 08:00:00+00:00,-0.19847569,-0.20323136,-0.19890678,-0.19984159,-0.19801638
2022-11-13 09:00:00+00:00,-0.19775954,-0.20147887,-0.19803402,-0.19840032,-0.19691426
2022-11-13 10:00:00+00:00,-0.19737273,-0.20014715,-0.197472,-0.19733262,-0.1965504
2022-11-13 11:00:00+00:00,-0.19698992,-0.20011872,-0.19589746,-0.19596955,-0.19693744
2022-11-13 12:00:00+00:00,-0.19693938,-0.20137227,-0.1944125,-0.19446513,-0.19751418
2022-11-13 13:00:00+00:00,-0.19591337,-0.20335579,-0.19326633,-0.19244844,-0.19779384
2022-11-13 14:00:00+00:00,-0.19472283,-0.20440313,-0.19186497,-0.19048318,-0.19744948
2022-11-13 15:00:00+00:00,-0.19380155,-0.20180672,-0.19060865,-0.1885041,-0.19626302
2022-11-13 16:00:00+00:00,-0.19464242,-0.20051906,-0.18993813,-0.18860656,-0.19582331
2022-11-13 17:00:00+00:00,-0.1962286,-0.19989917,-0.19045934,-0.18981418,-0.19694519
2022-11-13 18:00:00+00:00,-0.19794929,-0.19931528,-0.19140801,-0.1914058,-0.19874033
2022-11-13 19:00:00+00:00,-0.19932783,-0.19959569,-0.19273278,-0.19329149,-0.20055044
2022-11-13 20:00:00+00:00,-0.19931623,-0.19999403,-0.19347501,-0.19370946,-0.20170632
2022-11-13 21:00:00+00:00,-0.19750762,-0.20061848,-0.19478929,-0.19201419,-0.20225352
2022-11-13 22:00:00+00:00,-0.19535032,-0.20049387,-0.19646758,-0.18984213,-0.20237991
2022-11-13 23:00:00+00:00,-0.19361475,-0.20081642,-0.19738257,-0.18871763,-0.2013419
2022-11-14 00:00:00+00:00,-0.19197148,-0.20006448,-0.19807333,-0.1876502,-0.1996513
2022-11-14 01:00:00+00:00,-0.19053766,-0.19768989,-0.19864407,-0.18651772,-0.19793013
2022-11-14 02:00:00+00:00,-0.1894677,-0.19457632,-0.19952404,-0.18565929,-0.19717121
2022-11-14 03:00:00+00:00,-0.18855068,-0.1950737,-0.20125291,-0.18471482,-0.1973913
2022-11-14 04:00:00+00:00,-0.18636668,-0.1958299,-0.20286942,-0.1823703,-0.19718552
2022-11-14 05:00:00+00:00,-0.18328974,-0.19627622,-0.20294598,-0.17930612,-0.19628969
2022-11-14 06:00:00+00:00,-0.17967102,-0.19598258,-0.20104259,-0.17555013,-0.19443825
2022-11-14 07:00:00+00:00,-0.17645672,-0.1947105,-0.19826543,-0.17221186,-0.19204524
2022-11-14 08:00:00+00:00,-0.17335808,-0.19317704,-0.1955243,-0.16929555,-0.18961367
2022-11-14 09:00:00+00:00,-0.17144668,-0.19156691,-0.1930542,-0.16758975,-0.18759105
2022-11-14 10:00:00+00:00,-0.17086801,-0.19027331,-0.19146597,-0.16713718,-0.18647423
2022-11-14 11:00:00+00:00,-0.1709364,-0.18894252,-0.19068551,-0.1673609,-0.1864543
2022-11-14 12:00:00+00:00,-0.17152199,-0.18869838,-0.19107372,-0.16784373,-0.18690696
2022-11-14 13:00:00+00:00,-0.17219338,-0.18832901,-0.19164312,-0.16798264,-0.18783298
2022-11-14 14:00:00+00:00,-0.1728752,-0.18933716,-0.19268894,-0.16779149,-0.18879464
2022-11-14 15:00:00+00:00,-0.1727896,-0.19016606,-0.19329414,-0.16725084,-0.18915838
2022-11-14 16:00:00+00:00,-0.17240486,-0.19007397,-0.19329378,-0.1663768,-0.1894139
2022-11-14 17:00:00+00:00,-0.17186245,-0.1896613,-0.19298059,-0.1655572,-0.18955612
2022-11-14 18:00:00+00:00,-0.17053926,-0.18855757,-0.1922659,-0.16452968,-0.18954647
2022-11-14 19:00:00+00:00,-0.16821632,-0.18671936,-0.19128937,-0.16254836,-0.18925467
2022-11-14 20:00:00+00:00,-0.16539294,-0.18468419,-0.1896877,-0.1599308,-0.18870392
2022-11-14 21:00:00+00:00,-0.16228986,-0.18277204,-0.18739954,-0.15732381,-0.18681368
2022-11-14 22:00:00+00:00,-0.15942481,-0.18085414,-0.18458965,-0.15470406,-0.18434754
2022-11-14 23:00:00+00:00,-0.15716344,-0.17762187,-0.18135422,-0.15272126,-0.18128732
2022-11-15 00:00:00+00:00,-0.15568513,-0.17426649,-0.17871317,-0.15190327,-0.17902759
2022-11-15 01:00:00+00:00,-0.15542921,-0.17366338,-0.17776152,-0.15233567,-0.17780957
2022-11-15 02:00:00+00:00,-0.15558475,-0.17466438,-0.17788145,-0.15325248,-0.17777982
2022-11-15 03:00:00+00:00,-0.15688133,-0.17642531,-0.17840925,-0.1552501,-0.17861018
2022-11-15 04:00:00+00:00,-0.15928677,-0.17838329,-0.17910871,-0.15812641,-0.1798985
2022-11-15 05:00:00+00:00,-0.16248062,-0.17966819,-0.18027142,-0.16133282,-0.18111014
2022-11-15 06:00:00+00:00,-0.16648436,-0.18088773,-0.18216732,-0.16507801,-0.18225384
2022-11-15 07:00:00+00:00,-0.17119977,-0.18275553,-0.18464357,-0.16919515,-0.1839948
2022-11-15 08:00:00+00:00,-0.17646983,-0.18621254,-0.18838331,-0.17360869,-0.18611649
2022-11-15 09:00:00+00:00,-0.18179286,-0.18935326,-0.19017276,-0.17767283,-0.1885983
2022-11-15 10:00:00+00:00,-0.18638927,-0.19225425,-0.19193524,-0.18112588,-0.19115403
2022-11-15 11:00:00+00:00,-0.19016606,-0.19541463,-0.19419074,-0.18398601,-0.19393477
2022-11-15 12:00:00+00:00,-0.1935159,-0.19823822,-0.19638592,-0.18655878,-0.19645044
2022-11-15 13:00:00+00:00,-0.19611248,-0.20023903,-0.19856352,-0.18928275,-0.19867066
2022-11-15 14:00:00+00:00,-0.19844681,-0.20181161,-0.20060238,-0.19217247,-0.20016453
2022-11-15 15:00:00+00:00,-0.20013383,-0.20275214,-0.20281789,-0.1940743,-0.20138839
2022-11-15 16:00:00+00:00,-0.20144343,-0.2035693,-0.20534071,-0.19518042,-0.20288649
2022-11-15 17:00:00+00:00,-0.20215887,-0.2052105,-0.20827234,-0.1955297,-0.2046434
2022-11-15 18:00:00+00:00,-0.20204008,-0.20695817,-0.21129209,-0.19487247,-0.20637232
2022-11-15 19:00:00+00:00,-0.20095399,-0.20920908,-0.21363997,-0.1936104,-0.20768902
2022-11-15 20:00:00+00:00,-0.19882646,-0.20933259,-0.21478334,-0.19117084,-0.207773
2022-11-15 21:00:00+00:00,-0.19631425,-0.20927575,-0.214885,-0.18881986,-0.20722952
2022-11-15 22:00:00+00:00,-0.19439575,-0.20886329,-0.21378514,-0.1871511,-0.20626032
2022-11-15 23:00:00+00:00,-0.19307706,-0.20818967,-0.21195355,-0.18591839,-0.20548078
2022-11-16 00:00:00+00:00,-0.19222549,-0.20755017,-0.21077925,-0.18494791,-0.20560786
2022-11-16 01:00:00+00:00,-0.19164908,-0.20570672,-0.20999685,-0.1841662,-0.2061547
2022-11-16 02:00:00+00:00,-0.19122997,-0.20371741,-0.20955232,-0.18331948,-0.20708507
2022-11-16 03:00:00+00:00,-0.19087544,-0.20319134,-0.20935741,-0.18250537,-0.2082006
2022-11-16 04:00:00+00:00,-0.19148931,-0.20357957,-0.20791572,-0.1827656,-0.2087413
2022-11-16 05:00:00+00:00,-0.19290027,-0.20499068,-0.20640373,-0.18447724,-0.20910692
2022-11-16 06:00:00+00:00,-0.19542506,-0.20651203,-0.20516849,-0.18757921,-0.20944601
2022-11-16 07:00:00+00:00,-0.19901031,-0.20764619,-0.20470837,-0.19148389,-0.21050903
2022-11-16 08:00:00+00:00,-0.20409325,-0.21007341,-0.20534691,-0.19617268,-0.21295103
2022-11-16 09:00:00+00:00,-0.20969105,-0.21443984,-0.20727283,-0.20105675,-0.21619433
2022-11-16 10:00:00+00:00,-0.21474421,-0.2173912,-0.20990932,-0.20506632,-0.21932137
2022-11-16 11:00:00+00:00,-0.21861759,-0.22030559,-0.21253935,-0.20837486,-0.22235045
2022-11-16 12:00:00+00:00,-0.22160426,-0.22223836,-0.21488947,-0.21099693,-0.22485077
2022-11-16 13:00:00+00:00,-0.2237112,-0.22465435,-0.21734822,-0.21314505,-0.22674355
2022-11-16 14:00:00+00:00,-0.22550282,-0.22673911,-0.21964222,-0.2149005,-0.22805718
2022-11-16 15:00:00+00:00,-0.22709489,-0.2279076,-0.22187033,-0.21653709,-0.22919291
2022-11-16 16:00:00+00:00,-0.22828844,-0.22841763,-0.22408536,-0.21732587,-0.2305969
2022-11-16 17:00:00+00:00,-0.2284297,-0.22874078,-0.225368,-0.21713585,-0.23195392
2022-11-16 18:00:00+00:00,-0.22745028,-0.22883022,-0.22682798,-0.21566877,-0.23342162
2022-11-16 19:00:00+00:00,-0.22520453,-0.22909594,-0.22784114,-0.21315649,-0.23477036
2022-11-16 20:00:00+00:00,-0.22127938,-0.22877488,-0.22815984,-0.20966735,-0.23513114
2022-11-16 21:00:00+00:00,-0.21659803,-0.22674721,-0.2272051,-0.20554441,-0.23459715
2022-11-16 22:00:00+00:00,-0.21217021,-0.22574994,-0.22547442,-0.20187512,-0.23331052
2022-11-16 23:00:00+00:00,-0.20887312,-0.22524002,-0.22332722,-0.1993418,-0.23163074
2022-11-17 00:00:00+00:00,-0.20679507,-0.22498572,-0.22045651,-0.19784302,-0.22998887
2022-11-17 01:00:00+00:00,-0.20527402,-0.22352329,-0.21808544,-0.19682384,-0.22884011
2022-11-17 02:00:00+00:00,-0.20521161,-0.22283912,-0.21672851,-0.19681269,-0.22851238
2022-11-17 03:00:00+00:00,-0.20543662,-0.22305667,-0.21581966,-0.19737095,-0.22856793
2022-11-17 04:00:00+00:00,-0.20586067,-0.22369376,-0.215411,-0.19861332,-0.22817811
2022-11-17 05:00:00+00:00,-0.2068047,-0.2240819,-0.21430966,-0.20050567,-0.22724444
2022-11-17 06:00:00+00:00,-0.20889807,-0.2236881,-0.21312165,-0.20322543,-0.22659746
2022-11-17 07:00:00+00:00,-0.21224079,-0.22434163,-0.21298343,-0.20679852,-0.22647214
2022-11-17 08:00:00+00:00,-0.21588445,-0.22474545,-0.21376476,-0.21036726,-0.22688454
2022-11-17 09:00:00+00:00,-0.21926835,-0.2248643,-0.2150647,-0.21359694,-0.22763002
2022-11-17 10:00:00+00:00,-0.22185126,-0.2244176,-0.21654761,-0.21594885,-0.22861391
2022-11-17 11:00:00+00:00,-0.22326648,-0.22367144,-0.21833879,-0.21718538,-0.22950456
2022-11-17 12:00:00+00:00,-0.2236031,-0.22434354,-0.21922177,-0.21733183,-0.22990692
2022-11-17 13:00:00+00:00,-0.22327334,-0.22542053,-0.21952066,-0.21702626,-0.22983488
2022-11-17 14:00:00+00:00,-0.22155613,-0.22503069,-0.21877491,-0.21566239,-0.22919536
2022-11-17 15:00:00+00:00,-0.21912858,-0.22346109,-0.21727473,-0.21339533,-0.22801322
2022-11-17 16:00:00+00:00,-0.21658257,-0.22101766,-0.21598661,-0.21056226,-0.22712466
2022-11-17 17:00:00+00:00,-0.21364778,-0.2189666,-0.21497753,-0.20726639,-0.22656494
2022-11-17 18:00:00+00:00,-0.20998493,-0.217839,-0.21421954,-0.2033503,-0.2255781
2022-11-17 19:00:00+00:00,-0.20550957,-0.21517491,-0.21250051,-0.19906801,-0.22416562
2022-11-17 20:00:00+00:00,-0.20107025,-0.21260926,-0.21045971,-0.19517738,-0.22203606
2022-11-17 21:00:00+00:00,-0.1969398,-0.20978019,-0.20804164,-0.19149226,-0.21958697
2022-11-17 22:00:00+00:00,-0.19312271,-0.20691904,-0.20534995,-0.18834719,-0.21708342
2022-11-17 23:00:00+00:00,-0.19019058,-0.20399451,-0.20263806,-0.18587375,-0.21427006
2022-11-18 00:00:00+00:00,-0.18830341,-0.20156297,-0.2001788,-0.18430015,-0.211921
2022-11-18 01:00:00+00:00,-0.18743625,-0.19972727,-0.19815812,-0.18354532,-0.21002576
2022-11-18 02:00:00+00:00,-0.18763375,-0.1982514,-0.1965971,-0.18370587,-0.20859179
2022-11-18 03:00:00+00:00,-0.18823704,-0.19716889,-0.19512984,-0.18446186,-0.20759454
2022-11-18 04:00:00+00:00,-0.18950379,-0.1966356,-0.19387934,-0.18594912,-0.20680445
2022-11-18 05:00:00+00:00,-0.19094032,-0.1966033,-0.19279474,-0.18776631,-0.20635876
2022-11-18 06:00:00+00:00,-0.19272509,-0.19696009,-0.1916376,-0.19001657,-0.20584884
2022-11-18 07:00:00+00:00,-0.1947099,-0.19718584,-0.19122124,-0.19203115,-0.205408
2022-11-18 08:00:00+00:00,-0.19652146,-0.19732952,-0.19120702,-0.1936276,-0.20548439
2022-11-18 09:00:00+00:00,-0.19812706,-0.19921225,-0.1920796,-0.19493392,-0.20525596
2022-11-18 10:00:00+00:00,-0.19936138,-0.20055449,-0.19247437,-0.19565773,-0.20490423
2022-11-18 11:00:00+00:00,-0.19984564,-0.20125285,-0.1927543,-0.19643807,-0.20463371
2022-11-18 12:00:00+00:00,-0.19970945,-0.20076615,-0.19247201,-0.19622454,-0.2039423
2022-11-18 13:00:00+00:00,-0.1993871,-0.19986555,-0.19179139,-0.19569913,-0.20314014
2022-11-18 14:00:00+00:00,-0.19826066,-0.19881836,-0.19047132,-0.19493607,-0.20190263
2022-11-18 15:00:00+00:00,-0.19643998,-0.19746828,-0.18950453,-0.1933912,-0.200649
2022-11-18 16:00:00+00:00,-0.19393414,-0.1958541,-0.1881792,-0.19081774,-0.19913319
2022-11-18 17:00:00+00:00,-0.19110632,-0.19452816,-0.186627,-0.18757385,-0.19746628
2022-11-18 18:00:00+00:00,-0.18840665,-0.19342583,-0.18621254,-0.18472704,-0.19591245
2022-11-18 19:00:00+00:00,-0.1846573,-0.19228068,-0.18629047,-0.18088248,-0.19413948
2022-11-18 20:00:00+00:00,-0.18055609,-0.19080794,-0.18622401,-0.17650369,-0.19200683
2022-11-18 21:00:00+00:00,-0.17633733,-0.18825856,-0.18601537,-0.17185262,-0.18977267
2022-11-18 22:00:00+00:00,-0.17245564,-0.18550068,-0.18556252,-0.1671454,-0.18741247
2022-11-18 23:00:00+00:00,-0.16869226,-0.18352729,-0.18503079,-0.1631932,-0.18484151
2022-11-19 00:00:00+00:00,-0.1648303,-0.17966712,-0.1845333,-0.15870413,-0.18211281
2022-11-19 01:00:00+00:00,-0.16109839,-0.1767703,-0.18396488,-0.15502223,-0.17948493
2022-11-19 02:00:00+00:00,-0.15714142,-0.17429352,-0.18156955,-0.15117496,-0.17705259
2022-11-19 03:00:00+00:00,-0.15308195,-0.17277318,-0.17864913,-0.14733404,-0.17450282
2022-11-19 04:00:00+00:00,-0.14915755,-0.17066383,-0.17546716,-0.14350596,-0.17098242
2022-11-19 05:00:00+00:00,-0.14573836,-0.16822734,-0.1722402,-0.14002669,-0.16707641
2022-11-19 06:00:00+00:00,-0.14156151,-0.16459641,-0.16919822,-0.13572344,-0.16317308
2022-11-19 07:00:00+00:00,-0.13861534,-0.16253549,-0.16578445,-0.13211519,-0.1601995
2022-11-19 08:00:00+00:00,-0.13632125,-0.16109776,-0.16300237,-0.12872034,-0.1570358
2022-11-19 09:00:00+00:00,-0.13447684,-0.15987894,-0.16048187,-0.12587821,-0.15291184
2022-11-19 10:00:00+00:00,-0.13260415,-0.15844771,-0.15820518,-0.12358984,-0.14898223
2022-11-19 11:00:00+00:00,-0.13040033,-0.15701118,-0.15638569,-0.1220476,-0.14660579
2022-11-19 12:00:00+00:00,-0.13001543,-0.15739697,-0.15598321,-0.121855944,-0.14607933
2022-11-19 13:00:00+00:00,-0.13016605,-0.1578505,-0.15578821,-0.12249246,-0.14625564
2022-11-19 14:00:00+00:00,-0.13112456,-0.1586977,-0.15661222,-0.12360382,-0.14782086
2022-11-19 15:00:00+00:00,-0.13222113,-0.16021964,-0.15792593,-0.12494394,-0.14959696
2022-11-19 16:00:00+00:00,-0.13436192,-0.16277549,-0.15992689,-0.12676868,-0.15228361
2022-11-19 17:00:00+00:00,-0.13633251,-0.16424167,-0.16181207,-0.12847903,-0.15470597
2022-11-19 18:00:00+00:00,-0.13791987,-0.16508418,-0.16345894,-0.13014969,-0.15700793
2022-11-19 19:00:00+00:00,-0.13900664,-0.16492587,-0.16480988,-0.13139433,-0.1588201
2022-11-19 20:00:00+00:00,-0.14011297,-0.16454458,-0.165616,-0.1323215,-0.16053554
2022-11-19 21:00:00+00:00,-0.14132604,-0.16420099,-0.1666663,-0.133131,-0.16242969
2022-11-19 22:00:00+00:00,-0.14199707,-0.16398609,-0.16660401,-0.13405362,-0.16357118
2022-11-19 23:00:00+00:00,-0.14277548,-0.16369554,-0.16674915,-0.13484734,-0.16469839
2022-11-20 00:00:00+00:00,-0.14350578,-0.16405487,-0.16708499,-0.13580981,-0.16636959
2022-11-20 01:00:00+00:00,-0.14421576,-0.16480708,-0.1680462,-0.13656107,-0.16764295
2022-11-20 02:00:00+00:00,-0.14512739,-0.16576692,-0.16889486,-0.13735169,-0.16851565
2022-11-20 03:00:00+00:00,-0.14596185,-0.16602454,-0.16922471,-0.13807008,-0.16965258
2022-11-20 04:00:00+00:00,-0.14626023,-0.16543952,-0.16921231,-0.13835973,-0.17005599
2022-11-20 05:00:00+00:00,-0.14710173,-0.16561273,-0.16950673,-0.13841254,-0.17127126
2022-11-20 06:00:00+00:00,-0.14722922,-0.16605765,-0.16948709,-0.1386101,-0.17185175
2022-11-20 07:00:00+00:00,-0.14808488,-0.16735724,-0.16979861,-0.13941762,-0.17273915
2022-11-20 08:00:00+00:00,-0.14918938,-0.16792408,-0.17033064,-0.14066678,-0.17410016
2022-11-20 09:00:00+00:00,-0.15014651,-0.16813082,-0.17123184,-0.14179671,-0.17540216
2022-11-20 10:00:00+00:00,-0.15145811,-0.16887853,-0.17293295,-0.14282581,-0.17737684
2022-11-20 11:00:00+00:00,-0.15241554,-0.1704149,-0.17463589,-0.14365196,-0.17904374
2022-11-20 12:00:00+00:00,-0.15316218,-0.17194155,-0.17592016,-0.14430252,-0.18043154
2022-11-20 13:00:00+00:00,-0.15404072,-0.17244184,-0.17627683,-0.14528275,-0.1818231
2022-11-20 14:00:00+00:00,-0.1551207,-0.1734677,-0.17641589,-0.14625606,-0.18345094
2022-11-20 15:00:00+00:00,-0.15626252,-0.1745804,-0.17688736,-0.14725733,-0.18532383
2022-11-20 16:00:00+00:00,-0.15752092,-0.17545527,-0.17752,-0.14870062,-0.18747509
2022-11-20 17:00:00+00:00,-0.15879652,-0.17671493,-0.17785528,-0.15044704,-0.18926048
2022-11-20 18:00:00+00:00,-0.16033563,-0.17795733,-0.1787045,-0.15199918,-0.19134417
2022-11-20 19:00:00+00:00,-0.16143018,-0.17864075,-0.17924786,-0.15320805,-0.19320378
2022-11-20 20:00:00+00:00,-0.16197377,-0.17905846,-0.1793105,-0.15411541,-0.1943722
2022-11-20 21:00:00+00:00,-0.16261128,-0.17962778,-0.17940262,-0.15474918,-0.19513974
2022-11-20 22:00:00+00:00,-0.1636818,-0.18013766,-0.17960918,-0.15615031,-0.1957891
2022-11-20 23:00:00+00:00,-0.16440499,-0.17926642,-0.17984292,-0.1569803,-0.19643784
2022-11-21 00:00:00+00:00,-0.16479054,-0.17808723,-0.18031403,-0.15725413,-0.19695392
2022-11-21 01:00:00+00:00,-0.1647394,-0.1770955,-0.18053433,-0.15717775,-0.1970734
2022-11-21 02:00:00+00:00,-0.16425958,-0.1764335,-0.18025485,-0.15666735,-0.1965039
2022-11-21 03:00:00+00:00,-0.16350955,-0.17587811,-0.17951247,-0.15621427,-0.19557863
2022-11-21 04:00:00+00:00,-0.16257831,-0.1748817,-0.17829803,-0.155846,-0.19402277
2022-11-21 05:00:00+00:00,-0.16182366,-0.17373484,-0.17758012,-0.1556088,-0.1924057
2022-11-21 06:00:00+00:00,-0.16150543,-0.17284077,-0.1773315,-0.15550247,-0.1910525
2022-11-21 07:00:00+00:00,-0.16133848,-0.17246324,-0.17776623,-0.15555191,-0.18997002
2022-11-21 08:00:00+00:00,-0.16139373,-0.17241928,-0.1785419,-0.15567264,-0.1890471
2022-11-21 09:00:00+00:00,-0.16150469,-0.17227623,-0.1794953,-0.15562412,-0.18866745
2022-11-21 10:00:00+00:00,-0.16114587,-0.17217094,-0.18031779,-0.15527922,-0.18838593
2022-11-21 11:00:00+00:00,-0.16105404,-0.17325592,-0.1807605,-0.15502912,-0.1882379
2022-11-21 12:00:00+00:00,-0.1607312,-0.17400771,-0.18083414,-0.1548425,-0.18794116
2022-11-21 13:00:00+00:00,-0.16052893,-0.17428118,-0.18088442,-0.15459853,-0.18766627
2022-11-21 14:00:00+00:00,-0.16019633,-0.17380944,-0.18060628,-0.15420029,-0.18724984
2022-11-21 15:00:00+00:00,-0.15983924,-0.17357907,-0.18047503,-0.15381032,-0.18708849
2022-11-21 16:00:00+00:00,-0.15952346,-0.17376879,-0.18085203,-0.1532487,-0.18718776
2022-11-21 17:00:00+00:00,-0.15907937,-0.1733956,-0.18073583,-0.15244082,-0.18708754
2022-11-21 18:00:00+00:00,-0.15847373,-0.17279482,-0.18016145,-0.15161207,-0.1867522
2022-11-21 19:00:00+00:00,-0.15768269,-0.1717163,-0.1791834,-0.1508176,-0.18622208
2022-11-21 20:00:00+00:00,-0.15729427,-0.17041343,-0.17816073,-0.15005937,-0.18592805
2022-11-21 21:00:00+00:00,-0.15699857,-0.16954073,-0.17695108,-0.14973313,-0.18530238
2022-11-21 22:00:00+00:00,-0.15670773,-0.16943777,-0.17615914,-0.1497246,-0.18445137
2022-11-21 23:00:00+00:00,-0.15668187,-0.16945511,-0.17593592,-0.15001962,-0.1839728
2022-11-22 00:00:00+00:00,-0.15693054,-0.17007342,-0.17618045,-0.1508534,-0.18394646
2022-11-22 01:00:00+00:00,-0.15747657,-0.17105144,-0.17672801,-0.15218273,-0.18424654
2022-11-22 02:00:00+00:00,-0.15878972,-0.17176634,-0.17759034,-0.1537635,-0.1852239
2022-11-22 03:00:00+00:00,-0.16003937,-0.17187965,-0.17832905,-0.15527195,-0.1861363
2022-11-22 04:00:00+00:00,-0.16149524,-0.17209339,-0.17900696,-0.15694001,-0.18682638
2022-11-22 05:00:00+00:00,-0.16299587,-0.17280397,-0.18001655,-0.1586819,-0.18717057
2022-11-22 06:00:00+00:00,-0.16468537,-0.17381543,-0.18130058,-0.16032353,-0.18764704
2022-11-22 07:00:00+00:00,-0.16646048,-0.1751093,-0.18271235,-0.1619415,-0.1881051
2022-11-22 08:00:00+00:00,-0.16808867,-0.17696258,-0.18429473,-0.16369158,-0.1884228
2022-11-22 09:00:00+00:00,-0.16973287,-0.17917317,-0.18594864,-0.16535291,-0.18892702
2022-11-22 10:00:00+00:00,-0.1716226,-0.18079606,-0.1873807,-0.16710863,-0.18974906
2022-11-22 11:00:00+00:00,-0.17364785,-0.18256491,-0.18859595,-0.16889796,-0.19046667
2022-11-22 12:00:00+00:00,-0.1755135,-0.18411028,-0.18978095,-0.17070413,-0.19116575
2022-11-22 13:00:00+00:00,-0.17741564,-0.18549454,-0.19094959,-0.17243147,-0.19181558
2022-11-22 14:00:00+00:00,-0.17888442,-0.1871112,-0.19220415,-0.17417344,-0.19223815
2022-11-22 15:00:00+00:00,-0.18044981,-0.18896136,-0.19402245,-0.17597061,-0.1926716
2022-11-22 16:00:00+00:00,-0.18205357,-0.19091195,-0.19602305,-0.17776105,-0.19325641
2022-11-22 17:00:00+00:00,-0.18339056,-0.19303104,-0.19793817,-0.17959017,-0.19377631
2022-11-22 18:00:00+00:00,-0.18423203,-0.19508845,-0.20002267,-0.1811775,-0.19433624
2022-11-22 19:00:00+00:00,-0.18462652,-0.19661722,-0.2020055,-0.18215522,-0.19503564
2022-11-22 20:00:00+00:00,-0.18434465,-0.19734496,-0.20350593,-0.18222332,-0.19595692
2022-11-22 21:00:00+00:00,-0.18387443,-0.19803563,-0.20453897,-0.18142629,-0.1967296
2022-11-22 22:00:00+00:00,-0.18307567,-0.19929081,-0.20449334,-0.1800488,-0.19697991
2022-11-22 23:00:00+00:00,-0.18179017,-0.19995883,-0.2033073,-0.17849395,-0.19639418
2022-11-23 00:00:00+00:00,-0.17993751,-0.19899419,-0.20141482,-0.17685145,-0.19499192
2022-11-23 01:00:00+00:00,-0.17814043,-0.19733715,-0.19968808,-0.17538756,-0.19374076
2022-11-23 02:00:00+00:00,-0.17676982,-0.19632652,-0.19848436,-0.17414558,-0.1934456
2022-11-23 03:00:00+00:00,-0.17552635,-0.19623923,-0.19761384,-0.17265975,-0.1931077
2022-11-23 04:00:00+00:00,-0.17417762,-0.1962015,-0.19663593,-0.17100596,-0.19244981
2022-11-23 05:00:00+00:00,-0.17314339,-0.19436517,-0.19432119,-0.16920087,-0.19178474
2022-11-23 06:00:00+00:00,-0.17238674,-0.1921278,-0.19182378,-0.16753659,-0.19112274
2022-11-23 07:00:00+00:00,-0.17304438,-0.19018817,-0.18942738,-0.16684613,-0.19092417
2022-11-23 08:00:00+00:00,-0.1742064,-0.18834907,-0.18816227,-0.16716468,-0.19101474
2022-11-23 09:00:00+00:00,-0.17551306,-0.1867001,-0.18812096,-0.16812974,-0.19129828
2022-11-23 10:00:00+00:00,-0.17716515,-0.18527162,-0.18880695,-0.16920257,-0.19222683
2022-11-23 11:00:00+00:00,-0.17862844,-0.18483096,-0.18970409,-0.17015287,-0.19372672
2022-11-23 12:00:00+00:00,-0.18055058,-0.18702203,-0.19085807,-0.17155376,-0.19529536
2022-11-23 13:00:00+00:00,-0.18221775,-0.18871564,-0.19192427,-0.17317465,-0.19646731
2022-11-23 14:00:00+00:00,-0.18379822,-0.18966866,-0.19314858,-0.17500645,-0.19717729
2022-11-23 15:00:00+00:00,-0.18580386,-0.18992203,-0.19467643,-0.17710686,-0.19788396
2022-11-23 16:00:00+00:00,-0.18802315,-0.19040254,-0.19661182,-0.17955789,-0.19906518
2022-11-23 17:00:00+00:00,-0.19014281,-0.19224328,-0.19916841,-0.18195271,-0.20053402
2022-11-23 18:00:00+00:00,-0.1912246,-0.19420227,-0.20146334,-0.18379685,-0.20182359
2022-11-23 19:00:00+00:00,-0.19078502,-0.19565672,-0.20360616,-0.18422821,-0.20248297
2022-11-23 20:00:00+00:00,-0.18962735,-0.19737431,-0.20491967,-0.18385634,-0.20242366
2022-11-23 21:00:00+00:00,-0.18801537,-0.19895053,-0.20515382,-0.18302262,-0.20180178
2022-11-23 22:00:00+00:00,-0.18668675,-0.20017824,-0.20418847,-0.18223831,-0.20029777
2022-11-23 23:00:00+00:00,-0.18578902,-0.1999113,-0.20267403,-0.18195346,-0.1989404
2022-11-24 00:00:00+00:00,-0.1852924,-0.19827238,-0.20130333,-0.18183383,-0.19790009
2022-11-24 01:00:00+00:00,-0.18528768,-0.1975841,-0.20106691,-0.18188316,-0.1978007
2022-11-24 02:00:00+00:00,-0.18524277,-0.19702289,-0.20124492,-0.18173096,-0.19795927
2022-11-24 03:00:00+00:00,-0.1842846,-0.19657487,-0.20154944,-0.18066385,-0.19830427
2022-11-24 04:00:00+00:00,-0.18268454,-0.19649923,-0.20116025,-0.17903697,-0.19802746
2022-11-24 05:00:00+00:00,-0.180652,-0.19566706,-0.19980395,-0.17696631,-0.19702187
2022-11-24 06:00:00+00:00,-0.17876643,-0.19464469,-0.19815555,-0.17472842,-0.1956631
2022-11-24 07:00:00+00:00,-0.17729345,-0.19317567,-0.19630381,-0.17279959,-0.1940135
2022-11-24 08:00:00+00:00,-0.17641339,-0.1905463,-0.1946958,-0.17128122,-0.19291249
2022-11-24 09:00:00+00:00,-0.17593515,-0.18872538,-0.19389415,-0.16992748,-0.19253281
2022-11-24 10:00:00+00:00,-0.17488939,-0.18705851,-0.19327873,-0.16842654,-0.1922288
2022-11-24 11:00:00+00:00,-0.17265943,-0.18570295,-0.19289023,-0.16601384,-0.19174045
2022-11-24 12:00:00+00:00,-0.16954857,-0.18525082,-0.19228193,-0.16265786,-0.19104719
2022-11-24 13:00:00+00:00,-0.16561568,-0.18510377,-0.19063157,-0.15844819,-0.18938175
2022-11-24 14:00:00+00:00,-0.16136464,-0.18455356,-0.1880489,-0.15430105,-0.1860117
2022-11-24 15:00:00+00:00,-0.15791756,-0.18220234,-0.1845718,-0.15070155,-0.18231106
2022-11-24 16:00:00+00:00,-0.15477464,-0.17756921,-0.18127206,-0.1475755,-0.17905304
2022-11-24 17:00:00+00:00,-0.15277377,-0.17417973,-0.17913169,-0.14512658,-0.17740202
2022-11-24 18:00:00+00:00,-0.15126213,-0.17287081,-0.1774933,-0.14309317,-0.1765145
2022-11-24 19:00:00+00:00,-0.15001854,-0.17236757,-0.1760718,-0.14143097,-0.17609581
2022-11-24 20:00:00+00:00,-0.14872941,-0.17108223,-0.17419982,-0.13984457,-0.1737727
2022-11-24 21:00:00+00:00,-0.14722824,-0.16915539,-0.17176157,-0.13842356,-0.17163408
2022-11-24 22:00:00+00:00,-0.14624718,-0.16773498,-0.16975066,-0.13787496,-0.17047992
2022-11-24 23:00:00+00:00,-0.14664292,-0.16727012,-0.16879675,-0.13840085,-0.17102578
2022-11-25 00:00:00+00:00,-0.14777029,-0.16615728,-0.168488,-0.13941842,-0.17235714
2022-11-25 01:00:00+00:00,-0.14873272,-0.16513804,-0.1688062,-0.14025077,-0.1733397
2022-11-25 02:00:00+00:00,-0.14985919,-0.16451737,-0.16988021,-0.14047864,-0.17466941
2022-11-25 03:00:00+00:00,-0.15075305,-0.16519147,-0.17097121,-0.14020488,-0.1755063
2022-11-25 04:00:00+00:00,-0.1515226,-0.16624773,-0.17142472,-0.13955638,-0.17551866
2022-11-25 05:00:00+00:00,-0.15083498,-0.16709787,-0.17084193,-0.13894728,-0.17520082
2022-11-25 06:00:00+00:00,-0.15070122,-0.16815338,-0.16999197,-0.1391649,-0.17578498
2022-11-25 07:00:00+00:00,-0.15219787,-0.16979453,-0.16994375,-0.14093703,-0.17804211
2022-11-25 08:00:00+00:00,-0.15435332,-0.17147642,-0.171265,-0.14383757,-0.17931622
2022-11-25 09:00:00+00:00,-0.15679416,-0.1730136,-0.17358914,-0.14734775,-0.18157122
2022-11-25 10:00:00+00:00,-0.15997437,-0.17474669,-0.17692518,-0.15049323,-0.18513727
2022-11-25 11:00:00+00:00,-0.16265306,-0.17716339,-0.18035498,-0.15315783,-0.18865308
2022-11-25 12:00:00+00:00,-0.16465834,-0.17928621,-0.18297806,-0.1548891,-0.19153568
2022-11-25 13:00:00+00:00,-0.16599825,-0.18097612,-0.18404046,-0.15595648,-0.19354793
2022-11-25 14:00:00+00:00,-0.16727152,-0.18292978,-0.18435416,-0.15690988,-0.19475836
2022-11-25 15:00:00+00:00,-0.16899112,-0.1845007,-0.18475571,-0.1583663,-0.19614384
2022-11-25 16:00:00+00:00,-0.1707749,-0.18618554,-0.18571737,-0.16033173,-0.19775984
2022-11-25 17:00:00+00:00,-0.17262653,-0.1871492,-0.18694177,-0.16240487,-0.19933668
2022-11-25 18:00:00+00:00,-0.1746234,-0.18842354,-0.18876222,-0.16452643,-0.20139715
2022-11-25 19:00:00+00:00,-0.17590445,-0.18967745,-0.19057569,-0.16588452,-0.20351866
2022-11-25 20:00:00+00:00,-0.17674154,-0.1909756,-0.19146347,-0.1663084,-0.20518675
2022-11-25 21:00:00+00:00,-0.17674431,-0.1917012,-0.19139716,-0.16623044,-0.20591965
2022-11-25 22:00:00+00:00,-0.17633134,-0.19240817,-0.19049805,-0.16639313,-0.20571771
2022-11-25 23:00:00+00:00,-0.17599428,-0.19174856,-0.18963861,-0.1663653,-0.20536605
2022-11-26 00:00:00+00:00,-0.17547455,-0.19032854,-0.18935794,-0.16686997,-0.20491841
2022-11-26 01:00:00+00:00,-0.17647481,-0.1910201,-0.1898481,-0.16842604,-0.205046
2022-11-26 02:00:00+00:00,-0.17744616,-0.19145852,-0.19085369,-0.17042974,-0.20568338
2022-11-26 03:00:00+00:00,-0.1783784,-0.1922769,-0.19196406,-0.17203173,-0.20627803
2022-11-26 04:00:00+00:00,-0.179481,-0.19270948,-0.19221592,-0.17379922,-0.20656455
2022-11-26 05:00:00+00:00,-0.18132621,-0.19345209,-0.19281173,-0.1759223,-0.20707348
2022-11-26 06:00:00+00:00,-0.18307778,-0.19495833,-0.19410697,-0.17809975,-0.20691651
2022-11-26 07:00:00+00:00,-0.18479699,-0.19515517,-0.19503388,-0.18068516,-0.20639667
2022-11-26 08:00:00+00:00,-0.18696317,-0.19608581,-0.1967564,-0.18399885,-0.20631504
2022-11-26 09:00:00+00:00,-0.1903961,-0.1987324,-0.1999144,-0.1879645,-0.20712718
2022-11-26 10:00:00+00:00,-0.19379461,-0.20068416,-0.20298806,-0.19133094,-0.20794883
2022-11-26 11:00:00+00:00,-0.19711688,-0.20244402,-0.2055521,-0.194496,-0.20907453
2022-11-26 12:00:00+00:00,-0.20019338,-0.2040751,-0.20721167,-0.19755498,-0.21027452
2022-11-26 13:00:00+00:00,-0.20214695,-0.20460823,-0.2076894,-0.19930929,-0.21122363
2022-11-26 14:00:00+00:00,-0.20327035,-0.205021,-0.20795712,-0.20016417,-0.21177402
2022-11-26 15:00:00+00:00,-0.20388016,-0.20573911,-0.20798379,-0.20035446,-0.21207476
2022-11-26 16:00:00+00:00,-0.2034353,-0.2070893,-0.20826197,-0.19937876,-0.21223897
2022-11-26 17:00:00+00:00,-0.20182365,-0.20813915,-0.20813414,-0.1974236,-0.2117573
2022-11-26 18:00:00+00:00,-0.19960776,-0.2067334,-0.207869,-0.19455412,-0.21100074
2022-11-26 19:00:00+00:00,-0.19653782,-0.20545334,-0.20737344,-0.19112551,-0.21030521
2022-11-26 20:00:00+00:00,-0.19242147,-0.20382336,-0.20664537,-0.18699294,-0.20894265
2022-11-26 21:00:00+00:00,-0.18748346,-0.20017019,-0.20533755,-0.18220639,-0.20682192
2022-11-26 22:00:00+00:00,-0.18181664,-0.19665062,-0.20363688,-0.17713168,-0.20416406
2022-11-26 23:00:00+00:00,-0.17629871,-0.19309124,-0.1995143,-0.17204654,-0.20062399
2022-11-27 00:00:00+00:00,-0.17146352,-0.18945163,-0.1949701,-0.16743138,-0.19707096
2022-11-27 01:00:00+00:00,-0.16782963,-0.18595701,-0.19032332,-0.16422191,-0.19359508
2022-11-27 02:00:00+00:00,-0.16529357,-0.18206504,-0.18644184,-0.16197196,-0.1903395
2022-11-27 03:00:00+00:00,-0.16327977,-0.17771533,-0.183619,-0.1602729,-0.18803582
2022-11-27 04:00:00+00:00,-0.16257203,-0.17466646,-0.18204054,-0.15954712,-0.18659768
2022-11-27 05:00:00+00:00,-0.16295055,-0.17398566,-0.18150204,-0.15964174,-0.18582723
2022-11-27 06:00:00+00:00,-0.16410017,-0.1749537,-0.18151069,-0.16049978,-0.18520987
2022-11-27 07:00:00+00:00,-0.16531959,-0.17550626,-0.1813702,-0.16194785,-0.18426895
2022-11-27 08:00:00+00:00,-0.16725,-0.17621708,-0.18203723,-0.16418236,-0.18389499
2022-11-27 09:00:00+00:00,-0.16997206,-0.17893097,-0.18374279,-0.16706762,-0.18428159
2022-11-27 10:00:00+00:00,-0.17322665,-0.18157515,-0.1858716,-0.17029426,-0.18521625
2022-11-27 11:00:00+00:00,-0.1767247,-0.18356031,-0.18820512,-0.17356789,-0.18652016
2022-11-27 12:00:00+00:00,-0.17968729,-0.18549973,-0.19039765,-0.17672917,-0.18765885
2022-11-27 13:00:00+00:00,-0.18236512,-0.18764177,-0.19288439,-0.17937964,-0.18893233
2022-11-27 14:00:00+00:00,-0.18405557,-0.18975839,-0.19521818,-0.18127888,-0.18994045
2022-11-27 15:00:00+00:00,-0.18520233,-0.19116077,-0.19741136,-0.18270952,-0.19049677
2022-11-27 16:00:00+00:00,-0.18556768,-0.1923751,-0.19931003,-0.18308651,-0.19135338
2022-11-27 17:00:00+00:00,-0.18495294,-0.1932208,-0.20060125,-0.18231562,-0.19196117
2022-11-27 18:00:00+00:00,-0.18335816,-0.19371751,-0.20133969,-0.18047786,-0.19224218
2022-11-27 19:00:00+00:00,-0.1807994,-0.19416812,-0.20116186,-0.1775746,-0.19209814
2022-11-27 20:00:00+00:00,-0.17704594,-0.19458285,-0.1998542,-0.17366472,-0.19113812
2022-11-27 21:00:00+00:00,-0.17246154,-0.19269311,-0.19707438,-0.16928762,-0.18919975
2022-11-27 22:00:00+00:00,-0.16804135,-0.19046071,-0.19325957,-0.16528955,-0.1865013
2022-11-27 23:00:00+00:00,-0.16392446,-0.18763989,-0.18921655,-0.16146621,-0.18338045
2022-11-28 00:00:00+00:00,-0.1600487,-0.1844511,-0.18548974,-0.15820897,-0.17998469
2022-11-28 01:00:00+00:00,-0.15634462,-0.1811364,-0.18242246,-0.15537655,-0.17684227
2022-11-28 02:00:00+00:00,-0.1534962,-0.17849568,-0.17999154,-0.15295202,-0.17470059
2022-11-28 03:00:00+00:00,-0.15152135,-0.17682773,-0.17795286,-0.15089229,-0.17316055
2022-11-28 04:00:00+00:00,-0.1496351,-0.17456397,-0.17555133,-0.14890471,-0.17132497
2022-11-28 05:00:00+00:00,-0.14821145,-0.17194468,-0.17231506,-0.14765868,-0.16931584
2022-11-28 06:00:00+00:00,-0.14764646,-0.1701391,-0.16901913,-0.14742664,-0.16758272
2022-11-28 07:00:00+00:00,-0.14839858,-0.16927493,-0.16746846,-0.14867342,-0.16667211
2022-11-28 08:00:00+00:00,-0.15089986,-0.16838828,-0.16719905,-0.15123618,-0.16610736
2022-11-28 09:00:00+00:00,-0.15456581,-0.16822687,-0.1669825,-0.15455106,-0.16595167
2022-11-28 10:00:00+00:00,-0.15843514,-0.16783437,-0.16552573,-0.15770331,-0.16636902
2022-11-28 11:00:00+00:00,-0.16212106,-0.16620913,-0.1642642,-0.15991354,-0.16729447
2022-11-28 12:00:00+00:00,-0.16549474,-0.16617656,-0.16320595,-0.16161734,-0.16823429
2022-11-28 13:00:00+00:00,-0.16863966,-0.16712639,-0.16396722,-0.16507861,-0.16918308
2022-11-28 14:00:00+00:00,-0.17124945,-0.16795963,-0.16650116,-0.17072013,-0.1699942
2022-11-28 15:00:00+00:00,-0.17368543,-0.16834062,-0.16928348,-0.17554614,-0.17213026
2022-11-28 16:00:00+00:00,-0.17758772,-0.16968685,-0.17301348,-0.18102315,-0.177917
2022-11-28 17:00:00+00:00,-0.18246523,-0.17397538,-0.17824233,-0.18711522,-0.18677267
2022-11-28 18:00:00+00:00,-0.1878092,-0.18766439,-0.18569282,-0.19338411,-0.19815981
2022-11-28 19:00:00+00:00,-0.19251412,-0.2028935,-0.1942521,-0.19911638,-0.2100062
2022-11-28 20:00:00+00:00,-0.19611049,-0.21476653,-0.20062757,-0.2029087,-0.22093442
2022-11-28 21:00:00+00:00,-0.19829622,-0.22263119,-0.20714632,-0.20500138,-0.2273792
2022-11-28 22:00:00+00:00,-0.19879022,-0.22560558,-0.20949906,-0.20567548,-0.22869575
2022-11-28 23:00:00+00:00,-0.19828367,-0.22631094,-0.20751998,-0.20540524,-0.22776288
2022-11-29 00:00:00+00:00,-0.19717717,-0.2244311,-0.2029531,-0.20405143,-0.22513911
2022-11-29 01:00:00+00:00,-0.19591692,-0.22213316,-0.1979942,-0.20280331,-0.22253537
2022-11-29 02:00:00+00:00,-0.19505441,-0.21873915,-0.19813994,-0.20174253,-0.22018778
2022-11-29 03:00:00+00:00,-0.19494,-0.2181699,-0.19922277,-0.2021229,-0.22091329
2022-11-29 04:00:00+00:00,-0.19494253,-0.21965343,-0.20061499,-0.20282859,-0.22257847
2022-11-29 05:00:00+00:00,-0.19473922,-0.22051603,-0.202128,-0.20319235,-0.22315145
2022-11-29 06:00:00+00:00,-0.19390705,-0.21918091,-0.20141709,-0.20317736,-0.22144294
2022-11-29 07:00:00+00:00,-0.1928783,-0.21678951,-0.19942114,-0.20140609,-0.21882156
2022-11-29 08:00:00+00:00,-0.19213045,-0.21482459,-0.19743353,-0.19952124,-0.21654764
2022-11-29 09:00:00+00:00,-0.19169828,-0.21353164,-0.19584769,-0.19805172,-0.21547869
2022-11-29 10:00:00+00:00,-0.19195908,-0.21355757,-0.1955179,-0.19759619,-0.21625105
2022-11-29 11:00:00+00:00,-0.19276717,-0.21360707,-0.19790992,-0.19779661,-0.21808037
2022-11-29 12:00:00+00:00,-0.19386944,-0.21476725,-0.20191488,-0.19788975,-0.21978948
2022-11-29 13:00:00+00:00,-0.19466835,-0.2145971,-0.20584595,-0.1974087,-0.2195319
2022-11-29 14:00:00+00:00,-0.19495064,-0.21471938,-0.20722681,-0.19723979,-0.21894568
2022-11-29 15:00:00+00:00,-0.19458672,-0.21361873,-0.20458817,-0.1967678,-0.21606666
2022-11-29 16:00:00+00:00,-0.1937001,-0.2094104,-0.19836345,-0.19532105,-0.20938954
2022-11-29 17:00:00+00:00,-0.19190472,-0.19954598,-0.1920873,-0.19264072,-0.1992338
2022-11-29 18:00:00+00:00,-0.18983993,-0.18916026,-0.18637389,-0.18989491,-0.19219673
2022-11-29 19:00:00+00:00,-0.18718663,-0.18442076,-0.18031499,-0.18678841,-0.18858323
2022-11-29 20:00:00+00:00,-0.1827622,-0.18127298,-0.17688194,-0.18169421,-0.18550125
2022-11-29 21:00:00+00:00,-0.17697486,-0.17821312,-0.18075001,-0.17454085,-0.18284512
2022-11-29 22:00:00+00:00,-0.1711328,-0.17568845,-0.18380931,-0.16695035,-0.18106663
2022-11-29 23:00:00+00:00,-0.16569084,-0.17420313,-0.1854845,-0.16042414,-0.17865497
2022-11-30 00:00:00+00:00,-0.1618152,-0.17353216,-0.18232787,-0.15558678,-0.17540222
2022-11-30 01:00:00+00:00,-0.15789956,-0.17206252,-0.17800361,-0.1523942,-0.1719234
2022-11-30 02:00:00+00:00,-0.15440404,-0.16952404,-0.17514479,-0.15133488,-0.16787261
2022-11-30 03:00:00+00:00,-0.15185869,-0.16743535,-0.17354694,-0.14977157,-0.16523969
2022-11-30 04:00:00+00:00,-0.15020627,-0.16605449,-0.17255223,-0.14864528,-0.16376525
2022-11-30 05:00:00+00:00,-0.14988765,-0.16700625,-0.17194542,-0.14840528,-0.1633268
2022-11-30 06:00:00+00:00,-0.14997208,-0.16742995,-0.1705296,-0.1491299,-0.16233289
2022-11-30 07:00:00+00:00,-0.15008119,-0.16631162,-0.16944307,-0.150166,-0.16119444
2022-11-30 08:00:00+00:00,-0.15122399,-0.16598567,-0.16975594,-0.152028,-0.16144904
2022-11-30 09:00:00+00:00,-0.15331388,-0.16627744,-0.17106763,-0.15428883,-0.16312253
2022-11-30 10:00:00+00:00,-0.15533206,-0.16635212,-0.1730811,-0.15513659,-0.16548648
2022-11-30 11:00:00+00:00,-0.15683898,-0.16628939,-0.17470038,-0.15490729,-0.16729075
2022-11-30 12:00:00+00:00,-0.15763682,-0.16564348,-0.17551655,-0.15398568,-0.16832024
2022-11-30 13:00:00+00:00,-0.15806302,-0.16539666,-0.17582881,-0.15256116,-0.16921318
2022-11-30 14:00:00+00:00,-0.1576353,-0.16475284,-0.17537016,-0.15044478,-0.16912091
2022-11-30 15:00:00+00:00,-0.15474728,-0.16313201,-0.17413506,-0.1475406,-0.16740316
2022-11-30 16:00:00+00:00,-0.15079796,-0.16107598,-0.1728077,-0.14361483,-0.16505197
2022-11-30 17:00:00+00:00,-0.14561486,-0.15801364,-0.17107761,-0.13893276,-0.16217774
2022-11-30 18:00:00+00:00,-0.13994777,-0.15490735,-0.16756621,-0.13376167,-0.1585851
2022-11-30 19:00:00+00:00,-0.13416916,-0.15116742,-0.16090885,-0.12883651,-0.15373006
2022-11-30 20:00:00+00:00,-0.12750739,-0.14607927,-0.15331048,-0.12382454,-0.14786744
2022-11-30 21:00:00+00:00,-0.1196768,-0.13670051,-0.14583942,-0.11832991,-0.14140168
2022-11-30 22:00:00+00:00,-0.11198425,-0.1266309,-0.13884827,-0.1122784,-0.13520053
2022-11-30 23:00:00+00:00,-0.10464993,-0.116550505,-0.13231966,-0.10550973,-0.12965521
2022-12-01 00:00:00+00:00,-0.09649128,-0.10657832,-0.12546113,-0.09608966,-0.120465666
2022-12-01 01:00:00+00:00,-0.08661419,-0.09441131,-0.11634132,-0.08650866,-0.10727057
2022-12-01 02:00:00+00:00,-0.075600386,-0.078142256,-0.10567033,-0.077794075,-0.092856675
2022-12-01 03:00:00+00:00,-0.06438276,-0.060222775,-0.094673276,-0.06946924,-0.07994363
2022-12-01 04:00:00+00:00,-0.052959085,-0.04382986,-0.08327234,-0.060578197,-0.06796771
2022-12-01 05:00:00+00:00,-0.041461945,-0.03200066,-0.0721257,-0.05053249,-0.05580336
2022-12-01 06:00:00+00:00,-0.028636396,-0.021810353,-0.061735243,-0.03954774,-0.041400254
2022-12-01 07:00:00+00:00,-0.015509903,-0.012794822,-0.051439166,-0.026442409,-0.025458515
2022-12-01 08:00:00+00:00,-0.002487719,-0.00273031,-0.037161797,-0.011288196,-0.0084783435
2022-12-01 09:00:00+00:00,0.014060497,0.010638297,-0.018991172,0.0052265227,0.009632111
2022-12-01 10:00:00+00:00,0.036657155,0.026708305,0.0028809905,0.023387104,0.03134191
2022-12-01 11:00:00+00:00,0.061523795,0.05046791,0.02785486,0.04530254,0.054927528
2022-12-01 12:00:00+00:00,0.08497131,0.08138162,0.05315268,0.0690085,0.07725853
2022-12-01 13:00:00+00:00,0.10049987,0.09892267,0.0726338,0.08921555,0.09038198
2022-12-01 14:00:00+00:00,0.111504674,0.106390536,0.08671361,0.099843234,0.09599441
2022-12-01 15:00:00+00:00,0.11610341,0.10983372,0.09288013,0.103655666,0.09523314
2022-12-01 16:00:00+00:00,0.11039859,0.09913033,0.085407436,0.09461442,0.087150514
2022-12-01 17:00:00+00:00,0.092325926,0.070899725,0.06533986,0.07422128,0.07282257
2022-12-01 18:00:00+00:00,0.06256449,0.033793032,0.039674103,0.050032645,0.05033505
2022-12-01 19:00:00+00:00,0.033859193,1.7285347e-05,0.014409542,0.025125414,0.026343286
2022-12-01 20:00:00+00:00,0.007872224,-0.029120982,-0.010184228,-0.0014198124,0.002146721
2022-12-01 21:00:00+00:00,-0.013160497,-0.052232206,-0.03488949,-0.027962476,-0.022075057
2022-12-01 22:00:00+00:00,-0.036848247,-0.071692854,-0.06103301,-0.05465883,-0.047884524
2022-12-01 23:00:00+00:00,-0.061458886,-0.08989748,-0.083503395,-0.07829127,-0.073527604
2022-12-02 00:00:00+00:00,-0.085024625,-0.10626423,-0.10379973,-0.09784359,-0.093809426
2022-12-02 01:00:00+00:00,-0.103396505,-0.117551,-0.11916891,-0.11095002,-0.10143474
2022-12-02 02:00:00+00:00,-0.12018061,-0.12580326,-0.13245416,-0.12044743,-0.11711979
2022-12-02 03:00:00+00:00,-0.13375646,-0.13149461,-0.14453292,-0.12701523,-0.13175148
2022-12-02 04:00:00+00:00,-0.1432741,-0.13675022,-0.15425435,-0.13242021,-0.14299828
2022-12-02 05:00:00+00:00,-0.1501627,-0.14256033,-0.16090396,-0.1379672,-0.15066576
2022-12-02 06:00:00+00:00,-0.15440822,-0.14787468,-0.16502124,-0.14339113,-0.15445659
2022-12-02 07:00:00+00:00,-0.15874371,-0.15383479,-0.16780141,-0.14922002,-0.15883064
2022-12-02 08:00:00+00:00,-0.16261905,-0.16038007,-0.16997656,-0.15510857,-0.16297737
2022-12-02 09:00:00+00:00,-0.1664075,-0.16753566,-0.1718772,-0.15771016,-0.16690573
2022-12-02 10:00:00+00:00,-0.1699023,-0.1742768,-0.1738154,-0.15960112,-0.17026919
2022-12-02 11:00:00+00:00,-0.17308155,-0.18033904,-0.1758447,-0.16151893,-0.173284
2022-12-02 12:00:00+00:00,-0.17608723,-0.18485406,-0.17868176,-0.16357857,-0.17648503
2022-12-02 13:00:00+00:00,-0.17914355,-0.1878115,-0.182877,-0.1662902,-0.18025005
2022-12-02 14:00:00+00:00,-0.18145889,-0.19114715,-0.18674812,-0.16869366,-0.18416813
2022-12-02 15:00:00+00:00,-0.18286541,-0.1942105,-0.19010046,-0.1702789,-0.18789163
2022-12-02 16:00:00+00:00,-0.18310219,-0.1955091,-0.19303173,-0.17094558,-0.1907455
2022-12-02 17:00:00+00:00,-0.18269742,-0.19634467,-0.19482091,-0.17104727,-0.19266006
2022-12-02 18:00:00+00:00,-0.1817013,-0.19630766,-0.19554058,-0.17095158,-0.1935992
2022-12-02 19:00:00+00:00,-0.18020687,-0.19470277,-0.19573948,-0.17045423,-0.1939567
2022-12-02 20:00:00+00:00,-0.17843267,-0.19199273,-0.19590974,-0.17012405,-0.19412908
2022-12-02 21:00:00+00:00,-0.17625293,-0.18926573,-0.19619074,-0.16878134,-0.1940547
2022-12-02 22:00:00+00:00,-0.17344454,-0.187466,-0.19480726,-0.16655606,-0.19349682
2022-12-02 23:00:00+00:00,-0.16950828,-0.18512064,-0.1926429,-0.16316816,-0.19217399
2022-12-03 00:00:00+00:00,-0.16470358,-0.18287644,-0.18965253,-0.15928444,-0.18998611
2022-12-03 01:00:00+00:00,-0.15967566,-0.18050075,-0.18571791,-0.15531689,-0.18674403
2022-12-03 02:00:00+00:00,-0.15454361,-0.1766068,-0.180843,-0.151369,-0.18314171
2022-12-03 03:00:00+00:00,-0.15042698,-0.17234674,-0.17562836,-0.14786991,-0.1788955
2022-12-03 04:00:00+00:00,-0.14724532,-0.16752219,-0.17122376,-0.1449793,-0.17515054
2022-12-03 05:00:00+00:00,-0.14459336,-0.1633456,-0.16838309,-0.14221957,-0.17222258
2022-12-03 06:00:00+00:00,-0.14260384,-0.1598812,-0.16637817,-0.13982382,-0.16977528
2022-12-03 07:00:00+00:00,-0.14096838,-0.157361,-0.16438529,-0.13793969,-0.1671798
2022-12-03 08:00:00+00:00,-0.13961142,-0.15569311,-0.16290608,-0.1365341,-0.1645624
2022-12-03 09:00:00+00:00,-0.13836104,-0.15483859,-0.1619072,-0.13524628,-0.1620802
2022-12-03 10:00:00+00:00,-0.1369085,-0.1539684,-0.16073215,-0.13423842,-0.15993544
2022-12-03 11:00:00+00:00,-0.13577288,-0.1540038,-0.16018462,-0.13332531,-0.15810075
2022-12-03 12:00:00+00:00,-0.1346935,-0.1538473,-0.15996993,-0.13186169,-0.15635741
2022-12-03 13:00:00+00:00,-0.1335094,-0.15351272,-0.15931934,-0.1299668,-0.15458229
2022-12-03 14:00:00+00:00,-0.13154253,-0.15298724,-0.1582205,-0.12767282,-0.15238547
2022-12-03 15:00:00+00:00,-0.12821954,-0.15094978,-0.15645772,-0.12466866,-0.14829409
2022-12-03 16:00:00+00:00,-0.12471649,-0.14879286,-0.1546349,-0.12139088,-0.1438855
2022-12-03 17:00:00+00:00,-0.12032518,-0.14561972,-0.15212959,-0.117590696,-0.13852844
2022-12-03 18:00:00+00:00,-0.115228206,-0.14174387,-0.14890927,-0.11321476,-0.13259986
2022-12-03 19:00:00+00:00,-0.10878426,-0.1373448,-0.14458731,-0.108098865,-0.12513244
2022-12-03 20:00:00+00:00,-0.10210934,-0.13270879,-0.13960657,-0.10254976,-0.116877854
2022-12-03 21:00:00+00:00,-0.09551799,-0.12831938,-0.13387349,-0.09709296,-0.10856995
2022-12-03 22:00:00+00:00,-0.08917287,-0.12380767,-0.12715513,-0.0918138,-0.09971818
2022-12-03 23:00:00+00:00,-0.083308995,-0.11931348,-0.12078267,-0.08684209,-0.0914419
2022-12-04 00:00:00+00:00,-0.07777065,-0.114739805,-0.115060985,-0.082417935,-0.08402681
2022-12-04 01:00:00+00:00,-0.072924435,-0.109592944,-0.11036208,-0.078131706,-0.07775986
2022-12-04 02:00:00+00:00,-0.06860191,-0.10448629,-0.10596299,-0.07392275,-0.07269871
2022-12-04 03:00:00+00:00,-0.06442961,-0.099660814,-0.10146773,-0.07051146,-0.06816065
2022-12-04 04:00:00+00:00,-0.06056696,-0.09542772,-0.09708822,-0.067380965,-0.06413698
2022-12-04 05:00:00+00:00,-0.057092518,-0.09229979,-0.09317857,-0.06466249,-0.06102401
2022-12-04 06:00:00+00:00,-0.05443272,-0.08961254,-0.090072095,-0.06260282,-0.05819577
2022-12-04 07:00:00+00:00,-0.053308755,-0.08725312,-0.0885188,-0.06120479,-0.056630433
2022-12-04 08:00:00+00:00,-0.052692473,-0.08489025,-0.08760348,-0.059762806,-0.055616826
2022-12-04 09:00:00+00:00,-0.05177012,-0.082239866,-0.086527914,-0.058076352,-0.05452025
2022-12-04 10:00:00+00:00,-0.050836086,-0.079449475,-0.085496396,-0.05651799,-0.053819418
2022-12-04 11:00:00+00:00,-0.049553424,-0.07544625,-0.08467552,-0.05478543,-0.05314222
2022-12-04 12:00:00+00:00,-0.048382044,-0.071228236,-0.083667964,-0.05243671,-0.052271187
2022-12-04 13:00:00+00:00,-0.046951205,-0.06650394,-0.08227146,-0.049626887,-0.051195264
2022-12-04 14:00:00+00:00,-0.045802534,-0.061158597,-0.08071548,-0.046785176,-0.05028844
2022-12-04 15:00:00+00:00,-0.044784963,-0.05572337,-0.07947284,-0.043942362,-0.04969272
2022-12-04 16:00:00+00:00,-0.04406804,-0.05060622,-0.078431696,-0.04169321,-0.049866617
2022-12-04 17:00:00+00:00,-0.0444583,-0.04639131,-0.07804814,-0.04072392,-0.05143422
2022-12-04 18:00:00+00:00,-0.046624213,-0.043251902,-0.07883328,-0.041977853,-0.05518654
2022-12-04 19:00:00+00:00,-0.048276693,-0.04258108,-0.08137834,-0.044161707,-0.05863282
2022-12-04 20:00:00+00:00,-0.05124855,-0.045164347,-0.0854812,-0.047385246,-0.063002795
2022-12-04 21:00:00+00:00,-0.055477917,-0.049693793,-0.09019196,-0.051716477,-0.0673947
2022-12-04 22:00:00+00:00,-0.059630126,-0.05475238,-0.09491891,-0.055360824,-0.071662396
2022-12-04 23:00:00+00:00,-0.064094216,-0.059906334,-0.09909424,-0.058477074,-0.075914115
2022-12-05 00:00:00+00:00,-0.06720725,-0.062271148,-0.10109028,-0.061401308,-0.07889348
2022-12-05 01:00:00+00:00,-0.07014656,-0.062968284,-0.10296178,-0.06399372,-0.08239341
2022-12-05 02:00:00+00:00,-0.07208261,-0.06311706,-0.104222536,-0.06666657,-0.08548021
2022-12-05 03:00:00+00:00,-0.07422033,-0.06301132,-0.10537171,-0.069532186,-0.088737845
2022-12-05 04:00:00+00:00,-0.076327085,-0.0625712,-0.10679588,-0.072487235,-0.09206787
2022-12-05 05:00:00+00:00,-0.077304155,-0.061090916,-0.10800153,-0.07459837,-0.09432438
2022-12-05 06:00:00+00:00,-0.077034205,-0.05892548,-0.10850668,-0.07539132,-0.094803005
2022-12-05 07:00:00+00:00,-0.07740486,-0.057813466,-0.10804725,-0.076113075,-0.09576017
2022-12-05 08:00:00+00:00,-0.077352315,-0.05571693,-0.10653955,-0.076289386,-0.09602225
2022-12-05 09:00:00+00:00,-0.07566291,-0.052799672,-0.1047498,-0.07523903,-0.09465
2022-12-05 10:00:00+00:00,-0.07348025,-0.049711615,-0.102733195,-0.07368451,-0.092665106
2022-12-05 11:00:00+00:00,-0.0711163,-0.04680386,-0.10045746,-0.07230571,-0.0906592
2022-12-05 12:00:00+00:00,-0.06962553,-0.04588899,-0.09944713,-0.07092905,-0.089636296
2022-12-05 13:00:00+00:00,-0.06764394,-0.04533702,-0.09776124,-0.06921461,-0.08797276
2022-12-05 14:00:00+00:00,-0.06633267,-0.04463008,-0.096446514,-0.06837517,-0.08669379
2022-12-05 15:00:00+00:00,-0.06566709,-0.044555247,-0.096131325,-0.06825161,-0.08616087
2022-12-05 16:00:00+00:00,-0.06515077,-0.045577765,-0.09701413,-0.06810218,-0.08559123
2022-12-05 17:00:00+00:00,-0.06544858,-0.04785642,-0.09866443,-0.06844714,-0.085302204
2022-12-05 18:00:00+00:00,-0.06659055,-0.0530414,-0.10088521,-0.06953481,-0.08564046
2022-12-05 19:00:00+00:00,-0.068274856,-0.05929166,-0.10323164,-0.07123354,-0.0866957
2022-12-05 20:00:00+00:00,-0.07030392,-0.0681355,-0.10565555,-0.07368085,-0.08811897
2022-12-05 21:00:00+00:00,-0.073806524,-0.07677078,-0.10776606,-0.077727705,-0.091293424
2022-12-05 22:00:00+00:00,-0.07772961,-0.085672975,-0.110363394,-0.082859874,-0.09511331
2022-12-05 23:00:00+00:00,-0.08188468,-0.09484786,-0.11436713,-0.088164926,-0.09931624
2022-12-06 00:00:00+00:00,-0.085929185,-0.10169992,-0.119210154,-0.09333694,-0.10339409
2022-12-06 01:00:00+00:00,-0.08976528,-0.11060223,-0.1242035,-0.0980168,-0.108754784
2022-12-06 02:00:00+00:00,-0.09309971,-0.12057197,-0.12868282,-0.10156748,-0.11368677
2022-12-06 03:00:00+00:00,-0.094875574,-0.12620458,-0.1306493,-0.103132695,-0.11551055
2022-12-06 04:00:00+00:00,-0.09594816,-0.12759057,-0.13072255,-0.10358909,-0.115944475
2022-12-06 05:00:00+00:00,-0.09612608,-0.125305,-0.12942678,-0.10281503,-0.11530164
2022-12-06 06:00:00+00:00,-0.0964776,-0.120864004,-0.12719706,-0.10246509,-0.11524323
2022-12-06 07:00:00+00:00,-0.09558919,-0.1159502,-0.12435204,-0.10228768,-0.114240706
2022-12-06 08:00:00+00:00,-0.09434444,-0.111747384,-0.12224129,-0.10229215,-0.11322045
2022-12-06 09:00:00+00:00,-0.09300941,-0.10859391,-0.12165159,-0.10124454,-0.11244607
2022-12-06 10:00:00+00:00,-0.09182769,-0.10736555,-0.12165755,-0.099475,-0.11189121
2022-12-06 11:00:00+00:00,-0.090318024,-0.106119394,-0.1209425,-0.096322566,-0.110437244
2022-12-06 12:00:00+00:00,-0.08840281,-0.10467407,-0.1190407,-0.093661726,-0.10813588
2022-12-06 13:00:00+00:00,-0.0865646,-0.10204303,-0.11730036,-0.09225574,-0.10584378
2022-12-06 14:00:00+00:00,-0.08517465,-0.10074794,-0.11655697,-0.09149557,-0.10436925
2022-12-06 15:00:00+00:00,-0.08567968,-0.10568872,-0.11853585,-0.092591465,-0.10515997
2022-12-06 16:00:00+00:00,-0.087871075,-0.11643103,-0.12329149,-0.09605935,-0.107841134
2022-12-06 17:00:00+00:00,-0.09291276,-0.12891757,-0.13024259,-0.10107848,-0.11348668
2022-12-06 18:00:00+00:00,-0.097344756,-0.13897094,-0.13748899,-0.10501003,-0.11766794
2022-12-06 19:00:00+00:00,-0.10228032,-0.14414659,-0.14431968,-0.10832921,-0.122079164
2022-12-06 20:00:00+00:00,-0.107527465,-0.14808291,-0.14693183,-0.11135051,-0.12627903
2022-12-06 21:00:00+00:00,-0.11197537,-0.15130067,-0.14787027,-0.11377329,-0.12954181
2022-12-06 22:00:00+00:00,-0.11647552,-0.15444162,-0.14850256,-0.11690289,-0.13277408
2022-12-06 23:00:00+00:00,-0.12131196,-0.15752387,-0.14943328,-0.120800555,-0.1371324
2022-12-07 00:00:00+00:00,-0.12708911,-0.1602864,-0.15229177,-0.1247766,-0.14252937
2022-12-07 01:00:00+00:00,-0.13220963,-0.16268241,-0.15595436,-0.12837347,-0.14766061
2022-12-07 02:00:00+00:00,-0.13593072,-0.16445231,-0.16034159,-0.13139659,-0.15244627
2022-12-07 03:00:00+00:00,-0.13938701,-0.16462505,-0.16453376,-0.13347581,-0.15682751
2022-12-07 04:00:00+00:00,-0.14205948,-0.16481653,-0.16727307,-0.13529181,-0.1602135
2022-12-07 05:00:00+00:00,-0.14381891,-0.16560781,-0.16881394,-0.13704428,-0.16224325
2022-12-07 06:00:00+00:00,-0.14555869,-0.16675127,-0.16983089,-0.13896313,-0.16382983
2022-12-07 07:00:00+00:00,-0.14746091,-0.16797817,-0.17110503,-0.1408771,-0.16577578
2022-12-07 08:00:00+00:00,-0.14993495,-0.16966781,-0.17261195,-0.14300764,-0.16784272
2022-12-07 09:00:00+00:00,-0.15247968,-0.17166838,-0.17415243,-0.1454598,-0.1699177
2022-12-07 10:00:00+00:00,-0.15529919,-0.17328358,-0.17563355,-0.14836282,-0.17230338
2022-12-07 11:00:00+00:00,-0.15854171,-0.17495975,-0.17743245,-0.15159231,-0.17490295
2022-12-07 12:00:00+00:00,-0.16188559,-0.17662677,-0.17924401,-0.1553098,-0.1775927
2022-12-07 13:00:00+00:00,-0.16547552,-0.17850593,-0.18170244,-0.15905887,-0.18029305
2022-12-07 14:00:00+00:00,-0.1689586,-0.18100315,-0.18453127,-0.16258815,-0.18276614
2022-12-07 15:00:00+00:00,-0.17216694,-0.18411002,-0.18791893,-0.16562158,-0.18523917
2022-12-07 16:00:00+00:00,-0.17496681,-0.18731922,-0.19142616,-0.16807905,-0.18757382
2022-12-07 17:00:00+00:00,-0.17724836,-0.19044015,-0.1945109,-0.17024902,-0.18966925
2022-12-07 18:00:00+00:00,-0.1787476,-0.19304162,-0.19694158,-0.17231572,-0.19145527
2022-12-07 19:00:00+00:00,-0.17986128,-0.19457951,-0.1989879,-0.17387941,-0.19308868
2022-12-07 20:00:00+00:00,-0.18012351,-0.19516486,-0.20099023,-0.17483786,-0.19470987
2022-12-07 21:00:00+00:00,-0.1801273,-0.19568533,-0.2028239,-0.174932,-0.19634196
2022-12-07 22:00:00+00:00,-0.17966124,-0.1962494,-0.20449331,-0.17422393,-0.197831
2022-12-07 23:00:00+00:00,-0.17860466,-0.19659087,-0.20500866,-0.1728161,-0.19894642
2022-12-08 00:00:00+00:00,-0.1768066,-0.19481778,-0.20401508,-0.17071083,-0.19936204
2022-12-08 01:00:00+00:00,-0.17466944,-0.19155863,-0.20213178,-0.16824234,-0.19948077
2022-12-08 02:00:00+00:00,-0.17265418,-0.18773437,-0.19978029,-0.16590801,-0.19948259
2022-12-08 03:00:00+00:00,-0.17097166,-0.18613881,-0.1972265,-0.1639348,-0.19911703
2022-12-08 04:00:00+00:00,-0.16975325,-0.18487918,-0.19480449,-0.1626369,-0.19849223
2022-12-08 05:00:00+00:00,-0.16880661,-0.18231514,-0.19313133,-0.1617763,-0.19809443
2022-12-08 06:00:00+00:00,-0.16823769,-0.18008742,-0.19237596,-0.16124114,-0.19827658
2022-12-08 07:00:00+00:00,-0.16780186,-0.17931727,-0.19214565,-0.16061518,-0.19882587
2022-12-08 08:00:00+00:00,-0.16763094,-0.17961317,-0.19215307,-0.15998632,-0.19938359
2022-12-08 09:00:00+00:00,-0.16714236,-0.17931518,-0.19175178,-0.15897325,-0.19975826
2022-12-08 10:00:00+00:00,-0.16618821,-0.177109,-0.19051275,-0.15723729,-0.19971657
2022-12-08 11:00:00+00:00,-0.16458446,-0.17361358,-0.18896621,-0.15512928,-0.19923306
2022-12-08 12:00:00+00:00,-0.16309813,-0.17029598,-0.18752462,-0.15288013,-0.1985614
2022-12-08 13:00:00+00:00,-0.16121733,-0.16832325,-0.18607083,-0.15040958,-0.19749025
2022-12-08 14:00:00+00:00,-0.15906826,-0.16482976,-0.18443608,-0.14765769,-0.19624397
2022-12-08 15:00:00+00:00,-0.15707305,-0.16077209,-0.18218997,-0.14451522,-0.19520906
2022-12-08 16:00:00+00:00,-0.15453094,-0.15557432,-0.17966619,-0.14059582,-0.19379637
2022-12-08 17:00:00+00:00,-0.15061375,-0.14886001,-0.176361,-0.13511252,-0.19170883
2022-12-08 18:00:00+00:00,-0.14570707,-0.14062676,-0.1723522,-0.12791407,-0.1867545
2022-12-08 19:00:00+00:00,-0.13922316,-0.13012522,-0.16671976,-0.1192148,-0.1791889
2022-12-08 20:00:00+00:00,-0.13170397,-0.11854404,-0.15949756,-0.10987246,-0.1698317
2022-12-08 21:00:00+00:00,-0.12137526,-0.1040591,-0.15028211,-0.09878555,-0.15772426
2022-12-08 22:00:00+00:00,-0.10819608,-0.09048566,-0.13968605,-0.08760357,-0.14332762
2022-12-08 23:00:00+00:00,-0.094596595,-0.08140525,-0.12748891,-0.07663271,-0.12710503
2022-12-09 00:00:00+00:00,-0.08007315,-0.07210243,-0.1135228,-0.06545362,-0.10896963
2022-12-09 01:00:00+00:00,-0.066927135,-0.06418896,-0.100844264,-0.055637807,-0.09296462
2022-12-09 02:00:00+00:00,-0.055832654,-0.05782345,-0.090051234,-0.049257547,-0.08171898
2022-12-09 03:00:00+00:00,-0.048711717,-0.05465126,-0.082809985,-0.04697594,-0.0754551
2022-12-09 04:00:00+00:00,-0.046700418,-0.055222422,-0.08155805,-0.048957825,-0.07405186
2022-12-09 05:00:00+00:00,-0.051502794,-0.060071528,-0.08656943,-0.055364788,-0.078326285
2022-12-09 06:00:00+00:00,-0.06355396,-0.06740239,-0.09761283,-0.06521648,-0.08855215
2022-12-09 07:00:00+00:00,-0.077525854,-0.07961953,-0.11157456,-0.07588899,-0.10182437
2022-12-09 08:00:00+00:00,-0.09193465,-0.09639734,-0.1263847,-0.087358594,-0.117997676
2022-12-09 09:00:00+00:00,-0.107568264,-0.11398727,-0.14077461,-0.10281536,-0.13649905
2022-12-09 10:00:00+00:00,-0.12384924,-0.13156602,-0.15428948,-0.12278101,-0.15316617
2022-12-09 11:00:00+00:00,-0.13929465,-0.15150413,-0.16445363,-0.14081872,-0.16408089
2022-12-09 12:00:00+00:00,-0.15404862,-0.16625795,-0.17366451,-0.15655503,-0.17475209
2022-12-09 13:00:00+00:00,-0.16728577,-0.17695072,-0.18230262,-0.1684857,-0.1851289
2022-12-09 14:00:00+00:00,-0.17842564,-0.18344879,-0.19049859,-0.1775876,-0.19250044
2022-12-09 15:00:00+00:00,-0.18605465,-0.19044963,-0.19765669,-0.18348888,-0.19817746
2022-12-09 16:00:00+00:00,-0.1913777,-0.19472125,-0.20292333,-0.18657127,-0.20262751
2022-12-09 17:00:00+00:00,-0.193257,-0.19711572,-0.20636967,-0.18751386,-0.20557383
2022-12-09 18:00:00+00:00,-0.19280347,-0.19836313,-0.20790955,-0.18717214,-0.20614004
2022-12-09 19:00:00+00:00,-0.18988344,-0.19833362,-0.20764354,-0.18598017,-0.20589268
2022-12-09 20:00:00+00:00,-0.1858376,-0.1964159,-0.20565256,-0.1840181,-0.20472154
2022-12-09 21:00:00+00:00,-0.18052551,-0.19303408,-0.20283276,-0.18073335,-0.20251799
2022-12-09 22:00:00+00:00,-0.1739335,-0.1878472,-0.19958979,-0.1759482,-0.1995042
2022-12-09 23:00:00+00:00,-0.16664356,-0.18243927,-0.19594938,-0.16976574,-0.19588858
2022-12-10 00:00:00+00:00,-0.1597349,-0.1782848,-0.19206703,-0.16240713,-0.19076207
2022-12-10 01:00:00+00:00,-0.15236661,-0.17342609,-0.18609971,-0.15391931,-0.18443906
2022-12-10 02:00:00+00:00,-0.14367771,-0.16595009,-0.17838424,-0.1441924,-0.17688766
2022-12-10 03:00:00+00:00,-0.13329327,-0.15441632,-0.16905466,-0.13315895,-0.16758308
2022-12-10 04:00:00+00:00,-0.121553004,-0.13944918,-0.15870783,-0.1211445,-0.15252626
2022-12-10 05:00:00+00:00,-0.10821116,-0.122698605,-0.14687634,-0.10815385,-0.13605252
2022-12-10 06:00:00+00:00,-0.0933944,-0.10603711,-0.13365775,-0.09359935,-0.1166186
2022-12-10 07:00:00+00:00,-0.07743344,-0.08665988,-0.11866224,-0.077344,-0.094643444
2022-12-10 08:00:00+00:00,-0.0610348,-0.0655812,-0.10276443,-0.0608629,-0.07138151
2022-12-10 09:00:00+00:00,-0.043195844,-0.043969214,-0.08280009,-0.042767167,-0.048240304
2022-12-10 10:00:00+00:00,-0.024732172,-0.024982035,-0.060385466,-0.023338646,-0.024824142
2022-12-10 11:00:00+00:00,-0.0040172935,-0.0067890286,-0.03437203,-0.0015490055,0.00018203259
2022-12-10 12:00:00+00:00,0.021603763,0.014953375,-0.0056754947,0.02195242,0.02759415
2022-12-10 13:00:00+00:00,0.052705467,0.041120112,0.025158703,0.048090488,0.054930806
2022-12-10 14:00:00+00:00,0.08407217,0.08190191,0.05589199,0.07658461,0.08191025
2022-12-10 15:00:00+00:00,0.11323327,0.12109375,0.085543215,0.10681072,0.10757154
2022-12-10 16:00:00+00:00,0.13904387,0.15109861,0.1162886,0.13708565,0.12974691
2022-12-10 17:00:00+00:00,0.15968287,0.17121625,0.14393854,0.16175613,0.14680922
2022-12-10 18:00:00+00:00,0.17246926,0.18386912,0.16216952,0.17821488,0.1558196
2022-12-10 19:00:00+00:00,0.18050188,0.1896643,0.17338932,0.1861172,0.15890455
2022-12-10 20:00:00+00:00,0.19049501,0.19024897,0.1883409,0.20021406,0.16162044
2022-12-10 21:00:00+00:00,0.19377005,0.18197262,0.19573486,0.20584223,0.1579889
2022-12-10 22:00:00+00:00,0.19086266,0.17861205,0.20062065,0.20508733,0.15094543
2022-12-10 23:00:00+00:00,0.17994797,0.17839676,0.20205063,0.20049754,0.14094162
2022-12-11 00:00:00+00:00,0.16493058,0.17923468,0.20083201,0.1864433,0.13279784
2022-12-11 01:00:00+00:00,0.1566878,0.181216,0.20403147,0.18494776,0.14593971
2022-12-11 02:00:00+00:00,0.16366929,0.16747016,0.2072599,0.19109878,0.14224082
2022-12-11 03:00:00+00:00,0.16953045,0.15177238,0.20661587,0.18874016,0.13863379
2022-12-11 04:00:00+00:00,0.16906697,0.14038002,0.21115065,0.1875489,0.13691604
2022-12-11 05:00:00+00:00,0.16501582,0.13377017,0.21120507,0.1904222,0.13482302
2022-12-11 06:00:00+00:00,0.15773422,0.13312918,0.20980984,0.19827059,0.13174284
2022-12-11 07:00:00+00:00,0.14914817,0.12801892,0.20833951,0.1942189,0.12609386
2022-12-11 08:00:00+00:00,0.13780564,0.11963606,0.2029329,0.1776134,0.11872119
2022-12-11 09:00:00+00:00,0.1273799,0.11300999,0.19652951,0.16227624,0.11084014
2022-12-11 10:00:00+00:00,0.116191864,0.10619432,0.18942422,0.14823243,0.101545334
2022-12-11 11:00:00+00:00,0.10428816,0.102415204,0.1825257,0.13455942,0.09182918
2022-12-11 12:00:00+00:00,0.09079105,0.09853464,0.17470723,0.1213533,0.08053607
2022-12-11 13:00:00+00:00,0.077834964,0.09554821,0.16633326,0.11024085,0.07044613
2022-12-11 14:00:00+00:00,0.06488639,0.09335685,0.15780485,0.10245523,0.06095004
2022-12-11 15:00:00+00:00,0.054180145,0.091855705,0.1487636,0.09755644,0.05277574
2022-12-11 16:00:00+00:00,0.04501784,0.0908919,0.13888472,0.0947676,0.04562366
2022-12-11 17:00:00+00:00,0.038101077,0.09086722,0.12912816,0.093664914,0.040103257
2022-12-11 18:00:00+00:00,0.03362024,0.091537416,0.12106711,0.09433094,0.036691904
2022-12-11 19:00:00+00:00,0.030516446,0.09317088,0.11462939,0.096319765,0.035038233
2022-12-11 20:00:00+00:00,0.02991885,0.09665859,0.111221254,0.10074589,0.036166906
2022-12-11 21:00:00+00:00,0.03224033,0.102651656,0.11086482,0.107008666,0.040465474
2022-12-11 22:00:00+00:00,0.03784597,0.109920084,0.11226535,0.11489609,0.04706508
2022-12-11 23:00:00+00:00,0.04675138,0.119638205,0.11431259,0.12403795,0.05698937
2022-12-12 00:00:00+00:00,0.059187293,0.13255489,0.1213606,0.13579014,0.070705235
2022-12-12 01:00:00+00:00,0.073759854,0.14685786,0.13177997,0.148819,0.08604753
2022-12-12 02:00:00+00:00,0.09032965,0.16134065,0.14439756,0.16308627,0.10240042
2022-12-12 03:00:00+00:00,0.1051839,0.17197257,0.1574148,0.17530814,0.11692798
2022-12-12 04:00:00+00:00,0.11817515,0.17957163,0.16927129,0.18500379,0.12799543
2022-12-12 05:00:00+00:00,0.12560397,0.18223262,0.17687964,0.18975928,0.13286811
2022-12-12 06:00:00+00:00,0.12433654,0.17558736,0.17746288,0.18617216,0.12868088
2022-12-12 07:00:00+00:00,0.115000665,0.15928608,0.17082715,0.17418441,0.115921915
2022-12-12 08:00:00+00:00,0.098670125,0.13828838,0.15706724,0.15551504,0.09682053
2022-12-12 09:00:00+00:00,0.07726467,0.11678922,0.13933575,0.13545099,0.0739184
2022-12-12 10:00:00+00:00,0.05478573,0.09917343,0.11979473,0.11886045,0.050913036
2022-12-12 11:00:00+00:00,0.03442043,0.083373785,0.10059166,0.10701206,0.030436099
2022-12-12 12:00:00+00:00,0.017781794,0.06694162,0.079220235,0.09700653,0.012747347
2022-12-12 13:00:00+00:00,-0.0017980337,0.050738692,0.057676613,0.08961347,-0.0019526482
2022-12-12 14:00:00+00:00,-0.019162059,0.032904804,0.035128593,0.06995979,-0.015251875
2022-12-12 15:00:00+00:00,-0.034373045,0.016512752,0.016511917,0.04663846,-0.029267788
2022-12-12 16:00:00+00:00,-0.042027473,0.0015512109,-0.0045416355,0.023719043,-0.044168115
2022-12-12 17:00:00+00:00,-0.04816091,-0.010269314,-0.023646235,0.0034605265,-0.050475866
2022-12-12 18:00:00+00:00,-0.05289486,-0.019152462,-0.03550479,-0.003594935,-0.054374486
2022-12-12 19:00:00+00:00,-0.056958795,-0.02512464,-0.04339826,-0.008240074,-0.057914644
2022-12-12 20:00:00+00:00,-0.059867173,-0.028722078,-0.04845321,-0.01185298,-0.060918987
2022-12-12 21:00:00+00:00,-0.061967045,-0.030543,-0.05167535,-0.014620006,-0.06353322
2022-12-12 22:00:00+00:00,-0.06325573,-0.030689865,-0.053348273,-0.016552418,-0.065372616
2022-12-12 23:00:00+00:00,-0.064466596,-0.03025058,-0.054428846,-0.018341362,-0.066725165
2022-12-13 00:00:00+00:00,-0.06586361,-0.029199243,-0.055271864,-0.020091504,-0.067748636
2022-12-13 01:00:00+00:00,-0.06747404,-0.028159976,-0.05617404,-0.02210614,-0.06861931
2022-12-13 02:00:00+00:00,-0.069318295,-0.02730468,-0.057233214,-0.023482203,-0.06937364
2022-12-13 03:00:00+00:00,-0.07102975,-0.025914311,-0.058098733,-0.02438739,-0.06971899
2022-12-13 04:00:00+00:00,-0.0727123,-0.023986757,-0.05845788,-0.025302172,-0.069723874
2022-12-13 05:00:00+00:00,-0.07395938,-0.021464914,-0.05861512,-0.02533251,-0.069493234
2022-12-13 06:00:00+00:00,-0.07521528,-0.018775761,-0.059065342,-0.026472032,-0.06917223
2022-12-13 07:00:00+00:00,-0.07631266,-0.016354471,-0.060226142,-0.026708633,-0.069093585
2022-12-13 08:00:00+00:00,-0.077774554,-0.015794963,-0.062099487,-0.029103905,-0.06952661
2022-12-13 09:00:00+00:00,-0.07948324,-0.016842008,-0.06451392,-0.034236282,-0.070349604
2022-12-13 10:00:00+00:00,-0.08124119,-0.018223971,-0.066455394,-0.0411267,-0.07143074
2022-12-13 11:00:00+00:00,-0.082980454,-0.020165652,-0.06800848,-0.04638073,-0.07257658
2022-12-13 12:00:00+00:00,-0.08501437,-0.02232042,-0.06954011,-0.048903763,-0.07383761
2022-12-13 13:00:00+00:00,-0.087136686,-0.024356484,-0.07127339,-0.04861629,-0.07513368
2022-12-13 14:00:00+00:00,-0.08908939,-0.026791245,-0.07300404,-0.048603088,-0.07644069
2022-12-13 15:00:00+00:00,-0.09100169,-0.02961561,-0.0748823,-0.049033225,-0.07781649
2022-12-13 16:00:00+00:00,-0.09282482,-0.03279379,-0.07704246,-0.04990709,-0.0792267
2022-12-13 17:00:00+00:00,-0.09470397,-0.035645872,-0.07941365,-0.050957233,-0.080610365
2022-12-13 18:00:00+00:00,-0.09649214,-0.038300216,-0.081661284,-0.052128375,-0.08192253
2022-12-13 19:00:00+00:00,-0.09821859,-0.0413948,-0.08385953,-0.05363193,-0.08305892
2022-12-13 20:00:00+00:00,-0.09976116,-0.0443964,-0.08598876,-0.055689037,-0.08393365
2022-12-13 21:00:00+00:00,-0.10124868,-0.047606796,-0.08826077,-0.058316797,-0.08457556
2022-12-13 22:00:00+00:00,-0.10291839,-0.05177775,-0.0914025,-0.06159994,-0.085223734
2022-12-13 23:00:00+00:00,-0.10483539,-0.056515574,-0.094472736,-0.0652439,-0.08596468
2022-12-14 00:00:00+00:00,-0.1069645,-0.06152615,-0.097599775,-0.06904647,-0.08695388
2022-12-14 01:00:00+00:00,-0.109310895,-0.0665541,-0.1009959,-0.07316169,-0.088152975
2022-12-14 02:00:00+00:00,-0.11171362,-0.07109305,-0.104203224,-0.07753587,-0.08941603
2022-12-14 03:00:00+00:00,-0.1139096,-0.07505557,-0.10701597,-0.08103445,-0.09060615
2022-12-14 04:00:00+00:00,-0.11593014,-0.07850233,-0.10974169,-0.08417067,-0.09170866
2022-12-14 05:00:00+00:00,-0.118025124,-0.08170092,-0.11250469,-0.087257504,-0.09282234
2022-12-14 06:00:00+00:00,-0.12019074,-0.08517462,-0.11566511,-0.09070867,-0.094029576
2022-12-14 07:00:00+00:00,-0.122500956,-0.08941367,-0.11929858,-0.09462419,-0.095354915
2022-12-14 08:00:00+00:00,-0.125153,-0.09410256,-0.12369537,-0.099089056,-0.0969885
2022-12-14 09:00:00+00:00,-0.12819356,-0.09908506,-0.12833053,-0.102968276,-0.098798156
2022-12-14 10:00:00+00:00,-0.13113368,-0.103871346,-0.13279265,-0.10590279,-0.10072842
2022-12-14 11:00:00+00:00,-0.13600242,-0.10804731,-0.13683715,-0.10795641,-0.10310149
2022-12-14 12:00:00+00:00,-0.14057568,-0.11221376,-0.14062306,-0.109600514,-0.105876714
2022-12-14 13:00:00+00:00,-0.14482987,-0.11647907,-0.14414224,-0.11093986,-0.10892704
2022-12-14 14:00:00+00:00,-0.14854822,-0.12016383,-0.14736483,-0.11217645,-0.1119937
2022-12-14 15:00:00+00:00,-0.15198934,-0.12414354,-0.15028393,-0.11337906,-0.11492148
2022-12-14 16:00:00+00:00,-0.15496686,-0.12765801,-0.15284139,-0.114430755,-0.11806369
2022-12-14 17:00:00+00:00,-0.1572836,-0.1307835,-0.15492663,-0.11521241,-0.12134388
2022-12-14 18:00:00+00:00,-0.15889436,-0.13305312,-0.15625954,-0.11584443,-0.12431151
2022-12-14 19:00:00+00:00,-0.15984887,-0.13483393,-0.15727317,-0.11664179,-0.12662154
2022-12-14 20:00:00+00:00,-0.15967518,-0.1361196,-0.15778854,-0.117414445,-0.12816828
2022-12-14 21:00:00+00:00,-0.15856698,-0.13667044,-0.15779161,-0.118083805,-0.12897873
2022-12-14 22:00:00+00:00,-0.15716258,-0.13712206,-0.15801558,-0.11874217,-0.12892616
2022-12-14 23:00:00+00:00,-0.15574646,-0.13779172,-0.15812534,-0.119273245,-0.12866238
2022-12-15 00:00:00+00:00,-0.15477598,-0.13892129,-0.15814883,-0.12006912,-0.1287939
2022-12-15 01:00:00+00:00,-0.15373462,-0.13958034,-0.1579149,-0.12107587,-0.12900573
2022-12-15 02:00:00+00:00,-0.15284097,-0.14006889,-0.15745068,-0.1222215,-0.12955624
2022-12-15 03:00:00+00:00,-0.15239188,-0.14099094,-0.15736434,-0.12317583,-0.13122085
2022-12-15 04:00:00+00:00,-0.15241995,-0.14196005,-0.15744048,-0.12413722,-0.13260174
2022-12-15 05:00:00+00:00,-0.15342832,-0.14344534,-0.15808526,-0.12506345,-0.13425446
2022-12-15 06:00:00+00:00,-0.15531793,-0.14494675,-0.15909669,-0.12575316,-0.13608372
2022-12-15 07:00:00+00:00,-0.15817666,-0.14704263,-0.16088513,-0.1269444,-0.13910514
2022-12-15 08:00:00+00:00,-0.16184196,-0.14943206,-0.16362277,-0.1284518,-0.14282787
2022-12-15 09:00:00+00:00,-0.16605893,-0.1525225,-0.1668235,-0.12969077,-0.14727128
2022-12-15 10:00:00+00:00,-0.17005184,-0.15540537,-0.16955128,-0.13067773,-0.15164629
2022-12-15 11:00:00+00:00,-0.17371103,-0.15773454,-0.170562,-0.13372609,-0.15549242
2022-12-15 12:00:00+00:00,-0.17690557,-0.15940273,-0.17156637,-0.13806343,-0.15911874
2022-12-15 13:00:00+00:00,-0.17979977,-0.16091794,-0.17273915,-0.14212087,-0.16158804
2022-12-15 14:00:00+00:00,-0.18232173,-0.16183281,-0.17370671,-0.14540988,-0.16331333
2022-12-15 15:00:00+00:00,-0.18458709,-0.1622271,-0.17493194,-0.14881387,-0.16478446
2022-12-15 16:00:00+00:00,-0.18641919,-0.16213113,-0.17679867,-0.15178683,-0.16597724
2022-12-15 17:00:00+00:00,-0.18756229,-0.16127703,-0.17847297,-0.15382648,-0.166884
2022-12-15 18:00:00+00:00,-0.18785226,-0.15952373,-0.17954746,-0.15464252,-0.16737929
2022-12-15 19:00:00+00:00,-0.1866219,-0.1574674,-0.17984691,-0.15359071,-0.1670315
2022-12-15 20:00:00+00:00,-0.18396887,-0.15626755,-0.18089712,-0.15149242,-0.16627565
2022-12-15 21:00:00+00:00,-0.17988092,-0.15427816,-0.18105057,-0.14774507,-0.16494149
2022-12-15 22:00:00+00:00,-0.17535296,-0.15156537,-0.17922094,-0.14294904,-0.16259208
2022-12-15 23:00:00+00:00,-0.17060286,-0.14894187,-0.17662391,-0.13742402,-0.15874767
2022-12-16 00:00:00+00:00,-0.16601467,-0.14644802,-0.17380583,-0.1320172,-0.15501183
2022-12-16 01:00:00+00:00,-0.1618248,-0.14385694,-0.17083707,-0.12749705,-0.15103209
2022-12-16 02:00:00+00:00,-0.15796167,-0.14141703,-0.1677393,-0.12350932,-0.14762494
2022-12-16 03:00:00+00:00,-0.15436336,-0.13938412,-0.16481,-0.1200833,-0.14458671
2022-12-16 04:00:00+00:00,-0.15118572,-0.1375831,-0.1619013,-0.11807421,-0.14214998
2022-12-16 05:00:00+00:00,-0.14907527,-0.13637671,-0.15925631,-0.117914766,-0.14020976
2022-12-16 06:00:00+00:00,-0.14833272,-0.13637325,-0.15737957,-0.11842865,-0.13909435
2022-12-16 07:00:00+00:00,-0.1491875,-0.13686013,-0.15661052,-0.11974132,-0.13921636
2022-12-16 08:00:00+00:00,-0.15126729,-0.13774464,-0.15692347,-0.12154633,-0.14038491
2022-12-16 09:00:00+00:00,-0.15463904,-0.13942969,-0.1584098,-0.12504938,-0.14309248
2022-12-16 10:00:00+00:00,-0.15856344,-0.14201075,-0.16136485,-0.1297932,-0.14703861
2022-12-16 11:00:00+00:00,-0.16239402,-0.14487845,-0.16478002,-0.13401595,-0.15118247
2022-12-16 12:00:00+00:00,-0.16548818,-0.1476636,-0.16804624,-0.13737339,-0.15503204
2022-12-16 13:00:00+00:00,-0.16722757,-0.149524,-0.1709936,-0.13923153,-0.1578778
2022-12-16 14:00:00+00:00,-0.16814813,-0.15210167,-0.17363715,-0.14021373,-0.16019335
2022-12-16 15:00:00+00:00,-0.16820994,-0.15374812,-0.17508441,-0.1398535,-0.16141737
2022-12-16 16:00:00+00:00,-0.16736135,-0.15487158,-0.17577946,-0.13896713,-0.1619845
2022-12-16 17:00:00+00:00,-0.16608286,-0.15473726,-0.17567247,-0.13726163,-0.16190815
2022-12-16 18:00:00+00:00,-0.16414848,-0.15329796,-0.17513588,-0.13497955,-0.16199991
2022-12-16 19:00:00+00:00,-0.16160846,-0.15145028,-0.17448059,-0.13217235,-0.16195264
2022-12-16 20:00:00+00:00,-0.15823498,-0.1494894,-0.17291361,-0.12873286,-0.16084152
2022-12-16 21:00:00+00:00,-0.1539973,-0.14650491,-0.17074558,-0.12448633,-0.1587035
2022-12-16 22:00:00+00:00,-0.15058866,-0.14363441,-0.167162,-0.122938484,-0.15629879
2022-12-16 23:00:00+00:00,-0.14893317,-0.14075655,-0.16325083,-0.12252465,-0.1535742
2022-12-17 00:00:00+00:00,-0.147598,-0.13773951,-0.1600177,-0.12241024,-0.15099475
2022-12-17 01:00:00+00:00,-0.1464943,-0.13538137,-0.1575388,-0.122702956,-0.14914373
2022-12-17 02:00:00+00:00,-0.1453925,-0.13295367,-0.15525046,-0.12267834,-0.14723548
2022-12-17 03:00:00+00:00,-0.14437464,-0.13114959,-0.15389588,-0.122303605,-0.14607847
2022-12-17 04:00:00+00:00,-0.14340839,-0.12984145,-0.15293956,-0.12165323,-0.14499044
2022-12-17 05:00:00+00:00,-0.1427558,-0.12948579,-0.15245521,-0.121340066,-0.14431563
2022-12-17 06:00:00+00:00,-0.14230856,-0.1300939,-0.15220931,-0.12114772,-0.14331001
2022-12-17 07:00:00+00:00,-0.14218551,-0.13085929,-0.15234938,-0.12126872,-0.14273238
2022-12-17 08:00:00+00:00,-0.14227611,-0.13135093,-0.1527099,-0.12130648,-0.1429261
2022-12-17 09:00:00+00:00,-0.14484316,-0.13291347,-0.15397921,-0.1214889,-0.14428791
2022-12-17 10:00:00+00:00,-0.14790928,-0.13425487,-0.15627438,-0.12503314,-0.14629391
2022-12-17 11:00:00+00:00,-0.15079501,-0.13585255,-0.15912098,-0.12802005,-0.14852989
2022-12-17 12:00:00+00:00,-0.15322483,-0.1373071,-0.16161111,-0.13080889,-0.15051258
2022-12-17 13:00:00+00:00,-0.15510929,-0.1398651,-0.16369176,-0.1332809,-0.15213078
2022-12-17 14:00:00+00:00,-0.15699983,-0.14337981,-0.16569254,-0.13513944,-0.15400612
2022-12-17 15:00:00+00:00,-0.15813187,-0.14598238,-0.16709957,-0.1364114,-0.15506527
2022-12-17 16:00:00+00:00,-0.15858892,-0.14746696,-0.16792887,-0.13691795,-0.15543762
2022-12-17 17:00:00+00:00,-0.15818623,-0.14847893,-0.1687651,-0.13650605,-0.15556869
2022-12-17 18:00:00+00:00,-0.15674534,-0.14823475,-0.16893327,-0.13487837,-0.15475693
2022-12-17 19:00:00+00:00,-0.15425518,-0.14789122,-0.16872114,-0.13221031,-0.15347314
2022-12-17 20:00:00+00:00,-0.15078166,-0.14670384,-0.16748837,-0.12861085,-0.15134773
2022-12-17 21:00:00+00:00,-0.14642295,-0.14424509,-0.16514567,-0.12425166,-0.14811292
2022-12-17 22:00:00+00:00,-0.14173666,-0.14075896,-0.16167656,-0.11959073,-0.14384228
2022-12-17 23:00:00+00:00,-0.13663164,-0.13608718,-0.15754554,-0.11429438,-0.13888428
2022-12-18 00:00:00+00:00,-0.1320734,-0.13101608,-0.15350321,-0.10882115,-0.1341869
2022-12-18 01:00:00+00:00,-0.1276223,-0.12766051,-0.14958218,-0.10387808,-0.12937018
2022-12-18 02:00:00+00:00,-0.12322083,-0.12477332,-0.14403564,-0.099811494,-0.12368488
2022-12-18 03:00:00+00:00,-0.1185343,-0.12208393,-0.13878176,-0.09641898,-0.11747375
2022-12-18 04:00:00+00:00,-0.11464617,-0.11923081,-0.13461038,-0.09379402,-0.11258626
2022-12-18 05:00:00+00:00,-0.112427056,-0.11728653,-0.13190943,-0.09238288,-0.10971415
2022-12-18 06:00:00+00:00,-0.111831605,-0.1160216,-0.13019419,-0.092036456,-0.1086677
2022-12-18 07:00:00+00:00,-0.112068295,-0.11573377,-0.12981063,-0.093049556,-0.10890299
2022-12-18 08:00:00+00:00,-0.11356181,-0.11684954,-0.13132614,-0.0953767,-0.11051205
2022-12-18 09:00:00+00:00,-0.11610335,-0.11948821,-0.13437429,-0.09854385,-0.111652166
2022-12-18 10:00:00+00:00,-0.118946314,-0.12213275,-0.13725811,-0.101243556,-0.11373612
2022-12-18 11:00:00+00:00,-0.12176898,-0.1250563,-0.13990265,-0.10350242,-0.11632761
2022-12-18 12:00:00+00:00,-0.123598754,-0.1275731,-0.14199,-0.10505664,-0.1182026
2022-12-18 13:00:00+00:00,-0.12563774,-0.12969124,-0.14347357,-0.106855184,-0.11989319
2022-12-18 14:00:00+00:00,-0.12725416,-0.13120645,-0.14425564,-0.10837391,-0.12058064
2022-12-18 15:00:00+00:00,-0.1286847,-0.1324062,-0.14501792,-0.109963834,-0.12122694
2022-12-18 16:00:00+00:00,-0.13007995,-0.13410562,-0.146555,-0.11146194,-0.122312516
2022-12-18 17:00:00+00:00,-0.13119256,-0.13590169,-0.14856681,-0.11240709,-0.12383723
2022-12-18 18:00:00+00:00,-0.13193092,-0.13787141,-0.1510385,-0.11240345,-0.12555492
2022-12-18 19:00:00+00:00,-0.13167551,-0.138758,-0.15237102,-0.11138007,-0.12645984
2022-12-18 20:00:00+00:00,-0.13016367,-0.1385757,-0.15261322,-0.10940316,-0.12653986
2022-12-18 21:00:00+00:00,-0.12798634,-0.13759938,-0.15175703,-0.107030004,-0.125644
2022-12-18 22:00:00+00:00,-0.12597358,-0.13669783,-0.15032208,-0.10500944,-0.12443936
2022-12-18 23:00:00+00:00,-0.12441346,-0.13605464,-0.14689463,-0.10391444,-0.12313905
2022-12-19 00:00:00+00:00,-0.123410225,-0.13552547,-0.14378354,-0.103518695,-0.122680366
2022-12-19 01:00:00+00:00,-0.122076064,-0.1348373,-0.1403597,-0.102977335,-0.12289527
2022-12-19 02:00:00+00:00,-0.122048825,-0.13437536,-0.13844728,-0.10275674,-0.123568475
2022-12-19 03:00:00+00:00,-0.122831345,-0.13352048,-0.13738352,-0.1021778,-0.12367821
2022-12-19 04:00:00+00:00,-0.123515606,-0.13228038,-0.13634628,-0.10248721,-0.123631716
2022-12-19 05:00:00+00:00,-0.12395772,-0.13060871,-0.1359832,-0.10439256,-0.123726904
2022-12-19 06:00:00+00:00,-0.12468931,-0.12909219,-0.13638282,-0.10655239,-0.12484658
2022-12-19 07:00:00+00:00,-0.12598053,-0.12909096,-0.13817024,-0.10867652,-0.12682483
2022-12-19 08:00:00+00:00,-0.12822199,-0.1304397,-0.14040178,-0.1109269,-0.13011947
2022-12-19 09:00:00+00:00,-0.13120487,-0.13290483,-0.14364013,-0.113533616,-0.1346542
2022-12-19 10:00:00+00:00,-0.13423106,-0.1354999,-0.14805967,-0.116312295,-0.13861024
2022-12-19 11:00:00+00:00,-0.13728571,-0.13825122,-0.15360072,-0.11958146,-0.14260763
2022-12-19 12:00:00+00:00,-0.14019713,-0.14030087,-0.15820959,-0.12245998,-0.14666337
2022-12-19 13:00:00+00:00,-0.14334553,-0.1421234,-0.1612412,-0.1250447,-0.15088925
2022-12-19 14:00:00+00:00,-0.14615354,-0.1447821,-0.16324589,-0.12713546,-0.15409645
2022-12-19 15:00:00+00:00,-0.14834055,-0.14805523,-0.16518018,-0.12934884,-0.15688258
2022-12-19 16:00:00+00:00,-0.15060452,-0.15188694,-0.1674295,-0.13180947,-0.16004789
2022-12-19 17:00:00+00:00,-0.15288842,-0.15578645,-0.17004216,-0.1342574,-0.16323406
2022-12-19 18:00:00+00:00,-0.1548971,-0.1591703,-0.17203653,-0.13663727,-0.16644984
2022-12-19 19:00:00+00:00,-0.15654379,-0.16127387,-0.17363477,-0.13886335,-0.16988504
2022-12-19 20:00:00+00:00,-0.15837148,-0.16328958,-0.17515361,-0.14119786,-0.17358062
2022-12-19 21:00:00+00:00,-0.16005334,-0.16432339,-0.17660451,-0.14307931,-0.17692393
2022-12-19 22:00:00+00:00,-0.1607134,-0.16530278,-0.17750072,-0.14469996,-0.17921633
2022-12-19 23:00:00+00:00,-0.16157314,-0.1661154,-0.17795756,-0.14613506,-0.18092698
2022-12-20 00:00:00+00:00,-0.16224983,-0.1669699,-0.17809007,-0.14755997,-0.18219256
2022-12-20 01:00:00+00:00,-0.16287136,-0.16816983,-0.17811382,-0.14903042,-0.18347445
2022-12-20 02:00:00+00:00,-0.16361868,-0.16943416,-0.17786744,-0.15064156,-0.18462
2022-12-20 03:00:00+00:00,-0.16504472,-0.17193162,-0.17776504,-0.15248367,-0.18596202
2022-12-20 04:00:00+00:00,-0.16682968,-0.1741308,-0.17794302,-0.15408441,-0.1873433
2022-12-20 05:00:00+00:00,-0.16920242,-0.17608333,-0.17909396,-0.15557528,-0.18879673
2022-12-20 06:00:00+00:00,-0.17210287,-0.17833596,-0.18133047,-0.15702885,-0.19065735
2022-12-20 07:00:00+00:00,-0.17520848,-0.18097234,-0.18423441,-0.1584821,-0.19278583
2022-12-20 08:00:00+00:00,-0.17818058,-0.18396649,-0.18723485,-0.15979967,-0.19508463
2022-12-20 09:00:00+00:00,-0.18103698,-0.18746766,-0.18982413,-0.16128987,-0.19725507
2022-12-20 10:00:00+00:00,-0.18373421,-0.19128609,-0.19223964,-0.16290796,-0.19962075
2022-12-20 11:00:00+00:00,-0.18599764,-0.195308,-0.19453996,-0.16462359,-0.20199308
2022-12-20 12:00:00+00:00,-0.18782365,-0.19871834,-0.196439,-0.16634184,-0.20392233
2022-12-20 13:00:00+00:00,-0.1894769,-0.2012741,-0.19800165,-0.16788164,-0.2052888
2022-12-20 14:00:00+00:00,-0.19113135,-0.2036714,-0.19987836,-0.1696625,-0.20687512
2022-12-20 15:00:00+00:00,-0.19275498,-0.20550331,-0.20143744,-0.1710195,-0.2083134
2022-12-20 16:00:00+00:00,-0.1939497,-0.20752305,-0.20289499,-0.1722298,-0.20996964
2022-12-20 17:00:00+00:00,-0.19466016,-0.20937869,-0.20412722,-0.17300946,-0.21142295
2022-12-20 18:00:00+00:00,-0.19497761,-0.21089375,-0.20452699,-0.17352104,-0.21250209
2022-12-20 19:00:00+00:00,-0.19493634,-0.21220922,-0.20464316,-0.17383796,-0.21339288
2022-12-20 20:00:00+00:00,-0.19472778,-0.21301046,-0.20433426,-0.17415184,-0.21388477
2022-12-20 21:00:00+00:00,-0.19447476,-0.21287453,-0.20366427,-0.17413539,-0.21412516
2022-12-20 22:00:00+00:00,-0.19410178,-0.21251315,-0.20304179,-0.17393559,-0.21377414
2022-12-20 23:00:00+00:00,-0.19382858,-0.21177593,-0.20277265,-0.17394659,-0.21340853
2022-12-21 00:00:00+00:00,-0.1938273,-0.21153888,-0.20272103,-0.17406726,-0.21319431
2022-12-21 01:00:00+00:00,-0.19375068,-0.21169633,-0.20279694,-0.17435673,-0.21303153
2022-12-21 02:00:00+00:00,-0.19382963,-0.21146548,-0.2027852,-0.17459968,-0.21312693
2022-12-21 03:00:00+00:00,-0.19331038,-0.21125019,-0.20226303,-0.17486146,-0.21332073
2022-12-21 04:00:00+00:00,-0.19292036,-0.21063441,-0.20198986,-0.17502329,-0.21321228
2022-12-21 05:00:00+00:00,-0.1923787,-0.20970842,-0.20099542,-0.17482552,-0.21284878
2022-12-21 06:00:00+00:00,-0.1916374,-0.20848295,-0.20024392,-0.1746569,-0.21230206
2022-12-21 07:00:00+00:00,-0.19174021,-0.20783827,-0.2001361,-0.17492294,-0.21172446
2022-12-21 08:00:00+00:00,-0.19203138,-0.20725027,-0.19990903,-0.1756694,-0.21098828
2022-12-21 09:00:00+00:00,-0.19247109,-0.20635337,-0.19974074,-0.17624962,-0.2102721
2022-12-21 10:00:00+00:00,-0.19318372,-0.20493093,-0.20025876,-0.17701656,-0.21052292
2022-12-21 11:00:00+00:00,-0.19357574,-0.20387,-0.20134178,-0.17735523,-0.21092498
2022-12-21 12:00:00+00:00,-0.19371611,-0.20363474,-0.20228523,-0.17731652,-0.21134284
2022-12-21 13:00:00+00:00,-0.19284344,-0.20259422,-0.20199957,-0.1764436,-0.21121317
2022-12-21 14:00:00+00:00,-0.1914936,-0.20136696,-0.20110857,-0.17522761,-0.21042663
2022-12-21 15:00:00+00:00,-0.19012743,-0.19988406,-0.19977915,-0.17389789,-0.20915127
2022-12-21 16:00:00+00:00,-0.18886259,-0.19864225,-0.19877467,-0.17266408,-0.20797977
2022-12-21 17:00:00+00:00,-0.1876379,-0.19700375,-0.19778404,-0.17149279,-0.20681852
2022-12-21 18:00:00+00:00,-0.18649453,-0.19547388,-0.19678006,-0.17041096,-0.20574483
2022-12-21 19:00:00+00:00,-0.18451983,-0.19310158,-0.1961396,-0.1686103,-0.20501173
2022-12-21 20:00:00+00:00,-0.18199986,-0.1904073,-0.19508559,-0.16615403,-0.20410043
2022-12-21 21:00:00+00:00,-0.17914307,-0.18834117,-0.19317225,-0.16326672,-0.20302945
2022-12-21 22:00:00+00:00,-0.17619699,-0.1865269,-0.1904031,-0.16023925,-0.201128
2022-12-21 23:00:00+00:00,-0.17298141,-0.1846771,-0.18690255,-0.15757114,-0.19865438
2022-12-22 00:00:00+00:00,-0.17021742,-0.18104967,-0.18271819,-0.15614101,-0.19570729
2022-12-22 01:00:00+00:00,-0.1679858,-0.17785165,-0.17985323,-0.15472108,-0.19284084
2022-12-22 02:00:00+00:00,-0.16597593,-0.17467397,-0.17800277,-0.15311924,-0.19069141
2022-12-22 03:00:00+00:00,-0.16396883,-0.17229384,-0.17628899,-0.15124956,-0.18851694
2022-12-22 04:00:00+00:00,-0.16164756,-0.16966015,-0.17475414,-0.14918381,-0.18628922
2022-12-22 05:00:00+00:00,-0.15938628,-0.16733366,-0.17291734,-0.14696097,-0.18388006
2022-12-22 06:00:00+00:00,-0.15691856,-0.16511431,-0.17128295,-0.14444888,-0.18115088
2022-12-22 07:00:00+00:00,-0.15456593,-0.16339108,-0.16928706,-0.14199445,-0.17798889
2022-12-22 08:00:00+00:00,-0.15245625,-0.16177586,-0.16728109,-0.13981158,-0.17487311
2022-12-22 09:00:00+00:00,-0.15065044,-0.1600109,-0.16560405,-0.13805115,-0.17188162
2022-12-22 10:00:00+00:00,-0.14916253,-0.15862545,-0.16464615,-0.13639307,-0.17000577
2022-12-22 11:00:00+00:00,-0.14811096,-0.15750733,-0.16399392,-0.13513511,-0.16866922
2022-12-22 12:00:00+00:00,-0.1474073,-0.15723723,-0.1639202,-0.13408327,-0.16765258
2022-12-22 13:00:00+00:00,-0.14630082,-0.15655324,-0.16382667,-0.1335508,-0.16645586
2022-12-22 14:00:00+00:00,-0.14529753,-0.15584642,-0.16347408,-0.13326761,-0.16511407
2022-12-22 15:00:00+00:00,-0.14459977,-0.15482923,-0.16338718,-0.13264936,-0.16431057
2022-12-22 16:00:00+00:00,-0.14439207,-0.15418306,-0.16354933,-0.13228783,-0.16401455
2022-12-22 17:00:00+00:00,-0.14436108,-0.15383849,-0.16370878,-0.1320304,-0.1638104
2022-12-22 18:00:00+00:00,-0.14411196,-0.15326548,-0.16345537,-0.13179785,-0.16344589
2022-12-22 19:00:00+00:00,-0.14365047,-0.15199468,-0.16307107,-0.13155907,-0.16295147
2022-12-22 20:00:00+00:00,-0.14284739,-0.15059984,-0.16266024,-0.13120097,-0.1623263
2022-12-22 21:00:00+00:00,-0.14199454,-0.14962396,-0.16228023,-0.13046613,-0.16213948
2022-12-22 22:00:00+00:00,-0.14094245,-0.14837757,-0.16186959,-0.128966,-0.16100994
2022-12-22 23:00:00+00:00,-0.13941336,-0.14781284,-0.16096464,-0.12741476,-0.15843523
2022-12-23 00:00:00+00:00,-0.13796714,-0.14717257,-0.15987751,-0.1257917,-0.15581256
2022-12-23 01:00:00+00:00,-0.13670981,-0.14609843,-0.15911433,-0.123900265,-0.1529516
2022-12-23 02:00:00+00:00,-0.1361556,-0.14546704,-0.15838924,-0.12227383,-0.15106747
2022-12-23 03:00:00+00:00,-0.13581744,-0.14501813,-0.1573675,-0.12110856,-0.1496673
2022-12-23 04:00:00+00:00,-0.135761,-0.14482984,-0.15650341,-0.1204468,-0.14878729
2022-12-23 05:00:00+00:00,-0.1351738,-0.14459899,-0.15599927,-0.11961824,-0.14770067
2022-12-23 06:00:00+00:00,-0.13431758,-0.14506292,-0.1556369,-0.11899802,-0.14664629
2022-12-23 07:00:00+00:00,-0.13481545,-0.14655942,-0.15624014,-0.11897841,-0.14696676
2022-12-23 08:00:00+00:00,-0.13562953,-0.14792481,-0.15691498,-0.119383186,-0.14799449
2022-12-23 09:00:00+00:00,-0.13665959,-0.14932388,-0.15782675,-0.12045455,-0.1493091
2022-12-23 10:00:00+00:00,-0.13803044,-0.15079984,-0.15861496,-0.122189105,-0.15116873
2022-12-23 11:00:00+00:00,-0.14002332,-0.15271771,-0.16036165,-0.124451965,-0.15315339
2022-12-23 12:00:00+00:00,-0.14269736,-0.1543253,-0.16240823,-0.12685063,-0.15583912
2022-12-23 13:00:00+00:00,-0.1452781,-0.15599656,-0.16441196,-0.12925458,-0.15844837
2022-12-23 14:00:00+00:00,-0.1473259,-0.15736946,-0.1662285,-0.13136876,-0.16085628
2022-12-23 15:00:00+00:00,-0.14939147,-0.15892652,-0.16818142,-0.13329938,-0.16339982
2022-12-23 16:00:00+00:00,-0.15109742,-0.16009772,-0.16983306,-0.13503331,-0.16568682
2022-12-23 17:00:00+00:00,-0.15279189,-0.1614323,-0.17126182,-0.1367749,-0.16800281
2022-12-23 18:00:00+00:00,-0.15495387,-0.1635499,-0.17256677,-0.13871107,-0.1705867
2022-12-23 19:00:00+00:00,-0.15647638,-0.16528592,-0.17358238,-0.1406967,-0.17295891
2022-12-23 20:00:00+00:00,-0.15804133,-0.16666341,-0.17470706,-0.14249778,-0.17553863
2022-12-23 21:00:00+00:00,-0.1593476,-0.16792563,-0.17565614,-0.14396492,-0.1776196
2022-12-23 22:00:00+00:00,-0.16066965,-0.16945383,-0.1768823,-0.14504138,-0.17957869
2022-12-23 23:00:00+00:00,-0.16231969,-0.17123958,-0.17780891,-0.14621747,-0.18168649
2022-12-24 00:00:00+00:00,-0.16389489,-0.17272067,-0.17860508,-0.1471456,-0.18341604
2022-12-24 01:00:00+00:00,-0.16516343,-0.17399019,-0.17955959,-0.14860475,-0.18487799
2022-12-24 02:00:00+00:00,-0.16660994,-0.17575571,-0.18050626,-0.15021321,-0.18681371
2022-12-24 03:00:00+00:00,-0.16792786,-0.17762017,-0.18143526,-0.15166968,-0.18866459
2022-12-24 04:00:00+00:00,-0.16937771,-0.17985669,-0.18263891,-0.15399963,-0.19062653
2022-12-24 05:00:00+00:00,-0.17088789,-0.18141001,-0.18404564,-0.15629816,-0.19272608
2022-12-24 06:00:00+00:00,-0.17278433,-0.18295935,-0.18573448,-0.15839559,-0.19458437
2022-12-24 07:00:00+00:00,-0.17488527,-0.18538246,-0.18801203,-0.16031772,-0.19600457
2022-12-24 08:00:00+00:00,-0.17741504,-0.18824911,-0.1905224,-0.16242456,-0.19758606
2022-12-24 09:00:00+00:00,-0.18092027,-0.19179147,-0.19271052,-0.16526794,-0.19958249
2022-12-24 10:00:00+00:00,-0.18419954,-0.19438419,-0.19472012,-0.16858062,-0.20175046
2022-12-24 11:00:00+00:00,-0.18748033,-0.19580367,-0.19702029,-0.17167678,-0.20414624
2022-12-24 12:00:00+00:00,-0.19034272,-0.19766656,-0.2000063,-0.17441896,-0.20718372
2022-12-24 13:00:00+00:00,-0.1937604,-0.20134857,-0.20288232,-0.17753285,-0.21005857
2022-12-24 14:00:00+00:00,-0.19692647,-0.20628157,-0.20562908,-0.18058035,-0.21228838
2022-12-24 15:00:00+00:00,-0.19999826,-0.20988977,-0.20683607,-0.18315482,-0.21391594
2022-12-24 16:00:00+00:00,-0.2033678,-0.2129732,-0.20822266,-0.1858683,-0.21604753
2022-12-24 17:00:00+00:00,-0.20674092,-0.21613392,-0.21001074,-0.18873498,-0.21860915
2022-12-24 18:00:00+00:00,-0.20977688,-0.22059318,-0.21184957,-0.19146883,-0.22108245
2022-12-24 19:00:00+00:00,-0.21155587,-0.22354788,-0.21317956,-0.19346955,-0.2234742
2022-12-24 20:00:00+00:00,-0.21194011,-0.22545576,-0.21407452,-0.19451913,-0.22535315
2022-12-24 21:00:00+00:00,-0.2109982,-0.22592035,-0.21479914,-0.1942234,-0.22661915
2022-12-24 22:00:00+00:00,-0.20943329,-0.22612634,-0.21501672,-0.19310433,-0.22706303
2022-12-24 23:00:00+00:00,-0.20773044,-0.2268576,-0.21457434,-0.19210231,-0.22695729
2022-12-25 00:00:00+00:00,-0.20666838,-0.2283763,-0.21355847,-0.19162658,-0.2263234
2022-12-25 01:00:00+00:00,-0.20527247,-0.22806177,-0.21244505,-0.19077304,-0.22593448
2022-12-25 02:00:00+00:00,-0.20394996,-0.22607854,-0.21121949,-0.19002172,-0.22606915
2022-12-25 03:00:00+00:00,-0.20268211,-0.22461358,-0.21020511,-0.18920547,-0.22642258
2022-12-25 04:00:00+00:00,-0.2008537,-0.22349545,-0.20944443,-0.18807667,-0.22605589
2022-12-25 05:00:00+00:00,-0.19893372,-0.22267991,-0.208514,-0.18651852,-0.22523108
2022-12-25 06:00:00+00:00,-0.19738069,-0.22020194,-0.20721248,-0.18482819,-0.22338858
2022-12-25 07:00:00+00:00,-0.19659132,-0.21821064,-0.20608935,-0.18371946,-0.22214514
2022-12-25 08:00:00+00:00,-0.19660476,-0.21694803,-0.20578822,-0.18324068,-0.22132057
2022-12-25 09:00:00+00:00,-0.19631463,-0.21614283,-0.20520538,-0.18308619,-0.22057444
2022-12-25 10:00:00+00:00,-0.19582954,-0.21501336,-0.20478484,-0.18307069,-0.22015616
2022-12-25 11:00:00+00:00,-0.19500068,-0.2136189,-0.20424253,-0.18275246,-0.2197333
2022-12-25 12:00:00+00:00,-0.19348785,-0.21119219,-0.20369437,-0.18165392,-0.2192815
2022-12-25 13:00:00+00:00,-0.19142279,-0.20868695,-0.20277655,-0.17975536,-0.21841177
2022-12-25 14:00:00+00:00,-0.1887458,-0.20570618,-0.20122486,-0.1770064,-0.21694395
2022-12-25 15:00:00+00:00,-0.18610242,-0.20318025,-0.19932109,-0.17393142,-0.21475849
2022-12-25 16:00:00+00:00,-0.18396664,-0.2011531,-0.19698682,-0.17133582,-0.21285889
2022-12-25 17:00:00+00:00,-0.18215224,-0.19934806,-0.19449872,-0.16935793,-0.21082512
2022-12-25 18:00:00+00:00,-0.18083352,-0.19769728,-0.19266665,-0.16817564,-0.20932084
2022-12-25 19:00:00+00:00,-0.17925394,-0.1954009,-0.19086552,-0.16731426,-0.2079682
2022-12-25 20:00:00+00:00,-0.17747596,-0.1924274,-0.18958718,-0.1662119,-0.20704901
2022-12-25 21:00:00+00:00,-0.17561167,-0.18927088,-0.18785414,-0.16475663,-0.20592678
2022-12-25 22:00:00+00:00,-0.17345211,-0.18615529,-0.18626106,-0.16266868,-0.2047005
2022-12-25 23:00:00+00:00,-0.17044362,-0.18256417,-0.18403324,-0.1600259,-0.20253259
2022-12-26 00:00:00+00:00,-0.1674723,-0.17976469,-0.1816063,-0.15782097,-0.19965753
2022-12-26 01:00:00+00:00,-0.16595545,-0.17884734,-0.17938834,-0.15640712,-0.19651988
2022-12-26 02:00:00+00:00,-0.16553065,-0.17879224,-0.17827407,-0.15593842,-0.19385174
2022-12-26 03:00:00+00:00,-0.1656478,-0.17803612,-0.17790052,-0.15674457,-0.19258147
2022-12-26 04:00:00+00:00,-0.16582918,-0.17644048,-0.17850992,-0.1576722,-0.19208992
2022-12-26 05:00:00+00:00,-0.16609976,-0.17472023,-0.1796397,-0.15810037,-0.19249001
2022-12-26 06:00:00+00:00,-0.16624019,-0.17374524,-0.18110427,-0.15769961,-0.19288704
2022-12-26 07:00:00+00:00,-0.1655522,-0.17314473,-0.18129465,-0.15616632,-0.19220659
2022-12-26 08:00:00+00:00,-0.16426903,-0.17158204,-0.18019503,-0.1542457,-0.19048667
2022-12-26 09:00:00+00:00,-0.16324642,-0.16993582,-0.17912251,-0.15241042,-0.18869123
2022-12-26 10:00:00+00:00,-0.16216737,-0.16863126,-0.17802438,-0.15121078,-0.18646485
2022-12-26 11:00:00+00:00,-0.16175368,-0.16767663,-0.17767498,-0.15040135,-0.18521303
2022-12-26 12:00:00+00:00,-0.16094014,-0.16656485,-0.17707768,-0.1497685,-0.1842632
2022-12-26 13:00:00+00:00,-0.15919104,-0.16388234,-0.17651924,-0.1479733,-0.18310282
2022-12-26 14:00:00+00:00,-0.15649706,-0.16094339,-0.17517343,-0.14520648,-0.1812239
2022-12-26 15:00:00+00:00,-0.15276873,-0.15846837,-0.1724613,-0.14097363,-0.17770469
2022-12-26 16:00:00+00:00,-0.14818868,-0.15610287,-0.16866922,-0.13598907,-0.1723299
2022-12-26 17:00:00+00:00,-0.14275306,-0.1530653,-0.1641911,-0.13114247,-0.16555631
2022-12-26 18:00:00+00:00,-0.13639545,-0.1489164,-0.15973717,-0.12647316,-0.15784466
2022-12-26 19:00:00+00:00,-0.12987489,-0.14585876,-0.15657496,-0.12246242,-0.15065494
2022-12-26 20:00:00+00:00,-0.1258345,-0.14445019,-0.15439466,-0.11918655,-0.14572284
2022-12-26 21:00:00+00:00,-0.12209901,-0.1427249,-0.15204665,-0.11572829,-0.14067912
2022-12-26 22:00:00+00:00,-0.11885643,-0.14053443,-0.14898902,-0.11184269,-0.13535485
2022-12-26 23:00:00+00:00,-0.11500567,-0.13731351,-0.14502868,-0.10802603,-0.12992331
2022-12-27 00:00:00+00:00,-0.11155799,-0.13393575,-0.14196068,-0.10431102,-0.124875635
2022-12-27 01:00:00+00:00,-0.107905805,-0.13046986,-0.14003167,-0.10077274,-0.120096326
2022-12-27 02:00:00+00:00,-0.10299498,-0.12542522,-0.13679564,-0.09591988,-0.11378798
2022-12-27 03:00:00+00:00,-0.09601575,-0.11820561,-0.13141558,-0.08885473,-0.10526872
2022-12-27 04:00:00+00:00,-0.086280584,-0.10537496,-0.12280387,-0.07834867,-0.09247908
2022-12-27 05:00:00+00:00,-0.073735684,-0.088238776,-0.1109069,-0.063061,-0.07515687
2022-12-27 06:00:00+00:00,-0.05297658,-0.057631522,-0.084052354,-0.033577085,-0.051848263
2022-12-27 07:00:00+00:00,-0.021445662,-0.016631216,-0.04182884,0.005821675,-0.021531522
2022-12-27 08:00:00+00:00,0.047713876,0.017637372,0.04406929,0.039523154,0.03335458
2022-12-27 09:00:00+00:00,0.15215808,0.07283038,0.15619993,0.07922807,0.101154685
2022-12-27 10:00:00+00:00,0.2165584,0.14128059,0.21610045,0.12847796,0.15544951
2022-12-27 11:00:00+00:00,0.25018847,0.2011522,0.22458702,0.17563668,0.19244736
2022-12-27 12:00:00+00:00,0.2728116,0.23818797,0.22291505,0.22054204,0.21677011
2022-12-27 13:00:00+00:00,0.29220176,0.2634682,0.22131646,0.2581593,0.23756868
2022-12-27 14:00:00+00:00,0.30558038,0.27828652,0.24209917,0.28311858,0.25353515
2022-12-27 15:00:00+00:00,0.30859774,0.2781396,0.25708932,0.29261634,0.25941622
2022-12-27 16:00:00+00:00,0.29826516,0.2692091,0.26019394,0.29279694,0.25766128
2022-12-27 17:00:00+00:00,0.2736966,0.25250548,0.24693382,0.29064968,0.24826139
2022-12-27 18:00:00+00:00,0.244492,0.23039514,0.22196323,0.28393903,0.23187226
2022-12-27 19:00:00+00:00,0.21171331,0.20210135,0.19063133,0.2685627,0.20879173
2022-12-27 20:00:00+00:00,0.17793226,0.1683495,0.16167706,0.2450963,0.1802538
2022-12-27 21:00:00+00:00,0.14553833,0.13835627,0.13610536,0.21651956,0.15125525
2022-12-27 22:00:00+00:00,0.11559564,0.11150706,0.114500225,0.18632564,0.12424874
2022-12-27 23:00:00+00:00,0.0903365,0.09008169,0.09716678,0.1565493,0.10066593
2022-12-28 00:00:00+00:00,0.070376456,0.07293439,0.08291,0.12750813,0.078847885
2022-12-28 01:00:00+00:00,0.05520308,0.05932045,0.06989908,0.101488024,0.059339523
2022-12-28 02:00:00+00:00,0.0396052,0.047750115,0.058659613,0.08046201,0.04227251
2022-12-28 03:00:00+00:00,0.028809547,0.03846824,0.050460935,0.065356046,0.029047906
2022-12-28 04:00:00+00:00,0.019882858,0.029785573,0.043415904,0.053505212,0.017950594
2022-12-28 05:00:00+00:00,0.012798429,0.023353875,0.03770566,0.04361698,0.008966565
2022-12-28 06:00:00+00:00,0.00698483,0.01811254,0.03296739,0.035889834,0.0014545918
2022-12-28 07:00:00+00:00,0.0027130842,0.014215231,0.026729822,0.02934894,-0.004147798
2022-12-28 08:00:00+00:00,0.0003748536,0.011721134,0.02059561,0.025235683,-0.007352233
2022-12-28 09:00:00+00:00,-0.0008995533,0.0113790035,0.017186582,0.022979766,-0.009429485
2022-12-28 10:00:00+00:00,-0.0012228489,0.011729896,0.014644563,0.02255699,-0.01044178
2022-12-28 11:00:00+00:00,-0.00051641464,0.012985945,0.012927115,0.023274928,-0.010071605
2022-12-28 12:00:00+00:00,0.00016415119,0.014446974,0.012214839,0.024738342,-0.008779049
2022-12-28 13:00:00+00:00,0.0004196167,0.01576525,0.01175791,0.02621445,-0.00793162
2022-12-28 14:00:00+00:00,-0.0003797412,0.01679653,0.01094383,0.026910871,-0.007619649
2022-12-28 15:00:00+00:00,-0.0013809204,0.017460108,0.010229588,0.027036816,-0.007879227
2022-12-28 16:00:00+00:00,-0.002030909,0.018364847,0.009703815,0.027508646,-0.00826472
2022-12-28 17:00:00+00:00,-0.0021113157,0.019223392,0.008403242,0.028050452,-0.0088303685
2022-12-28 18:00:00+00:00,-0.001992762,0.020355463,0.0071430802,0.029832631,-0.008944958
2022-12-28 19:00:00+00:00,-0.0015774965,0.020840824,0.006179154,0.03217551,-0.0087175965
2022-12-28 20:00:00+00:00,-0.0020089746,0.020864189,0.0051059127,0.03456363,-0.009136707
2022-12-28 21:00:00+00:00,-0.002918005,0.021054626,0.0035222173,0.03581676,-0.010134399
2022-12-28 22:00:00+00:00,-0.0049877763,0.020895422,0.001287818,0.034338802,-0.011793315
2022-12-28 23:00:00+00:00,-0.007535994,0.019756317,-0.001425147,0.032304794,-0.013953328
2022-12-29 00:00:00+00:00,-0.01026693,0.017994285,-0.0034265518,0.030766815,-0.016278923
2022-12-29 01:00:00+00:00,-0.012497723,0.01751113,-0.004570484,0.029910713,-0.017724812
2022-12-29 02:00:00+00:00,-0.013476968,0.018450916,-0.0046020746,0.030763179,-0.017447442
2022-12-29 03:00:00+00:00,-0.0131261945,0.02131766,-0.0035355687,0.0331181,-0.015640318
2022-12-29 04:00:00+00:00,-0.010964036,0.026122868,-0.0010012984,0.03798905,-0.012025684
2022-12-29 05:00:00+00:00,-0.0071073174,0.032838464,0.0030149221,0.044258684,-0.0067121983
2022-12-29 06:00:00+00:00,-0.0023514032,0.039970696,0.007723391,0.051544517,-0.001005888
2022-12-29 07:00:00+00:00,0.0022656322,0.046542466,0.012483716,0.060032338,0.004014671
2022-12-29 08:00:00+00:00,0.006776035,0.052223206,0.018131554,0.067621976,0.008720517
2022-12-29 09:00:00+00:00,0.011796713,0.05910659,0.024314582,0.074575156,0.014104664
2022-12-29 10:00:00+00:00,0.017879903,0.066114545,0.031691074,0.08186087,0.020798206
2022-12-29 11:00:00+00:00,0.024463952,0.07688993,0.040001392,0.09015301,0.028119564
2022-12-29 12:00:00+00:00,0.031710982,0.0890913,0.05165744,0.09935358,0.03574735
2022-12-29 13:00:00+00:00,0.042156816,0.101073086,0.06450111,0.10894492,0.04405445
2022-12-29 14:00:00+00:00,0.053896725,0.11091334,0.07514775,0.118404895,0.05268091
2022-12-29 15:00:00+00:00,0.06532705,0.11746687,0.08444893,0.12707236,0.060868323
2022-12-29 16:00:00+00:00,0.074353755,0.1211651,0.09140122,0.13331231,0.06739175
2022-12-29 17:00:00+00:00,0.081903815,0.123999834,0.09653139,0.13854226,0.0731135
2022-12-29 18:00:00+00:00,0.087922454,0.12639362,0.10038978,0.14308634,0.077783704
2022-12-29 19:00:00+00:00,0.09296,0.12951618,0.10359585,0.14774969,0.08159417
2022-12-29 20:00:00+00:00,0.098009706,0.13431573,0.107231915,0.15277329,0.08574253
2022-12-29 21:00:00+00:00,0.10293579,0.13936955,0.11038196,0.15753928,0.08961499
2022-12-29 22:00:00+00:00,0.10748577,0.14286113,0.11223513,0.16107568,0.09266728
2022-12-29 23:00:00+00:00,0.11176169,0.14380503,0.113309085,0.16316083,0.09516758
2022-12-30 00:00:00+00:00,0.1155346,0.14315403,0.11297929,0.16441253,0.09708476
2022-12-30 01:00:00+00:00,0.11900598,0.14286512,0.112452626,0.16415486,0.09902161
2022-12-30 02:00:00+00:00,0.12182695,0.14332354,0.11304873,0.16350755,0.10084033
2022-12-30 03:00:00+00:00,0.12655532,0.14644176,0.11612916,0.16345999,0.104779005
2022-12-30 04:00:00+00:00,0.1337992,0.15137881,0.12154782,0.16597071,0.110488
2022-12-30 05:00:00+00:00,0.14207637,0.15710157,0.12714154,0.1703439,0.11668891
2022-12-30 06:00:00+00:00,0.15127599,0.1623739,0.13253224,0.17695025,0.12338132
2022-12-30 07:00:00+00:00,0.15983218,0.16658896,0.13773513,0.18383893,0.1296649
2022-12-30 08:00:00+00:00,0.16717374,0.1678468,0.13973081,0.18924221,0.1346302
2022-12-30 09:00:00+00:00,0.17208743,0.16715264,0.13966286,0.19230995,0.13793242
2022-12-30 10:00:00+00:00,0.17503458,0.16502202,0.13824338,0.19298312,0.14038855
2022-12-30 11:00:00+00:00,0.17542529,0.16302663,0.13722473,0.18892285,0.1417048
2022-12-30 12:00:00+00:00,0.17473388,0.16136885,0.13679999,0.18270394,0.14230663
2022-12-30 13:00:00+00:00,0.17250508,0.15916479,0.13540035,0.17778847,0.14056557
2022-12-30 14:00:00+00:00,0.16945136,0.15713632,0.13297993,0.17392567,0.13902432
2022-12-30 15:00:00+00:00,0.16555125,0.15294391,0.12975806,0.16925624,0.13679695
2022-12-30 16:00:00+00:00,0.16104716,0.14786595,0.12710631,0.16313538,0.13406473
2022-12-30 17:00:00+00:00,0.15702337,0.14360309,0.12454003,0.1566383,0.1316827
2022-12-30 18:00:00+00:00,0.15284365,0.13940668,0.12220007,0.15068367,0.12910932
2022-12-30 19:00:00+00:00,0.14922506,0.13686436,0.12008864,0.14650205,0.12703007
2022-12-30 20:00:00+00:00,0.14729851,0.1367203,0.11920124,0.1443648,0.12619781
2022-12-30 21:00:00+00:00,0.1484372,0.13844907,0.12001681,0.14499012,0.12769645
2022-12-30 22:00:00+00:00,0.152008,0.14147586,0.12300658,0.14750823,0.13073385
2022-12-30 23:00:00+00:00,0.15988678,0.14448643,0.12874496,0.1519191,0.1365307
2022-12-31 00:00:00+00:00,0.16902918,0.14709246,0.13737947,0.15790865,0.1434809
2022-12-31 01:00:00+00:00,0.17809016,0.14829004,0.14688426,0.16485938,0.15053773
2022-12-31 02:00:00+00:00,0.18595272,0.14946961,0.15664238,0.17259768,0.15770638
2022-12-31 03:00:00+00:00,0.1907385,0.15058345,0.16512597,0.1795573,0.16413009
2022-12-31 04:00:00+00:00,0.19075668,0.15173942,0.16989487,0.18589136,0.16903979
2022-12-31 05:00:00+00:00,0.18823224,0.15137929,0.16991705,0.19120094,0.17192668
2022-12-31 06:00:00+00:00,0.18109107,0.14922255,0.16420633,0.19361916,0.17242265
2022-12-31 07:00:00+00:00,0.17530346,0.14693028,0.1548307,0.19683358,0.17286414
2022-12-31 08:00:00+00:00,0.16769952,0.14332312,0.14436328,0.19816867,0.17069852
2022-12-31 09:00:00+00:00,0.15868229,0.1387639,0.13507944,0.19637123,0.16634661
2022-12-31 10:00:00+00:00,0.14966178,0.13314831,0.12690026,0.19333836,0.16018903
2022-12-31 11:00:00+00:00,0.14160645,0.1270191,0.121834815,0.18946436,0.1536153
2022-12-31 12:00:00+00:00,0.13526279,0.12332481,0.1194067,0.18564853,0.14784479
2022-12-31 13:00:00+00:00,0.12942606,0.12362808,0.12012863,0.1818259,0.14223808
2022-12-31 14:00:00+00:00,0.12391406,0.124221385,0.12249851,0.17928436,0.13641804
2022-12-31 15:00:00+00:00,0.11819881,0.12366688,0.12373376,0.17640522,0.12944597
2022-12-31 16:00:00+00:00,0.11258745,0.121938884,0.12379533,0.17258903,0.121528745
2022-12-31 17:00:00+00:00,0.10728514,0.118425846,0.12328285,0.16875502,0.11279291
2022-12-31 18:00:00+00:00,0.10139012,0.114059985,0.122923136,0.164067,0.10329771
2022-12-31 19:00:00+00:00,0.0938468,0.10959613,0.12101686,0.1598508,0.09233862
2022-12-31 20:00:00+00:00,0.08559692,0.10391277,0.11797762,0.15554628,0.0807482
2022-12-31 21:00:00+00:00,0.07694739,0.09751314,0.11366415,0.15121672,0.06939131
2022-12-31 22:00:00+00:00,0.07051098,0.09072721,0.10887653,0.14626166,0.059093654
2022-12-31 23:00:00+00:00,0.064453125,0.08283341,0.10239011,0.14036247,0.04904121
2023-01-01 00:00:00+00:00,0.05864972,0.07340312,0.09379274,0.13328752,0.038250744
2023-01-01 01:00:00+00:00,0.052773654,0.063088596,0.08400178,0.12581113,0.027657807
2023-01-01 02:00:00+00:00,0.04676664,0.052749217,0.07462537,0.11822763,0.017989814
2023-01-01 03:00:00+00:00,0.041069508,0.042495847,0.06661701,0.110771686,0.00921613
2023-01-01 04:00:00+00:00,0.034983814,0.032632887,0.060031116,0.10263339,0.0009562373
2023-01-01 05:00:00+00:00,0.02916336,0.02320975,0.053551376,0.09414807,-0.0064649284
2023-01-01 06:00:00+00:00,0.023746908,0.014300287,0.04709673,0.08557251,-0.012769073
2023-01-01 07:00:00+00:00,0.018691063,0.004529655,0.040470958,0.0765979,-0.01628837
2023-01-01 08:00:00+00:00,0.013772368,-0.004235357,0.033982396,0.067586154,-0.01784581
2023-01-01 09:00:00+00:00,0.008220255,-0.012594402,0.027804255,0.05853334,-0.019209623
2023-01-01 10:00:00+00:00,0.0031378865,-0.020262241,0.021786213,0.050278157,-0.020458102
2023-01-01 11:00:00+00:00,-0.0015982985,-0.026607215,0.016180396,0.043890923,-0.021645099
2023-01-01 12:00:00+00:00,-0.0059685707,-0.031556845,0.010564387,0.039099842,-0.022565365
2023-01-01 13:00:00+00:00,-0.0098718405,-0.036247224,0.004497826,0.034823507,-0.023707181
2023-01-01 14:00:00+00:00,-0.013045788,-0.041087985,-0.0018034577,0.030534655,-0.024877697
2023-01-01 15:00:00+00:00,-0.0160442,-0.04567486,-0.008297026,0.025173515,-0.026399821
2023-01-01 16:00:00+00:00,-0.018601209,-0.04961863,-0.014223695,0.019251198,-0.027829915
2023-01-01 17:00:00+00:00,-0.020891666,-0.052521527,-0.019325376,0.014019221,-0.029151231
2023-01-01 18:00:00+00:00,-0.023062706,-0.055212826,-0.023770392,0.011801213,-0.030363053
2023-01-01 19:00:00+00:00,-0.02478525,-0.05714351,-0.027467728,0.010061413,-0.0313659
2023-01-01 20:00:00+00:00,-0.026099741,-0.058075964,-0.0301961,0.008605987,-0.032316983
2023-01-01 21:00:00+00:00,-0.02686581,-0.057881027,-0.031681,0.0075154603,-0.033135593
2023-01-01 22:00:00+00:00,-0.027321875,-0.056617618,-0.032176316,0.006151527,-0.03388959
2023-01-01 23:00:00+00:00,-0.027203262,-0.054301172,-0.03145215,0.004956782,-0.034421235
2023-01-02 00:00:00+00:00,-0.026276618,-0.05106002,-0.029297292,0.003820479,-0.034563065
2023-01-02 01:00:00+00:00,-0.024650961,-0.04698813,-0.025787741,0.0025700629,-0.034345806
2023-01-02 02:00:00+00:00,-0.022500813,-0.04251349,-0.02132824,0.0016345978,-0.033569366
2023-01-02 03:00:00+00:00,-0.019443274,-0.03728634,-0.015540361,0.0022789836,-0.03273624
2023-01-02 04:00:00+00:00,-0.016065449,-0.03152448,-0.00909555,0.0060961545,-0.031975895
2023-01-02 05:00:00+00:00,-0.012131959,-0.023851722,-0.0019583106,0.010952324,-0.030786306
2023-01-02 06:00:00+00:00,-0.008761674,-0.012621373,0.0047286153,0.016592294,-0.029706538
2023-01-02 07:00:00+00:00,-0.0041016936,0.0014201403,0.012053251,0.022625118,-0.021735638
2023-01-02 08:00:00+00:00,0.0006789565,0.015423,0.01854372,0.028954893,-0.013388395
2023-01-02 09:00:00+00:00,0.004875481,0.026605368,0.023951411,0.036811143,-0.005961895
2023-01-02 10:00:00+00:00,0.009636581,0.036487937,0.029058278,0.044145852,0.0013498664
2023-01-02 11:00:00+00:00,0.014433265,0.046054363,0.034501135,0.05180922,0.00869751
2023-01-02 12:00:00+00:00,0.018929899,0.055367827,0.04008776,0.058333844,0.016115308
2023-01-02 13:00:00+00:00,0.023846209,0.06575501,0.046332955,0.06410602,0.023975313
2023-01-02 14:00:00+00:00,0.027918339,0.074166596,0.052657306,0.07004765,0.031133413
2023-01-02 15:00:00+00:00,0.032416582,0.08373755,0.059289932,0.0767912,0.03894031
2023-01-02 16:00:00+00:00,0.04008454,0.09407824,0.06656927,0.084337085,0.04744774
2023-01-02 17:00:00+00:00,0.051080287,0.10474348,0.07421386,0.09258065,0.055742085
2023-01-02 18:00:00+00:00,0.06499481,0.11739725,0.08367592,0.10358307,0.06661582
2023-01-02 19:00:00+00:00,0.07642418,0.12769425,0.092399895,0.11439106,0.07532936
2023-01-02 20:00:00+00:00,0.08603907,0.13435179,0.10121089,0.12551448,0.082618654
2023-01-02 21:00:00+00:00,0.09450424,0.13788754,0.10967243,0.13411048,0.08922553
2023-01-02 22:00:00+00:00,0.10043156,0.13955289,0.118270874,0.14151332,0.09385294
2023-01-02 23:00:00+00:00,0.103319585,0.14080125,0.12384701,0.14597699,0.09631348
2023-01-03 00:00:00+00:00,0.10104036,0.13878947,0.12597883,0.14521351,0.09493947
2023-01-03 01:00:00+00:00,0.09533954,0.13437074,0.12468535,0.1432297,0.091035604
2023-01-03 02:00:00+00:00,0.08915377,0.13217765,0.12198776,0.14084998,0.08697933
2023-01-03 03:00:00+00:00,0.079737544,0.12924474,0.117329895,0.13691261,0.08032316
2023-01-03 04:00:00+00:00,0.0681147,0.12597358,0.11264819,0.13133875,0.07234943
2023-01-03 05:00:00+00:00,0.055911303,0.1215266,0.10663986,0.12587819,0.06376916
2023-01-03 06:00:00+00:00,0.044080853,0.11589408,0.10012025,0.120066434,0.055113614
2023-01-03 07:00:00+00:00,0.03622347,0.10966849,0.09372997,0.11444083,0.04745537
2023-01-03 08:00:00+00:00,0.031350315,0.10461652,0.08775771,0.1080654,0.040806234
2023-01-03 09:00:00+00:00,0.028213322,0.10137808,0.08257216,0.10325125,0.036276937
2023-01-03 10:00:00+00:00,0.026307583,0.09936899,0.07793987,0.099511,0.033200502
2023-01-03 11:00:00+00:00,0.025275886,0.09721047,0.07386899,0.09593925,0.0311445
2023-01-03 12:00:00+00:00,0.025253773,0.09530264,0.07010776,0.09342292,0.030251801
2023-01-03 13:00:00+00:00,0.025816977,0.09357631,0.066856325,0.091799766,0.030385792
2023-01-03 14:00:00+00:00,0.026726723,0.09182155,0.063913465,0.0907872,0.031076312
2023-01-03 15:00:00+00:00,0.027796686,0.09013438,0.06112039,0.08977327,0.032056272
2023-01-03 16:00:00+00:00,0.029730916,0.09034151,0.059158385,0.087593526,0.03442961
2023-01-03 17:00:00+00:00,0.03212315,0.09138793,0.0578717,0.08653948,0.037713706
2023-01-03 18:00:00+00:00,0.03534025,0.093672514,0.057603836,0.0869579,0.04226309
2023-01-03 19:00:00+00:00,0.039669096,0.09688753,0.057810187,0.08808139,0.04734695
2023-01-03 20:00:00+00:00,0.046331525,0.10046905,0.058231592,0.0897499,0.05293721
2023-01-03 21:00:00+00:00,0.054431975,0.10487664,0.059220076,0.09343317,0.0590806
2023-01-03 22:00:00+00:00,0.06299847,0.109386444,0.060661197,0.098502725,0.06564063
2023-01-03 23:00:00+00:00,0.0715273,0.11520922,0.062675595,0.103587836,0.07226026
2023-01-04 00:00:00+00:00,0.07986528,0.121846676,0.065203965,0.109185904,0.07855278
2023-01-04 01:00:00+00:00,0.08669114,0.12596071,0.06733948,0.11523077,0.083296
2023-01-04 02:00:00+00:00,0.09278333,0.12747431,0.069653094,0.120780915,0.08740848
2023-01-04 03:00:00+00:00,0.09735483,0.12647188,0.07145649,0.12543198,0.089992225
2023-01-04 04:00:00+00:00,0.09891516,0.12221849,0.07273066,0.12851712,0.089922786
2023-01-04 05:00:00+00:00,0.097694755,0.11751616,0.0727694,0.12951204,0.087888956
2023-01-04 06:00:00+00:00,0.095241606,0.11393589,0.07280427,0.12856457,0.08542663
2023-01-04 07:00:00+00:00,0.09349531,0.11225033,0.07417256,0.12893292,0.08368766
2023-01-04 08:00:00+00:00,0.091529846,0.11191189,0.07638174,0.12922457,0.08219516
2023-01-04 09:00:00+00:00,0.08855891,0.111985266,0.07882625,0.12991807,0.080346525
2023-01-04 10:00:00+00:00,0.086143255,0.11263645,0.08208108,0.13209012,0.07931465
2023-01-04 11:00:00+00:00,0.08541888,0.11436391,0.08674109,0.13512501,0.08037418
2023-01-04 12:00:00+00:00,0.08701658,0.11955047,0.093581855,0.13817021,0.08327377
2023-01-04 13:00:00+00:00,0.09109664,0.13074291,0.10237247,0.14003602,0.08763826
2023-01-04 14:00:00+00:00,0.097837806,0.14709246,0.11275309,0.14224103,0.094702005
2023-01-04 15:00:00+00:00,0.108695865,0.16695529,0.12667751,0.14989242,0.10539007
2023-01-04 16:00:00+00:00,0.12318945,0.18661255,0.14422148,0.16154751,0.119033515
2023-01-04 17:00:00+00:00,0.14382267,0.2090885,0.16554421,0.17772081,0.13800061
2023-01-04 18:00:00+00:00,0.16530299,0.22929353,0.18985802,0.19706067,0.15879965
2023-01-04 19:00:00+00:00,0.18897426,0.24538076,0.21582901,0.21815464,0.18013358
2023-01-04 20:00:00+00:00,0.21697783,0.26067817,0.24242485,0.24150077,0.20321393
2023-01-04 21:00:00+00:00,0.25180936,0.27908236,0.2709977,0.26777306,0.23041773
2023-01-04 22:00:00+00:00,0.29165828,0.2994067,0.299298,0.29910138,0.2603063
2023-01-04 23:00:00+00:00,0.33402753,0.32265478,0.3271256,0.33249876,0.29221147
2023-01-05 00:00:00+00:00,0.36989772,0.34660512,0.35160184,0.3647779,0.32153183
2023-01-05 01:00:00+00:00,0.39783698,0.3721946,0.37436825,0.39675114,0.3496579
2023-01-05 02:00:00+00:00,0.4191686,0.39724278,0.39429802,0.42118594,0.37517786
2023-01-05 03:00:00+00:00,0.43613338,0.41959947,0.4116202,0.43990412,0.39756274
2023-01-05 04:00:00+00:00,0.44931084,0.4378122,0.42477483,0.45510808,0.41631818
2023-01-05 05:00:00+00:00,0.45796996,0.4504208,0.43909603,0.46524158,0.42997986
2023-01-05 06:00:00+00:00,0.46292156,0.45981377,0.4492069,0.47213104,0.4398659
2023-01-05 07:00:00+00:00,0.4640357,0.46638918,0.45515078,0.47629955,0.44663125
2023-01-05 08:00:00+00:00,0.46273237,0.4697762,0.4576921,0.47822222,0.45077717
2023-01-05 09:00:00+00:00,0.45976442,0.47106802,0.45747,0.47904912,0.45247453
2023-01-05 10:00:00+00:00,0.45573926,0.47097123,0.45500427,0.47874978,0.45219445
2023-01-05 11:00:00+00:00,0.4511466,0.4699694,0.44985378,0.47790948,0.4501766
2023-01-05 12:00:00+00:00,0.4462086,0.4677961,0.44233412,0.47649637,0.44637638
2023-01-05 13:00:00+00:00,0.439834,0.46315902,0.43207765,0.47430936,0.4396572
2023-01-05 14:00:00+00:00,0.43155044,0.45479614,0.4191863,0.47050223,0.42961484
2023-01-05 15:00:00+00:00,0.4202479,0.44122893,0.40497637,0.46471748,0.41539192
2023-01-05 16:00:00+00:00,0.4074806,0.42348886,0.39038712,0.45518234,0.39828175
2023-01-05 17:00:00+00:00,0.3916071,0.40128,0.37575752,0.44239423,0.3785752
2023-01-05 18:00:00+00:00,0.37320238,0.37636286,0.36115706,0.42483708,0.3578335
2023-01-05 19:00:00+00:00,0.3535216,0.34991223,0.34562314,0.40292385,0.3379439
2023-01-05 20:00:00+00:00,0.3315866,0.3231511,0.32434,0.3771802,0.31814182
2023-01-05 21:00:00+00:00,0.3058312,0.2948014,0.2937973,0.35066637,0.2971837
2023-01-05 22:00:00+00:00,0.27914226,0.26276028,0.25148362,0.32258156,0.27560323
2023-01-05 23:00:00+00:00,0.2514587,0.22837329,0.2016266,0.29489222,0.25372434
2023-01-06 00:00:00+00:00,0.22198212,0.19427288,0.14992243,0.26421365,0.2304964
2023-01-06 01:00:00+00:00,0.19324172,0.16726196,0.10347676,0.22994313,0.20665228
2023-01-06 02:00:00+00:00,0.1705814,0.14346224,0.06800538,0.19637808,0.18577266
2023-01-06 03:00:00+00:00,0.15457016,0.12381965,0.041297257,0.16627243,0.1703471
2023-01-06 04:00:00+00:00,0.14121461,0.10816622,0.024702251,0.14577696,0.15788496
2023-01-06 05:00:00+00:00,0.13040346,0.09817791,0.014140606,0.13049963,0.14881319
2023-01-06 06:00:00+00:00,0.12176621,0.09087914,0.0075470805,0.12010768,0.14247948
2023-01-06 07:00:00+00:00,0.11521298,0.08556688,0.002603352,0.11197707,0.13809997
2023-01-06 08:00:00+00:00,0.111970186,0.08180416,0.0010038018,0.104643315,0.13616508
2023-01-06 09:00:00+00:00,0.11076695,0.07913363,0.00074082613,0.09971061,0.13637006
2023-01-06 10:00:00+00:00,0.10943562,0.07740605,0.0015518069,0.09493324,0.13633388
2023-01-06 11:00:00+00:00,0.10843855,0.07721406,0.0023733377,0.0911676,0.13601124
2023-01-06 12:00:00+00:00,0.10880047,0.07924312,0.0043538213,0.089444846,0.13728738
2023-01-06 13:00:00+00:00,0.11004174,0.08172202,0.005867243,0.09023705,0.13988411
2023-01-06 14:00:00+00:00,0.11135101,0.08524424,0.007847071,0.09116277,0.14224112
2023-01-06 15:00:00+00:00,0.11254978,0.08838731,0.009905279,0.09346965,0.1427561
2023-01-06 16:00:00+00:00,0.11394191,0.09166598,0.011824369,0.09652099,0.14309889
2023-01-06 17:00:00+00:00,0.11569005,0.09470427,0.014580369,0.10005131,0.14393866
2023-01-06 18:00:00+00:00,0.1173321,0.0970059,0.01732105,0.10252622,0.14431274
2023-01-06 19:00:00+00:00,0.11807448,0.098261714,0.019455492,0.10426882,0.14357662
2023-01-06 20:00:00+00:00,0.11806399,0.0985589,0.021102428,0.10490748,0.14184994
2023-01-06 21:00:00+00:00,0.118141055,0.099589705,0.022509217,0.10533962,0.14050663
2023-01-06 22:00:00+00:00,0.118169725,0.0999887,0.023847163,0.105551094,0.13901705
2023-01-06 23:00:00+00:00,0.11789179,0.099390686,0.025272012,0.10516873,0.13706154
2023-01-07 00:00:00+00:00,0.11738682,0.09852356,0.027102232,0.10486898,0.13493711
2023-01-07 01:00:00+00:00,0.11705792,0.098021746,0.029928565,0.10560456,0.13365155
2023-01-07 02:00:00+00:00,0.11653799,0.09684509,0.03262508,0.10672942,0.13247514
2023-01-07 03:00:00+00:00,0.11613494,0.09629923,0.035318375,0.10762772,0.13142002
2023-01-07 04:00:00+00:00,0.11653733,0.09699637,0.038306594,0.10831109,0.1304195
2023-01-07 05:00:00+00:00,0.117361486,0.09792328,0.041752577,0.11007014,0.12971276
2023-01-07 06:00:00+00:00,0.118406,0.099169016,0.045582116,0.1123229,0.12933105
2023-01-07 07:00:00+00:00,0.12040448,0.10186535,0.05065936,0.115148515,0.12968504
2023-01-07 08:00:00+00:00,0.1230548,0.1054641,0.056449056,0.11830464,0.13081193
2023-01-07 09:00:00+00:00,0.12691867,0.11055869,0.06319529,0.12221268,0.13304585
2023-01-07 10:00:00+00:00,0.13077307,0.116779625,0.06928444,0.12688288,0.13539028
2023-01-07 11:00:00+00:00,0.13643086,0.12457287,0.07619125,0.13340291,0.13906145
2023-01-07 12:00:00+00:00,0.14341408,0.13291603,0.08389354,0.14112493,0.14367253
2023-01-07 13:00:00+00:00,0.15222144,0.14225554,0.09301275,0.15040264,0.14966065
2023-01-07 14:00:00+00:00,0.16208225,0.15326393,0.1035226,0.16086677,0.15691346
2023-01-07 15:00:00+00:00,0.17234308,0.16628778,0.114150226,0.17137423,0.16447586
2023-01-07 16:00:00+00:00,0.18253452,0.17923778,0.124512315,0.18232343,0.17208701
2023-01-07 17:00:00+00:00,0.19355929,0.19027138,0.13464957,0.19337079,0.18017817
2023-01-07 18:00:00+00:00,0.20533758,0.20111126,0.14452982,0.20486507,0.18847942
2023-01-07 19:00:00+00:00,0.21711522,0.2126773,0.15496314,0.21643034,0.19628394
2023-01-07 20:00:00+00:00,0.22796851,0.22365147,0.1650477,0.2274861,0.2027514
2023-01-07 21:00:00+00:00,0.23902553,0.23347819,0.1755901,0.23899338,0.20919424
2023-01-07 22:00:00+00:00,0.25235403,0.24789435,0.18857306,0.25196448,0.21899867
2023-01-07 23:00:00+00:00,0.2666167,0.26467896,0.20313239,0.26526746,0.23055387
2023-01-08 00:00:00+00:00,0.28012478,0.2795877,0.2174316,0.27812764,0.24163228
2023-01-08 01:00:00+00:00,0.292369,0.29070383,0.23213017,0.29079446,0.25153697
2023-01-08 02:00:00+00:00,0.3068596,0.30350447,0.24768901,0.3056921,0.26317948
2023-01-08 03:00:00+00:00,0.32381368,0.31880927,0.26431108,0.3213717,0.2764904
2023-01-08 04:00:00+00:00,0.34266043,0.33502084,0.28402656,0.3364595,0.2920046
2023-01-08 05:00:00+00:00,0.36169195,0.3479601,0.3050145,0.35078678,0.30730766
2023-01-08 06:00:00+00:00,0.3789193,0.3568468,0.32473254,0.36549345,0.32230073
2023-01-08 07:00:00+00:00,0.38799894,0.36521727,0.33854115,0.37525615,0.33448136
2023-01-08 08:00:00+00:00,0.38748688,0.3721069,0.35065806,0.3836855,0.34348887
2023-01-08 09:00:00+00:00,0.38015133,0.3763517,0.3529961,0.3901073,0.34902322
2023-01-08 10:00:00+00:00,0.36805797,0.3751182,0.34656137,0.39409873,0.34877783
2023-01-08 11:00:00+00:00,0.35762745,0.3690012,0.33569986,0.39529225,0.34475285
2023-01-08 12:00:00+00:00,0.34971082,0.35899127,0.32587552,0.39183912,0.33839446
2023-01-08 13:00:00+00:00,0.33871955,0.34631836,0.31412876,0.3818535,0.32981032
2023-01-08 14:00:00+00:00,0.3202057,0.32748526,0.29514587,0.3645703,0.31665766
2023-01-08 15:00:00+00:00,0.29593635,0.3017854,0.26542413,0.34245995,0.2998566
2023-01-08 16:00:00+00:00,0.2693686,0.27171284,0.22673619,0.31979653,0.28104717
2023-01-08 17:00:00+00:00,0.24471593,0.24133277,0.1867798,0.29698148,0.26222885
2023-01-08 18:00:00+00:00,0.22161871,0.21566284,0.15189451,0.2721136,0.244295
2023-01-08 19:00:00+00:00,0.19956481,0.19580233,0.12559342,0.2446234,0.22707832
2023-01-08 20:00:00+00:00,0.18219393,0.18086791,0.10833329,0.22291902,0.21276897
2023-01-08 22:00:00+00:00,0.16950196,0.16923982,0.0988242,0.20737597,0.20164174
2023-01-08 23:00:00+00:00,0.16143787,0.15974641,0.09452158,0.1970925,0.19403535
2023-01-09 00:00:00+00:00,0.15576571,0.15430057,0.093394876,0.18819228,0.18800408
2023-01-09 01:00:00+00:00,0.15274829,0.1534791,0.096318126,0.18547234,0.18484998
2023-01-09 02:00:00+00:00,0.1540944,0.15813708,0.1037817,0.18805024,0.18530703
2023-01-09 03:00:00+00:00,0.15995187,0.16907543,0.11551654,0.19438693,0.18899214
2023-01-09 04:00:00+00:00,0.1705563,0.18695462,0.13194925,0.20517722,0.19581473
2023-01-09 05:00:00+00:00,0.18892425,0.20821589,0.15515268,0.22021696,0.20710427
2023-01-09 06:00:00+00:00,0.21299595,0.22862196,0.18236828,0.24021336,0.22144556
2023-01-09 07:00:00+00:00,0.24706286,0.2539435,0.21878785,0.26461568,0.24072522
2023-01-09 08:00:00+00:00,0.2883612,0.28270596,0.26483405,0.29257777,0.26357514
2023-01-09 09:00:00+00:00,0.3285371,0.31106466,0.31498814,0.31977782,0.28970587
2023-01-09 10:00:00+00:00,0.35726017,0.3332126,0.35834533,0.3418297,0.31617713
2023-01-09 11:00:00+00:00,0.37432295,0.35021573,0.38832098,0.36127076,0.3401999
2023-01-09 12:00:00+00:00,0.38583225,0.36419457,0.40611887,0.38780323,0.36139524
2023-01-09 13:00:00+00:00,0.3936119,0.3731174,0.4135195,0.41332975,0.37818253
2023-01-09 14:00:00+00:00,0.38983178,0.3732506,0.4103995,0.4266294,0.3877542
2023-01-09 15:00:00+00:00,0.38412,0.3690266,0.40111017,0.43555632,0.3922009
2023-01-09 16:00:00+00:00,0.3777138,0.36084878,0.38736588,0.4424728,0.39230424
2023-01-09 17:00:00+00:00,0.36777812,0.34731364,0.36305183,0.4425151,0.3880592
2023-01-09 18:00:00+00:00,0.36130458,0.33238238,0.33386898,0.4407468,0.38094473
2023-01-09 19:00:00+00:00,0.3400604,0.31000948,0.29300553,0.4228287,0.36640126
2023-01-09 20:00:00+00:00,0.30961758,0.28192472,0.20745432,0.39633837,0.34444457
2023-01-09 21:00:00+00:00,0.28187758,0.2480647,0.081263304,0.3750631,0.3159777
2023-01-09 22:00:00+00:00,0.2594428,0.21461856,-0.023979872,0.3588539,0.28441542
2023-01-09 23:00:00+00:00,0.23953605,0.18630838,-0.07183626,0.33507475,0.25352627
2023-01-10 00:00:00+00:00,0.21838486,0.16982192,-0.032669425,0.29164532,0.22614688
2023-01-10 01:00:00+00:00,0.20082927,0.17026132,0.04002863,0.24641845,0.20691246
2023-01-10 02:00:00+00:00,0.19032162,0.17481846,0.09322041,0.22087511,0.1970368
2023-01-10 03:00:00+00:00,0.1866309,0.18146485,0.12336558,0.21449688,0.19279563
2023-01-10 04:00:00+00:00,0.18772322,0.19163513,0.14521176,0.21731672,0.19381356
2023-01-10 05:00:00+00:00,0.19371212,0.2035377,0.16441214,0.22707036,0.19775116
2023-01-10 06:00:00+00:00,0.20143372,0.2162087,0.18297446,0.2395955,0.20326006
2023-01-10 07:00:00+00:00,0.21496862,0.23545408,0.20532066,0.25500366,0.21378481
2023-01-10 08:00:00+00:00,0.23229623,0.25679237,0.23129267,0.2737309,0.22827417
2023-01-10 09:00:00+00:00,0.25291187,0.27996057,0.25849015,0.2953668,0.24557084
2023-01-10 10:00:00+00:00,0.2749666,0.29981226,0.2857496,0.31702492,0.2648868
2023-01-10 11:00:00+00:00,0.29792154,0.3183992,0.31178457,0.3396426,0.28547412
2023-01-10 12:00:00+00:00,0.32101363,0.33658618,0.33434188,0.36216792,0.30610394
2023-01-10 13:00:00+00:00,0.34086204,0.3511988,0.35247672,0.38183507,0.32370424
2023-01-10 14:00:00+00:00,0.35744375,0.3629982,0.36682647,0.39807597,0.33840436
2023-01-10 15:00:00+00:00,0.37016368,0.37166935,0.37807244,0.4108126,0.34951258
2023-01-10 16:00:00+00:00,0.38011402,0.37945515,0.3868091,0.41975442,0.35842407
2023-01-10 17:00:00+00:00,0.38618767,0.3852327,0.39216864,0.42546526,0.36480874
2023-01-10 18:00:00+00:00,0.39383233,0.38940024,0.39781362,0.43366906,0.37002695
2023-01-10 19:00:00+00:00,0.39229298,0.38773334,0.399059,0.4338121,0.3706264
2023-01-10 20:00:00+00:00,0.3861333,0.38108677,0.3948208,0.43085995,0.36689758
2023-01-10 21:00:00+00:00,0.37842834,0.3726474,0.38549048,0.42635116,0.36038852
2023-01-10 22:00:00+00:00,0.365062,0.36098915,0.36922705,0.41850975,0.3500908
2023-01-10 23:00:00+00:00,0.34690905,0.34366453,0.34328473,0.41038564,0.33650053
2023-01-11 00:00:00+00:00,0.3274629,0.32361418,0.31911743,0.3942708,0.32018793
2023-01-11 01:00:00+00:00,0.30899918,0.30501598,0.29480195,0.37660298,0.30475742
2023-01-11 02:00:00+00:00,0.29201418,0.2889983,0.27116203,0.35926923,0.29093122
2023-01-11 03:00:00+00:00,0.27706653,0.275447,0.25099784,0.34118626,0.27899057
2023-01-11 04:00:00+00:00,0.26322997,0.26168817,0.23287731,0.32400128,0.26810014
2023-01-11 05:00:00+00:00,0.25140625,0.2482127,0.21692592,0.30773965,0.25859714
2023-01-11 06:00:00+00:00,0.24322075,0.23722482,0.20473135,0.2939116,0.2515537
2023-01-11 07:00:00+00:00,0.23787427,0.22842121,0.19622934,0.2833356,0.24654037
2023-01-11 08:00:00+00:00,0.23441029,0.22150773,0.19005156,0.27358547,0.2430268
2023-01-11 09:00:00+00:00,0.23033899,0.21627575,0.18328232,0.26150247,0.24046981
2023-01-11 10:00:00+00:00,0.22506756,0.21219522,0.17384905,0.25032207,0.23850238
2023-01-11 11:00:00+00:00,0.22181594,0.20930713,0.16209775,0.24388596,0.23879802
2023-01-11 12:00:00+00:00,0.21955407,0.20884621,0.14972901,0.24172756,0.24038935
2023-01-11 13:00:00+00:00,0.21608484,0.20835596,0.1373083,0.24227205,0.24056596
2023-01-11 14:00:00+00:00,0.21371311,0.20631784,0.12966323,0.2423195,0.23974234
2023-01-11 15:00:00+00:00,0.21349806,0.20510417,0.12711537,0.24061248,0.23966378
2023-01-11 16:00:00+00:00,0.21320337,0.20323175,0.1252197,0.23849162,0.23920935
2023-01-11 17:00:00+00:00,0.21257102,0.19938648,0.1238963,0.23334005,0.23796284
2023-01-11 18:00:00+00:00,0.21123463,0.1962884,0.12220019,0.22655103,0.23653418
2023-01-11 19:00:00+00:00,0.21296209,0.19617432,0.1229704,0.22334549,0.2372787
2023-01-11 20:00:00+00:00,0.2166745,0.19806671,0.12554318,0.22177479,0.23982936
2023-01-11 21:00:00+00:00,0.22001863,0.2010569,0.12763846,0.22086021,0.24212092
2023-01-11 22:00:00+00:00,0.22356254,0.20495713,0.12882489,0.21926269,0.24550158
2023-01-11 23:00:00+00:00,0.2271946,0.20746064,0.12896848,0.2207807,0.2481482
2023-01-12 00:00:00+00:00,0.22913116,0.20675576,0.1249364,0.22118768,0.24944538
2023-01-12 01:00:00+00:00,0.23184043,0.20581508,0.11981404,0.21886525,0.2518651
2023-01-12 02:00:00+00:00,0.23446989,0.20716721,0.11417675,0.21833387,0.25584155
2023-01-12 03:00:00+00:00,0.2369684,0.21011764,0.10915363,0.22121903,0.26098663
2023-01-12 04:00:00+00:00,0.24083328,0.21616298,0.103844166,0.2308385,0.26760536
2023-01-12 05:00:00+00:00,0.2450552,0.22478372,0.10257882,0.24594805,0.27481693
2023-01-12 06:00:00+00:00,0.2512967,0.2329827,0.103910446,0.26418373,0.2826568
2023-01-12 07:00:00+00:00,0.25645757,0.24032146,0.10532731,0.27854094,0.28919333
2023-01-12 08:00:00+00:00,0.2579772,0.24623924,0.103885174,0.2889122,0.29298192
2023-01-12 09:00:00+00:00,0.25711864,0.24844563,0.09653294,0.2972801,0.2941944
2023-01-12 10:00:00+00:00,0.25429308,0.24674618,0.08575308,0.30164996,0.2926911
2023-01-12 11:00:00+00:00,0.2506299,0.24281716,0.07330662,0.30324915,0.2898993
2023-01-12 12:00:00+00:00,0.24599737,0.23709768,0.061865628,0.30037597,0.28615326
2023-01-12 13:00:00+00:00,0.24027121,0.22987133,0.054167688,0.2947757,0.2810443
2023-01-12 14:00:00+00:00,0.23232448,0.22102237,0.047079682,0.28574678,0.27434307
2023-01-12 15:00:00+00:00,0.22304928,0.2109515,0.038160205,0.2748632,0.26602405
2023-01-12 16:00:00+00:00,0.21443701,0.19920075,0.03056544,0.26334998,0.25690526
2023-01-12 17:00:00+00:00,0.2063461,0.18704623,0.024541438,0.24917915,0.2476232
2023-01-12 18:00:00+00:00,0.19775403,0.17519027,0.021165013,0.23397484,0.23802358
2023-01-12 19:00:00+00:00,0.18899292,0.1641134,0.02230227,0.21828213,0.22821343
2023-01-12 20:00:00+00:00,0.1822542,0.15618652,0.025637984,0.20492592,0.22003871
2023-01-12 21:00:00+00:00,0.17726398,0.15061891,0.030173004,0.19619218,0.21395516
2023-01-12 22:00:00+00:00,0.17355096,0.14693922,0.03505647,0.18965217,0.20920783
2023-01-12 23:00:00+00:00,0.16989452,0.1445384,0.040590048,0.18497631,0.20481831
2023-01-13 00:00:00+00:00,0.1664986,0.1431883,0.04721266,0.18226,0.20065665
2023-01-13 01:00:00+00:00,0.16510332,0.14337635,0.05449879,0.18166044,0.19822013
2023-01-13 02:00:00+00:00,0.16447008,0.14417738,0.062573254,0.18239143,0.19663537
2023-01-13 03:00:00+00:00,0.1647197,0.14691502,0.07079524,0.18338266,0.19611537
2023-01-13 04:00:00+00:00,0.16658121,0.15168947,0.080667675,0.18688622,0.19701898
2023-01-13 05:00:00+00:00,0.17044294,0.15791434,0.09139514,0.19285128,0.1995449
2023-01-13 06:00:00+00:00,0.1756643,0.16541523,0.10182208,0.200254,0.20370525
2023-01-13 07:00:00+00:00,0.17976946,0.17220652,0.110828996,0.20733288,0.20663083
2023-01-13 08:00:00+00:00,0.1838414,0.17887366,0.118579924,0.21384898,0.20905954
2023-01-13 09:00:00+00:00,0.18811113,0.18411583,0.12530935,0.22014967,0.21142483
2023-01-13 10:00:00+00:00,0.19219124,0.1891877,0.13228953,0.22525981,0.21374273
2023-01-13 11:00:00+00:00,0.19758171,0.19491172,0.13979834,0.23054895,0.21725124
2023-01-13 12:00:00+00:00,0.2038176,0.20286185,0.14849669,0.23622945,0.22206855
2023-01-13 13:00:00+00:00,0.21090817,0.21165246,0.15851045,0.24402115,0.22793227
2023-01-13 14:00:00+00:00,0.22114438,0.22101939,0.17044407,0.253068,0.23584336
2023-01-13 15:00:00+00:00,0.2333762,0.23000664,0.18493503,0.26315084,0.24475408
2023-01-13 16:00:00+00:00,0.24693573,0.24101675,0.1995498,0.27243057,0.25390726
2023-01-13 17:00:00+00:00,0.25779903,0.25007153,0.21286553,0.27800468,0.26139498
2023-01-13 18:00:00+00:00,0.26765323,0.25597537,0.2247656,0.28420344,0.26772076
2023-01-13 19:00:00+00:00,0.27456707,0.26011205,0.23205459,0.28782174,0.27364713
2023-01-13 20:00:00+00:00,0.2788542,0.26323217,0.234483,0.29068598,0.2798388
2023-01-13 21:00:00+00:00,0.28081256,0.26695967,0.23237264,0.29328057,0.28552938
2023-01-13 22:00:00+00:00,0.2790445,0.26766974,0.22486615,0.29522225,0.28919452
2023-01-13 23:00:00+00:00,0.27627683,0.26747257,0.21145314,0.29975817,0.2907411
2023-01-14 00:00:00+00:00,0.27256382,0.2645163,0.19656831,0.30205944,0.29014927
2023-01-14 01:00:00+00:00,0.2678504,0.25929326,0.18032122,0.30138287,0.28752428
2023-01-14 02:00:00+00:00,0.26113337,0.25205314,0.16386986,0.29826412,0.28243232
2023-01-14 03:00:00+00:00,0.25317627,0.24420857,0.1498056,0.29079428,0.2761802
2023-01-14 04:00:00+00:00,0.24428725,0.23582768,0.13923413,0.28403702,0.26883358
2023-01-14 05:00:00+00:00,0.23850322,0.2297476,0.1344235,0.27885827,0.26323777
2023-01-14 06:00:00+00:00,0.23437643,0.22666508,0.13553733,0.27550623,0.25870466
2023-01-14 07:00:00+00:00,0.2343108,0.2275818,0.14342552,0.27437857,0.25709873
2023-01-14 08:00:00+00:00,0.23727018,0.23202616,0.1572991,0.2760603,0.25748682
2023-01-14 09:00:00+00:00,0.24773431,0.24435878,0.17883956,0.28450212,0.26183808
2023-01-14 10:00:00+00:00,0.26892132,0.2649992,0.21118575,0.29988775,0.27257484
2023-01-14 11:00:00+00:00,0.29508013,0.28964573,0.25168365,0.3152465,0.28904593
2023-01-14 12:00:00+00:00,0.32340652,0.31744665,0.29530817,0.33341464,0.31029785
2023-01-14 13:00:00+00:00,0.34840167,0.34223503,0.33473676,0.35436556,0.33197063
2023-01-14 14:00:00+00:00,0.36723167,0.3610229,0.36396122,0.3773308,0.35164154
2023-01-14 15:00:00+00:00,0.37889946,0.37312877,0.38167745,0.39781573,0.3681414
2023-01-14 16:00:00+00:00,0.38615078,0.37947595,0.3906749,0.4153842,0.3804255
2023-01-14 17:00:00+00:00,0.38679612,0.38071352,0.39066893,0.42703936,0.38765138
2023-01-14 18:00:00+00:00,0.3870989,0.37996352,0.3858828,0.43846014,0.3914603
2023-01-14 19:00:00+00:00,0.3798675,0.37323642,0.37862217,0.44320074,0.39013588
2023-01-14 20:00:00+00:00,0.37277675,0.36495072,0.3702075,0.44298652,0.38651532
2023-01-14 21:00:00+00:00,0.3617258,0.3527016,0.35567224,0.43997183,0.3791917
2023-01-14 22:00:00+00:00,0.34693658,0.33542353,0.33415103,0.43425515,0.36698294
2023-01-14 23:00:00+00:00,0.33506447,0.3154124,0.3033998,0.42955038,0.35081178
2023-01-15 00:00:00+00:00,0.31918007,0.28979355,0.274877,0.41904154,0.3287825
2023-01-15 01:00:00+00:00,0.3035385,0.26408982,0.2523058,0.40152666,0.30524504
2023-01-15 02:00:00+00:00,0.29082656,0.24081928,0.23887265,0.37682894,0.28268862
2023-01-15 03:00:00+00:00,0.2808094,0.22328925,0.23380774,0.34674272,0.26387352
2023-01-15 04:00:00+00:00,0.27206856,0.2134288,0.23011655,0.31902543,0.24971217
2023-01-15 05:00:00+00:00,0.26288015,0.20842105,0.22645617,0.2958497,0.23898947
2023-01-15 06:00:00+00:00,0.25567698,0.20644724,0.22395217,0.27983645,0.2322663
2023-01-15 07:00:00+00:00,0.25303167,0.20879656,0.22117698,0.26971522,0.23072726
2023-01-15 08:00:00+00:00,0.24865311,0.21135801,0.21712208,0.26391384,0.22943372
2023-01-15 09:00:00+00:00,0.2447654,0.21377957,0.21273488,0.26004043,0.2278027
2023-01-15 10:00:00+00:00,0.24182993,0.21770144,0.20980972,0.25778624,0.22712827
2023-01-15 11:00:00+00:00,0.23856288,0.21895039,0.20759243,0.25629553,0.22580922
2023-01-15 12:00:00+00:00,0.23545969,0.21785778,0.20506424,0.2541392,0.2230891
2023-01-15 13:00:00+00:00,0.23192883,0.2164343,0.20285797,0.24741444,0.21965688
2023-01-15 14:00:00+00:00,0.22793329,0.21445888,0.19971651,0.241357,0.2161308
2023-01-15 15:00:00+00:00,0.22103393,0.20970571,0.19329435,0.2354162,0.21023172
2023-01-15 16:00:00+00:00,0.21436787,0.20448261,0.18676502,0.22869125,0.20369798
2023-01-15 17:00:00+00:00,0.20933932,0.19993716,0.18140328,0.2226462,0.1985429
2023-01-15 18:00:00+00:00,0.20603794,0.19698328,0.17844468,0.21907696,0.19525486
2023-01-15 19:00:00+00:00,0.2034592,0.19618964,0.17797118,0.21739694,0.19293332
2023-01-15 20:00:00+00:00,0.2021361,0.19683439,0.18022901,0.21766064,0.19154096
2023-01-15 21:00:00+00:00,0.20509708,0.20134503,0.18799812,0.22208998,0.19400883
2023-01-15 22:00:00+00:00,0.2085402,0.20615256,0.1963659,0.228232,0.1968103
2023-01-15 23:00:00+00:00,0.2119742,0.21061718,0.20384997,0.23406175,0.19940495
2023-01-16 00:00:00+00:00,0.21747613,0.21612597,0.21314937,0.24079695,0.2037453
2023-01-16 01:00:00+00:00,0.22257763,0.22060901,0.22072756,0.24809507,0.20780379
2023-01-16 02:00:00+00:00,0.22760451,0.22494984,0.22800207,0.25606105,0.21115768
2023-01-16 03:00:00+00:00,0.23142648,0.22690219,0.23445648,0.261322,0.21282011
2023-01-16 04:00:00+00:00,0.23289138,0.22647244,0.23870003,0.2642543,0.21206391
2023-01-16 05:00:00+00:00,0.23189384,0.22377408,0.24093693,0.2642804,0.20838523
2023-01-16 06:00:00+00:00,0.22515291,0.2165358,0.23741788,0.25876674,0.19917446
2023-01-16 07:00:00+00:00,0.2134732,0.20576495,0.2289902,0.24867484,0.18524927
2023-01-16 08:00:00+00:00,0.19731796,0.19301969,0.21657419,0.23473778,0.16724432
2023-01-16 09:00:00+00:00,0.17516094,0.17674321,0.1995942,0.21656623,0.14457607
2023-01-16 10:00:00+00:00,0.1531207,0.15857494,0.18158334,0.19689873,0.121074796
2023-01-16 11:00:00+00:00,0.13527858,0.14198637,0.16498715,0.17951909,0.09923226
2023-01-16 12:00:00+00:00,0.12314975,0.12714028,0.15064692,0.16578731,0.07970989
2023-01-16 13:00:00+00:00,0.112921655,0.11495668,0.13928121,0.15562502,0.06403047
2023-01-16 14:00:00+00:00,0.10415006,0.10413355,0.12979758,0.14823839,0.051571965
2023-01-16 15:00:00+00:00,0.097988605,0.09514356,0.1223833,0.14326605,0.04238534
2023-01-16 16:00:00+00:00,0.09236258,0.08744329,0.11572653,0.13886955,0.035164237
2023-01-16 17:00:00+00:00,0.08736247,0.08028579,0.10879004,0.13437149,0.029311836
2023-01-16 18:00:00+00:00,0.08270705,0.073556066,0.101812124,0.12946686,0.024526
2023-01-16 19:00:00+00:00,0.07900268,0.06715721,0.09452337,0.12469354,0.020769477
2023-01-16 20:00:00+00:00,0.0757243,0.061454117,0.08762878,0.11970875,0.017980516
2023-01-16 21:00:00+00:00,0.07338768,0.05745554,0.081566334,0.11549762,0.016498625
2023-01-16 22:00:00+00:00,0.07139176,0.054669738,0.0762645,0.11184302,0.015819669
2023-01-16 23:00:00+00:00,0.06933671,0.052029192,0.07076895,0.108109325,0.0153442025
2023-01-17 00:00:00+00:00,0.06742686,0.049087405,0.064436555,0.10460904,0.014792919
2023-01-17 01:00:00+00:00,0.064816654,0.044248402,0.05749595,0.10015616,0.013020158
2023-01-17 02:00:00+00:00,0.062094808,0.038686097,0.049592018,0.094701976,0.010689974
2023-01-17 03:00:00+00:00,0.05957985,0.03342849,0.04094237,0.08881262,0.0077163577
2023-01-17 04:00:00+00:00,0.05687028,0.027118802,0.032484114,0.082267195,0.0041525364
2023-01-17 05:00:00+00:00,0.054440856,0.020672321,0.024105787,0.07571694,0.0006248951
2023-01-17 06:00:00+00:00,0.05299157,0.015871525,0.016621828,0.069980234,-0.0019068718
2023-01-17 07:00:00+00:00,0.05172223,0.012453914,0.010305941,0.06529316,-0.0033252835
2023-01-17 08:00:00+00:00,0.050418615,0.009363294,0.004303992,0.06127426,-0.0043895245
2023-01-17 09:00:00+00:00,0.048560143,0.0051802993,-0.0021084547,0.057118982,-0.005857438
2023-01-17 10:00:00+00:00,0.046773255,0.0003812313,-0.008709848,0.05354461,-0.0074867904
2023-01-17 11:00:00+00:00,0.044667423,-0.0049842,-0.015679717,0.048816413,-0.0098342
2023-01-17 12:00:00+00:00,0.042316675,-0.01065588,-0.022548974,0.042979628,-0.0128338635
2023-01-17 13:00:00+00:00,0.040994108,-0.015324354,-0.028626144,0.037650436,-0.0149508715
2023-01-17 14:00:00+00:00,0.03974521,-0.018943816,-0.033799887,0.03247747,-0.015682071
2023-01-17 15:00:00+00:00,0.038056254,-0.022429883,-0.03893137,0.026892692,-0.01625827
2023-01-17 16:00:00+00:00,0.036967397,-0.02510941,-0.04356298,0.022040457,-0.016594052
2023-01-17 17:00:00+00:00,0.035983622,-0.027915716,-0.04769689,0.01771292,-0.016835362
2023-01-17 18:00:00+00:00,0.034473777,-0.03135237,-0.05206865,0.012645394,-0.017157733
2023-01-17 19:00:00+00:00,0.032468915,-0.035460204,-0.05633375,0.006743878,-0.017803758
2023-01-17 20:00:00+00:00,0.03074938,-0.039147735,-0.060253024,0.0013334751,-0.018485427
2023-01-17 21:00:00+00:00,0.029475212,-0.041660577,-0.06343514,-0.0032517314,-0.018926203
2023-01-17 22:00:00+00:00,0.028701723,-0.043117702,-0.06556162,-0.0067509115,-0.019097418
2023-01-17 23:00:00+00:00,0.028664112,-0.04325241,-0.06616548,-0.008031696,-0.01886183
2023-01-18 00:00:00+00:00,0.02897036,-0.04274127,-0.065939724,-0.007749945,-0.018280774
2023-01-18 01:00:00+00:00,0.028840423,-0.042951554,-0.06589532,-0.00750494,-0.017877072
2023-01-18 02:00:00+00:00,0.02867204,-0.04350236,-0.066331536,-0.0077520907,-0.017601937
2023-01-18 03:00:00+00:00,0.028817356,-0.04362896,-0.06663054,-0.008321673,-0.0172607
2023-01-18 04:00:00+00:00,0.02887839,-0.04385382,-0.06676665,-0.008992672,-0.016962111
2023-01-18 05:00:00+00:00,0.028669238,-0.044157743,-0.06675649,-0.009352505,-0.016824067
2023-01-18 06:00:00+00:00,0.028627992,-0.04405424,-0.06661144,-0.009827256,-0.016682416
2023-01-18 07:00:00+00:00,0.028808177,-0.043668658,-0.066591024,-0.01064527,-0.016106158
2023-01-18 08:00:00+00:00,0.029062629,-0.04306361,-0.06654018,-0.011730701,-0.014342457
2023-01-18 09:00:00+00:00,0.029095948,-0.042881668,-0.06675276,-0.013390541,-0.012826115
2023-01-18 10:00:00+00:00,0.028846681,-0.043381214,-0.06736711,-0.015712589,-0.011790723
2023-01-18 11:00:00+00:00,0.02802521,-0.044766515,-0.06892106,-0.019140452,-0.011655182
2023-01-18 12:00:00+00:00,0.027301729,-0.046203494,-0.07096821,-0.023235679,-0.011847228
2023-01-18 13:00:00+00:00,0.026598155,-0.047498137,-0.073087424,-0.027752608,-0.0124513805
2023-01-18 14:00:00+00:00,0.02603209,-0.04818505,-0.07476163,-0.032542944,-0.013212889
2023-01-18 15:00:00+00:00,0.0257321,-0.04840082,-0.075983286,-0.036806762,-0.013776541
2023-01-18 16:00:00+00:00,0.026084721,-0.047933906,-0.07548314,-0.038903356,-0.013588846
2023-01-18 17:00:00+00:00,0.026693165,-0.046919316,-0.073592365,-0.03956878,-0.012354672
2023-01-18 18:00:00+00:00,0.027639627,-0.044524103,-0.07054219,-0.039132535,-0.009975851
2023-01-18 19:00:00+00:00,0.028756797,-0.039919645,-0.066586375,-0.037808448,-0.0066055655
2023-01-18 20:00:00+00:00,0.030396283,-0.03336823,-0.061434954,-0.035218894,-0.0019811988
2023-01-18 21:00:00+00:00,0.03242606,-0.027999073,-0.055464268,-0.030997545,0.0036345124
2023-01-18 22:00:00+00:00,0.03604406,-0.023044318,-0.047879934,-0.024353474,0.0111246705
2023-01-18 23:00:00+00:00,0.040996075,-0.01677075,-0.038404793,-0.014905989,0.020950079
2023-01-19 00:00:00+00:00,0.047033012,-0.009514272,-0.02719134,-0.0029805303,0.0327698
2023-01-19 01:00:00+00:00,0.0536201,0.0019736886,-0.017378837,0.011436135,0.04464066
2023-01-19 02:00:00+00:00,0.059390545,0.011998475,-0.009018004,0.024812728,0.05433017
2023-01-19 03:00:00+00:00,0.06390965,0.017578602,-0.0036469102,0.034757346,0.060662866
2023-01-19 04:00:00+00:00,0.066271305,0.019238055,-0.0009524226,0.039058894,0.063578844
2023-01-19 05:00:00+00:00,0.06509602,0.015712082,-0.002392292,0.03915307,0.062486887
2023-01-19 06:00:00+00:00,0.0606851,0.007769048,-0.0088605285,0.033639044,0.05716282
2023-01-19 07:00:00+00:00,0.056460857,-0.0013021231,-0.016593575,0.02659157,0.04986322
2023-01-19 08:00:00+00:00,0.051465333,-0.00727877,-0.025518537,0.018199056,0.040832877
2023-01-19 09:00:00+00:00,0.04610336,-0.014306396,-0.035882622,0.009273142,0.03049481
2023-01-19 10:00:00+00:00,0.040382802,-0.028951317,-0.047665566,-0.0004503429,0.018448949
2023-01-19 11:00:00+00:00,0.03488487,-0.04434195,-0.060010493,-0.01107797,0.005333841
2023-01-19 12:00:00+00:00,0.029704154,-0.056441277,-0.07285085,-0.021971583,-0.008177578
2023-01-19 13:00:00+00:00,0.023841798,-0.065600604,-0.08341926,-0.03362477,-0.020590007
2023-01-19 14:00:00+00:00,0.018793523,-0.072767705,-0.08629227,-0.044207424,-0.025838107
2023-01-19 15:00:00+00:00,0.015173197,-0.07906526,-0.088746876,-0.052877754,-0.02902612
2023-01-19 16:00:00+00:00,0.013306379,-0.08434266,-0.090760976,-0.057855844,-0.03166172
2023-01-19 17:00:00+00:00,0.012318432,-0.08851001,-0.09205809,-0.060582876,-0.03396806
2023-01-19 18:00:00+00:00,0.011642456,-0.09175718,-0.09256995,-0.062107563,-0.035989165
2023-01-19 19:00:00+00:00,0.010868132,-0.09510571,-0.09310922,-0.06337458,-0.037721485
2023-01-19 20:00:00+00:00,0.010015488,-0.0981797,-0.09358132,-0.06503385,-0.039285004
2023-01-19 21:00:00+00:00,0.00915736,-0.100898206,-0.093903095,-0.066173315,-0.040763408
2023-01-19 22:00:00+00:00,0.008416951,-0.10309583,-0.094136864,-0.06731716,-0.0421018
2023-01-19 23:00:00+00:00,0.007519901,-0.10528505,-0.09432489,-0.0683949,-0.043494046
2023-01-20 00:00:00+00:00,0.0067189336,-0.10704529,-0.09445372,-0.06907582,-0.044862777
2023-01-20 01:00:00+00:00,0.0061840415,-0.10805029,-0.09450868,-0.06937769,-0.04598865
2023-01-20 02:00:00+00:00,0.0064368844,-0.10753533,-0.0944038,-0.068696946,-0.046539247
2023-01-20 03:00:00+00:00,0.0070933104,-0.10563433,-0.094035506,-0.06723946,-0.04644108
2023-01-20 04:00:00+00:00,0.007827103,-0.10353029,-0.09350318,-0.06609881,-0.0458844
2023-01-20 05:00:00+00:00,0.008526921,-0.10178822,-0.09296891,-0.06621328,-0.044950992
2023-01-20 06:00:00+00:00,0.009396672,-0.100233376,-0.09254441,-0.06685838,-0.043864667
2023-01-20 07:00:00+00:00,0.009659946,-0.09991196,-0.09239212,-0.06767735,-0.04332629
2023-01-20 08:00:00+00:00,0.010328531,-0.099049866,-0.092292845,-0.06857136,-0.043059617
2023-01-20 09:00:00+00:00,0.010852516,-0.09853691,-0.09219676,-0.06889486,-0.042916924
2023-01-20 10:00:00+00:00,0.010949433,-0.09866375,-0.09217632,-0.06912246,-0.04299614
2023-01-20 11:00:00+00:00,0.010746002,-0.099457026,-0.092290014,-0.07026535,-0.043232173
2023-01-20 12:00:00+00:00,0.010487258,-0.09987968,-0.0923512,-0.07213986,-0.04363528
2023-01-20 13:00:00+00:00,0.009348929,-0.101537764,-0.09245792,-0.074572474,-0.044325262
2023-01-20 14:00:00+00:00,0.008022606,-0.10341582,-0.09254944,-0.07704142,-0.045196265
2023-01-20 15:00:00+00:00,0.006309271,-0.10560042,-0.09265047,-0.080126554,-0.046559006
2023-01-20 16:00:00+00:00,0.0041635633,-0.10803166,-0.09272942,-0.083716184,-0.04819721
2023-01-20 17:00:00+00:00,0.0025501847,-0.10944909,-0.09268314,-0.08617762,-0.049797922
2023-01-20 18:00:00+00:00,0.0010492802,-0.110623986,-0.09250575,-0.08634329,-0.05147299
2023-01-20 19:00:00+00:00,0.0008286238,-0.10965335,-0.09209511,-0.08536449,-0.052478015
2023-01-20 20:00:00+00:00,0.0005671978,-0.10894209,-0.09148699,-0.08474383,-0.053328127
2023-01-20 21:00:00+00:00,0.0010448694,-0.106921524,-0.09081924,-0.08405402,-0.05364096
2023-01-20 22:00:00+00:00,0.0016970038,-0.10409784,-0.09022218,-0.083212465,-0.053609073
2023-01-20 23:00:00+00:00,0.0026522875,-0.10083923,-0.08964023,-0.08194786,-0.053356826
2023-01-21 00:00:00+00:00,0.0036232471,-0.0967336,-0.08925021,-0.08100864,-0.052744
2023-01-21 01:00:00+00:00,0.00545007,-0.09255847,-0.08874005,-0.079390824,-0.052027673
2023-01-21 02:00:00+00:00,0.0075270534,-0.08895013,-0.08824214,-0.077672035,-0.051282853
2023-01-21 03:00:00+00:00,0.009910047,-0.08598372,-0.08805832,-0.07483798,-0.050233006
2023-01-21 04:00:00+00:00,0.012445807,-0.084293306,-0.08812949,-0.072212666,-0.04624182
2023-01-21 05:00:00+00:00,0.013989091,-0.08445528,-0.08869222,-0.07083002,-0.04286048
2023-01-21 06:00:00+00:00,0.0149737,-0.08572942,-0.08957496,-0.071433485,-0.04006183
2023-01-21 07:00:00+00:00,0.015022457,-0.0886744,-0.09076902,-0.07326412,-0.039430887
2023-01-21 08:00:00+00:00,0.014224231,-0.09241679,-0.09203464,-0.0766131,-0.040526927
2023-01-21 09:00:00+00:00,0.012453198,-0.097445875,-0.093187034,-0.0807707,-0.043752372
2023-01-21 10:00:00+00:00,0.010730684,-0.10257843,-0.09432149,-0.085041046,-0.04843539
2023-01-21 11:00:00+00:00,0.009006619,-0.10763618,-0.0953815,-0.0892199,-0.05315551
2023-01-21 12:00:00+00:00,0.0071997046,-0.112669855,-0.09637162,-0.09347239,-0.05530846
2023-01-21 13:00:00+00:00,0.0052915215,-0.11730784,-0.09726748,-0.09778193,-0.057568014
2023-01-21 14:00:00+00:00,0.0033404827,-0.12147823,-0.0980998,-0.101157546,-0.059944063
2023-01-21 15:00:00+00:00,0.0017997026,-0.12467626,-0.098872066,-0.10289645,-0.06191972
2023-01-21 16:00:00+00:00,0.00045377016,-0.12765938,-0.09952453,-0.104386,-0.06393647
2023-01-21 17:00:00+00:00,-0.00016903877,-0.12923002,-0.10001728,-0.10500416,-0.06541869
2023-01-21 18:00:00+00:00,-0.00046288967,-0.13082469,-0.10032871,-0.10535291,-0.066734165
2023-01-21 19:00:00+00:00,3.5762787e-07,-0.13197935,-0.1005792,-0.10503584,-0.0674181
2023-01-21 20:00:00+00:00,0.0005708933,-0.133407,-0.10085398,-0.10495865,-0.06783253
2023-01-21 21:00:00+00:00,0.0012404323,-0.13461244,-0.1010122,-0.104861975,-0.06793991
2023-01-21 22:00:00+00:00,0.0019111633,-0.13551673,-0.10114086,-0.10482699,-0.06762579
2023-01-21 23:00:00+00:00,0.002360046,-0.13707343,-0.101314396,-0.10491976,-0.06750512
2023-01-22 00:00:00+00:00,0.0027552247,-0.13863534,-0.10153192,-0.104994595,-0.0670844
2023-01-22 01:00:00+00:00,0.0033807755,-0.1397602,-0.10160956,-0.10480726,-0.06658363
2023-01-22 02:00:00+00:00,0.0035750866,-0.14170408,-0.10166246,-0.10492477,-0.066149235
2023-01-22 03:00:00+00:00,0.0030290484,-0.14383706,-0.101806015,-0.10490149,-0.06609461
2023-01-22 04:00:00+00:00,0.0022146702,-0.14516175,-0.10177064,-0.10479897,-0.06600398
2023-01-22 05:00:00+00:00,0.00074088573,-0.14671427,-0.10187337,-0.10538015,-0.0663884
2023-01-22 06:00:00+00:00,-0.0008369684,-0.14725128,-0.101896256,-0.10521087,-0.06757769
2023-01-22 07:00:00+00:00,-0.0024316907,-0.14700097,-0.10176018,-0.103542924,-0.06889954
2023-01-22 08:00:00+00:00,-0.0036754608,-0.14619347,-0.10141343,-0.100493014,-0.069913864
2023-01-22 09:00:00+00:00,-0.0048799515,-0.14554983,-0.10108939,-0.09715894,-0.07094437
2023-01-22 10:00:00+00:00,-0.006276846,-0.1455124,-0.10062522,-0.09389925,-0.07217407
2023-01-22 11:00:00+00:00,-0.007342577,-0.14516273,-0.10011527,-0.09054461,-0.07300216
2023-01-22 12:00:00+00:00,-0.008200645,-0.1442506,-0.09963083,-0.08654016,-0.07364091
2023-01-22 13:00:00+00:00,-0.0089761615,-0.14257243,-0.09916401,-0.082010955,-0.07410842
2023-01-22 14:00:00+00:00,-0.0096565485,-0.14063781,-0.098692715,-0.07803109,-0.074537605
2023-01-22 15:00:00+00:00,-0.010748833,-0.13961706,-0.09812841,-0.07530764,-0.07497084
2023-01-22 16:00:00+00:00,-0.011844069,-0.1391691,-0.09761965,-0.072734565,-0.07504383
2023-01-22 17:00:00+00:00,-0.012764066,-0.1385715,-0.09699562,-0.068713576,-0.07444811
2023-01-22 18:00:00+00:00,-0.013646901,-0.13808137,-0.09626591,-0.06433338,-0.07366386
2023-01-22 19:00:00+00:00,-0.014945537,-0.13789952,-0.09542328,-0.059714407,-0.07274482
2023-01-22 20:00:00+00:00,-0.016437054,-0.13774368,-0.09452531,-0.05508679,-0.07154861
2023-01-22 21:00:00+00:00,-0.017786711,-0.13695312,-0.09364137,-0.050617963,-0.07029235
2023-01-22 22:00:00+00:00,-0.018961549,-0.1355164,-0.09278378,-0.04624659,-0.06918329
2023-01-22 23:00:00+00:00,-0.02024284,-0.13396502,-0.09187001,-0.042009264,-0.068208784
2023-01-23 00:00:00+00:00,-0.021790981,-0.1329557,-0.090818554,-0.03847012,-0.06730139
2023-01-23 01:00:00+00:00,-0.023809046,-0.13277909,-0.08971462,-0.035596997,-0.066503555
2023-01-23 02:00:00+00:00,-0.025675327,-0.13237539,-0.0886302,-0.032699913,-0.065719426
2023-01-23 03:00:00+00:00,-0.02705273,-0.13070783,-0.08763537,-0.029345721,-0.06518042
2023-01-23 04:00:00+00:00,-0.027890563,-0.1277678,-0.086672276,-0.026876599,-0.064821064
2023-01-23 05:00:00+00:00,-0.028666615,-0.12485728,-0.08561912,-0.025445312,-0.064525545
2023-01-23 06:00:00+00:00,-0.02922681,-0.121973276,-0.08445361,-0.025000751,-0.06457123
2023-01-23 07:00:00+00:00,-0.029570699,-0.1189715,-0.08346984,-0.025420278,-0.064872324
2023-01-23 08:00:00+00:00,-0.029730529,-0.115965694,-0.082912624,-0.026706964,-0.06544384
2023-01-23 09:00:00+00:00,-0.029764563,-0.113470465,-0.082434654,-0.028361678,-0.06620866
2023-01-23 10:00:00+00:00,-0.02982077,-0.11138159,-0.0819616,-0.029944569,-0.06684816
2023-01-23 11:00:00+00:00,-0.0301992,-0.110434294,-0.08150643,-0.031352133,-0.067466676
2023-01-23 12:00:00+00:00,-0.030781925,-0.10984409,-0.08116478,-0.032835275,-0.06813559
2023-01-23 13:00:00+00:00,-0.031545877,-0.10945928,-0.0807949,-0.03397265,-0.06864354
2023-01-23 14:00:00+00:00,-0.03208834,-0.108771,-0.08041194,-0.034679204,-0.06906235
2023-01-23 15:00:00+00:00,-0.03207299,-0.107366234,-0.080100685,-0.035455614,-0.0695416
2023-01-23 16:00:00+00:00,-0.031841546,-0.10571882,-0.07975593,-0.036158115,-0.07005179
2023-01-23 17:00:00+00:00,-0.030853838,-0.1030336,-0.079518884,-0.037528902,-0.07041755
2023-01-23 18:00:00+00:00,-0.029783785,-0.10042998,-0.07934135,-0.039615005,-0.070393205
2023-01-23 19:00:00+00:00,-0.028261572,-0.09736663,-0.0791786,-0.041313946,-0.06987399
2023-01-23 20:00:00+00:00,-0.026676327,-0.09357774,-0.07899633,-0.0433307,-0.06870717
2023-01-23 21:00:00+00:00,-0.025203228,-0.0900203,-0.078752965,-0.045690328,-0.06725204
2023-01-23 22:00:00+00:00,-0.023599654,-0.08584148,-0.07855281,-0.047091156,-0.06540471
2023-01-23 23:00:00+00:00,-0.021529794,-0.08108693,-0.07803902,-0.04615912,-0.06301981
2023-01-24 00:00:00+00:00,-0.019088298,-0.07579857,-0.075436175,-0.04543817,-0.06029424
2023-01-24 01:00:00+00:00,-0.015845507,-0.06948489,-0.07100159,-0.043029606,-0.05802414
2023-01-24 02:00:00+00:00,-0.01176849,-0.06307727,-0.06613839,-0.039417267,-0.055489868
2023-01-24 03:00:00+00:00,-0.00772506,-0.057025343,-0.06066662,-0.03683263,-0.05282575
2023-01-24 04:00:00+00:00,-0.0037944317,-0.05113569,-0.055202752,-0.03309709,-0.045485735
2023-01-24 05:00:00+00:00,5.376339e-05,-0.04642129,-0.050729245,-0.030104607,-0.036567777
2023-01-24 06:00:00+00:00,0.0039489865,-0.04246211,-0.04728514,-0.027549714,-0.028755695
2023-01-24 07:00:00+00:00,0.006734252,-0.040182054,-0.044789135,-0.026499838,-0.023054093
2023-01-24 08:00:00+00:00,0.0083985925,-0.0396899,-0.043863982,-0.026980937,-0.01971364
2023-01-24 09:00:00+00:00,0.009825587,-0.03902343,-0.04384923,-0.029247314,-0.017204106
2023-01-24 10:00:00+00:00,0.010808885,-0.038787097,-0.044651836,-0.031805187,-0.01578632
2023-01-24 11:00:00+00:00,0.011764646,-0.038134545,-0.045741796,-0.034291536,-0.0144384205
2023-01-24 12:00:00+00:00,0.012731969,-0.0372037,-0.046816587,-0.03648758,-0.013283372
2023-01-24 13:00:00+00:00,0.013741672,-0.03674999,-0.04856974,-0.038726687,-0.012315154
2023-01-24 14:00:00+00:00,0.014495134,-0.037594676,-0.050557017,-0.04047969,-0.012128592
2023-01-24 15:00:00+00:00,0.014507771,-0.040559888,-0.053487986,-0.04312569,-0.013513297
2023-01-24 16:00:00+00:00,0.013753593,-0.045823604,-0.057201564,-0.04682502,-0.016340643
2023-01-24 17:00:00+00:00,0.0122945905,-0.052286476,-0.061456323,-0.05202052,-0.0198524
2023-01-24 18:00:00+00:00,0.0106553435,-0.059009016,-0.065758646,-0.057427436,-0.023392558
2023-01-24 19:00:00+00:00,0.008926868,-0.06567496,-0.06989512,-0.062024564,-0.027020305
2023-01-24 20:00:00+00:00,0.007171631,-0.07190561,-0.07363814,-0.06591663,-0.030570269
2023-01-24 21:00:00+00:00,0.0054141283,-0.077463776,-0.076978624,-0.06924018,-0.03396812
2023-01-24 22:00:00+00:00,0.0036357641,-0.08225471,-0.07976544,-0.07211417,-0.036981076
2023-01-24 23:00:00+00:00,0.0018678904,-0.08675718,-0.0823448,-0.07487813,-0.04006526
2023-01-25 00:00:00+00:00,0.000310421,-0.090448916,-0.08445111,-0.07730836,-0.043087155
2023-01-25 01:00:00+00:00,-0.0013189912,-0.09341544,-0.08625892,-0.07962355,-0.046198547
2023-01-25 02:00:00+00:00,-0.002716899,-0.09525463,-0.08750358,-0.08134058,-0.048648983
2023-01-25 03:00:00+00:00,-0.0037849545,-0.09559801,-0.087991744,-0.0820421,-0.050346702
2023-01-25 04:00:00+00:00,-0.004647374,-0.09471476,-0.08789933,-0.082132876,-0.0513106
2023-01-25 05:00:00+00:00,-0.005490482,-0.09353453,-0.08759013,-0.08152297,-0.052264303
2023-01-25 06:00:00+00:00,-0.0061133504,-0.09182897,-0.08701733,-0.0809319,-0.0529387
2023-01-25 07:00:00+00:00,-0.0066815615,-0.09022817,-0.08657107,-0.080553204,-0.053727478
2023-01-25 08:00:00+00:00,-0.0069077015,-0.08861029,-0.08621466,-0.08023384,-0.05429253
2023-01-25 09:00:00+00:00,-0.0069316626,-0.086975574,-0.08571404,-0.07989523,-0.054485172
2023-01-25 10:00:00+00:00,-0.006560385,-0.084836364,-0.0850448,-0.079262555,-0.05388531
2023-01-25 11:00:00+00:00,-0.005860746,-0.08247322,-0.08393231,-0.07807419,-0.05261889
2023-01-25 12:00:00+00:00,-0.005125761,-0.08051708,-0.082829416,-0.07682973,-0.051060975
2023-01-25 13:00:00+00:00,-0.004773915,-0.07954249,-0.08220959,-0.07588959,-0.049946845
2023-01-25 14:00:00+00:00,-0.0050039887,-0.07959291,-0.08216363,-0.075854,-0.049511403
2023-01-25 15:00:00+00:00,-0.0052859187,-0.08106032,-0.082930654,-0.07651389,-0.049593866
2023-01-25 16:00:00+00:00,-0.0057737827,-0.08367795,-0.08429366,-0.07759291,-0.05048889
2023-01-25 17:00:00+00:00,-0.0064039826,-0.08709428,-0.085954994,-0.079431444,-0.051670432
2023-01-25 18:00:00+00:00,-0.0073005557,-0.09141785,-0.08768293,-0.08166006,-0.053590596
2023-01-25 19:00:00+00:00,-0.0083061755,-0.09618613,-0.08952871,-0.08373767,-0.055633575
2023-01-25 20:00:00+00:00,-0.009159178,-0.10033676,-0.09145507,-0.08560979,-0.057318985
2023-01-25 21:00:00+00:00,-0.010173053,-0.104435176,-0.09333953,-0.087157995,-0.059379905
2023-01-25 22:00:00+00:00,-0.011609048,-0.10911611,-0.09535691,-0.08907297,-0.062391937
2023-01-25 23:00:00+00:00,-0.01377508,-0.11456439,-0.09779447,-0.091913074,-0.06687236
2023-01-26 00:00:00+00:00,-0.016718715,-0.12053537,-0.09843397,-0.09587377,-0.07039207
2023-01-26 01:00:00+00:00,-0.020199955,-0.1267398,-0.09924331,-0.10048911,-0.072595626
2023-01-26 02:00:00+00:00,-0.023789227,-0.13083163,-0.09993371,-0.10277939,-0.07457909
2023-01-26 03:00:00+00:00,-0.027736664,-0.13447222,-0.100483745,-0.104715556,-0.076708734
2023-01-26 04:00:00+00:00,-0.03134033,-0.13668269,-0.1008324,-0.10567343,-0.07870531
2023-01-26 05:00:00+00:00,-0.034403384,-0.13783658,-0.101157874,-0.10353851,-0.08137262
2023-01-26 06:00:00+00:00,-0.03720945,-0.1382012,-0.10145566,-0.101125956,-0.08392763
2023-01-26 07:00:00+00:00,-0.039067805,-0.13772577,-0.10160804,-0.09846303,-0.085724264
2023-01-26 08:00:00+00:00,-0.04098186,-0.13760594,-0.10184997,-0.09618437,-0.08751801
2023-01-26 09:00:00+00:00,-0.042576224,-0.1373342,-0.10317308,-0.094708115,-0.08887553
2023-01-26 10:00:00+00:00,-0.04345423,-0.13668185,-0.104489535,-0.0937269,-0.089839906
2023-01-26 11:00:00+00:00,-0.04330969,-0.13514218,-0.10523552,-0.09300384,-0.090029836
2023-01-26 12:00:00+00:00,-0.04263234,-0.13273823,-0.10596642,-0.092809856,-0.089537054
2023-01-26 13:00:00+00:00,-0.04147789,-0.1303941,-0.106742054,-0.09301132,-0.08845091
2023-01-26 14:00:00+00:00,-0.03945726,-0.12792358,-0.107268125,-0.09426239,-0.08670032
2023-01-26 15:00:00+00:00,-0.036545664,-0.12447089,-0.10694909,-0.09550822,-0.08406934
2023-01-26 16:00:00+00:00,-0.032833815,-0.118364155,-0.10555318,-0.09715539,-0.0821895
2023-01-26 17:00:00+00:00,-0.029061586,-0.111820936,-0.10378274,-0.09875038,-0.08024794
2023-01-26 18:00:00+00:00,-0.025641859,-0.10726404,-0.10207859,-0.09879038,-0.078481406
2023-01-26 19:00:00+00:00,-0.022652417,-0.104337275,-0.10144949,-0.09805474,-0.07684824
2023-01-26 20:00:00+00:00,-0.019931465,-0.10232869,-0.10145718,-0.09737256,-0.075238496
2023-01-26 21:00:00+00:00,-0.018109143,-0.10211116,-0.10111591,-0.097409844,-0.07206693
2023-01-26 22:00:00+00:00,-0.017455727,-0.103670776,-0.10113686,-0.09844148,-0.069708794
2023-01-26 23:00:00+00:00,-0.01729837,-0.105832785,-0.1016213,-0.099634916,-0.06847501
2023-01-27 00:00:00+00:00,-0.0174959,-0.108336836,-0.10242537,-0.10038254,-0.06838423
2023-01-27 01:00:00+00:00,-0.018330216,-0.110918194,-0.10319033,-0.10147625,-0.06933108
2023-01-27 02:00:00+00:00,-0.019438833,-0.113416165,-0.10342756,-0.10237688,-0.07117036
2023-01-27 03:00:00+00:00,-0.020328134,-0.11502361,-0.103376746,-0.1018987,-0.07294026
2023-01-27 04:00:00+00:00,-0.021502912,-0.117016315,-0.10326886,-0.10136354,-0.07561448
2023-01-27 05:00:00+00:00,-0.022601277,-0.11807054,-0.10299626,-0.10074285,-0.076099604
2023-01-27 06:00:00+00:00,-0.02421105,-0.119123936,-0.10272536,-0.10097462,-0.07680711
2023-01-27 07:00:00+00:00,-0.026228547,-0.11984348,-0.102535754,-0.10113564,-0.07758379
2023-01-27 08:00:00+00:00,-0.028271914,-0.12058821,-0.10236466,-0.10073206,-0.07841131
2023-01-27 09:00:00+00:00,-0.030438006,-0.12094867,-0.10221052,-0.10026571,-0.07938784
2023-01-27 10:00:00+00:00,-0.03188163,-0.12014973,-0.10192338,-0.09900114,-0.08013064
2023-01-27 11:00:00+00:00,-0.03348854,-0.119490325,-0.102517694,-0.09738958,-0.080905706
2023-01-27 12:00:00+00:00,-0.034861594,-0.11856797,-0.103274405,-0.09506744,-0.08143583
2023-01-27 13:00:00+00:00,-0.03619197,-0.11756137,-0.10405114,-0.09246299,-0.08188304
2023-01-27 14:00:00+00:00,-0.037183017,-0.116392344,-0.104195,-0.09000313,-0.08195007
2023-01-27 15:00:00+00:00,-0.038178325,-0.11553264,-0.10436788,-0.08799246,-0.08203775
2023-01-27 16:00:00+00:00,-0.03907472,-0.11441809,-0.10422066,-0.085999966,-0.08203858
2023-01-27 17:00:00+00:00,-0.039926767,-0.113043815,-0.10351315,-0.08365175,-0.081956
2023-01-27 18:00:00+00:00,-0.040004432,-0.110981405,-0.102819115,-0.080970734,-0.081646085
2023-01-27 19:00:00+00:00,-0.03942582,-0.10767099,-0.10142928,-0.07782826,-0.08082816
2023-01-27 20:00:00+00:00,-0.039055377,-0.104637,-0.099755794,-0.07474911,-0.08001819
2023-01-27 21:00:00+00:00,-0.03877452,-0.101968706,-0.097513884,-0.07163176,-0.078899205
2023-01-27 22:00:00+00:00,-0.038392723,-0.09921762,-0.094892114,-0.068761766,-0.07742995
2023-01-27 23:00:00+00:00,-0.03871104,-0.09667513,-0.09133816,-0.0665859,-0.07606223
2023-01-28 00:00:00+00:00,-0.039099216,-0.09384185,-0.08809918,-0.064101785,-0.074637085
2023-01-28 01:00:00+00:00,-0.039786965,-0.09068489,-0.085112095,-0.061540276,-0.07331696
2023-01-28 02:00:00+00:00,-0.03977233,-0.08631191,-0.08203253,-0.058267355,-0.071645916
2023-01-28 03:00:00+00:00,-0.040154546,-0.0822579,-0.078886986,-0.055049986,-0.06997734
2023-01-28 04:00:00+00:00,-0.04045847,-0.07832384,-0.07555902,-0.05152148,-0.068181425
2023-01-28 05:00:00+00:00,-0.04052365,-0.07537946,-0.07279551,-0.048314065,-0.06649616
2023-01-28 06:00:00+00:00,-0.04097858,-0.0731903,-0.070856094,-0.043641657,-0.06511387
2023-01-28 07:00:00+00:00,-0.041869372,-0.071668416,-0.06965089,-0.038650513,-0.06385216
2023-01-28 08:00:00+00:00,-0.042503864,-0.06934282,-0.06857097,-0.033543915,-0.06267044
2023-01-28 09:00:00+00:00,-0.042662054,-0.06633562,-0.0674341,-0.028746575,-0.06162268
2023-01-28 10:00:00+00:00,-0.043049395,-0.06435442,-0.06642729,-0.025085598,-0.060892314
2023-01-28 11:00:00+00:00,-0.042787075,-0.06149885,-0.0649403,-0.021935046,-0.05998096
2023-01-28 12:00:00+00:00,-0.042290896,-0.058970034,-0.063421994,-0.019624203,-0.059186608
2023-01-28 13:00:00+00:00,-0.04196453,-0.05699551,-0.061999172,-0.018016934,-0.058577716
2023-01-28 14:00:00+00:00,-0.04204634,-0.055152565,-0.06068942,-0.018044442,-0.058106005
2023-01-28 15:00:00+00:00,-0.042009562,-0.05365324,-0.05979088,-0.01885572,-0.057857096
2023-01-28 16:00:00+00:00,-0.04185942,-0.052089155,-0.05850002,-0.0202865,-0.057385296
2023-01-28 17:00:00+00:00,-0.041648656,-0.05048573,-0.05730763,-0.021162182,-0.057163894
2023-01-28 18:00:00+00:00,-0.041109324,-0.048558354,-0.05555281,-0.020695776,-0.0567064
2023-01-28 19:00:00+00:00,-0.040237248,-0.046183527,-0.0535596,-0.019045174,-0.056207716
2023-01-28 20:00:00+00:00,-0.039282143,-0.043590963,-0.051276535,-0.016457915,-0.055390716
2023-01-28 21:00:00+00:00,-0.038414747,-0.041165233,-0.04908991,-0.013340771,-0.054575086
2023-01-28 22:00:00+00:00,-0.03790164,-0.038841784,-0.046795964,-0.010267019,-0.053728014
2023-01-28 23:00:00+00:00,-0.037700266,-0.036923677,-0.04480791,-0.007553071,-0.053036004
2023-01-29 00:00:00+00:00,-0.037471056,-0.03486058,-0.042805195,-0.0051944256,-0.05230674
2023-01-29 01:00:00+00:00,-0.036959738,-0.03289032,-0.041016072,-0.0024381876,-0.051680088
2023-01-29 02:00:00+00:00,-0.0370197,-0.03134209,-0.039027303,0.000549376,-0.051127106
2023-01-29 03:00:00+00:00,-0.03753084,-0.030433208,-0.037284255,0.0032467246,-0.050682515
2023-01-29 04:00:00+00:00,-0.03845319,-0.030178845,-0.035731643,0.0056510866,-0.050344348
2023-01-29 05:00:00+00:00,-0.038962126,-0.029785663,-0.034314603,0.008423299,-0.049923807
2023-01-29 06:00:00+00:00,-0.0396069,-0.029179513,-0.033132017,0.010727316,-0.049539447
2023-01-29 07:00:00+00:00,-0.040634364,-0.029203296,-0.03171128,0.011905402,-0.049365252
2023-01-29 08:00:00+00:00,-0.04168597,-0.029399514,-0.030333728,0.01273039,-0.04918164
2023-01-29 09:00:00+00:00,-0.042723477,-0.029568315,-0.029346317,0.013598949,-0.049197078
2023-01-29 10:00:00+00:00,-0.043364853,-0.029148042,-0.027493775,0.01443395,-0.048731655
2023-01-29 11:00:00+00:00,-0.043981045,-0.028758049,-0.025869966,0.014563352,-0.0485816
2023-01-29 12:00:00+00:00,-0.04457906,-0.028007925,-0.02407679,0.014994711,-0.048358172
2023-01-29 13:00:00+00:00,-0.044763714,-0.025923967,-0.020859241,0.016421288,-0.04767832
2023-01-29 14:00:00+00:00,-0.04489222,-0.023501724,-0.017127663,0.017845064,-0.04694897
2023-01-29 15:00:00+00:00,-0.045147717,-0.022493005,-0.013954997,0.018472105,-0.04649651
2023-01-29 16:00:00+00:00,-0.04563856,-0.02169782,-0.011613369,0.01907596,-0.04620388
2023-01-29 17:00:00+00:00,-0.045859545,-0.020221204,-0.008786142,0.019641787,-0.045591235
2023-01-29 18:00:00+00:00,-0.045932353,-0.018336266,-0.0064742565,0.019592136,-0.045236588
2023-01-29 19:00:00+00:00,-0.046147555,-0.01610744,-0.0048582554,0.019274384,-0.04504305
2023-01-29 20:00:00+00:00,-0.046841502,-0.015533805,-0.0044304132,0.018359572,-0.045169115
2023-01-29 21:00:00+00:00,-0.047347277,-0.015402257,-0.0044725537,0.017339438,-0.045265645
2023-01-29 22:00:00+00:00,-0.047472686,-0.015085012,-0.0043030977,0.015557736,-0.045161217
2023-01-29 23:00:00+00:00,-0.047582984,-0.014506161,-0.0052927732,0.012965351,-0.045344085
2023-01-30 00:00:00+00:00,-0.04756385,-0.013758987,-0.0076554418,0.00969854,-0.045827746
2023-01-30 01:00:00+00:00,-0.047864288,-0.0140221715,-0.012252688,0.007113844,-0.04683748
2023-01-30 02:00:00+00:00,-0.047878742,-0.014692873,-0.016658753,0.0057240427,-0.047489226
2023-01-30 03:00:00+00:00,-0.04772252,-0.015235633,-0.021499962,0.005854279,-0.0483813
2023-01-30 04:00:00+00:00,-0.047819674,-0.016524166,-0.024691015,0.005573958,-0.049233586
2023-01-30 05:00:00+00:00,-0.04831934,-0.018689483,-0.026567101,0.0048775077,-0.050408065
2023-01-30 06:00:00+00:00,-0.04888025,-0.020801038,-0.02889502,0.0035101473,-0.05187452
2023-01-30 07:00:00+00:00,-0.049152553,-0.021824032,-0.03090921,0.0018324852,-0.05311665
2023-01-30 08:00:00+00:00,-0.0488216,-0.021564335,-0.032488763,-0.00014290214,-0.054010987
2023-01-30 09:00:00+00:00,-0.04866773,-0.020555258,-0.03357187,-0.0022478998,-0.05478385
2023-01-30 10:00:00+00:00,-0.048162907,-0.019208938,-0.033579975,-0.004029751,-0.05476743
2023-01-30 11:00:00+00:00,-0.047204167,-0.017600268,-0.033233374,-0.00580582,-0.054474324
2023-01-30 12:00:00+00:00,-0.045433044,-0.015062451,-0.03246978,-0.0074588954,-0.05410868
2023-01-30 13:00:00+00:00,-0.0436233,-0.012778789,-0.031921953,-0.008742183,-0.052891344
2023-01-30 14:00:00+00:00,-0.04182273,-0.010512352,-0.031552374,-0.00962463,-0.04980308
2023-01-30 15:00:00+00:00,-0.039415866,-0.007679224,-0.030939013,-0.009301692,-0.04597354
2023-01-30 16:00:00+00:00,-0.036510766,-0.0038846135,-0.029448926,-0.0077906847,-0.04118833
2023-01-30 17:00:00+00:00,-0.03303039,0.00012624264,-0.0274871,-0.004997492,-0.03580901
2023-01-30 18:00:00+00:00,-0.030083776,0.002877593,-0.025683403,-0.002792567,-0.031536788
2023-01-30 19:00:00+00:00,-0.027550668,0.003839016,-0.024366885,-0.0008496642,-0.028266162
2023-01-30 20:00:00+00:00,-0.025185764,0.003957689,-0.023409933,0.000256747,-0.025485873
2023-01-30 21:00:00+00:00,-0.023994982,0.0032200813,-0.02353698,0.0002709031,-0.024638802
2023-01-30 22:00:00+00:00,-0.02450028,0.00048321486,-0.025181323,-0.00165537,-0.026311696
2023-01-30 23:00:00+00:00,-0.02628991,-0.0038211644,-0.027979225,-0.0053723156,-0.029644787
2023-01-31 00:00:00+00:00,-0.028824806,-0.009280175,-0.03165981,-0.010302186,-0.033923984
2023-01-31 01:00:00+00:00,-0.031655908,-0.014854014,-0.035842568,-0.015475184,-0.038341224
2023-01-31 02:00:00+00:00,-0.034580737,-0.019585162,-0.04016587,-0.019583762,-0.042271674
2023-01-31 03:00:00+00:00,-0.03737691,-0.023526162,-0.043938756,-0.02262637,-0.045728564
2023-01-31 04:00:00+00:00,-0.039726764,-0.027123123,-0.047231108,-0.025752604,-0.048528135
2023-01-31 05:00:00+00:00,-0.041522086,-0.029979348,-0.049711436,-0.028346837,-0.050528586
2023-01-31 06:00:00+00:00,-0.043744117,-0.033589065,-0.052840203,-0.03174439,-0.053308338
2023-01-31 07:00:00+00:00,-0.04602319,-0.037456453,-0.056054056,-0.03566274,-0.05624932
2023-01-31 08:00:00+00:00,-0.04864955,-0.041835666,-0.059866816,-0.040504217,-0.06029001
2023-01-31 09:00:00+00:00,-0.050998658,-0.046209067,-0.0637531,-0.0463154,-0.06447253
2023-01-31 10:00:00+00:00,-0.052862644,-0.049247533,-0.06735811,-0.05154589,-0.06755513
2023-01-31 11:00:00+00:00,-0.054584503,-0.05180946,-0.07037789,-0.055800408,-0.068769455
2023-01-31 12:00:00+00:00,-0.055859268,-0.054314315,-0.073003024,-0.060235202,-0.06986281
2023-01-31 13:00:00+00:00,-0.057032794,-0.056783497,-0.0753912,-0.06347084,-0.070964605
2023-01-31 14:00:00+00:00,-0.057894528,-0.059064627,-0.077495694,-0.0652329,-0.071986675
2023-01-31 15:00:00+00:00,-0.05862084,-0.06112784,-0.079520196,-0.066717625,-0.073016584
2023-01-31 16:00:00+00:00,-0.059174627,-0.06267485,-0.081628084,-0.06700203,-0.07405084
2023-01-31 17:00:00+00:00,-0.059690207,-0.06385049,-0.08361885,-0.06628469,-0.07509458
2023-01-31 18:00:00+00:00,-0.059630007,-0.06336415,-0.08455223,-0.06520358,-0.07563993
2023-01-31 19:00:00+00:00,-0.05904916,-0.06199211,-0.08392683,-0.063874304,-0.07578781
2023-01-31 20:00:00+00:00,-0.05767283,-0.05954802,-0.081617236,-0.061220944,-0.075312406
2023-01-31 21:00:00+00:00,-0.055868834,-0.05547321,-0.07836011,-0.058044374,-0.07445729
2023-01-31 22:00:00+00:00,-0.054005265,-0.051187932,-0.07492748,-0.055295765,-0.07207489
2023-01-31 23:00:00+00:00,-0.05181411,-0.04728809,-0.07128039,-0.052396,-0.06825802
2023-02-01 00:00:00+00:00,-0.049987942,-0.04399225,-0.06841621,-0.049592197,-0.065133005
2023-02-01 01:00:00+00:00,-0.04795757,-0.040949553,-0.06552559,-0.047083795,-0.061677665
2023-02-01 02:00:00+00:00,-0.046155304,-0.038726956,-0.06287703,-0.044695556,-0.058298588
2023-02-01 03:00:00+00:00,-0.044849157,-0.037025213,-0.060905516,-0.04169008,-0.05557835
2023-02-01 04:00:00+00:00,-0.043503255,-0.035046577,-0.058921576,-0.0392628,-0.05277893
2023-02-01 05:00:00+00:00,-0.04265827,-0.033067018,-0.057243466,-0.037516803,-0.050680786
2023-02-01 06:00:00+00:00,-0.041743755,-0.031355977,-0.05584055,-0.036566466,-0.04907781
2023-02-01 07:00:00+00:00,-0.041361004,-0.030339062,-0.054989338,-0.03640735,-0.04829049
2023-02-01 08:00:00+00:00,-0.041943014,-0.030533165,-0.055244565,-0.037095875,-0.049007267
2023-02-01 09:00:00+00:00,-0.042939603,-0.03139749,-0.056237787,-0.038113475,-0.050100505
2023-02-01 10:00:00+00:00,-0.044059217,-0.032348514,-0.05720052,-0.039038837,-0.05125186
2023-02-01 11:00:00+00:00,-0.044822544,-0.03325224,-0.05811909,-0.03996253,-0.051806927
2023-02-01 12:00:00+00:00,-0.04541385,-0.03364563,-0.058682412,-0.04051739,-0.051849842
2023-02-01 13:00:00+00:00,-0.045381635,-0.03307107,-0.05837989,-0.040827602,-0.051072687
2023-02-01 14:00:00+00:00,-0.04475805,-0.031555325,-0.057769746,-0.040578276,-0.04967338
2023-02-01 15:00:00+00:00,-0.04313445,-0.02866444,-0.05632189,-0.039236218,-0.04689327
2023-02-01 16:00:00+00:00,-0.041258514,-0.025367916,-0.054686427,-0.037416667,-0.04387176
2023-02-01 17:00:00+00:00,-0.03952858,-0.022626847,-0.052914917,-0.035389245,-0.041185558
2023-02-01 18:00:00+00:00,-0.03702274,-0.019884706,-0.050869375,-0.032793313,-0.038032174
2023-02-01 19:00:00+00:00,-0.034183472,-0.017819643,-0.048840135,-0.030284405,-0.035101682
2023-02-01 20:00:00+00:00,-0.03147012,-0.01631859,-0.047134936,-0.028284848,-0.032383293
2023-02-01 21:00:00+00:00,-0.029583901,-0.015163213,-0.046034127,-0.027032197,-0.030373722
2023-02-01 22:00:00+00:00,-0.027742267,-0.0135783255,-0.045008123,-0.026329994,-0.028251827
2023-02-01 23:00:00+00:00,-0.026119351,-0.011739254,-0.04401669,-0.026293755,-0.026814789
2023-02-02 00:00:00+00:00,-0.024586767,-0.009718567,-0.043095887,-0.02627176,-0.025402844
2023-02-02 01:00:00+00:00,-0.022711664,-0.00824827,-0.041674137,-0.025116324,-0.023584843
2023-02-02 02:00:00+00:00,-0.02101311,-0.007503897,-0.040200055,-0.023609102,-0.022321612
2023-02-02 03:00:00+00:00,-0.020210445,-0.007777661,-0.03959331,-0.022265345,-0.022380173
2023-02-02 04:00:00+00:00,-0.020023406,-0.00814572,-0.039355427,-0.021645308,-0.022814214
2023-02-02 05:00:00+00:00,-0.01949498,-0.007918596,-0.039078385,-0.021251678,-0.022497982
2023-02-02 06:00:00+00:00,-0.018722832,-0.007632494,-0.03849393,-0.02134192,-0.021806538
2023-02-02 07:00:00+00:00,-0.018693805,-0.007501334,-0.038686037,-0.022074461,-0.021702975
2023-02-02 08:00:00+00:00,-0.018760413,-0.007243842,-0.03872451,-0.022660851,-0.02174759
2023-02-02 09:00:00+00:00,-0.018460453,-0.007255882,-0.038686424,-0.023137629,-0.021905065
2023-02-02 10:00:00+00:00,-0.018360496,-0.007925898,-0.038921982,-0.0235444,-0.022636622
2023-02-02 11:00:00+00:00,-0.018600464,-0.008840084,-0.03961554,-0.023716062,-0.02322328
2023-02-02 12:00:00+00:00,-0.019686192,-0.010337681,-0.0404993,-0.024265468,-0.024425924
2023-02-02 13:00:00+00:00,-0.021036595,-0.011941522,-0.041905016,-0.025564551,-0.025710523
2023-02-02 14:00:00+00:00,-0.022541404,-0.01316756,-0.04350981,-0.026871026,-0.026852816
2023-02-02 15:00:00+00:00,-0.023756921,-0.014349848,-0.044614404,-0.02789706,-0.027588606
2023-02-02 16:00:00+00:00,-0.025256842,-0.015683085,-0.046091735,-0.02910328,-0.02878046
2023-02-02 17:00:00+00:00,-0.02728483,-0.01708597,-0.04800716,-0.030356288,-0.03037399
2023-02-02 18:00:00+00:00,-0.028936535,-0.018388271,-0.04938379,-0.030968428,-0.031648338
2023-02-02 19:00:00+00:00,-0.03033635,-0.019264549,-0.050313264,-0.031708747,-0.032651037
2023-02-02 20:00:00+00:00,-0.03074655,-0.018957108,-0.05044371,-0.031958014,-0.032568365
2023-02-02 21:00:00+00:00,-0.030747384,-0.017742276,-0.04998094,-0.032242894,-0.031829894
2023-02-02 22:00:00+00:00,-0.029254854,-0.01574272,-0.04808846,-0.031131923,-0.029636323
2023-02-02 23:00:00+00:00,-0.026025146,-0.012046397,-0.04489863,-0.028220683,-0.025774688
2023-02-03 00:00:00+00:00,-0.021212757,-0.007831395,-0.040346175,-0.023200661,-0.020655125
2023-02-03 01:00:00+00:00,-0.015148938,-0.0027744174,-0.034665287,-0.016542733,-0.01453191
2023-02-03 02:00:00+00:00,-0.008087814,0.001942277,-0.027575016,-0.010499865,-0.007873595
2023-02-03 03:00:00+00:00,-0.0001989603,0.008179963,-0.02036032,-0.0031550229,-0.0009159446
2023-02-03 04:00:00+00:00,0.008203924,0.014644921,-0.012414634,0.004534483,0.006188035
2023-02-03 05:00:00+00:00,0.017138124,0.020966649,-0.0036052465,0.012467831,0.013237834
2023-02-03 06:00:00+00:00,0.026364088,0.027398527,0.005945623,0.021153003,0.020657599
2023-02-03 07:00:00+00:00,0.03594798,0.036570847,0.016078472,0.030604392,0.028185606
2023-02-03 08:00:00+00:00,0.046658695,0.04611808,0.025551736,0.039786726,0.034428358
2023-02-03 09:00:00+00:00,0.055299938,0.053519547,0.035788357,0.04777953,0.038873196
2023-02-03 10:00:00+00:00,0.061625004,0.058043122,0.042992473,0.053833216,0.04177791
2023-02-03 11:00:00+00:00,0.064522445,0.05861324,0.046913803,0.05651346,0.04210788
2023-02-03 12:00:00+00:00,0.06529218,0.055947304,0.048889697,0.056185752,0.041633308
2023-02-03 13:00:00+00:00,0.06258148,0.051193833,0.04673332,0.053449243,0.039289534
2023-02-03 14:00:00+00:00,0.058717966,0.04476893,0.043012142,0.049739987,0.036130667
2023-02-03 15:00:00+00:00,0.05262345,0.036153793,0.03647375,0.044724613,0.030689895
2023-02-03 16:00:00+00:00,0.044146,0.025849223,0.026339352,0.03877428,0.023483813
2023-02-03 17:00:00+00:00,0.034260154,0.016754687,0.013242602,0.03205052,0.015806437
2023-02-03 18:00:00+00:00,0.02476865,0.010062337,0.002390623,0.022979826,0.0072730184
2023-02-03 19:00:00+00:00,0.015982568,0.0029549599,-0.0069515705,0.013115436,-0.0011301041
2023-02-03 20:00:00+00:00,0.007363558,-0.0031704605,-0.016403854,0.0029412508,-0.008945614
2023-02-03 21:00:00+00:00,-0.0006824732,-0.008667082,-0.025763988,-0.0068098903,-0.016194135
2023-02-03 22:00:00+00:00,-0.007674396,-0.0143224895,-0.033601552,-0.015541762,-0.022534043
2023-02-03 23:00:00+00:00,-0.01391834,-0.019054621,-0.040628225,-0.023057163,-0.028226405
2023-02-04 00:00:00+00:00,-0.018884867,-0.022545338,-0.046270967,-0.028982311,-0.03218937
2023-02-04 01:00:00+00:00,-0.023141056,-0.025583267,-0.050531954,-0.03357628,-0.035984844
2023-02-04 02:00:00+00:00,-0.026870877,-0.028800696,-0.054004073,-0.037166685,-0.039993525
2023-02-04 03:00:00+00:00,-0.02987802,-0.030890137,-0.05660534,-0.040013433,-0.043212235
2023-02-04 04:00:00+00:00,-0.031947285,-0.032138973,-0.057955742,-0.041346222,-0.0452438
2023-02-04 05:00:00+00:00,-0.03325379,-0.03293842,-0.05833307,-0.041255683,-0.046358228
2023-02-04 06:00:00+00:00,-0.034588665,-0.03327611,-0.058436185,-0.040519178,-0.047379494
2023-02-04 07:00:00+00:00,-0.0356808,-0.033468693,-0.058328778,-0.039515585,-0.04826528
2023-02-04 08:00:00+00:00,-0.035791278,-0.03274682,-0.057147294,-0.03791842,-0.04792005
2023-02-04 09:00:00+00:00,-0.03575915,-0.031996638,-0.05607164,-0.03664556,-0.047374308
2023-02-04 10:00:00+00:00,-0.036166847,-0.031590194,-0.055386096,-0.03559369,-0.047352165
2023-02-04 11:00:00+00:00,-0.036544442,-0.030970365,-0.05436784,-0.03446135,-0.04709831
2023-02-04 12:00:00+00:00,-0.03654343,-0.0300664,-0.053192735,-0.032850474,-0.046480924
