,pred_res_0,pred_res_1,pred_res_2,pred_res_3,pred_res_4,pred_res_5,pred_res_6,pred_res_7,pred_res_8,pred_res_9,pred_res_mean,std_dev
2022-11-13 04:00:00+00:00,-0.19503942,-0.18790011,-0.19224688,-0.19507575,-0.18434797,-0.1936444,-0.1899542,-0.18829048,-0.19075614,-0.1958226,-0.1913078,0.0037437319
2022-11-13 05:00:00+00:00,-0.19461545,-0.18834648,-0.19214013,-0.19504507,-0.1861834,-0.19315565,-0.19000874,-0.1899656,-0.19064493,-0.19564568,-0.19157512,0.0030925553
2022-11-13 06:00:00+00:00,-0.19216837,-0.18900938,-0.19196883,-0.19493306,-0.19051655,-0.19232678,-0.19070819,-0.19339477,-0.19024298,-0.1952202,-0.19204892,0.00202568
2022-11-13 07:00:00+00:00,-0.18973628,-0.19070856,-0.19266078,-0.19406703,-0.19545807,-0.1910913,-0.19169247,-0.1965295,-0.19116807,-0.19464839,-0.19277604,0.002274984
2022-11-13 08:00:00+00:00,-0.18896729,-0.18796445,-0.18874338,-0.1963121,-0.18943158,-0.18801135,-0.18633851,-0.19470792,-0.18842538,-0.1939447,-0.19028465,0.0033946054
2022-11-13 09:00:00+00:00,-0.18500775,-0.1813872,-0.19067399,-0.19744273,-0.18363898,-0.18443546,-0.18381521,-0.1935824,-0.18624215,-0.19391155,-0.18801375,0.005451123
2022-11-13 10:00:00+00:00,-0.18238676,-0.18068814,-0.19222637,-0.1976471,-0.18461835,-0.18249694,-0.1837951,-0.19431269,-0.18516694,-0.19375528,-0.18770936,0.0061051506
2022-11-13 11:00:00+00:00,-0.1796597,-0.18017958,-0.19369254,-0.19786209,-0.18596995,-0.18056351,-0.18340935,-0.1949083,-0.18386744,-0.19196834,-0.18720807,0.006791834
2022-11-13 12:00:00+00:00,-0.17685562,-0.1799797,-0.19523188,-0.19977975,-0.19099352,-0.17949209,-0.18614241,-0.19555444,-0.18463582,-0.1917142,-0.18803796,0.0077927993
2022-11-13 13:00:00+00:00,-0.17705643,-0.1802453,-0.19580823,-0.2020058,-0.19398391,-0.18005413,-0.1881389,-0.19624877,-0.18637763,-0.19284633,-0.18927655,0.008258713
2022-11-13 14:00:00+00:00,-0.17824411,-0.18086831,-0.19604358,-0.20332822,-0.19670723,-0.18124974,-0.19000532,-0.19777492,-0.18803021,-0.19424853,-0.19065002,0.008402799
2022-11-13 15:00:00+00:00,-0.18173072,-0.18133807,-0.19567037,-0.20218049,-0.19408438,-0.18283165,-0.18932536,-0.19720289,-0.1885181,-0.19516136,-0.19080433,0.0072010625
2022-11-13 16:00:00+00:00,-0.18595117,-0.18253233,-0.19432515,-0.20248035,-0.19102544,-0.18531403,-0.18873852,-0.19679558,-0.18977192,-0.19629303,-0.19132273,0.006142418
2022-11-13 17:00:00+00:00,-0.1859023,-0.18256956,-0.19251788,-0.20218414,-0.1854797,-0.1863437,-0.18612292,-0.19637613,-0.18975198,-0.1970698,-0.1904318,0.0063636363
2022-11-13 18:00:00+00:00,-0.18320063,-0.18262352,-0.18764478,-0.20117809,-0.1794452,-0.18760175,-0.18434997,-0.19487694,-0.18888733,-0.19758344,-0.18873917,0.0070462977
2022-11-13 19:00:00+00:00,-0.17687893,-0.18097207,-0.18290114,-0.1989885,-0.17503554,-0.18730271,-0.1819579,-0.19188976,-0.18589456,-0.19516926,-0.18569905,0.0077667595
2022-11-13 20:00:00+00:00,-0.17930165,-0.18179889,-0.18229657,-0.1996802,-0.1768547,-0.18930656,-0.18277413,-0.191594,-0.18670925,-0.19674966,-0.18670657,0.007533003
2022-11-13 21:00:00+00:00,-0.18324484,-0.18305974,-0.18255994,-0.2003155,-0.1790897,-0.19177583,-0.18350717,-0.19150175,-0.18799843,-0.1973021,-0.18803549,0.0069991937
2022-11-13 22:00:00+00:00,-0.18522757,-0.18443249,-0.1823661,-0.20031975,-0.17998053,-0.19401431,-0.18331145,-0.19235891,-0.18831894,-0.19692075,-0.18872508,0.0068298457
2022-11-13 23:00:00+00:00,-0.1842896,-0.18353695,-0.18061443,-0.19936913,-0.17934394,-0.19498757,-0.18263377,-0.19291142,-0.18741173,-0.19626424,-0.18813626,0.0071695307
2022-11-14 00:00:00+00:00,-0.18046054,-0.18188667,-0.17738838,-0.1974088,-0.1776892,-0.19372132,-0.1812049,-0.19275084,-0.18513355,-0.19523817,-0.18628824,0.0077060186
2022-11-14 01:00:00+00:00,-0.1757648,-0.17959982,-0.1753783,-0.19531378,-0.17558075,-0.19254902,-0.17978592,-0.19075146,-0.18235503,-0.19357473,-0.18406537,0.008104624
2022-11-14 02:00:00+00:00,-0.16982076,-0.1776066,-0.1747957,-0.192806,-0.17178543,-0.1914756,-0.17729421,-0.18756567,-0.17857331,-0.19034228,-0.18120657,0.008554359
2022-11-14 03:00:00+00:00,-0.16613959,-0.17626086,-0.17419979,-0.19097658,-0.16899502,-0.19083506,-0.1753843,-0.18530051,-0.17596522,-0.18739274,-0.17914495,0.008892876
2022-11-14 04:00:00+00:00,-0.16305096,-0.17538786,-0.1741747,-0.18973392,-0.16513221,-0.18951038,-0.17323197,-0.18273738,-0.17397314,-0.18425423,-0.17711866,0.009270168
2022-11-14 05:00:00+00:00,-0.16303046,-0.17532827,-0.17418203,-0.18996532,-0.16509777,-0.18966615,-0.17326418,-0.1829184,-0.17398034,-0.18429938,-0.17717323,0.009352129
2022-11-14 06:00:00+00:00,-0.1622411,-0.17422947,-0.17461382,-0.19023873,-0.16302216,-0.18873322,-0.17244978,-0.18193078,-0.17377327,-0.18313378,-0.17643662,0.009599683
2022-11-14 07:00:00+00:00,-0.16398749,-0.17475699,-0.17552826,-0.19158366,-0.16447224,-0.18857238,-0.17390017,-0.18322992,-0.17549038,-0.18481162,-0.1776333,0.009355812
2022-11-14 08:00:00+00:00,-0.16489157,-0.17538942,-0.17541894,-0.1921521,-0.16585284,-0.18915066,-0.1746816,-0.18414682,-0.1761486,-0.18598539,-0.1783818,0.009261701
2022-11-14 09:00:00+00:00,-0.16463879,-0.17520806,-0.17527725,-0.19215117,-0.16551709,-0.18920422,-0.17451286,-0.18413372,-0.17606308,-0.18576384,-0.178247,0.009360347
2022-11-14 10:00:00+00:00,-0.16412526,-0.17494294,-0.17489241,-0.19197594,-0.16503485,-0.18937165,-0.17406994,-0.18405661,-0.17557098,-0.18526736,-0.17793079,0.009516314
2022-11-14 11:00:00+00:00,-0.16341929,-0.1745471,-0.17419054,-0.19196603,-0.16435578,-0.18980551,-0.17344646,-0.18386269,-0.17495361,-0.18449302,-0.17750399,0.009796266
2022-11-14 12:00:00+00:00,-0.16247353,-0.1740472,-0.17335704,-0.1915757,-0.16327362,-0.19019839,-0.1724593,-0.18365106,-0.17399137,-0.18342197,-0.17684492,0.010126853
2022-11-14 13:00:00+00:00,-0.16140896,-0.17327093,-0.17279445,-0.19128084,-0.16177589,-0.19013461,-0.17122969,-0.18294375,-0.17311251,-0.1820921,-0.17600438,0.010449143
2022-11-14 14:00:00+00:00,-0.15965152,-0.17244181,-0.17180088,-0.18932429,-0.16021565,-0.19045633,-0.16956116,-0.18176548,-0.17156202,-0.18031347,-0.17470926,0.010695665
2022-11-14 15:00:00+00:00,-0.15888718,-0.17201158,-0.17119339,-0.18829453,-0.1594687,-0.19062552,-0.16873235,-0.18134403,-0.17056242,-0.17935833,-0.1740478,0.010823418
2022-11-14 16:00:00+00:00,-0.15583417,-0.17049724,-0.17013127,-0.18459916,-0.15643473,-0.1893503,-0.16549145,-0.17821398,-0.16733347,-0.17547624,-0.1713362,0.010952237
2022-11-14 17:00:00+00:00,-0.15158945,-0.16776022,-0.16774724,-0.18027115,-0.15129632,-0.18512726,-0.15988103,-0.17260444,-0.16322257,-0.16860649,-0.1668106,0.010997618
2022-11-14 18:00:00+00:00,-0.14925055,-0.16668415,-0.16504206,-0.17731377,-0.14845753,-0.18231118,-0.15710618,-0.16983935,-0.1603905,-0.16539815,-0.16417934,0.010935393
2022-11-14 19:00:00+00:00,-0.1485321,-0.16622904,-0.16450448,-0.17663848,-0.14748739,-0.18141824,-0.1560134,-0.16857824,-0.15982975,-0.16415903,-0.16333902,0.010944636
2022-11-14 20:00:00+00:00,-0.14891478,-0.16629548,-0.1654537,-0.17714074,-0.14774004,-0.1817753,-0.15613356,-0.16850583,-0.16024488,-0.16412306,-0.16363272,0.010969269
2022-11-14 21:00:00+00:00,-0.14998332,-0.16688123,-0.1672186,-0.17854503,-0.14905071,-0.1831128,-0.15754215,-0.16934638,-0.16190393,-0.16588575,-0.16494699,0.010978442
2022-11-14 22:00:00+00:00,-0.15109777,-0.16702087,-0.16958314,-0.18040532,-0.14995705,-0.18300012,-0.15805514,-0.16931106,-0.16348848,-0.16680261,-0.16587217,0.010907304
2022-11-14 23:00:00+00:00,-0.1529867,-0.1673193,-0.17062189,-0.1826995,-0.15172969,-0.18321002,-0.15987417,-0.17020296,-0.16571186,-0.16874301,-0.16730991,0.010629034
2022-11-15 00:00:00+00:00,-0.15393092,-0.16818096,-0.17105977,-0.18448469,-0.15303506,-0.18162766,-0.16138858,-0.16988404,-0.16714132,-0.1697439,-0.16804768,0.010218491
2022-11-15 01:00:00+00:00,-0.15720735,-0.17093134,-0.17364174,-0.18869773,-0.15741895,-0.18139437,-0.16506876,-0.17461346,-0.17097834,-0.17503518,-0.17149873,0.009803346
2022-11-15 02:00:00+00:00,-0.16139284,-0.17368203,-0.17695877,-0.19202697,-0.16246383,-0.18096694,-0.16984469,-0.17998196,-0.17490922,-0.18041646,-0.17526439,0.009149688
2022-11-15 03:00:00+00:00,-0.16547218,-0.17599843,-0.17994083,-0.19343267,-0.16675416,-0.18114644,-0.1741015,-0.18433835,-0.17789292,-0.184695,-0.17837724,0.008419819
2022-11-15 04:00:00+00:00,-0.16998696,-0.17817697,-0.1828177,-0.1949276,-0.17036852,-0.18266702,-0.17776181,-0.18861358,-0.1808625,-0.18893853,-0.18151212,0.007966701
2022-11-15 05:00:00+00:00,-0.17590858,-0.18024251,-0.18510437,-0.1966112,-0.17350113,-0.18474254,-0.18093826,-0.19220732,-0.18392608,-0.19336608,-0.1846548,0.007533664
2022-11-15 06:00:00+00:00,-0.18080412,-0.18157735,-0.18697995,-0.19792064,-0.17676789,-0.18589377,-0.18297768,-0.19348705,-0.18610047,-0.19603592,-0.18685448,0.0069400673
2022-11-15 07:00:00+00:00,-0.18425807,-0.18273072,-0.18704061,-0.19985418,-0.17943414,-0.18794268,-0.18408252,-0.19376755,-0.1880723,-0.19659165,-0.18837744,0.0064772666
2022-11-15 08:00:00+00:00,-0.18580705,-0.18344209,-0.18650568,-0.20160137,-0.1799721,-0.1902152,-0.18469056,-0.19349624,-0.18974179,-0.1975471,-0.18930191,0.0066713337
2022-11-15 09:00:00+00:00,-0.1864827,-0.18391062,-0.18681873,-0.20287208,-0.18079916,-0.19161868,-0.18504511,-0.19342278,-0.19089815,-0.19826424,-0.19001323,0.006814262
2022-11-15 10:00:00+00:00,-0.18921956,-0.18580814,-0.18780877,-0.20447809,-0.18256749,-0.19448677,-0.18531018,-0.1926624,-0.19266209,-0.1990382,-0.19140416,0.0067174067
2022-11-15 11:00:00+00:00,-0.19205627,-0.1879648,-0.18834051,-0.20648485,-0.18560016,-0.19808426,-0.18663216,-0.19502398,-0.19476128,-0.19994487,-0.19348931,0.00669982
2022-11-15 12:00:00+00:00,-0.19610573,-0.18998711,-0.18961714,-0.20849544,-0.18898289,-0.19995135,-0.1902523,-0.1963126,-0.1974189,-0.20118192,-0.19583054,0.0063211117
2022-11-15 13:00:00+00:00,-0.19639203,-0.18963648,-0.18949158,-0.20988297,-0.18931444,-0.201749,-0.19034018,-0.19885896,-0.1979581,-0.20164326,-0.19652669,0.0068848124
2022-11-15 14:00:00+00:00,-0.19391206,-0.18873759,-0.18755187,-0.21071963,-0.18844701,-0.20230201,-0.18889192,-0.20142674,-0.19731642,-0.2017273,-0.19610325,0.007862047
2022-11-15 15:00:00+00:00,-0.18942885,-0.18628314,-0.18562722,-0.2106195,-0.18614,-0.20205969,-0.1863485,-0.20294526,-0.1952918,-0.2013054,-0.19460492,0.009088674
2022-11-15 16:00:00+00:00,-0.18420538,-0.1835895,-0.18345171,-0.21000469,-0.18295333,-0.20192406,-0.18402858,-0.20219417,-0.19268978,-0.20069668,-0.1925738,0.010270475
2022-11-15 17:00:00+00:00,-0.18100524,-0.18183519,-0.18263453,-0.20961118,-0.18056577,-0.20106408,-0.18303464,-0.20102441,-0.19124958,-0.19943139,-0.19114561,0.010776926
2022-11-15 18:00:00+00:00,-0.17868659,-0.18041591,-0.18219417,-0.2093547,-0.178437,-0.19967008,-0.18191399,-0.19977173,-0.19041106,-0.19804072,-0.1898896,0.011096383
2022-11-15 19:00:00+00:00,-0.17651513,-0.17878015,-0.18151987,-0.2090418,-0.1755786,-0.1979427,-0.18039818,-0.19822472,-0.18943079,-0.19526902,-0.18827012,0.011408063
2022-11-15 20:00:00+00:00,-0.17812681,-0.17944081,-0.18296036,-0.21067213,-0.17613757,-0.19724667,-0.18135403,-0.19869092,-0.19169408,-0.19599554,-0.1892319,0.011339434
2022-11-15 21:00:00+00:00,-0.17709415,-0.17872928,-0.1829254,-0.21084824,-0.1748769,-0.19684651,-0.18061964,-0.19819343,-0.19201158,-0.19457,-0.18867151,0.011625062
2022-11-15 22:00:00+00:00,-0.175654,-0.17775622,-0.18235438,-0.20999664,-0.17341228,-0.19562268,-0.17889522,-0.19660911,-0.19201598,-0.19170597,-0.18740225,0.011677586
2022-11-15 23:00:00+00:00,-0.17387462,-0.17675936,-0.181161,-0.20834315,-0.17164958,-0.19403264,-0.17643353,-0.19431442,-0.19169544,-0.18862474,-0.18568884,0.011664336
2022-11-16 00:00:00+00:00,-0.17228374,-0.17556378,-0.1797874,-0.20574942,-0.17018354,-0.19288242,-0.1748634,-0.19206683,-0.19085264,-0.18505445,-0.18392876,0.011380231
2022-11-16 01:00:00+00:00,-0.1716223,-0.17498897,-0.1794047,-0.20469537,-0.16969651,-0.19252974,-0.17454104,-0.19111875,-0.19082132,-0.18352869,-0.18329473,0.011269893
2022-11-16 02:00:00+00:00,-0.17617929,-0.17768094,-0.1832645,-0.21056512,-0.17473242,-0.19454002,-0.1779155,-0.19567609,-0.19519298,-0.18916027,-0.1874907,0.0115841525
2022-11-16 03:00:00+00:00,-0.1825515,-0.18085292,-0.18891612,-0.21594362,-0.18072832,-0.19635719,-0.18423392,-0.2010276,-0.20080242,-0.19563714,-0.19270508,0.011401385
2022-11-16 04:00:00+00:00,-0.18916328,-0.18409118,-0.19599408,-0.22084305,-0.1871263,-0.1987108,-0.19126673,-0.20424476,-0.20756023,-0.20123918,-0.19802396,0.0110671315
2022-11-16 05:00:00+00:00,-0.19296195,-0.18724145,-0.20098874,-0.22415233,-0.192144,-0.20084015,-0.19526796,-0.2061719,-0.21204177,-0.20373878,-0.2015549,0.010823532
2022-11-16 06:00:00+00:00,-0.19680822,-0.19061625,-0.20572335,-0.22718345,-0.19782801,-0.2026717,-0.19934668,-0.20850128,-0.21592936,-0.2069529,-0.20515612,0.010491925
2022-11-16 07:00:00+00:00,-0.19953212,-0.19266558,-0.2083435,-0.2290123,-0.20064119,-0.20435098,-0.2018118,-0.21024214,-0.21851686,-0.20920292,-0.20743194,0.010371419
2022-11-16 08:00:00+00:00,-0.19919978,-0.19252346,-0.20782384,-0.2299796,-0.1991923,-0.20626375,-0.20197931,-0.21247968,-0.21898906,-0.20953512,-0.20779657,0.010851061
2022-11-16 09:00:00+00:00,-0.20020825,-0.19362366,-0.20896989,-0.23154813,-0.20052187,-0.20835236,-0.20339221,-0.21411234,-0.2204524,-0.21100515,-0.20921862,0.010988516
2022-11-16 10:00:00+00:00,-0.20226803,-0.19498783,-0.21054313,-0.23337504,-0.20301437,-0.21135494,-0.20504662,-0.21586621,-0.22203179,-0.21298835,-0.21114764,0.0109643
2022-11-16 11:00:00+00:00,-0.20531677,-0.19666997,-0.21222126,-0.23524526,-0.20491439,-0.21478984,-0.20681523,-0.21738304,-0.22369407,-0.21469522,-0.21317449,0.010873697
2022-11-16 12:00:00+00:00,-0.2082086,-0.19855432,-0.21404576,-0.23710823,-0.2069421,-0.2182503,-0.20875862,-0.21859542,-0.22570741,-0.2161353,-0.21523061,0.010796346
2022-11-16 13:00:00+00:00,-0.21058014,-0.19942981,-0.21488768,-0.23846397,-0.20800427,-0.2207635,-0.20989053,-0.22017713,-0.22706063,-0.21707764,-0.21663353,0.01090716
2022-11-16 14:00:00+00:00,-0.20912953,-0.19528157,-0.21124998,-0.23710118,-0.20416574,-0.2151399,-0.20670454,-0.22098796,-0.2256665,-0.21296237,-0.2138389,0.011796045
2022-11-16 15:00:00+00:00,-0.20571654,-0.18989582,-0.2073247,-0.23421565,-0.19941276,-0.2135872,-0.20254041,-0.21821931,-0.22176133,-0.2075192,-0.2100193,0.012510974
2022-11-16 16:00:00+00:00,-0.20123498,-0.18414088,-0.20314816,-0.23011166,-0.19367155,-0.21256694,-0.19711174,-0.2143815,-0.21595174,-0.2012634,-0.20535824,0.013130762
2022-11-16 17:00:00+00:00,-0.19743246,-0.17986688,-0.19985007,-0.22547024,-0.18943089,-0.21113706,-0.19243379,-0.21103176,-0.21109176,-0.19619358,-0.20139384,0.013306079
2022-11-16 18:00:00+00:00,-0.19297612,-0.17537975,-0.1962447,-0.21979424,-0.18436262,-0.20864052,-0.18725672,-0.20684637,-0.20621619,-0.19006707,-0.19677843,0.013430377
2022-11-16 19:00:00+00:00,-0.19090265,-0.17330417,-0.19471902,-0.21720889,-0.1817573,-0.20710853,-0.18507159,-0.20498298,-0.20408772,-0.18717448,-0.19463173,0.013513364
2022-11-16 20:00:00+00:00,-0.19071707,-0.17364268,-0.19403864,-0.21639451,-0.18045941,-0.20539045,-0.18662436,-0.20436138,-0.20552528,-0.18532938,-0.19424832,0.013370603
2022-11-16 21:00:00+00:00,-0.19166106,-0.17496863,-0.19443777,-0.21773478,-0.18118355,-0.20517248,-0.18873715,-0.20509207,-0.20764548,-0.18603808,-0.19526711,0.013352271
2022-11-16 22:00:00+00:00,-0.19105458,-0.17454356,-0.19390565,-0.21702334,-0.18056096,-0.2049866,-0.18804938,-0.20457354,-0.2068733,-0.18584013,-0.1947411,0.013302662
2022-11-16 23:00:00+00:00,-0.18921608,-0.17308183,-0.19160852,-0.21357116,-0.1771603,-0.20289627,-0.18605974,-0.20110817,-0.20466042,-0.1822979,-0.19216605,0.013091336
2022-11-17 00:00:00+00:00,-0.18970251,-0.1740109,-0.19248478,-0.21551791,-0.1788052,-0.20398441,-0.18647358,-0.20314866,-0.20498577,-0.18500784,-0.19341215,0.01313331
2022-11-17 01:00:00+00:00,-0.19136728,-0.17672986,-0.19448218,-0.21932104,-0.18196237,-0.20448846,-0.1895088,-0.2056622,-0.20833273,-0.18889123,-0.19607463,0.013107052
2022-11-17 02:00:00+00:00,-0.19311017,-0.18010402,-0.19669692,-0.2234633,-0.18548453,-0.20464918,-0.19268547,-0.20762593,-0.21182758,-0.19300348,-0.19886506,0.013015756
2022-11-17 03:00:00+00:00,-0.1953462,-0.184004,-0.20007026,-0.22749668,-0.19014272,-0.20564616,-0.19560082,-0.21040207,-0.21516508,-0.19818476,-0.20220587,0.012801126
2022-11-17 04:00:00+00:00,-0.19795254,-0.18801117,-0.20385844,-0.23062822,-0.1949359,-0.20688847,-0.19854113,-0.21329924,-0.21859674,-0.20358938,-0.20563014,0.012448709
2022-11-17 05:00:00+00:00,-0.20019913,-0.19185385,-0.20772344,-0.2326632,-0.199359,-0.20850354,-0.20229755,-0.21576643,-0.2213381,-0.20841327,-0.20881176,0.011875014
2022-11-17 06:00:00+00:00,-0.20277509,-0.19463909,-0.21056555,-0.23396048,-0.2029262,-0.21122149,-0.20510596,-0.21673723,-0.22295941,-0.21191359,-0.21128039,0.011248049
2022-11-17 07:00:00+00:00,-0.20397799,-0.19661206,-0.21262145,-0.23470955,-0.20533209,-0.21329352,-0.20680022,-0.21626696,-0.22368872,-0.21389349,-0.2127196,0.010768592
2022-11-17 08:00:00+00:00,-0.20338073,-0.1958009,-0.21135375,-0.23409301,-0.20405874,-0.21287954,-0.20589684,-0.2163191,-0.22256975,-0.21391055,-0.21202628,0.010854209
2022-11-17 09:00:00+00:00,-0.20119765,-0.193522,-0.20846781,-0.23235968,-0.20123477,-0.21044144,-0.20355976,-0.21587285,-0.22033001,-0.21193686,-0.2098923,0.011128764
2022-11-17 10:00:00+00:00,-0.19888592,-0.19262646,-0.20754921,-0.2312218,-0.19941977,-0.20845282,-0.20247933,-0.21478824,-0.2194227,-0.2103486,-0.20851949,0.011267189
2022-11-17 11:00:00+00:00,-0.1993176,-0.19283547,-0.2076283,-0.23084378,-0.19938013,-0.20827621,-0.20239505,-0.21389723,-0.2188156,-0.21088365,-0.20842731,0.01101192
2022-11-17 12:00:00+00:00,-0.19600439,-0.18963191,-0.20405585,-0.2280137,-0.19486617,-0.2048268,-0.1989015,-0.21200094,-0.21573186,-0.20708197,-0.2051115,0.0113330055
2022-11-17 13:00:00+00:00,-0.19248836,-0.18628366,-0.20010039,-0.22546908,-0.19056389,-0.2029593,-0.19510017,-0.20980498,-0.2120339,-0.20371887,-0.20185228,0.011716686
2022-11-17 14:00:00+00:00,-0.18893024,-0.18250704,-0.19590342,-0.22258064,-0.18573731,-0.20148203,-0.19059895,-0.20687284,-0.20841786,-0.19930935,-0.19823398,0.012186494
2022-11-17 15:00:00+00:00,-0.18500583,-0.1805801,-0.19188881,-0.21952507,-0.18288153,-0.19876924,-0.18721135,-0.20352346,-0.20569426,-0.19469403,-0.19497737,0.012146368
2022-11-17 16:00:00+00:00,-0.1805968,-0.17827749,-0.18685958,-0.21464539,-0.17851721,-0.1966582,-0.18385123,-0.19866312,-0.20104334,-0.18932283,-0.19084352,0.011773021
2022-11-17 17:00:00+00:00,-0.17669077,-0.17686398,-0.18322846,-0.209829,-0.17533302,-0.19402379,-0.18158603,-0.19433077,-0.19770655,-0.18492971,-0.18745221,0.011204074
2022-11-17 18:00:00+00:00,-0.17385922,-0.17601039,-0.18043138,-0.20578665,-0.17300853,-0.1914503,-0.17988418,-0.19045752,-0.19539486,-0.1816107,-0.18478937,0.010637155
2022-11-17 19:00:00+00:00,-0.17198512,-0.17539757,-0.17780896,-0.20212987,-0.17128083,-0.18924502,-0.1787868,-0.18734005,-0.19298771,-0.17881674,-0.18257785,0.010002342
2022-11-17 20:00:00+00:00,-0.1710301,-0.17554317,-0.17608559,-0.20004976,-0.17069867,-0.18725121,-0.17880933,-0.18718006,-0.19186729,-0.1775879,-0.18161032,0.009605689
2022-11-17 21:00:00+00:00,-0.1709525,-0.17603065,-0.1749168,-0.19944334,-0.1709792,-0.18572381,-0.17901365,-0.18797824,-0.19134742,-0.17769924,-0.1814085,0.009395487
2022-11-17 22:00:00+00:00,-0.17196006,-0.17687124,-0.17531589,-0.20043802,-0.17229676,-0.1850738,-0.1796973,-0.18944119,-0.1918751,-0.17916052,-0.18221298,0.009316319
2022-11-17 23:00:00+00:00,-0.17344943,-0.17790218,-0.17658241,-0.20251629,-0.17437106,-0.18571934,-0.18067338,-0.19135939,-0.19285724,-0.18194784,-0.18373784,0.009364507
2022-11-18 00:00:00+00:00,-0.17517062,-0.17888778,-0.17876728,-0.20463502,-0.17649975,-0.18700284,-0.1815636,-0.19353183,-0.19369505,-0.18538272,-0.18551366,0.009382819
2022-11-18 01:00:00+00:00,-0.1770156,-0.18007961,-0.18224022,-0.20508668,-0.17879885,-0.18775615,-0.18313517,-0.19593734,-0.19423124,-0.18793634,-0.18722172,0.008898707
2022-11-18 02:00:00+00:00,-0.17904261,-0.18100533,-0.18621853,-0.20578133,-0.18204364,-0.18721601,-0.18458682,-0.19827743,-0.19421588,-0.19131848,-0.18897063,0.008446606
2022-11-18 03:00:00+00:00,-0.1807364,-0.1817455,-0.18979362,-0.20578599,-0.18501335,-0.18594322,-0.1853722,-0.2002407,-0.19380736,-0.19337341,-0.19018118,0.008140104
2022-11-18 04:00:00+00:00,-0.18284097,-0.18230212,-0.19546436,-0.20517483,-0.18970923,-0.1837284,-0.18778315,-0.20098774,-0.19322616,-0.19457236,-0.19157892,0.0077609466
2022-11-18 05:00:00+00:00,-0.18471609,-0.18234171,-0.19845746,-0.20509394,-0.1916407,-0.18347085,-0.18927725,-0.20074107,-0.1925177,-0.19581383,-0.19240706,0.0076691257
2022-11-18 06:00:00+00:00,-0.18245888,-0.18194556,-0.19876152,-0.20539707,-0.19503528,-0.18204543,-0.19122225,-0.2000432,-0.19141237,-0.19625175,-0.19245732,0.008214215
2022-11-18 07:00:00+00:00,-0.1792413,-0.18145601,-0.19841886,-0.20614734,-0.19703099,-0.1811375,-0.19152252,-0.19917786,-0.19092074,-0.19590506,-0.19209583,0.008985705
2022-11-18 08:00:00+00:00,-0.17541347,-0.18067636,-0.19840515,-0.20637386,-0.19805685,-0.17914003,-0.19109643,-0.19806427,-0.18980622,-0.19454935,-0.1911582,0.009971364
2022-11-18 09:00:00+00:00,-0.17331395,-0.18010347,-0.19775978,-0.20495704,-0.1963935,-0.17781061,-0.18968314,-0.19697735,-0.1876589,-0.19295272,-0.18976104,0.010067346
2022-11-18 10:00:00+00:00,-0.17407688,-0.17985837,-0.19663057,-0.202553,-0.19384067,-0.17870554,-0.18757622,-0.19612959,-0.18586323,-0.19201493,-0.1887249,0.009120286
2022-11-18 11:00:00+00:00,-0.17432867,-0.17955983,-0.19564685,-0.20085716,-0.19244634,-0.17842984,-0.18647063,-0.19534796,-0.18453586,-0.19106647,-0.18786897,0.008633552
2022-11-18 12:00:00+00:00,-0.17440112,-0.17927395,-0.19487019,-0.19915023,-0.1911133,-0.17817473,-0.18531904,-0.19445789,-0.18373722,-0.19015238,-0.187065,0.008177089
2022-11-18 13:00:00+00:00,-0.17672618,-0.17930993,-0.19354638,-0.19559549,-0.18676895,-0.17883217,-0.18290281,-0.19365568,-0.18255034,-0.18949726,-0.1859385,0.0068641286
2022-11-18 14:00:00+00:00,-0.17758727,-0.1790838,-0.19252428,-0.19463058,-0.18277386,-0.17885229,-0.18137449,-0.19267747,-0.18160143,-0.18944678,-0.18505523,0.006544246
2022-11-18 15:00:00+00:00,-0.17391956,-0.17857783,-0.19088367,-0.19344491,-0.177401,-0.17854166,-0.1788839,-0.19158374,-0.18042484,-0.18834099,-0.18320021,0.0070699956
2022-11-18 16:00:00+00:00,-0.17341973,-0.17823362,-0.1898411,-0.1923787,-0.17531359,-0.17841071,-0.17817138,-0.19055912,-0.1797517,-0.18823203,-0.18243116,0.00702811
2022-11-18 17:00:00+00:00,-0.16847846,-0.17688805,-0.18693146,-0.19084391,-0.16990787,-0.17657784,-0.17504357,-0.18900737,-0.17713408,-0.1842542,-0.17950669,0.0078259185
2022-11-18 18:00:00+00:00,-0.16549143,-0.1758011,-0.1852741,-0.18950395,-0.16708559,-0.1759314,-0.17254715,-0.18585226,-0.17529151,-0.1821123,-0.17748907,0.008048357
2022-11-18 19:00:00+00:00,-0.16257076,-0.17450067,-0.18352824,-0.18813929,-0.16419953,-0.17510352,-0.17026137,-0.18259242,-0.17307626,-0.17970145,-0.17536734,0.00830878
2022-11-18 20:00:00+00:00,-0.16059124,-0.17355442,-0.18241757,-0.18658234,-0.16194488,-0.17452449,-0.1690738,-0.17997144,-0.17160748,-0.17831956,-0.17385873,0.008425318
2022-11-18 21:00:00+00:00,-0.15836325,-0.17238213,-0.1810191,-0.18517089,-0.15922523,-0.17424813,-0.16735052,-0.17718105,-0.16969223,-0.176216,-0.17208485,0.008696498
2022-11-18 22:00:00+00:00,-0.15552102,-0.17097662,-0.17932394,-0.1832593,-0.15625896,-0.17435437,-0.16501942,-0.17396058,-0.1673637,-0.17361891,-0.16996568,0.009077711
2022-11-18 23:00:00+00:00,-0.15178682,-0.168929,-0.176863,-0.18116835,-0.15230097,-0.17395604,-0.16131952,-0.16978483,-0.16405761,-0.16973558,-0.16699016,0.009739917
2022-11-19 00:00:00+00:00,-0.14821774,-0.16667813,-0.17344357,-0.17607294,-0.14782631,-0.17275777,-0.15779771,-0.16549568,-0.1599784,-0.16476795,-0.16330361,0.009900028
2022-11-19 01:00:00+00:00,-0.14606932,-0.16536123,-0.17028555,-0.17279758,-0.14588308,-0.1714406,-0.1554745,-0.16306223,-0.1573936,-0.16107756,-0.16088453,0.009732761
2022-11-19 02:00:00+00:00,-0.1443706,-0.16434017,-0.1660656,-0.16964659,-0.14413235,-0.16985744,-0.15318269,-0.1603791,-0.15507358,-0.15814674,-0.15851948,0.009394558
2022-11-19 03:00:00+00:00,-0.14375956,-0.16395675,-0.16438943,-0.16831474,-0.14312969,-0.16872358,-0.15216996,-0.15933725,-0.15413636,-0.15671697,-0.15746345,0.00925614
2022-11-19 04:00:00+00:00,-0.13992418,-0.1556231,-0.15425399,-0.1601372,-0.13519588,-0.15804935,-0.14774409,-0.15342043,-0.14567073,-0.14692879,-0.14969477,0.008041464
2022-11-19 05:00:00+00:00,-0.13944131,-0.15455316,-0.15316896,-0.15877786,-0.1335924,-0.15715426,-0.1465945,-0.1520887,-0.14495032,-0.14575708,-0.14860785,0.008026238
2022-11-19 06:00:00+00:00,-0.13739847,-0.15189661,-0.15045738,-0.15643415,-0.12984522,-0.15462363,-0.14406662,-0.14907074,-0.14285198,-0.14282738,-0.14594722,0.008205386
2022-11-19 07:00:00+00:00,-0.1373298,-0.15101102,-0.14942929,-0.15583262,-0.12935469,-0.15343738,-0.1439001,-0.148581,-0.14272514,-0.14169785,-0.1453299,0.0080063725
2022-11-19 08:00:00+00:00,-0.13603207,-0.14901212,-0.1474487,-0.1539771,-0.12671918,-0.15140593,-0.14218788,-0.14635916,-0.1412964,-0.13924353,-0.14336821,0.008085041
2022-11-19 09:00:00+00:00,-0.13656975,-0.15122154,-0.14944991,-0.1565592,-0.12841679,-0.15451992,-0.14209996,-0.14673531,-0.14382751,-0.14168394,-0.14510839,0.008514694
2022-11-19 10:00:00+00:00,-0.13772988,-0.15291768,-0.15096286,-0.15839338,-0.13021833,-0.15669474,-0.14269692,-0.1479582,-0.14595388,-0.14343768,-0.14669636,0.008656258
2022-11-19 11:00:00+00:00,-0.13888931,-0.15376046,-0.15214297,-0.16007313,-0.1318811,-0.15843976,-0.14331344,-0.14902717,-0.1472424,-0.14465149,-0.14794214,0.008709456
2022-11-19 12:00:00+00:00,-0.14015202,-0.15361755,-0.15310496,-0.16125524,-0.13348603,-0.15898064,-0.14421636,-0.15039644,-0.1487542,-0.14503686,-0.14890002,0.008481657
2022-11-19 13:00:00+00:00,-0.14084665,-0.15267615,-0.15372962,-0.16104859,-0.13389076,-0.15777904,-0.14461823,-0.15089679,-0.14959979,-0.14425728,-0.14893429,0.008154735
2022-11-19 14:00:00+00:00,-0.14244962,-0.15281542,-0.15615791,-0.16189426,-0.13615544,-0.15736443,-0.14635475,-0.15315752,-0.15132755,-0.1448404,-0.15025172,0.007754874
2022-11-19 15:00:00+00:00,-0.14275777,-0.15134037,-0.15516153,-0.16009736,-0.1350286,-0.15518966,-0.14603496,-0.15258285,-0.15052204,-0.14310439,-0.14918195,0.0074344734
2022-11-19 16:00:00+00:00,-0.14316809,-0.15126172,-0.15565199,-0.16054252,-0.1354271,-0.15557173,-0.14602384,-0.15274754,-0.15105663,-0.14318947,-0.14946406,0.0074740765
2022-11-19 17:00:00+00:00,-0.14321697,-0.14984837,-0.15427463,-0.15881297,-0.13412318,-0.15365598,-0.14538568,-0.15189952,-0.15033467,-0.1413395,-0.14828917,0.0072889514
2022-11-19 18:00:00+00:00,-0.14405209,-0.14960663,-0.15504366,-0.1587702,-0.13491304,-0.15316156,-0.14619976,-0.15272513,-0.15131104,-0.14128488,-0.1487068,0.0071361028
2022-11-19 19:00:00+00:00,-0.14405242,-0.15078315,-0.15639146,-0.16125372,-0.13607289,-0.15603933,-0.14592113,-0.15305878,-0.15264297,-0.14304137,-0.14992572,0.0075665046
2022-11-19 20:00:00+00:00,-0.14455204,-0.15172824,-0.15765484,-0.16311684,-0.13768226,-0.15788978,-0.14651567,-0.15407291,-0.15363254,-0.1445588,-0.15114039,0.007715906
2022-11-19 21:00:00+00:00,-0.14471994,-0.15112974,-0.15730286,-0.16264266,-0.13736145,-0.15745398,-0.14615394,-0.15370023,-0.1539309,-0.1438848,-0.15082805,0.007689051
2022-11-19 22:00:00+00:00,-0.14555135,-0.15172486,-0.15833005,-0.16387546,-0.139198,-0.15823752,-0.14735436,-0.15520497,-0.155673,-0.14502203,-0.15201716,0.0075981594
2022-11-19 23:00:00+00:00,-0.1459274,-0.15060264,-0.15729356,-0.16212893,-0.13823985,-0.15606397,-0.1473049,-0.15479559,-0.15606765,-0.1434014,-0.15118258,0.0073708366
2022-11-20 00:00:00+00:00,-0.1455138,-0.15076996,-0.15737131,-0.16318622,-0.13794354,-0.15743431,-0.14642112,-0.15411592,-0.15549204,-0.14374816,-0.15119964,0.0077040005
2022-11-20 01:00:00+00:00,-0.1454472,-0.150958,-0.15751901,-0.1637691,-0.13821043,-0.1583699,-0.14604823,-0.15393567,-0.15533628,-0.14418739,-0.15137811,0.007825845
2022-11-20 02:00:00+00:00,-0.14518574,-0.14984797,-0.15658446,-0.16255915,-0.1365732,-0.15742907,-0.14508526,-0.15253678,-0.15465549,-0.1427653,-0.15032223,0.007911481
2022-11-20 03:00:00+00:00,-0.14593777,-0.15060459,-0.15760915,-0.1640363,-0.13844615,-0.15845716,-0.1463115,-0.15401143,-0.15625572,-0.14398558,-0.15156554,0.007869024
2022-11-20 04:00:00+00:00,-0.14687112,-0.15123491,-0.15867454,-0.16532719,-0.14023122,-0.15953994,-0.14769723,-0.15553729,-0.15790755,-0.14516848,-0.15281895,0.007819473
2022-11-20 05:00:00+00:00,-0.14759132,-0.15337516,-0.16019578,-0.1687229,-0.14283833,-0.16368815,-0.14897585,-0.15735273,-0.15922752,-0.14828151,-0.15502493,0.008172192
2022-11-20 06:00:00+00:00,-0.14801082,-0.15396868,-0.160938,-0.17000121,-0.14352,-0.1654101,-0.1494525,-0.1577998,-0.16001822,-0.14939414,-0.15585135,0.008421817
2022-11-20 07:00:00+00:00,-0.14861655,-0.1526807,-0.16008648,-0.1685304,-0.14351746,-0.16313905,-0.14991474,-0.15772752,-0.16113468,-0.14782637,-0.1553174,0.007989935
2022-11-20 08:00:00+00:00,-0.14963509,-0.1522366,-0.15922259,-0.16714838,-0.14415482,-0.16061378,-0.15089506,-0.1582634,-0.16289878,-0.14635871,-0.15514271,0.0075669144
2022-11-20 09:00:00+00:00,-0.15098599,-0.15282023,-0.15800704,-0.16622368,-0.14600278,-0.15852189,-0.1526606,-0.15963991,-0.16539122,-0.14531386,-0.15555672,0.007264308
2022-11-20 10:00:00+00:00,-0.15172596,-0.15148537,-0.1569531,-0.16367882,-0.1451635,-0.15544218,-0.15247661,-0.15938236,-0.16621074,-0.14330593,-0.15458246,0.007344097
2022-11-20 11:00:00+00:00,-0.15282558,-0.15283301,-0.15730192,-0.16478986,-0.14765519,-0.15660995,-0.15416025,-0.16060516,-0.16834697,-0.14425874,-0.15593866,0.007332809
2022-11-20 12:00:00+00:00,-0.15404761,-0.1541912,-0.15692833,-0.16476151,-0.15026309,-0.15668038,-0.15613256,-0.16221105,-0.17092332,-0.14461504,-0.15707542,0.007434433
2022-11-20 13:00:00+00:00,-0.15524526,-0.15435262,-0.15606998,-0.16310796,-0.15051776,-0.15491346,-0.15662949,-0.16239151,-0.17193323,-0.14319918,-0.15683606,0.007724665
2022-11-20 14:00:00+00:00,-0.15569907,-0.15341376,-0.15583839,-0.16236168,-0.15030147,-0.15378693,-0.15621825,-0.16235578,-0.17232198,-0.14236343,-0.15646607,0.0079950085
2022-11-20 15:00:00+00:00,-0.15595618,-0.15382102,-0.15674119,-0.16427743,-0.15149942,-0.15581283,-0.15678445,-0.16305088,-0.17370416,-0.14371279,-0.15753603,0.008064011
2022-11-20 16:00:00+00:00,-0.15633978,-0.15463065,-0.15699233,-0.16475037,-0.15254496,-0.15663075,-0.15772592,-0.1635308,-0.17471993,-0.14428659,-0.15821521,0.008097596
2022-11-20 17:00:00+00:00,-0.15661973,-0.15575159,-0.15663718,-0.16480556,-0.15348735,-0.15689093,-0.15870738,-0.16425869,-0.17551792,-0.14464259,-0.15873191,0.008140026
2022-11-20 18:00:00+00:00,-0.15710597,-0.1573758,-0.1569815,-0.16552347,-0.15480047,-0.15833029,-0.16010207,-0.16557434,-0.17651302,-0.14555384,-0.15978606,0.008142496
2022-11-20 19:00:00+00:00,-0.15695924,-0.15789743,-0.15760829,-0.16692531,-0.15509164,-0.16012129,-0.16057134,-0.1662566,-0.17634508,-0.14690736,-0.16046837,0.007939429
2022-11-20 20:00:00+00:00,-0.15670758,-0.15900157,-0.15954626,-0.17043632,-0.1552024,-0.16402975,-0.16083303,-0.16733107,-0.17544714,-0.14986408,-0.16183992,0.00761688
2022-11-20 21:00:00+00:00,-0.1554167,-0.157723,-0.15968941,-0.17027172,-0.15380776,-0.16363877,-0.15928002,-0.16590331,-0.17372718,-0.14949903,-0.16089569,0.00752353
2022-11-20 22:00:00+00:00,-0.15453678,-0.15642083,-0.16004498,-0.17034385,-0.15239634,-0.16345364,-0.15757897,-0.16442452,-0.17193794,-0.1492629,-0.16004008,0.0074730557
2022-11-20 23:00:00+00:00,-0.15360855,-0.15574655,-0.16008644,-0.17036298,-0.15129519,-0.16340718,-0.15630081,-0.1634047,-0.17030737,-0.14907378,-0.15935937,0.0074574337
2022-11-21 00:00:00+00:00,-0.1528355,-0.15570803,-0.16063392,-0.17108724,-0.15032282,-0.1645672,-0.15537412,-0.16277075,-0.16882446,-0.14976127,-0.15918854,0.007548218
2022-11-21 01:00:00+00:00,-0.15181464,-0.15637116,-0.1618177,-0.17299515,-0.14888117,-0.16776803,-0.15442564,-0.16239604,-0.16703622,-0.15184642,-0.15953521,0.008075758
2022-11-21 02:00:00+00:00,-0.15170063,-0.15851727,-0.16303588,-0.17559779,-0.14868386,-0.17131796,-0.15482436,-0.16362885,-0.1668576,-0.15477398,-0.16089381,0.008730797
2022-11-21 03:00:00+00:00,-0.15134645,-0.15909033,-0.16345283,-0.17664364,-0.14829949,-0.17278281,-0.15435722,-0.16430074,-0.1664369,-0.1558812,-0.16125914,0.009176221
2022-11-21 04:00:00+00:00,-0.1514764,-0.1604646,-0.1641948,-0.178072,-0.14867432,-0.17482564,-0.15481126,-0.165885,-0.16633308,-0.15773945,-0.16224764,0.009553281
2022-11-21 05:00:00+00:00,-0.15154397,-0.16141176,-0.16476081,-0.17902261,-0.14903054,-0.17637184,-0.15547885,-0.16700359,-0.16655724,-0.159215,-0.16303961,0.009815523
2022-11-21 06:00:00+00:00,-0.15167195,-0.16195202,-0.16485912,-0.17946485,-0.14929841,-0.17681637,-0.1558959,-0.16733569,-0.16675499,-0.15988854,-0.16339378,0.009855022
2022-11-21 07:00:00+00:00,-0.15161505,-0.16192117,-0.16480534,-0.17920715,-0.14923081,-0.17660296,-0.15564094,-0.16696821,-0.16643518,-0.1596053,-0.16320321,0.009798848
2022-11-21 08:00:00+00:00,-0.15089966,-0.16021466,-0.16397804,-0.17733765,-0.14833456,-0.17422351,-0.15416294,-0.165004,-0.16535129,-0.15727648,-0.16167828,0.009455572
2022-11-21 09:00:00+00:00,-0.15122157,-0.16113809,-0.1640764,-0.17814451,-0.14875022,-0.1748515,-0.1548376,-0.16549715,-0.16589019,-0.15812515,-0.16225325,0.00951974
2022-11-21 10:00:00+00:00,-0.15160805,-0.1618658,-0.16402203,-0.17847309,-0.14916292,-0.17495078,-0.15544422,-0.16553819,-0.1664542,-0.1585343,-0.16260536,0.009426078
2022-11-21 11:00:00+00:00,-0.15188706,-0.16203025,-0.16392912,-0.17843843,-0.1494536,-0.17467245,-0.15574875,-0.16589357,-0.16672075,-0.15845065,-0.16272245,0.009298273
2022-11-21 12:00:00+00:00,-0.15123358,-0.16071221,-0.16332115,-0.17715156,-0.14879438,-0.17294818,-0.154999,-0.1647381,-0.1659641,-0.15689474,-0.16167569,0.00906996
2022-11-21 13:00:00+00:00,-0.15125974,-0.16019863,-0.16259061,-0.17576131,-0.14889936,-0.17084968,-0.15541866,-0.1647023,-0.16621009,-0.15574357,-0.1611634,0.008555371
2022-11-21 14:00:00+00:00,-0.15114078,-0.15912032,-0.16136304,-0.17353478,-0.14898115,-0.16768813,-0.15545586,-0.16405673,-0.16605292,-0.15356395,-0.16009578,0.00788744
2022-11-21 15:00:00+00:00,-0.15062267,-0.15761164,-0.16072956,-0.17190954,-0.14805993,-0.16592315,-0.15431558,-0.16285035,-0.16493236,-0.15181412,-0.1588769,0.007694277
2022-11-21 16:00:00+00:00,-0.15015794,-0.15623349,-0.16011222,-0.17038456,-0.1470749,-0.16410989,-0.15339041,-0.16154647,-0.16405785,-0.15031031,-0.15773779,0.0075137867
2022-11-21 17:00:00+00:00,-0.14989874,-0.15565428,-0.15992707,-0.16991463,-0.14636672,-0.16361848,-0.15281063,-0.16092151,-0.16355917,-0.14982118,-0.15724924,0.0075375456
2022-11-21 18:00:00+00:00,-0.14935012,-0.15533213,-0.16061309,-0.17061022,-0.14561367,-0.16505986,-0.15182096,-0.16013873,-0.16264203,-0.15016593,-0.15713468,0.007952879
2022-11-21 19:00:00+00:00,-0.14980724,-0.15736459,-0.16147554,-0.17287573,-0.14703059,-0.16789797,-0.15297772,-0.16182753,-0.1635285,-0.15266061,-0.1587446,0.008250198
2022-11-21 20:00:00+00:00,-0.15048078,-0.15908046,-0.16175362,-0.1741581,-0.14814433,-0.16887558,-0.15444265,-0.16338989,-0.16471468,-0.154031,-0.15990713,0.008262816
2022-11-21 21:00:00+00:00,-0.15094516,-0.1602214,-0.16200292,-0.17502859,-0.14878696,-0.16963068,-0.1553271,-0.16462824,-0.16547942,-0.1551588,-0.16072091,0.008312722
2022-11-21 22:00:00+00:00,-0.15156886,-0.16205148,-0.16258118,-0.17675847,-0.14965901,-0.17179343,-0.1564064,-0.16614667,-0.16615686,-0.15707023,-0.16201927,0.008597379
2022-11-21 23:00:00+00:00,-0.1523994,-0.164137,-0.1636194,-0.17899871,-0.15060264,-0.17439464,-0.15746666,-0.16772886,-0.16706595,-0.15938461,-0.16357979,0.009023189
2022-11-22 00:00:00+00:00,-0.1534554,-0.16662326,-0.16467664,-0.18110317,-0.151721,-0.17652258,-0.15908016,-0.16981569,-0.16822413,-0.1621706,-0.16533926,0.009308991
2022-11-22 01:00:00+00:00,-0.15424615,-0.168012,-0.16614963,-0.18322954,-0.15219137,-0.17859295,-0.16021082,-0.17101039,-0.16866487,-0.16493633,-0.1667244,0.0097179385
2022-11-22 02:00:00+00:00,-0.15542838,-0.16891311,-0.16849592,-0.18593258,-0.15397604,-0.18146288,-0.16213652,-0.17241322,-0.1696073,-0.16859266,-0.16869585,0.010058565
2022-11-22 03:00:00+00:00,-0.15697119,-0.17015709,-0.17018391,-0.18857798,-0.15638831,-0.1820508,-0.16425043,-0.17451112,-0.1715504,-0.17195389,-0.17065951,0.010004049
2022-11-22 04:00:00+00:00,-0.15839234,-0.17108159,-0.17191343,-0.19068962,-0.15835384,-0.18316448,-0.16577707,-0.1758137,-0.1729599,-0.17504364,-0.17231897,0.010047784
2022-11-22 05:00:00+00:00,-0.1602258,-0.17236483,-0.17348224,-0.19292101,-0.1605839,-0.18412212,-0.1674272,-0.17810935,-0.17482752,-0.17839521,-0.17424592,0.010069816
2022-11-22 06:00:00+00:00,-0.16190499,-0.17351975,-0.17480579,-0.1944197,-0.16270868,-0.18453544,-0.16985829,-0.17990293,-0.17631795,-0.18110427,-0.17590779,0.009854882
2022-11-22 07:00:00+00:00,-0.16281554,-0.17404231,-0.17530927,-0.19431935,-0.16356674,-0.18557698,-0.17128336,-0.18117997,-0.17636079,-0.18259704,-0.17670514,0.009705671
2022-11-22 08:00:00+00:00,-0.16427854,-0.1746299,-0.1756132,-0.19401765,-0.16465008,-0.18773472,-0.17355108,-0.18365137,-0.17686415,-0.18467122,-0.17796619,0.009617103
2022-11-22 09:00:00+00:00,-0.16643631,-0.17571072,-0.17572483,-0.1944831,-0.16682898,-0.1896632,-0.17580615,-0.18626986,-0.17793635,-0.18744601,-0.17963055,0.0095014535
2022-11-22 10:00:00+00:00,-0.16835618,-0.17704193,-0.17480709,-0.19479409,-0.16984408,-0.19153705,-0.1770355,-0.18831542,-0.17884666,-0.1896092,-0.18101873,0.009354916
2022-11-22 11:00:00+00:00,-0.17096585,-0.17871937,-0.17372933,-0.19587961,-0.17297664,-0.19338489,-0.17797981,-0.19047539,-0.17979226,-0.19174984,-0.1825653,0.009365013
2022-11-22 12:00:00+00:00,-0.17336136,-0.17926903,-0.173529,-0.1972672,-0.17574489,-0.19564527,-0.1788435,-0.19261953,-0.1808076,-0.19301812,-0.18401054,0.009529983
2022-11-22 13:00:00+00:00,-0.17460608,-0.17960249,-0.17412627,-0.1984001,-0.17807336,-0.19779602,-0.17917429,-0.1941857,-0.18143836,-0.19384465,-0.18512473,0.009751109
2022-11-22 14:00:00+00:00,-0.17619862,-0.1803964,-0.1756014,-0.19975051,-0.1795224,-0.19789612,-0.18018202,-0.19557099,-0.18241462,-0.19475994,-0.1862293,0.009560745
2022-11-22 15:00:00+00:00,-0.1784159,-0.18152368,-0.17698191,-0.20100513,-0.18042241,-0.19831005,-0.18110286,-0.19679198,-0.18439412,-0.19549608,-0.18744442,0.009303659
2022-11-22 16:00:00+00:00,-0.17898075,-0.1818393,-0.1774168,-0.20175079,-0.180435,-0.1988613,-0.18135738,-0.1972419,-0.18516983,-0.19601125,-0.18790643,0.009411729
2022-11-22 17:00:00+00:00,-0.17622496,-0.18063049,-0.17575961,-0.20077583,-0.17885366,-0.19874844,-0.18019028,-0.1958436,-0.18359017,-0.19530901,-0.18659261,0.009892586
2022-11-22 18:00:00+00:00,-0.17225958,-0.17923677,-0.17372544,-0.19860923,-0.17606205,-0.19701254,-0.1785985,-0.19344254,-0.1805338,-0.19298452,-0.1842465,0.010123272
2022-11-22 19:00:00+00:00,-0.16981018,-0.1782839,-0.173214,-0.19762516,-0.17256469,-0.19470346,-0.17741969,-0.19144699,-0.1792427,-0.19133568,-0.18256465,0.0101977
2022-11-22 20:00:00+00:00,-0.16892476,-0.17708147,-0.1739269,-0.19738309,-0.1705972,-0.19301778,-0.17732556,-0.19036819,-0.17964569,-0.19032812,-0.18185988,0.010082794
2022-11-22 21:00:00+00:00,-0.16906686,-0.17690009,-0.17451835,-0.19758561,-0.17019756,-0.19248179,-0.17747568,-0.19009432,-0.18024279,-0.19039467,-0.18189576,0.010004245
2022-11-22 22:00:00+00:00,-0.16794221,-0.17629924,-0.17565367,-0.19703063,-0.16804418,-0.19030693,-0.17651077,-0.18823239,-0.18028782,-0.18860966,-0.18089175,0.009794542
2022-11-22 23:00:00+00:00,-0.16594517,-0.1754817,-0.17591259,-0.1959917,-0.166515,-0.18795326,-0.1745111,-0.18541448,-0.17940494,-0.18614358,-0.17932734,0.009594627
2022-11-23 00:00:00+00:00,-0.16457906,-0.17507274,-0.17596413,-0.19603112,-0.16558832,-0.18398535,-0.17197414,-0.18289852,-0.17920619,-0.18368335,-0.17789829,0.009438628
2022-11-23 01:00:00+00:00,-0.16395572,-0.17508617,-0.17543444,-0.1950992,-0.1655477,-0.1795871,-0.17156377,-0.184533,-0.17903987,-0.18100005,-0.17708471,0.009117047
2022-11-23 02:00:00+00:00,-0.16306601,-0.1748705,-0.17367712,-0.19297394,-0.16493228,-0.17747885,-0.1720889,-0.18410535,-0.1778251,-0.17801967,-0.17590377,0.00866068
2022-11-23 03:00:00+00:00,-0.16287082,-0.1737183,-0.17304808,-0.19216186,-0.16504389,-0.17667311,-0.17255281,-0.18396935,-0.17730565,-0.1761406,-0.17534848,0.008438426
2022-11-23 04:00:00+00:00,-0.16275792,-0.17277291,-0.17207298,-0.19201645,-0.16548342,-0.17610341,-0.17286022,-0.18359324,-0.17698072,-0.1742353,-0.17488767,0.008350268
2022-11-23 05:00:00+00:00,-0.16566686,-0.17432463,-0.17581019,-0.19425917,-0.1687626,-0.1782135,-0.17535923,-0.18668577,-0.17948292,-0.17863,-0.17771949,0.008194652
2022-11-23 06:00:00+00:00,-0.16809548,-0.17536075,-0.17891747,-0.19597477,-0.17126831,-0.1795303,-0.17735605,-0.18897088,-0.18153302,-0.1812006,-0.17982075,0.008076066
2022-11-23 07:00:00+00:00,-0.16920549,-0.17606111,-0.18008141,-0.19640094,-0.17212372,-0.17986175,-0.17793778,-0.19015959,-0.18239884,-0.18256673,-0.18067972,0.0080158245
2022-11-23 08:00:00+00:00,-0.16888556,-0.17661428,-0.17891517,-0.19611007,-0.17120793,-0.18065086,-0.17735541,-0.18994185,-0.1828462,-0.18310559,-0.1805633,0.008122916
2022-11-23 09:00:00+00:00,-0.16811067,-0.17659321,-0.17768997,-0.19571772,-0.17020658,-0.1803574,-0.17652379,-0.18912321,-0.18262085,-0.1825559,-0.17994994,0.008233251
2022-11-23 10:00:00+00:00,-0.17000322,-0.17777394,-0.17954616,-0.19718327,-0.17163882,-0.18190253,-0.17668101,-0.19066313,-0.18463047,-0.18584669,-0.18158692,0.008360291
2022-11-23 11:00:00+00:00,-0.17253053,-0.17883764,-0.18130542,-0.19987854,-0.17336759,-0.18397829,-0.17708184,-0.19245747,-0.18667293,-0.18914008,-0.18352504,0.008700797
2022-11-23 12:00:00+00:00,-0.17466763,-0.1796811,-0.18188617,-0.2021416,-0.1743168,-0.18618113,-0.17969413,-0.19286436,-0.18825567,-0.192247,-0.18519357,0.00886221
2022-11-23 13:00:00+00:00,-0.17704745,-0.18056047,-0.18146709,-0.20409605,-0.17498924,-0.18883824,-0.18176226,-0.1923804,-0.18924052,-0.19500777,-0.18653896,0.009033565
2022-11-23 14:00:00+00:00,-0.17934656,-0.18141608,-0.18208317,-0.20542194,-0.17728008,-0.19216526,-0.18307559,-0.19536741,-0.19004944,-0.19732314,-0.18835287,0.009173836
2022-11-23 15:00:00+00:00,-0.18012604,-0.18162955,-0.18138704,-0.20534962,-0.17822014,-0.19542134,-0.18287827,-0.1970079,-0.18944079,-0.19817324,-0.18896338,0.009438151
2022-11-23 16:00:00+00:00,-0.17896622,-0.18116528,-0.18021548,-0.20477203,-0.17769322,-0.19626033,-0.18212141,-0.19694608,-0.18835664,-0.19752918,-0.1884026,0.009710172
2022-11-23 17:00:00+00:00,-0.1744528,-0.17891598,-0.17750551,-0.20236751,-0.1743767,-0.19517735,-0.17994744,-0.19459455,-0.18488322,-0.19434577,-0.18565667,0.010127621
2022-11-23 18:00:00+00:00,-0.17278674,-0.17822951,-0.17672047,-0.20148644,-0.1729441,-0.19385543,-0.17922175,-0.193168,-0.18404481,-0.19293466,-0.18453918,0.010115841
2022-11-23 19:00:00+00:00,-0.17266601,-0.17830105,-0.17664303,-0.20122805,-0.17284569,-0.19359311,-0.17925967,-0.19287497,-0.18398622,-0.19294617,-0.18443438,0.010042672
2022-11-23 20:00:00+00:00,-0.1743367,-0.17917167,-0.17779464,-0.20204394,-0.17379946,-0.1927875,-0.18025449,-0.19323039,-0.18567358,-0.19398132,-0.18530735,0.0096989
2022-11-23 21:00:00+00:00,-0.17625575,-0.18014473,-0.17911431,-0.20280653,-0.1751784,-0.19265833,-0.181353,-0.1940218,-0.18706301,-0.19539207,-0.18639879,0.009394101
2022-11-23 22:00:00+00:00,-0.17548668,-0.17984904,-0.17882717,-0.2024073,-0.17457086,-0.19178286,-0.181062,-0.19330756,-0.18672983,-0.19480672,-0.18588299,0.009361971
2022-11-23 23:00:00+00:00,-0.17447862,-0.1794282,-0.17865579,-0.20141912,-0.17363778,-0.19078305,-0.18057114,-0.19205317,-0.18605912,-0.19389775,-0.18509836,0.009211596
2022-11-24 00:00:00+00:00,-0.17169029,-0.17845023,-0.17776781,-0.19923335,-0.17161837,-0.1899713,-0.1792085,-0.19011557,-0.18380965,-0.19184762,-0.18337128,0.00919065
2022-11-24 01:00:00+00:00,-0.16777043,-0.17668347,-0.1769968,-0.19649395,-0.16825604,-0.18839043,-0.17640837,-0.18678722,-0.18055913,-0.18825862,-0.18066046,0.009268063
2022-11-24 02:00:00+00:00,-0.166399,-0.17612106,-0.1771093,-0.19570649,-0.16724537,-0.18693629,-0.17519732,-0.18472824,-0.17956132,-0.18675897,-0.17957635,0.009161386
2022-11-24 03:00:00+00:00,-0.16533771,-0.17567027,-0.17690499,-0.19525129,-0.16636176,-0.1859585,-0.1742711,-0.1833449,-0.17856072,-0.18558395,-0.17872451,0.009179733
2022-11-24 04:00:00+00:00,-0.16466759,-0.17511049,-0.17653218,-0.19447285,-0.1653791,-0.18641344,-0.17371191,-0.18308404,-0.17753658,-0.18490767,-0.17818157,0.009318564
2022-11-24 05:00:00+00:00,-0.16458166,-0.17497218,-0.17635971,-0.19429307,-0.16520125,-0.1867499,-0.17369351,-0.18321633,-0.17739873,-0.18491176,-0.17813781,0.009377533
2022-11-24 06:00:00+00:00,-0.16373737,-0.17422764,-0.17532232,-0.19348145,-0.16403377,-0.188122,-0.17334537,-0.18355602,-0.17618632,-0.18426651,-0.17762788,0.009750884
2022-11-24 07:00:00+00:00,-0.16197515,-0.17349917,-0.1733818,-0.19160533,-0.1622398,-0.18974155,-0.1718738,-0.18298247,-0.17394957,-0.18283269,-0.17640814,0.010255134
2022-11-24 08:00:00+00:00,-0.15917294,-0.17234567,-0.17197509,-0.1882824,-0.15968926,-0.18994558,-0.16921897,-0.18070653,-0.1708315,-0.17959924,-0.17417672,0.01053375
2022-11-24 09:00:00+00:00,-0.15354465,-0.16938768,-0.16942702,-0.18216538,-0.15393715,-0.18722063,-0.16303109,-0.17507455,-0.16523077,-0.17229795,-0.16913168,0.010897743
2022-11-24 10:00:00+00:00,-0.15001366,-0.1667999,-0.16672996,-0.17862189,-0.14926374,-0.18319064,-0.15750986,-0.17014919,-0.16159508,-0.1658167,-0.16496906,0.011003916
2022-11-24 11:00:00+00:00,-0.1475903,-0.16385837,-0.1643011,-0.17587584,-0.14549261,-0.17901197,-0.15361933,-0.16638061,-0.15861294,-0.16107744,-0.16158207,0.0109078465
2022-11-24 12:00:00+00:00,-0.14710897,-0.1620457,-0.16396542,-0.1753962,-0.14482623,-0.17691526,-0.15262514,-0.16486752,-0.15784368,-0.15896085,-0.1604555,0.010652264
2022-11-24 13:00:00+00:00,-0.14725542,-0.16087563,-0.16423364,-0.17507657,-0.14475691,-0.17591137,-0.1522589,-0.16403897,-0.1579587,-0.1576449,-0.16000111,0.0104344115
2022-11-24 14:00:00+00:00,-0.14608245,-0.15714084,-0.16225934,-0.17182767,-0.14267167,-0.17094278,-0.14921685,-0.16010755,-0.1568825,-0.1528258,-0.15699574,0.009741706
2022-11-24 15:00:00+00:00,-0.14526603,-0.15292378,-0.15913925,-0.16770959,-0.13926265,-0.16466445,-0.14577861,-0.15546328,-0.15524773,-0.14738038,-0.15328357,0.009022818
2022-11-24 16:00:00+00:00,-0.14491984,-0.15050945,-0.1570915,-0.16489694,-0.13738874,-0.16035062,-0.14461166,-0.15247008,-0.15455955,-0.1439419,-0.15107402,0.008469194
2022-11-24 17:00:00+00:00,-0.1456178,-0.14897664,-0.1560422,-0.16260919,-0.1364029,-0.15739346,-0.14484589,-0.1523102,-0.1554686,-0.1419452,-0.15016122,0.00803964
2022-11-24 18:00:00+00:00,-0.1451228,-0.14699192,-0.15417103,-0.15954879,-0.13401215,-0.1536665,-0.14420763,-0.15214802,-0.15483847,-0.1391465,-0.14838538,0.007914628
2022-11-24 19:00:00+00:00,-0.146427,-0.14704302,-0.15507911,-0.15927833,-0.13506255,-0.15307349,-0.14545502,-0.1533734,-0.15643288,-0.13922985,-0.14904547,0.0077908225
2022-11-24 20:00:00+00:00,-0.14696425,-0.14783238,-0.15627924,-0.16092673,-0.13652517,-0.15467688,-0.14623068,-0.15401523,-0.15754116,-0.14060535,-0.1501597,0.007827191
2022-11-24 21:00:00+00:00,-0.14766318,-0.15015945,-0.1585322,-0.1649662,-0.14016983,-0.15870082,-0.14788273,-0.15542059,-0.15923545,-0.14412531,-0.15268557,0.007860987
2022-11-24 22:00:00+00:00,-0.14715794,-0.15143919,-0.15974692,-0.16709197,-0.14076596,-0.16264698,-0.14729257,-0.15510151,-0.15862599,-0.14607243,-0.15359415,0.008409717
2022-11-24 23:00:00+00:00,-0.1464662,-0.14973743,-0.1579567,-0.16532439,-0.13848922,-0.16071671,-0.1453978,-0.15379135,-0.15726468,-0.14380759,-0.15189521,0.008490562
2022-11-25 00:00:00+00:00,-0.14573877,-0.14780228,-0.15637352,-0.1631741,-0.13621123,-0.15784988,-0.14362822,-0.15320803,-0.15608054,-0.14154503,-0.15016118,0.008485335
2022-11-25 01:00:00+00:00,-0.14510104,-0.14755788,-0.1560557,-0.16316754,-0.13560909,-0.15790373,-0.14324935,-0.15324874,-0.15552568,-0.14145415,-0.1498873,0.0086226445
2022-11-25 02:00:00+00:00,-0.14390922,-0.14746118,-0.15575784,-0.16334835,-0.13461114,-0.15877083,-0.14217854,-0.15328127,-0.15420906,-0.14172202,-0.14952496,0.008972459
2022-11-25 03:00:00+00:00,-0.14561456,-0.14887504,-0.15804428,-0.16548708,-0.13697217,-0.16145056,-0.14407155,-0.15495485,-0.15640624,-0.14376539,-0.15156417,0.009074006
2022-11-25 04:00:00+00:00,-0.1473514,-0.152182,-0.16153115,-0.1695705,-0.14099741,-0.16705891,-0.14760378,-0.15997973,-0.15935726,-0.14822845,-0.15538606,0.009461846
2022-11-25 05:00:00+00:00,-0.15020601,-0.15670818,-0.16532329,-0.17489031,-0.1450855,-0.17471197,-0.15240169,-0.1663152,-0.16317123,-0.15498015,-0.16037937,0.010149625
2022-11-25 06:00:00+00:00,-0.15248379,-0.15847984,-0.16620651,-0.177843,-0.14774793,-0.17821887,-0.15499519,-0.16951792,-0.16647735,-0.15773979,-0.162971,0.010393226
2022-11-25 07:00:00+00:00,-0.15321703,-0.15853849,-0.1664307,-0.17838076,-0.14828253,-0.1788714,-0.15539207,-0.17004669,-0.16741738,-0.1580283,-0.16346054,0.010446161
2022-11-25 08:00:00+00:00,-0.15384108,-0.15763527,-0.16652593,-0.17812452,-0.14826453,-0.17805392,-0.15529531,-0.16975448,-0.16817293,-0.15721747,-0.16328856,0.010338457
2022-11-25 09:00:00+00:00,-0.15452366,-0.15696006,-0.1666081,-0.17802158,-0.14895251,-0.17728457,-0.15530285,-0.16965285,-0.16918866,-0.15647066,-0.16329655,0.010175872
2022-11-25 10:00:00+00:00,-0.155016,-0.15613164,-0.16713905,-0.17737398,-0.14839026,-0.17671898,-0.15470158,-0.16913565,-0.16884533,-0.155619,-0.16290715,0.010172878
2022-11-25 11:00:00+00:00,-0.15638301,-0.15611942,-0.16794349,-0.17794093,-0.14965427,-0.17730999,-0.1556987,-0.16981706,-0.17030104,-0.15626754,-0.16374354,0.01008059
2022-11-25 12:00:00+00:00,-0.15903571,-0.15821972,-0.16994718,-0.18098831,-0.1515881,-0.1805506,-0.15838315,-0.17318565,-0.17311776,-0.1592454,-0.16642615,0.010396621
2022-11-25 13:00:00+00:00,-0.16226101,-0.16081095,-0.1722195,-0.18426743,-0.15367329,-0.18406129,-0.16117033,-0.17670721,-0.17626409,-0.16266674,-0.16941018,0.010695711
2022-11-25 14:00:00+00:00,-0.16435386,-0.16259693,-0.1736152,-0.18700024,-0.15567672,-0.18616703,-0.16312754,-0.17896715,-0.17850289,-0.16476265,-0.17147702,0.0108568715
2022-11-25 15:00:00+00:00,-0.16482657,-0.16156928,-0.17448631,-0.18689144,-0.15537131,-0.18667695,-0.16245756,-0.1790446,-0.17803127,-0.16438979,-0.17137451,0.011111477
2022-11-25 16:00:00+00:00,-0.16484004,-0.16099915,-0.17449056,-0.18650386,-0.1551652,-0.18623152,-0.1622176,-0.17868456,-0.17779495,-0.16381592,-0.17107435,0.011091368
2022-11-25 17:00:00+00:00,-0.16297919,-0.15786998,-0.17346711,-0.1826725,-0.15287323,-0.18266866,-0.15973821,-0.17545918,-0.17528209,-0.16046336,-0.16834734,0.010798692
2022-11-25 18:00:00+00:00,-0.16257472,-0.15736276,-0.17340721,-0.18202886,-0.15185624,-0.18201554,-0.15873061,-0.17477426,-0.17410032,-0.15977535,-0.16766259,0.010858791
2022-11-25 19:00:00+00:00,-0.16313815,-0.15789,-0.17416467,-0.18301561,-0.15229054,-0.18298098,-0.15922226,-0.17572822,-0.17426102,-0.16051546,-0.16832069,0.011012632
2022-11-25 20:00:00+00:00,-0.1653392,-0.16130233,-0.1759693,-0.18774062,-0.15497376,-0.188074,-0.16191131,-0.17964457,-0.17590632,-0.16510296,-0.17159642,0.011508529
2022-11-25 21:00:00+00:00,-0.16591981,-0.16183504,-0.17632723,-0.18841663,-0.15536365,-0.18890116,-0.1622818,-0.18040973,-0.17566207,-0.1659272,-0.17210443,0.011577231
2022-11-25 22:00:00+00:00,-0.16619653,-0.16231549,-0.17619798,-0.18923426,-0.15629874,-0.18978623,-0.16309364,-0.18105006,-0.17778394,-0.16652888,-0.17284858,0.011654304
2022-11-25 23:00:00+00:00,-0.1688918,-0.1658761,-0.17787288,-0.19462809,-0.15960231,-0.19366187,-0.16611534,-0.18572338,-0.17975423,-0.17204675,-0.17641728,0.012039705
2022-11-26 00:00:00+00:00,-0.16842254,-0.16601987,-0.17740043,-0.194549,-0.15967679,-0.19364282,-0.16607241,-0.18572496,-0.17923942,-0.17233208,-0.17630802,0.012004139
2022-11-26 01:00:00+00:00,-0.16692579,-0.16600348,-0.17660853,-0.19340655,-0.15909417,-0.19319692,-0.1651819,-0.1846945,-0.17759447,-0.17197335,-0.17546797,0.011905752
2022-11-26 02:00:00+00:00,-0.16941145,-0.16821322,-0.17795442,-0.19835836,-0.16301425,-0.19610256,-0.16854997,-0.18897082,-0.18009575,-0.17745966,-0.17881306,0.012220294
2022-11-26 03:00:00+00:00,-0.17165597,-0.17109832,-0.17960119,-0.20385498,-0.16707116,-0.1991021,-0.17303455,-0.19319001,-0.18342155,-0.18345758,-0.18254873,0.012610938
2022-11-26 04:00:00+00:00,-0.1736506,-0.17380248,-0.1808632,-0.20711842,-0.16973993,-0.199018,-0.17581843,-0.19570887,-0.1867604,-0.18740174,-0.18498822,0.012462175
2022-11-26 05:00:00+00:00,-0.17629944,-0.17691955,-0.1832552,-0.2112445,-0.17352529,-0.19922942,-0.17950514,-0.19876304,-0.19098082,-0.19252521,-0.18822475,0.012360239
2022-11-26 06:00:00+00:00,-0.18072166,-0.18009914,-0.1860508,-0.21429521,-0.17814748,-0.20000705,-0.18323338,-0.20152052,-0.19518456,-0.1978218,-0.19170816,0.011869581
2022-11-26 07:00:00+00:00,-0.18503092,-0.18244356,-0.18902686,-0.2161569,-0.1819015,-0.19990519,-0.18630897,-0.20322254,-0.19782668,-0.20135173,-0.19431749,0.011169362
2022-11-26 08:00:00+00:00,-0.18678296,-0.18336232,-0.19000062,-0.21658343,-0.18346299,-0.1995624,-0.18746005,-0.20379099,-0.19871801,-0.20275137,-0.1952475,0.010827634
2022-11-26 09:00:00+00:00,-0.19122514,-0.18538003,-0.19315965,-0.21775344,-0.18718305,-0.20125231,-0.19030827,-0.20509118,-0.2010828,-0.20540042,-0.19778365,0.010108428
2022-11-26 10:00:00+00:00,-0.19414023,-0.1869911,-0.19492587,-0.21821924,-0.18990812,-0.2026599,-0.19200477,-0.20462479,-0.20247148,-0.20633416,-0.19922796,0.009403066
2022-11-26 11:00:00+00:00,-0.192232,-0.18588246,-0.19325167,-0.2172056,-0.18800889,-0.20157164,-0.19051784,-0.20412946,-0.20105731,-0.2056213,-0.19794783,0.00968987
2022-11-26 12:00:00+00:00,-0.19132636,-0.18556876,-0.1925718,-0.21625626,-0.18662952,-0.20000976,-0.1899192,-0.20304768,-0.20035753,-0.2051347,-0.19708218,0.009626193
2022-11-26 13:00:00+00:00,-0.1907961,-0.18535642,-0.19229689,-0.21567342,-0.18565387,-0.19876504,-0.18960115,-0.20221817,-0.1998679,-0.20475146,-0.19649804,0.00957131
2022-11-26 14:00:00+00:00,-0.18627904,-0.18362482,-0.18864928,-0.21338026,-0.1816681,-0.19601831,-0.18634275,-0.20060925,-0.19731629,-0.2018947,-0.19357827,0.01000829
2022-11-26 15:00:00+00:00,-0.18217465,-0.18203922,-0.18581271,-0.21110693,-0.17830311,-0.19292983,-0.18397936,-0.1981518,-0.1949826,-0.19864798,-0.19081284,0.010158489
2022-11-26 16:00:00+00:00,-0.17694151,-0.17975774,-0.18181837,-0.20782115,-0.17483686,-0.19297987,-0.18095788,-0.19564968,-0.19104771,-0.19488022,-0.18766911,0.010451064
2022-11-26 17:00:00+00:00,-0.1718371,-0.17733629,-0.17770976,-0.20388445,-0.17104119,-0.19126466,-0.17729174,-0.19161057,-0.1867681,-0.19037373,-0.18391177,0.010536372
2022-11-26 18:00:00+00:00,-0.16677965,-0.17477112,-0.17507061,-0.19940409,-0.16634807,-0.18886033,-0.17250814,-0.18652514,-0.18246946,-0.18443653,-0.17971732,0.010496054
2022-11-26 19:00:00+00:00,-0.1619808,-0.17219377,-0.17230763,-0.19423461,-0.16145754,-0.18719816,-0.16779664,-0.18153873,-0.1778844,-0.17859912,-0.17551914,0.010540972
2022-11-26 20:00:00+00:00,-0.15786688,-0.17017233,-0.1696899,-0.18959674,-0.1570023,-0.18400717,-0.16460237,-0.17547902,-0.17361186,-0.17233443,-0.17143631,0.010293101
2022-11-26 21:00:00+00:00,-0.15502629,-0.16852501,-0.16726623,-0.18502688,-0.15315723,-0.18056178,-0.16129293,-0.17201528,-0.16973238,-0.16701916,-0.16796231,0.010012262
2022-11-26 22:00:00+00:00,-0.15440033,-0.16844514,-0.16677862,-0.18355036,-0.15267429,-0.17821315,-0.16100447,-0.171808,-0.1685456,-0.16569859,-0.16711184,0.009596208
2022-11-26 23:00:00+00:00,-0.15564379,-0.17005022,-0.16798234,-0.18532404,-0.15485674,-0.17814246,-0.16336648,-0.17446624,-0.16958171,-0.16825998,-0.1687674,0.00938426
2022-11-27 00:00:00+00:00,-0.15546083,-0.17002544,-0.16913417,-0.18566361,-0.15493983,-0.17796412,-0.16316977,-0.17427173,-0.16922551,-0.1688548,-0.16887099,0.009438612
2022-11-27 01:00:00+00:00,-0.15445341,-0.16944882,-0.16888824,-0.1843285,-0.15371583,-0.17715132,-0.16212904,-0.17309925,-0.1679352,-0.16759571,-0.16787454,0.009435646
2022-11-27 02:00:00+00:00,-0.15548621,-0.17019264,-0.1714823,-0.1867027,-0.1555231,-0.17806739,-0.16375792,-0.17428295,-0.16927056,-0.17103013,-0.1695796,0.009566497
2022-11-27 03:00:00+00:00,-0.15731496,-0.17144944,-0.17404474,-0.18938012,-0.15804148,-0.17888165,-0.16583696,-0.17623185,-0.1711078,-0.17492428,-0.17172131,0.009596661
2022-11-27 04:00:00+00:00,-0.16072851,-0.17349084,-0.17718436,-0.19122669,-0.16187531,-0.17974532,-0.16911907,-0.17970683,-0.17432752,-0.17958519,-0.17469896,0.009105034
2022-11-27 05:00:00+00:00,-0.16356626,-0.17497055,-0.17924029,-0.19179556,-0.16456847,-0.1814698,-0.1729447,-0.18156038,-0.17613839,-0.18314874,-0.1769403,0.008555634
2022-11-27 06:00:00+00:00,-0.16736434,-0.17696327,-0.18116558,-0.19256732,-0.16718633,-0.18322772,-0.17636906,-0.18389907,-0.17851934,-0.1871836,-0.17944457,0.008040755
2022-11-27 07:00:00+00:00,-0.17175576,-0.17871986,-0.18241605,-0.193396,-0.17032449,-0.1843248,-0.17865932,-0.18617675,-0.18060666,-0.19065398,-0.18170337,0.0073938877
2022-11-27 08:00:00+00:00,-0.17615864,-0.17988047,-0.18193932,-0.19366208,-0.17323579,-0.18739682,-0.1799973,-0.18641394,-0.1824385,-0.19293258,-0.18340553,0.006700004
2022-11-27 09:00:00+00:00,-0.1807247,-0.18144315,-0.1820212,-0.1940913,-0.17570885,-0.19061798,-0.18088822,-0.18754819,-0.18411924,-0.19304731,-0.185021,0.0060486207
2022-11-27 10:00:00+00:00,-0.18401493,-0.18367203,-0.18162575,-0.19424602,-0.17720018,-0.19250926,-0.18230386,-0.18816184,-0.18515679,-0.19312695,-0.18620178,0.005634521
2022-11-27 11:00:00+00:00,-0.18577218,-0.18456003,-0.18226355,-0.19418481,-0.17864549,-0.19306228,-0.18406047,-0.18886204,-0.18563676,-0.19317576,-0.18702234,0.0051657734
2022-11-27 12:00:00+00:00,-0.18651175,-0.18488716,-0.18294862,-0.1944659,-0.17889337,-0.19322348,-0.18451728,-0.18884608,-0.18604188,-0.19338915,-0.18737246,0.005068736
2022-11-27 13:00:00+00:00,-0.1869156,-0.1850023,-0.18325105,-0.19440982,-0.17911579,-0.19354525,-0.18486106,-0.1893367,-0.1860461,-0.19341841,-0.18759021,0.0050179325
2022-11-27 14:00:00+00:00,-0.18360801,-0.18350522,-0.18006319,-0.19378269,-0.17883058,-0.19322997,-0.18326528,-0.19035213,-0.18434662,-0.19272694,-0.18637107,0.0056220083
2022-11-27 15:00:00+00:00,-0.17860055,-0.18100321,-0.17737384,-0.19240302,-0.17737475,-0.19250754,-0.18035898,-0.18979913,-0.181768,-0.19175434,-0.18429431,0.0064983405
2022-11-27 16:00:00+00:00,-0.17252672,-0.17793225,-0.17653877,-0.19052835,-0.17440313,-0.1922496,-0.17775078,-0.18725482,-0.17832175,-0.19009599,-0.18176022,0.0074220593
2022-11-27 17:00:00+00:00,-0.16628584,-0.17528877,-0.17620909,-0.18853211,-0.16984373,-0.190227,-0.17504066,-0.18363854,-0.17502421,-0.18711935,-0.17872094,0.008179246
2022-11-27 18:00:00+00:00,-0.16087691,-0.17333901,-0.17501909,-0.18574728,-0.16436234,-0.1886527,-0.17171091,-0.17954928,-0.17092684,-0.1820674,-0.17522517,0.008912079
2022-11-27 19:00:00+00:00,-0.15712665,-0.17178422,-0.17329814,-0.1836327,-0.15984556,-0.18732151,-0.16851424,-0.175899,-0.16765769,-0.17776799,-0.17228478,0.009541805
2022-11-27 20:00:00+00:00,-0.15627177,-0.17171131,-0.17390922,-0.183724,-0.15768664,-0.18583813,-0.16754824,-0.17408772,-0.16738592,-0.17651731,-0.17146805,0.009706623
2022-11-27 21:00:00+00:00,-0.15527855,-0.17154047,-0.17475656,-0.18370247,-0.15628733,-0.18370774,-0.16639794,-0.17206909,-0.16709155,-0.1750628,-0.17058943,0.009737036
2022-11-27 22:00:00+00:00,-0.15369655,-0.16990176,-0.1748713,-0.18247543,-0.15382683,-0.18095297,-0.1639906,-0.16882738,-0.166184,-0.17251936,-0.16872463,0.009825408
2022-11-27 23:00:00+00:00,-0.15127173,-0.16778354,-0.17393509,-0.18010837,-0.15037584,-0.17793685,-0.15986103,-0.16693118,-0.16364628,-0.1688209,-0.16606708,0.010114478
2022-11-28 00:00:00+00:00,-0.1495027,-0.16680245,-0.1731581,-0.17794664,-0.14846766,-0.1762197,-0.15814726,-0.16549753,-0.16160461,-0.16621834,-0.1643565,0.0101809455
2022-11-28 01:00:00+00:00,-0.14903316,-0.1669075,-0.17333953,-0.17745543,-0.14858463,-0.1739625,-0.15833102,-0.16629283,-0.16125157,-0.1656125,-0.16407706,0.009916929
2022-11-28 02:00:00+00:00,-0.149668,-0.16787218,-0.1739607,-0.17904688,-0.1501874,-0.17089403,-0.15942594,-0.16828822,-0.16166851,-0.16534626,-0.1646358,0.009585038
2022-11-28 03:00:00+00:00,-0.15147547,-0.16841899,-0.17616454,-0.18163641,-0.1533575,-0.16798675,-0.16079116,-0.17115068,-0.16262725,-0.16579227,-0.16594009,0.00938943
2022-11-28 04:00:00+00:00,-0.15432203,-0.1691891,-0.18013604,-0.18353744,-0.15806574,-0.16817331,-0.16269185,-0.17472893,-0.16406006,-0.16719873,-0.16821033,0.009220109
2022-11-28 05:00:00+00:00,-0.15803295,-0.17115186,-0.18418938,-0.18333665,-0.16139853,-0.16810381,-0.16439,-0.17835914,-0.1656639,-0.16963923,-0.17042655,0.008942919
2022-11-28 06:00:00+00:00,-0.16388497,-0.17260955,-0.18684062,-0.18270166,-0.16481462,-0.1670658,-0.16766313,-0.17789201,-0.1661664,-0.17005154,-0.17196903,0.00794644
2022-11-28 07:00:00+00:00,-0.16046506,-0.1708678,-0.18619002,-0.18281254,-0.16785635,-0.16501474,-0.16877373,-0.17013705,-0.16779342,-0.16900602,-0.17089167,0.007794748
2022-11-28 08:00:00+00:00,-0.15456724,-0.16956921,-0.18443972,-0.1822161,-0.17010733,-0.16240641,-0.16836715,-0.16654982,-0.16582511,-0.16804461,-0.16920927,0.008713583
2022-11-28 09:00:00+00:00,-0.15031032,-0.16768771,-0.18296266,-0.18158026,-0.17006472,-0.1600948,-0.16823813,-0.16436048,-0.16362341,-0.16651621,-0.16754389,0.009549057
2022-11-28 10:00:00+00:00,-0.14991516,-0.16615957,-0.18116131,-0.18166862,-0.16980344,-0.15866414,-0.16731094,-0.16298942,-0.16174982,-0.16570342,-0.16651258,0.009595754
2022-11-28 11:00:00+00:00,-0.15585288,-0.16432358,-0.1775536,-0.1829789,-0.17105761,-0.15973467,-0.16740847,-0.16567075,-0.16144788,-0.16761409,-0.16736425,0.008159414
2022-11-28 12:00:00+00:00,-0.1624861,-0.16167146,-0.17953199,-0.18432812,-0.1710862,-0.16206628,-0.17169897,-0.17367953,-0.16783094,-0.17037189,-0.17047514,0.0074915644
2022-11-28 13:00:00+00:00,-0.17015886,-0.17211987,-0.18593372,-0.1902186,-0.17543662,-0.16562891,-0.17935091,-0.1797407,-0.17836094,-0.17394719,-0.17708963,0.0073108375
2022-11-28 14:00:00+00:00,-0.18557382,-0.18779737,-0.19440694,-0.20029888,-0.18355572,-0.17656073,-0.19365087,-0.18961266,-0.19267985,-0.18557335,-0.18897101,0.0066811596
2022-11-28 15:00:00+00:00,-0.19839618,-0.1947597,-0.2026447,-0.20578648,-0.18889421,-0.18893772,-0.20261374,-0.19634183,-0.2028628,-0.19740497,-0.19786423,0.0058285887
2022-11-28 16:00:00+00:00,-0.20845616,-0.20152688,-0.21049124,-0.21594644,-0.19449496,-0.1984792,-0.20979334,-0.2039271,-0.20510799,-0.2075088,-0.2055732,0.006271715
2022-11-28 17:00:00+00:00,-0.20991306,-0.20196682,-0.21079147,-0.21758617,-0.19443983,-0.19942814,-0.2103363,-0.20495999,-0.20485589,-0.20871145,-0.2062989,0.006610225
2022-11-28 18:00:00+00:00,-0.20927745,-0.20045717,-0.20889837,-0.21461865,-0.19102998,-0.1980637,-0.20901066,-0.2047463,-0.20295642,-0.20636803,-0.20454267,0.0067497264
2022-11-28 19:00:00+00:00,-0.19689447,-0.19271173,-0.20105311,-0.2025857,-0.18302266,-0.18759453,-0.20102835,-0.19732133,-0.19668241,-0.19140394,-0.19502982,0.0063139047
2022-11-28 20:00:00+00:00,-0.19019991,-0.19062273,-0.19796261,-0.20059554,-0.18101294,-0.18191046,-0.19728643,-0.19398387,-0.19329745,-0.18575034,-0.19126223,0.006702141
2022-11-28 21:00:00+00:00,-0.19548032,-0.19207653,-0.20038296,-0.20191766,-0.18251103,-0.18628508,-0.20017047,-0.19643055,-0.19616687,-0.18990898,-0.19413304,0.0063777054
2022-11-28 22:00:00+00:00,-0.20203973,-0.19377291,-0.20250154,-0.20439455,-0.18401302,-0.19035345,-0.20347622,-0.20082006,-0.19671355,-0.1961903,-0.19742754,0.0065747113
2022-11-28 23:00:00+00:00,-0.20549595,-0.195427,-0.20521584,-0.2076787,-0.1869967,-0.19389114,-0.2054888,-0.20281556,-0.19903906,-0.19991398,-0.20019627,0.0065174066
2022-11-29 00:00:00+00:00,-0.20284751,-0.19495241,-0.20524155,-0.20626114,-0.18750988,-0.19236493,-0.20431267,-0.20087995,-0.19909406,-0.19796108,-0.19914253,0.006069579
2022-11-29 01:00:00+00:00,-0.20072639,-0.19419312,-0.20470516,-0.20534082,-0.18744314,-0.19058022,-0.20323972,-0.19945566,-0.19883108,-0.19653201,-0.19810472,0.0059589567
2022-11-29 02:00:00+00:00,-0.19658491,-0.19198018,-0.20225608,-0.20304269,-0.18660636,-0.18664181,-0.20060033,-0.19616759,-0.19809689,-0.19360939,-0.19555861,0.0058728196
2022-11-29 03:00:00+00:00,-0.19320795,-0.19062339,-0.19997674,-0.20154542,-0.18647462,-0.18368745,-0.19839565,-0.19335018,-0.19802482,-0.19197068,-0.19372569,0.0058402116
2022-11-29 04:00:00+00:00,-0.18336846,-0.18460435,-0.19636934,-0.1967831,-0.18365653,-0.1739974,-0.19089647,-0.18563831,-0.19030938,-0.1846269,-0.18702504,0.0068009878
2022-11-29 05:00:00+00:00,-0.18134505,-0.18261267,-0.19920923,-0.19512326,-0.18424681,-0.17353553,-0.18995148,-0.18182209,-0.19059661,-0.18563347,-0.1864076,0.007468212
2022-11-29 06:00:00+00:00,-0.17993549,-0.18551183,-0.20196187,-0.19423123,-0.18691888,-0.17370906,-0.18937643,-0.17767799,-0.19077268,-0.18475652,-0.1864852,0.008260276
2022-11-29 07:00:00+00:00,-0.18269204,-0.19557878,-0.20901883,-0.195017,-0.19505331,-0.1787354,-0.19221415,-0.17683211,-0.19651662,-0.19529527,-0.19169533,0.0096833315
2022-11-29 08:00:00+00:00,-0.18808988,-0.2037375,-0.21374522,-0.19786485,-0.20247361,-0.18456519,-0.197094,-0.18285945,-0.20380592,-0.2050901,-0.19793256,0.009964142
2022-11-29 09:00:00+00:00,-0.19092041,-0.20752254,-0.21632212,-0.20013627,-0.20623934,-0.18783385,-0.19967395,-0.18563153,-0.20758021,-0.21021661,-0.20120768,0.010253538
2022-11-29 10:00:00+00:00,-0.17706412,-0.18637615,-0.2091034,-0.19137312,-0.19305924,-0.1735959,-0.18704797,-0.17172797,-0.18931444,-0.18889557,-0.1867558,0.01087694
2022-11-29 11:00:00+00:00,-0.16601789,-0.1710706,-0.2008825,-0.18463355,-0.18202336,-0.16645002,-0.17796725,-0.17002058,-0.17723873,-0.1727919,-0.17690964,0.010478956
2022-11-29 12:00:00+00:00,-0.16916054,-0.16965108,-0.1979993,-0.18633015,-0.18081968,-0.1665689,-0.17901294,-0.17180811,-0.17849655,-0.1704934,-0.17703407,0.009675028
2022-11-29 13:00:00+00:00,-0.17094092,-0.16743115,-0.19424,-0.18775798,-0.17848605,-0.16653082,-0.1792198,-0.17497659,-0.17893471,-0.16928905,-0.1767807,0.008973925
2022-11-29 14:00:00+00:00,-0.16891767,-0.16703439,-0.18647707,-0.18810533,-0.17640445,-0.16474086,-0.17487997,-0.17714521,-0.17538318,-0.17165202,-0.17507403,0.0076525826
2022-11-29 15:00:00+00:00,-0.16507187,-0.1710642,-0.17895585,-0.18696791,-0.17795658,-0.1666069,-0.17299472,-0.17434222,-0.17056113,-0.17651966,-0.1741041,0.0064166775
2022-11-29 16:00:00+00:00,-0.1646421,-0.17503092,-0.18391079,-0.18390305,-0.17486328,-0.172669,-0.17352805,-0.17713292,-0.17468686,-0.17870721,-0.17590743,0.0056147557
2022-11-29 17:00:00+00:00,-0.17017779,-0.17629671,-0.18780372,-0.18335819,-0.16721918,-0.1765376,-0.17450538,-0.18156707,-0.17423786,-0.1813181,-0.17730215,0.0062583815
2022-11-29 18:00:00+00:00,-0.16869731,-0.1744026,-0.19128224,-0.18301904,-0.16395958,-0.17801768,-0.17355296,-0.1799927,-0.17314166,-0.1828939,-0.17689596,0.00786932
2022-11-29 19:00:00+00:00,-0.16329077,-0.1722797,-0.1892105,-0.18159491,-0.1633572,-0.1787233,-0.17159095,-0.17457455,-0.17048255,-0.18138075,-0.17464851,0.008239766
2022-11-29 20:00:00+00:00,-0.15952575,-0.17077154,-0.18647052,-0.17950691,-0.16178209,-0.18031123,-0.1699679,-0.16939318,-0.16764185,-0.1792784,-0.17246494,0.008673587
2022-11-29 21:00:00+00:00,-0.15646783,-0.16925918,-0.18353534,-0.17773312,-0.15910725,-0.18075106,-0.16803303,-0.16793253,-0.16515827,-0.17660272,-0.17045803,0.009030787
2022-11-29 22:00:00+00:00,-0.15795758,-0.1701555,-0.18329315,-0.17774794,-0.16080672,-0.18175948,-0.16940872,-0.16922683,-0.16579147,-0.1778945,-0.17140418,0.00860135
2022-11-29 23:00:00+00:00,-0.15839915,-0.17045195,-0.183023,-0.17742978,-0.16074899,-0.18188456,-0.16914974,-0.16949956,-0.16578521,-0.17804551,-0.17144173,0.008492416
2022-11-30 00:00:00+00:00,-0.15528788,-0.16866548,-0.18210015,-0.17632733,-0.1583004,-0.18063137,-0.1667779,-0.16698804,-0.16368148,-0.17556897,-0.1694329,0.00907841
2022-11-30 01:00:00+00:00,-0.15321109,-0.16754983,-0.18001124,-0.17524694,-0.1559234,-0.17971486,-0.16482322,-0.16521727,-0.16197225,-0.17343733,-0.16771074,0.009319525
2022-11-30 02:00:00+00:00,-0.1534956,-0.16766173,-0.18080445,-0.1753155,-0.15593545,-0.1793569,-0.16513513,-0.16493009,-0.16213004,-0.17356071,-0.16783257,0.00934062
2022-11-30 03:00:00+00:00,-0.15674843,-0.16937876,-0.18458155,-0.17679805,-0.15882418,-0.17978358,-0.16819496,-0.16690361,-0.16486165,-0.17681155,-0.17028864,0.00906921
2022-11-30 04:00:00+00:00,-0.16042247,-0.17127152,-0.18752448,-0.17834443,-0.1607008,-0.17965609,-0.17035598,-0.16916186,-0.16750562,-0.1790928,-0.1724036,0.008703479
2022-11-30 05:00:00+00:00,-0.16172051,-0.17171432,-0.18934217,-0.17898035,-0.16112758,-0.17877668,-0.17075694,-0.17117225,-0.16830547,-0.17966485,-0.17315611,0.008696247
2022-11-30 06:00:00+00:00,-0.16459414,-0.17317723,-0.1907932,-0.17981353,-0.1619919,-0.17864156,-0.17206284,-0.1732031,-0.16988912,-0.18096507,-0.17451316,0.008418632
2022-11-30 07:00:00+00:00,-0.16609713,-0.17465901,-0.19124648,-0.18009385,-0.16224644,-0.17913666,-0.17306471,-0.1741478,-0.17079622,-0.1810295,-0.1752518,0.008211797
2022-11-30 08:00:00+00:00,-0.1653609,-0.17414477,-0.1910927,-0.17961155,-0.161854,-0.17899251,-0.17259383,-0.17307572,-0.17017451,-0.18079965,-0.17477001,0.008356816
2022-11-30 09:00:00+00:00,-0.16438764,-0.17369658,-0.18886393,-0.17840433,-0.16101295,-0.18026495,-0.17273414,-0.17024197,-0.16915922,-0.18025711,-0.17390227,0.008292912
2022-11-30 10:00:00+00:00,-0.16387771,-0.17360236,-0.18569,-0.17684995,-0.16005379,-0.18092674,-0.17164232,-0.16980463,-0.16786462,-0.17935136,-0.17296633,0.007948648
2022-11-30 11:00:00+00:00,-0.16363436,-0.17367508,-0.18272443,-0.17516929,-0.1597285,-0.18257713,-0.1699164,-0.17005317,-0.16676395,-0.17745051,-0.17216927,0.00763968
2022-11-30 12:00:00+00:00,-0.1609655,-0.17079778,-0.17833628,-0.17234872,-0.15860012,-0.18250337,-0.16612718,-0.16952135,-0.16399673,-0.1740452,-0.16972421,0.007530903
2022-11-30 13:00:00+00:00,-0.15674806,-0.16590531,-0.17305359,-0.16906267,-0.15618053,-0.18063524,-0.16118027,-0.16705869,-0.15960589,-0.16977212,-0.16592023,0.0077082454
2022-11-30 14:00:00+00:00,-0.15159291,-0.1591233,-0.16449413,-0.16339403,-0.15186009,-0.17727244,-0.15448533,-0.1624714,-0.15284956,-0.16326976,-0.1600813,0.007930484
2022-11-30 15:00:00+00:00,-0.14480883,-0.1509049,-0.15528654,-0.154513,-0.14588404,-0.17159513,-0.14680158,-0.15593928,-0.14472343,-0.15535727,-0.1525814,0.0081293965
2022-11-30 16:00:00+00:00,-0.14156407,-0.14470707,-0.14906639,-0.14617506,-0.1400735,-0.16762486,-0.14129871,-0.1501577,-0.1378557,-0.14882325,-0.14673463,0.0084448075
2022-11-30 17:00:00+00:00,-0.13982692,-0.14127663,-0.1449615,-0.14346582,-0.13639699,-0.16446453,-0.13778384,-0.14629705,-0.1335404,-0.14476916,-0.14327829,0.008507168
2022-11-30 18:00:00+00:00,-0.13225548,-0.13452801,-0.13793512,-0.13685481,-0.12889905,-0.15841189,-0.13131589,-0.1392028,-0.12718508,-0.13809375,-0.13646819,0.008727182
2022-11-30 19:00:00+00:00,-0.12119771,-0.124163575,-0.12981749,-0.12595144,-0.11812354,-0.15130064,-0.12319109,-0.12902027,-0.11718505,-0.12851955,-0.12684704,0.009643995
2022-11-30 20:00:00+00:00,-0.11041946,-0.11374278,-0.1205672,-0.11918016,-0.10688677,-0.14330146,-0.11379624,-0.11812891,-0.10807741,-0.11895134,-0.117305174,0.010325065
2022-11-30 21:00:00+00:00,-0.1019034,-0.10271707,-0.110753834,-0.11157271,-0.094686136,-0.13225886,-0.10298039,-0.10611443,-0.09921722,-0.10754546,-0.10697496,0.010256519
2022-11-30 22:00:00+00:00,-0.09261606,-0.09341425,-0.09893188,-0.10189,-0.08206267,-0.11903923,-0.09102915,-0.09243543,-0.090120286,-0.09326046,-0.095479935,0.009793805
2022-11-30 23:00:00+00:00,-0.08120495,-0.08381921,-0.08581777,-0.09190595,-0.06948455,-0.104531415,-0.08126481,-0.077754445,-0.08087805,-0.07930785,-0.08359689,0.009324501
2022-12-01 00:00:00+00:00,-0.07147711,-0.074334964,-0.074930996,-0.0821988,-0.05879798,-0.09061261,-0.07304822,-0.06416148,-0.07286261,-0.06695358,-0.07293784,0.008938124
2022-12-01 01:00:00+00:00,-0.06344946,-0.065689944,-0.06703059,-0.07290389,-0.04936833,-0.078804605,-0.065967724,-0.052641783,-0.06600925,-0.056741454,-0.0638607,0.008908769
2022-12-01 02:00:00+00:00,-0.057985082,-0.058005385,-0.060877077,-0.0643315,-0.041211322,-0.06849129,-0.059683338,-0.04299835,-0.060464405,-0.04792256,-0.05619703,0.009087823
2022-12-01 03:00:00+00:00,-0.051352046,-0.048758604,-0.05276099,-0.053999186,-0.030528173,-0.055136897,-0.051764205,-0.031496033,-0.05363708,-0.037251823,-0.046668507,0.00967695
2022-12-01 04:00:00+00:00,-0.039247237,-0.031843267,-0.040054813,-0.034074247,-0.009436674,-0.029574998,-0.037031665,-0.014046237,-0.040827952,-0.017610662,-0.029374775,0.011549107
2022-12-01 05:00:00+00:00,-0.024176672,-0.0116830245,-0.023556389,-0.011491835,0.015036441,-0.0075822175,-0.020031035,-0.0015153736,-0.023045406,0.004509084,-0.0103536425,0.013226813
2022-12-01 06:00:00+00:00,-0.009786397,0.0060397387,-0.0076306164,0.00756675,0.029168174,0.009901658,-0.0050972253,0.006963752,-0.0045137405,0.023412228,0.005602432,0.013019936
2022-12-01 07:00:00+00:00,0.003149435,0.021937743,0.007924095,0.024640605,0.039224014,0.02562531,0.0085627735,0.015392274,0.0147039145,0.039906308,0.020106647,0.012616141
2022-12-01 08:00:00+00:00,0.024388105,0.04714778,0.030122861,0.051930115,0.050025314,0.04906007,0.030094028,0.024098039,0.045672864,0.06439537,0.041693456,0.013609382
2022-12-01 09:00:00+00:00,0.040243357,0.064391986,0.05327928,0.07715005,0.05854982,0.06872838,0.048651233,0.036751866,0.065615565,0.08176948,0.059513103,0.014905401
2022-12-01 10:00:00+00:00,0.049178734,0.0730454,0.0664206,0.09004925,0.062624425,0.07900181,0.058652252,0.047306925,0.07141392,0.090226606,0.06879199,0.015030653
2022-12-01 11:00:00+00:00,0.03093712,0.05551189,0.029132143,0.04979509,0.043676406,0.05546374,0.0353657,0.023236632,0.055510372,0.06528419,0.044391327,0.014059253
2022-12-01 12:00:00+00:00,0.012703337,0.036198765,0.0009589642,0.026100129,0.029166192,0.029026948,0.016937196,0.011246264,0.036259502,0.043890595,0.02424879,0.013422772
2022-12-01 13:00:00+00:00,-0.002842851,0.010457814,-0.021940544,0.0055005252,0.016770884,0.0018921345,-5.044043e-05,-0.0015110224,0.017855376,0.023779884,0.004991176,0.013129265
2022-12-01 14:00:00+00:00,-0.011676028,-0.008865602,-0.039196514,-0.010319889,0.008014664,-0.017411046,-0.011692673,-0.015192218,0.0043228716,0.005925238,-0.00960912,0.01383691
2022-12-01 15:00:00+00:00,-0.024080217,-0.028566606,-0.056665175,-0.027586102,-0.01120507,-0.036165528,-0.023667097,-0.028477862,-0.014000863,-0.012525842,-0.026294041,0.013381661
2022-12-01 16:00:00+00:00,-0.045154065,-0.056461833,-0.07499748,-0.052526504,-0.03591554,-0.06424273,-0.04278799,-0.04893335,-0.04228264,-0.03864751,-0.050194968,0.012197131
2022-12-01 17:00:00+00:00,-0.06966954,-0.08264647,-0.09157207,-0.077142894,-0.057362475,-0.09169658,-0.06425968,-0.07835725,-0.06955713,-0.06649924,-0.07487632,0.011471348
2022-12-01 18:00:00+00:00,-0.087962456,-0.1011395,-0.10389593,-0.095063806,-0.07273571,-0.1098078,-0.086408,-0.100016505,-0.088988975,-0.0892575,-0.09352762,0.010686175
2022-12-01 19:00:00+00:00,-0.09936589,-0.11440818,-0.115817904,-0.11242807,-0.091262124,-0.12903255,-0.11010787,-0.11807893,-0.108012944,-0.11061519,-0.11091296,0.01025713
2022-12-01 20:00:00+00:00,-0.11075513,-0.12653777,-0.1348114,-0.13390197,-0.1122935,-0.15177736,-0.12970358,-0.13348337,-0.12739843,-0.1346373,-0.12952998,0.01176995
2022-12-01 21:00:00+00:00,-0.12829563,-0.1357577,-0.1568309,-0.14676793,-0.1295025,-0.16099072,-0.14756222,-0.14943606,-0.13681702,-0.15334517,-0.14453058,0.011372826
2022-12-01 22:00:00+00:00,-0.13913354,-0.14714488,-0.1699045,-0.15578865,-0.13363895,-0.15933383,-0.16079617,-0.15547188,-0.1377671,-0.15915702,-0.15181366,0.011821983
2022-12-01 23:00:00+00:00,-0.14207318,-0.15237123,-0.17371628,-0.15919839,-0.13688946,-0.16190815,-0.1634479,-0.1592785,-0.14241657,-0.16233705,-0.15536368,0.011634135
2022-12-02 00:00:00+00:00,-0.14534764,-0.15886974,-0.17856345,-0.16354233,-0.14114991,-0.16586098,-0.16823131,-0.16048442,-0.1453083,-0.16537756,-0.15927355,0.011880292
2022-12-02 01:00:00+00:00,-0.14880419,-0.16459598,-0.18108869,-0.16717158,-0.14590362,-0.17038652,-0.17173006,-0.16195226,-0.14962283,-0.16862997,-0.16298857,0.011467217
2022-12-02 02:00:00+00:00,-0.15317766,-0.16803384,-0.18088757,-0.17004141,-0.15106538,-0.17213276,-0.17370792,-0.16274844,-0.15374345,-0.17064963,-0.1656188,0.01004185
2022-12-02 03:00:00+00:00,-0.1561781,-0.16963275,-0.18083176,-0.17310923,-0.15581405,-0.17123646,-0.17313981,-0.16529492,-0.15847716,-0.17124403,-0.16749582,0.008330366
2022-12-02 04:00:00+00:00,-0.16008987,-0.17250125,-0.18345025,-0.17644757,-0.16050482,-0.17150566,-0.17311665,-0.17042242,-0.16417447,-0.17339753,-0.17056105,0.007238763
2022-12-02 05:00:00+00:00,-0.16296665,-0.17149119,-0.18598592,-0.17926545,-0.16522771,-0.17096555,-0.17134176,-0.17536652,-0.16891281,-0.17531852,-0.17268421,0.006706678
2022-12-02 06:00:00+00:00,-0.16503592,-0.17250866,-0.18744135,-0.18169944,-0.16830209,-0.17069077,-0.17225122,-0.17855194,-0.1700309,-0.1756621,-0.17421743,0.0067310985
2022-12-02 07:00:00+00:00,-0.16738778,-0.17470099,-0.18903688,-0.18461768,-0.17268772,-0.17146295,-0.17415349,-0.18146029,-0.17214254,-0.17683198,-0.17644823,0.006653535
2022-12-02 08:00:00+00:00,-0.16949618,-0.17567305,-0.19029334,-0.18722983,-0.17649312,-0.17274582,-0.17605041,-0.1847485,-0.17428426,-0.17923474,-0.17862493,0.0067056506
2022-12-02 09:00:00+00:00,-0.17121921,-0.17681192,-0.19113278,-0.18973868,-0.17844924,-0.17440084,-0.17735079,-0.18838857,-0.1763213,-0.18173102,-0.18055442,0.0069173207
2022-12-02 10:00:00+00:00,-0.17314662,-0.17792214,-0.19111319,-0.19193885,-0.17740461,-0.17703527,-0.17812836,-0.1902655,-0.17889392,-0.1861269,-0.18219756,0.006929849
2022-12-02 11:00:00+00:00,-0.17374483,-0.17888884,-0.18926537,-0.19416443,-0.1757659,-0.17971611,-0.1788875,-0.19203454,-0.18114866,-0.18931472,-0.18329307,0.0072307596
2022-12-02 12:00:00+00:00,-0.17179254,-0.17877921,-0.18578643,-0.19544677,-0.17277357,-0.18098009,-0.17809501,-0.19221959,-0.18164587,-0.18904549,-0.18265645,0.007895354
2022-12-02 13:00:00+00:00,-0.16982639,-0.17811185,-0.1826135,-0.19621414,-0.17143326,-0.181757,-0.17685342,-0.1903269,-0.18170533,-0.18806148,-0.18169034,0.008226933
2022-12-02 14:00:00+00:00,-0.16832475,-0.17733718,-0.17989248,-0.19660598,-0.16993825,-0.18179712,-0.17539287,-0.18842793,-0.18183334,-0.1868678,-0.18064179,0.008578431
2022-12-02 15:00:00+00:00,-0.16790313,-0.17694816,-0.17892297,-0.19672702,-0.16916335,-0.18238887,-0.17501602,-0.1871802,-0.1817004,-0.18663085,-0.1802581,0.008707148
2022-12-02 16:00:00+00:00,-0.16668308,-0.17644936,-0.17805922,-0.19652265,-0.16818008,-0.18246165,-0.1738434,-0.18602811,-0.18094918,-0.18563935,-0.17948161,0.008924001
2022-12-02 17:00:00+00:00,-0.16487494,-0.1755024,-0.17674446,-0.19589412,-0.16640237,-0.18238038,-0.17215376,-0.18422009,-0.17946517,-0.18388833,-0.17815259,0.009210069
2022-12-02 18:00:00+00:00,-0.16273509,-0.1741939,-0.17546055,-0.19472116,-0.1637564,-0.18322375,-0.17022426,-0.18123962,-0.17718574,-0.18166713,-0.17644076,0.009571216
2022-12-02 19:00:00+00:00,-0.15866324,-0.1715302,-0.17284885,-0.19098806,-0.15885438,-0.1826486,-0.1662017,-0.1762571,-0.1727872,-0.17610398,-0.17268834,0.009944426
2022-12-02 20:00:00+00:00,-0.1555678,-0.1693982,-0.171029,-0.18695012,-0.15503286,-0.18162623,-0.16314232,-0.17242977,-0.16924629,-0.17134504,-0.16957676,0.010053844
2022-12-02 21:00:00+00:00,-0.15184703,-0.16708606,-0.16775392,-0.180933,-0.15033874,-0.17714557,-0.15861484,-0.1684406,-0.16451567,-0.16391851,-0.1650594,0.009748167
2022-12-02 22:00:00+00:00,-0.1498486,-0.16541752,-0.16443515,-0.17606756,-0.14948542,-0.17060968,-0.15704598,-0.1664527,-0.16183043,-0.15868637,-0.16198795,0.008493656
2022-12-02 23:00:00+00:00,-0.1483931,-0.16402574,-0.16143957,-0.17098594,-0.1484727,-0.16505516,-0.15757205,-0.1648561,-0.16026668,-0.15499061,-0.15960574,0.0073425015
2022-12-03 00:00:00+00:00,-0.1469996,-0.16034131,-0.15926665,-0.16685778,-0.14678717,-0.16129327,-0.15653297,-0.16298509,-0.1567639,-0.15150645,-0.15693341,0.006687051
2022-12-03 01:00:00+00:00,-0.14620775,-0.15727893,-0.1578458,-0.1642214,-0.14544922,-0.15870035,-0.15576181,-0.16156983,-0.15394165,-0.14920074,-0.15501773,0.0063160416
2022-12-03 02:00:00+00:00,-0.14546284,-0.1572629,-0.15899621,-0.16416886,-0.14459923,-0.1587502,-0.15524156,-0.1609315,-0.15254326,-0.14921819,-0.15471748,0.006601883
2022-12-03 03:00:00+00:00,-0.14435346,-0.15600745,-0.15840721,-0.16249374,-0.14260349,-0.15784007,-0.15399241,-0.159255,-0.15029421,-0.14780459,-0.15330517,0.0067345076
2022-12-03 04:00:00+00:00,-0.14319566,-0.15788879,-0.15987913,-0.16348296,-0.14148538,-0.15924233,-0.15259682,-0.15838861,-0.1497212,-0.14858668,-0.15344676,0.0074998173
2022-12-03 05:00:00+00:00,-0.14275432,-0.16062924,-0.16116263,-0.16485584,-0.14152218,-0.16165143,-0.15205997,-0.15840307,-0.15016161,-0.15046482,-0.15436651,0.008184289
2022-12-03 06:00:00+00:00,-0.14265284,-0.16168594,-0.16196656,-0.16583616,-0.14178407,-0.16331702,-0.15215227,-0.15854481,-0.15070614,-0.1520006,-0.15506463,0.008531056
2022-12-03 07:00:00+00:00,-0.14257273,-0.16203764,-0.16225073,-0.16644901,-0.14182383,-0.16522601,-0.15169187,-0.158474,-0.1514037,-0.1536464,-0.15555759,0.008822132
2022-12-03 08:00:00+00:00,-0.14127852,-0.16060883,-0.16063517,-0.16425541,-0.1396535,-0.16483608,-0.1498679,-0.15635188,-0.14950027,-0.15279385,-0.15397814,0.008958282
2022-12-03 09:00:00+00:00,-0.14097771,-0.16097979,-0.16115747,-0.16364238,-0.13899313,-0.16591793,-0.1496563,-0.15549675,-0.14931229,-0.15342948,-0.15395632,0.009268433
2022-12-03 10:00:00+00:00,-0.1396045,-0.15940174,-0.15960371,-0.16094068,-0.1371195,-0.16500449,-0.14805521,-0.15287948,-0.14735445,-0.15227173,-0.15222356,0.009274952
2022-12-03 11:00:00+00:00,-0.13848093,-0.15773347,-0.15842733,-0.15926519,-0.1358512,-0.16449338,-0.14708,-0.15116401,-0.14590764,-0.15148935,-0.15098926,0.009301531
2022-12-03 12:00:00+00:00,-0.1361054,-0.15482628,-0.15623388,-0.15673274,-0.13362373,-0.16351008,-0.14362766,-0.14773281,-0.1438241,-0.1493602,-0.1485577,0.009514571
2022-12-03 13:00:00+00:00,-0.13264331,-0.14986394,-0.1532869,-0.1530984,-0.13033989,-0.15977716,-0.138182,-0.14308015,-0.1409353,-0.14504811,-0.14462551,0.009482022
2022-12-03 14:00:00+00:00,-0.12908435,-0.14480545,-0.14998801,-0.1492629,-0.12680927,-0.15485251,-0.13310543,-0.1409845,-0.13728209,-0.14035876,-0.14065334,0.009274515
2022-12-03 15:00:00+00:00,-0.123415,-0.1384318,-0.14604194,-0.14424628,-0.12214847,-0.15055275,-0.12701824,-0.13778208,-0.13272208,-0.13439998,-0.13567588,0.009619928
2022-12-03 16:00:00+00:00,-0.11692088,-0.13194555,-0.14120817,-0.13801283,-0.1168407,-0.14486828,-0.12155725,-0.13315874,-0.12769508,-0.12746982,-0.12996773,0.009728949
2022-12-03 17:00:00+00:00,-0.10905278,-0.12370108,-0.13381067,-0.13001582,-0.110226855,-0.13769487,-0.114671394,-0.12666301,-0.12103223,-0.11848486,-0.12253536,0.009690111
2022-12-03 18:00:00+00:00,-0.104292594,-0.11779745,-0.12837973,-0.12409845,-0.10608736,-0.13301289,-0.10888254,-0.121966116,-0.115961835,-0.112334006,-0.117281295,0.009603891
2022-12-03 19:00:00+00:00,-0.10178475,-0.114194945,-0.124968335,-0.12037322,-0.10377813,-0.13008675,-0.1051269,-0.119140916,-0.11284238,-0.108776174,-0.114107266,0.009469935
2022-12-03 20:00:00+00:00,-0.09930757,-0.109982416,-0.12104044,-0.1160129,-0.1014361,-0.12725057,-0.1012003,-0.11574578,-0.10942714,-0.10485833,-0.110626146,0.009289123
2022-12-03 21:00:00+00:00,-0.09693966,-0.10539189,-0.11708853,-0.11104351,-0.09855292,-0.12389416,-0.09799473,-0.11171215,-0.10539273,-0.10045055,-0.10684608,0.008989078
2022-12-03 22:00:00+00:00,-0.09569481,-0.10219383,-0.11471854,-0.10690835,-0.0954362,-0.120493405,-0.09464648,-0.10803848,-0.10212341,-0.09654605,-0.103679955,0.008836863
2022-12-03 23:00:00+00:00,-0.09304416,-0.09643741,-0.11023294,-0.0992786,-0.08911869,-0.11420343,-0.08880757,-0.10093246,-0.09597561,-0.08918304,-0.09772139,0.008780479
2022-12-04 00:00:00+00:00,-0.09154375,-0.093088284,-0.107528314,-0.094884455,-0.08493335,-0.109967194,-0.085668705,-0.096668,-0.092355505,-0.08503067,-0.094166815,0.008738301
2022-12-04 01:00:00+00:00,-0.09155917,-0.09287411,-0.1073924,-0.094551235,-0.08383084,-0.10944796,-0.08545694,-0.09636918,-0.0920413,-0.08471035,-0.09382334,0.008802499
2022-12-04 02:00:00+00:00,-0.09076363,-0.091507286,-0.10613756,-0.09298396,-0.08187408,-0.107668094,-0.08394827,-0.09446061,-0.09060715,-0.0829119,-0.09228625,0.008852072
2022-12-04 03:00:00+00:00,-0.09014982,-0.09017272,-0.10504278,-0.091434926,-0.080003515,-0.10607264,-0.08256542,-0.09287906,-0.088995665,-0.081308775,-0.09086253,0.008940075
2022-12-04 04:00:00+00:00,-0.089157835,-0.0885226,-0.103889555,-0.08900103,-0.07808356,-0.103552006,-0.08123237,-0.090604156,-0.08659199,-0.07970423,-0.08903393,0.008869354
2022-12-04 05:00:00+00:00,-0.08839941,-0.087345675,-0.102863535,-0.08755484,-0.07681602,-0.10135103,-0.08073068,-0.08902975,-0.084616095,-0.07857513,-0.08772822,0.008682585
2022-12-04 06:00:00+00:00,-0.086150765,-0.08521502,-0.100917414,-0.085478574,-0.0749578,-0.09852583,-0.079721294,-0.08636287,-0.08190063,-0.07661166,-0.08558418,0.008465861
2022-12-04 07:00:00+00:00,-0.08333518,-0.08281599,-0.098461166,-0.082915366,-0.07284872,-0.09538164,-0.07837763,-0.08314506,-0.07906449,-0.0739337,-0.08302789,0.008263845
2022-12-04 08:00:00+00:00,-0.08165221,-0.08158426,-0.096995436,-0.081617564,-0.07219307,-0.09315389,-0.07770447,-0.081376165,-0.07767816,-0.073012255,-0.08169674,0.007911084
2022-12-04 09:00:00+00:00,-0.07828949,-0.07854563,-0.09399367,-0.07859218,-0.07014269,-0.089006625,-0.07581384,-0.07758875,-0.07507307,-0.069888316,-0.07869342,0.007556596
2022-12-04 10:00:00+00:00,-0.0762242,-0.07582644,-0.09097661,-0.075710505,-0.068531185,-0.08462412,-0.07411972,-0.07401335,-0.072799645,-0.0673024,-0.07601281,0.0070552803
2022-12-04 11:00:00+00:00,-0.07477136,-0.073612794,-0.08864861,-0.07375792,-0.067664586,-0.081255294,-0.07282625,-0.07127124,-0.071145885,-0.06522011,-0.074017406,0.006685102
2022-12-04 12:00:00+00:00,-0.07377261,-0.07210493,-0.08701901,-0.0723944,-0.06775443,-0.07877908,-0.072028056,-0.06921209,-0.07005584,-0.06412842,-0.072724886,0.0063343886
2022-12-04 13:00:00+00:00,-0.07274384,-0.070668176,-0.0856866,-0.0710721,-0.068087146,-0.07594404,-0.07125826,-0.067548215,-0.06910829,-0.06301529,-0.0715132,0.0060411813
2022-12-04 14:00:00+00:00,-0.07499254,-0.072939545,-0.08771544,-0.073382705,-0.07180981,-0.077798896,-0.07319124,-0.07030605,-0.071150586,-0.06600761,-0.073929444,0.005735655
2022-12-04 15:00:00+00:00,-0.07899316,-0.076815784,-0.09095809,-0.07851088,-0.07535112,-0.081634246,-0.076381445,-0.07506272,-0.07440454,-0.07080617,-0.07789182,0.005442579
2022-12-04 16:00:00+00:00,-0.08616298,-0.084870055,-0.09796547,-0.08763686,-0.08211694,-0.09089846,-0.08241393,-0.08478355,-0.08083465,-0.08013237,-0.08578152,0.0053872326
2022-12-04 17:00:00+00:00,-0.08686946,-0.08737245,-0.10030846,-0.08857298,-0.08405065,-0.09404666,-0.082821384,-0.08687808,-0.082300805,-0.0814115,-0.08746324,0.0058380244
2022-12-04 18:00:00+00:00,-0.0895072,-0.09312661,-0.10557889,-0.09375289,-0.08856328,-0.10111364,-0.086094484,-0.09308922,-0.08693285,-0.087025754,-0.092478484,0.006446385
2022-12-04 19:00:00+00:00,-0.090638965,-0.0942169,-0.106218606,-0.09566593,-0.08908671,-0.10075083,-0.08658001,-0.093637966,-0.08730321,-0.08813847,-0.09322376,0.0063376636
2022-12-04 20:00:00+00:00,-0.09089577,-0.09494108,-0.1067894,-0.09679803,-0.089304,-0.101168625,-0.086648256,-0.09355478,-0.0874985,-0.08852395,-0.09361224,0.006500946
2022-12-04 21:00:00+00:00,-0.09330906,-0.09809159,-0.109314784,-0.10041976,-0.09163915,-0.10370449,-0.08876709,-0.096617624,-0.08966867,-0.0919495,-0.09634818,0.0066230767
2022-12-04 22:00:00+00:00,-0.09684331,-0.10099615,-0.11184468,-0.10369292,-0.093840376,-0.10618196,-0.0909485,-0.09956846,-0.09179832,-0.09529344,-0.09910082,0.006704049
2022-12-04 23:00:00+00:00,-0.09939369,-0.10200907,-0.11230535,-0.1055558,-0.09494663,-0.10645076,-0.0926934,-0.10060532,-0.09266269,-0.09707715,-0.100369975,0.0063996906
2022-12-05 00:00:00+00:00,-0.101416185,-0.10287866,-0.112675235,-0.107225925,-0.09591581,-0.1068108,-0.09420502,-0.10162894,-0.093347475,-0.09883808,-0.101494215,0.0061981184
2022-12-05 01:00:00+00:00,-0.10370876,-0.10385868,-0.11282629,-0.10889813,-0.097305976,-0.10785305,-0.096216515,-0.1031904,-0.09439868,-0.1007214,-0.102897786,0.005903669
2022-12-05 02:00:00+00:00,-0.10382541,-0.10331346,-0.111845315,-0.10919163,-0.09725323,-0.107451595,-0.096723795,-0.10295381,-0.094123036,-0.101091124,-0.10277724,0.0056914985
2022-12-05 03:00:00+00:00,-0.102539025,-0.10200782,-0.110916585,-0.108350694,-0.09630285,-0.10652303,-0.09603076,-0.10184197,-0.0932682,-0.10010851,-0.10178895,0.005657602
2022-12-05 04:00:00+00:00,-0.09780989,-0.09749755,-0.1059034,-0.103933424,-0.092284754,-0.10025551,-0.09134102,-0.09663321,-0.08957274,-0.09476522,-0.09699967,0.0053061317
2022-12-05 05:00:00+00:00,-0.09951478,-0.09959017,-0.10535154,-0.106360406,-0.093397304,-0.10450972,-0.09352956,-0.097397506,-0.090247214,-0.09713624,-0.098703444,0.005462775
2022-12-05 06:00:00+00:00,-0.09771881,-0.09829594,-0.1015686,-0.10645422,-0.09118258,-0.10493096,-0.09144939,-0.093671136,-0.08850962,-0.09498895,-0.09687702,0.006028298
2022-12-05 07:00:00+00:00,-0.09535613,-0.09507832,-0.09942268,-0.10353392,-0.08877183,-0.10120433,-0.08949612,-0.09115388,-0.086500265,-0.09174471,-0.094226226,0.0056935153
2022-12-05 08:00:00+00:00,-0.09429501,-0.09342036,-0.098699726,-0.10225099,-0.08749333,-0.09977537,-0.08882514,-0.09007084,-0.08571735,-0.090310104,-0.09308581,0.0056011784
2022-12-05 09:00:00+00:00,-0.0925548,-0.0917729,-0.09637375,-0.10094997,-0.085637845,-0.09881007,-0.08754107,-0.08761441,-0.08459601,-0.0883679,-0.09142187,0.005678708
2022-12-05 10:00:00+00:00,-0.09159548,-0.09073007,-0.09495492,-0.10016665,-0.08439002,-0.098287456,-0.08699373,-0.08643806,-0.08405891,-0.086992316,-0.09046076,0.0057260524
2022-12-05 11:00:00+00:00,-0.09240099,-0.09119247,-0.096509874,-0.100542665,-0.085158385,-0.099650495,-0.087807134,-0.08828619,-0.08487706,-0.08816778,-0.091459304,0.005709037
2022-12-05 12:00:00+00:00,-0.09391068,-0.092126295,-0.099340156,-0.10123727,-0.08654067,-0.10171909,-0.089143485,-0.090997554,-0.08609389,-0.09012092,-0.093123004,0.0057937037
2022-12-05 13:00:00+00:00,-0.095581144,-0.09336276,-0.103266805,-0.101993054,-0.089031614,-0.10358762,-0.09135912,-0.094650894,-0.088006295,-0.092801906,-0.09536412,0.005729316
2022-12-05 14:00:00+00:00,-0.09619449,-0.09452206,-0.10605485,-0.10082218,-0.09074739,-0.104789965,-0.09263536,-0.09726222,-0.08955632,-0.09409734,-0.09666822,0.005627501
2022-12-05 15:00:00+00:00,-0.09636318,-0.095780745,-0.1079247,-0.09947631,-0.09166482,-0.1058042,-0.0931141,-0.09878705,-0.0905322,-0.09444796,-0.09738953,0.0057587917
2022-12-05 16:00:00+00:00,-0.096999295,-0.0991296,-0.11149487,-0.100556016,-0.09430304,-0.110224955,-0.09555383,-0.102671936,-0.09346505,-0.097385906,-0.10017844,0.006283455
2022-12-05 17:00:00+00:00,-0.09949943,-0.10437088,-0.11606699,-0.10407239,-0.09852558,-0.116967626,-0.09969286,-0.10829722,-0.097836256,-0.10221768,-0.1047547,0.0069652256
2022-12-05 18:00:00+00:00,-0.1038198,-0.10883807,-0.120384246,-0.108379304,-0.102205925,-0.12257717,-0.103439786,-0.11323544,-0.10152489,-0.10639373,-0.10907984,0.007444663
2022-12-05 19:00:00+00:00,-0.1132995,-0.117075056,-0.12752832,-0.116043866,-0.109847285,-0.13238017,-0.11269378,-0.12189357,-0.10868655,-0.11656547,-0.11760136,0.0076110056
2022-12-05 20:00:00+00:00,-0.11752685,-0.12065725,-0.12994309,-0.119731575,-0.1139032,-0.13758871,-0.11710147,-0.12562527,-0.11182623,-0.12116077,-0.12150644,0.00772822
2022-12-05 21:00:00+00:00,-0.121838205,-0.12550049,-0.13387266,-0.124376416,-0.11855053,-0.14221835,-0.12130408,-0.13050151,-0.1165378,-0.1255638,-0.12602639,0.0076937643
2022-12-05 22:00:00+00:00,-0.12335853,-0.12778902,-0.13652071,-0.12732196,-0.12051645,-0.14448652,-0.12260786,-0.1331715,-0.1193517,-0.12727875,-0.1282403,0.007838751
2022-12-05 23:00:00+00:00,-0.12543091,-0.13053425,-0.13912405,-0.13137814,-0.122547306,-0.14764485,-0.12473364,-0.13611001,-0.12294124,-0.13001566,-0.131046,0.008007945
2022-12-06 00:00:00+00:00,-0.124589965,-0.12928766,-0.13860875,-0.13040265,-0.12157089,-0.14680418,-0.12365912,-0.13514006,-0.122207135,-0.1289587,-0.13012291,0.008067548
2022-12-06 01:00:00+00:00,-0.120592,-0.12451114,-0.13514113,-0.12442404,-0.11784562,-0.14233398,-0.12017326,-0.13061549,-0.11734898,-0.124599524,-0.12575853,0.008043439
2022-12-06 02:00:00+00:00,-0.11798804,-0.12107403,-0.13167968,-0.1207892,-0.115559176,-0.13982368,-0.11824818,-0.12742089,-0.114332594,-0.12188465,-0.12288002,0.007928875
2022-12-06 03:00:00+00:00,-0.118436,-0.12091465,-0.13138734,-0.12075853,-0.116046175,-0.14122418,-0.11902991,-0.1273902,-0.11463542,-0.122673236,-0.12324957,0.008065786
2022-12-06 04:00:00+00:00,-0.12143173,-0.122784786,-0.13181137,-0.123319775,-0.118655354,-0.14574304,-0.12204908,-0.1288259,-0.11581482,-0.12594107,-0.12563768,0.008445366
2022-12-06 05:00:00+00:00,-0.12011517,-0.12137021,-0.13014592,-0.122638315,-0.11726364,-0.14624146,-0.12131088,-0.12733929,-0.11452681,-0.12565027,-0.124660194,0.008870573
2022-12-06 06:00:00+00:00,-0.117265984,-0.11915066,-0.12768449,-0.120530665,-0.11465618,-0.14546078,-0.11933595,-0.12488562,-0.11262412,-0.123893715,-0.12254882,0.009269108
2022-12-06 07:00:00+00:00,-0.11312819,-0.11535911,-0.12515068,-0.11656657,-0.11064949,-0.14021766,-0.11523803,-0.12101608,-0.10917583,-0.119227014,-0.11857287,0.008971345
2022-12-06 08:00:00+00:00,-0.1095383,-0.11165123,-0.1227251,-0.113214076,-0.10670484,-0.13548927,-0.11156975,-0.11738862,-0.10600158,-0.115039416,-0.114932224,0.008761851
2022-12-06 09:00:00+00:00,-0.10423312,-0.10637745,-0.117266044,-0.10927862,-0.100667454,-0.12951761,-0.105803385,-0.11111126,-0.10082559,-0.108775415,-0.109385595,0.008618263
2022-12-06 10:00:00+00:00,-0.10712218,-0.10933225,-0.12017742,-0.11147061,-0.104186766,-0.13318355,-0.10911024,-0.11454888,-0.103707515,-0.11255149,-0.112539075,0.008748719
2022-12-06 11:00:00+00:00,-0.1128693,-0.11460817,-0.12536249,-0.115555495,-0.10997892,-0.13754356,-0.11425556,-0.120674305,-0.10852567,-0.1178418,-0.117721535,0.008527628
2022-12-06 12:00:00+00:00,-0.11981213,-0.12187846,-0.13164803,-0.121958435,-0.11743459,-0.14365894,-0.120593034,-0.12813513,-0.115246266,-0.12419204,-0.124455705,0.008283671
2022-12-06 13:00:00+00:00,-0.12760806,-0.1313757,-0.1402023,-0.13180318,-0.12506239,-0.15025616,-0.12807547,-0.13759069,-0.12468418,-0.13256258,-0.13292208,0.007890969
2022-12-06 14:00:00+00:00,-0.13125117,-0.138444,-0.14618282,-0.14151415,-0.12992002,-0.15614516,-0.13212553,-0.14351484,-0.13273461,-0.13874865,-0.1390581,0.008175821
2022-12-06 15:00:00+00:00,-0.13215385,-0.1425001,-0.14975339,-0.14668378,-0.13187934,-0.15860426,-0.13429022,-0.14582734,-0.13687558,-0.14179301,-0.1420361,0.008548928
2022-12-06 16:00:00+00:00,-0.12894663,-0.14240386,-0.14902095,-0.14752582,-0.12700333,-0.15577519,-0.13208202,-0.1429962,-0.13628754,-0.1394133,-0.1401455,0.009245586
2022-12-06 17:00:00+00:00,-0.1303136,-0.14639516,-0.15088476,-0.15089127,-0.12819737,-0.15673,-0.13457221,-0.1434952,-0.13849086,-0.14237387,-0.14223443,0.009373013
2022-12-06 18:00:00+00:00,-0.13343292,-0.15178846,-0.15406924,-0.1548349,-0.13141322,-0.16114664,-0.13929847,-0.1451977,-0.14199671,-0.14667712,-0.14598554,0.00965423
2022-12-06 19:00:00+00:00,-0.13676639,-0.15669273,-0.15672909,-0.15856811,-0.1342,-0.16425821,-0.14432861,-0.14757729,-0.14536956,-0.15071237,-0.14952023,0.009713859
2022-12-06 20:00:00+00:00,-0.14068894,-0.16098791,-0.16035017,-0.16318181,-0.1384239,-0.16696191,-0.14879851,-0.15364082,-0.14986202,-0.15374261,-0.15366387,0.009454659
2022-12-06 21:00:00+00:00,-0.14320128,-0.16313837,-0.16304767,-0.16725409,-0.14234921,-0.16775835,-0.15139411,-0.15856986,-0.15334505,-0.1553981,-0.15654561,0.009116183
2022-12-06 22:00:00+00:00,-0.14414144,-0.16332914,-0.16507147,-0.16899484,-0.1439482,-0.16769826,-0.15240638,-0.16011287,-0.15472636,-0.15590253,-0.15763316,0.009020868
2022-12-06 23:00:00+00:00,-0.14439747,-0.1631346,-0.16515967,-0.16947463,-0.1440153,-0.16868678,-0.15213743,-0.15997174,-0.1551255,-0.15641834,-0.15785214,0.009146363
2022-12-07 00:00:00+00:00,-0.14512625,-0.16359207,-0.16646186,-0.17055002,-0.14482513,-0.16934562,-0.15274628,-0.16080254,-0.15604782,-0.15714112,-0.15866388,0.009213565
2022-12-07 01:00:00+00:00,-0.14602306,-0.16439822,-0.1680843,-0.17208585,-0.14565314,-0.17036122,-0.1537154,-0.16197728,-0.15713486,-0.15825117,-0.15976845,0.009389397
2022-12-07 02:00:00+00:00,-0.1469161,-0.16489196,-0.16928217,-0.17363626,-0.14622355,-0.17224997,-0.15481631,-0.16296417,-0.15836568,-0.159895,-0.16092412,0.009642944
2022-12-07 03:00:00+00:00,-0.1478495,-0.16539617,-0.16978374,-0.17549738,-0.14695933,-0.17376009,-0.15583038,-0.16400582,-0.1596338,-0.16153365,-0.16202497,0.009814702
2022-12-07 04:00:00+00:00,-0.1491997,-0.16621049,-0.17063028,-0.17780998,-0.1480985,-0.17565975,-0.15752186,-0.16559711,-0.16135278,-0.16373816,-0.16358185,0.009984788
2022-12-07 05:00:00+00:00,-0.15016459,-0.16667256,-0.17131579,-0.1792039,-0.1490293,-0.17724559,-0.15844235,-0.16638164,-0.16259192,-0.16558103,-0.16466287,0.010107512
2022-12-07 06:00:00+00:00,-0.15194866,-0.16761912,-0.17229292,-0.18147969,-0.15115839,-0.1788505,-0.16010655,-0.16805369,-0.16476376,-0.16848513,-0.16647586,0.010050331
2022-12-07 07:00:00+00:00,-0.15409078,-0.1689331,-0.17354673,-0.18423747,-0.15374924,-0.18069512,-0.16260879,-0.16990334,-0.16730672,-0.17214143,-0.16872126,0.009989586
2022-12-07 08:00:00+00:00,-0.15636277,-0.1701838,-0.17451099,-0.186569,-0.15601763,-0.18285385,-0.16590852,-0.17304954,-0.16937244,-0.17538732,-0.17102158,0.009925486
2022-12-07 09:00:00+00:00,-0.159358,-0.1723013,-0.17527637,-0.18873467,-0.15943792,-0.18549395,-0.16966484,-0.17743874,-0.17172588,-0.17952867,-0.17389604,0.009697802
2022-12-07 10:00:00+00:00,-0.1623875,-0.1744279,-0.17521644,-0.18992871,-0.16316158,-0.18802103,-0.17271401,-0.18138504,-0.17383264,-0.18323982,-0.17643146,0.009349819
2022-12-07 11:00:00+00:00,-0.16493201,-0.17624548,-0.17413121,-0.19126393,-0.16735886,-0.19048893,-0.17471427,-0.18483627,-0.1755377,-0.18633062,-0.17858393,0.009210744
2022-12-07 12:00:00+00:00,-0.1667686,-0.17690305,-0.17281139,-0.19246963,-0.17015722,-0.19269258,-0.17557555,-0.18744943,-0.1765085,-0.18842286,-0.17997587,0.00947517
2022-12-07 13:00:00+00:00,-0.16774157,-0.17720717,-0.17115496,-0.19438463,-0.17188707,-0.19457924,-0.17600527,-0.1893767,-0.17687762,-0.189553,-0.18087672,0.010103895
2022-12-07 14:00:00+00:00,-0.16722384,-0.17733847,-0.17126669,-0.19600551,-0.17282633,-0.19585645,-0.17600945,-0.1907513,-0.17695293,-0.19007784,-0.18143089,0.010685077
2022-12-07 15:00:00+00:00,-0.16768806,-0.17762849,-0.1723041,-0.19812515,-0.17462762,-0.19722524,-0.17660488,-0.19233076,-0.17749166,-0.19101429,-0.18250403,0.0110504255
2022-12-07 16:00:00+00:00,-0.16932146,-0.17826004,-0.17375219,-0.20056784,-0.17626865,-0.19862413,-0.17745653,-0.1942153,-0.17924671,-0.19237247,-0.18400852,0.011261622
2022-12-07 17:00:00+00:00,-0.16893858,-0.17801397,-0.17420171,-0.20142993,-0.17590371,-0.19904542,-0.17696233,-0.19448113,-0.17906195,-0.1921742,-0.18402131,0.011570955
2022-12-07 18:00:00+00:00,-0.16684614,-0.17715622,-0.17392603,-0.20095852,-0.17340162,-0.19819286,-0.17546074,-0.19306082,-0.17732826,-0.19001311,-0.1826344,0.011836717
2022-12-07 19:00:00+00:00,-0.16583967,-0.17493479,-0.17388108,-0.19939795,-0.17008969,-0.1970937,-0.1733581,-0.19129142,-0.17567001,-0.1869103,-0.18084668,0.011838004
2022-12-07 20:00:00+00:00,-0.16444726,-0.17259957,-0.17328724,-0.19663528,-0.16624677,-0.1956917,-0.1706468,-0.18856005,-0.17309447,-0.1833094,-0.17845187,0.011781606
2022-12-07 21:00:00+00:00,-0.16293901,-0.17038366,-0.1728169,-0.19401804,-0.162013,-0.19320211,-0.16806002,-0.18598408,-0.17091174,-0.17962013,-0.17599489,0.011691325
2022-12-07 22:00:00+00:00,-0.16122162,-0.16831444,-0.17232713,-0.19091386,-0.1592857,-0.19029176,-0.1653978,-0.18285847,-0.16818279,-0.17557839,-0.1734372,0.011313982
2022-12-07 23:00:00+00:00,-0.16019484,-0.16655771,-0.1722817,-0.18880868,-0.15680312,-0.18806896,-0.16322073,-0.18035637,-0.16648139,-0.17205644,-0.171483,0.011132724
2022-12-08 00:00:00+00:00,-0.15992995,-0.16562884,-0.17255427,-0.18753037,-0.15569024,-0.18693206,-0.16205922,-0.17924526,-0.16587555,-0.17033005,-0.17057757,0.010995605
2022-12-08 01:00:00+00:00,-0.1602211,-0.16523103,-0.17295676,-0.18746853,-0.15539798,-0.18662411,-0.16168652,-0.17878993,-0.16549297,-0.17003495,-0.1703904,0.01098994
2022-12-08 02:00:00+00:00,-0.16107976,-0.16526568,-0.17356741,-0.18821144,-0.15618081,-0.18708485,-0.16236372,-0.17948884,-0.1661639,-0.17044032,-0.17098469,0.010968612
2022-12-08 03:00:00+00:00,-0.1614113,-0.16461499,-0.17414817,-0.18781239,-0.1556899,-0.18661514,-0.16175121,-0.1788395,-0.16626738,-0.16933724,-0.17064872,0.010926203
2022-12-08 04:00:00+00:00,-0.16071105,-0.16286084,-0.17409952,-0.18575534,-0.15394862,-0.1849128,-0.1600216,-0.17685965,-0.16491508,-0.16691437,-0.16909987,0.01083321
2022-12-08 05:00:00+00:00,-0.16007343,-0.16135979,-0.17436379,-0.18443874,-0.15283664,-0.18373299,-0.15876894,-0.1754426,-0.16419515,-0.1652526,-0.16804646,0.010840847
2022-12-08 06:00:00+00:00,-0.15882136,-0.15985623,-0.17372248,-0.18282762,-0.15152803,-0.18221533,-0.15764257,-0.1735722,-0.16261339,-0.1636443,-0.16664436,0.010772963
2022-12-08 07:00:00+00:00,-0.15670562,-0.15781187,-0.17169787,-0.18032941,-0.14944074,-0.17960477,-0.15521488,-0.17040119,-0.15931824,-0.16155913,-0.16420838,0.0106379045
2022-12-08 08:00:00+00:00,-0.15559709,-0.15633695,-0.17080516,-0.17868799,-0.14810492,-0.17808264,-0.15351322,-0.16843641,-0.15778595,-0.16014814,-0.16274984,0.010592605
2022-12-08 09:00:00+00:00,-0.15478182,-0.15520467,-0.16997749,-0.17739975,-0.14682128,-0.17669564,-0.1519325,-0.16667983,-0.15599763,-0.1590324,-0.1614523,0.010596214
2022-12-08 10:00:00+00:00,-0.15372872,-0.15402819,-0.16871524,-0.17567003,-0.14539509,-0.1750068,-0.15005548,-0.16434789,-0.15400569,-0.1583417,-0.15992948,0.01049568
2022-12-08 11:00:00+00:00,-0.1532844,-0.15314071,-0.16755694,-0.1741471,-0.144462,-0.17364681,-0.14875102,-0.16244778,-0.1520748,-0.15792373,-0.15874353,0.010332931
2022-12-08 12:00:00+00:00,-0.15256532,-0.15076688,-0.1645849,-0.17037213,-0.14198242,-0.1699332,-0.14557402,-0.15778682,-0.14783144,-0.15432724,-0.15557244,0.009942373
2022-12-08 13:00:00+00:00,-0.15218571,-0.14842291,-0.16174302,-0.16698262,-0.1398477,-0.16678339,-0.14309429,-0.15339373,-0.1439004,-0.15119943,-0.15275532,0.009662391
2022-12-08 14:00:00+00:00,-0.15007134,-0.14410189,-0.15643986,-0.16109398,-0.13607079,-0.16137627,-0.13635293,-0.14605905,-0.13778396,-0.14569296,-0.1475043,0.009603553
2022-12-08 15:00:00+00:00,-0.14595287,-0.13723643,-0.14910631,-0.15203905,-0.12938042,-0.15321195,-0.12604278,-0.13492706,-0.1283242,-0.13644096,-0.13926621,0.010123755
2022-12-08 16:00:00+00:00,-0.1406516,-0.12775518,-0.14259778,-0.14292195,-0.1227525,-0.14481628,-0.115513496,-0.12361297,-0.119364835,-0.12667722,-0.13066638,0.010987796
2022-12-08 17:00:00+00:00,-0.13153856,-0.1174131,-0.13545807,-0.13229659,-0.11416833,-0.13423264,-0.104343444,-0.11165455,-0.10829256,-0.1137801,-0.1203178,0.011813741
2022-12-08 18:00:00+00:00,-0.12033421,-0.10865134,-0.12696584,-0.12279749,-0.10610455,-0.1215182,-0.09489089,-0.10124336,-0.09763448,-0.10098437,-0.110112466,0.0117714275
2022-12-08 19:00:00+00:00,-0.10560897,-0.098282576,-0.11710629,-0.111407876,-0.09667188,-0.109304376,-0.085173726,-0.09259451,-0.08631567,-0.08719813,-0.098966405,0.0114015
2022-12-08 20:00:00+00:00,-0.08959469,-0.087964416,-0.10514869,-0.10002735,-0.08790603,-0.09684069,-0.076671824,-0.08565896,-0.07477717,-0.07389928,-0.08784892,0.010680714
2022-12-08 21:00:00+00:00,-0.07610395,-0.0768536,-0.08948295,-0.08886683,-0.07753545,-0.0826815,-0.06742444,-0.0753904,-0.06199484,-0.059398748,-0.07557328,0.010213943
2022-12-08 22:00:00+00:00,-0.06707008,-0.06713486,-0.07273855,-0.07918584,-0.066801265,-0.06775273,-0.0581111,-0.061737057,-0.04939218,-0.045687415,-0.063561104,0.010191325
2022-12-08 23:00:00+00:00,-0.06888802,-0.068551324,-0.08155009,-0.07667136,-0.06981382,-0.07407708,-0.059418783,-0.071386725,-0.05404918,-0.050373994,-0.06747804,0.009931964
2022-12-09 00:00:00+00:00,-0.07479876,-0.07391302,-0.093071625,-0.082894236,-0.07418169,-0.086220376,-0.065914296,-0.08224304,-0.0624033,-0.060472168,-0.07561125,0.0106338095
2022-12-09 01:00:00+00:00,-0.08190734,-0.084356815,-0.10405409,-0.093072444,-0.08066053,-0.09830699,-0.07384813,-0.08709681,-0.07226357,-0.0723763,-0.0847943,0.010974821
2022-12-09 02:00:00+00:00,-0.09860949,-0.09845345,-0.116840266,-0.10527828,-0.08912616,-0.112429,-0.08355729,-0.09690842,-0.085278176,-0.08681872,-0.09732993,0.011487221
2022-12-09 03:00:00+00:00,-0.11701093,-0.11514908,-0.1259394,-0.11981547,-0.09851771,-0.1285344,-0.09688106,-0.1106666,-0.10033615,-0.10337939,-0.11162303,0.011473994
2022-12-09 04:00:00+00:00,-0.12629296,-0.13008076,-0.13235301,-0.1332492,-0.10903126,-0.14250526,-0.11157617,-0.12325544,-0.11381632,-0.11822792,-0.12403884,0.010831931
2022-12-09 05:00:00+00:00,-0.13208722,-0.14298014,-0.13967775,-0.14662322,-0.120611034,-0.15474308,-0.12611838,-0.13891141,-0.1281414,-0.13312429,-0.13630179,0.010294407
2022-12-09 06:00:00+00:00,-0.13942686,-0.15125449,-0.1474336,-0.15887913,-0.13129328,-0.16493347,-0.14083183,-0.15200508,-0.14049175,-0.14560306,-0.14721525,0.0099555
2022-12-09 07:00:00+00:00,-0.14924875,-0.16205218,-0.15832286,-0.1721772,-0.14432229,-0.17766362,-0.15368102,-0.16769548,-0.15375197,-0.16126925,-0.16001847,0.0103735095
2022-12-09 08:00:00+00:00,-0.15758474,-0.16947417,-0.16870338,-0.18766695,-0.15768799,-0.19024822,-0.16508332,-0.18136954,-0.16771863,-0.17555627,-0.17210934,0.011425206
2022-12-09 09:00:00+00:00,-0.16605505,-0.17333075,-0.1743599,-0.19997656,-0.16590922,-0.19476607,-0.1734394,-0.19003397,-0.17937952,-0.18591005,-0.18031605,0.011852979
2022-12-09 10:00:00+00:00,-0.17428488,-0.17820506,-0.17972034,-0.20619601,-0.17284483,-0.19388354,-0.17928974,-0.19484183,-0.18822524,-0.19289291,-0.18603845,0.010832983
2022-12-09 11:00:00+00:00,-0.17864546,-0.18011673,-0.18190065,-0.20838165,-0.17722028,-0.19740283,-0.18182433,-0.19846049,-0.19024599,-0.1970442,-0.18912427,0.010690836
2022-12-09 12:00:00+00:00,-0.18092746,-0.18161285,-0.18304904,-0.20980085,-0.18002543,-0.20004791,-0.18303892,-0.20059703,-0.19165608,-0.19943193,-0.19101875,0.010726793
2022-12-09 13:00:00+00:00,-0.18025765,-0.18141992,-0.1826784,-0.2099054,-0.18014804,-0.200925,-0.18283112,-0.20085868,-0.19121194,-0.19924197,-0.19094782,0.010964497
2022-12-09 14:00:00+00:00,-0.17810053,-0.18051507,-0.18128185,-0.20896986,-0.17918544,-0.20162135,-0.18175033,-0.20034671,-0.1893124,-0.19803713,-0.18991205,0.011350655
2022-12-09 15:00:00+00:00,-0.17408183,-0.17979617,-0.17877108,-0.20661974,-0.17780069,-0.20192173,-0.17979917,-0.1986267,-0.18551299,-0.1958133,-0.18787435,0.011728321
2022-12-09 16:00:00+00:00,-0.16955066,-0.17811581,-0.17494352,-0.2027527,-0.17560849,-0.19953978,-0.17690584,-0.19502631,-0.17951494,-0.1923635,-0.18443215,0.01178085
2022-12-09 17:00:00+00:00,-0.16689922,-0.17608276,-0.17199585,-0.19910973,-0.17456825,-0.19750646,-0.17493057,-0.19205831,-0.17517555,-0.18988559,-0.18182123,0.011600465
2022-12-09 18:00:00+00:00,-0.16431965,-0.17400429,-0.1688839,-0.1952576,-0.17369825,-0.19532031,-0.17326427,-0.18880323,-0.17174831,-0.18748704,-0.17927869,0.011325576
2022-12-09 19:00:00+00:00,-0.1603481,-0.17104134,-0.16389199,-0.1886166,-0.17022045,-0.19168079,-0.17024764,-0.18361467,-0.16676101,-0.18303931,-0.17494619,0.010901181
2022-12-09 20:00:00+00:00,-0.15390041,-0.1674985,-0.158329,-0.17949715,-0.16190699,-0.1856193,-0.16510534,-0.17655718,-0.16032769,-0.17544463,-0.16841862,0.010362678
2022-12-09 21:00:00+00:00,-0.14785072,-0.1642641,-0.15612657,-0.17076284,-0.15359226,-0.17996433,-0.15805076,-0.16972388,-0.1543397,-0.16738886,-0.16220638,0.009846426
2022-12-09 22:00:00+00:00,-0.14179263,-0.16039817,-0.15254523,-0.16159448,-0.14486696,-0.1730125,-0.15061364,-0.16260044,-0.14801222,-0.15894347,-0.15543798,0.009543383
2022-12-09 23:00:00+00:00,-0.13515502,-0.15351632,-0.14606404,-0.1524202,-0.13516152,-0.16344145,-0.14016786,-0.15344875,-0.13929397,-0.14893712,-0.14676061,0.009275524
2022-12-10 00:00:00+00:00,-0.12748687,-0.14325522,-0.13893048,-0.1413646,-0.12350571,-0.15128669,-0.12681551,-0.14103054,-0.12757154,-0.13540153,-0.13566487,0.009019754
2022-12-10 01:00:00+00:00,-0.11903406,-0.12970883,-0.1321307,-0.12888655,-0.111519165,-0.13746715,-0.11188008,-0.12675078,-0.1144707,-0.120077245,-0.12319253,0.0090585
2022-12-10 02:00:00+00:00,-0.10463518,-0.11361854,-0.12400116,-0.1141378,-0.10004184,-0.12264275,-0.096940026,-0.11158964,-0.10199309,-0.10351779,-0.10931178,0.0093601765
2022-12-10 03:00:00+00:00,-0.09113306,-0.099887386,-0.11229169,-0.10108706,-0.09140463,-0.110188685,-0.08720016,-0.09860028,-0.09168362,-0.09013266,-0.097360924,0.008636273
2022-12-10 04:00:00+00:00,-0.07939131,-0.08299877,-0.096520215,-0.08481225,-0.0790481,-0.09294226,-0.07617836,-0.08017868,-0.07704237,-0.07182733,-0.08209397,0.0076024616
2022-12-10 05:00:00+00:00,-0.06454544,-0.06532364,-0.081056334,-0.06757346,-0.06481151,-0.07340949,-0.063762695,-0.06324369,-0.062113423,-0.052577205,-0.06584168,0.007421323
2022-12-10 06:00:00+00:00,-0.051563155,-0.04504837,-0.06441565,-0.04812485,-0.042955592,-0.05298371,-0.04855588,-0.045135833,-0.045317546,-0.030557387,-0.047465794,0.008552321
2022-12-10 07:00:00+00:00,-0.034798145,-0.021043763,-0.04396376,-0.025270522,-0.013690382,-0.02938386,-0.027794212,-0.028620593,-0.027677253,-0.004760541,-0.025700305,0.010807888
2022-12-10 08:00:00+00:00,-0.018851824,0.00026455522,-0.0229161,-0.0025392175,0.020974115,-0.00288672,-0.008605421,-0.012998357,-0.010167882,0.017958194,-0.0039768657,0.014321863
2022-12-10 09:00:00+00:00,0.005726047,0.023708656,0.0011732727,0.02208069,0.038442075,0.025418483,0.012378991,0.0034904405,0.015011065,0.041679397,0.018910913,0.013981794
2022-12-10 10:00:00+00:00,0.027176663,0.05105105,0.029242828,0.048869267,0.051522836,0.051466905,0.03668803,0.024742335,0.045399442,0.067086145,0.043324552,0.013504165
2022-12-10 11:00:00+00:00,0.04473646,0.07070702,0.055870146,0.074742615,0.05963716,0.07165099,0.056418598,0.04714948,0.06782135,0.0844803,0.06332141,0.012675421
2022-12-10 12:00:00+00:00,0.06047125,0.084754586,0.08158699,0.09802717,0.070587724,0.088888146,0.07410613,0.06337577,0.07844123,0.099987224,0.08002262,0.01338358
2022-12-10 13:00:00+00:00,0.07415888,0.09609547,0.1063562,0.12119378,0.08306849,0.10513126,0.089818045,0.07799491,0.08814913,0.11495623,0.09569224,0.0158186
2022-12-10 14:00:00+00:00,0.0794266,0.09993747,0.11676809,0.13352285,0.08701448,0.11295148,0.094537094,0.08245461,0.09194818,0.12130387,0.10198648,0.01820102
2022-12-10 15:00:00+00:00,0.079251096,0.09824294,0.11893749,0.14214621,0.08530161,0.11379332,0.09183042,0.07910539,0.091120005,0.12217528,0.102190375,0.02108391
2022-12-10 16:00:00+00:00,0.071095794,0.0900604,0.1071537,0.13174666,0.07748896,0.105690815,0.07978898,0.065151215,0.08409342,0.11470194,0.09269719,0.021320794
2022-12-10 17:00:00+00:00,0.062152416,0.08360635,0.0972607,0.12162863,0.07413277,0.09790792,0.07159549,0.054032505,0.07676393,0.10853967,0.08476204,0.021241195
2022-12-10 18:00:00+00:00,0.06354612,0.08375546,0.0975464,0.12518601,0.08087689,0.099363886,0.0810779,0.055756032,0.07429749,0.11404912,0.08754553,0.021658093
2022-12-10 19:00:00+00:00,0.04833941,0.06736401,0.08008924,0.10515422,0.07301536,0.08207064,0.063319236,0.04891646,0.0566729,0.09591372,0.072085515,0.019041829
2022-12-10 20:00:00+00:00,0.038191035,0.053960755,0.06430969,0.08595234,0.06192994,0.06601056,0.048024476,0.04587722,0.04135716,0.079846784,0.058546,0.016011203
2022-12-10 21:00:00+00:00,0.025194481,0.034831107,0.038969457,0.057204634,0.045401797,0.04052954,0.033168316,0.04293409,0.020703793,0.05549054,0.039442778,0.011723283
2022-12-10 22:00:00+00:00,0.00843215,0.018091053,0.015777066,0.03176862,0.028809622,0.01500044,0.019589812,0.03926198,0.0036640316,0.032559037,0.02129538,0.011428052
2022-12-10 23:00:00+00:00,0.0056234747,0.010628641,0.0060645193,0.028183326,0.020610064,-0.0018166378,0.018825978,0.033920467,0.0024145693,0.019573659,0.014402807,0.011658617
2022-12-11 00:00:00+00:00,0.013064221,0.009444892,0.0062913448,0.032105774,0.020014241,-0.006304607,0.024979353,0.034053445,0.013124593,0.024143115,0.017091636,0.012418932
2022-12-11 01:00:00+00:00,0.004347943,-0.0055405647,-0.005472377,0.013622224,0.0085491985,-0.02542258,0.013307527,0.019081086,0.004822433,0.008814231,0.003610912,0.01289379
2022-12-11 02:00:00+00:00,6.47977e-05,-0.011411317,-0.009099692,0.0059723705,0.0043123364,-0.033333257,0.0075447857,0.0130055845,-0.0006942749,0.00018946081,-0.0023449205,0.013123341
2022-12-11 03:00:00+00:00,-0.0032865927,-0.016328119,-0.0123142,-0.00046262145,0.0007413775,-0.038297765,0.0026399642,0.00803294,-0.004973173,-0.006490372,-0.007073856,0.013057529
2022-12-11 04:00:00+00:00,-0.0070670396,-0.025292546,-0.019453779,-0.0078104287,-0.0058652386,-0.04912638,-0.0038846582,-0.0008632988,-0.009078577,-0.011771865,-0.014021382,0.0143284965
2022-12-11 05:00:00+00:00,-0.009611174,-0.029961668,-0.023990192,-0.012421995,-0.009785041,-0.055832304,-0.008317381,-0.0072938725,-0.012303494,-0.014294632,-0.018381175,0.015027087
2022-12-11 06:00:00+00:00,-0.015719086,-0.038341224,-0.03168214,-0.02322732,-0.017350063,-0.06769898,-0.017282099,-0.0154704,-0.01897037,-0.02421967,-0.026996136,0.016128443
2022-12-11 07:00:00+00:00,-0.022029154,-0.04803323,-0.03952252,-0.032920927,-0.027802125,-0.08100234,-0.027286261,-0.029952958,-0.026466072,-0.032057345,-0.036707293,0.017218275
2022-12-11 08:00:00+00:00,-0.029258564,-0.056785375,-0.04776007,-0.04209204,-0.039262623,-0.09059233,-0.03651169,-0.04323697,-0.03310103,-0.04052069,-0.04591214,0.017457344
2022-12-11 09:00:00+00:00,-0.036422744,-0.06170574,-0.053708293,-0.046456784,-0.04630668,-0.09191402,-0.04430691,-0.052773688,-0.03643448,-0.04539352,-0.051542282,0.01612334
2022-12-11 10:00:00+00:00,-0.0460537,-0.06772972,-0.062690675,-0.055224985,-0.054804385,-0.096715055,-0.05571705,-0.06499654,-0.042764917,-0.052368216,-0.059906524,0.015120964
2022-12-11 11:00:00+00:00,-0.048941776,-0.06881991,-0.06674616,-0.055516616,-0.05641622,-0.09835217,-0.057909228,-0.06680487,-0.04478641,-0.053675577,-0.061796892,0.015052723
2022-12-11 12:00:00+00:00,-0.05398923,-0.07369846,-0.073705085,-0.060468018,-0.060159788,-0.10672764,-0.06300342,-0.070834816,-0.048294254,-0.05950401,-0.06703847,0.016205646
2022-12-11 13:00:00+00:00,-0.0580998,-0.077985585,-0.07916427,-0.06118752,-0.06302668,-0.1076827,-0.06720786,-0.07381965,-0.05274215,-0.06353944,-0.07044556,0.015619124
2022-12-11 14:00:00+00:00,-0.062410552,-0.082291916,-0.08442289,-0.06621081,-0.06610958,-0.107533135,-0.072155714,-0.077137895,-0.05744788,-0.06769261,-0.0743413,0.014471996
2022-12-11 15:00:00+00:00,-0.06365402,-0.08341363,-0.086089484,-0.068033874,-0.06617612,-0.10376284,-0.07271151,-0.077841416,-0.05922386,-0.06819865,-0.074910544,0.013268852
2022-12-11 16:00:00+00:00,-0.06327549,-0.08300386,-0.08750115,-0.06752232,-0.06384075,-0.106540106,-0.068131186,-0.07672958,-0.05960886,-0.06776395,-0.07439173,0.014409671
2022-12-11 17:00:00+00:00,-0.060410604,-0.08058478,-0.086323306,-0.065259665,-0.059474926,-0.10240776,-0.061851993,-0.07332905,-0.057870522,-0.06491001,-0.07124226,0.014487649
2022-12-11 18:00:00+00:00,-0.05514077,-0.075748086,-0.082635626,-0.060565293,-0.053084433,-0.094607,-0.05342099,-0.066937566,-0.05349606,-0.058887795,-0.06545236,0.014404644
2022-12-11 19:00:00+00:00,-0.043267086,-0.06604293,-0.07467781,-0.05068317,-0.04130259,-0.08135749,-0.040342063,-0.053164493,-0.044702545,-0.045646355,-0.054118652,0.0147263175
2022-12-11 20:00:00+00:00,-0.031106785,-0.05120077,-0.06467555,-0.039505005,-0.03045284,-0.065866895,-0.029501453,-0.036645837,-0.03454256,-0.030805536,-0.041430317,0.01409985
2022-12-11 21:00:00+00:00,-0.019208767,-0.030788533,-0.050221555,-0.023763925,-0.0137052685,-0.04450912,-0.015278488,-0.014513582,-0.01923798,-0.009963416,-0.02411906,0.013617346
2022-12-11 22:00:00+00:00,-0.0025082529,-0.0023380667,-0.02786047,0.00080162287,0.01043275,-0.014599644,0.003327608,0.012702987,0.0022629425,0.018180415,4.0189178e-05,0.013410896
2022-12-11 23:00:00+00:00,0.009518132,0.015718967,-0.010490477,0.018081501,0.022013187,0.005380258,0.015739217,0.022438794,0.018274918,0.034550846,0.015122535,0.011926835
2022-12-12 00:00:00+00:00,0.01958488,0.029128045,0.003984913,0.03213191,0.029801905,0.0211728,0.026117653,0.030001208,0.031792164,0.04706402,0.027077949,0.011018192
2022-12-12 01:00:00+00:00,0.022414729,0.034297332,0.010946497,0.03655246,0.032877162,0.027002223,0.029956877,0.033940643,0.03319317,0.051732317,0.031291343,0.01043809
2022-12-12 02:00:00+00:00,0.017647281,0.025780112,0.0047433227,0.030222833,0.027205482,0.01781682,0.026031941,0.030791566,0.02718912,0.044878423,0.02523069,0.010449684
2022-12-12 03:00:00+00:00,0.0059043244,0.0075466037,-0.010733232,0.014691934,0.016241714,-0.0030023158,0.01535815,0.020375997,0.0124985725,0.02846311,0.010734485,0.011356837
2022-12-12 04:00:00+00:00,-0.01036042,-0.022708483,-0.034670778,-0.009362996,-0.0036146566,-0.036377735,-0.004339516,-0.0039474666,-0.0100271925,-0.0021333545,-0.013754259,0.012896426
2022-12-12 05:00:00+00:00,-0.030802518,-0.05015946,-0.05613891,-0.03311026,-0.029461905,-0.067278214,-0.02644971,-0.036694862,-0.031037822,-0.030999295,-0.039213292,0.013745999
2022-12-12 06:00:00+00:00,-0.050919287,-0.07053766,-0.07363989,-0.053923815,-0.04980591,-0.09035211,-0.048978165,-0.06399114,-0.048643272,-0.0525864,-0.060337763,0.0139914425
2022-12-12 07:00:00+00:00,-0.06724842,-0.086518034,-0.08903991,-0.07168941,-0.06699009,-0.10557946,-0.07471372,-0.081884414,-0.06313819,-0.07095174,-0.077775344,0.013028327
2022-12-12 08:00:00+00:00,-0.07530529,-0.09592347,-0.10219965,-0.084505916,-0.07844544,-0.11531555,-0.09538171,-0.09027096,-0.07205094,-0.085305005,-0.08947039,0.013228196
2022-12-12 09:00:00+00:00,-0.07823985,-0.10062401,-0.11320478,-0.09372927,-0.08493448,-0.118350394,-0.10741608,-0.09594785,-0.0798294,-0.09541,-0.09676861,0.013524502
2022-12-12 10:00:00+00:00,-0.08646795,-0.104917035,-0.12058788,-0.10002422,-0.08982547,-0.11582301,-0.117256545,-0.09276944,-0.079827935,-0.10185041,-0.10093498,0.013891272
2022-12-12 11:00:00+00:00,-0.09267212,-0.107859045,-0.12149278,-0.10317415,-0.09010197,-0.112903036,-0.12259835,-0.085861586,-0.080145374,-0.10597005,-0.10227784,0.014683621
2022-12-12 12:00:00+00:00,-0.09852232,-0.10712993,-0.11948976,-0.10780114,-0.09150499,-0.116088115,-0.122627184,-0.07954432,-0.08090054,-0.10471628,-0.10283246,0.015136231
2022-12-12 13:00:00+00:00,-0.09414166,-0.10941973,-0.12030949,-0.120380744,-0.08932653,-0.11383525,-0.11809702,-0.07777953,-0.081062995,-0.107072145,-0.103142515,0.01628688
2022-12-12 14:00:00+00:00,-0.09330225,-0.11561042,-0.120942146,-0.1284924,-0.09726255,-0.111530475,-0.118689544,-0.081063814,-0.08645785,-0.11222997,-0.106558144,0.015951764
2022-12-12 15:00:00+00:00,-0.0988566,-0.1218552,-0.12425752,-0.13259661,-0.10476292,-0.1118821,-0.12135051,-0.08518075,-0.09152268,-0.11818944,-0.111045435,0.015463047
2022-12-12 16:00:00+00:00,-0.10277999,-0.13098606,-0.1295198,-0.13477726,-0.113741644,-0.115690805,-0.12552807,-0.090074964,-0.09435343,-0.12622961,-0.11636816,0.015897842
2022-12-12 17:00:00+00:00,-0.108962074,-0.13818699,-0.13640015,-0.13571042,-0.12241338,-0.12316685,-0.12989274,-0.09744123,-0.09701357,-0.13272361,-0.122191094,0.015752457
2022-12-12 18:00:00+00:00,-0.12367932,-0.14320202,-0.14785412,-0.13675371,-0.13130938,-0.1391173,-0.13790144,-0.10840152,-0.10833673,-0.13847983,-0.13150354,0.013788044
2022-12-12 19:00:00+00:00,-0.13020283,-0.14845933,-0.15395129,-0.13722946,-0.13692988,-0.14679992,-0.14457944,-0.11862726,-0.117408626,-0.14504032,-0.13792284,0.012453995
2022-12-12 20:00:00+00:00,-0.1306865,-0.1516911,-0.1608124,-0.14122991,-0.14043814,-0.15229136,-0.14887603,-0.12757833,-0.12639134,-0.14881095,-0.1428806,0.011653765
2022-12-12 21:00:00+00:00,-0.13160248,-0.15255879,-0.16553819,-0.14424205,-0.14283405,-0.15478528,-0.15180442,-0.13530086,-0.13161159,-0.15151525,-0.14617929,0.01109368
2022-12-12 22:00:00+00:00,-0.13324952,-0.15369073,-0.16996628,-0.14734286,-0.14480779,-0.15747008,-0.1529281,-0.14314291,-0.13580032,-0.1537932,-0.14921919,0.01079192
2022-12-12 23:00:00+00:00,-0.13484581,-0.1531311,-0.17293048,-0.15059236,-0.1459814,-0.15840924,-0.15197645,-0.14677046,-0.13939488,-0.15421736,-0.15082496,0.01048947
2022-12-13 00:00:00+00:00,-0.1354467,-0.15181729,-0.17461118,-0.15301971,-0.14708927,-0.1578503,-0.15037018,-0.14914495,-0.1403579,-0.15329212,-0.15129992,0.010476465
2022-12-13 01:00:00+00:00,-0.13524419,-0.1505263,-0.1739132,-0.15610182,-0.14773901,-0.15681198,-0.15008387,-0.15037958,-0.14059791,-0.15089028,-0.15122882,0.010289382
2022-12-13 02:00:00+00:00,-0.13301371,-0.15083963,-0.16990498,-0.1571523,-0.14725201,-0.15555856,-0.14809681,-0.15023527,-0.13940383,-0.14791763,-0.14993748,0.009973881
2022-12-13 03:00:00+00:00,-0.12995903,-0.15275197,-0.16555974,-0.15778498,-0.14562795,-0.1546869,-0.14490911,-0.14967035,-0.1380776,-0.14486821,-0.14838961,0.010119163
2022-12-13 04:00:00+00:00,-0.12839329,-0.15353094,-0.16378698,-0.15809551,-0.14424205,-0.1543841,-0.14572825,-0.14897278,-0.13756867,-0.14311035,-0.1477813,0.010324681
2022-12-13 05:00:00+00:00,-0.12839048,-0.15338857,-0.1626474,-0.1586829,-0.14337568,-0.15487942,-0.14654654,-0.14890377,-0.13788897,-0.14282188,-0.14775255,0.01023238
2022-12-13 06:00:00+00:00,-0.13242346,-0.15551688,-0.1653356,-0.16081569,-0.14567992,-0.1571365,-0.1470471,-0.15120806,-0.14074013,-0.14652474,-0.15024282,0.00982364
2022-12-13 07:00:00+00:00,-0.13474497,-0.15639219,-0.16713327,-0.16220191,-0.14651006,-0.1599994,-0.14818665,-0.15259546,-0.14312828,-0.1498759,-0.15207681,0.009674184
2022-12-13 08:00:00+00:00,-0.13556342,-0.1565671,-0.16813095,-0.16258028,-0.14684246,-0.16355717,-0.14993818,-0.15243447,-0.14476153,-0.15252905,-0.15329047,0.009796825
2022-12-13 09:00:00+00:00,-0.13596582,-0.15745313,-0.16787137,-0.16297479,-0.1467974,-0.16572377,-0.1507158,-0.15184265,-0.14557678,-0.15364884,-0.15385704,0.009920525
2022-12-13 10:00:00+00:00,-0.13750271,-0.15849154,-0.168334,-0.16402152,-0.14767024,-0.16797471,-0.15219061,-0.15225315,-0.14728907,-0.1554969,-0.15512244,0.00985783
2022-12-13 11:00:00+00:00,-0.13865097,-0.15940806,-0.16810383,-0.16542144,-0.14860132,-0.17010555,-0.1534374,-0.15223879,-0.1485962,-0.15684941,-0.1561413,0.0098749325
2022-12-13 12:00:00+00:00,-0.14006656,-0.1604411,-0.16870248,-0.16704528,-0.14959599,-0.17181626,-0.15456434,-0.15313168,-0.15021557,-0.15862188,-0.15742013,0.009880224
2022-12-13 13:00:00+00:00,-0.1413343,-0.16148475,-0.16828756,-0.16850884,-0.15058012,-0.1737361,-0.15580854,-0.15381946,-0.15159643,-0.16017884,-0.15853348,0.009854635
2022-12-13 14:00:00+00:00,-0.14248896,-0.16237281,-0.16769284,-0.16965018,-0.15138756,-0.17541853,-0.15677203,-0.1559695,-0.152778,-0.16170208,-0.15962325,0.00975692
2022-12-13 15:00:00+00:00,-0.14328551,-0.16307005,-0.1666878,-0.17021286,-0.1517366,-0.17675993,-0.15712216,-0.15770218,-0.15345922,-0.16219375,-0.160223,0.009704904
2022-12-13 16:00:00+00:00,-0.1430528,-0.16344348,-0.16551052,-0.1701572,-0.15110359,-0.17791453,-0.15650502,-0.15863909,-0.15340266,-0.1620287,-0.16017576,0.009967027
2022-12-13 17:00:00+00:00,-0.14223647,-0.16234374,-0.16519211,-0.16965735,-0.14953248,-0.17723504,-0.15495616,-0.15804304,-0.1530329,-0.16064101,-0.15928702,0.01011606
2022-12-13 18:00:00+00:00,-0.14112416,-0.16087872,-0.16491663,-0.16921553,-0.14687686,-0.17595723,-0.15248647,-0.15646167,-0.15249811,-0.15851441,-0.15789297,0.010414103
2022-12-13 19:00:00+00:00,-0.14050001,-0.15946715,-0.16474664,-0.1689265,-0.14553346,-0.1745741,-0.15065232,-0.15486038,-0.15180776,-0.15592393,-0.15669923,0.010503983
2022-12-13 20:00:00+00:00,-0.1417915,-0.15949675,-0.16485056,-0.17100576,-0.1471775,-0.17521247,-0.15195122,-0.15613,-0.15346915,-0.15695395,-0.15780388,0.010305093
2022-12-13 21:00:00+00:00,-0.1432184,-0.16011448,-0.1651167,-0.17298141,-0.1485986,-0.17605221,-0.15333363,-0.15792868,-0.15521784,-0.15867868,-0.15912406,0.010163506
2022-12-13 22:00:00+00:00,-0.14526361,-0.16146037,-0.16577609,-0.17556894,-0.1506887,-0.17682225,-0.15521894,-0.16055793,-0.15755029,-0.16103248,-0.16099396,0.009916846
2022-12-13 23:00:00+00:00,-0.14666608,-0.16254768,-0.16612929,-0.17772126,-0.15236239,-0.17722729,-0.15671442,-0.16274953,-0.15940762,-0.16279387,-0.16243194,0.009766018
2022-12-14 00:00:00+00:00,-0.14749764,-0.1629712,-0.16639793,-0.1785925,-0.1529563,-0.17813995,-0.15730107,-0.16345263,-0.16026182,-0.16385409,-0.16314253,0.009808142
2022-12-14 01:00:00+00:00,-0.1477957,-0.1630517,-0.16630828,-0.17872882,-0.15303457,-0.17877936,-0.15733428,-0.16425969,-0.16055024,-0.1639879,-0.16338305,0.009871446
2022-12-14 02:00:00+00:00,-0.14854482,-0.16355024,-0.16619542,-0.17991951,-0.15357125,-0.17903233,-0.15799032,-0.16500172,-0.16145536,-0.16447982,-0.16397408,0.009864998
2022-12-14 03:00:00+00:00,-0.14982894,-0.1644664,-0.16651703,-0.18180233,-0.15497464,-0.17964983,-0.15919559,-0.16660693,-0.1635658,-0.16599597,-0.16526034,0.009825339
2022-12-14 04:00:00+00:00,-0.15231907,-0.16619551,-0.16742903,-0.18499717,-0.15759602,-0.17964473,-0.16172995,-0.16984755,-0.16722304,-0.16877213,-0.16757539,0.009570465
2022-12-14 05:00:00+00:00,-0.15534842,-0.16806474,-0.1693164,-0.18866652,-0.16092826,-0.18045303,-0.16441453,-0.17356911,-0.17131834,-0.17263028,-0.17047095,0.0094824815
2022-12-14 06:00:00+00:00,-0.15935127,-0.16996935,-0.17166582,-0.19181287,-0.16439563,-0.18242198,-0.16687523,-0.17669079,-0.17505948,-0.17710596,-0.17353484,0.009329525
2022-12-14 07:00:00+00:00,-0.16230766,-0.17137551,-0.17283279,-0.19407669,-0.16688174,-0.18482903,-0.16992731,-0.18041226,-0.17761806,-0.18070278,-0.1760964,0.009355598
2022-12-14 08:00:00+00:00,-0.16539358,-0.17290723,-0.17425385,-0.19670427,-0.16942538,-0.18631744,-0.17252433,-0.1835806,-0.1802305,-0.18383884,-0.17851761,0.009362808
2022-12-14 09:00:00+00:00,-0.16762531,-0.17403711,-0.17501691,-0.19892518,-0.17114402,-0.18835264,-0.17444459,-0.18638477,-0.18209074,-0.18621445,-0.18042357,0.009618859
2022-12-14 10:00:00+00:00,-0.17017153,-0.17515413,-0.17615591,-0.20123819,-0.17268667,-0.19018999,-0.17611237,-0.18896964,-0.1840604,-0.188584,-0.18233229,0.009857789
2022-12-14 11:00:00+00:00,-0.17309177,-0.1762862,-0.17812526,-0.20350447,-0.17508548,-0.19275963,-0.1779021,-0.19184731,-0.18580171,-0.19123636,-0.18456404,0.010004573
2022-12-14 12:00:00+00:00,-0.17596167,-0.17741041,-0.17995194,-0.20582977,-0.17729302,-0.19483212,-0.1793586,-0.1941613,-0.18778093,-0.1934861,-0.18660659,0.01013473
2022-12-14 13:00:00+00:00,-0.17835894,-0.17828704,-0.1818299,-0.20786974,-0.17917296,-0.1960493,-0.1814345,-0.19604757,-0.18977156,-0.19526125,-0.18840829,0.010137623
2022-12-14 14:00:00+00:00,-0.17923692,-0.17866784,-0.18285523,-0.20925698,-0.18070634,-0.1973258,-0.18251298,-0.19740471,-0.19069788,-0.1962108,-0.18948755,0.010292932
2022-12-14 15:00:00+00:00,-0.17795283,-0.17818484,-0.18229595,-0.20924959,-0.17995991,-0.197808,-0.18182431,-0.19741741,-0.19021586,-0.19556652,-0.18904752,0.010646962
2022-12-14 16:00:00+00:00,-0.17558055,-0.17699648,-0.18088302,-0.20837809,-0.17818694,-0.19803262,-0.18025771,-0.19682924,-0.18861213,-0.19392756,-0.18776843,0.01111086
2022-12-14 17:00:00+00:00,-0.17327029,-0.17594613,-0.17961584,-0.20739831,-0.17675547,-0.1983929,-0.17872413,-0.19607693,-0.18666258,-0.1925289,-0.18653715,0.011525235
2022-12-14 18:00:00+00:00,-0.1714391,-0.17484578,-0.17860834,-0.20631967,-0.17433926,-0.19725004,-0.1772123,-0.19471356,-0.1852094,-0.19043973,-0.18503772,0.011693895
2022-12-14 19:00:00+00:00,-0.16941586,-0.17335115,-0.17743534,-0.20488968,-0.17117901,-0.19577906,-0.17535576,-0.19269525,-0.18394622,-0.18749112,-0.18315384,0.011851178
2022-12-14 20:00:00+00:00,-0.16859299,-0.17285575,-0.17722079,-0.20432436,-0.17044324,-0.19479382,-0.17442448,-0.19130273,-0.18410537,-0.18579704,-0.18238607,0.011752603
2022-12-14 21:00:00+00:00,-0.16707423,-0.17200825,-0.17594713,-0.20223314,-0.16847838,-0.19341457,-0.1723365,-0.18908943,-0.18340576,-0.18293613,-0.18069234,0.011600544
2022-12-14 22:00:00+00:00,-0.16598979,-0.1714783,-0.17498127,-0.20059368,-0.16713075,-0.19197801,-0.17070957,-0.18716455,-0.18303901,-0.18090597,-0.17939709,0.011408316
2022-12-14 23:00:00+00:00,-0.16391045,-0.17038614,-0.172772,-0.19735721,-0.1647673,-0.1896916,-0.16886607,-0.18377204,-0.18184829,-0.17727828,-0.17706493,0.011023459
2022-12-15 00:00:00+00:00,-0.16300131,-0.1700889,-0.17150432,-0.19559991,-0.1639804,-0.18807039,-0.168364,-0.18198264,-0.18123165,-0.17559108,-0.17594147,0.01064604
2022-12-15 01:00:00+00:00,-0.16302823,-0.17035933,-0.17161274,-0.19529432,-0.16396272,-0.18737793,-0.16840863,-0.18167417,-0.18135935,-0.17575179,-0.17588292,0.010458535
2022-12-15 02:00:00+00:00,-0.16485077,-0.17187223,-0.17300305,-0.19774964,-0.16644713,-0.18704754,-0.17030534,-0.18299228,-0.18337502,-0.17847028,-0.17761132,0.010287686
2022-12-15 03:00:00+00:00,-0.1687246,-0.1741755,-0.17550495,-0.20183408,-0.1706497,-0.18750057,-0.17317158,-0.18587409,-0.1867989,-0.18288548,-0.18071195,0.0101778265
2022-12-15 04:00:00+00:00,-0.17263496,-0.17637514,-0.17877068,-0.20501922,-0.17495735,-0.18757865,-0.17605893,-0.18935275,-0.1899414,-0.1873999,-0.1838089,0.009940038
2022-12-15 05:00:00+00:00,-0.17572604,-0.1779745,-0.1814285,-0.2069195,-0.17804778,-0.18890637,-0.17845848,-0.1925577,-0.19207883,-0.19056445,-0.18626621,0.009758914
2022-12-15 06:00:00+00:00,-0.17894173,-0.17945793,-0.18500865,-0.20880604,-0.18082102,-0.1904904,-0.18222067,-0.19545624,-0.19399342,-0.1936433,-0.18888395,0.009448981
2022-12-15 07:00:00+00:00,-0.18255708,-0.18083191,-0.18904227,-0.21029404,-0.18492697,-0.19029754,-0.18590587,-0.1982247,-0.19546369,-0.19638506,-0.1913929,0.008904846
2022-12-15 08:00:00+00:00,-0.18492654,-0.18162774,-0.19116718,-0.21084264,-0.18638022,-0.19040555,-0.18771696,-0.19918227,-0.19611016,-0.1981388,-0.19264981,0.008613722
2022-12-15 09:00:00+00:00,-0.1876835,-0.18310192,-0.1939342,-0.21127242,-0.18870763,-0.19045463,-0.18987712,-0.1990658,-0.19675885,-0.19984019,-0.19406964,0.008040985
2022-12-15 10:00:00+00:00,-0.18961199,-0.1848042,-0.19525252,-0.21131057,-0.19011915,-0.19097641,-0.19094361,-0.19817853,-0.19712955,-0.20134038,-0.1949667,0.0075305076
2022-12-15 11:00:00+00:00,-0.1923749,-0.18707812,-0.19722499,-0.2109511,-0.19304262,-0.19215736,-0.19242764,-0.197193,-0.1977826,-0.2018511,-0.19620834,0.0066034794
2022-12-15 12:00:00+00:00,-0.1940913,-0.18867514,-0.19696012,-0.21034178,-0.19382581,-0.19403708,-0.19277546,-0.19554633,-0.19843212,-0.20150235,-0.19661877,0.005920318
2022-12-15 13:00:00+00:00,-0.19571066,-0.1906502,-0.19694647,-0.20986801,-0.19513898,-0.19627428,-0.19306478,-0.1943726,-0.19910315,-0.20143473,-0.19725639,0.0053477213
2022-12-15 14:00:00+00:00,-0.19652227,-0.19228427,-0.19539618,-0.20901453,-0.19424634,-0.19810632,-0.19221535,-0.19253835,-0.19892246,-0.2013095,-0.19705555,0.0051986123
2022-12-15 15:00:00+00:00,-0.19560736,-0.19096495,-0.19218858,-0.20857027,-0.19107819,-0.1984249,-0.1907242,-0.19263743,-0.1976799,-0.20089874,-0.19587746,0.0057150824
2022-12-15 16:00:00+00:00,-0.19309548,-0.18721901,-0.1883803,-0.20757714,-0.18888888,-0.19883385,-0.18802059,-0.19419333,-0.19543326,-0.20006646,-0.19417083,0.0065537486
2022-12-15 17:00:00+00:00,-0.18786831,-0.18390097,-0.1855369,-0.2053487,-0.18459985,-0.1970604,-0.18481764,-0.19462678,-0.1921123,-0.19895348,-0.19148256,0.007357283
2022-12-15 18:00:00+00:00,-0.18268938,-0.1818344,-0.18144105,-0.20288074,-0.18065198,-0.19574732,-0.18184495,-0.19478506,-0.18855962,-0.19766846,-0.1888103,0.008272015
2022-12-15 19:00:00+00:00,-0.17606688,-0.1792429,-0.17726743,-0.19987819,-0.17652442,-0.19297612,-0.17993782,-0.19212903,-0.18439303,-0.19472638,-0.18531421,0.008819071
2022-12-15 20:00:00+00:00,-0.17070982,-0.17694235,-0.17437401,-0.19721808,-0.17297095,-0.1919308,-0.1776774,-0.18959148,-0.18078518,-0.19122899,-0.18234292,0.009337664
2022-12-15 21:00:00+00:00,-0.16592953,-0.17466204,-0.17305548,-0.19484547,-0.16878262,-0.19069362,-0.17510644,-0.18668488,-0.17734882,-0.18710357,-0.17942123,0.009764127
2022-12-15 22:00:00+00:00,-0.16182563,-0.17211026,-0.1718899,-0.19213498,-0.1640971,-0.18958983,-0.17186293,-0.18333675,-0.17392802,-0.18289343,-0.17636688,0.010225488
2022-12-15 23:00:00+00:00,-0.15846272,-0.17017172,-0.17068584,-0.18926159,-0.16061346,-0.18861979,-0.16837113,-0.18026753,-0.17045552,-0.1787256,-0.1735635,0.01052434
2022-12-16 00:00:00+00:00,-0.15630828,-0.16848016,-0.17006882,-0.18718457,-0.1583597,-0.18699384,-0.16545762,-0.17706501,-0.16889304,-0.1752119,-0.17140229,0.010480919
2022-12-16 01:00:00+00:00,-0.15437989,-0.16730446,-0.16936621,-0.18504634,-0.15608355,-0.18576667,-0.16285777,-0.1744146,-0.16715966,-0.17210433,-0.16944836,0.010542275
2022-12-16 02:00:00+00:00,-0.15314692,-0.1663789,-0.16896363,-0.18402368,-0.15478054,-0.18471208,-0.16100848,-0.17255726,-0.16615018,-0.17001933,-0.1681741,0.010603056
2022-12-16 03:00:00+00:00,-0.15458822,-0.1676325,-0.16978204,-0.18571359,-0.15624774,-0.18447179,-0.16255052,-0.17380352,-0.16789643,-0.17194967,-0.1694636,0.010349236
2022-12-16 04:00:00+00:00,-0.15732902,-0.16974413,-0.17139204,-0.18926734,-0.15940976,-0.18465763,-0.16592038,-0.1763498,-0.17093349,-0.17591092,-0.17209145,0.010054399
2022-12-16 05:00:00+00:00,-0.16118678,-0.17240478,-0.17336994,-0.19262776,-0.16368416,-0.1857191,-0.1703562,-0.18034826,-0.17492142,-0.18112229,-0.17557406,0.009650816
2022-12-16 06:00:00+00:00,-0.16444662,-0.1742134,-0.17481263,-0.1941857,-0.16688053,-0.18671432,-0.1734842,-0.18334563,-0.1777848,-0.18456712,-0.1780435,0.009200685
2022-12-16 07:00:00+00:00,-0.16904058,-0.17663209,-0.17652915,-0.19680715,-0.1705119,-0.18823901,-0.17724046,-0.18703446,-0.18140015,-0.18918113,-0.18126161,0.008890193
2022-12-16 08:00:00+00:00,-0.17207995,-0.17798878,-0.17816427,-0.19826648,-0.17288452,-0.18820816,-0.17890544,-0.18838122,-0.18343547,-0.19140106,-0.18297155,0.008477025
2022-12-16 09:00:00+00:00,-0.17372422,-0.17863086,-0.1790986,-0.19915633,-0.17401463,-0.1878353,-0.1798216,-0.18881467,-0.18450107,-0.19260661,-0.18382038,0.008281283
2022-12-16 10:00:00+00:00,-0.17356206,-0.1785971,-0.17916495,-0.19903925,-0.17388967,-0.18775663,-0.17974049,-0.18866923,-0.18439728,-0.19253719,-0.18373539,0.008275239
2022-12-16 11:00:00+00:00,-0.17165278,-0.17787111,-0.1794612,-0.19797216,-0.17260826,-0.18536672,-0.17853558,-0.18773085,-0.18380353,-0.19043964,-0.18254419,0.0081756525
2022-12-16 12:00:00+00:00,-0.17058831,-0.17741717,-0.17956832,-0.19773358,-0.17236802,-0.18408582,-0.1775427,-0.18835814,-0.18370605,-0.18915725,-0.18205254,0.008274565
2022-12-16 13:00:00+00:00,-0.16998956,-0.17688565,-0.17942216,-0.19745763,-0.17206796,-0.18290123,-0.175971,-0.18875761,-0.18363132,-0.18750119,-0.18145853,0.008349685
2022-12-16 14:00:00+00:00,-0.16821545,-0.17603388,-0.17854184,-0.19630906,-0.17112376,-0.1814627,-0.17429295,-0.18820187,-0.18277809,-0.18480217,-0.18017618,0.008392814
2022-12-16 15:00:00+00:00,-0.16516975,-0.174745,-0.1759377,-0.19384211,-0.16874608,-0.17927915,-0.17383306,-0.18590859,-0.1804063,-0.18070704,-0.17785747,0.008236312
2022-12-16 16:00:00+00:00,-0.16171072,-0.17311986,-0.17227826,-0.19147128,-0.1649516,-0.17681009,-0.17162432,-0.18245484,-0.1770454,-0.17527495,-0.17467414,0.008388251
2022-12-16 17:00:00+00:00,-0.15712363,-0.17037155,-0.16753066,-0.18557224,-0.15956861,-0.1740829,-0.16748826,-0.17735311,-0.17250438,-0.16816536,-0.16997607,0.008232892
2022-12-16 18:00:00+00:00,-0.15461746,-0.16793662,-0.1636672,-0.18016037,-0.15697636,-0.16970441,-0.16635652,-0.17420019,-0.16977838,-0.16197023,-0.16653678,0.0076697366
2022-12-16 19:00:00+00:00,-0.15030035,-0.16027458,-0.15691355,-0.17035559,-0.15248102,-0.1622763,-0.16320576,-0.16891032,-0.16623802,-0.15299585,-0.16039515,0.0070610037
2022-12-16 20:00:00+00:00,-0.1472515,-0.15480798,-0.15282093,-0.16386968,-0.14782315,-0.15746793,-0.16156596,-0.16595726,-0.16317675,-0.14743645,-0.15621775,0.0072533805
2022-12-16 21:00:00+00:00,-0.14648396,-0.15299237,-0.15114287,-0.16115451,-0.14546707,-0.15567604,-0.15981716,-0.16403213,-0.16064133,-0.14529438,-0.15427017,0.0070405523
2022-12-16 22:00:00+00:00,-0.14578766,-0.15177082,-0.15032114,-0.1599086,-0.14317463,-0.15464842,-0.15968183,-0.16352889,-0.15983155,-0.14422213,-0.15328756,0.00734913
2022-12-16 23:00:00+00:00,-0.14682993,-0.15405269,-0.1524028,-0.1626912,-0.14745161,-0.15684271,-0.15978199,-0.16440703,-0.15989816,-0.14693286,-0.1551291,0.0066180313
2022-12-17 00:00:00+00:00,-0.14661509,-0.1539422,-0.15217991,-0.1621663,-0.14750862,-0.15650272,-0.15896565,-0.1632163,-0.15860724,-0.14666626,-0.15463702,0.006267138
2022-12-17 01:00:00+00:00,-0.1461117,-0.15331131,-0.15183789,-0.16113576,-0.14714926,-0.15593678,-0.15790412,-0.16193068,-0.15683404,-0.14581546,-0.1537967,0.0059788525
2022-12-17 02:00:00+00:00,-0.14647464,-0.15487675,-0.15288183,-0.16254026,-0.14783023,-0.15720463,-0.15757991,-0.1618297,-0.15654033,-0.1469926,-0.15447508,0.005843719
2022-12-17 03:00:00+00:00,-0.14715748,-0.15830159,-0.15534408,-0.16650233,-0.14906064,-0.15999967,-0.15861368,-0.16363569,-0.15816706,-0.15030415,-0.15670866,0.006285972
2022-12-17 04:00:00+00:00,-0.14944106,-0.16537942,-0.16171803,-0.17515925,-0.15183932,-0.1661689,-0.16098547,-0.1678265,-0.16194351,-0.157515,-0.16179766,0.007584327
2022-12-17 05:00:00+00:00,-0.15236963,-0.16823483,-0.1677508,-0.18191919,-0.15481944,-0.17099825,-0.16283841,-0.17234166,-0.16523378,-0.16522333,-0.16617294,0.008487625
2022-12-17 06:00:00+00:00,-0.15421459,-0.16969751,-0.1718979,-0.18582134,-0.15690894,-0.17400154,-0.16385385,-0.17418711,-0.16731131,-0.17029276,-0.16881868,0.0090630045
2022-12-17 07:00:00+00:00,-0.1577323,-0.17164941,-0.17582247,-0.18823962,-0.16095051,-0.17517257,-0.16698688,-0.17799583,-0.17052007,-0.17542341,-0.1720493,0.008750557
2022-12-17 08:00:00+00:00,-0.15997279,-0.17276141,-0.17819703,-0.18869878,-0.16310926,-0.17613286,-0.16854703,-0.17980003,-0.17244926,-0.1782363,-0.17379048,0.008422263
2022-12-17 09:00:00+00:00,-0.16141267,-0.17345989,-0.17951177,-0.1888347,-0.16427237,-0.17672023,-0.17029594,-0.18078169,-0.17330965,-0.17984879,-0.17484477,0.008154527
2022-12-17 10:00:00+00:00,-0.16290766,-0.1741556,-0.18076247,-0.18899111,-0.16523147,-0.17756549,-0.17181061,-0.18176255,-0.1740949,-0.18138477,-0.17586668,0.007943402
2022-12-17 11:00:00+00:00,-0.16345349,-0.17444018,-0.18100269,-0.18872884,-0.16517767,-0.17824817,-0.1727433,-0.18138587,-0.17424583,-0.18228087,-0.17617069,0.007823924
2022-12-17 12:00:00+00:00,-0.16426009,-0.17477956,-0.18145885,-0.18856394,-0.16540956,-0.17885897,-0.17342582,-0.18159078,-0.1745677,-0.1832197,-0.1766135,0.007714291
2022-12-17 13:00:00+00:00,-0.16469194,-0.17499754,-0.18166439,-0.18858862,-0.16548069,-0.17938823,-0.17391008,-0.1814719,-0.17480433,-0.18372884,-0.17687267,0.0076697865
2022-12-17 14:00:00+00:00,-0.16369073,-0.17453043,-0.1811363,-0.18807554,-0.16461934,-0.17949146,-0.1732126,-0.1803618,-0.17398286,-0.18291003,-0.1762011,0.0077874223
2022-12-17 15:00:00+00:00,-0.161304,-0.17328638,-0.17982148,-0.18686192,-0.16252854,-0.1795119,-0.17150965,-0.17784539,-0.17226613,-0.1806972,-0.17456326,0.008087485
2022-12-17 16:00:00+00:00,-0.15710996,-0.17111376,-0.1776104,-0.1848512,-0.15841305,-0.17905986,-0.1679889,-0.17361128,-0.16915521,-0.17643398,-0.17153475,0.008805611
2022-12-17 17:00:00+00:00,-0.15307212,-0.16883175,-0.17545305,-0.18264607,-0.1546227,-0.1769863,-0.16327855,-0.17021899,-0.165723,-0.17153843,-0.1682371,0.009414254
2022-12-17 18:00:00+00:00,-0.14917468,-0.16629696,-0.17289165,-0.17819309,-0.15006924,-0.17505768,-0.15853807,-0.16600573,-0.16133669,-0.16632958,-0.16438934,0.009813652
2022-12-17 19:00:00+00:00,-0.14510962,-0.16408284,-0.16864347,-0.17221165,-0.14554471,-0.17368522,-0.15418917,-0.1606842,-0.15655598,-0.16004552,-0.16007525,0.010025015
2022-12-17 20:00:00+00:00,-0.1425939,-0.16287398,-0.16310649,-0.16792542,-0.14227179,-0.1707583,-0.15102415,-0.15664384,-0.1530053,-0.15617135,-0.15663746,0.009752903
2022-12-17 21:00:00+00:00,-0.13946325,-0.15904476,-0.15801856,-0.1627217,-0.13764215,-0.1649751,-0.14698169,-0.15229812,-0.14865883,-0.15079466,-0.15205988,0.009251611
2022-12-17 22:00:00+00:00,-0.13754016,-0.15538818,-0.15434892,-0.15914905,-0.13329229,-0.16077659,-0.1446744,-0.14953437,-0.1455416,-0.14710362,-0.14873491,0.0089630205
2022-12-17 23:00:00+00:00,-0.13597287,-0.15261222,-0.15175144,-0.15631393,-0.13029914,-0.15726525,-0.14365739,-0.14799434,-0.14209351,-0.14399171,-0.14619519,0.008727492
2022-12-18 00:00:00+00:00,-0.13378079,-0.14976557,-0.1492951,-0.15345359,-0.12701312,-0.15419155,-0.14188012,-0.14555492,-0.13872454,-0.14147806,-0.14351374,0.008732076
2022-12-18 01:00:00+00:00,-0.13212095,-0.14814298,-0.14769419,-0.15114024,-0.12452796,-0.15220407,-0.14057668,-0.14377537,-0.13631551,-0.13971187,-0.14162096,0.008831666
2022-12-18 02:00:00+00:00,-0.13116334,-0.14868695,-0.14847633,-0.150606,-0.12385545,-0.15317342,-0.13888568,-0.1424625,-0.13620111,-0.14059861,-0.14141096,0.009275167
2022-12-18 03:00:00+00:00,-0.13251206,-0.15107149,-0.15188235,-0.15258428,-0.12864487,-0.15842587,-0.14000204,-0.14381713,-0.13926849,-0.1442381,-0.14424467,0.009425427
2022-12-18 04:00:00+00:00,-0.1359086,-0.1549837,-0.1574985,-0.15663913,-0.13516834,-0.16505769,-0.14403178,-0.14758326,-0.14419077,-0.15036044,-0.14914222,0.009651722
2022-12-18 05:00:00+00:00,-0.1385878,-0.15775414,-0.16225852,-0.15995407,-0.14006507,-0.16967687,-0.14795642,-0.14997917,-0.14718482,-0.15445569,-0.15278725,0.009887527
2022-12-18 06:00:00+00:00,-0.1410225,-0.15924084,-0.16609693,-0.16345815,-0.14350477,-0.1726034,-0.151782,-0.15240316,-0.15024403,-0.15837777,-0.15587334,0.009964143
2022-12-18 07:00:00+00:00,-0.14301765,-0.16004711,-0.16871649,-0.1655735,-0.14532545,-0.17368302,-0.15406847,-0.15380025,-0.15234911,-0.16068107,-0.15772621,0.009882249
2022-12-18 08:00:00+00:00,-0.14305148,-0.15960488,-0.16869904,-0.16550015,-0.14528118,-0.17337695,-0.15374656,-0.15392551,-0.15217403,-0.16063803,-0.15759978,0.009826084
2022-12-18 09:00:00+00:00,-0.14380094,-0.15957798,-0.16943665,-0.16609268,-0.14602008,-0.17331254,-0.15426025,-0.15494785,-0.1527439,-0.16139802,-0.1581591,0.009664398
2022-12-18 10:00:00+00:00,-0.14371651,-0.15932561,-0.16909456,-0.16595466,-0.14605987,-0.17281717,-0.15392756,-0.15506387,-0.15258048,-0.16122887,-0.15797691,0.009540868
2022-12-18 11:00:00+00:00,-0.1462042,-0.16102804,-0.17214832,-0.16842133,-0.14882572,-0.17440623,-0.15628114,-0.15771307,-0.15467425,-0.16441146,-0.16041137,0.00947205
2022-12-18 12:00:00+00:00,-0.1481868,-0.16288675,-0.17391635,-0.16984908,-0.15138413,-0.17570418,-0.15802255,-0.15991387,-0.15626132,-0.16677031,-0.16228953,0.009253958
2022-12-18 13:00:00+00:00,-0.14947104,-0.16451396,-0.17537352,-0.17138799,-0.15301421,-0.17745987,-0.15994342,-0.16128309,-0.15768579,-0.16879132,-0.16389242,0.009331532
2022-12-18 14:00:00+00:00,-0.14938718,-0.16496356,-0.17499864,-0.17181452,-0.15288906,-0.17800143,-0.1603354,-0.16164348,-0.157828,-0.1688208,-0.16406819,0.009406041
2022-12-18 15:00:00+00:00,-0.14767286,-0.1646609,-0.17297365,-0.17160794,-0.15026325,-0.17820838,-0.15977514,-0.16030313,-0.15687247,-0.1672681,-0.16296057,0.009878092
2022-12-18 16:00:00+00:00,-0.1445927,-0.16305688,-0.16857204,-0.16821173,-0.1467437,-0.17613426,-0.15613295,-0.15729642,-0.15415192,-0.16321471,-0.15981074,0.009944988
2022-12-18 17:00:00+00:00,-0.14262441,-0.16233198,-0.16604593,-0.16617516,-0.14468482,-0.17483124,-0.1538966,-0.15504196,-0.15227221,-0.16063339,-0.15785377,0.010068908
2022-12-18 18:00:00+00:00,-0.14003414,-0.16103438,-0.16252756,-0.16297022,-0.14111789,-0.17160696,-0.15032052,-0.15130112,-0.14926216,-0.15655217,-0.15467271,0.010104584
2022-12-18 19:00:00+00:00,-0.13902257,-0.16011396,-0.16044027,-0.16157886,-0.13863912,-0.16834247,-0.14782281,-0.15072146,-0.14786056,-0.15387654,-0.15284185,0.009862864
2022-12-18 20:00:00+00:00,-0.13935485,-0.15993004,-0.15984438,-0.16194269,-0.13805477,-0.16653848,-0.14797877,-0.15240288,-0.14845271,-0.1525872,-0.15270868,0.009505857
2022-12-18 21:00:00+00:00,-0.14006466,-0.15981272,-0.15980595,-0.1630744,-0.13911128,-0.16497496,-0.14872311,-0.15459478,-0.14914453,-0.1519418,-0.15312482,0.009033953
2022-12-18 22:00:00+00:00,-0.14007747,-0.15847915,-0.15839617,-0.16294661,-0.13887408,-0.16240957,-0.1494227,-0.15503266,-0.14801575,-0.14984725,-0.15235014,0.008567615
2022-12-18 23:00:00+00:00,-0.13943948,-0.15320463,-0.15399577,-0.15796107,-0.1354462,-0.15462834,-0.1488022,-0.15306383,-0.14339714,-0.14361246,-0.14835511,0.0074724476
2022-12-19 00:00:00+00:00,-0.13992761,-0.14950936,-0.1513309,-0.1542261,-0.13327205,-0.15040848,-0.14881928,-0.15194651,-0.14163396,-0.14016016,-0.14612345,0.0068559386
2022-12-19 01:00:00+00:00,-0.14022754,-0.14600775,-0.14841977,-0.15053931,-0.1307287,-0.14569804,-0.1484874,-0.15046336,-0.14004323,-0.1369576,-0.14375728,0.006550182
2022-12-19 02:00:00+00:00,-0.14078209,-0.14500728,-0.14828834,-0.14907435,-0.13014072,-0.14433378,-0.1490847,-0.15065129,-0.14033474,-0.13592727,-0.14336246,0.006602455
2022-12-19 03:00:00+00:00,-0.1409859,-0.14675178,-0.14962514,-0.15056685,-0.13171992,-0.14592537,-0.14918344,-0.15122302,-0.14159714,-0.13709752,-0.1444676,0.006465305
2022-12-19 04:00:00+00:00,-0.14136887,-0.1495447,-0.15243095,-0.15319195,-0.13399833,-0.14882007,-0.14957707,-0.1526644,-0.14408372,-0.1392327,-0.14649129,0.00652645
2022-12-19 05:00:00+00:00,-0.14182037,-0.15213236,-0.15431821,-0.15583235,-0.13637216,-0.1515002,-0.15025854,-0.15422842,-0.14677583,-0.14137588,-0.14846143,0.006592337
2022-12-19 06:00:00+00:00,-0.14366409,-0.15441139,-0.15501422,-0.15943399,-0.14147596,-0.15521929,-0.15310358,-0.15769385,-0.1509772,-0.14477175,-0.15157655,0.006199545
2022-12-19 07:00:00+00:00,-0.14569744,-0.15757982,-0.15619077,-0.16352308,-0.14564031,-0.15920165,-0.15539993,-0.16065438,-0.15503031,-0.14822266,-0.15471403,0.006233948
2022-12-19 08:00:00+00:00,-0.14630407,-0.1602226,-0.1578959,-0.16599306,-0.14657576,-0.16154274,-0.15563545,-0.1615,-0.15728366,-0.15013058,-0.15630838,0.0066697095
2022-12-19 09:00:00+00:00,-0.14740422,-0.16067414,-0.15885311,-0.16848975,-0.14777073,-0.16387141,-0.15596011,-0.16269998,-0.15918316,-0.15176329,-0.15766698,0.0069500925
2022-12-19 10:00:00+00:00,-0.1489997,-0.16238093,-0.16018014,-0.17220223,-0.14930661,-0.16733265,-0.15724541,-0.16473125,-0.16153842,-0.15437794,-0.15982953,0.0075083263
2022-12-19 11:00:00+00:00,-0.15013766,-0.16342634,-0.16136232,-0.17541713,-0.1502061,-0.17066854,-0.15768272,-0.16627295,-0.16369696,-0.15679628,-0.1615667,0.008181232
2022-12-19 12:00:00+00:00,-0.1510525,-0.16349538,-0.16127445,-0.17502916,-0.15087831,-0.17035633,-0.15868357,-0.1669758,-0.16584437,-0.156187,-0.16197768,0.007959703
2022-12-19 13:00:00+00:00,-0.15206209,-0.16330633,-0.16129622,-0.17504022,-0.15224925,-0.17042133,-0.15964797,-0.1677411,-0.16819784,-0.15590417,-0.16258666,0.0078005
2022-12-19 14:00:00+00:00,-0.15412052,-0.16539559,-0.1613979,-0.1753872,-0.15531608,-0.17041299,-0.16300178,-0.17042151,-0.17201172,-0.1568853,-0.16443506,0.0075105405
2022-12-19 15:00:00+00:00,-0.15586239,-0.1660924,-0.16103315,-0.17472509,-0.15726654,-0.1697171,-0.16465758,-0.17159054,-0.17459302,-0.15630211,-0.16518399,0.007363219
2022-12-19 16:00:00+00:00,-0.15717447,-0.1661299,-0.16026007,-0.17322409,-0.15863442,-0.16844243,-0.16605644,-0.17195433,-0.1764079,-0.15498632,-0.16532703,0.0073319124
2022-12-19 17:00:00+00:00,-0.1576886,-0.16509172,-0.1587266,-0.17050639,-0.15887871,-0.1660985,-0.16626377,-0.17128566,-0.1778396,-0.15232547,-0.16447051,0.0076421336
2022-12-19 18:00:00+00:00,-0.15866484,-0.16516376,-0.15849388,-0.17004797,-0.1590063,-0.16577601,-0.16677444,-0.1714099,-0.1790976,-0.15169108,-0.16461259,0.007909934
2022-12-19 19:00:00+00:00,-0.15888914,-0.1639139,-0.15736124,-0.16777933,-0.15830317,-0.16369063,-0.16604823,-0.17008553,-0.17990734,-0.14901562,-0.16349941,0.008388698
2022-12-19 20:00:00+00:00,-0.15974194,-0.16330847,-0.1565668,-0.16644469,-0.15785074,-0.16258547,-0.16637951,-0.16938978,-0.18118848,-0.14747374,-0.16309294,0.008911282
2022-12-19 21:00:00+00:00,-0.16022193,-0.16228549,-0.15573388,-0.16491175,-0.15705362,-0.1607717,-0.16599019,-0.16831474,-0.18170512,-0.1458834,-0.16228719,0.009309316
2022-12-19 22:00:00+00:00,-0.16058525,-0.16159868,-0.15618214,-0.1642533,-0.15709433,-0.1593698,-0.16500817,-0.16745684,-0.18192396,-0.1450282,-0.16185008,0.00940259
2022-12-19 23:00:00+00:00,-0.16126695,-0.16149193,-0.15842023,-0.16681802,-0.15939888,-0.16156778,-0.16561757,-0.16899684,-0.18271354,-0.14681467,-0.16331065,0.009118271
2022-12-20 00:00:00+00:00,-0.16226166,-0.16253884,-0.1608727,-0.17018485,-0.16158728,-0.16511998,-0.16738655,-0.17077714,-0.18377721,-0.14977686,-0.16542831,0.00876038
2022-12-20 01:00:00+00:00,-0.16383842,-0.16514362,-0.16454776,-0.17594108,-0.16309129,-0.1716026,-0.17004685,-0.1740056,-0.18491203,-0.154739,-0.16878682,0.00838959
2022-12-20 02:00:00+00:00,-0.1646856,-0.16581686,-0.16746476,-0.1800884,-0.1634399,-0.1762403,-0.1705139,-0.17539959,-0.18546915,-0.15818849,-0.17073068,0.008424882
2022-12-20 03:00:00+00:00,-0.16635023,-0.16747378,-0.17043333,-0.18377584,-0.16471174,-0.18027893,-0.17201963,-0.17716178,-0.18736987,-0.16117182,-0.17307469,0.008716318
2022-12-20 04:00:00+00:00,-0.1698574,-0.17009932,-0.17404565,-0.19022119,-0.16650108,-0.18497375,-0.1759303,-0.17982578,-0.19036146,-0.16558307,-0.17673989,0.009269422
2022-12-20 05:00:00+00:00,-0.17303571,-0.1715808,-0.17679062,-0.19492817,-0.16813125,-0.18801403,-0.1787094,-0.18327194,-0.19300392,-0.1683917,-0.17958574,0.009843985
2022-12-20 06:00:00+00:00,-0.17470104,-0.1705245,-0.17847773,-0.19610983,-0.16812271,-0.18954664,-0.17831844,-0.18470928,-0.19354174,-0.16873032,-0.18027823,0.010255253
2022-12-20 07:00:00+00:00,-0.17743462,-0.17181389,-0.18063593,-0.20052445,-0.17058909,-0.19248283,-0.18105312,-0.18777546,-0.19651946,-0.17155465,-0.18303837,0.0108171925
2022-12-20 08:00:00+00:00,-0.17928244,-0.17212132,-0.18205723,-0.20287445,-0.17192519,-0.19418678,-0.18264958,-0.18957236,-0.19838417,-0.17298532,-0.18460388,0.011207165
2022-12-20 09:00:00+00:00,-0.1812968,-0.17271021,-0.18370447,-0.20559293,-0.17377211,-0.19580638,-0.18487605,-0.19149423,-0.20096296,-0.1748195,-0.18650356,0.011601653
2022-12-20 10:00:00+00:00,-0.18340752,-0.17362233,-0.1852226,-0.20844358,-0.1758821,-0.19647923,-0.18754975,-0.1936446,-0.20408058,-0.17668705,-0.18850192,0.011964374
2022-12-20 11:00:00+00:00,-0.1845188,-0.17381631,-0.18610582,-0.20925748,-0.17668565,-0.1970585,-0.18871735,-0.19435775,-0.2054765,-0.17691985,-0.1892914,0.01216229
2022-12-20 12:00:00+00:00,-0.18570437,-0.17417292,-0.18702292,-0.2102679,-0.17756245,-0.19774261,-0.18997453,-0.19520217,-0.20691112,-0.17734674,-0.19019076,0.012364962
2022-12-20 13:00:00+00:00,-0.18659471,-0.17378244,-0.18770458,-0.21015015,-0.17759335,-0.19827712,-0.1901565,-0.195324,-0.20743157,-0.17685229,-0.19038665,0.012525241
2022-12-20 14:00:00+00:00,-0.1867638,-0.17356014,-0.18717474,-0.2081404,-0.17737916,-0.19749415,-0.1909338,-0.19414493,-0.20781359,-0.17492653,-0.18983313,0.01245237
2022-12-20 15:00:00+00:00,-0.186497,-0.17314695,-0.18680069,-0.20713976,-0.17680892,-0.19708326,-0.19033237,-0.19350402,-0.2073195,-0.17421311,-0.18928456,0.012387007
2022-12-20 16:00:00+00:00,-0.18547878,-0.1721303,-0.1856477,-0.20475736,-0.17507102,-0.19521257,-0.18829973,-0.19181319,-0.20562574,-0.17253917,-0.18765756,0.012142157
2022-12-20 17:00:00+00:00,-0.18544525,-0.17183222,-0.18571603,-0.204752,-0.17477904,-0.19520378,-0.1877268,-0.19198741,-0.2049785,-0.17247847,-0.18748996,0.012124438
2022-12-20 18:00:00+00:00,-0.1856221,-0.17206272,-0.1863744,-0.20639667,-0.17505828,-0.19661123,-0.18737216,-0.19316119,-0.20497733,-0.17393802,-0.18815741,0.012270679
2022-12-20 19:00:00+00:00,-0.18556988,-0.17175147,-0.18668091,-0.20677465,-0.17489628,-0.19703358,-0.18677719,-0.1935821,-0.20443186,-0.17428102,-0.18817791,0.0123289
2022-12-20 20:00:00+00:00,-0.1860705,-0.17240594,-0.18696824,-0.20759574,-0.17574744,-0.19757748,-0.18804358,-0.19400623,-0.20553815,-0.1747591,-0.18887125,0.012406103
2022-12-20 21:00:00+00:00,-0.18606734,-0.1723326,-0.18706793,-0.20782018,-0.17558138,-0.19781718,-0.18776003,-0.19429934,-0.20536526,-0.17513625,-0.18892474,0.01243528
2022-12-20 22:00:00+00:00,-0.18580703,-0.17241552,-0.18690696,-0.20764476,-0.17558417,-0.19777977,-0.18761478,-0.19419087,-0.20530461,-0.17510293,-0.18883514,0.012391206
2022-12-20 23:00:00+00:00,-0.18569788,-0.17260721,-0.18650466,-0.20748949,-0.17564683,-0.197424,-0.18783909,-0.1937789,-0.2052683,-0.17488474,-0.1887141,0.01231193
2022-12-21 00:00:00+00:00,-0.18487081,-0.17217867,-0.18621306,-0.20691136,-0.17488039,-0.19714713,-0.18659666,-0.19360743,-0.20406136,-0.17476973,-0.18812367,0.012215655
2022-12-21 01:00:00+00:00,-0.18349338,-0.17230739,-0.18471876,-0.20469642,-0.17400716,-0.19527104,-0.18606976,-0.19141832,-0.20295914,-0.17323175,-0.1868173,0.011776023
2022-12-21 02:00:00+00:00,-0.18248037,-0.17192394,-0.18473238,-0.20531988,-0.17320395,-0.19635525,-0.18411407,-0.19225015,-0.20111965,-0.17412266,-0.18656223,0.011857924
2022-12-21 03:00:00+00:00,-0.18187514,-0.17194526,-0.18422195,-0.20518282,-0.17299344,-0.19621539,-0.18371537,-0.1919282,-0.20047078,-0.174321,-0.18628693,0.011759438
2022-12-21 04:00:00+00:00,-0.18157126,-0.17249382,-0.1840654,-0.20572561,-0.17340282,-0.19638842,-0.18419348,-0.19207343,-0.20081526,-0.17497507,-0.18657044,0.011735125
2022-12-21 05:00:00+00:00,-0.18342713,-0.17413208,-0.18622962,-0.21032342,-0.17622176,-0.19761837,-0.18647864,-0.19561365,-0.20336828,-0.17982006,-0.18932329,0.011980569
2022-12-21 06:00:00+00:00,-0.18400374,-0.17507589,-0.18736579,-0.21240154,-0.17764752,-0.19813171,-0.18764278,-0.19710231,-0.20445865,-0.18218759,-0.19060175,0.01205831
2022-12-21 07:00:00+00:00,-0.18376456,-0.17523082,-0.18703182,-0.21230271,-0.17754361,-0.19795728,-0.18738058,-0.19702803,-0.20409995,-0.18211114,-0.19044505,0.0120047545
2022-12-21 08:00:00+00:00,-0.18277243,-0.17431483,-0.18612424,-0.2106764,-0.17589536,-0.1980828,-0.18466873,-0.19632897,-0.20168723,-0.18161961,-0.18921706,0.011898835
2022-12-21 09:00:00+00:00,-0.18179624,-0.17348714,-0.1854246,-0.2092036,-0.17447095,-0.19801867,-0.18284437,-0.19567424,-0.19967,-0.18049581,-0.18810856,0.01186312
2022-12-21 10:00:00+00:00,-0.18039566,-0.17282732,-0.18447006,-0.2074486,-0.17301986,-0.19764799,-0.18097922,-0.19435045,-0.19779247,-0.17924741,-0.18681791,0.011758588
2022-12-21 11:00:00+00:00,-0.17881462,-0.17175691,-0.1835378,-0.20531896,-0.17101434,-0.19773045,-0.1779699,-0.19304556,-0.19486183,-0.17796421,-0.18520145,0.011770043
2022-12-21 12:00:00+00:00,-0.17790724,-0.17138727,-0.18292673,-0.2044,-0.17028609,-0.19713905,-0.17701846,-0.1922424,-0.19386849,-0.1774523,-0.1844628,0.011685781
2022-12-21 13:00:00+00:00,-0.17766404,-0.17093934,-0.18307567,-0.20446035,-0.16964692,-0.19767624,-0.17590578,-0.19279587,-0.19228393,-0.17802957,-0.18424778,0.011878065
2022-12-21 14:00:00+00:00,-0.17723782,-0.1709568,-0.1826598,-0.20394352,-0.16935274,-0.19722095,-0.1757486,-0.19213147,-0.19218473,-0.17737341,-0.18388098,0.011783672
2022-12-21 15:00:00+00:00,-0.17598368,-0.17046729,-0.18190728,-0.20248556,-0.16821405,-0.19639698,-0.17454648,-0.19089733,-0.19063352,-0.17626789,-0.18278,0.01165342
2022-12-21 16:00:00+00:00,-0.17476903,-0.16973014,-0.18109691,-0.2009368,-0.16687639,-0.19566888,-0.17306614,-0.18987924,-0.18909761,-0.17525446,-0.18163756,0.011615492
2022-12-21 17:00:00+00:00,-0.16972871,-0.16536653,-0.17722954,-0.19241929,-0.16106662,-0.18937084,-0.16775118,-0.18286784,-0.18418138,-0.1674929,-0.17574748,0.010950232
2022-12-21 18:00:00+00:00,-0.16588682,-0.16070493,-0.17414233,-0.18610913,-0.15697315,-0.18412074,-0.16367854,-0.1776995,-0.17988935,-0.16237375,-0.17115782,0.010492696
2022-12-21 19:00:00+00:00,-0.16400951,-0.15918091,-0.17253143,-0.18293312,-0.15596612,-0.1814157,-0.16195019,-0.17521735,-0.17829224,-0.16017115,-0.16916677,0.010024003
2022-12-21 20:00:00+00:00,-0.16205926,-0.1579018,-0.17116617,-0.18142307,-0.15456045,-0.17981067,-0.16037454,-0.1734997,-0.17628525,-0.15883061,-0.16759115,0.009927677
2022-12-21 21:00:00+00:00,-0.16039273,-0.1577673,-0.16996041,-0.18070015,-0.15381761,-0.17885843,-0.15955259,-0.17239477,-0.17515239,-0.15813848,-0.1666735,0.009821994
2022-12-21 22:00:00+00:00,-0.15862402,-0.15688749,-0.1688849,-0.17959979,-0.15240443,-0.17792305,-0.15809119,-0.1711,-0.173266,-0.15716872,-0.16539496,0.009851134
2022-12-21 23:00:00+00:00,-0.15717688,-0.1573211,-0.16774677,-0.17948362,-0.15194646,-0.17748412,-0.1576929,-0.17045476,-0.17245404,-0.15709509,-0.16488557,0.009802509
2022-12-22 00:00:00+00:00,-0.15447247,-0.15585409,-0.16591805,-0.17735943,-0.150132,-0.17553443,-0.15556975,-0.16826837,-0.16996822,-0.15526754,-0.16283444,0.009730968
2022-12-22 01:00:00+00:00,-0.15222879,-0.1547536,-0.16454479,-0.17570722,-0.14833814,-0.17367855,-0.15368144,-0.16612144,-0.16770424,-0.15341043,-0.16101687,0.0097080935
2022-12-22 02:00:00+00:00,-0.14961083,-0.15240383,-0.16325122,-0.17202985,-0.14478293,-0.16983551,-0.150186,-0.16209261,-0.16406012,-0.14991063,-0.15781634,0.009548189
2022-12-22 03:00:00+00:00,-0.14817989,-0.15211321,-0.16297999,-0.17070612,-0.14259502,-0.16837272,-0.1484167,-0.16069907,-0.16168445,-0.1488518,-0.15645991,0.009631613
2022-12-22 04:00:00+00:00,-0.14761555,-0.15031981,-0.16160572,-0.16830608,-0.14098433,-0.16509381,-0.1470475,-0.15760714,-0.16014215,-0.14622918,-0.15449513,0.009227405
2022-12-22 05:00:00+00:00,-0.14721881,-0.15138137,-0.1615478,-0.16902196,-0.14133002,-0.16615799,-0.14734669,-0.15816128,-0.15956254,-0.14698866,-0.15487172,0.009296954
2022-12-22 06:00:00+00:00,-0.14727804,-0.15253893,-0.16187868,-0.17002568,-0.1421577,-0.1675503,-0.14781548,-0.15878186,-0.15971681,-0.14836602,-0.15561095,0.009366918
2022-12-22 07:00:00+00:00,-0.14629611,-0.1517245,-0.16013858,-0.16832724,-0.1401901,-0.16567546,-0.14641513,-0.15720485,-0.15767765,-0.14687663,-0.15405264,0.009228884
2022-12-22 08:00:00+00:00,-0.1459408,-0.15185547,-0.15961885,-0.16807073,-0.14024624,-0.16512293,-0.14645691,-0.15605962,-0.15725274,-0.14672443,-0.15373488,0.009042761
2022-12-22 09:00:00+00:00,-0.14595675,-0.15203917,-0.15962043,-0.16789606,-0.14050455,-0.16446143,-0.14677207,-0.15549928,-0.1570327,-0.14666355,-0.15364459,0.008825755
2022-12-22 10:00:00+00:00,-0.1464121,-0.15294291,-0.16033985,-0.16869566,-0.14201568,-0.16437957,-0.1479014,-0.1558671,-0.15794629,-0.1478715,-0.15443721,0.008551206
2022-12-22 11:00:00+00:00,-0.1465276,-0.15276264,-0.15964384,-0.16784683,-0.14252114,-0.1625874,-0.1487382,-0.15665141,-0.15809143,-0.14741266,-0.15427831,0.00803145
2022-12-22 12:00:00+00:00,-0.14655143,-0.15308176,-0.15895021,-0.16708237,-0.14248127,-0.16142184,-0.14902198,-0.1570178,-0.15799415,-0.14702198,-0.15406248,0.0077333115
2022-12-22 13:00:00+00:00,-0.14595577,-0.15212654,-0.1583546,-0.16500321,-0.14085221,-0.15909287,-0.14825995,-0.15603654,-0.15711305,-0.14551951,-0.15283142,0.0075432383
2022-12-22 14:00:00+00:00,-0.14592682,-0.15254343,-0.1579237,-0.16446748,-0.14093265,-0.15841204,-0.14873974,-0.15629095,-0.15705526,-0.14536941,-0.15276615,0.0073333317
2022-12-22 15:00:00+00:00,-0.14660838,-0.15480626,-0.1564185,-0.16330796,-0.14266253,-0.15732393,-0.15154062,-0.15851443,-0.15793873,-0.14597924,-0.15351006,0.006593217
2022-12-22 16:00:00+00:00,-0.14632794,-0.15515378,-0.15721929,-0.16387054,-0.14268607,-0.15806684,-0.15141648,-0.15851727,-0.15723878,-0.14667024,-0.15371671,0.006691789
2022-12-22 17:00:00+00:00,-0.14532502,-0.15368049,-0.15718055,-0.16241544,-0.140343,-0.15651625,-0.14984356,-0.15673783,-0.15494744,-0.14499265,-0.15219823,0.006859511
2022-12-22 18:00:00+00:00,-0.14426303,-0.15244335,-0.1569757,-0.16057867,-0.13841888,-0.15492883,-0.14892544,-0.15536276,-0.15263748,-0.14365162,-0.15081856,0.00689878
2022-12-22 19:00:00+00:00,-0.14378148,-0.1526808,-0.15756865,-0.16067627,-0.13823378,-0.15521446,-0.14877264,-0.15519062,-0.15220214,-0.14399776,-0.15083185,0.0070329676
2022-12-22 20:00:00+00:00,-0.14326043,-0.1519202,-0.1569692,-0.15957198,-0.1370371,-0.154237,-0.14825483,-0.15434821,-0.1511586,-0.14314991,-0.14999075,0.0070356885
2022-12-22 21:00:00+00:00,-0.14266777,-0.1510605,-0.1558763,-0.15879866,-0.13571623,-0.15364036,-0.14742059,-0.15328863,-0.14997108,-0.14230284,-0.14907429,0.0070887883
2022-12-22 22:00:00+00:00,-0.14234251,-0.15073214,-0.15539995,-0.15876275,-0.13537966,-0.15365514,-0.1470386,-0.15286247,-0.1497233,-0.14219089,-0.14880875,0.0071185557
2022-12-22 23:00:00+00:00,-0.14088297,-0.14924619,-0.15177202,-0.1568565,-0.13203415,-0.15227401,-0.14436547,-0.1498478,-0.14747941,-0.1399572,-0.14647156,0.007274517
2022-12-23 00:00:00+00:00,-0.14048855,-0.15018936,-0.15240678,-0.1587157,-0.13251418,-0.15457132,-0.14405641,-0.14968495,-0.14816982,-0.14122182,-0.14720187,0.007720446
2022-12-23 01:00:00+00:00,-0.14030369,-0.15125972,-0.15328692,-0.16042793,-0.13327867,-0.15710285,-0.14383282,-0.14972481,-0.14876895,-0.14267622,-0.14806625,0.008172269
2022-12-23 02:00:00+00:00,-0.14088278,-0.15314896,-0.15503938,-0.16296497,-0.13504334,-0.16087785,-0.14406092,-0.15040854,-0.14928018,-0.14519492,-0.14969018,0.0087346155
2022-12-23 03:00:00+00:00,-0.1391199,-0.15239638,-0.1527951,-0.16198966,-0.13332239,-0.1597532,-0.14215957,-0.14909089,-0.14755598,-0.14430675,-0.14824899,0.00893791
2022-12-23 04:00:00+00:00,-0.13891123,-0.15251571,-0.15262501,-0.16243526,-0.13328081,-0.16039488,-0.14199278,-0.14965321,-0.14742342,-0.14450759,-0.14837399,0.009146965
2022-12-23 05:00:00+00:00,-0.14026691,-0.15374722,-0.15461907,-0.16446143,-0.13512857,-0.16274506,-0.14352043,-0.1517329,-0.1486964,-0.14637943,-0.15012975,0.009324203
2022-12-23 06:00:00+00:00,-0.14167577,-0.1554157,-0.15717177,-0.16691324,-0.13763526,-0.16587153,-0.14554033,-0.15443592,-0.150513,-0.1489481,-0.15241204,0.0095665045
2022-12-23 07:00:00+00:00,-0.14266038,-0.15625063,-0.1590603,-0.1683816,-0.13917248,-0.16766906,-0.14662139,-0.156176,-0.1516914,-0.1503944,-0.15380777,0.009717837
2022-12-23 08:00:00+00:00,-0.14448673,-0.1579639,-0.16143414,-0.17109844,-0.14162408,-0.17104173,-0.14892338,-0.1591915,-0.1540805,-0.1530354,-0.15628798,0.0099929655
2022-12-23 09:00:00+00:00,-0.1452945,-0.15825161,-0.1623305,-0.17218229,-0.14273083,-0.1720956,-0.14972943,-0.16020016,-0.15522467,-0.15377477,-0.15718143,0.010029482
2022-12-23 10:00:00+00:00,-0.1457542,-0.1584224,-0.16278435,-0.17268166,-0.14318608,-0.17281196,-0.15003799,-0.16109924,-0.15622753,-0.15427914,-0.15772845,0.010092205
2022-12-23 11:00:00+00:00,-0.14727491,-0.15967901,-0.16469674,-0.17489365,-0.14524683,-0.1749061,-0.15180968,-0.1631776,-0.15882546,-0.15650314,-0.15970132,0.0101961475
2022-12-23 12:00:00+00:00,-0.14783227,-0.1593016,-0.16440955,-0.1752995,-0.14583513,-0.17489773,-0.151988,-0.16382399,-0.16013584,-0.15630311,-0.15998265,0.010094792
2022-12-23 13:00:00+00:00,-0.14888385,-0.15906838,-0.16405722,-0.17624155,-0.1469394,-0.17505315,-0.15293111,-0.16470936,-0.16229224,-0.15667275,-0.1606849,0.009919922
2022-12-23 14:00:00+00:00,-0.14955613,-0.15875077,-0.16418248,-0.17663017,-0.14756335,-0.17515048,-0.15341134,-0.165189,-0.16379967,-0.15652856,-0.1610762,0.009855289
2022-12-23 15:00:00+00:00,-0.15036131,-0.15900834,-0.16456491,-0.17755625,-0.14810829,-0.17591205,-0.15426289,-0.16633677,-0.16510424,-0.1573202,-0.16185352,0.009941509
2022-12-23 16:00:00+00:00,-0.15150937,-0.16027771,-0.16520275,-0.17916122,-0.1491932,-0.17748997,-0.15572289,-0.16818766,-0.16725796,-0.15892705,-0.16329297,0.010109393
2022-12-23 17:00:00+00:00,-0.1521845,-0.16037597,-0.16520214,-0.17960921,-0.14959121,-0.1773392,-0.1563208,-0.16854306,-0.16843884,-0.1588831,-0.1636488,0.010042365
2022-12-23 18:00:00+00:00,-0.15220737,-0.15945804,-0.1651151,-0.17893404,-0.14947912,-0.17659035,-0.15599293,-0.1680362,-0.16856003,-0.1578493,-0.16322224,0.009923695
2022-12-23 19:00:00+00:00,-0.15300529,-0.1594253,-0.1651143,-0.17908445,-0.1503845,-0.17621383,-0.1567249,-0.1684004,-0.16974512,-0.15761545,-0.16357134,0.009714683
2022-12-23 20:00:00+00:00,-0.15366612,-0.15906015,-0.16545312,-0.17946348,-0.1508043,-0.17681184,-0.15711768,-0.16907637,-0.17049551,-0.1575459,-0.16394944,0.009818628
2022-12-23 21:00:00+00:00,-0.15594491,-0.15988661,-0.16677247,-0.18100196,-0.1516571,-0.1793184,-0.15831125,-0.17159718,-0.1721257,-0.15938775,-0.16560033,0.0100957975
2022-12-23 22:00:00+00:00,-0.1573979,-0.15932381,-0.16837864,-0.18122905,-0.15190484,-0.18008807,-0.15865842,-0.17256927,-0.17280787,-0.15961829,-0.1661976,0.010203672
2022-12-23 23:00:00+00:00,-0.15878412,-0.1597941,-0.16891657,-0.18189391,-0.15330306,-0.18009686,-0.15981984,-0.17299941,-0.17453855,-0.1596564,-0.16698028,0.010013122
2022-12-24 00:00:00+00:00,-0.16040073,-0.1610934,-0.17020267,-0.1833953,-0.15412761,-0.18201074,-0.16107264,-0.17481105,-0.17591366,-0.16139904,-0.16844268,0.010190838
2022-12-24 01:00:00+00:00,-0.16191176,-0.16296351,-0.17126107,-0.1853944,-0.15544386,-0.18414935,-0.16285603,-0.17674062,-0.17775217,-0.16345039,-0.1701923,0.01035316
2022-12-24 02:00:00+00:00,-0.16377851,-0.1652528,-0.17241013,-0.18803146,-0.15760767,-0.18593654,-0.16516502,-0.17874932,-0.18020895,-0.1657165,-0.1722857,0.010381517
2022-12-24 03:00:00+00:00,-0.16567221,-0.16694167,-0.17362523,-0.18999425,-0.15983099,-0.18682024,-0.16731003,-0.17997113,-0.18276435,-0.1670118,-0.17399418,0.010254031
2022-12-24 04:00:00+00:00,-0.1672481,-0.16756628,-0.17465949,-0.19161537,-0.16102189,-0.18782884,-0.16838057,-0.18121977,-0.18423101,-0.16778356,-0.17515549,0.010387249
2022-12-24 05:00:00+00:00,-0.16975537,-0.16988736,-0.17608467,-0.19421908,-0.16404173,-0.18907756,-0.17140278,-0.18305635,-0.18745929,-0.16938728,-0.17743716,0.010261257
2022-12-24 06:00:00+00:00,-0.17270267,-0.17184153,-0.17781588,-0.19763955,-0.16785614,-0.1904346,-0.17680016,-0.18543386,-0.19175246,-0.17173377,-0.18040106,0.010201843
2022-12-24 07:00:00+00:00,-0.17707348,-0.1741388,-0.18152301,-0.20501706,-0.17282858,-0.19325465,-0.18225628,-0.19061217,-0.19743314,-0.17752543,-0.18516625,0.010847684
2022-12-24 08:00:00+00:00,-0.17944127,-0.17481834,-0.18337804,-0.20814934,-0.17468761,-0.19494373,-0.18401077,-0.19317341,-0.20018417,-0.17979065,-0.18725774,0.0113177225
2022-12-24 09:00:00+00:00,-0.18042746,-0.17456552,-0.183989,-0.20849398,-0.17494233,-0.19558308,-0.18451983,-0.19386484,-0.20092675,-0.17973667,-0.18770495,0.011464661
2022-12-24 10:00:00+00:00,-0.18119165,-0.1747274,-0.18418996,-0.20869681,-0.17559114,-0.19547343,-0.18611318,-0.19375357,-0.2022651,-0.17908698,-0.18810892,0.0115214875
2022-12-24 11:00:00+00:00,-0.18648306,-0.17721555,-0.19009054,-0.21663985,-0.18104011,-0.19906652,-0.19121552,-0.2004467,-0.2081734,-0.18593091,-0.19363022,0.01235421
2022-12-24 12:00:00+00:00,-0.19067442,-0.17945758,-0.19416197,-0.22139034,-0.18513161,-0.20078093,-0.19634889,-0.20431325,-0.21333393,-0.18898675,-0.19745798,0.01286108
2022-12-24 13:00:00+00:00,-0.1939938,-0.18131633,-0.19706246,-0.22430429,-0.18730038,-0.20285705,-0.1992321,-0.2072022,-0.21658516,-0.19037366,-0.20002274,0.013225038
2022-12-24 14:00:00+00:00,-0.19656725,-0.18251975,-0.19905958,-0.22611022,-0.1889547,-0.20455667,-0.20144269,-0.20888273,-0.2190771,-0.1908367,-0.20180075,0.013495646
2022-12-24 15:00:00+00:00,-0.19757368,-0.18233286,-0.19975471,-0.22630218,-0.18946603,-0.20549297,-0.20136613,-0.20934127,-0.21939388,-0.19070786,-0.20217314,0.013562132
2022-12-24 16:00:00+00:00,-0.19777529,-0.1819376,-0.19945458,-0.22565678,-0.18894103,-0.20563453,-0.20150141,-0.20914951,-0.21951538,-0.18933299,-0.2018899,0.013697936
2022-12-24 17:00:00+00:00,-0.19779998,-0.18067783,-0.19933495,-0.22460216,-0.18816176,-0.20617482,-0.19971028,-0.20891625,-0.2182245,-0.18864933,-0.2012252,0.013693916
2022-12-24 18:00:00+00:00,-0.19654644,-0.17870954,-0.19783643,-0.2217865,-0.18576217,-0.20564064,-0.19746758,-0.20717022,-0.21582575,-0.18595746,-0.19927028,0.013659444
2022-12-24 19:00:00+00:00,-0.19397143,-0.17562763,-0.19476432,-0.21685001,-0.18149315,-0.20350227,-0.1945715,-0.20249765,-0.21329066,-0.18098363,-0.19575523,0.013704217
2022-12-24 20:00:00+00:00,-0.19340919,-0.17539088,-0.193441,-0.21451521,-0.18123081,-0.20232886,-0.19569135,-0.20017993,-0.21480292,-0.1787358,-0.19497259,0.013734008
2022-12-24 21:00:00+00:00,-0.19368207,-0.17614065,-0.19335109,-0.21448144,-0.1819292,-0.20207942,-0.19719918,-0.19983388,-0.21637133,-0.17847665,-0.19535449,0.01381353
2022-12-24 22:00:00+00:00,-0.19465294,-0.17744921,-0.19464032,-0.21732682,-0.18344,-0.20281497,-0.19859134,-0.20201728,-0.21744847,-0.18068327,-0.19690646,0.013889127
2022-12-24 23:00:00+00:00,-0.1907213,-0.17344849,-0.19026032,-0.20948297,-0.17857997,-0.19874287,-0.19299097,-0.19600752,-0.21179536,-0.17532907,-0.1917359,0.013191574
2022-12-25 00:00:00+00:00,-0.1882304,-0.17165533,-0.18713784,-0.20473507,-0.17594242,-0.1950447,-0.19002242,-0.19262263,-0.20887691,-0.17220375,-0.18864715,0.012691459
2022-12-25 01:00:00+00:00,-0.18640554,-0.17128655,-0.18528508,-0.20224026,-0.17473356,-0.19332838,-0.18898214,-0.19072905,-0.20744875,-0.17077452,-0.18712136,0.012347248
2022-12-25 02:00:00+00:00,-0.18499233,-0.17100431,-0.18415737,-0.20052463,-0.17367671,-0.19204947,-0.18773538,-0.18931149,-0.20616697,-0.16991143,-0.18595299,0.012056395
2022-12-25 03:00:00+00:00,-0.18466265,-0.17139289,-0.18446246,-0.20183972,-0.17387262,-0.19299158,-0.18743108,-0.19003744,-0.20516208,-0.17093045,-0.1862783,0.011908092
2022-12-25 04:00:00+00:00,-0.18461809,-0.17173246,-0.18457523,-0.20231545,-0.17388487,-0.19340616,-0.18704043,-0.19051021,-0.20462531,-0.17133485,-0.18640432,0.011818455
2022-12-25 05:00:00+00:00,-0.18470731,-0.17246172,-0.18476635,-0.20319691,-0.17440718,-0.19408187,-0.18767583,-0.19106224,-0.20487857,-0.17197871,-0.18692167,0.011807995
2022-12-25 06:00:00+00:00,-0.18519306,-0.17321599,-0.1853461,-0.20527309,-0.17534378,-0.19572955,-0.18847042,-0.19238107,-0.2054262,-0.17355856,-0.1879938,0.011941603
2022-12-25 07:00:00+00:00,-0.18426542,-0.1735183,-0.18444163,-0.20431915,-0.17514527,-0.1946637,-0.1884112,-0.19152868,-0.20493306,-0.1731337,-0.18743601,0.011687922
2022-12-25 08:00:00+00:00,-0.1819968,-0.17249355,-0.18319987,-0.20206419,-0.17294554,-0.19329706,-0.18514816,-0.18984672,-0.20177422,-0.17178155,-0.18545477,0.011311524
2022-12-25 09:00:00+00:00,-0.18016733,-0.17179969,-0.1821261,-0.20042446,-0.1713871,-0.19209296,-0.18307284,-0.18857221,-0.19951108,-0.17105708,-0.18402109,0.011011437
2022-12-25 10:00:00+00:00,-0.17675456,-0.16807051,-0.17904782,-0.19339842,-0.16765618,-0.18711561,-0.17814349,-0.18381362,-0.19523981,-0.1665523,-0.17957923,0.010357948
2022-12-25 11:00:00+00:00,-0.17456481,-0.16646463,-0.17709038,-0.18941313,-0.16667578,-0.1842561,-0.17555548,-0.1808441,-0.19324236,-0.16408843,-0.17721951,0.009872315
2022-12-25 12:00:00+00:00,-0.1720864,-0.16342911,-0.17528735,-0.18548629,-0.16473748,-0.18095419,-0.1713839,-0.17770107,-0.19010997,-0.1609807,-0.17421564,0.009616322
2022-12-25 13:00:00+00:00,-0.17143314,-0.16281782,-0.17430772,-0.18325618,-0.16463211,-0.17922556,-0.17063305,-0.17619619,-0.1898227,-0.15964109,-0.17319655,0.009420463
2022-12-25 14:00:00+00:00,-0.17044617,-0.16177405,-0.17450398,-0.18365571,-0.16298454,-0.17951217,-0.16862278,-0.1761766,-0.18767422,-0.15983286,-0.17251831,0.009467516
2022-12-25 15:00:00+00:00,-0.17024457,-0.16287076,-0.17391436,-0.18370008,-0.16353334,-0.17971838,-0.16920306,-0.1762191,-0.1879551,-0.1601567,-0.17275156,0.009267885
2022-12-25 16:00:00+00:00,-0.1689573,-0.16354261,-0.17312592,-0.18369833,-0.16325712,-0.17983305,-0.16883193,-0.17594248,-0.18722811,-0.1604405,-0.17248574,0.0091008935
2022-12-25 17:00:00+00:00,-0.16655856,-0.16195026,-0.17120598,-0.18161124,-0.16174442,-0.17740944,-0.16635998,-0.17355072,-0.18508534,-0.1585888,-0.17040648,0.008931591
2022-12-25 18:00:00+00:00,-0.16272666,-0.15818223,-0.16851695,-0.17785567,-0.15850559,-0.17311993,-0.162225,-0.16931847,-0.18094602,-0.1548529,-0.16662493,0.008784979
2022-12-25 19:00:00+00:00,-0.15962325,-0.15595113,-0.16693981,-0.17614928,-0.15545374,-0.17198911,-0.15918593,-0.1676354,-0.17707181,-0.15367298,-0.16436724,0.008753504
2022-12-25 20:00:00+00:00,-0.1571841,-0.1547207,-0.1651942,-0.17418596,-0.15401375,-0.16947237,-0.15768118,-0.16581076,-0.17510018,-0.15206516,-0.16254285,0.008531258
2022-12-25 21:00:00+00:00,-0.15533432,-0.15376264,-0.16261423,-0.17210773,-0.15291332,-0.16616058,-0.15649019,-0.16372214,-0.1732216,-0.1499012,-0.16062279,0.008174277
2022-12-25 22:00:00+00:00,-0.15580717,-0.1553556,-0.16221341,-0.17285255,-0.15363264,-0.16685313,-0.15775856,-0.16441843,-0.17376511,-0.15086737,-0.1613524,0.007999208
2022-12-25 23:00:00+00:00,-0.15796323,-0.1613681,-0.1642135,-0.17886296,-0.15609786,-0.17393816,-0.16158302,-0.16922244,-0.17640916,-0.15659553,-0.16562541,0.008439611
2022-12-26 00:00:00+00:00,-0.16010816,-0.16650411,-0.16591823,-0.18321869,-0.15846917,-0.17922038,-0.16494858,-0.17355756,-0.17884581,-0.16188626,-0.16926768,0.008796029
2022-12-26 01:00:00+00:00,-0.15922484,-0.16698875,-0.16591118,-0.18347797,-0.15777339,-0.17933437,-0.1645527,-0.17361411,-0.17779168,-0.16253531,-0.16912045,0.008891923
2022-12-26 02:00:00+00:00,-0.1580016,-0.16682057,-0.16468441,-0.18098524,-0.15730399,-0.1762264,-0.16448401,-0.17314261,-0.17631127,-0.16102055,-0.16789806,0.008296866
2022-12-26 03:00:00+00:00,-0.15514559,-0.16390811,-0.16312313,-0.17814031,-0.15465525,-0.17330045,-0.16154598,-0.16993447,-0.17284256,-0.15783525,-0.16504312,0.008161588
2022-12-26 04:00:00+00:00,-0.15378644,-0.16304615,-0.16291802,-0.17749158,-0.15335955,-0.17266318,-0.16011092,-0.16863896,-0.17121705,-0.15730987,-0.16405419,0.008233733
2022-12-26 05:00:00+00:00,-0.15335931,-0.16293201,-0.16357723,-0.17868924,-0.15221892,-0.17387575,-0.15896913,-0.16802414,-0.17025417,-0.15810275,-0.16400027,0.008705281
2022-12-26 06:00:00+00:00,-0.15311235,-0.16313978,-0.16361012,-0.17891839,-0.15193449,-0.17424288,-0.15876864,-0.16808695,-0.16987854,-0.15846743,-0.16401595,0.008829991
2022-12-26 07:00:00+00:00,-0.15353909,-0.16396114,-0.16402279,-0.17992613,-0.1521565,-0.17547077,-0.15908132,-0.1686616,-0.17023616,-0.15946653,-0.1646522,0.009043311
2022-12-26 08:00:00+00:00,-0.15242079,-0.16255713,-0.16430587,-0.17945865,-0.1502387,-0.1758022,-0.15716651,-0.16676268,-0.16841465,-0.15913421,-0.16362612,0.009428004
2022-12-26 09:00:00+00:00,-0.15122367,-0.16096039,-0.16424578,-0.17840853,-0.1490171,-0.17557096,-0.15516406,-0.16606592,-0.16636287,-0.15818727,-0.16252066,0.009651382
2022-12-26 10:00:00+00:00,-0.14959347,-0.15924026,-0.16382112,-0.17664862,-0.1476588,-0.1746003,-0.15338965,-0.16459692,-0.1636568,-0.15678726,-0.16099933,0.009687681
2022-12-26 11:00:00+00:00,-0.14615564,-0.15429235,-0.16102575,-0.17004094,-0.1418578,-0.16810226,-0.14741045,-0.1581335,-0.15738848,-0.14964433,-0.15540515,0.009344138
2022-12-26 12:00:00+00:00,-0.14172363,-0.15037368,-0.15527315,-0.16388765,-0.13477813,-0.16069257,-0.14198177,-0.1523507,-0.15063016,-0.14357054,-0.1495262,0.009096125
2022-12-26 13:00:00+00:00,-0.13916503,-0.1491688,-0.15177989,-0.16145334,-0.13179131,-0.15788522,-0.13979818,-0.14974438,-0.14719704,-0.14168814,-0.14696713,0.009038626
2022-12-26 14:00:00+00:00,-0.13715877,-0.1488728,-0.14922576,-0.16009459,-0.1300575,-0.15676308,-0.13883583,-0.14842746,-0.14460275,-0.14088593,-0.14549246,0.0091179805
2022-12-26 15:00:00+00:00,-0.13684228,-0.1502566,-0.14993657,-0.1600968,-0.13024071,-0.15740183,-0.13954763,-0.14820224,-0.14467725,-0.14178485,-0.14589866,0.009192105
2022-12-26 16:00:00+00:00,-0.13451074,-0.14778295,-0.14715318,-0.1555981,-0.1258499,-0.15244755,-0.13676895,-0.14382094,-0.14196295,-0.13786985,-0.14237651,0.008927447
2022-12-26 17:00:00+00:00,-0.13138486,-0.14424069,-0.14323136,-0.1499838,-0.12004657,-0.14576569,-0.13442066,-0.13855067,-0.1381653,-0.13227701,-0.13780665,0.008704005
2022-12-26 18:00:00+00:00,-0.13010976,-0.14479229,-0.14359018,-0.1501126,-0.119732365,-0.1470204,-0.13374476,-0.1385748,-0.13722236,-0.13340814,-0.13783078,0.009075432
2022-12-26 19:00:00+00:00,-0.12776147,-0.14334904,-0.142207,-0.14798877,-0.11747677,-0.14561704,-0.13152073,-0.1366249,-0.13449134,-0.13055553,-0.13575926,0.009378046
2022-12-26 20:00:00+00:00,-0.12697218,-0.14307761,-0.14201073,-0.14750162,-0.117003486,-0.14567581,-0.1304101,-0.1362932,-0.13351516,-0.12997314,-0.13524331,0.009560355
2022-12-26 21:00:00+00:00,-0.12530935,-0.14190163,-0.14133947,-0.14621446,-0.11567238,-0.1453413,-0.1275539,-0.13512105,-0.13131104,-0.12817127,-0.13379356,0.009939475
2022-12-26 22:00:00+00:00,-0.12279495,-0.13837695,-0.13988441,-0.14284608,-0.11303064,-0.14455,-0.12250495,-0.13253415,-0.12726715,-0.12478004,-0.13085693,0.01040535
2022-12-26 23:00:00+00:00,-0.11711499,-0.13153581,-0.13686916,-0.13570517,-0.10980808,-0.14025882,-0.11676356,-0.12824343,-0.12225362,-0.119782604,-0.12583354,0.010166223
2022-12-27 00:00:00+00:00,-0.109202065,-0.12271447,-0.13157623,-0.12662521,-0.10455217,-0.1338066,-0.107809275,-0.12119332,-0.11438493,-0.11204598,-0.118391015,0.010274396
2022-12-27 01:00:00+00:00,-0.09598838,-0.10624437,-0.116845995,-0.11036587,-0.09334114,-0.12011858,-0.09205684,-0.106051184,-0.100572646,-0.09526559,-0.10368506,0.009899934
2022-12-27 02:00:00+00:00,-0.08361162,-0.08707316,-0.10037617,-0.09066719,-0.080468304,-0.10211683,-0.07813273,-0.085521966,-0.0825387,-0.07534059,-0.08658473,0.0088817645
2022-12-27 03:00:00+00:00,-0.064758144,-0.06484909,-0.081366226,-0.06718686,-0.0630578,-0.07495799,-0.062005714,-0.0636846,-0.06122322,-0.050727643,-0.06538173,0.00818436
2022-12-27 04:00:00+00:00,-0.040274054,-0.037201934,-0.055520207,-0.035805553,-0.033226684,-0.04378619,-0.03723374,-0.031601578,-0.036116578,-0.01928655,-0.037005305,0.0091846455
2022-12-27 05:00:00+00:00,-0.014819041,-0.009884469,-0.025037892,-0.0015499592,0.0039561763,-0.00868956,-0.0078790635,-0.0011923239,-0.011793464,0.012855321,-0.0064034276,0.010517565
2022-12-27 06:00:00+00:00,0.051785633,0.0540556,0.04177238,0.06926897,0.06969909,0.050833486,0.07322267,0.062649086,0.04820156,0.08568032,0.06071688,0.01364009
2022-12-27 07:00:00+00:00,0.12190449,0.13522857,0.11133814,0.15564103,0.12910381,0.12322224,0.13652141,0.123714685,0.13044341,0.15881857,0.13259363,0.014872852
2022-12-27 08:00:00+00:00,0.13154443,0.17313421,0.15588886,0.19865559,0.16264035,0.15341759,0.16648765,0.15326537,0.16644207,0.18997377,0.165145,0.019166945
2022-12-27 09:00:00+00:00,0.12729196,0.17971838,0.16323268,0.20521198,0.16746117,0.1569922,0.17047103,0.15621825,0.17145976,0.19399485,0.16920523,0.021451438
2022-12-27 10:00:00+00:00,0.16058053,0.22447416,0.19906825,0.24025528,0.20496236,0.19155675,0.20573585,0.1894622,0.20930633,0.23132932,0.20567313,0.02299852
2022-12-27 11:00:00+00:00,0.17931433,0.28779322,0.24266297,0.27818608,0.2529111,0.22719395,0.2294095,0.22325395,0.24498752,0.2625376,0.24282503,0.030927336
2022-12-27 12:00:00+00:00,0.1996481,0.33972177,0.28454483,0.30480707,0.30315638,0.25596055,0.24950002,0.2519241,0.26625332,0.28087422,0.27363902,0.038408473
2022-12-27 13:00:00+00:00,0.15613528,0.2925878,0.24572265,0.25902855,0.27241075,0.22424969,0.21483119,0.21427615,0.23639813,0.24574351,0.23613839,0.03754132
2022-12-27 14:00:00+00:00,0.119920805,0.23332262,0.19605705,0.22486432,0.2277299,0.19041938,0.18255158,0.18605529,0.20664734,0.20819953,0.19757676,0.03260742
2022-12-27 15:00:00+00:00,0.07752405,0.16753384,0.13732651,0.18086348,0.16963308,0.14026049,0.14826031,0.15025036,0.16758266,0.16555431,0.15047891,0.029260457
2022-12-27 16:00:00+00:00,0.053604886,0.11941299,0.09504771,0.13959225,0.12189928,0.10312439,0.122470334,0.11891556,0.13717133,0.13673636,0.11479751,0.025852364
2022-12-27 17:00:00+00:00,0.044138923,0.084239796,0.06189929,0.09799136,0.07790534,0.06767928,0.09371252,0.09081824,0.094260216,0.10521227,0.08178572,0.01892587
2022-12-27 18:00:00+00:00,0.04212694,0.053865522,0.034722015,0.060732782,0.04399778,0.03935016,0.06291592,0.060955673,0.059562534,0.0787953,0.053702462,0.01352101
2022-12-27 19:00:00+00:00,0.04124123,0.033260286,0.012025401,0.0339759,0.022623867,0.014749981,0.034324422,0.04238206,0.031283483,0.059648305,0.032551493,0.013946099
2022-12-27 20:00:00+00:00,0.028992444,0.008463249,-0.0060234517,0.01657693,0.005138941,-0.003691472,0.011385649,0.029547065,0.011615679,0.039514765,0.01415198,0.014755481
2022-12-27 21:00:00+00:00,0.019313678,-0.0069527104,-0.019028515,0.007107109,-0.0046148524,-0.01558312,-0.0073174983,0.022561908,-0.00069983304,0.024720654,0.0019506819,0.01575584
2022-12-27 22:00:00+00:00,0.0112141445,-0.021016613,-0.032625593,-0.0019319803,-0.011253312,-0.025742881,-0.017706826,0.017665967,-0.0054645836,0.011276618,-0.007558506,0.017114911
2022-12-27 23:00:00+00:00,-0.0012209862,-0.04120642,-0.046472564,-0.01954773,-0.023427337,-0.0399447,-0.03327641,0.008812569,-0.015035756,-0.006821148,-0.021814048,0.018513503
2022-12-28 00:00:00+00:00,-0.013208121,-0.05474581,-0.05769597,-0.03054981,-0.031398073,-0.047729976,-0.04466963,-0.00092276186,-0.023694307,-0.021078996,-0.032569345,0.018535288
2022-12-28 01:00:00+00:00,-0.026799604,-0.0722781,-0.070966594,-0.04893811,-0.04763819,-0.068253316,-0.057276428,-0.014357381,-0.034080043,-0.040163398,-0.048075117,0.019580472
2022-12-28 02:00:00+00:00,-0.03636065,-0.08415508,-0.081432484,-0.05791284,-0.060178105,-0.07802575,-0.06842273,-0.022822946,-0.042090937,-0.05281174,-0.058421325,0.020362036
2022-12-28 03:00:00+00:00,-0.045089267,-0.09237231,-0.09172166,-0.06897308,-0.07268123,-0.088420935,-0.07959165,-0.033928722,-0.051338814,-0.0665276,-0.06906452,0.020235153
2022-12-28 04:00:00+00:00,-0.052909963,-0.09877432,-0.10042653,-0.07801247,-0.08203059,-0.095361836,-0.08824467,-0.04515989,-0.058746375,-0.077009,-0.07766757,0.019538326
2022-12-28 05:00:00+00:00,-0.05994104,-0.10448554,-0.10831694,-0.08735493,-0.09096931,-0.10374301,-0.09455347,-0.05877791,-0.066866055,-0.08692535,-0.08619335,0.018381663
2022-12-28 06:00:00+00:00,-0.07154474,-0.108933136,-0.11601242,-0.09766391,-0.10041438,-0.11435411,-0.10327162,-0.07580982,-0.07722881,-0.096746735,-0.09619797,0.016117604
2022-12-28 07:00:00+00:00,-0.07957132,-0.11079292,-0.11950013,-0.104501724,-0.10586103,-0.12261424,-0.10940482,-0.08641686,-0.08480104,-0.10269485,-0.10261589,0.014616916
2022-12-28 08:00:00+00:00,-0.086011514,-0.11280231,-0.12285851,-0.10953793,-0.10994278,-0.1279498,-0.11265941,-0.093996264,-0.09122943,-0.10720628,-0.10741942,0.013448631
2022-12-28 09:00:00+00:00,-0.087669656,-0.11300139,-0.1239342,-0.1111339,-0.111893795,-0.13054256,-0.113010764,-0.09820269,-0.09379284,-0.1084357,-0.10916176,0.013059765
2022-12-28 10:00:00+00:00,-0.08932608,-0.114202246,-0.124236435,-0.11189368,-0.11298504,-0.13196862,-0.11270284,-0.10110457,-0.095747665,-0.1092583,-0.11034255,0.012613053
2022-12-28 11:00:00+00:00,-0.09201846,-0.11645414,-0.12445289,-0.11358221,-0.113844804,-0.13371356,-0.11320802,-0.103835836,-0.09759872,-0.1108037,-0.11195123,0.012149431
2022-12-28 12:00:00+00:00,-0.095084436,-0.11808792,-0.1250459,-0.11505966,-0.1150679,-0.1352714,-0.11431413,-0.10632772,-0.09947722,-0.11263762,-0.11363739,0.011650809
2022-12-28 13:00:00+00:00,-0.09843461,-0.11928613,-0.12557578,-0.116363585,-0.116340555,-0.13684596,-0.11539036,-0.108951114,-0.10117924,-0.11450241,-0.11528697,0.011119109
2022-12-28 14:00:00+00:00,-0.1002025,-0.11903543,-0.12438509,-0.11602405,-0.11615278,-0.13719025,-0.11489797,-0.11004166,-0.10079178,-0.114795215,-0.11535166,0.0107671805
2022-12-28 15:00:00+00:00,-0.10145922,-0.11895936,-0.12393099,-0.115816966,-0.11599794,-0.13732725,-0.114765294,-0.11095135,-0.1009584,-0.115035184,-0.115520194,0.010487399
2022-12-28 16:00:00+00:00,-0.10005226,-0.11695621,-0.12307511,-0.11410564,-0.114054024,-0.13597932,-0.11301475,-0.11064136,-0.10019942,-0.11316424,-0.11412422,0.010392264
2022-12-28 17:00:00+00:00,-0.09786296,-0.11532913,-0.12357643,-0.11292465,-0.11231322,-0.13483858,-0.11166351,-0.110390194,-0.10041858,-0.11143132,-0.11307486,0.010504553
2022-12-28 18:00:00+00:00,-0.10071584,-0.1178908,-0.12577382,-0.115706444,-0.114735216,-0.13718346,-0.11421342,-0.11293766,-0.10328645,-0.11439624,-0.11568393,0.010322091
2022-12-28 19:00:00+00:00,-0.103965744,-0.1204055,-0.1276986,-0.11835557,-0.117123365,-0.13951823,-0.11660054,-0.1155088,-0.10587805,-0.11731025,-0.11823646,0.010087185
2022-12-28 20:00:00+00:00,-0.10654501,-0.12339217,-0.13093084,-0.121639356,-0.11987041,-0.14209867,-0.11943748,-0.1182708,-0.10962137,-0.12067846,-0.12124846,0.009994324
2022-12-28 21:00:00+00:00,-0.1085958,-0.12552643,-0.1328809,-0.12384054,-0.12162163,-0.14380729,-0.12139492,-0.11998256,-0.11196294,-0.12299078,-0.12326038,0.009887511
2022-12-28 22:00:00+00:00,-0.10858114,-0.12545007,-0.1335284,-0.12376529,-0.121197596,-0.14384335,-0.12135336,-0.12023267,-0.1126997,-0.123023935,-0.12336756,0.009877857
2022-12-28 23:00:00+00:00,-0.10602966,-0.1230294,-0.13233136,-0.121118516,-0.11839597,-0.14185849,-0.119101964,-0.1186899,-0.11097051,-0.12030455,-0.12118304,0.010045337
2022-12-29 00:00:00+00:00,-0.10185931,-0.1189844,-0.13002813,-0.11700733,-0.11390734,-0.13833691,-0.1151318,-0.115737885,-0.108057216,-0.115845986,-0.117489636,0.010283372
2022-12-29 01:00:00+00:00,-0.096238494,-0.11413953,-0.12569553,-0.11185372,-0.10845372,-0.13412607,-0.110275276,-0.11178731,-0.10433037,-0.11048002,-0.11273801,0.010548499
2022-12-29 02:00:00+00:00,-0.08773751,-0.107868016,-0.118510835,-0.105359435,-0.1010802,-0.12784718,-0.103740685,-0.1060148,-0.09872172,-0.1027808,-0.10596611,0.010872355
2022-12-29 03:00:00+00:00,-0.081255175,-0.1019392,-0.11122333,-0.09814295,-0.094384834,-0.120577924,-0.09694333,-0.09953293,-0.09236908,-0.09490714,-0.09912759,0.010675207
2022-12-29 04:00:00+00:00,-0.07962752,-0.09824701,-0.105856575,-0.09281197,-0.08921683,-0.115693904,-0.09119932,-0.095050454,-0.087764695,-0.08950234,-0.09449706,0.010141683
2022-12-29 05:00:00+00:00,-0.08007187,-0.097567245,-0.10467128,-0.09107241,-0.08696552,-0.11462083,-0.08945468,-0.09406943,-0.08654408,-0.088231795,-0.09332691,0.010049127
2022-12-29 06:00:00+00:00,-0.078633696,-0.096132055,-0.10237657,-0.0888661,-0.084225915,-0.11225697,-0.086685315,-0.09195072,-0.085081786,-0.085801564,-0.09120106,0.009956324
2022-12-29 07:00:00+00:00,-0.07387517,-0.09002809,-0.096208274,-0.08163464,-0.077185154,-0.104477145,-0.07779914,-0.08456902,-0.079511434,-0.07751193,-0.08428,0.00977227
2022-12-29 08:00:00+00:00,-0.06789936,-0.080023766,-0.0886174,-0.07090604,-0.0658799,-0.09018063,-0.065708324,-0.07200904,-0.06798184,-0.06392937,-0.07331357,0.009604009
2022-12-29 09:00:00+00:00,-0.06019497,-0.071759194,-0.082445696,-0.062069952,-0.057473853,-0.0789934,-0.05579546,-0.061169725,-0.058988586,-0.05310356,-0.06419944,0.010026735
2022-12-29 10:00:00+00:00,-0.05298084,-0.06502781,-0.07765511,-0.054863274,-0.05039054,-0.07071621,-0.047861725,-0.052293483,-0.051471345,-0.044609465,-0.056786977,0.010712997
2022-12-29 11:00:00+00:00,-0.045071833,-0.057940774,-0.07285532,-0.04778543,-0.043147795,-0.06374114,-0.040298656,-0.04339031,-0.04409364,-0.036826514,-0.049515143,0.011519373
2022-12-29 12:00:00+00:00,-0.039543897,-0.05235777,-0.06913149,-0.042384952,-0.03800778,-0.05954174,-0.035519287,-0.03661862,-0.039228953,-0.031108558,-0.044344306,0.012090106
2022-12-29 13:00:00+00:00,-0.03473729,-0.048449963,-0.0660383,-0.03796619,-0.03493011,-0.05515135,-0.03184697,-0.03139071,-0.03554678,-0.026389398,-0.040244706,0.0123898145
2022-12-29 14:00:00+00:00,-0.03417562,-0.048537612,-0.06541196,-0.037426353,-0.035042822,-0.054559864,-0.031159982,-0.030827329,-0.034997642,-0.025813095,-0.03979523,0.012400381
2022-12-29 15:00:00+00:00,-0.030104145,-0.046167023,-0.0627303,-0.03393148,-0.032794334,-0.050672658,-0.027999416,-0.027113304,-0.0321761,-0.021732382,-0.036542114,0.012652234
2022-12-29 16:00:00+00:00,-0.026313193,-0.0426459,-0.05990892,-0.030155122,-0.029913634,-0.046549328,-0.025114298,-0.023095652,-0.029164277,-0.017516308,-0.033037666,0.012813941
2022-12-29 17:00:00+00:00,-0.021956854,-0.036935665,-0.055328153,-0.024986058,-0.025870278,-0.04146979,-0.021102697,-0.017065383,-0.024756022,-0.01208692,-0.028155783,0.012862063
2022-12-29 18:00:00+00:00,-0.0151226595,-0.02813816,-0.04807078,-0.016711265,-0.018825218,-0.03283017,-0.015022546,-0.007105693,-0.01811549,-0.0033467636,-0.020328874,0.01301979
2022-12-29 19:00:00+00:00,-0.013577133,-0.023056753,-0.043902516,-0.012802348,-0.015251175,-0.028388597,-0.012006015,-0.0017558858,-0.015082091,0.00036595017,-0.016545657,0.012836744
2022-12-29 20:00:00+00:00,-0.015416712,-0.024752945,-0.04518673,-0.014653251,-0.01685062,-0.030151062,-0.013807148,-0.0033735558,-0.016594484,-0.0016665459,-0.018245306,0.012698347
2022-12-29 21:00:00+00:00,-0.015099786,-0.022289827,-0.04264927,-0.013290346,-0.015084982,-0.027978249,-0.013251558,-0.0008731708,-0.015884772,-0.0005651936,-0.016696716,0.012346754
2022-12-29 22:00:00+00:00,-0.014720686,-0.0212223,-0.041456774,-0.012126252,-0.014150277,-0.02621404,-0.013009846,6.608665e-05,-0.015379384,0.0002902001,-0.015792327,0.01216596
2022-12-29 23:00:00+00:00,-0.011668712,-0.01690726,-0.037151344,-0.007636726,-0.009920612,-0.020937927,-0.010114849,0.00423678,-0.012357444,0.0048585758,-0.011759952,0.012069151
2022-12-30 00:00:00+00:00,-0.0076040626,-0.012356453,-0.03285999,-0.002209127,-0.005245164,-0.014928944,-0.006044358,0.0084299445,-0.00851009,0.010533676,-0.007079457,0.012180763
2022-12-30 01:00:00+00:00,0.0029555708,0.0005662143,-0.020549618,0.012233585,0.008972019,0.0014059246,0.0062511265,0.018410355,7.482618e-05,0.025426492,0.0055746497,0.012370394
2022-12-30 02:00:00+00:00,0.011543959,0.012780115,-0.008843556,0.024872214,0.02411203,0.014996022,0.017654255,0.027082518,0.009403087,0.03758137,0.017118203,0.012540093
2022-12-30 03:00:00+00:00,0.015820593,0.018319383,-0.00032557547,0.031016558,0.03314221,0.018603094,0.024176076,0.03329754,0.016161129,0.043826118,0.023403713,0.01242885
2022-12-30 04:00:00+00:00,0.02035354,0.022613168,0.005797237,0.035741657,0.03932637,0.021660097,0.029911757,0.038044304,0.021235153,0.049236387,0.028391968,0.012510516
2022-12-30 05:00:00+00:00,0.023000062,0.024956688,0.009223506,0.03799936,0.0420814,0.022470675,0.03357297,0.041595668,0.024696797,0.051928326,0.031152546,0.012541732
2022-12-30 06:00:00+00:00,0.021402732,0.02310513,0.008174866,0.035412982,0.038701475,0.018084504,0.032555625,0.042862043,0.024724722,0.04902573,0.02940498,0.0124856075
2022-12-30 07:00:00+00:00,0.021513835,0.02318053,0.008465782,0.034799814,0.03637345,0.015449978,0.03364998,0.044983596,0.026381373,0.048230454,0.029302876,0.0126316175
2022-12-30 08:00:00+00:00,0.024007216,0.025492743,0.010418162,0.036748305,0.035267472,0.015468955,0.037216023,0.04844807,0.03000009,0.050465688,0.031353272,0.012983099
2022-12-30 09:00:00+00:00,0.02488327,0.02561605,0.009130552,0.036047444,0.031445682,0.013913073,0.03710194,0.04991749,0.030847967,0.050020188,0.030892363,0.013412649
2022-12-30 10:00:00+00:00,0.029971585,0.028374314,0.010045782,0.03852187,0.0295026,0.016219728,0.039615348,0.053500444,0.03383164,0.053672954,0.033325624,0.014034869
2022-12-30 11:00:00+00:00,0.03235647,0.027332842,0.0080400705,0.037969977,0.02432993,0.016024485,0.03845136,0.055176705,0.034058094,0.053598583,0.03273385,0.014869074
2022-12-30 12:00:00+00:00,0.032566905,0.028310567,0.008292466,0.037161827,0.021544531,0.013233148,0.039558277,0.057779178,0.037071675,0.053324953,0.032884352,0.015841173
2022-12-30 13:00:00+00:00,0.028100684,0.02544485,0.0039886087,0.029278964,0.015383273,0.005376123,0.03779757,0.055780157,0.036987275,0.047357336,0.028549483,0.016917877
2022-12-30 14:00:00+00:00,0.025792658,0.025631666,0.0035426915,0.023455381,0.012432262,-0.00017302483,0.037354276,0.05179125,0.037378415,0.044456616,0.02616622,0.017140083
2022-12-30 15:00:00+00:00,0.02762255,0.031165987,0.0084103495,0.023634717,0.015117757,0.00035034865,0.040279806,0.05158508,0.041193485,0.046051353,0.028541142,0.016824163
2022-12-30 16:00:00+00:00,0.027388275,0.03548959,0.011993006,0.022277653,0.017344698,-0.00029618293,0.04188314,0.049454957,0.04349819,0.04566057,0.02946939,0.016476251
2022-12-30 17:00:00+00:00,0.027669653,0.040791407,0.017350152,0.023130417,0.022538722,0.0012986585,0.04541874,0.050756812,0.047744066,0.047361135,0.032405976,0.016450224
2022-12-30 18:00:00+00:00,0.02886507,0.049132258,0.025071606,0.029062033,0.032856807,0.006475456,0.05222103,0.05746621,0.05662009,0.05272442,0.0390495,0.017023928
2022-12-30 19:00:00+00:00,0.02928643,0.06156218,0.03380643,0.03885126,0.04318905,0.013526611,0.05958414,0.06499401,0.06583208,0.060260877,0.04708931,0.017993378
2022-12-30 20:00:00+00:00,0.026227579,0.073681295,0.040313944,0.046801,0.053151846,0.01952105,0.06635372,0.070019126,0.072072715,0.06403494,0.05321772,0.019487152
2022-12-30 21:00:00+00:00,0.027003929,0.089074835,0.052912995,0.061564177,0.06947687,0.035245948,0.07734695,0.08106431,0.08307396,0.07458852,0.065135255,0.020857932
2022-12-30 22:00:00+00:00,0.025498822,0.11066152,0.06767894,0.07809973,0.08682656,0.054609947,0.08899666,0.091214254,0.093678534,0.08599916,0.07832642,0.02394198
2022-12-30 23:00:00+00:00,0.026108786,0.12985739,0.08216752,0.08773588,0.106394604,0.0723192,0.102046356,0.097511575,0.10379043,0.10027537,0.090820715,0.027505815
2022-12-31 00:00:00+00:00,0.030916974,0.14350104,0.09792282,0.10243845,0.13082556,0.093292914,0.11818878,0.10570224,0.11802001,0.1198602,0.1060669,0.03052265
2022-12-31 01:00:00+00:00,0.03630346,0.15044785,0.107389644,0.11550644,0.15001933,0.107686736,0.13107921,0.11245814,0.1312164,0.13499191,0.11770991,0.032731093
2022-12-31 02:00:00+00:00,0.047116265,0.14964005,0.11387247,0.12646149,0.15889464,0.116221435,0.13769914,0.11682229,0.14041197,0.14355326,0.1250693,0.031331073
2022-12-31 03:00:00+00:00,0.055655673,0.13814604,0.11146271,0.13160755,0.15283914,0.11662357,0.1367143,0.11657384,0.13916647,0.1457319,0.124452114,0.027667224
2022-12-31 04:00:00+00:00,0.062206045,0.12098515,0.10464205,0.13098298,0.13509716,0.11227023,0.12925614,0.1120407,0.13063756,0.14278066,0.11808987,0.022924842
2022-12-31 05:00:00+00:00,0.07434459,0.10919559,0.10373719,0.14125697,0.12523505,0.11306348,0.12333803,0.11480148,0.13204032,0.14421633,0.11812289,0.020350657
2022-12-31 06:00:00+00:00,0.07810973,0.093985796,0.095274955,0.13113602,0.107878655,0.10524552,0.11202662,0.10708809,0.119557306,0.13752559,0.10878283,0.017672574
2022-12-31 07:00:00+00:00,0.07598336,0.0830645,0.084780335,0.116143465,0.09374437,0.09505879,0.10356362,0.09934312,0.10727897,0.1281877,0.09871482,0.015858935
2022-12-31 08:00:00+00:00,0.07816023,0.06886479,0.07327005,0.100903496,0.077177554,0.08229319,0.09213655,0.0915606,0.09560192,0.11792515,0.08778936,0.014827867
2022-12-31 09:00:00+00:00,0.082675725,0.0654968,0.06470686,0.08651562,0.06399158,0.072857045,0.0817813,0.08484322,0.08863291,0.10905251,0.080055356,0.013929591
2022-12-31 10:00:00+00:00,0.09077649,0.06293346,0.061042264,0.0770164,0.049220175,0.07090589,0.072660476,0.07800707,0.08709131,0.103124514,0.075277805,0.015725693
2022-12-31 11:00:00+00:00,0.09499189,0.05975464,0.059088886,0.07399537,0.04030335,0.0701557,0.06631909,0.07301772,0.08815484,0.09912963,0.07249111,0.017904766
2022-12-31 12:00:00+00:00,0.09251003,0.05292988,0.055352047,0.06648554,0.03287758,0.06248314,0.057753325,0.06379017,0.08554663,0.0932737,0.0663002,0.019132875
2022-12-31 13:00:00+00:00,0.09089263,0.045868695,0.05211495,0.055986047,0.030040026,0.059687026,0.049896955,0.055345744,0.0812805,0.08889367,0.061000623,0.019808687
2022-12-31 14:00:00+00:00,0.092687875,0.040630564,0.05353971,0.051160827,0.033323795,0.06424738,0.040957138,0.046081185,0.082942694,0.08880901,0.059438013,0.02160949
2022-12-31 15:00:00+00:00,0.09803088,0.037085265,0.06240739,0.056527093,0.047959477,0.075192146,0.036448628,0.04912819,0.0871281,0.09651075,0.06464179,0.023312932
2022-12-31 16:00:00+00:00,0.101711854,0.03512335,0.072468296,0.059095576,0.06537354,0.085363396,0.0351329,0.05452457,0.08875452,0.10962121,0.070716925,0.025768405
2022-12-31 17:00:00+00:00,0.10674608,0.0322579,0.09051968,0.06415166,0.08305147,0.099133275,0.02994588,0.061227337,0.089214325,0.11718333,0.07734309,0.029789312
2022-12-31 18:00:00+00:00,0.109076366,0.03564146,0.118422806,0.079983935,0.114454105,0.11091254,0.030461058,0.06967622,0.08819023,0.13410327,0.08909221,0.035214186
2022-12-31 19:00:00+00:00,0.11516751,0.03799978,0.13839233,0.089637846,0.14263947,0.12264138,0.02871117,0.067138776,0.0918169,0.15476373,0.098890886,0.04371863
2022-12-31 20:00:00+00:00,0.12383683,0.031554103,0.15352175,0.09137802,0.1622474,0.1310975,0.044175923,0.051238537,0.097444534,0.15900865,0.104550324,0.04922652
2022-12-31 21:00:00+00:00,0.13168369,0.025571764,0.16376597,0.086128086,0.17300005,0.1344432,0.06232199,0.045833886,0.10704312,0.15832222,0.1088114,0.052010223
2022-12-31 22:00:00+00:00,0.15332316,0.006156668,0.18682712,0.09531908,0.1836484,0.14085102,0.08813228,0.05008772,0.1154473,0.15081826,0.11706109,0.058136843
2022-12-31 23:00:00+00:00,0.17152162,-0.0049695224,0.20840213,0.10092035,0.18083419,0.14939699,0.100366786,0.0499126,0.116974324,0.13245657,0.120581605,0.06366096
2023-01-01 00:00:00+00:00,0.17303418,-0.010129891,0.21277845,0.08761911,0.1685478,0.15938115,0.10884409,0.052166015,0.11566669,0.117936194,0.11858437,0.06501234
2023-01-01 01:00:00+00:00,0.16802092,-0.012978442,0.19536826,0.061867833,0.14693071,0.14863652,0.10752876,0.05885507,0.1078103,0.111985415,0.10940254,0.061081283
2023-01-01 02:00:00+00:00,0.18271811,-0.016494364,0.19987649,0.046957135,0.1403273,0.15822452,0.12165333,0.059474796,0.10391465,0.10829301,0.110494494,0.066091165
2023-01-01 03:00:00+00:00,0.19699444,-0.017289333,0.20792949,0.03324099,0.13849671,0.16725022,0.13803925,0.060258746,0.10064614,0.100290254,0.112585686,0.07204759
2023-01-01 04:00:00+00:00,0.2025819,-0.016612895,0.20555252,0.015988976,0.12760529,0.16495746,0.15027125,0.05913067,0.09598084,0.09046848,0.10959245,0.075045675
2023-01-01 05:00:00+00:00,0.20987357,-0.015781008,0.20228195,-0.0006143898,0.114731506,0.16052416,0.16465063,0.04862374,0.082451046,0.079254135,0.10459952,0.079783395
2023-01-01 06:00:00+00:00,0.20458947,-0.018865727,0.17836195,-0.011777252,0.0998396,0.14049256,0.16070099,0.04765369,0.07020196,0.07029049,0.09414877,0.076880425
2023-01-01 07:00:00+00:00,0.20075272,-0.025291175,0.14230105,-0.023850918,0.07684407,0.120089956,0.15027602,0.046272293,0.05310753,0.061078653,0.08015802,0.07386797
2023-01-01 08:00:00+00:00,0.19787778,-0.03498202,0.10466723,-0.035722747,0.05034566,0.093286656,0.13262297,0.04549679,0.0335501,0.048837975,0.06359804,0.071933806
2023-01-01 09:00:00+00:00,0.19751884,-0.03562597,0.091687605,-0.046323165,0.037656784,0.090313576,0.1371548,0.03980556,0.02004525,0.036609128,0.056884237,0.07467687
2023-01-01 10:00:00+00:00,0.19032128,-0.030255891,0.08263421,-0.05597961,0.028696239,0.09109358,0.14467259,0.032452077,0.0076459646,0.02167581,0.05129562,0.07631837
2023-01-01 11:00:00+00:00,0.19285135,-0.02485054,0.08673951,-0.07028912,0.022290096,0.10018217,0.16285427,0.019863695,-0.009392932,0.0039555803,0.048420407,0.084578305
2023-01-01 12:00:00+00:00,0.1938097,-0.0184822,0.097634435,-0.079523295,0.016056925,0.10829257,0.17687897,0.016286612,-0.019885913,-0.008243062,0.048282478,0.09095064
2023-01-01 13:00:00+00:00,0.19177271,-0.02240052,0.10615586,-0.085585624,0.011422873,0.11494126,0.19163544,0.021206692,-0.028403983,-0.019048177,0.04816965,0.096813
2023-01-01 14:00:00+00:00,0.17924373,-0.027750641,0.10447489,-0.088630736,0.009005517,0.11041092,0.19531976,0.022587806,-0.034719095,-0.025983162,0.044395894,0.09705158
2023-01-01 15:00:00+00:00,0.16491611,-0.034387,0.09635468,-0.09283218,0.0063545704,0.09559374,0.19341831,0.02245608,-0.038227424,-0.033651955,0.037999492,0.09517788
2023-01-01 16:00:00+00:00,0.15499912,-0.04209333,0.08689669,-0.09839752,-0.0004118979,0.08546119,0.18950827,0.025911286,-0.04487136,-0.04326413,0.031373836,0.09484508
2023-01-01 17:00:00+00:00,0.14496376,-0.04705882,0.080262825,-0.10217026,-0.00312078,0.07362234,0.18526305,0.02804856,-0.047615327,-0.050128125,0.026206726,0.0934292
2023-01-01 18:00:00+00:00,0.12870713,-0.049347244,0.06538053,-0.10330483,-0.0040276945,0.05286368,0.1699865,0.028468579,-0.046791896,-0.05638092,0.018555382,0.08717104
2023-01-01 19:00:00+00:00,0.10725777,-0.04572302,0.051399797,-0.09925786,-0.00042364,0.03266505,0.14765035,0.02967219,-0.038101867,-0.06080866,0.01243301,0.07705754
2023-01-01 20:00:00+00:00,0.08798848,-0.044111095,0.04441656,-0.09380813,0.007144138,0.013742708,0.12409295,0.033153594,-0.029174365,-0.068291545,0.007515329,0.06843387
2023-01-01 21:00:00+00:00,0.06891887,-0.038333014,0.020693883,-0.083268225,0.00864584,0.00015037507,0.08506206,0.03836015,-0.017249808,-0.07011414,0.0012865983,0.055337235
2023-01-01 22:00:00+00:00,0.052515328,-0.048452012,-0.009880558,-0.072145864,0.011199057,0.0044587255,0.028061941,0.049269646,-0.0069083422,-0.051949404,-0.004383148,0.042586807
2023-01-01 23:00:00+00:00,0.034291223,-0.05053574,-0.029397681,-0.06730446,0.004660934,0.0026511624,-0.016786799,0.031781673,0.0018567145,-0.033876106,-0.012265908,0.033484656
2023-01-02 00:00:00+00:00,0.0133503005,-0.04711818,-0.04222612,-0.06369663,-0.0111633465,-0.014051534,-0.040739812,0.014899671,0.004137367,-0.03166864,-0.021827692,0.02728043
2023-01-02 01:00:00+00:00,-0.0075596794,-0.037196003,-0.061387986,-0.065509185,-0.038096055,-0.042813025,-0.054787174,0.000920482,-0.010834843,-0.039702907,-0.035696637,0.02294581
2023-01-02 02:00:00+00:00,-0.023914307,-0.048933946,-0.074592106,-0.069183715,-0.05066839,-0.056082807,-0.06735317,-0.0050912127,-0.017099515,-0.05006642,-0.046298556,0.023464404
2023-01-02 03:00:00+00:00,-0.031846978,-0.058155753,-0.08499771,-0.07030654,-0.063317664,-0.07234562,-0.08130838,-0.023337752,-0.02113498,-0.060446598,-0.056719802,0.023313766
2023-01-02 04:00:00+00:00,-0.034951366,-0.063514166,-0.09244129,-0.07096691,-0.0723878,-0.08190445,-0.0849474,-0.03300967,-0.026857033,-0.06318794,-0.0624168,0.02320636
2023-01-02 05:00:00+00:00,-0.028584473,-0.06558775,-0.09654711,-0.067661405,-0.075258136,-0.09237618,-0.089971974,-0.04645729,-0.030243471,-0.062904425,-0.06555922,0.024404317
2023-01-02 06:00:00+00:00,-0.028177105,-0.06471853,-0.09543283,-0.06457357,-0.074391104,-0.09735755,-0.09513466,-0.05565451,-0.033892572,-0.06341433,-0.067274675,0.024338877
2023-01-02 07:00:00+00:00,-0.03186901,-0.06606425,-0.091809705,-0.06521903,-0.0771104,-0.10204438,-0.09753934,-0.059542645,-0.038536794,-0.063627884,-0.06933635,0.02342669
2023-01-02 08:00:00+00:00,-0.030390725,-0.06399884,-0.08733867,-0.06321585,-0.075258866,-0.10159283,-0.09619782,-0.061280966,-0.03815911,-0.06100379,-0.06784375,0.023065012
2023-01-02 09:00:00+00:00,-0.029597893,-0.06177357,-0.08217903,-0.06320131,-0.07528433,-0.094808884,-0.09110445,-0.059992366,-0.04171168,-0.057942227,-0.06575957,0.020680957
2023-01-02 10:00:00+00:00,-0.026966862,-0.062334046,-0.081071414,-0.0648846,-0.07450068,-0.09107039,-0.08595521,-0.058604512,-0.0463517,-0.05792617,-0.06496656,0.019320885
2023-01-02 11:00:00+00:00,-0.024045333,-0.06017118,-0.074977234,-0.059456885,-0.06879856,-0.08318486,-0.07474542,-0.051048998,-0.044012778,-0.05171176,-0.059215296,0.017473817
2023-01-02 12:00:00+00:00,-0.030033238,-0.061802514,-0.07344147,-0.057513386,-0.067281336,-0.08353218,-0.06598754,-0.048397195,-0.044427022,-0.0507453,-0.05831612,0.015510504
2023-01-02 13:00:00+00:00,-0.032172985,-0.060480885,-0.07011732,-0.052002743,-0.061500467,-0.077746995,-0.05597259,-0.04520093,-0.041121095,-0.046471268,-0.05427873,0.013765658
2023-01-02 14:00:00+00:00,-0.030833974,-0.055988587,-0.06438889,-0.043296695,-0.05356771,-0.06965987,-0.04410044,-0.037794627,-0.032676637,-0.038549624,-0.047085706,0.01326846
2023-01-02 15:00:00+00:00,-0.030525148,-0.05288019,-0.062256537,-0.036433667,-0.045465153,-0.0637554,-0.033418953,-0.03160754,-0.027190983,-0.032974206,-0.04165078,0.013572263
2023-01-02 16:00:00+00:00,-0.010646395,-0.038083337,-0.047449335,-0.016556352,-0.03226696,-0.043516763,-0.015947238,-0.010885313,-0.0134200305,-0.011776261,-0.0240548,0.014641465
2023-01-02 17:00:00+00:00,-0.00864619,-0.03677059,-0.04649481,-0.01590076,-0.03095194,-0.042995997,-0.014602929,-0.010339245,-0.011650272,-0.011363886,-0.022971664,0.014742804
2023-01-02 18:00:00+00:00,-0.008937709,-0.037012108,-0.046300583,-0.015173256,-0.03258671,-0.04403589,-0.018140733,-0.012485594,-0.011971861,-0.01438152,-0.024102595,0.014339464
2023-01-02 19:00:00+00:00,-0.0049216,-0.03364154,-0.042455748,-0.009912938,-0.031214379,-0.04014539,-0.018307745,-0.008932255,-0.009145305,-0.012236185,-0.021091308,0.014308539
2023-01-02 20:00:00+00:00,-0.0045825616,-0.03298729,-0.0420055,-0.008820742,-0.03129281,-0.040094472,-0.01943174,-0.009634808,-0.0077357665,-0.013083838,-0.020966953,0.014312214
2023-01-02 21:00:00+00:00,-0.00336729,-0.03327521,-0.040504083,-0.00875628,-0.035338365,-0.04163424,-0.026897132,-0.014190376,-0.006169647,-0.016678385,-0.022681102,0.014586041
2023-01-02 22:00:00+00:00,-0.0033391565,-0.0351542,-0.04331047,-0.014253825,-0.041591287,-0.04519733,-0.03701541,-0.022270188,-0.0056793243,-0.022651859,-0.027046304,0.015616968
2023-01-02 23:00:00+00:00,-0.0057306364,-0.038479753,-0.04840748,-0.02415435,-0.049488027,-0.04867243,-0.051265188,-0.032871127,-0.0058481544,-0.029585712,-0.033450287,0.017279558
2023-01-03 00:00:00+00:00,-0.0037766993,-0.035256393,-0.04550737,-0.024046779,-0.05166282,-0.04382158,-0.057952523,-0.035203308,-0.0009309277,-0.027364343,-0.032552276,0.018993447
2023-01-03 01:00:00+00:00,-0.008355156,-0.038105957,-0.05001159,-0.028756708,-0.055215213,-0.045369335,-0.06770583,-0.042377755,-0.001605086,-0.02996736,-0.036747,0.020369448
2023-01-03 02:00:00+00:00,-0.010927662,-0.03972573,-0.051960044,-0.029910937,-0.055645816,-0.048581176,-0.07814778,-0.04189205,4.827976e-06,-0.030554168,-0.038734056,0.022462197
2023-01-03 03:00:00+00:00,-0.010822237,-0.04033999,-0.055973448,-0.03332396,-0.05207447,-0.055152617,-0.08292882,-0.04122521,0.002300039,-0.033734486,-0.04032752,0.02403339
2023-01-03 04:00:00+00:00,-0.010710433,-0.04238461,-0.0626443,-0.03750868,-0.0512646,-0.06308157,-0.08513763,-0.041878097,0.0007209778,-0.03888139,-0.043277033,0.02502261
2023-01-03 05:00:00+00:00,-0.013478771,-0.04529439,-0.06882969,-0.04206781,-0.054129712,-0.07053908,-0.08749026,-0.043936796,-0.004685141,-0.042942934,-0.047339458,0.025137544
2023-01-03 06:00:00+00:00,-0.016140938,-0.04755667,-0.07173873,-0.045814812,-0.057156533,-0.07484604,-0.088973686,-0.046343714,-0.008746773,-0.045679294,-0.050299715,0.02486173
2023-01-03 07:00:00+00:00,-0.015384659,-0.04722987,-0.07086518,-0.04650782,-0.057833552,-0.07584808,-0.08928162,-0.04728449,-0.009700999,-0.0464942,-0.050643045,0.024867468
2023-01-03 08:00:00+00:00,-0.014661245,-0.048702024,-0.07134933,-0.048914537,-0.057515435,-0.07806984,-0.090212345,-0.050032653,-0.012739971,-0.049221493,-0.052141886,0.024747513
2023-01-03 09:00:00+00:00,-0.018320948,-0.051237084,-0.07374642,-0.0528218,-0.061558098,-0.08258391,-0.09064816,-0.05345447,-0.020324364,-0.051593184,-0.055628844,0.023576818
2023-01-03 10:00:00+00:00,-0.018608525,-0.053690515,-0.07373602,-0.05512616,-0.06078219,-0.08447104,-0.090306945,-0.05576118,-0.024487056,-0.05390495,-0.05708746,0.022888396
2023-01-03 11:00:00+00:00,-0.018662922,-0.05514755,-0.07246087,-0.056557924,-0.061431445,-0.084591396,-0.088950224,-0.05693605,-0.029195242,-0.053885795,-0.057781942,0.021834807
2023-01-03 12:00:00+00:00,-0.018939413,-0.05644738,-0.07181548,-0.0573439,-0.062086884,-0.08343791,-0.08764866,-0.056010533,-0.03345488,-0.05313191,-0.0580317,0.020796314
2023-01-03 13:00:00+00:00,-0.018515795,-0.05734361,-0.07151826,-0.05696301,-0.06257398,-0.08146388,-0.08632457,-0.054621447,-0.03658115,-0.05220919,-0.05781149,0.0200565
2023-01-03 14:00:00+00:00,-0.015108034,-0.055043764,-0.067223705,-0.05212055,-0.059665177,-0.07325839,-0.08116622,-0.04873502,-0.037521712,-0.046512805,-0.053635538,0.01881796
2023-01-03 15:00:00+00:00,-0.015266523,-0.05447398,-0.06586181,-0.04963675,-0.056822326,-0.06821335,-0.07699633,-0.04401297,-0.03939861,-0.04215826,-0.051284093,0.017570399
2023-01-03 16:00:00+00:00,-0.010904372,-0.051623248,-0.060714632,-0.043392852,-0.05014124,-0.05782584,-0.07013663,-0.035835385,-0.036464356,-0.035249166,-0.045228772,0.016766697
2023-01-03 17:00:00+00:00,-0.00916414,-0.050064906,-0.0579328,-0.037376642,-0.04575052,-0.05272428,-0.064150095,-0.0296311,-0.035348557,-0.030540593,-0.041268364,0.016197963
2023-01-03 18:00:00+00:00,-0.0071975067,-0.048165254,-0.05501905,-0.03238292,-0.041590527,-0.049041443,-0.0572107,-0.022589415,-0.034112222,-0.025064893,-0.03723739,0.015955787
2023-01-03 19:00:00+00:00,-0.004272811,-0.045263015,-0.050734855,-0.02674833,-0.035899177,-0.043798096,-0.04826945,-0.015996099,-0.03185775,-0.019013204,-0.03218528,0.015516413
2023-01-03 20:00:00+00:00,0.0020784512,-0.037779637,-0.043148488,-0.017813757,-0.027131677,-0.033738337,-0.03549628,-0.010317996,-0.02636578,-0.010779068,-0.024049256,0.014450176
2023-01-03 21:00:00+00:00,0.0052953362,-0.031853624,-0.036490194,-0.011184543,-0.02057901,-0.028005905,-0.023918882,-0.004648447,-0.022524312,-0.003074117,-0.017698372,0.0136843035
2023-01-03 22:00:00+00:00,0.005753696,-0.026425764,-0.030522697,-0.005234033,-0.014510706,-0.023805164,-0.014812782,0.001365006,-0.018699393,0.0051842555,-0.012170758,0.013267565
2023-01-03 23:00:00+00:00,0.0020846575,-0.028786376,-0.033142418,-0.008492619,-0.016716778,-0.027145289,-0.017246008,9.769201e-05,-0.019924566,0.0029234216,-0.01463483,0.01325414
2023-01-04 00:00:00+00:00,0.001339145,-0.028261326,-0.032772243,-0.008164823,-0.016300246,-0.026998855,-0.016256303,0.0006902218,-0.0192101,0.0036768392,-0.014225769,0.013163005
2023-01-04 01:00:00+00:00,-0.00041209906,-0.029903606,-0.03430617,-0.010285795,-0.017648093,-0.028781436,-0.018045142,-0.0014860183,-0.020953849,0.0013277754,-0.016049441,0.012951827
2023-01-04 02:00:00+00:00,-0.007561341,-0.03680239,-0.04238431,-0.018605083,-0.026076004,-0.038337328,-0.027029797,-0.0071472526,-0.02569452,-0.0073061436,-0.023694417,0.013270287
2023-01-04 03:00:00+00:00,-0.013127312,-0.042717397,-0.049004927,-0.025715664,-0.033048548,-0.04643414,-0.03470595,-0.01346191,-0.030618079,-0.014633283,-0.030346721,0.0134837665
2023-01-04 04:00:00+00:00,-0.011791542,-0.043102875,-0.04902646,-0.025675446,-0.03300649,-0.04581756,-0.03594455,-0.014549173,-0.031161696,-0.016091414,-0.03061672,0.013367606
2023-01-04 05:00:00+00:00,-0.008674376,-0.042171285,-0.045564152,-0.023191348,-0.03059715,-0.04126685,-0.035577714,-0.014285266,-0.027168386,-0.015799664,-0.028429622,0.012831783
2023-01-04 06:00:00+00:00,-0.007484168,-0.042385593,-0.043392256,-0.021759808,-0.029271126,-0.038132004,-0.03797935,-0.0155982,-0.024298407,-0.017060816,-0.027736172,0.012445629
2023-01-04 07:00:00+00:00,-0.00980638,-0.04400543,-0.045142345,-0.024365932,-0.03278728,-0.040385224,-0.04536429,-0.021685869,-0.025029257,-0.022307813,-0.031087983,0.012282855
2023-01-04 08:00:00+00:00,-0.010946676,-0.04408399,-0.04531236,-0.025724664,-0.03575611,-0.04229746,-0.050513774,-0.026264481,-0.023672432,-0.025122166,-0.03296941,0.012511868
2023-01-04 09:00:00+00:00,-0.004693851,-0.03843411,-0.039032556,-0.019477516,-0.032647327,-0.035943516,-0.05103051,-0.023494497,-0.013481975,-0.021565743,-0.02798016,0.013880311
2023-01-04 10:00:00+00:00,0.012451522,-0.026320554,-0.024270482,-0.004780963,-0.02071616,-0.016555212,-0.047332823,-0.011772931,0.004964769,-0.012957923,-0.014729077,0.016882135
2023-01-04 11:00:00+00:00,0.030051738,-0.013199694,-0.0074091703,0.013580024,-0.006567903,0.0035533533,-0.03576453,0.0021125823,0.02004835,-0.0007535592,0.0005651191,0.018424895
2023-01-04 12:00:00+00:00,0.049371213,0.0019623935,0.009686783,0.034138635,0.00857503,0.02320122,-0.02053015,0.017980993,0.034735173,0.014921412,0.01740427,0.01959981
2023-01-04 13:00:00+00:00,0.069201306,0.018098503,0.032057807,0.059213668,0.024886385,0.044930987,-0.0007136762,0.03594297,0.051765323,0.036014512,0.03713978,0.020450298
2023-01-04 14:00:00+00:00,0.08821724,0.032077566,0.055205315,0.084537834,0.039465845,0.06610196,0.019106865,0.052462757,0.067712784,0.058115765,0.056300394,0.021896424
2023-01-04 15:00:00+00:00,0.13373739,0.05981669,0.10994524,0.1381131,0.084873214,0.10565611,0.05292052,0.071696594,0.08625236,0.101762444,0.094477355,0.028809538
2023-01-04 16:00:00+00:00,0.15872337,0.0763115,0.15066898,0.18397392,0.11401641,0.13498008,0.09305407,0.091129586,0.10294177,0.13905558,0.12448553,0.034503013
2023-01-04 17:00:00+00:00,0.1743273,0.09199618,0.1780661,0.22620471,0.13600749,0.16175056,0.12788962,0.11178647,0.1243588,0.17458639,0.15069737,0.03956883
2023-01-04 18:00:00+00:00,0.19904204,0.12431264,0.22159308,0.28217793,0.16538589,0.20275494,0.17624716,0.14411233,0.15427977,0.22444871,0.18943544,0.046445075
2023-01-04 19:00:00+00:00,0.2407297,0.1855653,0.30489865,0.36299187,0.23474146,0.28746092,0.26146048,0.20165356,0.21374711,0.3124235,0.26056725,0.055994
2023-01-04 20:00:00+00:00,0.29386687,0.24453068,0.41134366,0.46192157,0.32219708,0.39317888,0.3549751,0.26124465,0.28783432,0.4044715,0.34355643,0.0726639
2023-01-04 21:00:00+00:00,0.4115168,0.33180597,0.6174089,0.57980895,0.48656625,0.538388,0.48506427,0.3416416,0.39561182,0.57731843,0.4765131,0.10251616
2023-01-04 22:00:00+00:00,0.54652727,0.4143205,0.8061969,0.67541814,0.6258675,0.65265846,0.60880244,0.41164368,0.49737746,0.7221987,0.5961011,0.12903523
2023-01-04 23:00:00+00:00,0.69870305,0.5161288,1.0585133,0.7819522,0.779765,0.81067497,0.7478868,0.48079592,0.6179785,0.9161743,0.74085724,0.1747312
2023-01-05 00:00:00+00:00,0.8878245,0.63711953,1.3781353,0.91786736,0.9725809,1.0226357,0.87603074,0.5730552,0.7641652,1.1535672,0.9182981,0.23696253
2023-01-05 01:00:00+00:00,1.1615733,0.8253411,1.8056096,1.1133745,1.2272419,1.3312452,1.0770209,0.6976451,0.93472767,1.4723524,1.164613,0.32207444
2023-01-05 02:00:00+00:00,1.4226371,1.0176766,2.1519146,1.2645638,1.4688227,1.6471506,1.266433,0.8098484,1.0514491,1.7149526,1.3815448,0.39152384
2023-01-05 03:00:00+00:00,1.5399404,1.1374578,2.2899668,1.3437176,1.5861592,1.8100876,1.3604116,0.86707747,1.0641042,1.8167046,1.4815629,0.42059022
2023-01-05 04:00:00+00:00,1.6195713,1.208091,2.3672984,1.3939012,1.6685519,1.916866,1.4302578,0.90324885,1.0579711,1.880287,1.5446045,0.44048542
2023-01-05 05:00:00+00:00,1.7320377,1.2590551,2.4836812,1.4471197,1.7729647,2.0447278,1.5010675,0.9355739,1.0836318,1.968599,1.6228456,0.47307196
2023-01-05 06:00:00+00:00,1.7670134,1.2697532,2.5122366,1.4584898,1.803299,2.0764613,1.5179842,0.9447294,1.0871004,1.9893774,1.6426445,0.48190647
2023-01-05 07:00:00+00:00,1.7467127,1.2340641,2.469506,1.4342772,1.7778906,2.0287755,1.4836521,0.93339306,1.0749573,1.958167,1.6141396,0.47308534
2023-01-05 08:00:00+00:00,1.6236782,1.1528995,2.3147852,1.3670772,1.6616402,1.8738691,1.4047053,0.8980004,1.0218453,1.8456804,1.5164181,0.4346314
2023-01-05 09:00:00+00:00,1.4336749,1.0242239,2.0727427,1.254693,1.4788733,1.6237141,1.2688828,0.83304125,0.93754244,1.6664304,1.3593819,0.37701976
2023-01-05 10:00:00+00:00,1.2458981,0.89134336,1.8296204,1.1417501,1.2975719,1.378595,1.1215041,0.76358265,0.8457698,1.4831375,1.1998773,0.3233289
2023-01-05 11:00:00+00:00,0.99755234,0.7278149,1.4965198,1.001965,1.067064,1.083273,0.9314602,0.6731022,0.71502393,1.2193404,0.99131167,0.25214306
2023-01-05 12:00:00+00:00,0.8014959,0.6145096,1.1780221,0.8475401,0.8666824,0.85045487,0.7729367,0.6106449,0.58468324,0.96232355,0.8089293,0.18106559
2023-01-05 13:00:00+00:00,0.59294194,0.5214882,0.85088265,0.64524144,0.657297,0.6301415,0.58057153,0.5071165,0.45164162,0.69686997,0.6134192,0.112542495
2023-01-05 14:00:00+00:00,0.5232933,0.45496634,0.73096955,0.57310766,0.58106595,0.5452462,0.494003,0.45632136,0.40367943,0.6038345,0.53664875,0.093364835
2023-01-05 15:00:00+00:00,0.43687022,0.39494774,0.5994915,0.49763274,0.48766452,0.45432383,0.39887488,0.40758866,0.34885702,0.49019364,0.4516445,0.071092986
2023-01-05 16:00:00+00:00,0.40132487,0.35137236,0.49155125,0.44734424,0.42325592,0.38993445,0.33615053,0.34207618,0.31303158,0.4348103,0.3930852,0.05711655
2023-01-05 17:00:00+00:00,0.37516445,0.3126971,0.39626893,0.39491087,0.37337148,0.3345029,0.27871203,0.2947514,0.28812563,0.3879139,0.34364188,0.047099147
2023-01-05 18:00:00+00:00,0.32960457,0.25895128,0.30160847,0.3343805,0.31323022,0.28894246,0.21534444,0.25060582,0.2610529,0.33645633,0.2890177,0.041216932
2023-01-05 19:00:00+00:00,0.22014318,0.18903768,0.19498253,0.24011959,0.2408029,0.23466706,0.21512593,0.19319339,0.23649865,0.27030307,0.2234874,0.025949901
2023-01-05 20:00:00+00:00,0.18725838,0.16287601,0.16223937,0.20782293,0.21052147,0.21007651,0.1963156,0.16533335,0.20952299,0.24266249,0.19546291,0.026162134
2023-01-05 21:00:00+00:00,0.1630906,0.14396077,0.13874751,0.18281205,0.1817127,0.1840832,0.17509736,0.14057322,0.18944192,0.22055566,0.1720075,0.025793307
2023-01-05 22:00:00+00:00,0.14159067,0.12976557,0.12591898,0.15283503,0.15858711,0.16056323,0.15478848,0.1168513,0.1635839,0.1928485,0.14973328,0.022098199
2023-01-05 23:00:00+00:00,0.12910897,0.11727089,0.11392939,0.1323051,0.14059317,0.14394748,0.13717975,0.101112396,0.14112729,0.17640558,0.13329801,0.020514814
2023-01-06 00:00:00+00:00,0.121318534,0.10226594,0.10226351,0.12096174,0.12151116,0.12813932,0.123445734,0.09317696,0.12536395,0.1745505,0.12129974,0.022159172
2023-01-06 01:00:00+00:00,0.11868268,0.09991649,0.09623106,0.113895595,0.10040595,0.117200114,0.10637082,0.09760231,0.118152946,0.1639894,0.113244735,0.019912668
2023-01-06 02:00:00+00:00,0.10852347,0.096550524,0.086713836,0.105317846,0.09092805,0.102422036,0.09651597,0.09245601,0.1069763,0.15164176,0.10380457,0.018310161
2023-01-06 03:00:00+00:00,0.10549037,0.09782706,0.082210675,0.10073294,0.082056075,0.09223496,0.08516905,0.093078405,0.09830752,0.14012891,0.09772359,0.016876621
2023-01-06 04:00:00+00:00,0.100488946,0.096043095,0.07672982,0.08975491,0.076449156,0.07968504,0.07603145,0.0895046,0.08902365,0.13024886,0.09039595,0.01642302
2023-01-06 05:00:00+00:00,0.09971748,0.092416674,0.07245959,0.079738975,0.06744039,0.066690914,0.06573005,0.08745083,0.08175872,0.12125252,0.08346562,0.017570997
2023-01-06 06:00:00+00:00,0.10496794,0.09792419,0.07392584,0.081941426,0.06860274,0.06636671,0.064484864,0.09392159,0.08692509,0.12121828,0.08602787,0.018616555
2023-01-06 07:00:00+00:00,0.13651691,0.11150953,0.08785765,0.10286221,0.079826504,0.085820995,0.06780447,0.11510995,0.10097045,0.13476971,0.10230484,0.022733266
2023-01-06 08:00:00+00:00,0.14060129,0.111753374,0.08880304,0.1041829,0.081774354,0.08385187,0.067790896,0.11924307,0.104308605,0.13568035,0.103798985,0.023752106
2023-01-06 09:00:00+00:00,0.13299571,0.10865244,0.08382124,0.09572913,0.07861456,0.07412567,0.0669207,0.116034806,0.10300934,0.12910156,0.09890051,0.023011146
2023-01-06 10:00:00+00:00,0.13299431,0.116727054,0.088430956,0.09989329,0.08316636,0.0744402,0.07662417,0.12170783,0.10998236,0.12895845,0.1032925,0.021823639
2023-01-06 11:00:00+00:00,0.13681039,0.12441167,0.09303482,0.105050266,0.08771439,0.076723896,0.0863851,0.12801246,0.11375019,0.13041772,0.10823108,0.021407494
2023-01-06 12:00:00+00:00,0.13351138,0.12829414,0.09310736,0.104642496,0.088317275,0.07422494,0.08991416,0.12917866,0.11576861,0.12750088,0.10844599,0.021182252
2023-01-06 13:00:00+00:00,0.12892191,0.12964109,0.09081718,0.10164064,0.086200446,0.06952309,0.09069426,0.12809652,0.11525473,0.1223499,0.106313966,0.021424104
2023-01-06 14:00:00+00:00,0.12868004,0.13057739,0.090407535,0.10133976,0.0848915,0.068251185,0.09215136,0.12832493,0.11415362,0.12002863,0.105880596,0.021620836
2023-01-06 15:00:00+00:00,0.12783894,0.13333738,0.09138535,0.101927534,0.08516449,0.068190865,0.09488164,0.12951717,0.114227474,0.11898558,0.10654564,0.021674635
2023-01-06 16:00:00+00:00,0.12810649,0.13410366,0.091705635,0.102395624,0.084568635,0.0677949,0.0964023,0.12971589,0.11309184,0.11796503,0.10658499,0.021754589
2023-01-06 17:00:00+00:00,0.117835164,0.12994385,0.08606444,0.094968066,0.07899976,0.061438106,0.09122689,0.123839736,0.107212394,0.10913977,0.10006682,0.021455605
2023-01-06 18:00:00+00:00,0.107179165,0.12202653,0.07855137,0.084683135,0.07198767,0.05309882,0.08387956,0.11517292,0.099356726,0.09847821,0.09144141,0.021018751
2023-01-06 19:00:00+00:00,0.10506922,0.12046921,0.07889947,0.08282931,0.07151249,0.052633487,0.08496553,0.114658415,0.09861447,0.09689653,0.09065481,0.020599369
2023-01-06 20:00:00+00:00,0.10383211,0.11634058,0.07693134,0.080477685,0.06905219,0.05026362,0.08308871,0.11236367,0.09583855,0.094252646,0.08824411,0.020367866
2023-01-06 21:00:00+00:00,0.10601163,0.11002202,0.07423176,0.08075173,0.06567973,0.04740741,0.07924467,0.10959311,0.09236221,0.09218243,0.08574867,0.02034753
2023-01-06 22:00:00+00:00,0.109444275,0.104339,0.073730126,0.08260302,0.063981175,0.045934238,0.07761702,0.10801895,0.09037879,0.09168169,0.084772825,0.020356927
2023-01-06 23:00:00+00:00,0.11361115,0.10241476,0.074877664,0.08572933,0.064716145,0.047165237,0.078508824,0.10896635,0.09006828,0.09383406,0.08598918,0.020489113
2023-01-07 00:00:00+00:00,0.10886426,0.09537111,0.07054815,0.08186817,0.060922533,0.042143904,0.07370725,0.103892475,0.08534095,0.08927004,0.081192896,0.02019339
2023-01-07 01:00:00+00:00,0.104406655,0.09227334,0.06918876,0.07960987,0.059154555,0.0395127,0.07142022,0.100602895,0.08345574,0.08636437,0.07859891,0.019629959
2023-01-07 02:00:00+00:00,0.10140945,0.08685133,0.06721158,0.07858102,0.05708468,0.03675867,0.06879461,0.09748551,0.07991248,0.08419271,0.07582821,0.019266086
2023-01-07 03:00:00+00:00,0.0982109,0.08096503,0.06291358,0.07581845,0.05412416,0.033493333,0.064803734,0.0942726,0.07621974,0.08187263,0.07226942,0.019233188
2023-01-07 04:00:00+00:00,0.09648068,0.078357965,0.060911343,0.07481144,0.052464306,0.03270126,0.06348382,0.09280571,0.074585244,0.081614956,0.07082167,0.019111583
2023-01-07 05:00:00+00:00,0.09960854,0.07972893,0.062260732,0.078987956,0.05451405,0.03575083,0.06604771,0.095238745,0.075932756,0.085163355,0.073323354,0.019241478
2023-01-07 06:00:00+00:00,0.10226229,0.08185764,0.06385699,0.08347109,0.056785554,0.039568476,0.070393324,0.097598255,0.077369004,0.0886704,0.0761833,0.019101301
2023-01-07 07:00:00+00:00,0.10358499,0.08794263,0.06773995,0.0879401,0.059173524,0.04481431,0.07632877,0.10038419,0.081426084,0.09240106,0.08017357,0.01852619
2023-01-07 08:00:00+00:00,0.096710026,0.089483574,0.06742513,0.08578083,0.05891551,0.045605592,0.07764515,0.098564595,0.08191106,0.09144199,0.07934835,0.017219992
2023-01-07 09:00:00+00:00,0.09751949,0.09447199,0.07000542,0.091626376,0.065855265,0.05206283,0.08327374,0.10294962,0.08562702,0.09599383,0.083938554,0.01633585
2023-01-07 10:00:00+00:00,0.099013746,0.1002197,0.073356345,0.098645926,0.07348898,0.059755646,0.08937819,0.10755226,0.09016016,0.10250686,0.08940778,0.015585592
2023-01-07 11:00:00+00:00,0.11487624,0.111190945,0.08082645,0.11651081,0.08817834,0.07605564,0.10105725,0.11606632,0.10098758,0.11753465,0.10232842,0.015681993
2023-01-07 12:00:00+00:00,0.123924,0.12523812,0.09440458,0.13402908,0.106211245,0.09339657,0.11570965,0.1246292,0.11598189,0.13316023,0.11666846,0.014571015
2023-01-07 13:00:00+00:00,0.12720717,0.13430196,0.10344325,0.14317597,0.11809002,0.104359426,0.12530418,0.129715,0.12638883,0.14313075,0.12551166,0.013786457
2023-01-07 14:00:00+00:00,0.118069604,0.13893378,0.10848999,0.1458077,0.1262992,0.10999461,0.13133727,0.13148719,0.13329892,0.14601296,0.12897313,0.013372339
2023-01-07 15:00:00+00:00,0.11579822,0.14728394,0.11926448,0.15469725,0.13663396,0.12075383,0.14092912,0.1368118,0.14591172,0.15495661,0.13730408,0.014389408
2023-01-07 16:00:00+00:00,0.11338709,0.15506697,0.12949353,0.16489248,0.14649884,0.13005558,0.14932479,0.14132406,0.15294343,0.16278556,0.14457723,0.016235476
2023-01-07 17:00:00+00:00,0.10495576,0.16561657,0.1400519,0.17228718,0.15315692,0.13552612,0.15576895,0.14415707,0.15810803,0.16780603,0.14974345,0.019825798
2023-01-07 18:00:00+00:00,0.094069645,0.17205536,0.14396042,0.17257823,0.15310733,0.13509318,0.15591832,0.14348231,0.15901282,0.16678804,0.14960656,0.023170369
2023-01-07 19:00:00+00:00,0.09772526,0.17862952,0.15177915,0.18247832,0.15713073,0.14067316,0.15973784,0.14703201,0.16384897,0.17350382,0.15525389,0.024312703
2023-01-07 20:00:00+00:00,0.14089583,0.20094842,0.18498835,0.22325619,0.18630649,0.17553592,0.1883334,0.17167692,0.18671188,0.21303079,0.1871684,0.022814697
2023-01-07 21:00:00+00:00,0.17287521,0.22576386,0.22044984,0.25982922,0.20765047,0.20671037,0.21831687,0.19847001,0.2078835,0.24934864,0.21672979,0.024804225
2023-01-07 22:00:00+00:00,0.18360747,0.24083996,0.23783654,0.2778687,0.21929772,0.2217974,0.23318936,0.21179266,0.22042146,0.26597914,0.23126304,0.026908053
2023-01-07 23:00:00+00:00,0.17411591,0.24730536,0.24078989,0.2781393,0.22195719,0.22354227,0.23443045,0.2148561,0.22262457,0.26469734,0.23224585,0.02871225
2023-01-08 00:00:00+00:00,0.20032926,0.26827985,0.2686491,0.3118803,0.24084397,0.25182527,0.26024163,0.23608942,0.24539131,0.29495242,0.25784826,0.031251423
2023-01-08 01:00:00+00:00,0.23384447,0.30651638,0.31170958,0.3597647,0.2756002,0.28687438,0.29596686,0.27098006,0.2826905,0.3234655,0.2947413,0.033875115
2023-01-08 02:00:00+00:00,0.2867754,0.3776665,0.3984054,0.4326446,0.357032,0.36286843,0.35874414,0.3341691,0.3429403,0.36666906,0.36179152,0.038608324
2023-01-08 03:00:00+00:00,0.34977216,0.44117633,0.52772915,0.4832486,0.43982577,0.4503289,0.4270103,0.40437073,0.40274906,0.43497106,0.43611822,0.047745187
2023-01-08 04:00:00+00:00,0.4112144,0.49339005,0.6533828,0.5284988,0.5252342,0.52460605,0.5028806,0.44118226,0.4506969,0.506389,0.5037475,0.066086024
2023-01-08 05:00:00+00:00,0.46826863,0.5123805,0.7114847,0.5596788,0.5714838,0.5622391,0.5348994,0.4522184,0.46835846,0.56533146,0.54063433,0.07504819
2023-01-08 06:00:00+00:00,0.51864606,0.51739955,0.75854325,0.589167,0.6075625,0.58614,0.56284356,0.454876,0.47977024,0.6131861,0.56881344,0.08582187
2023-01-08 07:00:00+00:00,0.52500594,0.51990986,0.76149106,0.58737665,0.6111166,0.5844347,0.5630138,0.4602973,0.4778868,0.6127341,0.5703266,0.08550287
2023-01-08 08:00:00+00:00,0.44919032,0.48163864,0.66696656,0.5287501,0.53902966,0.51471764,0.49209905,0.4435444,0.42872518,0.515507,0.50601685,0.06796346
2023-01-08 09:00:00+00:00,0.40756065,0.4485686,0.60380626,0.49197024,0.49389672,0.46531123,0.44276774,0.42988443,0.3832896,0.4650869,0.46321425,0.060342576
2023-01-08 10:00:00+00:00,0.39479697,0.426465,0.5693233,0.47496533,0.47412342,0.43865478,0.4158579,0.41661102,0.35900775,0.4463581,0.44161636,0.05680742
2023-01-08 11:00:00+00:00,0.38414943,0.39691278,0.524243,0.4614814,0.45325387,0.41254812,0.3874612,0.3906172,0.33822244,0.4298742,0.41787633,0.051885597
2023-01-08 12:00:00+00:00,0.3390898,0.34078953,0.4038088,0.4083838,0.3816669,0.3440322,0.30549973,0.32658768,0.2984452,0.36823308,0.35165367,0.038060967
2023-01-08 13:00:00+00:00,0.29636967,0.28879762,0.30658302,0.34839422,0.31329048,0.28582337,0.23733993,0.28089875,0.26492086,0.32508203,0.29475,0.031228181
2023-01-08 14:00:00+00:00,0.23808019,0.23998553,0.22706851,0.28436238,0.24867944,0.22821626,0.17958982,0.23101915,0.23412117,0.2759355,0.2387058,0.028659564
2023-01-08 15:00:00+00:00,0.20387642,0.21198559,0.18976665,0.2473485,0.21342288,0.19837898,0.15514009,0.20334913,0.21553114,0.24757197,0.20863715,0.026812147
2023-01-08 16:00:00+00:00,0.20171703,0.19380468,0.1790469,0.23454814,0.19141935,0.18759155,0.14560606,0.19589688,0.20696235,0.23655215,0.1973145,0.026224427
2023-01-08 17:00:00+00:00,0.19862755,0.17680877,0.16716611,0.22066955,0.16733544,0.17633551,0.13375364,0.18502913,0.19282511,0.22354975,0.18421005,0.026661556
2023-01-08 18:00:00+00:00,0.19383289,0.16423923,0.15754339,0.20770384,0.15051891,0.16673324,0.1241215,0.17624567,0.18017262,0.20941147,0.17305228,0.026406128
2023-01-08 19:00:00+00:00,0.19110633,0.15384907,0.14997071,0.1970066,0.13720518,0.1598069,0.11493106,0.16777886,0.16951683,0.19914266,0.16403142,0.02697132
2023-01-08 20:00:00+00:00,0.19342186,0.15029868,0.14884353,0.19433095,0.13296813,0.15727276,0.11263384,0.16411172,0.16589597,0.19683772,0.1616615,0.02764258
2023-01-08 22:00:00+00:00,0.18873848,0.14460492,0.14512491,0.1901399,0.1271415,0.15232134,0.11275436,0.15870507,0.16083428,0.18936566,0.15697303,0.02653399
2023-01-08 23:00:00+00:00,0.19030286,0.14494497,0.14695877,0.19426157,0.13064143,0.15392748,0.11747952,0.15999623,0.16357768,0.1901494,0.159224,0.026058488
2023-01-09 00:00:00+00:00,0.19712009,0.15249568,0.1556929,0.2078367,0.14376919,0.16216666,0.13061358,0.16788001,0.1759381,0.19920212,0.1692715,0.025530217
2023-01-09 01:00:00+00:00,0.20925449,0.16401678,0.17334747,0.22743331,0.16096823,0.17538548,0.1462471,0.17766584,0.19001743,0.2139264,0.18382627,0.02590285
2023-01-09 02:00:00+00:00,0.2208248,0.17578363,0.19526085,0.250086,0.18108867,0.19071466,0.16104262,0.18861254,0.20292813,0.23067743,0.1997019,0.027062008
2023-01-09 03:00:00+00:00,0.24050565,0.2090646,0.23930538,0.28977704,0.22128122,0.22055587,0.19018643,0.21376576,0.23052266,0.2597551,0.23147197,0.028060246
2023-01-09 04:00:00+00:00,0.25670242,0.251742,0.28467017,0.3259409,0.26281434,0.25314727,0.21747477,0.2421682,0.25065133,0.29226086,0.26375723,0.030192219
2023-01-09 05:00:00+00:00,0.31460392,0.33701295,0.4100649,0.41091245,0.36601657,0.34363726,0.30275846,0.32367694,0.29797366,0.36153027,0.34681875,0.040414285
2023-01-09 06:00:00+00:00,0.41088653,0.4507371,0.58178484,0.4706083,0.5031945,0.44318795,0.42313528,0.41534644,0.3542542,0.45772162,0.45108566,0.06086058
2023-01-09 07:00:00+00:00,0.5603834,0.5713018,0.7312337,0.5308138,0.6506665,0.53513235,0.59142846,0.52655697,0.41767162,0.60453403,0.57197225,0.08303479
2023-01-09 08:00:00+00:00,0.6909897,0.6608548,0.8320532,0.5895564,0.71464014,0.61955553,0.7207079,0.6021547,0.4494993,0.7006997,0.65807116,0.10171218
2023-01-09 09:00:00+00:00,0.76493376,0.70025444,0.8617245,0.59464854,0.7348798,0.6610257,0.78415227,0.6163535,0.4378659,0.74463284,0.6900471,0.11925692
2023-01-09 10:00:00+00:00,0.7835999,0.70651245,0.7844213,0.53644496,0.7000363,0.6234215,0.78855574,0.5586651,0.3747807,0.70873034,0.65651685,0.13396785
2023-01-09 11:00:00+00:00,0.7953931,0.6804099,0.70074725,0.47635776,0.68091965,0.5706763,0.7712953,0.49778754,0.32111204,0.6521517,0.61468506,0.14743012
2023-01-09 12:00:00+00:00,0.6975119,0.57339084,0.5577413,0.3948682,0.60707605,0.4705022,0.6528446,0.43479437,0.29506394,0.537047,0.52208406,0.123480454
2023-01-09 13:00:00+00:00,0.6445016,0.4994636,0.4894267,0.35182977,0.55956924,0.41422278,0.5779262,0.41106218,0.27845418,0.47536758,0.47018236,0.10986572
2023-01-09 14:00:00+00:00,0.52964014,0.3965594,0.35847542,0.27578384,0.4721349,0.32500464,0.44490385,0.34288698,0.2584145,0.37734964,0.37811533,0.08553651
2023-01-09 15:00:00+00:00,0.44015437,0.32276785,0.2876707,0.26714694,0.4146105,0.28702146,0.35159814,0.30765092,0.26342908,0.32827583,0.3270326,0.05985837
2023-01-09 16:00:00+00:00,0.40131027,0.28629982,0.2686612,0.2655949,0.39290005,0.28266615,0.29841566,0.30959165,0.25667995,0.313636,0.30757558,0.050696664
2023-01-09 17:00:00+00:00,0.27973646,0.25370002,0.23908156,0.2818157,0.3235706,0.27245647,0.26799905,0.24648578,0.25832292,0.25131816,0.2674487,0.02428783
2023-01-09 18:00:00+00:00,0.2231312,0.21946749,0.2350704,0.24781306,0.28808665,0.2808239,0.24352612,0.1954505,0.21645522,0.2555228,0.24053474,0.02898265
2023-01-09 19:00:00+00:00,0.20245992,0.17950052,0.2015611,0.20699413,0.24666052,0.2545429,0.21659149,0.16116734,0.19994324,0.24941093,0.21188319,0.030627431
2023-01-09 20:00:00+00:00,0.19485049,0.14638638,0.18260673,0.1739959,0.20140018,0.228459,0.19236083,0.14265741,0.18860236,0.23157716,0.18828964,0.029427461
2023-01-09 21:00:00+00:00,0.17678626,0.12667546,0.1686455,0.15465148,0.16823857,0.20951205,0.17374195,0.13063574,0.17725316,0.22161838,0.17077586,0.029813083
2023-01-09 22:00:00+00:00,0.17105795,0.119338036,0.16238102,0.15582924,0.14484848,0.19022626,0.16030969,0.12797672,0.17267326,0.21466303,0.16193037,0.028045429
2023-01-09 23:00:00+00:00,0.17480762,0.12399942,0.16388375,0.16467072,0.13608328,0.18465105,0.15374424,0.13138789,0.17321086,0.21324283,0.16196816,0.026998492
2023-01-10 00:00:00+00:00,0.18610732,0.13304621,0.17402816,0.18157081,0.13606194,0.18844748,0.15191741,0.14070652,0.1761168,0.21552175,0.16835245,0.026946094
2023-01-10 01:00:00+00:00,0.18691571,0.13320187,0.17721963,0.18613555,0.13225165,0.18885225,0.148596,0.1413479,0.17334858,0.21342212,0.16812913,0.027636196
2023-01-10 02:00:00+00:00,0.20860536,0.14494222,0.19066778,0.21152215,0.14222237,0.2040365,0.14959283,0.15738852,0.17946473,0.22620022,0.18146427,0.031107064
2023-01-10 03:00:00+00:00,0.2168221,0.14988679,0.199152,0.22651248,0.15148367,0.21382833,0.1545334,0.16484345,0.18311852,0.23381492,0.18939956,0.0327464
2023-01-10 04:00:00+00:00,0.2189237,0.15420589,0.2053588,0.23807429,0.15672986,0.2211411,0.15941902,0.17046107,0.18481609,0.23991022,0.19490401,0.033888504
2023-01-10 05:00:00+00:00,0.26221162,0.18642804,0.2639042,0.30268604,0.20539246,0.2689295,0.17337717,0.19787721,0.21529105,0.2826218,0.23587191,0.04517685
2023-01-10 06:00:00+00:00,0.29743993,0.2284075,0.33640644,0.3710059,0.26044893,0.31446478,0.21140589,0.23314945,0.24950242,0.33325854,0.283549,0.054304194
2023-01-10 07:00:00+00:00,0.32960635,0.2598784,0.41155323,0.42782187,0.31960994,0.36170822,0.2688579,0.2713297,0.28646973,0.38985375,0.3326689,0.06221584
2023-01-10 08:00:00+00:00,0.36232,0.30992895,0.49530134,0.4789794,0.39140666,0.41293436,0.33316183,0.3170777,0.31971195,0.4426259,0.3863448,0.06898934
2023-01-10 09:00:00+00:00,0.39068538,0.36795336,0.566471,0.52321744,0.45198864,0.45929658,0.38099575,0.34688193,0.3507881,0.485652,0.432393,0.07650378
2023-01-10 10:00:00+00:00,0.42108357,0.4210491,0.627103,0.55414623,0.5029134,0.50468016,0.42654532,0.3718447,0.3792214,0.5403205,0.47489077,0.083869115
2023-01-10 11:00:00+00:00,0.4345677,0.46041647,0.65697277,0.56202596,0.5296531,0.52666897,0.44887894,0.39377332,0.39508104,0.5635687,0.49716073,0.08484775
2023-01-10 12:00:00+00:00,0.45144182,0.5017309,0.69001853,0.5702037,0.5602829,0.5508403,0.4742232,0.4200799,0.41159564,0.584633,0.521505,0.0862943
2023-01-10 13:00:00+00:00,0.43918633,0.53428924,0.6777084,0.5491505,0.5612395,0.5400303,0.47037697,0.44802433,0.40989834,0.55291533,0.51828194,0.078441665
2023-01-10 14:00:00+00:00,0.45091522,0.59008384,0.69275045,0.5494776,0.5894709,0.55900174,0.49985254,0.4735579,0.42563587,0.5454669,0.53762126,0.07870782
2023-01-10 15:00:00+00:00,0.45228994,0.62137306,0.6971803,0.5432444,0.60397106,0.5712042,0.515483,0.48833817,0.43478394,0.54173684,0.5469605,0.08024669
2023-01-10 16:00:00+00:00,0.47894162,0.6615405,0.72167706,0.54547805,0.64442825,0.5916715,0.56162643,0.5162597,0.43706173,0.56075585,0.57194406,0.0862594
2023-01-10 17:00:00+00:00,0.42377275,0.6052635,0.6097779,0.47159857,0.583409,0.5161449,0.4866094,0.4619696,0.41561246,0.4633291,0.5037487,0.07220161
2023-01-10 18:00:00+00:00,0.35391945,0.53286374,0.49053332,0.4042545,0.5214627,0.4394973,0.41288877,0.3910637,0.38765526,0.3701866,0.4304325,0.06353443
2023-01-10 19:00:00+00:00,0.29792595,0.47381267,0.41481563,0.36054307,0.4799862,0.39065576,0.36999398,0.34718972,0.36120826,0.3339817,0.38301128,0.058495224
2023-01-10 20:00:00+00:00,0.25058615,0.4190525,0.3642737,0.3191381,0.43425548,0.34621683,0.33125252,0.30916524,0.33445916,0.3123518,0.34207514,0.05371806
2023-01-10 21:00:00+00:00,0.21256955,0.37091067,0.31950444,0.2930382,0.39374852,0.3141033,0.29211712,0.28036243,0.31039268,0.2972713,0.3084018,0.049380954
2023-01-10 22:00:00+00:00,0.18938734,0.32772604,0.28469872,0.2822271,0.35780632,0.2882063,0.2611186,0.25906956,0.28646618,0.2903522,0.2827058,0.044104658
2023-01-10 23:00:00+00:00,0.17917635,0.3031193,0.26156297,0.27568245,0.33721256,0.2664191,0.2411383,0.24761654,0.27101514,0.28335664,0.26662996,0.041338068
2023-01-11 00:00:00+00:00,0.1791913,0.2874046,0.24764097,0.2758333,0.3204469,0.2517718,0.22690298,0.24220748,0.26114252,0.2794943,0.2572036,0.03818253
2023-01-11 01:00:00+00:00,0.18550046,0.28100824,0.24216884,0.27941728,0.30906248,0.24393877,0.21930076,0.23842223,0.25570282,0.2780916,0.25326136,0.035536062
2023-01-11 02:00:00+00:00,0.18308075,0.25888926,0.22303855,0.27035683,0.28617567,0.22903317,0.20188887,0.22720917,0.24332362,0.26835483,0.23913507,0.032458387
2023-01-11 03:00:00+00:00,0.18287773,0.24433947,0.21017814,0.26216948,0.27049017,0.21804419,0.1897613,0.21947406,0.23459947,0.26013318,0.22920671,0.030348208
2023-01-11 04:00:00+00:00,0.19404836,0.25102717,0.21341234,0.2678156,0.27198488,0.22052607,0.19158836,0.223444,0.23699531,0.26536146,0.23362036,0.029775174
2023-01-11 05:00:00+00:00,0.20742528,0.26406634,0.22026536,0.27598643,0.27894133,0.22711718,0.19774507,0.23097672,0.24272212,0.27291366,0.24181595,0.029686913
2023-01-11 06:00:00+00:00,0.2263271,0.27507165,0.22833622,0.2846293,0.28504533,0.23522109,0.20212428,0.23947932,0.24750331,0.28268054,0.25064182,0.029395754
2023-01-11 07:00:00+00:00,0.24691422,0.28671277,0.23781365,0.29545206,0.29166657,0.24364272,0.20835216,0.2523687,0.25416827,0.29238215,0.26094732,0.029256715
2023-01-11 08:00:00+00:00,0.2480839,0.28530183,0.23479468,0.29259545,0.28786176,0.24109754,0.20708878,0.25224227,0.25326476,0.29035965,0.25926906,0.02874222
2023-01-11 09:00:00+00:00,0.28385955,0.2926052,0.27028897,0.31950074,0.30685169,0.26490223,0.22917493,0.27824122,0.26291215,0.31151733,0.28198537,0.027099725
2023-01-11 10:00:00+00:00,0.313322,0.2987029,0.31339836,0.34998,0.329377,0.2920766,0.26026875,0.30476755,0.2760747,0.33276218,0.307073,0.026934635
2023-01-11 11:00:00+00:00,0.31132734,0.2810542,0.30182058,0.34460884,0.3117292,0.2851839,0.24996485,0.29829365,0.27047148,0.32826123,0.29827154,0.027858349
2023-01-11 12:00:00+00:00,0.30967867,0.2654888,0.2895777,0.34007108,0.29896235,0.278745,0.23851855,0.28858793,0.26322576,0.32555696,0.28984126,0.03043313
2023-01-11 13:00:00+00:00,0.3301223,0.26826692,0.32224253,0.3637249,0.32358158,0.29772523,0.26279694,0.29630548,0.27227393,0.35010332,0.30871433,0.034878522
2023-01-11 14:00:00+00:00,0.34265727,0.26159418,0.32471722,0.37111562,0.32941777,0.30485234,0.26563823,0.2965364,0.27177468,0.35918579,0.31274897,0.03904267
2023-01-11 15:00:00+00:00,0.3728901,0.25846207,0.3362894,0.38592976,0.3441444,0.3220026,0.2767762,0.30190098,0.27483615,0.3794777,0.32527092,0.04628263
2023-01-11 16:00:00+00:00,0.40358168,0.2611972,0.35776725,0.4052028,0.36548978,0.3451705,0.29869282,0.31134313,0.28638753,0.40726772,0.34421003,0.05296283
2023-01-11 17:00:00+00:00,0.44104844,0.2767074,0.39666864,0.4319862,0.39956552,0.37666994,0.33281487,0.33213872,0.30482396,0.44992283,0.37423465,0.060088787
2023-01-11 18:00:00+00:00,0.47759295,0.28813127,0.434347,0.45818806,0.43210942,0.39552397,0.3649695,0.35419554,0.3214368,0.49234125,0.4018836,0.068427324
2023-01-11 19:00:00+00:00,0.49655145,0.28742126,0.44229963,0.463596,0.44723994,0.39922315,0.36896443,0.3611248,0.32448456,0.50572205,0.40966272,0.0733959
2023-01-11 20:00:00+00:00,0.52282244,0.29189914,0.4686106,0.47860909,0.4724146,0.4135551,0.38672143,0.3786106,0.33641422,0.53123105,0.4280888,0.079648055
2023-01-11 21:00:00+00:00,0.5113723,0.29793006,0.44358107,0.46124524,0.46280825,0.39884758,0.3712877,0.3704244,0.3245169,0.5138056,0.41558188,0.074787945
2023-01-11 22:00:00+00:00,0.47834682,0.29622683,0.39672682,0.4269057,0.43361783,0.37096035,0.34478283,0.350774,0.30479404,0.46674886,0.38698843,0.06404329
2023-01-11 23:00:00+00:00,0.4982084,0.3224712,0.43453333,0.44950503,0.46518022,0.385731,0.38109326,0.37713438,0.31825587,0.48686364,0.4118976,0.06450076
2023-01-12 00:00:00+00:00,0.5312236,0.35884735,0.4997044,0.48497945,0.51257926,0.41664332,0.43571073,0.42190439,0.3439913,0.5256854,0.4531269,0.067897715
2023-01-12 01:00:00+00:00,0.54091185,0.38936326,0.53928936,0.5039814,0.53902745,0.4308933,0.471143,0.450567,0.35717973,0.5396838,0.476204,0.06778967
2023-01-12 02:00:00+00:00,0.55754155,0.43888357,0.5972041,0.53265285,0.57690585,0.4583485,0.52312744,0.4946236,0.37897032,0.5627612,0.5121019,0.069038495
2023-01-12 03:00:00+00:00,0.5431878,0.47001305,0.59673333,0.5145462,0.5894979,0.45293313,0.53598,0.50481236,0.3778191,0.5463288,0.51318514,0.06600696
2023-01-12 04:00:00+00:00,0.5358126,0.49858943,0.59865665,0.500699,0.60240734,0.45316643,0.551412,0.5113298,0.37905687,0.53857505,0.5169705,0.06642093
2023-01-12 05:00:00+00:00,0.5423222,0.5181265,0.6119462,0.49915063,0.61504376,0.46151853,0.5697436,0.52132994,0.38559768,0.54292,0.52676994,0.068678945
2023-01-12 06:00:00+00:00,0.5105763,0.5237924,0.56837595,0.4649871,0.6003827,0.4458217,0.550093,0.49141842,0.378259,0.51313424,0.50468415,0.06407288
2023-01-12 07:00:00+00:00,0.4660101,0.5163592,0.51259625,0.42840713,0.57425624,0.422211,0.50570047,0.45585573,0.3676364,0.4733691,0.47224015,0.058477644
2023-01-12 08:00:00+00:00,0.4425128,0.4953573,0.47819486,0.41114742,0.5467214,0.40440625,0.47074986,0.43485218,0.35854146,0.45281354,0.4495297,0.05258012
2023-01-12 09:00:00+00:00,0.43060738,0.4826391,0.46418282,0.4037717,0.5298344,0.39728528,0.452105,0.42613012,0.35443532,0.44375828,0.43847498,0.04870485
2023-01-12 10:00:00+00:00,0.44352376,0.46023265,0.4755794,0.4206913,0.51697516,0.40260047,0.44985664,0.43365973,0.3542642,0.45449653,0.441188,0.043548714
2023-01-12 11:00:00+00:00,0.4367299,0.43081644,0.45502815,0.41920787,0.49074948,0.39150822,0.42444873,0.42286855,0.346114,0.44616178,0.42636332,0.038309317
2023-01-12 12:00:00+00:00,0.3920408,0.39509907,0.39242938,0.38746113,0.44346488,0.35619056,0.36681795,0.3808453,0.3260995,0.40256247,0.3843011,0.030879006
2023-01-12 13:00:00+00:00,0.34853667,0.35420644,0.32248148,0.3513803,0.38399297,0.30518633,0.3045615,0.34253383,0.2997172,0.3607671,0.33733636,0.028094713
2023-01-12 14:00:00+00:00,0.31773847,0.32433644,0.27230835,0.32123744,0.33968264,0.26999837,0.26207715,0.3139037,0.2777759,0.3309506,0.30300087,0.029045617
2023-01-12 15:00:00+00:00,0.30608386,0.30293694,0.254032,0.30883527,0.3148325,0.25770423,0.24187772,0.29883945,0.26678345,0.3186054,0.28705308,0.028671537
2023-01-12 16:00:00+00:00,0.2928493,0.2812491,0.23254263,0.29484546,0.28864104,0.24348924,0.21776159,0.28109914,0.25521365,0.30339834,0.26910895,0.029622592
2023-01-12 17:00:00+00:00,0.26660645,0.26068267,0.2078929,0.27363014,0.2597853,0.2245042,0.1931531,0.2553609,0.24260584,0.28201756,0.24662392,0.029236963
2023-01-12 18:00:00+00:00,0.2548414,0.24736446,0.19892448,0.2651891,0.2462735,0.21758929,0.1831599,0.24355279,0.236631,0.27218682,0.23657127,0.028501436
2023-01-12 19:00:00+00:00,0.24269183,0.23752415,0.19195342,0.2576028,0.23360656,0.21021497,0.17520882,0.2334527,0.23167208,0.26354486,0.2277472,0.027734665
2023-01-12 20:00:00+00:00,0.2341526,0.22524875,0.18556201,0.24885236,0.21996076,0.20328483,0.16611071,0.2247981,0.22278354,0.2556946,0.21864483,0.027317563
2023-01-12 21:00:00+00:00,0.21692137,0.21374002,0.17481321,0.23420723,0.20281579,0.1914759,0.15481465,0.21074341,0.21120557,0.24399698,0.20547342,0.026413534
2023-01-12 22:00:00+00:00,0.18456782,0.19840723,0.15982842,0.21016504,0.18121193,0.1722278,0.14024611,0.18837763,0.1964499,0.22678751,0.18582694,0.024741067
2023-01-12 23:00:00+00:00,0.17676301,0.19736671,0.16155148,0.2068605,0.18199627,0.16900405,0.13983278,0.18435313,0.19602022,0.22326547,0.18370135,0.023857713
2023-01-13 00:00:00+00:00,0.16804294,0.1959854,0.1628614,0.20219685,0.18366043,0.1639635,0.14103378,0.1798148,0.19479257,0.21692106,0.18092728,0.022477869
2023-01-13 01:00:00+00:00,0.16483636,0.19944158,0.16645849,0.20232613,0.1887664,0.16314143,0.14559628,0.17985655,0.19752026,0.21542868,0.18233722,0.021964524
2023-01-13 02:00:00+00:00,0.15918489,0.20862377,0.1706028,0.2059714,0.20126824,0.16383475,0.15305088,0.18209799,0.20223123,0.2154851,0.18623511,0.023152571
2023-01-13 03:00:00+00:00,0.1609974,0.22129965,0.17867625,0.2109433,0.21292467,0.1693348,0.16202335,0.18891092,0.20697322,0.22073984,0.19328234,0.024150979
2023-01-13 04:00:00+00:00,0.168101,0.23726648,0.18906215,0.21954505,0.22628872,0.17838636,0.17298566,0.19764851,0.2139698,0.22947094,0.20327246,0.025294123
2023-01-13 05:00:00+00:00,0.15980078,0.2328665,0.18328673,0.21252288,0.22095864,0.17205831,0.1698866,0.19218792,0.20971629,0.22226888,0.19755535,0.025496695
2023-01-13 06:00:00+00:00,0.15059884,0.22877783,0.1776695,0.20602451,0.21651076,0.16659912,0.1675684,0.18707906,0.20512724,0.21496081,0.19209161,0.025895635
2023-01-13 07:00:00+00:00,0.15222065,0.23364887,0.18129745,0.20870943,0.21960406,0.16977316,0.17089845,0.18848945,0.20679215,0.21680802,0.19482417,0.026201943
2023-01-13 08:00:00+00:00,0.14922942,0.2441721,0.18582302,0.21116237,0.22763644,0.17330426,0.17746843,0.19023173,0.20909977,0.21849462,0.1986622,0.02855968
2023-01-13 09:00:00+00:00,0.16738237,0.2669318,0.20653406,0.23135526,0.24754597,0.19131687,0.19322796,0.20412393,0.22424698,0.23687783,0.21695432,0.029892236
2023-01-13 10:00:00+00:00,0.19820233,0.2873671,0.2387709,0.2633847,0.27058095,0.21671686,0.21487938,0.22430249,0.24325648,0.25929463,0.24167562,0.028379595
2023-01-13 11:00:00+00:00,0.21177833,0.29787973,0.255346,0.27788025,0.28449476,0.22851259,0.22566368,0.23509578,0.2525979,0.27031735,0.25395662,0.028457053
2023-01-13 12:00:00+00:00,0.24431469,0.3141443,0.29668415,0.3073606,0.30697662,0.25440598,0.24613194,0.25941068,0.26939502,0.29487842,0.27937025,0.027385851
2023-01-13 13:00:00+00:00,0.2714926,0.33156717,0.33442235,0.33579177,0.33455032,0.28369105,0.2668996,0.29062754,0.2855809,0.320662,0.30552852,0.02837737
2023-01-13 14:00:00+00:00,0.31920046,0.34789425,0.40404436,0.39174968,0.3795312,0.34083763,0.3145702,0.34834814,0.30908266,0.36251977,0.35177785,0.032711335
2023-01-13 15:00:00+00:00,0.3437522,0.356143,0.4276506,0.41172403,0.40121734,0.362666,0.3321997,0.36128503,0.31691018,0.38082454,0.36943728,0.035607595
2023-01-13 16:00:00+00:00,0.36806053,0.37377384,0.44676074,0.4249193,0.42821884,0.37541142,0.35199362,0.3712657,0.32420495,0.39477924,0.38593882,0.03777364
2023-01-13 17:00:00+00:00,0.39098048,0.38839868,0.47227934,0.4428231,0.4538169,0.38785315,0.37814766,0.385085,0.33235595,0.41642192,0.4048162,0.041675046
2023-01-13 18:00:00+00:00,0.44298846,0.40872833,0.5359595,0.4838856,0.49959767,0.42372948,0.4319787,0.4271685,0.35138196,0.46888867,0.44743067,0.051963855
2023-01-13 19:00:00+00:00,0.47863823,0.42277554,0.57695365,0.5070376,0.52992916,0.44504756,0.46378034,0.45302194,0.3670578,0.5038152,0.47480568,0.058846615
2023-01-13 20:00:00+00:00,0.4804954,0.41869268,0.5716115,0.50642407,0.5294534,0.441653,0.46147668,0.45160574,0.36405858,0.50346446,0.47289354,0.05906982
2023-01-13 21:00:00+00:00,0.43898582,0.40080622,0.509153,0.4717762,0.49461126,0.40777636,0.4204266,0.41833895,0.3411797,0.45610598,0.435916,0.049508903
2023-01-13 22:00:00+00:00,0.40330893,0.38169065,0.4534128,0.44212544,0.45811975,0.3781646,0.37823343,0.38088894,0.32635608,0.41838816,0.4020689,0.04134693
2023-01-13 23:00:00+00:00,0.38046205,0.36356777,0.4106284,0.4185198,0.42503715,0.35651192,0.34082913,0.35333216,0.31332192,0.39231756,0.37545276,0.03637549
2023-01-14 00:00:00+00:00,0.35380334,0.34498298,0.36667737,0.39261848,0.3922004,0.33431664,0.30423307,0.32769656,0.29775363,0.36825502,0.3482538,0.032973792
2023-01-14 01:00:00+00:00,0.34355223,0.32806984,0.3548916,0.38424653,0.37308884,0.3273387,0.29009658,0.3192659,0.2908852,0.3600951,0.33715302,0.03205017
2023-01-14 02:00:00+00:00,0.31162965,0.30840477,0.31142935,0.35430712,0.33810914,0.29773265,0.25516516,0.29620868,0.2744375,0.3364543,0.30838782,0.029900886
2023-01-14 03:00:00+00:00,0.31273282,0.30152845,0.31945056,0.35764724,0.3327487,0.29884762,0.25619537,0.29718155,0.27423158,0.33651876,0.30870828,0.030010883
2023-01-14 04:00:00+00:00,0.30207896,0.29513586,0.31168178,0.35060823,0.320625,0.28946057,0.24632679,0.29030067,0.26968262,0.32853633,0.30044368,0.02975548
2023-01-14 05:00:00+00:00,0.32067,0.3037738,0.35181624,0.3759557,0.34058142,0.31206238,0.2727021,0.3056178,0.28113657,0.34493122,0.3209247,0.03242251
2023-01-14 06:00:00+00:00,0.32493246,0.3108302,0.37118778,0.38759696,0.3506536,0.32339367,0.28276926,0.3121485,0.28643498,0.35146877,0.3301416,0.03461736
2023-01-14 07:00:00+00:00,0.36018205,0.34139287,0.4444714,0.43355232,0.40121424,0.37031084,0.33067828,0.34859365,0.3113601,0.38821682,0.37299725,0.04366432
2023-01-14 08:00:00+00:00,0.44776088,0.4130443,0.59027696,0.5039471,0.5065619,0.4500863,0.43592972,0.4318534,0.36306676,0.48859367,0.46311212,0.062372327
2023-01-14 09:00:00+00:00,0.60739666,0.5111083,0.8052745,0.59005487,0.6534224,0.5701285,0.59250426,0.53718597,0.44944495,0.64944196,0.59659624,0.09599566
2023-01-14 10:00:00+00:00,0.7854666,0.6198753,1.0451574,0.73327625,0.80241704,0.7377983,0.7678776,0.655357,0.5041411,0.8596481,0.75110143,0.14538012
2023-01-14 11:00:00+00:00,0.8905737,0.6830636,1.1355902,0.79283386,0.8697027,0.8219716,0.864538,0.70798177,0.51535153,0.9432329,0.8224839,0.16633591
2023-01-14 12:00:00+00:00,0.85337234,0.72238076,1.0337503,0.702003,0.8054166,0.7603553,0.8544983,0.70214176,0.4831769,0.8570504,0.77741456,0.1436794
2023-01-14 13:00:00+00:00,0.8157056,0.7215862,0.9264724,0.62703675,0.76533216,0.6989798,0.82657254,0.6459823,0.44950897,0.7928996,0.7270076,0.13239543
2023-01-14 14:00:00+00:00,0.7945764,0.69934523,0.85012484,0.5785629,0.7282829,0.65357286,0.7943696,0.6014753,0.41397375,0.7557857,0.68700695,0.12954304
2023-01-14 15:00:00+00:00,0.7278182,0.6614015,0.71294296,0.5043933,0.65791833,0.58027834,0.7255975,0.50899154,0.36656854,0.65400696,0.6099917,0.11842194
2023-01-14 16:00:00+00:00,0.7189105,0.6257361,0.64956164,0.46607,0.63357425,0.5410721,0.69097286,0.47259665,0.34200662,0.6098777,0.57503784,0.117723845
2023-01-14 17:00:00+00:00,0.50955594,0.4583759,0.38759205,0.32865214,0.48026478,0.357841,0.4707662,0.3222646,0.32052973,0.3885267,0.4024369,0.071734816
2023-01-14 18:00:00+00:00,0.44626737,0.39687857,0.32046252,0.31471467,0.43540943,0.3277103,0.3986538,0.28654557,0.3209199,0.3490549,0.3596617,0.055458535
2023-01-14 19:00:00+00:00,0.35018647,0.33102188,0.24518484,0.31789112,0.3749743,0.29516762,0.3255579,0.24040906,0.32073763,0.28865197,0.3089783,0.04269706
2023-01-14 20:00:00+00:00,0.23989137,0.3184698,0.20473617,0.30436814,0.30841094,0.26589075,0.29050934,0.18227686,0.3134708,0.21159646,0.2639621,0.050816417
2023-01-14 21:00:00+00:00,0.18612407,0.32049724,0.20276421,0.27681297,0.29756504,0.26004332,0.27745366,0.13826215,0.2899321,0.15256676,0.24020214,0.064747654
2023-01-14 22:00:00+00:00,0.17285793,0.29639092,0.22094902,0.2502601,0.2891338,0.2869982,0.26203305,0.12123318,0.24353057,0.13372049,0.2277107,0.0642631
2023-01-14 23:00:00+00:00,0.17924424,0.2731138,0.23285887,0.22511394,0.30576164,0.3045327,0.24627878,0.108098745,0.21673876,0.11533953,0.22070809,0.06939928
2023-01-15 00:00:00+00:00,0.17836393,0.24940112,0.23014253,0.21739633,0.29887474,0.2944865,0.23820864,0.11294699,0.20715562,0.12978198,0.21567583,0.0618118
2023-01-15 01:00:00+00:00,0.17688476,0.22436911,0.22438368,0.21698879,0.28136015,0.27898046,0.23282565,0.12550066,0.20273033,0.16302201,0.21270457,0.048599478
2023-01-15 02:00:00+00:00,0.17811115,0.20777887,0.22132525,0.21135582,0.26992714,0.27221787,0.2282374,0.13228971,0.19927779,0.18162149,0.21021423,0.04203913
2023-01-15 03:00:00+00:00,0.17849337,0.1924876,0.22010893,0.20089777,0.25807798,0.26909387,0.22236024,0.13520774,0.19247305,0.19240439,0.2061605,0.038735583
2023-01-15 04:00:00+00:00,0.17960872,0.17977396,0.21595979,0.19355406,0.24820809,0.26273054,0.21796115,0.13451871,0.1879865,0.20009124,0.20203929,0.036656745
2023-01-15 05:00:00+00:00,0.19247194,0.15782562,0.21235895,0.1959302,0.22897772,0.24972045,0.21635269,0.1473919,0.19602817,0.25008732,0.20471449,0.03440569
2023-01-15 06:00:00+00:00,0.1980774,0.1505233,0.21079719,0.19380836,0.21587949,0.24386492,0.21017404,0.15023921,0.19527242,0.25368893,0.20223255,0.033693887
2023-01-15 07:00:00+00:00,0.20044108,0.14499554,0.20943016,0.19126393,0.20562951,0.23925692,0.20418648,0.15075548,0.19395205,0.2526925,0.19926037,0.033356465
2023-01-15 08:00:00+00:00,0.2119504,0.14640412,0.21790254,0.19912909,0.1955102,0.24089232,0.1982456,0.15538551,0.19437507,0.26034543,0.20201401,0.03440786
2023-01-15 09:00:00+00:00,0.21205251,0.14487967,0.21733594,0.19484277,0.18515189,0.24026555,0.19089459,0.14983322,0.18965802,0.25899628,0.19839105,0.035767257
2023-01-15 10:00:00+00:00,0.20385553,0.13893434,0.21055722,0.18347009,0.17714895,0.23739949,0.18427034,0.13968793,0.18231317,0.2517677,0.19094047,0.036676366
2023-01-15 11:00:00+00:00,0.20855482,0.1412198,0.21337482,0.1869796,0.16993771,0.2366504,0.1791292,0.14145268,0.18280444,0.25378796,0.19138916,0.037169956
2023-01-15 12:00:00+00:00,0.20958702,0.14132363,0.21336591,0.1867405,0.16415392,0.23524907,0.1742825,0.14048482,0.18138555,0.25225812,0.18988311,0.037526388
2023-01-15 13:00:00+00:00,0.19194438,0.12941384,0.19769025,0.161748,0.15912841,0.22762433,0.1683967,0.12585476,0.1707339,0.23786867,0.17704032,0.037215285
2023-01-15 14:00:00+00:00,0.18202563,0.122837126,0.18932024,0.15026833,0.15822117,0.2213862,0.16684686,0.121442094,0.16479796,0.229312,0.17064576,0.036239114
2023-01-15 15:00:00+00:00,0.17966618,0.12125996,0.18713108,0.15115155,0.15421079,0.2166357,0.16540875,0.12196165,0.16417891,0.22738174,0.16889863,0.035253264
2023-01-15 16:00:00+00:00,0.17867382,0.120473176,0.18642488,0.1549849,0.15031092,0.21238181,0.16494866,0.12379643,0.16476783,0.22704974,0.16838123,0.034356594
2023-01-15 17:00:00+00:00,0.17832433,0.120682746,0.18790269,0.16022773,0.14719425,0.21039867,0.16487016,0.12531528,0.16546717,0.22721982,0.16876028,0.033947624
2023-01-15 18:00:00+00:00,0.1760435,0.120181024,0.18821424,0.16175096,0.14597343,0.20917773,0.16569309,0.12576233,0.16514331,0.2261897,0.16841294,0.033601645
2023-01-15 19:00:00+00:00,0.17854281,0.1259304,0.19315892,0.17517753,0.15105598,0.20977038,0.17362387,0.13451304,0.17374852,0.22982514,0.17453466,0.031935237
2023-01-15 20:00:00+00:00,0.17402358,0.123036414,0.19123742,0.17366447,0.15069522,0.20811734,0.17500778,0.13247985,0.17307171,0.22741157,0.17287454,0.0319158
2023-01-15 21:00:00+00:00,0.17449181,0.123793244,0.1935314,0.17456524,0.14838134,0.20872629,0.17373998,0.1323725,0.1714603,0.22832021,0.17293824,0.03239301
2023-01-15 22:00:00+00:00,0.17818452,0.12999368,0.20026928,0.18739982,0.15444316,0.21106929,0.18226202,0.1409104,0.18075046,0.23367634,0.1798959,0.03162752
2023-01-15 23:00:00+00:00,0.18656687,0.13624036,0.20552737,0.19435953,0.15344836,0.21585482,0.18166058,0.14564972,0.18106744,0.23588416,0.18362592,0.03159085
2023-01-16 00:00:00+00:00,0.190585,0.13768953,0.20867628,0.19577052,0.1510696,0.22050175,0.17984392,0.14256068,0.17847943,0.23516634,0.1840343,0.03288908
2023-01-16 01:00:00+00:00,0.19769998,0.13954327,0.21383646,0.1968378,0.1476091,0.2277661,0.17496987,0.13924569,0.17549136,0.23479784,0.18477975,0.035261106
2023-01-16 02:00:00+00:00,0.19448431,0.13091055,0.21076816,0.18771432,0.14137787,0.23112139,0.16460712,0.1271262,0.1610575,0.22652179,0.17756894,0.03833681
2023-01-16 03:00:00+00:00,0.182409,0.11492115,0.20407957,0.16821499,0.13649207,0.22930142,0.15559043,0.11033498,0.14430311,0.2227562,0.16684029,0.042299155
2023-01-16 04:00:00+00:00,0.16672839,0.10474867,0.20003703,0.13375796,0.13772279,0.22835532,0.14482655,0.091637105,0.12682082,0.22430977,0.15589444,0.047761075
2023-01-16 05:00:00+00:00,0.15728937,0.09590085,0.21339798,0.11931129,0.15141185,0.23964143,0.13426475,0.081742495,0.11711356,0.2307593,0.15408328,0.056097206
2023-01-16 06:00:00+00:00,0.15881191,0.08774318,0.24308318,0.14602165,0.18862753,0.2463001,0.13330989,0.06655727,0.11885548,0.22678152,0.16160917,0.06338468
2023-01-16 07:00:00+00:00,0.20225377,0.071982175,0.29174006,0.19504948,0.27133018,0.25918862,0.12791874,0.03886129,0.1394863,0.20866892,0.18064795,0.084708065
2023-01-16 08:00:00+00:00,0.23793174,0.040135086,0.3369046,0.2164907,0.310884,0.28065696,0.12403108,0.04950984,0.1638394,0.19187734,0.19522607,0.10240196
2023-01-16 09:00:00+00:00,0.27113664,0.010747641,0.3871499,0.22707714,0.3324678,0.3170629,0.127522,0.05837117,0.1872969,0.17133233,0.20901641,0.12173223
2023-01-16 10:00:00+00:00,0.31263596,-0.001890853,0.45111927,0.23649277,0.3517161,0.36689523,0.14239092,0.060078368,0.22535446,0.16307941,0.23078719,0.14303672
2023-01-16 11:00:00+00:00,0.33401978,-0.0114666745,0.4802232,0.23511763,0.36095047,0.3898567,0.15241478,0.062081486,0.23606986,0.15981033,0.23990777,0.15371843
2023-01-16 12:00:00+00:00,0.34531456,-0.018822245,0.48976257,0.2306434,0.36086446,0.38972133,0.15476786,0.06669295,0.23587531,0.16132042,0.24161407,0.15672162
2023-01-16 13:00:00+00:00,0.34985584,-0.022248477,0.50142026,0.22946338,0.36003363,0.40053332,0.1660025,0.06412622,0.23787251,0.16623884,0.24532981,0.1602226
2023-01-16 14:00:00+00:00,0.3554148,-0.023763925,0.5293807,0.22862388,0.36465216,0.4247802,0.18479182,0.06361343,0.24504936,0.1695823,0.25421247,0.16785206
2023-01-16 15:00:00+00:00,0.35535288,-0.024213038,0.53946793,0.22469814,0.36188406,0.43270844,0.19332798,0.061853886,0.24513647,0.17066056,0.25608772,0.17035349
2023-01-16 16:00:00+00:00,0.35659403,-0.019583844,0.5578662,0.22061779,0.36317968,0.44907355,0.20999567,0.058873057,0.25111285,0.17417267,0.26219016,0.17464805
2023-01-16 17:00:00+00:00,0.34745818,-0.021375477,0.53679264,0.21350332,0.35190898,0.4313221,0.2066953,0.056927502,0.24294141,0.16712174,0.25332958,0.16863766
2023-01-16 18:00:00+00:00,0.33377612,-0.017773777,0.50492907,0.20661308,0.33727407,0.40758055,0.20045261,0.05368872,0.2322779,0.15988642,0.24187048,0.15874775
2023-01-16 19:00:00+00:00,0.31454694,-0.012182631,0.44245008,0.19726719,0.31445765,0.35216945,0.18019436,0.04337889,0.21177003,0.14653188,0.21905836,0.1404262
2023-01-16 20:00:00+00:00,0.29417425,-0.00834588,0.39676455,0.18936343,0.29765362,0.31010544,0.16742446,0.035103023,0.19586125,0.13432458,0.20124288,0.12707512
2023-01-16 21:00:00+00:00,0.27764177,-0.0052813143,0.35733104,0.17963184,0.2840798,0.27117032,0.1577032,0.03392133,0.17939767,0.123391,0.18589868,0.11505905
2023-01-16 22:00:00+00:00,0.2622354,-0.0026017427,0.31582886,0.16714926,0.26753104,0.23534426,0.1484146,0.03402129,0.16062602,0.11692716,0.17054762,0.10285525
2023-01-16 23:00:00+00:00,0.27181405,-0.004939735,0.33397093,0.1668766,0.27016234,0.24966997,0.15694429,0.02892159,0.1650829,0.11425111,0.17527542,0.10912451
2023-01-17 00:00:00+00:00,0.2719097,-0.005207628,0.33215398,0.16217928,0.26520127,0.24569958,0.16017164,0.025869176,0.1611836,0.11018576,0.17293462,0.1088688
2023-01-17 01:00:00+00:00,0.26831824,-0.004412234,0.31260896,0.15485068,0.2559654,0.2351591,0.15298916,0.027756438,0.14926067,0.100353435,0.16528498,0.104280464
2023-01-17 02:00:00+00:00,0.26690012,-0.004541248,0.30558178,0.1464342,0.24941246,0.23121303,0.15120323,0.027998164,0.14231896,0.09178071,0.16083016,0.10296002
2023-01-17 03:00:00+00:00,0.2559635,-0.0039693564,0.28147325,0.12820323,0.23282562,0.21488881,0.14342196,0.030379921,0.13177656,0.08494501,0.14999084,0.09584842
2023-01-17 04:00:00+00:00,0.22117631,-0.0023777634,0.22316033,0.08903363,0.19621445,0.16890642,0.12118159,0.037332505,0.11392394,0.08040722,0.12489587,0.07689425
2023-01-17 05:00:00+00:00,0.19425978,0.0076467246,0.16702998,0.057038486,0.16052411,0.14505377,0.09668128,0.04092896,0.09679574,0.085486636,0.105144545,0.060463395
2023-01-17 06:00:00+00:00,0.17615046,0.019333482,0.13990927,0.041229576,0.13696344,0.13211307,0.081120804,0.045761406,0.08546375,0.0821245,0.09401697,0.050795183
2023-01-17 07:00:00+00:00,0.17000555,0.020265877,0.1313521,0.033114493,0.12474805,0.1262117,0.07642543,0.048074424,0.07845339,0.07439855,0.08830495,0.048325773
2023-01-17 08:00:00+00:00,0.16821404,0.019232258,0.12807697,0.02922298,0.11882892,0.12482291,0.075877085,0.047548994,0.07496044,0.067417026,0.085420154,0.048121292
2023-01-17 09:00:00+00:00,0.1719025,0.010812864,0.13499725,0.027139366,0.11729717,0.12624982,0.08166933,0.04339674,0.074804604,0.058420837,0.08466904,0.051853675
2023-01-17 10:00:00+00:00,0.17442091,0.0027925074,0.13956004,0.024940968,0.11753598,0.12644938,0.08691552,0.038747877,0.074781865,0.05002126,0.08361664,0.055343784
2023-01-17 11:00:00+00:00,0.1555055,0.016485393,0.11682665,0.01141952,0.09755251,0.117027424,0.06491375,0.04806298,0.06306355,0.05082807,0.07416854,0.046570312
2023-01-17 12:00:00+00:00,0.14350815,0.023854703,0.10100688,0.001948595,0.08632293,0.10815077,0.05059004,0.052424848,0.05566749,0.043007404,0.06664817,0.042628217
2023-01-17 13:00:00+00:00,0.13992234,0.019468933,0.0952899,-0.00089637935,0.0831054,0.10291403,0.048488155,0.049776196,0.05483669,0.033166155,0.06260714,0.04252497
2023-01-17 14:00:00+00:00,0.1282586,0.024683863,0.07844721,-0.007416494,0.074604884,0.092089705,0.037068307,0.05178508,0.049405515,0.025645375,0.055457212,0.039035972
2023-01-17 15:00:00+00:00,0.12460518,0.02449292,0.07246639,-0.009514637,0.07235286,0.088814326,0.03505215,0.050109327,0.048295736,0.02073446,0.052740872,0.03840888
2023-01-17 16:00:00+00:00,0.12284765,0.018209964,0.0739502,-0.011135966,0.072683856,0.08713921,0.03751397,0.0467263,0.04904923,0.017628342,0.05146128,0.03903926
2023-01-17 17:00:00+00:00,0.13043223,0.0056284517,0.08305222,-0.005327508,0.08335179,0.09344562,0.058107853,0.037401736,0.05651115,0.018832356,0.056143593,0.04275571
2023-01-17 18:00:00+00:00,0.13058327,0.0021608472,0.08259092,-0.005567819,0.08628318,0.092441745,0.065577105,0.033098787,0.05777496,0.017138511,0.056208145,0.043885183
2023-01-17 19:00:00+00:00,0.121093735,0.004568428,0.07252498,-0.010529421,0.07870729,0.08507163,0.052961618,0.03457582,0.054304212,0.013931304,0.050720952,0.04069482
2023-01-17 20:00:00+00:00,0.10402244,0.013288975,0.054268494,-0.022364505,0.06267202,0.069646336,0.024104953,0.04156059,0.045206964,0.0055402443,0.03979465,0.036159296
2023-01-17 21:00:00+00:00,0.08720049,0.028145924,0.03140579,-0.031888522,0.044328958,0.044739746,-0.0008753538,0.044087052,0.04278803,-0.0047096387,0.02852225,0.03338041
2023-01-17 22:00:00+00:00,0.072050974,0.039550066,0.0056573153,-0.038753077,0.03443435,0.02504713,-0.017460868,0.033452973,0.033847988,-0.005241044,0.018258581,0.032259054
2023-01-17 23:00:00+00:00,0.065679,0.037354946,-0.0007867664,-0.040502034,0.030621111,0.01910434,-0.022800565,0.030270785,0.031348944,-0.0071649477,0.0143124815,0.03175355
2023-01-18 00:00:00+00:00,0.060221672,0.03512293,-0.007236406,-0.042316407,0.026008323,0.012389012,-0.028611302,0.026688024,0.02730015,-0.009816587,0.009974941,0.03146561
2023-01-18 01:00:00+00:00,0.05644907,0.032904074,-0.014938846,-0.042263933,0.021940917,0.0028682277,-0.0319677,0.018462226,0.021650702,-0.014071725,0.0051033013,0.030799227
2023-01-18 02:00:00+00:00,0.054143593,0.030392423,-0.020522535,-0.04240784,0.018990666,-0.003650345,-0.036387384,0.015509874,0.019511089,-0.01737266,0.0018206879,0.031024614
2023-01-18 03:00:00+00:00,0.049600363,0.027150989,-0.025492527,-0.042415597,0.013251051,-0.011013858,-0.041554995,0.011858746,0.01613541,-0.019149296,-0.0021629713,0.030534005
2023-01-18 04:00:00+00:00,0.04612489,0.02336955,-0.02819524,-0.040310413,0.0076833665,-0.018145017,-0.046139106,0.007930934,0.014403284,-0.018536985,-0.0051814737,0.029732386
2023-01-18 05:00:00+00:00,0.043570846,0.019299671,-0.0324525,-0.04151039,-0.00042438507,-0.024351247,-0.05130565,0.0022645295,0.0131873265,-0.022488989,-0.0094210785,0.02994407
2023-01-18 06:00:00+00:00,0.040261358,0.014056474,-0.0358724,-0.04420396,-0.008580163,-0.03162863,-0.055668317,-0.0033070669,0.009715378,-0.022751808,-0.013797914,0.029723685
2023-01-18 07:00:00+00:00,0.034562513,0.010198504,-0.039449982,-0.044220075,-0.014070913,-0.038576312,-0.05932758,-0.00535021,0.0051873475,-0.020855583,-0.01719023,0.028966697
2023-01-18 08:00:00+00:00,0.025896713,0.0058207065,-0.042098083,-0.04160267,-0.015849158,-0.043959208,-0.062353753,-0.00646472,-6.510317e-05,-0.02011127,-0.020078655,0.027272057
2023-01-18 09:00:00+00:00,0.019306704,-0.00073969364,-0.046188578,-0.039483406,-0.01415126,-0.046862133,-0.062544,-0.006909266,-0.009853005,-0.016744696,-0.022416934,0.0253283
2023-01-18 10:00:00+00:00,0.016515166,-0.0053493083,-0.049384072,-0.037807412,-0.014251284,-0.04309333,-0.06302717,-0.006649092,-0.015221424,-0.012230568,-0.023049852,0.024300538
2023-01-18 11:00:00+00:00,0.01292906,-0.011605866,-0.05399873,-0.03847181,-0.019562274,-0.0432133,-0.06498318,-0.008399114,-0.020041637,-0.010708757,-0.025805559,0.023800807
2023-01-18 12:00:00+00:00,0.012013093,-0.017874762,-0.056564227,-0.039535582,-0.024052441,-0.043108962,-0.066263765,-0.009677321,-0.024385646,-0.0042624995,-0.02737121,0.024195574
2023-01-18 13:00:00+00:00,0.010221332,-0.024494506,-0.05991164,-0.045195565,-0.031990275,-0.048481323,-0.06897001,-0.0077345,-0.029374503,-0.0018033311,-0.030773431,0.025653837
2023-01-18 14:00:00+00:00,0.0078083873,-0.03139154,-0.06314331,-0.051785752,-0.042054236,-0.055892862,-0.07265105,-0.005914025,-0.03373614,-0.0013423115,-0.035010286,0.027494833
2023-01-18 15:00:00+00:00,0.006473601,-0.03920351,-0.06506059,-0.053076744,-0.047357034,-0.062687166,-0.07646713,-0.0040559173,-0.0358752,-0.0037531778,-0.03810629,0.028761685
2023-01-18 16:00:00+00:00,0.0075489134,-0.04479199,-0.06511279,-0.05258134,-0.048774235,-0.06693416,-0.07766567,-0.0052807033,-0.03577116,-0.0069728494,-0.039633602,0.029072145
2023-01-18 17:00:00+00:00,0.0063674375,-0.047964074,-0.06439045,-0.051259115,-0.04907316,-0.06997157,-0.07639521,-0.008092478,-0.034846067,-0.010242671,-0.040586736,0.02821931
2023-01-18 18:00:00+00:00,0.0047993436,-0.043837644,-0.059962675,-0.05094531,-0.0472538,-0.06862687,-0.06892735,-0.013388827,-0.030497983,-0.012461759,-0.039110288,0.025381109
2023-01-18 19:00:00+00:00,0.0026112273,-0.039375477,-0.05404757,-0.052460715,-0.04723626,-0.06649802,-0.06061396,-0.017085046,-0.025401205,-0.013555519,-0.037366256,0.02289182
2023-01-18 20:00:00+00:00,0.0044192,-0.03004133,-0.045992784,-0.050038442,-0.043949455,-0.06279083,-0.049461022,-0.016764604,-0.016241446,-0.009618409,-0.032047916,0.02167562
2023-01-18 21:00:00+00:00,0.009204239,-0.014789917,-0.033866353,-0.04060924,-0.033182427,-0.05369053,-0.036647886,-0.008059427,-0.0026695654,-0.0016585961,-0.021596968,0.020647451
2023-01-18 22:00:00+00:00,0.01594086,0.0028499067,-0.018441737,-0.025281489,-0.017957091,-0.04070469,-0.021535933,0.006949529,0.012888096,0.00976418,-0.007552837,0.019504685
2023-01-18 23:00:00+00:00,0.032106385,0.0048439503,-0.013978809,-0.012896031,-0.010826126,-0.035116456,-0.018801361,0.01620087,0.018939957,0.016819522,-0.00027080998,0.021142934
2023-01-19 00:00:00+00:00,0.037017465,0.00040739775,-0.017383225,-0.016288966,-0.013003528,-0.036947645,-0.02328299,0.012912527,0.015712649,0.016304597,-0.002455172,0.022689855
2023-01-19 01:00:00+00:00,0.03474018,-0.00821843,-0.02397573,-0.022994384,-0.019558132,-0.04240211,-0.030938104,0.0056033283,0.008723274,0.011752218,-0.008726789,0.023569437
2023-01-19 02:00:00+00:00,0.03343925,-0.014241509,-0.029051825,-0.027248263,-0.02435001,-0.0463446,-0.0375759,0.0011682212,0.0037678927,0.008563578,-0.013187317,0.024517607
2023-01-19 03:00:00+00:00,0.032066047,-0.020991974,-0.03587134,-0.03220415,-0.029786408,-0.050945483,-0.045649014,-0.002836965,-0.0019657388,0.00446371,-0.018372133,0.025853744
2023-01-19 04:00:00+00:00,0.03138657,-0.028759278,-0.045459658,-0.038576856,-0.0363307,-0.0592482,-0.057105675,-0.006443046,-0.01001443,-0.0019560382,-0.025250733,0.028339073
2023-01-19 05:00:00+00:00,0.031910002,-0.03137871,-0.05457195,-0.03786744,-0.040331617,-0.06559307,-0.07112588,-0.006554708,-0.014921412,-0.0047376975,-0.029517254,0.03158458
2023-01-19 06:00:00+00:00,0.02642323,-0.03222487,-0.064219974,-0.041218385,-0.047102377,-0.06960287,-0.08220494,-0.008741446,-0.0211194,-0.009722732,-0.034973375,0.032941423
2023-01-19 07:00:00+00:00,0.018510118,-0.030631848,-0.06814254,-0.049726516,-0.05507762,-0.07505708,-0.089950815,-0.016834311,-0.02716513,-0.015295751,-0.040937148,0.032748405
2023-01-19 08:00:00+00:00,0.007642649,-0.02755458,-0.07111725,-0.060348988,-0.061426435,-0.07886358,-0.09335624,-0.024784625,-0.030044153,-0.032280028,-0.047213323,0.030719768
2023-01-19 09:00:00+00:00,0.00015934557,-0.022792526,-0.07486323,-0.070534885,-0.06373405,-0.07684035,-0.089269966,-0.027002811,-0.031060994,-0.048097484,-0.050403696,0.029129546
2023-01-19 10:00:00+00:00,-0.0020383224,-0.014941327,-0.08350758,-0.084353,-0.06557109,-0.07465511,-0.08077136,-0.027313761,-0.034408048,-0.06705529,-0.053461492,0.03083715
2023-01-19 11:00:00+00:00,-0.008776791,-0.016751476,-0.08957341,-0.08827683,-0.070861205,-0.07493379,-0.08129155,-0.028004855,-0.040864423,-0.07196409,-0.05712984,0.030574776
2023-01-19 12:00:00+00:00,-0.012240171,-0.018211931,-0.09545131,-0.09300627,-0.07604827,-0.07702037,-0.08356315,-0.0308377,-0.04565847,-0.078163125,-0.061020076,0.031360853
2023-01-19 13:00:00+00:00,-0.013842568,-0.018491797,-0.10158879,-0.09764309,-0.0797466,-0.07564635,-0.0847844,-0.034458764,-0.049575884,-0.09024935,-0.064602755,0.032851953
2023-01-19 14:00:00+00:00,-0.016447395,-0.01911091,-0.10538708,-0.10034816,-0.08368176,-0.07508076,-0.086116016,-0.036062114,-0.05351431,-0.09702727,-0.06727757,0.033637747
2023-01-19 15:00:00+00:00,-0.018281803,-0.022631042,-0.11078242,-0.10662058,-0.09185858,-0.078651525,-0.09234145,-0.04006011,-0.05616034,-0.10437952,-0.07217674,0.0352722
2023-01-19 16:00:00+00:00,-0.02081842,-0.02420634,-0.11267421,-0.108239844,-0.095972575,-0.080400996,-0.09456493,-0.04067047,-0.05871877,-0.10598582,-0.07422524,0.035417184
2023-01-19 17:00:00+00:00,-0.023708351,-0.025591977,-0.11500396,-0.10947737,-0.098762766,-0.080107965,-0.09486845,-0.040917188,-0.061608102,-0.10811647,-0.07581626,0.035398565
2023-01-19 18:00:00+00:00,-0.026662946,-0.026539885,-0.117266305,-0.1100999,-0.100792035,-0.07952369,-0.09447071,-0.040688902,-0.0644447,-0.10974446,-0.07702335,0.03531289
2023-01-19 19:00:00+00:00,-0.029489957,-0.027474478,-0.120320655,-0.11176546,-0.10325366,-0.07865419,-0.09468667,-0.041593596,-0.0678887,-0.11308829,-0.07882157,0.0355995
2023-01-19 20:00:00+00:00,-0.032145247,-0.028447166,-0.12183337,-0.11238915,-0.105742656,-0.07919175,-0.09508566,-0.04201799,-0.07046427,-0.114011675,-0.08013289,0.03547762
2023-01-19 21:00:00+00:00,-0.03490883,-0.028588697,-0.12290679,-0.112743184,-0.10604879,-0.07906716,-0.093126625,-0.041993722,-0.07363759,-0.11469895,-0.080772035,0.03515707
2023-01-19 22:00:00+00:00,-0.03681744,-0.030913092,-0.12593846,-0.11535166,-0.11009111,-0.08056594,-0.095505476,-0.043376833,-0.07572399,-0.11789137,-0.08321753,0.03570298
2023-01-19 23:00:00+00:00,-0.03912574,-0.032945223,-0.12631267,-0.11580077,-0.11419772,-0.08514688,-0.09831882,-0.043829218,-0.07672725,-0.11616484,-0.08485691,0.035330195
2023-01-20 00:00:00+00:00,-0.037393242,-0.038677223,-0.12759842,-0.122721136,-0.12381881,-0.09399284,-0.11201911,-0.048833635,-0.07464827,-0.11714283,-0.089684546,0.03681242
2023-01-20 01:00:00+00:00,-0.037028022,-0.04485354,-0.1207747,-0.12579356,-0.12865908,-0.10774546,-0.123899594,-0.058764964,-0.072522625,-0.10964171,-0.09296833,0.03591638
2023-01-20 02:00:00+00:00,-0.03486164,-0.04877264,-0.117055684,-0.12675297,-0.1293083,-0.11544717,-0.13156493,-0.06574692,-0.07099869,-0.10862223,-0.09491311,0.036205783
2023-01-20 03:00:00+00:00,-0.032824047,-0.050889082,-0.11457565,-0.1253269,-0.12956448,-0.119428,-0.13480775,-0.06884678,-0.07066298,-0.105368525,-0.09522941,0.036322474
2023-01-20 04:00:00+00:00,-0.026119262,-0.05260907,-0.11441393,-0.12571016,-0.12832217,-0.12285202,-0.13816543,-0.07293908,-0.06998125,-0.10505249,-0.09561648,0.037742976
2023-01-20 05:00:00+00:00,-0.030452602,-0.0555982,-0.11605108,-0.1270731,-0.13216095,-0.124549545,-0.14026535,-0.074473634,-0.072798386,-0.10619799,-0.09796209,0.03718671
2023-01-20 06:00:00+00:00,-0.02510342,-0.05574567,-0.114877686,-0.12469067,-0.12850712,-0.12652522,-0.14064543,-0.07588525,-0.073698595,-0.105512485,-0.09711916,0.03769452
2023-01-20 07:00:00+00:00,-0.021996774,-0.055773124,-0.113827065,-0.12201847,-0.12581928,-0.12743224,-0.13975278,-0.075223565,-0.07421078,-0.10434218,-0.09603962,0.037796136
2023-01-20 08:00:00+00:00,-0.025209479,-0.058220014,-0.11446743,-0.12167412,-0.1279442,-0.12902759,-0.14052026,-0.07489241,-0.07644503,-0.10401442,-0.0972415,0.037131723
2023-01-20 09:00:00+00:00,-0.03190525,-0.061634697,-0.115470394,-0.120576695,-0.13207956,-0.13081801,-0.14194107,-0.07566695,-0.079432376,-0.10292894,-0.09924539,0.03578863
2023-01-20 10:00:00+00:00,-0.036632344,-0.06554507,-0.11577494,-0.1159282,-0.1328581,-0.13154651,-0.14117865,-0.076676354,-0.08203708,-0.10048628,-0.09986635,0.033899188
2023-01-20 11:00:00+00:00,-0.049720064,-0.0723827,-0.1195059,-0.12074329,-0.14096837,-0.13356139,-0.14249727,-0.08107258,-0.08668437,-0.10316804,-0.105030395,0.031631354
2023-01-20 12:00:00+00:00,-0.05702339,-0.075815365,-0.1219323,-0.12570694,-0.1468842,-0.13339521,-0.14122747,-0.08198551,-0.09000617,-0.10297636,-0.1076953,0.030601218
2023-01-20 13:00:00+00:00,-0.06839476,-0.08083665,-0.124443606,-0.13150203,-0.15145469,-0.13297124,-0.13772611,-0.081760526,-0.09477889,-0.10102417,-0.110489264,0.02862532
2023-01-20 14:00:00+00:00,-0.072756365,-0.08311269,-0.124491856,-0.13555083,-0.14995289,-0.13278413,-0.13147631,-0.073413014,-0.09927284,-0.095378555,-0.10981895,0.028316848
2023-01-20 15:00:00+00:00,-0.075881235,-0.08698037,-0.124169625,-0.13644233,-0.14870028,-0.13525677,-0.13195808,-0.07161188,-0.102582924,-0.091970384,-0.11055539,0.028012667
2023-01-20 16:00:00+00:00,-0.07604727,-0.0916096,-0.12208158,-0.13706592,-0.14402375,-0.1355312,-0.13006562,-0.06441067,-0.10703815,-0.08669337,-0.10945672,0.028301977
2023-01-20 17:00:00+00:00,-0.07937336,-0.09202908,-0.12155958,-0.13404107,-0.14290357,-0.1381318,-0.13273439,-0.06969041,-0.1054655,-0.08766971,-0.11035985,0.026887026
2023-01-20 18:00:00+00:00,-0.08271862,-0.09540057,-0.120532036,-0.13378417,-0.14055362,-0.13930354,-0.13280058,-0.070838585,-0.107890934,-0.08908196,-0.11129047,0.025614865
2023-01-20 19:00:00+00:00,-0.086781405,-0.09653899,-0.11929673,-0.13185903,-0.14176048,-0.14080042,-0.13434641,-0.07541595,-0.109062724,-0.091136694,-0.11269989,0.024300335
2023-01-20 20:00:00+00:00,-0.0915988,-0.10007718,-0.119172186,-0.13066855,-0.14334954,-0.14397407,-0.13551265,-0.0821493,-0.10998096,-0.09538927,-0.11518725,0.022572767
2023-01-20 21:00:00+00:00,-0.09615938,-0.10220367,-0.11988111,-0.13203022,-0.14306766,-0.14888579,-0.1349241,-0.09062487,-0.109845035,-0.09909516,-0.11767169,0.020997046
2023-01-20 22:00:00+00:00,-0.098087266,-0.10220736,-0.11923675,-0.13347623,-0.1423333,-0.1497652,-0.13422377,-0.09256563,-0.110096216,-0.09969593,-0.11816876,0.020535732
2023-01-20 23:00:00+00:00,-0.09453722,-0.09968455,-0.119731694,-0.13194802,-0.13840607,-0.14943469,-0.1293011,-0.095928766,-0.107380725,-0.09794817,-0.116430104,0.019980837
2023-01-21 00:00:00+00:00,-0.089203134,-0.09714486,-0.119349785,-0.12899444,-0.1333975,-0.1462515,-0.12614825,-0.09511286,-0.10370377,-0.095083885,-0.113439,0.019815383
2023-01-21 01:00:00+00:00,-0.07930373,-0.09087846,-0.11824295,-0.12121233,-0.12598187,-0.13980281,-0.1229564,-0.08802275,-0.09825718,-0.08771867,-0.10723772,0.020693805
2023-01-21 02:00:00+00:00,-0.06446363,-0.08238293,-0.11731717,-0.109948486,-0.11585679,-0.13005278,-0.11828826,-0.07672961,-0.09249776,-0.07805667,-0.09855942,0.022409499
2023-01-21 03:00:00+00:00,-0.06281631,-0.081133604,-0.11806816,-0.10875529,-0.11530658,-0.12945828,-0.11942119,-0.075575754,-0.093561396,-0.07708863,-0.09811853,0.02296973
2023-01-21 04:00:00+00:00,-0.05964238,-0.07962437,-0.1181119,-0.1063945,-0.112868726,-0.12734327,-0.1196332,-0.0725405,-0.09387547,-0.074738264,-0.096477255,0.023610609
2023-01-21 05:00:00+00:00,-0.06868229,-0.0841165,-0.120926425,-0.1130518,-0.12090222,-0.13400573,-0.12504204,-0.080136105,-0.09923654,-0.080280125,-0.102637984,0.023036651
2023-01-21 06:00:00+00:00,-0.07803923,-0.08837134,-0.123249196,-0.12039867,-0.1289978,-0.14052439,-0.1293756,-0.08748977,-0.10442297,-0.085955165,-0.10868242,0.02245895
2023-01-21 07:00:00+00:00,-0.090109095,-0.095515594,-0.12726068,-0.13099957,-0.14133611,-0.15048748,-0.1365545,-0.09863588,-0.11266275,-0.09502842,-0.117859006,0.02214455
2023-01-21 08:00:00+00:00,-0.09847872,-0.10085137,-0.1303334,-0.1387187,-0.14952108,-0.15758687,-0.1421842,-0.10617098,-0.11989661,-0.101588205,-0.12453302,0.0220811
2023-01-21 09:00:00+00:00,-0.10601445,-0.10559687,-0.13332008,-0.14596292,-0.15661097,-0.16337633,-0.14681268,-0.11260877,-0.12687205,-0.107411884,-0.1304587,0.022014651
2023-01-21 10:00:00+00:00,-0.115550116,-0.110829175,-0.13583402,-0.1538941,-0.16364568,-0.16856846,-0.1525365,-0.11806627,-0.13469756,-0.11420113,-0.13678232,0.021763436
2023-01-21 11:00:00+00:00,-0.124052994,-0.11554316,-0.13734856,-0.15990561,-0.16828911,-0.17581469,-0.15640078,-0.12163329,-0.1414243,-0.119925596,-0.14203382,0.02188008
2023-01-21 12:00:00+00:00,-0.13010043,-0.121308014,-0.13868529,-0.16461179,-0.17292048,-0.18234879,-0.16013458,-0.12322948,-0.14752883,-0.124463536,-0.14653313,0.022335667
2023-01-21 13:00:00+00:00,-0.13245147,-0.12549095,-0.13848008,-0.16640894,-0.17532462,-0.18664014,-0.16161136,-0.12029018,-0.15081492,-0.12545937,-0.14829719,0.023299621
2023-01-21 14:00:00+00:00,-0.13646437,-0.13010259,-0.13953008,-0.16918463,-0.17887704,-0.19090009,-0.16385747,-0.12010432,-0.1550408,-0.12814073,-0.1512202,0.023892397
2023-01-21 15:00:00+00:00,-0.13693273,-0.12966509,-0.13930619,-0.17012852,-0.1785208,-0.1915116,-0.16419478,-0.12118716,-0.15540355,-0.12832013,-0.15151706,0.023917213
2023-01-21 16:00:00+00:00,-0.1384273,-0.13098328,-0.14086382,-0.17163588,-0.17998984,-0.19292879,-0.16559273,-0.12348409,-0.15698922,-0.12999596,-0.15308909,0.023779612
2023-01-21 17:00:00+00:00,-0.13648672,-0.12788956,-0.1417754,-0.17081675,-0.18019454,-0.19158778,-0.16612308,-0.12596783,-0.15615794,-0.12888765,-0.15258873,0.023729611
2023-01-21 18:00:00+00:00,-0.13598353,-0.12583911,-0.14469738,-0.17078394,-0.1818896,-0.19063532,-0.16765083,-0.12991162,-0.15661713,-0.12889037,-0.15328988,0.023581397
2023-01-21 19:00:00+00:00,-0.13388887,-0.12413231,-0.1459215,-0.16925997,-0.18170798,-0.18821514,-0.167726,-0.13185047,-0.15535611,-0.12779096,-0.15258494,0.023287589
2023-01-21 20:00:00+00:00,-0.12953284,-0.12118102,-0.1464424,-0.16628969,-0.18138911,-0.18536437,-0.16735914,-0.13042921,-0.15296659,-0.12438645,-0.15053408,0.023827437
2023-01-21 21:00:00+00:00,-0.12478101,-0.119484656,-0.14819993,-0.16380805,-0.18221009,-0.18171602,-0.16799785,-0.12939413,-0.15143636,-0.12308848,-0.14921166,0.024205336
2023-01-21 22:00:00+00:00,-0.11825527,-0.114953846,-0.14826989,-0.15693566,-0.17923903,-0.17583999,-0.16832674,-0.12456301,-0.14681256,-0.1194903,-0.14526863,0.024742533
2023-01-21 23:00:00+00:00,-0.11045244,-0.11031473,-0.14730678,-0.15001005,-0.17441879,-0.1688526,-0.17046905,-0.11863424,-0.1407204,-0.115155704,-0.14063348,0.02565496
2023-01-22 00:00:00+00:00,-0.107390314,-0.10892166,-0.14753212,-0.15041813,-0.17620993,-0.16829723,-0.1742325,-0.11819079,-0.13999377,-0.119455434,-0.1410642,0.026592975
2023-01-22 01:00:00+00:00,-0.107837215,-0.10945538,-0.14947537,-0.15465668,-0.18003017,-0.16998416,-0.1779464,-0.12087669,-0.14160259,-0.12518996,-0.14370546,0.027210528
2023-01-22 02:00:00+00:00,-0.10833418,-0.10634257,-0.1505492,-0.15753686,-0.18321489,-0.17007932,-0.18015404,-0.12138184,-0.14106396,-0.12872416,-0.14473811,0.0282635
2023-01-22 03:00:00+00:00,-0.11401613,-0.10611841,-0.15554923,-0.16962269,-0.19089608,-0.17091,-0.18188308,-0.12669794,-0.14394519,-0.13858362,-0.14982224,0.028813941
2023-01-22 04:00:00+00:00,-0.11629019,-0.10485315,-0.15880118,-0.17626555,-0.19472082,-0.16971648,-0.1819961,-0.13052118,-0.14465092,-0.14423335,-0.1522049,0.029339103
2023-01-22 05:00:00+00:00,-0.11583377,-0.10325585,-0.16187644,-0.18228312,-0.19842121,-0.16865471,-0.18215857,-0.13326478,-0.14449131,-0.14937106,-0.15396108,0.03058011
2023-01-22 06:00:00+00:00,-0.11135496,-0.10075541,-0.16272312,-0.18505013,-0.19833398,-0.16591984,-0.18218951,-0.13468486,-0.14259586,-0.15230092,-0.15359087,0.03179861
2023-01-22 07:00:00+00:00,-0.10615643,-0.09782708,-0.16750506,-0.191899,-0.19809037,-0.16208735,-0.18301648,-0.13737813,-0.14206007,-0.15914549,-0.15451653,0.033923283
2023-01-22 08:00:00+00:00,-0.10602801,-0.098518714,-0.17558043,-0.197889,-0.19732387,-0.15426782,-0.18029621,-0.13955982,-0.14088205,-0.16906962,-0.15594156,0.03481692
2023-01-22 09:00:00+00:00,-0.102890804,-0.098640054,-0.17894591,-0.19997364,-0.19362733,-0.14622548,-0.17509338,-0.13419509,-0.13813761,-0.1760051,-0.15437344,0.0359245
2023-01-22 10:00:00+00:00,-0.098777786,-0.09881733,-0.17935252,-0.2020711,-0.18824387,-0.13948902,-0.17083031,-0.12689194,-0.13775496,-0.18159631,-0.15238251,0.037191413
2023-01-22 11:00:00+00:00,-0.09465389,-0.098474145,-0.17979132,-0.20190018,-0.18346201,-0.13479714,-0.16848497,-0.12218253,-0.13668153,-0.18563597,-0.15060636,0.03831046
2023-01-22 12:00:00+00:00,-0.09427176,-0.0986744,-0.1797052,-0.20102951,-0.18119681,-0.13319972,-0.16768487,-0.121302925,-0.13591403,-0.18618608,-0.14991653,0.038189452
2023-01-22 13:00:00+00:00,-0.09279436,-0.09926772,-0.18000989,-0.20125492,-0.18332842,-0.1292268,-0.16487317,-0.11469346,-0.13453366,-0.18864715,-0.14886294,0.039586563
2023-01-22 14:00:00+00:00,-0.09053066,-0.09836535,-0.18059134,-0.20094383,-0.17873758,-0.1226461,-0.16081938,-0.106343575,-0.13240641,-0.19341332,-0.14647976,0.04136719
2023-01-22 15:00:00+00:00,-0.08673893,-0.09591405,-0.18080562,-0.19899003,-0.16856752,-0.114532314,-0.15548348,-0.09927179,-0.12475147,-0.19781935,-0.14228745,0.04322003
2023-01-22 16:00:00+00:00,-0.0842554,-0.09625395,-0.18098891,-0.19631195,-0.15741755,-0.1063116,-0.14982006,-0.087085016,-0.115721814,-0.20330635,-0.13774726,0.045647673
2023-01-22 17:00:00+00:00,-0.08522771,-0.10131575,-0.18625517,-0.19517004,-0.14940354,-0.0990301,-0.14610122,-0.07424767,-0.113591366,-0.20812523,-0.13584676,0.048273843
2023-01-22 18:00:00+00:00,-0.077808335,-0.109928235,-0.19588363,-0.19507276,-0.1484005,-0.09530141,-0.14537224,-0.06300046,-0.11424537,-0.21209845,-0.13571115,0.05231525
2023-01-22 19:00:00+00:00,-0.06976163,-0.116076164,-0.19640772,-0.19260699,-0.1504007,-0.09324952,-0.14302552,-0.05726576,-0.1155248,-0.21260528,-0.1346924,0.053946324
2023-01-22 20:00:00+00:00,-0.06416462,-0.119955525,-0.19686495,-0.19080983,-0.15250117,-0.09119437,-0.14163037,-0.0550278,-0.11598033,-0.21393886,-0.13420679,0.055214263
2023-01-22 21:00:00+00:00,-0.059876803,-0.12723266,-0.19534847,-0.18672869,-0.15975738,-0.092625804,-0.13902397,-0.056255,-0.12107778,-0.21334192,-0.13512684,0.054750152
2023-01-22 22:00:00+00:00,-0.048059635,-0.1352334,-0.19253312,-0.18140736,-0.16690639,-0.09536537,-0.12791222,-0.05655576,-0.13028775,-0.21216014,-0.13464211,0.05556743
2023-01-22 23:00:00+00:00,-0.039400175,-0.13645026,-0.18535826,-0.18048966,-0.17361963,-0.099176176,-0.11291227,-0.05346665,-0.13912368,-0.21225105,-0.13322479,0.057358798
2023-01-23 00:00:00+00:00,-0.042602845,-0.13551873,-0.18102753,-0.18409267,-0.16929385,-0.10027192,-0.10458295,-0.048594207,-0.1413839,-0.21400255,-0.1321371,0.05777311
2023-01-23 01:00:00+00:00,-0.043059118,-0.13431849,-0.18001726,-0.18184184,-0.16754298,-0.09941413,-0.10402143,-0.049235824,-0.1393514,-0.21200845,-0.13108109,0.05687269
2023-01-23 02:00:00+00:00,-0.04344985,-0.13124828,-0.17439507,-0.17620528,-0.16258273,-0.101367764,-0.10136394,-0.04500196,-0.13305077,-0.20360938,-0.12722751,0.054645568
2023-01-23 03:00:00+00:00,-0.046346515,-0.1288487,-0.16693744,-0.17485249,-0.15129271,-0.10379354,-0.094899215,-0.038288817,-0.12827617,-0.19647327,-0.1230009,0.052799735
2023-01-23 04:00:00+00:00,-0.048651405,-0.1282261,-0.1646593,-0.17217802,-0.14999197,-0.10530842,-0.092664,-0.038427487,-0.124171324,-0.1891689,-0.1213447,0.050745152
2023-01-23 05:00:00+00:00,-0.051316455,-0.12885195,-0.16365099,-0.16759016,-0.14884594,-0.10628786,-0.092294425,-0.03812062,-0.11981549,-0.17903367,-0.119580746,0.04823693
2023-01-23 06:00:00+00:00,-0.05702078,-0.13003205,-0.16435775,-0.16397217,-0.14729196,-0.10751114,-0.09636362,-0.039873727,-0.117347,-0.1702843,-0.11940545,0.045190856
2023-01-23 07:00:00+00:00,-0.06405704,-0.13154902,-0.16426826,-0.16243158,-0.14709122,-0.10901206,-0.10035391,-0.04232665,-0.11602482,-0.16562897,-0.12027435,0.042679623
2023-01-23 08:00:00+00:00,-0.067897506,-0.13097873,-0.15955853,-0.16071513,-0.14370024,-0.11065734,-0.10058802,-0.04212048,-0.11315166,-0.15940185,-0.11887695,0.040463462
2023-01-23 09:00:00+00:00,-0.06771075,-0.13138947,-0.1564547,-0.16169362,-0.14300604,-0.11056062,-0.0995076,-0.041965723,-0.11434476,-0.16025734,-0.11868906,0.04040669
2023-01-23 10:00:00+00:00,-0.072034016,-0.13276614,-0.1548056,-0.16309734,-0.14304328,-0.110870086,-0.10032499,-0.04612942,-0.11632241,-0.16118485,-0.12005782,0.039016407
2023-01-23 11:00:00+00:00,-0.07302444,-0.13218167,-0.15296704,-0.16466156,-0.14154178,-0.1082348,-0.09784557,-0.047762077,-0.118570656,-0.16182584,-0.11986153,0.03872902
2023-01-23 12:00:00+00:00,-0.07417902,-0.13236278,-0.15166123,-0.16430333,-0.13976845,-0.10825766,-0.097834095,-0.049414564,-0.118983224,-0.15950128,-0.11962657,0.037682764
2023-01-23 13:00:00+00:00,-0.0764866,-0.13376755,-0.15207924,-0.16122016,-0.13916793,-0.112918966,-0.10226342,-0.053400766,-0.11790271,-0.15367058,-0.1202878,0.035144173
2023-01-23 14:00:00+00:00,-0.08001607,-0.13389844,-0.15182093,-0.15942188,-0.1386554,-0.115482114,-0.104613096,-0.055812556,-0.11693472,-0.14784788,-0.1204503,0.033110306
2023-01-23 15:00:00+00:00,-0.08591634,-0.13114458,-0.1540994,-0.1543457,-0.14338756,-0.11668799,-0.110632576,-0.06726104,-0.11734348,-0.13700959,-0.121782824,0.028518973
2023-01-23 16:00:00+00:00,-0.091511756,-0.124740615,-0.15682445,-0.14990862,-0.14508899,-0.11475233,-0.11393302,-0.0730447,-0.116324775,-0.13140768,-0.12175369,0.026025863
2023-01-23 17:00:00+00:00,-0.10224505,-0.11100766,-0.15916538,-0.14880958,-0.15330862,-0.11403804,-0.12012661,-0.077799276,-0.11467659,-0.12707572,-0.12282525,0.025131939
2023-01-23 18:00:00+00:00,-0.109077096,-0.106437325,-0.15689449,-0.1454787,-0.15870774,-0.12050148,-0.12587318,-0.085754015,-0.10934749,-0.12395052,-0.12420219,0.023504002
2023-01-23 19:00:00+00:00,-0.1091716,-0.10939491,-0.15584804,-0.1434306,-0.15851256,-0.12590288,-0.12998152,-0.094664335,-0.10665062,-0.12444929,-0.12580064,0.021563638
2023-01-23 20:00:00+00:00,-0.1075205,-0.11462946,-0.15370649,-0.14018977,-0.15722603,-0.13237476,-0.13646267,-0.107463285,-0.10373802,-0.12558721,-0.12788983,0.019346582
2023-01-23 21:00:00+00:00,-0.1049418,-0.117570505,-0.15137228,-0.13552049,-0.15381129,-0.13785811,-0.1382327,-0.11615591,-0.10373727,-0.12573205,-0.12849323,0.017773459
2023-01-23 22:00:00+00:00,-0.098104544,-0.1180147,-0.1470222,-0.13734901,-0.15009049,-0.1398737,-0.14058073,-0.11576734,-0.1028566,-0.1224581,-0.12721173,0.018367453
2023-01-23 23:00:00+00:00,-0.07997775,-0.11458236,-0.1379482,-0.12925038,-0.13826163,-0.13636777,-0.138528,-0.10991436,-0.09599037,-0.11368768,-0.119450845,0.020271843
2023-01-24 00:00:00+00:00,-0.064944595,-0.10773018,-0.12718986,-0.11646807,-0.119272046,-0.12515849,-0.13114126,-0.09800111,-0.086651176,-0.10159784,-0.10781546,0.020675233
2023-01-24 01:00:00+00:00,-0.056765556,-0.10062528,-0.12008576,-0.10537934,-0.10437653,-0.120269276,-0.123730496,-0.086724505,-0.08330918,-0.08848717,-0.09897531,0.020741759
2023-01-24 02:00:00+00:00,-0.048720933,-0.094003394,-0.11528679,-0.09503621,-0.094162464,-0.11249099,-0.116005264,-0.07715674,-0.08170698,-0.07700913,-0.09115789,0.021011366
2023-01-24 03:00:00+00:00,-0.047137298,-0.091319904,-0.11409603,-0.09087631,-0.08947556,-0.107654266,-0.11224596,-0.07353684,-0.08230695,-0.07243346,-0.088108264,0.0206295
2023-01-24 04:00:00+00:00,-0.04213445,-0.087557375,-0.11154318,-0.084861904,-0.08324382,-0.1003452,-0.108790584,-0.067791164,-0.08272445,-0.06656136,-0.08355535,0.021012012
2023-01-24 05:00:00+00:00,-0.047152005,-0.08735646,-0.114746556,-0.08798611,-0.08591473,-0.10399441,-0.10846987,-0.06976788,-0.082992405,-0.06756711,-0.08559475,0.020495728
2023-01-24 06:00:00+00:00,-0.05198304,-0.08893053,-0.11807832,-0.09184617,-0.08973207,-0.10845614,-0.10902667,-0.07216336,-0.084049694,-0.06963066,-0.08838967,0.020230556
2023-01-24 07:00:00+00:00,-0.05076303,-0.086473286,-0.11840771,-0.08910772,-0.08696757,-0.106265076,-0.10498251,-0.06860484,-0.08304947,-0.06618864,-0.08608098,0.020486994
2023-01-24 08:00:00+00:00,-0.050474867,-0.08540404,-0.119077235,-0.08792019,-0.08546018,-0.105164595,-0.103361145,-0.06671494,-0.08441441,-0.06441434,-0.08524059,0.02071973
2023-01-24 09:00:00+00:00,-0.04988722,-0.08454585,-0.117229395,-0.085656464,-0.082732506,-0.104190506,-0.09955503,-0.06495034,-0.084288165,-0.061857432,-0.083489284,0.020474363
2023-01-24 10:00:00+00:00,-0.04934102,-0.08283982,-0.116847955,-0.08340755,-0.08023633,-0.10227857,-0.09710672,-0.06287444,-0.084405504,-0.059711777,-0.08190496,0.020533081
2023-01-24 11:00:00+00:00,-0.048004046,-0.080253154,-0.11724136,-0.08126184,-0.07750372,-0.09944085,-0.09555131,-0.060431402,-0.08557131,-0.057212837,-0.08024718,0.02100516
2023-01-24 12:00:00+00:00,-0.050905503,-0.080182016,-0.12164968,-0.083455294,-0.07962968,-0.100772925,-0.09795351,-0.06302899,-0.08954144,-0.058506712,-0.08256258,0.021402195
2023-01-24 13:00:00+00:00,-0.05452014,-0.0803708,-0.124838516,-0.08682755,-0.083621904,-0.10259966,-0.10184882,-0.06626558,-0.095255904,-0.060557775,-0.085670665,0.021565184
2023-01-24 14:00:00+00:00,-0.060429446,-0.082683295,-0.12704828,-0.09226456,-0.091134705,-0.10737348,-0.107715376,-0.071681485,-0.10121922,-0.065177985,-0.09067278,0.021070411
2023-01-24 15:00:00+00:00,-0.06255084,-0.08301894,-0.12839879,-0.09433448,-0.09365211,-0.10920475,-0.10936096,-0.073397085,-0.10369832,-0.06659104,-0.092420734,0.021095375
2023-01-24 16:00:00+00:00,-0.06261032,-0.08222692,-0.1287964,-0.094598025,-0.093654156,-0.10852758,-0.109492704,-0.07321369,-0.104967155,-0.06622983,-0.09243168,0.021305174
2023-01-24 17:00:00+00:00,-0.06374108,-0.08170055,-0.1292749,-0.09561163,-0.09469366,-0.10828195,-0.110448584,-0.07425302,-0.10738136,-0.06612781,-0.09315145,0.021415127
2023-01-24 18:00:00+00:00,-0.06750795,-0.08411214,-0.13074064,-0.09934586,-0.09832064,-0.11120541,-0.113288596,-0.077308014,-0.11050371,-0.068965554,-0.09612985,0.021074343
2023-01-24 19:00:00+00:00,-0.0716867,-0.08734545,-0.13191055,-0.10383305,-0.103017986,-0.11496819,-0.117306985,-0.081549756,-0.11406777,-0.072651275,-0.09983377,0.020584334
2023-01-24 20:00:00+00:00,-0.07688857,-0.09120794,-0.13344724,-0.10947642,-0.10796167,-0.12072898,-0.1213253,-0.08713441,-0.116004035,-0.07758186,-0.10417565,0.019769989
2023-01-24 21:00:00+00:00,-0.08169408,-0.094406605,-0.13463114,-0.114240855,-0.11220123,-0.12473617,-0.1247544,-0.091557994,-0.11851664,-0.08133844,-0.107807755,0.019133495
2023-01-24 22:00:00+00:00,-0.08641046,-0.09720479,-0.13570917,-0.11817485,-0.11537767,-0.12863767,-0.12728707,-0.09546628,-0.11966545,-0.08480132,-0.110873476,0.018424295
2023-01-24 23:00:00+00:00,-0.09189061,-0.10135682,-0.13725339,-0.124049515,-0.119763166,-0.13444579,-0.13037854,-0.10092382,-0.12091184,-0.09122549,-0.115219906,0.017424267
2023-01-25 00:00:00+00:00,-0.09475593,-0.10326466,-0.13816237,-0.12652948,-0.12142743,-0.13719147,-0.130892,-0.103409596,-0.120756276,-0.0945897,-0.11709789,0.016810495
2023-01-25 01:00:00+00:00,-0.0974473,-0.10501468,-0.1386063,-0.12905443,-0.123307765,-0.1401206,-0.1309405,-0.10647839,-0.11977522,-0.098208524,-0.11889537,0.016132735
2023-01-25 02:00:00+00:00,-0.099008806,-0.10631256,-0.13903038,-0.12992606,-0.12340293,-0.14134806,-0.13021547,-0.108131625,-0.11894627,-0.10016196,-0.11964841,0.0156155685
2023-01-25 03:00:00+00:00,-0.10288374,-0.10958101,-0.13983971,-0.13419583,-0.12824376,-0.14543968,-0.1322861,-0.11333925,-0.12001125,-0.1048486,-0.1230669,0.0150651
2023-01-25 04:00:00+00:00,-0.10569061,-0.111810446,-0.14025675,-0.13643697,-0.13087079,-0.14770228,-0.13277787,-0.116310924,-0.120468594,-0.107817836,-0.12501432,0.014575484
2023-01-25 05:00:00+00:00,-0.109848574,-0.11484197,-0.14101318,-0.14034426,-0.13522959,-0.15118653,-0.13507053,-0.12076901,-0.12266464,-0.11186349,-0.12828317,0.0141599765
2023-01-25 06:00:00+00:00,-0.11007583,-0.11497921,-0.14098231,-0.14044577,-0.13547857,-0.15145808,-0.13498832,-0.12086372,-0.12248077,-0.112297915,-0.12840505,0.01412486
2023-01-25 07:00:00+00:00,-0.10930266,-0.11447841,-0.14070034,-0.13897347,-0.13362716,-0.14999607,-0.13348494,-0.11916534,-0.12087028,-0.11133773,-0.12719364,0.013983045
2023-01-25 08:00:00+00:00,-0.10452393,-0.11062059,-0.13981928,-0.13313282,-0.1270295,-0.14480251,-0.12955353,-0.11262463,-0.11746443,-0.10572075,-0.122529194,0.014334724
2023-01-25 09:00:00+00:00,-0.10107702,-0.10765688,-0.13912326,-0.1290029,-0.12211888,-0.14078426,-0.12641846,-0.1073776,-0.11504259,-0.10169784,-0.11902996,0.014698129
2023-01-25 10:00:00+00:00,-0.09814458,-0.10474381,-0.13878219,-0.12587044,-0.11837108,-0.1373877,-0.12498008,-0.1030829,-0.1147502,-0.097582825,-0.11636958,0.015318502
2023-01-25 11:00:00+00:00,-0.09902588,-0.10459907,-0.13936928,-0.12661514,-0.1186416,-0.13753429,-0.12602198,-0.10343359,-0.116598435,-0.09742842,-0.116926774,0.015429543
2023-01-25 12:00:00+00:00,-0.10206392,-0.106030926,-0.14032587,-0.12996289,-0.122096576,-0.1399455,-0.12851948,-0.10670757,-0.11936423,-0.09985303,-0.119487,0.015218411
2023-01-25 13:00:00+00:00,-0.10148628,-0.10472654,-0.14049275,-0.12995341,-0.12181173,-0.13908091,-0.12998965,-0.106388554,-0.12192072,-0.098345675,-0.11941961,0.015694015
2023-01-25 14:00:00+00:00,-0.100440696,-0.103349,-0.14042531,-0.12932548,-0.12147161,-0.13760117,-0.13128458,-0.106061354,-0.12448884,-0.0960319,-0.119047984,0.01627244
2023-01-25 15:00:00+00:00,-0.09888128,-0.10249813,-0.14008875,-0.12828061,-0.12121547,-0.13609794,-0.13169548,-0.104867116,-0.12592477,-0.09383675,-0.11833863,0.016808955
2023-01-25 16:00:00+00:00,-0.099590704,-0.10382865,-0.14030682,-0.12964919,-0.123703286,-0.13683951,-0.13379501,-0.10609644,-0.12819666,-0.094216116,-0.11962223,0.016980339
2023-01-25 17:00:00+00:00,-0.100670554,-0.10558422,-0.1406214,-0.13160887,-0.12623669,-0.13846952,-0.13598213,-0.107910186,-0.12989761,-0.09571553,-0.121269666,0.0169792
2023-01-25 18:00:00+00:00,-0.099975646,-0.105740175,-0.14028884,-0.13112813,-0.1265893,-0.13786787,-0.13647972,-0.10749667,-0.13103254,-0.09485755,-0.12114565,0.017227622
2023-01-25 19:00:00+00:00,-0.10142871,-0.10881345,-0.14058751,-0.13472739,-0.13118081,-0.14068154,-0.14067997,-0.11020714,-0.134241,-0.09728631,-0.12398338,0.017470978
2023-01-25 20:00:00+00:00,-0.106694214,-0.115238935,-0.14253986,-0.14251599,-0.13887884,-0.14877427,-0.14896393,-0.11630147,-0.13777249,-0.104423515,-0.13021034,0.017536182
2023-01-25 21:00:00+00:00,-0.116156176,-0.12437568,-0.14658807,-0.15550014,-0.1523538,-0.1592544,-0.15998635,-0.12705831,-0.14470063,-0.11594903,-0.14019226,0.017596621
2023-01-25 22:00:00+00:00,-0.12943114,-0.13551186,-0.15534832,-0.17146274,-0.16722818,-0.16964927,-0.17060451,-0.14246963,-0.15774071,-0.1316782,-0.15311246,0.01694805
2023-01-25 23:00:00+00:00,-0.13978957,-0.14178927,-0.16286916,-0.18230304,-0.17779905,-0.17539164,-0.17925206,-0.1522734,-0.1681528,-0.1430105,-0.16226305,0.016778616
2023-01-26 00:00:00+00:00,-0.14430612,-0.14511254,-0.167454,-0.18713248,-0.18575215,-0.17997012,-0.18236855,-0.15497902,-0.17198871,-0.14909159,-0.16681553,0.01714454
2023-01-26 01:00:00+00:00,-0.15053278,-0.15149476,-0.17430604,-0.18955019,-0.19612074,-0.18752706,-0.18358289,-0.16004804,-0.17759998,-0.15795645,-0.1728719,0.016718335
2023-01-26 02:00:00+00:00,-0.15441261,-0.15538986,-0.17808034,-0.1895478,-0.20176008,-0.19145435,-0.18397704,-0.16163541,-0.17976327,-0.16119143,-0.17572123,0.016612366
2023-01-26 03:00:00+00:00,-0.15818231,-0.15934978,-0.1803061,-0.19094703,-0.20546852,-0.19401774,-0.18615894,-0.1619533,-0.18162678,-0.16309854,-0.17811091,0.016612416
2023-01-26 04:00:00+00:00,-0.15860254,-0.16286147,-0.18076918,-0.1926848,-0.20683734,-0.19662377,-0.18578506,-0.16057554,-0.1830023,-0.16339478,-0.17911366,0.016988026
2023-01-26 05:00:00+00:00,-0.1577934,-0.16302358,-0.18038371,-0.19326274,-0.2072176,-0.19709188,-0.1856751,-0.15922314,-0.18323793,-0.16264398,-0.17895532,0.017496018
2023-01-26 06:00:00+00:00,-0.15813693,-0.16723032,-0.18070294,-0.1953114,-0.2072419,-0.20035335,-0.18551582,-0.15756984,-0.18598858,-0.1640884,-0.18021396,0.017809147
2023-01-26 07:00:00+00:00,-0.15886611,-0.17113064,-0.17999096,-0.1959735,-0.20601025,-0.20252281,-0.18536197,-0.15563674,-0.1873666,-0.16539425,-0.1808254,0.017786922
2023-01-26 08:00:00+00:00,-0.16172326,-0.17188726,-0.18045044,-0.19539082,-0.20525822,-0.20335677,-0.18573572,-0.1583832,-0.18833694,-0.1660121,-0.18165347,0.016860418
2023-01-26 09:00:00+00:00,-0.16427934,-0.16913304,-0.17931855,-0.19195333,-0.20271215,-0.20083103,-0.18511748,-0.16078247,-0.18603504,-0.16764492,-0.18078074,0.015043736
2023-01-26 10:00:00+00:00,-0.1651625,-0.16509384,-0.17867514,-0.19242263,-0.19861895,-0.1992751,-0.18392281,-0.165992,-0.18412468,-0.16957209,-0.18028598,0.013553046
2023-01-26 11:00:00+00:00,-0.16583517,-0.1611116,-0.17643057,-0.1940633,-0.19305877,-0.19651061,-0.18227814,-0.17230508,-0.18290704,-0.168781,-0.17932813,0.012495636
2023-01-26 12:00:00+00:00,-0.16337273,-0.15562269,-0.17264561,-0.19421282,-0.18907014,-0.19310284,-0.17952809,-0.17429648,-0.17946474,-0.16518766,-0.17665038,0.013000033
2023-01-26 13:00:00+00:00,-0.15791659,-0.14703542,-0.16602445,-0.18831712,-0.1813972,-0.19095755,-0.17252158,-0.17080164,-0.17185909,-0.15724292,-0.17040735,0.014005389
2023-01-26 14:00:00+00:00,-0.1477887,-0.13805157,-0.15808018,-0.17788765,-0.16904867,-0.18137467,-0.1625601,-0.1595934,-0.15966833,-0.14519945,-0.15992527,0.013820629
2023-01-26 15:00:00+00:00,-0.13763098,-0.1296924,-0.15227206,-0.16798258,-0.16002347,-0.17155367,-0.15478423,-0.14729403,-0.15022053,-0.13412127,-0.15055752,0.0138974115
2023-01-26 16:00:00+00:00,-0.12903666,-0.1209129,-0.14871842,-0.15749606,-0.1509937,-0.16100994,-0.1489005,-0.13391842,-0.1413169,-0.122505344,-0.14148088,0.014263338
2023-01-26 17:00:00+00:00,-0.12501565,-0.11625468,-0.14799298,-0.1519134,-0.14538397,-0.15560362,-0.14567508,-0.12715317,-0.13780923,-0.11672964,-0.13695315,0.014595932
2023-01-26 18:00:00+00:00,-0.11871722,-0.11024538,-0.14676811,-0.14402977,-0.13683927,-0.14831638,-0.1405648,-0.11881871,-0.13554923,-0.10850423,-0.13083531,0.015276476
2023-01-26 19:00:00+00:00,-0.11530897,-0.10703926,-0.14604947,-0.13957253,-0.13182896,-0.14388531,-0.13860862,-0.11556459,-0.13651831,-0.10308545,-0.12774615,0.015940724
2023-01-26 20:00:00+00:00,-0.116295174,-0.10788438,-0.14632674,-0.14077088,-0.1329692,-0.14470628,-0.13991717,-0.11663147,-0.13845229,-0.103586815,-0.12875405,0.016038943
2023-01-26 21:00:00+00:00,-0.11653167,-0.107931584,-0.14636487,-0.14084834,-0.13326848,-0.14454862,-0.14054914,-0.11688812,-0.13974187,-0.103534006,-0.12902066,0.016142488
2023-01-26 22:00:00+00:00,-0.11846665,-0.10986553,-0.14691874,-0.14358222,-0.1359558,-0.14692265,-0.14192522,-0.118902236,-0.14032342,-0.106099166,-0.13089617,0.015868017
2023-01-26 23:00:00+00:00,-0.12385324,-0.11448176,-0.14835829,-0.14992088,-0.14272471,-0.15274364,-0.14537844,-0.12424128,-0.14138201,-0.112879224,-0.13559635,0.0151686715
2023-01-27 00:00:00+00:00,-0.12825555,-0.11948001,-0.14947087,-0.15614882,-0.14932185,-0.15880623,-0.14955884,-0.13109237,-0.1434607,-0.11919584,-0.1404791,0.01476959
2023-01-27 01:00:00+00:00,-0.12938996,-0.12209218,-0.14969823,-0.15881085,-0.15194252,-0.16160202,-0.1510108,-0.13444196,-0.14498077,-0.121952884,-0.14259222,0.014628276
2023-01-27 02:00:00+00:00,-0.13456087,-0.12873411,-0.1523653,-0.1666387,-0.15928781,-0.16907996,-0.1566238,-0.14355084,-0.1520131,-0.12913334,-0.14919879,0.014688888
2023-01-27 03:00:00+00:00,-0.1353628,-0.13090093,-0.15299848,-0.16842744,-0.16088167,-0.17117468,-0.15803598,-0.14587745,-0.15312727,-0.13133669,-0.15081234,0.01463418
2023-01-27 04:00:00+00:00,-0.1431129,-0.13795161,-0.1579001,-0.17640787,-0.16910851,-0.17918465,-0.16242583,-0.15630287,-0.15909414,-0.14079776,-0.15822862,0.014351428
2023-01-27 05:00:00+00:00,-0.14971362,-0.14204271,-0.16159114,-0.18235731,-0.17451628,-0.18530294,-0.16624309,-0.16421005,-0.16431987,-0.14890493,-0.1639202,0.0142454645
2023-01-27 06:00:00+00:00,-0.15537238,-0.1462687,-0.16542229,-0.1875515,-0.17952266,-0.18918806,-0.17095774,-0.17038378,-0.16983323,-0.15549847,-0.1689999,0.0140095195
2023-01-27 07:00:00+00:00,-0.16014178,-0.15061001,-0.16831107,-0.191192,-0.18276918,-0.19256213,-0.17391334,-0.1738268,-0.17395532,-0.16132998,-0.17286116,0.013482998
2023-01-27 08:00:00+00:00,-0.16145249,-0.1516229,-0.16759044,-0.19087893,-0.18248674,-0.19326934,-0.17387004,-0.17394532,-0.17351125,-0.16344252,-0.17320701,0.013050832
2023-01-27 09:00:00+00:00,-0.1634677,-0.15467349,-0.16869684,-0.19201285,-0.18506217,-0.19380024,-0.17571998,-0.1741892,-0.17474164,-0.16690883,-0.1749273,0.012457398
2023-01-27 10:00:00+00:00,-0.16439769,-0.1561973,-0.16827366,-0.1913018,-0.1863048,-0.19387022,-0.17601971,-0.17326114,-0.17414425,-0.16852447,-0.1752295,0.012050945
2023-01-27 11:00:00+00:00,-0.16316302,-0.15711945,-0.16884327,-0.19087902,-0.18588397,-0.19224122,-0.17623143,-0.173201,-0.1740492,-0.16896755,-0.17505789,0.011583566
2023-01-27 12:00:00+00:00,-0.1628934,-0.15852588,-0.16855207,-0.18959568,-0.18702298,-0.1909155,-0.17616567,-0.17045955,-0.1735234,-0.16935,-0.17470041,0.0111833755
2023-01-27 13:00:00+00:00,-0.1630316,-0.16014646,-0.16941598,-0.1894347,-0.18758869,-0.18996194,-0.17646033,-0.16949272,-0.17385149,-0.17036793,-0.17497519,0.010754734
2023-01-27 14:00:00+00:00,-0.16239601,-0.16014475,-0.16697866,-0.18801153,-0.18747953,-0.18937477,-0.17478848,-0.1663998,-0.17139977,-0.1700086,-0.17369822,0.010906116
2023-01-27 15:00:00+00:00,-0.16224235,-0.16150494,-0.1631264,-0.18684152,-0.18706769,-0.18922994,-0.17367738,-0.16180035,-0.16825971,-0.1700084,-0.17237589,0.011312065
2023-01-27 16:00:00+00:00,-0.15916592,-0.15822306,-0.16145825,-0.1837324,-0.18467154,-0.18585467,-0.17152767,-0.16144635,-0.16464412,-0.16821107,-0.1698935,0.011012667
2023-01-27 17:00:00+00:00,-0.15340835,-0.15534396,-0.15852141,-0.17978343,-0.18069609,-0.18212047,-0.16792522,-0.1602008,-0.15927392,-0.1652847,-0.16625583,0.01093563
2023-01-27 18:00:00+00:00,-0.15157071,-0.1549484,-0.15666059,-0.17605257,-0.17818877,-0.17816326,-0.16595164,-0.15758744,-0.15661663,-0.1639055,-0.16396454,0.010202994
2023-01-27 19:00:00+00:00,-0.15003064,-0.15402383,-0.15645126,-0.17135915,-0.17576192,-0.17379591,-0.16379194,-0.15280731,-0.15344596,-0.16177905,-0.16132471,0.009487874
2023-01-27 20:00:00+00:00,-0.14452864,-0.15151311,-0.1585243,-0.16521962,-0.17106909,-0.16852692,-0.1612867,-0.14711128,-0.14989331,-0.15787306,-0.1575546,0.009132903
2023-01-27 21:00:00+00:00,-0.14199789,-0.15005048,-0.15961234,-0.1601792,-0.16793692,-0.1646089,-0.1589025,-0.14274782,-0.14627343,-0.15494248,-0.1547252,0.009080454
2023-01-27 22:00:00+00:00,-0.1374886,-0.14752625,-0.16172306,-0.15404148,-0.16608475,-0.16036573,-0.15589766,-0.14315641,-0.14276618,-0.1505177,-0.15195677,0.009300593
2023-01-27 23:00:00+00:00,-0.13405329,-0.1446869,-0.1637159,-0.15276977,-0.16578189,-0.15629095,-0.15239921,-0.14397222,-0.13810006,-0.14768295,-0.14994529,0.010306449
2023-01-28 00:00:00+00:00,-0.13077825,-0.14146939,-0.16533756,-0.15323108,-0.16565461,-0.1520853,-0.14944287,-0.14314498,-0.13262692,-0.145404,-0.14791748,0.011851976
2023-01-28 01:00:00+00:00,-0.13034289,-0.1387138,-0.16760162,-0.15722537,-0.1651788,-0.14805833,-0.15080611,-0.13852163,-0.12662564,-0.14141123,-0.14644852,0.01388993
2023-01-28 02:00:00+00:00,-0.122591525,-0.13473584,-0.16854718,-0.15720795,-0.15797761,-0.14411521,-0.14765997,-0.13021263,-0.11878079,-0.14160098,-0.14234298,0.01610501
2023-01-28 03:00:00+00:00,-0.10928726,-0.12710343,-0.16763645,-0.15089634,-0.14375095,-0.1334407,-0.14516217,-0.12132582,-0.113547996,-0.14228788,-0.1354439,0.018018283
2023-01-28 04:00:00+00:00,-0.099576324,-0.12165087,-0.16963823,-0.14884415,-0.1346109,-0.12461508,-0.14267495,-0.11143089,-0.11150865,-0.14298928,-0.13075392,0.02103513
2023-01-28 05:00:00+00:00,-0.09022767,-0.11454719,-0.17088129,-0.14842509,-0.12621246,-0.11827881,-0.1349256,-0.1000243,-0.10026297,-0.14845578,-0.12522411,0.02560977
2023-01-28 06:00:00+00:00,-0.08265129,-0.10855815,-0.1697285,-0.14568448,-0.11740304,-0.11514472,-0.12991555,-0.096551545,-0.09464786,-0.14914161,-0.12094267,0.02752777
2023-01-28 07:00:00+00:00,-0.078666754,-0.10484083,-0.16748828,-0.14123495,-0.11070017,-0.11330598,-0.12980163,-0.09618607,-0.09375283,-0.14645907,-0.11824367,0.027481142
2023-01-28 08:00:00+00:00,-0.07831249,-0.10423672,-0.16709152,-0.14092278,-0.11078991,-0.11379639,-0.1281313,-0.09527479,-0.091569036,-0.14586677,-0.117599174,0.027612872
2023-01-28 09:00:00+00:00,-0.07003423,-0.10039714,-0.16438413,-0.13590887,-0.1026053,-0.11171713,-0.12754738,-0.094821595,-0.09158079,-0.14287345,-0.114187,0.02820348
2023-01-28 10:00:00+00:00,-0.06750296,-0.09766999,-0.16337602,-0.13386753,-0.09762237,-0.110358514,-0.124751896,-0.0947014,-0.091149144,-0.14132239,-0.11223223,0.028418118
2023-01-28 11:00:00+00:00,-0.07319516,-0.10168211,-0.16411196,-0.13544205,-0.10432684,-0.11311374,-0.1289224,-0.09413948,-0.090598,-0.1411183,-0.11466501,0.02744255
2023-01-28 12:00:00+00:00,-0.08137591,-0.10619667,-0.16322091,-0.13582669,-0.111196905,-0.11749648,-0.13388026,-0.09631996,-0.09322104,-0.13685839,-0.117559314,0.024899354
2023-01-28 13:00:00+00:00,-0.08355074,-0.108109415,-0.16252173,-0.135125,-0.112819195,-0.12021161,-0.1353931,-0.09957865,-0.09564711,-0.13493669,-0.118789315,0.023602959
2023-01-28 14:00:00+00:00,-0.08446941,-0.10904041,-0.16134912,-0.13381338,-0.11396888,-0.12240503,-0.13561822,-0.10101273,-0.0974631,-0.13371293,-0.11928532,0.022658203
2023-01-28 15:00:00+00:00,-0.08603722,-0.110812664,-0.16010135,-0.13215172,-0.1152808,-0.12610477,-0.13631424,-0.104455754,-0.10156967,-0.13236322,-0.12051915,0.021215321
2023-01-28 16:00:00+00:00,-0.084135406,-0.1100259,-0.15837583,-0.12939806,-0.11308921,-0.12758525,-0.13566668,-0.104910955,-0.10062447,-0.13049689,-0.11943086,0.021101752
2023-01-28 17:00:00+00:00,-0.08241408,-0.10978386,-0.15604119,-0.1274317,-0.111350864,-0.13021223,-0.13501972,-0.10637652,-0.1010352,-0.12827803,-0.118794344,0.020750396
2023-01-28 18:00:00+00:00,-0.07838706,-0.10723823,-0.15321614,-0.12499523,-0.10798078,-0.13026986,-0.13380073,-0.104553826,-0.09944409,-0.12616077,-0.11660467,0.021205233
2023-01-28 19:00:00+00:00,-0.075784795,-0.105118334,-0.15185839,-0.1233484,-0.10515344,-0.12893239,-0.132839,-0.10215346,-0.09826184,-0.12534948,-0.114879966,0.021667127
2023-01-28 20:00:00+00:00,-0.07406458,-0.10339674,-0.15113431,-0.1222633,-0.10359294,-0.12734303,-0.1315297,-0.10011499,-0.09620947,-0.124659926,-0.113430895,0.022029858
2023-01-28 21:00:00+00:00,-0.072891176,-0.10178697,-0.15026781,-0.121198535,-0.10160044,-0.12470689,-0.13005531,-0.09822763,-0.09324257,-0.124453984,-0.11184313,0.022298055
2023-01-28 22:00:00+00:00,-0.07102553,-0.09994474,-0.14872508,-0.119755,-0.1000063,-0.123249374,-0.12853001,-0.0966054,-0.09070567,-0.12325828,-0.11018054,0.022511313
2023-01-28 23:00:00+00:00,-0.06287349,-0.09528233,-0.14660574,-0.116384745,-0.09124826,-0.11967445,-0.12677912,-0.09297764,-0.08735134,-0.12218681,-0.1061364,0.024374375
2023-01-29 00:00:00+00:00,-0.058282264,-0.09146617,-0.14523044,-0.11422396,-0.08625362,-0.11420638,-0.123472266,-0.08879097,-0.081831105,-0.12164791,-0.10254051,0.025523152
2023-01-29 01:00:00+00:00,-0.05878026,-0.09003617,-0.1443999,-0.11392817,-0.08563025,-0.11229213,-0.120810084,-0.08583941,-0.077369206,-0.121328905,-0.10104145,0.025627865
2023-01-29 02:00:00+00:00,-0.059708383,-0.08802003,-0.14352812,-0.11438863,-0.08561201,-0.1117269,-0.11535953,-0.08289517,-0.071807384,-0.120847754,-0.09938939,0.025749678
2023-01-29 03:00:00+00:00,-0.058564927,-0.08493541,-0.14194846,-0.112404734,-0.08191038,-0.10956026,-0.10992096,-0.080471225,-0.067186534,-0.11951422,-0.09664171,0.026035313
2023-01-29 04:00:00+00:00,-0.05721026,-0.0812712,-0.14070073,-0.110685855,-0.0774064,-0.10759298,-0.103339076,-0.08133072,-0.061942346,-0.11828032,-0.09397598,0.026457408
2023-01-29 05:00:00+00:00,-0.05723676,-0.07991785,-0.13922456,-0.11187032,-0.07795356,-0.10843005,-0.0994152,-0.083723895,-0.057335038,-0.12001293,-0.09351201,0.02694377
2023-01-29 06:00:00+00:00,-0.05447668,-0.07934965,-0.13572602,-0.11267145,-0.08194262,-0.10850539,-0.09813923,-0.08593152,-0.054188043,-0.11977474,-0.09307054,0.026967304
2023-01-29 07:00:00+00:00,-0.05228557,-0.078909844,-0.13285354,-0.114486724,-0.08506263,-0.109282814,-0.09728851,-0.08820941,-0.05215149,-0.119484685,-0.093001515,0.027173707
2023-01-29 08:00:00+00:00,-0.049793884,-0.075990155,-0.12872982,-0.11343418,-0.085128084,-0.10864305,-0.095828086,-0.086525254,-0.047941275,-0.117281824,-0.09092955,0.027454812
2023-01-29 09:00:00+00:00,-0.04853681,-0.075633064,-0.12622389,-0.113111496,-0.08638791,-0.10947885,-0.096825965,-0.084764875,-0.046993807,-0.11529555,-0.09032522,0.02733888
2023-01-29 10:00:00+00:00,-0.047180686,-0.07331143,-0.12324004,-0.11178222,-0.086650684,-0.108994015,-0.096473776,-0.08231594,-0.048014525,-0.112227306,-0.08901906,0.026690662
2023-01-29 11:00:00+00:00,-0.044006944,-0.069721,-0.11986658,-0.10894781,-0.08452599,-0.107132025,-0.09514165,-0.07919995,-0.047978166,-0.10720062,-0.08637208,0.026192147
2023-01-29 12:00:00+00:00,-0.040883362,-0.06757016,-0.115852654,-0.107798696,-0.08492461,-0.10713435,-0.09465426,-0.07551189,-0.049741663,-0.1032116,-0.08472832,0.025753062
2023-01-29 13:00:00+00:00,-0.03797072,-0.068246834,-0.11150641,-0.108190894,-0.08786427,-0.10836858,-0.09356626,-0.0724978,-0.055419765,-0.10046277,-0.08440943,0.025005354
2023-01-29 14:00:00+00:00,-0.03967485,-0.06720547,-0.10998237,-0.1062238,-0.08863847,-0.10706774,-0.08996433,-0.069667935,-0.061073657,-0.095967844,-0.083546646,0.023278901
2023-01-29 15:00:00+00:00,-0.039882258,-0.06530615,-0.10524218,-0.103575855,-0.08763931,-0.103710584,-0.08593225,-0.06609726,-0.0628201,-0.08948948,-0.080969535,0.021713179
2023-01-29 16:00:00+00:00,-0.044636063,-0.0668777,-0.10032127,-0.1037004,-0.08904439,-0.10141107,-0.08555695,-0.06304434,-0.06513615,-0.08447492,-0.08042032,0.019706927
2023-01-29 17:00:00+00:00,-0.04868753,-0.0703913,-0.09925006,-0.10385369,-0.084998146,-0.10004356,-0.088342,-0.061371695,-0.06517308,-0.08120156,-0.08033126,0.018486856
2023-01-29 18:00:00+00:00,-0.05931493,-0.075886935,-0.097757176,-0.10537356,-0.079222396,-0.099817015,-0.09177993,-0.058260936,-0.07094358,-0.07938635,-0.08177428,0.016531155
2023-01-29 19:00:00+00:00,-0.066710755,-0.08073601,-0.098339565,-0.106506914,-0.07598369,-0.09908981,-0.09454203,-0.059415523,-0.07267477,-0.07866232,-0.08326614,0.015565691
2023-01-29 20:00:00+00:00,-0.07173925,-0.08715658,-0.094461046,-0.106831744,-0.06810963,-0.09609283,-0.09802679,-0.05779953,-0.06903124,-0.07756834,-0.0826817,0.016058983
2023-01-29 21:00:00+00:00,-0.075169414,-0.089482725,-0.09643553,-0.1080459,-0.06577732,-0.09394341,-0.101021245,-0.057937715,-0.067230955,-0.08190778,-0.083695196,0.01675125
2023-01-29 22:00:00+00:00,-0.080978334,-0.09414382,-0.097573236,-0.10982243,-0.065426394,-0.09295743,-0.1034073,-0.058908727,-0.06647704,-0.08723637,-0.085693106,0.01726702
2023-01-29 23:00:00+00:00,-0.084485255,-0.09835708,-0.09660884,-0.11096171,-0.06644446,-0.088608794,-0.104418516,-0.05977075,-0.065917365,-0.09356369,-0.086913645,0.017509492
2023-01-30 00:00:00+00:00,-0.08370057,-0.10023531,-0.09555617,-0.110519305,-0.06892091,-0.08565334,-0.103726484,-0.059287474,-0.064682096,-0.09518863,-0.086747035,0.017490804
2023-01-30 01:00:00+00:00,-0.0871759,-0.104439825,-0.09977384,-0.112252206,-0.07476359,-0.08841684,-0.10596605,-0.062218975,-0.06650732,-0.098506264,-0.09000208,0.017297367
2023-01-30 02:00:00+00:00,-0.08715572,-0.10798299,-0.101151824,-0.1126426,-0.07807048,-0.08873517,-0.1070832,-0.06391062,-0.06822684,-0.100694,-0.09156534,0.017155701
2023-01-30 03:00:00+00:00,-0.088996194,-0.11239092,-0.10231489,-0.11366889,-0.08058744,-0.0875568,-0.108930364,-0.06732516,-0.071782395,-0.104456775,-0.093800984,0.016923722
2023-01-30 04:00:00+00:00,-0.09305641,-0.11813536,-0.10896435,-0.11714256,-0.08786874,-0.092358224,-0.1131385,-0.07102539,-0.076183125,-0.10866123,-0.09865339,0.016974395
2023-01-30 05:00:00+00:00,-0.09995602,-0.1226171,-0.11779453,-0.120243,-0.0974223,-0.10224838,-0.11694054,-0.07469532,-0.07818889,-0.113814816,-0.1043921,0.017161448
2023-01-30 06:00:00+00:00,-0.107619464,-0.1267121,-0.1296034,-0.12310088,-0.11112595,-0.12419929,-0.12475697,-0.08778368,-0.09062913,-0.121613756,-0.114714466,0.015066358
2023-01-30 07:00:00+00:00,-0.11272851,-0.13118206,-0.14077544,-0.12307136,-0.12085058,-0.13675389,-0.13504885,-0.10098204,-0.10264993,-0.12878852,-0.12328311,0.013980172
2023-01-30 08:00:00+00:00,-0.11104155,-0.13024533,-0.14848252,-0.12601322,-0.12543589,-0.14022937,-0.1381993,-0.11109756,-0.10895455,-0.1307328,-0.12704322,0.013428844
2023-01-30 09:00:00+00:00,-0.11088138,-0.13228162,-0.15439026,-0.12940246,-0.12982088,-0.14327452,-0.13891654,-0.1204319,-0.11562611,-0.13329704,-0.13083228,0.013012044
2023-01-30 10:00:00+00:00,-0.113419,-0.13336946,-0.15819561,-0.13360602,-0.13580242,-0.14614683,-0.13764103,-0.12776278,-0.119868316,-0.13468596,-0.13404974,0.01252847
2023-01-30 11:00:00+00:00,-0.11548014,-0.13546276,-0.1582945,-0.13759936,-0.13864729,-0.14820942,-0.13759314,-0.12991942,-0.121579975,-0.13516992,-0.1357956,0.0121323895
2023-01-30 12:00:00+00:00,-0.11668222,-0.13841555,-0.15516971,-0.13930996,-0.13934512,-0.15328628,-0.13867551,-0.12962814,-0.12311605,-0.13651039,-0.13701388,0.011884566
2023-01-30 13:00:00+00:00,-0.11205237,-0.13838832,-0.14913327,-0.13824923,-0.13448425,-0.15505308,-0.1358083,-0.12691242,-0.12107209,-0.13277152,-0.13439247,0.012525962
2023-01-30 14:00:00+00:00,-0.1064102,-0.13489138,-0.14189091,-0.1321745,-0.1261557,-0.15290967,-0.13044223,-0.12148996,-0.116563775,-0.12724239,-0.12901707,0.012983963
2023-01-30 15:00:00+00:00,-0.101678185,-0.13050583,-0.13532463,-0.12702528,-0.11940752,-0.14780831,-0.124377035,-0.11611768,-0.11198677,-0.12196179,-0.1236193,0.012802826
2023-01-30 16:00:00+00:00,-0.10268605,-0.1302775,-0.13467103,-0.12731105,-0.11885184,-0.14751127,-0.12311081,-0.1170558,-0.11224855,-0.12204098,-0.1235765,0.012413981
2023-01-30 17:00:00+00:00,-0.104345135,-0.13195683,-0.13541283,-0.12860882,-0.11949559,-0.14856514,-0.12391953,-0.11889511,-0.11324696,-0.12329093,-0.12477368,0.01229754
2023-01-30 18:00:00+00:00,-0.10452354,-0.13125092,-0.13379136,-0.12802252,-0.11833655,-0.14744091,-0.1222934,-0.11944238,-0.11216332,-0.12215934,-0.12394242,0.011984512
2023-01-30 19:00:00+00:00,-0.10765606,-0.13487339,-0.13571398,-0.13127625,-0.121223174,-0.1504961,-0.12544285,-0.1224153,-0.1146011,-0.125418,-0.12691161,0.011997398
2023-01-30 20:00:00+00:00,-0.113485724,-0.1411195,-0.14022687,-0.13655466,-0.12674987,-0.1551468,-0.1320471,-0.12750547,-0.11950874,-0.1306153,-0.13229601,0.011808585
2023-01-30 21:00:00+00:00,-0.11688493,-0.14452453,-0.14362976,-0.14052546,-0.13122004,-0.15860075,-0.13534974,-0.13064979,-0.123181745,-0.13393512,-0.13585018,0.011774655
2023-01-30 22:00:00+00:00,-0.11961389,-0.14700928,-0.14764376,-0.14425656,-0.13556102,-0.16170776,-0.13781437,-0.13354412,-0.12674609,-0.13715874,-0.13910556,0.011805809
2023-01-30 23:00:00+00:00,-0.12094859,-0.14713201,-0.15111636,-0.14676136,-0.13759209,-0.16359341,-0.13876347,-0.13480568,-0.12879394,-0.13834669,-0.14078537,0.01200097
2023-01-31 00:00:00+00:00,-0.11937905,-0.14403352,-0.15245081,-0.14656872,-0.13503361,-0.16192055,-0.13576385,-0.13177413,-0.12824067,-0.13563348,-0.13907984,0.012379779
2023-01-31 01:00:00+00:00,-0.11923156,-0.14287949,-0.1524264,-0.14721486,-0.13551763,-0.16133073,-0.13561101,-0.13236743,-0.1283053,-0.13517377,-0.13900581,0.012242344
2023-01-31 02:00:00+00:00,-0.11920831,-0.14189647,-0.15200594,-0.14785203,-0.1361704,-0.16076681,-0.13693061,-0.13338533,-0.12859263,-0.13439043,-0.1391199,0.011993696
2023-01-31 03:00:00+00:00,-0.11830706,-0.14120363,-0.15088592,-0.14767113,-0.13599728,-0.15946811,-0.13780344,-0.13340275,-0.12804928,-0.13278446,-0.13855731,0.011864184
2023-01-31 04:00:00+00:00,-0.12059165,-0.1439075,-0.15126686,-0.1513651,-0.1408456,-0.1583505,-0.14152369,-0.13780388,-0.13080317,-0.13508852,-0.14115466,0.010995115
2023-01-31 05:00:00+00:00,-0.12142629,-0.14466944,-0.1504548,-0.15358278,-0.14345805,-0.15630874,-0.14495906,-0.14010984,-0.13180633,-0.1352992,-0.14220746,0.010560008
2023-01-31 06:00:00+00:00,-0.1243276,-0.14657138,-0.15199512,-0.15843047,-0.14874251,-0.15593323,-0.14897631,-0.14410073,-0.13460329,-0.13870785,-0.14523885,0.010308576
2023-01-31 07:00:00+00:00,-0.1266822,-0.14768693,-0.15422997,-0.16141978,-0.15205044,-0.15687475,-0.15068194,-0.14687178,-0.13759378,-0.14194565,-0.14760372,0.010113009
2023-01-31 08:00:00+00:00,-0.12603395,-0.14731613,-0.15318099,-0.1602835,-0.1507421,-0.15764871,-0.1498758,-0.14599985,-0.13743712,-0.14067724,-0.14691953,0.010123468
2023-01-31 09:00:00+00:00,-0.12677777,-0.14756614,-0.1535603,-0.16006985,-0.1504123,-0.16028273,-0.14811221,-0.14598256,-0.13860106,-0.1420856,-0.14734504,0.010038634
2023-01-31 10:00:00+00:00,-0.12944461,-0.14899366,-0.15530643,-0.16251352,-0.15209536,-0.16401052,-0.14691229,-0.1476243,-0.1420255,-0.14617369,-0.14951,0.009999881
2023-01-31 11:00:00+00:00,-0.1331559,-0.15098876,-0.15746531,-0.16560316,-0.15513988,-0.16752008,-0.14870556,-0.15009777,-0.14569232,-0.15129015,-0.1525659,0.00985072
2023-01-31 12:00:00+00:00,-0.13690409,-0.15305033,-0.1590445,-0.16795099,-0.1580605,-0.17079562,-0.15197569,-0.1518295,-0.14884469,-0.1558094,-0.15542653,0.009604049
2023-01-31 13:00:00+00:00,-0.13995346,-0.15480877,-0.15962914,-0.1696502,-0.16027185,-0.17414081,-0.15478045,-0.15654683,-0.15133399,-0.1594913,-0.1580607,0.009422372
2023-01-31 14:00:00+00:00,-0.14148867,-0.15559255,-0.15948847,-0.17061731,-0.16100799,-0.17661148,-0.15577419,-0.15943599,-0.15237594,-0.16127804,-0.15936705,0.009579902
2023-01-31 15:00:00+00:00,-0.14195052,-0.15570873,-0.15880644,-0.17135057,-0.16095257,-0.17835984,-0.1559489,-0.16107729,-0.15228227,-0.16187677,-0.15983137,0.009960048
2023-01-31 16:00:00+00:00,-0.13851547,-0.15447958,-0.15679264,-0.16863161,-0.15773785,-0.17928937,-0.15317458,-0.15960965,-0.14870349,-0.15847635,-0.15754107,0.010904924
2023-01-31 17:00:00+00:00,-0.13650179,-0.15430798,-0.15491615,-0.16527611,-0.15453215,-0.17915422,-0.15127437,-0.15840203,-0.14514653,-0.15647337,-0.15559846,0.01131885
2023-01-31 18:00:00+00:00,-0.13300125,-0.15320095,-0.15238222,-0.16018966,-0.15006779,-0.17531586,-0.1479097,-0.15523925,-0.13971314,-0.1526754,-0.15196952,0.011331427
2023-01-31 19:00:00+00:00,-0.13071835,-0.15182273,-0.15006317,-0.1554861,-0.14592272,-0.17148474,-0.14455266,-0.15160555,-0.13488993,-0.14899084,-0.1485537,0.011175814
2023-01-31 20:00:00+00:00,-0.13084924,-0.15184219,-0.1490322,-0.15484697,-0.14550155,-0.17115903,-0.1441968,-0.1511254,-0.13415724,-0.14873509,-0.14814457,0.011133663
2023-01-31 21:00:00+00:00,-0.12948662,-0.15076207,-0.1480644,-0.15297171,-0.14402853,-0.16967282,-0.142823,-0.1495856,-0.1325799,-0.14688487,-0.14668596,0.011113812
2023-01-31 22:00:00+00:00,-0.12758458,-0.14954147,-0.14766769,-0.1510694,-0.14152856,-0.167983,-0.14134553,-0.14778857,-0.13161427,-0.14484906,-0.14509721,0.011097459
2023-01-31 23:00:00+00:00,-0.12354845,-0.14589271,-0.14507367,-0.14700267,-0.13624208,-0.16435352,-0.13739279,-0.14309695,-0.12801194,-0.14007093,-0.14106856,0.011235171
2023-02-01 00:00:00+00:00,-0.120268114,-0.14260693,-0.14269806,-0.14359456,-0.1316792,-0.16057289,-0.1335938,-0.13862844,-0.12461,-0.13525838,-0.13735104,0.011259113
2023-02-01 01:00:00+00:00,-0.11853822,-0.14077678,-0.14124177,-0.14177379,-0.1288301,-0.15822777,-0.13129611,-0.13592598,-0.12274619,-0.13241589,-0.13517727,0.011244247
2023-02-01 02:00:00+00:00,-0.11693502,-0.13929887,-0.14038073,-0.14042097,-0.1266883,-0.15642723,-0.12948881,-0.13370737,-0.12132789,-0.12999861,-0.13346738,0.011313065
2023-02-01 03:00:00+00:00,-0.117432155,-0.1398298,-0.14046459,-0.1405538,-0.1265244,-0.15662807,-0.12979794,-0.13409251,-0.121627614,-0.13062786,-0.13375787,0.011267774
2023-02-01 04:00:00+00:00,-0.11821747,-0.14079838,-0.14095259,-0.14131826,-0.12761581,-0.15757501,-0.13102604,-0.13520108,-0.12245934,-0.13193735,-0.13471013,0.011236973
2023-02-01 05:00:00+00:00,-0.11889819,-0.14150073,-0.1422549,-0.14271635,-0.12949164,-0.15890983,-0.13230011,-0.13650568,-0.123877846,-0.1330971,-0.13595524,0.011271794
2023-02-01 06:00:00+00:00,-0.12111383,-0.14362581,-0.14449227,-0.14558825,-0.13268769,-0.1615966,-0.1347484,-0.13964261,-0.12678997,-0.13620342,-0.13864888,0.011252143
2023-02-01 07:00:00+00:00,-0.12120981,-0.14349693,-0.14579397,-0.1469523,-0.1334191,-0.16206905,-0.13480024,-0.13996808,-0.1278907,-0.13612969,-0.139173,0.011349836
2023-02-01 08:00:00+00:00,-0.12106821,-0.14323694,-0.14547324,-0.14642283,-0.1328475,-0.16163257,-0.13446555,-0.13968243,-0.12747094,-0.13576007,-0.13880603,0.0113071045
2023-02-01 09:00:00+00:00,-0.119446404,-0.14139464,-0.14471233,-0.14511633,-0.13084136,-0.1598846,-0.13230199,-0.13734706,-0.12592813,-0.13303751,-0.13700104,0.011425652
2023-02-01 10:00:00+00:00,-0.11834801,-0.1401512,-0.14333577,-0.14357737,-0.12905213,-0.15835574,-0.1307253,-0.13575989,-0.1243568,-0.1313334,-0.13549955,0.011405771
2023-02-01 11:00:00+00:00,-0.11730645,-0.13902806,-0.14141935,-0.14137623,-0.12688836,-0.15662587,-0.1292114,-0.13397065,-0.12206617,-0.12973021,-0.13376227,0.01134769
2023-02-01 12:00:00+00:00,-0.11619562,-0.13771136,-0.13953964,-0.13954213,-0.12441816,-0.15467411,-0.12754023,-0.13193022,-0.12013672,-0.1275848,-0.1319273,0.0112930685
2023-02-01 13:00:00+00:00,-0.111458845,-0.13285503,-0.13412641,-0.13415372,-0.118177876,-0.148929,-0.122253336,-0.12497096,-0.11436412,-0.12098434,-0.12622736,0.011318682
2023-02-01 14:00:00+00:00,-0.10796392,-0.12962955,-0.13050912,-0.13081855,-0.114424974,-0.14514133,-0.11909925,-0.1201586,-0.11075469,-0.116497494,-0.12249975,0.011374133
2023-02-01 15:00:00+00:00,-0.10684694,-0.12809823,-0.12985346,-0.12987569,-0.11324726,-0.1435901,-0.117875665,-0.118311316,-0.10957278,-0.11462311,-0.12118945,0.011382981
2023-02-01 16:00:00+00:00,-0.102900304,-0.12447009,-0.12740925,-0.12666383,-0.10984438,-0.13938576,-0.114316314,-0.11304814,-0.1063546,-0.10979799,-0.117419064,0.011522576
2023-02-01 17:00:00+00:00,-0.10080835,-0.12212881,-0.12603089,-0.12489858,-0.10755295,-0.13618352,-0.112148084,-0.1096814,-0.10459919,-0.10679706,-0.1150829,0.011488654
2023-02-01 18:00:00+00:00,-0.098899715,-0.12016458,-0.1245516,-0.12322688,-0.1054044,-0.13326874,-0.1108247,-0.10675056,-0.10295666,-0.10421651,-0.113026425,0.011443057
2023-02-01 19:00:00+00:00,-0.0978588,-0.11885224,-0.123008266,-0.12189984,-0.10357323,-0.1310322,-0.10897981,-0.10539638,-0.1015055,-0.10230533,-0.11144116,0.011319
2023-02-01 20:00:00+00:00,-0.09550681,-0.11675649,-0.12030657,-0.11895183,-0.100963846,-0.12778872,-0.1053057,-0.10260923,-0.09897059,-0.0997741,-0.10869338,0.011185101
2023-02-01 21:00:00+00:00,-0.096700996,-0.118763275,-0.12029742,-0.11809626,-0.10167759,-0.13124216,-0.104764566,-0.10281977,-0.098471366,-0.1021078,-0.10949411,0.011630128
2023-02-01 22:00:00+00:00,-0.095954284,-0.11836626,-0.11928132,-0.11595616,-0.09996268,-0.13035429,-0.1020761,-0.10129839,-0.09658746,-0.10102839,-0.10808654,0.0118613215
2023-02-01 23:00:00+00:00,-0.09334492,-0.11603971,-0.11773755,-0.11281207,-0.097141795,-0.12740222,-0.09815606,-0.098478675,-0.093293235,-0.09782977,-0.105223596,0.012119444
2023-02-02 00:00:00+00:00,-0.09364644,-0.11632363,-0.11768159,-0.11252174,-0.097152576,-0.12768435,-0.09799349,-0.0986697,-0.09320104,-0.09813031,-0.105300486,0.012135157
2023-02-02 01:00:00+00:00,-0.09749972,-0.119564384,-0.119654395,-0.11613369,-0.100429684,-0.13168594,-0.10231356,-0.10310976,-0.09683571,-0.10259979,-0.10898267,0.011854224
2023-02-02 02:00:00+00:00,-0.09873416,-0.120541506,-0.12017059,-0.11688924,-0.1014096,-0.13293456,-0.10319926,-0.10449435,-0.09764871,-0.1039037,-0.10999256,0.011808729
2023-02-02 03:00:00+00:00,-0.09658315,-0.11825805,-0.1186058,-0.11393407,-0.09867974,-0.13011637,-0.09957275,-0.10102505,-0.09468561,-0.10084107,-0.107230164,0.012025597
2023-02-02 04:00:00+00:00,-0.0949129,-0.116599664,-0.116906434,-0.110459834,-0.09657894,-0.12816119,-0.09613998,-0.09815177,-0.09151125,-0.09882989,-0.104825184,0.012294258
2023-02-02 05:00:00+00:00,-0.09582457,-0.116182484,-0.11660497,-0.1094687,-0.09618724,-0.12768298,-0.09495225,-0.097498275,-0.09050262,-0.098544486,-0.10434486,0.012296578
2023-02-02 06:00:00+00:00,-0.096913636,-0.11650137,-0.116801806,-0.109346926,-0.09696965,-0.12841052,-0.09516895,-0.098083474,-0.09059937,-0.09944884,-0.104824446,0.012250901
2023-02-02 07:00:00+00:00,-0.09853848,-0.11817303,-0.11755673,-0.11148247,-0.09918572,-0.13064897,-0.09668589,-0.10060939,-0.09201164,-0.10183837,-0.10667308,0.0122281695
2023-02-02 08:00:00+00:00,-0.100946225,-0.120044276,-0.118891194,-0.11393911,-0.101549566,-0.13302687,-0.0992042,-0.10362638,-0.094428055,-0.104503,-0.1090159,0.012015105
2023-02-02 09:00:00+00:00,-0.10070932,-0.11873505,-0.11912548,-0.11334205,-0.10052763,-0.13157886,-0.099120885,-0.10211357,-0.09410223,-0.10287363,-0.108222865,0.011855275
2023-02-02 10:00:00+00:00,-0.102956735,-0.12047815,-0.12068431,-0.11607027,-0.10279608,-0.1338427,-0.10248439,-0.10509376,-0.09691189,-0.10530638,-0.110662475,0.0115482975
2023-02-02 11:00:00+00:00,-0.10327527,-0.12040993,-0.121592365,-0.117343426,-0.10324534,-0.13407975,-0.103959695,-0.105522424,-0.09819847,-0.10560385,-0.11132306,0.01137731
2023-02-02 12:00:00+00:00,-0.10260113,-0.11929261,-0.12248461,-0.11828923,-0.10270621,-0.13297439,-0.10476284,-0.104751825,-0.09930065,-0.104624115,-0.11117877,0.011210844
2023-02-02 13:00:00+00:00,-0.10163639,-0.11859432,-0.12374309,-0.11962089,-0.10333795,-0.13307619,-0.10606466,-0.10502079,-0.100613505,-0.10451581,-0.111622356,0.011226364
2023-02-02 14:00:00+00:00,-0.1034095,-0.1197571,-0.12576064,-0.12226674,-0.105375856,-0.13491517,-0.10835562,-0.10739115,-0.10353437,-0.10658226,-0.11373484,0.011071284
2023-02-02 15:00:00+00:00,-0.10430974,-0.120210476,-0.12824528,-0.12542832,-0.10726184,-0.13558069,-0.110442415,-0.10989812,-0.10665356,-0.106948696,-0.11549791,0.010994292
2023-02-02 16:00:00+00:00,-0.10397428,-0.12034131,-0.12877199,-0.12630093,-0.10771788,-0.13514268,-0.11170071,-0.11043933,-0.10766568,-0.10642307,-0.11584778,0.010944736
2023-02-02 17:00:00+00:00,-0.103541076,-0.120730124,-0.12797526,-0.12612635,-0.10741019,-0.13496655,-0.1116572,-0.11021209,-0.10720577,-0.106550165,-0.11563748,0.010927778
2023-02-02 18:00:00+00:00,-0.101100445,-0.12006116,-0.12469147,-0.122911185,-0.10542801,-0.1338149,-0.10880816,-0.10730934,-0.10336135,-0.10557795,-0.1133064,0.011125463
2023-02-02 19:00:00+00:00,-0.09935709,-0.119154714,-0.12171959,-0.12013939,-0.10252974,-0.13143325,-0.105802596,-0.104976304,-0.100522466,-0.1031949,-0.11088301,0.011173466
2023-02-02 20:00:00+00:00,-0.09518155,-0.1164832,-0.11890055,-0.11480969,-0.09802363,-0.12774646,-0.09952234,-0.10027672,-0.095118076,-0.098542325,-0.10646045,0.011804572
2023-02-02 21:00:00+00:00,-0.088751726,-0.11080995,-0.113951445,-0.10720661,-0.09103125,-0.120394,-0.09006407,-0.09313126,-0.08822078,-0.090480305,-0.09940414,0.01228385
2023-02-02 22:00:00+00:00,-0.081586905,-0.10456616,-0.108006194,-0.09846547,-0.08311586,-0.11241878,-0.08009261,-0.08511497,-0.080393896,-0.081122644,-0.09148835,0.012909023
2023-02-02 23:00:00+00:00,-0.07429288,-0.097951084,-0.10118893,-0.0891023,-0.07601055,-0.10565028,-0.07072701,-0.076916486,-0.07249798,-0.07308573,-0.08374233,0.013416498
2023-02-03 00:00:00+00:00,-0.067631915,-0.088878036,-0.09552597,-0.08165765,-0.069736265,-0.09790418,-0.06416904,-0.06870677,-0.065153636,-0.06714591,-0.07665093,0.013136602
2023-02-03 01:00:00+00:00,-0.05835294,-0.07814756,-0.08941481,-0.07319778,-0.06345515,-0.08825392,-0.05639483,-0.059606608,-0.057351302,-0.05835717,-0.068253204,0.013010225
2023-02-03 02:00:00+00:00,-0.052013434,-0.067358024,-0.08261357,-0.06713778,-0.05951076,-0.077812515,-0.049771816,-0.052146986,-0.04916437,-0.05012975,-0.060765903,0.012351449
2023-02-03 03:00:00+00:00,-0.049044784,-0.058343127,-0.07351702,-0.064099014,-0.05575805,-0.06772002,-0.044115067,-0.044735625,-0.040885,-0.042244934,-0.054046266,0.011601506
2023-02-03 04:00:00+00:00,-0.04219833,-0.05127143,-0.060356587,-0.059433132,-0.04926323,-0.0567377,-0.037479848,-0.036930367,-0.0327529,-0.032088704,-0.045851223,0.010946272
2023-02-03 05:00:00+00:00,-0.03851837,-0.045151755,-0.048611864,-0.056067377,-0.042579398,-0.046543382,-0.03174135,-0.02959533,-0.026282154,-0.024153896,-0.03892449,0.010618136
2023-02-03 06:00:00+00:00,-0.039084196,-0.044979893,-0.047769144,-0.056966513,-0.04244583,-0.046207808,-0.03175786,-0.028646484,-0.025977917,-0.02446758,-0.03883032,0.010746615
2023-02-03 07:00:00+00:00,-0.040889673,-0.046205252,-0.04835689,-0.05889952,-0.04362449,-0.047340997,-0.033103168,-0.029088505,-0.027421102,-0.02643942,-0.040136904,0.010759548
2023-02-03 08:00:00+00:00,-0.042990923,-0.048466116,-0.051857717,-0.060504884,-0.045942005,-0.050185166,-0.0351229,-0.031132355,-0.02973269,-0.029651754,-0.04255865,0.010698804
2023-02-03 09:00:00+00:00,-0.049029924,-0.054690957,-0.059540838,-0.06716463,-0.05249986,-0.057894044,-0.04107018,-0.035168946,-0.03568515,-0.038293637,-0.049103815,0.011109495
2023-02-03 10:00:00+00:00,-0.0527181,-0.058283098,-0.06484213,-0.07038936,-0.05759474,-0.065166555,-0.044757545,-0.037643075,-0.038806915,-0.04404328,-0.053424485,0.011659002
2023-02-03 11:00:00+00:00,-0.059117876,-0.06524622,-0.07271978,-0.076297045,-0.06465167,-0.07510229,-0.051272392,-0.045354337,-0.044995412,-0.053475805,-0.060823284,0.011818048
2023-02-03 12:00:00+00:00,-0.060903765,-0.07045852,-0.07785932,-0.0799205,-0.069367185,-0.08138957,-0.054855235,-0.05083417,-0.04896044,-0.05914066,-0.065368935,0.012092575
2023-02-03 13:00:00+00:00,-0.06974405,-0.080583215,-0.088100284,-0.08669716,-0.07808093,-0.09276668,-0.06365095,-0.062573895,-0.05917563,-0.070980094,-0.075235285,0.0117455
2023-02-03 14:00:00+00:00,-0.077632934,-0.094021454,-0.097430594,-0.09227654,-0.08477301,-0.10456786,-0.07263237,-0.07552777,-0.06885661,-0.081581675,-0.08493008,0.011742645
2023-02-03 15:00:00+00:00,-0.08314574,-0.1030675,-0.104173735,-0.09845558,-0.09023816,-0.11583961,-0.08074306,-0.08544289,-0.076353535,-0.08941979,-0.092687964,0.012376697
2023-02-03 16:00:00+00:00,-0.090717554,-0.112647414,-0.10999404,-0.1071296,-0.0976809,-0.12781897,-0.09081755,-0.096789785,-0.08528629,-0.09917223,-0.10180543,0.012716184
2023-02-03 17:00:00+00:00,-0.09723087,-0.12036983,-0.115960054,-0.11364284,-0.10405729,-0.13608223,-0.10039029,-0.105010785,-0.092491604,-0.106266655,-0.10915025,0.012760507
2023-02-03 18:00:00+00:00,-0.101084046,-0.12308434,-0.121262126,-0.116179734,-0.107022695,-0.13826275,-0.10572085,-0.10857607,-0.09658427,-0.1092185,-0.112699546,0.012253898
2023-02-03 19:00:00+00:00,-0.10463094,-0.1244362,-0.12621278,-0.1200743,-0.11048901,-0.1411207,-0.11122675,-0.11266866,-0.10093351,-0.11265092,-0.11644437,0.01179863
2023-02-03 20:00:00+00:00,-0.106966846,-0.12581995,-0.12997521,-0.1238485,-0.1135475,-0.14342818,-0.11467588,-0.11598476,-0.104306296,-0.115121044,-0.119367406,0.011638673
2023-02-03 21:00:00+00:00,-0.10948865,-0.12746848,-0.13306795,-0.12717795,-0.11610052,-0.14568204,-0.11721947,-0.11923066,-0.10756199,-0.117414825,-0.12204125,0.0115054445
2023-02-03 22:00:00+00:00,-0.11059285,-0.12810652,-0.13440077,-0.12874612,-0.1172197,-0.14667374,-0.11849989,-0.12057946,-0.10905991,-0.11844892,-0.1232328,0.011438113
2023-02-03 23:00:00+00:00,-0.11451817,-0.13141537,-0.13721095,-0.13375416,-0.12161875,-0.15062207,-0.12296782,-0.12587604,-0.11322613,-0.12291173,-0.12741211,0.011226905
2023-02-04 00:00:00+00:00,-0.1193786,-0.13544422,-0.14065646,-0.13953748,-0.12728262,-0.15557733,-0.1285814,-0.1323651,-0.11862719,-0.12837085,-0.13258213,0.010961998
2023-02-04 01:00:00+00:00,-0.12088132,-0.13747342,-0.14046443,-0.14106828,-0.12852715,-0.15703008,-0.13002354,-0.13425969,-0.11945997,-0.13114846,-0.13403364,0.010912085
2023-02-04 02:00:00+00:00,-0.119602844,-0.1372708,-0.13898015,-0.139247,-0.1269701,-0.15593511,-0.12896244,-0.13303338,-0.117834434,-0.13054562,-0.13283819,0.010989638
2023-02-04 03:00:00+00:00,-0.11862369,-0.13698508,-0.13796028,-0.13751122,-0.12580729,-0.15513939,-0.12820329,-0.13201618,-0.11657654,-0.12973663,-0.13185595,0.011058783
2023-02-04 04:00:00+00:00,-0.119707935,-0.13845445,-0.138474,-0.13854131,-0.12701675,-0.15631437,-0.12993811,-0.13365577,-0.11811259,-0.13126977,-0.13314852,0.010957867
2023-02-04 05:00:00+00:00,-0.12066107,-0.13987678,-0.1397568,-0.13977647,-0.12880282,-0.15776694,-0.13128921,-0.13558204,-0.120103255,-0.1328188,-0.13464342,0.010909099
2023-02-04 06:00:00+00:00,-0.11945748,-0.13955851,-0.13880707,-0.13823816,-0.12784222,-0.15707731,-0.13053328,-0.13462347,-0.119498506,-0.13196959,-0.13376054,0.010955373
2023-02-04 07:00:00+00:00,-0.11852918,-0.13953674,-0.138655,-0.13814881,-0.12752137,-0.15680614,-0.13023782,-0.13417542,-0.11937741,-0.1315983,-0.13345861,0.01106455
2023-02-04 08:00:00+00:00,-0.11854996,-0.1404666,-0.13893104,-0.1391392,-0.12797754,-0.15739453,-0.13087219,-0.1350625,-0.12039849,-0.13240069,-0.13411927,0.011121301
2023-02-04 09:00:00+00:00,-0.117722094,-0.14069839,-0.13784604,-0.13854063,-0.1273017,-0.15688807,-0.13083434,-0.13438047,-0.11993351,-0.13218747,-0.13363327,0.011175129
2023-02-04 10:00:00+00:00,-0.116809465,-0.14040682,-0.13709545,-0.13775843,-0.12589961,-0.15586469,-0.13015658,-0.13306035,-0.119429044,-0.13124736,-0.13277277,0.011177528
2023-02-04 11:00:00+00:00,-0.112473495,-0.13685557,-0.13225974,-0.13359949,-0.119285345,-0.15094152,-0.12546447,-0.12707293,-0.11511431,-0.125334,-0.12784009,0.011310924
2023-02-04 12:00:00+00:00,-0.10251562,-0.12957625,-0.12634125,-0.12576064,-0.110040784,-0.14200303,-0.11506428,-0.11574196,-0.106794424,-0.11447888,-0.11883172,0.011962149
